instance,family,params,sum_a,sum_a_capped,or_states,exact_ms,exact_size,exact_vmass,playouts,mcgs_ms,mcgs_size,mcgs_vmass,certified
dec-000,dec,d_b=3;m=2;gap=2;k=1;q=0;s=3,6,false,7,0.032,5,2,1,0.025,7,6,false
dec-000,dec,d_b=3;m=2;gap=2;k=1;q=0;s=3,6,false,7,0.032,5,2,2,0.048,5,2,false
dec-000,dec,d_b=3;m=2;gap=2;k=1;q=0;s=3,6,false,7,0.032,5,2,4,0.054,5,2,false
dec-000,dec,d_b=3;m=2;gap=2;k=1;q=0;s=3,6,false,7,0.032,5,2,8,0.064,5,2,true
dec-000,dec,d_b=3;m=2;gap=2;k=1;q=0;s=3,6,false,7,0.032,5,2,16,0.081,5,2,true
dec-000,dec,d_b=3;m=2;gap=2;k=1;q=0;s=3,6,false,7,0.032,5,2,32,0.069,5,2,true
dec-000,dec,d_b=3;m=2;gap=2;k=1;q=0;s=3,6,false,7,0.032,5,2,64,0.087,5,2,true
dec-000,dec,d_b=3;m=2;gap=2;k=1;q=0;s=3,6,false,7,0.032,5,2,128,0.078,5,2,true
dec-000,dec,d_b=3;m=2;gap=2;k=1;q=0;s=3,6,false,7,0.032,5,2,256,0.065,5,2,true
dec-000,dec,d_b=3;m=2;gap=2;k=1;q=0;s=3,6,false,7,0.032,5,2,512,0.110,5,2,true
dec-000,dec,d_b=3;m=2;gap=2;k=1;q=0;s=3,6,false,7,0.032,5,2,1024,0.062,5,2,true
dec-000,dec,d_b=3;m=2;gap=2;k=1;q=0;s=3,6,false,7,0.032,5,2,2048,0.080,5,2,true
dec-000,dec,d_b=3;m=2;gap=2;k=1;q=0;s=3,6,false,7,0.032,5,2,4096,0.074,5,2,true
dec-000,dec,d_b=3;m=2;gap=2;k=1;q=0;s=3,6,false,7,0.032,5,2,8192,0.071,5,2,true
dec-000,dec,d_b=3;m=2;gap=2;k=1;q=0;s=3,6,false,7,0.032,5,2,16384,0.110,5,2,true
mixed-000-0,mixed,seed=0x6831f9b62d8166c8;cycles=6;planted=1;d_b=4;m=2;gap=1;k=2,13989,false,3154,0.147,17,8,1,0.083,18,12,false
mixed-000-0,mixed,seed=0x6831f9b62d8166c8;cycles=6;planted=1;d_b=4;m=2;gap=1;k=2,13989,false,3154,0.147,17,8,2,0.100,18,12,false
mixed-000-0,mixed,seed=0x6831f9b62d8166c8;cycles=6;planted=1;d_b=4;m=2;gap=1;k=2,13989,false,3154,0.147,17,8,4,0.114,18,12,false
mixed-000-0,mixed,seed=0x6831f9b62d8166c8;cycles=6;planted=1;d_b=4;m=2;gap=1;k=2,13989,false,3154,0.147,17,8,8,0.142,18,12,false
mixed-000-0,mixed,seed=0x6831f9b62d8166c8;cycles=6;planted=1;d_b=4;m=2;gap=1;k=2,13989,false,3154,0.147,17,8,16,0.215,17,8,false
mixed-000-0,mixed,seed=0x6831f9b62d8166c8;cycles=6;planted=1;d_b=4;m=2;gap=1;k=2,13989,false,3154,0.147,17,8,32,0.359,17,8,false
mixed-000-0,mixed,seed=0x6831f9b62d8166c8;cycles=6;planted=1;d_b=4;m=2;gap=1;k=2,13989,false,3154,0.147,17,8,64,0.563,17,8,false
mixed-000-0,mixed,seed=0x6831f9b62d8166c8;cycles=6;planted=1;d_b=4;m=2;gap=1;k=2,13989,false,3154,0.147,17,8,128,0.988,17,8,false
mixed-000-0,mixed,seed=0x6831f9b62d8166c8;cycles=6;planted=1;d_b=4;m=2;gap=1;k=2,13989,false,3154,0.147,17,8,256,1.452,17,8,false
mixed-000-0,mixed,seed=0x6831f9b62d8166c8;cycles=6;planted=1;d_b=4;m=2;gap=1;k=2,13989,false,3154,0.147,17,8,512,2.523,17,8,false
mixed-000-0,mixed,seed=0x6831f9b62d8166c8;cycles=6;planted=1;d_b=4;m=2;gap=1;k=2,13989,false,3154,0.147,17,8,1024,3.919,17,8,false
mixed-000-0,mixed,seed=0x6831f9b62d8166c8;cycles=6;planted=1;d_b=4;m=2;gap=1;k=2,13989,false,3154,0.147,17,8,2048,7.822,17,8,false
mixed-000-0,mixed,seed=0x6831f9b62d8166c8;cycles=6;planted=1;d_b=4;m=2;gap=1;k=2,13989,false,3154,0.147,17,8,4096,15.784,17,8,false
mixed-000-0,mixed,seed=0x6831f9b62d8166c8;cycles=6;planted=1;d_b=4;m=2;gap=1;k=2,13989,false,3154,0.147,17,8,8192,33.199,17,8,false
mixed-000-0,mixed,seed=0x6831f9b62d8166c8;cycles=6;planted=1;d_b=4;m=2;gap=1;k=2,13989,false,3154,0.147,17,8,16384,63.349,17,8,true
dec-001,dec,d_b=3;m=2;gap=2;k=2;q=0;s=3,9,false,10,0.019,5,2,1,0.009,7,6,false
dec-001,dec,d_b=3;m=2;gap=2;k=2;q=0;s=3,9,false,10,0.019,5,2,2,0.013,7,6,false
dec-001,dec,d_b=3;m=2;gap=2;k=2;q=0;s=3,9,false,10,0.019,5,2,4,0.019,5,2,false
dec-001,dec,d_b=3;m=2;gap=2;k=2;q=0;s=3,9,false,10,0.019,5,2,8,0.032,5,2,false
dec-001,dec,d_b=3;m=2;gap=2;k=2;q=0;s=3,9,false,10,0.019,5,2,16,0.036,5,2,true
dec-001,dec,d_b=3;m=2;gap=2;k=2;q=0;s=3,9,false,10,0.019,5,2,32,0.033,5,2,true
dec-001,dec,d_b=3;m=2;gap=2;k=2;q=0;s=3,9,false,10,0.019,5,2,64,0.032,5,2,true
dec-001,dec,d_b=3;m=2;gap=2;k=2;q=0;s=3,9,false,10,0.019,5,2,128,0.033,5,2,true
dec-001,dec,d_b=3;m=2;gap=2;k=2;q=0;s=3,9,false,10,0.019,5,2,256,0.030,5,2,true
dec-001,dec,d_b=3;m=2;gap=2;k=2;q=0;s=3,9,false,10,0.019,5,2,512,0.031,5,2,true
dec-001,dec,d_b=3;m=2;gap=2;k=2;q=0;s=3,9,false,10,0.019,5,2,1024,0.030,5,2,true
dec-001,dec,d_b=3;m=2;gap=2;k=2;q=0;s=3,9,false,10,0.019,5,2,2048,0.031,5,2,true
dec-001,dec,d_b=3;m=2;gap=2;k=2;q=0;s=3,9,false,10,0.019,5,2,4096,0.039,5,2,true
dec-001,dec,d_b=3;m=2;gap=2;k=2;q=0;s=3,9,false,10,0.019,5,2,8192,0.036,5,2,true
dec-001,dec,d_b=3;m=2;gap=2;k=2;q=0;s=3,9,false,10,0.019,5,2,16384,0.031,5,2,true
mixed-000-1,mixed,seed=0xda19217c7f37389d;cycles=6;planted=1;d_b=4;m=2;gap=1;k=2,26302,false,5761,0.139,38,6,1,0.154,39,10,false
mixed-000-1,mixed,seed=0xda19217c7f37389d;cycles=6;planted=1;d_b=4;m=2;gap=1;k=2,26302,false,5761,0.139,38,6,2,0.180,39,10,false
mixed-000-1,mixed,seed=0xda19217c7f37389d;cycles=6;planted=1;d_b=4;m=2;gap=1;k=2,26302,false,5761,0.139,38,6,4,0.210,39,10,false
mixed-000-1,mixed,seed=0xda19217c7f37389d;cycles=6;planted=1;d_b=4;m=2;gap=1;k=2,26302,false,5761,0.139,38,6,8,0.317,39,10,false
mixed-000-1,mixed,seed=0xda19217c7f37389d;cycles=6;planted=1;d_b=4;m=2;gap=1;k=2,26302,false,5761,0.139,38,6,16,0.558,39,10,false
mixed-000-1,mixed,seed=0xda19217c7f37389d;cycles=6;planted=1;d_b=4;m=2;gap=1;k=2,26302,false,5761,0.139,38,6,32,1.036,38,6,false
mixed-000-1,mixed,seed=0xda19217c7f37389d;cycles=6;planted=1;d_b=4;m=2;gap=1;k=2,26302,false,5761,0.139,38,6,64,2.022,38,6,false
mixed-000-1,mixed,seed=0xda19217c7f37389d;cycles=6;planted=1;d_b=4;m=2;gap=1;k=2,26302,false,5761,0.139,38,6,128,3.766,38,6,false
mixed-000-1,mixed,seed=0xda19217c7f37389d;cycles=6;planted=1;d_b=4;m=2;gap=1;k=2,26302,false,5761,0.139,38,6,256,7.320,38,6,false
mixed-000-1,mixed,seed=0xda19217c7f37389d;cycles=6;planted=1;d_b=4;m=2;gap=1;k=2,26302,false,5761,0.139,38,6,512,14.025,38,6,false
mixed-000-1,mixed,seed=0xda19217c7f37389d;cycles=6;planted=1;d_b=4;m=2;gap=1;k=2,26302,false,5761,0.139,38,6,1024,27.406,38,6,false
mixed-000-1,mixed,seed=0xda19217c7f37389d;cycles=6;planted=1;d_b=4;m=2;gap=1;k=2,26302,false,5761,0.139,38,6,2048,55.130,38,6,false
mixed-000-1,mixed,seed=0xda19217c7f37389d;cycles=6;planted=1;d_b=4;m=2;gap=1;k=2,26302,false,5761,0.139,38,6,4096,111.338,38,6,false
mixed-000-1,mixed,seed=0xda19217c7f37389d;cycles=6;planted=1;d_b=4;m=2;gap=1;k=2,26302,false,5761,0.139,38,6,8192,225.351,38,6,false
mixed-000-1,mixed,seed=0xda19217c7f37389d;cycles=6;planted=1;d_b=4;m=2;gap=1;k=2,26302,false,5761,0.139,38,6,16384,494.450,38,6,false
dec-002,dec,d_b=3;m=2;gap=2;k=4;q=0;s=3,15,false,16,0.028,5,2,1,0.012,7,6,false
dec-002,dec,d_b=3;m=2;gap=2;k=4;q=0;s=3,15,false,16,0.028,5,2,2,0.014,7,6,false
dec-002,dec,d_b=3;m=2;gap=2;k=4;q=0;s=3,15,false,16,0.028,5,2,4,0.017,7,6,false
dec-002,dec,d_b=3;m=2;gap=2;k=4;q=0;s=3,15,false,16,0.028,5,2,8,0.034,5,2,false
dec-002,dec,d_b=3;m=2;gap=2;k=4;q=0;s=3,15,false,16,0.028,5,2,16,0.052,5,2,true
dec-002,dec,d_b=3;m=2;gap=2;k=4;q=0;s=3,15,false,16,0.028,5,2,32,0.050,5,2,true
dec-002,dec,d_b=3;m=2;gap=2;k=4;q=0;s=3,15,false,16,0.028,5,2,64,0.049,5,2,true
dec-002,dec,d_b=3;m=2;gap=2;k=4;q=0;s=3,15,false,16,0.028,5,2,128,0.047,5,2,true
dec-002,dec,d_b=3;m=2;gap=2;k=4;q=0;s=3,15,false,16,0.028,5,2,256,0.046,5,2,true
dec-002,dec,d_b=3;m=2;gap=2;k=4;q=0;s=3,15,false,16,0.028,5,2,512,0.046,5,2,true
dec-002,dec,d_b=3;m=2;gap=2;k=4;q=0;s=3,15,false,16,0.028,5,2,1024,0.046,5,2,true
dec-002,dec,d_b=3;m=2;gap=2;k=4;q=0;s=3,15,false,16,0.028,5,2,2048,0.047,5,2,true
dec-002,dec,d_b=3;m=2;gap=2;k=4;q=0;s=3,15,false,16,0.028,5,2,4096,0.046,5,2,true
dec-002,dec,d_b=3;m=2;gap=2;k=4;q=0;s=3,15,false,16,0.028,5,2,8192,0.046,5,2,true
dec-002,dec,d_b=3;m=2;gap=2;k=4;q=0;s=3,15,false,16,0.028,5,2,16384,0.048,5,2,true
mixed-000-2,mixed,seed=0x4c32cce1c3051888;cycles=6;planted=1;d_b=4;m=2;gap=1;k=2,47124,false,9184,0.166,35,10,1,0.115,36,14,false
mixed-000-2,mixed,seed=0x4c32cce1c3051888;cycles=6;planted=1;d_b=4;m=2;gap=1;k=2,47124,false,9184,0.166,35,10,2,0.160,36,14,false
mixed-000-2,mixed,seed=0x4c32cce1c3051888;cycles=6;planted=1;d_b=4;m=2;gap=1;k=2,47124,false,9184,0.166,35,10,4,0.220,36,14,false
mixed-000-2,mixed,seed=0x4c32cce1c3051888;cycles=6;planted=1;d_b=4;m=2;gap=1;k=2,47124,false,9184,0.166,35,10,8,0.304,36,14,false
mixed-000-2,mixed,seed=0x4c32cce1c3051888;cycles=6;planted=1;d_b=4;m=2;gap=1;k=2,47124,false,9184,0.166,35,10,16,0.429,36,14,false
mixed-000-2,mixed,seed=0x4c32cce1c3051888;cycles=6;planted=1;d_b=4;m=2;gap=1;k=2,47124,false,9184,0.166,35,10,32,0.738,36,14,false
mixed-000-2,mixed,seed=0x4c32cce1c3051888;cycles=6;planted=1;d_b=4;m=2;gap=1;k=2,47124,false,9184,0.166,35,10,64,1.338,36,14,false
mixed-000-2,mixed,seed=0x4c32cce1c3051888;cycles=6;planted=1;d_b=4;m=2;gap=1;k=2,47124,false,9184,0.166,35,10,128,2.013,35,10,false
mixed-000-2,mixed,seed=0x4c32cce1c3051888;cycles=6;planted=1;d_b=4;m=2;gap=1;k=2,47124,false,9184,0.166,35,10,256,4.491,35,10,false
mixed-000-2,mixed,seed=0x4c32cce1c3051888;cycles=6;planted=1;d_b=4;m=2;gap=1;k=2,47124,false,9184,0.166,35,10,512,5.997,35,10,false
mixed-000-2,mixed,seed=0x4c32cce1c3051888;cycles=6;planted=1;d_b=4;m=2;gap=1;k=2,47124,false,9184,0.166,35,10,1024,9.629,35,10,false
mixed-000-2,mixed,seed=0x4c32cce1c3051888;cycles=6;planted=1;d_b=4;m=2;gap=1;k=2,47124,false,9184,0.166,35,10,2048,16.651,35,10,false
mixed-000-2,mixed,seed=0x4c32cce1c3051888;cycles=6;planted=1;d_b=4;m=2;gap=1;k=2,47124,false,9184,0.166,35,10,4096,31.041,35,10,false
mixed-000-2,mixed,seed=0x4c32cce1c3051888;cycles=6;planted=1;d_b=4;m=2;gap=1;k=2,47124,false,9184,0.166,35,10,8192,61.059,35,10,false
mixed-000-2,mixed,seed=0x4c32cce1c3051888;cycles=6;planted=1;d_b=4;m=2;gap=1;k=2,47124,false,9184,0.166,35,10,16384,150.864,35,10,false
dec-003,dec,d_b=3;m=2;gap=2;k=1;q=0;s=3,6,false,7,0.021,5,2,1,0.010,7,6,false
dec-003,dec,d_b=3;m=2;gap=2;k=1;q=0;s=3,6,false,7,0.021,5,2,2,0.015,5,2,false
dec-003,dec,d_b=3;m=2;gap=2;k=1;q=0;s=3,6,false,7,0.021,5,2,4,0.018,5,2,false
dec-003,dec,d_b=3;m=2;gap=2;k=1;q=0;s=3,6,false,7,0.021,5,2,8,0.025,5,2,true
dec-003,dec,d_b=3;m=2;gap=2;k=1;q=0;s=3,6,false,7,0.021,5,2,16,0.023,5,2,true
dec-003,dec,d_b=3;m=2;gap=2;k=1;q=0;s=3,6,false,7,0.021,5,2,32,0.022,5,2,true
dec-003,dec,d_b=3;m=2;gap=2;k=1;q=0;s=3,6,false,7,0.021,5,2,64,0.021,5,2,true
dec-003,dec,d_b=3;m=2;gap=2;k=1;q=0;s=3,6,false,7,0.021,5,2,128,0.021,5,2,true
dec-003,dec,d_b=3;m=2;gap=2;k=1;q=0;s=3,6,false,7,0.021,5,2,256,0.021,5,2,true
dec-003,dec,d_b=3;m=2;gap=2;k=1;q=0;s=3,6,false,7,0.021,5,2,512,0.021,5,2,true
dec-003,dec,d_b=3;m=2;gap=2;k=1;q=0;s=3,6,false,7,0.021,5,2,1024,0.020,5,2,true
dec-003,dec,d_b=3;m=2;gap=2;k=1;q=0;s=3,6,false,7,0.021,5,2,2048,0.021,5,2,true
dec-003,dec,d_b=3;m=2;gap=2;k=1;q=0;s=3,6,false,7,0.021,5,2,4096,0.021,5,2,true
dec-003,dec,d_b=3;m=2;gap=2;k=1;q=0;s=3,6,false,7,0.021,5,2,8192,0.020,5,2,true
dec-003,dec,d_b=3;m=2;gap=2;k=1;q=0;s=3,6,false,7,0.021,5,2,16384,0.021,5,2,true
mixed-001-0,mixed,seed=0x33332f51a27d79fa;cycles=6;planted=1;d_b=8;m=3;gap=2;k=2,34981,false,7310,0.195,38,10,1,0.164,41,28,false
mixed-001-0,mixed,seed=0x33332f51a27d79fa;cycles=6;planted=1;d_b=8;m=3;gap=2;k=2,34981,false,7310,0.195,38,10,2,0.210,41,28,false
mixed-001-0,mixed,seed=0x33332f51a27d79fa;cycles=6;planted=1;d_b=8;m=3;gap=2;k=2,34981,false,7310,0.195,38,10,4,0.242,41,28,false
mixed-001-0,mixed,seed=0x33332f51a27d79fa;cycles=6;planted=1;d_b=8;m=3;gap=2;k=2,34981,false,7310,0.195,38,10,8,0.370,41,28,false
mixed-001-0,mixed,seed=0x33332f51a27d79fa;cycles=6;planted=1;d_b=8;m=3;gap=2;k=2,34981,false,7310,0.195,38,10,16,0.638,41,28,false
mixed-001-0,mixed,seed=0x33332f51a27d79fa;cycles=6;planted=1;d_b=8;m=3;gap=2;k=2,34981,false,7310,0.195,38,10,32,1.169,41,28,false
mixed-001-0,mixed,seed=0x33332f51a27d79fa;cycles=6;planted=1;d_b=8;m=3;gap=2;k=2,34981,false,7310,0.195,38,10,64,2.218,38,10,false
mixed-001-0,mixed,seed=0x33332f51a27d79fa;cycles=6;planted=1;d_b=8;m=3;gap=2;k=2,34981,false,7310,0.195,38,10,128,4.255,38,10,false
mixed-001-0,mixed,seed=0x33332f51a27d79fa;cycles=6;planted=1;d_b=8;m=3;gap=2;k=2,34981,false,7310,0.195,38,10,256,8.190,38,10,false
mixed-001-0,mixed,seed=0x33332f51a27d79fa;cycles=6;planted=1;d_b=8;m=3;gap=2;k=2,34981,false,7310,0.195,38,10,512,15.844,38,10,false
mixed-001-0,mixed,seed=0x33332f51a27d79fa;cycles=6;planted=1;d_b=8;m=3;gap=2;k=2,34981,false,7310,0.195,38,10,1024,30.965,38,10,false
mixed-001-0,mixed,seed=0x33332f51a27d79fa;cycles=6;planted=1;d_b=8;m=3;gap=2;k=2,34981,false,7310,0.195,38,10,2048,61.525,38,10,false
mixed-001-0,mixed,seed=0x33332f51a27d79fa;cycles=6;planted=1;d_b=8;m=3;gap=2;k=2,34981,false,7310,0.195,38,10,4096,122.323,38,10,false
mixed-001-0,mixed,seed=0x33332f51a27d79fa;cycles=6;planted=1;d_b=8;m=3;gap=2;k=2,34981,false,7310,0.195,38,10,8192,246.219,38,10,false
mixed-001-0,mixed,seed=0x33332f51a27d79fa;cycles=6;planted=1;d_b=8;m=3;gap=2;k=2,34981,false,7310,0.195,38,10,16384,499.997,38,10,false
dec-004,dec,d_b=3;m=2;gap=2;k=2;q=0;s=3,9,false,10,0.029,5,2,1,0.014,7,6,false
dec-004,dec,d_b=3;m=2;gap=2;k=2;q=0;s=3,9,false,10,0.029,5,2,2,0.014,7,6,false
dec-004,dec,d_b=3;m=2;gap=2;k=2;q=0;s=3,9,false,10,0.029,5,2,4,0.023,5,2,false
dec-004,dec,d_b=3;m=2;gap=2;k=2;q=0;s=3,9,false,10,0.029,5,2,8,0.034,5,2,false
dec-004,dec,d_b=3;m=2;gap=2;k=2;q=0;s=3,9,false,10,0.029,5,2,16,0.036,5,2,true
dec-004,dec,d_b=3;m=2;gap=2;k=2;q=0;s=3,9,false,10,0.029,5,2,32,0.037,5,2,true
dec-004,dec,d_b=3;m=2;gap=2;k=2;q=0;s=3,9,false,10,0.029,5,2,64,0.034,5,2,true
dec-004,dec,d_b=3;m=2;gap=2;k=2;q=0;s=3,9,false,10,0.029,5,2,128,0.032,5,2,true
dec-004,dec,d_b=3;m=2;gap=2;k=2;q=0;s=3,9,false,10,0.029,5,2,256,0.033,5,2,true
dec-004,dec,d_b=3;m=2;gap=2;k=2;q=0;s=3,9,false,10,0.029,5,2,512,0.031,5,2,true
dec-004,dec,d_b=3;m=2;gap=2;k=2;q=0;s=3,9,false,10,0.029,5,2,1024,0.031,5,2,true
dec-004,dec,d_b=3;m=2;gap=2;k=2;q=0;s=3,9,false,10,0.029,5,2,2048,0.031,5,2,true
dec-004,dec,d_b=3;m=2;gap=2;k=2;q=0;s=3,9,false,10,0.029,5,2,4096,0.031,5,2,true
dec-004,dec,d_b=3;m=2;gap=2;k=2;q=0;s=3,9,false,10,0.029,5,2,8192,0.030,5,2,true
dec-004,dec,d_b=3;m=2;gap=2;k=2;q=0;s=3,9,false,10,0.029,5,2,16384,0.031,5,2,true
mixed-001-1,mixed,seed=0x133ddb65df1f958e;cycles=6;planted=1;d_b=8;m=3;gap=2;k=2,14001,false,3161,0.092,28,6,1,0.032,31,24,false
mixed-001-1,mixed,seed=0x133ddb65df1f958e;cycles=6;planted=1;d_b=8;m=3;gap=2;k=2,14001,false,3161,0.092,28,6,2,0.033,31,24,false
mixed-001-1,mixed,seed=0x133ddb65df1f958e;cycles=6;planted=1;d_b=8;m=3;gap=2;k=2,14001,false,3161,0.092,28,6,4,0.055,31,24,false
mixed-001-1,mixed,seed=0x133ddb65df1f958e;cycles=6;planted=1;d_b=8;m=3;gap=2;k=2,14001,false,3161,0.092,28,6,8,0.064,31,24,false
mixed-001-1,mixed,seed=0x133ddb65df1f958e;cycles=6;planted=1;d_b=8;m=3;gap=2;k=2,14001,false,3161,0.092,28,6,16,0.119,31,24,false
mixed-001-1,mixed,seed=0x133ddb65df1f958e;cycles=6;planted=1;d_b=8;m=3;gap=2;k=2,14001,false,3161,0.092,28,6,32,0.208,28,6,false
mixed-001-1,mixed,seed=0x133ddb65df1f958e;cycles=6;planted=1;d_b=8;m=3;gap=2;k=2,14001,false,3161,0.092,28,6,64,0.375,28,6,false
mixed-001-1,mixed,seed=0x133ddb65df1f958e;cycles=6;planted=1;d_b=8;m=3;gap=2;k=2,14001,false,3161,0.092,28,6,128,0.569,28,6,false
mixed-001-1,mixed,seed=0x133ddb65df1f958e;cycles=6;planted=1;d_b=8;m=3;gap=2;k=2,14001,false,3161,0.092,28,6,256,0.919,28,6,false
mixed-001-1,mixed,seed=0x133ddb65df1f958e;cycles=6;planted=1;d_b=8;m=3;gap=2;k=2,14001,false,3161,0.092,28,6,512,1.702,28,6,false
mixed-001-1,mixed,seed=0x133ddb65df1f958e;cycles=6;planted=1;d_b=8;m=3;gap=2;k=2,14001,false,3161,0.092,28,6,1024,3.389,28,6,false
mixed-001-1,mixed,seed=0x133ddb65df1f958e;cycles=6;planted=1;d_b=8;m=3;gap=2;k=2,14001,false,3161,0.092,28,6,2048,7.004,28,6,false
mixed-001-1,mixed,seed=0x133ddb65df1f958e;cycles=6;planted=1;d_b=8;m=3;gap=2;k=2,14001,false,3161,0.092,28,6,4096,14.532,28,6,false
mixed-001-1,mixed,seed=0x133ddb65df1f958e;cycles=6;planted=1;d_b=8;m=3;gap=2;k=2,14001,false,3161,0.092,28,6,8192,30.780,28,6,false
mixed-001-1,mixed,seed=0x133ddb65df1f958e;cycles=6;planted=1;d_b=8;m=3;gap=2;k=2,14001,false,3161,0.092,28,6,16384,59.542,28,6,true
dec-005,dec,d_b=3;m=2;gap=2;k=4;q=0;s=3,15,false,16,0.031,5,2,1,0.012,7,6,false
dec-005,dec,d_b=3;m=2;gap=2;k=4;q=0;s=3,15,false,16,0.031,5,2,2,0.012,7,6,false
dec-005,dec,d_b=3;m=2;gap=2;k=4;q=0;s=3,15,false,16,0.031,5,2,4,0.020,7,6,false
dec-005,dec,d_b=3;m=2;gap=2;k=4;q=0;s=3,15,false,16,0.031,5,2,8,0.032,5,2,false
dec-005,dec,d_b=3;m=2;gap=2;k=4;q=0;s=3,15,false,16,0.031,5,2,16,0.052,5,2,true
dec-005,dec,d_b=3;m=2;gap=2;k=4;q=0;s=3,15,false,16,0.031,5,2,32,0.049,5,2,true
dec-005,dec,d_b=3;m=2;gap=2;k=4;q=0;s=3,15,false,16,0.031,5,2,64,0.048,5,2,true
dec-005,dec,d_b=3;m=2;gap=2;k=4;q=0;s=3,15,false,16,0.031,5,2,128,0.070,5,2,true
dec-005,dec,d_b=3;m=2;gap=2;k=4;q=0;s=3,15,false,16,0.031,5,2,256,0.052,5,2,true
dec-005,dec,d_b=3;m=2;gap=2;k=4;q=0;s=3,15,false,16,0.031,5,2,512,0.046,5,2,true
dec-005,dec,d_b=3;m=2;gap=2;k=4;q=0;s=3,15,false,16,0.031,5,2,1024,0.046,5,2,true
dec-005,dec,d_b=3;m=2;gap=2;k=4;q=0;s=3,15,false,16,0.031,5,2,2048,0.045,5,2,true
dec-005,dec,d_b=3;m=2;gap=2;k=4;q=0;s=3,15,false,16,0.031,5,2,4096,0.045,5,2,true
dec-005,dec,d_b=3;m=2;gap=2;k=4;q=0;s=3,15,false,16,0.031,5,2,8192,0.045,5,2,true
dec-005,dec,d_b=3;m=2;gap=2;k=4;q=0;s=3,15,false,16,0.031,5,2,16384,0.045,5,2,true
mixed-001-2,mixed,seed=0x6d976279d4866e0b;cycles=6;planted=1;d_b=8;m=3;gap=2;k=2,26185,false,5691,0.137,35,8,1,0.083,38,26,false
mixed-001-2,mixed,seed=0x6d976279d4866e0b;cycles=6;planted=1;d_b=8;m=3;gap=2;k=2,26185,false,5691,0.137,35,8,2,0.081,38,26,false
mixed-001-2,mixed,seed=0x6d976279d4866e0b;cycles=6;planted=1;d_b=8;m=3;gap=2;k=2,26185,false,5691,0.137,35,8,4,0.101,38,26,false
mixed-001-2,mixed,seed=0x6d976279d4866e0b;cycles=6;planted=1;d_b=8;m=3;gap=2;k=2,26185,false,5691,0.137,35,8,8,0.132,38,26,false
mixed-001-2,mixed,seed=0x6d976279d4866e0b;cycles=6;planted=1;d_b=8;m=3;gap=2;k=2,26185,false,5691,0.137,35,8,16,0.231,38,26,false
mixed-001-2,mixed,seed=0x6d976279d4866e0b;cycles=6;planted=1;d_b=8;m=3;gap=2;k=2,26185,false,5691,0.137,35,8,32,0.437,35,8,false
mixed-001-2,mixed,seed=0x6d976279d4866e0b;cycles=6;planted=1;d_b=8;m=3;gap=2;k=2,26185,false,5691,0.137,35,8,64,0.804,35,8,false
mixed-001-2,mixed,seed=0x6d976279d4866e0b;cycles=6;planted=1;d_b=8;m=3;gap=2;k=2,26185,false,5691,0.137,35,8,128,1.465,35,8,false
mixed-001-2,mixed,seed=0x6d976279d4866e0b;cycles=6;planted=1;d_b=8;m=3;gap=2;k=2,26185,false,5691,0.137,35,8,256,2.691,35,8,false
mixed-001-2,mixed,seed=0x6d976279d4866e0b;cycles=6;planted=1;d_b=8;m=3;gap=2;k=2,26185,false,5691,0.137,35,8,512,5.205,35,8,false
mixed-001-2,mixed,seed=0x6d976279d4866e0b;cycles=6;planted=1;d_b=8;m=3;gap=2;k=2,26185,false,5691,0.137,35,8,1024,10.015,35,8,false
mixed-001-2,mixed,seed=0x6d976279d4866e0b;cycles=6;planted=1;d_b=8;m=3;gap=2;k=2,26185,false,5691,0.137,35,8,2048,20.331,35,8,false
mixed-001-2,mixed,seed=0x6d976279d4866e0b;cycles=6;planted=1;d_b=8;m=3;gap=2;k=2,26185,false,5691,0.137,35,8,4096,40.356,35,8,false
mixed-001-2,mixed,seed=0x6d976279d4866e0b;cycles=6;planted=1;d_b=8;m=3;gap=2;k=2,26185,false,5691,0.137,35,8,8192,80.130,35,8,false
mixed-001-2,mixed,seed=0x6d976279d4866e0b;cycles=6;planted=1;d_b=8;m=3;gap=2;k=2,26185,false,5691,0.137,35,8,16384,169.511,35,8,false
dec-006,dec,d_b=3;m=3;gap=1;k=1;q=1;s=4,6,false,8,0.040,8,2,1,0.016,9,8,false
dec-006,dec,d_b=3;m=3;gap=1;k=1;q=1;s=4,6,false,8,0.040,8,2,2,0.020,8,2,false
dec-006,dec,d_b=3;m=3;gap=1;k=1;q=1;s=4,6,false,8,0.040,8,2,4,0.025,8,2,false
dec-006,dec,d_b=3;m=3;gap=1;k=1;q=1;s=4,6,false,8,0.040,8,2,8,0.047,8,2,true
dec-006,dec,d_b=3;m=3;gap=1;k=1;q=1;s=4,6,false,8,0.040,8,2,16,0.031,8,2,true
dec-006,dec,d_b=3;m=3;gap=1;k=1;q=1;s=4,6,false,8,0.040,8,2,32,0.033,8,2,true
dec-006,dec,d_b=3;m=3;gap=1;k=1;q=1;s=4,6,false,8,0.040,8,2,64,0.027,8,2,true
dec-006,dec,d_b=3;m=3;gap=1;k=1;q=1;s=4,6,false,8,0.040,8,2,128,0.027,8,2,true
dec-006,dec,d_b=3;m=3;gap=1;k=1;q=1;s=4,6,false,8,0.040,8,2,256,0.025,8,2,true
dec-006,dec,d_b=3;m=3;gap=1;k=1;q=1;s=4,6,false,8,0.040,8,2,512,0.025,8,2,true
dec-006,dec,d_b=3;m=3;gap=1;k=1;q=1;s=4,6,false,8,0.040,8,2,1024,0.025,8,2,true
dec-006,dec,d_b=3;m=3;gap=1;k=1;q=1;s=4,6,false,8,0.040,8,2,2048,0.025,8,2,true
dec-006,dec,d_b=3;m=3;gap=1;k=1;q=1;s=4,6,false,8,0.040,8,2,4096,0.024,8,2,true
dec-006,dec,d_b=3;m=3;gap=1;k=1;q=1;s=4,6,false,8,0.040,8,2,8192,0.025,8,2,true
dec-006,dec,d_b=3;m=3;gap=1;k=1;q=1;s=4,6,false,8,0.040,8,2,16384,0.025,8,2,true
mixed-002-0,mixed,seed=0xc59afcd9aedf37ac;cycles=6;planted=1;d_b=12;m=2;gap=6;k=4,26348,false,5746,0.165,30,10,1,0.095,37,28,false
mixed-002-0,mixed,seed=0xc59afcd9aedf37ac;cycles=6;planted=1;d_b=12;m=2;gap=6;k=4,26348,false,5746,0.165,30,10,2,0.100,37,28,false
mixed-002-0,mixed,seed=0xc59afcd9aedf37ac;cycles=6;planted=1;d_b=12;m=2;gap=6;k=4,26348,false,5746,0.165,30,10,4,0.121,37,28,false
mixed-002-0,mixed,seed=0xc59afcd9aedf37ac;cycles=6;planted=1;d_b=12;m=2;gap=6;k=4,26348,false,5746,0.165,30,10,8,0.168,37,28,false
mixed-002-0,mixed,seed=0xc59afcd9aedf37ac;cycles=6;planted=1;d_b=12;m=2;gap=6;k=4,26348,false,5746,0.165,30,10,16,0.325,37,28,false
mixed-002-0,mixed,seed=0xc59afcd9aedf37ac;cycles=6;planted=1;d_b=12;m=2;gap=6;k=4,26348,false,5746,0.165,30,10,32,0.569,37,28,false
mixed-002-0,mixed,seed=0xc59afcd9aedf37ac;cycles=6;planted=1;d_b=12;m=2;gap=6;k=4,26348,false,5746,0.165,30,10,64,1.036,37,28,false
mixed-002-0,mixed,seed=0xc59afcd9aedf37ac;cycles=6;planted=1;d_b=12;m=2;gap=6;k=4,26348,false,5746,0.165,30,10,128,1.960,30,10,false
mixed-002-0,mixed,seed=0xc59afcd9aedf37ac;cycles=6;planted=1;d_b=12;m=2;gap=6;k=4,26348,false,5746,0.165,30,10,256,3.422,30,10,false
mixed-002-0,mixed,seed=0xc59afcd9aedf37ac;cycles=6;planted=1;d_b=12;m=2;gap=6;k=4,26348,false,5746,0.165,30,10,512,5.808,30,10,false
mixed-002-0,mixed,seed=0xc59afcd9aedf37ac;cycles=6;planted=1;d_b=12;m=2;gap=6;k=4,26348,false,5746,0.165,30,10,1024,12.807,30,10,false
mixed-002-0,mixed,seed=0xc59afcd9aedf37ac;cycles=6;planted=1;d_b=12;m=2;gap=6;k=4,26348,false,5746,0.165,30,10,2048,22.000,30,10,false
mixed-002-0,mixed,seed=0xc59afcd9aedf37ac;cycles=6;planted=1;d_b=12;m=2;gap=6;k=4,26348,false,5746,0.165,30,10,4096,43.400,30,10,false
mixed-002-0,mixed,seed=0xc59afcd9aedf37ac;cycles=6;planted=1;d_b=12;m=2;gap=6;k=4,26348,false,5746,0.165,30,10,8192,86.852,30,10,false
mixed-002-0,mixed,seed=0xc59afcd9aedf37ac;cycles=6;planted=1;d_b=12;m=2;gap=6;k=4,26348,false,5746,0.165,30,10,16384,181.296,30,10,false
dec-007,dec,d_b=3;m=3;gap=1;k=2;q=1;s=4,9,false,11,0.037,8,2,1,0.013,9,8,false
dec-007,dec,d_b=3;m=3;gap=1;k=2;q=1;s=4,9,false,11,0.037,8,2,2,0.012,9,8,false
dec-007,dec,d_b=3;m=3;gap=1;k=2;q=1;s=4,9,false,11,0.037,8,2,4,0.022,8,2,false
dec-007,dec,d_b=3;m=3;gap=1;k=2;q=1;s=4,9,false,11,0.037,8,2,8,0.035,8,2,false
dec-007,dec,d_b=3;m=3;gap=1;k=2;q=1;s=4,9,false,11,0.037,8,2,16,0.038,8,2,true
dec-007,dec,d_b=3;m=3;gap=1;k=2;q=1;s=4,9,false,11,0.037,8,2,32,0.036,8,2,true
dec-007,dec,d_b=3;m=3;gap=1;k=2;q=1;s=4,9,false,11,0.037,8,2,64,0.035,8,2,true
dec-007,dec,d_b=3;m=3;gap=1;k=2;q=1;s=4,9,false,11,0.037,8,2,128,0.035,8,2,true
dec-007,dec,d_b=3;m=3;gap=1;k=2;q=1;s=4,9,false,11,0.037,8,2,256,0.035,8,2,true
dec-007,dec,d_b=3;m=3;gap=1;k=2;q=1;s=4,9,false,11,0.037,8,2,512,0.035,8,2,true
dec-007,dec,d_b=3;m=3;gap=1;k=2;q=1;s=4,9,false,11,0.037,8,2,1024,0.034,8,2,true
dec-007,dec,d_b=3;m=3;gap=1;k=2;q=1;s=4,9,false,11,0.037,8,2,2048,0.034,8,2,true
dec-007,dec,d_b=3;m=3;gap=1;k=2;q=1;s=4,9,false,11,0.037,8,2,4096,0.034,8,2,true
dec-007,dec,d_b=3;m=3;gap=1;k=2;q=1;s=4,9,false,11,0.037,8,2,8192,0.034,8,2,true
dec-007,dec,d_b=3;m=3;gap=1;k=2;q=1;s=4,9,false,11,0.037,8,2,16384,0.034,8,2,true
mixed-002-1,mixed,seed=0x9718edbe7b705f9b;cycles=6;planted=1;d_b=12;m=2;gap=6;k=4,33372,false,6929,0.163,23,8,1,0.100,30,26,false
mixed-002-1,mixed,seed=0x9718edbe7b705f9b;cycles=6;planted=1;d_b=12;m=2;gap=6;k=4,33372,false,6929,0.163,23,8,2,0.098,30,26,false
mixed-002-1,mixed,seed=0x9718edbe7b705f9b;cycles=6;planted=1;d_b=12;m=2;gap=6;k=4,33372,false,6929,0.163,23,8,4,0.128,30,26,false
mixed-002-1,mixed,seed=0x9718edbe7b705f9b;cycles=6;planted=1;d_b=12;m=2;gap=6;k=4,33372,false,6929,0.163,23,8,8,0.177,30,26,false
mixed-002-1,mixed,seed=0x9718edbe7b705f9b;cycles=6;planted=1;d_b=12;m=2;gap=6;k=4,33372,false,6929,0.163,23,8,16,0.280,30,26,false
mixed-002-1,mixed,seed=0x9718edbe7b705f9b;cycles=6;planted=1;d_b=12;m=2;gap=6;k=4,33372,false,6929,0.163,23,8,32,0.509,30,26,false
mixed-002-1,mixed,seed=0x9718edbe7b705f9b;cycles=6;planted=1;d_b=12;m=2;gap=6;k=4,33372,false,6929,0.163,23,8,64,0.966,30,26,false
mixed-002-1,mixed,seed=0x9718edbe7b705f9b;cycles=6;planted=1;d_b=12;m=2;gap=6;k=4,33372,false,6929,0.163,23,8,128,1.798,23,8,false
mixed-002-1,mixed,seed=0x9718edbe7b705f9b;cycles=6;planted=1;d_b=12;m=2;gap=6;k=4,33372,false,6929,0.163,23,8,256,3.418,23,8,false
mixed-002-1,mixed,seed=0x9718edbe7b705f9b;cycles=6;planted=1;d_b=12;m=2;gap=6;k=4,33372,false,6929,0.163,23,8,512,6.539,23,8,false
mixed-002-1,mixed,seed=0x9718edbe7b705f9b;cycles=6;planted=1;d_b=12;m=2;gap=6;k=4,33372,false,6929,0.163,23,8,1024,13.291,23,8,false
mixed-002-1,mixed,seed=0x9718edbe7b705f9b;cycles=6;planted=1;d_b=12;m=2;gap=6;k=4,33372,false,6929,0.163,23,8,2048,25.723,23,8,false
mixed-002-1,mixed,seed=0x9718edbe7b705f9b;cycles=6;planted=1;d_b=12;m=2;gap=6;k=4,33372,false,6929,0.163,23,8,4096,49.624,23,8,false
mixed-002-1,mixed,seed=0x9718edbe7b705f9b;cycles=6;planted=1;d_b=12;m=2;gap=6;k=4,33372,false,6929,0.163,23,8,8192,95.239,23,8,false
mixed-002-1,mixed,seed=0x9718edbe7b705f9b;cycles=6;planted=1;d_b=12;m=2;gap=6;k=4,33372,false,6929,0.163,23,8,16384,196.166,23,8,false
dec-008,dec,d_b=3;m=3;gap=1;k=4;q=1;s=4,15,false,17,0.043,8,2,1,0.013,9,8,false
dec-008,dec,d_b=3;m=3;gap=1;k=4;q=1;s=4,15,false,17,0.043,8,2,2,0.016,9,8,false
dec-008,dec,d_b=3;m=3;gap=1;k=4;q=1;s=4,15,false,17,0.043,8,2,4,0.020,9,8,false
dec-008,dec,d_b=3;m=3;gap=1;k=4;q=1;s=4,15,false,17,0.043,8,2,8,0.038,8,2,false
dec-008,dec,d_b=3;m=3;gap=1;k=4;q=1;s=4,15,false,17,0.043,8,2,16,0.063,8,2,true
dec-008,dec,d_b=3;m=3;gap=1;k=4;q=1;s=4,15,false,17,0.043,8,2,32,0.060,8,2,true
dec-008,dec,d_b=3;m=3;gap=1;k=4;q=1;s=4,15,false,17,0.043,8,2,64,0.056,8,2,true
dec-008,dec,d_b=3;m=3;gap=1;k=4;q=1;s=4,15,false,17,0.043,8,2,128,0.056,8,2,true
dec-008,dec,d_b=3;m=3;gap=1;k=4;q=1;s=4,15,false,17,0.043,8,2,256,0.053,8,2,true
dec-008,dec,d_b=3;m=3;gap=1;k=4;q=1;s=4,15,false,17,0.043,8,2,512,0.053,8,2,true
dec-008,dec,d_b=3;m=3;gap=1;k=4;q=1;s=4,15,false,17,0.043,8,2,1024,0.053,8,2,true
dec-008,dec,d_b=3;m=3;gap=1;k=4;q=1;s=4,15,false,17,0.043,8,2,2048,0.053,8,2,true
dec-008,dec,d_b=3;m=3;gap=1;k=4;q=1;s=4,15,false,17,0.043,8,2,4096,0.053,8,2,true
dec-008,dec,d_b=3;m=3;gap=1;k=4;q=1;s=4,15,false,17,0.043,8,2,8192,0.053,8,2,true
dec-008,dec,d_b=3;m=3;gap=1;k=4;q=1;s=4,15,false,17,0.043,8,2,16384,0.053,8,2,true
mixed-002-2,mixed,seed=0x68d20c8c15a34419;cycles=6;planted=1;d_b=12;m=2;gap=6;k=4,41962,false,8424,0.154,23,6,1,0.048,30,24,false
mixed-002-2,mixed,seed=0x68d20c8c15a34419;cycles=6;planted=1;d_b=12;m=2;gap=6;k=4,41962,false,8424,0.154,23,6,2,0.056,30,24,false
mixed-002-2,mixed,seed=0x68d20c8c15a34419;cycles=6;planted=1;d_b=12;m=2;gap=6;k=4,41962,false,8424,0.154,23,6,4,0.071,30,24,false
mixed-002-2,mixed,seed=0x68d20c8c15a34419;cycles=6;planted=1;d_b=12;m=2;gap=6;k=4,41962,false,8424,0.154,23,6,8,0.123,30,24,false
mixed-002-2,mixed,seed=0x68d20c8c15a34419;cycles=6;planted=1;d_b=12;m=2;gap=6;k=4,41962,false,8424,0.154,23,6,16,0.180,30,24,false
mixed-002-2,mixed,seed=0x68d20c8c15a34419;cycles=6;planted=1;d_b=12;m=2;gap=6;k=4,41962,false,8424,0.154,23,6,32,0.300,30,24,false
mixed-002-2,mixed,seed=0x68d20c8c15a34419;cycles=6;planted=1;d_b=12;m=2;gap=6;k=4,41962,false,8424,0.154,23,6,64,0.458,30,24,false
mixed-002-2,mixed,seed=0x68d20c8c15a34419;cycles=6;planted=1;d_b=12;m=2;gap=6;k=4,41962,false,8424,0.154,23,6,128,0.737,30,24,false
mixed-002-2,mixed,seed=0x68d20c8c15a34419;cycles=6;planted=1;d_b=12;m=2;gap=6;k=4,41962,false,8424,0.154,23,6,256,1.262,30,24,false
mixed-002-2,mixed,seed=0x68d20c8c15a34419;cycles=6;planted=1;d_b=12;m=2;gap=6;k=4,41962,false,8424,0.154,23,6,512,2.287,23,6,false
mixed-002-2,mixed,seed=0x68d20c8c15a34419;cycles=6;planted=1;d_b=12;m=2;gap=6;k=4,41962,false,8424,0.154,23,6,1024,4.372,23,6,false
mixed-002-2,mixed,seed=0x68d20c8c15a34419;cycles=6;planted=1;d_b=12;m=2;gap=6;k=4,41962,false,8424,0.154,23,6,2048,8.570,23,6,false
mixed-002-2,mixed,seed=0x68d20c8c15a34419;cycles=6;planted=1;d_b=12;m=2;gap=6;k=4,41962,false,8424,0.154,23,6,4096,17.083,23,6,false
mixed-002-2,mixed,seed=0x68d20c8c15a34419;cycles=6;planted=1;d_b=12;m=2;gap=6;k=4,41962,false,8424,0.154,23,6,8192,35.153,23,6,false
mixed-002-2,mixed,seed=0x68d20c8c15a34419;cycles=6;planted=1;d_b=12;m=2;gap=6;k=4,41962,false,8424,0.154,23,6,16384,83.852,23,6,false
dec-009,dec,d_b=3;m=3;gap=3;k=1;q=1;s=5,6,false,8,0.024,8,2,1,0.015,11,10,false
dec-009,dec,d_b=3;m=3;gap=3;k=1;q=1;s=5,6,false,8,0.024,8,2,2,0.023,8,2,false
dec-009,dec,d_b=3;m=3;gap=3;k=1;q=1;s=5,6,false,8,0.024,8,2,4,0.024,8,2,false
dec-009,dec,d_b=3;m=3;gap=3;k=1;q=1;s=5,6,false,8,0.024,8,2,8,0.032,8,2,true
dec-009,dec,d_b=3;m=3;gap=3;k=1;q=1;s=5,6,false,8,0.024,8,2,16,0.028,8,2,true
dec-009,dec,d_b=3;m=3;gap=3;k=1;q=1;s=5,6,false,8,0.024,8,2,32,0.027,8,2,true
dec-009,dec,d_b=3;m=3;gap=3;k=1;q=1;s=5,6,false,8,0.024,8,2,64,0.026,8,2,true
dec-009,dec,d_b=3;m=3;gap=3;k=1;q=1;s=5,6,false,8,0.024,8,2,128,0.025,8,2,true
dec-009,dec,d_b=3;m=3;gap=3;k=1;q=1;s=5,6,false,8,0.024,8,2,256,0.025,8,2,true
dec-009,dec,d_b=3;m=3;gap=3;k=1;q=1;s=5,6,false,8,0.024,8,2,512,0.024,8,2,true
dec-009,dec,d_b=3;m=3;gap=3;k=1;q=1;s=5,6,false,8,0.024,8,2,1024,0.025,8,2,true
dec-009,dec,d_b=3;m=3;gap=3;k=1;q=1;s=5,6,false,8,0.024,8,2,2048,0.024,8,2,true
dec-009,dec,d_b=3;m=3;gap=3;k=1;q=1;s=5,6,false,8,0.024,8,2,4096,0.025,8,2,true
dec-009,dec,d_b=3;m=3;gap=3;k=1;q=1;s=5,6,false,8,0.024,8,2,8192,0.024,8,2,true
dec-009,dec,d_b=3;m=3;gap=3;k=1;q=1;s=5,6,false,8,0.024,8,2,16384,0.025,8,2,true
mixed-003-0,mixed,seed=0xeda4528973354436;cycles=6;planted=1;d_b=16;m=5;gap=2;k=1,26320,false,5711,0.206,82,8,1,0.070,85,74,false
mixed-003-0,mixed,seed=0xeda4528973354436;cycles=6;planted=1;d_b=16;m=5;gap=2;k=1,26320,false,5711,0.206,82,8,2,0.077,85,74,false
mixed-003-0,mixed,seed=0xeda4528973354436;cycles=6;planted=1;d_b=16;m=5;gap=2;k=1,26320,false,5711,0.206,82,8,4,0.086,85,74,false
mixed-003-0,mixed,seed=0xeda4528973354436;cycles=6;planted=1;d_b=16;m=5;gap=2;k=1,26320,false,5711,0.206,82,8,8,0.113,85,74,false
mixed-003-0,mixed,seed=0xeda4528973354436;cycles=6;planted=1;d_b=16;m=5;gap=2;k=1,26320,false,5711,0.206,82,8,16,0.170,85,74,false
mixed-003-0,mixed,seed=0xeda4528973354436;cycles=6;planted=1;d_b=16;m=5;gap=2;k=1,26320,false,5711,0.206,82,8,32,0.259,85,74,false
mixed-003-0,mixed,seed=0xeda4528973354436;cycles=6;planted=1;d_b=16;m=5;gap=2;k=1,26320,false,5711,0.206,82,8,64,0.432,85,74,false
mixed-003-0,mixed,seed=0xeda4528973354436;cycles=6;planted=1;d_b=16;m=5;gap=2;k=1,26320,false,5711,0.206,82,8,128,0.704,85,74,false
mixed-003-0,mixed,seed=0xeda4528973354436;cycles=6;planted=1;d_b=16;m=5;gap=2;k=1,26320,false,5711,0.206,82,8,256,1.272,82,8,false
mixed-003-0,mixed,seed=0xeda4528973354436;cycles=6;planted=1;d_b=16;m=5;gap=2;k=1,26320,false,5711,0.206,82,8,512,2.182,82,8,false
mixed-003-0,mixed,seed=0xeda4528973354436;cycles=6;planted=1;d_b=16;m=5;gap=2;k=1,26320,false,5711,0.206,82,8,1024,3.960,82,8,false
mixed-003-0,mixed,seed=0xeda4528973354436;cycles=6;planted=1;d_b=16;m=5;gap=2;k=1,26320,false,5711,0.206,82,8,2048,7.383,82,8,false
mixed-003-0,mixed,seed=0xeda4528973354436;cycles=6;planted=1;d_b=16;m=5;gap=2;k=1,26320,false,5711,0.206,82,8,4096,14.651,82,8,false
mixed-003-0,mixed,seed=0xeda4528973354436;cycles=6;planted=1;d_b=16;m=5;gap=2;k=1,26320,false,5711,0.206,82,8,8192,30.809,82,8,false
mixed-003-0,mixed,seed=0xeda4528973354436;cycles=6;planted=1;d_b=16;m=5;gap=2;k=1,26320,false,5711,0.206,82,8,16384,65.618,82,8,false
dec-010,dec,d_b=3;m=3;gap=3;k=2;q=1;s=5,9,false,11,0.031,8,2,1,0.011,11,10,false
dec-010,dec,d_b=3;m=3;gap=3;k=2;q=1;s=5,9,false,11,0.031,8,2,2,0.015,11,10,false
dec-010,dec,d_b=3;m=3;gap=3;k=2;q=1;s=5,9,false,11,0.031,8,2,4,0.026,8,2,false
dec-010,dec,d_b=3;m=3;gap=3;k=2;q=1;s=5,9,false,11,0.031,8,2,8,0.039,8,2,false
dec-010,dec,d_b=3;m=3;gap=3;k=2;q=1;s=5,9,false,11,0.031,8,2,16,0.041,8,2,true
dec-010,dec,d_b=3;m=3;gap=3;k=2;q=1;s=5,9,false,11,0.031,8,2,32,0.040,8,2,true
dec-010,dec,d_b=3;m=3;gap=3;k=2;q=1;s=5,9,false,11,0.031,8,2,64,0.038,8,2,true
dec-010,dec,d_b=3;m=3;gap=3;k=2;q=1;s=5,9,false,11,0.031,8,2,128,0.037,8,2,true
dec-010,dec,d_b=3;m=3;gap=3;k=2;q=1;s=5,9,false,11,0.031,8,2,256,0.037,8,2,true
dec-010,dec,d_b=3;m=3;gap=3;k=2;q=1;s=5,9,false,11,0.031,8,2,512,0.036,8,2,true
dec-010,dec,d_b=3;m=3;gap=3;k=2;q=1;s=5,9,false,11,0.031,8,2,1024,0.036,8,2,true
dec-010,dec,d_b=3;m=3;gap=3;k=2;q=1;s=5,9,false,11,0.031,8,2,2048,0.036,8,2,true
dec-010,dec,d_b=3;m=3;gap=3;k=2;q=1;s=5,9,false,11,0.031,8,2,4096,0.036,8,2,true
dec-010,dec,d_b=3;m=3;gap=3;k=2;q=1;s=5,9,false,11,0.031,8,2,8192,0.036,8,2,true
dec-010,dec,d_b=3;m=3;gap=3;k=2;q=1;s=5,9,false,11,0.031,8,2,16384,0.036,8,2,true
mixed-003-1,mixed,seed=0x5719320715bdd32c;cycles=6;planted=1;d_b=16;m=5;gap=2;k=1,14009,false,3167,0.172,74,6,1,0.037,77,72,false
mixed-003-1,mixed,seed=0x5719320715bdd32c;cycles=6;planted=1;d_b=16;m=5;gap=2;k=1,14009,false,3167,0.172,74,6,2,0.039,77,72,false
mixed-003-1,mixed,seed=0x5719320715bdd32c;cycles=6;planted=1;d_b=16;m=5;gap=2;k=1,14009,false,3167,0.172,74,6,4,0.053,77,72,false
mixed-003-1,mixed,seed=0x5719320715bdd32c;cycles=6;planted=1;d_b=16;m=5;gap=2;k=1,14009,false,3167,0.172,74,6,8,0.071,77,72,false
mixed-003-1,mixed,seed=0x5719320715bdd32c;cycles=6;planted=1;d_b=16;m=5;gap=2;k=1,14009,false,3167,0.172,74,6,16,0.141,77,72,false
mixed-003-1,mixed,seed=0x5719320715bdd32c;cycles=6;planted=1;d_b=16;m=5;gap=2;k=1,14009,false,3167,0.172,74,6,32,0.257,77,72,false
mixed-003-1,mixed,seed=0x5719320715bdd32c;cycles=6;planted=1;d_b=16;m=5;gap=2;k=1,14009,false,3167,0.172,74,6,64,0.510,74,6,false
mixed-003-1,mixed,seed=0x5719320715bdd32c;cycles=6;planted=1;d_b=16;m=5;gap=2;k=1,14009,false,3167,0.172,74,6,128,0.792,74,6,false
mixed-003-1,mixed,seed=0x5719320715bdd32c;cycles=6;planted=1;d_b=16;m=5;gap=2;k=1,14009,false,3167,0.172,74,6,256,1.195,74,6,false
mixed-003-1,mixed,seed=0x5719320715bdd32c;cycles=6;planted=1;d_b=16;m=5;gap=2;k=1,14009,false,3167,0.172,74,6,512,2.039,74,6,false
mixed-003-1,mixed,seed=0x5719320715bdd32c;cycles=6;planted=1;d_b=16;m=5;gap=2;k=1,14009,false,3167,0.172,74,6,1024,3.841,74,6,false
mixed-003-1,mixed,seed=0x5719320715bdd32c;cycles=6;planted=1;d_b=16;m=5;gap=2;k=1,14009,false,3167,0.172,74,6,2048,7.846,74,6,false
mixed-003-1,mixed,seed=0x5719320715bdd32c;cycles=6;planted=1;d_b=16;m=5;gap=2;k=1,14009,false,3167,0.172,74,6,4096,15.752,74,6,false
mixed-003-1,mixed,seed=0x5719320715bdd32c;cycles=6;planted=1;d_b=16;m=5;gap=2;k=1,14009,false,3167,0.172,74,6,8192,34.380,74,6,false
mixed-003-1,mixed,seed=0x5719320715bdd32c;cycles=6;planted=1;d_b=16;m=5;gap=2;k=1,14009,false,3167,0.172,74,6,16384,65.635,74,6,true
dec-011,dec,d_b=3;m=3;gap=3;k=4;q=1;s=5,15,false,17,0.033,8,2,1,0.010,11,10,false
dec-011,dec,d_b=3;m=3;gap=3;k=4;q=1;s=5,15,false,17,0.033,8,2,2,0.015,11,10,false
dec-011,dec,d_b=3;m=3;gap=3;k=4;q=1;s=5,15,false,17,0.033,8,2,4,0.020,11,10,false
dec-011,dec,d_b=3;m=3;gap=3;k=4;q=1;s=5,15,false,17,0.033,8,2,8,0.041,8,2,false
dec-011,dec,d_b=3;m=3;gap=3;k=4;q=1;s=5,15,false,17,0.033,8,2,16,0.067,8,2,true
dec-011,dec,d_b=3;m=3;gap=3;k=4;q=1;s=5,15,false,17,0.033,8,2,32,0.065,8,2,true
dec-011,dec,d_b=3;m=3;gap=3;k=4;q=1;s=5,15,false,17,0.033,8,2,64,0.062,8,2,true
dec-011,dec,d_b=3;m=3;gap=3;k=4;q=1;s=5,15,false,17,0.033,8,2,128,0.061,8,2,true
dec-011,dec,d_b=3;m=3;gap=3;k=4;q=1;s=5,15,false,17,0.033,8,2,256,0.060,8,2,true
dec-011,dec,d_b=3;m=3;gap=3;k=4;q=1;s=5,15,false,17,0.033,8,2,512,0.060,8,2,true
dec-011,dec,d_b=3;m=3;gap=3;k=4;q=1;s=5,15,false,17,0.033,8,2,1024,0.060,8,2,true
dec-011,dec,d_b=3;m=3;gap=3;k=4;q=1;s=5,15,false,17,0.033,8,2,2048,0.059,8,2,true
dec-011,dec,d_b=3;m=3;gap=3;k=4;q=1;s=5,15,false,17,0.033,8,2,4096,0.059,8,2,true
dec-011,dec,d_b=3;m=3;gap=3;k=4;q=1;s=5,15,false,17,0.033,8,2,8192,0.058,8,2,true
dec-011,dec,d_b=3;m=3;gap=3;k=4;q=1;s=5,15,false,17,0.033,8,2,16384,0.059,8,2,true
mixed-003-2,mixed,seed=0xf62f49c1d1777e47;cycles=6;planted=1;d_b=16;m=5;gap=2;k=1,49775,false,9705,0.253,89,10,1,0.094,92,76,false
mixed-003-2,mixed,seed=0xf62f49c1d1777e47;cycles=6;planted=1;d_b=16;m=5;gap=2;k=1,49775,false,9705,0.253,89,10,2,0.126,92,76,false
mixed-003-2,mixed,seed=0xf62f49c1d1777e47;cycles=6;planted=1;d_b=16;m=5;gap=2;k=1,49775,false,9705,0.253,89,10,4,0.135,92,76,false
mixed-003-2,mixed,seed=0xf62f49c1d1777e47;cycles=6;planted=1;d_b=16;m=5;gap=2;k=1,49775,false,9705,0.253,89,10,8,0.163,92,76,false
mixed-003-2,mixed,seed=0xf62f49c1d1777e47;cycles=6;planted=1;d_b=16;m=5;gap=2;k=1,49775,false,9705,0.253,89,10,16,0.244,92,76,false
mixed-003-2,mixed,seed=0xf62f49c1d1777e47;cycles=6;planted=1;d_b=16;m=5;gap=2;k=1,49775,false,9705,0.253,89,10,32,0.401,92,76,false
mixed-003-2,mixed,seed=0xf62f49c1d1777e47;cycles=6;planted=1;d_b=16;m=5;gap=2;k=1,49775,false,9705,0.253,89,10,64,0.703,92,76,false
mixed-003-2,mixed,seed=0xf62f49c1d1777e47;cycles=6;planted=1;d_b=16;m=5;gap=2;k=1,49775,false,9705,0.253,89,10,128,1.292,92,76,false
mixed-003-2,mixed,seed=0xf62f49c1d1777e47;cycles=6;planted=1;d_b=16;m=5;gap=2;k=1,49775,false,9705,0.253,89,10,256,2.461,89,10,false
mixed-003-2,mixed,seed=0xf62f49c1d1777e47;cycles=6;planted=1;d_b=16;m=5;gap=2;k=1,49775,false,9705,0.253,89,10,512,4.991,89,10,false
mixed-003-2,mixed,seed=0xf62f49c1d1777e47;cycles=6;planted=1;d_b=16;m=5;gap=2;k=1,49775,false,9705,0.253,89,10,1024,9.570,89,10,false
mixed-003-2,mixed,seed=0xf62f49c1d1777e47;cycles=6;planted=1;d_b=16;m=5;gap=2;k=1,49775,false,9705,0.253,89,10,2048,19.456,89,10,false
mixed-003-2,mixed,seed=0xf62f49c1d1777e47;cycles=6;planted=1;d_b=16;m=5;gap=2;k=1,49775,false,9705,0.253,89,10,4096,39.536,89,10,false
mixed-003-2,mixed,seed=0xf62f49c1d1777e47;cycles=6;planted=1;d_b=16;m=5;gap=2;k=1,49775,false,9705,0.253,89,10,8192,80.627,89,10,false
mixed-003-2,mixed,seed=0xf62f49c1d1777e47;cycles=6;planted=1;d_b=16;m=5;gap=2;k=1,49775,false,9705,0.253,89,10,16384,166.574,89,10,false
dec-012,dec,d_b=3;m=5;gap=1;k=1;q=3;s=7,6,false,8,0.029,14,2,1,0.013,15,14,false
dec-012,dec,d_b=3;m=5;gap=1;k=1;q=3;s=7,6,false,8,0.029,14,2,2,0.020,14,2,false
dec-012,dec,d_b=3;m=5;gap=1;k=1;q=3;s=7,6,false,8,0.029,14,2,4,0.024,14,2,false
dec-012,dec,d_b=3;m=5;gap=1;k=1;q=3;s=7,6,false,8,0.029,14,2,8,0.033,14,2,true
dec-012,dec,d_b=3;m=5;gap=1;k=1;q=3;s=7,6,false,8,0.029,14,2,16,0.032,14,2,true
dec-012,dec,d_b=3;m=5;gap=1;k=1;q=3;s=7,6,false,8,0.029,14,2,32,0.029,14,2,true
dec-012,dec,d_b=3;m=5;gap=1;k=1;q=3;s=7,6,false,8,0.029,14,2,64,0.029,14,2,true
dec-012,dec,d_b=3;m=5;gap=1;k=1;q=3;s=7,6,false,8,0.029,14,2,128,0.028,14,2,true
dec-012,dec,d_b=3;m=5;gap=1;k=1;q=3;s=7,6,false,8,0.029,14,2,256,0.028,14,2,true
dec-012,dec,d_b=3;m=5;gap=1;k=1;q=3;s=7,6,false,8,0.029,14,2,512,0.028,14,2,true
dec-012,dec,d_b=3;m=5;gap=1;k=1;q=3;s=7,6,false,8,0.029,14,2,1024,0.028,14,2,true
dec-012,dec,d_b=3;m=5;gap=1;k=1;q=3;s=7,6,false,8,0.029,14,2,2048,0.028,14,2,true
dec-012,dec,d_b=3;m=5;gap=1;k=1;q=3;s=7,6,false,8,0.029,14,2,4096,0.028,14,2,true
dec-012,dec,d_b=3;m=5;gap=1;k=1;q=3;s=7,6,false,8,0.029,14,2,8192,0.027,14,2,true
dec-012,dec,d_b=3;m=5;gap=1;k=1;q=3;s=7,6,false,8,0.029,14,2,16384,0.028,14,2,true
mixed-004-0,mixed,seed=0xadd9160fc3327f78;cycles=6;planted=2;d_b=4;m=2;gap=1;k=2,13,false,14,0.026,7,2,1,0.010,8,6,false
mixed-004-0,mixed,seed=0xadd9160fc3327f78;cycles=6;planted=2;d_b=4;m=2;gap=1;k=2,13,false,14,0.026,7,2,2,0.013,8,6,false
mixed-004-0,mixed,seed=0xadd9160fc3327f78;cycles=6;planted=2;d_b=4;m=2;gap=1;k=2,13,false,14,0.026,7,2,4,0.018,8,6,false
mixed-004-0,mixed,seed=0xadd9160fc3327f78;cycles=6;planted=2;d_b=4;m=2;gap=1;k=2,13,false,14,0.026,7,2,8,0.037,7,2,false
mixed-004-0,mixed,seed=0xadd9160fc3327f78;cycles=6;planted=2;d_b=4;m=2;gap=1;k=2,13,false,14,0.026,7,2,16,0.051,7,2,true
mixed-004-0,mixed,seed=0xadd9160fc3327f78;cycles=6;planted=2;d_b=4;m=2;gap=1;k=2,13,false,14,0.026,7,2,32,0.049,7,2,true
mixed-004-0,mixed,seed=0xadd9160fc3327f78;cycles=6;planted=2;d_b=4;m=2;gap=1;k=2,13,false,14,0.026,7,2,64,0.046,7,2,true
mixed-004-0,mixed,seed=0xadd9160fc3327f78;cycles=6;planted=2;d_b=4;m=2;gap=1;k=2,13,false,14,0.026,7,2,128,0.047,7,2,true
mixed-004-0,mixed,seed=0xadd9160fc3327f78;cycles=6;planted=2;d_b=4;m=2;gap=1;k=2,13,false,14,0.026,7,2,256,0.045,7,2,true
mixed-004-0,mixed,seed=0xadd9160fc3327f78;cycles=6;planted=2;d_b=4;m=2;gap=1;k=2,13,false,14,0.026,7,2,512,0.046,7,2,true
mixed-004-0,mixed,seed=0xadd9160fc3327f78;cycles=6;planted=2;d_b=4;m=2;gap=1;k=2,13,false,14,0.026,7,2,1024,0.045,7,2,true
mixed-004-0,mixed,seed=0xadd9160fc3327f78;cycles=6;planted=2;d_b=4;m=2;gap=1;k=2,13,false,14,0.026,7,2,2048,0.045,7,2,true
mixed-004-0,mixed,seed=0xadd9160fc3327f78;cycles=6;planted=2;d_b=4;m=2;gap=1;k=2,13,false,14,0.026,7,2,4096,0.045,7,2,true
mixed-004-0,mixed,seed=0xadd9160fc3327f78;cycles=6;planted=2;d_b=4;m=2;gap=1;k=2,13,false,14,0.026,7,2,8192,0.045,7,2,true
mixed-004-0,mixed,seed=0xadd9160fc3327f78;cycles=6;planted=2;d_b=4;m=2;gap=1;k=2,13,false,14,0.026,7,2,16384,0.045,7,2,true
dec-013,dec,d_b=3;m=5;gap=1;k=2;q=3;s=7,9,false,11,0.029,14,2,1,0.009,15,14,false
dec-013,dec,d_b=3;m=5;gap=1;k=2;q=3;s=7,9,false,11,0.029,14,2,2,0.014,15,14,false
dec-013,dec,d_b=3;m=5;gap=1;k=2;q=3;s=7,9,false,11,0.029,14,2,4,0.023,14,2,false
dec-013,dec,d_b=3;m=5;gap=1;k=2;q=3;s=7,9,false,11,0.029,14,2,8,0.041,14,2,false
dec-013,dec,d_b=3;m=5;gap=1;k=2;q=3;s=7,9,false,11,0.029,14,2,16,0.045,14,2,true
dec-013,dec,d_b=3;m=5;gap=1;k=2;q=3;s=7,9,false,11,0.029,14,2,32,0.043,14,2,true
dec-013,dec,d_b=3;m=5;gap=1;k=2;q=3;s=7,9,false,11,0.029,14,2,64,0.043,14,2,true
dec-013,dec,d_b=3;m=5;gap=1;k=2;q=3;s=7,9,false,11,0.029,14,2,128,0.042,14,2,true
dec-013,dec,d_b=3;m=5;gap=1;k=2;q=3;s=7,9,false,11,0.029,14,2,256,0.042,14,2,true
dec-013,dec,d_b=3;m=5;gap=1;k=2;q=3;s=7,9,false,11,0.029,14,2,512,0.041,14,2,true
dec-013,dec,d_b=3;m=5;gap=1;k=2;q=3;s=7,9,false,11,0.029,14,2,1024,0.042,14,2,true
dec-013,dec,d_b=3;m=5;gap=1;k=2;q=3;s=7,9,false,11,0.029,14,2,2048,0.041,14,2,true
dec-013,dec,d_b=3;m=5;gap=1;k=2;q=3;s=7,9,false,11,0.029,14,2,4096,0.042,14,2,true
dec-013,dec,d_b=3;m=5;gap=1;k=2;q=3;s=7,9,false,11,0.029,14,2,8192,0.041,14,2,true
dec-013,dec,d_b=3;m=5;gap=1;k=2;q=3;s=7,9,false,11,0.029,14,2,16384,0.042,14,2,true
mixed-004-1,mixed,seed=0x3d3225a9b5826845;cycles=6;planted=2;d_b=4;m=2;gap=1;k=2,13999,false,3163,0.070,18,8,1,0.040,20,16,false
mixed-004-1,mixed,seed=0x3d3225a9b5826845;cycles=6;planted=2;d_b=4;m=2;gap=1;k=2,13999,false,3163,0.070,18,8,2,0.039,20,16,false
mixed-004-1,mixed,seed=0x3d3225a9b5826845;cycles=6;planted=2;d_b=4;m=2;gap=1;k=2,13999,false,3163,0.070,18,8,4,0.053,20,16,false
mixed-004-1,mixed,seed=0x3d3225a9b5826845;cycles=6;planted=2;d_b=4;m=2;gap=1;k=2,13999,false,3163,0.070,18,8,8,0.082,20,16,false
mixed-004-1,mixed,seed=0x3d3225a9b5826845;cycles=6;planted=2;d_b=4;m=2;gap=1;k=2,13999,false,3163,0.070,18,8,16,0.129,19,12,false
mixed-004-1,mixed,seed=0x3d3225a9b5826845;cycles=6;planted=2;d_b=4;m=2;gap=1;k=2,13999,false,3163,0.070,18,8,32,0.246,18,8,false
mixed-004-1,mixed,seed=0x3d3225a9b5826845;cycles=6;planted=2;d_b=4;m=2;gap=1;k=2,13999,false,3163,0.070,18,8,64,0.521,18,8,false
mixed-004-1,mixed,seed=0x3d3225a9b5826845;cycles=6;planted=2;d_b=4;m=2;gap=1;k=2,13999,false,3163,0.070,18,8,128,0.957,18,8,false
mixed-004-1,mixed,seed=0x3d3225a9b5826845;cycles=6;planted=2;d_b=4;m=2;gap=1;k=2,13999,false,3163,0.070,18,8,256,1.823,18,8,false
mixed-004-1,mixed,seed=0x3d3225a9b5826845;cycles=6;planted=2;d_b=4;m=2;gap=1;k=2,13999,false,3163,0.070,18,8,512,3.655,18,8,false
mixed-004-1,mixed,seed=0x3d3225a9b5826845;cycles=6;planted=2;d_b=4;m=2;gap=1;k=2,13999,false,3163,0.070,18,8,1024,7.362,18,8,false
mixed-004-1,mixed,seed=0x3d3225a9b5826845;cycles=6;planted=2;d_b=4;m=2;gap=1;k=2,13999,false,3163,0.070,18,8,2048,14.968,18,8,false
mixed-004-1,mixed,seed=0x3d3225a9b5826845;cycles=6;planted=2;d_b=4;m=2;gap=1;k=2,13999,false,3163,0.070,18,8,4096,30.382,18,8,false
mixed-004-1,mixed,seed=0x3d3225a9b5826845;cycles=6;planted=2;d_b=4;m=2;gap=1;k=2,13999,false,3163,0.070,18,8,8192,62.775,18,8,false
mixed-004-1,mixed,seed=0x3d3225a9b5826845;cycles=6;planted=2;d_b=4;m=2;gap=1;k=2,13999,false,3163,0.070,18,8,16384,112.727,18,8,true
dec-014,dec,d_b=3;m=5;gap=1;k=4;q=3;s=7,15,false,17,0.057,14,2,1,0.019,15,14,false
dec-014,dec,d_b=3;m=5;gap=1;k=4;q=3;s=7,15,false,17,0.057,14,2,2,0.017,15,14,false
dec-014,dec,d_b=3;m=5;gap=1;k=4;q=3;s=7,15,false,17,0.057,14,2,4,0.044,15,14,false
dec-014,dec,d_b=3;m=5;gap=1;k=4;q=3;s=7,15,false,17,0.057,14,2,8,0.051,14,2,false
dec-014,dec,d_b=3;m=5;gap=1;k=4;q=3;s=7,15,false,17,0.057,14,2,16,0.100,14,2,true
dec-014,dec,d_b=3;m=5;gap=1;k=4;q=3;s=7,15,false,17,0.057,14,2,32,0.081,14,2,true
dec-014,dec,d_b=3;m=5;gap=1;k=4;q=3;s=7,15,false,17,0.057,14,2,64,0.078,14,2,true
dec-014,dec,d_b=3;m=5;gap=1;k=4;q=3;s=7,15,false,17,0.057,14,2,128,0.067,14,2,true
dec-014,dec,d_b=3;m=5;gap=1;k=4;q=3;s=7,15,false,17,0.057,14,2,256,0.070,14,2,true
dec-014,dec,d_b=3;m=5;gap=1;k=4;q=3;s=7,15,false,17,0.057,14,2,512,0.065,14,2,true
dec-014,dec,d_b=3;m=5;gap=1;k=4;q=3;s=7,15,false,17,0.057,14,2,1024,0.066,14,2,true
dec-014,dec,d_b=3;m=5;gap=1;k=4;q=3;s=7,15,false,17,0.057,14,2,2048,0.065,14,2,true
dec-014,dec,d_b=3;m=5;gap=1;k=4;q=3;s=7,15,false,17,0.057,14,2,4096,0.065,14,2,true
dec-014,dec,d_b=3;m=5;gap=1;k=4;q=3;s=7,15,false,17,0.057,14,2,8192,0.064,14,2,true
dec-014,dec,d_b=3;m=5;gap=1;k=4;q=3;s=7,15,false,17,0.057,14,2,16384,0.065,14,2,true
mixed-004-2,mixed,seed=0xd6d40eac409a92b0;cycles=6;planted=2;d_b=4;m=2;gap=1;k=2,25,false,29,0.056,13,4,1,0.029,15,12,false
mixed-004-2,mixed,seed=0xd6d40eac409a92b0;cycles=6;planted=2;d_b=4;m=2;gap=1;k=2,25,false,29,0.056,13,4,2,0.030,15,12,false
mixed-004-2,mixed,seed=0xd6d40eac409a92b0;cycles=6;planted=2;d_b=4;m=2;gap=1;k=2,25,false,29,0.056,13,4,4,0.037,15,12,false
mixed-004-2,mixed,seed=0xd6d40eac409a92b0;cycles=6;planted=2;d_b=4;m=2;gap=1;k=2,25,false,29,0.056,13,4,8,0.063,15,12,false
mixed-004-2,mixed,seed=0xd6d40eac409a92b0;cycles=6;planted=2;d_b=4;m=2;gap=1;k=2,25,false,29,0.056,13,4,16,0.106,13,4,false
mixed-004-2,mixed,seed=0xd6d40eac409a92b0;cycles=6;planted=2;d_b=4;m=2;gap=1;k=2,25,false,29,0.056,13,4,32,0.165,13,4,true
mixed-004-2,mixed,seed=0xd6d40eac409a92b0;cycles=6;planted=2;d_b=4;m=2;gap=1;k=2,25,false,29,0.056,13,4,64,0.160,13,4,true
mixed-004-2,mixed,seed=0xd6d40eac409a92b0;cycles=6;planted=2;d_b=4;m=2;gap=1;k=2,25,false,29,0.056,13,4,128,0.162,13,4,true
mixed-004-2,mixed,seed=0xd6d40eac409a92b0;cycles=6;planted=2;d_b=4;m=2;gap=1;k=2,25,false,29,0.056,13,4,256,0.156,13,4,true
mixed-004-2,mixed,seed=0xd6d40eac409a92b0;cycles=6;planted=2;d_b=4;m=2;gap=1;k=2,25,false,29,0.056,13,4,512,0.159,13,4,true
mixed-004-2,mixed,seed=0xd6d40eac409a92b0;cycles=6;planted=2;d_b=4;m=2;gap=1;k=2,25,false,29,0.056,13,4,1024,0.156,13,4,true
mixed-004-2,mixed,seed=0xd6d40eac409a92b0;cycles=6;planted=2;d_b=4;m=2;gap=1;k=2,25,false,29,0.056,13,4,2048,0.159,13,4,true
mixed-004-2,mixed,seed=0xd6d40eac409a92b0;cycles=6;planted=2;d_b=4;m=2;gap=1;k=2,25,false,29,0.056,13,4,4096,0.156,13,4,true
mixed-004-2,mixed,seed=0xd6d40eac409a92b0;cycles=6;planted=2;d_b=4;m=2;gap=1;k=2,25,false,29,0.056,13,4,8192,0.159,13,4,true
mixed-004-2,mixed,seed=0xd6d40eac409a92b0;cycles=6;planted=2;d_b=4;m=2;gap=1;k=2,25,false,29,0.056,13,4,16384,0.158,13,4,true
dec-015,dec,d_b=3;m=5;gap=3;k=1;q=3;s=8,6,false,8,0.022,14,2,1,0.010,17,16,false
dec-015,dec,d_b=3;m=5;gap=3;k=1;q=3;s=8,6,false,8,0.022,14,2,2,0.019,14,2,false
dec-015,dec,d_b=3;m=5;gap=3;k=1;q=3;s=8,6,false,8,0.022,14,2,4,0.022,14,2,false
dec-015,dec,d_b=3;m=5;gap=3;k=1;q=3;s=8,6,false,8,0.022,14,2,8,0.032,14,2,true
dec-015,dec,d_b=3;m=5;gap=3;k=1;q=3;s=8,6,false,8,0.022,14,2,16,0.031,14,2,true
dec-015,dec,d_b=3;m=5;gap=3;k=1;q=3;s=8,6,false,8,0.022,14,2,32,0.029,14,2,true
dec-015,dec,d_b=3;m=5;gap=3;k=1;q=3;s=8,6,false,8,0.022,14,2,64,0.030,14,2,true
dec-015,dec,d_b=3;m=5;gap=3;k=1;q=3;s=8,6,false,8,0.022,14,2,128,0.029,14,2,true
dec-015,dec,d_b=3;m=5;gap=3;k=1;q=3;s=8,6,false,8,0.022,14,2,256,0.029,14,2,true
dec-015,dec,d_b=3;m=5;gap=3;k=1;q=3;s=8,6,false,8,0.022,14,2,512,0.028,14,2,true
dec-015,dec,d_b=3;m=5;gap=3;k=1;q=3;s=8,6,false,8,0.022,14,2,1024,0.029,14,2,true
dec-015,dec,d_b=3;m=5;gap=3;k=1;q=3;s=8,6,false,8,0.022,14,2,2048,0.028,14,2,true
dec-015,dec,d_b=3;m=5;gap=3;k=1;q=3;s=8,6,false,8,0.022,14,2,4096,0.029,14,2,true
dec-015,dec,d_b=3;m=5;gap=3;k=1;q=3;s=8,6,false,8,0.022,14,2,8192,0.028,14,2,true
dec-015,dec,d_b=3;m=5;gap=3;k=1;q=3;s=8,6,false,8,0.022,14,2,16384,0.029,14,2,true
mixed-005-0,mixed,seed=0x14a15165be2b2690;cycles=6;planted=2;d_b=8;m=3;gap=2;k=2,14024,false,3183,0.143,41,6,1,0.041,47,42,false
mixed-005-0,mixed,seed=0x14a15165be2b2690;cycles=6;planted=2;d_b=8;m=3;gap=2;k=2,14024,false,3183,0.143,41,6,2,0.050,47,42,false
mixed-005-0,mixed,seed=0x14a15165be2b2690;cycles=6;planted=2;d_b=8;m=3;gap=2;k=2,14024,false,3183,0.143,41,6,4,0.052,47,42,false
mixed-005-0,mixed,seed=0x14a15165be2b2690;cycles=6;planted=2;d_b=8;m=3;gap=2;k=2,14024,false,3183,0.143,41,6,8,0.067,47,42,false
mixed-005-0,mixed,seed=0x14a15165be2b2690;cycles=6;planted=2;d_b=8;m=3;gap=2;k=2,14024,false,3183,0.143,41,6,16,0.108,47,42,false
mixed-005-0,mixed,seed=0x14a15165be2b2690;cycles=6;planted=2;d_b=8;m=3;gap=2;k=2,14024,false,3183,0.143,41,6,32,0.205,47,42,false
mixed-005-0,mixed,seed=0x14a15165be2b2690;cycles=6;planted=2;d_b=8;m=3;gap=2;k=2,14024,false,3183,0.143,41,6,64,0.381,41,6,false
mixed-005-0,mixed,seed=0x14a15165be2b2690;cycles=6;planted=2;d_b=8;m=3;gap=2;k=2,14024,false,3183,0.143,41,6,128,0.614,41,6,false
mixed-005-0,mixed,seed=0x14a15165be2b2690;cycles=6;planted=2;d_b=8;m=3;gap=2;k=2,14024,false,3183,0.143,41,6,256,1.008,41,6,false
mixed-005-0,mixed,seed=0x14a15165be2b2690;cycles=6;planted=2;d_b=8;m=3;gap=2;k=2,14024,false,3183,0.143,41,6,512,1.680,41,6,false
mixed-005-0,mixed,seed=0x14a15165be2b2690;cycles=6;planted=2;d_b=8;m=3;gap=2;k=2,14024,false,3183,0.143,41,6,1024,3.217,41,6,false
mixed-005-0,mixed,seed=0x14a15165be2b2690;cycles=6;planted=2;d_b=8;m=3;gap=2;k=2,14024,false,3183,0.143,41,6,2048,6.334,41,6,false
mixed-005-0,mixed,seed=0x14a15165be2b2690;cycles=6;planted=2;d_b=8;m=3;gap=2;k=2,14024,false,3183,0.143,41,6,4096,12.942,41,6,false
mixed-005-0,mixed,seed=0x14a15165be2b2690;cycles=6;planted=2;d_b=8;m=3;gap=2;k=2,14024,false,3183,0.143,41,6,8192,28.603,41,6,false
mixed-005-0,mixed,seed=0x14a15165be2b2690;cycles=6;planted=2;d_b=8;m=3;gap=2;k=2,14024,false,3183,0.143,41,6,16384,56.147,41,6,true
dec-016,dec,d_b=3;m=5;gap=3;k=2;q=3;s=8,9,false,11,0.044,14,2,1,0.014,17,16,false
dec-016,dec,d_b=3;m=5;gap=3;k=2;q=3;s=8,9,false,11,0.044,14,2,2,0.018,17,16,false
dec-016,dec,d_b=3;m=5;gap=3;k=2;q=3;s=8,9,false,11,0.044,14,2,4,0.029,14,2,false
dec-016,dec,d_b=3;m=5;gap=3;k=2;q=3;s=8,9,false,11,0.044,14,2,8,0.052,14,2,false
dec-016,dec,d_b=3;m=5;gap=3;k=2;q=3;s=8,9,false,11,0.044,14,2,16,0.049,14,2,true
dec-016,dec,d_b=3;m=5;gap=3;k=2;q=3;s=8,9,false,11,0.044,14,2,32,0.047,14,2,true
dec-016,dec,d_b=3;m=5;gap=3;k=2;q=3;s=8,9,false,11,0.044,14,2,64,0.054,14,2,true
dec-016,dec,d_b=3;m=5;gap=3;k=2;q=3;s=8,9,false,11,0.044,14,2,128,0.045,14,2,true
dec-016,dec,d_b=3;m=5;gap=3;k=2;q=3;s=8,9,false,11,0.044,14,2,256,0.044,14,2,true
dec-016,dec,d_b=3;m=5;gap=3;k=2;q=3;s=8,9,false,11,0.044,14,2,512,0.044,14,2,true
dec-016,dec,d_b=3;m=5;gap=3;k=2;q=3;s=8,9,false,11,0.044,14,2,1024,0.043,14,2,true
dec-016,dec,d_b=3;m=5;gap=3;k=2;q=3;s=8,9,false,11,0.044,14,2,2048,0.047,14,2,true
dec-016,dec,d_b=3;m=5;gap=3;k=2;q=3;s=8,9,false,11,0.044,14,2,4096,0.043,14,2,true
dec-016,dec,d_b=3;m=5;gap=3;k=2;q=3;s=8,9,false,11,0.044,14,2,8192,0.045,14,2,true
dec-016,dec,d_b=3;m=5;gap=3;k=2;q=3;s=8,9,false,11,0.044,14,2,16384,0.043,14,2,true
mixed-005-1,mixed,seed=0xd7ce4523e1d5f8c1;cycles=6;planted=2;d_b=8;m=3;gap=2;k=2,26465,false,5748,0.182,53,12,1,0.065,59,48,false
mixed-005-1,mixed,seed=0xd7ce4523e1d5f8c1;cycles=6;planted=2;d_b=8;m=3;gap=2;k=2,26465,false,5748,0.182,53,12,2,0.074,59,48,false
mixed-005-1,mixed,seed=0xd7ce4523e1d5f8c1;cycles=6;planted=2;d_b=8;m=3;gap=2;k=2,26465,false,5748,0.182,53,12,4,0.081,59,48,false
mixed-005-1,mixed,seed=0xd7ce4523e1d5f8c1;cycles=6;planted=2;d_b=8;m=3;gap=2;k=2,26465,false,5748,0.182,53,12,8,0.111,59,48,false
mixed-005-1,mixed,seed=0xd7ce4523e1d5f8c1;cycles=6;planted=2;d_b=8;m=3;gap=2;k=2,26465,false,5748,0.182,53,12,16,0.169,59,48,false
mixed-005-1,mixed,seed=0xd7ce4523e1d5f8c1;cycles=6;planted=2;d_b=8;m=3;gap=2;k=2,26465,false,5748,0.182,53,12,32,0.263,59,48,false
mixed-005-1,mixed,seed=0xd7ce4523e1d5f8c1;cycles=6;planted=2;d_b=8;m=3;gap=2;k=2,26465,false,5748,0.182,53,12,64,0.448,59,48,false
mixed-005-1,mixed,seed=0xd7ce4523e1d5f8c1;cycles=6;planted=2;d_b=8;m=3;gap=2;k=2,26465,false,5748,0.182,53,12,128,0.689,53,12,false
mixed-005-1,mixed,seed=0xd7ce4523e1d5f8c1;cycles=6;planted=2;d_b=8;m=3;gap=2;k=2,26465,false,5748,0.182,53,12,256,1.188,53,12,false
mixed-005-1,mixed,seed=0xd7ce4523e1d5f8c1;cycles=6;planted=2;d_b=8;m=3;gap=2;k=2,26465,false,5748,0.182,53,12,512,2.103,53,12,false
mixed-005-1,mixed,seed=0xd7ce4523e1d5f8c1;cycles=6;planted=2;d_b=8;m=3;gap=2;k=2,26465,false,5748,0.182,53,12,1024,4.026,53,12,false
mixed-005-1,mixed,seed=0xd7ce4523e1d5f8c1;cycles=6;planted=2;d_b=8;m=3;gap=2;k=2,26465,false,5748,0.182,53,12,2048,7.827,53,12,false
mixed-005-1,mixed,seed=0xd7ce4523e1d5f8c1;cycles=6;planted=2;d_b=8;m=3;gap=2;k=2,26465,false,5748,0.182,53,12,4096,15.444,53,12,false
mixed-005-1,mixed,seed=0xd7ce4523e1d5f8c1;cycles=6;planted=2;d_b=8;m=3;gap=2;k=2,26465,false,5748,0.182,53,12,8192,32.526,53,12,false
mixed-005-1,mixed,seed=0xd7ce4523e1d5f8c1;cycles=6;planted=2;d_b=8;m=3;gap=2;k=2,26465,false,5748,0.182,53,12,16384,72.586,53,12,false
dec-017,dec,d_b=3;m=5;gap=3;k=4;q=3;s=8,15,false,17,0.067,14,2,1,0.015,17,16,false
dec-017,dec,d_b=3;m=5;gap=3;k=4;q=3;s=8,15,false,17,0.067,14,2,2,0.018,17,16,false
dec-017,dec,d_b=3;m=5;gap=3;k=4;q=3;s=8,15,false,17,0.067,14,2,4,0.028,17,16,false
dec-017,dec,d_b=3;m=5;gap=3;k=4;q=3;s=8,15,false,17,0.067,14,2,8,0.050,14,2,false
dec-017,dec,d_b=3;m=5;gap=3;k=4;q=3;s=8,15,false,17,0.067,14,2,16,0.081,14,2,true
dec-017,dec,d_b=3;m=5;gap=3;k=4;q=3;s=8,15,false,17,0.067,14,2,32,0.079,14,2,true
dec-017,dec,d_b=3;m=5;gap=3;k=4;q=3;s=8,15,false,17,0.067,14,2,64,0.077,14,2,true
dec-017,dec,d_b=3;m=5;gap=3;k=4;q=3;s=8,15,false,17,0.067,14,2,128,0.075,14,2,true
dec-017,dec,d_b=3;m=5;gap=3;k=4;q=3;s=8,15,false,17,0.067,14,2,256,0.074,14,2,true
dec-017,dec,d_b=3;m=5;gap=3;k=4;q=3;s=8,15,false,17,0.067,14,2,512,0.073,14,2,true
dec-017,dec,d_b=3;m=5;gap=3;k=4;q=3;s=8,15,false,17,0.067,14,2,1024,0.081,14,2,true
dec-017,dec,d_b=3;m=5;gap=3;k=4;q=3;s=8,15,false,17,0.067,14,2,2048,0.072,14,2,true
dec-017,dec,d_b=3;m=5;gap=3;k=4;q=3;s=8,15,false,17,0.067,14,2,4096,0.071,14,2,true
dec-017,dec,d_b=3;m=5;gap=3;k=4;q=3;s=8,15,false,17,0.067,14,2,8192,0.072,14,2,true
dec-017,dec,d_b=3;m=5;gap=3;k=4;q=3;s=8,15,false,17,0.067,14,2,16384,0.070,14,2,true
mixed-005-2,mixed,seed=0x62a455ca820f081c;cycles=6;planted=2;d_b=8;m=3;gap=2;k=2,26338,false,5770,0.223,63,12,1,0.123,69,48,false
mixed-005-2,mixed,seed=0x62a455ca820f081c;cycles=6;planted=2;d_b=8;m=3;gap=2;k=2,26338,false,5770,0.223,63,12,2,0.138,69,48,false
mixed-005-2,mixed,seed=0x62a455ca820f081c;cycles=6;planted=2;d_b=8;m=3;gap=2;k=2,26338,false,5770,0.223,63,12,4,0.158,69,48,false
mixed-005-2,mixed,seed=0x62a455ca820f081c;cycles=6;planted=2;d_b=8;m=3;gap=2;k=2,26338,false,5770,0.223,63,12,8,0.237,69,48,false
mixed-005-2,mixed,seed=0x62a455ca820f081c;cycles=6;planted=2;d_b=8;m=3;gap=2;k=2,26338,false,5770,0.223,63,12,16,0.385,69,48,false
mixed-005-2,mixed,seed=0x62a455ca820f081c;cycles=6;planted=2;d_b=8;m=3;gap=2;k=2,26338,false,5770,0.223,63,12,32,0.678,69,48,false
mixed-005-2,mixed,seed=0x62a455ca820f081c;cycles=6;planted=2;d_b=8;m=3;gap=2;k=2,26338,false,5770,0.223,63,12,64,1.179,69,48,false
mixed-005-2,mixed,seed=0x62a455ca820f081c;cycles=6;planted=2;d_b=8;m=3;gap=2;k=2,26338,false,5770,0.223,63,12,128,2.134,66,30,false
mixed-005-2,mixed,seed=0x62a455ca820f081c;cycles=6;planted=2;d_b=8;m=3;gap=2;k=2,26338,false,5770,0.223,63,12,256,3.985,63,12,false
mixed-005-2,mixed,seed=0x62a455ca820f081c;cycles=6;planted=2;d_b=8;m=3;gap=2;k=2,26338,false,5770,0.223,63,12,512,7.464,63,12,false
mixed-005-2,mixed,seed=0x62a455ca820f081c;cycles=6;planted=2;d_b=8;m=3;gap=2;k=2,26338,false,5770,0.223,63,12,1024,14.036,63,12,false
mixed-005-2,mixed,seed=0x62a455ca820f081c;cycles=6;planted=2;d_b=8;m=3;gap=2;k=2,26338,false,5770,0.223,63,12,2048,26.981,63,12,false
mixed-005-2,mixed,seed=0x62a455ca820f081c;cycles=6;planted=2;d_b=8;m=3;gap=2;k=2,26338,false,5770,0.223,63,12,4096,51.921,63,12,false
mixed-005-2,mixed,seed=0x62a455ca820f081c;cycles=6;planted=2;d_b=8;m=3;gap=2;k=2,26338,false,5770,0.223,63,12,8192,105.630,63,12,false
mixed-005-2,mixed,seed=0x62a455ca820f081c;cycles=6;planted=2;d_b=8;m=3;gap=2;k=2,26338,false,5770,0.223,63,12,16384,227.202,63,12,false
dec-018,dec,d_b=3;m=5;gap=7;k=1;q=3;s=10,6,false,8,0.026,14,2,1,0.013,21,20,false
dec-018,dec,d_b=3;m=5;gap=7;k=1;q=3;s=10,6,false,8,0.026,14,2,2,0.019,14,2,false
dec-018,dec,d_b=3;m=5;gap=7;k=1;q=3;s=10,6,false,8,0.026,14,2,4,0.028,14,2,false
dec-018,dec,d_b=3;m=5;gap=7;k=1;q=3;s=10,6,false,8,0.026,14,2,8,0.036,14,2,true
dec-018,dec,d_b=3;m=5;gap=7;k=1;q=3;s=10,6,false,8,0.026,14,2,16,0.035,14,2,true
dec-018,dec,d_b=3;m=5;gap=7;k=1;q=3;s=10,6,false,8,0.026,14,2,32,0.033,14,2,true
dec-018,dec,d_b=3;m=5;gap=7;k=1;q=3;s=10,6,false,8,0.026,14,2,64,0.033,14,2,true
dec-018,dec,d_b=3;m=5;gap=7;k=1;q=3;s=10,6,false,8,0.026,14,2,128,0.031,14,2,true
dec-018,dec,d_b=3;m=5;gap=7;k=1;q=3;s=10,6,false,8,0.026,14,2,256,0.031,14,2,true
dec-018,dec,d_b=3;m=5;gap=7;k=1;q=3;s=10,6,false,8,0.026,14,2,512,0.031,14,2,true
dec-018,dec,d_b=3;m=5;gap=7;k=1;q=3;s=10,6,false,8,0.026,14,2,1024,0.033,14,2,true
dec-018,dec,d_b=3;m=5;gap=7;k=1;q=3;s=10,6,false,8,0.026,14,2,2048,0.030,14,2,true
dec-018,dec,d_b=3;m=5;gap=7;k=1;q=3;s=10,6,false,8,0.026,14,2,4096,0.031,14,2,true
dec-018,dec,d_b=3;m=5;gap=7;k=1;q=3;s=10,6,false,8,0.026,14,2,8192,0.031,14,2,true
dec-018,dec,d_b=3;m=5;gap=7;k=1;q=3;s=10,6,false,8,0.026,14,2,16384,0.031,14,2,true
mixed-006-0,mixed,seed=0x656577c8c127b0fb;cycles=6;planted=2;d_b=12;m=2;gap=6;k=4,62,false,63,0.108,16,2,1,0.019,23,20,false
mixed-006-0,mixed,seed=0x656577c8c127b0fb;cycles=6;planted=2;d_b=12;m=2;gap=6;k=4,62,false,63,0.108,16,2,2,0.022,23,20,false
mixed-006-0,mixed,seed=0x656577c8c127b0fb;cycles=6;planted=2;d_b=12;m=2;gap=6;k=4,62,false,63,0.108,16,2,4,0.027,23,20,false
mixed-006-0,mixed,seed=0x656577c8c127b0fb;cycles=6;planted=2;d_b=12;m=2;gap=6;k=4,62,false,63,0.108,16,2,8,0.051,23,20,false
mixed-006-0,mixed,seed=0x656577c8c127b0fb;cycles=6;planted=2;d_b=12;m=2;gap=6;k=4,62,false,63,0.108,16,2,16,0.098,23,20,false
mixed-006-0,mixed,seed=0x656577c8c127b0fb;cycles=6;planted=2;d_b=12;m=2;gap=6;k=4,62,false,63,0.108,16,2,32,0.212,16,2,false
mixed-006-0,mixed,seed=0x656577c8c127b0fb;cycles=6;planted=2;d_b=12;m=2;gap=6;k=4,62,false,63,0.108,16,2,64,0.437,16,2,true
mixed-006-0,mixed,seed=0x656577c8c127b0fb;cycles=6;planted=2;d_b=12;m=2;gap=6;k=4,62,false,63,0.108,16,2,128,0.437,16,2,true
mixed-006-0,mixed,seed=0x656577c8c127b0fb;cycles=6;planted=2;d_b=12;m=2;gap=6;k=4,62,false,63,0.108,16,2,256,0.428,16,2,true
mixed-006-0,mixed,seed=0x656577c8c127b0fb;cycles=6;planted=2;d_b=12;m=2;gap=6;k=4,62,false,63,0.108,16,2,512,0.432,16,2,true
mixed-006-0,mixed,seed=0x656577c8c127b0fb;cycles=6;planted=2;d_b=12;m=2;gap=6;k=4,62,false,63,0.108,16,2,1024,0.424,16,2,true
mixed-006-0,mixed,seed=0x656577c8c127b0fb;cycles=6;planted=2;d_b=12;m=2;gap=6;k=4,62,false,63,0.108,16,2,2048,0.428,16,2,true
mixed-006-0,mixed,seed=0x656577c8c127b0fb;cycles=6;planted=2;d_b=12;m=2;gap=6;k=4,62,false,63,0.108,16,2,4096,0.423,16,2,true
mixed-006-0,mixed,seed=0x656577c8c127b0fb;cycles=6;planted=2;d_b=12;m=2;gap=6;k=4,62,false,63,0.108,16,2,8192,0.424,16,2,true
mixed-006-0,mixed,seed=0x656577c8c127b0fb;cycles=6;planted=2;d_b=12;m=2;gap=6;k=4,62,false,63,0.108,16,2,16384,0.425,16,2,true
dec-019,dec,d_b=3;m=5;gap=7;k=2;q=3;s=10,9,false,11,0.026,14,2,1,0.011,21,20,false
dec-019,dec,d_b=3;m=5;gap=7;k=2;q=3;s=10,9,false,11,0.026,14,2,2,0.017,21,20,false
dec-019,dec,d_b=3;m=5;gap=7;k=2;q=3;s=10,9,false,11,0.026,14,2,4,0.029,14,2,false
dec-019,dec,d_b=3;m=5;gap=7;k=2;q=3;s=10,9,false,11,0.026,14,2,8,0.050,14,2,false
dec-019,dec,d_b=3;m=5;gap=7;k=2;q=3;s=10,9,false,11,0.026,14,2,16,0.054,14,2,true
dec-019,dec,d_b=3;m=5;gap=7;k=2;q=3;s=10,9,false,11,0.026,14,2,32,0.051,14,2,true
dec-019,dec,d_b=3;m=5;gap=7;k=2;q=3;s=10,9,false,11,0.026,14,2,64,0.051,14,2,true
dec-019,dec,d_b=3;m=5;gap=7;k=2;q=3;s=10,9,false,11,0.026,14,2,128,0.049,14,2,true
dec-019,dec,d_b=3;m=5;gap=7;k=2;q=3;s=10,9,false,11,0.026,14,2,256,0.049,14,2,true
dec-019,dec,d_b=3;m=5;gap=7;k=2;q=3;s=10,9,false,11,0.026,14,2,512,0.048,14,2,true
dec-019,dec,d_b=3;m=5;gap=7;k=2;q=3;s=10,9,false,11,0.026,14,2,1024,0.049,14,2,true
dec-019,dec,d_b=3;m=5;gap=7;k=2;q=3;s=10,9,false,11,0.026,14,2,2048,0.048,14,2,true
dec-019,dec,d_b=3;m=5;gap=7;k=2;q=3;s=10,9,false,11,0.026,14,2,4096,0.049,14,2,true
dec-019,dec,d_b=3;m=5;gap=7;k=2;q=3;s=10,9,false,11,0.026,14,2,8192,0.048,14,2,true
dec-019,dec,d_b=3;m=5;gap=7;k=2;q=3;s=10,9,false,11,0.026,14,2,16384,0.048,14,2,true
mixed-006-1,mixed,seed=0xae94a088492c1244;cycles=6;planted=2;d_b=12;m=2;gap=6;k=4,37081,false,7840,0.256,47,12,1,0.105,61,48,false
mixed-006-1,mixed,seed=0xae94a088492c1244;cycles=6;planted=2;d_b=12;m=2;gap=6;k=4,37081,false,7840,0.256,47,12,2,0.114,61,48,false
mixed-006-1,mixed,seed=0xae94a088492c1244;cycles=6;planted=2;d_b=12;m=2;gap=6;k=4,37081,false,7840,0.256,47,12,4,0.125,61,48,false
mixed-006-1,mixed,seed=0xae94a088492c1244;cycles=6;planted=2;d_b=12;m=2;gap=6;k=4,37081,false,7840,0.256,47,12,8,0.185,61,48,false
mixed-006-1,mixed,seed=0xae94a088492c1244;cycles=6;planted=2;d_b=12;m=2;gap=6;k=4,37081,false,7840,0.256,47,12,16,0.292,61,48,false
mixed-006-1,mixed,seed=0xae94a088492c1244;cycles=6;planted=2;d_b=12;m=2;gap=6;k=4,37081,false,7840,0.256,47,12,32,0.517,61,48,false
mixed-006-1,mixed,seed=0xae94a088492c1244;cycles=6;planted=2;d_b=12;m=2;gap=6;k=4,37081,false,7840,0.256,47,12,64,0.977,54,30,false
mixed-006-1,mixed,seed=0xae94a088492c1244;cycles=6;planted=2;d_b=12;m=2;gap=6;k=4,37081,false,7840,0.256,47,12,128,1.961,47,12,false
mixed-006-1,mixed,seed=0xae94a088492c1244;cycles=6;planted=2;d_b=12;m=2;gap=6;k=4,37081,false,7840,0.256,47,12,256,3.704,47,12,false
mixed-006-1,mixed,seed=0xae94a088492c1244;cycles=6;planted=2;d_b=12;m=2;gap=6;k=4,37081,false,7840,0.256,47,12,512,7.132,47,12,false
mixed-006-1,mixed,seed=0xae94a088492c1244;cycles=6;planted=2;d_b=12;m=2;gap=6;k=4,37081,false,7840,0.256,47,12,1024,13.357,47,12,false
mixed-006-1,mixed,seed=0xae94a088492c1244;cycles=6;planted=2;d_b=12;m=2;gap=6;k=4,37081,false,7840,0.256,47,12,2048,26.391,47,12,false
mixed-006-1,mixed,seed=0xae94a088492c1244;cycles=6;planted=2;d_b=12;m=2;gap=6;k=4,37081,false,7840,0.256,47,12,4096,52.234,47,12,false
mixed-006-1,mixed,seed=0xae94a088492c1244;cycles=6;planted=2;d_b=12;m=2;gap=6;k=4,37081,false,7840,0.256,47,12,8192,107.649,47,12,false
mixed-006-1,mixed,seed=0xae94a088492c1244;cycles=6;planted=2;d_b=12;m=2;gap=6;k=4,37081,false,7840,0.256,47,12,16384,215.224,47,12,false
dec-020,dec,d_b=3;m=5;gap=7;k=4;q=3;s=10,15,false,17,0.050,14,2,1,0.015,21,20,false
dec-020,dec,d_b=3;m=5;gap=7;k=4;q=3;s=10,15,false,17,0.050,14,2,2,0.020,21,20,false
dec-020,dec,d_b=3;m=5;gap=7;k=4;q=3;s=10,15,false,17,0.050,14,2,4,0.029,21,20,false
dec-020,dec,d_b=3;m=5;gap=7;k=4;q=3;s=10,15,false,17,0.050,14,2,8,0.055,14,2,false
dec-020,dec,d_b=3;m=5;gap=7;k=4;q=3;s=10,15,false,17,0.050,14,2,16,0.094,14,2,true
dec-020,dec,d_b=3;m=5;gap=7;k=4;q=3;s=10,15,false,17,0.050,14,2,32,0.088,14,2,true
dec-020,dec,d_b=3;m=5;gap=7;k=4;q=3;s=10,15,false,17,0.050,14,2,64,0.086,14,2,true
dec-020,dec,d_b=3;m=5;gap=7;k=4;q=3;s=10,15,false,17,0.050,14,2,128,0.084,14,2,true
dec-020,dec,d_b=3;m=5;gap=7;k=4;q=3;s=10,15,false,17,0.050,14,2,256,0.083,14,2,true
dec-020,dec,d_b=3;m=5;gap=7;k=4;q=3;s=10,15,false,17,0.050,14,2,512,0.082,14,2,true
dec-020,dec,d_b=3;m=5;gap=7;k=4;q=3;s=10,15,false,17,0.050,14,2,1024,0.082,14,2,true
dec-020,dec,d_b=3;m=5;gap=7;k=4;q=3;s=10,15,false,17,0.050,14,2,2048,0.082,14,2,true
dec-020,dec,d_b=3;m=5;gap=7;k=4;q=3;s=10,15,false,17,0.050,14,2,4096,0.082,14,2,true
dec-020,dec,d_b=3;m=5;gap=7;k=4;q=3;s=10,15,false,17,0.050,14,2,8192,0.081,14,2,true
dec-020,dec,d_b=3;m=5;gap=7;k=4;q=3;s=10,15,false,17,0.050,14,2,16384,0.082,14,2,true
mixed-006-2,mixed,seed=0x51f8cc29b80041d4;cycles=6;planted=2;d_b=12;m=2;gap=6;k=4,14098,false,3271,0.235,41,8,1,0.061,55,44,false
mixed-006-2,mixed,seed=0x51f8cc29b80041d4;cycles=6;planted=2;d_b=12;m=2;gap=6;k=4,14098,false,3271,0.235,41,8,2,0.075,55,44,false
mixed-006-2,mixed,seed=0x51f8cc29b80041d4;cycles=6;planted=2;d_b=12;m=2;gap=6;k=4,14098,false,3271,0.235,41,8,4,0.082,55,44,false
mixed-006-2,mixed,seed=0x51f8cc29b80041d4;cycles=6;planted=2;d_b=12;m=2;gap=6;k=4,14098,false,3271,0.235,41,8,8,0.147,55,44,false
mixed-006-2,mixed,seed=0x51f8cc29b80041d4;cycles=6;planted=2;d_b=12;m=2;gap=6;k=4,14098,false,3271,0.235,41,8,16,0.199,55,44,false
mixed-006-2,mixed,seed=0x51f8cc29b80041d4;cycles=6;planted=2;d_b=12;m=2;gap=6;k=4,14098,false,3271,0.235,41,8,32,0.369,48,26,false
mixed-006-2,mixed,seed=0x51f8cc29b80041d4;cycles=6;planted=2;d_b=12;m=2;gap=6;k=4,14098,false,3271,0.235,41,8,64,0.655,48,26,false
mixed-006-2,mixed,seed=0x51f8cc29b80041d4;cycles=6;planted=2;d_b=12;m=2;gap=6;k=4,14098,false,3271,0.235,41,8,128,1.324,41,8,false
mixed-006-2,mixed,seed=0x51f8cc29b80041d4;cycles=6;planted=2;d_b=12;m=2;gap=6;k=4,14098,false,3271,0.235,41,8,256,2.814,41,8,false
mixed-006-2,mixed,seed=0x51f8cc29b80041d4;cycles=6;planted=2;d_b=12;m=2;gap=6;k=4,14098,false,3271,0.235,41,8,512,5.393,41,8,false
mixed-006-2,mixed,seed=0x51f8cc29b80041d4;cycles=6;planted=2;d_b=12;m=2;gap=6;k=4,14098,false,3271,0.235,41,8,1024,10.684,41,8,false
mixed-006-2,mixed,seed=0x51f8cc29b80041d4;cycles=6;planted=2;d_b=12;m=2;gap=6;k=4,14098,false,3271,0.235,41,8,2048,20.898,41,8,false
mixed-006-2,mixed,seed=0x51f8cc29b80041d4;cycles=6;planted=2;d_b=12;m=2;gap=6;k=4,14098,false,3271,0.235,41,8,4096,41.761,41,8,false
mixed-006-2,mixed,seed=0x51f8cc29b80041d4;cycles=6;planted=2;d_b=12;m=2;gap=6;k=4,14098,false,3271,0.235,41,8,8192,85.718,41,8,false
mixed-006-2,mixed,seed=0x51f8cc29b80041d4;cycles=6;planted=2;d_b=12;m=2;gap=6;k=4,14098,false,3271,0.235,41,8,16384,160.232,41,8,true
dec-021,dec,d_b=3;m=9;gap=1;k=1;q=7;s=13,6,false,8,0.042,26,2,1,0.026,27,26,false
dec-021,dec,d_b=3;m=9;gap=1;k=1;q=7;s=13,6,false,8,0.042,26,2,2,0.030,26,2,false
dec-021,dec,d_b=3;m=9;gap=1;k=1;q=7;s=13,6,false,8,0.042,26,2,4,0.035,26,2,false
dec-021,dec,d_b=3;m=9;gap=1;k=1;q=7;s=13,6,false,8,0.042,26,2,8,0.042,26,2,true
dec-021,dec,d_b=3;m=9;gap=1;k=1;q=7;s=13,6,false,8,0.042,26,2,16,0.039,26,2,true
dec-021,dec,d_b=3;m=9;gap=1;k=1;q=7;s=13,6,false,8,0.042,26,2,32,0.037,26,2,true
dec-021,dec,d_b=3;m=9;gap=1;k=1;q=7;s=13,6,false,8,0.042,26,2,64,0.036,26,2,true
dec-021,dec,d_b=3;m=9;gap=1;k=1;q=7;s=13,6,false,8,0.042,26,2,128,0.036,26,2,true
dec-021,dec,d_b=3;m=9;gap=1;k=1;q=7;s=13,6,false,8,0.042,26,2,256,0.034,26,2,true
dec-021,dec,d_b=3;m=9;gap=1;k=1;q=7;s=13,6,false,8,0.042,26,2,512,0.036,26,2,true
dec-021,dec,d_b=3;m=9;gap=1;k=1;q=7;s=13,6,false,8,0.042,26,2,1024,0.034,26,2,true
dec-021,dec,d_b=3;m=9;gap=1;k=1;q=7;s=13,6,false,8,0.042,26,2,2048,0.034,26,2,true
dec-021,dec,d_b=3;m=9;gap=1;k=1;q=7;s=13,6,false,8,0.042,26,2,4096,0.034,26,2,true
dec-021,dec,d_b=3;m=9;gap=1;k=1;q=7;s=13,6,false,8,0.042,26,2,8192,0.034,26,2,true
dec-021,dec,d_b=3;m=9;gap=1;k=1;q=7;s=13,6,false,8,0.042,26,2,16384,0.034,26,2,true
mixed-007-0,mixed,seed=0xc4521a2085cbadbd;cycles=6;planted=2;d_b=16;m=5;gap=2;k=1,65,false,69,0.309,133,4,1,0.044,139,136,false
mixed-007-0,mixed,seed=0xc4521a2085cbadbd;cycles=6;planted=2;d_b=16;m=5;gap=2;k=1,65,false,69,0.309,133,4,2,0.046,139,136,false
mixed-007-0,mixed,seed=0xc4521a2085cbadbd;cycles=6;planted=2;d_b=16;m=5;gap=2;k=1,65,false,69,0.309,133,4,4,0.062,139,136,false
mixed-007-0,mixed,seed=0xc4521a2085cbadbd;cycles=6;planted=2;d_b=16;m=5;gap=2;k=1,65,false,69,0.309,133,4,8,0.096,139,136,false
mixed-007-0,mixed,seed=0xc4521a2085cbadbd;cycles=6;planted=2;d_b=16;m=5;gap=2;k=1,65,false,69,0.309,133,4,16,0.167,139,136,false
mixed-007-0,mixed,seed=0xc4521a2085cbadbd;cycles=6;planted=2;d_b=16;m=5;gap=2;k=1,65,false,69,0.309,133,4,32,0.319,136,70,false
mixed-007-0,mixed,seed=0xc4521a2085cbadbd;cycles=6;planted=2;d_b=16;m=5;gap=2;k=1,65,false,69,0.309,133,4,64,0.694,133,4,false
mixed-007-0,mixed,seed=0xc4521a2085cbadbd;cycles=6;planted=2;d_b=16;m=5;gap=2;k=1,65,false,69,0.309,133,4,128,0.710,133,4,true
mixed-007-0,mixed,seed=0xc4521a2085cbadbd;cycles=6;planted=2;d_b=16;m=5;gap=2;k=1,65,false,69,0.309,133,4,256,0.739,133,4,true
mixed-007-0,mixed,seed=0xc4521a2085cbadbd;cycles=6;planted=2;d_b=16;m=5;gap=2;k=1,65,false,69,0.309,133,4,512,0.708,133,4,true
mixed-007-0,mixed,seed=0xc4521a2085cbadbd;cycles=6;planted=2;d_b=16;m=5;gap=2;k=1,65,false,69,0.309,133,4,1024,0.708,133,4,true
mixed-007-0,mixed,seed=0xc4521a2085cbadbd;cycles=6;planted=2;d_b=16;m=5;gap=2;k=1,65,false,69,0.309,133,4,2048,0.700,133,4,true
mixed-007-0,mixed,seed=0xc4521a2085cbadbd;cycles=6;planted=2;d_b=16;m=5;gap=2;k=1,65,false,69,0.309,133,4,4096,0.717,133,4,true
mixed-007-0,mixed,seed=0xc4521a2085cbadbd;cycles=6;planted=2;d_b=16;m=5;gap=2;k=1,65,false,69,0.309,133,4,8192,0.698,133,4,true
mixed-007-0,mixed,seed=0xc4521a2085cbadbd;cycles=6;planted=2;d_b=16;m=5;gap=2;k=1,65,false,69,0.309,133,4,16384,0.704,133,4,true
dec-022,dec,d_b=3;m=9;gap=1;k=2;q=7;s=13,9,false,11,0.045,26,2,1,0.013,27,26,false
dec-022,dec,d_b=3;m=9;gap=1;k=2;q=7;s=13,9,false,11,0.045,26,2,2,0.021,27,26,false
dec-022,dec,d_b=3;m=9;gap=1;k=2;q=7;s=13,9,false,11,0.045,26,2,4,0.034,26,2,false
dec-022,dec,d_b=3;m=9;gap=1;k=2;q=7;s=13,9,false,11,0.045,26,2,8,0.056,26,2,false
dec-022,dec,d_b=3;m=9;gap=1;k=2;q=7;s=13,9,false,11,0.045,26,2,16,0.060,26,2,true
dec-022,dec,d_b=3;m=9;gap=1;k=2;q=7;s=13,9,false,11,0.045,26,2,32,0.058,26,2,true
dec-022,dec,d_b=3;m=9;gap=1;k=2;q=7;s=13,9,false,11,0.045,26,2,64,0.057,26,2,true
dec-022,dec,d_b=3;m=9;gap=1;k=2;q=7;s=13,9,false,11,0.045,26,2,128,0.055,26,2,true
dec-022,dec,d_b=3;m=9;gap=1;k=2;q=7;s=13,9,false,11,0.045,26,2,256,0.055,26,2,true
dec-022,dec,d_b=3;m=9;gap=1;k=2;q=7;s=13,9,false,11,0.045,26,2,512,0.055,26,2,true
dec-022,dec,d_b=3;m=9;gap=1;k=2;q=7;s=13,9,false,11,0.045,26,2,1024,0.054,26,2,true
dec-022,dec,d_b=3;m=9;gap=1;k=2;q=7;s=13,9,false,11,0.045,26,2,2048,0.054,26,2,true
dec-022,dec,d_b=3;m=9;gap=1;k=2;q=7;s=13,9,false,11,0.045,26,2,4096,0.054,26,2,true
dec-022,dec,d_b=3;m=9;gap=1;k=2;q=7;s=13,9,false,11,0.045,26,2,8192,0.054,26,2,true
dec-022,dec,d_b=3;m=9;gap=1;k=2;q=7;s=13,9,false,11,0.045,26,2,16384,0.053,26,2,true
mixed-007-1,mixed,seed=0x4f7a9845611bffe7;cycles=6;planted=2;d_b=16;m=5;gap=2;k=1,26355,false,5777,0.384,153,10,1,0.139,159,142,false
mixed-007-1,mixed,seed=0x4f7a9845611bffe7;cycles=6;planted=2;d_b=16;m=5;gap=2;k=1,26355,false,5777,0.384,153,10,2,0.155,159,142,false
mixed-007-1,mixed,seed=0x4f7a9845611bffe7;cycles=6;planted=2;d_b=16;m=5;gap=2;k=1,26355,false,5777,0.384,153,10,4,0.189,159,142,false
mixed-007-1,mixed,seed=0x4f7a9845611bffe7;cycles=6;planted=2;d_b=16;m=5;gap=2;k=1,26355,false,5777,0.384,153,10,8,0.239,159,142,false
mixed-007-1,mixed,seed=0x4f7a9845611bffe7;cycles=6;planted=2;d_b=16;m=5;gap=2;k=1,26355,false,5777,0.384,153,10,16,0.390,159,142,false
mixed-007-1,mixed,seed=0x4f7a9845611bffe7;cycles=6;planted=2;d_b=16;m=5;gap=2;k=1,26355,false,5777,0.384,153,10,32,0.703,159,142,false
mixed-007-1,mixed,seed=0x4f7a9845611bffe7;cycles=6;planted=2;d_b=16;m=5;gap=2;k=1,26355,false,5777,0.384,153,10,64,1.309,156,76,false
mixed-007-1,mixed,seed=0x4f7a9845611bffe7;cycles=6;planted=2;d_b=16;m=5;gap=2;k=1,26355,false,5777,0.384,153,10,128,2.645,153,10,false
mixed-007-1,mixed,seed=0x4f7a9845611bffe7;cycles=6;planted=2;d_b=16;m=5;gap=2;k=1,26355,false,5777,0.384,153,10,256,4.625,153,10,false
mixed-007-1,mixed,seed=0x4f7a9845611bffe7;cycles=6;planted=2;d_b=16;m=5;gap=2;k=1,26355,false,5777,0.384,153,10,512,8.399,153,10,false
mixed-007-1,mixed,seed=0x4f7a9845611bffe7;cycles=6;planted=2;d_b=16;m=5;gap=2;k=1,26355,false,5777,0.384,153,10,1024,16.112,153,10,false
mixed-007-1,mixed,seed=0x4f7a9845611bffe7;cycles=6;planted=2;d_b=16;m=5;gap=2;k=1,26355,false,5777,0.384,153,10,2048,30.595,153,10,false
mixed-007-1,mixed,seed=0x4f7a9845611bffe7;cycles=6;planted=2;d_b=16;m=5;gap=2;k=1,26355,false,5777,0.384,153,10,4096,60.760,153,10,false
mixed-007-1,mixed,seed=0x4f7a9845611bffe7;cycles=6;planted=2;d_b=16;m=5;gap=2;k=1,26355,false,5777,0.384,153,10,8192,122.551,153,10,false
mixed-007-1,mixed,seed=0x4f7a9845611bffe7;cycles=6;planted=2;d_b=16;m=5;gap=2;k=1,26355,false,5777,0.384,153,10,16384,252.997,153,10,false
dec-023,dec,d_b=3;m=9;gap=1;k=4;q=7;s=13,15,false,17,0.085,26,2,1,0.021,27,26,false
dec-023,dec,d_b=3;m=9;gap=1;k=4;q=7;s=13,15,false,17,0.085,26,2,2,0.025,27,26,false
dec-023,dec,d_b=3;m=9;gap=1;k=4;q=7;s=13,15,false,17,0.085,26,2,4,0.036,27,26,false
dec-023,dec,d_b=3;m=9;gap=1;k=4;q=7;s=13,15,false,17,0.085,26,2,8,0.063,26,2,false
dec-023,dec,d_b=3;m=9;gap=1;k=4;q=7;s=13,15,false,17,0.085,26,2,16,0.113,26,2,true
dec-023,dec,d_b=3;m=9;gap=1;k=4;q=7;s=13,15,false,17,0.085,26,2,32,0.111,26,2,true
dec-023,dec,d_b=3;m=9;gap=1;k=4;q=7;s=13,15,false,17,0.085,26,2,64,0.100,26,2,true
dec-023,dec,d_b=3;m=9;gap=1;k=4;q=7;s=13,15,false,17,0.085,26,2,128,0.096,26,2,true
dec-023,dec,d_b=3;m=9;gap=1;k=4;q=7;s=13,15,false,17,0.085,26,2,256,0.096,26,2,true
dec-023,dec,d_b=3;m=9;gap=1;k=4;q=7;s=13,15,false,17,0.085,26,2,512,0.092,26,2,true
dec-023,dec,d_b=3;m=9;gap=1;k=4;q=7;s=13,15,false,17,0.085,26,2,1024,0.095,26,2,true
dec-023,dec,d_b=3;m=9;gap=1;k=4;q=7;s=13,15,false,17,0.085,26,2,2048,0.091,26,2,true
dec-023,dec,d_b=3;m=9;gap=1;k=4;q=7;s=13,15,false,17,0.085,26,2,4096,0.092,26,2,true
dec-023,dec,d_b=3;m=9;gap=1;k=4;q=7;s=13,15,false,17,0.085,26,2,8192,0.090,26,2,true
dec-023,dec,d_b=3;m=9;gap=1;k=4;q=7;s=13,15,false,17,0.085,26,2,16384,0.091,26,2,true
mixed-007-2,mixed,seed=0xe6db52fc9f66af20;cycles=6;planted=2;d_b=16;m=5;gap=2;k=1,33381,false,7021,0.472,157,10,1,0.232,163,142,false
mixed-007-2,mixed,seed=0xe6db52fc9f66af20;cycles=6;planted=2;d_b=16;m=5;gap=2;k=1,33381,false,7021,0.472,157,10,2,0.261,163,142,false
mixed-007-2,mixed,seed=0xe6db52fc9f66af20;cycles=6;planted=2;d_b=16;m=5;gap=2;k=1,33381,false,7021,0.472,157,10,4,0.336,163,142,false
mixed-007-2,mixed,seed=0xe6db52fc9f66af20;cycles=6;planted=2;d_b=16;m=5;gap=2;k=1,33381,false,7021,0.472,157,10,8,0.520,163,142,false
mixed-007-2,mixed,seed=0xe6db52fc9f66af20;cycles=6;planted=2;d_b=16;m=5;gap=2;k=1,33381,false,7021,0.472,157,10,16,0.753,163,142,false
mixed-007-2,mixed,seed=0xe6db52fc9f66af20;cycles=6;planted=2;d_b=16;m=5;gap=2;k=1,33381,false,7021,0.472,157,10,32,1.285,163,142,false
mixed-007-2,mixed,seed=0xe6db52fc9f66af20;cycles=6;planted=2;d_b=16;m=5;gap=2;k=1,33381,false,7021,0.472,157,10,64,2.369,163,142,false
mixed-007-2,mixed,seed=0xe6db52fc9f66af20;cycles=6;planted=2;d_b=16;m=5;gap=2;k=1,33381,false,7021,0.472,157,10,128,4.541,160,76,false
mixed-007-2,mixed,seed=0xe6db52fc9f66af20;cycles=6;planted=2;d_b=16;m=5;gap=2;k=1,33381,false,7021,0.472,157,10,256,8.955,157,10,false
mixed-007-2,mixed,seed=0xe6db52fc9f66af20;cycles=6;planted=2;d_b=16;m=5;gap=2;k=1,33381,false,7021,0.472,157,10,512,16.421,157,10,false
mixed-007-2,mixed,seed=0xe6db52fc9f66af20;cycles=6;planted=2;d_b=16;m=5;gap=2;k=1,33381,false,7021,0.472,157,10,1024,31.166,157,10,false
mixed-007-2,mixed,seed=0xe6db52fc9f66af20;cycles=6;planted=2;d_b=16;m=5;gap=2;k=1,33381,false,7021,0.472,157,10,2048,61.553,157,10,false
mixed-007-2,mixed,seed=0xe6db52fc9f66af20;cycles=6;planted=2;d_b=16;m=5;gap=2;k=1,33381,false,7021,0.472,157,10,4096,121.210,157,10,false
mixed-007-2,mixed,seed=0xe6db52fc9f66af20;cycles=6;planted=2;d_b=16;m=5;gap=2;k=1,33381,false,7021,0.472,157,10,8192,244.007,157,10,false
mixed-007-2,mixed,seed=0xe6db52fc9f66af20;cycles=6;planted=2;d_b=16;m=5;gap=2;k=1,33381,false,7021,0.472,157,10,16384,495.798,157,10,false
dec-024,dec,d_b=3;m=9;gap=3;k=1;q=7;s=14,6,false,8,0.045,26,2,1,0.018,29,28,false
dec-024,dec,d_b=3;m=9;gap=3;k=1;q=7;s=14,6,false,8,0.045,26,2,2,0.030,26,2,false
dec-024,dec,d_b=3;m=9;gap=3;k=1;q=7;s=14,6,false,8,0.045,26,2,4,0.033,26,2,false
dec-024,dec,d_b=3;m=9;gap=3;k=1;q=7;s=14,6,false,8,0.045,26,2,8,0.042,26,2,true
dec-024,dec,d_b=3;m=9;gap=3;k=1;q=7;s=14,6,false,8,0.045,26,2,16,0.040,26,2,true
dec-024,dec,d_b=3;m=9;gap=3;k=1;q=7;s=14,6,false,8,0.045,26,2,32,0.037,26,2,true
dec-024,dec,d_b=3;m=9;gap=3;k=1;q=7;s=14,6,false,8,0.045,26,2,64,0.037,26,2,true
dec-024,dec,d_b=3;m=9;gap=3;k=1;q=7;s=14,6,false,8,0.045,26,2,128,0.036,26,2,true
dec-024,dec,d_b=3;m=9;gap=3;k=1;q=7;s=14,6,false,8,0.045,26,2,256,0.036,26,2,true
dec-024,dec,d_b=3;m=9;gap=3;k=1;q=7;s=14,6,false,8,0.045,26,2,512,0.035,26,2,true
dec-024,dec,d_b=3;m=9;gap=3;k=1;q=7;s=14,6,false,8,0.045,26,2,1024,0.035,26,2,true
dec-024,dec,d_b=3;m=9;gap=3;k=1;q=7;s=14,6,false,8,0.045,26,2,2048,0.035,26,2,true
dec-024,dec,d_b=3;m=9;gap=3;k=1;q=7;s=14,6,false,8,0.045,26,2,4096,0.035,26,2,true
dec-024,dec,d_b=3;m=9;gap=3;k=1;q=7;s=14,6,false,8,0.045,26,2,8192,0.047,26,2,true
dec-024,dec,d_b=3;m=9;gap=3;k=1;q=7;s=14,6,false,8,0.045,26,2,16384,0.034,26,2,true
mixed-008-0,mixed,seed=0x5304125630d64811;cycles=6;planted=3;d_b=4;m=2;gap=1;k=2,13,false,14,0.041,7,2,1,0.011,8,6,false
mixed-008-0,mixed,seed=0x5304125630d64811;cycles=6;planted=3;d_b=4;m=2;gap=1;k=2,13,false,14,0.041,7,2,2,0.011,8,6,false
mixed-008-0,mixed,seed=0x5304125630d64811;cycles=6;planted=3;d_b=4;m=2;gap=1;k=2,13,false,14,0.041,7,2,4,0.020,8,6,false
mixed-008-0,mixed,seed=0x5304125630d64811;cycles=6;planted=3;d_b=4;m=2;gap=1;k=2,13,false,14,0.041,7,2,8,0.033,7,2,false
mixed-008-0,mixed,seed=0x5304125630d64811;cycles=6;planted=3;d_b=4;m=2;gap=1;k=2,13,false,14,0.041,7,2,16,0.050,7,2,true
mixed-008-0,mixed,seed=0x5304125630d64811;cycles=6;planted=3;d_b=4;m=2;gap=1;k=2,13,false,14,0.041,7,2,32,0.048,7,2,true
mixed-008-0,mixed,seed=0x5304125630d64811;cycles=6;planted=3;d_b=4;m=2;gap=1;k=2,13,false,14,0.041,7,2,64,0.047,7,2,true
mixed-008-0,mixed,seed=0x5304125630d64811;cycles=6;planted=3;d_b=4;m=2;gap=1;k=2,13,false,14,0.041,7,2,128,0.047,7,2,true
mixed-008-0,mixed,seed=0x5304125630d64811;cycles=6;planted=3;d_b=4;m=2;gap=1;k=2,13,false,14,0.041,7,2,256,0.045,7,2,true
mixed-008-0,mixed,seed=0x5304125630d64811;cycles=6;planted=3;d_b=4;m=2;gap=1;k=2,13,false,14,0.041,7,2,512,0.045,7,2,true
mixed-008-0,mixed,seed=0x5304125630d64811;cycles=6;planted=3;d_b=4;m=2;gap=1;k=2,13,false,14,0.041,7,2,1024,0.045,7,2,true
mixed-008-0,mixed,seed=0x5304125630d64811;cycles=6;planted=3;d_b=4;m=2;gap=1;k=2,13,false,14,0.041,7,2,2048,0.045,7,2,true
mixed-008-0,mixed,seed=0x5304125630d64811;cycles=6;planted=3;d_b=4;m=2;gap=1;k=2,13,false,14,0.041,7,2,4096,0.044,7,2,true
mixed-008-0,mixed,seed=0x5304125630d64811;cycles=6;planted=3;d_b=4;m=2;gap=1;k=2,13,false,14,0.041,7,2,8192,0.045,7,2,true
mixed-008-0,mixed,seed=0x5304125630d64811;cycles=6;planted=3;d_b=4;m=2;gap=1;k=2,13,false,14,0.041,7,2,16384,0.044,7,2,true
dec-025,dec,d_b=3;m=9;gap=3;k=2;q=7;s=14,9,false,11,0.046,26,2,1,0.014,29,28,false
dec-025,dec,d_b=3;m=9;gap=3;k=2;q=7;s=14,9,false,11,0.046,26,2,2,0.021,29,28,false
dec-025,dec,d_b=3;m=9;gap=3;k=2;q=7;s=14,9,false,11,0.046,26,2,4,0.032,26,2,false
dec-025,dec,d_b=3;m=9;gap=3;k=2;q=7;s=14,9,false,11,0.046,26,2,8,0.057,26,2,false
dec-025,dec,d_b=3;m=9;gap=3;k=2;q=7;s=14,9,false,11,0.046,26,2,16,0.059,26,2,true
dec-025,dec,d_b=3;m=9;gap=3;k=2;q=7;s=14,9,false,11,0.046,26,2,32,0.058,26,2,true
dec-025,dec,d_b=3;m=9;gap=3;k=2;q=7;s=14,9,false,11,0.046,26,2,64,0.056,26,2,true
dec-025,dec,d_b=3;m=9;gap=3;k=2;q=7;s=14,9,false,11,0.046,26,2,128,0.056,26,2,true
dec-025,dec,d_b=3;m=9;gap=3;k=2;q=7;s=14,9,false,11,0.046,26,2,256,0.055,26,2,true
dec-025,dec,d_b=3;m=9;gap=3;k=2;q=7;s=14,9,false,11,0.046,26,2,512,0.055,26,2,true
dec-025,dec,d_b=3;m=9;gap=3;k=2;q=7;s=14,9,false,11,0.046,26,2,1024,0.055,26,2,true
dec-025,dec,d_b=3;m=9;gap=3;k=2;q=7;s=14,9,false,11,0.046,26,2,2048,0.054,26,2,true
dec-025,dec,d_b=3;m=9;gap=3;k=2;q=7;s=14,9,false,11,0.046,26,2,4096,0.055,26,2,true
dec-025,dec,d_b=3;m=9;gap=3;k=2;q=7;s=14,9,false,11,0.046,26,2,8192,0.054,26,2,true
dec-025,dec,d_b=3;m=9;gap=3;k=2;q=7;s=14,9,false,11,0.046,26,2,16384,0.055,26,2,true
mixed-008-1,mixed,seed=0x0cb06a642ee9ac39;cycles=6;planted=3;d_b=4;m=2;gap=1;k=2,14025,false,3226,0.154,41,12,1,0.128,44,24,false
mixed-008-1,mixed,seed=0x0cb06a642ee9ac39;cycles=6;planted=3;d_b=4;m=2;gap=1;k=2,14025,false,3226,0.154,41,12,2,0.130,44,24,false
mixed-008-1,mixed,seed=0x0cb06a642ee9ac39;cycles=6;planted=3;d_b=4;m=2;gap=1;k=2,14025,false,3226,0.154,41,12,4,0.144,44,24,false
mixed-008-1,mixed,seed=0x0cb06a642ee9ac39;cycles=6;planted=3;d_b=4;m=2;gap=1;k=2,14025,false,3226,0.154,41,12,8,0.192,44,24,false
mixed-008-1,mixed,seed=0x0cb06a642ee9ac39;cycles=6;planted=3;d_b=4;m=2;gap=1;k=2,14025,false,3226,0.154,41,12,16,0.314,44,24,false
mixed-008-1,mixed,seed=0x0cb06a642ee9ac39;cycles=6;planted=3;d_b=4;m=2;gap=1;k=2,14025,false,3226,0.154,41,12,32,0.555,43,20,false
mixed-008-1,mixed,seed=0x0cb06a642ee9ac39;cycles=6;planted=3;d_b=4;m=2;gap=1;k=2,14025,false,3226,0.154,41,12,64,1.099,41,12,false
mixed-008-1,mixed,seed=0x0cb06a642ee9ac39;cycles=6;planted=3;d_b=4;m=2;gap=1;k=2,14025,false,3226,0.154,41,12,128,2.095,41,12,false
mixed-008-1,mixed,seed=0x0cb06a642ee9ac39;cycles=6;planted=3;d_b=4;m=2;gap=1;k=2,14025,false,3226,0.154,41,12,256,4.051,41,12,false
mixed-008-1,mixed,seed=0x0cb06a642ee9ac39;cycles=6;planted=3;d_b=4;m=2;gap=1;k=2,14025,false,3226,0.154,41,12,512,7.869,41,12,false
mixed-008-1,mixed,seed=0x0cb06a642ee9ac39;cycles=6;planted=3;d_b=4;m=2;gap=1;k=2,14025,false,3226,0.154,41,12,1024,15.757,41,12,false
mixed-008-1,mixed,seed=0x0cb06a642ee9ac39;cycles=6;planted=3;d_b=4;m=2;gap=1;k=2,14025,false,3226,0.154,41,12,2048,30.909,41,12,false
mixed-008-1,mixed,seed=0x0cb06a642ee9ac39;cycles=6;planted=3;d_b=4;m=2;gap=1;k=2,14025,false,3226,0.154,41,12,4096,61.079,41,12,false
mixed-008-1,mixed,seed=0x0cb06a642ee9ac39;cycles=6;planted=3;d_b=4;m=2;gap=1;k=2,14025,false,3226,0.154,41,12,8192,123.206,41,12,false
mixed-008-1,mixed,seed=0x0cb06a642ee9ac39;cycles=6;planted=3;d_b=4;m=2;gap=1;k=2,14025,false,3226,0.154,41,12,16384,225.005,41,12,true
dec-026,dec,d_b=3;m=9;gap=3;k=4;q=7;s=14,15,false,17,0.089,26,2,1,0.021,29,28,false
dec-026,dec,d_b=3;m=9;gap=3;k=4;q=7;s=14,15,false,17,0.089,26,2,2,0.025,29,28,false
dec-026,dec,d_b=3;m=9;gap=3;k=4;q=7;s=14,15,false,17,0.089,26,2,4,0.037,29,28,false
dec-026,dec,d_b=3;m=9;gap=3;k=4;q=7;s=14,15,false,17,0.089,26,2,8,0.067,26,2,false
dec-026,dec,d_b=3;m=9;gap=3;k=4;q=7;s=14,15,false,17,0.089,26,2,16,0.107,26,2,true
dec-026,dec,d_b=3;m=9;gap=3;k=4;q=7;s=14,15,false,17,0.089,26,2,32,0.104,26,2,true
dec-026,dec,d_b=3;m=9;gap=3;k=4;q=7;s=14,15,false,17,0.089,26,2,64,0.101,26,2,true
dec-026,dec,d_b=3;m=9;gap=3;k=4;q=7;s=14,15,false,17,0.089,26,2,128,0.099,26,2,true
dec-026,dec,d_b=3;m=9;gap=3;k=4;q=7;s=14,15,false,17,0.089,26,2,256,0.098,26,2,true
dec-026,dec,d_b=3;m=9;gap=3;k=4;q=7;s=14,15,false,17,0.089,26,2,512,0.098,26,2,true
dec-026,dec,d_b=3;m=9;gap=3;k=4;q=7;s=14,15,false,17,0.089,26,2,1024,0.096,26,2,true
dec-026,dec,d_b=3;m=9;gap=3;k=4;q=7;s=14,15,false,17,0.089,26,2,2048,0.097,26,2,true
dec-026,dec,d_b=3;m=9;gap=3;k=4;q=7;s=14,15,false,17,0.089,26,2,4096,0.096,26,2,true
dec-026,dec,d_b=3;m=9;gap=3;k=4;q=7;s=14,15,false,17,0.089,26,2,8192,0.096,26,2,true
dec-026,dec,d_b=3;m=9;gap=3;k=4;q=7;s=14,15,false,17,0.089,26,2,16384,0.095,26,2,true
mixed-008-2,mixed,seed=0xf80fc51d5325538c;cycles=6;planted=3;d_b=4;m=2;gap=1;k=2,25,false,27,0.046,13,4,1,0.015,15,12,false
mixed-008-2,mixed,seed=0xf80fc51d5325538c;cycles=6;planted=3;d_b=4;m=2;gap=1;k=2,25,false,27,0.046,13,4,2,0.016,15,12,false
mixed-008-2,mixed,seed=0xf80fc51d5325538c;cycles=6;planted=3;d_b=4;m=2;gap=1;k=2,25,false,27,0.046,13,4,4,0.020,15,12,false
mixed-008-2,mixed,seed=0xf80fc51d5325538c;cycles=6;planted=3;d_b=4;m=2;gap=1;k=2,25,false,27,0.046,13,4,8,0.032,15,12,false
mixed-008-2,mixed,seed=0xf80fc51d5325538c;cycles=6;planted=3;d_b=4;m=2;gap=1;k=2,25,false,27,0.046,13,4,16,0.060,13,4,false
mixed-008-2,mixed,seed=0xf80fc51d5325538c;cycles=6;planted=3;d_b=4;m=2;gap=1;k=2,25,false,27,0.046,13,4,32,0.088,13,4,true
mixed-008-2,mixed,seed=0xf80fc51d5325538c;cycles=6;planted=3;d_b=4;m=2;gap=1;k=2,25,false,27,0.046,13,4,64,0.090,13,4,true
mixed-008-2,mixed,seed=0xf80fc51d5325538c;cycles=6;planted=3;d_b=4;m=2;gap=1;k=2,25,false,27,0.046,13,4,128,0.097,13,4,true
mixed-008-2,mixed,seed=0xf80fc51d5325538c;cycles=6;planted=3;d_b=4;m=2;gap=1;k=2,25,false,27,0.046,13,4,256,0.085,13,4,true
mixed-008-2,mixed,seed=0xf80fc51d5325538c;cycles=6;planted=3;d_b=4;m=2;gap=1;k=2,25,false,27,0.046,13,4,512,0.085,13,4,true
mixed-008-2,mixed,seed=0xf80fc51d5325538c;cycles=6;planted=3;d_b=4;m=2;gap=1;k=2,25,false,27,0.046,13,4,1024,0.083,13,4,true
mixed-008-2,mixed,seed=0xf80fc51d5325538c;cycles=6;planted=3;d_b=4;m=2;gap=1;k=2,25,false,27,0.046,13,4,2048,0.084,13,4,true
mixed-008-2,mixed,seed=0xf80fc51d5325538c;cycles=6;planted=3;d_b=4;m=2;gap=1;k=2,25,false,27,0.046,13,4,4096,0.082,13,4,true
mixed-008-2,mixed,seed=0xf80fc51d5325538c;cycles=6;planted=3;d_b=4;m=2;gap=1;k=2,25,false,27,0.046,13,4,8192,0.083,13,4,true
mixed-008-2,mixed,seed=0xf80fc51d5325538c;cycles=6;planted=3;d_b=4;m=2;gap=1;k=2,25,false,27,0.046,13,4,16384,0.082,13,4,true
dec-027,dec,d_b=3;m=9;gap=7;k=1;q=7;s=16,6,false,8,0.029,26,2,1,0.014,33,32,false
dec-027,dec,d_b=3;m=9;gap=7;k=1;q=7;s=16,6,false,8,0.029,26,2,2,0.026,26,2,false
dec-027,dec,d_b=3;m=9;gap=7;k=1;q=7;s=16,6,false,8,0.029,26,2,4,0.029,26,2,false
dec-027,dec,d_b=3;m=9;gap=7;k=1;q=7;s=16,6,false,8,0.029,26,2,8,0.040,26,2,true
dec-027,dec,d_b=3;m=9;gap=7;k=1;q=7;s=16,6,false,8,0.029,26,2,16,0.040,26,2,true
dec-027,dec,d_b=3;m=9;gap=7;k=1;q=7;s=16,6,false,8,0.029,26,2,32,0.038,26,2,true
dec-027,dec,d_b=3;m=9;gap=7;k=1;q=7;s=16,6,false,8,0.029,26,2,64,0.041,26,2,true
dec-027,dec,d_b=3;m=9;gap=7;k=1;q=7;s=16,6,false,8,0.029,26,2,128,0.037,26,2,true
dec-027,dec,d_b=3;m=9;gap=7;k=1;q=7;s=16,6,false,8,0.029,26,2,256,0.038,26,2,true
dec-027,dec,d_b=3;m=9;gap=7;k=1;q=7;s=16,6,false,8,0.029,26,2,512,0.037,26,2,true
dec-027,dec,d_b=3;m=9;gap=7;k=1;q=7;s=16,6,false,8,0.029,26,2,1024,0.038,26,2,true
dec-027,dec,d_b=3;m=9;gap=7;k=1;q=7;s=16,6,false,8,0.029,26,2,2048,0.037,26,2,true
dec-027,dec,d_b=3;m=9;gap=7;k=1;q=7;s=16,6,false,8,0.029,26,2,4096,0.037,26,2,true
dec-027,dec,d_b=3;m=9;gap=7;k=1;q=7;s=16,6,false,8,0.029,26,2,8192,0.037,26,2,true
dec-027,dec,d_b=3;m=9;gap=7;k=1;q=7;s=16,6,false,8,0.029,26,2,16384,0.038,26,2,true
mixed-009-0,mixed,seed=0xdbdc79289b5a4f61;cycles=6;planted=3;d_b=8;m=3;gap=2;k=2,74,false,86,0.214,56,6,1,0.044,65,60,false
mixed-009-0,mixed,seed=0xdbdc79289b5a4f61;cycles=6;planted=3;d_b=8;m=3;gap=2;k=2,74,false,86,0.214,56,6,2,0.060,65,60,false
mixed-009-0,mixed,seed=0xdbdc79289b5a4f61;cycles=6;planted=3;d_b=8;m=3;gap=2;k=2,74,false,86,0.214,56,6,4,0.064,65,60,false
mixed-009-0,mixed,seed=0xdbdc79289b5a4f61;cycles=6;planted=3;d_b=8;m=3;gap=2;k=2,74,false,86,0.214,56,6,8,0.101,65,60,false
mixed-009-0,mixed,seed=0xdbdc79289b5a4f61;cycles=6;planted=3;d_b=8;m=3;gap=2;k=2,74,false,86,0.214,56,6,16,0.170,65,60,false
mixed-009-0,mixed,seed=0xdbdc79289b5a4f61;cycles=6;planted=3;d_b=8;m=3;gap=2;k=2,74,false,86,0.214,56,6,32,0.339,56,6,false
mixed-009-0,mixed,seed=0xdbdc79289b5a4f61;cycles=6;planted=3;d_b=8;m=3;gap=2;k=2,74,false,86,0.214,56,6,64,0.660,56,6,false
mixed-009-0,mixed,seed=0xdbdc79289b5a4f61;cycles=6;planted=3;d_b=8;m=3;gap=2;k=2,74,false,86,0.214,56,6,128,0.772,56,6,true
mixed-009-0,mixed,seed=0xdbdc79289b5a4f61;cycles=6;planted=3;d_b=8;m=3;gap=2;k=2,74,false,86,0.214,56,6,256,0.758,56,6,true
mixed-009-0,mixed,seed=0xdbdc79289b5a4f61;cycles=6;planted=3;d_b=8;m=3;gap=2;k=2,74,false,86,0.214,56,6,512,0.765,56,6,true
mixed-009-0,mixed,seed=0xdbdc79289b5a4f61;cycles=6;planted=3;d_b=8;m=3;gap=2;k=2,74,false,86,0.214,56,6,1024,0.753,56,6,true
mixed-009-0,mixed,seed=0xdbdc79289b5a4f61;cycles=6;planted=3;d_b=8;m=3;gap=2;k=2,74,false,86,0.214,56,6,2048,0.754,56,6,true
mixed-009-0,mixed,seed=0xdbdc79289b5a4f61;cycles=6;planted=3;d_b=8;m=3;gap=2;k=2,74,false,86,0.214,56,6,4096,0.753,56,6,true
mixed-009-0,mixed,seed=0xdbdc79289b5a4f61;cycles=6;planted=3;d_b=8;m=3;gap=2;k=2,74,false,86,0.214,56,6,8192,0.763,56,6,true
mixed-009-0,mixed,seed=0xdbdc79289b5a4f61;cycles=6;planted=3;d_b=8;m=3;gap=2;k=2,74,false,86,0.214,56,6,16384,0.756,56,6,true
dec-028,dec,d_b=3;m=9;gap=7;k=2;q=7;s=16,9,false,11,0.047,26,2,1,0.015,33,32,false
dec-028,dec,d_b=3;m=9;gap=7;k=2;q=7;s=16,9,false,11,0.047,26,2,2,0.022,33,32,false
dec-028,dec,d_b=3;m=9;gap=7;k=2;q=7;s=16,9,false,11,0.047,26,2,4,0.037,26,2,false
dec-028,dec,d_b=3;m=9;gap=7;k=2;q=7;s=16,9,false,11,0.047,26,2,8,0.065,26,2,false
dec-028,dec,d_b=3;m=9;gap=7;k=2;q=7;s=16,9,false,11,0.047,26,2,16,0.068,26,2,true
dec-028,dec,d_b=3;m=9;gap=7;k=2;q=7;s=16,9,false,11,0.047,26,2,32,0.066,26,2,true
dec-028,dec,d_b=3;m=9;gap=7;k=2;q=7;s=16,9,false,11,0.047,26,2,64,0.063,26,2,true
dec-028,dec,d_b=3;m=9;gap=7;k=2;q=7;s=16,9,false,11,0.047,26,2,128,0.064,26,2,true
dec-028,dec,d_b=3;m=9;gap=7;k=2;q=7;s=16,9,false,11,0.047,26,2,256,0.063,26,2,true
dec-028,dec,d_b=3;m=9;gap=7;k=2;q=7;s=16,9,false,11,0.047,26,2,512,0.063,26,2,true
dec-028,dec,d_b=3;m=9;gap=7;k=2;q=7;s=16,9,false,11,0.047,26,2,1024,0.062,26,2,true
dec-028,dec,d_b=3;m=9;gap=7;k=2;q=7;s=16,9,false,11,0.047,26,2,2048,0.063,26,2,true
dec-028,dec,d_b=3;m=9;gap=7;k=2;q=7;s=16,9,false,11,0.047,26,2,4096,0.062,26,2,true
dec-028,dec,d_b=3;m=9;gap=7;k=2;q=7;s=16,9,false,11,0.047,26,2,8192,0.062,26,2,true
dec-028,dec,d_b=3;m=9;gap=7;k=2;q=7;s=16,9,false,11,0.047,26,2,16384,0.061,26,2,true
mixed-009-1,mixed,seed=0x21604319e20d25db;cycles=6;planted=3;d_b=8;m=3;gap=2;k=2,14049,false,3211,0.206,62,10,1,0.040,71,64,false
mixed-009-1,mixed,seed=0x21604319e20d25db;cycles=6;planted=3;d_b=8;m=3;gap=2;k=2,14049,false,3211,0.206,62,10,2,0.045,71,64,false
mixed-009-1,mixed,seed=0x21604319e20d25db;cycles=6;planted=3;d_b=8;m=3;gap=2;k=2,14049,false,3211,0.206,62,10,4,0.048,71,64,false
mixed-009-1,mixed,seed=0x21604319e20d25db;cycles=6;planted=3;d_b=8;m=3;gap=2;k=2,14049,false,3211,0.206,62,10,8,0.069,71,64,false
mixed-009-1,mixed,seed=0x21604319e20d25db;cycles=6;planted=3;d_b=8;m=3;gap=2;k=2,14049,false,3211,0.206,62,10,16,0.111,71,64,false
mixed-009-1,mixed,seed=0x21604319e20d25db;cycles=6;planted=3;d_b=8;m=3;gap=2;k=2,14049,false,3211,0.206,62,10,32,0.213,68,46,false
mixed-009-1,mixed,seed=0x21604319e20d25db;cycles=6;planted=3;d_b=8;m=3;gap=2;k=2,14049,false,3211,0.206,62,10,64,0.403,65,28,false
mixed-009-1,mixed,seed=0x21604319e20d25db;cycles=6;planted=3;d_b=8;m=3;gap=2;k=2,14049,false,3211,0.206,62,10,128,0.765,62,10,false
mixed-009-1,mixed,seed=0x21604319e20d25db;cycles=6;planted=3;d_b=8;m=3;gap=2;k=2,14049,false,3211,0.206,62,10,256,1.208,62,10,false
mixed-009-1,mixed,seed=0x21604319e20d25db;cycles=6;planted=3;d_b=8;m=3;gap=2;k=2,14049,false,3211,0.206,62,10,512,2.101,62,10,false
mixed-009-1,mixed,seed=0x21604319e20d25db;cycles=6;planted=3;d_b=8;m=3;gap=2;k=2,14049,false,3211,0.206,62,10,1024,4.132,62,10,false
mixed-009-1,mixed,seed=0x21604319e20d25db;cycles=6;planted=3;d_b=8;m=3;gap=2;k=2,14049,false,3211,0.206,62,10,2048,8.337,62,10,false
mixed-009-1,mixed,seed=0x21604319e20d25db;cycles=6;planted=3;d_b=8;m=3;gap=2;k=2,14049,false,3211,0.206,62,10,4096,16.839,62,10,false
mixed-009-1,mixed,seed=0x21604319e20d25db;cycles=6;planted=3;d_b=8;m=3;gap=2;k=2,14049,false,3211,0.206,62,10,8192,37.311,62,10,false
mixed-009-1,mixed,seed=0x21604319e20d25db;cycles=6;planted=3;d_b=8;m=3;gap=2;k=2,14049,false,3211,0.206,62,10,16384,69.924,62,10,true
dec-029,dec,d_b=3;m=9;gap=7;k=4;q=7;s=16,15,false,17,0.092,26,2,1,0.021,33,32,false
dec-029,dec,d_b=3;m=9;gap=7;k=4;q=7;s=16,15,false,17,0.092,26,2,2,0.028,33,32,false
dec-029,dec,d_b=3;m=9;gap=7;k=4;q=7;s=16,15,false,17,0.092,26,2,4,0.044,33,32,false
dec-029,dec,d_b=3;m=9;gap=7;k=4;q=7;s=16,15,false,17,0.092,26,2,8,0.077,26,2,false
dec-029,dec,d_b=3;m=9;gap=7;k=4;q=7;s=16,15,false,17,0.092,26,2,16,0.118,26,2,true
dec-029,dec,d_b=3;m=9;gap=7;k=4;q=7;s=16,15,false,17,0.092,26,2,32,0.114,26,2,true
dec-029,dec,d_b=3;m=9;gap=7;k=4;q=7;s=16,15,false,17,0.092,26,2,64,0.109,26,2,true
dec-029,dec,d_b=3;m=9;gap=7;k=4;q=7;s=16,15,false,17,0.092,26,2,128,0.108,26,2,true
dec-029,dec,d_b=3;m=9;gap=7;k=4;q=7;s=16,15,false,17,0.092,26,2,256,0.105,26,2,true
dec-029,dec,d_b=3;m=9;gap=7;k=4;q=7;s=16,15,false,17,0.092,26,2,512,0.106,26,2,true
dec-029,dec,d_b=3;m=9;gap=7;k=4;q=7;s=16,15,false,17,0.092,26,2,1024,0.105,26,2,true
dec-029,dec,d_b=3;m=9;gap=7;k=4;q=7;s=16,15,false,17,0.092,26,2,2048,0.105,26,2,true
dec-029,dec,d_b=3;m=9;gap=7;k=4;q=7;s=16,15,false,17,0.092,26,2,4096,0.104,26,2,true
dec-029,dec,d_b=3;m=9;gap=7;k=4;q=7;s=16,15,false,17,0.092,26,2,8192,0.106,26,2,true
dec-029,dec,d_b=3;m=9;gap=7;k=4;q=7;s=16,15,false,17,0.092,26,2,16384,0.103,26,2,true
mixed-009-2,mixed,seed=0xbd00808da95a2286;cycles=6;planted=3;d_b=8;m=3;gap=2;k=2,76,false,82,0.202,58,6,1,0.034,67,60,false
mixed-009-2,mixed,seed=0xbd00808da95a2286;cycles=6;planted=3;d_b=8;m=3;gap=2;k=2,76,false,82,0.202,58,6,2,0.038,67,60,false
mixed-009-2,mixed,seed=0xbd00808da95a2286;cycles=6;planted=3;d_b=8;m=3;gap=2;k=2,76,false,82,0.202,58,6,4,0.040,67,60,false
mixed-009-2,mixed,seed=0xbd00808da95a2286;cycles=6;planted=3;d_b=8;m=3;gap=2;k=2,76,false,82,0.202,58,6,8,0.058,67,60,false
mixed-009-2,mixed,seed=0xbd00808da95a2286;cycles=6;planted=3;d_b=8;m=3;gap=2;k=2,76,false,82,0.202,58,6,16,0.098,67,60,false
mixed-009-2,mixed,seed=0xbd00808da95a2286;cycles=6;planted=3;d_b=8;m=3;gap=2;k=2,76,false,82,0.202,58,6,32,0.194,64,42,false
mixed-009-2,mixed,seed=0xbd00808da95a2286;cycles=6;planted=3;d_b=8;m=3;gap=2;k=2,76,false,82,0.202,58,6,64,0.402,58,6,false
mixed-009-2,mixed,seed=0xbd00808da95a2286;cycles=6;planted=3;d_b=8;m=3;gap=2;k=2,76,false,82,0.202,58,6,128,0.512,58,6,true
mixed-009-2,mixed,seed=0xbd00808da95a2286;cycles=6;planted=3;d_b=8;m=3;gap=2;k=2,76,false,82,0.202,58,6,256,0.489,58,6,true
mixed-009-2,mixed,seed=0xbd00808da95a2286;cycles=6;planted=3;d_b=8;m=3;gap=2;k=2,76,false,82,0.202,58,6,512,0.496,58,6,true
mixed-009-2,mixed,seed=0xbd00808da95a2286;cycles=6;planted=3;d_b=8;m=3;gap=2;k=2,76,false,82,0.202,58,6,1024,0.482,58,6,true
mixed-009-2,mixed,seed=0xbd00808da95a2286;cycles=6;planted=3;d_b=8;m=3;gap=2;k=2,76,false,82,0.202,58,6,2048,0.480,58,6,true
mixed-009-2,mixed,seed=0xbd00808da95a2286;cycles=6;planted=3;d_b=8;m=3;gap=2;k=2,76,false,82,0.202,58,6,4096,0.475,58,6,true
mixed-009-2,mixed,seed=0xbd00808da95a2286;cycles=6;planted=3;d_b=8;m=3;gap=2;k=2,76,false,82,0.202,58,6,8192,0.471,58,6,true
mixed-009-2,mixed,seed=0xbd00808da95a2286;cycles=6;planted=3;d_b=8;m=3;gap=2;k=2,76,false,82,0.202,58,6,16384,0.474,58,6,true
dec-030,dec,d_b=3;m=9;gap=13;k=1;q=7;s=19,6,false,8,0.026,26,2,1,0.014,39,38,false
dec-030,dec,d_b=3;m=9;gap=13;k=1;q=7;s=19,6,false,8,0.026,26,2,2,0.022,26,2,false
dec-030,dec,d_b=3;m=9;gap=13;k=1;q=7;s=19,6,false,8,0.026,26,2,4,0.032,26,2,false
dec-030,dec,d_b=3;m=9;gap=13;k=1;q=7;s=19,6,false,8,0.026,26,2,8,0.047,26,2,true
dec-030,dec,d_b=3;m=9;gap=13;k=1;q=7;s=19,6,false,8,0.026,26,2,16,0.046,26,2,true
dec-030,dec,d_b=3;m=9;gap=13;k=1;q=7;s=19,6,false,8,0.026,26,2,32,0.045,26,2,true
dec-030,dec,d_b=3;m=9;gap=13;k=1;q=7;s=19,6,false,8,0.026,26,2,64,0.044,26,2,true
dec-030,dec,d_b=3;m=9;gap=13;k=1;q=7;s=19,6,false,8,0.026,26,2,128,0.043,26,2,true
dec-030,dec,d_b=3;m=9;gap=13;k=1;q=7;s=19,6,false,8,0.026,26,2,256,0.043,26,2,true
dec-030,dec,d_b=3;m=9;gap=13;k=1;q=7;s=19,6,false,8,0.026,26,2,512,0.042,26,2,true
dec-030,dec,d_b=3;m=9;gap=13;k=1;q=7;s=19,6,false,8,0.026,26,2,1024,0.043,26,2,true
dec-030,dec,d_b=3;m=9;gap=13;k=1;q=7;s=19,6,false,8,0.026,26,2,2048,0.042,26,2,true
dec-030,dec,d_b=3;m=9;gap=13;k=1;q=7;s=19,6,false,8,0.026,26,2,4096,0.043,26,2,true
dec-030,dec,d_b=3;m=9;gap=13;k=1;q=7;s=19,6,false,8,0.026,26,2,8192,0.042,26,2,true
dec-030,dec,d_b=3;m=9;gap=13;k=1;q=7;s=19,6,false,8,0.026,26,2,16384,0.043,26,2,true
mixed-010-0,mixed,seed=0xaadab7c76a34280d;cycles=6;planted=3;d_b=12;m=2;gap=6;k=4,14164,false,3349,0.365,66,10,1,0.107,87,64,false
mixed-010-0,mixed,seed=0xaadab7c76a34280d;cycles=6;planted=3;d_b=12;m=2;gap=6;k=4,14164,false,3349,0.365,66,10,2,0.116,87,64,false
mixed-010-0,mixed,seed=0xaadab7c76a34280d;cycles=6;planted=3;d_b=12;m=2;gap=6;k=4,14164,false,3349,0.365,66,10,4,0.117,87,64,false
mixed-010-0,mixed,seed=0xaadab7c76a34280d;cycles=6;planted=3;d_b=12;m=2;gap=6;k=4,14164,false,3349,0.365,66,10,8,0.177,87,64,false
mixed-010-0,mixed,seed=0xaadab7c76a34280d;cycles=6;planted=3;d_b=12;m=2;gap=6;k=4,14164,false,3349,0.365,66,10,16,0.234,87,64,false
mixed-010-0,mixed,seed=0xaadab7c76a34280d;cycles=6;planted=3;d_b=12;m=2;gap=6;k=4,14164,false,3349,0.365,66,10,32,0.402,87,64,false
mixed-010-0,mixed,seed=0xaadab7c76a34280d;cycles=6;planted=3;d_b=12;m=2;gap=6;k=4,14164,false,3349,0.365,66,10,64,0.711,87,64,false
mixed-010-0,mixed,seed=0xaadab7c76a34280d;cycles=6;planted=3;d_b=12;m=2;gap=6;k=4,14164,false,3349,0.365,66,10,128,1.238,80,46,false
mixed-010-0,mixed,seed=0xaadab7c76a34280d;cycles=6;planted=3;d_b=12;m=2;gap=6;k=4,14164,false,3349,0.365,66,10,256,2.566,80,46,false
mixed-010-0,mixed,seed=0xaadab7c76a34280d;cycles=6;planted=3;d_b=12;m=2;gap=6;k=4,14164,false,3349,0.365,66,10,512,4.819,80,46,false
mixed-010-0,mixed,seed=0xaadab7c76a34280d;cycles=6;planted=3;d_b=12;m=2;gap=6;k=4,14164,false,3349,0.365,66,10,1024,8.669,66,10,false
mixed-010-0,mixed,seed=0xaadab7c76a34280d;cycles=6;planted=3;d_b=12;m=2;gap=6;k=4,14164,false,3349,0.365,66,10,2048,16.609,66,10,false
mixed-010-0,mixed,seed=0xaadab7c76a34280d;cycles=6;planted=3;d_b=12;m=2;gap=6;k=4,14164,false,3349,0.365,66,10,4096,32.356,66,10,false
mixed-010-0,mixed,seed=0xaadab7c76a34280d;cycles=6;planted=3;d_b=12;m=2;gap=6;k=4,14164,false,3349,0.365,66,10,8192,66.499,66,10,false
mixed-010-0,mixed,seed=0xaadab7c76a34280d;cycles=6;planted=3;d_b=12;m=2;gap=6;k=4,14164,false,3349,0.365,66,10,16384,118.344,66,10,true
dec-031,dec,d_b=3;m=9;gap=13;k=2;q=7;s=19,9,false,11,0.046,26,2,1,0.024,39,38,false
dec-031,dec,d_b=3;m=9;gap=13;k=2;q=7;s=19,9,false,11,0.046,26,2,2,0.025,39,38,false
dec-031,dec,d_b=3;m=9;gap=13;k=2;q=7;s=19,9,false,11,0.046,26,2,4,0.046,26,2,false
dec-031,dec,d_b=3;m=9;gap=13;k=2;q=7;s=19,9,false,11,0.046,26,2,8,0.075,26,2,false
dec-031,dec,d_b=3;m=9;gap=13;k=2;q=7;s=19,9,false,11,0.046,26,2,16,0.078,26,2,true
dec-031,dec,d_b=3;m=9;gap=13;k=2;q=7;s=19,9,false,11,0.046,26,2,32,0.087,26,2,true
dec-031,dec,d_b=3;m=9;gap=13;k=2;q=7;s=19,9,false,11,0.046,26,2,64,0.081,26,2,true
dec-031,dec,d_b=3;m=9;gap=13;k=2;q=7;s=19,9,false,11,0.046,26,2,128,0.076,26,2,true
dec-031,dec,d_b=3;m=9;gap=13;k=2;q=7;s=19,9,false,11,0.046,26,2,256,0.078,26,2,true
dec-031,dec,d_b=3;m=9;gap=13;k=2;q=7;s=19,9,false,11,0.046,26,2,512,0.073,26,2,true
dec-031,dec,d_b=3;m=9;gap=13;k=2;q=7;s=19,9,false,11,0.046,26,2,1024,0.074,26,2,true
dec-031,dec,d_b=3;m=9;gap=13;k=2;q=7;s=19,9,false,11,0.046,26,2,2048,0.073,26,2,true
dec-031,dec,d_b=3;m=9;gap=13;k=2;q=7;s=19,9,false,11,0.046,26,2,4096,0.072,26,2,true
dec-031,dec,d_b=3;m=9;gap=13;k=2;q=7;s=19,9,false,11,0.046,26,2,8192,0.071,26,2,true
dec-031,dec,d_b=3;m=9;gap=13;k=2;q=7;s=19,9,false,11,0.046,26,2,16384,0.072,26,2,true
mixed-010-1,mixed,seed=0x4566f479df2aefe8;cycles=6;planted=3;d_b=12;m=2;gap=6;k=4,49777,false,9833,0.397,62,14,1,0.118,83,68,false
mixed-010-1,mixed,seed=0x4566f479df2aefe8;cycles=6;planted=3;d_b=12;m=2;gap=6;k=4,49777,false,9833,0.397,62,14,2,0.140,83,68,false
mixed-010-1,mixed,seed=0x4566f479df2aefe8;cycles=6;planted=3;d_b=12;m=2;gap=6;k=4,49777,false,9833,0.397,62,14,4,0.152,83,68,false
mixed-010-1,mixed,seed=0x4566f479df2aefe8;cycles=6;planted=3;d_b=12;m=2;gap=6;k=4,49777,false,9833,0.397,62,14,8,0.208,83,68,false
mixed-010-1,mixed,seed=0x4566f479df2aefe8;cycles=6;planted=3;d_b=12;m=2;gap=6;k=4,49777,false,9833,0.397,62,14,16,0.319,83,68,false
mixed-010-1,mixed,seed=0x4566f479df2aefe8;cycles=6;planted=3;d_b=12;m=2;gap=6;k=4,49777,false,9833,0.397,62,14,32,0.556,83,68,false
mixed-010-1,mixed,seed=0x4566f479df2aefe8;cycles=6;planted=3;d_b=12;m=2;gap=6;k=4,49777,false,9833,0.397,62,14,64,1.113,76,50,false
mixed-010-1,mixed,seed=0x4566f479df2aefe8;cycles=6;planted=3;d_b=12;m=2;gap=6;k=4,49777,false,9833,0.397,62,14,128,2.436,69,32,false
mixed-010-1,mixed,seed=0x4566f479df2aefe8;cycles=6;planted=3;d_b=12;m=2;gap=6;k=4,49777,false,9833,0.397,62,14,256,4.231,69,32,false
mixed-010-1,mixed,seed=0x4566f479df2aefe8;cycles=6;planted=3;d_b=12;m=2;gap=6;k=4,49777,false,9833,0.397,62,14,512,6.898,62,14,false
mixed-010-1,mixed,seed=0x4566f479df2aefe8;cycles=6;planted=3;d_b=12;m=2;gap=6;k=4,49777,false,9833,0.397,62,14,1024,13.857,62,14,false
mixed-010-1,mixed,seed=0x4566f479df2aefe8;cycles=6;planted=3;d_b=12;m=2;gap=6;k=4,49777,false,9833,0.397,62,14,2048,23.230,62,14,false
mixed-010-1,mixed,seed=0x4566f479df2aefe8;cycles=6;planted=3;d_b=12;m=2;gap=6;k=4,49777,false,9833,0.397,62,14,4096,48.565,62,14,false
mixed-010-1,mixed,seed=0x4566f479df2aefe8;cycles=6;planted=3;d_b=12;m=2;gap=6;k=4,49777,false,9833,0.397,62,14,8192,91.394,62,14,false
mixed-010-1,mixed,seed=0x4566f479df2aefe8;cycles=6;planted=3;d_b=12;m=2;gap=6;k=4,49777,false,9833,0.397,62,14,16384,184.667,62,14,false
dec-032,dec,d_b=3;m=9;gap=13;k=4;q=7;s=19,15,false,17,0.063,26,2,1,0.023,39,38,false
dec-032,dec,d_b=3;m=9;gap=13;k=4;q=7;s=19,15,false,17,0.063,26,2,2,0.030,39,38,false
dec-032,dec,d_b=3;m=9;gap=13;k=4;q=7;s=19,15,false,17,0.063,26,2,4,0.048,39,38,false
dec-032,dec,d_b=3;m=9;gap=13;k=4;q=7;s=19,15,false,17,0.063,26,2,8,0.089,26,2,false
dec-032,dec,d_b=3;m=9;gap=13;k=4;q=7;s=19,15,false,17,0.063,26,2,16,0.144,26,2,true
dec-032,dec,d_b=3;m=9;gap=13;k=4;q=7;s=19,15,false,17,0.063,26,2,32,0.137,26,2,true
dec-032,dec,d_b=3;m=9;gap=13;k=4;q=7;s=19,15,false,17,0.063,26,2,64,0.131,26,2,true
dec-032,dec,d_b=3;m=9;gap=13;k=4;q=7;s=19,15,false,17,0.063,26,2,128,0.128,26,2,true
dec-032,dec,d_b=3;m=9;gap=13;k=4;q=7;s=19,15,false,17,0.063,26,2,256,0.125,26,2,true
dec-032,dec,d_b=3;m=9;gap=13;k=4;q=7;s=19,15,false,17,0.063,26,2,512,0.140,26,2,true
dec-032,dec,d_b=3;m=9;gap=13;k=4;q=7;s=19,15,false,17,0.063,26,2,1024,0.130,26,2,true
dec-032,dec,d_b=3;m=9;gap=13;k=4;q=7;s=19,15,false,17,0.063,26,2,2048,0.123,26,2,true
dec-032,dec,d_b=3;m=9;gap=13;k=4;q=7;s=19,15,false,17,0.063,26,2,4096,0.129,26,2,true
dec-032,dec,d_b=3;m=9;gap=13;k=4;q=7;s=19,15,false,17,0.063,26,2,8192,0.132,26,2,true
dec-032,dec,d_b=3;m=9;gap=13;k=4;q=7;s=19,15,false,17,0.063,26,2,16384,0.125,26,2,true
mixed-010-2,mixed,seed=0x5f5939a608fe88c7;cycles=6;planted=3;d_b=12;m=2;gap=6;k=4,26339,false,5828,0.336,51,10,1,0.060,72,64,false
mixed-010-2,mixed,seed=0x5f5939a608fe88c7;cycles=6;planted=3;d_b=12;m=2;gap=6;k=4,26339,false,5828,0.336,51,10,2,0.074,72,64,false
mixed-010-2,mixed,seed=0x5f5939a608fe88c7;cycles=6;planted=3;d_b=12;m=2;gap=6;k=4,26339,false,5828,0.336,51,10,4,0.069,72,64,false
mixed-010-2,mixed,seed=0x5f5939a608fe88c7;cycles=6;planted=3;d_b=12;m=2;gap=6;k=4,26339,false,5828,0.336,51,10,8,0.086,72,64,false
mixed-010-2,mixed,seed=0x5f5939a608fe88c7;cycles=6;planted=3;d_b=12;m=2;gap=6;k=4,26339,false,5828,0.336,51,10,16,0.127,72,64,false
mixed-010-2,mixed,seed=0x5f5939a608fe88c7;cycles=6;planted=3;d_b=12;m=2;gap=6;k=4,26339,false,5828,0.336,51,10,32,0.207,72,64,false
mixed-010-2,mixed,seed=0x5f5939a608fe88c7;cycles=6;planted=3;d_b=12;m=2;gap=6;k=4,26339,false,5828,0.336,51,10,64,0.341,72,64,false
mixed-010-2,mixed,seed=0x5f5939a608fe88c7;cycles=6;planted=3;d_b=12;m=2;gap=6;k=4,26339,false,5828,0.336,51,10,128,0.548,72,64,false
mixed-010-2,mixed,seed=0x5f5939a608fe88c7;cycles=6;planted=3;d_b=12;m=2;gap=6;k=4,26339,false,5828,0.336,51,10,256,0.973,65,46,false
mixed-010-2,mixed,seed=0x5f5939a608fe88c7;cycles=6;planted=3;d_b=12;m=2;gap=6;k=4,26339,false,5828,0.336,51,10,512,1.794,51,10,false
mixed-010-2,mixed,seed=0x5f5939a608fe88c7;cycles=6;planted=3;d_b=12;m=2;gap=6;k=4,26339,false,5828,0.336,51,10,1024,3.544,51,10,false
mixed-010-2,mixed,seed=0x5f5939a608fe88c7;cycles=6;planted=3;d_b=12;m=2;gap=6;k=4,26339,false,5828,0.336,51,10,2048,7.025,51,10,false
mixed-010-2,mixed,seed=0x5f5939a608fe88c7;cycles=6;planted=3;d_b=12;m=2;gap=6;k=4,26339,false,5828,0.336,51,10,4096,13.606,51,10,false
mixed-010-2,mixed,seed=0x5f5939a608fe88c7;cycles=6;planted=3;d_b=12;m=2;gap=6;k=4,26339,false,5828,0.336,51,10,8192,29.254,51,10,false
mixed-010-2,mixed,seed=0x5f5939a608fe88c7;cycles=6;planted=3;d_b=12;m=2;gap=6;k=4,26339,false,5828,0.336,51,10,16384,61.578,51,10,false
dec-033,dec,d_b=5;m=2;gap=2;k=1;q=0;s=4,10,false,11,0.038,7,2,1,0.013,9,8,false
dec-033,dec,d_b=5;m=2;gap=2;k=1;q=0;s=4,10,false,11,0.038,7,2,2,0.016,9,8,false
dec-033,dec,d_b=5;m=2;gap=2;k=1;q=0;s=4,10,false,11,0.038,7,2,4,0.023,7,2,false
dec-033,dec,d_b=5;m=2;gap=2;k=1;q=0;s=4,10,false,11,0.038,7,2,8,0.035,7,2,false
dec-033,dec,d_b=5;m=2;gap=2;k=1;q=0;s=4,10,false,11,0.038,7,2,16,0.043,7,2,true
dec-033,dec,d_b=5;m=2;gap=2;k=1;q=0;s=4,10,false,11,0.038,7,2,32,0.040,7,2,true
dec-033,dec,d_b=5;m=2;gap=2;k=1;q=0;s=4,10,false,11,0.038,7,2,64,0.040,7,2,true
dec-033,dec,d_b=5;m=2;gap=2;k=1;q=0;s=4,10,false,11,0.038,7,2,128,0.039,7,2,true
dec-033,dec,d_b=5;m=2;gap=2;k=1;q=0;s=4,10,false,11,0.038,7,2,256,0.040,7,2,true
dec-033,dec,d_b=5;m=2;gap=2;k=1;q=0;s=4,10,false,11,0.038,7,2,512,0.037,7,2,true
dec-033,dec,d_b=5;m=2;gap=2;k=1;q=0;s=4,10,false,11,0.038,7,2,1024,0.037,7,2,true
dec-033,dec,d_b=5;m=2;gap=2;k=1;q=0;s=4,10,false,11,0.038,7,2,2048,0.037,7,2,true
dec-033,dec,d_b=5;m=2;gap=2;k=1;q=0;s=4,10,false,11,0.038,7,2,4096,0.037,7,2,true
dec-033,dec,d_b=5;m=2;gap=2;k=1;q=0;s=4,10,false,11,0.038,7,2,8192,0.037,7,2,true
dec-033,dec,d_b=5;m=2;gap=2;k=1;q=0;s=4,10,false,11,0.038,7,2,16384,0.037,7,2,true
mixed-011-0,mixed,seed=0x313c8e67d75c07e1;cycles=6;planted=3;d_b=16;m=5;gap=2;k=1,47205,false,9228,0.527,211,12,1,0.125,220,210,false
mixed-011-0,mixed,seed=0x313c8e67d75c07e1;cycles=6;planted=3;d_b=16;m=5;gap=2;k=1,47205,false,9228,0.527,211,12,2,0.143,220,210,false
mixed-011-0,mixed,seed=0x313c8e67d75c07e1;cycles=6;planted=3;d_b=16;m=5;gap=2;k=1,47205,false,9228,0.527,211,12,4,0.149,220,210,false
mixed-011-0,mixed,seed=0x313c8e67d75c07e1;cycles=6;planted=3;d_b=16;m=5;gap=2;k=1,47205,false,9228,0.527,211,12,8,0.215,220,210,false
mixed-011-0,mixed,seed=0x313c8e67d75c07e1;cycles=6;planted=3;d_b=16;m=5;gap=2;k=1,47205,false,9228,0.527,211,12,16,0.268,220,210,false
mixed-011-0,mixed,seed=0x313c8e67d75c07e1;cycles=6;planted=3;d_b=16;m=5;gap=2;k=1,47205,false,9228,0.527,211,12,32,0.426,220,210,false
mixed-011-0,mixed,seed=0x313c8e67d75c07e1;cycles=6;planted=3;d_b=16;m=5;gap=2;k=1,47205,false,9228,0.527,211,12,64,0.600,220,210,false
mixed-011-0,mixed,seed=0x313c8e67d75c07e1;cycles=6;planted=3;d_b=16;m=5;gap=2;k=1,47205,false,9228,0.527,211,12,128,1.002,217,144,false
mixed-011-0,mixed,seed=0x313c8e67d75c07e1;cycles=6;planted=3;d_b=16;m=5;gap=2;k=1,47205,false,9228,0.527,211,12,256,1.643,217,144,false
mixed-011-0,mixed,seed=0x313c8e67d75c07e1;cycles=6;planted=3;d_b=16;m=5;gap=2;k=1,47205,false,9228,0.527,211,12,512,2.843,217,144,false
mixed-011-0,mixed,seed=0x313c8e67d75c07e1;cycles=6;planted=3;d_b=16;m=5;gap=2;k=1,47205,false,9228,0.527,211,12,1024,5.199,211,12,false
mixed-011-0,mixed,seed=0x313c8e67d75c07e1;cycles=6;planted=3;d_b=16;m=5;gap=2;k=1,47205,false,9228,0.527,211,12,2048,9.373,211,12,false
mixed-011-0,mixed,seed=0x313c8e67d75c07e1;cycles=6;planted=3;d_b=16;m=5;gap=2;k=1,47205,false,9228,0.527,211,12,4096,16.993,211,12,false
mixed-011-0,mixed,seed=0x313c8e67d75c07e1;cycles=6;planted=3;d_b=16;m=5;gap=2;k=1,47205,false,9228,0.527,211,12,8192,33.415,211,12,false
mixed-011-0,mixed,seed=0x313c8e67d75c07e1;cycles=6;planted=3;d_b=16;m=5;gap=2;k=1,47205,false,9228,0.527,211,12,16384,83.893,211,12,false
dec-034,dec,d_b=5;m=2;gap=2;k=2;q=0;s=4,15,false,16,0.036,7,2,1,0.012,9,8,false
dec-034,dec,d_b=5;m=2;gap=2;k=2;q=0;s=4,15,false,16,0.036,7,2,2,0.014,9,8,false
dec-034,dec,d_b=5;m=2;gap=2;k=2;q=0;s=4,15,false,16,0.036,7,2,4,0.019,9,8,false
dec-034,dec,d_b=5;m=2;gap=2;k=2;q=0;s=4,15,false,16,0.036,7,2,8,0.038,7,2,false
dec-034,dec,d_b=5;m=2;gap=2;k=2;q=0;s=4,15,false,16,0.036,7,2,16,0.060,7,2,true
dec-034,dec,d_b=5;m=2;gap=2;k=2;q=0;s=4,15,false,16,0.036,7,2,32,0.060,7,2,true
dec-034,dec,d_b=5;m=2;gap=2;k=2;q=0;s=4,15,false,16,0.036,7,2,64,0.056,7,2,true
dec-034,dec,d_b=5;m=2;gap=2;k=2;q=0;s=4,15,false,16,0.036,7,2,128,0.056,7,2,true
dec-034,dec,d_b=5;m=2;gap=2;k=2;q=0;s=4,15,false,16,0.036,7,2,256,0.054,7,2,true
dec-034,dec,d_b=5;m=2;gap=2;k=2;q=0;s=4,15,false,16,0.036,7,2,512,0.055,7,2,true
dec-034,dec,d_b=5;m=2;gap=2;k=2;q=0;s=4,15,false,16,0.036,7,2,1024,0.053,7,2,true
dec-034,dec,d_b=5;m=2;gap=2;k=2;q=0;s=4,15,false,16,0.036,7,2,2048,0.054,7,2,true
dec-034,dec,d_b=5;m=2;gap=2;k=2;q=0;s=4,15,false,16,0.036,7,2,4096,0.053,7,2,true
dec-034,dec,d_b=5;m=2;gap=2;k=2;q=0;s=4,15,false,16,0.036,7,2,8192,0.054,7,2,true
dec-034,dec,d_b=5;m=2;gap=2;k=2;q=0;s=4,15,false,16,0.036,7,2,16384,0.053,7,2,true
mixed-011-1,mixed,seed=0xc6b01c2e806d8ec8;cycles=6;planted=3;d_b=16;m=5;gap=2;k=1,65,false,71,0.309,133,4,1,0.064,139,136,false
mixed-011-1,mixed,seed=0xc6b01c2e806d8ec8;cycles=6;planted=3;d_b=16;m=5;gap=2;k=1,65,false,71,0.309,133,4,2,0.062,139,136,false
mixed-011-1,mixed,seed=0xc6b01c2e806d8ec8;cycles=6;planted=3;d_b=16;m=5;gap=2;k=1,65,false,71,0.309,133,4,4,0.096,139,136,false
mixed-011-1,mixed,seed=0xc6b01c2e806d8ec8;cycles=6;planted=3;d_b=16;m=5;gap=2;k=1,65,false,71,0.309,133,4,8,0.144,139,136,false
mixed-011-1,mixed,seed=0xc6b01c2e806d8ec8;cycles=6;planted=3;d_b=16;m=5;gap=2;k=1,65,false,71,0.309,133,4,16,0.238,139,136,false
mixed-011-1,mixed,seed=0xc6b01c2e806d8ec8;cycles=6;planted=3;d_b=16;m=5;gap=2;k=1,65,false,71,0.309,133,4,32,0.461,136,70,false
mixed-011-1,mixed,seed=0xc6b01c2e806d8ec8;cycles=6;planted=3;d_b=16;m=5;gap=2;k=1,65,false,71,0.309,133,4,64,0.898,133,4,false
mixed-011-1,mixed,seed=0xc6b01c2e806d8ec8;cycles=6;planted=3;d_b=16;m=5;gap=2;k=1,65,false,71,0.309,133,4,128,0.908,133,4,true
mixed-011-1,mixed,seed=0xc6b01c2e806d8ec8;cycles=6;planted=3;d_b=16;m=5;gap=2;k=1,65,false,71,0.309,133,4,256,0.901,133,4,true
mixed-011-1,mixed,seed=0xc6b01c2e806d8ec8;cycles=6;planted=3;d_b=16;m=5;gap=2;k=1,65,false,71,0.309,133,4,512,0.907,133,4,true
mixed-011-1,mixed,seed=0xc6b01c2e806d8ec8;cycles=6;planted=3;d_b=16;m=5;gap=2;k=1,65,false,71,0.309,133,4,1024,0.881,133,4,true
mixed-011-1,mixed,seed=0xc6b01c2e806d8ec8;cycles=6;planted=3;d_b=16;m=5;gap=2;k=1,65,false,71,0.309,133,4,2048,0.883,133,4,true
mixed-011-1,mixed,seed=0xc6b01c2e806d8ec8;cycles=6;planted=3;d_b=16;m=5;gap=2;k=1,65,false,71,0.309,133,4,4096,0.877,133,4,true
mixed-011-1,mixed,seed=0xc6b01c2e806d8ec8;cycles=6;planted=3;d_b=16;m=5;gap=2;k=1,65,false,71,0.309,133,4,8192,0.918,133,4,true
mixed-011-1,mixed,seed=0xc6b01c2e806d8ec8;cycles=6;planted=3;d_b=16;m=5;gap=2;k=1,65,false,71,0.309,133,4,16384,0.888,133,4,true
dec-035,dec,d_b=5;m=2;gap=2;k=4;q=0;s=4,25,false,26,0.046,7,2,1,0.012,9,8,false
dec-035,dec,d_b=5;m=2;gap=2;k=4;q=0;s=4,25,false,26,0.046,7,2,2,0.013,9,8,false
dec-035,dec,d_b=5;m=2;gap=2;k=4;q=0;s=4,25,false,26,0.046,7,2,4,0.020,9,8,false
dec-035,dec,d_b=5;m=2;gap=2;k=4;q=0;s=4,25,false,26,0.046,7,2,8,0.033,9,8,false
dec-035,dec,d_b=5;m=2;gap=2;k=4;q=0;s=4,25,false,26,0.046,7,2,16,0.064,7,2,false
dec-035,dec,d_b=5;m=2;gap=2;k=4;q=0;s=4,25,false,26,0.046,7,2,32,0.094,7,2,true
dec-035,dec,d_b=5;m=2;gap=2;k=4;q=0;s=4,25,false,26,0.046,7,2,64,0.093,7,2,true
dec-035,dec,d_b=5;m=2;gap=2;k=4;q=0;s=4,25,false,26,0.046,7,2,128,0.091,7,2,true
dec-035,dec,d_b=5;m=2;gap=2;k=4;q=0;s=4,25,false,26,0.046,7,2,256,0.090,7,2,true
dec-035,dec,d_b=5;m=2;gap=2;k=4;q=0;s=4,25,false,26,0.046,7,2,512,0.088,7,2,true
dec-035,dec,d_b=5;m=2;gap=2;k=4;q=0;s=4,25,false,26,0.046,7,2,1024,0.089,7,2,true
dec-035,dec,d_b=5;m=2;gap=2;k=4;q=0;s=4,25,false,26,0.046,7,2,2048,0.087,7,2,true
dec-035,dec,d_b=5;m=2;gap=2;k=4;q=0;s=4,25,false,26,0.046,7,2,4096,0.087,7,2,true
dec-035,dec,d_b=5;m=2;gap=2;k=4;q=0;s=4,25,false,26,0.046,7,2,8192,0.087,7,2,true
dec-035,dec,d_b=5;m=2;gap=2;k=4;q=0;s=4,25,false,26,0.046,7,2,16384,0.087,7,2,true
mixed-011-2,mixed,seed=0x2c8ca5bf7f45f92c;cycles=6;planted=3;d_b=16;m=5;gap=2;k=1,33,false,35,0.151,67,2,1,0.027,70,68,false
mixed-011-2,mixed,seed=0x2c8ca5bf7f45f92c;cycles=6;planted=3;d_b=16;m=5;gap=2;k=1,33,false,35,0.151,67,2,2,0.029,70,68,false
mixed-011-2,mixed,seed=0x2c8ca5bf7f45f92c;cycles=6;planted=3;d_b=16;m=5;gap=2;k=1,33,false,35,0.151,67,2,4,0.045,70,68,false
mixed-011-2,mixed,seed=0x2c8ca5bf7f45f92c;cycles=6;planted=3;d_b=16;m=5;gap=2;k=1,33,false,35,0.151,67,2,8,0.081,70,68,false
mixed-011-2,mixed,seed=0x2c8ca5bf7f45f92c;cycles=6;planted=3;d_b=16;m=5;gap=2;k=1,33,false,35,0.151,67,2,16,0.154,70,68,false
mixed-011-2,mixed,seed=0x2c8ca5bf7f45f92c;cycles=6;planted=3;d_b=16;m=5;gap=2;k=1,33,false,35,0.151,67,2,32,0.339,67,2,false
mixed-011-2,mixed,seed=0x2c8ca5bf7f45f92c;cycles=6;planted=3;d_b=16;m=5;gap=2;k=1,33,false,35,0.151,67,2,64,0.352,67,2,true
mixed-011-2,mixed,seed=0x2c8ca5bf7f45f92c;cycles=6;planted=3;d_b=16;m=5;gap=2;k=1,33,false,35,0.151,67,2,128,0.349,67,2,true
mixed-011-2,mixed,seed=0x2c8ca5bf7f45f92c;cycles=6;planted=3;d_b=16;m=5;gap=2;k=1,33,false,35,0.151,67,2,256,0.358,67,2,true
mixed-011-2,mixed,seed=0x2c8ca5bf7f45f92c;cycles=6;planted=3;d_b=16;m=5;gap=2;k=1,33,false,35,0.151,67,2,512,0.349,67,2,true
mixed-011-2,mixed,seed=0x2c8ca5bf7f45f92c;cycles=6;planted=3;d_b=16;m=5;gap=2;k=1,33,false,35,0.151,67,2,1024,0.344,67,2,true
mixed-011-2,mixed,seed=0x2c8ca5bf7f45f92c;cycles=6;planted=3;d_b=16;m=5;gap=2;k=1,33,false,35,0.151,67,2,2048,0.349,67,2,true
mixed-011-2,mixed,seed=0x2c8ca5bf7f45f92c;cycles=6;planted=3;d_b=16;m=5;gap=2;k=1,33,false,35,0.151,67,2,4096,0.342,67,2,true
mixed-011-2,mixed,seed=0x2c8ca5bf7f45f92c;cycles=6;planted=3;d_b=16;m=5;gap=2;k=1,33,false,35,0.151,67,2,8192,0.347,67,2,true
mixed-011-2,mixed,seed=0x2c8ca5bf7f45f92c;cycles=6;planted=3;d_b=16;m=5;gap=2;k=1,33,false,35,0.151,67,2,16384,0.345,67,2,true
dec-036,dec,d_b=5;m=2;gap=2;k=1;q=0;s=4,10,false,11,0.023,7,2,1,0.008,9,8,false
dec-036,dec,d_b=5;m=2;gap=2;k=1;q=0;s=4,10,false,11,0.023,7,2,2,0.013,9,8,false
dec-036,dec,d_b=5;m=2;gap=2;k=1;q=0;s=4,10,false,11,0.023,7,2,4,0.021,7,2,false
dec-036,dec,d_b=5;m=2;gap=2;k=1;q=0;s=4,10,false,11,0.023,7,2,8,0.032,7,2,false
dec-036,dec,d_b=5;m=2;gap=2;k=1;q=0;s=4,10,false,11,0.023,7,2,16,0.042,7,2,true
dec-036,dec,d_b=5;m=2;gap=2;k=1;q=0;s=4,10,false,11,0.023,7,2,32,0.040,7,2,true
dec-036,dec,d_b=5;m=2;gap=2;k=1;q=0;s=4,10,false,11,0.023,7,2,64,0.040,7,2,true
dec-036,dec,d_b=5;m=2;gap=2;k=1;q=0;s=4,10,false,11,0.023,7,2,128,0.038,7,2,true
dec-036,dec,d_b=5;m=2;gap=2;k=1;q=0;s=4,10,false,11,0.023,7,2,256,0.039,7,2,true
dec-036,dec,d_b=5;m=2;gap=2;k=1;q=0;s=4,10,false,11,0.023,7,2,512,0.038,7,2,true
dec-036,dec,d_b=5;m=2;gap=2;k=1;q=0;s=4,10,false,11,0.023,7,2,1024,0.039,7,2,true
dec-036,dec,d_b=5;m=2;gap=2;k=1;q=0;s=4,10,false,11,0.023,7,2,2048,0.037,7,2,true
dec-036,dec,d_b=5;m=2;gap=2;k=1;q=0;s=4,10,false,11,0.023,7,2,4096,0.038,7,2,true
dec-036,dec,d_b=5;m=2;gap=2;k=1;q=0;s=4,10,false,11,0.023,7,2,8192,0.038,7,2,true
dec-036,dec,d_b=5;m=2;gap=2;k=1;q=0;s=4,10,false,11,0.023,7,2,16384,0.038,7,2,true
mixed-012-0,mixed,seed=0x711d0610236754f3;cycles=7;planted=1;d_b=4;m=2;gap=1;k=2,293855,false,40866,0.176,56,10,1,0.164,57,14,false
mixed-012-0,mixed,seed=0x711d0610236754f3;cycles=7;planted=1;d_b=4;m=2;gap=1;k=2,293855,false,40866,0.176,56,10,2,0.180,57,14,false
mixed-012-0,mixed,seed=0x711d0610236754f3;cycles=7;planted=1;d_b=4;m=2;gap=1;k=2,293855,false,40866,0.176,56,10,4,0.173,57,14,false
mixed-012-0,mixed,seed=0x711d0610236754f3;cycles=7;planted=1;d_b=4;m=2;gap=1;k=2,293855,false,40866,0.176,56,10,8,0.227,57,14,false
mixed-012-0,mixed,seed=0x711d0610236754f3;cycles=7;planted=1;d_b=4;m=2;gap=1;k=2,293855,false,40866,0.176,56,10,16,0.326,57,14,false
mixed-012-0,mixed,seed=0x711d0610236754f3;cycles=7;planted=1;d_b=4;m=2;gap=1;k=2,293855,false,40866,0.176,56,10,32,0.643,57,14,false
mixed-012-0,mixed,seed=0x711d0610236754f3;cycles=7;planted=1;d_b=4;m=2;gap=1;k=2,293855,false,40866,0.176,56,10,64,1.311,56,10,false
mixed-012-0,mixed,seed=0x711d0610236754f3;cycles=7;planted=1;d_b=4;m=2;gap=1;k=2,293855,false,40866,0.176,56,10,128,2.593,56,10,false
mixed-012-0,mixed,seed=0x711d0610236754f3;cycles=7;planted=1;d_b=4;m=2;gap=1;k=2,293855,false,40866,0.176,56,10,256,4.621,56,10,false
mixed-012-0,mixed,seed=0x711d0610236754f3;cycles=7;planted=1;d_b=4;m=2;gap=1;k=2,293855,false,40866,0.176,56,10,512,8.687,56,10,false
mixed-012-0,mixed,seed=0x711d0610236754f3;cycles=7;planted=1;d_b=4;m=2;gap=1;k=2,293855,false,40866,0.176,56,10,1024,16.117,56,10,false
mixed-012-0,mixed,seed=0x711d0610236754f3;cycles=7;planted=1;d_b=4;m=2;gap=1;k=2,293855,false,40866,0.176,56,10,2048,31.107,56,10,false
mixed-012-0,mixed,seed=0x711d0610236754f3;cycles=7;planted=1;d_b=4;m=2;gap=1;k=2,293855,false,40866,0.176,56,10,4096,61.032,56,10,false
mixed-012-0,mixed,seed=0x711d0610236754f3;cycles=7;planted=1;d_b=4;m=2;gap=1;k=2,293855,false,40866,0.176,56,10,8192,117.830,56,10,false
mixed-012-0,mixed,seed=0x711d0610236754f3;cycles=7;planted=1;d_b=4;m=2;gap=1;k=2,293855,false,40866,0.176,56,10,16384,230.444,56,10,false
dec-037,dec,d_b=5;m=2;gap=2;k=2;q=0;s=4,15,false,16,0.038,7,2,1,0.013,9,8,false
dec-037,dec,d_b=5;m=2;gap=2;k=2;q=0;s=4,15,false,16,0.038,7,2,2,0.015,9,8,false
dec-037,dec,d_b=5;m=2;gap=2;k=2;q=0;s=4,15,false,16,0.038,7,2,4,0.019,9,8,false
dec-037,dec,d_b=5;m=2;gap=2;k=2;q=0;s=4,15,false,16,0.038,7,2,8,0.038,7,2,false
dec-037,dec,d_b=5;m=2;gap=2;k=2;q=0;s=4,15,false,16,0.038,7,2,16,0.060,7,2,true
dec-037,dec,d_b=5;m=2;gap=2;k=2;q=0;s=4,15,false,16,0.038,7,2,32,0.057,7,2,true
dec-037,dec,d_b=5;m=2;gap=2;k=2;q=0;s=4,15,false,16,0.038,7,2,64,0.055,7,2,true
dec-037,dec,d_b=5;m=2;gap=2;k=2;q=0;s=4,15,false,16,0.038,7,2,128,0.054,7,2,true
dec-037,dec,d_b=5;m=2;gap=2;k=2;q=0;s=4,15,false,16,0.038,7,2,256,0.054,7,2,true
dec-037,dec,d_b=5;m=2;gap=2;k=2;q=0;s=4,15,false,16,0.038,7,2,512,0.053,7,2,true
dec-037,dec,d_b=5;m=2;gap=2;k=2;q=0;s=4,15,false,16,0.038,7,2,1024,0.053,7,2,true
dec-037,dec,d_b=5;m=2;gap=2;k=2;q=0;s=4,15,false,16,0.038,7,2,2048,0.053,7,2,true
dec-037,dec,d_b=5;m=2;gap=2;k=2;q=0;s=4,15,false,16,0.038,7,2,4096,0.052,7,2,true
dec-037,dec,d_b=5;m=2;gap=2;k=2;q=0;s=4,15,false,16,0.038,7,2,8192,0.052,7,2,true
dec-037,dec,d_b=5;m=2;gap=2;k=2;q=0;s=4,15,false,16,0.038,7,2,16384,0.053,7,2,true
mixed-012-1,mixed,seed=0xef2431cbb30c016c;cycles=7;planted=1;d_b=4;m=2;gap=1;k=2,211654,false,30226,0.070,14,6,1,0.065,15,10,false
mixed-012-1,mixed,seed=0xef2431cbb30c016c;cycles=7;planted=1;d_b=4;m=2;gap=1;k=2,211654,false,30226,0.070,14,6,2,0.079,15,10,false
mixed-012-1,mixed,seed=0xef2431cbb30c016c;cycles=7;planted=1;d_b=4;m=2;gap=1;k=2,211654,false,30226,0.070,14,6,4,0.084,15,10,false
mixed-012-1,mixed,seed=0xef2431cbb30c016c;cycles=7;planted=1;d_b=4;m=2;gap=1;k=2,211654,false,30226,0.070,14,6,8,0.131,15,10,false
mixed-012-1,mixed,seed=0xef2431cbb30c016c;cycles=7;planted=1;d_b=4;m=2;gap=1;k=2,211654,false,30226,0.070,14,6,16,0.218,15,10,false
mixed-012-1,mixed,seed=0xef2431cbb30c016c;cycles=7;planted=1;d_b=4;m=2;gap=1;k=2,211654,false,30226,0.070,14,6,32,0.388,15,10,false
mixed-012-1,mixed,seed=0xef2431cbb30c016c;cycles=7;planted=1;d_b=4;m=2;gap=1;k=2,211654,false,30226,0.070,14,6,64,0.669,14,6,false
mixed-012-1,mixed,seed=0xef2431cbb30c016c;cycles=7;planted=1;d_b=4;m=2;gap=1;k=2,211654,false,30226,0.070,14,6,128,1.186,14,6,false
mixed-012-1,mixed,seed=0xef2431cbb30c016c;cycles=7;planted=1;d_b=4;m=2;gap=1;k=2,211654,false,30226,0.070,14,6,256,2.135,14,6,false
mixed-012-1,mixed,seed=0xef2431cbb30c016c;cycles=7;planted=1;d_b=4;m=2;gap=1;k=2,211654,false,30226,0.070,14,6,512,3.894,14,6,false
mixed-012-1,mixed,seed=0xef2431cbb30c016c;cycles=7;planted=1;d_b=4;m=2;gap=1;k=2,211654,false,30226,0.070,14,6,1024,7.579,14,6,false
mixed-012-1,mixed,seed=0xef2431cbb30c016c;cycles=7;planted=1;d_b=4;m=2;gap=1;k=2,211654,false,30226,0.070,14,6,2048,15.499,14,6,false
mixed-012-1,mixed,seed=0xef2431cbb30c016c;cycles=7;planted=1;d_b=4;m=2;gap=1;k=2,211654,false,30226,0.070,14,6,4096,30.723,14,6,false
mixed-012-1,mixed,seed=0xef2431cbb30c016c;cycles=7;planted=1;d_b=4;m=2;gap=1;k=2,211654,false,30226,0.070,14,6,8192,62.860,14,6,false
mixed-012-1,mixed,seed=0xef2431cbb30c016c;cycles=7;planted=1;d_b=4;m=2;gap=1;k=2,211654,false,30226,0.070,14,6,16384,123.715,14,6,false
dec-038,dec,d_b=5;m=2;gap=2;k=4;q=0;s=4,25,false,26,0.045,7,2,1,0.012,9,8,false
dec-038,dec,d_b=5;m=2;gap=2;k=4;q=0;s=4,25,false,26,0.045,7,2,2,0.015,9,8,false
dec-038,dec,d_b=5;m=2;gap=2;k=4;q=0;s=4,25,false,26,0.045,7,2,4,0.019,9,8,false
dec-038,dec,d_b=5;m=2;gap=2;k=4;q=0;s=4,25,false,26,0.045,7,2,8,0.035,9,8,false
dec-038,dec,d_b=5;m=2;gap=2;k=4;q=0;s=4,25,false,26,0.045,7,2,16,0.062,7,2,false
dec-038,dec,d_b=5;m=2;gap=2;k=4;q=0;s=4,25,false,26,0.045,7,2,32,0.096,7,2,true
dec-038,dec,d_b=5;m=2;gap=2;k=4;q=0;s=4,25,false,26,0.045,7,2,64,0.089,7,2,true
dec-038,dec,d_b=5;m=2;gap=2;k=4;q=0;s=4,25,false,26,0.045,7,2,128,0.088,7,2,true
dec-038,dec,d_b=5;m=2;gap=2;k=4;q=0;s=4,25,false,26,0.045,7,2,256,0.086,7,2,true
dec-038,dec,d_b=5;m=2;gap=2;k=4;q=0;s=4,25,false,26,0.045,7,2,512,0.086,7,2,true
dec-038,dec,d_b=5;m=2;gap=2;k=4;q=0;s=4,25,false,26,0.045,7,2,1024,0.085,7,2,true
dec-038,dec,d_b=5;m=2;gap=2;k=4;q=0;s=4,25,false,26,0.045,7,2,2048,0.085,7,2,true
dec-038,dec,d_b=5;m=2;gap=2;k=4;q=0;s=4,25,false,26,0.045,7,2,4096,0.085,7,2,true
dec-038,dec,d_b=5;m=2;gap=2;k=4;q=0;s=4,25,false,26,0.045,7,2,8192,0.084,7,2,true
dec-038,dec,d_b=5;m=2;gap=2;k=4;q=0;s=4,25,false,26,0.045,7,2,16384,0.085,7,2,true
mixed-012-2,mixed,seed=0x9b17b1a8dd457987;cycles=7;planted=1;d_b=4;m=2;gap=1;k=2,187569,false,26425,0.096,28,10,1,0.084,29,14,false
mixed-012-2,mixed,seed=0x9b17b1a8dd457987;cycles=7;planted=1;d_b=4;m=2;gap=1;k=2,187569,false,26425,0.096,28,10,2,0.085,29,14,false
mixed-012-2,mixed,seed=0x9b17b1a8dd457987;cycles=7;planted=1;d_b=4;m=2;gap=1;k=2,187569,false,26425,0.096,28,10,4,0.093,29,14,false
mixed-012-2,mixed,seed=0x9b17b1a8dd457987;cycles=7;planted=1;d_b=4;m=2;gap=1;k=2,187569,false,26425,0.096,28,10,8,0.148,29,14,false
mixed-012-2,mixed,seed=0x9b17b1a8dd457987;cycles=7;planted=1;d_b=4;m=2;gap=1;k=2,187569,false,26425,0.096,28,10,16,0.207,29,14,false
mixed-012-2,mixed,seed=0x9b17b1a8dd457987;cycles=7;planted=1;d_b=4;m=2;gap=1;k=2,187569,false,26425,0.096,28,10,32,0.327,29,14,false
mixed-012-2,mixed,seed=0x9b17b1a8dd457987;cycles=7;planted=1;d_b=4;m=2;gap=1;k=2,187569,false,26425,0.096,28,10,64,0.523,28,10,false
mixed-012-2,mixed,seed=0x9b17b1a8dd457987;cycles=7;planted=1;d_b=4;m=2;gap=1;k=2,187569,false,26425,0.096,28,10,128,0.861,28,10,false
mixed-012-2,mixed,seed=0x9b17b1a8dd457987;cycles=7;planted=1;d_b=4;m=2;gap=1;k=2,187569,false,26425,0.096,28,10,256,1.296,28,10,false
mixed-012-2,mixed,seed=0x9b17b1a8dd457987;cycles=7;planted=1;d_b=4;m=2;gap=1;k=2,187569,false,26425,0.096,28,10,512,2.186,28,10,false
mixed-012-2,mixed,seed=0x9b17b1a8dd457987;cycles=7;planted=1;d_b=4;m=2;gap=1;k=2,187569,false,26425,0.096,28,10,1024,4.206,28,10,false
mixed-012-2,mixed,seed=0x9b17b1a8dd457987;cycles=7;planted=1;d_b=4;m=2;gap=1;k=2,187569,false,26425,0.096,28,10,2048,8.641,28,10,false
mixed-012-2,mixed,seed=0x9b17b1a8dd457987;cycles=7;planted=1;d_b=4;m=2;gap=1;k=2,187569,false,26425,0.096,28,10,4096,17.892,28,10,false
mixed-012-2,mixed,seed=0x9b17b1a8dd457987;cycles=7;planted=1;d_b=4;m=2;gap=1;k=2,187569,false,26425,0.096,28,10,8192,36.313,28,10,false
mixed-012-2,mixed,seed=0x9b17b1a8dd457987;cycles=7;planted=1;d_b=4;m=2;gap=1;k=2,187569,false,26425,0.096,28,10,16384,72.805,28,10,false
dec-039,dec,d_b=5;m=3;gap=1;k=1;q=1;s=6,10,false,12,0.040,12,2,1,0.013,13,12,false
dec-039,dec,d_b=5;m=3;gap=1;k=1;q=1;s=6,10,false,12,0.040,12,2,2,0.018,13,12,false
dec-039,dec,d_b=5;m=3;gap=1;k=1;q=1;s=6,10,false,12,0.040,12,2,4,0.026,12,2,false
dec-039,dec,d_b=5;m=3;gap=1;k=1;q=1;s=6,10,false,12,0.040,12,2,8,0.042,12,2,false
dec-039,dec,d_b=5;m=3;gap=1;k=1;q=1;s=6,10,false,12,0.040,12,2,16,0.048,12,2,true
dec-039,dec,d_b=5;m=3;gap=1;k=1;q=1;s=6,10,false,12,0.040,12,2,32,0.047,12,2,true
dec-039,dec,d_b=5;m=3;gap=1;k=1;q=1;s=6,10,false,12,0.040,12,2,64,0.044,12,2,true
dec-039,dec,d_b=5;m=3;gap=1;k=1;q=1;s=6,10,false,12,0.040,12,2,128,0.045,12,2,true
dec-039,dec,d_b=5;m=3;gap=1;k=1;q=1;s=6,10,false,12,0.040,12,2,256,0.044,12,2,true
dec-039,dec,d_b=5;m=3;gap=1;k=1;q=1;s=6,10,false,12,0.040,12,2,512,0.044,12,2,true
dec-039,dec,d_b=5;m=3;gap=1;k=1;q=1;s=6,10,false,12,0.040,12,2,1024,0.043,12,2,true
dec-039,dec,d_b=5;m=3;gap=1;k=1;q=1;s=6,10,false,12,0.040,12,2,2048,0.043,12,2,true
dec-039,dec,d_b=5;m=3;gap=1;k=1;q=1;s=6,10,false,12,0.040,12,2,4096,0.044,12,2,true
dec-039,dec,d_b=5;m=3;gap=1;k=1;q=1;s=6,10,false,12,0.040,12,2,8192,0.043,12,2,true
dec-039,dec,d_b=5;m=3;gap=1;k=1;q=1;s=6,10,false,12,0.040,12,2,16384,0.043,12,2,true
mixed-013-0,mixed,seed=0xf8fe6c22d3df3f14;cycles=7;planted=1;d_b=8;m=3;gap=2;k=2,112947,false,16733,0.115,32,6,1,0.073,35,24,false
mixed-013-0,mixed,seed=0xf8fe6c22d3df3f14;cycles=7;planted=1;d_b=8;m=3;gap=2;k=2,112947,false,16733,0.115,32,6,2,0.073,35,24,false
mixed-013-0,mixed,seed=0xf8fe6c22d3df3f14;cycles=7;planted=1;d_b=8;m=3;gap=2;k=2,112947,false,16733,0.115,32,6,4,0.092,35,24,false
mixed-013-0,mixed,seed=0xf8fe6c22d3df3f14;cycles=7;planted=1;d_b=8;m=3;gap=2;k=2,112947,false,16733,0.115,32,6,8,0.137,35,24,false
mixed-013-0,mixed,seed=0xf8fe6c22d3df3f14;cycles=7;planted=1;d_b=8;m=3;gap=2;k=2,112947,false,16733,0.115,32,6,16,0.244,35,24,false
mixed-013-0,mixed,seed=0xf8fe6c22d3df3f14;cycles=7;planted=1;d_b=8;m=3;gap=2;k=2,112947,false,16733,0.115,32,6,32,0.458,32,6,false
mixed-013-0,mixed,seed=0xf8fe6c22d3df3f14;cycles=7;planted=1;d_b=8;m=3;gap=2;k=2,112947,false,16733,0.115,32,6,64,0.913,32,6,false
mixed-013-0,mixed,seed=0xf8fe6c22d3df3f14;cycles=7;planted=1;d_b=8;m=3;gap=2;k=2,112947,false,16733,0.115,32,6,128,1.599,32,6,false
mixed-013-0,mixed,seed=0xf8fe6c22d3df3f14;cycles=7;planted=1;d_b=8;m=3;gap=2;k=2,112947,false,16733,0.115,32,6,256,2.879,32,6,false
mixed-013-0,mixed,seed=0xf8fe6c22d3df3f14;cycles=7;planted=1;d_b=8;m=3;gap=2;k=2,112947,false,16733,0.115,32,6,512,5.477,32,6,false
mixed-013-0,mixed,seed=0xf8fe6c22d3df3f14;cycles=7;planted=1;d_b=8;m=3;gap=2;k=2,112947,false,16733,0.115,32,6,1024,10.740,32,6,false
mixed-013-0,mixed,seed=0xf8fe6c22d3df3f14;cycles=7;planted=1;d_b=8;m=3;gap=2;k=2,112947,false,16733,0.115,32,6,2048,21.241,32,6,false
mixed-013-0,mixed,seed=0xf8fe6c22d3df3f14;cycles=7;planted=1;d_b=8;m=3;gap=2;k=2,112947,false,16733,0.115,32,6,4096,42.903,32,6,false
mixed-013-0,mixed,seed=0xf8fe6c22d3df3f14;cycles=7;planted=1;d_b=8;m=3;gap=2;k=2,112947,false,16733,0.115,32,6,8192,86.113,32,6,false
mixed-013-0,mixed,seed=0xf8fe6c22d3df3f14;cycles=7;planted=1;d_b=8;m=3;gap=2;k=2,112947,false,16733,0.115,32,6,16384,171.937,32,6,false
dec-040,dec,d_b=5;m=3;gap=1;k=2;q=1;s=6,15,false,17,0.049,12,2,1,0.014,13,12,false
dec-040,dec,d_b=5;m=3;gap=1;k=2;q=1;s=6,15,false,17,0.049,12,2,2,0.014,13,12,false
dec-040,dec,d_b=5;m=3;gap=1;k=2;q=1;s=6,15,false,17,0.049,12,2,4,0.025,13,12,false
dec-040,dec,d_b=5;m=3;gap=1;k=2;q=1;s=6,15,false,17,0.049,12,2,8,0.044,12,2,false
dec-040,dec,d_b=5;m=3;gap=1;k=2;q=1;s=6,15,false,17,0.049,12,2,16,0.074,12,2,true
dec-040,dec,d_b=5;m=3;gap=1;k=2;q=1;s=6,15,false,17,0.049,12,2,32,0.073,12,2,true
dec-040,dec,d_b=5;m=3;gap=1;k=2;q=1;s=6,15,false,17,0.049,12,2,64,0.072,12,2,true
dec-040,dec,d_b=5;m=3;gap=1;k=2;q=1;s=6,15,false,17,0.049,12,2,128,0.071,12,2,true
dec-040,dec,d_b=5;m=3;gap=1;k=2;q=1;s=6,15,false,17,0.049,12,2,256,0.068,12,2,true
dec-040,dec,d_b=5;m=3;gap=1;k=2;q=1;s=6,15,false,17,0.049,12,2,512,0.069,12,2,true
dec-040,dec,d_b=5;m=3;gap=1;k=2;q=1;s=6,15,false,17,0.049,12,2,1024,0.066,12,2,true
dec-040,dec,d_b=5;m=3;gap=1;k=2;q=1;s=6,15,false,17,0.049,12,2,2048,0.066,12,2,true
dec-040,dec,d_b=5;m=3;gap=1;k=2;q=1;s=6,15,false,17,0.049,12,2,4096,0.066,12,2,true
dec-040,dec,d_b=5;m=3;gap=1;k=2;q=1;s=6,15,false,17,0.049,12,2,8192,0.066,12,2,true
dec-040,dec,d_b=5;m=3;gap=1;k=2;q=1;s=6,15,false,17,0.049,12,2,16384,0.065,12,2,true
mixed-013-1,mixed,seed=0x31832866b6e28fc8;cycles=7;planted=1;d_b=8;m=3;gap=2;k=2,112961,false,16822,0.197,55,10,1,0.183,58,28,false
mixed-013-1,mixed,seed=0x31832866b6e28fc8;cycles=7;planted=1;d_b=8;m=3;gap=2;k=2,112961,false,16822,0.197,55,10,2,0.216,58,28,false
mixed-013-1,mixed,seed=0x31832866b6e28fc8;cycles=7;planted=1;d_b=8;m=3;gap=2;k=2,112961,false,16822,0.197,55,10,4,0.224,58,28,false
mixed-013-1,mixed,seed=0x31832866b6e28fc8;cycles=7;planted=1;d_b=8;m=3;gap=2;k=2,112961,false,16822,0.197,55,10,8,0.330,58,28,false
mixed-013-1,mixed,seed=0x31832866b6e28fc8;cycles=7;planted=1;d_b=8;m=3;gap=2;k=2,112961,false,16822,0.197,55,10,16,0.559,58,28,false
mixed-013-1,mixed,seed=0x31832866b6e28fc8;cycles=7;planted=1;d_b=8;m=3;gap=2;k=2,112961,false,16822,0.197,55,10,32,1.017,58,28,false
mixed-013-1,mixed,seed=0x31832866b6e28fc8;cycles=7;planted=1;d_b=8;m=3;gap=2;k=2,112961,false,16822,0.197,55,10,64,2.052,55,10,false
mixed-013-1,mixed,seed=0x31832866b6e28fc8;cycles=7;planted=1;d_b=8;m=3;gap=2;k=2,112961,false,16822,0.197,55,10,128,3.970,55,10,false
mixed-013-1,mixed,seed=0x31832866b6e28fc8;cycles=7;planted=1;d_b=8;m=3;gap=2;k=2,112961,false,16822,0.197,55,10,256,7.352,55,10,false
mixed-013-1,mixed,seed=0x31832866b6e28fc8;cycles=7;planted=1;d_b=8;m=3;gap=2;k=2,112961,false,16822,0.197,55,10,512,14.459,55,10,false
mixed-013-1,mixed,seed=0x31832866b6e28fc8;cycles=7;planted=1;d_b=8;m=3;gap=2;k=2,112961,false,16822,0.197,55,10,1024,27.872,55,10,false
mixed-013-1,mixed,seed=0x31832866b6e28fc8;cycles=7;planted=1;d_b=8;m=3;gap=2;k=2,112961,false,16822,0.197,55,10,2048,55.967,55,10,false
mixed-013-1,mixed,seed=0x31832866b6e28fc8;cycles=7;planted=1;d_b=8;m=3;gap=2;k=2,112961,false,16822,0.197,55,10,4096,113.601,55,10,false
mixed-013-1,mixed,seed=0x31832866b6e28fc8;cycles=7;planted=1;d_b=8;m=3;gap=2;k=2,112961,false,16822,0.197,55,10,8192,220.726,55,10,false
mixed-013-1,mixed,seed=0x31832866b6e28fc8;cycles=7;planted=1;d_b=8;m=3;gap=2;k=2,112961,false,16822,0.197,55,10,16384,454.650,55,10,false
dec-041,dec,d_b=5;m=3;gap=1;k=4;q=1;s=6,25,false,27,0.068,12,2,1,0.015,13,12,false
dec-041,dec,d_b=5;m=3;gap=1;k=4;q=1;s=6,25,false,27,0.068,12,2,2,0.018,13,12,false
dec-041,dec,d_b=5;m=3;gap=1;k=4;q=1;s=6,25,false,27,0.068,12,2,4,0.024,13,12,false
dec-041,dec,d_b=5;m=3;gap=1;k=4;q=1;s=6,25,false,27,0.068,12,2,8,0.042,13,12,false
dec-041,dec,d_b=5;m=3;gap=1;k=4;q=1;s=6,25,false,27,0.068,12,2,16,0.076,12,2,false
dec-041,dec,d_b=5;m=3;gap=1;k=4;q=1;s=6,25,false,27,0.068,12,2,32,0.119,12,2,true
dec-041,dec,d_b=5;m=3;gap=1;k=4;q=1;s=6,25,false,27,0.068,12,2,64,0.116,12,2,true
dec-041,dec,d_b=5;m=3;gap=1;k=4;q=1;s=6,25,false,27,0.068,12,2,128,0.125,12,2,true
dec-041,dec,d_b=5;m=3;gap=1;k=4;q=1;s=6,25,false,27,0.068,12,2,256,0.109,12,2,true
dec-041,dec,d_b=5;m=3;gap=1;k=4;q=1;s=6,25,false,27,0.068,12,2,512,0.112,12,2,true
dec-041,dec,d_b=5;m=3;gap=1;k=4;q=1;s=6,25,false,27,0.068,12,2,1024,0.110,12,2,true
dec-041,dec,d_b=5;m=3;gap=1;k=4;q=1;s=6,25,false,27,0.068,12,2,2048,0.123,12,2,true
dec-041,dec,d_b=5;m=3;gap=1;k=4;q=1;s=6,25,false,27,0.068,12,2,4096,0.107,12,2,true
dec-041,dec,d_b=5;m=3;gap=1;k=4;q=1;s=6,25,false,27,0.068,12,2,8192,0.109,12,2,true
dec-041,dec,d_b=5;m=3;gap=1;k=4;q=1;s=6,25,false,27,0.068,12,2,16384,0.106,12,2,true
mixed-013-2,mixed,seed=0x762c42d00e48443f;cycles=7;planted=1;d_b=8;m=3;gap=2;k=2,187577,false,26439,0.134,32,8,1,0.084,35,26,false
mixed-013-2,mixed,seed=0x762c42d00e48443f;cycles=7;planted=1;d_b=8;m=3;gap=2;k=2,187577,false,26439,0.134,32,8,2,0.071,35,26,false
mixed-013-2,mixed,seed=0x762c42d00e48443f;cycles=7;planted=1;d_b=8;m=3;gap=2;k=2,187577,false,26439,0.134,32,8,4,0.136,35,26,false
mixed-013-2,mixed,seed=0x762c42d00e48443f;cycles=7;planted=1;d_b=8;m=3;gap=2;k=2,187577,false,26439,0.134,32,8,8,0.164,35,26,false
mixed-013-2,mixed,seed=0x762c42d00e48443f;cycles=7;planted=1;d_b=8;m=3;gap=2;k=2,187577,false,26439,0.134,32,8,16,0.251,35,26,false
mixed-013-2,mixed,seed=0x762c42d00e48443f;cycles=7;planted=1;d_b=8;m=3;gap=2;k=2,187577,false,26439,0.134,32,8,32,0.414,35,26,false
mixed-013-2,mixed,seed=0x762c42d00e48443f;cycles=7;planted=1;d_b=8;m=3;gap=2;k=2,187577,false,26439,0.134,32,8,64,0.724,35,26,false
mixed-013-2,mixed,seed=0x762c42d00e48443f;cycles=7;planted=1;d_b=8;m=3;gap=2;k=2,187577,false,26439,0.134,32,8,128,1.117,32,8,false
mixed-013-2,mixed,seed=0x762c42d00e48443f;cycles=7;planted=1;d_b=8;m=3;gap=2;k=2,187577,false,26439,0.134,32,8,256,1.724,32,8,false
mixed-013-2,mixed,seed=0x762c42d00e48443f;cycles=7;planted=1;d_b=8;m=3;gap=2;k=2,187577,false,26439,0.134,32,8,512,2.994,32,8,false
mixed-013-2,mixed,seed=0x762c42d00e48443f;cycles=7;planted=1;d_b=8;m=3;gap=2;k=2,187577,false,26439,0.134,32,8,1024,5.208,32,8,false
mixed-013-2,mixed,seed=0x762c42d00e48443f;cycles=7;planted=1;d_b=8;m=3;gap=2;k=2,187577,false,26439,0.134,32,8,2048,10.218,32,8,false
mixed-013-2,mixed,seed=0x762c42d00e48443f;cycles=7;planted=1;d_b=8;m=3;gap=2;k=2,187577,false,26439,0.134,32,8,4096,19.497,32,8,false
mixed-013-2,mixed,seed=0x762c42d00e48443f;cycles=7;planted=1;d_b=8;m=3;gap=2;k=2,187577,false,26439,0.134,32,8,8192,37.423,32,8,false
mixed-013-2,mixed,seed=0x762c42d00e48443f;cycles=7;planted=1;d_b=8;m=3;gap=2;k=2,187577,false,26439,0.134,32,8,16384,74.378,32,8,false
dec-042,dec,d_b=5;m=3;gap=3;k=1;q=1;s=7,10,false,12,0.035,12,2,1,0.017,15,14,false
dec-042,dec,d_b=5;m=3;gap=3;k=1;q=1;s=7,10,false,12,0.035,12,2,2,0.020,15,14,false
dec-042,dec,d_b=5;m=3;gap=3;k=1;q=1;s=7,10,false,12,0.035,12,2,4,0.026,12,2,false
dec-042,dec,d_b=5;m=3;gap=3;k=1;q=1;s=7,10,false,12,0.035,12,2,8,0.042,12,2,false
dec-042,dec,d_b=5;m=3;gap=3;k=1;q=1;s=7,10,false,12,0.035,12,2,16,0.051,12,2,true
dec-042,dec,d_b=5;m=3;gap=3;k=1;q=1;s=7,10,false,12,0.035,12,2,32,0.048,12,2,true
dec-042,dec,d_b=5;m=3;gap=3;k=1;q=1;s=7,10,false,12,0.035,12,2,64,0.047,12,2,true
dec-042,dec,d_b=5;m=3;gap=3;k=1;q=1;s=7,10,false,12,0.035,12,2,128,0.046,12,2,true
dec-042,dec,d_b=5;m=3;gap=3;k=1;q=1;s=7,10,false,12,0.035,12,2,256,0.046,12,2,true
dec-042,dec,d_b=5;m=3;gap=3;k=1;q=1;s=7,10,false,12,0.035,12,2,512,0.045,12,2,true
dec-042,dec,d_b=5;m=3;gap=3;k=1;q=1;s=7,10,false,12,0.035,12,2,1024,0.045,12,2,true
dec-042,dec,d_b=5;m=3;gap=3;k=1;q=1;s=7,10,false,12,0.035,12,2,2048,0.045,12,2,true
dec-042,dec,d_b=5;m=3;gap=3;k=1;q=1;s=7,10,false,12,0.035,12,2,4096,0.045,12,2,true
dec-042,dec,d_b=5;m=3;gap=3;k=1;q=1;s=7,10,false,12,0.035,12,2,8192,0.045,12,2,true
dec-042,dec,d_b=5;m=3;gap=3;k=1;q=1;s=7,10,false,12,0.035,12,2,16384,0.045,12,2,true
mixed-014-0,mixed,seed=0xa9d652b3ac93e62d;cycles=7;planted=1;d_b=12;m=2;gap=6;k=4,61,false,62,0.102,15,2,1,0.016,22,20,false
mixed-014-0,mixed,seed=0xa9d652b3ac93e62d;cycles=7;planted=1;d_b=12;m=2;gap=6;k=4,61,false,62,0.102,15,2,2,0.018,22,20,false
mixed-014-0,mixed,seed=0xa9d652b3ac93e62d;cycles=7;planted=1;d_b=12;m=2;gap=6;k=4,61,false,62,0.102,15,2,4,0.029,22,20,false
mixed-014-0,mixed,seed=0xa9d652b3ac93e62d;cycles=7;planted=1;d_b=12;m=2;gap=6;k=4,61,false,62,0.102,15,2,8,0.050,22,20,false
mixed-014-0,mixed,seed=0xa9d652b3ac93e62d;cycles=7;planted=1;d_b=12;m=2;gap=6;k=4,61,false,62,0.102,15,2,16,0.105,15,2,false
mixed-014-0,mixed,seed=0xa9d652b3ac93e62d;cycles=7;planted=1;d_b=12;m=2;gap=6;k=4,61,false,62,0.102,15,2,32,0.203,15,2,false
mixed-014-0,mixed,seed=0xa9d652b3ac93e62d;cycles=7;planted=1;d_b=12;m=2;gap=6;k=4,61,false,62,0.102,15,2,64,0.412,15,2,true
mixed-014-0,mixed,seed=0xa9d652b3ac93e62d;cycles=7;planted=1;d_b=12;m=2;gap=6;k=4,61,false,62,0.102,15,2,128,0.408,15,2,true
mixed-014-0,mixed,seed=0xa9d652b3ac93e62d;cycles=7;planted=1;d_b=12;m=2;gap=6;k=4,61,false,62,0.102,15,2,256,0.405,15,2,true
mixed-014-0,mixed,seed=0xa9d652b3ac93e62d;cycles=7;planted=1;d_b=12;m=2;gap=6;k=4,61,false,62,0.102,15,2,512,0.405,15,2,true
mixed-014-0,mixed,seed=0xa9d652b3ac93e62d;cycles=7;planted=1;d_b=12;m=2;gap=6;k=4,61,false,62,0.102,15,2,1024,0.402,15,2,true
mixed-014-0,mixed,seed=0xa9d652b3ac93e62d;cycles=7;planted=1;d_b=12;m=2;gap=6;k=4,61,false,62,0.102,15,2,2048,0.403,15,2,true
mixed-014-0,mixed,seed=0xa9d652b3ac93e62d;cycles=7;planted=1;d_b=12;m=2;gap=6;k=4,61,false,62,0.102,15,2,4096,0.401,15,2,true
mixed-014-0,mixed,seed=0xa9d652b3ac93e62d;cycles=7;planted=1;d_b=12;m=2;gap=6;k=4,61,false,62,0.102,15,2,8192,0.402,15,2,true
mixed-014-0,mixed,seed=0xa9d652b3ac93e62d;cycles=7;planted=1;d_b=12;m=2;gap=6;k=4,61,false,62,0.102,15,2,16384,0.401,15,2,true
dec-043,dec,d_b=5;m=3;gap=3;k=2;q=1;s=7,15,false,17,0.033,12,2,1,0.010,15,14,false
dec-043,dec,d_b=5;m=3;gap=3;k=2;q=1;s=7,15,false,17,0.033,12,2,2,0.015,15,14,false
dec-043,dec,d_b=5;m=3;gap=3;k=2;q=1;s=7,15,false,17,0.033,12,2,4,0.022,15,14,false
dec-043,dec,d_b=5;m=3;gap=3;k=2;q=1;s=7,15,false,17,0.033,12,2,8,0.044,12,2,false
dec-043,dec,d_b=5;m=3;gap=3;k=2;q=1;s=7,15,false,17,0.033,12,2,16,0.074,12,2,true
dec-043,dec,d_b=5;m=3;gap=3;k=2;q=1;s=7,15,false,17,0.033,12,2,32,0.072,12,2,true
dec-043,dec,d_b=5;m=3;gap=3;k=2;q=1;s=7,15,false,17,0.033,12,2,64,0.070,12,2,true
dec-043,dec,d_b=5;m=3;gap=3;k=2;q=1;s=7,15,false,17,0.033,12,2,128,0.070,12,2,true
dec-043,dec,d_b=5;m=3;gap=3;k=2;q=1;s=7,15,false,17,0.033,12,2,256,0.069,12,2,true
dec-043,dec,d_b=5;m=3;gap=3;k=2;q=1;s=7,15,false,17,0.033,12,2,512,0.069,12,2,true
dec-043,dec,d_b=5;m=3;gap=3;k=2;q=1;s=7,15,false,17,0.033,12,2,1024,0.069,12,2,true
dec-043,dec,d_b=5;m=3;gap=3;k=2;q=1;s=7,15,false,17,0.033,12,2,2048,0.068,12,2,true
dec-043,dec,d_b=5;m=3;gap=3;k=2;q=1;s=7,15,false,17,0.033,12,2,4096,0.069,12,2,true
dec-043,dec,d_b=5;m=3;gap=3;k=2;q=1;s=7,15,false,17,0.033,12,2,8192,0.068,12,2,true
dec-043,dec,d_b=5;m=3;gap=3;k=2;q=1;s=7,15,false,17,0.033,12,2,16384,0.068,12,2,true
mixed-014-1,mixed,seed=0xa8485dc4eef3e2c0;cycles=7;planted=1;d_b=12;m=2;gap=6;k=4,112987,false,16783,0.173,35,8,1,0.097,42,26,false
mixed-014-1,mixed,seed=0xa8485dc4eef3e2c0;cycles=7;planted=1;d_b=12;m=2;gap=6;k=4,112987,false,16783,0.173,35,8,2,0.113,42,26,false
mixed-014-1,mixed,seed=0xa8485dc4eef3e2c0;cycles=7;planted=1;d_b=12;m=2;gap=6;k=4,112987,false,16783,0.173,35,8,4,0.120,42,26,false
mixed-014-1,mixed,seed=0xa8485dc4eef3e2c0;cycles=7;planted=1;d_b=12;m=2;gap=6;k=4,112987,false,16783,0.173,35,8,8,0.164,42,26,false
mixed-014-1,mixed,seed=0xa8485dc4eef3e2c0;cycles=7;planted=1;d_b=12;m=2;gap=6;k=4,112987,false,16783,0.173,35,8,16,0.265,42,26,false
mixed-014-1,mixed,seed=0xa8485dc4eef3e2c0;cycles=7;planted=1;d_b=12;m=2;gap=6;k=4,112987,false,16783,0.173,35,8,32,0.460,42,26,false
mixed-014-1,mixed,seed=0xa8485dc4eef3e2c0;cycles=7;planted=1;d_b=12;m=2;gap=6;k=4,112987,false,16783,0.173,35,8,64,0.892,35,8,false
mixed-014-1,mixed,seed=0xa8485dc4eef3e2c0;cycles=7;planted=1;d_b=12;m=2;gap=6;k=4,112987,false,16783,0.173,35,8,128,1.472,35,8,false
mixed-014-1,mixed,seed=0xa8485dc4eef3e2c0;cycles=7;planted=1;d_b=12;m=2;gap=6;k=4,112987,false,16783,0.173,35,8,256,2.420,35,8,false
mixed-014-1,mixed,seed=0xa8485dc4eef3e2c0;cycles=7;planted=1;d_b=12;m=2;gap=6;k=4,112987,false,16783,0.173,35,8,512,4.023,35,8,false
mixed-014-1,mixed,seed=0xa8485dc4eef3e2c0;cycles=7;planted=1;d_b=12;m=2;gap=6;k=4,112987,false,16783,0.173,35,8,1024,7.365,35,8,false
mixed-014-1,mixed,seed=0xa8485dc4eef3e2c0;cycles=7;planted=1;d_b=12;m=2;gap=6;k=4,112987,false,16783,0.173,35,8,2048,14.457,35,8,false
mixed-014-1,mixed,seed=0xa8485dc4eef3e2c0;cycles=7;planted=1;d_b=12;m=2;gap=6;k=4,112987,false,16783,0.173,35,8,4096,28.432,35,8,false
mixed-014-1,mixed,seed=0xa8485dc4eef3e2c0;cycles=7;planted=1;d_b=12;m=2;gap=6;k=4,112987,false,16783,0.173,35,8,8192,55.354,35,8,false
mixed-014-1,mixed,seed=0xa8485dc4eef3e2c0;cycles=7;planted=1;d_b=12;m=2;gap=6;k=4,112987,false,16783,0.173,35,8,16384,113.150,35,8,false
dec-044,dec,d_b=5;m=3;gap=3;k=4;q=1;s=7,25,false,27,0.062,12,2,1,0.018,15,14,false
dec-044,dec,d_b=5;m=3;gap=3;k=4;q=1;s=7,25,false,27,0.062,12,2,2,0.018,15,14,false
dec-044,dec,d_b=5;m=3;gap=3;k=4;q=1;s=7,25,false,27,0.062,12,2,4,0.026,15,14,false
dec-044,dec,d_b=5;m=3;gap=3;k=4;q=1;s=7,25,false,27,0.062,12,2,8,0.045,15,14,false
dec-044,dec,d_b=5;m=3;gap=3;k=4;q=1;s=7,25,false,27,0.062,12,2,16,0.083,12,2,false
dec-044,dec,d_b=5;m=3;gap=3;k=4;q=1;s=7,25,false,27,0.062,12,2,32,0.123,12,2,true
dec-044,dec,d_b=5;m=3;gap=3;k=4;q=1;s=7,25,false,27,0.062,12,2,64,0.121,12,2,true
dec-044,dec,d_b=5;m=3;gap=3;k=4;q=1;s=7,25,false,27,0.062,12,2,128,0.116,12,2,true
dec-044,dec,d_b=5;m=3;gap=3;k=4;q=1;s=7,25,false,27,0.062,12,2,256,0.115,12,2,true
dec-044,dec,d_b=5;m=3;gap=3;k=4;q=1;s=7,25,false,27,0.062,12,2,512,0.113,12,2,true
dec-044,dec,d_b=5;m=3;gap=3;k=4;q=1;s=7,25,false,27,0.062,12,2,1024,0.115,12,2,true
dec-044,dec,d_b=5;m=3;gap=3;k=4;q=1;s=7,25,false,27,0.062,12,2,2048,0.112,12,2,true
dec-044,dec,d_b=5;m=3;gap=3;k=4;q=1;s=7,25,false,27,0.062,12,2,4096,0.113,12,2,true
dec-044,dec,d_b=5;m=3;gap=3;k=4;q=1;s=7,25,false,27,0.062,12,2,8192,0.111,12,2,true
dec-044,dec,d_b=5;m=3;gap=3;k=4;q=1;s=7,25,false,27,0.062,12,2,16384,0.114,12,2,true
mixed-014-2,mixed,seed=0xfb25a106c763f8a5;cycles=7;planted=1;d_b=12;m=2;gap=6;k=4,112984,false,16767,0.144,24,8,1,0.050,31,26,false
mixed-014-2,mixed,seed=0xfb25a106c763f8a5;cycles=7;planted=1;d_b=12;m=2;gap=6;k=4,112984,false,16767,0.144,24,8,2,0.066,31,26,false
mixed-014-2,mixed,seed=0xfb25a106c763f8a5;cycles=7;planted=1;d_b=12;m=2;gap=6;k=4,112984,false,16767,0.144,24,8,4,0.104,31,26,false
mixed-014-2,mixed,seed=0xfb25a106c763f8a5;cycles=7;planted=1;d_b=12;m=2;gap=6;k=4,112984,false,16767,0.144,24,8,8,0.146,31,26,false
mixed-014-2,mixed,seed=0xfb25a106c763f8a5;cycles=7;planted=1;d_b=12;m=2;gap=6;k=4,112984,false,16767,0.144,24,8,16,0.262,31,26,false
mixed-014-2,mixed,seed=0xfb25a106c763f8a5;cycles=7;planted=1;d_b=12;m=2;gap=6;k=4,112984,false,16767,0.144,24,8,32,0.490,31,26,false
mixed-014-2,mixed,seed=0xfb25a106c763f8a5;cycles=7;planted=1;d_b=12;m=2;gap=6;k=4,112984,false,16767,0.144,24,8,64,0.959,24,8,false
mixed-014-2,mixed,seed=0xfb25a106c763f8a5;cycles=7;planted=1;d_b=12;m=2;gap=6;k=4,112984,false,16767,0.144,24,8,128,1.746,24,8,false
mixed-014-2,mixed,seed=0xfb25a106c763f8a5;cycles=7;planted=1;d_b=12;m=2;gap=6;k=4,112984,false,16767,0.144,24,8,256,3.112,24,8,false
mixed-014-2,mixed,seed=0xfb25a106c763f8a5;cycles=7;planted=1;d_b=12;m=2;gap=6;k=4,112984,false,16767,0.144,24,8,512,5.932,24,8,false
mixed-014-2,mixed,seed=0xfb25a106c763f8a5;cycles=7;planted=1;d_b=12;m=2;gap=6;k=4,112984,false,16767,0.144,24,8,1024,11.078,24,8,false
mixed-014-2,mixed,seed=0xfb25a106c763f8a5;cycles=7;planted=1;d_b=12;m=2;gap=6;k=4,112984,false,16767,0.144,24,8,2048,22.300,24,8,false
mixed-014-2,mixed,seed=0xfb25a106c763f8a5;cycles=7;planted=1;d_b=12;m=2;gap=6;k=4,112984,false,16767,0.144,24,8,4096,44.739,24,8,false
mixed-014-2,mixed,seed=0xfb25a106c763f8a5;cycles=7;planted=1;d_b=12;m=2;gap=6;k=4,112984,false,16767,0.144,24,8,8192,87.923,24,8,false
mixed-014-2,mixed,seed=0xfb25a106c763f8a5;cycles=7;planted=1;d_b=12;m=2;gap=6;k=4,112984,false,16767,0.144,24,8,16384,178.975,24,8,false
dec-045,dec,d_b=5;m=3;gap=7;k=1;q=1;s=9,10,false,12,0.032,12,2,1,0.015,19,18,false
dec-045,dec,d_b=5;m=3;gap=7;k=1;q=1;s=9,10,false,12,0.032,12,2,2,0.023,12,2,false
dec-045,dec,d_b=5;m=3;gap=7;k=1;q=1;s=9,10,false,12,0.032,12,2,4,0.031,12,2,false
dec-045,dec,d_b=5;m=3;gap=7;k=1;q=1;s=9,10,false,12,0.032,12,2,8,0.048,12,2,false
dec-045,dec,d_b=5;m=3;gap=7;k=1;q=1;s=9,10,false,12,0.032,12,2,16,0.060,12,2,true
dec-045,dec,d_b=5;m=3;gap=7;k=1;q=1;s=9,10,false,12,0.032,12,2,32,0.056,12,2,true
dec-045,dec,d_b=5;m=3;gap=7;k=1;q=1;s=9,10,false,12,0.032,12,2,64,0.054,12,2,true
dec-045,dec,d_b=5;m=3;gap=7;k=1;q=1;s=9,10,false,12,0.032,12,2,128,0.053,12,2,true
dec-045,dec,d_b=5;m=3;gap=7;k=1;q=1;s=9,10,false,12,0.032,12,2,256,0.052,12,2,true
dec-045,dec,d_b=5;m=3;gap=7;k=1;q=1;s=9,10,false,12,0.032,12,2,512,0.052,12,2,true
dec-045,dec,d_b=5;m=3;gap=7;k=1;q=1;s=9,10,false,12,0.032,12,2,1024,0.051,12,2,true
dec-045,dec,d_b=5;m=3;gap=7;k=1;q=1;s=9,10,false,12,0.032,12,2,2048,0.051,12,2,true
dec-045,dec,d_b=5;m=3;gap=7;k=1;q=1;s=9,10,false,12,0.032,12,2,4096,0.051,12,2,true
dec-045,dec,d_b=5;m=3;gap=7;k=1;q=1;s=9,10,false,12,0.032,12,2,8192,0.051,12,2,true
dec-045,dec,d_b=5;m=3;gap=7;k=1;q=1;s=9,10,false,12,0.032,12,2,16384,0.051,12,2,true
mixed-015-0,mixed,seed=0x5f12b3d3fd5095a5;cycles=7;planted=1;d_b=16;m=5;gap=2;k=1,294440,false,40898,0.256,88,10,1,0.127,91,76,false
mixed-015-0,mixed,seed=0x5f12b3d3fd5095a5;cycles=7;planted=1;d_b=16;m=5;gap=2;k=1,294440,false,40898,0.256,88,10,2,0.120,91,76,false
mixed-015-0,mixed,seed=0x5f12b3d3fd5095a5;cycles=7;planted=1;d_b=16;m=5;gap=2;k=1,294440,false,40898,0.256,88,10,4,0.163,91,76,false
mixed-015-0,mixed,seed=0x5f12b3d3fd5095a5;cycles=7;planted=1;d_b=16;m=5;gap=2;k=1,294440,false,40898,0.256,88,10,8,0.187,91,76,false
mixed-015-0,mixed,seed=0x5f12b3d3fd5095a5;cycles=7;planted=1;d_b=16;m=5;gap=2;k=1,294440,false,40898,0.256,88,10,16,0.311,91,76,false
mixed-015-0,mixed,seed=0x5f12b3d3fd5095a5;cycles=7;planted=1;d_b=16;m=5;gap=2;k=1,294440,false,40898,0.256,88,10,32,0.525,91,76,false
mixed-015-0,mixed,seed=0x5f12b3d3fd5095a5;cycles=7;planted=1;d_b=16;m=5;gap=2;k=1,294440,false,40898,0.256,88,10,64,0.904,88,10,false
mixed-015-0,mixed,seed=0x5f12b3d3fd5095a5;cycles=7;planted=1;d_b=16;m=5;gap=2;k=1,294440,false,40898,0.256,88,10,128,1.507,88,10,false
mixed-015-0,mixed,seed=0x5f12b3d3fd5095a5;cycles=7;planted=1;d_b=16;m=5;gap=2;k=1,294440,false,40898,0.256,88,10,256,2.242,88,10,false
mixed-015-0,mixed,seed=0x5f12b3d3fd5095a5;cycles=7;planted=1;d_b=16;m=5;gap=2;k=1,294440,false,40898,0.256,88,10,512,4.599,88,10,false
mixed-015-0,mixed,seed=0x5f12b3d3fd5095a5;cycles=7;planted=1;d_b=16;m=5;gap=2;k=1,294440,false,40898,0.256,88,10,1024,6.322,88,10,false
mixed-015-0,mixed,seed=0x5f12b3d3fd5095a5;cycles=7;planted=1;d_b=16;m=5;gap=2;k=1,294440,false,40898,0.256,88,10,2048,12.452,88,10,false
mixed-015-0,mixed,seed=0x5f12b3d3fd5095a5;cycles=7;planted=1;d_b=16;m=5;gap=2;k=1,294440,false,40898,0.256,88,10,4096,22.930,88,10,false
mixed-015-0,mixed,seed=0x5f12b3d3fd5095a5;cycles=7;planted=1;d_b=16;m=5;gap=2;k=1,294440,false,40898,0.256,88,10,8192,43.207,88,10,false
mixed-015-0,mixed,seed=0x5f12b3d3fd5095a5;cycles=7;planted=1;d_b=16;m=5;gap=2;k=1,294440,false,40898,0.256,88,10,16384,83.015,88,10,false
dec-046,dec,d_b=5;m=3;gap=7;k=2;q=1;s=9,15,false,17,0.042,12,2,1,0.015,19,18,false
dec-046,dec,d_b=5;m=3;gap=7;k=2;q=1;s=9,15,false,17,0.042,12,2,2,0.018,19,18,false
dec-046,dec,d_b=5;m=3;gap=7;k=2;q=1;s=9,15,false,17,0.042,12,2,4,0.034,12,2,false
dec-046,dec,d_b=5;m=3;gap=7;k=2;q=1;s=9,15,false,17,0.042,12,2,8,0.054,12,2,false
dec-046,dec,d_b=5;m=3;gap=7;k=2;q=1;s=9,15,false,17,0.042,12,2,16,0.085,12,2,true
dec-046,dec,d_b=5;m=3;gap=7;k=2;q=1;s=9,15,false,17,0.042,12,2,32,0.081,12,2,true
dec-046,dec,d_b=5;m=3;gap=7;k=2;q=1;s=9,15,false,17,0.042,12,2,64,0.079,12,2,true
dec-046,dec,d_b=5;m=3;gap=7;k=2;q=1;s=9,15,false,17,0.042,12,2,128,0.077,12,2,true
dec-046,dec,d_b=5;m=3;gap=7;k=2;q=1;s=9,15,false,17,0.042,12,2,256,0.077,12,2,true
dec-046,dec,d_b=5;m=3;gap=7;k=2;q=1;s=9,15,false,17,0.042,12,2,512,0.089,12,2,true
dec-046,dec,d_b=5;m=3;gap=7;k=2;q=1;s=9,15,false,17,0.042,12,2,1024,0.077,12,2,true
dec-046,dec,d_b=5;m=3;gap=7;k=2;q=1;s=9,15,false,17,0.042,12,2,2048,0.079,12,2,true
dec-046,dec,d_b=5;m=3;gap=7;k=2;q=1;s=9,15,false,17,0.042,12,2,4096,0.076,12,2,true
dec-046,dec,d_b=5;m=3;gap=7;k=2;q=1;s=9,15,false,17,0.042,12,2,8192,0.076,12,2,true
dec-046,dec,d_b=5;m=3;gap=7;k=2;q=1;s=9,15,false,17,0.042,12,2,16384,0.076,12,2,true
mixed-015-1,mixed,seed=0x8842ba36f2d5f139;cycles=7;planted=1;d_b=16;m=5;gap=2;k=1,112961,false,16782,0.234,91,10,1,0.113,94,76,false
mixed-015-1,mixed,seed=0x8842ba36f2d5f139;cycles=7;planted=1;d_b=16;m=5;gap=2;k=1,112961,false,16782,0.234,91,10,2,0.096,94,76,false
mixed-015-1,mixed,seed=0x8842ba36f2d5f139;cycles=7;planted=1;d_b=16;m=5;gap=2;k=1,112961,false,16782,0.234,91,10,4,0.115,94,76,false
mixed-015-1,mixed,seed=0x8842ba36f2d5f139;cycles=7;planted=1;d_b=16;m=5;gap=2;k=1,112961,false,16782,0.234,91,10,8,0.185,94,76,false
mixed-015-1,mixed,seed=0x8842ba36f2d5f139;cycles=7;planted=1;d_b=16;m=5;gap=2;k=1,112961,false,16782,0.234,91,10,16,0.286,94,76,false
mixed-015-1,mixed,seed=0x8842ba36f2d5f139;cycles=7;planted=1;d_b=16;m=5;gap=2;k=1,112961,false,16782,0.234,91,10,32,0.490,91,10,false
mixed-015-1,mixed,seed=0x8842ba36f2d5f139;cycles=7;planted=1;d_b=16;m=5;gap=2;k=1,112961,false,16782,0.234,91,10,64,1.091,91,10,false
mixed-015-1,mixed,seed=0x8842ba36f2d5f139;cycles=7;planted=1;d_b=16;m=5;gap=2;k=1,112961,false,16782,0.234,91,10,128,2.471,91,10,false
mixed-015-1,mixed,seed=0x8842ba36f2d5f139;cycles=7;planted=1;d_b=16;m=5;gap=2;k=1,112961,false,16782,0.234,91,10,256,4.804,91,10,false
mixed-015-1,mixed,seed=0x8842ba36f2d5f139;cycles=7;planted=1;d_b=16;m=5;gap=2;k=1,112961,false,16782,0.234,91,10,512,10.348,91,10,false
mixed-015-1,mixed,seed=0x8842ba36f2d5f139;cycles=7;planted=1;d_b=16;m=5;gap=2;k=1,112961,false,16782,0.234,91,10,1024,19.065,91,10,false
mixed-015-1,mixed,seed=0x8842ba36f2d5f139;cycles=7;planted=1;d_b=16;m=5;gap=2;k=1,112961,false,16782,0.234,91,10,2048,37.289,91,10,false
mixed-015-1,mixed,seed=0x8842ba36f2d5f139;cycles=7;planted=1;d_b=16;m=5;gap=2;k=1,112961,false,16782,0.234,91,10,4096,74.062,91,10,false
mixed-015-1,mixed,seed=0x8842ba36f2d5f139;cycles=7;planted=1;d_b=16;m=5;gap=2;k=1,112961,false,16782,0.234,91,10,8192,149.673,91,10,false
mixed-015-1,mixed,seed=0x8842ba36f2d5f139;cycles=7;planted=1;d_b=16;m=5;gap=2;k=1,112961,false,16782,0.234,91,10,16384,296.012,91,10,false
dec-047,dec,d_b=5;m=3;gap=7;k=4;q=1;s=9,25,false,27,0.055,12,2,1,0.021,19,18,false
dec-047,dec,d_b=5;m=3;gap=7;k=4;q=1;s=9,25,false,27,0.055,12,2,2,0.022,19,18,false
dec-047,dec,d_b=5;m=3;gap=7;k=4;q=1;s=9,25,false,27,0.055,12,2,4,0.031,19,18,false
dec-047,dec,d_b=5;m=3;gap=7;k=4;q=1;s=9,25,false,27,0.055,12,2,8,0.060,12,2,false
dec-047,dec,d_b=5;m=3;gap=7;k=4;q=1;s=9,25,false,27,0.055,12,2,16,0.098,12,2,false
dec-047,dec,d_b=5;m=3;gap=7;k=4;q=1;s=9,25,false,27,0.055,12,2,32,0.139,12,2,true
dec-047,dec,d_b=5;m=3;gap=7;k=4;q=1;s=9,25,false,27,0.055,12,2,64,0.137,12,2,true
dec-047,dec,d_b=5;m=3;gap=7;k=4;q=1;s=9,25,false,27,0.055,12,2,128,0.132,12,2,true
dec-047,dec,d_b=5;m=3;gap=7;k=4;q=1;s=9,25,false,27,0.055,12,2,256,0.130,12,2,true
dec-047,dec,d_b=5;m=3;gap=7;k=4;q=1;s=9,25,false,27,0.055,12,2,512,0.128,12,2,true
dec-047,dec,d_b=5;m=3;gap=7;k=4;q=1;s=9,25,false,27,0.055,12,2,1024,0.128,12,2,true
dec-047,dec,d_b=5;m=3;gap=7;k=4;q=1;s=9,25,false,27,0.055,12,2,2048,0.129,12,2,true
dec-047,dec,d_b=5;m=3;gap=7;k=4;q=1;s=9,25,false,27,0.055,12,2,4096,0.149,12,2,true
dec-047,dec,d_b=5;m=3;gap=7;k=4;q=1;s=9,25,false,27,0.055,12,2,8192,0.126,12,2,true
dec-047,dec,d_b=5;m=3;gap=7;k=4;q=1;s=9,25,false,27,0.055,12,2,16384,0.135,12,2,true
mixed-015-2,mixed,seed=0x803c0dc14318a208;cycles=7;planted=1;d_b=16;m=5;gap=2;k=1,112953,false,16725,0.178,69,4,1,0.059,72,70,false
mixed-015-2,mixed,seed=0x803c0dc14318a208;cycles=7;planted=1;d_b=16;m=5;gap=2;k=1,112953,false,16725,0.178,69,4,2,0.071,72,70,false
mixed-015-2,mixed,seed=0x803c0dc14318a208;cycles=7;planted=1;d_b=16;m=5;gap=2;k=1,112953,false,16725,0.178,69,4,4,0.081,72,70,false
mixed-015-2,mixed,seed=0x803c0dc14318a208;cycles=7;planted=1;d_b=16;m=5;gap=2;k=1,112953,false,16725,0.178,69,4,8,0.121,72,70,false
mixed-015-2,mixed,seed=0x803c0dc14318a208;cycles=7;planted=1;d_b=16;m=5;gap=2;k=1,112953,false,16725,0.178,69,4,16,0.217,72,70,false
mixed-015-2,mixed,seed=0x803c0dc14318a208;cycles=7;planted=1;d_b=16;m=5;gap=2;k=1,112953,false,16725,0.178,69,4,32,0.576,72,70,false
mixed-015-2,mixed,seed=0x803c0dc14318a208;cycles=7;planted=1;d_b=16;m=5;gap=2;k=1,112953,false,16725,0.178,69,4,64,0.809,69,4,false
mixed-015-2,mixed,seed=0x803c0dc14318a208;cycles=7;planted=1;d_b=16;m=5;gap=2;k=1,112953,false,16725,0.178,69,4,128,1.204,69,4,false
mixed-015-2,mixed,seed=0x803c0dc14318a208;cycles=7;planted=1;d_b=16;m=5;gap=2;k=1,112953,false,16725,0.178,69,4,256,2.042,69,4,false
mixed-015-2,mixed,seed=0x803c0dc14318a208;cycles=7;planted=1;d_b=16;m=5;gap=2;k=1,112953,false,16725,0.178,69,4,512,3.400,69,4,false
mixed-015-2,mixed,seed=0x803c0dc14318a208;cycles=7;planted=1;d_b=16;m=5;gap=2;k=1,112953,false,16725,0.178,69,4,1024,6.585,69,4,false
mixed-015-2,mixed,seed=0x803c0dc14318a208;cycles=7;planted=1;d_b=16;m=5;gap=2;k=1,112953,false,16725,0.178,69,4,2048,12.760,69,4,false
mixed-015-2,mixed,seed=0x803c0dc14318a208;cycles=7;planted=1;d_b=16;m=5;gap=2;k=1,112953,false,16725,0.178,69,4,4096,25.133,69,4,false
mixed-015-2,mixed,seed=0x803c0dc14318a208;cycles=7;planted=1;d_b=16;m=5;gap=2;k=1,112953,false,16725,0.178,69,4,8192,49.525,69,4,false
mixed-015-2,mixed,seed=0x803c0dc14318a208;cycles=7;planted=1;d_b=16;m=5;gap=2;k=1,112953,false,16725,0.178,69,4,16384,99.505,69,4,false
dec-048,dec,d_b=5;m=5;gap=1;k=1;q=3;s=11,10,false,12,0.046,22,2,1,0.016,23,22,false
dec-048,dec,d_b=5;m=5;gap=1;k=1;q=3;s=11,10,false,12,0.046,22,2,2,0.024,23,22,false
dec-048,dec,d_b=5;m=5;gap=1;k=1;q=3;s=11,10,false,12,0.046,22,2,4,0.032,22,2,false
dec-048,dec,d_b=5;m=5;gap=1;k=1;q=3;s=11,10,false,12,0.046,22,2,8,0.051,22,2,false
dec-048,dec,d_b=5;m=5;gap=1;k=1;q=3;s=11,10,false,12,0.046,22,2,16,0.061,22,2,true
dec-048,dec,d_b=5;m=5;gap=1;k=1;q=3;s=11,10,false,12,0.046,22,2,32,0.059,22,2,true
dec-048,dec,d_b=5;m=5;gap=1;k=1;q=3;s=11,10,false,12,0.046,22,2,64,0.058,22,2,true
dec-048,dec,d_b=5;m=5;gap=1;k=1;q=3;s=11,10,false,12,0.046,22,2,128,0.089,22,2,true
dec-048,dec,d_b=5;m=5;gap=1;k=1;q=3;s=11,10,false,12,0.046,22,2,256,0.062,22,2,true
dec-048,dec,d_b=5;m=5;gap=1;k=1;q=3;s=11,10,false,12,0.046,22,2,512,0.067,22,2,true
dec-048,dec,d_b=5;m=5;gap=1;k=1;q=3;s=11,10,false,12,0.046,22,2,1024,0.054,22,2,true
dec-048,dec,d_b=5;m=5;gap=1;k=1;q=3;s=11,10,false,12,0.046,22,2,2048,0.059,22,2,true
dec-048,dec,d_b=5;m=5;gap=1;k=1;q=3;s=11,10,false,12,0.046,22,2,4096,0.054,22,2,true
dec-048,dec,d_b=5;m=5;gap=1;k=1;q=3;s=11,10,false,12,0.046,22,2,8192,0.056,22,2,true
dec-048,dec,d_b=5;m=5;gap=1;k=1;q=3;s=11,10,false,12,0.046,22,2,16384,0.056,22,2,true
mixed-016-0,mixed,seed=0x5f5c059df54fbc37;cycles=7;planted=2;d_b=4;m=2;gap=1;k=2,25,false,27,0.045,13,4,1,0.015,15,12,false
mixed-016-0,mixed,seed=0x5f5c059df54fbc37;cycles=7;planted=2;d_b=4;m=2;gap=1;k=2,25,false,27,0.045,13,4,2,0.015,15,12,false
mixed-016-0,mixed,seed=0x5f5c059df54fbc37;cycles=7;planted=2;d_b=4;m=2;gap=1;k=2,25,false,27,0.045,13,4,4,0.022,15,12,false
mixed-016-0,mixed,seed=0x5f5c059df54fbc37;cycles=7;planted=2;d_b=4;m=2;gap=1;k=2,25,false,27,0.045,13,4,8,0.037,15,12,false
mixed-016-0,mixed,seed=0x5f5c059df54fbc37;cycles=7;planted=2;d_b=4;m=2;gap=1;k=2,25,false,27,0.045,13,4,16,0.066,13,4,false
mixed-016-0,mixed,seed=0x5f5c059df54fbc37;cycles=7;planted=2;d_b=4;m=2;gap=1;k=2,25,false,27,0.045,13,4,32,0.093,13,4,true
mixed-016-0,mixed,seed=0x5f5c059df54fbc37;cycles=7;planted=2;d_b=4;m=2;gap=1;k=2,25,false,27,0.045,13,4,64,0.088,13,4,true
mixed-016-0,mixed,seed=0x5f5c059df54fbc37;cycles=7;planted=2;d_b=4;m=2;gap=1;k=2,25,false,27,0.045,13,4,128,0.094,13,4,true
mixed-016-0,mixed,seed=0x5f5c059df54fbc37;cycles=7;planted=2;d_b=4;m=2;gap=1;k=2,25,false,27,0.045,13,4,256,0.086,13,4,true
mixed-016-0,mixed,seed=0x5f5c059df54fbc37;cycles=7;planted=2;d_b=4;m=2;gap=1;k=2,25,false,27,0.045,13,4,512,0.085,13,4,true
mixed-016-0,mixed,seed=0x5f5c059df54fbc37;cycles=7;planted=2;d_b=4;m=2;gap=1;k=2,25,false,27,0.045,13,4,1024,0.086,13,4,true
mixed-016-0,mixed,seed=0x5f5c059df54fbc37;cycles=7;planted=2;d_b=4;m=2;gap=1;k=2,25,false,27,0.045,13,4,2048,0.089,13,4,true
mixed-016-0,mixed,seed=0x5f5c059df54fbc37;cycles=7;planted=2;d_b=4;m=2;gap=1;k=2,25,false,27,0.045,13,4,4096,0.084,13,4,true
mixed-016-0,mixed,seed=0x5f5c059df54fbc37;cycles=7;planted=2;d_b=4;m=2;gap=1;k=2,25,false,27,0.045,13,4,8192,0.092,13,4,true
mixed-016-0,mixed,seed=0x5f5c059df54fbc37;cycles=7;planted=2;d_b=4;m=2;gap=1;k=2,25,false,27,0.045,13,4,16384,0.084,13,4,true
dec-049,dec,d_b=5;m=5;gap=1;k=2;q=3;s=11,15,false,17,0.050,22,2,1,0.012,23,22,false
dec-049,dec,d_b=5;m=5;gap=1;k=2;q=3;s=11,15,false,17,0.050,22,2,2,0.018,23,22,false
dec-049,dec,d_b=5;m=5;gap=1;k=2;q=3;s=11,15,false,17,0.050,22,2,4,0.029,23,22,false
dec-049,dec,d_b=5;m=5;gap=1;k=2;q=3;s=11,15,false,17,0.050,22,2,8,0.052,22,2,false
dec-049,dec,d_b=5;m=5;gap=1;k=2;q=3;s=11,15,false,17,0.050,22,2,16,0.095,22,2,true
dec-049,dec,d_b=5;m=5;gap=1;k=2;q=3;s=11,15,false,17,0.050,22,2,32,0.091,22,2,true
dec-049,dec,d_b=5;m=5;gap=1;k=2;q=3;s=11,15,false,17,0.050,22,2,64,0.089,22,2,true
dec-049,dec,d_b=5;m=5;gap=1;k=2;q=3;s=11,15,false,17,0.050,22,2,128,0.087,22,2,true
dec-049,dec,d_b=5;m=5;gap=1;k=2;q=3;s=11,15,false,17,0.050,22,2,256,0.087,22,2,true
dec-049,dec,d_b=5;m=5;gap=1;k=2;q=3;s=11,15,false,17,0.050,22,2,512,0.088,22,2,true
dec-049,dec,d_b=5;m=5;gap=1;k=2;q=3;s=11,15,false,17,0.050,22,2,1024,0.086,22,2,true
dec-049,dec,d_b=5;m=5;gap=1;k=2;q=3;s=11,15,false,17,0.050,22,2,2048,0.086,22,2,true
dec-049,dec,d_b=5;m=5;gap=1;k=2;q=3;s=11,15,false,17,0.050,22,2,4096,0.086,22,2,true
dec-049,dec,d_b=5;m=5;gap=1;k=2;q=3;s=11,15,false,17,0.050,22,2,8192,0.087,22,2,true
dec-049,dec,d_b=5;m=5;gap=1;k=2;q=3;s=11,15,false,17,0.050,22,2,16384,0.086,22,2,true
mixed-016-1,mixed,seed=0x1d02d638966cdafe;cycles=7;planted=2;d_b=4;m=2;gap=1;k=2,210957,false,30169,0.091,21,10,1,0.067,23,18,false
mixed-016-1,mixed,seed=0x1d02d638966cdafe;cycles=7;planted=2;d_b=4;m=2;gap=1;k=2,210957,false,30169,0.091,21,10,2,0.080,23,18,false
mixed-016-1,mixed,seed=0x1d02d638966cdafe;cycles=7;planted=2;d_b=4;m=2;gap=1;k=2,210957,false,30169,0.091,21,10,4,0.093,23,18,false
mixed-016-1,mixed,seed=0x1d02d638966cdafe;cycles=7;planted=2;d_b=4;m=2;gap=1;k=2,210957,false,30169,0.091,21,10,8,0.126,23,18,false
mixed-016-1,mixed,seed=0x1d02d638966cdafe;cycles=7;planted=2;d_b=4;m=2;gap=1;k=2,210957,false,30169,0.091,21,10,16,0.213,23,18,false
mixed-016-1,mixed,seed=0x1d02d638966cdafe;cycles=7;planted=2;d_b=4;m=2;gap=1;k=2,210957,false,30169,0.091,21,10,32,0.346,21,10,false
mixed-016-1,mixed,seed=0x1d02d638966cdafe;cycles=7;planted=2;d_b=4;m=2;gap=1;k=2,210957,false,30169,0.091,21,10,64,0.642,21,10,false
mixed-016-1,mixed,seed=0x1d02d638966cdafe;cycles=7;planted=2;d_b=4;m=2;gap=1;k=2,210957,false,30169,0.091,21,10,128,1.187,21,10,false
mixed-016-1,mixed,seed=0x1d02d638966cdafe;cycles=7;planted=2;d_b=4;m=2;gap=1;k=2,210957,false,30169,0.091,21,10,256,2.157,21,10,false
mixed-016-1,mixed,seed=0x1d02d638966cdafe;cycles=7;planted=2;d_b=4;m=2;gap=1;k=2,210957,false,30169,0.091,21,10,512,3.993,21,10,false
mixed-016-1,mixed,seed=0x1d02d638966cdafe;cycles=7;planted=2;d_b=4;m=2;gap=1;k=2,210957,false,30169,0.091,21,10,1024,7.921,21,10,false
mixed-016-1,mixed,seed=0x1d02d638966cdafe;cycles=7;planted=2;d_b=4;m=2;gap=1;k=2,210957,false,30169,0.091,21,10,2048,15.624,21,10,false
mixed-016-1,mixed,seed=0x1d02d638966cdafe;cycles=7;planted=2;d_b=4;m=2;gap=1;k=2,210957,false,30169,0.091,21,10,4096,32.556,21,10,false
mixed-016-1,mixed,seed=0x1d02d638966cdafe;cycles=7;planted=2;d_b=4;m=2;gap=1;k=2,210957,false,30169,0.091,21,10,8192,63.161,21,10,false
mixed-016-1,mixed,seed=0x1d02d638966cdafe;cycles=7;planted=2;d_b=4;m=2;gap=1;k=2,210957,false,30169,0.091,21,10,16384,129.217,21,10,false
dec-050,dec,d_b=5;m=5;gap=1;k=4;q=3;s=11,25,false,27,0.094,22,2,1,0.017,23,22,false
dec-050,dec,d_b=5;m=5;gap=1;k=4;q=3;s=11,25,false,27,0.094,22,2,2,0.023,23,22,false
dec-050,dec,d_b=5;m=5;gap=1;k=4;q=3;s=11,25,false,27,0.094,22,2,4,0.032,23,22,false
dec-050,dec,d_b=5;m=5;gap=1;k=4;q=3;s=11,25,false,27,0.094,22,2,8,0.055,23,22,false
dec-050,dec,d_b=5;m=5;gap=1;k=4;q=3;s=11,25,false,27,0.094,22,2,16,0.101,22,2,false
dec-050,dec,d_b=5;m=5;gap=1;k=4;q=3;s=11,25,false,27,0.094,22,2,32,0.158,22,2,true
dec-050,dec,d_b=5;m=5;gap=1;k=4;q=3;s=11,25,false,27,0.094,22,2,64,0.155,22,2,true
dec-050,dec,d_b=5;m=5;gap=1;k=4;q=3;s=11,25,false,27,0.094,22,2,128,0.149,22,2,true
dec-050,dec,d_b=5;m=5;gap=1;k=4;q=3;s=11,25,false,27,0.094,22,2,256,0.149,22,2,true
dec-050,dec,d_b=5;m=5;gap=1;k=4;q=3;s=11,25,false,27,0.094,22,2,512,0.147,22,2,true
dec-050,dec,d_b=5;m=5;gap=1;k=4;q=3;s=11,25,false,27,0.094,22,2,1024,0.147,22,2,true
dec-050,dec,d_b=5;m=5;gap=1;k=4;q=3;s=11,25,false,27,0.094,22,2,2048,0.147,22,2,true
dec-050,dec,d_b=5;m=5;gap=1;k=4;q=3;s=11,25,false,27,0.094,22,2,4096,0.147,22,2,true
dec-050,dec,d_b=5;m=5;gap=1;k=4;q=3;s=11,25,false,27,0.094,22,2,8192,0.144,22,2,true
dec-050,dec,d_b=5;m=5;gap=1;k=4;q=3;s=11,25,false,27,0.094,22,2,16384,0.152,22,2,true
mixed-016-2,mixed,seed=0x4e1d17b758cf996a;cycles=7;planted=2;d_b=4;m=2;gap=1;k=2,26,false,28,0.048,14,4,1,0.015,16,12,false
mixed-016-2,mixed,seed=0x4e1d17b758cf996a;cycles=7;planted=2;d_b=4;m=2;gap=1;k=2,26,false,28,0.048,14,4,2,0.021,16,12,false
mixed-016-2,mixed,seed=0x4e1d17b758cf996a;cycles=7;planted=2;d_b=4;m=2;gap=1;k=2,26,false,28,0.048,14,4,4,0.023,16,12,false
mixed-016-2,mixed,seed=0x4e1d17b758cf996a;cycles=7;planted=2;d_b=4;m=2;gap=1;k=2,26,false,28,0.048,14,4,8,0.049,16,12,false
mixed-016-2,mixed,seed=0x4e1d17b758cf996a;cycles=7;planted=2;d_b=4;m=2;gap=1;k=2,26,false,28,0.048,14,4,16,0.065,14,4,false
mixed-016-2,mixed,seed=0x4e1d17b758cf996a;cycles=7;planted=2;d_b=4;m=2;gap=1;k=2,26,false,28,0.048,14,4,32,0.100,14,4,true
mixed-016-2,mixed,seed=0x4e1d17b758cf996a;cycles=7;planted=2;d_b=4;m=2;gap=1;k=2,26,false,28,0.048,14,4,64,0.096,14,4,true
mixed-016-2,mixed,seed=0x4e1d17b758cf996a;cycles=7;planted=2;d_b=4;m=2;gap=1;k=2,26,false,28,0.048,14,4,128,0.101,14,4,true
mixed-016-2,mixed,seed=0x4e1d17b758cf996a;cycles=7;planted=2;d_b=4;m=2;gap=1;k=2,26,false,28,0.048,14,4,256,0.122,14,4,true
mixed-016-2,mixed,seed=0x4e1d17b758cf996a;cycles=7;planted=2;d_b=4;m=2;gap=1;k=2,26,false,28,0.048,14,4,512,0.098,14,4,true
mixed-016-2,mixed,seed=0x4e1d17b758cf996a;cycles=7;planted=2;d_b=4;m=2;gap=1;k=2,26,false,28,0.048,14,4,1024,0.095,14,4,true
mixed-016-2,mixed,seed=0x4e1d17b758cf996a;cycles=7;planted=2;d_b=4;m=2;gap=1;k=2,26,false,28,0.048,14,4,2048,0.103,14,4,true
mixed-016-2,mixed,seed=0x4e1d17b758cf996a;cycles=7;planted=2;d_b=4;m=2;gap=1;k=2,26,false,28,0.048,14,4,4096,0.115,14,4,true
mixed-016-2,mixed,seed=0x4e1d17b758cf996a;cycles=7;planted=2;d_b=4;m=2;gap=1;k=2,26,false,28,0.048,14,4,8192,0.097,14,4,true
mixed-016-2,mixed,seed=0x4e1d17b758cf996a;cycles=7;planted=2;d_b=4;m=2;gap=1;k=2,26,false,28,0.048,14,4,16384,0.104,14,4,true
dec-051,dec,d_b=5;m=5;gap=3;k=1;q=3;s=12,10,false,12,0.040,22,2,1,0.013,25,24,false
dec-051,dec,d_b=5;m=5;gap=3;k=1;q=3;s=12,10,false,12,0.040,22,2,2,0.020,25,24,false
dec-051,dec,d_b=5;m=5;gap=3;k=1;q=3;s=12,10,false,12,0.040,22,2,4,0.032,22,2,false
dec-051,dec,d_b=5;m=5;gap=3;k=1;q=3;s=12,10,false,12,0.040,22,2,8,0.048,22,2,false
dec-051,dec,d_b=5;m=5;gap=3;k=1;q=3;s=12,10,false,12,0.040,22,2,16,0.060,22,2,true
dec-051,dec,d_b=5;m=5;gap=3;k=1;q=3;s=12,10,false,12,0.040,22,2,32,0.058,22,2,true
dec-051,dec,d_b=5;m=5;gap=3;k=1;q=3;s=12,10,false,12,0.040,22,2,64,0.058,22,2,true
dec-051,dec,d_b=5;m=5;gap=3;k=1;q=3;s=12,10,false,12,0.040,22,2,128,0.057,22,2,true
dec-051,dec,d_b=5;m=5;gap=3;k=1;q=3;s=12,10,false,12,0.040,22,2,256,0.057,22,2,true
dec-051,dec,d_b=5;m=5;gap=3;k=1;q=3;s=12,10,false,12,0.040,22,2,512,0.055,22,2,true
dec-051,dec,d_b=5;m=5;gap=3;k=1;q=3;s=12,10,false,12,0.040,22,2,1024,0.057,22,2,true
dec-051,dec,d_b=5;m=5;gap=3;k=1;q=3;s=12,10,false,12,0.040,22,2,2048,0.055,22,2,true
dec-051,dec,d_b=5;m=5;gap=3;k=1;q=3;s=12,10,false,12,0.040,22,2,4096,0.056,22,2,true
dec-051,dec,d_b=5;m=5;gap=3;k=1;q=3;s=12,10,false,12,0.040,22,2,8192,0.056,22,2,true
dec-051,dec,d_b=5;m=5;gap=3;k=1;q=3;s=12,10,false,12,0.040,22,2,16384,0.056,22,2,true
mixed-017-0,mixed,seed=0x6a7074260d21122c;cycles=7;planted=2;d_b=8;m=3;gap=2;k=2,382518,false,50459,0.311,60,12,1,0.274,66,48,false
mixed-017-0,mixed,seed=0x6a7074260d21122c;cycles=7;planted=2;d_b=8;m=3;gap=2;k=2,382518,false,50459,0.311,60,12,2,0.262,66,48,false
mixed-017-0,mixed,seed=0x6a7074260d21122c;cycles=7;planted=2;d_b=8;m=3;gap=2;k=2,382518,false,50459,0.311,60,12,4,0.336,66,48,false
mixed-017-0,mixed,seed=0x6a7074260d21122c;cycles=7;planted=2;d_b=8;m=3;gap=2;k=2,382518,false,50459,0.311,60,12,8,0.441,66,48,false
mixed-017-0,mixed,seed=0x6a7074260d21122c;cycles=7;planted=2;d_b=8;m=3;gap=2;k=2,382518,false,50459,0.311,60,12,16,0.693,66,48,false
mixed-017-0,mixed,seed=0x6a7074260d21122c;cycles=7;planted=2;d_b=8;m=3;gap=2;k=2,382518,false,50459,0.311,60,12,32,1.271,66,48,false
mixed-017-0,mixed,seed=0x6a7074260d21122c;cycles=7;planted=2;d_b=8;m=3;gap=2;k=2,382518,false,50459,0.311,60,12,64,2.354,66,48,false
mixed-017-0,mixed,seed=0x6a7074260d21122c;cycles=7;planted=2;d_b=8;m=3;gap=2;k=2,382518,false,50459,0.311,60,12,128,4.657,60,12,false
mixed-017-0,mixed,seed=0x6a7074260d21122c;cycles=7;planted=2;d_b=8;m=3;gap=2;k=2,382518,false,50459,0.311,60,12,256,8.864,60,12,false
mixed-017-0,mixed,seed=0x6a7074260d21122c;cycles=7;planted=2;d_b=8;m=3;gap=2;k=2,382518,false,50459,0.311,60,12,512,16.666,60,12,false
mixed-017-0,mixed,seed=0x6a7074260d21122c;cycles=7;planted=2;d_b=8;m=3;gap=2;k=2,382518,false,50459,0.311,60,12,1024,31.905,60,12,false
mixed-017-0,mixed,seed=0x6a7074260d21122c;cycles=7;planted=2;d_b=8;m=3;gap=2;k=2,382518,false,50459,0.311,60,12,2048,63.664,60,12,false
mixed-017-0,mixed,seed=0x6a7074260d21122c;cycles=7;planted=2;d_b=8;m=3;gap=2;k=2,382518,false,50459,0.311,60,12,4096,124.756,60,12,false
mixed-017-0,mixed,seed=0x6a7074260d21122c;cycles=7;planted=2;d_b=8;m=3;gap=2;k=2,382518,false,50459,0.311,60,12,8192,253.271,60,12,false
mixed-017-0,mixed,seed=0x6a7074260d21122c;cycles=7;planted=2;d_b=8;m=3;gap=2;k=2,382518,false,50459,0.311,60,12,16384,499.115,60,12,false
dec-052,dec,d_b=5;m=5;gap=3;k=2;q=3;s=12,15,false,17,0.079,22,2,1,0.021,25,24,false
dec-052,dec,d_b=5;m=5;gap=3;k=2;q=3;s=12,15,false,17,0.079,22,2,2,0.021,25,24,false
dec-052,dec,d_b=5;m=5;gap=3;k=2;q=3;s=12,15,false,17,0.079,22,2,4,0.033,25,24,false
dec-052,dec,d_b=5;m=5;gap=3;k=2;q=3;s=12,15,false,17,0.079,22,2,8,0.056,22,2,false
dec-052,dec,d_b=5;m=5;gap=3;k=2;q=3;s=12,15,false,17,0.079,22,2,16,0.101,22,2,true
dec-052,dec,d_b=5;m=5;gap=3;k=2;q=3;s=12,15,false,17,0.079,22,2,32,0.094,22,2,true
dec-052,dec,d_b=5;m=5;gap=3;k=2;q=3;s=12,15,false,17,0.079,22,2,64,0.110,22,2,true
dec-052,dec,d_b=5;m=5;gap=3;k=2;q=3;s=12,15,false,17,0.079,22,2,128,0.089,22,2,true
dec-052,dec,d_b=5;m=5;gap=3;k=2;q=3;s=12,15,false,17,0.079,22,2,256,0.088,22,2,true
dec-052,dec,d_b=5;m=5;gap=3;k=2;q=3;s=12,15,false,17,0.079,22,2,512,0.087,22,2,true
dec-052,dec,d_b=5;m=5;gap=3;k=2;q=3;s=12,15,false,17,0.079,22,2,1024,0.087,22,2,true
dec-052,dec,d_b=5;m=5;gap=3;k=2;q=3;s=12,15,false,17,0.079,22,2,2048,0.087,22,2,true
dec-052,dec,d_b=5;m=5;gap=3;k=2;q=3;s=12,15,false,17,0.079,22,2,4096,0.087,22,2,true
dec-052,dec,d_b=5;m=5;gap=3;k=2;q=3;s=12,15,false,17,0.079,22,2,8192,0.087,22,2,true
dec-052,dec,d_b=5;m=5;gap=3;k=2;q=3;s=12,15,false,17,0.079,22,2,16384,0.086,22,2,true
mixed-017-1,mixed,seed=0x95572813e7a38c08;cycles=7;planted=2;d_b=8;m=3;gap=2;k=2,210272,false,30124,0.176,44,8,1,0.070,50,44,false
mixed-017-1,mixed,seed=0x95572813e7a38c08;cycles=7;planted=2;d_b=8;m=3;gap=2;k=2,210272,false,30124,0.176,44,8,2,0.088,50,44,false
mixed-017-1,mixed,seed=0x95572813e7a38c08;cycles=7;planted=2;d_b=8;m=3;gap=2;k=2,210272,false,30124,0.176,44,8,4,0.089,50,44,false
mixed-017-1,mixed,seed=0x95572813e7a38c08;cycles=7;planted=2;d_b=8;m=3;gap=2;k=2,210272,false,30124,0.176,44,8,8,0.137,50,44,false
mixed-017-1,mixed,seed=0x95572813e7a38c08;cycles=7;planted=2;d_b=8;m=3;gap=2;k=2,210272,false,30124,0.176,44,8,16,0.233,50,44,false
mixed-017-1,mixed,seed=0x95572813e7a38c08;cycles=7;planted=2;d_b=8;m=3;gap=2;k=2,210272,false,30124,0.176,44,8,32,0.408,50,44,false
mixed-017-1,mixed,seed=0x95572813e7a38c08;cycles=7;planted=2;d_b=8;m=3;gap=2;k=2,210272,false,30124,0.176,44,8,64,0.708,50,44,false
mixed-017-1,mixed,seed=0x95572813e7a38c08;cycles=7;planted=2;d_b=8;m=3;gap=2;k=2,210272,false,30124,0.176,44,8,128,1.255,44,8,false
mixed-017-1,mixed,seed=0x95572813e7a38c08;cycles=7;planted=2;d_b=8;m=3;gap=2;k=2,210272,false,30124,0.176,44,8,256,2.235,44,8,false
mixed-017-1,mixed,seed=0x95572813e7a38c08;cycles=7;planted=2;d_b=8;m=3;gap=2;k=2,210272,false,30124,0.176,44,8,512,4.128,44,8,false
mixed-017-1,mixed,seed=0x95572813e7a38c08;cycles=7;planted=2;d_b=8;m=3;gap=2;k=2,210272,false,30124,0.176,44,8,1024,7.757,44,8,false
mixed-017-1,mixed,seed=0x95572813e7a38c08;cycles=7;planted=2;d_b=8;m=3;gap=2;k=2,210272,false,30124,0.176,44,8,2048,15.508,44,8,false
mixed-017-1,mixed,seed=0x95572813e7a38c08;cycles=7;planted=2;d_b=8;m=3;gap=2;k=2,210272,false,30124,0.176,44,8,4096,31.365,44,8,false
mixed-017-1,mixed,seed=0x95572813e7a38c08;cycles=7;planted=2;d_b=8;m=3;gap=2;k=2,210272,false,30124,0.176,44,8,8192,62.437,44,8,false
mixed-017-1,mixed,seed=0x95572813e7a38c08;cycles=7;planted=2;d_b=8;m=3;gap=2;k=2,210272,false,30124,0.176,44,8,16384,125.315,44,8,false
dec-053,dec,d_b=5;m=5;gap=3;k=4;q=3;s=12,25,false,27,0.110,22,2,1,0.019,25,24,false
dec-053,dec,d_b=5;m=5;gap=3;k=4;q=3;s=12,25,false,27,0.110,22,2,2,0.023,25,24,false
dec-053,dec,d_b=5;m=5;gap=3;k=4;q=3;s=12,25,false,27,0.110,22,2,4,0.033,25,24,false
dec-053,dec,d_b=5;m=5;gap=3;k=4;q=3;s=12,25,false,27,0.110,22,2,8,0.056,25,24,false
dec-053,dec,d_b=5;m=5;gap=3;k=4;q=3;s=12,25,false,27,0.110,22,2,16,0.104,22,2,false
dec-053,dec,d_b=5;m=5;gap=3;k=4;q=3;s=12,25,false,27,0.110,22,2,32,0.166,22,2,true
dec-053,dec,d_b=5;m=5;gap=3;k=4;q=3;s=12,25,false,27,0.110,22,2,64,0.159,22,2,true
dec-053,dec,d_b=5;m=5;gap=3;k=4;q=3;s=12,25,false,27,0.110,22,2,128,0.157,22,2,true
dec-053,dec,d_b=5;m=5;gap=3;k=4;q=3;s=12,25,false,27,0.110,22,2,256,0.153,22,2,true
dec-053,dec,d_b=5;m=5;gap=3;k=4;q=3;s=12,25,false,27,0.110,22,2,512,0.153,22,2,true
dec-053,dec,d_b=5;m=5;gap=3;k=4;q=3;s=12,25,false,27,0.110,22,2,1024,0.155,22,2,true
dec-053,dec,d_b=5;m=5;gap=3;k=4;q=3;s=12,25,false,27,0.110,22,2,2048,0.152,22,2,true
dec-053,dec,d_b=5;m=5;gap=3;k=4;q=3;s=12,25,false,27,0.110,22,2,4096,0.151,22,2,true
dec-053,dec,d_b=5;m=5;gap=3;k=4;q=3;s=12,25,false,27,0.110,22,2,8192,0.151,22,2,true
dec-053,dec,d_b=5;m=5;gap=3;k=4;q=3;s=12,25,false,27,0.110,22,2,16384,0.151,22,2,true
mixed-017-2,mixed,seed=0x16bfcd0faed9f741;cycles=7;planted=2;d_b=8;m=3;gap=2;k=2,112974,false,16752,0.168,51,12,1,0.054,57,48,false
mixed-017-2,mixed,seed=0x16bfcd0faed9f741;cycles=7;planted=2;d_b=8;m=3;gap=2;k=2,112974,false,16752,0.168,51,12,2,0.056,57,48,false
mixed-017-2,mixed,seed=0x16bfcd0faed9f741;cycles=7;planted=2;d_b=8;m=3;gap=2;k=2,112974,false,16752,0.168,51,12,4,0.057,57,48,false
mixed-017-2,mixed,seed=0x16bfcd0faed9f741;cycles=7;planted=2;d_b=8;m=3;gap=2;k=2,112974,false,16752,0.168,51,12,8,0.099,57,48,false
mixed-017-2,mixed,seed=0x16bfcd0faed9f741;cycles=7;planted=2;d_b=8;m=3;gap=2;k=2,112974,false,16752,0.168,51,12,16,0.144,57,48,false
mixed-017-2,mixed,seed=0x16bfcd0faed9f741;cycles=7;planted=2;d_b=8;m=3;gap=2;k=2,112974,false,16752,0.168,51,12,32,0.258,54,30,false
mixed-017-2,mixed,seed=0x16bfcd0faed9f741;cycles=7;planted=2;d_b=8;m=3;gap=2;k=2,112974,false,16752,0.168,51,12,64,0.511,51,12,false
mixed-017-2,mixed,seed=0x16bfcd0faed9f741;cycles=7;planted=2;d_b=8;m=3;gap=2;k=2,112974,false,16752,0.168,51,12,128,0.916,51,12,false
mixed-017-2,mixed,seed=0x16bfcd0faed9f741;cycles=7;planted=2;d_b=8;m=3;gap=2;k=2,112974,false,16752,0.168,51,12,256,1.359,51,12,false
mixed-017-2,mixed,seed=0x16bfcd0faed9f741;cycles=7;planted=2;d_b=8;m=3;gap=2;k=2,112974,false,16752,0.168,51,12,512,2.288,51,12,false
mixed-017-2,mixed,seed=0x16bfcd0faed9f741;cycles=7;planted=2;d_b=8;m=3;gap=2;k=2,112974,false,16752,0.168,51,12,1024,4.281,51,12,false
mixed-017-2,mixed,seed=0x16bfcd0faed9f741;cycles=7;planted=2;d_b=8;m=3;gap=2;k=2,112974,false,16752,0.168,51,12,2048,8.897,51,12,false
mixed-017-2,mixed,seed=0x16bfcd0faed9f741;cycles=7;planted=2;d_b=8;m=3;gap=2;k=2,112974,false,16752,0.168,51,12,4096,17.816,51,12,false
mixed-017-2,mixed,seed=0x16bfcd0faed9f741;cycles=7;planted=2;d_b=8;m=3;gap=2;k=2,112974,false,16752,0.168,51,12,8192,35.548,51,12,false
mixed-017-2,mixed,seed=0x16bfcd0faed9f741;cycles=7;planted=2;d_b=8;m=3;gap=2;k=2,112974,false,16752,0.168,51,12,16384,73.288,51,12,false
dec-054,dec,d_b=5;m=5;gap=7;k=1;q=3;s=14,10,false,12,0.045,22,2,1,0.015,29,28,false
dec-054,dec,d_b=5;m=5;gap=7;k=1;q=3;s=14,10,false,12,0.045,22,2,2,0.024,29,28,false
dec-054,dec,d_b=5;m=5;gap=7;k=1;q=3;s=14,10,false,12,0.045,22,2,4,0.032,22,2,false
dec-054,dec,d_b=5;m=5;gap=7;k=1;q=3;s=14,10,false,12,0.045,22,2,8,0.053,22,2,false
dec-054,dec,d_b=5;m=5;gap=7;k=1;q=3;s=14,10,false,12,0.045,22,2,16,0.063,22,2,true
dec-054,dec,d_b=5;m=5;gap=7;k=1;q=3;s=14,10,false,12,0.045,22,2,32,0.061,22,2,true
dec-054,dec,d_b=5;m=5;gap=7;k=1;q=3;s=14,10,false,12,0.045,22,2,64,0.059,22,2,true
dec-054,dec,d_b=5;m=5;gap=7;k=1;q=3;s=14,10,false,12,0.045,22,2,128,0.059,22,2,true
dec-054,dec,d_b=5;m=5;gap=7;k=1;q=3;s=14,10,false,12,0.045,22,2,256,0.058,22,2,true
dec-054,dec,d_b=5;m=5;gap=7;k=1;q=3;s=14,10,false,12,0.045,22,2,512,0.058,22,2,true
dec-054,dec,d_b=5;m=5;gap=7;k=1;q=3;s=14,10,false,12,0.045,22,2,1024,0.058,22,2,true
dec-054,dec,d_b=5;m=5;gap=7;k=1;q=3;s=14,10,false,12,0.045,22,2,2048,0.059,22,2,true
dec-054,dec,d_b=5;m=5;gap=7;k=1;q=3;s=14,10,false,12,0.045,22,2,4096,0.057,22,2,true
dec-054,dec,d_b=5;m=5;gap=7;k=1;q=3;s=14,10,false,12,0.045,22,2,8192,0.058,22,2,true
dec-054,dec,d_b=5;m=5;gap=7;k=1;q=3;s=14,10,false,12,0.045,22,2,16384,0.057,22,2,true
mixed-018-0,mixed,seed=0xa2e678f1abf17b10;cycles=7;planted=2;d_b=12;m=2;gap=6;k=4,123,false,125,0.199,31,4,1,0.028,45,40,false
mixed-018-0,mixed,seed=0xa2e678f1abf17b10;cycles=7;planted=2;d_b=12;m=2;gap=6;k=4,123,false,125,0.199,31,4,2,0.031,45,40,false
mixed-018-0,mixed,seed=0xa2e678f1abf17b10;cycles=7;planted=2;d_b=12;m=2;gap=6;k=4,123,false,125,0.199,31,4,4,0.034,45,40,false
mixed-018-0,mixed,seed=0xa2e678f1abf17b10;cycles=7;planted=2;d_b=12;m=2;gap=6;k=4,123,false,125,0.199,31,4,8,0.055,45,40,false
mixed-018-0,mixed,seed=0xa2e678f1abf17b10;cycles=7;planted=2;d_b=12;m=2;gap=6;k=4,123,false,125,0.199,31,4,16,0.101,45,40,false
mixed-018-0,mixed,seed=0xa2e678f1abf17b10;cycles=7;planted=2;d_b=12;m=2;gap=6;k=4,123,false,125,0.199,31,4,32,0.208,38,22,false
mixed-018-0,mixed,seed=0xa2e678f1abf17b10;cycles=7;planted=2;d_b=12;m=2;gap=6;k=4,123,false,125,0.199,31,4,64,0.424,31,4,false
mixed-018-0,mixed,seed=0xa2e678f1abf17b10;cycles=7;planted=2;d_b=12;m=2;gap=6;k=4,123,false,125,0.199,31,4,128,0.893,31,4,true
mixed-018-0,mixed,seed=0xa2e678f1abf17b10;cycles=7;planted=2;d_b=12;m=2;gap=6;k=4,123,false,125,0.199,31,4,256,0.882,31,4,true
mixed-018-0,mixed,seed=0xa2e678f1abf17b10;cycles=7;planted=2;d_b=12;m=2;gap=6;k=4,123,false,125,0.199,31,4,512,0.873,31,4,true
mixed-018-0,mixed,seed=0xa2e678f1abf17b10;cycles=7;planted=2;d_b=12;m=2;gap=6;k=4,123,false,125,0.199,31,4,1024,0.871,31,4,true
mixed-018-0,mixed,seed=0xa2e678f1abf17b10;cycles=7;planted=2;d_b=12;m=2;gap=6;k=4,123,false,125,0.199,31,4,2048,0.867,31,4,true
mixed-018-0,mixed,seed=0xa2e678f1abf17b10;cycles=7;planted=2;d_b=12;m=2;gap=6;k=4,123,false,125,0.199,31,4,4096,0.871,31,4,true
mixed-018-0,mixed,seed=0xa2e678f1abf17b10;cycles=7;planted=2;d_b=12;m=2;gap=6;k=4,123,false,125,0.199,31,4,8192,0.869,31,4,true
mixed-018-0,mixed,seed=0xa2e678f1abf17b10;cycles=7;planted=2;d_b=12;m=2;gap=6;k=4,123,false,125,0.199,31,4,16384,0.870,31,4,true
dec-055,dec,d_b=5;m=5;gap=7;k=2;q=3;s=14,15,false,17,0.048,22,2,1,0.014,29,28,false
dec-055,dec,d_b=5;m=5;gap=7;k=2;q=3;s=14,15,false,17,0.048,22,2,2,0.021,29,28,false
dec-055,dec,d_b=5;m=5;gap=7;k=2;q=3;s=14,15,false,17,0.048,22,2,4,0.030,29,28,false
dec-055,dec,d_b=5;m=5;gap=7;k=2;q=3;s=14,15,false,17,0.048,22,2,8,0.058,22,2,false
dec-055,dec,d_b=5;m=5;gap=7;k=2;q=3;s=14,15,false,17,0.048,22,2,16,0.100,22,2,true
dec-055,dec,d_b=5;m=5;gap=7;k=2;q=3;s=14,15,false,17,0.048,22,2,32,0.098,22,2,true
dec-055,dec,d_b=5;m=5;gap=7;k=2;q=3;s=14,15,false,17,0.048,22,2,64,0.096,22,2,true
dec-055,dec,d_b=5;m=5;gap=7;k=2;q=3;s=14,15,false,17,0.048,22,2,128,0.095,22,2,true
dec-055,dec,d_b=5;m=5;gap=7;k=2;q=3;s=14,15,false,17,0.048,22,2,256,0.094,22,2,true
dec-055,dec,d_b=5;m=5;gap=7;k=2;q=3;s=14,15,false,17,0.048,22,2,512,0.095,22,2,true
dec-055,dec,d_b=5;m=5;gap=7;k=2;q=3;s=14,15,false,17,0.048,22,2,1024,0.093,22,2,true
dec-055,dec,d_b=5;m=5;gap=7;k=2;q=3;s=14,15,false,17,0.048,22,2,2048,0.092,22,2,true
dec-055,dec,d_b=5;m=5;gap=7;k=2;q=3;s=14,15,false,17,0.048,22,2,4096,0.092,22,2,true
dec-055,dec,d_b=5;m=5;gap=7;k=2;q=3;s=14,15,false,17,0.048,22,2,8192,0.092,22,2,true
dec-055,dec,d_b=5;m=5;gap=7;k=2;q=3;s=14,15,false,17,0.048,22,2,16384,0.092,22,2,true
mixed-018-1,mixed,seed=0x6eefb8a8d4673c2e;cycles=7;planted=2;d_b=12;m=2;gap=6;k=4,210347,false,30198,0.232,40,8,1,0.068,54,44,false
mixed-018-1,mixed,seed=0x6eefb8a8d4673c2e;cycles=7;planted=2;d_b=12;m=2;gap=6;k=4,210347,false,30198,0.232,40,8,2,0.087,54,44,false
mixed-018-1,mixed,seed=0x6eefb8a8d4673c2e;cycles=7;planted=2;d_b=12;m=2;gap=6;k=4,210347,false,30198,0.232,40,8,4,0.094,54,44,false
mixed-018-1,mixed,seed=0x6eefb8a8d4673c2e;cycles=7;planted=2;d_b=12;m=2;gap=6;k=4,210347,false,30198,0.232,40,8,8,0.138,54,44,false
mixed-018-1,mixed,seed=0x6eefb8a8d4673c2e;cycles=7;planted=2;d_b=12;m=2;gap=6;k=4,210347,false,30198,0.232,40,8,16,0.235,54,44,false
mixed-018-1,mixed,seed=0x6eefb8a8d4673c2e;cycles=7;planted=2;d_b=12;m=2;gap=6;k=4,210347,false,30198,0.232,40,8,32,0.407,54,44,false
mixed-018-1,mixed,seed=0x6eefb8a8d4673c2e;cycles=7;planted=2;d_b=12;m=2;gap=6;k=4,210347,false,30198,0.232,40,8,64,0.743,54,44,false
mixed-018-1,mixed,seed=0x6eefb8a8d4673c2e;cycles=7;planted=2;d_b=12;m=2;gap=6;k=4,210347,false,30198,0.232,40,8,128,1.319,47,26,false
mixed-018-1,mixed,seed=0x6eefb8a8d4673c2e;cycles=7;planted=2;d_b=12;m=2;gap=6;k=4,210347,false,30198,0.232,40,8,256,2.359,47,26,false
mixed-018-1,mixed,seed=0x6eefb8a8d4673c2e;cycles=7;planted=2;d_b=12;m=2;gap=6;k=4,210347,false,30198,0.232,40,8,512,4.535,40,8,false
mixed-018-1,mixed,seed=0x6eefb8a8d4673c2e;cycles=7;planted=2;d_b=12;m=2;gap=6;k=4,210347,false,30198,0.232,40,8,1024,8.712,40,8,false
mixed-018-1,mixed,seed=0x6eefb8a8d4673c2e;cycles=7;planted=2;d_b=12;m=2;gap=6;k=4,210347,false,30198,0.232,40,8,2048,17.226,40,8,false
mixed-018-1,mixed,seed=0x6eefb8a8d4673c2e;cycles=7;planted=2;d_b=12;m=2;gap=6;k=4,210347,false,30198,0.232,40,8,4096,34.216,40,8,false
mixed-018-1,mixed,seed=0x6eefb8a8d4673c2e;cycles=7;planted=2;d_b=12;m=2;gap=6;k=4,210347,false,30198,0.232,40,8,8192,67.511,40,8,false
mixed-018-1,mixed,seed=0x6eefb8a8d4673c2e;cycles=7;planted=2;d_b=12;m=2;gap=6;k=4,210347,false,30198,0.232,40,8,16384,137.482,40,8,false
dec-056,dec,d_b=5;m=5;gap=7;k=4;q=3;s=14,25,false,27,0.087,22,2,1,0.020,29,28,false
dec-056,dec,d_b=5;m=5;gap=7;k=4;q=3;s=14,25,false,27,0.087,22,2,2,0.025,29,28,false
dec-056,dec,d_b=5;m=5;gap=7;k=4;q=3;s=14,25,false,27,0.087,22,2,4,0.037,29,28,false
dec-056,dec,d_b=5;m=5;gap=7;k=4;q=3;s=14,25,false,27,0.087,22,2,8,0.061,29,28,false
dec-056,dec,d_b=5;m=5;gap=7;k=4;q=3;s=14,25,false,27,0.087,22,2,16,0.113,22,2,false
dec-056,dec,d_b=5;m=5;gap=7;k=4;q=3;s=14,25,false,27,0.087,22,2,32,0.175,22,2,true
dec-056,dec,d_b=5;m=5;gap=7;k=4;q=3;s=14,25,false,27,0.087,22,2,64,0.172,22,2,true
dec-056,dec,d_b=5;m=5;gap=7;k=4;q=3;s=14,25,false,27,0.087,22,2,128,0.167,22,2,true
dec-056,dec,d_b=5;m=5;gap=7;k=4;q=3;s=14,25,false,27,0.087,22,2,256,0.170,22,2,true
dec-056,dec,d_b=5;m=5;gap=7;k=4;q=3;s=14,25,false,27,0.087,22,2,512,0.163,22,2,true
dec-056,dec,d_b=5;m=5;gap=7;k=4;q=3;s=14,25,false,27,0.087,22,2,1024,0.165,22,2,true
dec-056,dec,d_b=5;m=5;gap=7;k=4;q=3;s=14,25,false,27,0.087,22,2,2048,0.161,22,2,true
dec-056,dec,d_b=5;m=5;gap=7;k=4;q=3;s=14,25,false,27,0.087,22,2,4096,0.165,22,2,true
dec-056,dec,d_b=5;m=5;gap=7;k=4;q=3;s=14,25,false,27,0.087,22,2,8192,0.162,22,2,true
dec-056,dec,d_b=5;m=5;gap=7;k=4;q=3;s=14,25,false,27,0.087,22,2,16384,0.163,22,2,true
mixed-018-2,mixed,seed=0x3f408df1ca9af176;cycles=7;planted=2;d_b=12;m=2;gap=6;k=4,113048,false,16868,0.308,54,8,1,0.144,68,44,false
mixed-018-2,mixed,seed=0x3f408df1ca9af176;cycles=7;planted=2;d_b=12;m=2;gap=6;k=4,113048,false,16868,0.308,54,8,2,0.166,68,44,false
mixed-018-2,mixed,seed=0x3f408df1ca9af176;cycles=7;planted=2;d_b=12;m=2;gap=6;k=4,113048,false,16868,0.308,54,8,4,0.184,68,44,false
mixed-018-2,mixed,seed=0x3f408df1ca9af176;cycles=7;planted=2;d_b=12;m=2;gap=6;k=4,113048,false,16868,0.308,54,8,8,0.265,68,44,false
mixed-018-2,mixed,seed=0x3f408df1ca9af176;cycles=7;planted=2;d_b=12;m=2;gap=6;k=4,113048,false,16868,0.308,54,8,16,0.481,68,44,false
mixed-018-2,mixed,seed=0x3f408df1ca9af176;cycles=7;planted=2;d_b=12;m=2;gap=6;k=4,113048,false,16868,0.308,54,8,32,0.764,68,44,false
mixed-018-2,mixed,seed=0x3f408df1ca9af176;cycles=7;planted=2;d_b=12;m=2;gap=6;k=4,113048,false,16868,0.308,54,8,64,1.447,61,26,false
mixed-018-2,mixed,seed=0x3f408df1ca9af176;cycles=7;planted=2;d_b=12;m=2;gap=6;k=4,113048,false,16868,0.308,54,8,128,2.747,54,8,false
mixed-018-2,mixed,seed=0x3f408df1ca9af176;cycles=7;planted=2;d_b=12;m=2;gap=6;k=4,113048,false,16868,0.308,54,8,256,5.082,54,8,false
mixed-018-2,mixed,seed=0x3f408df1ca9af176;cycles=7;planted=2;d_b=12;m=2;gap=6;k=4,113048,false,16868,0.308,54,8,512,9.101,54,8,false
mixed-018-2,mixed,seed=0x3f408df1ca9af176;cycles=7;planted=2;d_b=12;m=2;gap=6;k=4,113048,false,16868,0.308,54,8,1024,16.655,54,8,false
mixed-018-2,mixed,seed=0x3f408df1ca9af176;cycles=7;planted=2;d_b=12;m=2;gap=6;k=4,113048,false,16868,0.308,54,8,2048,32.178,54,8,false
mixed-018-2,mixed,seed=0x3f408df1ca9af176;cycles=7;planted=2;d_b=12;m=2;gap=6;k=4,113048,false,16868,0.308,54,8,4096,62.715,54,8,false
mixed-018-2,mixed,seed=0x3f408df1ca9af176;cycles=7;planted=2;d_b=12;m=2;gap=6;k=4,113048,false,16868,0.308,54,8,8192,125.026,54,8,false
mixed-018-2,mixed,seed=0x3f408df1ca9af176;cycles=7;planted=2;d_b=12;m=2;gap=6;k=4,113048,false,16868,0.308,54,8,16384,244.759,54,8,false
dec-057,dec,d_b=5;m=5;gap=13;k=1;q=3;s=17,10,false,12,0.041,22,2,1,0.021,35,34,false
dec-057,dec,d_b=5;m=5;gap=13;k=1;q=3;s=17,10,false,12,0.041,22,2,2,0.027,22,2,false
dec-057,dec,d_b=5;m=5;gap=13;k=1;q=3;s=17,10,false,12,0.041,22,2,4,0.039,22,2,false
dec-057,dec,d_b=5;m=5;gap=13;k=1;q=3;s=17,10,false,12,0.041,22,2,8,0.060,22,2,false
dec-057,dec,d_b=5;m=5;gap=13;k=1;q=3;s=17,10,false,12,0.041,22,2,16,0.072,22,2,true
dec-057,dec,d_b=5;m=5;gap=13;k=1;q=3;s=17,10,false,12,0.041,22,2,32,0.068,22,2,true
dec-057,dec,d_b=5;m=5;gap=13;k=1;q=3;s=17,10,false,12,0.041,22,2,64,0.066,22,2,true
dec-057,dec,d_b=5;m=5;gap=13;k=1;q=3;s=17,10,false,12,0.041,22,2,128,0.065,22,2,true
dec-057,dec,d_b=5;m=5;gap=13;k=1;q=3;s=17,10,false,12,0.041,22,2,256,0.064,22,2,true
dec-057,dec,d_b=5;m=5;gap=13;k=1;q=3;s=17,10,false,12,0.041,22,2,512,0.064,22,2,true
dec-057,dec,d_b=5;m=5;gap=13;k=1;q=3;s=17,10,false,12,0.041,22,2,1024,0.063,22,2,true
dec-057,dec,d_b=5;m=5;gap=13;k=1;q=3;s=17,10,false,12,0.041,22,2,2048,0.063,22,2,true
dec-057,dec,d_b=5;m=5;gap=13;k=1;q=3;s=17,10,false,12,0.041,22,2,4096,0.062,22,2,true
dec-057,dec,d_b=5;m=5;gap=13;k=1;q=3;s=17,10,false,12,0.041,22,2,8192,0.063,22,2,true
dec-057,dec,d_b=5;m=5;gap=13;k=1;q=3;s=17,10,false,12,0.041,22,2,16384,0.062,22,2,true
mixed-019-0,mixed,seed=0x68c669fc82b2c9f1;cycles=7;planted=2;d_b=16;m=5;gap=2;k=1,210997,false,30206,0.345,139,8,1,0.087,145,140,false
mixed-019-0,mixed,seed=0x68c669fc82b2c9f1;cycles=7;planted=2;d_b=16;m=5;gap=2;k=1,210997,false,30206,0.345,139,8,2,0.088,145,140,false
mixed-019-0,mixed,seed=0x68c669fc82b2c9f1;cycles=7;planted=2;d_b=16;m=5;gap=2;k=1,210997,false,30206,0.345,139,8,4,0.105,145,140,false
mixed-019-0,mixed,seed=0x68c669fc82b2c9f1;cycles=7;planted=2;d_b=16;m=5;gap=2;k=1,210997,false,30206,0.345,139,8,8,0.123,145,140,false
mixed-019-0,mixed,seed=0x68c669fc82b2c9f1;cycles=7;planted=2;d_b=16;m=5;gap=2;k=1,210997,false,30206,0.345,139,8,16,0.207,145,140,false
mixed-019-0,mixed,seed=0x68c669fc82b2c9f1;cycles=7;planted=2;d_b=16;m=5;gap=2;k=1,210997,false,30206,0.345,139,8,32,0.350,145,140,false
mixed-019-0,mixed,seed=0x68c669fc82b2c9f1;cycles=7;planted=2;d_b=16;m=5;gap=2;k=1,210997,false,30206,0.345,139,8,64,0.592,145,140,false
mixed-019-0,mixed,seed=0x68c669fc82b2c9f1;cycles=7;planted=2;d_b=16;m=5;gap=2;k=1,210997,false,30206,0.345,139,8,128,0.964,142,74,false
mixed-019-0,mixed,seed=0x68c669fc82b2c9f1;cycles=7;planted=2;d_b=16;m=5;gap=2;k=1,210997,false,30206,0.345,139,8,256,1.657,142,74,false
mixed-019-0,mixed,seed=0x68c669fc82b2c9f1;cycles=7;planted=2;d_b=16;m=5;gap=2;k=1,210997,false,30206,0.345,139,8,512,2.676,139,8,false
mixed-019-0,mixed,seed=0x68c669fc82b2c9f1;cycles=7;planted=2;d_b=16;m=5;gap=2;k=1,210997,false,30206,0.345,139,8,1024,4.499,139,8,false
mixed-019-0,mixed,seed=0x68c669fc82b2c9f1;cycles=7;planted=2;d_b=16;m=5;gap=2;k=1,210997,false,30206,0.345,139,8,2048,8.553,139,8,false
mixed-019-0,mixed,seed=0x68c669fc82b2c9f1;cycles=7;planted=2;d_b=16;m=5;gap=2;k=1,210997,false,30206,0.345,139,8,4096,16.472,139,8,false
mixed-019-0,mixed,seed=0x68c669fc82b2c9f1;cycles=7;planted=2;d_b=16;m=5;gap=2;k=1,210997,false,30206,0.345,139,8,8192,32.171,139,8,false
mixed-019-0,mixed,seed=0x68c669fc82b2c9f1;cycles=7;planted=2;d_b=16;m=5;gap=2;k=1,210997,false,30206,0.345,139,8,16384,66.932,139,8,false
dec-058,dec,d_b=5;m=5;gap=13;k=2;q=3;s=17,15,false,17,0.052,22,2,1,0.021,35,34,false
dec-058,dec,d_b=5;m=5;gap=13;k=2;q=3;s=17,15,false,17,0.052,22,2,2,0.031,35,34,false
dec-058,dec,d_b=5;m=5;gap=13;k=2;q=3;s=17,15,false,17,0.052,22,2,4,0.047,22,2,false
dec-058,dec,d_b=5;m=5;gap=13;k=2;q=3;s=17,15,false,17,0.052,22,2,8,0.076,22,2,false
dec-058,dec,d_b=5;m=5;gap=13;k=2;q=3;s=17,15,false,17,0.052,22,2,16,0.116,22,2,true
dec-058,dec,d_b=5;m=5;gap=13;k=2;q=3;s=17,15,false,17,0.052,22,2,32,0.122,22,2,true
dec-058,dec,d_b=5;m=5;gap=13;k=2;q=3;s=17,15,false,17,0.052,22,2,64,0.108,22,2,true
dec-058,dec,d_b=5;m=5;gap=13;k=2;q=3;s=17,15,false,17,0.052,22,2,128,0.110,22,2,true
dec-058,dec,d_b=5;m=5;gap=13;k=2;q=3;s=17,15,false,17,0.052,22,2,256,0.105,22,2,true
dec-058,dec,d_b=5;m=5;gap=13;k=2;q=3;s=17,15,false,17,0.052,22,2,512,0.112,22,2,true
dec-058,dec,d_b=5;m=5;gap=13;k=2;q=3;s=17,15,false,17,0.052,22,2,1024,0.103,22,2,true
dec-058,dec,d_b=5;m=5;gap=13;k=2;q=3;s=17,15,false,17,0.052,22,2,2048,0.106,22,2,true
dec-058,dec,d_b=5;m=5;gap=13;k=2;q=3;s=17,15,false,17,0.052,22,2,4096,0.103,22,2,true
dec-058,dec,d_b=5;m=5;gap=13;k=2;q=3;s=17,15,false,17,0.052,22,2,8192,0.104,22,2,true
dec-058,dec,d_b=5;m=5;gap=13;k=2;q=3;s=17,15,false,17,0.052,22,2,16384,0.107,22,2,true
mixed-019-1,mixed,seed=0xd4c4e7fc265e9f25;cycles=7;planted=2;d_b=16;m=5;gap=2;k=1,65,false,69,0.315,133,4,1,0.054,139,136,false
mixed-019-1,mixed,seed=0xd4c4e7fc265e9f25;cycles=7;planted=2;d_b=16;m=5;gap=2;k=1,65,false,69,0.315,133,4,2,0.045,139,136,false
mixed-019-1,mixed,seed=0xd4c4e7fc265e9f25;cycles=7;planted=2;d_b=16;m=5;gap=2;k=1,65,false,69,0.315,133,4,4,0.065,139,136,false
mixed-019-1,mixed,seed=0xd4c4e7fc265e9f25;cycles=7;planted=2;d_b=16;m=5;gap=2;k=1,65,false,69,0.315,133,4,8,0.103,139,136,false
mixed-019-1,mixed,seed=0xd4c4e7fc265e9f25;cycles=7;planted=2;d_b=16;m=5;gap=2;k=1,65,false,69,0.315,133,4,16,0.163,139,136,false
mixed-019-1,mixed,seed=0xd4c4e7fc265e9f25;cycles=7;planted=2;d_b=16;m=5;gap=2;k=1,65,false,69,0.315,133,4,32,0.343,136,70,false
mixed-019-1,mixed,seed=0xd4c4e7fc265e9f25;cycles=7;planted=2;d_b=16;m=5;gap=2;k=1,65,false,69,0.315,133,4,64,0.690,133,4,false
mixed-019-1,mixed,seed=0xd4c4e7fc265e9f25;cycles=7;planted=2;d_b=16;m=5;gap=2;k=1,65,false,69,0.315,133,4,128,0.721,133,4,true
mixed-019-1,mixed,seed=0xd4c4e7fc265e9f25;cycles=7;planted=2;d_b=16;m=5;gap=2;k=1,65,false,69,0.315,133,4,256,0.701,133,4,true
mixed-019-1,mixed,seed=0xd4c4e7fc265e9f25;cycles=7;planted=2;d_b=16;m=5;gap=2;k=1,65,false,69,0.315,133,4,512,0.744,133,4,true
mixed-019-1,mixed,seed=0xd4c4e7fc265e9f25;cycles=7;planted=2;d_b=16;m=5;gap=2;k=1,65,false,69,0.315,133,4,1024,0.702,133,4,true
mixed-019-1,mixed,seed=0xd4c4e7fc265e9f25;cycles=7;planted=2;d_b=16;m=5;gap=2;k=1,65,false,69,0.315,133,4,2048,0.732,133,4,true
mixed-019-1,mixed,seed=0xd4c4e7fc265e9f25;cycles=7;planted=2;d_b=16;m=5;gap=2;k=1,65,false,69,0.315,133,4,4096,0.701,133,4,true
mixed-019-1,mixed,seed=0xd4c4e7fc265e9f25;cycles=7;planted=2;d_b=16;m=5;gap=2;k=1,65,false,69,0.315,133,4,8192,0.693,133,4,true
mixed-019-1,mixed,seed=0xd4c4e7fc265e9f25;cycles=7;planted=2;d_b=16;m=5;gap=2;k=1,65,false,69,0.315,133,4,16384,0.703,133,4,true
dec-059,dec,d_b=5;m=5;gap=13;k=4;q=3;s=17,25,false,27,0.057,22,2,1,0.017,35,34,false
dec-059,dec,d_b=5;m=5;gap=13;k=4;q=3;s=17,25,false,27,0.057,22,2,2,0.026,35,34,false
dec-059,dec,d_b=5;m=5;gap=13;k=4;q=3;s=17,25,false,27,0.057,22,2,4,0.040,35,34,false
dec-059,dec,d_b=5;m=5;gap=13;k=4;q=3;s=17,25,false,27,0.057,22,2,8,0.077,22,2,false
dec-059,dec,d_b=5;m=5;gap=13;k=4;q=3;s=17,25,false,27,0.057,22,2,16,0.130,22,2,false
dec-059,dec,d_b=5;m=5;gap=13;k=4;q=3;s=17,25,false,27,0.057,22,2,32,0.190,22,2,true
dec-059,dec,d_b=5;m=5;gap=13;k=4;q=3;s=17,25,false,27,0.057,22,2,64,0.185,22,2,true
dec-059,dec,d_b=5;m=5;gap=13;k=4;q=3;s=17,25,false,27,0.057,22,2,128,0.196,22,2,true
dec-059,dec,d_b=5;m=5;gap=13;k=4;q=3;s=17,25,false,27,0.057,22,2,256,0.182,22,2,true
dec-059,dec,d_b=5;m=5;gap=13;k=4;q=3;s=17,25,false,27,0.057,22,2,512,0.182,22,2,true
dec-059,dec,d_b=5;m=5;gap=13;k=4;q=3;s=17,25,false,27,0.057,22,2,1024,0.203,22,2,true
dec-059,dec,d_b=5;m=5;gap=13;k=4;q=3;s=17,25,false,27,0.057,22,2,2048,0.190,22,2,true
dec-059,dec,d_b=5;m=5;gap=13;k=4;q=3;s=17,25,false,27,0.057,22,2,4096,0.199,22,2,true
dec-059,dec,d_b=5;m=5;gap=13;k=4;q=3;s=17,25,false,27,0.057,22,2,8192,0.182,22,2,true
dec-059,dec,d_b=5;m=5;gap=13;k=4;q=3;s=17,25,false,27,0.057,22,2,16384,0.181,22,2,true
mixed-019-2,mixed,seed=0x08abf339b425099c;cycles=7;planted=2;d_b=16;m=5;gap=2;k=1,112993,false,16802,0.378,161,8,1,0.121,167,140,false
mixed-019-2,mixed,seed=0x08abf339b425099c;cycles=7;planted=2;d_b=16;m=5;gap=2;k=1,112993,false,16802,0.378,161,8,2,0.128,167,140,false
mixed-019-2,mixed,seed=0x08abf339b425099c;cycles=7;planted=2;d_b=16;m=5;gap=2;k=1,112993,false,16802,0.378,161,8,4,0.123,167,140,false
mixed-019-2,mixed,seed=0x08abf339b425099c;cycles=7;planted=2;d_b=16;m=5;gap=2;k=1,112993,false,16802,0.378,161,8,8,0.173,167,140,false
mixed-019-2,mixed,seed=0x08abf339b425099c;cycles=7;planted=2;d_b=16;m=5;gap=2;k=1,112993,false,16802,0.378,161,8,16,0.334,167,140,false
mixed-019-2,mixed,seed=0x08abf339b425099c;cycles=7;planted=2;d_b=16;m=5;gap=2;k=1,112993,false,16802,0.378,161,8,32,0.499,167,140,false
mixed-019-2,mixed,seed=0x08abf339b425099c;cycles=7;planted=2;d_b=16;m=5;gap=2;k=1,112993,false,16802,0.378,161,8,64,0.974,164,74,false
mixed-019-2,mixed,seed=0x08abf339b425099c;cycles=7;planted=2;d_b=16;m=5;gap=2;k=1,112993,false,16802,0.378,161,8,128,1.768,161,8,false
mixed-019-2,mixed,seed=0x08abf339b425099c;cycles=7;planted=2;d_b=16;m=5;gap=2;k=1,112993,false,16802,0.378,161,8,256,2.747,161,8,false
mixed-019-2,mixed,seed=0x08abf339b425099c;cycles=7;planted=2;d_b=16;m=5;gap=2;k=1,112993,false,16802,0.378,161,8,512,4.710,161,8,false
mixed-019-2,mixed,seed=0x08abf339b425099c;cycles=7;planted=2;d_b=16;m=5;gap=2;k=1,112993,false,16802,0.378,161,8,1024,8.729,161,8,false
mixed-019-2,mixed,seed=0x08abf339b425099c;cycles=7;planted=2;d_b=16;m=5;gap=2;k=1,112993,false,16802,0.378,161,8,2048,17.188,161,8,false
mixed-019-2,mixed,seed=0x08abf339b425099c;cycles=7;planted=2;d_b=16;m=5;gap=2;k=1,112993,false,16802,0.378,161,8,4096,34.008,161,8,false
mixed-019-2,mixed,seed=0x08abf339b425099c;cycles=7;planted=2;d_b=16;m=5;gap=2;k=1,112993,false,16802,0.378,161,8,8192,66.277,161,8,false
mixed-019-2,mixed,seed=0x08abf339b425099c;cycles=7;planted=2;d_b=16;m=5;gap=2;k=1,112993,false,16802,0.378,161,8,16384,133.957,161,8,false
dec-060,dec,d_b=5;m=9;gap=1;k=1;q=7;s=21,10,false,12,0.061,42,2,1,0.021,43,42,false
dec-060,dec,d_b=5;m=9;gap=1;k=1;q=7;s=21,10,false,12,0.061,42,2,2,0.029,43,42,false
dec-060,dec,d_b=5;m=9;gap=1;k=1;q=7;s=21,10,false,12,0.061,42,2,4,0.048,42,2,false
dec-060,dec,d_b=5;m=9;gap=1;k=1;q=7;s=21,10,false,12,0.061,42,2,8,0.062,42,2,false
dec-060,dec,d_b=5;m=9;gap=1;k=1;q=7;s=21,10,false,12,0.061,42,2,16,0.081,42,2,true
dec-060,dec,d_b=5;m=9;gap=1;k=1;q=7;s=21,10,false,12,0.061,42,2,32,0.077,42,2,true
dec-060,dec,d_b=5;m=9;gap=1;k=1;q=7;s=21,10,false,12,0.061,42,2,64,0.075,42,2,true
dec-060,dec,d_b=5;m=9;gap=1;k=1;q=7;s=21,10,false,12,0.061,42,2,128,0.074,42,2,true
dec-060,dec,d_b=5;m=9;gap=1;k=1;q=7;s=21,10,false,12,0.061,42,2,256,0.073,42,2,true
dec-060,dec,d_b=5;m=9;gap=1;k=1;q=7;s=21,10,false,12,0.061,42,2,512,0.073,42,2,true
dec-060,dec,d_b=5;m=9;gap=1;k=1;q=7;s=21,10,false,12,0.061,42,2,1024,0.073,42,2,true
dec-060,dec,d_b=5;m=9;gap=1;k=1;q=7;s=21,10,false,12,0.061,42,2,2048,0.073,42,2,true
dec-060,dec,d_b=5;m=9;gap=1;k=1;q=7;s=21,10,false,12,0.061,42,2,4096,0.072,42,2,true
dec-060,dec,d_b=5;m=9;gap=1;k=1;q=7;s=21,10,false,12,0.061,42,2,8192,0.073,42,2,true
dec-060,dec,d_b=5;m=9;gap=1;k=1;q=7;s=21,10,false,12,0.061,42,2,16384,0.076,42,2,true
mixed-020-0,mixed,seed=0xebb69d8d7262371b;cycles=7;planted=3;d_b=4;m=2;gap=1;k=2,112966,false,16793,0.177,44,10,1,0.142,47,22,false
mixed-020-0,mixed,seed=0xebb69d8d7262371b;cycles=7;planted=3;d_b=4;m=2;gap=1;k=2,112966,false,16793,0.177,44,10,2,0.133,47,22,false
mixed-020-0,mixed,seed=0xebb69d8d7262371b;cycles=7;planted=3;d_b=4;m=2;gap=1;k=2,112966,false,16793,0.177,44,10,4,0.167,47,22,false
mixed-020-0,mixed,seed=0xebb69d8d7262371b;cycles=7;planted=3;d_b=4;m=2;gap=1;k=2,112966,false,16793,0.177,44,10,8,0.215,47,22,false
mixed-020-0,mixed,seed=0xebb69d8d7262371b;cycles=7;planted=3;d_b=4;m=2;gap=1;k=2,112966,false,16793,0.177,44,10,16,0.354,47,22,false
mixed-020-0,mixed,seed=0xebb69d8d7262371b;cycles=7;planted=3;d_b=4;m=2;gap=1;k=2,112966,false,16793,0.177,44,10,32,0.536,46,18,false
mixed-020-0,mixed,seed=0xebb69d8d7262371b;cycles=7;planted=3;d_b=4;m=2;gap=1;k=2,112966,false,16793,0.177,44,10,64,0.902,44,10,false
mixed-020-0,mixed,seed=0xebb69d8d7262371b;cycles=7;planted=3;d_b=4;m=2;gap=1;k=2,112966,false,16793,0.177,44,10,128,1.510,44,10,false
mixed-020-0,mixed,seed=0xebb69d8d7262371b;cycles=7;planted=3;d_b=4;m=2;gap=1;k=2,112966,false,16793,0.177,44,10,256,2.528,44,10,false
mixed-020-0,mixed,seed=0xebb69d8d7262371b;cycles=7;planted=3;d_b=4;m=2;gap=1;k=2,112966,false,16793,0.177,44,10,512,4.594,44,10,false
mixed-020-0,mixed,seed=0xebb69d8d7262371b;cycles=7;planted=3;d_b=4;m=2;gap=1;k=2,112966,false,16793,0.177,44,10,1024,8.840,44,10,false
mixed-020-0,mixed,seed=0xebb69d8d7262371b;cycles=7;planted=3;d_b=4;m=2;gap=1;k=2,112966,false,16793,0.177,44,10,2048,17.866,44,10,false
mixed-020-0,mixed,seed=0xebb69d8d7262371b;cycles=7;planted=3;d_b=4;m=2;gap=1;k=2,112966,false,16793,0.177,44,10,4096,35.686,44,10,false
mixed-020-0,mixed,seed=0xebb69d8d7262371b;cycles=7;planted=3;d_b=4;m=2;gap=1;k=2,112966,false,16793,0.177,44,10,8192,69.541,44,10,false
mixed-020-0,mixed,seed=0xebb69d8d7262371b;cycles=7;planted=3;d_b=4;m=2;gap=1;k=2,112966,false,16793,0.177,44,10,16384,139.601,44,10,false
dec-061,dec,d_b=5;m=9;gap=1;k=2;q=7;s=21,15,false,17,0.087,42,2,1,0.020,43,42,false
dec-061,dec,d_b=5;m=9;gap=1;k=2;q=7;s=21,15,false,17,0.087,42,2,2,0.028,43,42,false
dec-061,dec,d_b=5;m=9;gap=1;k=2;q=7;s=21,15,false,17,0.087,42,2,4,0.044,43,42,false
dec-061,dec,d_b=5;m=9;gap=1;k=2;q=7;s=21,15,false,17,0.087,42,2,8,0.079,42,2,false
dec-061,dec,d_b=5;m=9;gap=1;k=2;q=7;s=21,15,false,17,0.087,42,2,16,0.133,42,2,true
dec-061,dec,d_b=5;m=9;gap=1;k=2;q=7;s=21,15,false,17,0.087,42,2,32,0.128,42,2,true
dec-061,dec,d_b=5;m=9;gap=1;k=2;q=7;s=21,15,false,17,0.087,42,2,64,0.125,42,2,true
dec-061,dec,d_b=5;m=9;gap=1;k=2;q=7;s=21,15,false,17,0.087,42,2,128,0.123,42,2,true
dec-061,dec,d_b=5;m=9;gap=1;k=2;q=7;s=21,15,false,17,0.087,42,2,256,0.121,42,2,true
dec-061,dec,d_b=5;m=9;gap=1;k=2;q=7;s=21,15,false,17,0.087,42,2,512,0.122,42,2,true
dec-061,dec,d_b=5;m=9;gap=1;k=2;q=7;s=21,15,false,17,0.087,42,2,1024,0.120,42,2,true
dec-061,dec,d_b=5;m=9;gap=1;k=2;q=7;s=21,15,false,17,0.087,42,2,2048,0.121,42,2,true
dec-061,dec,d_b=5;m=9;gap=1;k=2;q=7;s=21,15,false,17,0.087,42,2,4096,0.119,42,2,true
dec-061,dec,d_b=5;m=9;gap=1;k=2;q=7;s=21,15,false,17,0.087,42,2,8192,0.121,42,2,true
dec-061,dec,d_b=5;m=9;gap=1;k=2;q=7;s=21,15,false,17,0.087,42,2,16384,0.119,42,2,true
mixed-020-1,mixed,seed=0x4ee5e9c1aea51d88;cycles=7;planted=3;d_b=4;m=2;gap=1;k=2,294447,false,40878,0.135,36,14,1,0.104,39,26,false
mixed-020-1,mixed,seed=0x4ee5e9c1aea51d88;cycles=7;planted=3;d_b=4;m=2;gap=1;k=2,294447,false,40878,0.135,36,14,2,0.129,39,26,false
mixed-020-1,mixed,seed=0x4ee5e9c1aea51d88;cycles=7;planted=3;d_b=4;m=2;gap=1;k=2,294447,false,40878,0.135,36,14,4,0.133,39,26,false
mixed-020-1,mixed,seed=0x4ee5e9c1aea51d88;cycles=7;planted=3;d_b=4;m=2;gap=1;k=2,294447,false,40878,0.135,36,14,8,0.156,39,26,false
mixed-020-1,mixed,seed=0x4ee5e9c1aea51d88;cycles=7;planted=3;d_b=4;m=2;gap=1;k=2,294447,false,40878,0.135,36,14,16,0.235,39,26,false
mixed-020-1,mixed,seed=0x4ee5e9c1aea51d88;cycles=7;planted=3;d_b=4;m=2;gap=1;k=2,294447,false,40878,0.135,36,14,32,0.400,39,26,false
mixed-020-1,mixed,seed=0x4ee5e9c1aea51d88;cycles=7;planted=3;d_b=4;m=2;gap=1;k=2,294447,false,40878,0.135,36,14,64,0.710,37,18,false
mixed-020-1,mixed,seed=0x4ee5e9c1aea51d88;cycles=7;planted=3;d_b=4;m=2;gap=1;k=2,294447,false,40878,0.135,36,14,128,1.334,36,14,false
mixed-020-1,mixed,seed=0x4ee5e9c1aea51d88;cycles=7;planted=3;d_b=4;m=2;gap=1;k=2,294447,false,40878,0.135,36,14,256,2.355,36,14,false
mixed-020-1,mixed,seed=0x4ee5e9c1aea51d88;cycles=7;planted=3;d_b=4;m=2;gap=1;k=2,294447,false,40878,0.135,36,14,512,4.417,36,14,false
mixed-020-1,mixed,seed=0x4ee5e9c1aea51d88;cycles=7;planted=3;d_b=4;m=2;gap=1;k=2,294447,false,40878,0.135,36,14,1024,8.401,36,14,false
mixed-020-1,mixed,seed=0x4ee5e9c1aea51d88;cycles=7;planted=3;d_b=4;m=2;gap=1;k=2,294447,false,40878,0.135,36,14,2048,16.612,36,14,false
mixed-020-1,mixed,seed=0x4ee5e9c1aea51d88;cycles=7;planted=3;d_b=4;m=2;gap=1;k=2,294447,false,40878,0.135,36,14,4096,32.287,36,14,false
mixed-020-1,mixed,seed=0x4ee5e9c1aea51d88;cycles=7;planted=3;d_b=4;m=2;gap=1;k=2,294447,false,40878,0.135,36,14,8192,62.476,36,14,false
mixed-020-1,mixed,seed=0x4ee5e9c1aea51d88;cycles=7;planted=3;d_b=4;m=2;gap=1;k=2,294447,false,40878,0.135,36,14,16384,122.682,36,14,false
dec-062,dec,d_b=5;m=9;gap=1;k=4;q=7;s=21,25,false,27,0.147,42,2,1,0.024,43,42,false
dec-062,dec,d_b=5;m=9;gap=1;k=4;q=7;s=21,25,false,27,0.147,42,2,2,0.031,43,42,false
dec-062,dec,d_b=5;m=9;gap=1;k=4;q=7;s=21,25,false,27,0.147,42,2,4,0.049,43,42,false
dec-062,dec,d_b=5;m=9;gap=1;k=4;q=7;s=21,25,false,27,0.147,42,2,8,0.084,43,42,false
dec-062,dec,d_b=5;m=9;gap=1;k=4;q=7;s=21,25,false,27,0.147,42,2,16,0.152,42,2,false
dec-062,dec,d_b=5;m=9;gap=1;k=4;q=7;s=21,25,false,27,0.147,42,2,32,0.247,42,2,true
dec-062,dec,d_b=5;m=9;gap=1;k=4;q=7;s=21,25,false,27,0.147,42,2,64,0.249,42,2,true
dec-062,dec,d_b=5;m=9;gap=1;k=4;q=7;s=21,25,false,27,0.147,42,2,128,0.234,42,2,true
dec-062,dec,d_b=5;m=9;gap=1;k=4;q=7;s=21,25,false,27,0.147,42,2,256,0.246,42,2,true
dec-062,dec,d_b=5;m=9;gap=1;k=4;q=7;s=21,25,false,27,0.147,42,2,512,0.231,42,2,true
dec-062,dec,d_b=5;m=9;gap=1;k=4;q=7;s=21,25,false,27,0.147,42,2,1024,0.229,42,2,true
dec-062,dec,d_b=5;m=9;gap=1;k=4;q=7;s=21,25,false,27,0.147,42,2,2048,0.218,42,2,true
dec-062,dec,d_b=5;m=9;gap=1;k=4;q=7;s=21,25,false,27,0.147,42,2,4096,0.222,42,2,true
dec-062,dec,d_b=5;m=9;gap=1;k=4;q=7;s=21,25,false,27,0.147,42,2,8192,0.214,42,2,true
dec-062,dec,d_b=5;m=9;gap=1;k=4;q=7;s=21,25,false,27,0.147,42,2,16384,0.219,42,2,true
mixed-020-2,mixed,seed=0x4db6e7f246926eb2;cycles=7;planted=3;d_b=4;m=2;gap=1;k=2,25,false,29,0.058,13,4,1,0.027,15,12,false
mixed-020-2,mixed,seed=0x4db6e7f246926eb2;cycles=7;planted=3;d_b=4;m=2;gap=1;k=2,25,false,29,0.058,13,4,2,0.032,15,12,false
mixed-020-2,mixed,seed=0x4db6e7f246926eb2;cycles=7;planted=3;d_b=4;m=2;gap=1;k=2,25,false,29,0.058,13,4,4,0.037,15,12,false
mixed-020-2,mixed,seed=0x4db6e7f246926eb2;cycles=7;planted=3;d_b=4;m=2;gap=1;k=2,25,false,29,0.058,13,4,8,0.062,15,12,false
mixed-020-2,mixed,seed=0x4db6e7f246926eb2;cycles=7;planted=3;d_b=4;m=2;gap=1;k=2,25,false,29,0.058,13,4,16,0.110,13,4,false
mixed-020-2,mixed,seed=0x4db6e7f246926eb2;cycles=7;planted=3;d_b=4;m=2;gap=1;k=2,25,false,29,0.058,13,4,32,0.169,13,4,true
mixed-020-2,mixed,seed=0x4db6e7f246926eb2;cycles=7;planted=3;d_b=4;m=2;gap=1;k=2,25,false,29,0.058,13,4,64,0.165,13,4,true
mixed-020-2,mixed,seed=0x4db6e7f246926eb2;cycles=7;planted=3;d_b=4;m=2;gap=1;k=2,25,false,29,0.058,13,4,128,0.163,13,4,true
mixed-020-2,mixed,seed=0x4db6e7f246926eb2;cycles=7;planted=3;d_b=4;m=2;gap=1;k=2,25,false,29,0.058,13,4,256,0.177,13,4,true
mixed-020-2,mixed,seed=0x4db6e7f246926eb2;cycles=7;planted=3;d_b=4;m=2;gap=1;k=2,25,false,29,0.058,13,4,512,0.162,13,4,true
mixed-020-2,mixed,seed=0x4db6e7f246926eb2;cycles=7;planted=3;d_b=4;m=2;gap=1;k=2,25,false,29,0.058,13,4,1024,0.164,13,4,true
mixed-020-2,mixed,seed=0x4db6e7f246926eb2;cycles=7;planted=3;d_b=4;m=2;gap=1;k=2,25,false,29,0.058,13,4,2048,0.162,13,4,true
mixed-020-2,mixed,seed=0x4db6e7f246926eb2;cycles=7;planted=3;d_b=4;m=2;gap=1;k=2,25,false,29,0.058,13,4,4096,0.163,13,4,true
mixed-020-2,mixed,seed=0x4db6e7f246926eb2;cycles=7;planted=3;d_b=4;m=2;gap=1;k=2,25,false,29,0.058,13,4,8192,0.160,13,4,true
mixed-020-2,mixed,seed=0x4db6e7f246926eb2;cycles=7;planted=3;d_b=4;m=2;gap=1;k=2,25,false,29,0.058,13,4,16384,0.162,13,4,true
dec-063,dec,d_b=5;m=9;gap=3;k=1;q=7;s=22,10,false,12,0.048,42,2,1,0.016,45,44,false
dec-063,dec,d_b=5;m=9;gap=3;k=1;q=7;s=22,10,false,12,0.048,42,2,2,0.029,45,44,false
dec-063,dec,d_b=5;m=9;gap=3;k=1;q=7;s=22,10,false,12,0.048,42,2,4,0.044,42,2,false
dec-063,dec,d_b=5;m=9;gap=3;k=1;q=7;s=22,10,false,12,0.048,42,2,8,0.063,42,2,false
dec-063,dec,d_b=5;m=9;gap=3;k=1;q=7;s=22,10,false,12,0.048,42,2,16,0.080,42,2,true
dec-063,dec,d_b=5;m=9;gap=3;k=1;q=7;s=22,10,false,12,0.048,42,2,32,0.080,42,2,true
dec-063,dec,d_b=5;m=9;gap=3;k=1;q=7;s=22,10,false,12,0.048,42,2,64,0.077,42,2,true
dec-063,dec,d_b=5;m=9;gap=3;k=1;q=7;s=22,10,false,12,0.048,42,2,128,0.078,42,2,true
dec-063,dec,d_b=5;m=9;gap=3;k=1;q=7;s=22,10,false,12,0.048,42,2,256,0.077,42,2,true
dec-063,dec,d_b=5;m=9;gap=3;k=1;q=7;s=22,10,false,12,0.048,42,2,512,0.077,42,2,true
dec-063,dec,d_b=5;m=9;gap=3;k=1;q=7;s=22,10,false,12,0.048,42,2,1024,0.076,42,2,true
dec-063,dec,d_b=5;m=9;gap=3;k=1;q=7;s=22,10,false,12,0.048,42,2,2048,0.077,42,2,true
dec-063,dec,d_b=5;m=9;gap=3;k=1;q=7;s=22,10,false,12,0.048,42,2,4096,0.076,42,2,true
dec-063,dec,d_b=5;m=9;gap=3;k=1;q=7;s=22,10,false,12,0.048,42,2,8192,0.076,42,2,true
dec-063,dec,d_b=5;m=9;gap=3;k=1;q=7;s=22,10,false,12,0.048,42,2,16384,0.075,42,2,true
mixed-021-0,mixed,seed=0xbd6e3eec95ca787d;cycles=7;planted=3;d_b=8;m=3;gap=2;k=2,74,false,80,0.195,56,6,1,0.030,65,60,false
mixed-021-0,mixed,seed=0xbd6e3eec95ca787d;cycles=7;planted=3;d_b=8;m=3;gap=2;k=2,74,false,80,0.195,56,6,2,0.034,65,60,false
mixed-021-0,mixed,seed=0xbd6e3eec95ca787d;cycles=7;planted=3;d_b=8;m=3;gap=2;k=2,74,false,80,0.195,56,6,4,0.043,65,60,false
mixed-021-0,mixed,seed=0xbd6e3eec95ca787d;cycles=7;planted=3;d_b=8;m=3;gap=2;k=2,74,false,80,0.195,56,6,8,0.070,65,60,false
mixed-021-0,mixed,seed=0xbd6e3eec95ca787d;cycles=7;planted=3;d_b=8;m=3;gap=2;k=2,74,false,80,0.195,56,6,16,0.110,65,60,false
mixed-021-0,mixed,seed=0xbd6e3eec95ca787d;cycles=7;planted=3;d_b=8;m=3;gap=2;k=2,74,false,80,0.195,56,6,32,0.190,62,42,false
mixed-021-0,mixed,seed=0xbd6e3eec95ca787d;cycles=7;planted=3;d_b=8;m=3;gap=2;k=2,74,false,80,0.195,56,6,64,0.385,56,6,false
mixed-021-0,mixed,seed=0xbd6e3eec95ca787d;cycles=7;planted=3;d_b=8;m=3;gap=2;k=2,74,false,80,0.195,56,6,128,0.469,56,6,true
mixed-021-0,mixed,seed=0xbd6e3eec95ca787d;cycles=7;planted=3;d_b=8;m=3;gap=2;k=2,74,false,80,0.195,56,6,256,0.444,56,6,true
mixed-021-0,mixed,seed=0xbd6e3eec95ca787d;cycles=7;planted=3;d_b=8;m=3;gap=2;k=2,74,false,80,0.195,56,6,512,0.442,56,6,true
mixed-021-0,mixed,seed=0xbd6e3eec95ca787d;cycles=7;planted=3;d_b=8;m=3;gap=2;k=2,74,false,80,0.195,56,6,1024,0.435,56,6,true
mixed-021-0,mixed,seed=0xbd6e3eec95ca787d;cycles=7;planted=3;d_b=8;m=3;gap=2;k=2,74,false,80,0.195,56,6,2048,0.437,56,6,true
mixed-021-0,mixed,seed=0xbd6e3eec95ca787d;cycles=7;planted=3;d_b=8;m=3;gap=2;k=2,74,false,80,0.195,56,6,4096,0.432,56,6,true
mixed-021-0,mixed,seed=0xbd6e3eec95ca787d;cycles=7;planted=3;d_b=8;m=3;gap=2;k=2,74,false,80,0.195,56,6,8192,0.435,56,6,true
mixed-021-0,mixed,seed=0xbd6e3eec95ca787d;cycles=7;planted=3;d_b=8;m=3;gap=2;k=2,74,false,80,0.195,56,6,16384,0.445,56,6,true
dec-064,dec,d_b=5;m=9;gap=3;k=2;q=7;s=22,15,false,17,0.080,42,2,1,0.017,45,44,false
dec-064,dec,d_b=5;m=9;gap=3;k=2;q=7;s=22,15,false,17,0.080,42,2,2,0.026,45,44,false
dec-064,dec,d_b=5;m=9;gap=3;k=2;q=7;s=22,15,false,17,0.080,42,2,4,0.042,45,44,false
dec-064,dec,d_b=5;m=9;gap=3;k=2;q=7;s=22,15,false,17,0.080,42,2,8,0.078,42,2,false
dec-064,dec,d_b=5;m=9;gap=3;k=2;q=7;s=22,15,false,17,0.080,42,2,16,0.132,42,2,true
dec-064,dec,d_b=5;m=9;gap=3;k=2;q=7;s=22,15,false,17,0.080,42,2,32,0.133,42,2,true
dec-064,dec,d_b=5;m=9;gap=3;k=2;q=7;s=22,15,false,17,0.080,42,2,64,0.130,42,2,true
dec-064,dec,d_b=5;m=9;gap=3;k=2;q=7;s=22,15,false,17,0.080,42,2,128,0.130,42,2,true
dec-064,dec,d_b=5;m=9;gap=3;k=2;q=7;s=22,15,false,17,0.080,42,2,256,0.128,42,2,true
dec-064,dec,d_b=5;m=9;gap=3;k=2;q=7;s=22,15,false,17,0.080,42,2,512,0.128,42,2,true
dec-064,dec,d_b=5;m=9;gap=3;k=2;q=7;s=22,15,false,17,0.080,42,2,1024,0.126,42,2,true
dec-064,dec,d_b=5;m=9;gap=3;k=2;q=7;s=22,15,false,17,0.080,42,2,2048,0.128,42,2,true
dec-064,dec,d_b=5;m=9;gap=3;k=2;q=7;s=22,15,false,17,0.080,42,2,4096,0.126,42,2,true
dec-064,dec,d_b=5;m=9;gap=3;k=2;q=7;s=22,15,false,17,0.080,42,2,8192,0.128,42,2,true
dec-064,dec,d_b=5;m=9;gap=3;k=2;q=7;s=22,15,false,17,0.080,42,2,16384,0.127,42,2,true
mixed-021-1,mixed,seed=0xfe6eddcaea21b5c4;cycles=7;planted=3;d_b=8;m=3;gap=2;k=2,112996,false,16772,0.207,60,8,1,0.051,69,62,false
mixed-021-1,mixed,seed=0xfe6eddcaea21b5c4;cycles=7;planted=3;d_b=8;m=3;gap=2;k=2,112996,false,16772,0.207,60,8,2,0.052,69,62,false
mixed-021-1,mixed,seed=0xfe6eddcaea21b5c4;cycles=7;planted=3;d_b=8;m=3;gap=2;k=2,112996,false,16772,0.207,60,8,4,0.062,69,62,false
mixed-021-1,mixed,seed=0xfe6eddcaea21b5c4;cycles=7;planted=3;d_b=8;m=3;gap=2;k=2,112996,false,16772,0.207,60,8,8,0.095,69,62,false
mixed-021-1,mixed,seed=0xfe6eddcaea21b5c4;cycles=7;planted=3;d_b=8;m=3;gap=2;k=2,112996,false,16772,0.207,60,8,16,0.140,69,62,false
mixed-021-1,mixed,seed=0xfe6eddcaea21b5c4;cycles=7;planted=3;d_b=8;m=3;gap=2;k=2,112996,false,16772,0.207,60,8,32,0.250,66,44,false
mixed-021-1,mixed,seed=0xfe6eddcaea21b5c4;cycles=7;planted=3;d_b=8;m=3;gap=2;k=2,112996,false,16772,0.207,60,8,64,0.498,66,44,false
mixed-021-1,mixed,seed=0xfe6eddcaea21b5c4;cycles=7;planted=3;d_b=8;m=3;gap=2;k=2,112996,false,16772,0.207,60,8,128,0.922,60,8,false
mixed-021-1,mixed,seed=0xfe6eddcaea21b5c4;cycles=7;planted=3;d_b=8;m=3;gap=2;k=2,112996,false,16772,0.207,60,8,256,1.490,60,8,false
mixed-021-1,mixed,seed=0xfe6eddcaea21b5c4;cycles=7;planted=3;d_b=8;m=3;gap=2;k=2,112996,false,16772,0.207,60,8,512,2.406,60,8,false
mixed-021-1,mixed,seed=0xfe6eddcaea21b5c4;cycles=7;planted=3;d_b=8;m=3;gap=2;k=2,112996,false,16772,0.207,60,8,1024,4.590,60,8,false
mixed-021-1,mixed,seed=0xfe6eddcaea21b5c4;cycles=7;planted=3;d_b=8;m=3;gap=2;k=2,112996,false,16772,0.207,60,8,2048,8.905,60,8,false
mixed-021-1,mixed,seed=0xfe6eddcaea21b5c4;cycles=7;planted=3;d_b=8;m=3;gap=2;k=2,112996,false,16772,0.207,60,8,4096,17.802,60,8,false
mixed-021-1,mixed,seed=0xfe6eddcaea21b5c4;cycles=7;planted=3;d_b=8;m=3;gap=2;k=2,112996,false,16772,0.207,60,8,8192,35.764,60,8,false
mixed-021-1,mixed,seed=0xfe6eddcaea21b5c4;cycles=7;planted=3;d_b=8;m=3;gap=2;k=2,112996,false,16772,0.207,60,8,16384,72.530,60,8,false
dec-065,dec,d_b=5;m=9;gap=3;k=4;q=7;s=22,25,false,27,0.144,42,2,1,0.020,45,44,false
dec-065,dec,d_b=5;m=9;gap=3;k=4;q=7;s=22,25,false,27,0.144,42,2,2,0.029,45,44,false
dec-065,dec,d_b=5;m=9;gap=3;k=4;q=7;s=22,25,false,27,0.144,42,2,4,0.046,45,44,false
dec-065,dec,d_b=5;m=9;gap=3;k=4;q=7;s=22,25,false,27,0.144,42,2,8,0.083,45,44,false
dec-065,dec,d_b=5;m=9;gap=3;k=4;q=7;s=22,25,false,27,0.144,42,2,16,0.149,42,2,false
dec-065,dec,d_b=5;m=9;gap=3;k=4;q=7;s=22,25,false,27,0.144,42,2,32,0.239,42,2,true
dec-065,dec,d_b=5;m=9;gap=3;k=4;q=7;s=22,25,false,27,0.144,42,2,64,0.232,42,2,true
dec-065,dec,d_b=5;m=9;gap=3;k=4;q=7;s=22,25,false,27,0.144,42,2,128,0.235,42,2,true
dec-065,dec,d_b=5;m=9;gap=3;k=4;q=7;s=22,25,false,27,0.144,42,2,256,0.228,42,2,true
dec-065,dec,d_b=5;m=9;gap=3;k=4;q=7;s=22,25,false,27,0.144,42,2,512,0.231,42,2,true
dec-065,dec,d_b=5;m=9;gap=3;k=4;q=7;s=22,25,false,27,0.144,42,2,1024,0.225,42,2,true
dec-065,dec,d_b=5;m=9;gap=3;k=4;q=7;s=22,25,false,27,0.144,42,2,2048,0.229,42,2,true
dec-065,dec,d_b=5;m=9;gap=3;k=4;q=7;s=22,25,false,27,0.144,42,2,4096,0.225,42,2,true
dec-065,dec,d_b=5;m=9;gap=3;k=4;q=7;s=22,25,false,27,0.144,42,2,8192,0.229,42,2,true
dec-065,dec,d_b=5;m=9;gap=3;k=4;q=7;s=22,25,false,27,0.144,42,2,16384,0.236,42,2,true
mixed-021-2,mixed,seed=0xa75ed732cb8df582;cycles=7;planted=3;d_b=8;m=3;gap=2;k=2,359805,false,47388,0.310,77,14,1,0.142,86,68,false
mixed-021-2,mixed,seed=0xa75ed732cb8df582;cycles=7;planted=3;d_b=8;m=3;gap=2;k=2,359805,false,47388,0.310,77,14,2,0.175,86,68,false
mixed-021-2,mixed,seed=0xa75ed732cb8df582;cycles=7;planted=3;d_b=8;m=3;gap=2;k=2,359805,false,47388,0.310,77,14,4,0.185,86,68,false
mixed-021-2,mixed,seed=0xa75ed732cb8df582;cycles=7;planted=3;d_b=8;m=3;gap=2;k=2,359805,false,47388,0.310,77,14,8,0.227,86,68,false
mixed-021-2,mixed,seed=0xa75ed732cb8df582;cycles=7;planted=3;d_b=8;m=3;gap=2;k=2,359805,false,47388,0.310,77,14,16,0.332,86,68,false
mixed-021-2,mixed,seed=0xa75ed732cb8df582;cycles=7;planted=3;d_b=8;m=3;gap=2;k=2,359805,false,47388,0.310,77,14,32,0.478,86,68,false
mixed-021-2,mixed,seed=0xa75ed732cb8df582;cycles=7;planted=3;d_b=8;m=3;gap=2;k=2,359805,false,47388,0.310,77,14,64,0.910,83,50,false
mixed-021-2,mixed,seed=0xa75ed732cb8df582;cycles=7;planted=3;d_b=8;m=3;gap=2;k=2,359805,false,47388,0.310,77,14,128,1.475,80,32,false
mixed-021-2,mixed,seed=0xa75ed732cb8df582;cycles=7;planted=3;d_b=8;m=3;gap=2;k=2,359805,false,47388,0.310,77,14,256,2.464,77,14,false
mixed-021-2,mixed,seed=0xa75ed732cb8df582;cycles=7;planted=3;d_b=8;m=3;gap=2;k=2,359805,false,47388,0.310,77,14,512,4.295,77,14,false
mixed-021-2,mixed,seed=0xa75ed732cb8df582;cycles=7;planted=3;d_b=8;m=3;gap=2;k=2,359805,false,47388,0.310,77,14,1024,7.510,77,14,false
mixed-021-2,mixed,seed=0xa75ed732cb8df582;cycles=7;planted=3;d_b=8;m=3;gap=2;k=2,359805,false,47388,0.310,77,14,2048,12.684,77,14,false
mixed-021-2,mixed,seed=0xa75ed732cb8df582;cycles=7;planted=3;d_b=8;m=3;gap=2;k=2,359805,false,47388,0.310,77,14,4096,22.659,77,14,false
mixed-021-2,mixed,seed=0xa75ed732cb8df582;cycles=7;planted=3;d_b=8;m=3;gap=2;k=2,359805,false,47388,0.310,77,14,8192,41.630,77,14,false
mixed-021-2,mixed,seed=0xa75ed732cb8df582;cycles=7;planted=3;d_b=8;m=3;gap=2;k=2,359805,false,47388,0.310,77,14,16384,79.724,77,14,false
dec-066,dec,d_b=5;m=9;gap=7;k=1;q=7;s=24,10,false,12,0.057,42,2,1,0.020,49,48,false
dec-066,dec,d_b=5;m=9;gap=7;k=1;q=7;s=24,10,false,12,0.057,42,2,2,0.032,49,48,false
dec-066,dec,d_b=5;m=9;gap=7;k=1;q=7;s=24,10,false,12,0.057,42,2,4,0.048,42,2,false
dec-066,dec,d_b=5;m=9;gap=7;k=1;q=7;s=24,10,false,12,0.057,42,2,8,0.067,42,2,false
dec-066,dec,d_b=5;m=9;gap=7;k=1;q=7;s=24,10,false,12,0.057,42,2,16,0.083,42,2,true
dec-066,dec,d_b=5;m=9;gap=7;k=1;q=7;s=24,10,false,12,0.057,42,2,32,0.080,42,2,true
dec-066,dec,d_b=5;m=9;gap=7;k=1;q=7;s=24,10,false,12,0.057,42,2,64,0.078,42,2,true
dec-066,dec,d_b=5;m=9;gap=7;k=1;q=7;s=24,10,false,12,0.057,42,2,128,0.078,42,2,true
dec-066,dec,d_b=5;m=9;gap=7;k=1;q=7;s=24,10,false,12,0.057,42,2,256,0.076,42,2,true
dec-066,dec,d_b=5;m=9;gap=7;k=1;q=7;s=24,10,false,12,0.057,42,2,512,0.076,42,2,true
dec-066,dec,d_b=5;m=9;gap=7;k=1;q=7;s=24,10,false,12,0.057,42,2,1024,0.075,42,2,true
dec-066,dec,d_b=5;m=9;gap=7;k=1;q=7;s=24,10,false,12,0.057,42,2,2048,0.076,42,2,true
dec-066,dec,d_b=5;m=9;gap=7;k=1;q=7;s=24,10,false,12,0.057,42,2,4096,0.075,42,2,true
dec-066,dec,d_b=5;m=9;gap=7;k=1;q=7;s=24,10,false,12,0.057,42,2,8192,0.076,42,2,true
dec-066,dec,d_b=5;m=9;gap=7;k=1;q=7;s=24,10,false,12,0.057,42,2,16384,0.075,42,2,true
mixed-022-0,mixed,seed=0xec79b910dff19f36;cycles=7;planted=3;d_b=12;m=2;gap=6;k=4,187740,false,26614,0.372,64,12,1,0.111,85,66,false
mixed-022-0,mixed,seed=0xec79b910dff19f36;cycles=7;planted=3;d_b=12;m=2;gap=6;k=4,187740,false,26614,0.372,64,12,2,0.162,85,66,false
mixed-022-0,mixed,seed=0xec79b910dff19f36;cycles=7;planted=3;d_b=12;m=2;gap=6;k=4,187740,false,26614,0.372,64,12,4,0.175,85,66,false
mixed-022-0,mixed,seed=0xec79b910dff19f36;cycles=7;planted=3;d_b=12;m=2;gap=6;k=4,187740,false,26614,0.372,64,12,8,0.240,85,66,false
mixed-022-0,mixed,seed=0xec79b910dff19f36;cycles=7;planted=3;d_b=12;m=2;gap=6;k=4,187740,false,26614,0.372,64,12,16,0.371,85,66,false
mixed-022-0,mixed,seed=0xec79b910dff19f36;cycles=7;planted=3;d_b=12;m=2;gap=6;k=4,187740,false,26614,0.372,64,12,32,0.665,85,66,false
mixed-022-0,mixed,seed=0xec79b910dff19f36;cycles=7;planted=3;d_b=12;m=2;gap=6;k=4,187740,false,26614,0.372,64,12,64,1.269,78,48,false
mixed-022-0,mixed,seed=0xec79b910dff19f36;cycles=7;planted=3;d_b=12;m=2;gap=6;k=4,187740,false,26614,0.372,64,12,128,2.485,71,30,false
mixed-022-0,mixed,seed=0xec79b910dff19f36;cycles=7;planted=3;d_b=12;m=2;gap=6;k=4,187740,false,26614,0.372,64,12,256,4.782,64,12,false
mixed-022-0,mixed,seed=0xec79b910dff19f36;cycles=7;planted=3;d_b=12;m=2;gap=6;k=4,187740,false,26614,0.372,64,12,512,8.910,64,12,false
mixed-022-0,mixed,seed=0xec79b910dff19f36;cycles=7;planted=3;d_b=12;m=2;gap=6;k=4,187740,false,26614,0.372,64,12,1024,16.892,64,12,false
mixed-022-0,mixed,seed=0xec79b910dff19f36;cycles=7;planted=3;d_b=12;m=2;gap=6;k=4,187740,false,26614,0.372,64,12,2048,32.908,64,12,false
mixed-022-0,mixed,seed=0xec79b910dff19f36;cycles=7;planted=3;d_b=12;m=2;gap=6;k=4,187740,false,26614,0.372,64,12,4096,64.168,64,12,false
mixed-022-0,mixed,seed=0xec79b910dff19f36;cycles=7;planted=3;d_b=12;m=2;gap=6;k=4,187740,false,26614,0.372,64,12,8192,127.166,64,12,false
mixed-022-0,mixed,seed=0xec79b910dff19f36;cycles=7;planted=3;d_b=12;m=2;gap=6;k=4,187740,false,26614,0.372,64,12,16384,258.296,64,12,false
dec-067,dec,d_b=5;m=9;gap=7;k=2;q=7;s=24,15,false,17,0.088,42,2,1,0.020,49,48,false
dec-067,dec,d_b=5;m=9;gap=7;k=2;q=7;s=24,15,false,17,0.088,42,2,2,0.031,49,48,false
dec-067,dec,d_b=5;m=9;gap=7;k=2;q=7;s=24,15,false,17,0.088,42,2,4,0.045,49,48,false
dec-067,dec,d_b=5;m=9;gap=7;k=2;q=7;s=24,15,false,17,0.088,42,2,8,0.087,42,2,false
dec-067,dec,d_b=5;m=9;gap=7;k=2;q=7;s=24,15,false,17,0.088,42,2,16,0.146,42,2,true
dec-067,dec,d_b=5;m=9;gap=7;k=2;q=7;s=24,15,false,17,0.088,42,2,32,0.145,42,2,true
dec-067,dec,d_b=5;m=9;gap=7;k=2;q=7;s=24,15,false,17,0.088,42,2,64,0.138,42,2,true
dec-067,dec,d_b=5;m=9;gap=7;k=2;q=7;s=24,15,false,17,0.088,42,2,128,0.139,42,2,true
dec-067,dec,d_b=5;m=9;gap=7;k=2;q=7;s=24,15,false,17,0.088,42,2,256,0.135,42,2,true
dec-067,dec,d_b=5;m=9;gap=7;k=2;q=7;s=24,15,false,17,0.088,42,2,512,0.135,42,2,true
dec-067,dec,d_b=5;m=9;gap=7;k=2;q=7;s=24,15,false,17,0.088,42,2,1024,0.133,42,2,true
dec-067,dec,d_b=5;m=9;gap=7;k=2;q=7;s=24,15,false,17,0.088,42,2,2048,0.134,42,2,true
dec-067,dec,d_b=5;m=9;gap=7;k=2;q=7;s=24,15,false,17,0.088,42,2,4096,0.133,42,2,true
dec-067,dec,d_b=5;m=9;gap=7;k=2;q=7;s=24,15,false,17,0.088,42,2,8192,0.135,42,2,true
dec-067,dec,d_b=5;m=9;gap=7;k=2;q=7;s=24,15,false,17,0.088,42,2,16384,0.133,42,2,true
mixed-022-1,mixed,seed=0x0432a6800a873f06;cycles=7;planted=3;d_b=12;m=2;gap=6;k=4,123,false,125,0.201,31,4,1,0.031,45,40,false
mixed-022-1,mixed,seed=0x0432a6800a873f06;cycles=7;planted=3;d_b=12;m=2;gap=6;k=4,123,false,125,0.201,31,4,2,0.032,45,40,false
mixed-022-1,mixed,seed=0x0432a6800a873f06;cycles=7;planted=3;d_b=12;m=2;gap=6;k=4,123,false,125,0.201,31,4,4,0.036,45,40,false
mixed-022-1,mixed,seed=0x0432a6800a873f06;cycles=7;planted=3;d_b=12;m=2;gap=6;k=4,123,false,125,0.201,31,4,8,0.057,45,40,false
mixed-022-1,mixed,seed=0x0432a6800a873f06;cycles=7;planted=3;d_b=12;m=2;gap=6;k=4,123,false,125,0.201,31,4,16,0.105,45,40,false
mixed-022-1,mixed,seed=0x0432a6800a873f06;cycles=7;planted=3;d_b=12;m=2;gap=6;k=4,123,false,125,0.201,31,4,32,0.209,38,22,false
mixed-022-1,mixed,seed=0x0432a6800a873f06;cycles=7;planted=3;d_b=12;m=2;gap=6;k=4,123,false,125,0.201,31,4,64,0.434,31,4,false
mixed-022-1,mixed,seed=0x0432a6800a873f06;cycles=7;planted=3;d_b=12;m=2;gap=6;k=4,123,false,125,0.201,31,4,128,0.879,31,4,true
mixed-022-1,mixed,seed=0x0432a6800a873f06;cycles=7;planted=3;d_b=12;m=2;gap=6;k=4,123,false,125,0.201,31,4,256,0.871,31,4,true
mixed-022-1,mixed,seed=0x0432a6800a873f06;cycles=7;planted=3;d_b=12;m=2;gap=6;k=4,123,false,125,0.201,31,4,512,0.908,31,4,true
mixed-022-1,mixed,seed=0x0432a6800a873f06;cycles=7;planted=3;d_b=12;m=2;gap=6;k=4,123,false,125,0.201,31,4,1024,0.895,31,4,true
mixed-022-1,mixed,seed=0x0432a6800a873f06;cycles=7;planted=3;d_b=12;m=2;gap=6;k=4,123,false,125,0.201,31,4,2048,0.875,31,4,true
mixed-022-1,mixed,seed=0x0432a6800a873f06;cycles=7;planted=3;d_b=12;m=2;gap=6;k=4,123,false,125,0.201,31,4,4096,0.884,31,4,true
mixed-022-1,mixed,seed=0x0432a6800a873f06;cycles=7;planted=3;d_b=12;m=2;gap=6;k=4,123,false,125,0.201,31,4,8192,0.864,31,4,true
mixed-022-1,mixed,seed=0x0432a6800a873f06;cycles=7;planted=3;d_b=12;m=2;gap=6;k=4,123,false,125,0.201,31,4,16384,0.897,31,4,true
dec-068,dec,d_b=5;m=9;gap=7;k=4;q=7;s=24,25,false,27,0.147,42,2,1,0.020,49,48,false
dec-068,dec,d_b=5;m=9;gap=7;k=4;q=7;s=24,25,false,27,0.147,42,2,2,0.030,49,48,false
dec-068,dec,d_b=5;m=9;gap=7;k=4;q=7;s=24,25,false,27,0.147,42,2,4,0.048,49,48,false
dec-068,dec,d_b=5;m=9;gap=7;k=4;q=7;s=24,25,false,27,0.147,42,2,8,0.085,49,48,false
dec-068,dec,d_b=5;m=9;gap=7;k=4;q=7;s=24,25,false,27,0.147,42,2,16,0.157,42,2,false
dec-068,dec,d_b=5;m=9;gap=7;k=4;q=7;s=24,25,false,27,0.147,42,2,32,0.247,42,2,true
dec-068,dec,d_b=5;m=9;gap=7;k=4;q=7;s=24,25,false,27,0.147,42,2,64,0.246,42,2,true
dec-068,dec,d_b=5;m=9;gap=7;k=4;q=7;s=24,25,false,27,0.147,42,2,128,0.241,42,2,true
dec-068,dec,d_b=5;m=9;gap=7;k=4;q=7;s=24,25,false,27,0.147,42,2,256,0.241,42,2,true
dec-068,dec,d_b=5;m=9;gap=7;k=4;q=7;s=24,25,false,27,0.147,42,2,512,0.250,42,2,true
dec-068,dec,d_b=5;m=9;gap=7;k=4;q=7;s=24,25,false,27,0.147,42,2,1024,0.239,42,2,true
dec-068,dec,d_b=5;m=9;gap=7;k=4;q=7;s=24,25,false,27,0.147,42,2,2048,0.236,42,2,true
dec-068,dec,d_b=5;m=9;gap=7;k=4;q=7;s=24,25,false,27,0.147,42,2,4096,0.245,42,2,true
dec-068,dec,d_b=5;m=9;gap=7;k=4;q=7;s=24,25,false,27,0.147,42,2,8192,0.236,42,2,true
dec-068,dec,d_b=5;m=9;gap=7;k=4;q=7;s=24,25,false,27,0.147,42,2,16384,0.238,42,2,true
mixed-022-2,mixed,seed=0xbf0a7a161af37fb2;cycles=7;planted=3;d_b=12;m=2;gap=6;k=4,113106,false,16957,0.386,57,10,1,0.193,78,64,false
mixed-022-2,mixed,seed=0xbf0a7a161af37fb2;cycles=7;planted=3;d_b=12;m=2;gap=6;k=4,113106,false,16957,0.386,57,10,2,0.212,78,64,false
mixed-022-2,mixed,seed=0xbf0a7a161af37fb2;cycles=7;planted=3;d_b=12;m=2;gap=6;k=4,113106,false,16957,0.386,57,10,4,0.251,78,64,false
mixed-022-2,mixed,seed=0xbf0a7a161af37fb2;cycles=7;planted=3;d_b=12;m=2;gap=6;k=4,113106,false,16957,0.386,57,10,8,0.348,78,64,false
mixed-022-2,mixed,seed=0xbf0a7a161af37fb2;cycles=7;planted=3;d_b=12;m=2;gap=6;k=4,113106,false,16957,0.386,57,10,16,0.578,78,64,false
mixed-022-2,mixed,seed=0xbf0a7a161af37fb2;cycles=7;planted=3;d_b=12;m=2;gap=6;k=4,113106,false,16957,0.386,57,10,32,1.078,78,64,false
mixed-022-2,mixed,seed=0xbf0a7a161af37fb2;cycles=7;planted=3;d_b=12;m=2;gap=6;k=4,113106,false,16957,0.386,57,10,64,2.041,78,64,false
mixed-022-2,mixed,seed=0xbf0a7a161af37fb2;cycles=7;planted=3;d_b=12;m=2;gap=6;k=4,113106,false,16957,0.386,57,10,128,4.064,57,10,false
mixed-022-2,mixed,seed=0xbf0a7a161af37fb2;cycles=7;planted=3;d_b=12;m=2;gap=6;k=4,113106,false,16957,0.386,57,10,256,7.811,57,10,false
mixed-022-2,mixed,seed=0xbf0a7a161af37fb2;cycles=7;planted=3;d_b=12;m=2;gap=6;k=4,113106,false,16957,0.386,57,10,512,14.586,57,10,false
mixed-022-2,mixed,seed=0xbf0a7a161af37fb2;cycles=7;planted=3;d_b=12;m=2;gap=6;k=4,113106,false,16957,0.386,57,10,1024,28.492,57,10,false
mixed-022-2,mixed,seed=0xbf0a7a161af37fb2;cycles=7;planted=3;d_b=12;m=2;gap=6;k=4,113106,false,16957,0.386,57,10,2048,54.839,57,10,false
mixed-022-2,mixed,seed=0xbf0a7a161af37fb2;cycles=7;planted=3;d_b=12;m=2;gap=6;k=4,113106,false,16957,0.386,57,10,4096,108.153,57,10,false
mixed-022-2,mixed,seed=0xbf0a7a161af37fb2;cycles=7;planted=3;d_b=12;m=2;gap=6;k=4,113106,false,16957,0.386,57,10,8192,215.314,57,10,false
mixed-022-2,mixed,seed=0xbf0a7a161af37fb2;cycles=7;planted=3;d_b=12;m=2;gap=6;k=4,113106,false,16957,0.386,57,10,16384,434.160,57,10,false
dec-069,dec,d_b=5;m=9;gap=13;k=1;q=7;s=27,10,false,12,0.098,42,2,1,0.024,55,54,false
dec-069,dec,d_b=5;m=9;gap=13;k=1;q=7;s=27,10,false,12,0.098,42,2,2,0.041,55,54,false
dec-069,dec,d_b=5;m=9;gap=13;k=1;q=7;s=27,10,false,12,0.098,42,2,4,0.045,42,2,false
dec-069,dec,d_b=5;m=9;gap=13;k=1;q=7;s=27,10,false,12,0.098,42,2,8,0.077,42,2,false
dec-069,dec,d_b=5;m=9;gap=13;k=1;q=7;s=27,10,false,12,0.098,42,2,16,0.091,42,2,true
dec-069,dec,d_b=5;m=9;gap=13;k=1;q=7;s=27,10,false,12,0.098,42,2,32,0.087,42,2,true
dec-069,dec,d_b=5;m=9;gap=13;k=1;q=7;s=27,10,false,12,0.098,42,2,64,0.084,42,2,true
dec-069,dec,d_b=5;m=9;gap=13;k=1;q=7;s=27,10,false,12,0.098,42,2,128,0.083,42,2,true
dec-069,dec,d_b=5;m=9;gap=13;k=1;q=7;s=27,10,false,12,0.098,42,2,256,0.083,42,2,true
dec-069,dec,d_b=5;m=9;gap=13;k=1;q=7;s=27,10,false,12,0.098,42,2,512,0.082,42,2,true
dec-069,dec,d_b=5;m=9;gap=13;k=1;q=7;s=27,10,false,12,0.098,42,2,1024,0.082,42,2,true
dec-069,dec,d_b=5;m=9;gap=13;k=1;q=7;s=27,10,false,12,0.098,42,2,2048,0.081,42,2,true
dec-069,dec,d_b=5;m=9;gap=13;k=1;q=7;s=27,10,false,12,0.098,42,2,4096,0.081,42,2,true
dec-069,dec,d_b=5;m=9;gap=13;k=1;q=7;s=27,10,false,12,0.098,42,2,8192,0.081,42,2,true
dec-069,dec,d_b=5;m=9;gap=13;k=1;q=7;s=27,10,false,12,0.098,42,2,16384,0.081,42,2,true
mixed-023-0,mixed,seed=0x1d53eb38d023de95;cycles=7;planted=3;d_b=16;m=5;gap=2;k=1,66,false,70,0.305,134,4,1,0.054,140,136,false
mixed-023-0,mixed,seed=0x1d53eb38d023de95;cycles=7;planted=3;d_b=16;m=5;gap=2;k=1,66,false,70,0.305,134,4,2,0.049,140,136,false
mixed-023-0,mixed,seed=0x1d53eb38d023de95;cycles=7;planted=3;d_b=16;m=5;gap=2;k=1,66,false,70,0.305,134,4,4,0.054,140,136,false
mixed-023-0,mixed,seed=0x1d53eb38d023de95;cycles=7;planted=3;d_b=16;m=5;gap=2;k=1,66,false,70,0.305,134,4,8,0.087,140,136,false
mixed-023-0,mixed,seed=0x1d53eb38d023de95;cycles=7;planted=3;d_b=16;m=5;gap=2;k=1,66,false,70,0.305,134,4,16,0.160,140,136,false
mixed-023-0,mixed,seed=0x1d53eb38d023de95;cycles=7;planted=3;d_b=16;m=5;gap=2;k=1,66,false,70,0.305,134,4,32,0.309,140,136,false
mixed-023-0,mixed,seed=0x1d53eb38d023de95;cycles=7;planted=3;d_b=16;m=5;gap=2;k=1,66,false,70,0.305,134,4,64,0.700,134,4,false
mixed-023-0,mixed,seed=0x1d53eb38d023de95;cycles=7;planted=3;d_b=16;m=5;gap=2;k=1,66,false,70,0.305,134,4,128,0.713,134,4,true
mixed-023-0,mixed,seed=0x1d53eb38d023de95;cycles=7;planted=3;d_b=16;m=5;gap=2;k=1,66,false,70,0.305,134,4,256,0.712,134,4,true
mixed-023-0,mixed,seed=0x1d53eb38d023de95;cycles=7;planted=3;d_b=16;m=5;gap=2;k=1,66,false,70,0.305,134,4,512,0.727,134,4,true
mixed-023-0,mixed,seed=0x1d53eb38d023de95;cycles=7;planted=3;d_b=16;m=5;gap=2;k=1,66,false,70,0.305,134,4,1024,0.704,134,4,true
mixed-023-0,mixed,seed=0x1d53eb38d023de95;cycles=7;planted=3;d_b=16;m=5;gap=2;k=1,66,false,70,0.305,134,4,2048,0.701,134,4,true
mixed-023-0,mixed,seed=0x1d53eb38d023de95;cycles=7;planted=3;d_b=16;m=5;gap=2;k=1,66,false,70,0.305,134,4,4096,0.703,134,4,true
mixed-023-0,mixed,seed=0x1d53eb38d023de95;cycles=7;planted=3;d_b=16;m=5;gap=2;k=1,66,false,70,0.305,134,4,8192,0.693,134,4,true
mixed-023-0,mixed,seed=0x1d53eb38d023de95;cycles=7;planted=3;d_b=16;m=5;gap=2;k=1,66,false,70,0.305,134,4,16384,0.701,134,4,true
dec-070,dec,d_b=5;m=9;gap=13;k=2;q=7;s=27,15,false,17,0.071,42,2,1,0.020,55,54,false
dec-070,dec,d_b=5;m=9;gap=13;k=2;q=7;s=27,15,false,17,0.071,42,2,2,0.031,55,54,false
dec-070,dec,d_b=5;m=9;gap=13;k=2;q=7;s=27,15,false,17,0.071,42,2,4,0.047,55,54,false
dec-070,dec,d_b=5;m=9;gap=13;k=2;q=7;s=27,15,false,17,0.071,42,2,8,0.088,42,2,false
dec-070,dec,d_b=5;m=9;gap=13;k=2;q=7;s=27,15,false,17,0.071,42,2,16,0.150,42,2,true
dec-070,dec,d_b=5;m=9;gap=13;k=2;q=7;s=27,15,false,17,0.071,42,2,32,0.148,42,2,true
dec-070,dec,d_b=5;m=9;gap=13;k=2;q=7;s=27,15,false,17,0.071,42,2,64,0.144,42,2,true
dec-070,dec,d_b=5;m=9;gap=13;k=2;q=7;s=27,15,false,17,0.071,42,2,128,0.144,42,2,true
dec-070,dec,d_b=5;m=9;gap=13;k=2;q=7;s=27,15,false,17,0.071,42,2,256,0.141,42,2,true
dec-070,dec,d_b=5;m=9;gap=13;k=2;q=7;s=27,15,false,17,0.071,42,2,512,0.142,42,2,true
dec-070,dec,d_b=5;m=9;gap=13;k=2;q=7;s=27,15,false,17,0.071,42,2,1024,0.140,42,2,true
dec-070,dec,d_b=5;m=9;gap=13;k=2;q=7;s=27,15,false,17,0.071,42,2,2048,0.140,42,2,true
dec-070,dec,d_b=5;m=9;gap=13;k=2;q=7;s=27,15,false,17,0.071,42,2,4096,0.139,42,2,true
dec-070,dec,d_b=5;m=9;gap=13;k=2;q=7;s=27,15,false,17,0.071,42,2,8192,0.139,42,2,true
dec-070,dec,d_b=5;m=9;gap=13;k=2;q=7;s=27,15,false,17,0.071,42,2,16384,0.139,42,2,true
mixed-023-1,mixed,seed=0x08f3beceb51e1709;cycles=7;planted=3;d_b=16;m=5;gap=2;k=1,113019,false,16793,0.464,203,8,1,0.075,212,206,false
mixed-023-1,mixed,seed=0x08f3beceb51e1709;cycles=7;planted=3;d_b=16;m=5;gap=2;k=1,113019,false,16793,0.464,203,8,2,0.079,212,206,false
mixed-023-1,mixed,seed=0x08f3beceb51e1709;cycles=7;planted=3;d_b=16;m=5;gap=2;k=1,113019,false,16793,0.464,203,8,4,0.075,212,206,false
mixed-023-1,mixed,seed=0x08f3beceb51e1709;cycles=7;planted=3;d_b=16;m=5;gap=2;k=1,113019,false,16793,0.464,203,8,8,0.104,212,206,false
mixed-023-1,mixed,seed=0x08f3beceb51e1709;cycles=7;planted=3;d_b=16;m=5;gap=2;k=1,113019,false,16793,0.464,203,8,16,0.168,212,206,false
mixed-023-1,mixed,seed=0x08f3beceb51e1709;cycles=7;planted=3;d_b=16;m=5;gap=2;k=1,113019,false,16793,0.464,203,8,32,0.312,212,206,false
mixed-023-1,mixed,seed=0x08f3beceb51e1709;cycles=7;planted=3;d_b=16;m=5;gap=2;k=1,113019,false,16793,0.464,203,8,64,0.612,209,140,false
mixed-023-1,mixed,seed=0x08f3beceb51e1709;cycles=7;planted=3;d_b=16;m=5;gap=2;k=1,113019,false,16793,0.464,203,8,128,1.262,203,8,false
mixed-023-1,mixed,seed=0x08f3beceb51e1709;cycles=7;planted=3;d_b=16;m=5;gap=2;k=1,113019,false,16793,0.464,203,8,256,1.768,203,8,false
mixed-023-1,mixed,seed=0x08f3beceb51e1709;cycles=7;planted=3;d_b=16;m=5;gap=2;k=1,113019,false,16793,0.464,203,8,512,2.600,203,8,false
mixed-023-1,mixed,seed=0x08f3beceb51e1709;cycles=7;planted=3;d_b=16;m=5;gap=2;k=1,113019,false,16793,0.464,203,8,1024,4.383,203,8,false
mixed-023-1,mixed,seed=0x08f3beceb51e1709;cycles=7;planted=3;d_b=16;m=5;gap=2;k=1,113019,false,16793,0.464,203,8,2048,8.656,203,8,false
mixed-023-1,mixed,seed=0x08f3beceb51e1709;cycles=7;planted=3;d_b=16;m=5;gap=2;k=1,113019,false,16793,0.464,203,8,4096,17.252,203,8,false
mixed-023-1,mixed,seed=0x08f3beceb51e1709;cycles=7;planted=3;d_b=16;m=5;gap=2;k=1,113019,false,16793,0.464,203,8,8192,33.832,203,8,false
mixed-023-1,mixed,seed=0x08f3beceb51e1709;cycles=7;planted=3;d_b=16;m=5;gap=2;k=1,113019,false,16793,0.464,203,8,16384,69.828,203,8,false
dec-071,dec,d_b=5;m=9;gap=13;k=4;q=7;s=27,25,false,27,0.124,42,2,1,0.024,55,54,false
dec-071,dec,d_b=5;m=9;gap=13;k=4;q=7;s=27,25,false,27,0.124,42,2,2,0.033,55,54,false
dec-071,dec,d_b=5;m=9;gap=13;k=4;q=7;s=27,25,false,27,0.124,42,2,4,0.055,55,54,false
dec-071,dec,d_b=5;m=9;gap=13;k=4;q=7;s=27,25,false,27,0.124,42,2,8,0.091,55,54,false
dec-071,dec,d_b=5;m=9;gap=13;k=4;q=7;s=27,25,false,27,0.124,42,2,16,0.171,42,2,false
dec-071,dec,d_b=5;m=9;gap=13;k=4;q=7;s=27,25,false,27,0.124,42,2,32,0.267,42,2,true
dec-071,dec,d_b=5;m=9;gap=13;k=4;q=7;s=27,25,false,27,0.124,42,2,64,0.267,42,2,true
dec-071,dec,d_b=5;m=9;gap=13;k=4;q=7;s=27,25,false,27,0.124,42,2,128,0.262,42,2,true
dec-071,dec,d_b=5;m=9;gap=13;k=4;q=7;s=27,25,false,27,0.124,42,2,256,0.260,42,2,true
dec-071,dec,d_b=5;m=9;gap=13;k=4;q=7;s=27,25,false,27,0.124,42,2,512,0.260,42,2,true
dec-071,dec,d_b=5;m=9;gap=13;k=4;q=7;s=27,25,false,27,0.124,42,2,1024,0.257,42,2,true
dec-071,dec,d_b=5;m=9;gap=13;k=4;q=7;s=27,25,false,27,0.124,42,2,2048,0.256,42,2,true
dec-071,dec,d_b=5;m=9;gap=13;k=4;q=7;s=27,25,false,27,0.124,42,2,4096,0.256,42,2,true
dec-071,dec,d_b=5;m=9;gap=13;k=4;q=7;s=27,25,false,27,0.124,42,2,8192,0.258,42,2,true
dec-071,dec,d_b=5;m=9;gap=13;k=4;q=7;s=27,25,false,27,0.124,42,2,16384,0.256,42,2,true
mixed-023-2,mixed,seed=0x9f994bcdc321597f;cycles=7;planted=3;d_b=16;m=5;gap=2;k=1,113023,false,16893,0.555,227,10,1,0.178,236,208,false
mixed-023-2,mixed,seed=0x9f994bcdc321597f;cycles=7;planted=3;d_b=16;m=5;gap=2;k=1,113023,false,16893,0.555,227,10,2,0.248,236,208,false
mixed-023-2,mixed,seed=0x9f994bcdc321597f;cycles=7;planted=3;d_b=16;m=5;gap=2;k=1,113023,false,16893,0.555,227,10,4,0.262,236,208,false
mixed-023-2,mixed,seed=0x9f994bcdc321597f;cycles=7;planted=3;d_b=16;m=5;gap=2;k=1,113023,false,16893,0.555,227,10,8,0.346,236,208,false
mixed-023-2,mixed,seed=0x9f994bcdc321597f;cycles=7;planted=3;d_b=16;m=5;gap=2;k=1,113023,false,16893,0.555,227,10,16,0.524,236,208,false
mixed-023-2,mixed,seed=0x9f994bcdc321597f;cycles=7;planted=3;d_b=16;m=5;gap=2;k=1,113023,false,16893,0.555,227,10,32,0.916,236,208,false
mixed-023-2,mixed,seed=0x9f994bcdc321597f;cycles=7;planted=3;d_b=16;m=5;gap=2;k=1,113023,false,16893,0.555,227,10,64,1.739,227,10,false
mixed-023-2,mixed,seed=0x9f994bcdc321597f;cycles=7;planted=3;d_b=16;m=5;gap=2;k=1,113023,false,16893,0.555,227,10,128,3.434,227,10,false
mixed-023-2,mixed,seed=0x9f994bcdc321597f;cycles=7;planted=3;d_b=16;m=5;gap=2;k=1,113023,false,16893,0.555,227,10,256,4.789,227,10,false
mixed-023-2,mixed,seed=0x9f994bcdc321597f;cycles=7;planted=3;d_b=16;m=5;gap=2;k=1,113023,false,16893,0.555,227,10,512,7.420,227,10,false
mixed-023-2,mixed,seed=0x9f994bcdc321597f;cycles=7;planted=3;d_b=16;m=5;gap=2;k=1,113023,false,16893,0.555,227,10,1024,12.436,227,10,false
mixed-023-2,mixed,seed=0x9f994bcdc321597f;cycles=7;planted=3;d_b=16;m=5;gap=2;k=1,113023,false,16893,0.555,227,10,2048,23.234,227,10,false
mixed-023-2,mixed,seed=0x9f994bcdc321597f;cycles=7;planted=3;d_b=16;m=5;gap=2;k=1,113023,false,16893,0.555,227,10,4096,44.946,227,10,false
mixed-023-2,mixed,seed=0x9f994bcdc321597f;cycles=7;planted=3;d_b=16;m=5;gap=2;k=1,113023,false,16893,0.555,227,10,8192,91.028,227,10,false
mixed-023-2,mixed,seed=0x9f994bcdc321597f;cycles=7;planted=3;d_b=16;m=5;gap=2;k=1,113023,false,16893,0.555,227,10,16384,176.065,227,10,false
dec-072,dec,d_b=8;m=2;gap=1;k=1;q=0;s=5,16,false,17,0.045,10,2,1,0.013,11,10,false
dec-072,dec,d_b=8;m=2;gap=1;k=1;q=0;s=5,16,false,17,0.045,10,2,2,0.022,11,10,false
dec-072,dec,d_b=8;m=2;gap=1;k=1;q=0;s=5,16,false,17,0.045,10,2,4,0.022,11,10,false
dec-072,dec,d_b=8;m=2;gap=1;k=1;q=0;s=5,16,false,17,0.045,10,2,8,0.041,10,2,false
dec-072,dec,d_b=8;m=2;gap=1;k=1;q=0;s=5,16,false,17,0.045,10,2,16,0.077,10,2,true
dec-072,dec,d_b=8;m=2;gap=1;k=1;q=0;s=5,16,false,17,0.045,10,2,32,0.076,10,2,true
dec-072,dec,d_b=8;m=2;gap=1;k=1;q=0;s=5,16,false,17,0.045,10,2,64,0.072,10,2,true
dec-072,dec,d_b=8;m=2;gap=1;k=1;q=0;s=5,16,false,17,0.045,10,2,128,0.072,10,2,true
dec-072,dec,d_b=8;m=2;gap=1;k=1;q=0;s=5,16,false,17,0.045,10,2,256,0.069,10,2,true
dec-072,dec,d_b=8;m=2;gap=1;k=1;q=0;s=5,16,false,17,0.045,10,2,512,0.070,10,2,true
dec-072,dec,d_b=8;m=2;gap=1;k=1;q=0;s=5,16,false,17,0.045,10,2,1024,0.068,10,2,true
dec-072,dec,d_b=8;m=2;gap=1;k=1;q=0;s=5,16,false,17,0.045,10,2,2048,0.069,10,2,true
dec-072,dec,d_b=8;m=2;gap=1;k=1;q=0;s=5,16,false,17,0.045,10,2,4096,0.069,10,2,true
dec-072,dec,d_b=8;m=2;gap=1;k=1;q=0;s=5,16,false,17,0.045,10,2,8192,0.069,10,2,true
dec-072,dec,d_b=8;m=2;gap=1;k=1;q=0;s=5,16,false,17,0.045,10,2,16384,0.068,10,2,true
mixed-024-0,mixed,seed=0x4dc30c7929287eb5;cycles=8;planted=1;d_b=4;m=2;gap=1;k=2,2379944,false,228973,0.165,27,8,1,0.137,28,12,false
mixed-024-0,mixed,seed=0x4dc30c7929287eb5;cycles=8;planted=1;d_b=4;m=2;gap=1;k=2,2379944,false,228973,0.165,27,8,2,0.129,28,12,false
mixed-024-0,mixed,seed=0x4dc30c7929287eb5;cycles=8;planted=1;d_b=4;m=2;gap=1;k=2,2379944,false,228973,0.165,27,8,4,0.187,28,12,false
mixed-024-0,mixed,seed=0x4dc30c7929287eb5;cycles=8;planted=1;d_b=4;m=2;gap=1;k=2,2379944,false,228973,0.165,27,8,8,0.263,28,12,false
mixed-024-0,mixed,seed=0x4dc30c7929287eb5;cycles=8;planted=1;d_b=4;m=2;gap=1;k=2,2379944,false,228973,0.165,27,8,16,0.338,28,12,false
mixed-024-0,mixed,seed=0x4dc30c7929287eb5;cycles=8;planted=1;d_b=4;m=2;gap=1;k=2,2379944,false,228973,0.165,27,8,32,0.540,28,12,false
mixed-024-0,mixed,seed=0x4dc30c7929287eb5;cycles=8;planted=1;d_b=4;m=2;gap=1;k=2,2379944,false,228973,0.165,27,8,64,0.872,27,8,false
mixed-024-0,mixed,seed=0x4dc30c7929287eb5;cycles=8;planted=1;d_b=4;m=2;gap=1;k=2,2379944,false,228973,0.165,27,8,128,1.490,27,8,false
mixed-024-0,mixed,seed=0x4dc30c7929287eb5;cycles=8;planted=1;d_b=4;m=2;gap=1;k=2,2379944,false,228973,0.165,27,8,256,2.096,27,8,false
mixed-024-0,mixed,seed=0x4dc30c7929287eb5;cycles=8;planted=1;d_b=4;m=2;gap=1;k=2,2379944,false,228973,0.165,27,8,512,3.339,27,8,false
mixed-024-0,mixed,seed=0x4dc30c7929287eb5;cycles=8;planted=1;d_b=4;m=2;gap=1;k=2,2379944,false,228973,0.165,27,8,1024,6.063,27,8,false
mixed-024-0,mixed,seed=0x4dc30c7929287eb5;cycles=8;planted=1;d_b=4;m=2;gap=1;k=2,2379944,false,228973,0.165,27,8,2048,11.469,27,8,false
mixed-024-0,mixed,seed=0x4dc30c7929287eb5;cycles=8;planted=1;d_b=4;m=2;gap=1;k=2,2379944,false,228973,0.165,27,8,4096,22.839,27,8,false
mixed-024-0,mixed,seed=0x4dc30c7929287eb5;cycles=8;planted=1;d_b=4;m=2;gap=1;k=2,2379944,false,228973,0.165,27,8,8192,44.333,27,8,false
mixed-024-0,mixed,seed=0x4dc30c7929287eb5;cycles=8;planted=1;d_b=4;m=2;gap=1;k=2,2379944,false,228973,0.165,27,8,16384,89.490,27,8,false
dec-073,dec,d_b=8;m=2;gap=1;k=2;q=0;s=5,24,false,25,0.063,10,2,1,0.013,11,10,false
dec-073,dec,d_b=8;m=2;gap=1;k=2;q=0;s=5,24,false,25,0.063,10,2,2,0.016,11,10,false
dec-073,dec,d_b=8;m=2;gap=1;k=2;q=0;s=5,24,false,25,0.063,10,2,4,0.022,11,10,false
dec-073,dec,d_b=8;m=2;gap=1;k=2;q=0;s=5,24,false,25,0.063,10,2,8,0.039,11,10,false
dec-073,dec,d_b=8;m=2;gap=1;k=2;q=0;s=5,24,false,25,0.063,10,2,16,0.073,10,2,false
dec-073,dec,d_b=8;m=2;gap=1;k=2;q=0;s=5,24,false,25,0.063,10,2,32,0.110,10,2,true
dec-073,dec,d_b=8;m=2;gap=1;k=2;q=0;s=5,24,false,25,0.063,10,2,64,0.107,10,2,true
dec-073,dec,d_b=8;m=2;gap=1;k=2;q=0;s=5,24,false,25,0.063,10,2,128,0.103,10,2,true
dec-073,dec,d_b=8;m=2;gap=1;k=2;q=0;s=5,24,false,25,0.063,10,2,256,0.103,10,2,true
dec-073,dec,d_b=8;m=2;gap=1;k=2;q=0;s=5,24,false,25,0.063,10,2,512,0.101,10,2,true
dec-073,dec,d_b=8;m=2;gap=1;k=2;q=0;s=5,24,false,25,0.063,10,2,1024,0.103,10,2,true
dec-073,dec,d_b=8;m=2;gap=1;k=2;q=0;s=5,24,false,25,0.063,10,2,2048,0.100,10,2,true
dec-073,dec,d_b=8;m=2;gap=1;k=2;q=0;s=5,24,false,25,0.063,10,2,4096,0.102,10,2,true
dec-073,dec,d_b=8;m=2;gap=1;k=2;q=0;s=5,24,false,25,0.063,10,2,8192,0.100,10,2,true
dec-073,dec,d_b=8;m=2;gap=1;k=2;q=0;s=5,24,false,25,0.063,10,2,16384,0.103,10,2,true
mixed-024-1,mixed,seed=0xdb2148c53f9bf97b;cycles=8;planted=1;d_b=4;m=2;gap=1;k=2,810550,false,84666,0.048,9,4,1,0.032,10,8,false
mixed-024-1,mixed,seed=0xdb2148c53f9bf97b;cycles=8;planted=1;d_b=4;m=2;gap=1;k=2,810550,false,84666,0.048,9,4,2,0.046,10,8,false
mixed-024-1,mixed,seed=0xdb2148c53f9bf97b;cycles=8;planted=1;d_b=4;m=2;gap=1;k=2,810550,false,84666,0.048,9,4,4,0.043,10,8,false
mixed-024-1,mixed,seed=0xdb2148c53f9bf97b;cycles=8;planted=1;d_b=4;m=2;gap=1;k=2,810550,false,84666,0.048,9,4,8,0.075,10,8,false
mixed-024-1,mixed,seed=0xdb2148c53f9bf97b;cycles=8;planted=1;d_b=4;m=2;gap=1;k=2,810550,false,84666,0.048,9,4,16,0.140,9,4,false
mixed-024-1,mixed,seed=0xdb2148c53f9bf97b;cycles=8;planted=1;d_b=4;m=2;gap=1;k=2,810550,false,84666,0.048,9,4,32,0.249,9,4,false
mixed-024-1,mixed,seed=0xdb2148c53f9bf97b;cycles=8;planted=1;d_b=4;m=2;gap=1;k=2,810550,false,84666,0.048,9,4,64,0.541,9,4,false
mixed-024-1,mixed,seed=0xdb2148c53f9bf97b;cycles=8;planted=1;d_b=4;m=2;gap=1;k=2,810550,false,84666,0.048,9,4,128,0.785,9,4,false
mixed-024-1,mixed,seed=0xdb2148c53f9bf97b;cycles=8;planted=1;d_b=4;m=2;gap=1;k=2,810550,false,84666,0.048,9,4,256,1.232,9,4,false
mixed-024-1,mixed,seed=0xdb2148c53f9bf97b;cycles=8;planted=1;d_b=4;m=2;gap=1;k=2,810550,false,84666,0.048,9,4,512,2.130,9,4,false
mixed-024-1,mixed,seed=0xdb2148c53f9bf97b;cycles=8;planted=1;d_b=4;m=2;gap=1;k=2,810550,false,84666,0.048,9,4,1024,4.048,9,4,false
mixed-024-1,mixed,seed=0xdb2148c53f9bf97b;cycles=8;planted=1;d_b=4;m=2;gap=1;k=2,810550,false,84666,0.048,9,4,2048,8.361,9,4,false
mixed-024-1,mixed,seed=0xdb2148c53f9bf97b;cycles=8;planted=1;d_b=4;m=2;gap=1;k=2,810550,false,84666,0.048,9,4,4096,17.527,9,4,false
mixed-024-1,mixed,seed=0xdb2148c53f9bf97b;cycles=8;planted=1;d_b=4;m=2;gap=1;k=2,810550,false,84666,0.048,9,4,8192,34.681,9,4,false
mixed-024-1,mixed,seed=0xdb2148c53f9bf97b;cycles=8;planted=1;d_b=4;m=2;gap=1;k=2,810550,false,84666,0.048,9,4,16384,75.350,9,4,false
dec-074,dec,d_b=8;m=2;gap=1;k=4;q=0;s=5,40,false,41,0.089,10,2,1,0.014,11,10,false
dec-074,dec,d_b=8;m=2;gap=1;k=4;q=0;s=5,40,false,41,0.089,10,2,2,0.016,11,10,false
dec-074,dec,d_b=8;m=2;gap=1;k=4;q=0;s=5,40,false,41,0.089,10,2,4,0.022,11,10,false
dec-074,dec,d_b=8;m=2;gap=1;k=4;q=0;s=5,40,false,41,0.089,10,2,8,0.037,11,10,false
dec-074,dec,d_b=8;m=2;gap=1;k=4;q=0;s=5,40,false,41,0.089,10,2,16,0.066,11,10,false
dec-074,dec,d_b=8;m=2;gap=1;k=4;q=0;s=5,40,false,41,0.089,10,2,32,0.137,10,2,false
dec-074,dec,d_b=8;m=2;gap=1;k=4;q=0;s=5,40,false,41,0.089,10,2,64,0.176,10,2,true
dec-074,dec,d_b=8;m=2;gap=1;k=4;q=0;s=5,40,false,41,0.089,10,2,128,0.175,10,2,true
dec-074,dec,d_b=8;m=2;gap=1;k=4;q=0;s=5,40,false,41,0.089,10,2,256,0.168,10,2,true
dec-074,dec,d_b=8;m=2;gap=1;k=4;q=0;s=5,40,false,41,0.089,10,2,512,0.167,10,2,true
dec-074,dec,d_b=8;m=2;gap=1;k=4;q=0;s=5,40,false,41,0.089,10,2,1024,0.168,10,2,true
dec-074,dec,d_b=8;m=2;gap=1;k=4;q=0;s=5,40,false,41,0.089,10,2,2048,0.171,10,2,true
dec-074,dec,d_b=8;m=2;gap=1;k=4;q=0;s=5,40,false,41,0.089,10,2,4096,0.165,10,2,true
dec-074,dec,d_b=8;m=2;gap=1;k=4;q=0;s=5,40,false,41,0.089,10,2,8192,0.169,10,2,true
dec-074,dec,d_b=8;m=2;gap=1;k=4;q=0;s=5,40,false,41,0.089,10,2,16384,0.165,10,2,true
mixed-024-2,mixed,seed=0x2d7092a3bcfd2331;cycles=8;planted=1;d_b=4;m=2;gap=1;k=2,1939052,false,190447,0.084,22,10,1,0.070,23,14,false
mixed-024-2,mixed,seed=0x2d7092a3bcfd2331;cycles=8;planted=1;d_b=4;m=2;gap=1;k=2,1939052,false,190447,0.084,22,10,2,0.068,23,14,false
mixed-024-2,mixed,seed=0x2d7092a3bcfd2331;cycles=8;planted=1;d_b=4;m=2;gap=1;k=2,1939052,false,190447,0.084,22,10,4,0.067,23,14,false
mixed-024-2,mixed,seed=0x2d7092a3bcfd2331;cycles=8;planted=1;d_b=4;m=2;gap=1;k=2,1939052,false,190447,0.084,22,10,8,0.097,23,14,false
mixed-024-2,mixed,seed=0x2d7092a3bcfd2331;cycles=8;planted=1;d_b=4;m=2;gap=1;k=2,1939052,false,190447,0.084,22,10,16,0.151,23,14,false
mixed-024-2,mixed,seed=0x2d7092a3bcfd2331;cycles=8;planted=1;d_b=4;m=2;gap=1;k=2,1939052,false,190447,0.084,22,10,32,0.262,22,10,false
mixed-024-2,mixed,seed=0x2d7092a3bcfd2331;cycles=8;planted=1;d_b=4;m=2;gap=1;k=2,1939052,false,190447,0.084,22,10,64,0.465,22,10,false
mixed-024-2,mixed,seed=0x2d7092a3bcfd2331;cycles=8;planted=1;d_b=4;m=2;gap=1;k=2,1939052,false,190447,0.084,22,10,128,0.872,22,10,false
mixed-024-2,mixed,seed=0x2d7092a3bcfd2331;cycles=8;planted=1;d_b=4;m=2;gap=1;k=2,1939052,false,190447,0.084,22,10,256,1.444,22,10,false
mixed-024-2,mixed,seed=0x2d7092a3bcfd2331;cycles=8;planted=1;d_b=4;m=2;gap=1;k=2,1939052,false,190447,0.084,22,10,512,2.574,22,10,false
mixed-024-2,mixed,seed=0x2d7092a3bcfd2331;cycles=8;planted=1;d_b=4;m=2;gap=1;k=2,1939052,false,190447,0.084,22,10,1024,4.830,22,10,false
mixed-024-2,mixed,seed=0x2d7092a3bcfd2331;cycles=8;planted=1;d_b=4;m=2;gap=1;k=2,1939052,false,190447,0.084,22,10,2048,9.872,22,10,false
mixed-024-2,mixed,seed=0x2d7092a3bcfd2331;cycles=8;planted=1;d_b=4;m=2;gap=1;k=2,1939052,false,190447,0.084,22,10,4096,20.272,22,10,false
mixed-024-2,mixed,seed=0x2d7092a3bcfd2331;cycles=8;planted=1;d_b=4;m=2;gap=1;k=2,1939052,false,190447,0.084,22,10,8192,42.970,22,10,false
mixed-024-2,mixed,seed=0x2d7092a3bcfd2331;cycles=8;planted=1;d_b=4;m=2;gap=1;k=2,1939052,false,190447,0.084,22,10,16384,87.235,22,10,false
dec-075,dec,d_b=8;m=2;gap=3;k=1;q=0;s=6,16,false,17,0.042,10,2,1,0.012,13,12,false
dec-075,dec,d_b=8;m=2;gap=3;k=1;q=0;s=6,16,false,17,0.042,10,2,2,0.017,13,12,false
dec-075,dec,d_b=8;m=2;gap=3;k=1;q=0;s=6,16,false,17,0.042,10,2,4,0.023,13,12,false
dec-075,dec,d_b=8;m=2;gap=3;k=1;q=0;s=6,16,false,17,0.042,10,2,8,0.043,10,2,false
dec-075,dec,d_b=8;m=2;gap=3;k=1;q=0;s=6,16,false,17,0.042,10,2,16,0.081,10,2,true
dec-075,dec,d_b=8;m=2;gap=3;k=1;q=0;s=6,16,false,17,0.042,10,2,32,0.078,10,2,true
dec-075,dec,d_b=8;m=2;gap=3;k=1;q=0;s=6,16,false,17,0.042,10,2,64,0.076,10,2,true
dec-075,dec,d_b=8;m=2;gap=3;k=1;q=0;s=6,16,false,17,0.042,10,2,128,0.075,10,2,true
dec-075,dec,d_b=8;m=2;gap=3;k=1;q=0;s=6,16,false,17,0.042,10,2,256,0.073,10,2,true
dec-075,dec,d_b=8;m=2;gap=3;k=1;q=0;s=6,16,false,17,0.042,10,2,512,0.073,10,2,true
dec-075,dec,d_b=8;m=2;gap=3;k=1;q=0;s=6,16,false,17,0.042,10,2,1024,0.072,10,2,true
dec-075,dec,d_b=8;m=2;gap=3;k=1;q=0;s=6,16,false,17,0.042,10,2,2048,0.073,10,2,true
dec-075,dec,d_b=8;m=2;gap=3;k=1;q=0;s=6,16,false,17,0.042,10,2,4096,0.071,10,2,true
dec-075,dec,d_b=8;m=2;gap=3;k=1;q=0;s=6,16,false,17,0.042,10,2,8192,0.072,10,2,true
dec-075,dec,d_b=8;m=2;gap=3;k=1;q=0;s=6,16,false,17,0.042,10,2,16384,0.072,10,2,true
mixed-025-0,mixed,seed=0x1a6e8540bd0e44b3;cycles=8;planted=1;d_b=8;m=3;gap=2;k=2,810568,false,84719,0.146,36,6,1,0.122,39,24,false
mixed-025-0,mixed,seed=0x1a6e8540bd0e44b3;cycles=8;planted=1;d_b=8;m=3;gap=2;k=2,810568,false,84719,0.146,36,6,2,0.127,39,24,false
mixed-025-0,mixed,seed=0x1a6e8540bd0e44b3;cycles=8;planted=1;d_b=8;m=3;gap=2;k=2,810568,false,84719,0.146,36,6,4,0.141,39,24,false
mixed-025-0,mixed,seed=0x1a6e8540bd0e44b3;cycles=8;planted=1;d_b=8;m=3;gap=2;k=2,810568,false,84719,0.146,36,6,8,0.183,39,24,false
mixed-025-0,mixed,seed=0x1a6e8540bd0e44b3;cycles=8;planted=1;d_b=8;m=3;gap=2;k=2,810568,false,84719,0.146,36,6,16,0.337,39,24,false
mixed-025-0,mixed,seed=0x1a6e8540bd0e44b3;cycles=8;planted=1;d_b=8;m=3;gap=2;k=2,810568,false,84719,0.146,36,6,32,0.692,36,6,false
mixed-025-0,mixed,seed=0x1a6e8540bd0e44b3;cycles=8;planted=1;d_b=8;m=3;gap=2;k=2,810568,false,84719,0.146,36,6,64,1.394,36,6,false
mixed-025-0,mixed,seed=0x1a6e8540bd0e44b3;cycles=8;planted=1;d_b=8;m=3;gap=2;k=2,810568,false,84719,0.146,36,6,128,2.425,36,6,false
mixed-025-0,mixed,seed=0x1a6e8540bd0e44b3;cycles=8;planted=1;d_b=8;m=3;gap=2;k=2,810568,false,84719,0.146,36,6,256,4.613,36,6,false
mixed-025-0,mixed,seed=0x1a6e8540bd0e44b3;cycles=8;planted=1;d_b=8;m=3;gap=2;k=2,810568,false,84719,0.146,36,6,512,8.434,36,6,false
mixed-025-0,mixed,seed=0x1a6e8540bd0e44b3;cycles=8;planted=1;d_b=8;m=3;gap=2;k=2,810568,false,84719,0.146,36,6,1024,16.548,36,6,false
mixed-025-0,mixed,seed=0x1a6e8540bd0e44b3;cycles=8;planted=1;d_b=8;m=3;gap=2;k=2,810568,false,84719,0.146,36,6,2048,32.031,36,6,false
mixed-025-0,mixed,seed=0x1a6e8540bd0e44b3;cycles=8;planted=1;d_b=8;m=3;gap=2;k=2,810568,false,84719,0.146,36,6,4096,65.583,36,6,false
mixed-025-0,mixed,seed=0x1a6e8540bd0e44b3;cycles=8;planted=1;d_b=8;m=3;gap=2;k=2,810568,false,84719,0.146,36,6,8192,126.651,36,6,false
mixed-025-0,mixed,seed=0x1a6e8540bd0e44b3;cycles=8;planted=1;d_b=8;m=3;gap=2;k=2,810568,false,84719,0.146,36,6,16384,260.440,36,6,false
dec-076,dec,d_b=8;m=2;gap=3;k=2;q=0;s=6,24,false,25,0.057,10,2,1,0.016,13,12,false
dec-076,dec,d_b=8;m=2;gap=3;k=2;q=0;s=6,24,false,25,0.057,10,2,2,0.023,13,12,false
dec-076,dec,d_b=8;m=2;gap=3;k=2;q=0;s=6,24,false,25,0.057,10,2,4,0.028,13,12,false
dec-076,dec,d_b=8;m=2;gap=3;k=2;q=0;s=6,24,false,25,0.057,10,2,8,0.046,13,12,false
dec-076,dec,d_b=8;m=2;gap=3;k=2;q=0;s=6,24,false,25,0.057,10,2,16,0.080,10,2,false
dec-076,dec,d_b=8;m=2;gap=3;k=2;q=0;s=6,24,false,25,0.057,10,2,32,0.200,10,2,true
dec-076,dec,d_b=8;m=2;gap=3;k=2;q=0;s=6,24,false,25,0.057,10,2,64,0.117,10,2,true
dec-076,dec,d_b=8;m=2;gap=3;k=2;q=0;s=6,24,false,25,0.057,10,2,128,0.122,10,2,true
dec-076,dec,d_b=8;m=2;gap=3;k=2;q=0;s=6,24,false,25,0.057,10,2,256,0.112,10,2,true
dec-076,dec,d_b=8;m=2;gap=3;k=2;q=0;s=6,24,false,25,0.057,10,2,512,0.114,10,2,true
dec-076,dec,d_b=8;m=2;gap=3;k=2;q=0;s=6,24,false,25,0.057,10,2,1024,0.108,10,2,true
dec-076,dec,d_b=8;m=2;gap=3;k=2;q=0;s=6,24,false,25,0.057,10,2,2048,0.109,10,2,true
dec-076,dec,d_b=8;m=2;gap=3;k=2;q=0;s=6,24,false,25,0.057,10,2,4096,0.113,10,2,true
dec-076,dec,d_b=8;m=2;gap=3;k=2;q=0;s=6,24,false,25,0.057,10,2,8192,0.107,10,2,true
dec-076,dec,d_b=8;m=2;gap=3;k=2;q=0;s=6,24,false,25,0.057,10,2,16384,0.110,10,2,true
mixed-025-1,mixed,seed=0xeb2b10d8259f7d44;cycles=8;planted=1;d_b=8;m=3;gap=2;k=2,810562,false,84679,0.096,21,4,1,0.036,24,22,false
mixed-025-1,mixed,seed=0xeb2b10d8259f7d44;cycles=8;planted=1;d_b=8;m=3;gap=2;k=2,810562,false,84679,0.096,21,4,2,0.047,24,22,false
mixed-025-1,mixed,seed=0xeb2b10d8259f7d44;cycles=8;planted=1;d_b=8;m=3;gap=2;k=2,810562,false,84679,0.096,21,4,4,0.057,24,22,false
mixed-025-1,mixed,seed=0xeb2b10d8259f7d44;cycles=8;planted=1;d_b=8;m=3;gap=2;k=2,810562,false,84679,0.096,21,4,8,0.094,24,22,false
mixed-025-1,mixed,seed=0xeb2b10d8259f7d44;cycles=8;planted=1;d_b=8;m=3;gap=2;k=2,810562,false,84679,0.096,21,4,16,0.155,24,22,false
mixed-025-1,mixed,seed=0xeb2b10d8259f7d44;cycles=8;planted=1;d_b=8;m=3;gap=2;k=2,810562,false,84679,0.096,21,4,32,0.287,21,4,false
mixed-025-1,mixed,seed=0xeb2b10d8259f7d44;cycles=8;planted=1;d_b=8;m=3;gap=2;k=2,810562,false,84679,0.096,21,4,64,0.566,21,4,false
mixed-025-1,mixed,seed=0xeb2b10d8259f7d44;cycles=8;planted=1;d_b=8;m=3;gap=2;k=2,810562,false,84679,0.096,21,4,128,0.865,21,4,false
mixed-025-1,mixed,seed=0xeb2b10d8259f7d44;cycles=8;planted=1;d_b=8;m=3;gap=2;k=2,810562,false,84679,0.096,21,4,256,1.321,21,4,false
mixed-025-1,mixed,seed=0xeb2b10d8259f7d44;cycles=8;planted=1;d_b=8;m=3;gap=2;k=2,810562,false,84679,0.096,21,4,512,2.235,21,4,false
mixed-025-1,mixed,seed=0xeb2b10d8259f7d44;cycles=8;planted=1;d_b=8;m=3;gap=2;k=2,810562,false,84679,0.096,21,4,1024,4.194,21,4,false
mixed-025-1,mixed,seed=0xeb2b10d8259f7d44;cycles=8;planted=1;d_b=8;m=3;gap=2;k=2,810562,false,84679,0.096,21,4,2048,8.437,21,4,false
mixed-025-1,mixed,seed=0xeb2b10d8259f7d44;cycles=8;planted=1;d_b=8;m=3;gap=2;k=2,810562,false,84679,0.096,21,4,4096,17.698,21,4,false
mixed-025-1,mixed,seed=0xeb2b10d8259f7d44;cycles=8;planted=1;d_b=8;m=3;gap=2;k=2,810562,false,84679,0.096,21,4,8192,35.543,21,4,false
mixed-025-1,mixed,seed=0xeb2b10d8259f7d44;cycles=8;planted=1;d_b=8;m=3;gap=2;k=2,810562,false,84679,0.096,21,4,16384,70.605,21,4,false
dec-077,dec,d_b=8;m=2;gap=3;k=4;q=0;s=6,40,false,41,0.075,10,2,1,0.016,13,12,false
dec-077,dec,d_b=8;m=2;gap=3;k=4;q=0;s=6,40,false,41,0.075,10,2,2,0.016,13,12,false
dec-077,dec,d_b=8;m=2;gap=3;k=4;q=0;s=6,40,false,41,0.075,10,2,4,0.024,13,12,false
dec-077,dec,d_b=8;m=2;gap=3;k=4;q=0;s=6,40,false,41,0.075,10,2,8,0.040,13,12,false
dec-077,dec,d_b=8;m=2;gap=3;k=4;q=0;s=6,40,false,41,0.075,10,2,16,0.077,10,2,false
dec-077,dec,d_b=8;m=2;gap=3;k=4;q=0;s=6,40,false,41,0.075,10,2,32,0.150,10,2,false
dec-077,dec,d_b=8;m=2;gap=3;k=4;q=0;s=6,40,false,41,0.075,10,2,64,0.192,10,2,true
dec-077,dec,d_b=8;m=2;gap=3;k=4;q=0;s=6,40,false,41,0.075,10,2,128,0.189,10,2,true
dec-077,dec,d_b=8;m=2;gap=3;k=4;q=0;s=6,40,false,41,0.075,10,2,256,0.184,10,2,true
dec-077,dec,d_b=8;m=2;gap=3;k=4;q=0;s=6,40,false,41,0.075,10,2,512,0.184,10,2,true
dec-077,dec,d_b=8;m=2;gap=3;k=4;q=0;s=6,40,false,41,0.075,10,2,1024,0.188,10,2,true
dec-077,dec,d_b=8;m=2;gap=3;k=4;q=0;s=6,40,false,41,0.075,10,2,2048,0.182,10,2,true
dec-077,dec,d_b=8;m=2;gap=3;k=4;q=0;s=6,40,false,41,0.075,10,2,4096,0.180,10,2,true
dec-077,dec,d_b=8;m=2;gap=3;k=4;q=0;s=6,40,false,41,0.075,10,2,8192,0.181,10,2,true
dec-077,dec,d_b=8;m=2;gap=3;k=4;q=0;s=6,40,false,41,0.075,10,2,16384,0.181,10,2,true
mixed-025-2,mixed,seed=0x6cd8c59b64c072d0;cycles=8;planted=1;d_b=8;m=3;gap=2;k=2,810566,false,84714,0.142,35,6,1,0.090,38,24,false
mixed-025-2,mixed,seed=0x6cd8c59b64c072d0;cycles=8;planted=1;d_b=8;m=3;gap=2;k=2,810566,false,84714,0.142,35,6,2,0.113,38,24,false
mixed-025-2,mixed,seed=0x6cd8c59b64c072d0;cycles=8;planted=1;d_b=8;m=3;gap=2;k=2,810566,false,84714,0.142,35,6,4,0.121,38,24,false
mixed-025-2,mixed,seed=0x6cd8c59b64c072d0;cycles=8;planted=1;d_b=8;m=3;gap=2;k=2,810566,false,84714,0.142,35,6,8,0.185,38,24,false
mixed-025-2,mixed,seed=0x6cd8c59b64c072d0;cycles=8;planted=1;d_b=8;m=3;gap=2;k=2,810566,false,84714,0.142,35,6,16,0.302,38,24,false
mixed-025-2,mixed,seed=0x6cd8c59b64c072d0;cycles=8;planted=1;d_b=8;m=3;gap=2;k=2,810566,false,84714,0.142,35,6,32,0.549,35,6,false
mixed-025-2,mixed,seed=0x6cd8c59b64c072d0;cycles=8;planted=1;d_b=8;m=3;gap=2;k=2,810566,false,84714,0.142,35,6,64,1.052,35,6,false
mixed-025-2,mixed,seed=0x6cd8c59b64c072d0;cycles=8;planted=1;d_b=8;m=3;gap=2;k=2,810566,false,84714,0.142,35,6,128,1.850,35,6,false
mixed-025-2,mixed,seed=0x6cd8c59b64c072d0;cycles=8;planted=1;d_b=8;m=3;gap=2;k=2,810566,false,84714,0.142,35,6,256,3.230,35,6,false
mixed-025-2,mixed,seed=0x6cd8c59b64c072d0;cycles=8;planted=1;d_b=8;m=3;gap=2;k=2,810566,false,84714,0.142,35,6,512,6.034,35,6,false
mixed-025-2,mixed,seed=0x6cd8c59b64c072d0;cycles=8;planted=1;d_b=8;m=3;gap=2;k=2,810566,false,84714,0.142,35,6,1024,11.507,35,6,false
mixed-025-2,mixed,seed=0x6cd8c59b64c072d0;cycles=8;planted=1;d_b=8;m=3;gap=2;k=2,810566,false,84714,0.142,35,6,2048,22.783,35,6,false
mixed-025-2,mixed,seed=0x6cd8c59b64c072d0;cycles=8;planted=1;d_b=8;m=3;gap=2;k=2,810566,false,84714,0.142,35,6,4096,46.485,35,6,false
mixed-025-2,mixed,seed=0x6cd8c59b64c072d0;cycles=8;planted=1;d_b=8;m=3;gap=2;k=2,810566,false,84714,0.142,35,6,8192,92.318,35,6,false
mixed-025-2,mixed,seed=0x6cd8c59b64c072d0;cycles=8;planted=1;d_b=8;m=3;gap=2;k=2,810566,false,84714,0.142,35,6,16384,186.862,35,6,false
dec-078,dec,d_b=8;m=2;gap=7;k=1;q=0;s=8,16,false,17,0.046,10,2,1,0.017,17,16,false
dec-078,dec,d_b=8;m=2;gap=7;k=1;q=0;s=8,16,false,17,0.046,10,2,2,0.025,10,2,false
dec-078,dec,d_b=8;m=2;gap=7;k=1;q=0;s=8,16,false,17,0.046,10,2,4,0.033,10,2,false
dec-078,dec,d_b=8;m=2;gap=7;k=1;q=0;s=8,16,false,17,0.046,10,2,8,0.046,10,2,false
dec-078,dec,d_b=8;m=2;gap=7;k=1;q=0;s=8,16,false,17,0.046,10,2,16,0.088,10,2,true
dec-078,dec,d_b=8;m=2;gap=7;k=1;q=0;s=8,16,false,17,0.046,10,2,32,0.085,10,2,true
dec-078,dec,d_b=8;m=2;gap=7;k=1;q=0;s=8,16,false,17,0.046,10,2,64,0.082,10,2,true
dec-078,dec,d_b=8;m=2;gap=7;k=1;q=0;s=8,16,false,17,0.046,10,2,128,0.081,10,2,true
dec-078,dec,d_b=8;m=2;gap=7;k=1;q=0;s=8,16,false,17,0.046,10,2,256,0.079,10,2,true
dec-078,dec,d_b=8;m=2;gap=7;k=1;q=0;s=8,16,false,17,0.046,10,2,512,0.079,10,2,true
dec-078,dec,d_b=8;m=2;gap=7;k=1;q=0;s=8,16,false,17,0.046,10,2,1024,0.079,10,2,true
dec-078,dec,d_b=8;m=2;gap=7;k=1;q=0;s=8,16,false,17,0.046,10,2,2048,0.079,10,2,true
dec-078,dec,d_b=8;m=2;gap=7;k=1;q=0;s=8,16,false,17,0.046,10,2,4096,0.078,10,2,true
dec-078,dec,d_b=8;m=2;gap=7;k=1;q=0;s=8,16,false,17,0.046,10,2,8192,0.079,10,2,true
dec-078,dec,d_b=8;m=2;gap=7;k=1;q=0;s=8,16,false,17,0.046,10,2,16384,0.078,10,2,true
mixed-026-0,mixed,seed=0x0d34ce020c164f1d;cycles=8;planted=1;d_b=12;m=2;gap=6;k=4,2670061,false,251870,0.194,24,10,1,0.103,31,28,false
mixed-026-0,mixed,seed=0x0d34ce020c164f1d;cycles=8;planted=1;d_b=12;m=2;gap=6;k=4,2670061,false,251870,0.194,24,10,2,0.106,31,28,false
mixed-026-0,mixed,seed=0x0d34ce020c164f1d;cycles=8;planted=1;d_b=12;m=2;gap=6;k=4,2670061,false,251870,0.194,24,10,4,0.155,31,28,false
mixed-026-0,mixed,seed=0x0d34ce020c164f1d;cycles=8;planted=1;d_b=12;m=2;gap=6;k=4,2670061,false,251870,0.194,24,10,8,0.199,31,28,false
mixed-026-0,mixed,seed=0x0d34ce020c164f1d;cycles=8;planted=1;d_b=12;m=2;gap=6;k=4,2670061,false,251870,0.194,24,10,16,0.293,31,28,false
mixed-026-0,mixed,seed=0x0d34ce020c164f1d;cycles=8;planted=1;d_b=12;m=2;gap=6;k=4,2670061,false,251870,0.194,24,10,32,0.460,31,28,false
mixed-026-0,mixed,seed=0x0d34ce020c164f1d;cycles=8;planted=1;d_b=12;m=2;gap=6;k=4,2670061,false,251870,0.194,24,10,64,0.747,31,28,false
mixed-026-0,mixed,seed=0x0d34ce020c164f1d;cycles=8;planted=1;d_b=12;m=2;gap=6;k=4,2670061,false,251870,0.194,24,10,128,1.152,31,28,false
mixed-026-0,mixed,seed=0x0d34ce020c164f1d;cycles=8;planted=1;d_b=12;m=2;gap=6;k=4,2670061,false,251870,0.194,24,10,256,1.823,31,28,false
mixed-026-0,mixed,seed=0x0d34ce020c164f1d;cycles=8;planted=1;d_b=12;m=2;gap=6;k=4,2670061,false,251870,0.194,24,10,512,3.059,24,10,false
mixed-026-0,mixed,seed=0x0d34ce020c164f1d;cycles=8;planted=1;d_b=12;m=2;gap=6;k=4,2670061,false,251870,0.194,24,10,1024,5.503,24,10,false
mixed-026-0,mixed,seed=0x0d34ce020c164f1d;cycles=8;planted=1;d_b=12;m=2;gap=6;k=4,2670061,false,251870,0.194,24,10,2048,10.252,24,10,false
mixed-026-0,mixed,seed=0x0d34ce020c164f1d;cycles=8;planted=1;d_b=12;m=2;gap=6;k=4,2670061,false,251870,0.194,24,10,4096,20.514,24,10,false
mixed-026-0,mixed,seed=0x0d34ce020c164f1d;cycles=8;planted=1;d_b=12;m=2;gap=6;k=4,2670061,false,251870,0.194,24,10,8192,39.137,24,10,false
mixed-026-0,mixed,seed=0x0d34ce020c164f1d;cycles=8;planted=1;d_b=12;m=2;gap=6;k=4,2670061,false,251870,0.194,24,10,16384,76.478,24,10,false
dec-079,dec,d_b=8;m=2;gap=7;k=2;q=0;s=8,24,false,25,0.051,10,2,1,0.013,17,16,false
dec-079,dec,d_b=8;m=2;gap=7;k=2;q=0;s=8,24,false,25,0.051,10,2,2,0.018,17,16,false
dec-079,dec,d_b=8;m=2;gap=7;k=2;q=0;s=8,24,false,25,0.051,10,2,4,0.034,10,2,false
dec-079,dec,d_b=8;m=2;gap=7;k=2;q=0;s=8,24,false,25,0.051,10,2,8,0.054,10,2,false
dec-079,dec,d_b=8;m=2;gap=7;k=2;q=0;s=8,24,false,25,0.051,10,2,16,0.086,10,2,false
dec-079,dec,d_b=8;m=2;gap=7;k=2;q=0;s=8,24,false,25,0.051,10,2,32,0.129,10,2,true
dec-079,dec,d_b=8;m=2;gap=7;k=2;q=0;s=8,24,false,25,0.051,10,2,64,0.124,10,2,true
dec-079,dec,d_b=8;m=2;gap=7;k=2;q=0;s=8,24,false,25,0.051,10,2,128,0.123,10,2,true
dec-079,dec,d_b=8;m=2;gap=7;k=2;q=0;s=8,24,false,25,0.051,10,2,256,0.121,10,2,true
dec-079,dec,d_b=8;m=2;gap=7;k=2;q=0;s=8,24,false,25,0.051,10,2,512,0.122,10,2,true
dec-079,dec,d_b=8;m=2;gap=7;k=2;q=0;s=8,24,false,25,0.051,10,2,1024,0.120,10,2,true
dec-079,dec,d_b=8;m=2;gap=7;k=2;q=0;s=8,24,false,25,0.051,10,2,2048,0.119,10,2,true
dec-079,dec,d_b=8;m=2;gap=7;k=2;q=0;s=8,24,false,25,0.051,10,2,4096,0.119,10,2,true
dec-079,dec,d_b=8;m=2;gap=7;k=2;q=0;s=8,24,false,25,0.051,10,2,8192,0.125,10,2,true
dec-079,dec,d_b=8;m=2;gap=7;k=2;q=0;s=8,24,false,25,0.051,10,2,16384,0.119,10,2,true
mixed-026-1,mixed,seed=0x4b2d5425dbfe78d4;cycles=8;planted=1;d_b=12;m=2;gap=6;k=4,1504832,false,152480,0.176,46,8,1,0.096,53,26,false
mixed-026-1,mixed,seed=0x4b2d5425dbfe78d4;cycles=8;planted=1;d_b=12;m=2;gap=6;k=4,1504832,false,152480,0.176,46,8,2,0.092,53,26,false
mixed-026-1,mixed,seed=0x4b2d5425dbfe78d4;cycles=8;planted=1;d_b=12;m=2;gap=6;k=4,1504832,false,152480,0.176,46,8,4,0.108,53,26,false
mixed-026-1,mixed,seed=0x4b2d5425dbfe78d4;cycles=8;planted=1;d_b=12;m=2;gap=6;k=4,1504832,false,152480,0.176,46,8,8,0.129,53,26,false
mixed-026-1,mixed,seed=0x4b2d5425dbfe78d4;cycles=8;planted=1;d_b=12;m=2;gap=6;k=4,1504832,false,152480,0.176,46,8,16,0.182,53,26,false
mixed-026-1,mixed,seed=0x4b2d5425dbfe78d4;cycles=8;planted=1;d_b=12;m=2;gap=6;k=4,1504832,false,152480,0.176,46,8,32,0.352,46,8,false
mixed-026-1,mixed,seed=0x4b2d5425dbfe78d4;cycles=8;planted=1;d_b=12;m=2;gap=6;k=4,1504832,false,152480,0.176,46,8,64,0.664,46,8,false
mixed-026-1,mixed,seed=0x4b2d5425dbfe78d4;cycles=8;planted=1;d_b=12;m=2;gap=6;k=4,1504832,false,152480,0.176,46,8,128,1.539,46,8,false
mixed-026-1,mixed,seed=0x4b2d5425dbfe78d4;cycles=8;planted=1;d_b=12;m=2;gap=6;k=4,1504832,false,152480,0.176,46,8,256,2.995,46,8,false
mixed-026-1,mixed,seed=0x4b2d5425dbfe78d4;cycles=8;planted=1;d_b=12;m=2;gap=6;k=4,1504832,false,152480,0.176,46,8,512,5.787,46,8,false
mixed-026-1,mixed,seed=0x4b2d5425dbfe78d4;cycles=8;planted=1;d_b=12;m=2;gap=6;k=4,1504832,false,152480,0.176,46,8,1024,11.302,46,8,false
mixed-026-1,mixed,seed=0x4b2d5425dbfe78d4;cycles=8;planted=1;d_b=12;m=2;gap=6;k=4,1504832,false,152480,0.176,46,8,2048,22.526,46,8,false
mixed-026-1,mixed,seed=0x4b2d5425dbfe78d4;cycles=8;planted=1;d_b=12;m=2;gap=6;k=4,1504832,false,152480,0.176,46,8,4096,46.301,46,8,false
mixed-026-1,mixed,seed=0x4b2d5425dbfe78d4;cycles=8;planted=1;d_b=12;m=2;gap=6;k=4,1504832,false,152480,0.176,46,8,8192,93.146,46,8,false
mixed-026-1,mixed,seed=0x4b2d5425dbfe78d4;cycles=8;planted=1;d_b=12;m=2;gap=6;k=4,1504832,false,152480,0.176,46,8,16384,187.799,46,8,false
dec-080,dec,d_b=8;m=2;gap=7;k=4;q=0;s=8,40,false,41,0.061,10,2,1,0.021,17,16,false
dec-080,dec,d_b=8;m=2;gap=7;k=4;q=0;s=8,40,false,41,0.061,10,2,2,0.019,17,16,false
dec-080,dec,d_b=8;m=2;gap=7;k=4;q=0;s=8,40,false,41,0.061,10,2,4,0.028,17,16,false
dec-080,dec,d_b=8;m=2;gap=7;k=4;q=0;s=8,40,false,41,0.061,10,2,8,0.057,10,2,false
dec-080,dec,d_b=8;m=2;gap=7;k=4;q=0;s=8,40,false,41,0.061,10,2,16,0.092,10,2,false
dec-080,dec,d_b=8;m=2;gap=7;k=4;q=0;s=8,40,false,41,0.061,10,2,32,0.165,10,2,false
dec-080,dec,d_b=8;m=2;gap=7;k=4;q=0;s=8,40,false,41,0.061,10,2,64,0.215,10,2,true
dec-080,dec,d_b=8;m=2;gap=7;k=4;q=0;s=8,40,false,41,0.061,10,2,128,0.208,10,2,true
dec-080,dec,d_b=8;m=2;gap=7;k=4;q=0;s=8,40,false,41,0.061,10,2,256,0.207,10,2,true
dec-080,dec,d_b=8;m=2;gap=7;k=4;q=0;s=8,40,false,41,0.061,10,2,512,0.210,10,2,true
dec-080,dec,d_b=8;m=2;gap=7;k=4;q=0;s=8,40,false,41,0.061,10,2,1024,0.205,10,2,true
dec-080,dec,d_b=8;m=2;gap=7;k=4;q=0;s=8,40,false,41,0.061,10,2,2048,0.206,10,2,true
dec-080,dec,d_b=8;m=2;gap=7;k=4;q=0;s=8,40,false,41,0.061,10,2,4096,0.206,10,2,true
dec-080,dec,d_b=8;m=2;gap=7;k=4;q=0;s=8,40,false,41,0.061,10,2,8192,0.206,10,2,true
dec-080,dec,d_b=8;m=2;gap=7;k=4;q=0;s=8,40,false,41,0.061,10,2,16384,0.205,10,2,true
mixed-026-2,mixed,seed=0x195afdffdaa88f0c;cycles=8;planted=1;d_b=12;m=2;gap=6;k=4,1501075,false,152229,0.193,33,6,1,0.118,40,24,false
mixed-026-2,mixed,seed=0x195afdffdaa88f0c;cycles=8;planted=1;d_b=12;m=2;gap=6;k=4,1501075,false,152229,0.193,33,6,2,0.126,40,24,false
mixed-026-2,mixed,seed=0x195afdffdaa88f0c;cycles=8;planted=1;d_b=12;m=2;gap=6;k=4,1501075,false,152229,0.193,33,6,4,0.154,40,24,false
mixed-026-2,mixed,seed=0x195afdffdaa88f0c;cycles=8;planted=1;d_b=12;m=2;gap=6;k=4,1501075,false,152229,0.193,33,6,8,0.198,40,24,false
mixed-026-2,mixed,seed=0x195afdffdaa88f0c;cycles=8;planted=1;d_b=12;m=2;gap=6;k=4,1501075,false,152229,0.193,33,6,16,0.287,40,24,false
mixed-026-2,mixed,seed=0x195afdffdaa88f0c;cycles=8;planted=1;d_b=12;m=2;gap=6;k=4,1501075,false,152229,0.193,33,6,32,0.485,40,24,false
mixed-026-2,mixed,seed=0x195afdffdaa88f0c;cycles=8;planted=1;d_b=12;m=2;gap=6;k=4,1501075,false,152229,0.193,33,6,64,0.799,40,24,false
mixed-026-2,mixed,seed=0x195afdffdaa88f0c;cycles=8;planted=1;d_b=12;m=2;gap=6;k=4,1501075,false,152229,0.193,33,6,128,1.181,40,24,false
mixed-026-2,mixed,seed=0x195afdffdaa88f0c;cycles=8;planted=1;d_b=12;m=2;gap=6;k=4,1501075,false,152229,0.193,33,6,256,1.817,33,6,false
mixed-026-2,mixed,seed=0x195afdffdaa88f0c;cycles=8;planted=1;d_b=12;m=2;gap=6;k=4,1501075,false,152229,0.193,33,6,512,3.041,33,6,false
mixed-026-2,mixed,seed=0x195afdffdaa88f0c;cycles=8;planted=1;d_b=12;m=2;gap=6;k=4,1501075,false,152229,0.193,33,6,1024,5.523,33,6,false
mixed-026-2,mixed,seed=0x195afdffdaa88f0c;cycles=8;planted=1;d_b=12;m=2;gap=6;k=4,1501075,false,152229,0.193,33,6,2048,10.478,33,6,false
mixed-026-2,mixed,seed=0x195afdffdaa88f0c;cycles=8;planted=1;d_b=12;m=2;gap=6;k=4,1501075,false,152229,0.193,33,6,4096,20.800,33,6,false
mixed-026-2,mixed,seed=0x195afdffdaa88f0c;cycles=8;planted=1;d_b=12;m=2;gap=6;k=4,1501075,false,152229,0.193,33,6,8192,39.560,33,6,false
mixed-026-2,mixed,seed=0x195afdffdaa88f0c;cycles=8;planted=1;d_b=12;m=2;gap=6;k=4,1501075,false,152229,0.193,33,6,16384,77.449,33,6,false
dec-081,dec,d_b=8;m=3;gap=1;k=1;q=1;s=9,16,false,18,0.056,18,2,1,0.015,19,18,false
dec-081,dec,d_b=8;m=3;gap=1;k=1;q=1;s=9,16,false,18,0.056,18,2,2,0.020,19,18,false
dec-081,dec,d_b=8;m=3;gap=1;k=1;q=1;s=9,16,false,18,0.056,18,2,4,0.029,19,18,false
dec-081,dec,d_b=8;m=3;gap=1;k=1;q=1;s=9,16,false,18,0.056,18,2,8,0.049,18,2,false
dec-081,dec,d_b=8;m=3;gap=1;k=1;q=1;s=9,16,false,18,0.056,18,2,16,0.116,18,2,true
dec-081,dec,d_b=8;m=3;gap=1;k=1;q=1;s=9,16,false,18,0.056,18,2,32,0.090,18,2,true
dec-081,dec,d_b=8;m=3;gap=1;k=1;q=1;s=9,16,false,18,0.056,18,2,64,0.086,18,2,true
dec-081,dec,d_b=8;m=3;gap=1;k=1;q=1;s=9,16,false,18,0.056,18,2,128,0.085,18,2,true
dec-081,dec,d_b=8;m=3;gap=1;k=1;q=1;s=9,16,false,18,0.056,18,2,256,0.084,18,2,true
dec-081,dec,d_b=8;m=3;gap=1;k=1;q=1;s=9,16,false,18,0.056,18,2,512,0.084,18,2,true
dec-081,dec,d_b=8;m=3;gap=1;k=1;q=1;s=9,16,false,18,0.056,18,2,1024,0.083,18,2,true
dec-081,dec,d_b=8;m=3;gap=1;k=1;q=1;s=9,16,false,18,0.056,18,2,2048,0.084,18,2,true
dec-081,dec,d_b=8;m=3;gap=1;k=1;q=1;s=9,16,false,18,0.056,18,2,4096,0.083,18,2,true
dec-081,dec,d_b=8;m=3;gap=1;k=1;q=1;s=9,16,false,18,0.056,18,2,8192,0.083,18,2,true
dec-081,dec,d_b=8;m=3;gap=1;k=1;q=1;s=9,16,false,18,0.056,18,2,16384,0.082,18,2,true
mixed-027-0,mixed,seed=0x4ca2ad15a90d3f32;cycles=8;planted=1;d_b=16;m=5;gap=2;k=1,2093872,false,206243,0.231,81,8,1,0.105,84,74,false
mixed-027-0,mixed,seed=0x4ca2ad15a90d3f32;cycles=8;planted=1;d_b=16;m=5;gap=2;k=1,2093872,false,206243,0.231,81,8,2,0.109,84,74,false
mixed-027-0,mixed,seed=0x4ca2ad15a90d3f32;cycles=8;planted=1;d_b=16;m=5;gap=2;k=1,2093872,false,206243,0.231,81,8,4,0.131,84,74,false
mixed-027-0,mixed,seed=0x4ca2ad15a90d3f32;cycles=8;planted=1;d_b=16;m=5;gap=2;k=1,2093872,false,206243,0.231,81,8,8,0.176,84,74,false
mixed-027-0,mixed,seed=0x4ca2ad15a90d3f32;cycles=8;planted=1;d_b=16;m=5;gap=2;k=1,2093872,false,206243,0.231,81,8,16,0.253,84,74,false
mixed-027-0,mixed,seed=0x4ca2ad15a90d3f32;cycles=8;planted=1;d_b=16;m=5;gap=2;k=1,2093872,false,206243,0.231,81,8,32,0.442,84,74,false
mixed-027-0,mixed,seed=0x4ca2ad15a90d3f32;cycles=8;planted=1;d_b=16;m=5;gap=2;k=1,2093872,false,206243,0.231,81,8,64,0.722,84,74,false
mixed-027-0,mixed,seed=0x4ca2ad15a90d3f32;cycles=8;planted=1;d_b=16;m=5;gap=2;k=1,2093872,false,206243,0.231,81,8,128,1.263,84,74,false
mixed-027-0,mixed,seed=0x4ca2ad15a90d3f32;cycles=8;planted=1;d_b=16;m=5;gap=2;k=1,2093872,false,206243,0.231,81,8,256,1.991,81,8,false
mixed-027-0,mixed,seed=0x4ca2ad15a90d3f32;cycles=8;planted=1;d_b=16;m=5;gap=2;k=1,2093872,false,206243,0.231,81,8,512,3.263,81,8,false
mixed-027-0,mixed,seed=0x4ca2ad15a90d3f32;cycles=8;planted=1;d_b=16;m=5;gap=2;k=1,2093872,false,206243,0.231,81,8,1024,5.747,81,8,false
mixed-027-0,mixed,seed=0x4ca2ad15a90d3f32;cycles=8;planted=1;d_b=16;m=5;gap=2;k=1,2093872,false,206243,0.231,81,8,2048,10.879,81,8,false
mixed-027-0,mixed,seed=0x4ca2ad15a90d3f32;cycles=8;planted=1;d_b=16;m=5;gap=2;k=1,2093872,false,206243,0.231,81,8,4096,21.756,81,8,false
mixed-027-0,mixed,seed=0x4ca2ad15a90d3f32;cycles=8;planted=1;d_b=16;m=5;gap=2;k=1,2093872,false,206243,0.231,81,8,8192,41.716,81,8,false
mixed-027-0,mixed,seed=0x4ca2ad15a90d3f32;cycles=8;planted=1;d_b=16;m=5;gap=2;k=1,2093872,false,206243,0.231,81,8,16384,83.202,81,8,false
dec-082,dec,d_b=8;m=3;gap=1;k=2;q=1;s=9,24,false,26,0.072,18,2,1,0.014,19,18,false
dec-082,dec,d_b=8;m=3;gap=1;k=2;q=1;s=9,24,false,26,0.072,18,2,2,0.019,19,18,false
dec-082,dec,d_b=8;m=3;gap=1;k=2;q=1;s=9,24,false,26,0.072,18,2,4,0.028,19,18,false
dec-082,dec,d_b=8;m=3;gap=1;k=2;q=1;s=9,24,false,26,0.072,18,2,8,0.049,19,18,false
dec-082,dec,d_b=8;m=3;gap=1;k=2;q=1;s=9,24,false,26,0.072,18,2,16,0.094,18,2,false
dec-082,dec,d_b=8;m=3;gap=1;k=2;q=1;s=9,24,false,26,0.072,18,2,32,0.138,18,2,true
dec-082,dec,d_b=8;m=3;gap=1;k=2;q=1;s=9,24,false,26,0.072,18,2,64,0.133,18,2,true
dec-082,dec,d_b=8;m=3;gap=1;k=2;q=1;s=9,24,false,26,0.072,18,2,128,0.131,18,2,true
dec-082,dec,d_b=8;m=3;gap=1;k=2;q=1;s=9,24,false,26,0.072,18,2,256,0.128,18,2,true
dec-082,dec,d_b=8;m=3;gap=1;k=2;q=1;s=9,24,false,26,0.072,18,2,512,0.128,18,2,true
dec-082,dec,d_b=8;m=3;gap=1;k=2;q=1;s=9,24,false,26,0.072,18,2,1024,0.126,18,2,true
dec-082,dec,d_b=8;m=3;gap=1;k=2;q=1;s=9,24,false,26,0.072,18,2,2048,0.128,18,2,true
dec-082,dec,d_b=8;m=3;gap=1;k=2;q=1;s=9,24,false,26,0.072,18,2,4096,0.126,18,2,true
dec-082,dec,d_b=8;m=3;gap=1;k=2;q=1;s=9,24,false,26,0.072,18,2,8192,0.128,18,2,true
dec-082,dec,d_b=8;m=3;gap=1;k=2;q=1;s=9,24,false,26,0.072,18,2,16384,0.126,18,2,true
mixed-027-1,mixed,seed=0xbab4389904d1dc7d;cycles=8;planted=1;d_b=16;m=5;gap=2;k=1,33,false,35,0.159,67,2,1,0.025,70,68,false
mixed-027-1,mixed,seed=0xbab4389904d1dc7d;cycles=8;planted=1;d_b=16;m=5;gap=2;k=1,33,false,35,0.159,67,2,2,0.026,70,68,false
mixed-027-1,mixed,seed=0xbab4389904d1dc7d;cycles=8;planted=1;d_b=16;m=5;gap=2;k=1,33,false,35,0.159,67,2,4,0.044,70,68,false
mixed-027-1,mixed,seed=0xbab4389904d1dc7d;cycles=8;planted=1;d_b=16;m=5;gap=2;k=1,33,false,35,0.159,67,2,8,0.081,70,68,false
mixed-027-1,mixed,seed=0xbab4389904d1dc7d;cycles=8;planted=1;d_b=16;m=5;gap=2;k=1,33,false,35,0.159,67,2,16,0.157,70,68,false
mixed-027-1,mixed,seed=0xbab4389904d1dc7d;cycles=8;planted=1;d_b=16;m=5;gap=2;k=1,33,false,35,0.159,67,2,32,0.348,67,2,false
mixed-027-1,mixed,seed=0xbab4389904d1dc7d;cycles=8;planted=1;d_b=16;m=5;gap=2;k=1,33,false,35,0.159,67,2,64,0.366,67,2,true
mixed-027-1,mixed,seed=0xbab4389904d1dc7d;cycles=8;planted=1;d_b=16;m=5;gap=2;k=1,33,false,35,0.159,67,2,128,0.361,67,2,true
mixed-027-1,mixed,seed=0xbab4389904d1dc7d;cycles=8;planted=1;d_b=16;m=5;gap=2;k=1,33,false,35,0.159,67,2,256,0.359,67,2,true
mixed-027-1,mixed,seed=0xbab4389904d1dc7d;cycles=8;planted=1;d_b=16;m=5;gap=2;k=1,33,false,35,0.159,67,2,512,0.357,67,2,true
mixed-027-1,mixed,seed=0xbab4389904d1dc7d;cycles=8;planted=1;d_b=16;m=5;gap=2;k=1,33,false,35,0.159,67,2,1024,0.356,67,2,true
mixed-027-1,mixed,seed=0xbab4389904d1dc7d;cycles=8;planted=1;d_b=16;m=5;gap=2;k=1,33,false,35,0.159,67,2,2048,0.353,67,2,true
mixed-027-1,mixed,seed=0xbab4389904d1dc7d;cycles=8;planted=1;d_b=16;m=5;gap=2;k=1,33,false,35,0.159,67,2,4096,0.353,67,2,true
mixed-027-1,mixed,seed=0xbab4389904d1dc7d;cycles=8;planted=1;d_b=16;m=5;gap=2;k=1,33,false,35,0.159,67,2,8192,0.353,67,2,true
mixed-027-1,mixed,seed=0xbab4389904d1dc7d;cycles=8;planted=1;d_b=16;m=5;gap=2;k=1,33,false,35,0.159,67,2,16384,0.353,67,2,true
dec-083,dec,d_b=8;m=3;gap=1;k=4;q=1;s=9,40,false,42,0.095,18,2,1,0.013,19,18,false
dec-083,dec,d_b=8;m=3;gap=1;k=4;q=1;s=9,40,false,42,0.095,18,2,2,0.018,19,18,false
dec-083,dec,d_b=8;m=3;gap=1;k=4;q=1;s=9,40,false,42,0.095,18,2,4,0.028,19,18,false
dec-083,dec,d_b=8;m=3;gap=1;k=4;q=1;s=9,40,false,42,0.095,18,2,8,0.049,19,18,false
dec-083,dec,d_b=8;m=3;gap=1;k=4;q=1;s=9,40,false,42,0.095,18,2,16,0.087,19,18,false
dec-083,dec,d_b=8;m=3;gap=1;k=4;q=1;s=9,40,false,42,0.095,18,2,32,0.180,18,2,false
dec-083,dec,d_b=8;m=3;gap=1;k=4;q=1;s=9,40,false,42,0.095,18,2,64,0.227,18,2,true
dec-083,dec,d_b=8;m=3;gap=1;k=4;q=1;s=9,40,false,42,0.095,18,2,128,0.223,18,2,true
dec-083,dec,d_b=8;m=3;gap=1;k=4;q=1;s=9,40,false,42,0.095,18,2,256,0.221,18,2,true
dec-083,dec,d_b=8;m=3;gap=1;k=4;q=1;s=9,40,false,42,0.095,18,2,512,0.220,18,2,true
dec-083,dec,d_b=8;m=3;gap=1;k=4;q=1;s=9,40,false,42,0.095,18,2,1024,0.219,18,2,true
dec-083,dec,d_b=8;m=3;gap=1;k=4;q=1;s=9,40,false,42,0.095,18,2,2048,0.220,18,2,true
dec-083,dec,d_b=8;m=3;gap=1;k=4;q=1;s=9,40,false,42,0.095,18,2,4096,0.219,18,2,true
dec-083,dec,d_b=8;m=3;gap=1;k=4;q=1;s=9,40,false,42,0.095,18,2,8192,0.219,18,2,true
dec-083,dec,d_b=8;m=3;gap=1;k=4;q=1;s=9,40,false,42,0.095,18,2,16384,0.218,18,2,true
mixed-027-2,mixed,seed=0x196e51ed5d668e58;cycles=8;planted=1;d_b=16;m=5;gap=2;k=1,2087787,false,205879,0.225,80,10,1,0.115,83,76,false
mixed-027-2,mixed,seed=0x196e51ed5d668e58;cycles=8;planted=1;d_b=16;m=5;gap=2;k=1,2087787,false,205879,0.225,80,10,2,0.115,83,76,false
mixed-027-2,mixed,seed=0x196e51ed5d668e58;cycles=8;planted=1;d_b=16;m=5;gap=2;k=1,2087787,false,205879,0.225,80,10,4,0.117,83,76,false
mixed-027-2,mixed,seed=0x196e51ed5d668e58;cycles=8;planted=1;d_b=16;m=5;gap=2;k=1,2087787,false,205879,0.225,80,10,8,0.172,83,76,false
mixed-027-2,mixed,seed=0x196e51ed5d668e58;cycles=8;planted=1;d_b=16;m=5;gap=2;k=1,2087787,false,205879,0.225,80,10,16,0.276,83,76,false
mixed-027-2,mixed,seed=0x196e51ed5d668e58;cycles=8;planted=1;d_b=16;m=5;gap=2;k=1,2087787,false,205879,0.225,80,10,32,0.469,83,76,false
mixed-027-2,mixed,seed=0x196e51ed5d668e58;cycles=8;planted=1;d_b=16;m=5;gap=2;k=1,2087787,false,205879,0.225,80,10,64,0.885,83,76,false
mixed-027-2,mixed,seed=0x196e51ed5d668e58;cycles=8;planted=1;d_b=16;m=5;gap=2;k=1,2087787,false,205879,0.225,80,10,128,1.645,80,10,false
mixed-027-2,mixed,seed=0x196e51ed5d668e58;cycles=8;planted=1;d_b=16;m=5;gap=2;k=1,2087787,false,205879,0.225,80,10,256,2.685,80,10,false
mixed-027-2,mixed,seed=0x196e51ed5d668e58;cycles=8;planted=1;d_b=16;m=5;gap=2;k=1,2087787,false,205879,0.225,80,10,512,4.689,80,10,false
mixed-027-2,mixed,seed=0x196e51ed5d668e58;cycles=8;planted=1;d_b=16;m=5;gap=2;k=1,2087787,false,205879,0.225,80,10,1024,8.877,80,10,false
mixed-027-2,mixed,seed=0x196e51ed5d668e58;cycles=8;planted=1;d_b=16;m=5;gap=2;k=1,2087787,false,205879,0.225,80,10,2048,17.079,80,10,false
mixed-027-2,mixed,seed=0x196e51ed5d668e58;cycles=8;planted=1;d_b=16;m=5;gap=2;k=1,2087787,false,205879,0.225,80,10,4096,34.636,80,10,false
mixed-027-2,mixed,seed=0x196e51ed5d668e58;cycles=8;planted=1;d_b=16;m=5;gap=2;k=1,2087787,false,205879,0.225,80,10,8192,69.711,80,10,false
mixed-027-2,mixed,seed=0x196e51ed5d668e58;cycles=8;planted=1;d_b=16;m=5;gap=2;k=1,2087787,false,205879,0.225,80,10,16384,140.402,80,10,false
dec-084,dec,d_b=8;m=3;gap=3;k=1;q=1;s=10,16,false,18,0.058,18,2,1,0.016,21,20,false
dec-084,dec,d_b=8;m=3;gap=3;k=1;q=1;s=10,16,false,18,0.058,18,2,2,0.022,21,20,false
dec-084,dec,d_b=8;m=3;gap=3;k=1;q=1;s=10,16,false,18,0.058,18,2,4,0.030,21,20,false
dec-084,dec,d_b=8;m=3;gap=3;k=1;q=1;s=10,16,false,18,0.058,18,2,8,0.053,18,2,false
dec-084,dec,d_b=8;m=3;gap=3;k=1;q=1;s=10,16,false,18,0.058,18,2,16,0.099,18,2,true
dec-084,dec,d_b=8;m=3;gap=3;k=1;q=1;s=10,16,false,18,0.058,18,2,32,0.095,18,2,true
dec-084,dec,d_b=8;m=3;gap=3;k=1;q=1;s=10,16,false,18,0.058,18,2,64,0.102,18,2,true
dec-084,dec,d_b=8;m=3;gap=3;k=1;q=1;s=10,16,false,18,0.058,18,2,128,0.090,18,2,true
dec-084,dec,d_b=8;m=3;gap=3;k=1;q=1;s=10,16,false,18,0.058,18,2,256,0.089,18,2,true
dec-084,dec,d_b=8;m=3;gap=3;k=1;q=1;s=10,16,false,18,0.058,18,2,512,0.088,18,2,true
dec-084,dec,d_b=8;m=3;gap=3;k=1;q=1;s=10,16,false,18,0.058,18,2,1024,0.088,18,2,true
dec-084,dec,d_b=8;m=3;gap=3;k=1;q=1;s=10,16,false,18,0.058,18,2,2048,0.088,18,2,true
dec-084,dec,d_b=8;m=3;gap=3;k=1;q=1;s=10,16,false,18,0.058,18,2,4096,0.088,18,2,true
dec-084,dec,d_b=8;m=3;gap=3;k=1;q=1;s=10,16,false,18,0.058,18,2,8192,0.087,18,2,true
dec-084,dec,d_b=8;m=3;gap=3;k=1;q=1;s=10,16,false,18,0.058,18,2,16384,0.088,18,2,true
mixed-028-0,mixed,seed=0xd0cd8d47a65957a7;cycles=8;planted=2;d_b=4;m=2;gap=1;k=2,810566,false,84686,0.080,21,8,1,0.061,23,16,false
mixed-028-0,mixed,seed=0xd0cd8d47a65957a7;cycles=8;planted=2;d_b=4;m=2;gap=1;k=2,810566,false,84686,0.080,21,8,2,0.048,23,16,false
mixed-028-0,mixed,seed=0xd0cd8d47a65957a7;cycles=8;planted=2;d_b=4;m=2;gap=1;k=2,810566,false,84686,0.080,21,8,4,0.057,23,16,false
mixed-028-0,mixed,seed=0xd0cd8d47a65957a7;cycles=8;planted=2;d_b=4;m=2;gap=1;k=2,810566,false,84686,0.080,21,8,8,0.074,23,16,false
mixed-028-0,mixed,seed=0xd0cd8d47a65957a7;cycles=8;planted=2;d_b=4;m=2;gap=1;k=2,810566,false,84686,0.080,21,8,16,0.135,22,12,false
mixed-028-0,mixed,seed=0xd0cd8d47a65957a7;cycles=8;planted=2;d_b=4;m=2;gap=1;k=2,810566,false,84686,0.080,21,8,32,0.264,21,8,false
mixed-028-0,mixed,seed=0xd0cd8d47a65957a7;cycles=8;planted=2;d_b=4;m=2;gap=1;k=2,810566,false,84686,0.080,21,8,64,0.632,21,8,false
mixed-028-0,mixed,seed=0xd0cd8d47a65957a7;cycles=8;planted=2;d_b=4;m=2;gap=1;k=2,810566,false,84686,0.080,21,8,128,1.163,21,8,false
mixed-028-0,mixed,seed=0xd0cd8d47a65957a7;cycles=8;planted=2;d_b=4;m=2;gap=1;k=2,810566,false,84686,0.080,21,8,256,2.022,21,8,false
mixed-028-0,mixed,seed=0xd0cd8d47a65957a7;cycles=8;planted=2;d_b=4;m=2;gap=1;k=2,810566,false,84686,0.080,21,8,512,3.817,21,8,false
mixed-028-0,mixed,seed=0xd0cd8d47a65957a7;cycles=8;planted=2;d_b=4;m=2;gap=1;k=2,810566,false,84686,0.080,21,8,1024,7.500,21,8,false
mixed-028-0,mixed,seed=0xd0cd8d47a65957a7;cycles=8;planted=2;d_b=4;m=2;gap=1;k=2,810566,false,84686,0.080,21,8,2048,15.040,21,8,false
mixed-028-0,mixed,seed=0xd0cd8d47a65957a7;cycles=8;planted=2;d_b=4;m=2;gap=1;k=2,810566,false,84686,0.080,21,8,4096,31.199,21,8,false
mixed-028-0,mixed,seed=0xd0cd8d47a65957a7;cycles=8;planted=2;d_b=4;m=2;gap=1;k=2,810566,false,84686,0.080,21,8,8192,61.183,21,8,false
mixed-028-0,mixed,seed=0xd0cd8d47a65957a7;cycles=8;planted=2;d_b=4;m=2;gap=1;k=2,810566,false,84686,0.080,21,8,16384,122.590,21,8,false
dec-085,dec,d_b=8;m=3;gap=3;k=2;q=1;s=10,24,false,26,0.083,18,2,1,0.016,21,20,false
dec-085,dec,d_b=8;m=3;gap=3;k=2;q=1;s=10,24,false,26,0.083,18,2,2,0.025,21,20,false
dec-085,dec,d_b=8;m=3;gap=3;k=2;q=1;s=10,24,false,26,0.083,18,2,4,0.029,21,20,false
dec-085,dec,d_b=8;m=3;gap=3;k=2;q=1;s=10,24,false,26,0.083,18,2,8,0.059,21,20,false
dec-085,dec,d_b=8;m=3;gap=3;k=2;q=1;s=10,24,false,26,0.083,18,2,16,0.110,18,2,false
dec-085,dec,d_b=8;m=3;gap=3;k=2;q=1;s=10,24,false,26,0.083,18,2,32,0.144,18,2,true
dec-085,dec,d_b=8;m=3;gap=3;k=2;q=1;s=10,24,false,26,0.083,18,2,64,0.143,18,2,true
dec-085,dec,d_b=8;m=3;gap=3;k=2;q=1;s=10,24,false,26,0.083,18,2,128,0.136,18,2,true
dec-085,dec,d_b=8;m=3;gap=3;k=2;q=1;s=10,24,false,26,0.083,18,2,256,0.133,18,2,true
dec-085,dec,d_b=8;m=3;gap=3;k=2;q=1;s=10,24,false,26,0.083,18,2,512,0.147,18,2,true
dec-085,dec,d_b=8;m=3;gap=3;k=2;q=1;s=10,24,false,26,0.083,18,2,1024,0.131,18,2,true
dec-085,dec,d_b=8;m=3;gap=3;k=2;q=1;s=10,24,false,26,0.083,18,2,2048,0.140,18,2,true
dec-085,dec,d_b=8;m=3;gap=3;k=2;q=1;s=10,24,false,26,0.083,18,2,4096,0.130,18,2,true
dec-085,dec,d_b=8;m=3;gap=3;k=2;q=1;s=10,24,false,26,0.083,18,2,8192,0.148,18,2,true
dec-085,dec,d_b=8;m=3;gap=3;k=2;q=1;s=10,24,false,26,0.083,18,2,16384,0.129,18,2,true
mixed-028-1,mixed,seed=0x2d7527bc1320e6fe;cycles=8;planted=2;d_b=4;m=2;gap=1;k=2,1939065,false,190552,0.223,44,12,1,0.233,46,20,false
mixed-028-1,mixed,seed=0x2d7527bc1320e6fe;cycles=8;planted=2;d_b=4;m=2;gap=1;k=2,1939065,false,190552,0.223,44,12,2,0.247,46,20,false
mixed-028-1,mixed,seed=0x2d7527bc1320e6fe;cycles=8;planted=2;d_b=4;m=2;gap=1;k=2,1939065,false,190552,0.223,44,12,4,0.279,46,20,false
mixed-028-1,mixed,seed=0x2d7527bc1320e6fe;cycles=8;planted=2;d_b=4;m=2;gap=1;k=2,1939065,false,190552,0.223,44,12,8,0.392,46,20,false
mixed-028-1,mixed,seed=0x2d7527bc1320e6fe;cycles=8;planted=2;d_b=4;m=2;gap=1;k=2,1939065,false,190552,0.223,44,12,16,0.611,46,20,false
mixed-028-1,mixed,seed=0x2d7527bc1320e6fe;cycles=8;planted=2;d_b=4;m=2;gap=1;k=2,1939065,false,190552,0.223,44,12,32,1.103,45,16,false
mixed-028-1,mixed,seed=0x2d7527bc1320e6fe;cycles=8;planted=2;d_b=4;m=2;gap=1;k=2,1939065,false,190552,0.223,44,12,64,2.014,44,12,false
mixed-028-1,mixed,seed=0x2d7527bc1320e6fe;cycles=8;planted=2;d_b=4;m=2;gap=1;k=2,1939065,false,190552,0.223,44,12,128,3.721,44,12,false
mixed-028-1,mixed,seed=0x2d7527bc1320e6fe;cycles=8;planted=2;d_b=4;m=2;gap=1;k=2,1939065,false,190552,0.223,44,12,256,6.649,44,12,false
mixed-028-1,mixed,seed=0x2d7527bc1320e6fe;cycles=8;planted=2;d_b=4;m=2;gap=1;k=2,1939065,false,190552,0.223,44,12,512,12.606,44,12,false
mixed-028-1,mixed,seed=0x2d7527bc1320e6fe;cycles=8;planted=2;d_b=4;m=2;gap=1;k=2,1939065,false,190552,0.223,44,12,1024,23.615,44,12,false
mixed-028-1,mixed,seed=0x2d7527bc1320e6fe;cycles=8;planted=2;d_b=4;m=2;gap=1;k=2,1939065,false,190552,0.223,44,12,2048,47.109,44,12,false
mixed-028-1,mixed,seed=0x2d7527bc1320e6fe;cycles=8;planted=2;d_b=4;m=2;gap=1;k=2,1939065,false,190552,0.223,44,12,4096,93.574,44,12,false
mixed-028-1,mixed,seed=0x2d7527bc1320e6fe;cycles=8;planted=2;d_b=4;m=2;gap=1;k=2,1939065,false,190552,0.223,44,12,8192,187.664,44,12,false
mixed-028-1,mixed,seed=0x2d7527bc1320e6fe;cycles=8;planted=2;d_b=4;m=2;gap=1;k=2,1939065,false,190552,0.223,44,12,16384,376.972,44,12,false
dec-086,dec,d_b=8;m=3;gap=3;k=4;q=1;s=10,40,false,42,0.133,18,2,1,0.020,21,20,false
dec-086,dec,d_b=8;m=3;gap=3;k=4;q=1;s=10,40,false,42,0.133,18,2,2,0.024,21,20,false
dec-086,dec,d_b=8;m=3;gap=3;k=4;q=1;s=10,40,false,42,0.133,18,2,4,0.032,21,20,false
dec-086,dec,d_b=8;m=3;gap=3;k=4;q=1;s=10,40,false,42,0.133,18,2,8,0.056,21,20,false
dec-086,dec,d_b=8;m=3;gap=3;k=4;q=1;s=10,40,false,42,0.133,18,2,16,0.106,18,2,false
dec-086,dec,d_b=8;m=3;gap=3;k=4;q=1;s=10,40,false,42,0.133,18,2,32,0.210,18,2,false
dec-086,dec,d_b=8;m=3;gap=3;k=4;q=1;s=10,40,false,42,0.133,18,2,64,0.242,18,2,true
dec-086,dec,d_b=8;m=3;gap=3;k=4;q=1;s=10,40,false,42,0.133,18,2,128,0.243,18,2,true
dec-086,dec,d_b=8;m=3;gap=3;k=4;q=1;s=10,40,false,42,0.133,18,2,256,0.279,18,2,true
dec-086,dec,d_b=8;m=3;gap=3;k=4;q=1;s=10,40,false,42,0.133,18,2,512,0.256,18,2,true
dec-086,dec,d_b=8;m=3;gap=3;k=4;q=1;s=10,40,false,42,0.133,18,2,1024,0.249,18,2,true
dec-086,dec,d_b=8;m=3;gap=3;k=4;q=1;s=10,40,false,42,0.133,18,2,2048,0.239,18,2,true
dec-086,dec,d_b=8;m=3;gap=3;k=4;q=1;s=10,40,false,42,0.133,18,2,4096,0.236,18,2,true
dec-086,dec,d_b=8;m=3;gap=3;k=4;q=1;s=10,40,false,42,0.133,18,2,8192,0.233,18,2,true
dec-086,dec,d_b=8;m=3;gap=3;k=4;q=1;s=10,40,false,42,0.133,18,2,16384,0.233,18,2,true
mixed-028-2,mixed,seed=0xa642ebc833a15f84;cycles=8;planted=2;d_b=4;m=2;gap=1;k=2,810566,false,84688,0.086,25,12,1,0.057,27,20,false
mixed-028-2,mixed,seed=0xa642ebc833a15f84;cycles=8;planted=2;d_b=4;m=2;gap=1;k=2,810566,false,84688,0.086,25,12,2,0.051,27,20,false
mixed-028-2,mixed,seed=0xa642ebc833a15f84;cycles=8;planted=2;d_b=4;m=2;gap=1;k=2,810566,false,84688,0.086,25,12,4,0.057,27,20,false
mixed-028-2,mixed,seed=0xa642ebc833a15f84;cycles=8;planted=2;d_b=4;m=2;gap=1;k=2,810566,false,84688,0.086,25,12,8,0.075,27,20,false
mixed-028-2,mixed,seed=0xa642ebc833a15f84;cycles=8;planted=2;d_b=4;m=2;gap=1;k=2,810566,false,84688,0.086,25,12,16,0.131,26,16,false
mixed-028-2,mixed,seed=0xa642ebc833a15f84;cycles=8;planted=2;d_b=4;m=2;gap=1;k=2,810566,false,84688,0.086,25,12,32,0.249,26,16,false
mixed-028-2,mixed,seed=0xa642ebc833a15f84;cycles=8;planted=2;d_b=4;m=2;gap=1;k=2,810566,false,84688,0.086,25,12,64,0.562,25,12,false
mixed-028-2,mixed,seed=0xa642ebc833a15f84;cycles=8;planted=2;d_b=4;m=2;gap=1;k=2,810566,false,84688,0.086,25,12,128,0.908,25,12,false
mixed-028-2,mixed,seed=0xa642ebc833a15f84;cycles=8;planted=2;d_b=4;m=2;gap=1;k=2,810566,false,84688,0.086,25,12,256,1.450,25,12,false
mixed-028-2,mixed,seed=0xa642ebc833a15f84;cycles=8;planted=2;d_b=4;m=2;gap=1;k=2,810566,false,84688,0.086,25,12,512,2.531,25,12,false
mixed-028-2,mixed,seed=0xa642ebc833a15f84;cycles=8;planted=2;d_b=4;m=2;gap=1;k=2,810566,false,84688,0.086,25,12,1024,4.816,25,12,false
mixed-028-2,mixed,seed=0xa642ebc833a15f84;cycles=8;planted=2;d_b=4;m=2;gap=1;k=2,810566,false,84688,0.086,25,12,2048,9.943,25,12,false
mixed-028-2,mixed,seed=0xa642ebc833a15f84;cycles=8;planted=2;d_b=4;m=2;gap=1;k=2,810566,false,84688,0.086,25,12,4096,20.813,25,12,false
mixed-028-2,mixed,seed=0xa642ebc833a15f84;cycles=8;planted=2;d_b=4;m=2;gap=1;k=2,810566,false,84688,0.086,25,12,8192,41.221,25,12,false
mixed-028-2,mixed,seed=0xa642ebc833a15f84;cycles=8;planted=2;d_b=4;m=2;gap=1;k=2,810566,false,84688,0.086,25,12,16384,82.688,25,12,false
dec-087,dec,d_b=8;m=3;gap=7;k=1;q=1;s=12,16,false,18,0.059,18,2,1,0.016,25,24,false
dec-087,dec,d_b=8;m=3;gap=7;k=1;q=1;s=12,16,false,18,0.059,18,2,2,0.023,25,24,false
dec-087,dec,d_b=8;m=3;gap=7;k=1;q=1;s=12,16,false,18,0.059,18,2,4,0.037,18,2,false
dec-087,dec,d_b=8;m=3;gap=7;k=1;q=1;s=12,16,false,18,0.059,18,2,8,0.058,18,2,false
dec-087,dec,d_b=8;m=3;gap=7;k=1;q=1;s=12,16,false,18,0.059,18,2,16,0.106,18,2,true
dec-087,dec,d_b=8;m=3;gap=7;k=1;q=1;s=12,16,false,18,0.059,18,2,32,0.102,18,2,true
dec-087,dec,d_b=8;m=3;gap=7;k=1;q=1;s=12,16,false,18,0.059,18,2,64,0.098,18,2,true
dec-087,dec,d_b=8;m=3;gap=7;k=1;q=1;s=12,16,false,18,0.059,18,2,128,0.098,18,2,true
dec-087,dec,d_b=8;m=3;gap=7;k=1;q=1;s=12,16,false,18,0.059,18,2,256,0.094,18,2,true
dec-087,dec,d_b=8;m=3;gap=7;k=1;q=1;s=12,16,false,18,0.059,18,2,512,0.096,18,2,true
dec-087,dec,d_b=8;m=3;gap=7;k=1;q=1;s=12,16,false,18,0.059,18,2,1024,0.094,18,2,true
dec-087,dec,d_b=8;m=3;gap=7;k=1;q=1;s=12,16,false,18,0.059,18,2,2048,0.095,18,2,true
dec-087,dec,d_b=8;m=3;gap=7;k=1;q=1;s=12,16,false,18,0.059,18,2,4096,0.093,18,2,true
dec-087,dec,d_b=8;m=3;gap=7;k=1;q=1;s=12,16,false,18,0.059,18,2,8192,0.095,18,2,true
dec-087,dec,d_b=8;m=3;gap=7;k=1;q=1;s=12,16,false,18,0.059,18,2,16384,0.093,18,2,true
mixed-029-0,mixed,seed=0x9a3850cfde5c4678;cycles=8;planted=2;d_b=8;m=3;gap=2;k=2,25,false,27,0.072,19,2,1,0.015,22,20,false
mixed-029-0,mixed,seed=0x9a3850cfde5c4678;cycles=8;planted=2;d_b=8;m=3;gap=2;k=2,25,false,27,0.072,19,2,2,0.016,22,20,false
mixed-029-0,mixed,seed=0x9a3850cfde5c4678;cycles=8;planted=2;d_b=8;m=3;gap=2;k=2,25,false,27,0.072,19,2,4,0.030,22,20,false
mixed-029-0,mixed,seed=0x9a3850cfde5c4678;cycles=8;planted=2;d_b=8;m=3;gap=2;k=2,25,false,27,0.072,19,2,8,0.049,22,20,false
mixed-029-0,mixed,seed=0x9a3850cfde5c4678;cycles=8;planted=2;d_b=8;m=3;gap=2;k=2,25,false,27,0.072,19,2,16,0.097,19,2,false
mixed-029-0,mixed,seed=0x9a3850cfde5c4678;cycles=8;planted=2;d_b=8;m=3;gap=2;k=2,25,false,27,0.072,19,2,32,0.150,19,2,true
mixed-029-0,mixed,seed=0x9a3850cfde5c4678;cycles=8;planted=2;d_b=8;m=3;gap=2;k=2,25,false,27,0.072,19,2,64,0.148,19,2,true
mixed-029-0,mixed,seed=0x9a3850cfde5c4678;cycles=8;planted=2;d_b=8;m=3;gap=2;k=2,25,false,27,0.072,19,2,128,0.146,19,2,true
mixed-029-0,mixed,seed=0x9a3850cfde5c4678;cycles=8;planted=2;d_b=8;m=3;gap=2;k=2,25,false,27,0.072,19,2,256,0.145,19,2,true
mixed-029-0,mixed,seed=0x9a3850cfde5c4678;cycles=8;planted=2;d_b=8;m=3;gap=2;k=2,25,false,27,0.072,19,2,512,0.145,19,2,true
mixed-029-0,mixed,seed=0x9a3850cfde5c4678;cycles=8;planted=2;d_b=8;m=3;gap=2;k=2,25,false,27,0.072,19,2,1024,0.144,19,2,true
mixed-029-0,mixed,seed=0x9a3850cfde5c4678;cycles=8;planted=2;d_b=8;m=3;gap=2;k=2,25,false,27,0.072,19,2,2048,0.143,19,2,true
mixed-029-0,mixed,seed=0x9a3850cfde5c4678;cycles=8;planted=2;d_b=8;m=3;gap=2;k=2,25,false,27,0.072,19,2,4096,0.143,19,2,true
mixed-029-0,mixed,seed=0x9a3850cfde5c4678;cycles=8;planted=2;d_b=8;m=3;gap=2;k=2,25,false,27,0.072,19,2,8192,0.142,19,2,true
mixed-029-0,mixed,seed=0x9a3850cfde5c4678;cycles=8;planted=2;d_b=8;m=3;gap=2;k=2,25,false,27,0.072,19,2,16384,0.144,19,2,true
dec-088,dec,d_b=8;m=3;gap=7;k=2;q=1;s=12,24,false,26,0.058,18,2,1,0.013,25,24,false
dec-088,dec,d_b=8;m=3;gap=7;k=2;q=1;s=12,24,false,26,0.058,18,2,2,0.018,25,24,false
dec-088,dec,d_b=8;m=3;gap=7;k=2;q=1;s=12,24,false,26,0.058,18,2,4,0.029,25,24,false
dec-088,dec,d_b=8;m=3;gap=7;k=2;q=1;s=12,24,false,26,0.058,18,2,8,0.057,18,2,false
dec-088,dec,d_b=8;m=3;gap=7;k=2;q=1;s=12,24,false,26,0.058,18,2,16,0.103,18,2,false
dec-088,dec,d_b=8;m=3;gap=7;k=2;q=1;s=12,24,false,26,0.058,18,2,32,0.156,18,2,true
dec-088,dec,d_b=8;m=3;gap=7;k=2;q=1;s=12,24,false,26,0.058,18,2,64,0.152,18,2,true
dec-088,dec,d_b=8;m=3;gap=7;k=2;q=1;s=12,24,false,26,0.058,18,2,128,0.150,18,2,true
dec-088,dec,d_b=8;m=3;gap=7;k=2;q=1;s=12,24,false,26,0.058,18,2,256,0.147,18,2,true
dec-088,dec,d_b=8;m=3;gap=7;k=2;q=1;s=12,24,false,26,0.058,18,2,512,0.147,18,2,true
dec-088,dec,d_b=8;m=3;gap=7;k=2;q=1;s=12,24,false,26,0.058,18,2,1024,0.147,18,2,true
dec-088,dec,d_b=8;m=3;gap=7;k=2;q=1;s=12,24,false,26,0.058,18,2,2048,0.148,18,2,true
dec-088,dec,d_b=8;m=3;gap=7;k=2;q=1;s=12,24,false,26,0.058,18,2,4096,0.145,18,2,true
dec-088,dec,d_b=8;m=3;gap=7;k=2;q=1;s=12,24,false,26,0.058,18,2,8192,0.147,18,2,true
dec-088,dec,d_b=8;m=3;gap=7;k=2;q=1;s=12,24,false,26,0.058,18,2,16384,0.146,18,2,true
mixed-029-1,mixed,seed=0xc049ee76ccb092c7;cycles=8;planted=2;d_b=8;m=3;gap=2;k=2,49,false,53,0.120,37,4,1,0.021,43,40,false
mixed-029-1,mixed,seed=0xc049ee76ccb092c7;cycles=8;planted=2;d_b=8;m=3;gap=2;k=2,49,false,53,0.120,37,4,2,0.023,43,40,false
mixed-029-1,mixed,seed=0xc049ee76ccb092c7;cycles=8;planted=2;d_b=8;m=3;gap=2;k=2,49,false,53,0.120,37,4,4,0.029,43,40,false
mixed-029-1,mixed,seed=0xc049ee76ccb092c7;cycles=8;planted=2;d_b=8;m=3;gap=2;k=2,49,false,53,0.120,37,4,8,0.052,43,40,false
mixed-029-1,mixed,seed=0xc049ee76ccb092c7;cycles=8;planted=2;d_b=8;m=3;gap=2;k=2,49,false,53,0.120,37,4,16,0.089,43,40,false
mixed-029-1,mixed,seed=0xc049ee76ccb092c7;cycles=8;planted=2;d_b=8;m=3;gap=2;k=2,49,false,53,0.120,37,4,32,0.186,37,4,false
mixed-029-1,mixed,seed=0xc049ee76ccb092c7;cycles=8;planted=2;d_b=8;m=3;gap=2;k=2,49,false,53,0.120,37,4,64,0.282,37,4,true
mixed-029-1,mixed,seed=0xc049ee76ccb092c7;cycles=8;planted=2;d_b=8;m=3;gap=2;k=2,49,false,53,0.120,37,4,128,0.277,37,4,true
mixed-029-1,mixed,seed=0xc049ee76ccb092c7;cycles=8;planted=2;d_b=8;m=3;gap=2;k=2,49,false,53,0.120,37,4,256,0.276,37,4,true
mixed-029-1,mixed,seed=0xc049ee76ccb092c7;cycles=8;planted=2;d_b=8;m=3;gap=2;k=2,49,false,53,0.120,37,4,512,0.272,37,4,true
mixed-029-1,mixed,seed=0xc049ee76ccb092c7;cycles=8;planted=2;d_b=8;m=3;gap=2;k=2,49,false,53,0.120,37,4,1024,0.272,37,4,true
mixed-029-1,mixed,seed=0xc049ee76ccb092c7;cycles=8;planted=2;d_b=8;m=3;gap=2;k=2,49,false,53,0.120,37,4,2048,0.270,37,4,true
mixed-029-1,mixed,seed=0xc049ee76ccb092c7;cycles=8;planted=2;d_b=8;m=3;gap=2;k=2,49,false,53,0.120,37,4,4096,0.273,37,4,true
mixed-029-1,mixed,seed=0xc049ee76ccb092c7;cycles=8;planted=2;d_b=8;m=3;gap=2;k=2,49,false,53,0.120,37,4,8192,0.270,37,4,true
mixed-029-1,mixed,seed=0xc049ee76ccb092c7;cycles=8;planted=2;d_b=8;m=3;gap=2;k=2,49,false,53,0.120,37,4,16384,0.271,37,4,true
dec-089,dec,d_b=8;m=3;gap=7;k=4;q=1;s=12,40,false,42,0.092,18,2,1,0.020,25,24,false
dec-089,dec,d_b=8;m=3;gap=7;k=4;q=1;s=12,40,false,42,0.092,18,2,2,0.020,25,24,false
dec-089,dec,d_b=8;m=3;gap=7;k=4;q=1;s=12,40,false,42,0.092,18,2,4,0.036,25,24,false
dec-089,dec,d_b=8;m=3;gap=7;k=4;q=1;s=12,40,false,42,0.092,18,2,8,0.053,25,24,false
dec-089,dec,d_b=8;m=3;gap=7;k=4;q=1;s=12,40,false,42,0.092,18,2,16,0.106,18,2,false
dec-089,dec,d_b=8;m=3;gap=7;k=4;q=1;s=12,40,false,42,0.092,18,2,32,0.216,18,2,false
dec-089,dec,d_b=8;m=3;gap=7;k=4;q=1;s=12,40,false,42,0.092,18,2,64,0.255,18,2,true
dec-089,dec,d_b=8;m=3;gap=7;k=4;q=1;s=12,40,false,42,0.092,18,2,128,0.258,18,2,true
dec-089,dec,d_b=8;m=3;gap=7;k=4;q=1;s=12,40,false,42,0.092,18,2,256,0.252,18,2,true
dec-089,dec,d_b=8;m=3;gap=7;k=4;q=1;s=12,40,false,42,0.092,18,2,512,0.251,18,2,true
dec-089,dec,d_b=8;m=3;gap=7;k=4;q=1;s=12,40,false,42,0.092,18,2,1024,0.252,18,2,true
dec-089,dec,d_b=8;m=3;gap=7;k=4;q=1;s=12,40,false,42,0.092,18,2,2048,0.253,18,2,true
dec-089,dec,d_b=8;m=3;gap=7;k=4;q=1;s=12,40,false,42,0.092,18,2,4096,0.265,18,2,true
dec-089,dec,d_b=8;m=3;gap=7;k=4;q=1;s=12,40,false,42,0.092,18,2,8192,0.247,18,2,true
dec-089,dec,d_b=8;m=3;gap=7;k=4;q=1;s=12,40,false,42,0.092,18,2,16384,0.248,18,2,true
mixed-029-2,mixed,seed=0xe2c10fc7321769eb;cycles=8;planted=2;d_b=8;m=3;gap=2;k=2,49,false,55,0.125,37,4,1,0.032,43,40,false
mixed-029-2,mixed,seed=0xe2c10fc7321769eb;cycles=8;planted=2;d_b=8;m=3;gap=2;k=2,49,false,55,0.125,37,4,2,0.036,43,40,false
mixed-029-2,mixed,seed=0xe2c10fc7321769eb;cycles=8;planted=2;d_b=8;m=3;gap=2;k=2,49,false,55,0.125,37,4,4,0.049,43,40,false
mixed-029-2,mixed,seed=0xe2c10fc7321769eb;cycles=8;planted=2;d_b=8;m=3;gap=2;k=2,49,false,55,0.125,37,4,8,0.079,43,40,false
mixed-029-2,mixed,seed=0xe2c10fc7321769eb;cycles=8;planted=2;d_b=8;m=3;gap=2;k=2,49,false,55,0.125,37,4,16,0.139,43,40,false
mixed-029-2,mixed,seed=0xe2c10fc7321769eb;cycles=8;planted=2;d_b=8;m=3;gap=2;k=2,49,false,55,0.125,37,4,32,0.274,37,4,false
mixed-029-2,mixed,seed=0xe2c10fc7321769eb;cycles=8;planted=2;d_b=8;m=3;gap=2;k=2,49,false,55,0.125,37,4,64,0.418,37,4,true
mixed-029-2,mixed,seed=0xe2c10fc7321769eb;cycles=8;planted=2;d_b=8;m=3;gap=2;k=2,49,false,55,0.125,37,4,128,0.416,37,4,true
mixed-029-2,mixed,seed=0xe2c10fc7321769eb;cycles=8;planted=2;d_b=8;m=3;gap=2;k=2,49,false,55,0.125,37,4,256,0.416,37,4,true
mixed-029-2,mixed,seed=0xe2c10fc7321769eb;cycles=8;planted=2;d_b=8;m=3;gap=2;k=2,49,false,55,0.125,37,4,512,0.414,37,4,true
mixed-029-2,mixed,seed=0xe2c10fc7321769eb;cycles=8;planted=2;d_b=8;m=3;gap=2;k=2,49,false,55,0.125,37,4,1024,0.411,37,4,true
mixed-029-2,mixed,seed=0xe2c10fc7321769eb;cycles=8;planted=2;d_b=8;m=3;gap=2;k=2,49,false,55,0.125,37,4,2048,0.412,37,4,true
mixed-029-2,mixed,seed=0xe2c10fc7321769eb;cycles=8;planted=2;d_b=8;m=3;gap=2;k=2,49,false,55,0.125,37,4,4096,0.413,37,4,true
mixed-029-2,mixed,seed=0xe2c10fc7321769eb;cycles=8;planted=2;d_b=8;m=3;gap=2;k=2,49,false,55,0.125,37,4,8192,0.411,37,4,true
mixed-029-2,mixed,seed=0xe2c10fc7321769eb;cycles=8;planted=2;d_b=8;m=3;gap=2;k=2,49,false,55,0.125,37,4,16384,0.443,37,4,true
dec-090,dec,d_b=8;m=3;gap=13;k=1;q=1;s=15,16,false,18,0.033,18,2,1,0.014,31,30,false
dec-090,dec,d_b=8;m=3;gap=13;k=1;q=1;s=15,16,false,18,0.033,18,2,2,0.025,18,2,false
dec-090,dec,d_b=8;m=3;gap=13;k=1;q=1;s=15,16,false,18,0.033,18,2,4,0.037,18,2,false
dec-090,dec,d_b=8;m=3;gap=13;k=1;q=1;s=15,16,false,18,0.033,18,2,8,0.058,18,2,false
dec-090,dec,d_b=8;m=3;gap=13;k=1;q=1;s=15,16,false,18,0.033,18,2,16,0.111,18,2,true
dec-090,dec,d_b=8;m=3;gap=13;k=1;q=1;s=15,16,false,18,0.033,18,2,32,0.108,18,2,true
dec-090,dec,d_b=8;m=3;gap=13;k=1;q=1;s=15,16,false,18,0.033,18,2,64,0.107,18,2,true
dec-090,dec,d_b=8;m=3;gap=13;k=1;q=1;s=15,16,false,18,0.033,18,2,128,0.105,18,2,true
dec-090,dec,d_b=8;m=3;gap=13;k=1;q=1;s=15,16,false,18,0.033,18,2,256,0.105,18,2,true
dec-090,dec,d_b=8;m=3;gap=13;k=1;q=1;s=15,16,false,18,0.033,18,2,512,0.106,18,2,true
dec-090,dec,d_b=8;m=3;gap=13;k=1;q=1;s=15,16,false,18,0.033,18,2,1024,0.104,18,2,true
dec-090,dec,d_b=8;m=3;gap=13;k=1;q=1;s=15,16,false,18,0.033,18,2,2048,0.103,18,2,true
dec-090,dec,d_b=8;m=3;gap=13;k=1;q=1;s=15,16,false,18,0.033,18,2,4096,0.103,18,2,true
dec-090,dec,d_b=8;m=3;gap=13;k=1;q=1;s=15,16,false,18,0.033,18,2,8192,0.103,18,2,true
dec-090,dec,d_b=8;m=3;gap=13;k=1;q=1;s=15,16,false,18,0.033,18,2,16384,0.103,18,2,true
mixed-030-0,mixed,seed=0x7ff40fcf8d4c7a50;cycles=8;planted=2;d_b=12;m=2;gap=6;k=4,61,false,62,0.102,15,2,1,0.018,22,20,false
mixed-030-0,mixed,seed=0x7ff40fcf8d4c7a50;cycles=8;planted=2;d_b=12;m=2;gap=6;k=4,61,false,62,0.102,15,2,2,0.019,22,20,false
mixed-030-0,mixed,seed=0x7ff40fcf8d4c7a50;cycles=8;planted=2;d_b=12;m=2;gap=6;k=4,61,false,62,0.102,15,2,4,0.031,22,20,false
mixed-030-0,mixed,seed=0x7ff40fcf8d4c7a50;cycles=8;planted=2;d_b=12;m=2;gap=6;k=4,61,false,62,0.102,15,2,8,0.054,22,20,false
mixed-030-0,mixed,seed=0x7ff40fcf8d4c7a50;cycles=8;planted=2;d_b=12;m=2;gap=6;k=4,61,false,62,0.102,15,2,16,0.110,15,2,false
mixed-030-0,mixed,seed=0x7ff40fcf8d4c7a50;cycles=8;planted=2;d_b=12;m=2;gap=6;k=4,61,false,62,0.102,15,2,32,0.209,15,2,false
mixed-030-0,mixed,seed=0x7ff40fcf8d4c7a50;cycles=8;planted=2;d_b=12;m=2;gap=6;k=4,61,false,62,0.102,15,2,64,0.417,15,2,true
mixed-030-0,mixed,seed=0x7ff40fcf8d4c7a50;cycles=8;planted=2;d_b=12;m=2;gap=6;k=4,61,false,62,0.102,15,2,128,0.412,15,2,true
mixed-030-0,mixed,seed=0x7ff40fcf8d4c7a50;cycles=8;planted=2;d_b=12;m=2;gap=6;k=4,61,false,62,0.102,15,2,256,0.408,15,2,true
mixed-030-0,mixed,seed=0x7ff40fcf8d4c7a50;cycles=8;planted=2;d_b=12;m=2;gap=6;k=4,61,false,62,0.102,15,2,512,0.409,15,2,true
mixed-030-0,mixed,seed=0x7ff40fcf8d4c7a50;cycles=8;planted=2;d_b=12;m=2;gap=6;k=4,61,false,62,0.102,15,2,1024,0.406,15,2,true
mixed-030-0,mixed,seed=0x7ff40fcf8d4c7a50;cycles=8;planted=2;d_b=12;m=2;gap=6;k=4,61,false,62,0.102,15,2,2048,0.406,15,2,true
mixed-030-0,mixed,seed=0x7ff40fcf8d4c7a50;cycles=8;planted=2;d_b=12;m=2;gap=6;k=4,61,false,62,0.102,15,2,4096,0.402,15,2,true
mixed-030-0,mixed,seed=0x7ff40fcf8d4c7a50;cycles=8;planted=2;d_b=12;m=2;gap=6;k=4,61,false,62,0.102,15,2,8192,0.407,15,2,true
mixed-030-0,mixed,seed=0x7ff40fcf8d4c7a50;cycles=8;planted=2;d_b=12;m=2;gap=6;k=4,61,false,62,0.102,15,2,16384,0.426,15,2,true
dec-091,dec,d_b=8;m=3;gap=13;k=2;q=1;s=15,24,false,26,0.040,18,2,1,0.014,31,30,false
dec-091,dec,d_b=8;m=3;gap=13;k=2;q=1;s=15,24,false,26,0.040,18,2,2,0.022,31,30,false
dec-091,dec,d_b=8;m=3;gap=13;k=2;q=1;s=15,24,false,26,0.040,18,2,4,0.042,18,2,false
dec-091,dec,d_b=8;m=3;gap=13;k=2;q=1;s=15,24,false,26,0.040,18,2,8,0.065,18,2,false
dec-091,dec,d_b=8;m=3;gap=13;k=2;q=1;s=15,24,false,26,0.040,18,2,16,0.114,18,2,false
dec-091,dec,d_b=8;m=3;gap=13;k=2;q=1;s=15,24,false,26,0.040,18,2,32,0.174,18,2,true
dec-091,dec,d_b=8;m=3;gap=13;k=2;q=1;s=15,24,false,26,0.040,18,2,64,0.173,18,2,true
dec-091,dec,d_b=8;m=3;gap=13;k=2;q=1;s=15,24,false,26,0.040,18,2,128,0.171,18,2,true
dec-091,dec,d_b=8;m=3;gap=13;k=2;q=1;s=15,24,false,26,0.040,18,2,256,0.169,18,2,true
dec-091,dec,d_b=8;m=3;gap=13;k=2;q=1;s=15,24,false,26,0.040,18,2,512,0.167,18,2,true
dec-091,dec,d_b=8;m=3;gap=13;k=2;q=1;s=15,24,false,26,0.040,18,2,1024,0.168,18,2,true
dec-091,dec,d_b=8;m=3;gap=13;k=2;q=1;s=15,24,false,26,0.040,18,2,2048,0.172,18,2,true
dec-091,dec,d_b=8;m=3;gap=13;k=2;q=1;s=15,24,false,26,0.040,18,2,4096,0.164,18,2,true
dec-091,dec,d_b=8;m=3;gap=13;k=2;q=1;s=15,24,false,26,0.040,18,2,8192,0.179,18,2,true
dec-091,dec,d_b=8;m=3;gap=13;k=2;q=1;s=15,24,false,26,0.040,18,2,16384,0.167,18,2,true
mixed-030-1,mixed,seed=0xdcc5e958760a06dd;cycles=8;planted=2;d_b=12;m=2;gap=6;k=4,810663,false,84815,0.251,44,12,1,0.133,58,48,false
mixed-030-1,mixed,seed=0xdcc5e958760a06dd;cycles=8;planted=2;d_b=12;m=2;gap=6;k=4,810663,false,84815,0.251,44,12,2,0.135,58,48,false
mixed-030-1,mixed,seed=0xdcc5e958760a06dd;cycles=8;planted=2;d_b=12;m=2;gap=6;k=4,810663,false,84815,0.251,44,12,4,0.141,58,48,false
mixed-030-1,mixed,seed=0xdcc5e958760a06dd;cycles=8;planted=2;d_b=12;m=2;gap=6;k=4,810663,false,84815,0.251,44,12,8,0.195,58,48,false
mixed-030-1,mixed,seed=0xdcc5e958760a06dd;cycles=8;planted=2;d_b=12;m=2;gap=6;k=4,810663,false,84815,0.251,44,12,16,0.345,58,48,false
mixed-030-1,mixed,seed=0xdcc5e958760a06dd;cycles=8;planted=2;d_b=12;m=2;gap=6;k=4,810663,false,84815,0.251,44,12,32,0.655,58,48,false
mixed-030-1,mixed,seed=0xdcc5e958760a06dd;cycles=8;planted=2;d_b=12;m=2;gap=6;k=4,810663,false,84815,0.251,44,12,64,1.292,44,12,false
mixed-030-1,mixed,seed=0xdcc5e958760a06dd;cycles=8;planted=2;d_b=12;m=2;gap=6;k=4,810663,false,84815,0.251,44,12,128,2.559,44,12,false
mixed-030-1,mixed,seed=0xdcc5e958760a06dd;cycles=8;planted=2;d_b=12;m=2;gap=6;k=4,810663,false,84815,0.251,44,12,256,4.828,44,12,false
mixed-030-1,mixed,seed=0xdcc5e958760a06dd;cycles=8;planted=2;d_b=12;m=2;gap=6;k=4,810663,false,84815,0.251,44,12,512,8.923,44,12,false
mixed-030-1,mixed,seed=0xdcc5e958760a06dd;cycles=8;planted=2;d_b=12;m=2;gap=6;k=4,810663,false,84815,0.251,44,12,1024,16.959,44,12,false
mixed-030-1,mixed,seed=0xdcc5e958760a06dd;cycles=8;planted=2;d_b=12;m=2;gap=6;k=4,810663,false,84815,0.251,44,12,2048,33.264,44,12,false
mixed-030-1,mixed,seed=0xdcc5e958760a06dd;cycles=8;planted=2;d_b=12;m=2;gap=6;k=4,810663,false,84815,0.251,44,12,4096,67.627,44,12,false
mixed-030-1,mixed,seed=0xdcc5e958760a06dd;cycles=8;planted=2;d_b=12;m=2;gap=6;k=4,810663,false,84815,0.251,44,12,8192,133.628,44,12,false
mixed-030-1,mixed,seed=0xdcc5e958760a06dd;cycles=8;planted=2;d_b=12;m=2;gap=6;k=4,810663,false,84815,0.251,44,12,16384,261.171,44,12,false
dec-092,dec,d_b=8;m=3;gap=13;k=4;q=1;s=15,40,false,42,0.072,18,2,1,0.021,31,30,false
dec-092,dec,d_b=8;m=3;gap=13;k=4;q=1;s=15,40,false,42,0.072,18,2,2,0.029,31,30,false
dec-092,dec,d_b=8;m=3;gap=13;k=4;q=1;s=15,40,false,42,0.072,18,2,4,0.043,31,30,false
dec-092,dec,d_b=8;m=3;gap=13;k=4;q=1;s=15,40,false,42,0.072,18,2,8,0.097,18,2,false
dec-092,dec,d_b=8;m=3;gap=13;k=4;q=1;s=15,40,false,42,0.072,18,2,16,0.121,18,2,false
dec-092,dec,d_b=8;m=3;gap=13;k=4;q=1;s=15,40,false,42,0.072,18,2,32,0.259,18,2,false
dec-092,dec,d_b=8;m=3;gap=13;k=4;q=1;s=15,40,false,42,0.072,18,2,64,0.305,18,2,true
dec-092,dec,d_b=8;m=3;gap=13;k=4;q=1;s=15,40,false,42,0.072,18,2,128,0.304,18,2,true
dec-092,dec,d_b=8;m=3;gap=13;k=4;q=1;s=15,40,false,42,0.072,18,2,256,0.298,18,2,true
dec-092,dec,d_b=8;m=3;gap=13;k=4;q=1;s=15,40,false,42,0.072,18,2,512,0.303,18,2,true
dec-092,dec,d_b=8;m=3;gap=13;k=4;q=1;s=15,40,false,42,0.072,18,2,1024,0.322,18,2,true
dec-092,dec,d_b=8;m=3;gap=13;k=4;q=1;s=15,40,false,42,0.072,18,2,2048,0.327,18,2,true
dec-092,dec,d_b=8;m=3;gap=13;k=4;q=1;s=15,40,false,42,0.072,18,2,4096,0.303,18,2,true
dec-092,dec,d_b=8;m=3;gap=13;k=4;q=1;s=15,40,false,42,0.072,18,2,8192,0.296,18,2,true
dec-092,dec,d_b=8;m=3;gap=13;k=4;q=1;s=15,40,false,42,0.072,18,2,16384,0.293,18,2,true
mixed-030-2,mixed,seed=0xe5e70e85e1278103;cycles=8;planted=2;d_b=12;m=2;gap=6;k=4,61,false,62,0.106,15,2,1,0.018,22,20,false
mixed-030-2,mixed,seed=0xe5e70e85e1278103;cycles=8;planted=2;d_b=12;m=2;gap=6;k=4,61,false,62,0.106,15,2,2,0.019,22,20,false
mixed-030-2,mixed,seed=0xe5e70e85e1278103;cycles=8;planted=2;d_b=12;m=2;gap=6;k=4,61,false,62,0.106,15,2,4,0.031,22,20,false
mixed-030-2,mixed,seed=0xe5e70e85e1278103;cycles=8;planted=2;d_b=12;m=2;gap=6;k=4,61,false,62,0.106,15,2,8,0.053,22,20,false
mixed-030-2,mixed,seed=0xe5e70e85e1278103;cycles=8;planted=2;d_b=12;m=2;gap=6;k=4,61,false,62,0.106,15,2,16,0.108,15,2,false
mixed-030-2,mixed,seed=0xe5e70e85e1278103;cycles=8;planted=2;d_b=12;m=2;gap=6;k=4,61,false,62,0.106,15,2,32,0.205,15,2,false
mixed-030-2,mixed,seed=0xe5e70e85e1278103;cycles=8;planted=2;d_b=12;m=2;gap=6;k=4,61,false,62,0.106,15,2,64,0.412,15,2,true
mixed-030-2,mixed,seed=0xe5e70e85e1278103;cycles=8;planted=2;d_b=12;m=2;gap=6;k=4,61,false,62,0.106,15,2,128,0.407,15,2,true
mixed-030-2,mixed,seed=0xe5e70e85e1278103;cycles=8;planted=2;d_b=12;m=2;gap=6;k=4,61,false,62,0.106,15,2,256,0.407,15,2,true
mixed-030-2,mixed,seed=0xe5e70e85e1278103;cycles=8;planted=2;d_b=12;m=2;gap=6;k=4,61,false,62,0.106,15,2,512,0.410,15,2,true
mixed-030-2,mixed,seed=0xe5e70e85e1278103;cycles=8;planted=2;d_b=12;m=2;gap=6;k=4,61,false,62,0.106,15,2,1024,0.401,15,2,true
mixed-030-2,mixed,seed=0xe5e70e85e1278103;cycles=8;planted=2;d_b=12;m=2;gap=6;k=4,61,false,62,0.106,15,2,2048,0.402,15,2,true
mixed-030-2,mixed,seed=0xe5e70e85e1278103;cycles=8;planted=2;d_b=12;m=2;gap=6;k=4,61,false,62,0.106,15,2,4096,0.410,15,2,true
mixed-030-2,mixed,seed=0xe5e70e85e1278103;cycles=8;planted=2;d_b=12;m=2;gap=6;k=4,61,false,62,0.106,15,2,8192,0.402,15,2,true
mixed-030-2,mixed,seed=0xe5e70e85e1278103;cycles=8;planted=2;d_b=12;m=2;gap=6;k=4,61,false,62,0.106,15,2,16384,0.399,15,2,true
dec-093,dec,d_b=8;m=5;gap=1;k=1;q=3;s=17,16,false,18,0.056,34,2,1,0.015,35,34,false
dec-093,dec,d_b=8;m=5;gap=1;k=1;q=3;s=17,16,false,18,0.056,34,2,2,0.026,35,34,false
dec-093,dec,d_b=8;m=5;gap=1;k=1;q=3;s=17,16,false,18,0.056,34,2,4,0.036,35,34,false
dec-093,dec,d_b=8;m=5;gap=1;k=1;q=3;s=17,16,false,18,0.056,34,2,8,0.058,34,2,false
dec-093,dec,d_b=8;m=5;gap=1;k=1;q=3;s=17,16,false,18,0.056,34,2,16,0.113,34,2,true
dec-093,dec,d_b=8;m=5;gap=1;k=1;q=3;s=17,16,false,18,0.056,34,2,32,0.113,34,2,true
dec-093,dec,d_b=8;m=5;gap=1;k=1;q=3;s=17,16,false,18,0.056,34,2,64,0.109,34,2,true
dec-093,dec,d_b=8;m=5;gap=1;k=1;q=3;s=17,16,false,18,0.056,34,2,128,0.108,34,2,true
dec-093,dec,d_b=8;m=5;gap=1;k=1;q=3;s=17,16,false,18,0.056,34,2,256,0.106,34,2,true
dec-093,dec,d_b=8;m=5;gap=1;k=1;q=3;s=17,16,false,18,0.056,34,2,512,0.105,34,2,true
dec-093,dec,d_b=8;m=5;gap=1;k=1;q=3;s=17,16,false,18,0.056,34,2,1024,0.105,34,2,true
dec-093,dec,d_b=8;m=5;gap=1;k=1;q=3;s=17,16,false,18,0.056,34,2,2048,0.104,34,2,true
dec-093,dec,d_b=8;m=5;gap=1;k=1;q=3;s=17,16,false,18,0.056,34,2,4096,0.110,34,2,true
dec-093,dec,d_b=8;m=5;gap=1;k=1;q=3;s=17,16,false,18,0.056,34,2,8192,0.120,34,2,true
dec-093,dec,d_b=8;m=5;gap=1;k=1;q=3;s=17,16,false,18,0.056,34,2,16384,0.108,34,2,true
mixed-031-0,mixed,seed=0x7b03a46173a7c4d1;cycles=8;planted=2;d_b=16;m=5;gap=2;k=1,1501077,false,152205,0.339,139,8,1,0.084,145,140,false
mixed-031-0,mixed,seed=0x7b03a46173a7c4d1;cycles=8;planted=2;d_b=16;m=5;gap=2;k=1,1501077,false,152205,0.339,139,8,2,0.087,145,140,false
mixed-031-0,mixed,seed=0x7b03a46173a7c4d1;cycles=8;planted=2;d_b=16;m=5;gap=2;k=1,1501077,false,152205,0.339,139,8,4,0.102,145,140,false
mixed-031-0,mixed,seed=0x7b03a46173a7c4d1;cycles=8;planted=2;d_b=16;m=5;gap=2;k=1,1501077,false,152205,0.339,139,8,8,0.146,145,140,false
mixed-031-0,mixed,seed=0x7b03a46173a7c4d1;cycles=8;planted=2;d_b=16;m=5;gap=2;k=1,1501077,false,152205,0.339,139,8,16,0.210,145,140,false
mixed-031-0,mixed,seed=0x7b03a46173a7c4d1;cycles=8;planted=2;d_b=16;m=5;gap=2;k=1,1501077,false,152205,0.339,139,8,32,0.384,142,74,false
mixed-031-0,mixed,seed=0x7b03a46173a7c4d1;cycles=8;planted=2;d_b=16;m=5;gap=2;k=1,1501077,false,152205,0.339,139,8,64,0.724,142,74,false
mixed-031-0,mixed,seed=0x7b03a46173a7c4d1;cycles=8;planted=2;d_b=16;m=5;gap=2;k=1,1501077,false,152205,0.339,139,8,128,1.252,139,8,false
mixed-031-0,mixed,seed=0x7b03a46173a7c4d1;cycles=8;planted=2;d_b=16;m=5;gap=2;k=1,1501077,false,152205,0.339,139,8,256,1.946,139,8,false
mixed-031-0,mixed,seed=0x7b03a46173a7c4d1;cycles=8;planted=2;d_b=16;m=5;gap=2;k=1,1501077,false,152205,0.339,139,8,512,2.984,139,8,false
mixed-031-0,mixed,seed=0x7b03a46173a7c4d1;cycles=8;planted=2;d_b=16;m=5;gap=2;k=1,1501077,false,152205,0.339,139,8,1024,4.981,139,8,false
mixed-031-0,mixed,seed=0x7b03a46173a7c4d1;cycles=8;planted=2;d_b=16;m=5;gap=2;k=1,1501077,false,152205,0.339,139,8,2048,9.623,139,8,false
mixed-031-0,mixed,seed=0x7b03a46173a7c4d1;cycles=8;planted=2;d_b=16;m=5;gap=2;k=1,1501077,false,152205,0.339,139,8,4096,20.162,139,8,false
mixed-031-0,mixed,seed=0x7b03a46173a7c4d1;cycles=8;planted=2;d_b=16;m=5;gap=2;k=1,1501077,false,152205,0.339,139,8,8192,41.219,139,8,false
mixed-031-0,mixed,seed=0x7b03a46173a7c4d1;cycles=8;planted=2;d_b=16;m=5;gap=2;k=1,1501077,false,152205,0.339,139,8,16384,81.076,139,8,false
dec-094,dec,d_b=8;m=5;gap=1;k=2;q=3;s=17,24,false,26,0.098,34,2,1,0.019,35,34,false
dec-094,dec,d_b=8;m=5;gap=1;k=2;q=3;s=17,24,false,26,0.098,34,2,2,0.026,35,34,false
dec-094,dec,d_b=8;m=5;gap=1;k=2;q=3;s=17,24,false,26,0.098,34,2,4,0.051,35,34,false
dec-094,dec,d_b=8;m=5;gap=1;k=2;q=3;s=17,24,false,26,0.098,34,2,8,0.072,35,34,false
dec-094,dec,d_b=8;m=5;gap=1;k=2;q=3;s=17,24,false,26,0.098,34,2,16,0.123,34,2,false
dec-094,dec,d_b=8;m=5;gap=1;k=2;q=3;s=17,24,false,26,0.098,34,2,32,0.192,34,2,true
dec-094,dec,d_b=8;m=5;gap=1;k=2;q=3;s=17,24,false,26,0.098,34,2,64,0.182,34,2,true
dec-094,dec,d_b=8;m=5;gap=1;k=2;q=3;s=17,24,false,26,0.098,34,2,128,0.183,34,2,true
dec-094,dec,d_b=8;m=5;gap=1;k=2;q=3;s=17,24,false,26,0.098,34,2,256,0.182,34,2,true
dec-094,dec,d_b=8;m=5;gap=1;k=2;q=3;s=17,24,false,26,0.098,34,2,512,0.187,34,2,true
dec-094,dec,d_b=8;m=5;gap=1;k=2;q=3;s=17,24,false,26,0.098,34,2,1024,0.184,34,2,true
dec-094,dec,d_b=8;m=5;gap=1;k=2;q=3;s=17,24,false,26,0.098,34,2,2048,0.206,34,2,true
dec-094,dec,d_b=8;m=5;gap=1;k=2;q=3;s=17,24,false,26,0.098,34,2,4096,0.200,34,2,true
dec-094,dec,d_b=8;m=5;gap=1;k=2;q=3;s=17,24,false,26,0.098,34,2,8192,0.180,34,2,true
dec-094,dec,d_b=8;m=5;gap=1;k=2;q=3;s=17,24,false,26,0.098,34,2,16384,0.180,34,2,true
mixed-031-1,mixed,seed=0x81d64a28ca8dd9c1;cycles=8;planted=2;d_b=16;m=5;gap=2;k=1,66,false,70,0.312,134,4,1,0.048,140,136,false
mixed-031-1,mixed,seed=0x81d64a28ca8dd9c1;cycles=8;planted=2;d_b=16;m=5;gap=2;k=1,66,false,70,0.312,134,4,2,0.047,140,136,false
mixed-031-1,mixed,seed=0x81d64a28ca8dd9c1;cycles=8;planted=2;d_b=16;m=5;gap=2;k=1,66,false,70,0.312,134,4,4,0.061,140,136,false
mixed-031-1,mixed,seed=0x81d64a28ca8dd9c1;cycles=8;planted=2;d_b=16;m=5;gap=2;k=1,66,false,70,0.312,134,4,8,0.097,140,136,false
mixed-031-1,mixed,seed=0x81d64a28ca8dd9c1;cycles=8;planted=2;d_b=16;m=5;gap=2;k=1,66,false,70,0.312,134,4,16,0.165,140,136,false
mixed-031-1,mixed,seed=0x81d64a28ca8dd9c1;cycles=8;planted=2;d_b=16;m=5;gap=2;k=1,66,false,70,0.312,134,4,32,0.321,137,70,false
mixed-031-1,mixed,seed=0x81d64a28ca8dd9c1;cycles=8;planted=2;d_b=16;m=5;gap=2;k=1,66,false,70,0.312,134,4,64,0.682,134,4,false
mixed-031-1,mixed,seed=0x81d64a28ca8dd9c1;cycles=8;planted=2;d_b=16;m=5;gap=2;k=1,66,false,70,0.312,134,4,128,0.739,134,4,true
mixed-031-1,mixed,seed=0x81d64a28ca8dd9c1;cycles=8;planted=2;d_b=16;m=5;gap=2;k=1,66,false,70,0.312,134,4,256,0.745,134,4,true
mixed-031-1,mixed,seed=0x81d64a28ca8dd9c1;cycles=8;planted=2;d_b=16;m=5;gap=2;k=1,66,false,70,0.312,134,4,512,0.741,134,4,true
mixed-031-1,mixed,seed=0x81d64a28ca8dd9c1;cycles=8;planted=2;d_b=16;m=5;gap=2;k=1,66,false,70,0.312,134,4,1024,0.740,134,4,true
mixed-031-1,mixed,seed=0x81d64a28ca8dd9c1;cycles=8;planted=2;d_b=16;m=5;gap=2;k=1,66,false,70,0.312,134,4,2048,0.726,134,4,true
mixed-031-1,mixed,seed=0x81d64a28ca8dd9c1;cycles=8;planted=2;d_b=16;m=5;gap=2;k=1,66,false,70,0.312,134,4,4096,0.716,134,4,true
mixed-031-1,mixed,seed=0x81d64a28ca8dd9c1;cycles=8;planted=2;d_b=16;m=5;gap=2;k=1,66,false,70,0.312,134,4,8192,0.735,134,4,true
mixed-031-1,mixed,seed=0x81d64a28ca8dd9c1;cycles=8;planted=2;d_b=16;m=5;gap=2;k=1,66,false,70,0.312,134,4,16384,0.703,134,4,true
dec-095,dec,d_b=8;m=5;gap=1;k=4;q=3;s=17,40,false,42,0.148,34,2,1,0.018,35,34,false
dec-095,dec,d_b=8;m=5;gap=1;k=4;q=3;s=17,40,false,42,0.148,34,2,2,0.026,35,34,false
dec-095,dec,d_b=8;m=5;gap=1;k=4;q=3;s=17,40,false,42,0.148,34,2,4,0.041,35,34,false
dec-095,dec,d_b=8;m=5;gap=1;k=4;q=3;s=17,40,false,42,0.148,34,2,8,0.077,35,34,false
dec-095,dec,d_b=8;m=5;gap=1;k=4;q=3;s=17,40,false,42,0.148,34,2,16,0.128,35,34,false
dec-095,dec,d_b=8;m=5;gap=1;k=4;q=3;s=17,40,false,42,0.148,34,2,32,0.259,34,2,false
dec-095,dec,d_b=8;m=5;gap=1;k=4;q=3;s=17,40,false,42,0.148,34,2,64,0.322,34,2,true
dec-095,dec,d_b=8;m=5;gap=1;k=4;q=3;s=17,40,false,42,0.148,34,2,128,0.319,34,2,true
dec-095,dec,d_b=8;m=5;gap=1;k=4;q=3;s=17,40,false,42,0.148,34,2,256,0.315,34,2,true
dec-095,dec,d_b=8;m=5;gap=1;k=4;q=3;s=17,40,false,42,0.148,34,2,512,0.316,34,2,true
dec-095,dec,d_b=8;m=5;gap=1;k=4;q=3;s=17,40,false,42,0.148,34,2,1024,0.313,34,2,true
dec-095,dec,d_b=8;m=5;gap=1;k=4;q=3;s=17,40,false,42,0.148,34,2,2048,0.313,34,2,true
dec-095,dec,d_b=8;m=5;gap=1;k=4;q=3;s=17,40,false,42,0.148,34,2,4096,0.312,34,2,true
dec-095,dec,d_b=8;m=5;gap=1;k=4;q=3;s=17,40,false,42,0.148,34,2,8192,0.312,34,2,true
dec-095,dec,d_b=8;m=5;gap=1;k=4;q=3;s=17,40,false,42,0.148,34,2,16384,0.317,34,2,true
mixed-031-2,mixed,seed=0x5e36d17445fb1a34;cycles=8;planted=2;d_b=16;m=5;gap=2;k=1,2187670,false,210242,0.365,138,8,1,0.126,144,140,false
mixed-031-2,mixed,seed=0x5e36d17445fb1a34;cycles=8;planted=2;d_b=16;m=5;gap=2;k=1,2187670,false,210242,0.365,138,8,2,0.140,144,140,false
mixed-031-2,mixed,seed=0x5e36d17445fb1a34;cycles=8;planted=2;d_b=16;m=5;gap=2;k=1,2187670,false,210242,0.365,138,8,4,0.159,144,140,false
mixed-031-2,mixed,seed=0x5e36d17445fb1a34;cycles=8;planted=2;d_b=16;m=5;gap=2;k=1,2187670,false,210242,0.365,138,8,8,0.236,144,140,false
mixed-031-2,mixed,seed=0x5e36d17445fb1a34;cycles=8;planted=2;d_b=16;m=5;gap=2;k=1,2187670,false,210242,0.365,138,8,16,0.301,144,140,false
mixed-031-2,mixed,seed=0x5e36d17445fb1a34;cycles=8;planted=2;d_b=16;m=5;gap=2;k=1,2187670,false,210242,0.365,138,8,32,0.441,144,140,false
mixed-031-2,mixed,seed=0x5e36d17445fb1a34;cycles=8;planted=2;d_b=16;m=5;gap=2;k=1,2187670,false,210242,0.365,138,8,64,0.739,144,140,false
mixed-031-2,mixed,seed=0x5e36d17445fb1a34;cycles=8;planted=2;d_b=16;m=5;gap=2;k=1,2187670,false,210242,0.365,138,8,128,1.386,144,140,false
mixed-031-2,mixed,seed=0x5e36d17445fb1a34;cycles=8;planted=2;d_b=16;m=5;gap=2;k=1,2187670,false,210242,0.365,138,8,256,2.644,138,8,false
mixed-031-2,mixed,seed=0x5e36d17445fb1a34;cycles=8;planted=2;d_b=16;m=5;gap=2;k=1,2187670,false,210242,0.365,138,8,512,4.765,138,8,false
mixed-031-2,mixed,seed=0x5e36d17445fb1a34;cycles=8;planted=2;d_b=16;m=5;gap=2;k=1,2187670,false,210242,0.365,138,8,1024,8.586,138,8,false
mixed-031-2,mixed,seed=0x5e36d17445fb1a34;cycles=8;planted=2;d_b=16;m=5;gap=2;k=1,2187670,false,210242,0.365,138,8,2048,16.238,138,8,false
mixed-031-2,mixed,seed=0x5e36d17445fb1a34;cycles=8;planted=2;d_b=16;m=5;gap=2;k=1,2187670,false,210242,0.365,138,8,4096,33.053,138,8,false
mixed-031-2,mixed,seed=0x5e36d17445fb1a34;cycles=8;planted=2;d_b=16;m=5;gap=2;k=1,2187670,false,210242,0.365,138,8,8192,65.721,138,8,false
mixed-031-2,mixed,seed=0x5e36d17445fb1a34;cycles=8;planted=2;d_b=16;m=5;gap=2;k=1,2187670,false,210242,0.365,138,8,16384,134.608,138,8,false
dec-096,dec,d_b=8;m=5;gap=3;k=1;q=3;s=18,16,false,18,0.068,34,2,1,0.020,37,36,false
dec-096,dec,d_b=8;m=5;gap=3;k=1;q=3;s=18,16,false,18,0.068,34,2,2,0.029,37,36,false
dec-096,dec,d_b=8;m=5;gap=3;k=1;q=3;s=18,16,false,18,0.068,34,2,4,0.040,37,36,false
dec-096,dec,d_b=8;m=5;gap=3;k=1;q=3;s=18,16,false,18,0.068,34,2,8,0.065,34,2,false
dec-096,dec,d_b=8;m=5;gap=3;k=1;q=3;s=18,16,false,18,0.068,34,2,16,0.118,34,2,true
dec-096,dec,d_b=8;m=5;gap=3;k=1;q=3;s=18,16,false,18,0.068,34,2,32,0.121,34,2,true
dec-096,dec,d_b=8;m=5;gap=3;k=1;q=3;s=18,16,false,18,0.068,34,2,64,0.117,34,2,true
dec-096,dec,d_b=8;m=5;gap=3;k=1;q=3;s=18,16,false,18,0.068,34,2,128,0.113,34,2,true
dec-096,dec,d_b=8;m=5;gap=3;k=1;q=3;s=18,16,false,18,0.068,34,2,256,0.111,34,2,true
dec-096,dec,d_b=8;m=5;gap=3;k=1;q=3;s=18,16,false,18,0.068,34,2,512,0.109,34,2,true
dec-096,dec,d_b=8;m=5;gap=3;k=1;q=3;s=18,16,false,18,0.068,34,2,1024,0.108,34,2,true
dec-096,dec,d_b=8;m=5;gap=3;k=1;q=3;s=18,16,false,18,0.068,34,2,2048,0.107,34,2,true
dec-096,dec,d_b=8;m=5;gap=3;k=1;q=3;s=18,16,false,18,0.068,34,2,4096,0.107,34,2,true
dec-096,dec,d_b=8;m=5;gap=3;k=1;q=3;s=18,16,false,18,0.068,34,2,8192,0.108,34,2,true
dec-096,dec,d_b=8;m=5;gap=3;k=1;q=3;s=18,16,false,18,0.068,34,2,16384,0.107,34,2,true
mixed-032-0,mixed,seed=0x386d639a1a9f5d15;cycles=8;planted=3;d_b=4;m=2;gap=1;k=2,1327463,false,132979,0.145,29,12,1,0.109,32,24,false
mixed-032-0,mixed,seed=0x386d639a1a9f5d15;cycles=8;planted=3;d_b=4;m=2;gap=1;k=2,1327463,false,132979,0.145,29,12,2,0.111,32,24,false
mixed-032-0,mixed,seed=0x386d639a1a9f5d15;cycles=8;planted=3;d_b=4;m=2;gap=1;k=2,1327463,false,132979,0.145,29,12,4,0.149,32,24,false
mixed-032-0,mixed,seed=0x386d639a1a9f5d15;cycles=8;planted=3;d_b=4;m=2;gap=1;k=2,1327463,false,132979,0.145,29,12,8,0.205,32,24,false
mixed-032-0,mixed,seed=0x386d639a1a9f5d15;cycles=8;planted=3;d_b=4;m=2;gap=1;k=2,1327463,false,132979,0.145,29,12,16,0.282,32,24,false
mixed-032-0,mixed,seed=0x386d639a1a9f5d15;cycles=8;planted=3;d_b=4;m=2;gap=1;k=2,1327463,false,132979,0.145,29,12,32,0.469,32,24,false
mixed-032-0,mixed,seed=0x386d639a1a9f5d15;cycles=8;planted=3;d_b=4;m=2;gap=1;k=2,1327463,false,132979,0.145,29,12,64,0.843,32,24,false
mixed-032-0,mixed,seed=0x386d639a1a9f5d15;cycles=8;planted=3;d_b=4;m=2;gap=1;k=2,1327463,false,132979,0.145,29,12,128,1.258,30,16,false
mixed-032-0,mixed,seed=0x386d639a1a9f5d15;cycles=8;planted=3;d_b=4;m=2;gap=1;k=2,1327463,false,132979,0.145,29,12,256,2.051,29,12,false
mixed-032-0,mixed,seed=0x386d639a1a9f5d15;cycles=8;planted=3;d_b=4;m=2;gap=1;k=2,1327463,false,132979,0.145,29,12,512,3.395,29,12,false
mixed-032-0,mixed,seed=0x386d639a1a9f5d15;cycles=8;planted=3;d_b=4;m=2;gap=1;k=2,1327463,false,132979,0.145,29,12,1024,6.078,29,12,false
mixed-032-0,mixed,seed=0x386d639a1a9f5d15;cycles=8;planted=3;d_b=4;m=2;gap=1;k=2,1327463,false,132979,0.145,29,12,2048,11.088,29,12,false
mixed-032-0,mixed,seed=0x386d639a1a9f5d15;cycles=8;planted=3;d_b=4;m=2;gap=1;k=2,1327463,false,132979,0.145,29,12,4096,21.800,29,12,false
mixed-032-0,mixed,seed=0x386d639a1a9f5d15;cycles=8;planted=3;d_b=4;m=2;gap=1;k=2,1327463,false,132979,0.145,29,12,8192,42.008,29,12,false
mixed-032-0,mixed,seed=0x386d639a1a9f5d15;cycles=8;planted=3;d_b=4;m=2;gap=1;k=2,1327463,false,132979,0.145,29,12,16384,81.932,29,12,false
dec-097,dec,d_b=8;m=5;gap=3;k=2;q=3;s=18,24,false,26,0.103,34,2,1,0.020,37,36,false
dec-097,dec,d_b=8;m=5;gap=3;k=2;q=3;s=18,24,false,26,0.103,34,2,2,0.028,37,36,false
dec-097,dec,d_b=8;m=5;gap=3;k=2;q=3;s=18,24,false,26,0.103,34,2,4,0.040,37,36,false
dec-097,dec,d_b=8;m=5;gap=3;k=2;q=3;s=18,24,false,26,0.103,34,2,8,0.071,37,36,false
dec-097,dec,d_b=8;m=5;gap=3;k=2;q=3;s=18,24,false,26,0.103,34,2,16,0.129,34,2,false
dec-097,dec,d_b=8;m=5;gap=3;k=2;q=3;s=18,24,false,26,0.103,34,2,32,0.190,34,2,true
dec-097,dec,d_b=8;m=5;gap=3;k=2;q=3;s=18,24,false,26,0.103,34,2,64,0.183,34,2,true
dec-097,dec,d_b=8;m=5;gap=3;k=2;q=3;s=18,24,false,26,0.103,34,2,128,0.182,34,2,true
dec-097,dec,d_b=8;m=5;gap=3;k=2;q=3;s=18,24,false,26,0.103,34,2,256,0.180,34,2,true
dec-097,dec,d_b=8;m=5;gap=3;k=2;q=3;s=18,24,false,26,0.103,34,2,512,0.180,34,2,true
dec-097,dec,d_b=8;m=5;gap=3;k=2;q=3;s=18,24,false,26,0.103,34,2,1024,0.178,34,2,true
dec-097,dec,d_b=8;m=5;gap=3;k=2;q=3;s=18,24,false,26,0.103,34,2,2048,0.178,34,2,true
dec-097,dec,d_b=8;m=5;gap=3;k=2;q=3;s=18,24,false,26,0.103,34,2,4096,0.176,34,2,true
dec-097,dec,d_b=8;m=5;gap=3;k=2;q=3;s=18,24,false,26,0.103,34,2,8192,0.177,34,2,true
dec-097,dec,d_b=8;m=5;gap=3;k=2;q=3;s=18,24,false,26,0.103,34,2,16384,0.177,34,2,true
mixed-032-1,mixed,seed=0x61f2e8b302ff90ca;cycles=8;planted=3;d_b=4;m=2;gap=1;k=2,13,false,14,0.028,7,2,1,0.010,8,6,false
mixed-032-1,mixed,seed=0x61f2e8b302ff90ca;cycles=8;planted=3;d_b=4;m=2;gap=1;k=2,13,false,14,0.028,7,2,2,0.011,8,6,false
mixed-032-1,mixed,seed=0x61f2e8b302ff90ca;cycles=8;planted=3;d_b=4;m=2;gap=1;k=2,13,false,14,0.028,7,2,4,0.019,8,6,false
mixed-032-1,mixed,seed=0x61f2e8b302ff90ca;cycles=8;planted=3;d_b=4;m=2;gap=1;k=2,13,false,14,0.028,7,2,8,0.033,7,2,false
mixed-032-1,mixed,seed=0x61f2e8b302ff90ca;cycles=8;planted=3;d_b=4;m=2;gap=1;k=2,13,false,14,0.028,7,2,16,0.048,7,2,true
mixed-032-1,mixed,seed=0x61f2e8b302ff90ca;cycles=8;planted=3;d_b=4;m=2;gap=1;k=2,13,false,14,0.028,7,2,32,0.047,7,2,true
mixed-032-1,mixed,seed=0x61f2e8b302ff90ca;cycles=8;planted=3;d_b=4;m=2;gap=1;k=2,13,false,14,0.028,7,2,64,0.047,7,2,true
mixed-032-1,mixed,seed=0x61f2e8b302ff90ca;cycles=8;planted=3;d_b=4;m=2;gap=1;k=2,13,false,14,0.028,7,2,128,0.046,7,2,true
mixed-032-1,mixed,seed=0x61f2e8b302ff90ca;cycles=8;planted=3;d_b=4;m=2;gap=1;k=2,13,false,14,0.028,7,2,256,0.045,7,2,true
mixed-032-1,mixed,seed=0x61f2e8b302ff90ca;cycles=8;planted=3;d_b=4;m=2;gap=1;k=2,13,false,14,0.028,7,2,512,0.046,7,2,true
mixed-032-1,mixed,seed=0x61f2e8b302ff90ca;cycles=8;planted=3;d_b=4;m=2;gap=1;k=2,13,false,14,0.028,7,2,1024,0.045,7,2,true
mixed-032-1,mixed,seed=0x61f2e8b302ff90ca;cycles=8;planted=3;d_b=4;m=2;gap=1;k=2,13,false,14,0.028,7,2,2048,0.045,7,2,true
mixed-032-1,mixed,seed=0x61f2e8b302ff90ca;cycles=8;planted=3;d_b=4;m=2;gap=1;k=2,13,false,14,0.028,7,2,4096,0.045,7,2,true
mixed-032-1,mixed,seed=0x61f2e8b302ff90ca;cycles=8;planted=3;d_b=4;m=2;gap=1;k=2,13,false,14,0.028,7,2,8192,0.045,7,2,true
mixed-032-1,mixed,seed=0x61f2e8b302ff90ca;cycles=8;planted=3;d_b=4;m=2;gap=1;k=2,13,false,14,0.028,7,2,16384,0.044,7,2,true
dec-098,dec,d_b=8;m=5;gap=3;k=4;q=3;s=18,40,false,42,0.149,34,2,1,0.017,37,36,false
dec-098,dec,d_b=8;m=5;gap=3;k=4;q=3;s=18,40,false,42,0.149,34,2,2,0.026,37,36,false
dec-098,dec,d_b=8;m=5;gap=3;k=4;q=3;s=18,40,false,42,0.149,34,2,4,0.041,37,36,false
dec-098,dec,d_b=8;m=5;gap=3;k=4;q=3;s=18,40,false,42,0.149,34,2,8,0.072,37,36,false
dec-098,dec,d_b=8;m=5;gap=3;k=4;q=3;s=18,40,false,42,0.149,34,2,16,0.128,37,36,false
dec-098,dec,d_b=8;m=5;gap=3;k=4;q=3;s=18,40,false,42,0.149,34,2,32,0.269,34,2,false
dec-098,dec,d_b=8;m=5;gap=3;k=4;q=3;s=18,40,false,42,0.149,34,2,64,0.335,34,2,true
dec-098,dec,d_b=8;m=5;gap=3;k=4;q=3;s=18,40,false,42,0.149,34,2,128,0.334,34,2,true
dec-098,dec,d_b=8;m=5;gap=3;k=4;q=3;s=18,40,false,42,0.149,34,2,256,0.327,34,2,true
dec-098,dec,d_b=8;m=5;gap=3;k=4;q=3;s=18,40,false,42,0.149,34,2,512,0.326,34,2,true
dec-098,dec,d_b=8;m=5;gap=3;k=4;q=3;s=18,40,false,42,0.149,34,2,1024,0.324,34,2,true
dec-098,dec,d_b=8;m=5;gap=3;k=4;q=3;s=18,40,false,42,0.149,34,2,2048,0.323,34,2,true
dec-098,dec,d_b=8;m=5;gap=3;k=4;q=3;s=18,40,false,42,0.149,34,2,4096,0.328,34,2,true
dec-098,dec,d_b=8;m=5;gap=3;k=4;q=3;s=18,40,false,42,0.149,34,2,8192,0.321,34,2,true
dec-098,dec,d_b=8;m=5;gap=3;k=4;q=3;s=18,40,false,42,0.149,34,2,16384,0.322,34,2,true
mixed-032-2,mixed,seed=0x99cae54220100e3f;cycles=8;planted=3;d_b=4;m=2;gap=1;k=2,810576,false,84755,0.143,30,10,1,0.102,33,22,false
mixed-032-2,mixed,seed=0x99cae54220100e3f;cycles=8;planted=3;d_b=4;m=2;gap=1;k=2,810576,false,84755,0.143,30,10,2,0.158,33,22,false
mixed-032-2,mixed,seed=0x99cae54220100e3f;cycles=8;planted=3;d_b=4;m=2;gap=1;k=2,810576,false,84755,0.143,30,10,4,0.203,33,22,false
mixed-032-2,mixed,seed=0x99cae54220100e3f;cycles=8;planted=3;d_b=4;m=2;gap=1;k=2,810576,false,84755,0.143,30,10,8,0.296,33,22,false
mixed-032-2,mixed,seed=0x99cae54220100e3f;cycles=8;planted=3;d_b=4;m=2;gap=1;k=2,810576,false,84755,0.143,30,10,16,0.490,33,22,false
mixed-032-2,mixed,seed=0x99cae54220100e3f;cycles=8;planted=3;d_b=4;m=2;gap=1;k=2,810576,false,84755,0.143,30,10,32,0.891,30,10,false
mixed-032-2,mixed,seed=0x99cae54220100e3f;cycles=8;planted=3;d_b=4;m=2;gap=1;k=2,810576,false,84755,0.143,30,10,64,1.736,30,10,false
mixed-032-2,mixed,seed=0x99cae54220100e3f;cycles=8;planted=3;d_b=4;m=2;gap=1;k=2,810576,false,84755,0.143,30,10,128,3.388,30,10,false
mixed-032-2,mixed,seed=0x99cae54220100e3f;cycles=8;planted=3;d_b=4;m=2;gap=1;k=2,810576,false,84755,0.143,30,10,256,6.433,30,10,false
mixed-032-2,mixed,seed=0x99cae54220100e3f;cycles=8;planted=3;d_b=4;m=2;gap=1;k=2,810576,false,84755,0.143,30,10,512,12.149,30,10,false
mixed-032-2,mixed,seed=0x99cae54220100e3f;cycles=8;planted=3;d_b=4;m=2;gap=1;k=2,810576,false,84755,0.143,30,10,1024,23.754,30,10,false
mixed-032-2,mixed,seed=0x99cae54220100e3f;cycles=8;planted=3;d_b=4;m=2;gap=1;k=2,810576,false,84755,0.143,30,10,2048,48.021,30,10,false
mixed-032-2,mixed,seed=0x99cae54220100e3f;cycles=8;planted=3;d_b=4;m=2;gap=1;k=2,810576,false,84755,0.143,30,10,4096,94.880,30,10,false
mixed-032-2,mixed,seed=0x99cae54220100e3f;cycles=8;planted=3;d_b=4;m=2;gap=1;k=2,810576,false,84755,0.143,30,10,8192,190.244,30,10,false
mixed-032-2,mixed,seed=0x99cae54220100e3f;cycles=8;planted=3;d_b=4;m=2;gap=1;k=2,810576,false,84755,0.143,30,10,16384,385.463,30,10,false
dec-099,dec,d_b=8;m=5;gap=7;k=1;q=3;s=20,16,false,18,0.076,34,2,1,0.022,41,40,false
dec-099,dec,d_b=8;m=5;gap=7;k=1;q=3;s=20,16,false,18,0.076,34,2,2,0.032,41,40,false
dec-099,dec,d_b=8;m=5;gap=7;k=1;q=3;s=20,16,false,18,0.076,34,2,4,0.044,41,40,false
dec-099,dec,d_b=8;m=5;gap=7;k=1;q=3;s=20,16,false,18,0.076,34,2,8,0.066,34,2,false
dec-099,dec,d_b=8;m=5;gap=7;k=1;q=3;s=20,16,false,18,0.076,34,2,16,0.126,34,2,true
dec-099,dec,d_b=8;m=5;gap=7;k=1;q=3;s=20,16,false,18,0.076,34,2,32,0.121,34,2,true
dec-099,dec,d_b=8;m=5;gap=7;k=1;q=3;s=20,16,false,18,0.076,34,2,64,0.118,34,2,true
dec-099,dec,d_b=8;m=5;gap=7;k=1;q=3;s=20,16,false,18,0.076,34,2,128,0.115,34,2,true
dec-099,dec,d_b=8;m=5;gap=7;k=1;q=3;s=20,16,false,18,0.076,34,2,256,0.115,34,2,true
dec-099,dec,d_b=8;m=5;gap=7;k=1;q=3;s=20,16,false,18,0.076,34,2,512,0.114,34,2,true
dec-099,dec,d_b=8;m=5;gap=7;k=1;q=3;s=20,16,false,18,0.076,34,2,1024,0.113,34,2,true
dec-099,dec,d_b=8;m=5;gap=7;k=1;q=3;s=20,16,false,18,0.076,34,2,2048,0.113,34,2,true
dec-099,dec,d_b=8;m=5;gap=7;k=1;q=3;s=20,16,false,18,0.076,34,2,4096,0.112,34,2,true
dec-099,dec,d_b=8;m=5;gap=7;k=1;q=3;s=20,16,false,18,0.076,34,2,8192,0.112,34,2,true
dec-099,dec,d_b=8;m=5;gap=7;k=1;q=3;s=20,16,false,18,0.076,34,2,16384,0.112,34,2,true
mixed-033-0,mixed,seed=0xa240eeafea0d26bf;cycles=8;planted=3;d_b=8;m=3;gap=2;k=2,25,false,27,0.079,19,2,1,0.015,22,20,false
mixed-033-0,mixed,seed=0xa240eeafea0d26bf;cycles=8;planted=3;d_b=8;m=3;gap=2;k=2,25,false,27,0.079,19,2,2,0.017,22,20,false
mixed-033-0,mixed,seed=0xa240eeafea0d26bf;cycles=8;planted=3;d_b=8;m=3;gap=2;k=2,25,false,27,0.079,19,2,4,0.030,22,20,false
mixed-033-0,mixed,seed=0xa240eeafea0d26bf;cycles=8;planted=3;d_b=8;m=3;gap=2;k=2,25,false,27,0.079,19,2,8,0.049,22,20,false
mixed-033-0,mixed,seed=0xa240eeafea0d26bf;cycles=8;planted=3;d_b=8;m=3;gap=2;k=2,25,false,27,0.079,19,2,16,0.097,19,2,false
mixed-033-0,mixed,seed=0xa240eeafea0d26bf;cycles=8;planted=3;d_b=8;m=3;gap=2;k=2,25,false,27,0.079,19,2,32,0.152,19,2,true
mixed-033-0,mixed,seed=0xa240eeafea0d26bf;cycles=8;planted=3;d_b=8;m=3;gap=2;k=2,25,false,27,0.079,19,2,64,0.148,19,2,true
mixed-033-0,mixed,seed=0xa240eeafea0d26bf;cycles=8;planted=3;d_b=8;m=3;gap=2;k=2,25,false,27,0.079,19,2,128,0.147,19,2,true
mixed-033-0,mixed,seed=0xa240eeafea0d26bf;cycles=8;planted=3;d_b=8;m=3;gap=2;k=2,25,false,27,0.079,19,2,256,0.145,19,2,true
mixed-033-0,mixed,seed=0xa240eeafea0d26bf;cycles=8;planted=3;d_b=8;m=3;gap=2;k=2,25,false,27,0.079,19,2,512,0.144,19,2,true
mixed-033-0,mixed,seed=0xa240eeafea0d26bf;cycles=8;planted=3;d_b=8;m=3;gap=2;k=2,25,false,27,0.079,19,2,1024,0.144,19,2,true
mixed-033-0,mixed,seed=0xa240eeafea0d26bf;cycles=8;planted=3;d_b=8;m=3;gap=2;k=2,25,false,27,0.079,19,2,2048,0.153,19,2,true
mixed-033-0,mixed,seed=0xa240eeafea0d26bf;cycles=8;planted=3;d_b=8;m=3;gap=2;k=2,25,false,27,0.079,19,2,4096,0.166,19,2,true
mixed-033-0,mixed,seed=0xa240eeafea0d26bf;cycles=8;planted=3;d_b=8;m=3;gap=2;k=2,25,false,27,0.079,19,2,8192,0.150,19,2,true
mixed-033-0,mixed,seed=0xa240eeafea0d26bf;cycles=8;planted=3;d_b=8;m=3;gap=2;k=2,25,false,27,0.079,19,2,16384,0.143,19,2,true
dec-100,dec,d_b=8;m=5;gap=7;k=2;q=3;s=20,24,false,26,0.091,34,2,1,0.016,41,40,false
dec-100,dec,d_b=8;m=5;gap=7;k=2;q=3;s=20,24,false,26,0.091,34,2,2,0.025,41,40,false
dec-100,dec,d_b=8;m=5;gap=7;k=2;q=3;s=20,24,false,26,0.091,34,2,4,0.039,41,40,false
dec-100,dec,d_b=8;m=5;gap=7;k=2;q=3;s=20,24,false,26,0.091,34,2,8,0.072,41,40,false
dec-100,dec,d_b=8;m=5;gap=7;k=2;q=3;s=20,24,false,26,0.091,34,2,16,0.136,34,2,false
dec-100,dec,d_b=8;m=5;gap=7;k=2;q=3;s=20,24,false,26,0.091,34,2,32,0.193,34,2,true
dec-100,dec,d_b=8;m=5;gap=7;k=2;q=3;s=20,24,false,26,0.091,34,2,64,0.203,34,2,true
dec-100,dec,d_b=8;m=5;gap=7;k=2;q=3;s=20,24,false,26,0.091,34,2,128,0.188,34,2,true
dec-100,dec,d_b=8;m=5;gap=7;k=2;q=3;s=20,24,false,26,0.091,34,2,256,0.186,34,2,true
dec-100,dec,d_b=8;m=5;gap=7;k=2;q=3;s=20,24,false,26,0.091,34,2,512,0.187,34,2,true
dec-100,dec,d_b=8;m=5;gap=7;k=2;q=3;s=20,24,false,26,0.091,34,2,1024,0.186,34,2,true
dec-100,dec,d_b=8;m=5;gap=7;k=2;q=3;s=20,24,false,26,0.091,34,2,2048,0.185,34,2,true
dec-100,dec,d_b=8;m=5;gap=7;k=2;q=3;s=20,24,false,26,0.091,34,2,4096,0.186,34,2,true
dec-100,dec,d_b=8;m=5;gap=7;k=2;q=3;s=20,24,false,26,0.091,34,2,8192,0.185,34,2,true
dec-100,dec,d_b=8;m=5;gap=7;k=2;q=3;s=20,24,false,26,0.091,34,2,16384,0.192,34,2,true
mixed-033-1,mixed,seed=0xbc1d25d35bcf50be;cycles=8;planted=3;d_b=8;m=3;gap=2;k=2,1941345,false,190662,0.267,79,14,1,0.117,88,68,false
mixed-033-1,mixed,seed=0xbc1d25d35bcf50be;cycles=8;planted=3;d_b=8;m=3;gap=2;k=2,1941345,false,190662,0.267,79,14,2,0.134,88,68,false
mixed-033-1,mixed,seed=0xbc1d25d35bcf50be;cycles=8;planted=3;d_b=8;m=3;gap=2;k=2,1941345,false,190662,0.267,79,14,4,0.138,88,68,false
mixed-033-1,mixed,seed=0xbc1d25d35bcf50be;cycles=8;planted=3;d_b=8;m=3;gap=2;k=2,1941345,false,190662,0.267,79,14,8,0.167,88,68,false
mixed-033-1,mixed,seed=0xbc1d25d35bcf50be;cycles=8;planted=3;d_b=8;m=3;gap=2;k=2,1941345,false,190662,0.267,79,14,16,0.246,88,68,false
mixed-033-1,mixed,seed=0xbc1d25d35bcf50be;cycles=8;planted=3;d_b=8;m=3;gap=2;k=2,1941345,false,190662,0.267,79,14,32,0.393,88,68,false
mixed-033-1,mixed,seed=0xbc1d25d35bcf50be;cycles=8;planted=3;d_b=8;m=3;gap=2;k=2,1941345,false,190662,0.267,79,14,64,0.747,88,68,false
mixed-033-1,mixed,seed=0xbc1d25d35bcf50be;cycles=8;planted=3;d_b=8;m=3;gap=2;k=2,1941345,false,190662,0.267,79,14,128,1.252,82,32,false
mixed-033-1,mixed,seed=0xbc1d25d35bcf50be;cycles=8;planted=3;d_b=8;m=3;gap=2;k=2,1941345,false,190662,0.267,79,14,256,2.092,79,14,false
mixed-033-1,mixed,seed=0xbc1d25d35bcf50be;cycles=8;planted=3;d_b=8;m=3;gap=2;k=2,1941345,false,190662,0.267,79,14,512,3.446,79,14,false
mixed-033-1,mixed,seed=0xbc1d25d35bcf50be;cycles=8;planted=3;d_b=8;m=3;gap=2;k=2,1941345,false,190662,0.267,79,14,1024,6.160,79,14,false
mixed-033-1,mixed,seed=0xbc1d25d35bcf50be;cycles=8;planted=3;d_b=8;m=3;gap=2;k=2,1941345,false,190662,0.267,79,14,2048,11.470,79,14,false
mixed-033-1,mixed,seed=0xbc1d25d35bcf50be;cycles=8;planted=3;d_b=8;m=3;gap=2;k=2,1941345,false,190662,0.267,79,14,4096,22.510,79,14,false
mixed-033-1,mixed,seed=0xbc1d25d35bcf50be;cycles=8;planted=3;d_b=8;m=3;gap=2;k=2,1941345,false,190662,0.267,79,14,8192,44.884,79,14,false
mixed-033-1,mixed,seed=0xbc1d25d35bcf50be;cycles=8;planted=3;d_b=8;m=3;gap=2;k=2,1941345,false,190662,0.267,79,14,16384,88.036,79,14,false
dec-101,dec,d_b=8;m=5;gap=7;k=4;q=3;s=20,40,false,42,0.174,34,2,1,0.022,41,40,false
dec-101,dec,d_b=8;m=5;gap=7;k=4;q=3;s=20,40,false,42,0.174,34,2,2,0.031,41,40,false
dec-101,dec,d_b=8;m=5;gap=7;k=4;q=3;s=20,40,false,42,0.174,34,2,4,0.046,41,40,false
dec-101,dec,d_b=8;m=5;gap=7;k=4;q=3;s=20,40,false,42,0.174,34,2,8,0.082,41,40,false
dec-101,dec,d_b=8;m=5;gap=7;k=4;q=3;s=20,40,false,42,0.174,34,2,16,0.148,34,2,false
dec-101,dec,d_b=8;m=5;gap=7;k=4;q=3;s=20,40,false,42,0.174,34,2,32,0.289,34,2,false
dec-101,dec,d_b=8;m=5;gap=7;k=4;q=3;s=20,40,false,42,0.174,34,2,64,0.356,34,2,true
dec-101,dec,d_b=8;m=5;gap=7;k=4;q=3;s=20,40,false,42,0.174,34,2,128,0.366,34,2,true
dec-101,dec,d_b=8;m=5;gap=7;k=4;q=3;s=20,40,false,42,0.174,34,2,256,0.346,34,2,true
dec-101,dec,d_b=8;m=5;gap=7;k=4;q=3;s=20,40,false,42,0.174,34,2,512,0.363,34,2,true
dec-101,dec,d_b=8;m=5;gap=7;k=4;q=3;s=20,40,false,42,0.174,34,2,1024,0.342,34,2,true
dec-101,dec,d_b=8;m=5;gap=7;k=4;q=3;s=20,40,false,42,0.174,34,2,2048,0.344,34,2,true
dec-101,dec,d_b=8;m=5;gap=7;k=4;q=3;s=20,40,false,42,0.174,34,2,4096,0.342,34,2,true
dec-101,dec,d_b=8;m=5;gap=7;k=4;q=3;s=20,40,false,42,0.174,34,2,8192,0.354,34,2,true
dec-101,dec,d_b=8;m=5;gap=7;k=4;q=3;s=20,40,false,42,0.174,34,2,16384,0.341,34,2,true
mixed-033-2,mixed,seed=0xa1da444764c86fe3;cycles=8;planted=3;d_b=8;m=3;gap=2;k=2,74,false,82,0.206,56,6,1,0.044,65,60,false
mixed-033-2,mixed,seed=0xa1da444764c86fe3;cycles=8;planted=3;d_b=8;m=3;gap=2;k=2,74,false,82,0.206,56,6,2,0.047,65,60,false
mixed-033-2,mixed,seed=0xa1da444764c86fe3;cycles=8;planted=3;d_b=8;m=3;gap=2;k=2,74,false,82,0.206,56,6,4,0.055,65,60,false
mixed-033-2,mixed,seed=0xa1da444764c86fe3;cycles=8;planted=3;d_b=8;m=3;gap=2;k=2,74,false,82,0.206,56,6,8,0.079,65,60,false
mixed-033-2,mixed,seed=0xa1da444764c86fe3;cycles=8;planted=3;d_b=8;m=3;gap=2;k=2,74,false,82,0.206,56,6,16,0.145,65,60,false
mixed-033-2,mixed,seed=0xa1da444764c86fe3;cycles=8;planted=3;d_b=8;m=3;gap=2;k=2,74,false,82,0.206,56,6,32,0.267,62,42,false
mixed-033-2,mixed,seed=0xa1da444764c86fe3;cycles=8;planted=3;d_b=8;m=3;gap=2;k=2,74,false,82,0.206,56,6,64,0.550,56,6,false
mixed-033-2,mixed,seed=0xa1da444764c86fe3;cycles=8;planted=3;d_b=8;m=3;gap=2;k=2,74,false,82,0.206,56,6,128,0.658,56,6,true
mixed-033-2,mixed,seed=0xa1da444764c86fe3;cycles=8;planted=3;d_b=8;m=3;gap=2;k=2,74,false,82,0.206,56,6,256,0.652,56,6,true
mixed-033-2,mixed,seed=0xa1da444764c86fe3;cycles=8;planted=3;d_b=8;m=3;gap=2;k=2,74,false,82,0.206,56,6,512,0.647,56,6,true
mixed-033-2,mixed,seed=0xa1da444764c86fe3;cycles=8;planted=3;d_b=8;m=3;gap=2;k=2,74,false,82,0.206,56,6,1024,0.643,56,6,true
mixed-033-2,mixed,seed=0xa1da444764c86fe3;cycles=8;planted=3;d_b=8;m=3;gap=2;k=2,74,false,82,0.206,56,6,2048,0.643,56,6,true
mixed-033-2,mixed,seed=0xa1da444764c86fe3;cycles=8;planted=3;d_b=8;m=3;gap=2;k=2,74,false,82,0.206,56,6,4096,0.640,56,6,true
mixed-033-2,mixed,seed=0xa1da444764c86fe3;cycles=8;planted=3;d_b=8;m=3;gap=2;k=2,74,false,82,0.206,56,6,8192,0.633,56,6,true
mixed-033-2,mixed,seed=0xa1da444764c86fe3;cycles=8;planted=3;d_b=8;m=3;gap=2;k=2,74,false,82,0.206,56,6,16384,0.634,56,6,true
dec-102,dec,d_b=8;m=5;gap=13;k=1;q=3;s=23,16,false,18,0.054,34,2,1,0.018,47,46,false
dec-102,dec,d_b=8;m=5;gap=13;k=1;q=3;s=23,16,false,18,0.054,34,2,2,0.030,47,46,false
dec-102,dec,d_b=8;m=5;gap=13;k=1;q=3;s=23,16,false,18,0.054,34,2,4,0.049,34,2,false
dec-102,dec,d_b=8;m=5;gap=13;k=1;q=3;s=23,16,false,18,0.054,34,2,8,0.072,34,2,false
dec-102,dec,d_b=8;m=5;gap=13;k=1;q=3;s=23,16,false,18,0.054,34,2,16,0.129,34,2,true
dec-102,dec,d_b=8;m=5;gap=13;k=1;q=3;s=23,16,false,18,0.054,34,2,32,0.129,34,2,true
dec-102,dec,d_b=8;m=5;gap=13;k=1;q=3;s=23,16,false,18,0.054,34,2,64,0.126,34,2,true
dec-102,dec,d_b=8;m=5;gap=13;k=1;q=3;s=23,16,false,18,0.054,34,2,128,0.137,34,2,true
dec-102,dec,d_b=8;m=5;gap=13;k=1;q=3;s=23,16,false,18,0.054,34,2,256,0.123,34,2,true
dec-102,dec,d_b=8;m=5;gap=13;k=1;q=3;s=23,16,false,18,0.054,34,2,512,0.123,34,2,true
dec-102,dec,d_b=8;m=5;gap=13;k=1;q=3;s=23,16,false,18,0.054,34,2,1024,0.122,34,2,true
dec-102,dec,d_b=8;m=5;gap=13;k=1;q=3;s=23,16,false,18,0.054,34,2,2048,0.122,34,2,true
dec-102,dec,d_b=8;m=5;gap=13;k=1;q=3;s=23,16,false,18,0.054,34,2,4096,0.122,34,2,true
dec-102,dec,d_b=8;m=5;gap=13;k=1;q=3;s=23,16,false,18,0.054,34,2,8192,0.122,34,2,true
dec-102,dec,d_b=8;m=5;gap=13;k=1;q=3;s=23,16,false,18,0.054,34,2,16384,0.121,34,2,true
mixed-034-0,mixed,seed=0xa70f32f70b2f1bf2;cycles=8;planted=3;d_b=12;m=2;gap=6;k=4,121,false,123,0.187,29,4,1,0.039,43,40,false
mixed-034-0,mixed,seed=0xa70f32f70b2f1bf2;cycles=8;planted=3;d_b=12;m=2;gap=6;k=4,121,false,123,0.187,29,4,2,0.035,43,40,false
mixed-034-0,mixed,seed=0xa70f32f70b2f1bf2;cycles=8;planted=3;d_b=12;m=2;gap=6;k=4,121,false,123,0.187,29,4,4,0.038,43,40,false
mixed-034-0,mixed,seed=0xa70f32f70b2f1bf2;cycles=8;planted=3;d_b=12;m=2;gap=6;k=4,121,false,123,0.187,29,4,8,0.062,43,40,false
mixed-034-0,mixed,seed=0xa70f32f70b2f1bf2;cycles=8;planted=3;d_b=12;m=2;gap=6;k=4,121,false,123,0.187,29,4,16,0.100,43,40,false
mixed-034-0,mixed,seed=0xa70f32f70b2f1bf2;cycles=8;planted=3;d_b=12;m=2;gap=6;k=4,121,false,123,0.187,29,4,32,0.215,29,4,false
mixed-034-0,mixed,seed=0xa70f32f70b2f1bf2;cycles=8;planted=3;d_b=12;m=2;gap=6;k=4,121,false,123,0.187,29,4,64,0.422,29,4,false
mixed-034-0,mixed,seed=0xa70f32f70b2f1bf2;cycles=8;planted=3;d_b=12;m=2;gap=6;k=4,121,false,123,0.187,29,4,128,0.837,29,4,true
mixed-034-0,mixed,seed=0xa70f32f70b2f1bf2;cycles=8;planted=3;d_b=12;m=2;gap=6;k=4,121,false,123,0.187,29,4,256,0.813,29,4,true
mixed-034-0,mixed,seed=0xa70f32f70b2f1bf2;cycles=8;planted=3;d_b=12;m=2;gap=6;k=4,121,false,123,0.187,29,4,512,0.823,29,4,true
mixed-034-0,mixed,seed=0xa70f32f70b2f1bf2;cycles=8;planted=3;d_b=12;m=2;gap=6;k=4,121,false,123,0.187,29,4,1024,0.812,29,4,true
mixed-034-0,mixed,seed=0xa70f32f70b2f1bf2;cycles=8;planted=3;d_b=12;m=2;gap=6;k=4,121,false,123,0.187,29,4,2048,0.807,29,4,true
mixed-034-0,mixed,seed=0xa70f32f70b2f1bf2;cycles=8;planted=3;d_b=12;m=2;gap=6;k=4,121,false,123,0.187,29,4,4096,0.799,29,4,true
mixed-034-0,mixed,seed=0xa70f32f70b2f1bf2;cycles=8;planted=3;d_b=12;m=2;gap=6;k=4,121,false,123,0.187,29,4,8192,0.798,29,4,true
mixed-034-0,mixed,seed=0xa70f32f70b2f1bf2;cycles=8;planted=3;d_b=12;m=2;gap=6;k=4,121,false,123,0.187,29,4,16384,0.813,29,4,true
dec-103,dec,d_b=8;m=5;gap=13;k=2;q=3;s=23,24,false,26,0.089,34,2,1,0.019,47,46,false
dec-103,dec,d_b=8;m=5;gap=13;k=2;q=3;s=23,24,false,26,0.089,34,2,2,0.028,47,46,false
dec-103,dec,d_b=8;m=5;gap=13;k=2;q=3;s=23,24,false,26,0.089,34,2,4,0.043,47,46,false
dec-103,dec,d_b=8;m=5;gap=13;k=2;q=3;s=23,24,false,26,0.089,34,2,8,0.084,34,2,false
dec-103,dec,d_b=8;m=5;gap=13;k=2;q=3;s=23,24,false,26,0.089,34,2,16,0.152,34,2,false
dec-103,dec,d_b=8;m=5;gap=13;k=2;q=3;s=23,24,false,26,0.089,34,2,32,0.210,34,2,true
dec-103,dec,d_b=8;m=5;gap=13;k=2;q=3;s=23,24,false,26,0.089,34,2,64,0.206,34,2,true
dec-103,dec,d_b=8;m=5;gap=13;k=2;q=3;s=23,24,false,26,0.089,34,2,128,0.205,34,2,true
dec-103,dec,d_b=8;m=5;gap=13;k=2;q=3;s=23,24,false,26,0.089,34,2,256,0.208,34,2,true
dec-103,dec,d_b=8;m=5;gap=13;k=2;q=3;s=23,24,false,26,0.089,34,2,512,0.203,34,2,true
dec-103,dec,d_b=8;m=5;gap=13;k=2;q=3;s=23,24,false,26,0.089,34,2,1024,0.202,34,2,true
dec-103,dec,d_b=8;m=5;gap=13;k=2;q=3;s=23,24,false,26,0.089,34,2,2048,0.208,34,2,true
dec-103,dec,d_b=8;m=5;gap=13;k=2;q=3;s=23,24,false,26,0.089,34,2,4096,0.201,34,2,true
dec-103,dec,d_b=8;m=5;gap=13;k=2;q=3;s=23,24,false,26,0.089,34,2,8192,0.201,34,2,true
dec-103,dec,d_b=8;m=5;gap=13;k=2;q=3;s=23,24,false,26,0.089,34,2,16384,0.200,34,2,true
mixed-034-1,mixed,seed=0x1aafaa32293d1131;cycles=8;planted=3;d_b=12;m=2;gap=6;k=4,810722,false,84855,0.330,53,10,1,0.082,74,64,false
mixed-034-1,mixed,seed=0x1aafaa32293d1131;cycles=8;planted=3;d_b=12;m=2;gap=6;k=4,810722,false,84855,0.330,53,10,2,0.086,74,64,false
mixed-034-1,mixed,seed=0x1aafaa32293d1131;cycles=8;planted=3;d_b=12;m=2;gap=6;k=4,810722,false,84855,0.330,53,10,4,0.101,74,64,false
mixed-034-1,mixed,seed=0x1aafaa32293d1131;cycles=8;planted=3;d_b=12;m=2;gap=6;k=4,810722,false,84855,0.330,53,10,8,0.141,74,64,false
mixed-034-1,mixed,seed=0x1aafaa32293d1131;cycles=8;planted=3;d_b=12;m=2;gap=6;k=4,810722,false,84855,0.330,53,10,16,0.205,74,64,false
mixed-034-1,mixed,seed=0x1aafaa32293d1131;cycles=8;planted=3;d_b=12;m=2;gap=6;k=4,810722,false,84855,0.330,53,10,32,0.325,74,64,false
mixed-034-1,mixed,seed=0x1aafaa32293d1131;cycles=8;planted=3;d_b=12;m=2;gap=6;k=4,810722,false,84855,0.330,53,10,64,0.606,74,64,false
mixed-034-1,mixed,seed=0x1aafaa32293d1131;cycles=8;planted=3;d_b=12;m=2;gap=6;k=4,810722,false,84855,0.330,53,10,128,1.205,53,10,false
mixed-034-1,mixed,seed=0x1aafaa32293d1131;cycles=8;planted=3;d_b=12;m=2;gap=6;k=4,810722,false,84855,0.330,53,10,256,2.022,53,10,false
mixed-034-1,mixed,seed=0x1aafaa32293d1131;cycles=8;planted=3;d_b=12;m=2;gap=6;k=4,810722,false,84855,0.330,53,10,512,3.546,53,10,false
mixed-034-1,mixed,seed=0x1aafaa32293d1131;cycles=8;planted=3;d_b=12;m=2;gap=6;k=4,810722,false,84855,0.330,53,10,1024,5.498,53,10,false
mixed-034-1,mixed,seed=0x1aafaa32293d1131;cycles=8;planted=3;d_b=12;m=2;gap=6;k=4,810722,false,84855,0.330,53,10,2048,10.081,53,10,false
mixed-034-1,mixed,seed=0x1aafaa32293d1131;cycles=8;planted=3;d_b=12;m=2;gap=6;k=4,810722,false,84855,0.330,53,10,4096,20.244,53,10,false
mixed-034-1,mixed,seed=0x1aafaa32293d1131;cycles=8;planted=3;d_b=12;m=2;gap=6;k=4,810722,false,84855,0.330,53,10,8192,39.481,53,10,false
mixed-034-1,mixed,seed=0x1aafaa32293d1131;cycles=8;planted=3;d_b=12;m=2;gap=6;k=4,810722,false,84855,0.330,53,10,16384,78.705,53,10,false
dec-104,dec,d_b=8;m=5;gap=13;k=4;q=3;s=23,40,false,42,0.161,34,2,1,0.022,47,46,false
dec-104,dec,d_b=8;m=5;gap=13;k=4;q=3;s=23,40,false,42,0.161,34,2,2,0.031,47,46,false
dec-104,dec,d_b=8;m=5;gap=13;k=4;q=3;s=23,40,false,42,0.161,34,2,4,0.049,47,46,false
dec-104,dec,d_b=8;m=5;gap=13;k=4;q=3;s=23,40,false,42,0.161,34,2,8,0.085,47,46,false
dec-104,dec,d_b=8;m=5;gap=13;k=4;q=3;s=23,40,false,42,0.161,34,2,16,0.161,34,2,false
dec-104,dec,d_b=8;m=5;gap=13;k=4;q=3;s=23,40,false,42,0.161,34,2,32,0.309,34,2,false
dec-104,dec,d_b=8;m=5;gap=13;k=4;q=3;s=23,40,false,42,0.161,34,2,64,0.380,34,2,true
dec-104,dec,d_b=8;m=5;gap=13;k=4;q=3;s=23,40,false,42,0.161,34,2,128,0.384,34,2,true
dec-104,dec,d_b=8;m=5;gap=13;k=4;q=3;s=23,40,false,42,0.161,34,2,256,0.375,34,2,true
dec-104,dec,d_b=8;m=5;gap=13;k=4;q=3;s=23,40,false,42,0.161,34,2,512,0.371,34,2,true
dec-104,dec,d_b=8;m=5;gap=13;k=4;q=3;s=23,40,false,42,0.161,34,2,1024,0.371,34,2,true
dec-104,dec,d_b=8;m=5;gap=13;k=4;q=3;s=23,40,false,42,0.161,34,2,2048,0.370,34,2,true
dec-104,dec,d_b=8;m=5;gap=13;k=4;q=3;s=23,40,false,42,0.161,34,2,4096,0.368,34,2,true
dec-104,dec,d_b=8;m=5;gap=13;k=4;q=3;s=23,40,false,42,0.161,34,2,8192,0.376,34,2,true
dec-104,dec,d_b=8;m=5;gap=13;k=4;q=3;s=23,40,false,42,0.161,34,2,16384,0.369,34,2,true
mixed-034-2,mixed,seed=0x6e3294452869ed51;cycles=8;planted=3;d_b=12;m=2;gap=6;k=4,183,false,186,0.281,45,6,1,0.037,66,60,false
mixed-034-2,mixed,seed=0x6e3294452869ed51;cycles=8;planted=3;d_b=12;m=2;gap=6;k=4,183,false,186,0.281,45,6,2,0.039,66,60,false
mixed-034-2,mixed,seed=0x6e3294452869ed51;cycles=8;planted=3;d_b=12;m=2;gap=6;k=4,183,false,186,0.281,45,6,4,0.043,66,60,false
mixed-034-2,mixed,seed=0x6e3294452869ed51;cycles=8;planted=3;d_b=12;m=2;gap=6;k=4,183,false,186,0.281,45,6,8,0.062,66,60,false
mixed-034-2,mixed,seed=0x6e3294452869ed51;cycles=8;planted=3;d_b=12;m=2;gap=6;k=4,183,false,186,0.281,45,6,16,0.102,66,60,false
mixed-034-2,mixed,seed=0x6e3294452869ed51;cycles=8;planted=3;d_b=12;m=2;gap=6;k=4,183,false,186,0.281,45,6,32,0.201,59,42,false
mixed-034-2,mixed,seed=0x6e3294452869ed51;cycles=8;planted=3;d_b=12;m=2;gap=6;k=4,183,false,186,0.281,45,6,64,0.389,59,42,false
mixed-034-2,mixed,seed=0x6e3294452869ed51;cycles=8;planted=3;d_b=12;m=2;gap=6;k=4,183,false,186,0.281,45,6,128,0.838,45,6,false
mixed-034-2,mixed,seed=0x6e3294452869ed51;cycles=8;planted=3;d_b=12;m=2;gap=6;k=4,183,false,186,0.281,45,6,256,1.233,45,6,true
mixed-034-2,mixed,seed=0x6e3294452869ed51;cycles=8;planted=3;d_b=12;m=2;gap=6;k=4,183,false,186,0.281,45,6,512,1.228,45,6,true
mixed-034-2,mixed,seed=0x6e3294452869ed51;cycles=8;planted=3;d_b=12;m=2;gap=6;k=4,183,false,186,0.281,45,6,1024,1.221,45,6,true
mixed-034-2,mixed,seed=0x6e3294452869ed51;cycles=8;planted=3;d_b=12;m=2;gap=6;k=4,183,false,186,0.281,45,6,2048,1.228,45,6,true
mixed-034-2,mixed,seed=0x6e3294452869ed51;cycles=8;planted=3;d_b=12;m=2;gap=6;k=4,183,false,186,0.281,45,6,4096,1.261,45,6,true
mixed-034-2,mixed,seed=0x6e3294452869ed51;cycles=8;planted=3;d_b=12;m=2;gap=6;k=4,183,false,186,0.281,45,6,8192,1.260,45,6,true
mixed-034-2,mixed,seed=0x6e3294452869ed51;cycles=8;planted=3;d_b=12;m=2;gap=6;k=4,183,false,186,0.281,45,6,16384,1.218,45,6,true
dec-105,dec,d_b=8;m=9;gap=1;k=1;q=7;s=33,16,false,18,0.085,66,2,1,0.022,67,66,false
dec-105,dec,d_b=8;m=9;gap=1;k=1;q=7;s=33,16,false,18,0.085,66,2,2,0.040,67,66,false
dec-105,dec,d_b=8;m=9;gap=1;k=1;q=7;s=33,16,false,18,0.085,66,2,4,0.054,67,66,false
dec-105,dec,d_b=8;m=9;gap=1;k=1;q=7;s=33,16,false,18,0.085,66,2,8,0.085,66,2,false
dec-105,dec,d_b=8;m=9;gap=1;k=1;q=7;s=33,16,false,18,0.085,66,2,16,0.163,66,2,true
dec-105,dec,d_b=8;m=9;gap=1;k=1;q=7;s=33,16,false,18,0.085,66,2,32,0.162,66,2,true
dec-105,dec,d_b=8;m=9;gap=1;k=1;q=7;s=33,16,false,18,0.085,66,2,64,0.159,66,2,true
dec-105,dec,d_b=8;m=9;gap=1;k=1;q=7;s=33,16,false,18,0.085,66,2,128,0.160,66,2,true
dec-105,dec,d_b=8;m=9;gap=1;k=1;q=7;s=33,16,false,18,0.085,66,2,256,0.157,66,2,true
dec-105,dec,d_b=8;m=9;gap=1;k=1;q=7;s=33,16,false,18,0.085,66,2,512,0.155,66,2,true
dec-105,dec,d_b=8;m=9;gap=1;k=1;q=7;s=33,16,false,18,0.085,66,2,1024,0.155,66,2,true
dec-105,dec,d_b=8;m=9;gap=1;k=1;q=7;s=33,16,false,18,0.085,66,2,2048,0.155,66,2,true
dec-105,dec,d_b=8;m=9;gap=1;k=1;q=7;s=33,16,false,18,0.085,66,2,4096,0.155,66,2,true
dec-105,dec,d_b=8;m=9;gap=1;k=1;q=7;s=33,16,false,18,0.085,66,2,8192,0.154,66,2,true
dec-105,dec,d_b=8;m=9;gap=1;k=1;q=7;s=33,16,false,18,0.085,66,2,16384,0.154,66,2,true
mixed-035-0,mixed,seed=0x8ff528db1ae67c2c;cycles=8;planted=3;d_b=16;m=5;gap=2;k=1,2187706,false,210340,0.570,220,10,1,0.201,229,208,false
mixed-035-0,mixed,seed=0x8ff528db1ae67c2c;cycles=8;planted=3;d_b=16;m=5;gap=2;k=1,2187706,false,210340,0.570,220,10,2,0.282,229,208,false
mixed-035-0,mixed,seed=0x8ff528db1ae67c2c;cycles=8;planted=3;d_b=16;m=5;gap=2;k=1,2187706,false,210340,0.570,220,10,4,0.301,229,208,false
mixed-035-0,mixed,seed=0x8ff528db1ae67c2c;cycles=8;planted=3;d_b=16;m=5;gap=2;k=1,2187706,false,210340,0.570,220,10,8,0.378,229,208,false
mixed-035-0,mixed,seed=0x8ff528db1ae67c2c;cycles=8;planted=3;d_b=16;m=5;gap=2;k=1,2187706,false,210340,0.570,220,10,16,0.504,229,208,false
mixed-035-0,mixed,seed=0x8ff528db1ae67c2c;cycles=8;planted=3;d_b=16;m=5;gap=2;k=1,2187706,false,210340,0.570,220,10,32,0.869,229,208,false
mixed-035-0,mixed,seed=0x8ff528db1ae67c2c;cycles=8;planted=3;d_b=16;m=5;gap=2;k=1,2187706,false,210340,0.570,220,10,64,1.508,226,142,false
mixed-035-0,mixed,seed=0x8ff528db1ae67c2c;cycles=8;planted=3;d_b=16;m=5;gap=2;k=1,2187706,false,210340,0.570,220,10,128,3.207,226,142,false
mixed-035-0,mixed,seed=0x8ff528db1ae67c2c;cycles=8;planted=3;d_b=16;m=5;gap=2;k=1,2187706,false,210340,0.570,220,10,256,6.692,220,10,false
mixed-035-0,mixed,seed=0x8ff528db1ae67c2c;cycles=8;planted=3;d_b=16;m=5;gap=2;k=1,2187706,false,210340,0.570,220,10,512,12.340,220,10,false
mixed-035-0,mixed,seed=0x8ff528db1ae67c2c;cycles=8;planted=3;d_b=16;m=5;gap=2;k=1,2187706,false,210340,0.570,220,10,1024,23.312,220,10,false
mixed-035-0,mixed,seed=0x8ff528db1ae67c2c;cycles=8;planted=3;d_b=16;m=5;gap=2;k=1,2187706,false,210340,0.570,220,10,2048,46.588,220,10,false
mixed-035-0,mixed,seed=0x8ff528db1ae67c2c;cycles=8;planted=3;d_b=16;m=5;gap=2;k=1,2187706,false,210340,0.570,220,10,4096,91.571,220,10,false
mixed-035-0,mixed,seed=0x8ff528db1ae67c2c;cycles=8;planted=3;d_b=16;m=5;gap=2;k=1,2187706,false,210340,0.570,220,10,8192,186.048,220,10,false
mixed-035-0,mixed,seed=0x8ff528db1ae67c2c;cycles=8;planted=3;d_b=16;m=5;gap=2;k=1,2187706,false,210340,0.570,220,10,16384,382.208,220,10,false
dec-106,dec,d_b=8;m=9;gap=1;k=2;q=7;s=33,24,false,26,0.152,66,2,1,0.028,67,66,false
dec-106,dec,d_b=8;m=9;gap=1;k=2;q=7;s=33,24,false,26,0.152,66,2,2,0.044,67,66,false
dec-106,dec,d_b=8;m=9;gap=1;k=2;q=7;s=33,24,false,26,0.152,66,2,4,0.055,67,66,false
dec-106,dec,d_b=8;m=9;gap=1;k=2;q=7;s=33,24,false,26,0.152,66,2,8,0.103,67,66,false
dec-106,dec,d_b=8;m=9;gap=1;k=2;q=7;s=33,24,false,26,0.152,66,2,16,0.186,66,2,false
dec-106,dec,d_b=8;m=9;gap=1;k=2;q=7;s=33,24,false,26,0.152,66,2,32,0.292,66,2,true
dec-106,dec,d_b=8;m=9;gap=1;k=2;q=7;s=33,24,false,26,0.152,66,2,64,0.275,66,2,true
dec-106,dec,d_b=8;m=9;gap=1;k=2;q=7;s=33,24,false,26,0.152,66,2,128,0.276,66,2,true
dec-106,dec,d_b=8;m=9;gap=1;k=2;q=7;s=33,24,false,26,0.152,66,2,256,0.269,66,2,true
dec-106,dec,d_b=8;m=9;gap=1;k=2;q=7;s=33,24,false,26,0.152,66,2,512,0.271,66,2,true
dec-106,dec,d_b=8;m=9;gap=1;k=2;q=7;s=33,24,false,26,0.152,66,2,1024,0.266,66,2,true
dec-106,dec,d_b=8;m=9;gap=1;k=2;q=7;s=33,24,false,26,0.152,66,2,2048,0.270,66,2,true
dec-106,dec,d_b=8;m=9;gap=1;k=2;q=7;s=33,24,false,26,0.152,66,2,4096,0.266,66,2,true
dec-106,dec,d_b=8;m=9;gap=1;k=2;q=7;s=33,24,false,26,0.152,66,2,8192,0.269,66,2,true
dec-106,dec,d_b=8;m=9;gap=1;k=2;q=7;s=33,24,false,26,0.152,66,2,16384,0.265,66,2,true
mixed-035-1,mixed,seed=0x00aff4116f0e7a9d;cycles=8;planted=3;d_b=16;m=5;gap=2;k=1,2093935,false,206304,0.502,210,12,1,0.115,219,210,false
mixed-035-1,mixed,seed=0x00aff4116f0e7a9d;cycles=8;planted=3;d_b=16;m=5;gap=2;k=1,2093935,false,206304,0.502,210,12,2,0.104,219,210,false
mixed-035-1,mixed,seed=0x00aff4116f0e7a9d;cycles=8;planted=3;d_b=16;m=5;gap=2;k=1,2093935,false,206304,0.502,210,12,4,0.106,219,210,false
mixed-035-1,mixed,seed=0x00aff4116f0e7a9d;cycles=8;planted=3;d_b=16;m=5;gap=2;k=1,2093935,false,206304,0.502,210,12,8,0.130,219,210,false
mixed-035-1,mixed,seed=0x00aff4116f0e7a9d;cycles=8;planted=3;d_b=16;m=5;gap=2;k=1,2093935,false,206304,0.502,210,12,16,0.190,219,210,false
mixed-035-1,mixed,seed=0x00aff4116f0e7a9d;cycles=8;planted=3;d_b=16;m=5;gap=2;k=1,2093935,false,206304,0.502,210,12,32,0.370,216,144,false
mixed-035-1,mixed,seed=0x00aff4116f0e7a9d;cycles=8;planted=3;d_b=16;m=5;gap=2;k=1,2093935,false,206304,0.502,210,12,64,0.712,216,144,false
mixed-035-1,mixed,seed=0x00aff4116f0e7a9d;cycles=8;planted=3;d_b=16;m=5;gap=2;k=1,2093935,false,206304,0.502,210,12,128,1.274,210,12,false
mixed-035-1,mixed,seed=0x00aff4116f0e7a9d;cycles=8;planted=3;d_b=16;m=5;gap=2;k=1,2093935,false,206304,0.502,210,12,256,2.130,210,12,false
mixed-035-1,mixed,seed=0x00aff4116f0e7a9d;cycles=8;planted=3;d_b=16;m=5;gap=2;k=1,2093935,false,206304,0.502,210,12,512,3.202,210,12,false
mixed-035-1,mixed,seed=0x00aff4116f0e7a9d;cycles=8;planted=3;d_b=16;m=5;gap=2;k=1,2093935,false,206304,0.502,210,12,1024,5.487,210,12,false
mixed-035-1,mixed,seed=0x00aff4116f0e7a9d;cycles=8;planted=3;d_b=16;m=5;gap=2;k=1,2093935,false,206304,0.502,210,12,2048,10.213,210,12,false
mixed-035-1,mixed,seed=0x00aff4116f0e7a9d;cycles=8;planted=3;d_b=16;m=5;gap=2;k=1,2093935,false,206304,0.502,210,12,4096,20.588,210,12,false
mixed-035-1,mixed,seed=0x00aff4116f0e7a9d;cycles=8;planted=3;d_b=16;m=5;gap=2;k=1,2093935,false,206304,0.502,210,12,8192,43.196,210,12,false
mixed-035-1,mixed,seed=0x00aff4116f0e7a9d;cycles=8;planted=3;d_b=16;m=5;gap=2;k=1,2093935,false,206304,0.502,210,12,16384,87.759,210,12,false
dec-107,dec,d_b=8;m=9;gap=1;k=4;q=7;s=33,40,false,42,0.252,66,2,1,0.030,67,66,false
dec-107,dec,d_b=8;m=9;gap=1;k=4;q=7;s=33,40,false,42,0.252,66,2,2,0.041,67,66,false
dec-107,dec,d_b=8;m=9;gap=1;k=4;q=7;s=33,40,false,42,0.252,66,2,4,0.067,67,66,false
dec-107,dec,d_b=8;m=9;gap=1;k=4;q=7;s=33,40,false,42,0.252,66,2,8,0.116,67,66,false
dec-107,dec,d_b=8;m=9;gap=1;k=4;q=7;s=33,40,false,42,0.252,66,2,16,0.202,67,66,false
dec-107,dec,d_b=8;m=9;gap=1;k=4;q=7;s=33,40,false,42,0.252,66,2,32,0.407,66,2,false
dec-107,dec,d_b=8;m=9;gap=1;k=4;q=7;s=33,40,false,42,0.252,66,2,64,0.511,66,2,true
dec-107,dec,d_b=8;m=9;gap=1;k=4;q=7;s=33,40,false,42,0.252,66,2,128,0.506,66,2,true
dec-107,dec,d_b=8;m=9;gap=1;k=4;q=7;s=33,40,false,42,0.252,66,2,256,0.504,66,2,true
dec-107,dec,d_b=8;m=9;gap=1;k=4;q=7;s=33,40,false,42,0.252,66,2,512,0.507,66,2,true
dec-107,dec,d_b=8;m=9;gap=1;k=4;q=7;s=33,40,false,42,0.252,66,2,1024,0.502,66,2,true
dec-107,dec,d_b=8;m=9;gap=1;k=4;q=7;s=33,40,false,42,0.252,66,2,2048,0.501,66,2,true
dec-107,dec,d_b=8;m=9;gap=1;k=4;q=7;s=33,40,false,42,0.252,66,2,4096,0.498,66,2,true
dec-107,dec,d_b=8;m=9;gap=1;k=4;q=7;s=33,40,false,42,0.252,66,2,8192,0.496,66,2,true
dec-107,dec,d_b=8;m=9;gap=1;k=4;q=7;s=33,40,false,42,0.252,66,2,16384,0.498,66,2,true
mixed-035-2,mixed,seed=0x3db16341fc4bd254;cycles=8;planted=3;d_b=16;m=5;gap=2;k=1,66,false,70,0.296,134,4,1,0.043,140,136,false
mixed-035-2,mixed,seed=0x3db16341fc4bd254;cycles=8;planted=3;d_b=16;m=5;gap=2;k=1,66,false,70,0.296,134,4,2,0.047,140,136,false
mixed-035-2,mixed,seed=0x3db16341fc4bd254;cycles=8;planted=3;d_b=16;m=5;gap=2;k=1,66,false,70,0.296,134,4,4,0.048,140,136,false
mixed-035-2,mixed,seed=0x3db16341fc4bd254;cycles=8;planted=3;d_b=16;m=5;gap=2;k=1,66,false,70,0.296,134,4,8,0.086,140,136,false
mixed-035-2,mixed,seed=0x3db16341fc4bd254;cycles=8;planted=3;d_b=16;m=5;gap=2;k=1,66,false,70,0.296,134,4,16,0.155,140,136,false
mixed-035-2,mixed,seed=0x3db16341fc4bd254;cycles=8;planted=3;d_b=16;m=5;gap=2;k=1,66,false,70,0.296,134,4,32,0.316,140,136,false
mixed-035-2,mixed,seed=0x3db16341fc4bd254;cycles=8;planted=3;d_b=16;m=5;gap=2;k=1,66,false,70,0.296,134,4,64,0.705,134,4,false
mixed-035-2,mixed,seed=0x3db16341fc4bd254;cycles=8;planted=3;d_b=16;m=5;gap=2;k=1,66,false,70,0.296,134,4,128,0.710,134,4,true
mixed-035-2,mixed,seed=0x3db16341fc4bd254;cycles=8;planted=3;d_b=16;m=5;gap=2;k=1,66,false,70,0.296,134,4,256,0.703,134,4,true
mixed-035-2,mixed,seed=0x3db16341fc4bd254;cycles=8;planted=3;d_b=16;m=5;gap=2;k=1,66,false,70,0.296,134,4,512,0.700,134,4,true
mixed-035-2,mixed,seed=0x3db16341fc4bd254;cycles=8;planted=3;d_b=16;m=5;gap=2;k=1,66,false,70,0.296,134,4,1024,0.693,134,4,true
mixed-035-2,mixed,seed=0x3db16341fc4bd254;cycles=8;planted=3;d_b=16;m=5;gap=2;k=1,66,false,70,0.296,134,4,2048,0.697,134,4,true
mixed-035-2,mixed,seed=0x3db16341fc4bd254;cycles=8;planted=3;d_b=16;m=5;gap=2;k=1,66,false,70,0.296,134,4,4096,0.694,134,4,true
mixed-035-2,mixed,seed=0x3db16341fc4bd254;cycles=8;planted=3;d_b=16;m=5;gap=2;k=1,66,false,70,0.296,134,4,8192,0.693,134,4,true
mixed-035-2,mixed,seed=0x3db16341fc4bd254;cycles=8;planted=3;d_b=16;m=5;gap=2;k=1,66,false,70,0.296,134,4,16384,0.692,134,4,true
dec-108,dec,d_b=8;m=9;gap=3;k=1;q=7;s=34,16,false,18,0.081,66,2,1,0.022,69,68,false
dec-108,dec,d_b=8;m=9;gap=3;k=1;q=7;s=34,16,false,18,0.081,66,2,2,0.040,69,68,false
dec-108,dec,d_b=8;m=9;gap=3;k=1;q=7;s=34,16,false,18,0.081,66,2,4,0.057,69,68,false
dec-108,dec,d_b=8;m=9;gap=3;k=1;q=7;s=34,16,false,18,0.081,66,2,8,0.084,66,2,false
dec-108,dec,d_b=8;m=9;gap=3;k=1;q=7;s=34,16,false,18,0.081,66,2,16,0.164,66,2,true
dec-108,dec,d_b=8;m=9;gap=3;k=1;q=7;s=34,16,false,18,0.081,66,2,32,0.162,66,2,true
dec-108,dec,d_b=8;m=9;gap=3;k=1;q=7;s=34,16,false,18,0.081,66,2,64,0.160,66,2,true
dec-108,dec,d_b=8;m=9;gap=3;k=1;q=7;s=34,16,false,18,0.081,66,2,128,0.158,66,2,true
dec-108,dec,d_b=8;m=9;gap=3;k=1;q=7;s=34,16,false,18,0.081,66,2,256,0.157,66,2,true
dec-108,dec,d_b=8;m=9;gap=3;k=1;q=7;s=34,16,false,18,0.081,66,2,512,0.157,66,2,true
dec-108,dec,d_b=8;m=9;gap=3;k=1;q=7;s=34,16,false,18,0.081,66,2,1024,0.169,66,2,true
dec-108,dec,d_b=8;m=9;gap=3;k=1;q=7;s=34,16,false,18,0.081,66,2,2048,0.174,66,2,true
dec-108,dec,d_b=8;m=9;gap=3;k=1;q=7;s=34,16,false,18,0.081,66,2,4096,0.162,66,2,true
dec-108,dec,d_b=8;m=9;gap=3;k=1;q=7;s=34,16,false,18,0.081,66,2,8192,0.179,66,2,true
dec-108,dec,d_b=8;m=9;gap=3;k=1;q=7;s=34,16,false,18,0.081,66,2,16384,0.157,66,2,true
mixed-036-0,mixed,seed=0x0c1585ba89fdd6b1;cycles=9;planted=1;d_b=4;m=2;gap=1;k=2,5335257,false,414702,0.050,9,4,1,0.043,10,8,false
mixed-036-0,mixed,seed=0x0c1585ba89fdd6b1;cycles=9;planted=1;d_b=4;m=2;gap=1;k=2,5335257,false,414702,0.050,9,4,2,0.057,10,8,false
mixed-036-0,mixed,seed=0x0c1585ba89fdd6b1;cycles=9;planted=1;d_b=4;m=2;gap=1;k=2,5335257,false,414702,0.050,9,4,4,0.064,10,8,false
mixed-036-0,mixed,seed=0x0c1585ba89fdd6b1;cycles=9;planted=1;d_b=4;m=2;gap=1;k=2,5335257,false,414702,0.050,9,4,8,0.105,10,8,false
mixed-036-0,mixed,seed=0x0c1585ba89fdd6b1;cycles=9;planted=1;d_b=4;m=2;gap=1;k=2,5335257,false,414702,0.050,9,4,16,0.170,9,4,false
mixed-036-0,mixed,seed=0x0c1585ba89fdd6b1;cycles=9;planted=1;d_b=4;m=2;gap=1;k=2,5335257,false,414702,0.050,9,4,32,0.322,9,4,false
mixed-036-0,mixed,seed=0x0c1585ba89fdd6b1;cycles=9;planted=1;d_b=4;m=2;gap=1;k=2,5335257,false,414702,0.050,9,4,64,0.732,9,4,false
mixed-036-0,mixed,seed=0x0c1585ba89fdd6b1;cycles=9;planted=1;d_b=4;m=2;gap=1;k=2,5335257,false,414702,0.050,9,4,128,1.129,9,4,false
mixed-036-0,mixed,seed=0x0c1585ba89fdd6b1;cycles=9;planted=1;d_b=4;m=2;gap=1;k=2,5335257,false,414702,0.050,9,4,256,1.659,9,4,false
mixed-036-0,mixed,seed=0x0c1585ba89fdd6b1;cycles=9;planted=1;d_b=4;m=2;gap=1;k=2,5335257,false,414702,0.050,9,4,512,2.738,9,4,false
mixed-036-0,mixed,seed=0x0c1585ba89fdd6b1;cycles=9;planted=1;d_b=4;m=2;gap=1;k=2,5335257,false,414702,0.050,9,4,1024,4.943,9,4,false
mixed-036-0,mixed,seed=0x0c1585ba89fdd6b1;cycles=9;planted=1;d_b=4;m=2;gap=1;k=2,5335257,false,414702,0.050,9,4,2048,12.950,9,4,false
mixed-036-0,mixed,seed=0x0c1585ba89fdd6b1;cycles=9;planted=1;d_b=4;m=2;gap=1;k=2,5335257,false,414702,0.050,9,4,4096,20.275,9,4,false
mixed-036-0,mixed,seed=0x0c1585ba89fdd6b1;cycles=9;planted=1;d_b=4;m=2;gap=1;k=2,5335257,false,414702,0.050,9,4,8192,42.295,9,4,false
mixed-036-0,mixed,seed=0x0c1585ba89fdd6b1;cycles=9;planted=1;d_b=4;m=2;gap=1;k=2,5335257,false,414702,0.050,9,4,16384,83.656,9,4,false
dec-109,dec,d_b=8;m=9;gap=3;k=2;q=7;s=34,24,false,26,0.163,66,2,1,0.028,69,68,false
dec-109,dec,d_b=8;m=9;gap=3;k=2;q=7;s=34,24,false,26,0.163,66,2,2,0.040,69,68,false
dec-109,dec,d_b=8;m=9;gap=3;k=2;q=7;s=34,24,false,26,0.163,66,2,4,0.056,69,68,false
dec-109,dec,d_b=8;m=9;gap=3;k=2;q=7;s=34,24,false,26,0.163,66,2,8,0.100,69,68,false
dec-109,dec,d_b=8;m=9;gap=3;k=2;q=7;s=34,24,false,26,0.163,66,2,16,0.185,66,2,false
dec-109,dec,d_b=8;m=9;gap=3;k=2;q=7;s=34,24,false,26,0.163,66,2,32,0.286,66,2,true
dec-109,dec,d_b=8;m=9;gap=3;k=2;q=7;s=34,24,false,26,0.163,66,2,64,0.280,66,2,true
dec-109,dec,d_b=8;m=9;gap=3;k=2;q=7;s=34,24,false,26,0.163,66,2,128,0.278,66,2,true
dec-109,dec,d_b=8;m=9;gap=3;k=2;q=7;s=34,24,false,26,0.163,66,2,256,0.274,66,2,true
dec-109,dec,d_b=8;m=9;gap=3;k=2;q=7;s=34,24,false,26,0.163,66,2,512,0.283,66,2,true
dec-109,dec,d_b=8;m=9;gap=3;k=2;q=7;s=34,24,false,26,0.163,66,2,1024,0.273,66,2,true
dec-109,dec,d_b=8;m=9;gap=3;k=2;q=7;s=34,24,false,26,0.163,66,2,2048,0.270,66,2,true
dec-109,dec,d_b=8;m=9;gap=3;k=2;q=7;s=34,24,false,26,0.163,66,2,4096,0.271,66,2,true
dec-109,dec,d_b=8;m=9;gap=3;k=2;q=7;s=34,24,false,26,0.163,66,2,8192,0.271,66,2,true
dec-109,dec,d_b=8;m=9;gap=3;k=2;q=7;s=34,24,false,26,0.163,66,2,16384,0.272,66,2,true
mixed-036-1,mixed,seed=0xf6234467df3846d2;cycles=9;planted=1;d_b=4;m=2;gap=1;k=2,12612679,false,927371,0.119,20,10,1,0.112,21,14,false
mixed-036-1,mixed,seed=0xf6234467df3846d2;cycles=9;planted=1;d_b=4;m=2;gap=1;k=2,12612679,false,927371,0.119,20,10,2,0.122,21,14,false
mixed-036-1,mixed,seed=0xf6234467df3846d2;cycles=9;planted=1;d_b=4;m=2;gap=1;k=2,12612679,false,927371,0.119,20,10,4,0.125,21,14,false
mixed-036-1,mixed,seed=0xf6234467df3846d2;cycles=9;planted=1;d_b=4;m=2;gap=1;k=2,12612679,false,927371,0.119,20,10,8,0.188,21,14,false
mixed-036-1,mixed,seed=0xf6234467df3846d2;cycles=9;planted=1;d_b=4;m=2;gap=1;k=2,12612679,false,927371,0.119,20,10,16,0.319,21,14,false
mixed-036-1,mixed,seed=0xf6234467df3846d2;cycles=9;planted=1;d_b=4;m=2;gap=1;k=2,12612679,false,927371,0.119,20,10,32,0.489,21,14,false
mixed-036-1,mixed,seed=0xf6234467df3846d2;cycles=9;planted=1;d_b=4;m=2;gap=1;k=2,12612679,false,927371,0.119,20,10,64,0.888,21,14,false
mixed-036-1,mixed,seed=0xf6234467df3846d2;cycles=9;planted=1;d_b=4;m=2;gap=1;k=2,12612679,false,927371,0.119,20,10,128,1.545,20,10,false
mixed-036-1,mixed,seed=0xf6234467df3846d2;cycles=9;planted=1;d_b=4;m=2;gap=1;k=2,12612679,false,927371,0.119,20,10,256,2.760,20,10,false
mixed-036-1,mixed,seed=0xf6234467df3846d2;cycles=9;planted=1;d_b=4;m=2;gap=1;k=2,12612679,false,927371,0.119,20,10,512,4.863,20,10,false
mixed-036-1,mixed,seed=0xf6234467df3846d2;cycles=9;planted=1;d_b=4;m=2;gap=1;k=2,12612679,false,927371,0.119,20,10,1024,9.184,20,10,false
mixed-036-1,mixed,seed=0xf6234467df3846d2;cycles=9;planted=1;d_b=4;m=2;gap=1;k=2,12612679,false,927371,0.119,20,10,2048,17.974,20,10,false
mixed-036-1,mixed,seed=0xf6234467df3846d2;cycles=9;planted=1;d_b=4;m=2;gap=1;k=2,12612679,false,927371,0.119,20,10,4096,35.969,20,10,false
mixed-036-1,mixed,seed=0xf6234467df3846d2;cycles=9;planted=1;d_b=4;m=2;gap=1;k=2,12612679,false,927371,0.119,20,10,8192,73.015,20,10,false
mixed-036-1,mixed,seed=0xf6234467df3846d2;cycles=9;planted=1;d_b=4;m=2;gap=1;k=2,12612679,false,927371,0.119,20,10,16384,149.865,20,10,false
dec-110,dec,d_b=8;m=9;gap=3;k=4;q=7;s=34,40,false,42,0.265,66,2,1,0.031,69,68,false
dec-110,dec,d_b=8;m=9;gap=3;k=4;q=7;s=34,40,false,42,0.265,66,2,2,0.043,69,68,false
dec-110,dec,d_b=8;m=9;gap=3;k=4;q=7;s=34,40,false,42,0.265,66,2,4,0.068,69,68,false
dec-110,dec,d_b=8;m=9;gap=3;k=4;q=7;s=34,40,false,42,0.265,66,2,8,0.119,69,68,false
dec-110,dec,d_b=8;m=9;gap=3;k=4;q=7;s=34,40,false,42,0.265,66,2,16,0.213,69,68,false
dec-110,dec,d_b=8;m=9;gap=3;k=4;q=7;s=34,40,false,42,0.265,66,2,32,0.429,66,2,false
dec-110,dec,d_b=8;m=9;gap=3;k=4;q=7;s=34,40,false,42,0.265,66,2,64,0.526,66,2,true
dec-110,dec,d_b=8;m=9;gap=3;k=4;q=7;s=34,40,false,42,0.265,66,2,128,0.514,66,2,true
dec-110,dec,d_b=8;m=9;gap=3;k=4;q=7;s=34,40,false,42,0.265,66,2,256,0.516,66,2,true
dec-110,dec,d_b=8;m=9;gap=3;k=4;q=7;s=34,40,false,42,0.265,66,2,512,0.508,66,2,true
dec-110,dec,d_b=8;m=9;gap=3;k=4;q=7;s=34,40,false,42,0.265,66,2,1024,0.513,66,2,true
dec-110,dec,d_b=8;m=9;gap=3;k=4;q=7;s=34,40,false,42,0.265,66,2,2048,0.512,66,2,true
dec-110,dec,d_b=8;m=9;gap=3;k=4;q=7;s=34,40,false,42,0.265,66,2,4096,0.510,66,2,true
dec-110,dec,d_b=8;m=9;gap=3;k=4;q=7;s=34,40,false,42,0.265,66,2,8192,0.501,66,2,true
dec-110,dec,d_b=8;m=9;gap=3;k=4;q=7;s=34,40,false,42,0.265,66,2,16384,0.509,66,2,true
mixed-036-2,mixed,seed=0x0d0ffc0004d6ee97;cycles=9;planted=1;d_b=4;m=2;gap=1;k=2,5335266,false,414731,0.103,27,6,1,0.107,28,10,false
mixed-036-2,mixed,seed=0x0d0ffc0004d6ee97;cycles=9;planted=1;d_b=4;m=2;gap=1;k=2,5335266,false,414731,0.103,27,6,2,0.095,28,10,false
mixed-036-2,mixed,seed=0x0d0ffc0004d6ee97;cycles=9;planted=1;d_b=4;m=2;gap=1;k=2,5335266,false,414731,0.103,27,6,4,0.095,28,10,false
mixed-036-2,mixed,seed=0x0d0ffc0004d6ee97;cycles=9;planted=1;d_b=4;m=2;gap=1;k=2,5335266,false,414731,0.103,27,6,8,0.131,28,10,false
mixed-036-2,mixed,seed=0x0d0ffc0004d6ee97;cycles=9;planted=1;d_b=4;m=2;gap=1;k=2,5335266,false,414731,0.103,27,6,16,0.239,28,10,false
mixed-036-2,mixed,seed=0x0d0ffc0004d6ee97;cycles=9;planted=1;d_b=4;m=2;gap=1;k=2,5335266,false,414731,0.103,27,6,32,0.491,27,6,false
mixed-036-2,mixed,seed=0x0d0ffc0004d6ee97;cycles=9;planted=1;d_b=4;m=2;gap=1;k=2,5335266,false,414731,0.103,27,6,64,1.148,27,6,false
mixed-036-2,mixed,seed=0x0d0ffc0004d6ee97;cycles=9;planted=1;d_b=4;m=2;gap=1;k=2,5335266,false,414731,0.103,27,6,128,2.224,27,6,false
mixed-036-2,mixed,seed=0x0d0ffc0004d6ee97;cycles=9;planted=1;d_b=4;m=2;gap=1;k=2,5335266,false,414731,0.103,27,6,256,3.874,27,6,false
mixed-036-2,mixed,seed=0x0d0ffc0004d6ee97;cycles=9;planted=1;d_b=4;m=2;gap=1;k=2,5335266,false,414731,0.103,27,6,512,7.209,27,6,false
mixed-036-2,mixed,seed=0x0d0ffc0004d6ee97;cycles=9;planted=1;d_b=4;m=2;gap=1;k=2,5335266,false,414731,0.103,27,6,1024,13.824,27,6,false
mixed-036-2,mixed,seed=0x0d0ffc0004d6ee97;cycles=9;planted=1;d_b=4;m=2;gap=1;k=2,5335266,false,414731,0.103,27,6,2048,27.430,27,6,false
mixed-036-2,mixed,seed=0x0d0ffc0004d6ee97;cycles=9;planted=1;d_b=4;m=2;gap=1;k=2,5335266,false,414731,0.103,27,6,4096,55.607,27,6,false
mixed-036-2,mixed,seed=0x0d0ffc0004d6ee97;cycles=9;planted=1;d_b=4;m=2;gap=1;k=2,5335266,false,414731,0.103,27,6,8192,113.232,27,6,false
mixed-036-2,mixed,seed=0x0d0ffc0004d6ee97;cycles=9;planted=1;d_b=4;m=2;gap=1;k=2,5335266,false,414731,0.103,27,6,16384,218.997,27,6,false
dec-111,dec,d_b=8;m=9;gap=7;k=1;q=7;s=36,16,false,18,0.109,66,2,1,0.026,73,72,false
dec-111,dec,d_b=8;m=9;gap=7;k=1;q=7;s=36,16,false,18,0.109,66,2,2,0.043,73,72,false
dec-111,dec,d_b=8;m=9;gap=7;k=1;q=7;s=36,16,false,18,0.109,66,2,4,0.065,73,72,false
dec-111,dec,d_b=8;m=9;gap=7;k=1;q=7;s=36,16,false,18,0.109,66,2,8,0.087,66,2,false
dec-111,dec,d_b=8;m=9;gap=7;k=1;q=7;s=36,16,false,18,0.109,66,2,16,0.186,66,2,true
dec-111,dec,d_b=8;m=9;gap=7;k=1;q=7;s=36,16,false,18,0.109,66,2,32,0.166,66,2,true
dec-111,dec,d_b=8;m=9;gap=7;k=1;q=7;s=36,16,false,18,0.109,66,2,64,0.169,66,2,true
dec-111,dec,d_b=8;m=9;gap=7;k=1;q=7;s=36,16,false,18,0.109,66,2,128,0.161,66,2,true
dec-111,dec,d_b=8;m=9;gap=7;k=1;q=7;s=36,16,false,18,0.109,66,2,256,0.162,66,2,true
dec-111,dec,d_b=8;m=9;gap=7;k=1;q=7;s=36,16,false,18,0.109,66,2,512,0.159,66,2,true
dec-111,dec,d_b=8;m=9;gap=7;k=1;q=7;s=36,16,false,18,0.109,66,2,1024,0.160,66,2,true
dec-111,dec,d_b=8;m=9;gap=7;k=1;q=7;s=36,16,false,18,0.109,66,2,2048,0.158,66,2,true
dec-111,dec,d_b=8;m=9;gap=7;k=1;q=7;s=36,16,false,18,0.109,66,2,4096,0.160,66,2,true
dec-111,dec,d_b=8;m=9;gap=7;k=1;q=7;s=36,16,false,18,0.109,66,2,8192,0.156,66,2,true
dec-111,dec,d_b=8;m=9;gap=7;k=1;q=7;s=36,16,false,18,0.109,66,2,16384,0.159,66,2,true
mixed-037-0,mixed,seed=0x0eed9046a13fa5c2;cycles=9;planted=1;d_b=8;m=3;gap=2;k=2,5335271,false,414724,0.121,25,6,1,0.070,28,24,false
mixed-037-0,mixed,seed=0x0eed9046a13fa5c2;cycles=9;planted=1;d_b=8;m=3;gap=2;k=2,5335271,false,414724,0.121,25,6,2,0.064,28,24,false
mixed-037-0,mixed,seed=0x0eed9046a13fa5c2;cycles=9;planted=1;d_b=8;m=3;gap=2;k=2,5335271,false,414724,0.121,25,6,4,0.100,28,24,false
mixed-037-0,mixed,seed=0x0eed9046a13fa5c2;cycles=9;planted=1;d_b=8;m=3;gap=2;k=2,5335271,false,414724,0.121,25,6,8,0.155,28,24,false
mixed-037-0,mixed,seed=0x0eed9046a13fa5c2;cycles=9;planted=1;d_b=8;m=3;gap=2;k=2,5335271,false,414724,0.121,25,6,16,0.263,28,24,false
mixed-037-0,mixed,seed=0x0eed9046a13fa5c2;cycles=9;planted=1;d_b=8;m=3;gap=2;k=2,5335271,false,414724,0.121,25,6,32,0.487,25,6,false
mixed-037-0,mixed,seed=0x0eed9046a13fa5c2;cycles=9;planted=1;d_b=8;m=3;gap=2;k=2,5335271,false,414724,0.121,25,6,64,0.949,25,6,false
mixed-037-0,mixed,seed=0x0eed9046a13fa5c2;cycles=9;planted=1;d_b=8;m=3;gap=2;k=2,5335271,false,414724,0.121,25,6,128,1.768,25,6,false
mixed-037-0,mixed,seed=0x0eed9046a13fa5c2;cycles=9;planted=1;d_b=8;m=3;gap=2;k=2,5335271,false,414724,0.121,25,6,256,2.873,25,6,false
mixed-037-0,mixed,seed=0x0eed9046a13fa5c2;cycles=9;planted=1;d_b=8;m=3;gap=2;k=2,5335271,false,414724,0.121,25,6,512,5.120,25,6,false
mixed-037-0,mixed,seed=0x0eed9046a13fa5c2;cycles=9;planted=1;d_b=8;m=3;gap=2;k=2,5335271,false,414724,0.121,25,6,1024,9.689,25,6,false
mixed-037-0,mixed,seed=0x0eed9046a13fa5c2;cycles=9;planted=1;d_b=8;m=3;gap=2;k=2,5335271,false,414724,0.121,25,6,2048,19.268,25,6,false
mixed-037-0,mixed,seed=0x0eed9046a13fa5c2;cycles=9;planted=1;d_b=8;m=3;gap=2;k=2,5335271,false,414724,0.121,25,6,4096,39.471,25,6,false
mixed-037-0,mixed,seed=0x0eed9046a13fa5c2;cycles=9;planted=1;d_b=8;m=3;gap=2;k=2,5335271,false,414724,0.121,25,6,8192,80.862,25,6,false
mixed-037-0,mixed,seed=0x0eed9046a13fa5c2;cycles=9;planted=1;d_b=8;m=3;gap=2;k=2,5335271,false,414724,0.121,25,6,16384,158.489,25,6,false
dec-112,dec,d_b=8;m=9;gap=7;k=2;q=7;s=36,24,false,26,0.150,66,2,1,0.026,73,72,false
dec-112,dec,d_b=8;m=9;gap=7;k=2;q=7;s=36,24,false,26,0.150,66,2,2,0.042,73,72,false
dec-112,dec,d_b=8;m=9;gap=7;k=2;q=7;s=36,24,false,26,0.150,66,2,4,0.060,73,72,false
dec-112,dec,d_b=8;m=9;gap=7;k=2;q=7;s=36,24,false,26,0.150,66,2,8,0.108,73,72,false
dec-112,dec,d_b=8;m=9;gap=7;k=2;q=7;s=36,24,false,26,0.150,66,2,16,0.190,66,2,false
dec-112,dec,d_b=8;m=9;gap=7;k=2;q=7;s=36,24,false,26,0.150,66,2,32,0.290,66,2,true
dec-112,dec,d_b=8;m=9;gap=7;k=2;q=7;s=36,24,false,26,0.150,66,2,64,0.287,66,2,true
dec-112,dec,d_b=8;m=9;gap=7;k=2;q=7;s=36,24,false,26,0.150,66,2,128,0.286,66,2,true
dec-112,dec,d_b=8;m=9;gap=7;k=2;q=7;s=36,24,false,26,0.150,66,2,256,0.282,66,2,true
dec-112,dec,d_b=8;m=9;gap=7;k=2;q=7;s=36,24,false,26,0.150,66,2,512,0.281,66,2,true
dec-112,dec,d_b=8;m=9;gap=7;k=2;q=7;s=36,24,false,26,0.150,66,2,1024,0.290,66,2,true
dec-112,dec,d_b=8;m=9;gap=7;k=2;q=7;s=36,24,false,26,0.150,66,2,2048,0.278,66,2,true
dec-112,dec,d_b=8;m=9;gap=7;k=2;q=7;s=36,24,false,26,0.150,66,2,4096,0.284,66,2,true
dec-112,dec,d_b=8;m=9;gap=7;k=2;q=7;s=36,24,false,26,0.150,66,2,8192,0.313,66,2,true
dec-112,dec,d_b=8;m=9;gap=7;k=2;q=7;s=36,24,false,26,0.150,66,2,16384,0.276,66,2,true
mixed-037-1,mixed,seed=0xfd7775436da039bb;cycles=9;planted=1;d_b=8;m=3;gap=2;k=2,5335273,false,414731,0.124,30,6,1,0.081,33,24,false
mixed-037-1,mixed,seed=0xfd7775436da039bb;cycles=9;planted=1;d_b=8;m=3;gap=2;k=2,5335273,false,414731,0.124,30,6,2,0.085,33,24,false
mixed-037-1,mixed,seed=0xfd7775436da039bb;cycles=9;planted=1;d_b=8;m=3;gap=2;k=2,5335273,false,414731,0.124,30,6,4,0.098,33,24,false
mixed-037-1,mixed,seed=0xfd7775436da039bb;cycles=9;planted=1;d_b=8;m=3;gap=2;k=2,5335273,false,414731,0.124,30,6,8,0.142,33,24,false
mixed-037-1,mixed,seed=0xfd7775436da039bb;cycles=9;planted=1;d_b=8;m=3;gap=2;k=2,5335273,false,414731,0.124,30,6,16,0.237,33,24,false
mixed-037-1,mixed,seed=0xfd7775436da039bb;cycles=9;planted=1;d_b=8;m=3;gap=2;k=2,5335273,false,414731,0.124,30,6,32,0.433,30,6,false
mixed-037-1,mixed,seed=0xfd7775436da039bb;cycles=9;planted=1;d_b=8;m=3;gap=2;k=2,5335273,false,414731,0.124,30,6,64,0.809,30,6,false
mixed-037-1,mixed,seed=0xfd7775436da039bb;cycles=9;planted=1;d_b=8;m=3;gap=2;k=2,5335273,false,414731,0.124,30,6,128,1.381,30,6,false
mixed-037-1,mixed,seed=0xfd7775436da039bb;cycles=9;planted=1;d_b=8;m=3;gap=2;k=2,5335273,false,414731,0.124,30,6,256,1.936,30,6,false
mixed-037-1,mixed,seed=0xfd7775436da039bb;cycles=9;planted=1;d_b=8;m=3;gap=2;k=2,5335273,false,414731,0.124,30,6,512,3.108,30,6,false
mixed-037-1,mixed,seed=0xfd7775436da039bb;cycles=9;planted=1;d_b=8;m=3;gap=2;k=2,5335273,false,414731,0.124,30,6,1024,5.487,30,6,false
mixed-037-1,mixed,seed=0xfd7775436da039bb;cycles=9;planted=1;d_b=8;m=3;gap=2;k=2,5335273,false,414731,0.124,30,6,2048,10.745,30,6,false
mixed-037-1,mixed,seed=0xfd7775436da039bb;cycles=9;planted=1;d_b=8;m=3;gap=2;k=2,5335273,false,414731,0.124,30,6,4096,22.083,30,6,false
mixed-037-1,mixed,seed=0xfd7775436da039bb;cycles=9;planted=1;d_b=8;m=3;gap=2;k=2,5335273,false,414731,0.124,30,6,8192,45.758,30,6,false
mixed-037-1,mixed,seed=0xfd7775436da039bb;cycles=9;planted=1;d_b=8;m=3;gap=2;k=2,5335273,false,414731,0.124,30,6,16384,91.532,30,6,false
dec-113,dec,d_b=8;m=9;gap=7;k=4;q=7;s=36,40,false,42,0.268,66,2,1,0.029,73,72,false
dec-113,dec,d_b=8;m=9;gap=7;k=4;q=7;s=36,40,false,42,0.268,66,2,2,0.044,73,72,false
dec-113,dec,d_b=8;m=9;gap=7;k=4;q=7;s=36,40,false,42,0.268,66,2,4,0.071,73,72,false
dec-113,dec,d_b=8;m=9;gap=7;k=4;q=7;s=36,40,false,42,0.268,66,2,8,0.127,73,72,false
dec-113,dec,d_b=8;m=9;gap=7;k=4;q=7;s=36,40,false,42,0.268,66,2,16,0.224,73,72,false
dec-113,dec,d_b=8;m=9;gap=7;k=4;q=7;s=36,40,false,42,0.268,66,2,32,0.456,66,2,false
dec-113,dec,d_b=8;m=9;gap=7;k=4;q=7;s=36,40,false,42,0.268,66,2,64,0.550,66,2,true
dec-113,dec,d_b=8;m=9;gap=7;k=4;q=7;s=36,40,false,42,0.268,66,2,128,0.548,66,2,true
dec-113,dec,d_b=8;m=9;gap=7;k=4;q=7;s=36,40,false,42,0.268,66,2,256,0.538,66,2,true
dec-113,dec,d_b=8;m=9;gap=7;k=4;q=7;s=36,40,false,42,0.268,66,2,512,0.578,66,2,true
dec-113,dec,d_b=8;m=9;gap=7;k=4;q=7;s=36,40,false,42,0.268,66,2,1024,0.533,66,2,true
dec-113,dec,d_b=8;m=9;gap=7;k=4;q=7;s=36,40,false,42,0.268,66,2,2048,0.577,66,2,true
dec-113,dec,d_b=8;m=9;gap=7;k=4;q=7;s=36,40,false,42,0.268,66,2,4096,0.578,66,2,true
dec-113,dec,d_b=8;m=9;gap=7;k=4;q=7;s=36,40,false,42,0.268,66,2,8192,0.638,66,2,true
dec-113,dec,d_b=8;m=9;gap=7;k=4;q=7;s=36,40,false,42,0.268,66,2,16384,0.598,66,2,true
mixed-037-2,mixed,seed=0x05aa77ef74c2d76c;cycles=9;planted=1;d_b=8;m=3;gap=2;k=2,5335274,false,414745,0.158,34,8,1,0.094,37,26,false
mixed-037-2,mixed,seed=0x05aa77ef74c2d76c;cycles=9;planted=1;d_b=8;m=3;gap=2;k=2,5335274,false,414745,0.158,34,8,2,0.101,37,26,false
mixed-037-2,mixed,seed=0x05aa77ef74c2d76c;cycles=9;planted=1;d_b=8;m=3;gap=2;k=2,5335274,false,414745,0.158,34,8,4,0.105,37,26,false
mixed-037-2,mixed,seed=0x05aa77ef74c2d76c;cycles=9;planted=1;d_b=8;m=3;gap=2;k=2,5335274,false,414745,0.158,34,8,8,0.170,37,26,false
mixed-037-2,mixed,seed=0x05aa77ef74c2d76c;cycles=9;planted=1;d_b=8;m=3;gap=2;k=2,5335274,false,414745,0.158,34,8,16,0.270,37,26,false
mixed-037-2,mixed,seed=0x05aa77ef74c2d76c;cycles=9;planted=1;d_b=8;m=3;gap=2;k=2,5335274,false,414745,0.158,34,8,32,0.430,34,8,false
mixed-037-2,mixed,seed=0x05aa77ef74c2d76c;cycles=9;planted=1;d_b=8;m=3;gap=2;k=2,5335274,false,414745,0.158,34,8,64,1.054,34,8,false
mixed-037-2,mixed,seed=0x05aa77ef74c2d76c;cycles=9;planted=1;d_b=8;m=3;gap=2;k=2,5335274,false,414745,0.158,34,8,128,2.252,34,8,false
mixed-037-2,mixed,seed=0x05aa77ef74c2d76c;cycles=9;planted=1;d_b=8;m=3;gap=2;k=2,5335274,false,414745,0.158,34,8,256,4.094,34,8,false
mixed-037-2,mixed,seed=0x05aa77ef74c2d76c;cycles=9;planted=1;d_b=8;m=3;gap=2;k=2,5335274,false,414745,0.158,34,8,512,7.775,34,8,false
mixed-037-2,mixed,seed=0x05aa77ef74c2d76c;cycles=9;planted=1;d_b=8;m=3;gap=2;k=2,5335274,false,414745,0.158,34,8,1024,14.982,34,8,false
mixed-037-2,mixed,seed=0x05aa77ef74c2d76c;cycles=9;planted=1;d_b=8;m=3;gap=2;k=2,5335274,false,414745,0.158,34,8,2048,29.621,34,8,false
mixed-037-2,mixed,seed=0x05aa77ef74c2d76c;cycles=9;planted=1;d_b=8;m=3;gap=2;k=2,5335274,false,414745,0.158,34,8,4096,60.098,34,8,false
mixed-037-2,mixed,seed=0x05aa77ef74c2d76c;cycles=9;planted=1;d_b=8;m=3;gap=2;k=2,5335274,false,414745,0.158,34,8,8192,122.288,34,8,false
mixed-037-2,mixed,seed=0x05aa77ef74c2d76c;cycles=9;planted=1;d_b=8;m=3;gap=2;k=2,5335274,false,414745,0.158,34,8,16384,244.179,34,8,false
dec-114,dec,d_b=8;m=9;gap=13;k=1;q=7;s=39,16,false,18,0.108,66,2,1,0.030,79,78,false
dec-114,dec,d_b=8;m=9;gap=13;k=1;q=7;s=39,16,false,18,0.108,66,2,2,0.048,79,78,false
dec-114,dec,d_b=8;m=9;gap=13;k=1;q=7;s=39,16,false,18,0.108,66,2,4,0.070,79,78,false
dec-114,dec,d_b=8;m=9;gap=13;k=1;q=7;s=39,16,false,18,0.108,66,2,8,0.094,66,2,false
dec-114,dec,d_b=8;m=9;gap=13;k=1;q=7;s=39,16,false,18,0.108,66,2,16,0.183,66,2,true
dec-114,dec,d_b=8;m=9;gap=13;k=1;q=7;s=39,16,false,18,0.108,66,2,32,0.177,66,2,true
dec-114,dec,d_b=8;m=9;gap=13;k=1;q=7;s=39,16,false,18,0.108,66,2,64,0.177,66,2,true
dec-114,dec,d_b=8;m=9;gap=13;k=1;q=7;s=39,16,false,18,0.108,66,2,128,0.172,66,2,true
dec-114,dec,d_b=8;m=9;gap=13;k=1;q=7;s=39,16,false,18,0.108,66,2,256,0.170,66,2,true
dec-114,dec,d_b=8;m=9;gap=13;k=1;q=7;s=39,16,false,18,0.108,66,2,512,0.170,66,2,true
dec-114,dec,d_b=8;m=9;gap=13;k=1;q=7;s=39,16,false,18,0.108,66,2,1024,0.167,66,2,true
dec-114,dec,d_b=8;m=9;gap=13;k=1;q=7;s=39,16,false,18,0.108,66,2,2048,0.169,66,2,true
dec-114,dec,d_b=8;m=9;gap=13;k=1;q=7;s=39,16,false,18,0.108,66,2,4096,0.166,66,2,true
dec-114,dec,d_b=8;m=9;gap=13;k=1;q=7;s=39,16,false,18,0.108,66,2,8192,0.168,66,2,true
dec-114,dec,d_b=8;m=9;gap=13;k=1;q=7;s=39,16,false,18,0.108,66,2,16384,0.164,66,2,true
mixed-038-0,mixed,seed=0x67ea1e2f0b2716bb;cycles=9;planted=1;d_b=12;m=2;gap=6;k=4,9831560,false,743467,0.161,26,10,1,0.086,33,28,false
mixed-038-0,mixed,seed=0x67ea1e2f0b2716bb;cycles=9;planted=1;d_b=12;m=2;gap=6;k=4,9831560,false,743467,0.161,26,10,2,0.093,33,28,false
mixed-038-0,mixed,seed=0x67ea1e2f0b2716bb;cycles=9;planted=1;d_b=12;m=2;gap=6;k=4,9831560,false,743467,0.161,26,10,4,0.107,33,28,false
mixed-038-0,mixed,seed=0x67ea1e2f0b2716bb;cycles=9;planted=1;d_b=12;m=2;gap=6;k=4,9831560,false,743467,0.161,26,10,8,0.162,33,28,false
mixed-038-0,mixed,seed=0x67ea1e2f0b2716bb;cycles=9;planted=1;d_b=12;m=2;gap=6;k=4,9831560,false,743467,0.161,26,10,16,0.229,33,28,false
mixed-038-0,mixed,seed=0x67ea1e2f0b2716bb;cycles=9;planted=1;d_b=12;m=2;gap=6;k=4,9831560,false,743467,0.161,26,10,32,0.433,33,28,false
mixed-038-0,mixed,seed=0x67ea1e2f0b2716bb;cycles=9;planted=1;d_b=12;m=2;gap=6;k=4,9831560,false,743467,0.161,26,10,64,0.807,33,28,false
mixed-038-0,mixed,seed=0x67ea1e2f0b2716bb;cycles=9;planted=1;d_b=12;m=2;gap=6;k=4,9831560,false,743467,0.161,26,10,128,1.354,26,10,false
mixed-038-0,mixed,seed=0x67ea1e2f0b2716bb;cycles=9;planted=1;d_b=12;m=2;gap=6;k=4,9831560,false,743467,0.161,26,10,256,1.936,26,10,false
mixed-038-0,mixed,seed=0x67ea1e2f0b2716bb;cycles=9;planted=1;d_b=12;m=2;gap=6;k=4,9831560,false,743467,0.161,26,10,512,3.242,26,10,false
mixed-038-0,mixed,seed=0x67ea1e2f0b2716bb;cycles=9;planted=1;d_b=12;m=2;gap=6;k=4,9831560,false,743467,0.161,26,10,1024,5.843,26,10,false
mixed-038-0,mixed,seed=0x67ea1e2f0b2716bb;cycles=9;planted=1;d_b=12;m=2;gap=6;k=4,9831560,false,743467,0.161,26,10,2048,10.924,26,10,false
mixed-038-0,mixed,seed=0x67ea1e2f0b2716bb;cycles=9;planted=1;d_b=12;m=2;gap=6;k=4,9831560,false,743467,0.161,26,10,4096,21.997,26,10,false
mixed-038-0,mixed,seed=0x67ea1e2f0b2716bb;cycles=9;planted=1;d_b=12;m=2;gap=6;k=4,9831560,false,743467,0.161,26,10,8192,45.311,26,10,false
mixed-038-0,mixed,seed=0x67ea1e2f0b2716bb;cycles=9;planted=1;d_b=12;m=2;gap=6;k=4,9831560,false,743467,0.161,26,10,16384,88.870,26,10,false
dec-115,dec,d_b=8;m=9;gap=13;k=2;q=7;s=39,24,false,26,0.166,66,2,1,0.030,79,78,false
dec-115,dec,d_b=8;m=9;gap=13;k=2;q=7;s=39,24,false,26,0.166,66,2,2,0.046,79,78,false
dec-115,dec,d_b=8;m=9;gap=13;k=2;q=7;s=39,24,false,26,0.166,66,2,4,0.065,79,78,false
dec-115,dec,d_b=8;m=9;gap=13;k=2;q=7;s=39,24,false,26,0.166,66,2,8,0.118,79,78,false
dec-115,dec,d_b=8;m=9;gap=13;k=2;q=7;s=39,24,false,26,0.166,66,2,16,0.219,66,2,false
dec-115,dec,d_b=8;m=9;gap=13;k=2;q=7;s=39,24,false,26,0.166,66,2,32,0.309,66,2,true
dec-115,dec,d_b=8;m=9;gap=13;k=2;q=7;s=39,24,false,26,0.166,66,2,64,0.331,66,2,true
dec-115,dec,d_b=8;m=9;gap=13;k=2;q=7;s=39,24,false,26,0.166,66,2,128,0.313,66,2,true
dec-115,dec,d_b=8;m=9;gap=13;k=2;q=7;s=39,24,false,26,0.166,66,2,256,0.301,66,2,true
dec-115,dec,d_b=8;m=9;gap=13;k=2;q=7;s=39,24,false,26,0.166,66,2,512,0.299,66,2,true
dec-115,dec,d_b=8;m=9;gap=13;k=2;q=7;s=39,24,false,26,0.166,66,2,1024,0.299,66,2,true
dec-115,dec,d_b=8;m=9;gap=13;k=2;q=7;s=39,24,false,26,0.166,66,2,2048,0.294,66,2,true
dec-115,dec,d_b=8;m=9;gap=13;k=2;q=7;s=39,24,false,26,0.166,66,2,4096,0.298,66,2,true
dec-115,dec,d_b=8;m=9;gap=13;k=2;q=7;s=39,24,false,26,0.166,66,2,8192,0.297,66,2,true
dec-115,dec,d_b=8;m=9;gap=13;k=2;q=7;s=39,24,false,26,0.166,66,2,16384,0.297,66,2,true
mixed-038-1,mixed,seed=0x1681638394e0a770;cycles=9;planted=1;d_b=12;m=2;gap=6;k=4,17175151,false,1219147,0.261,32,10,1,0.210,39,28,false
mixed-038-1,mixed,seed=0x1681638394e0a770;cycles=9;planted=1;d_b=12;m=2;gap=6;k=4,17175151,false,1219147,0.261,32,10,2,0.219,39,28,false
mixed-038-1,mixed,seed=0x1681638394e0a770;cycles=9;planted=1;d_b=12;m=2;gap=6;k=4,17175151,false,1219147,0.261,32,10,4,0.232,39,28,false
mixed-038-1,mixed,seed=0x1681638394e0a770;cycles=9;planted=1;d_b=12;m=2;gap=6;k=4,17175151,false,1219147,0.261,32,10,8,0.322,39,28,false
mixed-038-1,mixed,seed=0x1681638394e0a770;cycles=9;planted=1;d_b=12;m=2;gap=6;k=4,17175151,false,1219147,0.261,32,10,16,0.526,39,28,false
mixed-038-1,mixed,seed=0x1681638394e0a770;cycles=9;planted=1;d_b=12;m=2;gap=6;k=4,17175151,false,1219147,0.261,32,10,32,0.903,39,28,false
mixed-038-1,mixed,seed=0x1681638394e0a770;cycles=9;planted=1;d_b=12;m=2;gap=6;k=4,17175151,false,1219147,0.261,32,10,64,1.601,39,28,false
mixed-038-1,mixed,seed=0x1681638394e0a770;cycles=9;planted=1;d_b=12;m=2;gap=6;k=4,17175151,false,1219147,0.261,32,10,128,2.977,32,10,false
mixed-038-1,mixed,seed=0x1681638394e0a770;cycles=9;planted=1;d_b=12;m=2;gap=6;k=4,17175151,false,1219147,0.261,32,10,256,5.711,32,10,false
mixed-038-1,mixed,seed=0x1681638394e0a770;cycles=9;planted=1;d_b=12;m=2;gap=6;k=4,17175151,false,1219147,0.261,32,10,512,10.762,32,10,false
mixed-038-1,mixed,seed=0x1681638394e0a770;cycles=9;planted=1;d_b=12;m=2;gap=6;k=4,17175151,false,1219147,0.261,32,10,1024,20.235,32,10,false
mixed-038-1,mixed,seed=0x1681638394e0a770;cycles=9;planted=1;d_b=12;m=2;gap=6;k=4,17175151,false,1219147,0.261,32,10,2048,39.170,32,10,false
mixed-038-1,mixed,seed=0x1681638394e0a770;cycles=9;planted=1;d_b=12;m=2;gap=6;k=4,17175151,false,1219147,0.261,32,10,4096,75.844,32,10,false
mixed-038-1,mixed,seed=0x1681638394e0a770;cycles=9;planted=1;d_b=12;m=2;gap=6;k=4,17175151,false,1219147,0.261,32,10,8192,150.043,32,10,false
mixed-038-1,mixed,seed=0x1681638394e0a770;cycles=9;planted=1;d_b=12;m=2;gap=6;k=4,17175151,false,1219147,0.261,32,10,16384,303.955,32,10,false
dec-116,dec,d_b=8;m=9;gap=13;k=4;q=7;s=39,40,false,42,0.299,66,2,1,0.032,79,78,false
dec-116,dec,d_b=8;m=9;gap=13;k=4;q=7;s=39,40,false,42,0.299,66,2,2,0.046,79,78,false
dec-116,dec,d_b=8;m=9;gap=13;k=4;q=7;s=39,40,false,42,0.299,66,2,4,0.075,79,78,false
dec-116,dec,d_b=8;m=9;gap=13;k=4;q=7;s=39,40,false,42,0.299,66,2,8,0.131,79,78,false
dec-116,dec,d_b=8;m=9;gap=13;k=4;q=7;s=39,40,false,42,0.299,66,2,16,0.247,66,2,false
dec-116,dec,d_b=8;m=9;gap=13;k=4;q=7;s=39,40,false,42,0.299,66,2,32,0.483,66,2,false
dec-116,dec,d_b=8;m=9;gap=13;k=4;q=7;s=39,40,false,42,0.299,66,2,64,0.582,66,2,true
dec-116,dec,d_b=8;m=9;gap=13;k=4;q=7;s=39,40,false,42,0.299,66,2,128,0.570,66,2,true
dec-116,dec,d_b=8;m=9;gap=13;k=4;q=7;s=39,40,false,42,0.299,66,2,256,0.571,66,2,true
dec-116,dec,d_b=8;m=9;gap=13;k=4;q=7;s=39,40,false,42,0.299,66,2,512,0.573,66,2,true
dec-116,dec,d_b=8;m=9;gap=13;k=4;q=7;s=39,40,false,42,0.299,66,2,1024,0.579,66,2,true
dec-116,dec,d_b=8;m=9;gap=13;k=4;q=7;s=39,40,false,42,0.299,66,2,2048,0.561,66,2,true
dec-116,dec,d_b=8;m=9;gap=13;k=4;q=7;s=39,40,false,42,0.299,66,2,4096,0.569,66,2,true
dec-116,dec,d_b=8;m=9;gap=13;k=4;q=7;s=39,40,false,42,0.299,66,2,8192,0.562,66,2,true
dec-116,dec,d_b=8;m=9;gap=13;k=4;q=7;s=39,40,false,42,0.299,66,2,16384,0.566,66,2,true
mixed-038-2,mixed,seed=0xdd6b64f1b984bbf3;cycles=9;planted=1;d_b=12;m=2;gap=6;k=4,62,false,63,0.109,16,2,1,0.019,23,20,false
mixed-038-2,mixed,seed=0xdd6b64f1b984bbf3;cycles=9;planted=1;d_b=12;m=2;gap=6;k=4,62,false,63,0.109,16,2,2,0.021,23,20,false
mixed-038-2,mixed,seed=0xdd6b64f1b984bbf3;cycles=9;planted=1;d_b=12;m=2;gap=6;k=4,62,false,63,0.109,16,2,4,0.027,23,20,false
mixed-038-2,mixed,seed=0xdd6b64f1b984bbf3;cycles=9;planted=1;d_b=12;m=2;gap=6;k=4,62,false,63,0.109,16,2,8,0.050,23,20,false
mixed-038-2,mixed,seed=0xdd6b64f1b984bbf3;cycles=9;planted=1;d_b=12;m=2;gap=6;k=4,62,false,63,0.109,16,2,16,0.097,23,20,false
mixed-038-2,mixed,seed=0xdd6b64f1b984bbf3;cycles=9;planted=1;d_b=12;m=2;gap=6;k=4,62,false,63,0.109,16,2,32,0.217,16,2,false
mixed-038-2,mixed,seed=0xdd6b64f1b984bbf3;cycles=9;planted=1;d_b=12;m=2;gap=6;k=4,62,false,63,0.109,16,2,64,0.437,16,2,true
mixed-038-2,mixed,seed=0xdd6b64f1b984bbf3;cycles=9;planted=1;d_b=12;m=2;gap=6;k=4,62,false,63,0.109,16,2,128,0.432,16,2,true
mixed-038-2,mixed,seed=0xdd6b64f1b984bbf3;cycles=9;planted=1;d_b=12;m=2;gap=6;k=4,62,false,63,0.109,16,2,256,0.429,16,2,true
mixed-038-2,mixed,seed=0xdd6b64f1b984bbf3;cycles=9;planted=1;d_b=12;m=2;gap=6;k=4,62,false,63,0.109,16,2,512,0.426,16,2,true
mixed-038-2,mixed,seed=0xdd6b64f1b984bbf3;cycles=9;planted=1;d_b=12;m=2;gap=6;k=4,62,false,63,0.109,16,2,1024,0.425,16,2,true
mixed-038-2,mixed,seed=0xdd6b64f1b984bbf3;cycles=9;planted=1;d_b=12;m=2;gap=6;k=4,62,false,63,0.109,16,2,2048,0.427,16,2,true
mixed-038-2,mixed,seed=0xdd6b64f1b984bbf3;cycles=9;planted=1;d_b=12;m=2;gap=6;k=4,62,false,63,0.109,16,2,4096,0.423,16,2,true
mixed-038-2,mixed,seed=0xdd6b64f1b984bbf3;cycles=9;planted=1;d_b=12;m=2;gap=6;k=4,62,false,63,0.109,16,2,8192,0.420,16,2,true
mixed-038-2,mixed,seed=0xdd6b64f1b984bbf3;cycles=9;planted=1;d_b=12;m=2;gap=6;k=4,62,false,63,0.109,16,2,16384,0.423,16,2,true
dec-117,dec,d_b=12;m=2;gap=1;k=1;q=0;s=7,24,false,25,0.055,14,2,1,0.011,15,14,false
dec-117,dec,d_b=12;m=2;gap=1;k=1;q=0;s=7,24,false,25,0.055,14,2,2,0.017,15,14,false
dec-117,dec,d_b=12;m=2;gap=1;k=1;q=0;s=7,24,false,25,0.055,14,2,4,0.024,15,14,false
dec-117,dec,d_b=12;m=2;gap=1;k=1;q=0;s=7,24,false,25,0.055,14,2,8,0.040,15,14,false
dec-117,dec,d_b=12;m=2;gap=1;k=1;q=0;s=7,24,false,25,0.055,14,2,16,0.080,14,2,false
dec-117,dec,d_b=12;m=2;gap=1;k=1;q=0;s=7,24,false,25,0.055,14,2,32,0.127,14,2,true
dec-117,dec,d_b=12;m=2;gap=1;k=1;q=0;s=7,24,false,25,0.055,14,2,64,0.124,14,2,true
dec-117,dec,d_b=12;m=2;gap=1;k=1;q=0;s=7,24,false,25,0.055,14,2,128,0.125,14,2,true
dec-117,dec,d_b=12;m=2;gap=1;k=1;q=0;s=7,24,false,25,0.055,14,2,256,0.121,14,2,true
dec-117,dec,d_b=12;m=2;gap=1;k=1;q=0;s=7,24,false,25,0.055,14,2,512,0.122,14,2,true
dec-117,dec,d_b=12;m=2;gap=1;k=1;q=0;s=7,24,false,25,0.055,14,2,1024,0.120,14,2,true
dec-117,dec,d_b=12;m=2;gap=1;k=1;q=0;s=7,24,false,25,0.055,14,2,2048,0.125,14,2,true
dec-117,dec,d_b=12;m=2;gap=1;k=1;q=0;s=7,24,false,25,0.055,14,2,4096,0.120,14,2,true
dec-117,dec,d_b=12;m=2;gap=1;k=1;q=0;s=7,24,false,25,0.055,14,2,8192,0.121,14,2,true
dec-117,dec,d_b=12;m=2;gap=1;k=1;q=0;s=7,24,false,25,0.055,14,2,16384,0.119,14,2,true
mixed-039-0,mixed,seed=0xb146caa949c3e3cb;cycles=9;planted=1;d_b=16;m=5;gap=2;k=1,9831530,false,743434,0.200,72,6,1,0.073,75,72,false
mixed-039-0,mixed,seed=0xb146caa949c3e3cb;cycles=9;planted=1;d_b=16;m=5;gap=2;k=1,9831530,false,743434,0.200,72,6,2,0.069,75,72,false
mixed-039-0,mixed,seed=0xb146caa949c3e3cb;cycles=9;planted=1;d_b=16;m=5;gap=2;k=1,9831530,false,743434,0.200,72,6,4,0.085,75,72,false
mixed-039-0,mixed,seed=0xb146caa949c3e3cb;cycles=9;planted=1;d_b=16;m=5;gap=2;k=1,9831530,false,743434,0.200,72,6,8,0.140,75,72,false
mixed-039-0,mixed,seed=0xb146caa949c3e3cb;cycles=9;planted=1;d_b=16;m=5;gap=2;k=1,9831530,false,743434,0.200,72,6,16,0.229,75,72,false
mixed-039-0,mixed,seed=0xb146caa949c3e3cb;cycles=9;planted=1;d_b=16;m=5;gap=2;k=1,9831530,false,743434,0.200,72,6,32,0.411,75,72,false
mixed-039-0,mixed,seed=0xb146caa949c3e3cb;cycles=9;planted=1;d_b=16;m=5;gap=2;k=1,9831530,false,743434,0.200,72,6,64,0.798,72,6,false
mixed-039-0,mixed,seed=0xb146caa949c3e3cb;cycles=9;planted=1;d_b=16;m=5;gap=2;k=1,9831530,false,743434,0.200,72,6,128,1.447,72,6,false
mixed-039-0,mixed,seed=0xb146caa949c3e3cb;cycles=9;planted=1;d_b=16;m=5;gap=2;k=1,9831530,false,743434,0.200,72,6,256,2.032,72,6,false
mixed-039-0,mixed,seed=0xb146caa949c3e3cb;cycles=9;planted=1;d_b=16;m=5;gap=2;k=1,9831530,false,743434,0.200,72,6,512,3.208,72,6,false
mixed-039-0,mixed,seed=0xb146caa949c3e3cb;cycles=9;planted=1;d_b=16;m=5;gap=2;k=1,9831530,false,743434,0.200,72,6,1024,5.565,72,6,false
mixed-039-0,mixed,seed=0xb146caa949c3e3cb;cycles=9;planted=1;d_b=16;m=5;gap=2;k=1,9831530,false,743434,0.200,72,6,2048,10.779,72,6,false
mixed-039-0,mixed,seed=0xb146caa949c3e3cb;cycles=9;planted=1;d_b=16;m=5;gap=2;k=1,9831530,false,743434,0.200,72,6,4096,21.244,72,6,false
mixed-039-0,mixed,seed=0xb146caa949c3e3cb;cycles=9;planted=1;d_b=16;m=5;gap=2;k=1,9831530,false,743434,0.200,72,6,8192,44.896,72,6,false
mixed-039-0,mixed,seed=0xb146caa949c3e3cb;cycles=9;planted=1;d_b=16;m=5;gap=2;k=1,9831530,false,743434,0.200,72,6,16384,96.133,72,6,false
dec-118,dec,d_b=12;m=2;gap=1;k=2;q=0;s=7,36,false,37,0.088,14,2,1,0.015,15,14,false
dec-118,dec,d_b=12;m=2;gap=1;k=2;q=0;s=7,36,false,37,0.088,14,2,2,0.019,15,14,false
dec-118,dec,d_b=12;m=2;gap=1;k=2;q=0;s=7,36,false,37,0.088,14,2,4,0.025,15,14,false
dec-118,dec,d_b=12;m=2;gap=1;k=2;q=0;s=7,36,false,37,0.088,14,2,8,0.043,15,14,false
dec-118,dec,d_b=12;m=2;gap=1;k=2;q=0;s=7,36,false,37,0.088,14,2,16,0.076,15,14,false
dec-118,dec,d_b=12;m=2;gap=1;k=2;q=0;s=7,36,false,37,0.088,14,2,32,0.166,14,2,false
dec-118,dec,d_b=12;m=2;gap=1;k=2;q=0;s=7,36,false,37,0.088,14,2,64,0.202,14,2,true
dec-118,dec,d_b=12;m=2;gap=1;k=2;q=0;s=7,36,false,37,0.088,14,2,128,0.206,14,2,true
dec-118,dec,d_b=12;m=2;gap=1;k=2;q=0;s=7,36,false,37,0.088,14,2,256,0.188,14,2,true
dec-118,dec,d_b=12;m=2;gap=1;k=2;q=0;s=7,36,false,37,0.088,14,2,512,0.198,14,2,true
dec-118,dec,d_b=12;m=2;gap=1;k=2;q=0;s=7,36,false,37,0.088,14,2,1024,0.186,14,2,true
dec-118,dec,d_b=12;m=2;gap=1;k=2;q=0;s=7,36,false,37,0.088,14,2,2048,0.184,14,2,true
dec-118,dec,d_b=12;m=2;gap=1;k=2;q=0;s=7,36,false,37,0.088,14,2,4096,0.183,14,2,true
dec-118,dec,d_b=12;m=2;gap=1;k=2;q=0;s=7,36,false,37,0.088,14,2,8192,0.181,14,2,true
dec-118,dec,d_b=12;m=2;gap=1;k=2;q=0;s=7,36,false,37,0.088,14,2,16384,0.183,14,2,true
mixed-039-1,mixed,seed=0xcefea4d6dfec9077;cycles=9;planted=1;d_b=16;m=5;gap=2;k=1,9831531,false,743437,0.218,73,6,1,0.091,76,72,false
mixed-039-1,mixed,seed=0xcefea4d6dfec9077;cycles=9;planted=1;d_b=16;m=5;gap=2;k=1,9831531,false,743437,0.218,73,6,2,0.094,76,72,false
mixed-039-1,mixed,seed=0xcefea4d6dfec9077;cycles=9;planted=1;d_b=16;m=5;gap=2;k=1,9831531,false,743437,0.218,73,6,4,0.108,76,72,false
mixed-039-1,mixed,seed=0xcefea4d6dfec9077;cycles=9;planted=1;d_b=16;m=5;gap=2;k=1,9831531,false,743437,0.218,73,6,8,0.156,76,72,false
mixed-039-1,mixed,seed=0xcefea4d6dfec9077;cycles=9;planted=1;d_b=16;m=5;gap=2;k=1,9831531,false,743437,0.218,73,6,16,0.243,76,72,false
mixed-039-1,mixed,seed=0xcefea4d6dfec9077;cycles=9;planted=1;d_b=16;m=5;gap=2;k=1,9831531,false,743437,0.218,73,6,32,0.401,76,72,false
mixed-039-1,mixed,seed=0xcefea4d6dfec9077;cycles=9;planted=1;d_b=16;m=5;gap=2;k=1,9831531,false,743437,0.218,73,6,64,0.785,76,72,false
mixed-039-1,mixed,seed=0xcefea4d6dfec9077;cycles=9;planted=1;d_b=16;m=5;gap=2;k=1,9831531,false,743437,0.218,73,6,128,1.399,73,6,false
mixed-039-1,mixed,seed=0xcefea4d6dfec9077;cycles=9;planted=1;d_b=16;m=5;gap=2;k=1,9831531,false,743437,0.218,73,6,256,2.138,73,6,false
mixed-039-1,mixed,seed=0xcefea4d6dfec9077;cycles=9;planted=1;d_b=16;m=5;gap=2;k=1,9831531,false,743437,0.218,73,6,512,3.590,73,6,false
mixed-039-1,mixed,seed=0xcefea4d6dfec9077;cycles=9;planted=1;d_b=16;m=5;gap=2;k=1,9831531,false,743437,0.218,73,6,1024,6.035,73,6,false
mixed-039-1,mixed,seed=0xcefea4d6dfec9077;cycles=9;planted=1;d_b=16;m=5;gap=2;k=1,9831531,false,743437,0.218,73,6,2048,11.402,73,6,false
mixed-039-1,mixed,seed=0xcefea4d6dfec9077;cycles=9;planted=1;d_b=16;m=5;gap=2;k=1,9831531,false,743437,0.218,73,6,4096,22.807,73,6,false
mixed-039-1,mixed,seed=0xcefea4d6dfec9077;cycles=9;planted=1;d_b=16;m=5;gap=2;k=1,9831531,false,743437,0.218,73,6,8192,47.931,73,6,false
mixed-039-1,mixed,seed=0xcefea4d6dfec9077;cycles=9;planted=1;d_b=16;m=5;gap=2;k=1,9831531,false,743437,0.218,73,6,16384,94.678,73,6,false
dec-119,dec,d_b=12;m=2;gap=1;k=4;q=0;s=7,60,false,61,0.143,14,2,1,0.017,15,14,false
dec-119,dec,d_b=12;m=2;gap=1;k=4;q=0;s=7,60,false,61,0.143,14,2,2,0.020,15,14,false
dec-119,dec,d_b=12;m=2;gap=1;k=4;q=0;s=7,60,false,61,0.143,14,2,4,0.027,15,14,false
dec-119,dec,d_b=12;m=2;gap=1;k=4;q=0;s=7,60,false,61,0.143,14,2,8,0.045,15,14,false
dec-119,dec,d_b=12;m=2;gap=1;k=4;q=0;s=7,60,false,61,0.143,14,2,16,0.074,15,14,false
dec-119,dec,d_b=12;m=2;gap=1;k=4;q=0;s=7,60,false,61,0.143,14,2,32,0.160,14,2,false
dec-119,dec,d_b=12;m=2;gap=1;k=4;q=0;s=7,60,false,61,0.143,14,2,64,0.319,14,2,true
dec-119,dec,d_b=12;m=2;gap=1;k=4;q=0;s=7,60,false,61,0.143,14,2,128,0.315,14,2,true
dec-119,dec,d_b=12;m=2;gap=1;k=4;q=0;s=7,60,false,61,0.143,14,2,256,0.320,14,2,true
dec-119,dec,d_b=12;m=2;gap=1;k=4;q=0;s=7,60,false,61,0.143,14,2,512,0.337,14,2,true
dec-119,dec,d_b=12;m=2;gap=1;k=4;q=0;s=7,60,false,61,0.143,14,2,1024,0.337,14,2,true
dec-119,dec,d_b=12;m=2;gap=1;k=4;q=0;s=7,60,false,61,0.143,14,2,2048,0.312,14,2,true
dec-119,dec,d_b=12;m=2;gap=1;k=4;q=0;s=7,60,false,61,0.143,14,2,4096,0.308,14,2,true
dec-119,dec,d_b=12;m=2;gap=1;k=4;q=0;s=7,60,false,61,0.143,14,2,8192,0.308,14,2,true
dec-119,dec,d_b=12;m=2;gap=1;k=4;q=0;s=7,60,false,61,0.143,14,2,16384,0.306,14,2,true
mixed-039-2,mixed,seed=0xee901649610a9c90;cycles=9;planted=1;d_b=16;m=5;gap=2;k=1,5335286,false,414830,0.296,95,6,1,0.225,98,72,false
mixed-039-2,mixed,seed=0xee901649610a9c90;cycles=9;planted=1;d_b=16;m=5;gap=2;k=1,5335286,false,414830,0.296,95,6,2,0.260,98,72,false
mixed-039-2,mixed,seed=0xee901649610a9c90;cycles=9;planted=1;d_b=16;m=5;gap=2;k=1,5335286,false,414830,0.296,95,6,4,0.303,98,72,false
mixed-039-2,mixed,seed=0xee901649610a9c90;cycles=9;planted=1;d_b=16;m=5;gap=2;k=1,5335286,false,414830,0.296,95,6,8,0.418,98,72,false
mixed-039-2,mixed,seed=0xee901649610a9c90;cycles=9;planted=1;d_b=16;m=5;gap=2;k=1,5335286,false,414830,0.296,95,6,16,0.695,98,72,false
mixed-039-2,mixed,seed=0xee901649610a9c90;cycles=9;planted=1;d_b=16;m=5;gap=2;k=1,5335286,false,414830,0.296,95,6,32,1.321,98,72,false
mixed-039-2,mixed,seed=0xee901649610a9c90;cycles=9;planted=1;d_b=16;m=5;gap=2;k=1,5335286,false,414830,0.296,95,6,64,2.607,95,6,false
mixed-039-2,mixed,seed=0xee901649610a9c90;cycles=9;planted=1;d_b=16;m=5;gap=2;k=1,5335286,false,414830,0.296,95,6,128,5.089,95,6,false
mixed-039-2,mixed,seed=0xee901649610a9c90;cycles=9;planted=1;d_b=16;m=5;gap=2;k=1,5335286,false,414830,0.296,95,6,256,9.196,95,6,false
mixed-039-2,mixed,seed=0xee901649610a9c90;cycles=9;planted=1;d_b=16;m=5;gap=2;k=1,5335286,false,414830,0.296,95,6,512,17.225,95,6,false
mixed-039-2,mixed,seed=0xee901649610a9c90;cycles=9;planted=1;d_b=16;m=5;gap=2;k=1,5335286,false,414830,0.296,95,6,1024,33.021,95,6,false
mixed-039-2,mixed,seed=0xee901649610a9c90;cycles=9;planted=1;d_b=16;m=5;gap=2;k=1,5335286,false,414830,0.296,95,6,2048,65.826,95,6,false
mixed-039-2,mixed,seed=0xee901649610a9c90;cycles=9;planted=1;d_b=16;m=5;gap=2;k=1,5335286,false,414830,0.296,95,6,4096,130.021,95,6,false
mixed-039-2,mixed,seed=0xee901649610a9c90;cycles=9;planted=1;d_b=16;m=5;gap=2;k=1,5335286,false,414830,0.296,95,6,8192,264.164,95,6,false
mixed-039-2,mixed,seed=0xee901649610a9c90;cycles=9;planted=1;d_b=16;m=5;gap=2;k=1,5335286,false,414830,0.296,95,6,16384,528.098,95,6,false
dec-120,dec,d_b=12;m=2;gap=3;k=1;q=0;s=8,24,false,25,0.066,14,2,1,0.015,17,16,false
dec-120,dec,d_b=12;m=2;gap=3;k=1;q=0;s=8,24,false,25,0.066,14,2,2,0.022,17,16,false
dec-120,dec,d_b=12;m=2;gap=3;k=1;q=0;s=8,24,false,25,0.066,14,2,4,0.028,17,16,false
dec-120,dec,d_b=12;m=2;gap=3;k=1;q=0;s=8,24,false,25,0.066,14,2,8,0.044,17,16,false
dec-120,dec,d_b=12;m=2;gap=3;k=1;q=0;s=8,24,false,25,0.066,14,2,16,0.085,14,2,false
dec-120,dec,d_b=12;m=2;gap=3;k=1;q=0;s=8,24,false,25,0.066,14,2,32,0.136,14,2,true
dec-120,dec,d_b=12;m=2;gap=3;k=1;q=0;s=8,24,false,25,0.066,14,2,64,0.131,14,2,true
dec-120,dec,d_b=12;m=2;gap=3;k=1;q=0;s=8,24,false,25,0.066,14,2,128,0.130,14,2,true
dec-120,dec,d_b=12;m=2;gap=3;k=1;q=0;s=8,24,false,25,0.066,14,2,256,0.127,14,2,true
dec-120,dec,d_b=12;m=2;gap=3;k=1;q=0;s=8,24,false,25,0.066,14,2,512,0.125,14,2,true
dec-120,dec,d_b=12;m=2;gap=3;k=1;q=0;s=8,24,false,25,0.066,14,2,1024,0.124,14,2,true
dec-120,dec,d_b=12;m=2;gap=3;k=1;q=0;s=8,24,false,25,0.066,14,2,2048,0.125,14,2,true
dec-120,dec,d_b=12;m=2;gap=3;k=1;q=0;s=8,24,false,25,0.066,14,2,4096,0.123,14,2,true
dec-120,dec,d_b=12;m=2;gap=3;k=1;q=0;s=8,24,false,25,0.066,14,2,8192,0.124,14,2,true
dec-120,dec,d_b=12;m=2;gap=3;k=1;q=0;s=8,24,false,25,0.066,14,2,16384,0.123,14,2,true
mixed-040-0,mixed,seed=0xa04bbea7cf185589;cycles=9;planted=2;d_b=4;m=2;gap=1;k=2,8650595,false,647647,0.102,21,8,1,0.079,23,16,false
mixed-040-0,mixed,seed=0xa04bbea7cf185589;cycles=9;planted=2;d_b=4;m=2;gap=1;k=2,8650595,false,647647,0.102,21,8,2,0.079,23,16,false
mixed-040-0,mixed,seed=0xa04bbea7cf185589;cycles=9;planted=2;d_b=4;m=2;gap=1;k=2,8650595,false,647647,0.102,21,8,4,0.086,23,16,false
mixed-040-0,mixed,seed=0xa04bbea7cf185589;cycles=9;planted=2;d_b=4;m=2;gap=1;k=2,8650595,false,647647,0.102,21,8,8,0.132,23,16,false
mixed-040-0,mixed,seed=0xa04bbea7cf185589;cycles=9;planted=2;d_b=4;m=2;gap=1;k=2,8650595,false,647647,0.102,21,8,16,0.201,22,12,false
mixed-040-0,mixed,seed=0xa04bbea7cf185589;cycles=9;planted=2;d_b=4;m=2;gap=1;k=2,8650595,false,647647,0.102,21,8,32,0.358,22,12,false
mixed-040-0,mixed,seed=0xa04bbea7cf185589;cycles=9;planted=2;d_b=4;m=2;gap=1;k=2,8650595,false,647647,0.102,21,8,64,0.772,21,8,false
mixed-040-0,mixed,seed=0xa04bbea7cf185589;cycles=9;planted=2;d_b=4;m=2;gap=1;k=2,8650595,false,647647,0.102,21,8,128,1.582,21,8,false
mixed-040-0,mixed,seed=0xa04bbea7cf185589;cycles=9;planted=2;d_b=4;m=2;gap=1;k=2,8650595,false,647647,0.102,21,8,256,2.637,21,8,false
mixed-040-0,mixed,seed=0xa04bbea7cf185589;cycles=9;planted=2;d_b=4;m=2;gap=1;k=2,8650595,false,647647,0.102,21,8,512,4.666,21,8,false
mixed-040-0,mixed,seed=0xa04bbea7cf185589;cycles=9;planted=2;d_b=4;m=2;gap=1;k=2,8650595,false,647647,0.102,21,8,1024,8.858,21,8,false
mixed-040-0,mixed,seed=0xa04bbea7cf185589;cycles=9;planted=2;d_b=4;m=2;gap=1;k=2,8650595,false,647647,0.102,21,8,2048,17.666,21,8,false
mixed-040-0,mixed,seed=0xa04bbea7cf185589;cycles=9;planted=2;d_b=4;m=2;gap=1;k=2,8650595,false,647647,0.102,21,8,4096,34.657,21,8,false
mixed-040-0,mixed,seed=0xa04bbea7cf185589;cycles=9;planted=2;d_b=4;m=2;gap=1;k=2,8650595,false,647647,0.102,21,8,8192,72.205,21,8,false
mixed-040-0,mixed,seed=0xa04bbea7cf185589;cycles=9;planted=2;d_b=4;m=2;gap=1;k=2,8650595,false,647647,0.102,21,8,16384,143.129,21,8,false
dec-121,dec,d_b=12;m=2;gap=3;k=2;q=0;s=8,36,false,37,0.103,14,2,1,0.015,17,16,false
dec-121,dec,d_b=12;m=2;gap=3;k=2;q=0;s=8,36,false,37,0.103,14,2,2,0.018,17,16,false
dec-121,dec,d_b=12;m=2;gap=3;k=2;q=0;s=8,36,false,37,0.103,14,2,4,0.026,17,16,false
dec-121,dec,d_b=12;m=2;gap=3;k=2;q=0;s=8,36,false,37,0.103,14,2,8,0.045,17,16,false
dec-121,dec,d_b=12;m=2;gap=3;k=2;q=0;s=8,36,false,37,0.103,14,2,16,0.090,14,2,false
dec-121,dec,d_b=12;m=2;gap=3;k=2;q=0;s=8,36,false,37,0.103,14,2,32,0.180,14,2,false
dec-121,dec,d_b=12;m=2;gap=3;k=2;q=0;s=8,36,false,37,0.103,14,2,64,0.208,14,2,true
dec-121,dec,d_b=12;m=2;gap=3;k=2;q=0;s=8,36,false,37,0.103,14,2,128,0.203,14,2,true
dec-121,dec,d_b=12;m=2;gap=3;k=2;q=0;s=8,36,false,37,0.103,14,2,256,0.202,14,2,true
dec-121,dec,d_b=12;m=2;gap=3;k=2;q=0;s=8,36,false,37,0.103,14,2,512,0.198,14,2,true
dec-121,dec,d_b=12;m=2;gap=3;k=2;q=0;s=8,36,false,37,0.103,14,2,1024,0.199,14,2,true
dec-121,dec,d_b=12;m=2;gap=3;k=2;q=0;s=8,36,false,37,0.103,14,2,2048,0.196,14,2,true
dec-121,dec,d_b=12;m=2;gap=3;k=2;q=0;s=8,36,false,37,0.103,14,2,4096,0.198,14,2,true
dec-121,dec,d_b=12;m=2;gap=3;k=2;q=0;s=8,36,false,37,0.103,14,2,8192,0.196,14,2,true
dec-121,dec,d_b=12;m=2;gap=3;k=2;q=0;s=8,36,false,37,0.103,14,2,16384,0.198,14,2,true
mixed-040-1,mixed,seed=0xd684de76f3d375f3;cycles=9;planted=2;d_b=4;m=2;gap=1;k=2,5335273,false,414724,0.084,19,8,1,0.074,21,16,false
mixed-040-1,mixed,seed=0xd684de76f3d375f3;cycles=9;planted=2;d_b=4;m=2;gap=1;k=2,5335273,false,414724,0.084,19,8,2,0.069,21,16,false
mixed-040-1,mixed,seed=0xd684de76f3d375f3;cycles=9;planted=2;d_b=4;m=2;gap=1;k=2,5335273,false,414724,0.084,19,8,4,0.066,21,16,false
mixed-040-1,mixed,seed=0xd684de76f3d375f3;cycles=9;planted=2;d_b=4;m=2;gap=1;k=2,5335273,false,414724,0.084,19,8,8,0.104,21,16,false
mixed-040-1,mixed,seed=0xd684de76f3d375f3;cycles=9;planted=2;d_b=4;m=2;gap=1;k=2,5335273,false,414724,0.084,19,8,16,0.171,21,16,false
mixed-040-1,mixed,seed=0xd684de76f3d375f3;cycles=9;planted=2;d_b=4;m=2;gap=1;k=2,5335273,false,414724,0.084,19,8,32,0.323,19,8,false
mixed-040-1,mixed,seed=0xd684de76f3d375f3;cycles=9;planted=2;d_b=4;m=2;gap=1;k=2,5335273,false,414724,0.084,19,8,64,0.769,19,8,false
mixed-040-1,mixed,seed=0xd684de76f3d375f3;cycles=9;planted=2;d_b=4;m=2;gap=1;k=2,5335273,false,414724,0.084,19,8,128,1.498,19,8,false
mixed-040-1,mixed,seed=0xd684de76f3d375f3;cycles=9;planted=2;d_b=4;m=2;gap=1;k=2,5335273,false,414724,0.084,19,8,256,2.437,19,8,false
mixed-040-1,mixed,seed=0xd684de76f3d375f3;cycles=9;planted=2;d_b=4;m=2;gap=1;k=2,5335273,false,414724,0.084,19,8,512,4.213,19,8,false
mixed-040-1,mixed,seed=0xd684de76f3d375f3;cycles=9;planted=2;d_b=4;m=2;gap=1;k=2,5335273,false,414724,0.084,19,8,1024,8.188,19,8,false
mixed-040-1,mixed,seed=0xd684de76f3d375f3;cycles=9;planted=2;d_b=4;m=2;gap=1;k=2,5335273,false,414724,0.084,19,8,2048,15.963,19,8,false
mixed-040-1,mixed,seed=0xd684de76f3d375f3;cycles=9;planted=2;d_b=4;m=2;gap=1;k=2,5335273,false,414724,0.084,19,8,4096,32.854,19,8,false
mixed-040-1,mixed,seed=0xd684de76f3d375f3;cycles=9;planted=2;d_b=4;m=2;gap=1;k=2,5335273,false,414724,0.084,19,8,8192,65.799,19,8,false
mixed-040-1,mixed,seed=0xd684de76f3d375f3;cycles=9;planted=2;d_b=4;m=2;gap=1;k=2,5335273,false,414724,0.084,19,8,16384,129.110,19,8,false
dec-122,dec,d_b=12;m=2;gap=3;k=4;q=0;s=8,60,false,61,0.126,14,2,1,0.016,17,16,false
dec-122,dec,d_b=12;m=2;gap=3;k=4;q=0;s=8,60,false,61,0.126,14,2,2,0.022,17,16,false
dec-122,dec,d_b=12;m=2;gap=3;k=4;q=0;s=8,60,false,61,0.126,14,2,4,0.029,17,16,false
dec-122,dec,d_b=12;m=2;gap=3;k=4;q=0;s=8,60,false,61,0.126,14,2,8,0.049,17,16,false
dec-122,dec,d_b=12;m=2;gap=3;k=4;q=0;s=8,60,false,61,0.126,14,2,16,0.082,17,16,false
dec-122,dec,d_b=12;m=2;gap=3;k=4;q=0;s=8,60,false,61,0.126,14,2,32,0.175,14,2,false
dec-122,dec,d_b=12;m=2;gap=3;k=4;q=0;s=8,60,false,61,0.126,14,2,64,0.345,14,2,true
dec-122,dec,d_b=12;m=2;gap=3;k=4;q=0;s=8,60,false,61,0.126,14,2,128,0.343,14,2,true
dec-122,dec,d_b=12;m=2;gap=3;k=4;q=0;s=8,60,false,61,0.126,14,2,256,0.343,14,2,true
dec-122,dec,d_b=12;m=2;gap=3;k=4;q=0;s=8,60,false,61,0.126,14,2,512,0.357,14,2,true
dec-122,dec,d_b=12;m=2;gap=3;k=4;q=0;s=8,60,false,61,0.126,14,2,1024,0.339,14,2,true
dec-122,dec,d_b=12;m=2;gap=3;k=4;q=0;s=8,60,false,61,0.126,14,2,2048,0.338,14,2,true
dec-122,dec,d_b=12;m=2;gap=3;k=4;q=0;s=8,60,false,61,0.126,14,2,4096,0.346,14,2,true
dec-122,dec,d_b=12;m=2;gap=3;k=4;q=0;s=8,60,false,61,0.126,14,2,8192,0.335,14,2,true
dec-122,dec,d_b=12;m=2;gap=3;k=4;q=0;s=8,60,false,61,0.126,14,2,16384,0.333,14,2,true
mixed-040-2,mixed,seed=0x190f2ebbbd6db7b1;cycles=9;planted=2;d_b=4;m=2;gap=1;k=2,5335272,false,414721,0.085,20,8,1,0.069,22,16,false
mixed-040-2,mixed,seed=0x190f2ebbbd6db7b1;cycles=9;planted=2;d_b=4;m=2;gap=1;k=2,5335272,false,414721,0.085,20,8,2,0.073,22,16,false
mixed-040-2,mixed,seed=0x190f2ebbbd6db7b1;cycles=9;planted=2;d_b=4;m=2;gap=1;k=2,5335272,false,414721,0.085,20,8,4,0.097,22,16,false
mixed-040-2,mixed,seed=0x190f2ebbbd6db7b1;cycles=9;planted=2;d_b=4;m=2;gap=1;k=2,5335272,false,414721,0.085,20,8,8,0.119,22,16,false
mixed-040-2,mixed,seed=0x190f2ebbbd6db7b1;cycles=9;planted=2;d_b=4;m=2;gap=1;k=2,5335272,false,414721,0.085,20,8,16,0.186,22,16,false
mixed-040-2,mixed,seed=0x190f2ebbbd6db7b1;cycles=9;planted=2;d_b=4;m=2;gap=1;k=2,5335272,false,414721,0.085,20,8,32,0.355,20,8,false
mixed-040-2,mixed,seed=0x190f2ebbbd6db7b1;cycles=9;planted=2;d_b=4;m=2;gap=1;k=2,5335272,false,414721,0.085,20,8,64,0.775,20,8,false
mixed-040-2,mixed,seed=0x190f2ebbbd6db7b1;cycles=9;planted=2;d_b=4;m=2;gap=1;k=2,5335272,false,414721,0.085,20,8,128,1.506,20,8,false
mixed-040-2,mixed,seed=0x190f2ebbbd6db7b1;cycles=9;planted=2;d_b=4;m=2;gap=1;k=2,5335272,false,414721,0.085,20,8,256,2.402,20,8,false
mixed-040-2,mixed,seed=0x190f2ebbbd6db7b1;cycles=9;planted=2;d_b=4;m=2;gap=1;k=2,5335272,false,414721,0.085,20,8,512,4.225,20,8,false
mixed-040-2,mixed,seed=0x190f2ebbbd6db7b1;cycles=9;planted=2;d_b=4;m=2;gap=1;k=2,5335272,false,414721,0.085,20,8,1024,8.042,20,8,false
mixed-040-2,mixed,seed=0x190f2ebbbd6db7b1;cycles=9;planted=2;d_b=4;m=2;gap=1;k=2,5335272,false,414721,0.085,20,8,2048,15.736,20,8,false
mixed-040-2,mixed,seed=0x190f2ebbbd6db7b1;cycles=9;planted=2;d_b=4;m=2;gap=1;k=2,5335272,false,414721,0.085,20,8,4096,32.617,20,8,false
mixed-040-2,mixed,seed=0x190f2ebbbd6db7b1;cycles=9;planted=2;d_b=4;m=2;gap=1;k=2,5335272,false,414721,0.085,20,8,8192,65.293,20,8,false
mixed-040-2,mixed,seed=0x190f2ebbbd6db7b1;cycles=9;planted=2;d_b=4;m=2;gap=1;k=2,5335272,false,414721,0.085,20,8,16384,132.298,20,8,false
dec-123,dec,d_b=12;m=2;gap=7;k=1;q=0;s=10,24,false,25,0.064,14,2,1,0.015,21,20,false
dec-123,dec,d_b=12;m=2;gap=7;k=1;q=0;s=10,24,false,25,0.064,14,2,2,0.024,21,20,false
dec-123,dec,d_b=12;m=2;gap=7;k=1;q=0;s=10,24,false,25,0.064,14,2,4,0.029,21,20,false
dec-123,dec,d_b=12;m=2;gap=7;k=1;q=0;s=10,24,false,25,0.064,14,2,8,0.056,14,2,false
dec-123,dec,d_b=12;m=2;gap=7;k=1;q=0;s=10,24,false,25,0.064,14,2,16,0.096,14,2,false
dec-123,dec,d_b=12;m=2;gap=7;k=1;q=0;s=10,24,false,25,0.064,14,2,32,0.148,14,2,true
dec-123,dec,d_b=12;m=2;gap=7;k=1;q=0;s=10,24,false,25,0.064,14,2,64,0.143,14,2,true
dec-123,dec,d_b=12;m=2;gap=7;k=1;q=0;s=10,24,false,25,0.064,14,2,128,0.141,14,2,true
dec-123,dec,d_b=12;m=2;gap=7;k=1;q=0;s=10,24,false,25,0.064,14,2,256,0.140,14,2,true
dec-123,dec,d_b=12;m=2;gap=7;k=1;q=0;s=10,24,false,25,0.064,14,2,512,0.138,14,2,true
dec-123,dec,d_b=12;m=2;gap=7;k=1;q=0;s=10,24,false,25,0.064,14,2,1024,0.138,14,2,true
dec-123,dec,d_b=12;m=2;gap=7;k=1;q=0;s=10,24,false,25,0.064,14,2,2048,0.138,14,2,true
dec-123,dec,d_b=12;m=2;gap=7;k=1;q=0;s=10,24,false,25,0.064,14,2,4096,0.137,14,2,true
dec-123,dec,d_b=12;m=2;gap=7;k=1;q=0;s=10,24,false,25,0.064,14,2,8192,0.137,14,2,true
dec-123,dec,d_b=12;m=2;gap=7;k=1;q=0;s=10,24,false,25,0.064,14,2,16384,0.137,14,2,true
mixed-041-0,mixed,seed=0x9d2adb5ca2149cee;cycles=9;planted=2;d_b=8;m=3;gap=2;k=2,9831547,false,743487,0.226,48,8,1,0.125,54,44,false
mixed-041-0,mixed,seed=0x9d2adb5ca2149cee;cycles=9;planted=2;d_b=8;m=3;gap=2;k=2,9831547,false,743487,0.226,48,8,2,0.167,54,44,false
mixed-041-0,mixed,seed=0x9d2adb5ca2149cee;cycles=9;planted=2;d_b=8;m=3;gap=2;k=2,9831547,false,743487,0.226,48,8,4,0.186,54,44,false
mixed-041-0,mixed,seed=0x9d2adb5ca2149cee;cycles=9;planted=2;d_b=8;m=3;gap=2;k=2,9831547,false,743487,0.226,48,8,8,0.256,54,44,false
mixed-041-0,mixed,seed=0x9d2adb5ca2149cee;cycles=9;planted=2;d_b=8;m=3;gap=2;k=2,9831547,false,743487,0.226,48,8,16,0.417,54,44,false
mixed-041-0,mixed,seed=0x9d2adb5ca2149cee;cycles=9;planted=2;d_b=8;m=3;gap=2;k=2,9831547,false,743487,0.226,48,8,32,0.793,54,44,false
mixed-041-0,mixed,seed=0x9d2adb5ca2149cee;cycles=9;planted=2;d_b=8;m=3;gap=2;k=2,9831547,false,743487,0.226,48,8,64,1.506,48,8,false
mixed-041-0,mixed,seed=0x9d2adb5ca2149cee;cycles=9;planted=2;d_b=8;m=3;gap=2;k=2,9831547,false,743487,0.226,48,8,128,2.914,48,8,false
mixed-041-0,mixed,seed=0x9d2adb5ca2149cee;cycles=9;planted=2;d_b=8;m=3;gap=2;k=2,9831547,false,743487,0.226,48,8,256,5.217,48,8,false
mixed-041-0,mixed,seed=0x9d2adb5ca2149cee;cycles=9;planted=2;d_b=8;m=3;gap=2;k=2,9831547,false,743487,0.226,48,8,512,9.319,48,8,false
mixed-041-0,mixed,seed=0x9d2adb5ca2149cee;cycles=9;planted=2;d_b=8;m=3;gap=2;k=2,9831547,false,743487,0.226,48,8,1024,17.551,48,8,false
mixed-041-0,mixed,seed=0x9d2adb5ca2149cee;cycles=9;planted=2;d_b=8;m=3;gap=2;k=2,9831547,false,743487,0.226,48,8,2048,33.996,48,8,false
mixed-041-0,mixed,seed=0x9d2adb5ca2149cee;cycles=9;planted=2;d_b=8;m=3;gap=2;k=2,9831547,false,743487,0.226,48,8,4096,67.504,48,8,false
mixed-041-0,mixed,seed=0x9d2adb5ca2149cee;cycles=9;planted=2;d_b=8;m=3;gap=2;k=2,9831547,false,743487,0.226,48,8,8192,137.176,48,8,false
mixed-041-0,mixed,seed=0x9d2adb5ca2149cee;cycles=9;planted=2;d_b=8;m=3;gap=2;k=2,9831547,false,743487,0.226,48,8,16384,275.960,48,8,false
dec-124,dec,d_b=12;m=2;gap=7;k=2;q=0;s=10,36,false,37,0.092,14,2,1,0.018,21,20,false
dec-124,dec,d_b=12;m=2;gap=7;k=2;q=0;s=10,36,false,37,0.092,14,2,2,0.021,21,20,false
dec-124,dec,d_b=12;m=2;gap=7;k=2;q=0;s=10,36,false,37,0.092,14,2,4,0.030,21,20,false
dec-124,dec,d_b=12;m=2;gap=7;k=2;q=0;s=10,36,false,37,0.092,14,2,8,0.051,21,20,false
dec-124,dec,d_b=12;m=2;gap=7;k=2;q=0;s=10,36,false,37,0.092,14,2,16,0.104,14,2,false
dec-124,dec,d_b=12;m=2;gap=7;k=2;q=0;s=10,36,false,37,0.092,14,2,32,0.203,14,2,false
dec-124,dec,d_b=12;m=2;gap=7;k=2;q=0;s=10,36,false,37,0.092,14,2,64,0.231,14,2,true
dec-124,dec,d_b=12;m=2;gap=7;k=2;q=0;s=10,36,false,37,0.092,14,2,128,0.227,14,2,true
dec-124,dec,d_b=12;m=2;gap=7;k=2;q=0;s=10,36,false,37,0.092,14,2,256,0.223,14,2,true
dec-124,dec,d_b=12;m=2;gap=7;k=2;q=0;s=10,36,false,37,0.092,14,2,512,0.222,14,2,true
dec-124,dec,d_b=12;m=2;gap=7;k=2;q=0;s=10,36,false,37,0.092,14,2,1024,0.221,14,2,true
dec-124,dec,d_b=12;m=2;gap=7;k=2;q=0;s=10,36,false,37,0.092,14,2,2048,0.222,14,2,true
dec-124,dec,d_b=12;m=2;gap=7;k=2;q=0;s=10,36,false,37,0.092,14,2,4096,0.220,14,2,true
dec-124,dec,d_b=12;m=2;gap=7;k=2;q=0;s=10,36,false,37,0.092,14,2,8192,0.218,14,2,true
dec-124,dec,d_b=12;m=2;gap=7;k=2;q=0;s=10,36,false,37,0.092,14,2,16384,0.219,14,2,true
mixed-041-1,mixed,seed=0x8c35ea541b047646;cycles=9;planted=2;d_b=8;m=3;gap=2;k=2,8650625,false,647746,0.274,69,8,1,0.179,75,44,false
mixed-041-1,mixed,seed=0x8c35ea541b047646;cycles=9;planted=2;d_b=8;m=3;gap=2;k=2,8650625,false,647746,0.274,69,8,2,0.237,75,44,false
mixed-041-1,mixed,seed=0x8c35ea541b047646;cycles=9;planted=2;d_b=8;m=3;gap=2;k=2,8650625,false,647746,0.274,69,8,4,0.292,75,44,false
mixed-041-1,mixed,seed=0x8c35ea541b047646;cycles=9;planted=2;d_b=8;m=3;gap=2;k=2,8650625,false,647746,0.274,69,8,8,0.365,75,44,false
mixed-041-1,mixed,seed=0x8c35ea541b047646;cycles=9;planted=2;d_b=8;m=3;gap=2;k=2,8650625,false,647746,0.274,69,8,16,0.580,75,44,false
mixed-041-1,mixed,seed=0x8c35ea541b047646;cycles=9;planted=2;d_b=8;m=3;gap=2;k=2,8650625,false,647746,0.274,69,8,32,1.063,75,44,false
mixed-041-1,mixed,seed=0x8c35ea541b047646;cycles=9;planted=2;d_b=8;m=3;gap=2;k=2,8650625,false,647746,0.274,69,8,64,2.048,75,44,false
mixed-041-1,mixed,seed=0x8c35ea541b047646;cycles=9;planted=2;d_b=8;m=3;gap=2;k=2,8650625,false,647746,0.274,69,8,128,3.805,69,8,false
mixed-041-1,mixed,seed=0x8c35ea541b047646;cycles=9;planted=2;d_b=8;m=3;gap=2;k=2,8650625,false,647746,0.274,69,8,256,6.949,69,8,false
mixed-041-1,mixed,seed=0x8c35ea541b047646;cycles=9;planted=2;d_b=8;m=3;gap=2;k=2,8650625,false,647746,0.274,69,8,512,12.429,69,8,false
mixed-041-1,mixed,seed=0x8c35ea541b047646;cycles=9;planted=2;d_b=8;m=3;gap=2;k=2,8650625,false,647746,0.274,69,8,1024,23.457,69,8,false
mixed-041-1,mixed,seed=0x8c35ea541b047646;cycles=9;planted=2;d_b=8;m=3;gap=2;k=2,8650625,false,647746,0.274,69,8,2048,45.388,69,8,false
mixed-041-1,mixed,seed=0x8c35ea541b047646;cycles=9;planted=2;d_b=8;m=3;gap=2;k=2,8650625,false,647746,0.274,69,8,4096,91.258,69,8,false
mixed-041-1,mixed,seed=0x8c35ea541b047646;cycles=9;planted=2;d_b=8;m=3;gap=2;k=2,8650625,false,647746,0.274,69,8,8192,180.555,69,8,false
mixed-041-1,mixed,seed=0x8c35ea541b047646;cycles=9;planted=2;d_b=8;m=3;gap=2;k=2,8650625,false,647746,0.274,69,8,16384,368.444,69,8,false
dec-125,dec,d_b=12;m=2;gap=7;k=4;q=0;s=10,60,false,61,0.110,14,2,1,0.018,21,20,false
dec-125,dec,d_b=12;m=2;gap=7;k=4;q=0;s=10,60,false,61,0.110,14,2,2,0.024,21,20,false
dec-125,dec,d_b=12;m=2;gap=7;k=4;q=0;s=10,60,false,61,0.110,14,2,4,0.031,21,20,false
dec-125,dec,d_b=12;m=2;gap=7;k=4;q=0;s=10,60,false,61,0.110,14,2,8,0.053,21,20,false
dec-125,dec,d_b=12;m=2;gap=7;k=4;q=0;s=10,60,false,61,0.110,14,2,16,0.104,14,2,false
dec-125,dec,d_b=12;m=2;gap=7;k=4;q=0;s=10,60,false,61,0.110,14,2,32,0.197,14,2,false
dec-125,dec,d_b=12;m=2;gap=7;k=4;q=0;s=10,60,false,61,0.110,14,2,64,0.391,14,2,true
dec-125,dec,d_b=12;m=2;gap=7;k=4;q=0;s=10,60,false,61,0.110,14,2,128,0.386,14,2,true
dec-125,dec,d_b=12;m=2;gap=7;k=4;q=0;s=10,60,false,61,0.110,14,2,256,0.386,14,2,true
dec-125,dec,d_b=12;m=2;gap=7;k=4;q=0;s=10,60,false,61,0.110,14,2,512,0.382,14,2,true
dec-125,dec,d_b=12;m=2;gap=7;k=4;q=0;s=10,60,false,61,0.110,14,2,1024,0.382,14,2,true
dec-125,dec,d_b=12;m=2;gap=7;k=4;q=0;s=10,60,false,61,0.110,14,2,2048,0.379,14,2,true
dec-125,dec,d_b=12;m=2;gap=7;k=4;q=0;s=10,60,false,61,0.110,14,2,4096,0.379,14,2,true
dec-125,dec,d_b=12;m=2;gap=7;k=4;q=0;s=10,60,false,61,0.110,14,2,8192,0.377,14,2,true
dec-125,dec,d_b=12;m=2;gap=7;k=4;q=0;s=10,60,false,61,0.110,14,2,16384,0.379,14,2,true
mixed-041-2,mixed,seed=0xc24d33e622e97f64;cycles=9;planted=2;d_b=8;m=3;gap=2;k=2,9831551,false,743503,0.247,59,8,1,0.143,65,44,false
mixed-041-2,mixed,seed=0xc24d33e622e97f64;cycles=9;planted=2;d_b=8;m=3;gap=2;k=2,9831551,false,743503,0.247,59,8,2,0.132,65,44,false
mixed-041-2,mixed,seed=0xc24d33e622e97f64;cycles=9;planted=2;d_b=8;m=3;gap=2;k=2,9831551,false,743503,0.247,59,8,4,0.156,65,44,false
mixed-041-2,mixed,seed=0xc24d33e622e97f64;cycles=9;planted=2;d_b=8;m=3;gap=2;k=2,9831551,false,743503,0.247,59,8,8,0.214,65,44,false
mixed-041-2,mixed,seed=0xc24d33e622e97f64;cycles=9;planted=2;d_b=8;m=3;gap=2;k=2,9831551,false,743503,0.247,59,8,16,0.299,62,26,false
mixed-041-2,mixed,seed=0xc24d33e622e97f64;cycles=9;planted=2;d_b=8;m=3;gap=2;k=2,9831551,false,743503,0.247,59,8,32,0.450,62,26,false
mixed-041-2,mixed,seed=0xc24d33e622e97f64;cycles=9;planted=2;d_b=8;m=3;gap=2;k=2,9831551,false,743503,0.247,59,8,64,0.973,62,26,false
mixed-041-2,mixed,seed=0xc24d33e622e97f64;cycles=9;planted=2;d_b=8;m=3;gap=2;k=2,9831551,false,743503,0.247,59,8,128,1.817,59,8,false
mixed-041-2,mixed,seed=0xc24d33e622e97f64;cycles=9;planted=2;d_b=8;m=3;gap=2;k=2,9831551,false,743503,0.247,59,8,256,2.741,59,8,false
mixed-041-2,mixed,seed=0xc24d33e622e97f64;cycles=9;planted=2;d_b=8;m=3;gap=2;k=2,9831551,false,743503,0.247,59,8,512,4.410,59,8,false
mixed-041-2,mixed,seed=0xc24d33e622e97f64;cycles=9;planted=2;d_b=8;m=3;gap=2;k=2,9831551,false,743503,0.247,59,8,1024,7.578,59,8,false
mixed-041-2,mixed,seed=0xc24d33e622e97f64;cycles=9;planted=2;d_b=8;m=3;gap=2;k=2,9831551,false,743503,0.247,59,8,2048,13.674,59,8,false
mixed-041-2,mixed,seed=0xc24d33e622e97f64;cycles=9;planted=2;d_b=8;m=3;gap=2;k=2,9831551,false,743503,0.247,59,8,4096,26.645,59,8,false
mixed-041-2,mixed,seed=0xc24d33e622e97f64;cycles=9;planted=2;d_b=8;m=3;gap=2;k=2,9831551,false,743503,0.247,59,8,8192,52.547,59,8,false
mixed-041-2,mixed,seed=0xc24d33e622e97f64;cycles=9;planted=2;d_b=8;m=3;gap=2;k=2,9831551,false,743503,0.247,59,8,16384,102.543,59,8,false
dec-126,dec,d_b=12;m=3;gap=1;k=1;q=1;s=13,24,false,26,0.087,26,2,1,0.015,27,26,false
dec-126,dec,d_b=12;m=3;gap=1;k=1;q=1;s=13,24,false,26,0.087,26,2,2,0.024,27,26,false
dec-126,dec,d_b=12;m=3;gap=1;k=1;q=1;s=13,24,false,26,0.087,26,2,4,0.031,27,26,false
dec-126,dec,d_b=12;m=3;gap=1;k=1;q=1;s=13,24,false,26,0.087,26,2,8,0.054,27,26,false
dec-126,dec,d_b=12;m=3;gap=1;k=1;q=1;s=13,24,false,26,0.087,26,2,16,0.103,26,2,false
dec-126,dec,d_b=12;m=3;gap=1;k=1;q=1;s=13,24,false,26,0.087,26,2,32,0.158,26,2,true
dec-126,dec,d_b=12;m=3;gap=1;k=1;q=1;s=13,24,false,26,0.087,26,2,64,0.151,26,2,true
dec-126,dec,d_b=12;m=3;gap=1;k=1;q=1;s=13,24,false,26,0.087,26,2,128,0.155,26,2,true
dec-126,dec,d_b=12;m=3;gap=1;k=1;q=1;s=13,24,false,26,0.087,26,2,256,0.147,26,2,true
dec-126,dec,d_b=12;m=3;gap=1;k=1;q=1;s=13,24,false,26,0.087,26,2,512,0.149,26,2,true
dec-126,dec,d_b=12;m=3;gap=1;k=1;q=1;s=13,24,false,26,0.087,26,2,1024,0.146,26,2,true
dec-126,dec,d_b=12;m=3;gap=1;k=1;q=1;s=13,24,false,26,0.087,26,2,2048,0.149,26,2,true
dec-126,dec,d_b=12;m=3;gap=1;k=1;q=1;s=13,24,false,26,0.087,26,2,4096,0.144,26,2,true
dec-126,dec,d_b=12;m=3;gap=1;k=1;q=1;s=13,24,false,26,0.087,26,2,8192,0.149,26,2,true
dec-126,dec,d_b=12;m=3;gap=1;k=1;q=1;s=13,24,false,26,0.087,26,2,16384,0.145,26,2,true
mixed-042-0,mixed,seed=0x469f6cca6797f85a;cycles=9;planted=2;d_b=12;m=2;gap=6;k=4,122,false,124,0.191,30,4,1,0.028,44,40,false
mixed-042-0,mixed,seed=0x469f6cca6797f85a;cycles=9;planted=2;d_b=12;m=2;gap=6;k=4,122,false,124,0.191,30,4,2,0.029,44,40,false
mixed-042-0,mixed,seed=0x469f6cca6797f85a;cycles=9;planted=2;d_b=12;m=2;gap=6;k=4,122,false,124,0.191,30,4,4,0.034,44,40,false
mixed-042-0,mixed,seed=0x469f6cca6797f85a;cycles=9;planted=2;d_b=12;m=2;gap=6;k=4,122,false,124,0.191,30,4,8,0.054,44,40,false
mixed-042-0,mixed,seed=0x469f6cca6797f85a;cycles=9;planted=2;d_b=12;m=2;gap=6;k=4,122,false,124,0.191,30,4,16,0.096,44,40,false
mixed-042-0,mixed,seed=0x469f6cca6797f85a;cycles=9;planted=2;d_b=12;m=2;gap=6;k=4,122,false,124,0.191,30,4,32,0.193,37,22,false
mixed-042-0,mixed,seed=0x469f6cca6797f85a;cycles=9;planted=2;d_b=12;m=2;gap=6;k=4,122,false,124,0.191,30,4,64,0.404,30,4,false
mixed-042-0,mixed,seed=0x469f6cca6797f85a;cycles=9;planted=2;d_b=12;m=2;gap=6;k=4,122,false,124,0.191,30,4,128,0.840,30,4,true
mixed-042-0,mixed,seed=0x469f6cca6797f85a;cycles=9;planted=2;d_b=12;m=2;gap=6;k=4,122,false,124,0.191,30,4,256,0.884,30,4,true
mixed-042-0,mixed,seed=0x469f6cca6797f85a;cycles=9;planted=2;d_b=12;m=2;gap=6;k=4,122,false,124,0.191,30,4,512,0.824,30,4,true
mixed-042-0,mixed,seed=0x469f6cca6797f85a;cycles=9;planted=2;d_b=12;m=2;gap=6;k=4,122,false,124,0.191,30,4,1024,0.832,30,4,true
mixed-042-0,mixed,seed=0x469f6cca6797f85a;cycles=9;planted=2;d_b=12;m=2;gap=6;k=4,122,false,124,0.191,30,4,2048,0.814,30,4,true
mixed-042-0,mixed,seed=0x469f6cca6797f85a;cycles=9;planted=2;d_b=12;m=2;gap=6;k=4,122,false,124,0.191,30,4,4096,0.822,30,4,true
mixed-042-0,mixed,seed=0x469f6cca6797f85a;cycles=9;planted=2;d_b=12;m=2;gap=6;k=4,122,false,124,0.191,30,4,8192,0.810,30,4,true
mixed-042-0,mixed,seed=0x469f6cca6797f85a;cycles=9;planted=2;d_b=12;m=2;gap=6;k=4,122,false,124,0.191,30,4,16384,0.817,30,4,true
dec-127,dec,d_b=12;m=3;gap=1;k=2;q=1;s=13,36,false,38,0.104,26,2,1,0.014,27,26,false
dec-127,dec,d_b=12;m=3;gap=1;k=2;q=1;s=13,36,false,38,0.104,26,2,2,0.022,27,26,false
dec-127,dec,d_b=12;m=3;gap=1;k=2;q=1;s=13,36,false,38,0.104,26,2,4,0.031,27,26,false
dec-127,dec,d_b=12;m=3;gap=1;k=2;q=1;s=13,36,false,38,0.104,26,2,8,0.054,27,26,false
dec-127,dec,d_b=12;m=3;gap=1;k=2;q=1;s=13,36,false,38,0.104,26,2,16,0.098,27,26,false
dec-127,dec,d_b=12;m=3;gap=1;k=2;q=1;s=13,36,false,38,0.104,26,2,32,0.217,26,2,false
dec-127,dec,d_b=12;m=3;gap=1;k=2;q=1;s=13,36,false,38,0.104,26,2,64,0.245,26,2,true
dec-127,dec,d_b=12;m=3;gap=1;k=2;q=1;s=13,36,false,38,0.104,26,2,128,0.248,26,2,true
dec-127,dec,d_b=12;m=3;gap=1;k=2;q=1;s=13,36,false,38,0.104,26,2,256,0.240,26,2,true
dec-127,dec,d_b=12;m=3;gap=1;k=2;q=1;s=13,36,false,38,0.104,26,2,512,0.241,26,2,true
dec-127,dec,d_b=12;m=3;gap=1;k=2;q=1;s=13,36,false,38,0.104,26,2,1024,0.239,26,2,true
dec-127,dec,d_b=12;m=3;gap=1;k=2;q=1;s=13,36,false,38,0.104,26,2,2048,0.241,26,2,true
dec-127,dec,d_b=12;m=3;gap=1;k=2;q=1;s=13,36,false,38,0.104,26,2,4096,0.237,26,2,true
dec-127,dec,d_b=12;m=3;gap=1;k=2;q=1;s=13,36,false,38,0.104,26,2,8192,0.240,26,2,true
dec-127,dec,d_b=12;m=3;gap=1;k=2;q=1;s=13,36,false,38,0.104,26,2,16384,0.237,26,2,true
mixed-042-1,mixed,seed=0x39bd23f936639891;cycles=9;planted=2;d_b=12;m=2;gap=6;k=4,5335366,false,414819,0.225,34,8,1,0.089,48,44,false
mixed-042-1,mixed,seed=0x39bd23f936639891;cycles=9;planted=2;d_b=12;m=2;gap=6;k=4,5335366,false,414819,0.225,34,8,2,0.084,48,44,false
mixed-042-1,mixed,seed=0x39bd23f936639891;cycles=9;planted=2;d_b=12;m=2;gap=6;k=4,5335366,false,414819,0.225,34,8,4,0.093,48,44,false
mixed-042-1,mixed,seed=0x39bd23f936639891;cycles=9;planted=2;d_b=12;m=2;gap=6;k=4,5335366,false,414819,0.225,34,8,8,0.148,48,44,false
mixed-042-1,mixed,seed=0x39bd23f936639891;cycles=9;planted=2;d_b=12;m=2;gap=6;k=4,5335366,false,414819,0.225,34,8,16,0.236,48,44,false
mixed-042-1,mixed,seed=0x39bd23f936639891;cycles=9;planted=2;d_b=12;m=2;gap=6;k=4,5335366,false,414819,0.225,34,8,32,0.430,41,26,false
mixed-042-1,mixed,seed=0x39bd23f936639891;cycles=9;planted=2;d_b=12;m=2;gap=6;k=4,5335366,false,414819,0.225,34,8,64,0.804,41,26,false
mixed-042-1,mixed,seed=0x39bd23f936639891;cycles=9;planted=2;d_b=12;m=2;gap=6;k=4,5335366,false,414819,0.225,34,8,128,1.652,34,8,false
mixed-042-1,mixed,seed=0x39bd23f936639891;cycles=9;planted=2;d_b=12;m=2;gap=6;k=4,5335366,false,414819,0.225,34,8,256,3.060,34,8,false
mixed-042-1,mixed,seed=0x39bd23f936639891;cycles=9;planted=2;d_b=12;m=2;gap=6;k=4,5335366,false,414819,0.225,34,8,512,5.308,34,8,false
mixed-042-1,mixed,seed=0x39bd23f936639891;cycles=9;planted=2;d_b=12;m=2;gap=6;k=4,5335366,false,414819,0.225,34,8,1024,9.615,34,8,false
mixed-042-1,mixed,seed=0x39bd23f936639891;cycles=9;planted=2;d_b=12;m=2;gap=6;k=4,5335366,false,414819,0.225,34,8,2048,18.747,34,8,false
mixed-042-1,mixed,seed=0x39bd23f936639891;cycles=9;planted=2;d_b=12;m=2;gap=6;k=4,5335366,false,414819,0.225,34,8,4096,38.690,34,8,false
mixed-042-1,mixed,seed=0x39bd23f936639891;cycles=9;planted=2;d_b=12;m=2;gap=6;k=4,5335366,false,414819,0.225,34,8,8192,78.234,34,8,false
mixed-042-1,mixed,seed=0x39bd23f936639891;cycles=9;planted=2;d_b=12;m=2;gap=6;k=4,5335366,false,414819,0.225,34,8,16384,153.553,34,8,false
dec-128,dec,d_b=12;m=3;gap=1;k=4;q=1;s=13,60,false,62,0.198,26,2,1,0.021,27,26,false
dec-128,dec,d_b=12;m=3;gap=1;k=4;q=1;s=13,60,false,62,0.198,26,2,2,0.025,27,26,false
dec-128,dec,d_b=12;m=3;gap=1;k=4;q=1;s=13,60,false,62,0.198,26,2,4,0.038,27,26,false
dec-128,dec,d_b=12;m=3;gap=1;k=4;q=1;s=13,60,false,62,0.198,26,2,8,0.061,27,26,false
dec-128,dec,d_b=12;m=3;gap=1;k=4;q=1;s=13,60,false,62,0.198,26,2,16,0.108,27,26,false
dec-128,dec,d_b=12;m=3;gap=1;k=4;q=1;s=13,60,false,62,0.198,26,2,32,0.216,26,2,false
dec-128,dec,d_b=12;m=3;gap=1;k=4;q=1;s=13,60,false,62,0.198,26,2,64,0.446,26,2,true
dec-128,dec,d_b=12;m=3;gap=1;k=4;q=1;s=13,60,false,62,0.198,26,2,128,0.439,26,2,true
dec-128,dec,d_b=12;m=3;gap=1;k=4;q=1;s=13,60,false,62,0.198,26,2,256,0.436,26,2,true
dec-128,dec,d_b=12;m=3;gap=1;k=4;q=1;s=13,60,false,62,0.198,26,2,512,0.431,26,2,true
dec-128,dec,d_b=12;m=3;gap=1;k=4;q=1;s=13,60,false,62,0.198,26,2,1024,0.431,26,2,true
dec-128,dec,d_b=12;m=3;gap=1;k=4;q=1;s=13,60,false,62,0.198,26,2,2048,0.427,26,2,true
dec-128,dec,d_b=12;m=3;gap=1;k=4;q=1;s=13,60,false,62,0.198,26,2,4096,0.446,26,2,true
dec-128,dec,d_b=12;m=3;gap=1;k=4;q=1;s=13,60,false,62,0.198,26,2,8192,0.423,26,2,true
dec-128,dec,d_b=12;m=3;gap=1;k=4;q=1;s=13,60,false,62,0.198,26,2,16384,0.435,26,2,true
mixed-042-2,mixed,seed=0x281ba4b0a146daf3;cycles=9;planted=2;d_b=12;m=2;gap=6;k=4,17193033,false,1219902,0.346,50,12,1,0.153,64,48,false
mixed-042-2,mixed,seed=0x281ba4b0a146daf3;cycles=9;planted=2;d_b=12;m=2;gap=6;k=4,17193033,false,1219902,0.346,50,12,2,0.151,64,48,false
mixed-042-2,mixed,seed=0x281ba4b0a146daf3;cycles=9;planted=2;d_b=12;m=2;gap=6;k=4,17193033,false,1219902,0.346,50,12,4,0.191,64,48,false
mixed-042-2,mixed,seed=0x281ba4b0a146daf3;cycles=9;planted=2;d_b=12;m=2;gap=6;k=4,17193033,false,1219902,0.346,50,12,8,0.282,64,48,false
mixed-042-2,mixed,seed=0x281ba4b0a146daf3;cycles=9;planted=2;d_b=12;m=2;gap=6;k=4,17193033,false,1219902,0.346,50,12,16,0.373,64,48,false
mixed-042-2,mixed,seed=0x281ba4b0a146daf3;cycles=9;planted=2;d_b=12;m=2;gap=6;k=4,17193033,false,1219902,0.346,50,12,32,0.566,64,48,false
mixed-042-2,mixed,seed=0x281ba4b0a146daf3;cycles=9;planted=2;d_b=12;m=2;gap=6;k=4,17193033,false,1219902,0.346,50,12,64,0.933,57,30,false
mixed-042-2,mixed,seed=0x281ba4b0a146daf3;cycles=9;planted=2;d_b=12;m=2;gap=6;k=4,17193033,false,1219902,0.346,50,12,128,1.610,57,30,false
mixed-042-2,mixed,seed=0x281ba4b0a146daf3;cycles=9;planted=2;d_b=12;m=2;gap=6;k=4,17193033,false,1219902,0.346,50,12,256,2.850,57,30,false
mixed-042-2,mixed,seed=0x281ba4b0a146daf3;cycles=9;planted=2;d_b=12;m=2;gap=6;k=4,17193033,false,1219902,0.346,50,12,512,4.590,50,12,false
mixed-042-2,mixed,seed=0x281ba4b0a146daf3;cycles=9;planted=2;d_b=12;m=2;gap=6;k=4,17193033,false,1219902,0.346,50,12,1024,8.007,50,12,false
mixed-042-2,mixed,seed=0x281ba4b0a146daf3;cycles=9;planted=2;d_b=12;m=2;gap=6;k=4,17193033,false,1219902,0.346,50,12,2048,15.761,50,12,false
mixed-042-2,mixed,seed=0x281ba4b0a146daf3;cycles=9;planted=2;d_b=12;m=2;gap=6;k=4,17193033,false,1219902,0.346,50,12,4096,30.165,50,12,false
mixed-042-2,mixed,seed=0x281ba4b0a146daf3;cycles=9;planted=2;d_b=12;m=2;gap=6;k=4,17193033,false,1219902,0.346,50,12,8192,59.422,50,12,false
mixed-042-2,mixed,seed=0x281ba4b0a146daf3;cycles=9;planted=2;d_b=12;m=2;gap=6;k=4,17193033,false,1219902,0.346,50,12,16384,117.722,50,12,false
dec-129,dec,d_b=12;m=3;gap=3;k=1;q=1;s=14,24,false,26,0.093,26,2,1,0.018,29,28,false
dec-129,dec,d_b=12;m=3;gap=3;k=1;q=1;s=14,24,false,26,0.093,26,2,2,0.028,29,28,false
dec-129,dec,d_b=12;m=3;gap=3;k=1;q=1;s=14,24,false,26,0.093,26,2,4,0.034,29,28,false
dec-129,dec,d_b=12;m=3;gap=3;k=1;q=1;s=14,24,false,26,0.093,26,2,8,0.056,29,28,false
dec-129,dec,d_b=12;m=3;gap=3;k=1;q=1;s=14,24,false,26,0.093,26,2,16,0.110,26,2,false
dec-129,dec,d_b=12;m=3;gap=3;k=1;q=1;s=14,24,false,26,0.093,26,2,32,0.166,26,2,true
dec-129,dec,d_b=12;m=3;gap=3;k=1;q=1;s=14,24,false,26,0.093,26,2,64,0.161,26,2,true
dec-129,dec,d_b=12;m=3;gap=3;k=1;q=1;s=14,24,false,26,0.093,26,2,128,0.158,26,2,true
dec-129,dec,d_b=12;m=3;gap=3;k=1;q=1;s=14,24,false,26,0.093,26,2,256,0.156,26,2,true
dec-129,dec,d_b=12;m=3;gap=3;k=1;q=1;s=14,24,false,26,0.093,26,2,512,0.155,26,2,true
dec-129,dec,d_b=12;m=3;gap=3;k=1;q=1;s=14,24,false,26,0.093,26,2,1024,0.153,26,2,true
dec-129,dec,d_b=12;m=3;gap=3;k=1;q=1;s=14,24,false,26,0.093,26,2,2048,0.154,26,2,true
dec-129,dec,d_b=12;m=3;gap=3;k=1;q=1;s=14,24,false,26,0.093,26,2,4096,0.152,26,2,true
dec-129,dec,d_b=12;m=3;gap=3;k=1;q=1;s=14,24,false,26,0.093,26,2,8192,0.154,26,2,true
dec-129,dec,d_b=12;m=3;gap=3;k=1;q=1;s=14,24,false,26,0.093,26,2,16384,0.152,26,2,true
mixed-043-0,mixed,seed=0x2b64a5f9719858c5;cycles=9;planted=2;d_b=16;m=5;gap=2;k=1,9869701,false,745337,0.382,150,10,1,0.129,156,142,false
mixed-043-0,mixed,seed=0x2b64a5f9719858c5;cycles=9;planted=2;d_b=16;m=5;gap=2;k=1,9869701,false,745337,0.382,150,10,2,0.133,156,142,false
mixed-043-0,mixed,seed=0x2b64a5f9719858c5;cycles=9;planted=2;d_b=16;m=5;gap=2;k=1,9869701,false,745337,0.382,150,10,4,0.120,156,142,false
mixed-043-0,mixed,seed=0x2b64a5f9719858c5;cycles=9;planted=2;d_b=16;m=5;gap=2;k=1,9869701,false,745337,0.382,150,10,8,0.195,156,142,false
mixed-043-0,mixed,seed=0x2b64a5f9719858c5;cycles=9;planted=2;d_b=16;m=5;gap=2;k=1,9869701,false,745337,0.382,150,10,16,0.296,156,142,false
mixed-043-0,mixed,seed=0x2b64a5f9719858c5;cycles=9;planted=2;d_b=16;m=5;gap=2;k=1,9869701,false,745337,0.382,150,10,32,0.506,156,142,false
mixed-043-0,mixed,seed=0x2b64a5f9719858c5;cycles=9;planted=2;d_b=16;m=5;gap=2;k=1,9869701,false,745337,0.382,150,10,64,0.962,153,76,false
mixed-043-0,mixed,seed=0x2b64a5f9719858c5;cycles=9;planted=2;d_b=16;m=5;gap=2;k=1,9869701,false,745337,0.382,150,10,128,1.968,150,10,false
mixed-043-0,mixed,seed=0x2b64a5f9719858c5;cycles=9;planted=2;d_b=16;m=5;gap=2;k=1,9869701,false,745337,0.382,150,10,256,3.081,150,10,false
mixed-043-0,mixed,seed=0x2b64a5f9719858c5;cycles=9;planted=2;d_b=16;m=5;gap=2;k=1,9869701,false,745337,0.382,150,10,512,4.826,150,10,false
mixed-043-0,mixed,seed=0x2b64a5f9719858c5;cycles=9;planted=2;d_b=16;m=5;gap=2;k=1,9869701,false,745337,0.382,150,10,1024,8.554,150,10,false
mixed-043-0,mixed,seed=0x2b64a5f9719858c5;cycles=9;planted=2;d_b=16;m=5;gap=2;k=1,9869701,false,745337,0.382,150,10,2048,15.429,150,10,false
mixed-043-0,mixed,seed=0x2b64a5f9719858c5;cycles=9;planted=2;d_b=16;m=5;gap=2;k=1,9869701,false,745337,0.382,150,10,4096,28.936,150,10,false
mixed-043-0,mixed,seed=0x2b64a5f9719858c5;cycles=9;planted=2;d_b=16;m=5;gap=2;k=1,9869701,false,745337,0.382,150,10,8192,53.551,150,10,false
mixed-043-0,mixed,seed=0x2b64a5f9719858c5;cycles=9;planted=2;d_b=16;m=5;gap=2;k=1,9869701,false,745337,0.382,150,10,16384,102.254,150,10,false
dec-130,dec,d_b=12;m=3;gap=3;k=2;q=1;s=14,36,false,38,0.124,26,2,1,0.020,29,28,false
dec-130,dec,d_b=12;m=3;gap=3;k=2;q=1;s=14,36,false,38,0.124,26,2,2,0.024,29,28,false
dec-130,dec,d_b=12;m=3;gap=3;k=2;q=1;s=14,36,false,38,0.124,26,2,4,0.035,29,28,false
dec-130,dec,d_b=12;m=3;gap=3;k=2;q=1;s=14,36,false,38,0.124,26,2,8,0.060,29,28,false
dec-130,dec,d_b=12;m=3;gap=3;k=2;q=1;s=14,36,false,38,0.124,26,2,16,0.121,26,2,false
dec-130,dec,d_b=12;m=3;gap=3;k=2;q=1;s=14,36,false,38,0.124,26,2,32,0.241,26,2,false
dec-130,dec,d_b=12;m=3;gap=3;k=2;q=1;s=14,36,false,38,0.124,26,2,64,0.262,26,2,true
dec-130,dec,d_b=12;m=3;gap=3;k=2;q=1;s=14,36,false,38,0.124,26,2,128,0.258,26,2,true
dec-130,dec,d_b=12;m=3;gap=3;k=2;q=1;s=14,36,false,38,0.124,26,2,256,0.256,26,2,true
dec-130,dec,d_b=12;m=3;gap=3;k=2;q=1;s=14,36,false,38,0.124,26,2,512,0.253,26,2,true
dec-130,dec,d_b=12;m=3;gap=3;k=2;q=1;s=14,36,false,38,0.124,26,2,1024,0.257,26,2,true
dec-130,dec,d_b=12;m=3;gap=3;k=2;q=1;s=14,36,false,38,0.124,26,2,2048,0.257,26,2,true
dec-130,dec,d_b=12;m=3;gap=3;k=2;q=1;s=14,36,false,38,0.124,26,2,4096,0.254,26,2,true
dec-130,dec,d_b=12;m=3;gap=3;k=2;q=1;s=14,36,false,38,0.124,26,2,8192,0.249,26,2,true
dec-130,dec,d_b=12;m=3;gap=3;k=2;q=1;s=14,36,false,38,0.124,26,2,16384,0.252,26,2,true
mixed-043-1,mixed,seed=0x0a9211983ff2b5ec;cycles=9;planted=2;d_b=16;m=5;gap=2;k=1,9850632,false,744397,0.383,140,8,1,0.111,146,140,false
mixed-043-1,mixed,seed=0x0a9211983ff2b5ec;cycles=9;planted=2;d_b=16;m=5;gap=2;k=1,9850632,false,744397,0.383,140,8,2,0.102,146,140,false
mixed-043-1,mixed,seed=0x0a9211983ff2b5ec;cycles=9;planted=2;d_b=16;m=5;gap=2;k=1,9850632,false,744397,0.383,140,8,4,0.123,146,140,false
mixed-043-1,mixed,seed=0x0a9211983ff2b5ec;cycles=9;planted=2;d_b=16;m=5;gap=2;k=1,9850632,false,744397,0.383,140,8,8,0.166,146,140,false
mixed-043-1,mixed,seed=0x0a9211983ff2b5ec;cycles=9;planted=2;d_b=16;m=5;gap=2;k=1,9850632,false,744397,0.383,140,8,16,0.256,146,140,false
mixed-043-1,mixed,seed=0x0a9211983ff2b5ec;cycles=9;planted=2;d_b=16;m=5;gap=2;k=1,9850632,false,744397,0.383,140,8,32,0.441,143,74,false
mixed-043-1,mixed,seed=0x0a9211983ff2b5ec;cycles=9;planted=2;d_b=16;m=5;gap=2;k=1,9850632,false,744397,0.383,140,8,64,0.879,143,74,false
mixed-043-1,mixed,seed=0x0a9211983ff2b5ec;cycles=9;planted=2;d_b=16;m=5;gap=2;k=1,9850632,false,744397,0.383,140,8,128,1.768,140,8,false
mixed-043-1,mixed,seed=0x0a9211983ff2b5ec;cycles=9;planted=2;d_b=16;m=5;gap=2;k=1,9850632,false,744397,0.383,140,8,256,2.870,140,8,false
mixed-043-1,mixed,seed=0x0a9211983ff2b5ec;cycles=9;planted=2;d_b=16;m=5;gap=2;k=1,9850632,false,744397,0.383,140,8,512,4.713,140,8,false
mixed-043-1,mixed,seed=0x0a9211983ff2b5ec;cycles=9;planted=2;d_b=16;m=5;gap=2;k=1,9850632,false,744397,0.383,140,8,1024,8.575,140,8,false
mixed-043-1,mixed,seed=0x0a9211983ff2b5ec;cycles=9;planted=2;d_b=16;m=5;gap=2;k=1,9850632,false,744397,0.383,140,8,2048,16.128,140,8,false
mixed-043-1,mixed,seed=0x0a9211983ff2b5ec;cycles=9;planted=2;d_b=16;m=5;gap=2;k=1,9850632,false,744397,0.383,140,8,4096,32.203,140,8,false
mixed-043-1,mixed,seed=0x0a9211983ff2b5ec;cycles=9;planted=2;d_b=16;m=5;gap=2;k=1,9850632,false,744397,0.383,140,8,8192,66.304,140,8,false
mixed-043-1,mixed,seed=0x0a9211983ff2b5ec;cycles=9;planted=2;d_b=16;m=5;gap=2;k=1,9850632,false,744397,0.383,140,8,16384,131.203,140,8,false
dec-131,dec,d_b=12;m=3;gap=3;k=4;q=1;s=14,60,false,62,0.205,26,2,1,0.021,29,28,false
dec-131,dec,d_b=12;m=3;gap=3;k=4;q=1;s=14,60,false,62,0.205,26,2,2,0.026,29,28,false
dec-131,dec,d_b=12;m=3;gap=3;k=4;q=1;s=14,60,false,62,0.205,26,2,4,0.039,29,28,false
dec-131,dec,d_b=12;m=3;gap=3;k=4;q=1;s=14,60,false,62,0.205,26,2,8,0.077,29,28,false
dec-131,dec,d_b=12;m=3;gap=3;k=4;q=1;s=14,60,false,62,0.205,26,2,16,0.108,29,28,false
dec-131,dec,d_b=12;m=3;gap=3;k=4;q=1;s=14,60,false,62,0.205,26,2,32,0.258,26,2,false
dec-131,dec,d_b=12;m=3;gap=3;k=4;q=1;s=14,60,false,62,0.205,26,2,64,0.454,26,2,true
dec-131,dec,d_b=12;m=3;gap=3;k=4;q=1;s=14,60,false,62,0.205,26,2,128,0.460,26,2,true
dec-131,dec,d_b=12;m=3;gap=3;k=4;q=1;s=14,60,false,62,0.205,26,2,256,0.445,26,2,true
dec-131,dec,d_b=12;m=3;gap=3;k=4;q=1;s=14,60,false,62,0.205,26,2,512,0.446,26,2,true
dec-131,dec,d_b=12;m=3;gap=3;k=4;q=1;s=14,60,false,62,0.205,26,2,1024,0.441,26,2,true
dec-131,dec,d_b=12;m=3;gap=3;k=4;q=1;s=14,60,false,62,0.205,26,2,2048,0.439,26,2,true
dec-131,dec,d_b=12;m=3;gap=3;k=4;q=1;s=14,60,false,62,0.205,26,2,4096,0.440,26,2,true
dec-131,dec,d_b=12;m=3;gap=3;k=4;q=1;s=14,60,false,62,0.205,26,2,8192,0.436,26,2,true
dec-131,dec,d_b=12;m=3;gap=3;k=4;q=1;s=14,60,false,62,0.205,26,2,16384,0.439,26,2,true
mixed-043-2,mixed,seed=0xd75272ca94a4bfb3;cycles=9;planted=2;d_b=16;m=5;gap=2;k=1,68,false,74,0.316,136,4,1,0.057,142,136,false
mixed-043-2,mixed,seed=0xd75272ca94a4bfb3;cycles=9;planted=2;d_b=16;m=5;gap=2;k=1,68,false,74,0.316,136,4,2,0.067,142,136,false
mixed-043-2,mixed,seed=0xd75272ca94a4bfb3;cycles=9;planted=2;d_b=16;m=5;gap=2;k=1,68,false,74,0.316,136,4,4,0.071,142,136,false
mixed-043-2,mixed,seed=0xd75272ca94a4bfb3;cycles=9;planted=2;d_b=16;m=5;gap=2;k=1,68,false,74,0.316,136,4,8,0.103,142,136,false
mixed-043-2,mixed,seed=0xd75272ca94a4bfb3;cycles=9;planted=2;d_b=16;m=5;gap=2;k=1,68,false,74,0.316,136,4,16,0.204,142,136,false
mixed-043-2,mixed,seed=0xd75272ca94a4bfb3;cycles=9;planted=2;d_b=16;m=5;gap=2;k=1,68,false,74,0.316,136,4,32,0.414,139,70,false
mixed-043-2,mixed,seed=0xd75272ca94a4bfb3;cycles=9;planted=2;d_b=16;m=5;gap=2;k=1,68,false,74,0.316,136,4,64,0.867,136,4,false
mixed-043-2,mixed,seed=0xd75272ca94a4bfb3;cycles=9;planted=2;d_b=16;m=5;gap=2;k=1,68,false,74,0.316,136,4,128,0.947,136,4,true
mixed-043-2,mixed,seed=0xd75272ca94a4bfb3;cycles=9;planted=2;d_b=16;m=5;gap=2;k=1,68,false,74,0.316,136,4,256,0.976,136,4,true
mixed-043-2,mixed,seed=0xd75272ca94a4bfb3;cycles=9;planted=2;d_b=16;m=5;gap=2;k=1,68,false,74,0.316,136,4,512,0.951,136,4,true
mixed-043-2,mixed,seed=0xd75272ca94a4bfb3;cycles=9;planted=2;d_b=16;m=5;gap=2;k=1,68,false,74,0.316,136,4,1024,0.930,136,4,true
mixed-043-2,mixed,seed=0xd75272ca94a4bfb3;cycles=9;planted=2;d_b=16;m=5;gap=2;k=1,68,false,74,0.316,136,4,2048,0.937,136,4,true
mixed-043-2,mixed,seed=0xd75272ca94a4bfb3;cycles=9;planted=2;d_b=16;m=5;gap=2;k=1,68,false,74,0.316,136,4,4096,0.927,136,4,true
mixed-043-2,mixed,seed=0xd75272ca94a4bfb3;cycles=9;planted=2;d_b=16;m=5;gap=2;k=1,68,false,74,0.316,136,4,8192,0.932,136,4,true
mixed-043-2,mixed,seed=0xd75272ca94a4bfb3;cycles=9;planted=2;d_b=16;m=5;gap=2;k=1,68,false,74,0.316,136,4,16384,0.922,136,4,true
dec-132,dec,d_b=12;m=3;gap=7;k=1;q=1;s=16,24,false,26,0.073,26,2,1,0.015,33,32,false
dec-132,dec,d_b=12;m=3;gap=7;k=1;q=1;s=16,24,false,26,0.073,26,2,2,0.029,33,32,false
dec-132,dec,d_b=12;m=3;gap=7;k=1;q=1;s=16,24,false,26,0.073,26,2,4,0.039,33,32,false
dec-132,dec,d_b=12;m=3;gap=7;k=1;q=1;s=16,24,false,26,0.073,26,2,8,0.065,26,2,false
dec-132,dec,d_b=12;m=3;gap=7;k=1;q=1;s=16,24,false,26,0.073,26,2,16,0.112,26,2,false
dec-132,dec,d_b=12;m=3;gap=7;k=1;q=1;s=16,24,false,26,0.073,26,2,32,0.184,26,2,true
dec-132,dec,d_b=12;m=3;gap=7;k=1;q=1;s=16,24,false,26,0.073,26,2,64,0.171,26,2,true
dec-132,dec,d_b=12;m=3;gap=7;k=1;q=1;s=16,24,false,26,0.073,26,2,128,0.172,26,2,true
dec-132,dec,d_b=12;m=3;gap=7;k=1;q=1;s=16,24,false,26,0.073,26,2,256,0.191,26,2,true
dec-132,dec,d_b=12;m=3;gap=7;k=1;q=1;s=16,24,false,26,0.073,26,2,512,0.194,26,2,true
dec-132,dec,d_b=12;m=3;gap=7;k=1;q=1;s=16,24,false,26,0.073,26,2,1024,0.168,26,2,true
dec-132,dec,d_b=12;m=3;gap=7;k=1;q=1;s=16,24,false,26,0.073,26,2,2048,0.170,26,2,true
dec-132,dec,d_b=12;m=3;gap=7;k=1;q=1;s=16,24,false,26,0.073,26,2,4096,0.166,26,2,true
dec-132,dec,d_b=12;m=3;gap=7;k=1;q=1;s=16,24,false,26,0.073,26,2,8192,0.167,26,2,true
dec-132,dec,d_b=12;m=3;gap=7;k=1;q=1;s=16,24,false,26,0.073,26,2,16384,0.165,26,2,true
mixed-044-0,mixed,seed=0x786641bb0993fd1f;cycles=9;planted=3;d_b=4;m=2;gap=1;k=2,13612620,false,1003618,0.159,42,14,1,0.134,45,26,false
mixed-044-0,mixed,seed=0x786641bb0993fd1f;cycles=9;planted=3;d_b=4;m=2;gap=1;k=2,13612620,false,1003618,0.159,42,14,2,0.129,45,26,false
mixed-044-0,mixed,seed=0x786641bb0993fd1f;cycles=9;planted=3;d_b=4;m=2;gap=1;k=2,13612620,false,1003618,0.159,42,14,4,0.130,45,26,false
mixed-044-0,mixed,seed=0x786641bb0993fd1f;cycles=9;planted=3;d_b=4;m=2;gap=1;k=2,13612620,false,1003618,0.159,42,14,8,0.187,45,26,false
mixed-044-0,mixed,seed=0x786641bb0993fd1f;cycles=9;planted=3;d_b=4;m=2;gap=1;k=2,13612620,false,1003618,0.159,42,14,16,0.282,45,26,false
mixed-044-0,mixed,seed=0x786641bb0993fd1f;cycles=9;planted=3;d_b=4;m=2;gap=1;k=2,13612620,false,1003618,0.159,42,14,32,0.518,45,26,false
mixed-044-0,mixed,seed=0x786641bb0993fd1f;cycles=9;planted=3;d_b=4;m=2;gap=1;k=2,13612620,false,1003618,0.159,42,14,64,0.937,44,22,false
mixed-044-0,mixed,seed=0x786641bb0993fd1f;cycles=9;planted=3;d_b=4;m=2;gap=1;k=2,13612620,false,1003618,0.159,42,14,128,1.753,43,18,false
mixed-044-0,mixed,seed=0x786641bb0993fd1f;cycles=9;planted=3;d_b=4;m=2;gap=1;k=2,13612620,false,1003618,0.159,42,14,256,2.980,42,14,false
mixed-044-0,mixed,seed=0x786641bb0993fd1f;cycles=9;planted=3;d_b=4;m=2;gap=1;k=2,13612620,false,1003618,0.159,42,14,512,5.348,42,14,false
mixed-044-0,mixed,seed=0x786641bb0993fd1f;cycles=9;planted=3;d_b=4;m=2;gap=1;k=2,13612620,false,1003618,0.159,42,14,1024,10.047,42,14,false
mixed-044-0,mixed,seed=0x786641bb0993fd1f;cycles=9;planted=3;d_b=4;m=2;gap=1;k=2,13612620,false,1003618,0.159,42,14,2048,18.888,42,14,false
mixed-044-0,mixed,seed=0x786641bb0993fd1f;cycles=9;planted=3;d_b=4;m=2;gap=1;k=2,13612620,false,1003618,0.159,42,14,4096,37.469,42,14,false
mixed-044-0,mixed,seed=0x786641bb0993fd1f;cycles=9;planted=3;d_b=4;m=2;gap=1;k=2,13612620,false,1003618,0.159,42,14,8192,74.823,42,14,false
mixed-044-0,mixed,seed=0x786641bb0993fd1f;cycles=9;planted=3;d_b=4;m=2;gap=1;k=2,13612620,false,1003618,0.159,42,14,16384,149.775,42,14,false
dec-133,dec,d_b=12;m=3;gap=7;k=2;q=1;s=16,36,false,38,0.134,26,2,1,0.021,33,32,false
dec-133,dec,d_b=12;m=3;gap=7;k=2;q=1;s=16,36,false,38,0.134,26,2,2,0.029,33,32,false
dec-133,dec,d_b=12;m=3;gap=7;k=2;q=1;s=16,36,false,38,0.134,26,2,4,0.037,33,32,false
dec-133,dec,d_b=12;m=3;gap=7;k=2;q=1;s=16,36,false,38,0.134,26,2,8,0.066,33,32,false
dec-133,dec,d_b=12;m=3;gap=7;k=2;q=1;s=16,36,false,38,0.134,26,2,16,0.128,26,2,false
dec-133,dec,d_b=12;m=3;gap=7;k=2;q=1;s=16,36,false,38,0.134,26,2,32,0.245,26,2,false
dec-133,dec,d_b=12;m=3;gap=7;k=2;q=1;s=16,36,false,38,0.134,26,2,64,0.277,26,2,true
dec-133,dec,d_b=12;m=3;gap=7;k=2;q=1;s=16,36,false,38,0.134,26,2,128,0.274,26,2,true
dec-133,dec,d_b=12;m=3;gap=7;k=2;q=1;s=16,36,false,38,0.134,26,2,256,0.272,26,2,true
dec-133,dec,d_b=12;m=3;gap=7;k=2;q=1;s=16,36,false,38,0.134,26,2,512,0.289,26,2,true
dec-133,dec,d_b=12;m=3;gap=7;k=2;q=1;s=16,36,false,38,0.134,26,2,1024,0.270,26,2,true
dec-133,dec,d_b=12;m=3;gap=7;k=2;q=1;s=16,36,false,38,0.134,26,2,2048,0.268,26,2,true
dec-133,dec,d_b=12;m=3;gap=7;k=2;q=1;s=16,36,false,38,0.134,26,2,4096,0.266,26,2,true
dec-133,dec,d_b=12;m=3;gap=7;k=2;q=1;s=16,36,false,38,0.134,26,2,8192,0.266,26,2,true
dec-133,dec,d_b=12;m=3;gap=7;k=2;q=1;s=16,36,false,38,0.134,26,2,16384,0.266,26,2,true
mixed-044-1,mixed,seed=0xf455af5bf6893eba;cycles=9;planted=3;d_b=4;m=2;gap=1;k=2,5335287,false,414745,0.115,33,10,1,0.084,36,22,false
mixed-044-1,mixed,seed=0xf455af5bf6893eba;cycles=9;planted=3;d_b=4;m=2;gap=1;k=2,5335287,false,414745,0.115,33,10,2,0.095,36,22,false
mixed-044-1,mixed,seed=0xf455af5bf6893eba;cycles=9;planted=3;d_b=4;m=2;gap=1;k=2,5335287,false,414745,0.115,33,10,4,0.102,36,22,false
mixed-044-1,mixed,seed=0xf455af5bf6893eba;cycles=9;planted=3;d_b=4;m=2;gap=1;k=2,5335287,false,414745,0.115,33,10,8,0.121,36,22,false
mixed-044-1,mixed,seed=0xf455af5bf6893eba;cycles=9;planted=3;d_b=4;m=2;gap=1;k=2,5335287,false,414745,0.115,33,10,16,0.192,36,22,false
mixed-044-1,mixed,seed=0xf455af5bf6893eba;cycles=9;planted=3;d_b=4;m=2;gap=1;k=2,5335287,false,414745,0.115,33,10,32,0.341,35,18,false
mixed-044-1,mixed,seed=0xf455af5bf6893eba;cycles=9;planted=3;d_b=4;m=2;gap=1;k=2,5335287,false,414745,0.115,33,10,64,0.808,34,14,false
mixed-044-1,mixed,seed=0xf455af5bf6893eba;cycles=9;planted=3;d_b=4;m=2;gap=1;k=2,5335287,false,414745,0.115,33,10,128,1.641,33,10,false
mixed-044-1,mixed,seed=0xf455af5bf6893eba;cycles=9;planted=3;d_b=4;m=2;gap=1;k=2,5335287,false,414745,0.115,33,10,256,2.690,33,10,false
mixed-044-1,mixed,seed=0xf455af5bf6893eba;cycles=9;planted=3;d_b=4;m=2;gap=1;k=2,5335287,false,414745,0.115,33,10,512,4.951,33,10,false
mixed-044-1,mixed,seed=0xf455af5bf6893eba;cycles=9;planted=3;d_b=4;m=2;gap=1;k=2,5335287,false,414745,0.115,33,10,1024,9.252,33,10,false
mixed-044-1,mixed,seed=0xf455af5bf6893eba;cycles=9;planted=3;d_b=4;m=2;gap=1;k=2,5335287,false,414745,0.115,33,10,2048,18.622,33,10,false
mixed-044-1,mixed,seed=0xf455af5bf6893eba;cycles=9;planted=3;d_b=4;m=2;gap=1;k=2,5335287,false,414745,0.115,33,10,4096,37.779,33,10,false
mixed-044-1,mixed,seed=0xf455af5bf6893eba;cycles=9;planted=3;d_b=4;m=2;gap=1;k=2,5335287,false,414745,0.115,33,10,8192,77.368,33,10,false
mixed-044-1,mixed,seed=0xf455af5bf6893eba;cycles=9;planted=3;d_b=4;m=2;gap=1;k=2,5335287,false,414745,0.115,33,10,16384,153.198,33,10,false
dec-134,dec,d_b=12;m=3;gap=7;k=4;q=1;s=16,60,false,62,0.195,26,2,1,0.027,33,32,false
dec-134,dec,d_b=12;m=3;gap=7;k=4;q=1;s=16,60,false,62,0.195,26,2,2,0.029,33,32,false
dec-134,dec,d_b=12;m=3;gap=7;k=4;q=1;s=16,60,false,62,0.195,26,2,4,0.043,33,32,false
dec-134,dec,d_b=12;m=3;gap=7;k=4;q=1;s=16,60,false,62,0.195,26,2,8,0.072,33,32,false
dec-134,dec,d_b=12;m=3;gap=7;k=4;q=1;s=16,60,false,62,0.195,26,2,16,0.120,33,32,false
dec-134,dec,d_b=12;m=3;gap=7;k=4;q=1;s=16,60,false,62,0.195,26,2,32,0.256,26,2,false
dec-134,dec,d_b=12;m=3;gap=7;k=4;q=1;s=16,60,false,62,0.195,26,2,64,0.489,26,2,true
dec-134,dec,d_b=12;m=3;gap=7;k=4;q=1;s=16,60,false,62,0.195,26,2,128,0.483,26,2,true
dec-134,dec,d_b=12;m=3;gap=7;k=4;q=1;s=16,60,false,62,0.195,26,2,256,0.473,26,2,true
dec-134,dec,d_b=12;m=3;gap=7;k=4;q=1;s=16,60,false,62,0.195,26,2,512,0.474,26,2,true
dec-134,dec,d_b=12;m=3;gap=7;k=4;q=1;s=16,60,false,62,0.195,26,2,1024,0.469,26,2,true
dec-134,dec,d_b=12;m=3;gap=7;k=4;q=1;s=16,60,false,62,0.195,26,2,2048,0.471,26,2,true
dec-134,dec,d_b=12;m=3;gap=7;k=4;q=1;s=16,60,false,62,0.195,26,2,4096,0.463,26,2,true
dec-134,dec,d_b=12;m=3;gap=7;k=4;q=1;s=16,60,false,62,0.195,26,2,8192,0.469,26,2,true
dec-134,dec,d_b=12;m=3;gap=7;k=4;q=1;s=16,60,false,62,0.195,26,2,16384,0.460,26,2,true
mixed-044-2,mixed,seed=0x9367b0f5c7ea6e74;cycles=9;planted=3;d_b=4;m=2;gap=1;k=2,9831540,false,743495,0.176,43,12,1,0.138,46,24,false
mixed-044-2,mixed,seed=0x9367b0f5c7ea6e74;cycles=9;planted=3;d_b=4;m=2;gap=1;k=2,9831540,false,743495,0.176,43,12,2,0.183,46,24,false
mixed-044-2,mixed,seed=0x9367b0f5c7ea6e74;cycles=9;planted=3;d_b=4;m=2;gap=1;k=2,9831540,false,743495,0.176,43,12,4,0.212,46,24,false
mixed-044-2,mixed,seed=0x9367b0f5c7ea6e74;cycles=9;planted=3;d_b=4;m=2;gap=1;k=2,9831540,false,743495,0.176,43,12,8,0.271,46,24,false
mixed-044-2,mixed,seed=0x9367b0f5c7ea6e74;cycles=9;planted=3;d_b=4;m=2;gap=1;k=2,9831540,false,743495,0.176,43,12,16,0.432,46,24,false
mixed-044-2,mixed,seed=0x9367b0f5c7ea6e74;cycles=9;planted=3;d_b=4;m=2;gap=1;k=2,9831540,false,743495,0.176,43,12,32,0.787,45,20,false
mixed-044-2,mixed,seed=0x9367b0f5c7ea6e74;cycles=9;planted=3;d_b=4;m=2;gap=1;k=2,9831540,false,743495,0.176,43,12,64,1.583,43,12,false
mixed-044-2,mixed,seed=0x9367b0f5c7ea6e74;cycles=9;planted=3;d_b=4;m=2;gap=1;k=2,9831540,false,743495,0.176,43,12,128,3.040,43,12,false
mixed-044-2,mixed,seed=0x9367b0f5c7ea6e74;cycles=9;planted=3;d_b=4;m=2;gap=1;k=2,9831540,false,743495,0.176,43,12,256,5.808,43,12,false
mixed-044-2,mixed,seed=0x9367b0f5c7ea6e74;cycles=9;planted=3;d_b=4;m=2;gap=1;k=2,9831540,false,743495,0.176,43,12,512,10.564,43,12,false
mixed-044-2,mixed,seed=0x9367b0f5c7ea6e74;cycles=9;planted=3;d_b=4;m=2;gap=1;k=2,9831540,false,743495,0.176,43,12,1024,21.438,43,12,false
mixed-044-2,mixed,seed=0x9367b0f5c7ea6e74;cycles=9;planted=3;d_b=4;m=2;gap=1;k=2,9831540,false,743495,0.176,43,12,2048,40.246,43,12,false
mixed-044-2,mixed,seed=0x9367b0f5c7ea6e74;cycles=9;planted=3;d_b=4;m=2;gap=1;k=2,9831540,false,743495,0.176,43,12,4096,79.761,43,12,false
mixed-044-2,mixed,seed=0x9367b0f5c7ea6e74;cycles=9;planted=3;d_b=4;m=2;gap=1;k=2,9831540,false,743495,0.176,43,12,8192,157.769,43,12,false
mixed-044-2,mixed,seed=0x9367b0f5c7ea6e74;cycles=9;planted=3;d_b=4;m=2;gap=1;k=2,9831540,false,743495,0.176,43,12,16384,319.994,43,12,false
dec-135,dec,d_b=12;m=3;gap=13;k=1;q=1;s=19,24,false,26,0.093,26,2,1,0.029,39,38,false
dec-135,dec,d_b=12;m=3;gap=13;k=1;q=1;s=19,24,false,26,0.093,26,2,2,0.032,39,38,false
dec-135,dec,d_b=12;m=3;gap=13;k=1;q=1;s=19,24,false,26,0.093,26,2,4,0.048,39,38,false
dec-135,dec,d_b=12;m=3;gap=13;k=1;q=1;s=19,24,false,26,0.093,26,2,8,0.075,26,2,false
dec-135,dec,d_b=12;m=3;gap=13;k=1;q=1;s=19,24,false,26,0.093,26,2,16,0.128,26,2,false
dec-135,dec,d_b=12;m=3;gap=13;k=1;q=1;s=19,24,false,26,0.093,26,2,32,0.204,26,2,true
dec-135,dec,d_b=12;m=3;gap=13;k=1;q=1;s=19,24,false,26,0.093,26,2,64,0.194,26,2,true
dec-135,dec,d_b=12;m=3;gap=13;k=1;q=1;s=19,24,false,26,0.093,26,2,128,0.189,26,2,true
dec-135,dec,d_b=12;m=3;gap=13;k=1;q=1;s=19,24,false,26,0.093,26,2,256,0.187,26,2,true
dec-135,dec,d_b=12;m=3;gap=13;k=1;q=1;s=19,24,false,26,0.093,26,2,512,0.185,26,2,true
dec-135,dec,d_b=12;m=3;gap=13;k=1;q=1;s=19,24,false,26,0.093,26,2,1024,0.184,26,2,true
dec-135,dec,d_b=12;m=3;gap=13;k=1;q=1;s=19,24,false,26,0.093,26,2,2048,0.187,26,2,true
dec-135,dec,d_b=12;m=3;gap=13;k=1;q=1;s=19,24,false,26,0.093,26,2,4096,0.183,26,2,true
dec-135,dec,d_b=12;m=3;gap=13;k=1;q=1;s=19,24,false,26,0.093,26,2,8192,0.182,26,2,true
dec-135,dec,d_b=12;m=3;gap=13;k=1;q=1;s=19,24,false,26,0.093,26,2,16384,0.182,26,2,true
mixed-045-0,mixed,seed=0xac359547f2202738;cycles=9;planted=3;d_b=8;m=3;gap=2;k=2,5335319,false,414771,0.219,59,8,1,0.079,68,62,false
mixed-045-0,mixed,seed=0xac359547f2202738;cycles=9;planted=3;d_b=8;m=3;gap=2;k=2,5335319,false,414771,0.219,59,8,2,0.070,68,62,false
mixed-045-0,mixed,seed=0xac359547f2202738;cycles=9;planted=3;d_b=8;m=3;gap=2;k=2,5335319,false,414771,0.219,59,8,4,0.079,68,62,false
mixed-045-0,mixed,seed=0xac359547f2202738;cycles=9;planted=3;d_b=8;m=3;gap=2;k=2,5335319,false,414771,0.219,59,8,8,0.099,68,62,false
mixed-045-0,mixed,seed=0xac359547f2202738;cycles=9;planted=3;d_b=8;m=3;gap=2;k=2,5335319,false,414771,0.219,59,8,16,0.161,68,62,false
mixed-045-0,mixed,seed=0xac359547f2202738;cycles=9;planted=3;d_b=8;m=3;gap=2;k=2,5335319,false,414771,0.219,59,8,32,0.273,65,44,false
mixed-045-0,mixed,seed=0xac359547f2202738;cycles=9;planted=3;d_b=8;m=3;gap=2;k=2,5335319,false,414771,0.219,59,8,64,0.537,62,26,false
mixed-045-0,mixed,seed=0xac359547f2202738;cycles=9;planted=3;d_b=8;m=3;gap=2;k=2,5335319,false,414771,0.219,59,8,128,1.392,59,8,false
mixed-045-0,mixed,seed=0xac359547f2202738;cycles=9;planted=3;d_b=8;m=3;gap=2;k=2,5335319,false,414771,0.219,59,8,256,2.488,59,8,false
mixed-045-0,mixed,seed=0xac359547f2202738;cycles=9;planted=3;d_b=8;m=3;gap=2;k=2,5335319,false,414771,0.219,59,8,512,4.344,59,8,false
mixed-045-0,mixed,seed=0xac359547f2202738;cycles=9;planted=3;d_b=8;m=3;gap=2;k=2,5335319,false,414771,0.219,59,8,1024,8.327,59,8,false
mixed-045-0,mixed,seed=0xac359547f2202738;cycles=9;planted=3;d_b=8;m=3;gap=2;k=2,5335319,false,414771,0.219,59,8,2048,16.260,59,8,false
mixed-045-0,mixed,seed=0xac359547f2202738;cycles=9;planted=3;d_b=8;m=3;gap=2;k=2,5335319,false,414771,0.219,59,8,4096,33.679,59,8,false
mixed-045-0,mixed,seed=0xac359547f2202738;cycles=9;planted=3;d_b=8;m=3;gap=2;k=2,5335319,false,414771,0.219,59,8,8192,69.820,59,8,false
mixed-045-0,mixed,seed=0xac359547f2202738;cycles=9;planted=3;d_b=8;m=3;gap=2;k=2,5335319,false,414771,0.219,59,8,16384,133.794,59,8,false
dec-136,dec,d_b=12;m=3;gap=13;k=2;q=1;s=19,36,false,38,0.102,26,2,1,0.019,39,38,false
dec-136,dec,d_b=12;m=3;gap=13;k=2;q=1;s=19,36,false,38,0.102,26,2,2,0.030,39,38,false
dec-136,dec,d_b=12;m=3;gap=13;k=2;q=1;s=19,36,false,38,0.102,26,2,4,0.039,39,38,false
dec-136,dec,d_b=12;m=3;gap=13;k=2;q=1;s=19,36,false,38,0.102,26,2,8,0.075,39,38,false
dec-136,dec,d_b=12;m=3;gap=13;k=2;q=1;s=19,36,false,38,0.102,26,2,16,0.144,26,2,false
dec-136,dec,d_b=12;m=3;gap=13;k=2;q=1;s=19,36,false,38,0.102,26,2,32,0.275,26,2,false
dec-136,dec,d_b=12;m=3;gap=13;k=2;q=1;s=19,36,false,38,0.102,26,2,64,0.320,26,2,true
dec-136,dec,d_b=12;m=3;gap=13;k=2;q=1;s=19,36,false,38,0.102,26,2,128,0.312,26,2,true
dec-136,dec,d_b=12;m=3;gap=13;k=2;q=1;s=19,36,false,38,0.102,26,2,256,0.313,26,2,true
dec-136,dec,d_b=12;m=3;gap=13;k=2;q=1;s=19,36,false,38,0.102,26,2,512,0.325,26,2,true
dec-136,dec,d_b=12;m=3;gap=13;k=2;q=1;s=19,36,false,38,0.102,26,2,1024,0.309,26,2,true
dec-136,dec,d_b=12;m=3;gap=13;k=2;q=1;s=19,36,false,38,0.102,26,2,2048,0.303,26,2,true
dec-136,dec,d_b=12;m=3;gap=13;k=2;q=1;s=19,36,false,38,0.102,26,2,4096,0.309,26,2,true
dec-136,dec,d_b=12;m=3;gap=13;k=2;q=1;s=19,36,false,38,0.102,26,2,8192,0.302,26,2,true
dec-136,dec,d_b=12;m=3;gap=13;k=2;q=1;s=19,36,false,38,0.102,26,2,16384,0.309,26,2,true
mixed-045-1,mixed,seed=0x9c6378710b0f38e1;cycles=9;planted=3;d_b=8;m=3;gap=2;k=2,49,false,53,0.126,37,4,1,0.024,43,40,false
mixed-045-1,mixed,seed=0x9c6378710b0f38e1;cycles=9;planted=3;d_b=8;m=3;gap=2;k=2,49,false,53,0.126,37,4,2,0.024,43,40,false
mixed-045-1,mixed,seed=0x9c6378710b0f38e1;cycles=9;planted=3;d_b=8;m=3;gap=2;k=2,49,false,53,0.126,37,4,4,0.030,43,40,false
mixed-045-1,mixed,seed=0x9c6378710b0f38e1;cycles=9;planted=3;d_b=8;m=3;gap=2;k=2,49,false,53,0.126,37,4,8,0.054,43,40,false
mixed-045-1,mixed,seed=0x9c6378710b0f38e1;cycles=9;planted=3;d_b=8;m=3;gap=2;k=2,49,false,53,0.126,37,4,16,0.093,43,40,false
mixed-045-1,mixed,seed=0x9c6378710b0f38e1;cycles=9;planted=3;d_b=8;m=3;gap=2;k=2,49,false,53,0.126,37,4,32,0.186,37,4,false
mixed-045-1,mixed,seed=0x9c6378710b0f38e1;cycles=9;planted=3;d_b=8;m=3;gap=2;k=2,49,false,53,0.126,37,4,64,0.282,37,4,true
mixed-045-1,mixed,seed=0x9c6378710b0f38e1;cycles=9;planted=3;d_b=8;m=3;gap=2;k=2,49,false,53,0.126,37,4,128,0.279,37,4,true
mixed-045-1,mixed,seed=0x9c6378710b0f38e1;cycles=9;planted=3;d_b=8;m=3;gap=2;k=2,49,false,53,0.126,37,4,256,0.282,37,4,true
mixed-045-1,mixed,seed=0x9c6378710b0f38e1;cycles=9;planted=3;d_b=8;m=3;gap=2;k=2,49,false,53,0.126,37,4,512,0.272,37,4,true
mixed-045-1,mixed,seed=0x9c6378710b0f38e1;cycles=9;planted=3;d_b=8;m=3;gap=2;k=2,49,false,53,0.126,37,4,1024,0.276,37,4,true
mixed-045-1,mixed,seed=0x9c6378710b0f38e1;cycles=9;planted=3;d_b=8;m=3;gap=2;k=2,49,false,53,0.126,37,4,2048,0.272,37,4,true
mixed-045-1,mixed,seed=0x9c6378710b0f38e1;cycles=9;planted=3;d_b=8;m=3;gap=2;k=2,49,false,53,0.126,37,4,4096,0.284,37,4,true
mixed-045-1,mixed,seed=0x9c6378710b0f38e1;cycles=9;planted=3;d_b=8;m=3;gap=2;k=2,49,false,53,0.126,37,4,8192,0.268,37,4,true
mixed-045-1,mixed,seed=0x9c6378710b0f38e1;cycles=9;planted=3;d_b=8;m=3;gap=2;k=2,49,false,53,0.126,37,4,16384,0.274,37,4,true
dec-137,dec,d_b=12;m=3;gap=13;k=4;q=1;s=19,60,false,62,0.141,26,2,1,0.021,39,38,false
dec-137,dec,d_b=12;m=3;gap=13;k=4;q=1;s=19,60,false,62,0.141,26,2,2,0.029,39,38,false
dec-137,dec,d_b=12;m=3;gap=13;k=4;q=1;s=19,60,false,62,0.141,26,2,4,0.043,39,38,false
dec-137,dec,d_b=12;m=3;gap=13;k=4;q=1;s=19,60,false,62,0.141,26,2,8,0.077,39,38,false
dec-137,dec,d_b=12;m=3;gap=13;k=4;q=1;s=19,60,false,62,0.141,26,2,16,0.153,26,2,false
dec-137,dec,d_b=12;m=3;gap=13;k=4;q=1;s=19,60,false,62,0.141,26,2,32,0.287,26,2,false
dec-137,dec,d_b=12;m=3;gap=13;k=4;q=1;s=19,60,false,62,0.141,26,2,64,0.581,26,2,true
dec-137,dec,d_b=12;m=3;gap=13;k=4;q=1;s=19,60,false,62,0.141,26,2,128,0.593,26,2,true
dec-137,dec,d_b=12;m=3;gap=13;k=4;q=1;s=19,60,false,62,0.141,26,2,256,0.558,26,2,true
dec-137,dec,d_b=12;m=3;gap=13;k=4;q=1;s=19,60,false,62,0.141,26,2,512,0.569,26,2,true
dec-137,dec,d_b=12;m=3;gap=13;k=4;q=1;s=19,60,false,62,0.141,26,2,1024,0.557,26,2,true
dec-137,dec,d_b=12;m=3;gap=13;k=4;q=1;s=19,60,false,62,0.141,26,2,2048,0.599,26,2,true
dec-137,dec,d_b=12;m=3;gap=13;k=4;q=1;s=19,60,false,62,0.141,26,2,4096,0.545,26,2,true
dec-137,dec,d_b=12;m=3;gap=13;k=4;q=1;s=19,60,false,62,0.141,26,2,8192,0.555,26,2,true
dec-137,dec,d_b=12;m=3;gap=13;k=4;q=1;s=19,60,false,62,0.141,26,2,16384,0.553,26,2,true
mixed-045-2,mixed,seed=0x638a0bf58124945f;cycles=9;planted=3;d_b=8;m=3;gap=2;k=2,9831577,false,743504,0.282,71,10,1,0.126,80,64,false
mixed-045-2,mixed,seed=0x638a0bf58124945f;cycles=9;planted=3;d_b=8;m=3;gap=2;k=2,9831577,false,743504,0.282,71,10,2,0.116,80,64,false
mixed-045-2,mixed,seed=0x638a0bf58124945f;cycles=9;planted=3;d_b=8;m=3;gap=2;k=2,9831577,false,743504,0.282,71,10,4,0.186,80,64,false
mixed-045-2,mixed,seed=0x638a0bf58124945f;cycles=9;planted=3;d_b=8;m=3;gap=2;k=2,9831577,false,743504,0.282,71,10,8,0.201,80,64,false
mixed-045-2,mixed,seed=0x638a0bf58124945f;cycles=9;planted=3;d_b=8;m=3;gap=2;k=2,9831577,false,743504,0.282,71,10,16,0.304,80,64,false
mixed-045-2,mixed,seed=0x638a0bf58124945f;cycles=9;planted=3;d_b=8;m=3;gap=2;k=2,9831577,false,743504,0.282,71,10,32,0.518,80,64,false
mixed-045-2,mixed,seed=0x638a0bf58124945f;cycles=9;planted=3;d_b=8;m=3;gap=2;k=2,9831577,false,743504,0.282,71,10,64,0.988,80,64,false
mixed-045-2,mixed,seed=0x638a0bf58124945f;cycles=9;planted=3;d_b=8;m=3;gap=2;k=2,9831577,false,743504,0.282,71,10,128,1.473,80,64,false
mixed-045-2,mixed,seed=0x638a0bf58124945f;cycles=9;planted=3;d_b=8;m=3;gap=2;k=2,9831577,false,743504,0.282,71,10,256,2.277,77,46,false
mixed-045-2,mixed,seed=0x638a0bf58124945f;cycles=9;planted=3;d_b=8;m=3;gap=2;k=2,9831577,false,743504,0.282,71,10,512,3.777,71,10,false
mixed-045-2,mixed,seed=0x638a0bf58124945f;cycles=9;planted=3;d_b=8;m=3;gap=2;k=2,9831577,false,743504,0.282,71,10,1024,6.514,71,10,false
mixed-045-2,mixed,seed=0x638a0bf58124945f;cycles=9;planted=3;d_b=8;m=3;gap=2;k=2,9831577,false,743504,0.282,71,10,2048,11.860,71,10,false
mixed-045-2,mixed,seed=0x638a0bf58124945f;cycles=9;planted=3;d_b=8;m=3;gap=2;k=2,9831577,false,743504,0.282,71,10,4096,23.243,71,10,false
mixed-045-2,mixed,seed=0x638a0bf58124945f;cycles=9;planted=3;d_b=8;m=3;gap=2;k=2,9831577,false,743504,0.282,71,10,8192,46.736,71,10,false
mixed-045-2,mixed,seed=0x638a0bf58124945f;cycles=9;planted=3;d_b=8;m=3;gap=2;k=2,9831577,false,743504,0.282,71,10,16384,91.004,71,10,false
dec-138,dec,d_b=12;m=5;gap=1;k=1;q=3;s=25,24,false,26,0.120,50,2,1,0.023,51,50,false
dec-138,dec,d_b=12;m=5;gap=1;k=1;q=3;s=25,24,false,26,0.120,50,2,2,0.035,51,50,false
dec-138,dec,d_b=12;m=5;gap=1;k=1;q=3;s=25,24,false,26,0.120,50,2,4,0.047,51,50,false
dec-138,dec,d_b=12;m=5;gap=1;k=1;q=3;s=25,24,false,26,0.120,50,2,8,0.076,51,50,false
dec-138,dec,d_b=12;m=5;gap=1;k=1;q=3;s=25,24,false,26,0.120,50,2,16,0.139,50,2,false
dec-138,dec,d_b=12;m=5;gap=1;k=1;q=3;s=25,24,false,26,0.120,50,2,32,0.209,50,2,true
dec-138,dec,d_b=12;m=5;gap=1;k=1;q=3;s=25,24,false,26,0.120,50,2,64,0.208,50,2,true
dec-138,dec,d_b=12;m=5;gap=1;k=1;q=3;s=25,24,false,26,0.120,50,2,128,0.201,50,2,true
dec-138,dec,d_b=12;m=5;gap=1;k=1;q=3;s=25,24,false,26,0.120,50,2,256,0.204,50,2,true
dec-138,dec,d_b=12;m=5;gap=1;k=1;q=3;s=25,24,false,26,0.120,50,2,512,0.198,50,2,true
dec-138,dec,d_b=12;m=5;gap=1;k=1;q=3;s=25,24,false,26,0.120,50,2,1024,0.201,50,2,true
dec-138,dec,d_b=12;m=5;gap=1;k=1;q=3;s=25,24,false,26,0.120,50,2,2048,0.206,50,2,true
dec-138,dec,d_b=12;m=5;gap=1;k=1;q=3;s=25,24,false,26,0.120,50,2,4096,0.212,50,2,true
dec-138,dec,d_b=12;m=5;gap=1;k=1;q=3;s=25,24,false,26,0.120,50,2,8192,0.206,50,2,true
dec-138,dec,d_b=12;m=5;gap=1;k=1;q=3;s=25,24,false,26,0.120,50,2,16384,0.200,50,2,true
mixed-046-0,mixed,seed=0x6a0cc3ab229fa6f9;cycles=9;planted=3;d_b=12;m=2;gap=6;k=4,9831682,false,743651,0.396,57,10,1,0.203,78,64,false
mixed-046-0,mixed,seed=0x6a0cc3ab229fa6f9;cycles=9;planted=3;d_b=12;m=2;gap=6;k=4,9831682,false,743651,0.396,57,10,2,0.236,78,64,false
mixed-046-0,mixed,seed=0x6a0cc3ab229fa6f9;cycles=9;planted=3;d_b=12;m=2;gap=6;k=4,9831682,false,743651,0.396,57,10,4,0.251,78,64,false
mixed-046-0,mixed,seed=0x6a0cc3ab229fa6f9;cycles=9;planted=3;d_b=12;m=2;gap=6;k=4,9831682,false,743651,0.396,57,10,8,0.336,78,64,false
mixed-046-0,mixed,seed=0x6a0cc3ab229fa6f9;cycles=9;planted=3;d_b=12;m=2;gap=6;k=4,9831682,false,743651,0.396,57,10,16,0.549,78,64,false
mixed-046-0,mixed,seed=0x6a0cc3ab229fa6f9;cycles=9;planted=3;d_b=12;m=2;gap=6;k=4,9831682,false,743651,0.396,57,10,32,1.008,78,64,false
mixed-046-0,mixed,seed=0x6a0cc3ab229fa6f9;cycles=9;planted=3;d_b=12;m=2;gap=6;k=4,9831682,false,743651,0.396,57,10,64,1.950,78,64,false
mixed-046-0,mixed,seed=0x6a0cc3ab229fa6f9;cycles=9;planted=3;d_b=12;m=2;gap=6;k=4,9831682,false,743651,0.396,57,10,128,3.816,57,10,false
mixed-046-0,mixed,seed=0x6a0cc3ab229fa6f9;cycles=9;planted=3;d_b=12;m=2;gap=6;k=4,9831682,false,743651,0.396,57,10,256,7.648,57,10,false
mixed-046-0,mixed,seed=0x6a0cc3ab229fa6f9;cycles=9;planted=3;d_b=12;m=2;gap=6;k=4,9831682,false,743651,0.396,57,10,512,13.839,57,10,false
mixed-046-0,mixed,seed=0x6a0cc3ab229fa6f9;cycles=9;planted=3;d_b=12;m=2;gap=6;k=4,9831682,false,743651,0.396,57,10,1024,25.587,57,10,false
mixed-046-0,mixed,seed=0x6a0cc3ab229fa6f9;cycles=9;planted=3;d_b=12;m=2;gap=6;k=4,9831682,false,743651,0.396,57,10,2048,49.705,57,10,false
mixed-046-0,mixed,seed=0x6a0cc3ab229fa6f9;cycles=9;planted=3;d_b=12;m=2;gap=6;k=4,9831682,false,743651,0.396,57,10,4096,98.533,57,10,false
mixed-046-0,mixed,seed=0x6a0cc3ab229fa6f9;cycles=9;planted=3;d_b=12;m=2;gap=6;k=4,9831682,false,743651,0.396,57,10,8192,197.760,57,10,false
mixed-046-0,mixed,seed=0x6a0cc3ab229fa6f9;cycles=9;planted=3;d_b=12;m=2;gap=6;k=4,9831682,false,743651,0.396,57,10,16384,401.462,57,10,false
dec-139,dec,d_b=12;m=5;gap=1;k=2;q=3;s=25,36,false,38,0.175,50,2,1,0.026,51,50,false
dec-139,dec,d_b=12;m=5;gap=1;k=2;q=3;s=25,36,false,38,0.175,50,2,2,0.035,51,50,false
dec-139,dec,d_b=12;m=5;gap=1;k=2;q=3;s=25,36,false,38,0.175,50,2,4,0.049,51,50,false
dec-139,dec,d_b=12;m=5;gap=1;k=2;q=3;s=25,36,false,38,0.175,50,2,8,0.087,51,50,false
dec-139,dec,d_b=12;m=5;gap=1;k=2;q=3;s=25,36,false,38,0.175,50,2,16,0.154,51,50,false
dec-139,dec,d_b=12;m=5;gap=1;k=2;q=3;s=25,36,false,38,0.175,50,2,32,0.325,50,2,false
dec-139,dec,d_b=12;m=5;gap=1;k=2;q=3;s=25,36,false,38,0.175,50,2,64,0.358,50,2,true
dec-139,dec,d_b=12;m=5;gap=1;k=2;q=3;s=25,36,false,38,0.175,50,2,128,0.359,50,2,true
dec-139,dec,d_b=12;m=5;gap=1;k=2;q=3;s=25,36,false,38,0.175,50,2,256,0.356,50,2,true
dec-139,dec,d_b=12;m=5;gap=1;k=2;q=3;s=25,36,false,38,0.175,50,2,512,0.349,50,2,true
dec-139,dec,d_b=12;m=5;gap=1;k=2;q=3;s=25,36,false,38,0.175,50,2,1024,0.347,50,2,true
dec-139,dec,d_b=12;m=5;gap=1;k=2;q=3;s=25,36,false,38,0.175,50,2,2048,0.347,50,2,true
dec-139,dec,d_b=12;m=5;gap=1;k=2;q=3;s=25,36,false,38,0.175,50,2,4096,0.343,50,2,true
dec-139,dec,d_b=12;m=5;gap=1;k=2;q=3;s=25,36,false,38,0.175,50,2,8192,0.346,50,2,true
dec-139,dec,d_b=12;m=5;gap=1;k=2;q=3;s=25,36,false,38,0.175,50,2,16384,0.343,50,2,true
mixed-046-1,mixed,seed=0x04cd867166454dc4;cycles=9;planted=3;d_b=12;m=2;gap=6;k=4,5335428,false,414875,0.307,48,8,1,0.071,69,62,false
mixed-046-1,mixed,seed=0x04cd867166454dc4;cycles=9;planted=3;d_b=12;m=2;gap=6;k=4,5335428,false,414875,0.307,48,8,2,0.071,69,62,false
mixed-046-1,mixed,seed=0x04cd867166454dc4;cycles=9;planted=3;d_b=12;m=2;gap=6;k=4,5335428,false,414875,0.307,48,8,4,0.064,69,62,false
mixed-046-1,mixed,seed=0x04cd867166454dc4;cycles=9;planted=3;d_b=12;m=2;gap=6;k=4,5335428,false,414875,0.307,48,8,8,0.089,69,62,false
mixed-046-1,mixed,seed=0x04cd867166454dc4;cycles=9;planted=3;d_b=12;m=2;gap=6;k=4,5335428,false,414875,0.307,48,8,16,0.144,69,62,false
mixed-046-1,mixed,seed=0x04cd867166454dc4;cycles=9;planted=3;d_b=12;m=2;gap=6;k=4,5335428,false,414875,0.307,48,8,32,0.258,69,62,false
mixed-046-1,mixed,seed=0x04cd867166454dc4;cycles=9;planted=3;d_b=12;m=2;gap=6;k=4,5335428,false,414875,0.307,48,8,64,0.504,55,26,false
mixed-046-1,mixed,seed=0x04cd867166454dc4;cycles=9;planted=3;d_b=12;m=2;gap=6;k=4,5335428,false,414875,0.307,48,8,128,1.010,55,26,false
mixed-046-1,mixed,seed=0x04cd867166454dc4;cycles=9;planted=3;d_b=12;m=2;gap=6;k=4,5335428,false,414875,0.307,48,8,256,2.111,48,8,false
mixed-046-1,mixed,seed=0x04cd867166454dc4;cycles=9;planted=3;d_b=12;m=2;gap=6;k=4,5335428,false,414875,0.307,48,8,512,3.449,48,8,false
mixed-046-1,mixed,seed=0x04cd867166454dc4;cycles=9;planted=3;d_b=12;m=2;gap=6;k=4,5335428,false,414875,0.307,48,8,1024,5.940,48,8,false
mixed-046-1,mixed,seed=0x04cd867166454dc4;cycles=9;planted=3;d_b=12;m=2;gap=6;k=4,5335428,false,414875,0.307,48,8,2048,11.363,48,8,false
mixed-046-1,mixed,seed=0x04cd867166454dc4;cycles=9;planted=3;d_b=12;m=2;gap=6;k=4,5335428,false,414875,0.307,48,8,4096,23.392,48,8,false
mixed-046-1,mixed,seed=0x04cd867166454dc4;cycles=9;planted=3;d_b=12;m=2;gap=6;k=4,5335428,false,414875,0.307,48,8,8192,50.401,48,8,false
mixed-046-1,mixed,seed=0x04cd867166454dc4;cycles=9;planted=3;d_b=12;m=2;gap=6;k=4,5335428,false,414875,0.307,48,8,16384,96.223,48,8,false
dec-140,dec,d_b=12;m=5;gap=1;k=4;q=3;s=25,60,false,62,0.317,50,2,1,0.027,51,50,false
dec-140,dec,d_b=12;m=5;gap=1;k=4;q=3;s=25,60,false,62,0.317,50,2,2,0.034,51,50,false
dec-140,dec,d_b=12;m=5;gap=1;k=4;q=3;s=25,60,false,62,0.317,50,2,4,0.053,51,50,false
dec-140,dec,d_b=12;m=5;gap=1;k=4;q=3;s=25,60,false,62,0.317,50,2,8,0.091,51,50,false
dec-140,dec,d_b=12;m=5;gap=1;k=4;q=3;s=25,60,false,62,0.317,50,2,16,0.160,51,50,false
dec-140,dec,d_b=12;m=5;gap=1;k=4;q=3;s=25,60,false,62,0.317,50,2,32,0.328,50,2,false
dec-140,dec,d_b=12;m=5;gap=1;k=4;q=3;s=25,60,false,62,0.317,50,2,64,0.643,50,2,true
dec-140,dec,d_b=12;m=5;gap=1;k=4;q=3;s=25,60,false,62,0.317,50,2,128,0.649,50,2,true
dec-140,dec,d_b=12;m=5;gap=1;k=4;q=3;s=25,60,false,62,0.317,50,2,256,0.630,50,2,true
dec-140,dec,d_b=12;m=5;gap=1;k=4;q=3;s=25,60,false,62,0.317,50,2,512,0.637,50,2,true
dec-140,dec,d_b=12;m=5;gap=1;k=4;q=3;s=25,60,false,62,0.317,50,2,1024,0.626,50,2,true
dec-140,dec,d_b=12;m=5;gap=1;k=4;q=3;s=25,60,false,62,0.317,50,2,2048,0.634,50,2,true
dec-140,dec,d_b=12;m=5;gap=1;k=4;q=3;s=25,60,false,62,0.317,50,2,4096,0.623,50,2,true
dec-140,dec,d_b=12;m=5;gap=1;k=4;q=3;s=25,60,false,62,0.317,50,2,8192,0.633,50,2,true
dec-140,dec,d_b=12;m=5;gap=1;k=4;q=3;s=25,60,false,62,0.317,50,2,16384,0.622,50,2,true
mixed-046-2,mixed,seed=0xcd6f2bd41e7877a6;cycles=9;planted=3;d_b=12;m=2;gap=6;k=4,5335427,false,414874,0.303,47,8,1,0.073,68,62,false
mixed-046-2,mixed,seed=0xcd6f2bd41e7877a6;cycles=9;planted=3;d_b=12;m=2;gap=6;k=4,5335427,false,414874,0.303,47,8,2,0.064,68,62,false
mixed-046-2,mixed,seed=0xcd6f2bd41e7877a6;cycles=9;planted=3;d_b=12;m=2;gap=6;k=4,5335427,false,414874,0.303,47,8,4,0.066,68,62,false
mixed-046-2,mixed,seed=0xcd6f2bd41e7877a6;cycles=9;planted=3;d_b=12;m=2;gap=6;k=4,5335427,false,414874,0.303,47,8,8,0.085,68,62,false
mixed-046-2,mixed,seed=0xcd6f2bd41e7877a6;cycles=9;planted=3;d_b=12;m=2;gap=6;k=4,5335427,false,414874,0.303,47,8,16,0.137,68,62,false
mixed-046-2,mixed,seed=0xcd6f2bd41e7877a6;cycles=9;planted=3;d_b=12;m=2;gap=6;k=4,5335427,false,414874,0.303,47,8,32,0.257,61,44,false
mixed-046-2,mixed,seed=0xcd6f2bd41e7877a6;cycles=9;planted=3;d_b=12;m=2;gap=6;k=4,5335427,false,414874,0.303,47,8,64,0.499,54,26,false
mixed-046-2,mixed,seed=0xcd6f2bd41e7877a6;cycles=9;planted=3;d_b=12;m=2;gap=6;k=4,5335427,false,414874,0.303,47,8,128,0.989,54,26,false
mixed-046-2,mixed,seed=0xcd6f2bd41e7877a6;cycles=9;planted=3;d_b=12;m=2;gap=6;k=4,5335427,false,414874,0.303,47,8,256,2.130,47,8,false
mixed-046-2,mixed,seed=0xcd6f2bd41e7877a6;cycles=9;planted=3;d_b=12;m=2;gap=6;k=4,5335427,false,414874,0.303,47,8,512,3.412,47,8,false
mixed-046-2,mixed,seed=0xcd6f2bd41e7877a6;cycles=9;planted=3;d_b=12;m=2;gap=6;k=4,5335427,false,414874,0.303,47,8,1024,5.970,47,8,false
mixed-046-2,mixed,seed=0xcd6f2bd41e7877a6;cycles=9;planted=3;d_b=12;m=2;gap=6;k=4,5335427,false,414874,0.303,47,8,2048,11.318,47,8,false
mixed-046-2,mixed,seed=0xcd6f2bd41e7877a6;cycles=9;planted=3;d_b=12;m=2;gap=6;k=4,5335427,false,414874,0.303,47,8,4096,23.414,47,8,false
mixed-046-2,mixed,seed=0xcd6f2bd41e7877a6;cycles=9;planted=3;d_b=12;m=2;gap=6;k=4,5335427,false,414874,0.303,47,8,8192,48.507,47,8,false
mixed-046-2,mixed,seed=0xcd6f2bd41e7877a6;cycles=9;planted=3;d_b=12;m=2;gap=6;k=4,5335427,false,414874,0.303,47,8,16384,96.942,47,8,false
dec-141,dec,d_b=12;m=5;gap=3;k=1;q=3;s=26,24,false,26,0.114,50,2,1,0.022,53,52,false
dec-141,dec,d_b=12;m=5;gap=3;k=1;q=3;s=26,24,false,26,0.114,50,2,2,0.035,53,52,false
dec-141,dec,d_b=12;m=5;gap=3;k=1;q=3;s=26,24,false,26,0.114,50,2,4,0.049,53,52,false
dec-141,dec,d_b=12;m=5;gap=3;k=1;q=3;s=26,24,false,26,0.114,50,2,8,0.079,53,52,false
dec-141,dec,d_b=12;m=5;gap=3;k=1;q=3;s=26,24,false,26,0.114,50,2,16,0.141,50,2,false
dec-141,dec,d_b=12;m=5;gap=3;k=1;q=3;s=26,24,false,26,0.114,50,2,32,0.211,50,2,true
dec-141,dec,d_b=12;m=5;gap=3;k=1;q=3;s=26,24,false,26,0.114,50,2,64,0.208,50,2,true
dec-141,dec,d_b=12;m=5;gap=3;k=1;q=3;s=26,24,false,26,0.114,50,2,128,0.205,50,2,true
dec-141,dec,d_b=12;m=5;gap=3;k=1;q=3;s=26,24,false,26,0.114,50,2,256,0.204,50,2,true
dec-141,dec,d_b=12;m=5;gap=3;k=1;q=3;s=26,24,false,26,0.114,50,2,512,0.204,50,2,true
dec-141,dec,d_b=12;m=5;gap=3;k=1;q=3;s=26,24,false,26,0.114,50,2,1024,0.201,50,2,true
dec-141,dec,d_b=12;m=5;gap=3;k=1;q=3;s=26,24,false,26,0.114,50,2,2048,0.200,50,2,true
dec-141,dec,d_b=12;m=5;gap=3;k=1;q=3;s=26,24,false,26,0.114,50,2,4096,0.211,50,2,true
dec-141,dec,d_b=12;m=5;gap=3;k=1;q=3;s=26,24,false,26,0.114,50,2,8192,0.200,50,2,true
dec-141,dec,d_b=12;m=5;gap=3;k=1;q=3;s=26,24,false,26,0.114,50,2,16384,0.200,50,2,true
mixed-047-0,mixed,seed=0x1d5b03eacda58bfb;cycles=9;planted=3;d_b=16;m=5;gap=2;k=1,5335345,false,414801,0.483,205,8,1,0.124,214,206,false
mixed-047-0,mixed,seed=0x1d5b03eacda58bfb;cycles=9;planted=3;d_b=16;m=5;gap=2;k=1,5335345,false,414801,0.483,205,8,2,0.122,214,206,false
mixed-047-0,mixed,seed=0x1d5b03eacda58bfb;cycles=9;planted=3;d_b=16;m=5;gap=2;k=1,5335345,false,414801,0.483,205,8,4,0.155,214,206,false
mixed-047-0,mixed,seed=0x1d5b03eacda58bfb;cycles=9;planted=3;d_b=16;m=5;gap=2;k=1,5335345,false,414801,0.483,205,8,8,0.209,214,206,false
mixed-047-0,mixed,seed=0x1d5b03eacda58bfb;cycles=9;planted=3;d_b=16;m=5;gap=2;k=1,5335345,false,414801,0.483,205,8,16,0.278,214,206,false
mixed-047-0,mixed,seed=0x1d5b03eacda58bfb;cycles=9;planted=3;d_b=16;m=5;gap=2;k=1,5335345,false,414801,0.483,205,8,32,0.558,214,206,false
mixed-047-0,mixed,seed=0x1d5b03eacda58bfb;cycles=9;planted=3;d_b=16;m=5;gap=2;k=1,5335345,false,414801,0.483,205,8,64,1.018,211,140,false
mixed-047-0,mixed,seed=0x1d5b03eacda58bfb;cycles=9;planted=3;d_b=16;m=5;gap=2;k=1,5335345,false,414801,0.483,205,8,128,2.099,205,8,false
mixed-047-0,mixed,seed=0x1d5b03eacda58bfb;cycles=9;planted=3;d_b=16;m=5;gap=2;k=1,5335345,false,414801,0.483,205,8,256,3.488,205,8,false
mixed-047-0,mixed,seed=0x1d5b03eacda58bfb;cycles=9;planted=3;d_b=16;m=5;gap=2;k=1,5335345,false,414801,0.483,205,8,512,5.743,205,8,false
mixed-047-0,mixed,seed=0x1d5b03eacda58bfb;cycles=9;planted=3;d_b=16;m=5;gap=2;k=1,5335345,false,414801,0.483,205,8,1024,10.298,205,8,false
mixed-047-0,mixed,seed=0x1d5b03eacda58bfb;cycles=9;planted=3;d_b=16;m=5;gap=2;k=1,5335345,false,414801,0.483,205,8,2048,19.697,205,8,false
mixed-047-0,mixed,seed=0x1d5b03eacda58bfb;cycles=9;planted=3;d_b=16;m=5;gap=2;k=1,5335345,false,414801,0.483,205,8,4096,40.145,205,8,false
mixed-047-0,mixed,seed=0x1d5b03eacda58bfb;cycles=9;planted=3;d_b=16;m=5;gap=2;k=1,5335345,false,414801,0.483,205,8,8192,80.939,205,8,false
mixed-047-0,mixed,seed=0x1d5b03eacda58bfb;cycles=9;planted=3;d_b=16;m=5;gap=2;k=1,5335345,false,414801,0.483,205,8,16384,160.297,205,8,false
dec-142,dec,d_b=12;m=5;gap=3;k=2;q=3;s=26,36,false,38,0.180,50,2,1,0.024,53,52,false
dec-142,dec,d_b=12;m=5;gap=3;k=2;q=3;s=26,36,false,38,0.180,50,2,2,0.033,53,52,false
dec-142,dec,d_b=12;m=5;gap=3;k=2;q=3;s=26,36,false,38,0.180,50,2,4,0.049,53,52,false
dec-142,dec,d_b=12;m=5;gap=3;k=2;q=3;s=26,36,false,38,0.180,50,2,8,0.086,53,52,false
dec-142,dec,d_b=12;m=5;gap=3;k=2;q=3;s=26,36,false,38,0.180,50,2,16,0.151,53,52,false
dec-142,dec,d_b=12;m=5;gap=3;k=2;q=3;s=26,36,false,38,0.180,50,2,32,0.338,50,2,false
dec-142,dec,d_b=12;m=5;gap=3;k=2;q=3;s=26,36,false,38,0.180,50,2,64,0.380,50,2,true
dec-142,dec,d_b=12;m=5;gap=3;k=2;q=3;s=26,36,false,38,0.180,50,2,128,0.370,50,2,true
dec-142,dec,d_b=12;m=5;gap=3;k=2;q=3;s=26,36,false,38,0.180,50,2,256,0.388,50,2,true
dec-142,dec,d_b=12;m=5;gap=3;k=2;q=3;s=26,36,false,38,0.180,50,2,512,0.386,50,2,true
dec-142,dec,d_b=12;m=5;gap=3;k=2;q=3;s=26,36,false,38,0.180,50,2,1024,0.378,50,2,true
dec-142,dec,d_b=12;m=5;gap=3;k=2;q=3;s=26,36,false,38,0.180,50,2,2048,0.368,50,2,true
dec-142,dec,d_b=12;m=5;gap=3;k=2;q=3;s=26,36,false,38,0.180,50,2,4096,0.378,50,2,true
dec-142,dec,d_b=12;m=5;gap=3;k=2;q=3;s=26,36,false,38,0.180,50,2,8192,0.359,50,2,true
dec-142,dec,d_b=12;m=5;gap=3;k=2;q=3;s=26,36,false,38,0.180,50,2,16384,0.359,50,2,true
mixed-047-1,mixed,seed=0x6b6256cbc0366a31;cycles=9;planted=3;d_b=16;m=5;gap=2;k=1,8650664,false,647733,0.522,204,10,1,0.141,213,208,false
mixed-047-1,mixed,seed=0x6b6256cbc0366a31;cycles=9;planted=3;d_b=16;m=5;gap=2;k=1,8650664,false,647733,0.522,204,10,2,0.178,213,208,false
mixed-047-1,mixed,seed=0x6b6256cbc0366a31;cycles=9;planted=3;d_b=16;m=5;gap=2;k=1,8650664,false,647733,0.522,204,10,4,0.201,213,208,false
mixed-047-1,mixed,seed=0x6b6256cbc0366a31;cycles=9;planted=3;d_b=16;m=5;gap=2;k=1,8650664,false,647733,0.522,204,10,8,0.234,213,208,false
mixed-047-1,mixed,seed=0x6b6256cbc0366a31;cycles=9;planted=3;d_b=16;m=5;gap=2;k=1,8650664,false,647733,0.522,204,10,16,0.374,213,208,false
mixed-047-1,mixed,seed=0x6b6256cbc0366a31;cycles=9;planted=3;d_b=16;m=5;gap=2;k=1,8650664,false,647733,0.522,204,10,32,0.694,213,208,false
mixed-047-1,mixed,seed=0x6b6256cbc0366a31;cycles=9;planted=3;d_b=16;m=5;gap=2;k=1,8650664,false,647733,0.522,204,10,64,1.185,213,208,false
mixed-047-1,mixed,seed=0x6b6256cbc0366a31;cycles=9;planted=3;d_b=16;m=5;gap=2;k=1,8650664,false,647733,0.522,204,10,128,2.441,204,10,false
mixed-047-1,mixed,seed=0x6b6256cbc0366a31;cycles=9;planted=3;d_b=16;m=5;gap=2;k=1,8650664,false,647733,0.522,204,10,256,4.480,204,10,false
mixed-047-1,mixed,seed=0x6b6256cbc0366a31;cycles=9;planted=3;d_b=16;m=5;gap=2;k=1,8650664,false,647733,0.522,204,10,512,7.703,204,10,false
mixed-047-1,mixed,seed=0x6b6256cbc0366a31;cycles=9;planted=3;d_b=16;m=5;gap=2;k=1,8650664,false,647733,0.522,204,10,1024,13.796,204,10,false
mixed-047-1,mixed,seed=0x6b6256cbc0366a31;cycles=9;planted=3;d_b=16;m=5;gap=2;k=1,8650664,false,647733,0.522,204,10,2048,26.446,204,10,false
mixed-047-1,mixed,seed=0x6b6256cbc0366a31;cycles=9;planted=3;d_b=16;m=5;gap=2;k=1,8650664,false,647733,0.522,204,10,4096,52.259,204,10,false
mixed-047-1,mixed,seed=0x6b6256cbc0366a31;cycles=9;planted=3;d_b=16;m=5;gap=2;k=1,8650664,false,647733,0.522,204,10,8192,106.031,204,10,false
mixed-047-1,mixed,seed=0x6b6256cbc0366a31;cycles=9;planted=3;d_b=16;m=5;gap=2;k=1,8650664,false,647733,0.522,204,10,16384,214.465,204,10,false
dec-143,dec,d_b=12;m=5;gap=3;k=4;q=3;s=26,60,false,62,0.316,50,2,1,0.028,53,52,false
dec-143,dec,d_b=12;m=5;gap=3;k=4;q=3;s=26,60,false,62,0.316,50,2,2,0.036,53,52,false
dec-143,dec,d_b=12;m=5;gap=3;k=4;q=3;s=26,60,false,62,0.316,50,2,4,0.056,53,52,false
dec-143,dec,d_b=12;m=5;gap=3;k=4;q=3;s=26,60,false,62,0.316,50,2,8,0.095,53,52,false
dec-143,dec,d_b=12;m=5;gap=3;k=4;q=3;s=26,60,false,62,0.316,50,2,16,0.169,53,52,false
dec-143,dec,d_b=12;m=5;gap=3;k=4;q=3;s=26,60,false,62,0.316,50,2,32,0.334,50,2,false
dec-143,dec,d_b=12;m=5;gap=3;k=4;q=3;s=26,60,false,62,0.316,50,2,64,0.660,50,2,true
dec-143,dec,d_b=12;m=5;gap=3;k=4;q=3;s=26,60,false,62,0.316,50,2,128,0.651,50,2,true
dec-143,dec,d_b=12;m=5;gap=3;k=4;q=3;s=26,60,false,62,0.316,50,2,256,0.658,50,2,true
dec-143,dec,d_b=12;m=5;gap=3;k=4;q=3;s=26,60,false,62,0.316,50,2,512,0.648,50,2,true
dec-143,dec,d_b=12;m=5;gap=3;k=4;q=3;s=26,60,false,62,0.316,50,2,1024,0.646,50,2,true
dec-143,dec,d_b=12;m=5;gap=3;k=4;q=3;s=26,60,false,62,0.316,50,2,2048,0.664,50,2,true
dec-143,dec,d_b=12;m=5;gap=3;k=4;q=3;s=26,60,false,62,0.316,50,2,4096,0.660,50,2,true
dec-143,dec,d_b=12;m=5;gap=3;k=4;q=3;s=26,60,false,62,0.316,50,2,8192,0.637,50,2,true
dec-143,dec,d_b=12;m=5;gap=3;k=4;q=3;s=26,60,false,62,0.316,50,2,16384,0.642,50,2,true
mixed-047-2,mixed,seed=0x03ea5038e67a1103;cycles=9;planted=3;d_b=16;m=5;gap=2;k=1,8650672,false,647764,0.548,224,14,1,0.191,233,212,false
mixed-047-2,mixed,seed=0x03ea5038e67a1103;cycles=9;planted=3;d_b=16;m=5;gap=2;k=1,8650672,false,647764,0.548,224,14,2,0.198,233,212,false
mixed-047-2,mixed,seed=0x03ea5038e67a1103;cycles=9;planted=3;d_b=16;m=5;gap=2;k=1,8650672,false,647764,0.548,224,14,4,0.214,233,212,false
mixed-047-2,mixed,seed=0x03ea5038e67a1103;cycles=9;planted=3;d_b=16;m=5;gap=2;k=1,8650672,false,647764,0.548,224,14,8,0.261,233,212,false
mixed-047-2,mixed,seed=0x03ea5038e67a1103;cycles=9;planted=3;d_b=16;m=5;gap=2;k=1,8650672,false,647764,0.548,224,14,16,0.382,233,212,false
mixed-047-2,mixed,seed=0x03ea5038e67a1103;cycles=9;planted=3;d_b=16;m=5;gap=2;k=1,8650672,false,647764,0.548,224,14,32,0.676,233,212,false
mixed-047-2,mixed,seed=0x03ea5038e67a1103;cycles=9;planted=3;d_b=16;m=5;gap=2;k=1,8650672,false,647764,0.548,224,14,64,1.258,233,212,false
mixed-047-2,mixed,seed=0x03ea5038e67a1103;cycles=9;planted=3;d_b=16;m=5;gap=2;k=1,8650672,false,647764,0.548,224,14,128,2.421,230,146,false
mixed-047-2,mixed,seed=0x03ea5038e67a1103;cycles=9;planted=3;d_b=16;m=5;gap=2;k=1,8650672,false,647764,0.548,224,14,256,4.510,224,14,false
mixed-047-2,mixed,seed=0x03ea5038e67a1103;cycles=9;planted=3;d_b=16;m=5;gap=2;k=1,8650672,false,647764,0.548,224,14,512,8.007,224,14,false
mixed-047-2,mixed,seed=0x03ea5038e67a1103;cycles=9;planted=3;d_b=16;m=5;gap=2;k=1,8650672,false,647764,0.548,224,14,1024,14.511,224,14,false
mixed-047-2,mixed,seed=0x03ea5038e67a1103;cycles=9;planted=3;d_b=16;m=5;gap=2;k=1,8650672,false,647764,0.548,224,14,2048,27.718,224,14,false
mixed-047-2,mixed,seed=0x03ea5038e67a1103;cycles=9;planted=3;d_b=16;m=5;gap=2;k=1,8650672,false,647764,0.548,224,14,4096,54.036,224,14,false
mixed-047-2,mixed,seed=0x03ea5038e67a1103;cycles=9;planted=3;d_b=16;m=5;gap=2;k=1,8650672,false,647764,0.548,224,14,8192,107.634,224,14,false
mixed-047-2,mixed,seed=0x03ea5038e67a1103;cycles=9;planted=3;d_b=16;m=5;gap=2;k=1,8650672,false,647764,0.548,224,14,16384,219.695,224,14,false
dec-144,dec,d_b=12;m=5;gap=7;k=1;q=3;s=28,24,false,26,0.122,50,2,1,0.026,57,56,false
dec-144,dec,d_b=12;m=5;gap=7;k=1;q=3;s=28,24,false,26,0.122,50,2,2,0.046,57,56,false
dec-144,dec,d_b=12;m=5;gap=7;k=1;q=3;s=28,24,false,26,0.122,50,2,4,0.054,57,56,false
dec-144,dec,d_b=12;m=5;gap=7;k=1;q=3;s=28,24,false,26,0.122,50,2,8,0.087,57,56,false
dec-144,dec,d_b=12;m=5;gap=7;k=1;q=3;s=28,24,false,26,0.122,50,2,16,0.163,50,2,false
dec-144,dec,d_b=12;m=5;gap=7;k=1;q=3;s=28,24,false,26,0.122,50,2,32,0.219,50,2,true
dec-144,dec,d_b=12;m=5;gap=7;k=1;q=3;s=28,24,false,26,0.122,50,2,64,0.238,50,2,true
dec-144,dec,d_b=12;m=5;gap=7;k=1;q=3;s=28,24,false,26,0.122,50,2,128,0.240,50,2,true
dec-144,dec,d_b=12;m=5;gap=7;k=1;q=3;s=28,24,false,26,0.122,50,2,256,0.224,50,2,true
dec-144,dec,d_b=12;m=5;gap=7;k=1;q=3;s=28,24,false,26,0.122,50,2,512,0.220,50,2,true
dec-144,dec,d_b=12;m=5;gap=7;k=1;q=3;s=28,24,false,26,0.122,50,2,1024,0.214,50,2,true
dec-144,dec,d_b=12;m=5;gap=7;k=1;q=3;s=28,24,false,26,0.122,50,2,2048,0.211,50,2,true
dec-144,dec,d_b=12;m=5;gap=7;k=1;q=3;s=28,24,false,26,0.122,50,2,4096,0.261,50,2,true
dec-144,dec,d_b=12;m=5;gap=7;k=1;q=3;s=28,24,false,26,0.122,50,2,8192,0.220,50,2,true
dec-144,dec,d_b=12;m=5;gap=7;k=1;q=3;s=28,24,false,26,0.122,50,2,16384,0.213,50,2,true
mixed-048-0,mixed,seed=0x2018ff077d48b09a;cycles=10;planted=1;d_b=4;m=2;gap=1;k=2,15,false,16,0.035,9,2,1,0.016,10,6,false
mixed-048-0,mixed,seed=0x2018ff077d48b09a;cycles=10;planted=1;d_b=4;m=2;gap=1;k=2,15,false,16,0.035,9,2,2,0.015,10,6,false
mixed-048-0,mixed,seed=0x2018ff077d48b09a;cycles=10;planted=1;d_b=4;m=2;gap=1;k=2,15,false,16,0.035,9,2,4,0.029,10,6,false
mixed-048-0,mixed,seed=0x2018ff077d48b09a;cycles=10;planted=1;d_b=4;m=2;gap=1;k=2,15,false,16,0.035,9,2,8,0.037,10,6,false
mixed-048-0,mixed,seed=0x2018ff077d48b09a;cycles=10;planted=1;d_b=4;m=2;gap=1;k=2,15,false,16,0.035,9,2,16,0.065,9,2,true
mixed-048-0,mixed,seed=0x2018ff077d48b09a;cycles=10;planted=1;d_b=4;m=2;gap=1;k=2,15,false,16,0.035,9,2,32,0.061,9,2,true
mixed-048-0,mixed,seed=0x2018ff077d48b09a;cycles=10;planted=1;d_b=4;m=2;gap=1;k=2,15,false,16,0.035,9,2,64,0.072,9,2,true
mixed-048-0,mixed,seed=0x2018ff077d48b09a;cycles=10;planted=1;d_b=4;m=2;gap=1;k=2,15,false,16,0.035,9,2,128,0.064,9,2,true
mixed-048-0,mixed,seed=0x2018ff077d48b09a;cycles=10;planted=1;d_b=4;m=2;gap=1;k=2,15,false,16,0.035,9,2,256,0.060,9,2,true
mixed-048-0,mixed,seed=0x2018ff077d48b09a;cycles=10;planted=1;d_b=4;m=2;gap=1;k=2,15,false,16,0.035,9,2,512,0.056,9,2,true
mixed-048-0,mixed,seed=0x2018ff077d48b09a;cycles=10;planted=1;d_b=4;m=2;gap=1;k=2,15,false,16,0.035,9,2,1024,0.064,9,2,true
mixed-048-0,mixed,seed=0x2018ff077d48b09a;cycles=10;planted=1;d_b=4;m=2;gap=1;k=2,15,false,16,0.035,9,2,2048,0.068,9,2,true
mixed-048-0,mixed,seed=0x2018ff077d48b09a;cycles=10;planted=1;d_b=4;m=2;gap=1;k=2,15,false,16,0.035,9,2,4096,0.062,9,2,true
mixed-048-0,mixed,seed=0x2018ff077d48b09a;cycles=10;planted=1;d_b=4;m=2;gap=1;k=2,15,false,16,0.035,9,2,8192,0.060,9,2,true
mixed-048-0,mixed,seed=0x2018ff077d48b09a;cycles=10;planted=1;d_b=4;m=2;gap=1;k=2,15,false,16,0.035,9,2,16384,0.060,9,2,true
dec-145,dec,d_b=12;m=5;gap=7;k=2;q=3;s=28,36,false,38,0.184,50,2,1,0.023,57,56,false
dec-145,dec,d_b=12;m=5;gap=7;k=2;q=3;s=28,36,false,38,0.184,50,2,2,0.033,57,56,false
dec-145,dec,d_b=12;m=5;gap=7;k=2;q=3;s=28,36,false,38,0.184,50,2,4,0.059,57,56,false
dec-145,dec,d_b=12;m=5;gap=7;k=2;q=3;s=28,36,false,38,0.184,50,2,8,0.093,57,56,false
dec-145,dec,d_b=12;m=5;gap=7;k=2;q=3;s=28,36,false,38,0.184,50,2,16,0.171,50,2,false
dec-145,dec,d_b=12;m=5;gap=7;k=2;q=3;s=28,36,false,38,0.184,50,2,32,0.391,50,2,false
dec-145,dec,d_b=12;m=5;gap=7;k=2;q=3;s=28,36,false,38,0.184,50,2,64,0.418,50,2,true
dec-145,dec,d_b=12;m=5;gap=7;k=2;q=3;s=28,36,false,38,0.184,50,2,128,0.383,50,2,true
dec-145,dec,d_b=12;m=5;gap=7;k=2;q=3;s=28,36,false,38,0.184,50,2,256,0.413,50,2,true
dec-145,dec,d_b=12;m=5;gap=7;k=2;q=3;s=28,36,false,38,0.184,50,2,512,0.391,50,2,true
dec-145,dec,d_b=12;m=5;gap=7;k=2;q=3;s=28,36,false,38,0.184,50,2,1024,0.595,50,2,true
dec-145,dec,d_b=12;m=5;gap=7;k=2;q=3;s=28,36,false,38,0.184,50,2,2048,0.392,50,2,true
dec-145,dec,d_b=12;m=5;gap=7;k=2;q=3;s=28,36,false,38,0.184,50,2,4096,0.437,50,2,true
dec-145,dec,d_b=12;m=5;gap=7;k=2;q=3;s=28,36,false,38,0.184,50,2,8192,0.402,50,2,true
dec-145,dec,d_b=12;m=5;gap=7;k=2;q=3;s=28,36,false,38,0.184,50,2,16384,0.408,50,2,true
mixed-048-1,mixed,seed=0x1fbd2cbe4ab0f94d;cycles=10;planted=1;d_b=4;m=2;gap=1;k=2,32963152,false,1981104,0.069,11,4,1,0.051,12,8,false
mixed-048-1,mixed,seed=0x1fbd2cbe4ab0f94d;cycles=10;planted=1;d_b=4;m=2;gap=1;k=2,32963152,false,1981104,0.069,11,4,2,0.047,12,8,false
mixed-048-1,mixed,seed=0x1fbd2cbe4ab0f94d;cycles=10;planted=1;d_b=4;m=2;gap=1;k=2,32963152,false,1981104,0.069,11,4,4,0.074,12,8,false
mixed-048-1,mixed,seed=0x1fbd2cbe4ab0f94d;cycles=10;planted=1;d_b=4;m=2;gap=1;k=2,32963152,false,1981104,0.069,11,4,8,0.112,12,8,false
mixed-048-1,mixed,seed=0x1fbd2cbe4ab0f94d;cycles=10;planted=1;d_b=4;m=2;gap=1;k=2,32963152,false,1981104,0.069,11,4,16,0.213,12,8,false
mixed-048-1,mixed,seed=0x1fbd2cbe4ab0f94d;cycles=10;planted=1;d_b=4;m=2;gap=1;k=2,32963152,false,1981104,0.069,11,4,32,0.396,11,4,false
mixed-048-1,mixed,seed=0x1fbd2cbe4ab0f94d;cycles=10;planted=1;d_b=4;m=2;gap=1;k=2,32963152,false,1981104,0.069,11,4,64,0.888,11,4,false
mixed-048-1,mixed,seed=0x1fbd2cbe4ab0f94d;cycles=10;planted=1;d_b=4;m=2;gap=1;k=2,32963152,false,1981104,0.069,11,4,128,1.599,11,4,false
mixed-048-1,mixed,seed=0x1fbd2cbe4ab0f94d;cycles=10;planted=1;d_b=4;m=2;gap=1;k=2,32963152,false,1981104,0.069,11,4,256,2.263,11,4,false
mixed-048-1,mixed,seed=0x1fbd2cbe4ab0f94d;cycles=10;planted=1;d_b=4;m=2;gap=1;k=2,32963152,false,1981104,0.069,11,4,512,3.722,11,4,false
mixed-048-1,mixed,seed=0x1fbd2cbe4ab0f94d;cycles=10;planted=1;d_b=4;m=2;gap=1;k=2,32963152,false,1981104,0.069,11,4,1024,6.509,11,4,false
mixed-048-1,mixed,seed=0x1fbd2cbe4ab0f94d;cycles=10;planted=1;d_b=4;m=2;gap=1;k=2,32963152,false,1981104,0.069,11,4,2048,12.832,11,4,false
mixed-048-1,mixed,seed=0x1fbd2cbe4ab0f94d;cycles=10;planted=1;d_b=4;m=2;gap=1;k=2,32963152,false,1981104,0.069,11,4,4096,25.885,11,4,false
mixed-048-1,mixed,seed=0x1fbd2cbe4ab0f94d;cycles=10;planted=1;d_b=4;m=2;gap=1;k=2,32963152,false,1981104,0.069,11,4,8192,57.231,11,4,false
mixed-048-1,mixed,seed=0x1fbd2cbe4ab0f94d;cycles=10;planted=1;d_b=4;m=2;gap=1;k=2,32963152,false,1981104,0.069,11,4,16384,114.280,11,4,false
dec-146,dec,d_b=12;m=5;gap=7;k=4;q=3;s=28,60,false,62,0.320,50,2,1,0.027,57,56,false
dec-146,dec,d_b=12;m=5;gap=7;k=4;q=3;s=28,60,false,62,0.320,50,2,2,0.039,57,56,false
dec-146,dec,d_b=12;m=5;gap=7;k=4;q=3;s=28,60,false,62,0.320,50,2,4,0.061,57,56,false
dec-146,dec,d_b=12;m=5;gap=7;k=4;q=3;s=28,60,false,62,0.320,50,2,8,0.096,57,56,false
dec-146,dec,d_b=12;m=5;gap=7;k=4;q=3;s=28,60,false,62,0.320,50,2,16,0.172,57,56,false
dec-146,dec,d_b=12;m=5;gap=7;k=4;q=3;s=28,60,false,62,0.320,50,2,32,0.346,50,2,false
dec-146,dec,d_b=12;m=5;gap=7;k=4;q=3;s=28,60,false,62,0.320,50,2,64,0.688,50,2,true
dec-146,dec,d_b=12;m=5;gap=7;k=4;q=3;s=28,60,false,62,0.320,50,2,128,0.674,50,2,true
dec-146,dec,d_b=12;m=5;gap=7;k=4;q=3;s=28,60,false,62,0.320,50,2,256,0.676,50,2,true
dec-146,dec,d_b=12;m=5;gap=7;k=4;q=3;s=28,60,false,62,0.320,50,2,512,0.665,50,2,true
dec-146,dec,d_b=12;m=5;gap=7;k=4;q=3;s=28,60,false,62,0.320,50,2,1024,0.673,50,2,true
dec-146,dec,d_b=12;m=5;gap=7;k=4;q=3;s=28,60,false,62,0.320,50,2,2048,0.662,50,2,true
dec-146,dec,d_b=12;m=5;gap=7;k=4;q=3;s=28,60,false,62,0.320,50,2,4096,0.680,50,2,true
dec-146,dec,d_b=12;m=5;gap=7;k=4;q=3;s=28,60,false,62,0.320,50,2,8192,0.658,50,2,true
dec-146,dec,d_b=12;m=5;gap=7;k=4;q=3;s=28,60,false,62,0.320,50,2,16384,0.684,50,2,true
mixed-048-2,mixed,seed=0x2a15c12a787bf765;cycles=10;planted=1;d_b=4;m=2;gap=1;k=2,50189937,true,2974720,0.135,12,6,1,0.087,13,10,false
mixed-048-2,mixed,seed=0x2a15c12a787bf765;cycles=10;planted=1;d_b=4;m=2;gap=1;k=2,50189937,true,2974720,0.135,12,6,2,0.132,13,10,false
mixed-048-2,mixed,seed=0x2a15c12a787bf765;cycles=10;planted=1;d_b=4;m=2;gap=1;k=2,50189937,true,2974720,0.135,12,6,4,0.159,13,10,false
mixed-048-2,mixed,seed=0x2a15c12a787bf765;cycles=10;planted=1;d_b=4;m=2;gap=1;k=2,50189937,true,2974720,0.135,12,6,8,0.232,13,10,false
mixed-048-2,mixed,seed=0x2a15c12a787bf765;cycles=10;planted=1;d_b=4;m=2;gap=1;k=2,50189937,true,2974720,0.135,12,6,16,0.336,13,10,false
mixed-048-2,mixed,seed=0x2a15c12a787bf765;cycles=10;planted=1;d_b=4;m=2;gap=1;k=2,50189937,true,2974720,0.135,12,6,32,0.540,13,10,false
mixed-048-2,mixed,seed=0x2a15c12a787bf765;cycles=10;planted=1;d_b=4;m=2;gap=1;k=2,50189937,true,2974720,0.135,12,6,64,0.943,12,6,false
mixed-048-2,mixed,seed=0x2a15c12a787bf765;cycles=10;planted=1;d_b=4;m=2;gap=1;k=2,50189937,true,2974720,0.135,12,6,128,1.690,12,6,false
mixed-048-2,mixed,seed=0x2a15c12a787bf765;cycles=10;planted=1;d_b=4;m=2;gap=1;k=2,50189937,true,2974720,0.135,12,6,256,3.061,12,6,false
mixed-048-2,mixed,seed=0x2a15c12a787bf765;cycles=10;planted=1;d_b=4;m=2;gap=1;k=2,50189937,true,2974720,0.135,12,6,512,5.597,12,6,false
mixed-048-2,mixed,seed=0x2a15c12a787bf765;cycles=10;planted=1;d_b=4;m=2;gap=1;k=2,50189937,true,2974720,0.135,12,6,1024,10.261,12,6,false
mixed-048-2,mixed,seed=0x2a15c12a787bf765;cycles=10;planted=1;d_b=4;m=2;gap=1;k=2,50189937,true,2974720,0.135,12,6,2048,20.098,12,6,false
mixed-048-2,mixed,seed=0x2a15c12a787bf765;cycles=10;planted=1;d_b=4;m=2;gap=1;k=2,50189937,true,2974720,0.135,12,6,4096,39.172,12,6,false
mixed-048-2,mixed,seed=0x2a15c12a787bf765;cycles=10;planted=1;d_b=4;m=2;gap=1;k=2,50189937,true,2974720,0.135,12,6,8192,78.426,12,6,false
mixed-048-2,mixed,seed=0x2a15c12a787bf765;cycles=10;planted=1;d_b=4;m=2;gap=1;k=2,50189937,true,2974720,0.135,12,6,16384,158.585,12,6,false
dec-147,dec,d_b=12;m=5;gap=13;k=1;q=3;s=31,24,false,26,0.120,50,2,1,0.025,63,62,false
dec-147,dec,d_b=12;m=5;gap=13;k=1;q=3;s=31,24,false,26,0.120,50,2,2,0.041,63,62,false
dec-147,dec,d_b=12;m=5;gap=13;k=1;q=3;s=31,24,false,26,0.120,50,2,4,0.052,63,62,false
dec-147,dec,d_b=12;m=5;gap=13;k=1;q=3;s=31,24,false,26,0.120,50,2,8,0.092,50,2,false
dec-147,dec,d_b=12;m=5;gap=13;k=1;q=3;s=31,24,false,26,0.120,50,2,16,0.161,50,2,false
dec-147,dec,d_b=12;m=5;gap=13;k=1;q=3;s=31,24,false,26,0.120,50,2,32,0.230,50,2,true
dec-147,dec,d_b=12;m=5;gap=13;k=1;q=3;s=31,24,false,26,0.120,50,2,64,0.230,50,2,true
dec-147,dec,d_b=12;m=5;gap=13;k=1;q=3;s=31,24,false,26,0.120,50,2,128,0.222,50,2,true
dec-147,dec,d_b=12;m=5;gap=13;k=1;q=3;s=31,24,false,26,0.120,50,2,256,0.226,50,2,true
dec-147,dec,d_b=12;m=5;gap=13;k=1;q=3;s=31,24,false,26,0.120,50,2,512,0.223,50,2,true
dec-147,dec,d_b=12;m=5;gap=13;k=1;q=3;s=31,24,false,26,0.120,50,2,1024,0.224,50,2,true
dec-147,dec,d_b=12;m=5;gap=13;k=1;q=3;s=31,24,false,26,0.120,50,2,2048,0.220,50,2,true
dec-147,dec,d_b=12;m=5;gap=13;k=1;q=3;s=31,24,false,26,0.120,50,2,4096,0.222,50,2,true
dec-147,dec,d_b=12;m=5;gap=13;k=1;q=3;s=31,24,false,26,0.120,50,2,8192,0.218,50,2,true
dec-147,dec,d_b=12;m=5;gap=13;k=1;q=3;s=31,24,false,26,0.120,50,2,16384,0.223,50,2,true
mixed-049-0,mixed,seed=0x3ba73db41c458e04;cycles=10;planted=1;d_b=8;m=3;gap=2;k=2,48136681,true,2962432,0.157,31,10,1,0.111,34,28,false
mixed-049-0,mixed,seed=0x3ba73db41c458e04;cycles=10;planted=1;d_b=8;m=3;gap=2;k=2,48136681,true,2962432,0.157,31,10,2,0.108,34,28,false
mixed-049-0,mixed,seed=0x3ba73db41c458e04;cycles=10;planted=1;d_b=8;m=3;gap=2;k=2,48136681,true,2962432,0.157,31,10,4,0.109,34,28,false
mixed-049-0,mixed,seed=0x3ba73db41c458e04;cycles=10;planted=1;d_b=8;m=3;gap=2;k=2,48136681,true,2962432,0.157,31,10,8,0.172,34,28,false
mixed-049-0,mixed,seed=0x3ba73db41c458e04;cycles=10;planted=1;d_b=8;m=3;gap=2;k=2,48136681,true,2962432,0.157,31,10,16,0.249,34,28,false
mixed-049-0,mixed,seed=0x3ba73db41c458e04;cycles=10;planted=1;d_b=8;m=3;gap=2;k=2,48136681,true,2962432,0.157,31,10,32,0.423,31,10,false
mixed-049-0,mixed,seed=0x3ba73db41c458e04;cycles=10;planted=1;d_b=8;m=3;gap=2;k=2,48136681,true,2962432,0.157,31,10,64,0.862,31,10,false
mixed-049-0,mixed,seed=0x3ba73db41c458e04;cycles=10;planted=1;d_b=8;m=3;gap=2;k=2,48136681,true,2962432,0.157,31,10,128,1.798,31,10,false
mixed-049-0,mixed,seed=0x3ba73db41c458e04;cycles=10;planted=1;d_b=8;m=3;gap=2;k=2,48136681,true,2962432,0.157,31,10,256,3.298,31,10,false
mixed-049-0,mixed,seed=0x3ba73db41c458e04;cycles=10;planted=1;d_b=8;m=3;gap=2;k=2,48136681,true,2962432,0.157,31,10,512,5.769,31,10,false
mixed-049-0,mixed,seed=0x3ba73db41c458e04;cycles=10;planted=1;d_b=8;m=3;gap=2;k=2,48136681,true,2962432,0.157,31,10,1024,10.625,31,10,false
mixed-049-0,mixed,seed=0x3ba73db41c458e04;cycles=10;planted=1;d_b=8;m=3;gap=2;k=2,48136681,true,2962432,0.157,31,10,2048,20.889,31,10,false
mixed-049-0,mixed,seed=0x3ba73db41c458e04;cycles=10;planted=1;d_b=8;m=3;gap=2;k=2,48136681,true,2962432,0.157,31,10,4096,40.993,31,10,false
mixed-049-0,mixed,seed=0x3ba73db41c458e04;cycles=10;planted=1;d_b=8;m=3;gap=2;k=2,48136681,true,2962432,0.157,31,10,8192,82.598,31,10,false
mixed-049-0,mixed,seed=0x3ba73db41c458e04;cycles=10;planted=1;d_b=8;m=3;gap=2;k=2,48136681,true,2962432,0.157,31,10,16384,170.335,31,10,false
dec-148,dec,d_b=12;m=5;gap=13;k=2;q=3;s=31,36,false,38,0.185,50,2,1,0.026,63,62,false
dec-148,dec,d_b=12;m=5;gap=13;k=2;q=3;s=31,36,false,38,0.185,50,2,2,0.042,63,62,false
dec-148,dec,d_b=12;m=5;gap=13;k=2;q=3;s=31,36,false,38,0.185,50,2,4,0.053,63,62,false
dec-148,dec,d_b=12;m=5;gap=13;k=2;q=3;s=31,36,false,38,0.185,50,2,8,0.097,63,62,false
dec-148,dec,d_b=12;m=5;gap=13;k=2;q=3;s=31,36,false,38,0.185,50,2,16,0.183,50,2,false
dec-148,dec,d_b=12;m=5;gap=13;k=2;q=3;s=31,36,false,38,0.185,50,2,32,0.360,50,2,false
dec-148,dec,d_b=12;m=5;gap=13;k=2;q=3;s=31,36,false,38,0.185,50,2,64,0.397,50,2,true
dec-148,dec,d_b=12;m=5;gap=13;k=2;q=3;s=31,36,false,38,0.185,50,2,128,0.398,50,2,true
dec-148,dec,d_b=12;m=5;gap=13;k=2;q=3;s=31,36,false,38,0.185,50,2,256,0.388,50,2,true
dec-148,dec,d_b=12;m=5;gap=13;k=2;q=3;s=31,36,false,38,0.185,50,2,512,0.388,50,2,true
dec-148,dec,d_b=12;m=5;gap=13;k=2;q=3;s=31,36,false,38,0.185,50,2,1024,0.385,50,2,true
dec-148,dec,d_b=12;m=5;gap=13;k=2;q=3;s=31,36,false,38,0.185,50,2,2048,0.386,50,2,true
dec-148,dec,d_b=12;m=5;gap=13;k=2;q=3;s=31,36,false,38,0.185,50,2,4096,0.384,50,2,true
dec-148,dec,d_b=12;m=5;gap=13;k=2;q=3;s=31,36,false,38,0.185,50,2,8192,0.385,50,2,true
dec-148,dec,d_b=12;m=5;gap=13;k=2;q=3;s=31,36,false,38,0.185,50,2,16384,0.382,50,2,true
mixed-049-1,mixed,seed=0x05b68cbc7a2b2eca;cycles=10;planted=1;d_b=8;m=3;gap=2;k=2,32963165,false,1981120,0.106,28,8,1,0.061,31,26,false
mixed-049-1,mixed,seed=0x05b68cbc7a2b2eca;cycles=10;planted=1;d_b=8;m=3;gap=2;k=2,32963165,false,1981120,0.106,28,8,2,0.057,31,26,false
mixed-049-1,mixed,seed=0x05b68cbc7a2b2eca;cycles=10;planted=1;d_b=8;m=3;gap=2;k=2,32963165,false,1981120,0.106,28,8,4,0.051,31,26,false
mixed-049-1,mixed,seed=0x05b68cbc7a2b2eca;cycles=10;planted=1;d_b=8;m=3;gap=2;k=2,32963165,false,1981120,0.106,28,8,8,0.096,31,26,false
mixed-049-1,mixed,seed=0x05b68cbc7a2b2eca;cycles=10;planted=1;d_b=8;m=3;gap=2;k=2,32963165,false,1981120,0.106,28,8,16,0.187,31,26,false
mixed-049-1,mixed,seed=0x05b68cbc7a2b2eca;cycles=10;planted=1;d_b=8;m=3;gap=2;k=2,32963165,false,1981120,0.106,28,8,32,0.370,28,8,false
mixed-049-1,mixed,seed=0x05b68cbc7a2b2eca;cycles=10;planted=1;d_b=8;m=3;gap=2;k=2,32963165,false,1981120,0.106,28,8,64,0.791,28,8,false
mixed-049-1,mixed,seed=0x05b68cbc7a2b2eca;cycles=10;planted=1;d_b=8;m=3;gap=2;k=2,32963165,false,1981120,0.106,28,8,128,1.657,28,8,false
mixed-049-1,mixed,seed=0x05b68cbc7a2b2eca;cycles=10;planted=1;d_b=8;m=3;gap=2;k=2,32963165,false,1981120,0.106,28,8,256,2.405,28,8,false
mixed-049-1,mixed,seed=0x05b68cbc7a2b2eca;cycles=10;planted=1;d_b=8;m=3;gap=2;k=2,32963165,false,1981120,0.106,28,8,512,3.881,28,8,false
mixed-049-1,mixed,seed=0x05b68cbc7a2b2eca;cycles=10;planted=1;d_b=8;m=3;gap=2;k=2,32963165,false,1981120,0.106,28,8,1024,6.960,28,8,false
mixed-049-1,mixed,seed=0x05b68cbc7a2b2eca;cycles=10;planted=1;d_b=8;m=3;gap=2;k=2,32963165,false,1981120,0.106,28,8,2048,13.452,28,8,false
mixed-049-1,mixed,seed=0x05b68cbc7a2b2eca;cycles=10;planted=1;d_b=8;m=3;gap=2;k=2,32963165,false,1981120,0.106,28,8,4096,27.287,28,8,false
mixed-049-1,mixed,seed=0x05b68cbc7a2b2eca;cycles=10;planted=1;d_b=8;m=3;gap=2;k=2,32963165,false,1981120,0.106,28,8,8192,59.594,28,8,false
mixed-049-1,mixed,seed=0x05b68cbc7a2b2eca;cycles=10;planted=1;d_b=8;m=3;gap=2;k=2,32963165,false,1981120,0.106,28,8,16384,122.209,28,8,false
dec-149,dec,d_b=12;m=5;gap=13;k=4;q=3;s=31,60,false,62,0.309,50,2,1,0.030,63,62,false
dec-149,dec,d_b=12;m=5;gap=13;k=4;q=3;s=31,60,false,62,0.309,50,2,2,0.043,63,62,false
dec-149,dec,d_b=12;m=5;gap=13;k=4;q=3;s=31,60,false,62,0.309,50,2,4,0.066,63,62,false
dec-149,dec,d_b=12;m=5;gap=13;k=4;q=3;s=31,60,false,62,0.309,50,2,8,0.111,63,62,false
dec-149,dec,d_b=12;m=5;gap=13;k=4;q=3;s=31,60,false,62,0.309,50,2,16,0.185,63,62,false
dec-149,dec,d_b=12;m=5;gap=13;k=4;q=3;s=31,60,false,62,0.309,50,2,32,0.383,50,2,false
dec-149,dec,d_b=12;m=5;gap=13;k=4;q=3;s=31,60,false,62,0.309,50,2,64,0.735,50,2,true
dec-149,dec,d_b=12;m=5;gap=13;k=4;q=3;s=31,60,false,62,0.309,50,2,128,0.750,50,2,true
dec-149,dec,d_b=12;m=5;gap=13;k=4;q=3;s=31,60,false,62,0.309,50,2,256,0.706,50,2,true
dec-149,dec,d_b=12;m=5;gap=13;k=4;q=3;s=31,60,false,62,0.309,50,2,512,0.721,50,2,true
dec-149,dec,d_b=12;m=5;gap=13;k=4;q=3;s=31,60,false,62,0.309,50,2,1024,0.702,50,2,true
dec-149,dec,d_b=12;m=5;gap=13;k=4;q=3;s=31,60,false,62,0.309,50,2,2048,0.725,50,2,true
dec-149,dec,d_b=12;m=5;gap=13;k=4;q=3;s=31,60,false,62,0.309,50,2,4096,0.695,50,2,true
dec-149,dec,d_b=12;m=5;gap=13;k=4;q=3;s=31,60,false,62,0.309,50,2,8192,0.707,50,2,true
dec-149,dec,d_b=12;m=5;gap=13;k=4;q=3;s=31,60,false,62,0.309,50,2,16384,0.702,50,2,true
mixed-049-2,mixed,seed=0x90cc04bbe445667b;cycles=10;planted=1;d_b=8;m=3;gap=2;k=2,32963168,false,1981130,0.137,34,8,1,0.093,37,26,false
mixed-049-2,mixed,seed=0x90cc04bbe445667b;cycles=10;planted=1;d_b=8;m=3;gap=2;k=2,32963168,false,1981130,0.137,34,8,2,0.087,37,26,false
mixed-049-2,mixed,seed=0x90cc04bbe445667b;cycles=10;planted=1;d_b=8;m=3;gap=2;k=2,32963168,false,1981130,0.137,34,8,4,0.090,37,26,false
mixed-049-2,mixed,seed=0x90cc04bbe445667b;cycles=10;planted=1;d_b=8;m=3;gap=2;k=2,32963168,false,1981130,0.137,34,8,8,0.140,37,26,false
mixed-049-2,mixed,seed=0x90cc04bbe445667b;cycles=10;planted=1;d_b=8;m=3;gap=2;k=2,32963168,false,1981130,0.137,34,8,16,0.280,37,26,false
mixed-049-2,mixed,seed=0x90cc04bbe445667b;cycles=10;planted=1;d_b=8;m=3;gap=2;k=2,32963168,false,1981130,0.137,34,8,32,0.475,34,8,false
mixed-049-2,mixed,seed=0x90cc04bbe445667b;cycles=10;planted=1;d_b=8;m=3;gap=2;k=2,32963168,false,1981130,0.137,34,8,64,1.045,34,8,false
mixed-049-2,mixed,seed=0x90cc04bbe445667b;cycles=10;planted=1;d_b=8;m=3;gap=2;k=2,32963168,false,1981130,0.137,34,8,128,2.257,34,8,false
mixed-049-2,mixed,seed=0x90cc04bbe445667b;cycles=10;planted=1;d_b=8;m=3;gap=2;k=2,32963168,false,1981130,0.137,34,8,256,3.611,34,8,false
mixed-049-2,mixed,seed=0x90cc04bbe445667b;cycles=10;planted=1;d_b=8;m=3;gap=2;k=2,32963168,false,1981130,0.137,34,8,512,6.533,34,8,false
mixed-049-2,mixed,seed=0x90cc04bbe445667b;cycles=10;planted=1;d_b=8;m=3;gap=2;k=2,32963168,false,1981130,0.137,34,8,1024,11.963,34,8,false
mixed-049-2,mixed,seed=0x90cc04bbe445667b;cycles=10;planted=1;d_b=8;m=3;gap=2;k=2,32963168,false,1981130,0.137,34,8,2048,23.629,34,8,false
mixed-049-2,mixed,seed=0x90cc04bbe445667b;cycles=10;planted=1;d_b=8;m=3;gap=2;k=2,32963168,false,1981130,0.137,34,8,4096,46.490,34,8,false
mixed-049-2,mixed,seed=0x90cc04bbe445667b;cycles=10;planted=1;d_b=8;m=3;gap=2;k=2,32963168,false,1981130,0.137,34,8,8192,97.186,34,8,false
mixed-049-2,mixed,seed=0x90cc04bbe445667b;cycles=10;planted=1;d_b=8;m=3;gap=2;k=2,32963168,false,1981130,0.137,34,8,16384,194.876,34,8,false
dec-150,dec,d_b=12;m=9;gap=1;k=1;q=7;s=49,24,false,26,0.174,98,2,1,0.032,99,98,false
dec-150,dec,d_b=12;m=9;gap=1;k=1;q=7;s=49,24,false,26,0.174,98,2,2,0.051,99,98,false
dec-150,dec,d_b=12;m=9;gap=1;k=1;q=7;s=49,24,false,26,0.174,98,2,4,0.074,99,98,false
dec-150,dec,d_b=12;m=9;gap=1;k=1;q=7;s=49,24,false,26,0.174,98,2,8,0.122,99,98,false
dec-150,dec,d_b=12;m=9;gap=1;k=1;q=7;s=49,24,false,26,0.174,98,2,16,0.199,98,2,false
dec-150,dec,d_b=12;m=9;gap=1;k=1;q=7;s=49,24,false,26,0.174,98,2,32,0.308,98,2,true
dec-150,dec,d_b=12;m=9;gap=1;k=1;q=7;s=49,24,false,26,0.174,98,2,64,0.311,98,2,true
dec-150,dec,d_b=12;m=9;gap=1;k=1;q=7;s=49,24,false,26,0.174,98,2,128,0.302,98,2,true
dec-150,dec,d_b=12;m=9;gap=1;k=1;q=7;s=49,24,false,26,0.174,98,2,256,0.304,98,2,true
dec-150,dec,d_b=12;m=9;gap=1;k=1;q=7;s=49,24,false,26,0.174,98,2,512,0.298,98,2,true
dec-150,dec,d_b=12;m=9;gap=1;k=1;q=7;s=49,24,false,26,0.174,98,2,1024,0.302,98,2,true
dec-150,dec,d_b=12;m=9;gap=1;k=1;q=7;s=49,24,false,26,0.174,98,2,2048,0.294,98,2,true
dec-150,dec,d_b=12;m=9;gap=1;k=1;q=7;s=49,24,false,26,0.174,98,2,4096,0.302,98,2,true
dec-150,dec,d_b=12;m=9;gap=1;k=1;q=7;s=49,24,false,26,0.174,98,2,8192,0.293,98,2,true
dec-150,dec,d_b=12;m=9;gap=1;k=1;q=7;s=49,24,false,26,0.174,98,2,16384,0.300,98,2,true
mixed-050-0,mixed,seed=0x617669b11fbd2581;cycles=10;planted=1;d_b=12;m=2;gap=6;k=4,49815327,true,3048448,0.226,49,8,1,0.158,56,26,false
mixed-050-0,mixed,seed=0x617669b11fbd2581;cycles=10;planted=1;d_b=12;m=2;gap=6;k=4,49815327,true,3048448,0.226,49,8,2,0.179,56,26,false
mixed-050-0,mixed,seed=0x617669b11fbd2581;cycles=10;planted=1;d_b=12;m=2;gap=6;k=4,49815327,true,3048448,0.226,49,8,4,0.179,56,26,false
mixed-050-0,mixed,seed=0x617669b11fbd2581;cycles=10;planted=1;d_b=12;m=2;gap=6;k=4,49815327,true,3048448,0.226,49,8,8,0.240,56,26,false
mixed-050-0,mixed,seed=0x617669b11fbd2581;cycles=10;planted=1;d_b=12;m=2;gap=6;k=4,49815327,true,3048448,0.226,49,8,16,0.419,56,26,false
mixed-050-0,mixed,seed=0x617669b11fbd2581;cycles=10;planted=1;d_b=12;m=2;gap=6;k=4,49815327,true,3048448,0.226,49,8,32,0.766,56,26,false
mixed-050-0,mixed,seed=0x617669b11fbd2581;cycles=10;planted=1;d_b=12;m=2;gap=6;k=4,49815327,true,3048448,0.226,49,8,64,1.492,56,26,false
mixed-050-0,mixed,seed=0x617669b11fbd2581;cycles=10;planted=1;d_b=12;m=2;gap=6;k=4,49815327,true,3048448,0.226,49,8,128,2.763,56,26,false
mixed-050-0,mixed,seed=0x617669b11fbd2581;cycles=10;planted=1;d_b=12;m=2;gap=6;k=4,49815327,true,3048448,0.226,49,8,256,4.424,49,8,false
mixed-050-0,mixed,seed=0x617669b11fbd2581;cycles=10;planted=1;d_b=12;m=2;gap=6;k=4,49815327,true,3048448,0.226,49,8,512,7.760,49,8,false
mixed-050-0,mixed,seed=0x617669b11fbd2581;cycles=10;planted=1;d_b=12;m=2;gap=6;k=4,49815327,true,3048448,0.226,49,8,1024,14.010,49,8,false
mixed-050-0,mixed,seed=0x617669b11fbd2581;cycles=10;planted=1;d_b=12;m=2;gap=6;k=4,49815327,true,3048448,0.226,49,8,2048,26.686,49,8,false
mixed-050-0,mixed,seed=0x617669b11fbd2581;cycles=10;planted=1;d_b=12;m=2;gap=6;k=4,49815327,true,3048448,0.226,49,8,4096,53.752,49,8,false
mixed-050-0,mixed,seed=0x617669b11fbd2581;cycles=10;planted=1;d_b=12;m=2;gap=6;k=4,49815327,true,3048448,0.226,49,8,8192,110.020,49,8,false
mixed-050-0,mixed,seed=0x617669b11fbd2581;cycles=10;planted=1;d_b=12;m=2;gap=6;k=4,49815327,true,3048448,0.226,49,8,16384,217.946,49,8,false
dec-151,dec,d_b=12;m=9;gap=1;k=2;q=7;s=49,36,false,38,0.296,98,2,1,0.037,99,98,false
dec-151,dec,d_b=12;m=9;gap=1;k=2;q=7;s=49,36,false,38,0.296,98,2,2,0.052,99,98,false
dec-151,dec,d_b=12;m=9;gap=1;k=2;q=7;s=49,36,false,38,0.296,98,2,4,0.077,99,98,false
dec-151,dec,d_b=12;m=9;gap=1;k=2;q=7;s=49,36,false,38,0.296,98,2,8,0.140,99,98,false
dec-151,dec,d_b=12;m=9;gap=1;k=2;q=7;s=49,36,false,38,0.296,98,2,16,0.253,99,98,false
dec-151,dec,d_b=12;m=9;gap=1;k=2;q=7;s=49,36,false,38,0.296,98,2,32,0.535,98,2,false
dec-151,dec,d_b=12;m=9;gap=1;k=2;q=7;s=49,36,false,38,0.296,98,2,64,0.561,98,2,true
dec-151,dec,d_b=12;m=9;gap=1;k=2;q=7;s=49,36,false,38,0.296,98,2,128,0.563,98,2,true
dec-151,dec,d_b=12;m=9;gap=1;k=2;q=7;s=49,36,false,38,0.296,98,2,256,0.552,98,2,true
dec-151,dec,d_b=12;m=9;gap=1;k=2;q=7;s=49,36,false,38,0.296,98,2,512,0.552,98,2,true
dec-151,dec,d_b=12;m=9;gap=1;k=2;q=7;s=49,36,false,38,0.296,98,2,1024,0.560,98,2,true
dec-151,dec,d_b=12;m=9;gap=1;k=2;q=7;s=49,36,false,38,0.296,98,2,2048,0.554,98,2,true
dec-151,dec,d_b=12;m=9;gap=1;k=2;q=7;s=49,36,false,38,0.296,98,2,4096,0.548,98,2,true
dec-151,dec,d_b=12;m=9;gap=1;k=2;q=7;s=49,36,false,38,0.296,98,2,8192,0.544,98,2,true
dec-151,dec,d_b=12;m=9;gap=1;k=2;q=7;s=49,36,false,38,0.296,98,2,16384,0.546,98,2,true
mixed-050-1,mixed,seed=0x03d28bac925590c7;cycles=10;planted=1;d_b=12;m=2;gap=6;k=4,32963201,false,1981196,0.198,37,6,1,0.123,44,24,false
mixed-050-1,mixed,seed=0x03d28bac925590c7;cycles=10;planted=1;d_b=12;m=2;gap=6;k=4,32963201,false,1981196,0.198,37,6,2,0.143,44,24,false
mixed-050-1,mixed,seed=0x03d28bac925590c7;cycles=10;planted=1;d_b=12;m=2;gap=6;k=4,32963201,false,1981196,0.198,37,6,4,0.174,44,24,false
mixed-050-1,mixed,seed=0x03d28bac925590c7;cycles=10;planted=1;d_b=12;m=2;gap=6;k=4,32963201,false,1981196,0.198,37,6,8,0.263,44,24,false
mixed-050-1,mixed,seed=0x03d28bac925590c7;cycles=10;planted=1;d_b=12;m=2;gap=6;k=4,32963201,false,1981196,0.198,37,6,16,0.422,44,24,false
mixed-050-1,mixed,seed=0x03d28bac925590c7;cycles=10;planted=1;d_b=12;m=2;gap=6;k=4,32963201,false,1981196,0.198,37,6,32,0.732,44,24,false
mixed-050-1,mixed,seed=0x03d28bac925590c7;cycles=10;planted=1;d_b=12;m=2;gap=6;k=4,32963201,false,1981196,0.198,37,6,64,1.410,37,6,false
mixed-050-1,mixed,seed=0x03d28bac925590c7;cycles=10;planted=1;d_b=12;m=2;gap=6;k=4,32963201,false,1981196,0.198,37,6,128,2.542,37,6,false
mixed-050-1,mixed,seed=0x03d28bac925590c7;cycles=10;planted=1;d_b=12;m=2;gap=6;k=4,32963201,false,1981196,0.198,37,6,256,4.026,37,6,false
mixed-050-1,mixed,seed=0x03d28bac925590c7;cycles=10;planted=1;d_b=12;m=2;gap=6;k=4,32963201,false,1981196,0.198,37,6,512,6.571,37,6,false
mixed-050-1,mixed,seed=0x03d28bac925590c7;cycles=10;planted=1;d_b=12;m=2;gap=6;k=4,32963201,false,1981196,0.198,37,6,1024,11.383,37,6,false
mixed-050-1,mixed,seed=0x03d28bac925590c7;cycles=10;planted=1;d_b=12;m=2;gap=6;k=4,32963201,false,1981196,0.198,37,6,2048,21.134,37,6,false
mixed-050-1,mixed,seed=0x03d28bac925590c7;cycles=10;planted=1;d_b=12;m=2;gap=6;k=4,32963201,false,1981196,0.198,37,6,4096,41.212,37,6,false
mixed-050-1,mixed,seed=0x03d28bac925590c7;cycles=10;planted=1;d_b=12;m=2;gap=6;k=4,32963201,false,1981196,0.198,37,6,8192,85.190,37,6,false
mixed-050-1,mixed,seed=0x03d28bac925590c7;cycles=10;planted=1;d_b=12;m=2;gap=6;k=4,32963201,false,1981196,0.198,37,6,16384,171.774,37,6,false
dec-152,dec,d_b=12;m=9;gap=1;k=4;q=7;s=49,60,false,62,0.495,98,2,1,0.036,99,98,false
dec-152,dec,d_b=12;m=9;gap=1;k=4;q=7;s=49,60,false,62,0.495,98,2,2,0.058,99,98,false
dec-152,dec,d_b=12;m=9;gap=1;k=4;q=7;s=49,60,false,62,0.495,98,2,4,0.102,99,98,false
dec-152,dec,d_b=12;m=9;gap=1;k=4;q=7;s=49,60,false,62,0.495,98,2,8,0.149,99,98,false
dec-152,dec,d_b=12;m=9;gap=1;k=4;q=7;s=49,60,false,62,0.495,98,2,16,0.270,99,98,false
dec-152,dec,d_b=12;m=9;gap=1;k=4;q=7;s=49,60,false,62,0.495,98,2,32,0.529,98,2,false
dec-152,dec,d_b=12;m=9;gap=1;k=4;q=7;s=49,60,false,62,0.495,98,2,64,1.043,98,2,true
dec-152,dec,d_b=12;m=9;gap=1;k=4;q=7;s=49,60,false,62,0.495,98,2,128,1.015,98,2,true
dec-152,dec,d_b=12;m=9;gap=1;k=4;q=7;s=49,60,false,62,0.495,98,2,256,1.015,98,2,true
dec-152,dec,d_b=12;m=9;gap=1;k=4;q=7;s=49,60,false,62,0.495,98,2,512,1.015,98,2,true
dec-152,dec,d_b=12;m=9;gap=1;k=4;q=7;s=49,60,false,62,0.495,98,2,1024,1.011,98,2,true
dec-152,dec,d_b=12;m=9;gap=1;k=4;q=7;s=49,60,false,62,0.495,98,2,2048,1.013,98,2,true
dec-152,dec,d_b=12;m=9;gap=1;k=4;q=7;s=49,60,false,62,0.495,98,2,4096,1.037,98,2,true
dec-152,dec,d_b=12;m=9;gap=1;k=4;q=7;s=49,60,false,62,0.495,98,2,8192,1.008,98,2,true
dec-152,dec,d_b=12;m=9;gap=1;k=4;q=7;s=49,60,false,62,0.495,98,2,16384,1.000,98,2,true
mixed-050-2,mixed,seed=0x556dd73d8b6b8b85;cycles=10;planted=1;d_b=12;m=2;gap=6;k=4,32963200,false,1981153,0.140,21,6,1,0.058,28,24,false
mixed-050-2,mixed,seed=0x556dd73d8b6b8b85;cycles=10;planted=1;d_b=12;m=2;gap=6;k=4,32963200,false,1981153,0.140,21,6,2,0.057,28,24,false
mixed-050-2,mixed,seed=0x556dd73d8b6b8b85;cycles=10;planted=1;d_b=12;m=2;gap=6;k=4,32963200,false,1981153,0.140,21,6,4,0.072,28,24,false
mixed-050-2,mixed,seed=0x556dd73d8b6b8b85;cycles=10;planted=1;d_b=12;m=2;gap=6;k=4,32963200,false,1981153,0.140,21,6,8,0.115,28,24,false
mixed-050-2,mixed,seed=0x556dd73d8b6b8b85;cycles=10;planted=1;d_b=12;m=2;gap=6;k=4,32963200,false,1981153,0.140,21,6,16,0.207,28,24,false
mixed-050-2,mixed,seed=0x556dd73d8b6b8b85;cycles=10;planted=1;d_b=12;m=2;gap=6;k=4,32963200,false,1981153,0.140,21,6,32,0.394,28,24,false
mixed-050-2,mixed,seed=0x556dd73d8b6b8b85;cycles=10;planted=1;d_b=12;m=2;gap=6;k=4,32963200,false,1981153,0.140,21,6,64,0.827,21,6,false
mixed-050-2,mixed,seed=0x556dd73d8b6b8b85;cycles=10;planted=1;d_b=12;m=2;gap=6;k=4,32963200,false,1981153,0.140,21,6,128,1.638,21,6,false
mixed-050-2,mixed,seed=0x556dd73d8b6b8b85;cycles=10;planted=1;d_b=12;m=2;gap=6;k=4,32963200,false,1981153,0.140,21,6,256,2.370,21,6,false
mixed-050-2,mixed,seed=0x556dd73d8b6b8b85;cycles=10;planted=1;d_b=12;m=2;gap=6;k=4,32963200,false,1981153,0.140,21,6,512,3.692,21,6,false
mixed-050-2,mixed,seed=0x556dd73d8b6b8b85;cycles=10;planted=1;d_b=12;m=2;gap=6;k=4,32963200,false,1981153,0.140,21,6,1024,6.442,21,6,false
mixed-050-2,mixed,seed=0x556dd73d8b6b8b85;cycles=10;planted=1;d_b=12;m=2;gap=6;k=4,32963200,false,1981153,0.140,21,6,2048,12.123,21,6,false
mixed-050-2,mixed,seed=0x556dd73d8b6b8b85;cycles=10;planted=1;d_b=12;m=2;gap=6;k=4,32963200,false,1981153,0.140,21,6,4096,24.458,21,6,false
mixed-050-2,mixed,seed=0x556dd73d8b6b8b85;cycles=10;planted=1;d_b=12;m=2;gap=6;k=4,32963200,false,1981153,0.140,21,6,8192,53.560,21,6,false
mixed-050-2,mixed,seed=0x556dd73d8b6b8b85;cycles=10;planted=1;d_b=12;m=2;gap=6;k=4,32963200,false,1981153,0.140,21,6,16384,110.228,21,6,false
dec-153,dec,d_b=12;m=9;gap=3;k=1;q=7;s=50,24,false,26,0.175,98,2,1,0.032,101,100,false
dec-153,dec,d_b=12;m=9;gap=3;k=1;q=7;s=50,24,false,26,0.175,98,2,2,0.052,101,100,false
dec-153,dec,d_b=12;m=9;gap=3;k=1;q=7;s=50,24,false,26,0.175,98,2,4,0.075,101,100,false
dec-153,dec,d_b=12;m=9;gap=3;k=1;q=7;s=50,24,false,26,0.175,98,2,8,0.123,101,100,false
dec-153,dec,d_b=12;m=9;gap=3;k=1;q=7;s=50,24,false,26,0.175,98,2,16,0.208,98,2,false
dec-153,dec,d_b=12;m=9;gap=3;k=1;q=7;s=50,24,false,26,0.175,98,2,32,0.349,98,2,true
dec-153,dec,d_b=12;m=9;gap=3;k=1;q=7;s=50,24,false,26,0.175,98,2,64,0.349,98,2,true
dec-153,dec,d_b=12;m=9;gap=3;k=1;q=7;s=50,24,false,26,0.175,98,2,128,0.318,98,2,true
dec-153,dec,d_b=12;m=9;gap=3;k=1;q=7;s=50,24,false,26,0.175,98,2,256,0.314,98,2,true
dec-153,dec,d_b=12;m=9;gap=3;k=1;q=7;s=50,24,false,26,0.175,98,2,512,0.309,98,2,true
dec-153,dec,d_b=12;m=9;gap=3;k=1;q=7;s=50,24,false,26,0.175,98,2,1024,0.307,98,2,true
dec-153,dec,d_b=12;m=9;gap=3;k=1;q=7;s=50,24,false,26,0.175,98,2,2048,0.304,98,2,true
dec-153,dec,d_b=12;m=9;gap=3;k=1;q=7;s=50,24,false,26,0.175,98,2,4096,0.310,98,2,true
dec-153,dec,d_b=12;m=9;gap=3;k=1;q=7;s=50,24,false,26,0.175,98,2,8192,0.302,98,2,true
dec-153,dec,d_b=12;m=9;gap=3;k=1;q=7;s=50,24,false,26,0.175,98,2,16384,0.302,98,2,true
mixed-051-0,mixed,seed=0x4607bb0a0f29634f;cycles=10;planted=1;d_b=16;m=5;gap=2;k=1,32963176,false,1981168,0.252,89,6,1,0.130,92,72,false
mixed-051-0,mixed,seed=0x4607bb0a0f29634f;cycles=10;planted=1;d_b=16;m=5;gap=2;k=1,32963176,false,1981168,0.252,89,6,2,0.146,92,72,false
mixed-051-0,mixed,seed=0x4607bb0a0f29634f;cycles=10;planted=1;d_b=16;m=5;gap=2;k=1,32963176,false,1981168,0.252,89,6,4,0.192,92,72,false
mixed-051-0,mixed,seed=0x4607bb0a0f29634f;cycles=10;planted=1;d_b=16;m=5;gap=2;k=1,32963176,false,1981168,0.252,89,6,8,0.236,92,72,false
mixed-051-0,mixed,seed=0x4607bb0a0f29634f;cycles=10;planted=1;d_b=16;m=5;gap=2;k=1,32963176,false,1981168,0.252,89,6,16,0.387,92,72,false
mixed-051-0,mixed,seed=0x4607bb0a0f29634f;cycles=10;planted=1;d_b=16;m=5;gap=2;k=1,32963176,false,1981168,0.252,89,6,32,0.712,89,6,false
mixed-051-0,mixed,seed=0x4607bb0a0f29634f;cycles=10;planted=1;d_b=16;m=5;gap=2;k=1,32963176,false,1981168,0.252,89,6,64,1.462,89,6,false
mixed-051-0,mixed,seed=0x4607bb0a0f29634f;cycles=10;planted=1;d_b=16;m=5;gap=2;k=1,32963176,false,1981168,0.252,89,6,128,2.775,89,6,false
mixed-051-0,mixed,seed=0x4607bb0a0f29634f;cycles=10;planted=1;d_b=16;m=5;gap=2;k=1,32963176,false,1981168,0.252,89,6,256,4.387,89,6,false
mixed-051-0,mixed,seed=0x4607bb0a0f29634f;cycles=10;planted=1;d_b=16;m=5;gap=2;k=1,32963176,false,1981168,0.252,89,6,512,7.721,89,6,false
mixed-051-0,mixed,seed=0x4607bb0a0f29634f;cycles=10;planted=1;d_b=16;m=5;gap=2;k=1,32963176,false,1981168,0.252,89,6,1024,13.976,89,6,false
mixed-051-0,mixed,seed=0x4607bb0a0f29634f;cycles=10;planted=1;d_b=16;m=5;gap=2;k=1,32963176,false,1981168,0.252,89,6,2048,26.483,89,6,false
mixed-051-0,mixed,seed=0x4607bb0a0f29634f;cycles=10;planted=1;d_b=16;m=5;gap=2;k=1,32963176,false,1981168,0.252,89,6,4096,51.803,89,6,false
mixed-051-0,mixed,seed=0x4607bb0a0f29634f;cycles=10;planted=1;d_b=16;m=5;gap=2;k=1,32963176,false,1981168,0.252,89,6,8192,108.809,89,6,false
mixed-051-0,mixed,seed=0x4607bb0a0f29634f;cycles=10;planted=1;d_b=16;m=5;gap=2;k=1,32963176,false,1981168,0.252,89,6,16384,217.825,89,6,false
dec-154,dec,d_b=12;m=9;gap=3;k=2;q=7;s=50,36,false,38,0.285,98,2,1,0.036,101,100,false
dec-154,dec,d_b=12;m=9;gap=3;k=2;q=7;s=50,36,false,38,0.285,98,2,2,0.057,101,100,false
dec-154,dec,d_b=12;m=9;gap=3;k=2;q=7;s=50,36,false,38,0.285,98,2,4,0.078,101,100,false
dec-154,dec,d_b=12;m=9;gap=3;k=2;q=7;s=50,36,false,38,0.285,98,2,8,0.136,101,100,false
dec-154,dec,d_b=12;m=9;gap=3;k=2;q=7;s=50,36,false,38,0.285,98,2,16,0.250,101,100,false
dec-154,dec,d_b=12;m=9;gap=3;k=2;q=7;s=50,36,false,38,0.285,98,2,32,0.528,98,2,false
dec-154,dec,d_b=12;m=9;gap=3;k=2;q=7;s=50,36,false,38,0.285,98,2,64,0.586,98,2,true
dec-154,dec,d_b=12;m=9;gap=3;k=2;q=7;s=50,36,false,38,0.285,98,2,128,0.567,98,2,true
dec-154,dec,d_b=12;m=9;gap=3;k=2;q=7;s=50,36,false,38,0.285,98,2,256,0.559,98,2,true
dec-154,dec,d_b=12;m=9;gap=3;k=2;q=7;s=50,36,false,38,0.285,98,2,512,0.576,98,2,true
dec-154,dec,d_b=12;m=9;gap=3;k=2;q=7;s=50,36,false,38,0.285,98,2,1024,0.561,98,2,true
dec-154,dec,d_b=12;m=9;gap=3;k=2;q=7;s=50,36,false,38,0.285,98,2,2048,0.563,98,2,true
dec-154,dec,d_b=12;m=9;gap=3;k=2;q=7;s=50,36,false,38,0.285,98,2,4096,0.591,98,2,true
dec-154,dec,d_b=12;m=9;gap=3;k=2;q=7;s=50,36,false,38,0.285,98,2,8192,0.586,98,2,true
dec-154,dec,d_b=12;m=9;gap=3;k=2;q=7;s=50,36,false,38,0.285,98,2,16384,0.551,98,2,true
mixed-051-1,mixed,seed=0x0eaec03ffe00c03c;cycles=10;planted=1;d_b=16;m=5;gap=2;k=1,33,false,35,0.160,67,2,1,0.026,70,68,false
mixed-051-1,mixed,seed=0x0eaec03ffe00c03c;cycles=10;planted=1;d_b=16;m=5;gap=2;k=1,33,false,35,0.160,67,2,2,0.025,70,68,false
mixed-051-1,mixed,seed=0x0eaec03ffe00c03c;cycles=10;planted=1;d_b=16;m=5;gap=2;k=1,33,false,35,0.160,67,2,4,0.044,70,68,false
mixed-051-1,mixed,seed=0x0eaec03ffe00c03c;cycles=10;planted=1;d_b=16;m=5;gap=2;k=1,33,false,35,0.160,67,2,8,0.081,70,68,false
mixed-051-1,mixed,seed=0x0eaec03ffe00c03c;cycles=10;planted=1;d_b=16;m=5;gap=2;k=1,33,false,35,0.160,67,2,16,0.158,70,68,false
mixed-051-1,mixed,seed=0x0eaec03ffe00c03c;cycles=10;planted=1;d_b=16;m=5;gap=2;k=1,33,false,35,0.160,67,2,32,0.368,67,2,false
mixed-051-1,mixed,seed=0x0eaec03ffe00c03c;cycles=10;planted=1;d_b=16;m=5;gap=2;k=1,33,false,35,0.160,67,2,64,0.363,67,2,true
mixed-051-1,mixed,seed=0x0eaec03ffe00c03c;cycles=10;planted=1;d_b=16;m=5;gap=2;k=1,33,false,35,0.160,67,2,128,0.360,67,2,true
mixed-051-1,mixed,seed=0x0eaec03ffe00c03c;cycles=10;planted=1;d_b=16;m=5;gap=2;k=1,33,false,35,0.160,67,2,256,0.351,67,2,true
mixed-051-1,mixed,seed=0x0eaec03ffe00c03c;cycles=10;planted=1;d_b=16;m=5;gap=2;k=1,33,false,35,0.160,67,2,512,0.350,67,2,true
mixed-051-1,mixed,seed=0x0eaec03ffe00c03c;cycles=10;planted=1;d_b=16;m=5;gap=2;k=1,33,false,35,0.160,67,2,1024,0.348,67,2,true
mixed-051-1,mixed,seed=0x0eaec03ffe00c03c;cycles=10;planted=1;d_b=16;m=5;gap=2;k=1,33,false,35,0.160,67,2,2048,0.346,67,2,true
mixed-051-1,mixed,seed=0x0eaec03ffe00c03c;cycles=10;planted=1;d_b=16;m=5;gap=2;k=1,33,false,35,0.160,67,2,4096,0.347,67,2,true
mixed-051-1,mixed,seed=0x0eaec03ffe00c03c;cycles=10;planted=1;d_b=16;m=5;gap=2;k=1,33,false,35,0.160,67,2,8192,0.347,67,2,true
mixed-051-1,mixed,seed=0x0eaec03ffe00c03c;cycles=10;planted=1;d_b=16;m=5;gap=2;k=1,33,false,35,0.160,67,2,16384,0.345,67,2,true
dec-155,dec,d_b=12;m=9;gap=3;k=4;q=7;s=50,60,false,62,0.479,98,2,1,0.037,101,100,false
dec-155,dec,d_b=12;m=9;gap=3;k=4;q=7;s=50,60,false,62,0.479,98,2,2,0.063,101,100,false
dec-155,dec,d_b=12;m=9;gap=3;k=4;q=7;s=50,60,false,62,0.479,98,2,4,0.097,101,100,false
dec-155,dec,d_b=12;m=9;gap=3;k=4;q=7;s=50,60,false,62,0.479,98,2,8,0.156,101,100,false
dec-155,dec,d_b=12;m=9;gap=3;k=4;q=7;s=50,60,false,62,0.479,98,2,16,0.270,101,100,false
dec-155,dec,d_b=12;m=9;gap=3;k=4;q=7;s=50,60,false,62,0.479,98,2,32,0.534,98,2,false
dec-155,dec,d_b=12;m=9;gap=3;k=4;q=7;s=50,60,false,62,0.479,98,2,64,1.037,98,2,true
dec-155,dec,d_b=12;m=9;gap=3;k=4;q=7;s=50,60,false,62,0.479,98,2,128,1.015,98,2,true
dec-155,dec,d_b=12;m=9;gap=3;k=4;q=7;s=50,60,false,62,0.479,98,2,256,1.020,98,2,true
dec-155,dec,d_b=12;m=9;gap=3;k=4;q=7;s=50,60,false,62,0.479,98,2,512,1.009,98,2,true
dec-155,dec,d_b=12;m=9;gap=3;k=4;q=7;s=50,60,false,62,0.479,98,2,1024,1.037,98,2,true
dec-155,dec,d_b=12;m=9;gap=3;k=4;q=7;s=50,60,false,62,0.479,98,2,2048,1.003,98,2,true
dec-155,dec,d_b=12;m=9;gap=3;k=4;q=7;s=50,60,false,62,0.479,98,2,4096,1.003,98,2,true
dec-155,dec,d_b=12;m=9;gap=3;k=4;q=7;s=50,60,false,62,0.479,98,2,8192,0.998,98,2,true
dec-155,dec,d_b=12;m=9;gap=3;k=4;q=7;s=50,60,false,62,0.479,98,2,16384,1.009,98,2,true
mixed-051-2,mixed,seed=0x585ccf9b261fb100;cycles=10;planted=1;d_b=16;m=5;gap=2;k=1,49874397,true,3050496,0.324,90,6,1,0.219,93,72,false
mixed-051-2,mixed,seed=0x585ccf9b261fb100;cycles=10;planted=1;d_b=16;m=5;gap=2;k=1,49874397,true,3050496,0.324,90,6,2,0.219,93,72,false
mixed-051-2,mixed,seed=0x585ccf9b261fb100;cycles=10;planted=1;d_b=16;m=5;gap=2;k=1,49874397,true,3050496,0.324,90,6,4,0.237,93,72,false
mixed-051-2,mixed,seed=0x585ccf9b261fb100;cycles=10;planted=1;d_b=16;m=5;gap=2;k=1,49874397,true,3050496,0.324,90,6,8,0.379,93,72,false
mixed-051-2,mixed,seed=0x585ccf9b261fb100;cycles=10;planted=1;d_b=16;m=5;gap=2;k=1,49874397,true,3050496,0.324,90,6,16,0.608,93,72,false
mixed-051-2,mixed,seed=0x585ccf9b261fb100;cycles=10;planted=1;d_b=16;m=5;gap=2;k=1,49874397,true,3050496,0.324,90,6,32,1.131,93,72,false
mixed-051-2,mixed,seed=0x585ccf9b261fb100;cycles=10;planted=1;d_b=16;m=5;gap=2;k=1,49874397,true,3050496,0.324,90,6,64,2.071,90,6,false
mixed-051-2,mixed,seed=0x585ccf9b261fb100;cycles=10;planted=1;d_b=16;m=5;gap=2;k=1,49874397,true,3050496,0.324,90,6,128,3.927,90,6,false
mixed-051-2,mixed,seed=0x585ccf9b261fb100;cycles=10;planted=1;d_b=16;m=5;gap=2;k=1,49874397,true,3050496,0.324,90,6,256,6.789,90,6,false
mixed-051-2,mixed,seed=0x585ccf9b261fb100;cycles=10;planted=1;d_b=16;m=5;gap=2;k=1,49874397,true,3050496,0.324,90,6,512,11.862,90,6,false
mixed-051-2,mixed,seed=0x585ccf9b261fb100;cycles=10;planted=1;d_b=16;m=5;gap=2;k=1,49874397,true,3050496,0.324,90,6,1024,21.596,90,6,false
mixed-051-2,mixed,seed=0x585ccf9b261fb100;cycles=10;planted=1;d_b=16;m=5;gap=2;k=1,49874397,true,3050496,0.324,90,6,2048,41.284,90,6,false
mixed-051-2,mixed,seed=0x585ccf9b261fb100;cycles=10;planted=1;d_b=16;m=5;gap=2;k=1,49874397,true,3050496,0.324,90,6,4096,80.391,90,6,false
mixed-051-2,mixed,seed=0x585ccf9b261fb100;cycles=10;planted=1;d_b=16;m=5;gap=2;k=1,49874397,true,3050496,0.324,90,6,8192,161.243,90,6,false
mixed-051-2,mixed,seed=0x585ccf9b261fb100;cycles=10;planted=1;d_b=16;m=5;gap=2;k=1,49874397,true,3050496,0.324,90,6,16384,330.533,90,6,false
dec-156,dec,d_b=12;m=9;gap=7;k=1;q=7;s=52,24,false,26,0.190,98,2,1,0.035,105,104,false
dec-156,dec,d_b=12;m=9;gap=7;k=1;q=7;s=52,24,false,26,0.190,98,2,2,0.059,105,104,false
dec-156,dec,d_b=12;m=9;gap=7;k=1;q=7;s=52,24,false,26,0.190,98,2,4,0.079,105,104,false
dec-156,dec,d_b=12;m=9;gap=7;k=1;q=7;s=52,24,false,26,0.190,98,2,8,0.128,105,104,false
dec-156,dec,d_b=12;m=9;gap=7;k=1;q=7;s=52,24,false,26,0.190,98,2,16,0.220,98,2,false
dec-156,dec,d_b=12;m=9;gap=7;k=1;q=7;s=52,24,false,26,0.190,98,2,32,0.327,98,2,true
dec-156,dec,d_b=12;m=9;gap=7;k=1;q=7;s=52,24,false,26,0.190,98,2,64,0.324,98,2,true
dec-156,dec,d_b=12;m=9;gap=7;k=1;q=7;s=52,24,false,26,0.190,98,2,128,0.321,98,2,true
dec-156,dec,d_b=12;m=9;gap=7;k=1;q=7;s=52,24,false,26,0.190,98,2,256,0.314,98,2,true
dec-156,dec,d_b=12;m=9;gap=7;k=1;q=7;s=52,24,false,26,0.190,98,2,512,0.314,98,2,true
dec-156,dec,d_b=12;m=9;gap=7;k=1;q=7;s=52,24,false,26,0.190,98,2,1024,0.312,98,2,true
dec-156,dec,d_b=12;m=9;gap=7;k=1;q=7;s=52,24,false,26,0.190,98,2,2048,0.315,98,2,true
dec-156,dec,d_b=12;m=9;gap=7;k=1;q=7;s=52,24,false,26,0.190,98,2,4096,0.311,98,2,true
dec-156,dec,d_b=12;m=9;gap=7;k=1;q=7;s=52,24,false,26,0.190,98,2,8192,0.314,98,2,true
dec-156,dec,d_b=12;m=9;gap=7;k=1;q=7;s=52,24,false,26,0.190,98,2,16384,0.312,98,2,true
mixed-052-0,mixed,seed=0xed3a9df7cab9685a;cycles=10;planted=2;d_b=4;m=2;gap=1;k=2,32963167,false,1981134,0.109,21,8,1,0.106,23,16,false
mixed-052-0,mixed,seed=0xed3a9df7cab9685a;cycles=10;planted=2;d_b=4;m=2;gap=1;k=2,32963167,false,1981134,0.109,21,8,2,0.104,23,16,false
mixed-052-0,mixed,seed=0xed3a9df7cab9685a;cycles=10;planted=2;d_b=4;m=2;gap=1;k=2,32963167,false,1981134,0.109,21,8,4,0.098,23,16,false
mixed-052-0,mixed,seed=0xed3a9df7cab9685a;cycles=10;planted=2;d_b=4;m=2;gap=1;k=2,32963167,false,1981134,0.109,21,8,8,0.162,23,16,false
mixed-052-0,mixed,seed=0xed3a9df7cab9685a;cycles=10;planted=2;d_b=4;m=2;gap=1;k=2,32963167,false,1981134,0.109,21,8,16,0.274,23,16,false
mixed-052-0,mixed,seed=0xed3a9df7cab9685a;cycles=10;planted=2;d_b=4;m=2;gap=1;k=2,32963167,false,1981134,0.109,21,8,32,0.567,22,12,false
mixed-052-0,mixed,seed=0xed3a9df7cab9685a;cycles=10;planted=2;d_b=4;m=2;gap=1;k=2,32963167,false,1981134,0.109,21,8,64,1.110,21,8,false
mixed-052-0,mixed,seed=0xed3a9df7cab9685a;cycles=10;planted=2;d_b=4;m=2;gap=1;k=2,32963167,false,1981134,0.109,21,8,128,2.340,21,8,false
mixed-052-0,mixed,seed=0xed3a9df7cab9685a;cycles=10;planted=2;d_b=4;m=2;gap=1;k=2,32963167,false,1981134,0.109,21,8,256,3.856,21,8,false
mixed-052-0,mixed,seed=0xed3a9df7cab9685a;cycles=10;planted=2;d_b=4;m=2;gap=1;k=2,32963167,false,1981134,0.109,21,8,512,6.814,21,8,false
mixed-052-0,mixed,seed=0xed3a9df7cab9685a;cycles=10;planted=2;d_b=4;m=2;gap=1;k=2,32963167,false,1981134,0.109,21,8,1024,12.730,21,8,false
mixed-052-0,mixed,seed=0xed3a9df7cab9685a;cycles=10;planted=2;d_b=4;m=2;gap=1;k=2,32963167,false,1981134,0.109,21,8,2048,24.681,21,8,false
mixed-052-0,mixed,seed=0xed3a9df7cab9685a;cycles=10;planted=2;d_b=4;m=2;gap=1;k=2,32963167,false,1981134,0.109,21,8,4096,50.034,21,8,false
mixed-052-0,mixed,seed=0xed3a9df7cab9685a;cycles=10;planted=2;d_b=4;m=2;gap=1;k=2,32963167,false,1981134,0.109,21,8,8192,103.484,21,8,false
mixed-052-0,mixed,seed=0xed3a9df7cab9685a;cycles=10;planted=2;d_b=4;m=2;gap=1;k=2,32963167,false,1981134,0.109,21,8,16384,209.101,21,8,false
dec-157,dec,d_b=12;m=9;gap=7;k=2;q=7;s=52,36,false,38,0.299,98,2,1,0.038,105,104,false
dec-157,dec,d_b=12;m=9;gap=7;k=2;q=7;s=52,36,false,38,0.299,98,2,2,0.055,105,104,false
dec-157,dec,d_b=12;m=9;gap=7;k=2;q=7;s=52,36,false,38,0.299,98,2,4,0.082,105,104,false
dec-157,dec,d_b=12;m=9;gap=7;k=2;q=7;s=52,36,false,38,0.299,98,2,8,0.146,105,104,false
dec-157,dec,d_b=12;m=9;gap=7;k=2;q=7;s=52,36,false,38,0.299,98,2,16,0.260,105,104,false
dec-157,dec,d_b=12;m=9;gap=7;k=2;q=7;s=52,36,false,38,0.299,98,2,32,0.529,98,2,false
dec-157,dec,d_b=12;m=9;gap=7;k=2;q=7;s=52,36,false,38,0.299,98,2,64,0.576,98,2,true
dec-157,dec,d_b=12;m=9;gap=7;k=2;q=7;s=52,36,false,38,0.299,98,2,128,0.574,98,2,true
dec-157,dec,d_b=12;m=9;gap=7;k=2;q=7;s=52,36,false,38,0.299,98,2,256,0.568,98,2,true
dec-157,dec,d_b=12;m=9;gap=7;k=2;q=7;s=52,36,false,38,0.299,98,2,512,0.568,98,2,true
dec-157,dec,d_b=12;m=9;gap=7;k=2;q=7;s=52,36,false,38,0.299,98,2,1024,0.565,98,2,true
dec-157,dec,d_b=12;m=9;gap=7;k=2;q=7;s=52,36,false,38,0.299,98,2,2048,0.566,98,2,true
dec-157,dec,d_b=12;m=9;gap=7;k=2;q=7;s=52,36,false,38,0.299,98,2,4096,0.560,98,2,true
dec-157,dec,d_b=12;m=9;gap=7;k=2;q=7;s=52,36,false,38,0.299,98,2,8192,0.560,98,2,true
dec-157,dec,d_b=12;m=9;gap=7;k=2;q=7;s=52,36,false,38,0.299,98,2,16384,0.562,98,2,true
mixed-052-1,mixed,seed=0x3aeac8ffa0a0ce70;cycles=10;planted=2;d_b=4;m=2;gap=1;k=2,50099584,true,3061760,0.173,23,12,1,0.123,25,20,false
mixed-052-1,mixed,seed=0x3aeac8ffa0a0ce70;cycles=10;planted=2;d_b=4;m=2;gap=1;k=2,50099584,true,3061760,0.173,23,12,2,0.125,25,20,false
mixed-052-1,mixed,seed=0x3aeac8ffa0a0ce70;cycles=10;planted=2;d_b=4;m=2;gap=1;k=2,50099584,true,3061760,0.173,23,12,4,0.143,25,20,false
mixed-052-1,mixed,seed=0x3aeac8ffa0a0ce70;cycles=10;planted=2;d_b=4;m=2;gap=1;k=2,50099584,true,3061760,0.173,23,12,8,0.235,25,20,false
mixed-052-1,mixed,seed=0x3aeac8ffa0a0ce70;cycles=10;planted=2;d_b=4;m=2;gap=1;k=2,50099584,true,3061760,0.173,23,12,16,0.335,25,20,false
mixed-052-1,mixed,seed=0x3aeac8ffa0a0ce70;cycles=10;planted=2;d_b=4;m=2;gap=1;k=2,50099584,true,3061760,0.173,23,12,32,0.581,25,20,false
mixed-052-1,mixed,seed=0x3aeac8ffa0a0ce70;cycles=10;planted=2;d_b=4;m=2;gap=1;k=2,50099584,true,3061760,0.173,23,12,64,1.037,24,16,false
mixed-052-1,mixed,seed=0x3aeac8ffa0a0ce70;cycles=10;planted=2;d_b=4;m=2;gap=1;k=2,50099584,true,3061760,0.173,23,12,128,1.723,24,16,false
mixed-052-1,mixed,seed=0x3aeac8ffa0a0ce70;cycles=10;planted=2;d_b=4;m=2;gap=1;k=2,50099584,true,3061760,0.173,23,12,256,2.529,23,12,false
mixed-052-1,mixed,seed=0x3aeac8ffa0a0ce70;cycles=10;planted=2;d_b=4;m=2;gap=1;k=2,50099584,true,3061760,0.173,23,12,512,4.121,23,12,false
mixed-052-1,mixed,seed=0x3aeac8ffa0a0ce70;cycles=10;planted=2;d_b=4;m=2;gap=1;k=2,50099584,true,3061760,0.173,23,12,1024,7.004,23,12,false
mixed-052-1,mixed,seed=0x3aeac8ffa0a0ce70;cycles=10;planted=2;d_b=4;m=2;gap=1;k=2,50099584,true,3061760,0.173,23,12,2048,12.985,23,12,false
mixed-052-1,mixed,seed=0x3aeac8ffa0a0ce70;cycles=10;planted=2;d_b=4;m=2;gap=1;k=2,50099584,true,3061760,0.173,23,12,4096,24.863,23,12,false
mixed-052-1,mixed,seed=0x3aeac8ffa0a0ce70;cycles=10;planted=2;d_b=4;m=2;gap=1;k=2,50099584,true,3061760,0.173,23,12,8192,53.054,23,12,false
mixed-052-1,mixed,seed=0x3aeac8ffa0a0ce70;cycles=10;planted=2;d_b=4;m=2;gap=1;k=2,50099584,true,3061760,0.173,23,12,16384,106.367,23,12,false
dec-158,dec,d_b=12;m=9;gap=7;k=4;q=7;s=52,60,false,62,0.519,98,2,1,0.038,105,104,false
dec-158,dec,d_b=12;m=9;gap=7;k=4;q=7;s=52,60,false,62,0.519,98,2,2,0.058,105,104,false
dec-158,dec,d_b=12;m=9;gap=7;k=4;q=7;s=52,60,false,62,0.519,98,2,4,0.089,105,104,false
dec-158,dec,d_b=12;m=9;gap=7;k=4;q=7;s=52,60,false,62,0.519,98,2,8,0.150,105,104,false
dec-158,dec,d_b=12;m=9;gap=7;k=4;q=7;s=52,60,false,62,0.519,98,2,16,0.291,105,104,false
dec-158,dec,d_b=12;m=9;gap=7;k=4;q=7;s=52,60,false,62,0.519,98,2,32,0.568,98,2,false
dec-158,dec,d_b=12;m=9;gap=7;k=4;q=7;s=52,60,false,62,0.519,98,2,64,1.107,98,2,true
dec-158,dec,d_b=12;m=9;gap=7;k=4;q=7;s=52,60,false,62,0.519,98,2,128,1.107,98,2,true
dec-158,dec,d_b=12;m=9;gap=7;k=4;q=7;s=52,60,false,62,0.519,98,2,256,1.062,98,2,true
dec-158,dec,d_b=12;m=9;gap=7;k=4;q=7;s=52,60,false,62,0.519,98,2,512,1.062,98,2,true
dec-158,dec,d_b=12;m=9;gap=7;k=4;q=7;s=52,60,false,62,0.519,98,2,1024,1.072,98,2,true
dec-158,dec,d_b=12;m=9;gap=7;k=4;q=7;s=52,60,false,62,0.519,98,2,2048,1.088,98,2,true
dec-158,dec,d_b=12;m=9;gap=7;k=4;q=7;s=52,60,false,62,0.519,98,2,4096,1.075,98,2,true
dec-158,dec,d_b=12;m=9;gap=7;k=4;q=7;s=52,60,false,62,0.519,98,2,8192,1.042,98,2,true
dec-158,dec,d_b=12;m=9;gap=7;k=4;q=7;s=52,60,false,62,0.519,98,2,16384,1.052,98,2,true
mixed-052-2,mixed,seed=0x35cc3f839c49a861;cycles=10;planted=2;d_b=4;m=2;gap=1;k=2,50358514,true,2980864,0.272,56,12,1,0.320,58,20,false
mixed-052-2,mixed,seed=0x35cc3f839c49a861;cycles=10;planted=2;d_b=4;m=2;gap=1;k=2,50358514,true,2980864,0.272,56,12,2,0.333,58,20,false
mixed-052-2,mixed,seed=0x35cc3f839c49a861;cycles=10;planted=2;d_b=4;m=2;gap=1;k=2,50358514,true,2980864,0.272,56,12,4,0.387,58,20,false
mixed-052-2,mixed,seed=0x35cc3f839c49a861;cycles=10;planted=2;d_b=4;m=2;gap=1;k=2,50358514,true,2980864,0.272,56,12,8,0.532,58,20,false
mixed-052-2,mixed,seed=0x35cc3f839c49a861;cycles=10;planted=2;d_b=4;m=2;gap=1;k=2,50358514,true,2980864,0.272,56,12,16,0.892,58,20,false
mixed-052-2,mixed,seed=0x35cc3f839c49a861;cycles=10;planted=2;d_b=4;m=2;gap=1;k=2,50358514,true,2980864,0.272,56,12,32,1.636,58,20,false
mixed-052-2,mixed,seed=0x35cc3f839c49a861;cycles=10;planted=2;d_b=4;m=2;gap=1;k=2,50358514,true,2980864,0.272,56,12,64,3.353,57,16,false
mixed-052-2,mixed,seed=0x35cc3f839c49a861;cycles=10;planted=2;d_b=4;m=2;gap=1;k=2,50358514,true,2980864,0.272,56,12,128,6.661,56,12,false
mixed-052-2,mixed,seed=0x35cc3f839c49a861;cycles=10;planted=2;d_b=4;m=2;gap=1;k=2,50358514,true,2980864,0.272,56,12,256,12.764,56,12,false
mixed-052-2,mixed,seed=0x35cc3f839c49a861;cycles=10;planted=2;d_b=4;m=2;gap=1;k=2,50358514,true,2980864,0.272,56,12,512,23.515,56,12,false
mixed-052-2,mixed,seed=0x35cc3f839c49a861;cycles=10;planted=2;d_b=4;m=2;gap=1;k=2,50358514,true,2980864,0.272,56,12,1024,46.333,56,12,false
mixed-052-2,mixed,seed=0x35cc3f839c49a861;cycles=10;planted=2;d_b=4;m=2;gap=1;k=2,50358514,true,2980864,0.272,56,12,2048,89.982,56,12,false
mixed-052-2,mixed,seed=0x35cc3f839c49a861;cycles=10;planted=2;d_b=4;m=2;gap=1;k=2,50358514,true,2980864,0.272,56,12,4096,181.510,56,12,false
mixed-052-2,mixed,seed=0x35cc3f839c49a861;cycles=10;planted=2;d_b=4;m=2;gap=1;k=2,50358514,true,2980864,0.272,56,12,8192,365.251,56,12,false
mixed-052-2,mixed,seed=0x35cc3f839c49a861;cycles=10;planted=2;d_b=4;m=2;gap=1;k=2,50358514,true,2980864,0.272,56,12,16384,732.356,56,12,false
dec-159,dec,d_b=12;m=9;gap=13;k=1;q=7;s=55,24,false,26,0.207,98,2,1,0.040,111,110,false
dec-159,dec,d_b=12;m=9;gap=13;k=1;q=7;s=55,24,false,26,0.207,98,2,2,0.065,111,110,false
dec-159,dec,d_b=12;m=9;gap=13;k=1;q=7;s=55,24,false,26,0.207,98,2,4,0.083,111,110,false
dec-159,dec,d_b=12;m=9;gap=13;k=1;q=7;s=55,24,false,26,0.207,98,2,8,0.132,111,110,false
dec-159,dec,d_b=12;m=9;gap=13;k=1;q=7;s=55,24,false,26,0.207,98,2,16,0.234,98,2,false
dec-159,dec,d_b=12;m=9;gap=13;k=1;q=7;s=55,24,false,26,0.207,98,2,32,0.330,98,2,true
dec-159,dec,d_b=12;m=9;gap=13;k=1;q=7;s=55,24,false,26,0.207,98,2,64,0.329,98,2,true
dec-159,dec,d_b=12;m=9;gap=13;k=1;q=7;s=55,24,false,26,0.207,98,2,128,0.325,98,2,true
dec-159,dec,d_b=12;m=9;gap=13;k=1;q=7;s=55,24,false,26,0.207,98,2,256,0.319,98,2,true
dec-159,dec,d_b=12;m=9;gap=13;k=1;q=7;s=55,24,false,26,0.207,98,2,512,0.318,98,2,true
dec-159,dec,d_b=12;m=9;gap=13;k=1;q=7;s=55,24,false,26,0.207,98,2,1024,0.316,98,2,true
dec-159,dec,d_b=12;m=9;gap=13;k=1;q=7;s=55,24,false,26,0.207,98,2,2048,0.315,98,2,true
dec-159,dec,d_b=12;m=9;gap=13;k=1;q=7;s=55,24,false,26,0.207,98,2,4096,0.314,98,2,true
dec-159,dec,d_b=12;m=9;gap=13;k=1;q=7;s=55,24,false,26,0.207,98,2,8192,0.321,98,2,true
dec-159,dec,d_b=12;m=9;gap=13;k=1;q=7;s=55,24,false,26,0.207,98,2,16384,0.314,98,2,true
mixed-053-0,mixed,seed=0x90132e9a10dbefb5;cycles=10;planted=2;d_b=8;m=3;gap=2;k=2,26,false,28,0.074,20,2,1,0.017,23,20,false
mixed-053-0,mixed,seed=0x90132e9a10dbefb5;cycles=10;planted=2;d_b=8;m=3;gap=2;k=2,26,false,28,0.074,20,2,2,0.019,23,20,false
mixed-053-0,mixed,seed=0x90132e9a10dbefb5;cycles=10;planted=2;d_b=8;m=3;gap=2;k=2,26,false,28,0.074,20,2,4,0.025,23,20,false
mixed-053-0,mixed,seed=0x90132e9a10dbefb5;cycles=10;planted=2;d_b=8;m=3;gap=2;k=2,26,false,28,0.074,20,2,8,0.052,23,20,false
mixed-053-0,mixed,seed=0x90132e9a10dbefb5;cycles=10;planted=2;d_b=8;m=3;gap=2;k=2,26,false,28,0.074,20,2,16,0.101,20,2,false
mixed-053-0,mixed,seed=0x90132e9a10dbefb5;cycles=10;planted=2;d_b=8;m=3;gap=2;k=2,26,false,28,0.074,20,2,32,0.159,20,2,true
mixed-053-0,mixed,seed=0x90132e9a10dbefb5;cycles=10;planted=2;d_b=8;m=3;gap=2;k=2,26,false,28,0.074,20,2,64,0.163,20,2,true
mixed-053-0,mixed,seed=0x90132e9a10dbefb5;cycles=10;planted=2;d_b=8;m=3;gap=2;k=2,26,false,28,0.074,20,2,128,0.173,20,2,true
mixed-053-0,mixed,seed=0x90132e9a10dbefb5;cycles=10;planted=2;d_b=8;m=3;gap=2;k=2,26,false,28,0.074,20,2,256,0.152,20,2,true
mixed-053-0,mixed,seed=0x90132e9a10dbefb5;cycles=10;planted=2;d_b=8;m=3;gap=2;k=2,26,false,28,0.074,20,2,512,0.156,20,2,true
mixed-053-0,mixed,seed=0x90132e9a10dbefb5;cycles=10;planted=2;d_b=8;m=3;gap=2;k=2,26,false,28,0.074,20,2,1024,0.151,20,2,true
mixed-053-0,mixed,seed=0x90132e9a10dbefb5;cycles=10;planted=2;d_b=8;m=3;gap=2;k=2,26,false,28,0.074,20,2,2048,0.153,20,2,true
mixed-053-0,mixed,seed=0x90132e9a10dbefb5;cycles=10;planted=2;d_b=8;m=3;gap=2;k=2,26,false,28,0.074,20,2,4096,0.150,20,2,true
mixed-053-0,mixed,seed=0x90132e9a10dbefb5;cycles=10;planted=2;d_b=8;m=3;gap=2;k=2,26,false,28,0.074,20,2,8192,0.151,20,2,true
mixed-053-0,mixed,seed=0x90132e9a10dbefb5;cycles=10;planted=2;d_b=8;m=3;gap=2;k=2,26,false,28,0.074,20,2,16384,0.150,20,2,true
dec-160,dec,d_b=12;m=9;gap=13;k=2;q=7;s=55,36,false,38,0.282,98,2,1,0.033,111,110,false
dec-160,dec,d_b=12;m=9;gap=13;k=2;q=7;s=55,36,false,38,0.282,98,2,2,0.053,111,110,false
dec-160,dec,d_b=12;m=9;gap=13;k=2;q=7;s=55,36,false,38,0.282,98,2,4,0.077,111,110,false
dec-160,dec,d_b=12;m=9;gap=13;k=2;q=7;s=55,36,false,38,0.282,98,2,8,0.143,111,110,false
dec-160,dec,d_b=12;m=9;gap=13;k=2;q=7;s=55,36,false,38,0.282,98,2,16,0.267,98,2,false
dec-160,dec,d_b=12;m=9;gap=13;k=2;q=7;s=55,36,false,38,0.282,98,2,32,0.530,98,2,false
dec-160,dec,d_b=12;m=9;gap=13;k=2;q=7;s=55,36,false,38,0.282,98,2,64,0.590,98,2,true
dec-160,dec,d_b=12;m=9;gap=13;k=2;q=7;s=55,36,false,38,0.282,98,2,128,0.579,98,2,true
dec-160,dec,d_b=12;m=9;gap=13;k=2;q=7;s=55,36,false,38,0.282,98,2,256,0.596,98,2,true
dec-160,dec,d_b=12;m=9;gap=13;k=2;q=7;s=55,36,false,38,0.282,98,2,512,0.584,98,2,true
dec-160,dec,d_b=12;m=9;gap=13;k=2;q=7;s=55,36,false,38,0.282,98,2,1024,0.586,98,2,true
dec-160,dec,d_b=12;m=9;gap=13;k=2;q=7;s=55,36,false,38,0.282,98,2,2048,0.620,98,2,true
dec-160,dec,d_b=12;m=9;gap=13;k=2;q=7;s=55,36,false,38,0.282,98,2,4096,0.627,98,2,true
dec-160,dec,d_b=12;m=9;gap=13;k=2;q=7;s=55,36,false,38,0.282,98,2,8192,0.579,98,2,true
dec-160,dec,d_b=12;m=9;gap=13;k=2;q=7;s=55,36,false,38,0.282,98,2,16384,0.578,98,2,true
mixed-053-1,mixed,seed=0xe75817bb6975df6a;cycles=10;planted=2;d_b=8;m=3;gap=2;k=2,49890797,true,3041280,0.207,51,8,1,0.109,57,44,false
mixed-053-1,mixed,seed=0xe75817bb6975df6a;cycles=10;planted=2;d_b=8;m=3;gap=2;k=2,49890797,true,3041280,0.207,51,8,2,0.110,57,44,false
mixed-053-1,mixed,seed=0xe75817bb6975df6a;cycles=10;planted=2;d_b=8;m=3;gap=2;k=2,49890797,true,3041280,0.207,51,8,4,0.103,57,44,false
mixed-053-1,mixed,seed=0xe75817bb6975df6a;cycles=10;planted=2;d_b=8;m=3;gap=2;k=2,49890797,true,3041280,0.207,51,8,8,0.203,57,44,false
mixed-053-1,mixed,seed=0xe75817bb6975df6a;cycles=10;planted=2;d_b=8;m=3;gap=2;k=2,49890797,true,3041280,0.207,51,8,16,0.285,57,44,false
mixed-053-1,mixed,seed=0xe75817bb6975df6a;cycles=10;planted=2;d_b=8;m=3;gap=2;k=2,49890797,true,3041280,0.207,51,8,32,0.494,57,44,false
mixed-053-1,mixed,seed=0xe75817bb6975df6a;cycles=10;planted=2;d_b=8;m=3;gap=2;k=2,49890797,true,3041280,0.207,51,8,64,0.954,54,26,false
mixed-053-1,mixed,seed=0xe75817bb6975df6a;cycles=10;planted=2;d_b=8;m=3;gap=2;k=2,49890797,true,3041280,0.207,51,8,128,1.806,54,26,false
mixed-053-1,mixed,seed=0xe75817bb6975df6a;cycles=10;planted=2;d_b=8;m=3;gap=2;k=2,49890797,true,3041280,0.207,51,8,256,2.617,51,8,false
mixed-053-1,mixed,seed=0xe75817bb6975df6a;cycles=10;planted=2;d_b=8;m=3;gap=2;k=2,49890797,true,3041280,0.207,51,8,512,4.188,51,8,false
mixed-053-1,mixed,seed=0xe75817bb6975df6a;cycles=10;planted=2;d_b=8;m=3;gap=2;k=2,49890797,true,3041280,0.207,51,8,1024,7.222,51,8,false
mixed-053-1,mixed,seed=0xe75817bb6975df6a;cycles=10;planted=2;d_b=8;m=3;gap=2;k=2,49890797,true,3041280,0.207,51,8,2048,13.640,51,8,false
mixed-053-1,mixed,seed=0xe75817bb6975df6a;cycles=10;planted=2;d_b=8;m=3;gap=2;k=2,49890797,true,3041280,0.207,51,8,4096,26.019,51,8,false
mixed-053-1,mixed,seed=0xe75817bb6975df6a;cycles=10;planted=2;d_b=8;m=3;gap=2;k=2,49890797,true,3041280,0.207,51,8,8192,55.264,51,8,false
mixed-053-1,mixed,seed=0xe75817bb6975df6a;cycles=10;planted=2;d_b=8;m=3;gap=2;k=2,49890797,true,3041280,0.207,51,8,16384,112.615,51,8,false
dec-161,dec,d_b=12;m=9;gap=13;k=4;q=7;s=55,60,false,62,0.549,98,2,1,0.040,111,110,false
dec-161,dec,d_b=12;m=9;gap=13;k=4;q=7;s=55,60,false,62,0.549,98,2,2,0.061,111,110,false
dec-161,dec,d_b=12;m=9;gap=13;k=4;q=7;s=55,60,false,62,0.549,98,2,4,0.102,111,110,false
dec-161,dec,d_b=12;m=9;gap=13;k=4;q=7;s=55,60,false,62,0.549,98,2,8,0.160,111,110,false
dec-161,dec,d_b=12;m=9;gap=13;k=4;q=7;s=55,60,false,62,0.549,98,2,16,0.291,111,110,false
dec-161,dec,d_b=12;m=9;gap=13;k=4;q=7;s=55,60,false,62,0.549,98,2,32,0.567,98,2,false
dec-161,dec,d_b=12;m=9;gap=13;k=4;q=7;s=55,60,false,62,0.549,98,2,64,1.113,98,2,true
dec-161,dec,d_b=12;m=9;gap=13;k=4;q=7;s=55,60,false,62,0.549,98,2,128,1.082,98,2,true
dec-161,dec,d_b=12;m=9;gap=13;k=4;q=7;s=55,60,false,62,0.549,98,2,256,1.106,98,2,true
dec-161,dec,d_b=12;m=9;gap=13;k=4;q=7;s=55,60,false,62,0.549,98,2,512,1.081,98,2,true
dec-161,dec,d_b=12;m=9;gap=13;k=4;q=7;s=55,60,false,62,0.549,98,2,1024,1.099,98,2,true
dec-161,dec,d_b=12;m=9;gap=13;k=4;q=7;s=55,60,false,62,0.549,98,2,2048,1.076,98,2,true
dec-161,dec,d_b=12;m=9;gap=13;k=4;q=7;s=55,60,false,62,0.549,98,2,4096,1.093,98,2,true
dec-161,dec,d_b=12;m=9;gap=13;k=4;q=7;s=55,60,false,62,0.549,98,2,8192,1.066,98,2,true
dec-161,dec,d_b=12;m=9;gap=13;k=4;q=7;s=55,60,false,62,0.549,98,2,16384,1.088,98,2,true
mixed-053-2,mixed,seed=0x2977052fda158807;cycles=10;planted=2;d_b=8;m=3;gap=2;k=2,49706423,true,3043328,0.277,52,10,1,0.182,58,46,false
mixed-053-2,mixed,seed=0x2977052fda158807;cycles=10;planted=2;d_b=8;m=3;gap=2;k=2,49706423,true,3043328,0.277,52,10,2,0.189,58,46,false
mixed-053-2,mixed,seed=0x2977052fda158807;cycles=10;planted=2;d_b=8;m=3;gap=2;k=2,49706423,true,3043328,0.277,52,10,4,0.261,58,46,false
mixed-053-2,mixed,seed=0x2977052fda158807;cycles=10;planted=2;d_b=8;m=3;gap=2;k=2,49706423,true,3043328,0.277,52,10,8,0.360,58,46,false
mixed-053-2,mixed,seed=0x2977052fda158807;cycles=10;planted=2;d_b=8;m=3;gap=2;k=2,49706423,true,3043328,0.277,52,10,16,0.536,58,46,false
mixed-053-2,mixed,seed=0x2977052fda158807;cycles=10;planted=2;d_b=8;m=3;gap=2;k=2,49706423,true,3043328,0.277,52,10,32,0.907,58,46,false
mixed-053-2,mixed,seed=0x2977052fda158807;cycles=10;planted=2;d_b=8;m=3;gap=2;k=2,49706423,true,3043328,0.277,52,10,64,1.463,58,46,false
mixed-053-2,mixed,seed=0x2977052fda158807;cycles=10;planted=2;d_b=8;m=3;gap=2;k=2,49706423,true,3043328,0.277,52,10,128,2.601,52,10,false
mixed-053-2,mixed,seed=0x2977052fda158807;cycles=10;planted=2;d_b=8;m=3;gap=2;k=2,49706423,true,3043328,0.277,52,10,256,3.827,52,10,false
mixed-053-2,mixed,seed=0x2977052fda158807;cycles=10;planted=2;d_b=8;m=3;gap=2;k=2,49706423,true,3043328,0.277,52,10,512,5.950,52,10,false
mixed-053-2,mixed,seed=0x2977052fda158807;cycles=10;planted=2;d_b=8;m=3;gap=2;k=2,49706423,true,3043328,0.277,52,10,1024,9.868,52,10,false
mixed-053-2,mixed,seed=0x2977052fda158807;cycles=10;planted=2;d_b=8;m=3;gap=2;k=2,49706423,true,3043328,0.277,52,10,2048,17.017,52,10,false
mixed-053-2,mixed,seed=0x2977052fda158807;cycles=10;planted=2;d_b=8;m=3;gap=2;k=2,49706423,true,3043328,0.277,52,10,4096,30.743,52,10,false
mixed-053-2,mixed,seed=0x2977052fda158807;cycles=10;planted=2;d_b=8;m=3;gap=2;k=2,49706423,true,3043328,0.277,52,10,8192,61.221,52,10,false
mixed-053-2,mixed,seed=0x2977052fda158807;cycles=10;planted=2;d_b=8;m=3;gap=2;k=2,49706423,true,3043328,0.277,52,10,16384,119.061,52,10,false
dec-162,dec,d_b=16;m=2;gap=1;k=1;q=0;s=9,32,false,33,0.101,18,2,1,0.016,19,18,false
dec-162,dec,d_b=16;m=2;gap=1;k=1;q=0;s=9,32,false,33,0.101,18,2,2,0.021,19,18,false
dec-162,dec,d_b=16;m=2;gap=1;k=1;q=0;s=9,32,false,33,0.101,18,2,4,0.028,19,18,false
dec-162,dec,d_b=16;m=2;gap=1;k=1;q=0;s=9,32,false,33,0.101,18,2,8,0.045,19,18,false
dec-162,dec,d_b=16;m=2;gap=1;k=1;q=0;s=9,32,false,33,0.101,18,2,16,0.089,18,2,false
dec-162,dec,d_b=16;m=2;gap=1;k=1;q=0;s=9,32,false,33,0.101,18,2,32,0.197,18,2,true
dec-162,dec,d_b=16;m=2;gap=1;k=1;q=0;s=9,32,false,33,0.101,18,2,64,0.188,18,2,true
dec-162,dec,d_b=16;m=2;gap=1;k=1;q=0;s=9,32,false,33,0.101,18,2,128,0.191,18,2,true
dec-162,dec,d_b=16;m=2;gap=1;k=1;q=0;s=9,32,false,33,0.101,18,2,256,0.187,18,2,true
dec-162,dec,d_b=16;m=2;gap=1;k=1;q=0;s=9,32,false,33,0.101,18,2,512,0.187,18,2,true
dec-162,dec,d_b=16;m=2;gap=1;k=1;q=0;s=9,32,false,33,0.101,18,2,1024,0.187,18,2,true
dec-162,dec,d_b=16;m=2;gap=1;k=1;q=0;s=9,32,false,33,0.101,18,2,2048,0.188,18,2,true
dec-162,dec,d_b=16;m=2;gap=1;k=1;q=0;s=9,32,false,33,0.101,18,2,4096,0.193,18,2,true
dec-162,dec,d_b=16;m=2;gap=1;k=1;q=0;s=9,32,false,33,0.101,18,2,8192,0.187,18,2,true
dec-162,dec,d_b=16;m=2;gap=1;k=1;q=0;s=9,32,false,33,0.101,18,2,16384,0.184,18,2,true
mixed-054-0,mixed,seed=0xf6debe1457f2a311;cycles=10;planted=2;d_b=12;m=2;gap=6;k=4,50101106,true,3061760,0.335,53,8,1,0.186,67,44,false
mixed-054-0,mixed,seed=0xf6debe1457f2a311;cycles=10;planted=2;d_b=12;m=2;gap=6;k=4,50101106,true,3061760,0.335,53,8,2,0.181,67,44,false
mixed-054-0,mixed,seed=0xf6debe1457f2a311;cycles=10;planted=2;d_b=12;m=2;gap=6;k=4,50101106,true,3061760,0.335,53,8,4,0.187,67,44,false
mixed-054-0,mixed,seed=0xf6debe1457f2a311;cycles=10;planted=2;d_b=12;m=2;gap=6;k=4,50101106,true,3061760,0.335,53,8,8,0.278,67,44,false
mixed-054-0,mixed,seed=0xf6debe1457f2a311;cycles=10;planted=2;d_b=12;m=2;gap=6;k=4,50101106,true,3061760,0.335,53,8,16,0.412,67,44,false
mixed-054-0,mixed,seed=0xf6debe1457f2a311;cycles=10;planted=2;d_b=12;m=2;gap=6;k=4,50101106,true,3061760,0.335,53,8,32,0.701,67,44,false
mixed-054-0,mixed,seed=0xf6debe1457f2a311;cycles=10;planted=2;d_b=12;m=2;gap=6;k=4,50101106,true,3061760,0.335,53,8,64,1.353,60,26,false
mixed-054-0,mixed,seed=0xf6debe1457f2a311;cycles=10;planted=2;d_b=12;m=2;gap=6;k=4,50101106,true,3061760,0.335,53,8,128,2.529,53,8,false
mixed-054-0,mixed,seed=0xf6debe1457f2a311;cycles=10;planted=2;d_b=12;m=2;gap=6;k=4,50101106,true,3061760,0.335,53,8,256,4.671,53,8,false
mixed-054-0,mixed,seed=0xf6debe1457f2a311;cycles=10;planted=2;d_b=12;m=2;gap=6;k=4,50101106,true,3061760,0.335,53,8,512,8.217,53,8,false
mixed-054-0,mixed,seed=0xf6debe1457f2a311;cycles=10;planted=2;d_b=12;m=2;gap=6;k=4,50101106,true,3061760,0.335,53,8,1024,14.790,53,8,false
mixed-054-0,mixed,seed=0xf6debe1457f2a311;cycles=10;planted=2;d_b=12;m=2;gap=6;k=4,50101106,true,3061760,0.335,53,8,2048,27.157,53,8,false
mixed-054-0,mixed,seed=0xf6debe1457f2a311;cycles=10;planted=2;d_b=12;m=2;gap=6;k=4,50101106,true,3061760,0.335,53,8,4096,53.323,53,8,false
mixed-054-0,mixed,seed=0xf6debe1457f2a311;cycles=10;planted=2;d_b=12;m=2;gap=6;k=4,50101106,true,3061760,0.335,53,8,8192,107.277,53,8,false
mixed-054-0,mixed,seed=0xf6debe1457f2a311;cycles=10;planted=2;d_b=12;m=2;gap=6;k=4,50101106,true,3061760,0.335,53,8,16384,217.614,53,8,false
dec-163,dec,d_b=16;m=2;gap=1;k=2;q=0;s=9,48,false,49,0.136,18,2,1,0.016,19,18,false
dec-163,dec,d_b=16;m=2;gap=1;k=2;q=0;s=9,48,false,49,0.136,18,2,2,0.021,19,18,false
dec-163,dec,d_b=16;m=2;gap=1;k=2;q=0;s=9,48,false,49,0.136,18,2,4,0.028,19,18,false
dec-163,dec,d_b=16;m=2;gap=1;k=2;q=0;s=9,48,false,49,0.136,18,2,8,0.050,19,18,false
dec-163,dec,d_b=16;m=2;gap=1;k=2;q=0;s=9,48,false,49,0.136,18,2,16,0.085,19,18,false
dec-163,dec,d_b=16;m=2;gap=1;k=2;q=0;s=9,48,false,49,0.136,18,2,32,0.190,18,2,false
dec-163,dec,d_b=16;m=2;gap=1;k=2;q=0;s=9,48,false,49,0.136,18,2,64,0.307,18,2,true
dec-163,dec,d_b=16;m=2;gap=1;k=2;q=0;s=9,48,false,49,0.136,18,2,128,0.299,18,2,true
dec-163,dec,d_b=16;m=2;gap=1;k=2;q=0;s=9,48,false,49,0.136,18,2,256,0.298,18,2,true
dec-163,dec,d_b=16;m=2;gap=1;k=2;q=0;s=9,48,false,49,0.136,18,2,512,0.294,18,2,true
dec-163,dec,d_b=16;m=2;gap=1;k=2;q=0;s=9,48,false,49,0.136,18,2,1024,0.302,18,2,true
dec-163,dec,d_b=16;m=2;gap=1;k=2;q=0;s=9,48,false,49,0.136,18,2,2048,0.292,18,2,true
dec-163,dec,d_b=16;m=2;gap=1;k=2;q=0;s=9,48,false,49,0.136,18,2,4096,0.295,18,2,true
dec-163,dec,d_b=16;m=2;gap=1;k=2;q=0;s=9,48,false,49,0.136,18,2,8192,0.290,18,2,true
dec-163,dec,d_b=16;m=2;gap=1;k=2;q=0;s=9,48,false,49,0.136,18,2,16384,0.307,18,2,true
mixed-054-1,mixed,seed=0x17378656ccb02ab0;cycles=10;planted=2;d_b=12;m=2;gap=6;k=4,50191822,true,3060736,0.313,49,12,1,0.162,63,48,false
mixed-054-1,mixed,seed=0x17378656ccb02ab0;cycles=10;planted=2;d_b=12;m=2;gap=6;k=4,50191822,true,3060736,0.313,49,12,2,0.211,63,48,false
mixed-054-1,mixed,seed=0x17378656ccb02ab0;cycles=10;planted=2;d_b=12;m=2;gap=6;k=4,50191822,true,3060736,0.313,49,12,4,0.211,63,48,false
mixed-054-1,mixed,seed=0x17378656ccb02ab0;cycles=10;planted=2;d_b=12;m=2;gap=6;k=4,50191822,true,3060736,0.313,49,12,8,0.217,63,48,false
mixed-054-1,mixed,seed=0x17378656ccb02ab0;cycles=10;planted=2;d_b=12;m=2;gap=6;k=4,50191822,true,3060736,0.313,49,12,16,0.337,63,48,false
mixed-054-1,mixed,seed=0x17378656ccb02ab0;cycles=10;planted=2;d_b=12;m=2;gap=6;k=4,50191822,true,3060736,0.313,49,12,32,0.633,63,48,false
mixed-054-1,mixed,seed=0x17378656ccb02ab0;cycles=10;planted=2;d_b=12;m=2;gap=6;k=4,50191822,true,3060736,0.313,49,12,64,1.297,49,12,false
mixed-054-1,mixed,seed=0x17378656ccb02ab0;cycles=10;planted=2;d_b=12;m=2;gap=6;k=4,50191822,true,3060736,0.313,49,12,128,2.486,49,12,false
mixed-054-1,mixed,seed=0x17378656ccb02ab0;cycles=10;planted=2;d_b=12;m=2;gap=6;k=4,50191822,true,3060736,0.313,49,12,256,5.334,49,12,false
mixed-054-1,mixed,seed=0x17378656ccb02ab0;cycles=10;planted=2;d_b=12;m=2;gap=6;k=4,50191822,true,3060736,0.313,49,12,512,9.652,49,12,false
mixed-054-1,mixed,seed=0x17378656ccb02ab0;cycles=10;planted=2;d_b=12;m=2;gap=6;k=4,50191822,true,3060736,0.313,49,12,1024,18.055,49,12,false
mixed-054-1,mixed,seed=0x17378656ccb02ab0;cycles=10;planted=2;d_b=12;m=2;gap=6;k=4,50191822,true,3060736,0.313,49,12,2048,35.146,49,12,false
mixed-054-1,mixed,seed=0x17378656ccb02ab0;cycles=10;planted=2;d_b=12;m=2;gap=6;k=4,50191822,true,3060736,0.313,49,12,4096,69.572,49,12,false
mixed-054-1,mixed,seed=0x17378656ccb02ab0;cycles=10;planted=2;d_b=12;m=2;gap=6;k=4,50191822,true,3060736,0.313,49,12,8192,137.684,49,12,false
mixed-054-1,mixed,seed=0x17378656ccb02ab0;cycles=10;planted=2;d_b=12;m=2;gap=6;k=4,50191822,true,3060736,0.313,49,12,16384,286.119,49,12,false
dec-164,dec,d_b=16;m=2;gap=1;k=4;q=0;s=9,80,false,81,0.205,18,2,1,0.020,19,18,false
dec-164,dec,d_b=16;m=2;gap=1;k=4;q=0;s=9,80,false,81,0.205,18,2,2,0.023,19,18,false
dec-164,dec,d_b=16;m=2;gap=1;k=4;q=0;s=9,80,false,81,0.205,18,2,4,0.034,19,18,false
dec-164,dec,d_b=16;m=2;gap=1;k=4;q=0;s=9,80,false,81,0.205,18,2,8,0.062,19,18,false
dec-164,dec,d_b=16;m=2;gap=1;k=4;q=0;s=9,80,false,81,0.205,18,2,16,0.096,19,18,false
dec-164,dec,d_b=16;m=2;gap=1;k=4;q=0;s=9,80,false,81,0.205,18,2,32,0.176,19,18,false
dec-164,dec,d_b=16;m=2;gap=1;k=4;q=0;s=9,80,false,81,0.205,18,2,64,0.407,18,2,false
dec-164,dec,d_b=16;m=2;gap=1;k=4;q=0;s=9,80,false,81,0.205,18,2,128,0.522,18,2,true
dec-164,dec,d_b=16;m=2;gap=1;k=4;q=0;s=9,80,false,81,0.205,18,2,256,0.525,18,2,true
dec-164,dec,d_b=16;m=2;gap=1;k=4;q=0;s=9,80,false,81,0.205,18,2,512,0.511,18,2,true
dec-164,dec,d_b=16;m=2;gap=1;k=4;q=0;s=9,80,false,81,0.205,18,2,1024,0.520,18,2,true
dec-164,dec,d_b=16;m=2;gap=1;k=4;q=0;s=9,80,false,81,0.205,18,2,2048,0.507,18,2,true
dec-164,dec,d_b=16;m=2;gap=1;k=4;q=0;s=9,80,false,81,0.205,18,2,4096,0.515,18,2,true
dec-164,dec,d_b=16;m=2;gap=1;k=4;q=0;s=9,80,false,81,0.205,18,2,8192,0.503,18,2,true
dec-164,dec,d_b=16;m=2;gap=1;k=4;q=0;s=9,80,false,81,0.205,18,2,16384,0.513,18,2,true
mixed-054-2,mixed,seed=0x6126e3f9359142a1;cycles=10;planted=2;d_b=12;m=2;gap=6;k=4,50122146,true,3063808,0.255,39,10,1,0.100,53,46,false
mixed-054-2,mixed,seed=0x6126e3f9359142a1;cycles=10;planted=2;d_b=12;m=2;gap=6;k=4,50122146,true,3063808,0.255,39,10,2,0.108,53,46,false
mixed-054-2,mixed,seed=0x6126e3f9359142a1;cycles=10;planted=2;d_b=12;m=2;gap=6;k=4,50122146,true,3063808,0.255,39,10,4,0.130,53,46,false
mixed-054-2,mixed,seed=0x6126e3f9359142a1;cycles=10;planted=2;d_b=12;m=2;gap=6;k=4,50122146,true,3063808,0.255,39,10,8,0.163,53,46,false
mixed-054-2,mixed,seed=0x6126e3f9359142a1;cycles=10;planted=2;d_b=12;m=2;gap=6;k=4,50122146,true,3063808,0.255,39,10,16,0.289,53,46,false
mixed-054-2,mixed,seed=0x6126e3f9359142a1;cycles=10;planted=2;d_b=12;m=2;gap=6;k=4,50122146,true,3063808,0.255,39,10,32,0.573,53,46,false
mixed-054-2,mixed,seed=0x6126e3f9359142a1;cycles=10;planted=2;d_b=12;m=2;gap=6;k=4,50122146,true,3063808,0.255,39,10,64,1.047,53,46,false
mixed-054-2,mixed,seed=0x6126e3f9359142a1;cycles=10;planted=2;d_b=12;m=2;gap=6;k=4,50122146,true,3063808,0.255,39,10,128,1.968,46,28,false
mixed-054-2,mixed,seed=0x6126e3f9359142a1;cycles=10;planted=2;d_b=12;m=2;gap=6;k=4,50122146,true,3063808,0.255,39,10,256,3.003,46,28,false
mixed-054-2,mixed,seed=0x6126e3f9359142a1;cycles=10;planted=2;d_b=12;m=2;gap=6;k=4,50122146,true,3063808,0.255,39,10,512,5.157,39,10,false
mixed-054-2,mixed,seed=0x6126e3f9359142a1;cycles=10;planted=2;d_b=12;m=2;gap=6;k=4,50122146,true,3063808,0.255,39,10,1024,9.327,39,10,false
mixed-054-2,mixed,seed=0x6126e3f9359142a1;cycles=10;planted=2;d_b=12;m=2;gap=6;k=4,50122146,true,3063808,0.255,39,10,2048,17.729,39,10,false
mixed-054-2,mixed,seed=0x6126e3f9359142a1;cycles=10;planted=2;d_b=12;m=2;gap=6;k=4,50122146,true,3063808,0.255,39,10,4096,34.606,39,10,false
mixed-054-2,mixed,seed=0x6126e3f9359142a1;cycles=10;planted=2;d_b=12;m=2;gap=6;k=4,50122146,true,3063808,0.255,39,10,8192,71.956,39,10,false
mixed-054-2,mixed,seed=0x6126e3f9359142a1;cycles=10;planted=2;d_b=12;m=2;gap=6;k=4,50122146,true,3063808,0.255,39,10,16384,150.089,39,10,false
dec-165,dec,d_b=16;m=2;gap=3;k=1;q=0;s=10,32,false,33,0.094,18,2,1,0.017,21,20,false
dec-165,dec,d_b=16;m=2;gap=3;k=1;q=0;s=10,32,false,33,0.094,18,2,2,0.023,21,20,false
dec-165,dec,d_b=16;m=2;gap=3;k=1;q=0;s=10,32,false,33,0.094,18,2,4,0.032,21,20,false
dec-165,dec,d_b=16;m=2;gap=3;k=1;q=0;s=10,32,false,33,0.094,18,2,8,0.049,21,20,false
dec-165,dec,d_b=16;m=2;gap=3;k=1;q=0;s=10,32,false,33,0.094,18,2,16,0.096,18,2,false
dec-165,dec,d_b=16;m=2;gap=3;k=1;q=0;s=10,32,false,33,0.094,18,2,32,0.212,18,2,true
dec-165,dec,d_b=16;m=2;gap=3;k=1;q=0;s=10,32,false,33,0.094,18,2,64,0.201,18,2,true
dec-165,dec,d_b=16;m=2;gap=3;k=1;q=0;s=10,32,false,33,0.094,18,2,128,0.199,18,2,true
dec-165,dec,d_b=16;m=2;gap=3;k=1;q=0;s=10,32,false,33,0.094,18,2,256,0.196,18,2,true
dec-165,dec,d_b=16;m=2;gap=3;k=1;q=0;s=10,32,false,33,0.094,18,2,512,0.194,18,2,true
dec-165,dec,d_b=16;m=2;gap=3;k=1;q=0;s=10,32,false,33,0.094,18,2,1024,0.194,18,2,true
dec-165,dec,d_b=16;m=2;gap=3;k=1;q=0;s=10,32,false,33,0.094,18,2,2048,0.194,18,2,true
dec-165,dec,d_b=16;m=2;gap=3;k=1;q=0;s=10,32,false,33,0.094,18,2,4096,0.192,18,2,true
dec-165,dec,d_b=16;m=2;gap=3;k=1;q=0;s=10,32,false,33,0.094,18,2,8192,0.200,18,2,true
dec-165,dec,d_b=16;m=2;gap=3;k=1;q=0;s=10,32,false,33,0.094,18,2,16384,0.191,18,2,true
mixed-055-0,mixed,seed=0xa2bc454c741015a0;cycles=10;planted=2;d_b=16;m=5;gap=2;k=1,50017256,true,3058688,0.409,147,10,1,0.130,153,142,false
mixed-055-0,mixed,seed=0xa2bc454c741015a0;cycles=10;planted=2;d_b=16;m=5;gap=2;k=1,50017256,true,3058688,0.409,147,10,2,0.142,153,142,false
mixed-055-0,mixed,seed=0xa2bc454c741015a0;cycles=10;planted=2;d_b=16;m=5;gap=2;k=1,50017256,true,3058688,0.409,147,10,4,0.153,153,142,false
mixed-055-0,mixed,seed=0xa2bc454c741015a0;cycles=10;planted=2;d_b=16;m=5;gap=2;k=1,50017256,true,3058688,0.409,147,10,8,0.203,153,142,false
mixed-055-0,mixed,seed=0xa2bc454c741015a0;cycles=10;planted=2;d_b=16;m=5;gap=2;k=1,50017256,true,3058688,0.409,147,10,16,0.300,153,142,false
mixed-055-0,mixed,seed=0xa2bc454c741015a0;cycles=10;planted=2;d_b=16;m=5;gap=2;k=1,50017256,true,3058688,0.409,147,10,32,0.544,153,142,false
mixed-055-0,mixed,seed=0xa2bc454c741015a0;cycles=10;planted=2;d_b=16;m=5;gap=2;k=1,50017256,true,3058688,0.409,147,10,64,1.037,153,142,false
mixed-055-0,mixed,seed=0xa2bc454c741015a0;cycles=10;planted=2;d_b=16;m=5;gap=2;k=1,50017256,true,3058688,0.409,147,10,128,2.066,147,10,false
mixed-055-0,mixed,seed=0xa2bc454c741015a0;cycles=10;planted=2;d_b=16;m=5;gap=2;k=1,50017256,true,3058688,0.409,147,10,256,3.190,147,10,false
mixed-055-0,mixed,seed=0xa2bc454c741015a0;cycles=10;planted=2;d_b=16;m=5;gap=2;k=1,50017256,true,3058688,0.409,147,10,512,4.993,147,10,false
mixed-055-0,mixed,seed=0xa2bc454c741015a0;cycles=10;planted=2;d_b=16;m=5;gap=2;k=1,50017256,true,3058688,0.409,147,10,1024,8.325,147,10,false
mixed-055-0,mixed,seed=0xa2bc454c741015a0;cycles=10;planted=2;d_b=16;m=5;gap=2;k=1,50017256,true,3058688,0.409,147,10,2048,15.181,147,10,false
mixed-055-0,mixed,seed=0xa2bc454c741015a0;cycles=10;planted=2;d_b=16;m=5;gap=2;k=1,50017256,true,3058688,0.409,147,10,4096,29.845,147,10,false
mixed-055-0,mixed,seed=0xa2bc454c741015a0;cycles=10;planted=2;d_b=16;m=5;gap=2;k=1,50017256,true,3058688,0.409,147,10,8192,60.266,147,10,false
mixed-055-0,mixed,seed=0xa2bc454c741015a0;cycles=10;planted=2;d_b=16;m=5;gap=2;k=1,50017256,true,3058688,0.409,147,10,16384,120.198,147,10,false
dec-166,dec,d_b=16;m=2;gap=3;k=2;q=0;s=10,48,false,49,0.127,18,2,1,0.015,21,20,false
dec-166,dec,d_b=16;m=2;gap=3;k=2;q=0;s=10,48,false,49,0.127,18,2,2,0.023,21,20,false
dec-166,dec,d_b=16;m=2;gap=3;k=2;q=0;s=10,48,false,49,0.127,18,2,4,0.029,21,20,false
dec-166,dec,d_b=16;m=2;gap=3;k=2;q=0;s=10,48,false,49,0.127,18,2,8,0.053,21,20,false
dec-166,dec,d_b=16;m=2;gap=3;k=2;q=0;s=10,48,false,49,0.127,18,2,16,0.089,21,20,false
dec-166,dec,d_b=16;m=2;gap=3;k=2;q=0;s=10,48,false,49,0.127,18,2,32,0.205,18,2,false
dec-166,dec,d_b=16;m=2;gap=3;k=2;q=0;s=10,48,false,49,0.127,18,2,64,0.312,18,2,true
dec-166,dec,d_b=16;m=2;gap=3;k=2;q=0;s=10,48,false,49,0.127,18,2,128,0.312,18,2,true
dec-166,dec,d_b=16;m=2;gap=3;k=2;q=0;s=10,48,false,49,0.127,18,2,256,0.304,18,2,true
dec-166,dec,d_b=16;m=2;gap=3;k=2;q=0;s=10,48,false,49,0.127,18,2,512,0.310,18,2,true
dec-166,dec,d_b=16;m=2;gap=3;k=2;q=0;s=10,48,false,49,0.127,18,2,1024,0.312,18,2,true
dec-166,dec,d_b=16;m=2;gap=3;k=2;q=0;s=10,48,false,49,0.127,18,2,2048,0.311,18,2,true
dec-166,dec,d_b=16;m=2;gap=3;k=2;q=0;s=10,48,false,49,0.127,18,2,4096,0.333,18,2,true
dec-166,dec,d_b=16;m=2;gap=3;k=2;q=0;s=10,48,false,49,0.127,18,2,8192,0.307,18,2,true
dec-166,dec,d_b=16;m=2;gap=3;k=2;q=0;s=10,48,false,49,0.127,18,2,16384,0.321,18,2,true
mixed-055-1,mixed,seed=0xb78c982bb76362c4;cycles=10;planted=2;d_b=16;m=5;gap=2;k=1,32963203,false,1981158,0.327,136,6,1,0.079,142,138,false
mixed-055-1,mixed,seed=0xb78c982bb76362c4;cycles=10;planted=2;d_b=16;m=5;gap=2;k=1,32963203,false,1981158,0.327,136,6,2,0.074,142,138,false
mixed-055-1,mixed,seed=0xb78c982bb76362c4;cycles=10;planted=2;d_b=16;m=5;gap=2;k=1,32963203,false,1981158,0.327,136,6,4,0.101,142,138,false
mixed-055-1,mixed,seed=0xb78c982bb76362c4;cycles=10;planted=2;d_b=16;m=5;gap=2;k=1,32963203,false,1981158,0.327,136,6,8,0.144,142,138,false
mixed-055-1,mixed,seed=0xb78c982bb76362c4;cycles=10;planted=2;d_b=16;m=5;gap=2;k=1,32963203,false,1981158,0.327,136,6,16,0.235,142,138,false
mixed-055-1,mixed,seed=0xb78c982bb76362c4;cycles=10;planted=2;d_b=16;m=5;gap=2;k=1,32963203,false,1981158,0.327,136,6,32,0.423,139,72,false
mixed-055-1,mixed,seed=0xb78c982bb76362c4;cycles=10;planted=2;d_b=16;m=5;gap=2;k=1,32963203,false,1981158,0.327,136,6,64,0.777,139,72,false
mixed-055-1,mixed,seed=0xb78c982bb76362c4;cycles=10;planted=2;d_b=16;m=5;gap=2;k=1,32963203,false,1981158,0.327,136,6,128,1.763,136,6,false
mixed-055-1,mixed,seed=0xb78c982bb76362c4;cycles=10;planted=2;d_b=16;m=5;gap=2;k=1,32963203,false,1981158,0.327,136,6,256,2.591,136,6,false
mixed-055-1,mixed,seed=0xb78c982bb76362c4;cycles=10;planted=2;d_b=16;m=5;gap=2;k=1,32963203,false,1981158,0.327,136,6,512,3.921,136,6,false
mixed-055-1,mixed,seed=0xb78c982bb76362c4;cycles=10;planted=2;d_b=16;m=5;gap=2;k=1,32963203,false,1981158,0.327,136,6,1024,6.715,136,6,false
mixed-055-1,mixed,seed=0xb78c982bb76362c4;cycles=10;planted=2;d_b=16;m=5;gap=2;k=1,32963203,false,1981158,0.327,136,6,2048,12.443,136,6,false
mixed-055-1,mixed,seed=0xb78c982bb76362c4;cycles=10;planted=2;d_b=16;m=5;gap=2;k=1,32963203,false,1981158,0.327,136,6,4096,24.397,136,6,false
mixed-055-1,mixed,seed=0xb78c982bb76362c4;cycles=10;planted=2;d_b=16;m=5;gap=2;k=1,32963203,false,1981158,0.327,136,6,8192,53.334,136,6,false
mixed-055-1,mixed,seed=0xb78c982bb76362c4;cycles=10;planted=2;d_b=16;m=5;gap=2;k=1,32963203,false,1981158,0.327,136,6,16384,107.983,136,6,false
dec-167,dec,d_b=16;m=2;gap=3;k=4;q=0;s=10,80,false,81,0.192,18,2,1,0.017,21,20,false
dec-167,dec,d_b=16;m=2;gap=3;k=4;q=0;s=10,80,false,81,0.192,18,2,2,0.022,21,20,false
dec-167,dec,d_b=16;m=2;gap=3;k=4;q=0;s=10,80,false,81,0.192,18,2,4,0.034,21,20,false
dec-167,dec,d_b=16;m=2;gap=3;k=4;q=0;s=10,80,false,81,0.192,18,2,8,0.053,21,20,false
dec-167,dec,d_b=16;m=2;gap=3;k=4;q=0;s=10,80,false,81,0.192,18,2,16,0.092,21,20,false
dec-167,dec,d_b=16;m=2;gap=3;k=4;q=0;s=10,80,false,81,0.192,18,2,32,0.181,21,20,false
dec-167,dec,d_b=16;m=2;gap=3;k=4;q=0;s=10,80,false,81,0.192,18,2,64,0.420,18,2,false
dec-167,dec,d_b=16;m=2;gap=3;k=4;q=0;s=10,80,false,81,0.192,18,2,128,0.546,18,2,true
dec-167,dec,d_b=16;m=2;gap=3;k=4;q=0;s=10,80,false,81,0.192,18,2,256,0.544,18,2,true
dec-167,dec,d_b=16;m=2;gap=3;k=4;q=0;s=10,80,false,81,0.192,18,2,512,0.537,18,2,true
dec-167,dec,d_b=16;m=2;gap=3;k=4;q=0;s=10,80,false,81,0.192,18,2,1024,0.537,18,2,true
dec-167,dec,d_b=16;m=2;gap=3;k=4;q=0;s=10,80,false,81,0.192,18,2,2048,0.532,18,2,true
dec-167,dec,d_b=16;m=2;gap=3;k=4;q=0;s=10,80,false,81,0.192,18,2,4096,0.535,18,2,true
dec-167,dec,d_b=16;m=2;gap=3;k=4;q=0;s=10,80,false,81,0.192,18,2,8192,0.536,18,2,true
dec-167,dec,d_b=16;m=2;gap=3;k=4;q=0;s=10,80,false,81,0.192,18,2,16384,0.533,18,2,true
mixed-055-2,mixed,seed=0xb59556f955ff90c7;cycles=10;planted=2;d_b=16;m=5;gap=2;k=1,49803684,true,3047424,0.366,139,8,1,0.116,145,140,false
mixed-055-2,mixed,seed=0xb59556f955ff90c7;cycles=10;planted=2;d_b=16;m=5;gap=2;k=1,49803684,true,3047424,0.366,139,8,2,0.128,145,140,false
mixed-055-2,mixed,seed=0xb59556f955ff90c7;cycles=10;planted=2;d_b=16;m=5;gap=2;k=1,49803684,true,3047424,0.366,139,8,4,0.146,145,140,false
mixed-055-2,mixed,seed=0xb59556f955ff90c7;cycles=10;planted=2;d_b=16;m=5;gap=2;k=1,49803684,true,3047424,0.366,139,8,8,0.189,145,140,false
mixed-055-2,mixed,seed=0xb59556f955ff90c7;cycles=10;planted=2;d_b=16;m=5;gap=2;k=1,49803684,true,3047424,0.366,139,8,16,0.305,145,140,false
mixed-055-2,mixed,seed=0xb59556f955ff90c7;cycles=10;planted=2;d_b=16;m=5;gap=2;k=1,49803684,true,3047424,0.366,139,8,32,0.540,145,140,false
mixed-055-2,mixed,seed=0xb59556f955ff90c7;cycles=10;planted=2;d_b=16;m=5;gap=2;k=1,49803684,true,3047424,0.366,139,8,64,0.922,145,140,false
mixed-055-2,mixed,seed=0xb59556f955ff90c7;cycles=10;planted=2;d_b=16;m=5;gap=2;k=1,49803684,true,3047424,0.366,139,8,128,1.824,142,74,false
mixed-055-2,mixed,seed=0xb59556f955ff90c7;cycles=10;planted=2;d_b=16;m=5;gap=2;k=1,49803684,true,3047424,0.366,139,8,256,2.687,142,74,false
mixed-055-2,mixed,seed=0xb59556f955ff90c7;cycles=10;planted=2;d_b=16;m=5;gap=2;k=1,49803684,true,3047424,0.366,139,8,512,4.220,139,8,false
mixed-055-2,mixed,seed=0xb59556f955ff90c7;cycles=10;planted=2;d_b=16;m=5;gap=2;k=1,49803684,true,3047424,0.366,139,8,1024,7.060,139,8,false
mixed-055-2,mixed,seed=0xb59556f955ff90c7;cycles=10;planted=2;d_b=16;m=5;gap=2;k=1,49803684,true,3047424,0.366,139,8,2048,12.809,139,8,false
mixed-055-2,mixed,seed=0xb59556f955ff90c7;cycles=10;planted=2;d_b=16;m=5;gap=2;k=1,49803684,true,3047424,0.366,139,8,4096,24.704,139,8,false
mixed-055-2,mixed,seed=0xb59556f955ff90c7;cycles=10;planted=2;d_b=16;m=5;gap=2;k=1,49803684,true,3047424,0.366,139,8,8192,51.917,139,8,false
mixed-055-2,mixed,seed=0xb59556f955ff90c7;cycles=10;planted=2;d_b=16;m=5;gap=2;k=1,49803684,true,3047424,0.366,139,8,16384,105.151,139,8,false
dec-168,dec,d_b=16;m=2;gap=7;k=1;q=0;s=12,32,false,33,0.089,18,2,1,0.016,25,24,false
dec-168,dec,d_b=16;m=2;gap=7;k=1;q=0;s=12,32,false,33,0.089,18,2,2,0.023,25,24,false
dec-168,dec,d_b=16;m=2;gap=7;k=1;q=0;s=12,32,false,33,0.089,18,2,4,0.031,25,24,false
dec-168,dec,d_b=16;m=2;gap=7;k=1;q=0;s=12,32,false,33,0.089,18,2,8,0.052,25,24,false
dec-168,dec,d_b=16;m=2;gap=7;k=1;q=0;s=12,32,false,33,0.089,18,2,16,0.107,18,2,false
dec-168,dec,d_b=16;m=2;gap=7;k=1;q=0;s=12,32,false,33,0.089,18,2,32,0.223,18,2,true
dec-168,dec,d_b=16;m=2;gap=7;k=1;q=0;s=12,32,false,33,0.089,18,2,64,0.223,18,2,true
dec-168,dec,d_b=16;m=2;gap=7;k=1;q=0;s=12,32,false,33,0.089,18,2,128,0.236,18,2,true
dec-168,dec,d_b=16;m=2;gap=7;k=1;q=0;s=12,32,false,33,0.089,18,2,256,0.211,18,2,true
dec-168,dec,d_b=16;m=2;gap=7;k=1;q=0;s=12,32,false,33,0.089,18,2,512,0.218,18,2,true
dec-168,dec,d_b=16;m=2;gap=7;k=1;q=0;s=12,32,false,33,0.089,18,2,1024,0.209,18,2,true
dec-168,dec,d_b=16;m=2;gap=7;k=1;q=0;s=12,32,false,33,0.089,18,2,2048,0.212,18,2,true
dec-168,dec,d_b=16;m=2;gap=7;k=1;q=0;s=12,32,false,33,0.089,18,2,4096,0.209,18,2,true
dec-168,dec,d_b=16;m=2;gap=7;k=1;q=0;s=12,32,false,33,0.089,18,2,8192,0.210,18,2,true
dec-168,dec,d_b=16;m=2;gap=7;k=1;q=0;s=12,32,false,33,0.089,18,2,16384,0.207,18,2,true
mixed-056-0,mixed,seed=0xd52abcf54d1ea1b2;cycles=10;planted=3;d_b=4;m=2;gap=1;k=2,27,false,29,0.051,15,4,1,0.017,17,12,false
mixed-056-0,mixed,seed=0xd52abcf54d1ea1b2;cycles=10;planted=3;d_b=4;m=2;gap=1;k=2,27,false,29,0.051,15,4,2,0.021,17,12,false
mixed-056-0,mixed,seed=0xd52abcf54d1ea1b2;cycles=10;planted=3;d_b=4;m=2;gap=1;k=2,27,false,29,0.051,15,4,4,0.023,17,12,false
mixed-056-0,mixed,seed=0xd52abcf54d1ea1b2;cycles=10;planted=3;d_b=4;m=2;gap=1;k=2,27,false,29,0.051,15,4,8,0.037,17,12,false
mixed-056-0,mixed,seed=0xd52abcf54d1ea1b2;cycles=10;planted=3;d_b=4;m=2;gap=1;k=2,27,false,29,0.051,15,4,16,0.069,15,4,false
mixed-056-0,mixed,seed=0xd52abcf54d1ea1b2;cycles=10;planted=3;d_b=4;m=2;gap=1;k=2,27,false,29,0.051,15,4,32,0.105,15,4,true
mixed-056-0,mixed,seed=0xd52abcf54d1ea1b2;cycles=10;planted=3;d_b=4;m=2;gap=1;k=2,27,false,29,0.051,15,4,64,0.104,15,4,true
mixed-056-0,mixed,seed=0xd52abcf54d1ea1b2;cycles=10;planted=3;d_b=4;m=2;gap=1;k=2,27,false,29,0.051,15,4,128,0.102,15,4,true
mixed-056-0,mixed,seed=0xd52abcf54d1ea1b2;cycles=10;planted=3;d_b=4;m=2;gap=1;k=2,27,false,29,0.051,15,4,256,0.101,15,4,true
mixed-056-0,mixed,seed=0xd52abcf54d1ea1b2;cycles=10;planted=3;d_b=4;m=2;gap=1;k=2,27,false,29,0.051,15,4,512,0.100,15,4,true
mixed-056-0,mixed,seed=0xd52abcf54d1ea1b2;cycles=10;planted=3;d_b=4;m=2;gap=1;k=2,27,false,29,0.051,15,4,1024,0.101,15,4,true
mixed-056-0,mixed,seed=0xd52abcf54d1ea1b2;cycles=10;planted=3;d_b=4;m=2;gap=1;k=2,27,false,29,0.051,15,4,2048,0.098,15,4,true
mixed-056-0,mixed,seed=0xd52abcf54d1ea1b2;cycles=10;planted=3;d_b=4;m=2;gap=1;k=2,27,false,29,0.051,15,4,4096,0.100,15,4,true
mixed-056-0,mixed,seed=0xd52abcf54d1ea1b2;cycles=10;planted=3;d_b=4;m=2;gap=1;k=2,27,false,29,0.051,15,4,8192,0.099,15,4,true
mixed-056-0,mixed,seed=0xd52abcf54d1ea1b2;cycles=10;planted=3;d_b=4;m=2;gap=1;k=2,27,false,29,0.051,15,4,16384,0.100,15,4,true
dec-169,dec,d_b=16;m=2;gap=7;k=2;q=0;s=12,48,false,49,0.103,18,2,1,0.014,25,24,false
dec-169,dec,d_b=16;m=2;gap=7;k=2;q=0;s=12,48,false,49,0.103,18,2,2,0.020,25,24,false
dec-169,dec,d_b=16;m=2;gap=7;k=2;q=0;s=12,48,false,49,0.103,18,2,4,0.029,25,24,false
dec-169,dec,d_b=16;m=2;gap=7;k=2;q=0;s=12,48,false,49,0.103,18,2,8,0.052,25,24,false
dec-169,dec,d_b=16;m=2;gap=7;k=2;q=0;s=12,48,false,49,0.103,18,2,16,0.104,18,2,false
dec-169,dec,d_b=16;m=2;gap=7;k=2;q=0;s=12,48,false,49,0.103,18,2,32,0.221,18,2,false
dec-169,dec,d_b=16;m=2;gap=7;k=2;q=0;s=12,48,false,49,0.103,18,2,64,0.341,18,2,true
dec-169,dec,d_b=16;m=2;gap=7;k=2;q=0;s=12,48,false,49,0.103,18,2,128,0.342,18,2,true
dec-169,dec,d_b=16;m=2;gap=7;k=2;q=0;s=12,48,false,49,0.103,18,2,256,0.337,18,2,true
dec-169,dec,d_b=16;m=2;gap=7;k=2;q=0;s=12,48,false,49,0.103,18,2,512,0.336,18,2,true
dec-169,dec,d_b=16;m=2;gap=7;k=2;q=0;s=12,48,false,49,0.103,18,2,1024,0.354,18,2,true
dec-169,dec,d_b=16;m=2;gap=7;k=2;q=0;s=12,48,false,49,0.103,18,2,2048,0.333,18,2,true
dec-169,dec,d_b=16;m=2;gap=7;k=2;q=0;s=12,48,false,49,0.103,18,2,4096,0.336,18,2,true
dec-169,dec,d_b=16;m=2;gap=7;k=2;q=0;s=12,48,false,49,0.103,18,2,8192,0.331,18,2,true
dec-169,dec,d_b=16;m=2;gap=7;k=2;q=0;s=12,48,false,49,0.103,18,2,16384,0.336,18,2,true
mixed-056-1,mixed,seed=0x7d1ce9d8e98567a8;cycles=10;planted=3;d_b=4;m=2;gap=1;k=2,14,false,15,0.027,8,2,1,0.011,9,6,false
mixed-056-1,mixed,seed=0x7d1ce9d8e98567a8;cycles=10;planted=3;d_b=4;m=2;gap=1;k=2,14,false,15,0.027,8,2,2,0.013,9,6,false
mixed-056-1,mixed,seed=0x7d1ce9d8e98567a8;cycles=10;planted=3;d_b=4;m=2;gap=1;k=2,14,false,15,0.027,8,2,4,0.017,9,6,false
mixed-056-1,mixed,seed=0x7d1ce9d8e98567a8;cycles=10;planted=3;d_b=4;m=2;gap=1;k=2,14,false,15,0.027,8,2,8,0.034,8,2,false
mixed-056-1,mixed,seed=0x7d1ce9d8e98567a8;cycles=10;planted=3;d_b=4;m=2;gap=1;k=2,14,false,15,0.027,8,2,16,0.056,8,2,true
mixed-056-1,mixed,seed=0x7d1ce9d8e98567a8;cycles=10;planted=3;d_b=4;m=2;gap=1;k=2,14,false,15,0.027,8,2,32,0.055,8,2,true
mixed-056-1,mixed,seed=0x7d1ce9d8e98567a8;cycles=10;planted=3;d_b=4;m=2;gap=1;k=2,14,false,15,0.027,8,2,64,0.054,8,2,true
mixed-056-1,mixed,seed=0x7d1ce9d8e98567a8;cycles=10;planted=3;d_b=4;m=2;gap=1;k=2,14,false,15,0.027,8,2,128,0.053,8,2,true
mixed-056-1,mixed,seed=0x7d1ce9d8e98567a8;cycles=10;planted=3;d_b=4;m=2;gap=1;k=2,14,false,15,0.027,8,2,256,0.053,8,2,true
mixed-056-1,mixed,seed=0x7d1ce9d8e98567a8;cycles=10;planted=3;d_b=4;m=2;gap=1;k=2,14,false,15,0.027,8,2,512,0.053,8,2,true
mixed-056-1,mixed,seed=0x7d1ce9d8e98567a8;cycles=10;planted=3;d_b=4;m=2;gap=1;k=2,14,false,15,0.027,8,2,1024,0.053,8,2,true
mixed-056-1,mixed,seed=0x7d1ce9d8e98567a8;cycles=10;planted=3;d_b=4;m=2;gap=1;k=2,14,false,15,0.027,8,2,2048,0.052,8,2,true
mixed-056-1,mixed,seed=0x7d1ce9d8e98567a8;cycles=10;planted=3;d_b=4;m=2;gap=1;k=2,14,false,15,0.027,8,2,4096,0.052,8,2,true
mixed-056-1,mixed,seed=0x7d1ce9d8e98567a8;cycles=10;planted=3;d_b=4;m=2;gap=1;k=2,14,false,15,0.027,8,2,8192,0.052,8,2,true
mixed-056-1,mixed,seed=0x7d1ce9d8e98567a8;cycles=10;planted=3;d_b=4;m=2;gap=1;k=2,14,false,15,0.027,8,2,16384,0.052,8,2,true
dec-170,dec,d_b=16;m=2;gap=7;k=4;q=0;s=12,80,false,81,0.156,18,2,1,0.017,25,24,false
dec-170,dec,d_b=16;m=2;gap=7;k=4;q=0;s=12,80,false,81,0.156,18,2,2,0.022,25,24,false
dec-170,dec,d_b=16;m=2;gap=7;k=4;q=0;s=12,80,false,81,0.156,18,2,4,0.035,25,24,false
dec-170,dec,d_b=16;m=2;gap=7;k=4;q=0;s=12,80,false,81,0.156,18,2,8,0.057,25,24,false
dec-170,dec,d_b=16;m=2;gap=7;k=4;q=0;s=12,80,false,81,0.156,18,2,16,0.102,25,24,false
dec-170,dec,d_b=16;m=2;gap=7;k=4;q=0;s=12,80,false,81,0.156,18,2,32,0.235,18,2,false
dec-170,dec,d_b=16;m=2;gap=7;k=4;q=0;s=12,80,false,81,0.156,18,2,64,0.484,18,2,false
dec-170,dec,d_b=16;m=2;gap=7;k=4;q=0;s=12,80,false,81,0.156,18,2,128,0.595,18,2,true
dec-170,dec,d_b=16;m=2;gap=7;k=4;q=0;s=12,80,false,81,0.156,18,2,256,0.585,18,2,true
dec-170,dec,d_b=16;m=2;gap=7;k=4;q=0;s=12,80,false,81,0.156,18,2,512,0.580,18,2,true
dec-170,dec,d_b=16;m=2;gap=7;k=4;q=0;s=12,80,false,81,0.156,18,2,1024,0.579,18,2,true
dec-170,dec,d_b=16;m=2;gap=7;k=4;q=0;s=12,80,false,81,0.156,18,2,2048,0.613,18,2,true
dec-170,dec,d_b=16;m=2;gap=7;k=4;q=0;s=12,80,false,81,0.156,18,2,4096,0.599,18,2,true
dec-170,dec,d_b=16;m=2;gap=7;k=4;q=0;s=12,80,false,81,0.156,18,2,8192,0.589,18,2,true
dec-170,dec,d_b=16;m=2;gap=7;k=4;q=0;s=12,80,false,81,0.156,18,2,16384,0.583,18,2,true
mixed-056-2,mixed,seed=0x706142b2df47d373;cycles=10;planted=3;d_b=4;m=2;gap=1;k=2,32963176,false,1981130,0.089,23,8,1,0.059,26,20,false
mixed-056-2,mixed,seed=0x706142b2df47d373;cycles=10;planted=3;d_b=4;m=2;gap=1;k=2,32963176,false,1981130,0.089,23,8,2,0.059,26,20,false
mixed-056-2,mixed,seed=0x706142b2df47d373;cycles=10;planted=3;d_b=4;m=2;gap=1;k=2,32963176,false,1981130,0.089,23,8,4,0.081,26,20,false
mixed-056-2,mixed,seed=0x706142b2df47d373;cycles=10;planted=3;d_b=4;m=2;gap=1;k=2,32963176,false,1981130,0.089,23,8,8,0.096,26,20,false
mixed-056-2,mixed,seed=0x706142b2df47d373;cycles=10;planted=3;d_b=4;m=2;gap=1;k=2,32963176,false,1981130,0.089,23,8,16,0.156,26,20,false
mixed-056-2,mixed,seed=0x706142b2df47d373;cycles=10;planted=3;d_b=4;m=2;gap=1;k=2,32963176,false,1981130,0.089,23,8,32,0.279,23,8,false
mixed-056-2,mixed,seed=0x706142b2df47d373;cycles=10;planted=3;d_b=4;m=2;gap=1;k=2,32963176,false,1981130,0.089,23,8,64,0.582,23,8,false
mixed-056-2,mixed,seed=0x706142b2df47d373;cycles=10;planted=3;d_b=4;m=2;gap=1;k=2,32963176,false,1981130,0.089,23,8,128,1.495,23,8,false
mixed-056-2,mixed,seed=0x706142b2df47d373;cycles=10;planted=3;d_b=4;m=2;gap=1;k=2,32963176,false,1981130,0.089,23,8,256,2.163,23,8,false
mixed-056-2,mixed,seed=0x706142b2df47d373;cycles=10;planted=3;d_b=4;m=2;gap=1;k=2,32963176,false,1981130,0.089,23,8,512,3.537,23,8,false
mixed-056-2,mixed,seed=0x706142b2df47d373;cycles=10;planted=3;d_b=4;m=2;gap=1;k=2,32963176,false,1981130,0.089,23,8,1024,6.251,23,8,false
mixed-056-2,mixed,seed=0x706142b2df47d373;cycles=10;planted=3;d_b=4;m=2;gap=1;k=2,32963176,false,1981130,0.089,23,8,2048,12.076,23,8,false
mixed-056-2,mixed,seed=0x706142b2df47d373;cycles=10;planted=3;d_b=4;m=2;gap=1;k=2,32963176,false,1981130,0.089,23,8,4096,24.278,23,8,false
mixed-056-2,mixed,seed=0x706142b2df47d373;cycles=10;planted=3;d_b=4;m=2;gap=1;k=2,32963176,false,1981130,0.089,23,8,8192,53.603,23,8,false
mixed-056-2,mixed,seed=0x706142b2df47d373;cycles=10;planted=3;d_b=4;m=2;gap=1;k=2,32963176,false,1981130,0.089,23,8,16384,111.637,23,8,false
dec-171,dec,d_b=16;m=2;gap=13;k=1;q=0;s=15,32,false,33,0.086,18,2,1,0.021,31,30,false
dec-171,dec,d_b=16;m=2;gap=13;k=1;q=0;s=15,32,false,33,0.086,18,2,2,0.026,31,30,false
dec-171,dec,d_b=16;m=2;gap=13;k=1;q=0;s=15,32,false,33,0.086,18,2,4,0.046,18,2,false
dec-171,dec,d_b=16;m=2;gap=13;k=1;q=0;s=15,32,false,33,0.086,18,2,8,0.069,18,2,false
dec-171,dec,d_b=16;m=2;gap=13;k=1;q=0;s=15,32,false,33,0.086,18,2,16,0.120,18,2,false
dec-171,dec,d_b=16;m=2;gap=13;k=1;q=0;s=15,32,false,33,0.086,18,2,32,0.250,18,2,true
dec-171,dec,d_b=16;m=2;gap=13;k=1;q=0;s=15,32,false,33,0.086,18,2,64,0.245,18,2,true
dec-171,dec,d_b=16;m=2;gap=13;k=1;q=0;s=15,32,false,33,0.086,18,2,128,0.252,18,2,true
dec-171,dec,d_b=16;m=2;gap=13;k=1;q=0;s=15,32,false,33,0.086,18,2,256,0.237,18,2,true
dec-171,dec,d_b=16;m=2;gap=13;k=1;q=0;s=15,32,false,33,0.086,18,2,512,0.240,18,2,true
dec-171,dec,d_b=16;m=2;gap=13;k=1;q=0;s=15,32,false,33,0.086,18,2,1024,0.257,18,2,true
dec-171,dec,d_b=16;m=2;gap=13;k=1;q=0;s=15,32,false,33,0.086,18,2,2048,0.239,18,2,true
dec-171,dec,d_b=16;m=2;gap=13;k=1;q=0;s=15,32,false,33,0.086,18,2,4096,0.246,18,2,true
dec-171,dec,d_b=16;m=2;gap=13;k=1;q=0;s=15,32,false,33,0.086,18,2,8192,0.261,18,2,true
dec-171,dec,d_b=16;m=2;gap=13;k=1;q=0;s=15,32,false,33,0.086,18,2,16384,0.234,18,2,true
mixed-057-0,mixed,seed=0xd0921ac0d289ca8f;cycles=10;planted=3;d_b=8;m=3;gap=2;k=2,73,false,85,0.221,55,6,1,0.059,64,60,false
mixed-057-0,mixed,seed=0xd0921ac0d289ca8f;cycles=10;planted=3;d_b=8;m=3;gap=2;k=2,73,false,85,0.221,55,6,2,0.061,64,60,false
mixed-057-0,mixed,seed=0xd0921ac0d289ca8f;cycles=10;planted=3;d_b=8;m=3;gap=2;k=2,73,false,85,0.221,55,6,4,0.064,64,60,false
mixed-057-0,mixed,seed=0xd0921ac0d289ca8f;cycles=10;planted=3;d_b=8;m=3;gap=2;k=2,73,false,85,0.221,55,6,8,0.119,64,60,false
mixed-057-0,mixed,seed=0xd0921ac0d289ca8f;cycles=10;planted=3;d_b=8;m=3;gap=2;k=2,73,false,85,0.221,55,6,16,0.168,64,60,false
mixed-057-0,mixed,seed=0xd0921ac0d289ca8f;cycles=10;planted=3;d_b=8;m=3;gap=2;k=2,73,false,85,0.221,55,6,32,0.331,55,6,false
mixed-057-0,mixed,seed=0xd0921ac0d289ca8f;cycles=10;planted=3;d_b=8;m=3;gap=2;k=2,73,false,85,0.221,55,6,64,0.635,55,6,false
mixed-057-0,mixed,seed=0xd0921ac0d289ca8f;cycles=10;planted=3;d_b=8;m=3;gap=2;k=2,73,false,85,0.221,55,6,128,0.757,55,6,true
mixed-057-0,mixed,seed=0xd0921ac0d289ca8f;cycles=10;planted=3;d_b=8;m=3;gap=2;k=2,73,false,85,0.221,55,6,256,0.736,55,6,true
mixed-057-0,mixed,seed=0xd0921ac0d289ca8f;cycles=10;planted=3;d_b=8;m=3;gap=2;k=2,73,false,85,0.221,55,6,512,0.744,55,6,true
mixed-057-0,mixed,seed=0xd0921ac0d289ca8f;cycles=10;planted=3;d_b=8;m=3;gap=2;k=2,73,false,85,0.221,55,6,1024,0.733,55,6,true
mixed-057-0,mixed,seed=0xd0921ac0d289ca8f;cycles=10;planted=3;d_b=8;m=3;gap=2;k=2,73,false,85,0.221,55,6,2048,0.730,55,6,true
mixed-057-0,mixed,seed=0xd0921ac0d289ca8f;cycles=10;planted=3;d_b=8;m=3;gap=2;k=2,73,false,85,0.221,55,6,4096,0.720,55,6,true
mixed-057-0,mixed,seed=0xd0921ac0d289ca8f;cycles=10;planted=3;d_b=8;m=3;gap=2;k=2,73,false,85,0.221,55,6,8192,0.781,55,6,true
mixed-057-0,mixed,seed=0xd0921ac0d289ca8f;cycles=10;planted=3;d_b=8;m=3;gap=2;k=2,73,false,85,0.221,55,6,16384,0.780,55,6,true
dec-172,dec,d_b=16;m=2;gap=13;k=2;q=0;s=15,48,false,49,0.072,18,2,1,0.016,31,30,false
dec-172,dec,d_b=16;m=2;gap=13;k=2;q=0;s=15,48,false,49,0.072,18,2,2,0.023,31,30,false
dec-172,dec,d_b=16;m=2;gap=13;k=2;q=0;s=15,48,false,49,0.072,18,2,4,0.031,31,30,false
dec-172,dec,d_b=16;m=2;gap=13;k=2;q=0;s=15,48,false,49,0.072,18,2,8,0.075,18,2,false
dec-172,dec,d_b=16;m=2;gap=13;k=2;q=0;s=15,48,false,49,0.072,18,2,16,0.132,18,2,false
dec-172,dec,d_b=16;m=2;gap=13;k=2;q=0;s=15,48,false,49,0.072,18,2,32,0.264,18,2,false
dec-172,dec,d_b=16;m=2;gap=13;k=2;q=0;s=15,48,false,49,0.072,18,2,64,0.387,18,2,true
dec-172,dec,d_b=16;m=2;gap=13;k=2;q=0;s=15,48,false,49,0.072,18,2,128,0.388,18,2,true
dec-172,dec,d_b=16;m=2;gap=13;k=2;q=0;s=15,48,false,49,0.072,18,2,256,0.389,18,2,true
dec-172,dec,d_b=16;m=2;gap=13;k=2;q=0;s=15,48,false,49,0.072,18,2,512,0.382,18,2,true
dec-172,dec,d_b=16;m=2;gap=13;k=2;q=0;s=15,48,false,49,0.072,18,2,1024,0.376,18,2,true
dec-172,dec,d_b=16;m=2;gap=13;k=2;q=0;s=15,48,false,49,0.072,18,2,2048,0.380,18,2,true
dec-172,dec,d_b=16;m=2;gap=13;k=2;q=0;s=15,48,false,49,0.072,18,2,4096,0.373,18,2,true
dec-172,dec,d_b=16;m=2;gap=13;k=2;q=0;s=15,48,false,49,0.072,18,2,8192,0.377,18,2,true
dec-172,dec,d_b=16;m=2;gap=13;k=2;q=0;s=15,48,false,49,0.072,18,2,16384,0.384,18,2,true
mixed-057-1,mixed,seed=0x73a1674904a933a5;cycles=10;planted=3;d_b=8;m=3;gap=2;k=2,73,false,85,0.196,55,6,1,0.045,64,60,false
mixed-057-1,mixed,seed=0x73a1674904a933a5;cycles=10;planted=3;d_b=8;m=3;gap=2;k=2,73,false,85,0.196,55,6,2,0.049,64,60,false
mixed-057-1,mixed,seed=0x73a1674904a933a5;cycles=10;planted=3;d_b=8;m=3;gap=2;k=2,73,false,85,0.196,55,6,4,0.058,64,60,false
mixed-057-1,mixed,seed=0x73a1674904a933a5;cycles=10;planted=3;d_b=8;m=3;gap=2;k=2,73,false,85,0.196,55,6,8,0.097,64,60,false
mixed-057-1,mixed,seed=0x73a1674904a933a5;cycles=10;planted=3;d_b=8;m=3;gap=2;k=2,73,false,85,0.196,55,6,16,0.167,64,60,false
mixed-057-1,mixed,seed=0x73a1674904a933a5;cycles=10;planted=3;d_b=8;m=3;gap=2;k=2,73,false,85,0.196,55,6,32,0.315,55,6,false
mixed-057-1,mixed,seed=0x73a1674904a933a5;cycles=10;planted=3;d_b=8;m=3;gap=2;k=2,73,false,85,0.196,55,6,64,0.629,55,6,false
mixed-057-1,mixed,seed=0x73a1674904a933a5;cycles=10;planted=3;d_b=8;m=3;gap=2;k=2,73,false,85,0.196,55,6,128,0.732,55,6,true
mixed-057-1,mixed,seed=0x73a1674904a933a5;cycles=10;planted=3;d_b=8;m=3;gap=2;k=2,73,false,85,0.196,55,6,256,0.734,55,6,true
mixed-057-1,mixed,seed=0x73a1674904a933a5;cycles=10;planted=3;d_b=8;m=3;gap=2;k=2,73,false,85,0.196,55,6,512,0.719,55,6,true
mixed-057-1,mixed,seed=0x73a1674904a933a5;cycles=10;planted=3;d_b=8;m=3;gap=2;k=2,73,false,85,0.196,55,6,1024,0.751,55,6,true
mixed-057-1,mixed,seed=0x73a1674904a933a5;cycles=10;planted=3;d_b=8;m=3;gap=2;k=2,73,false,85,0.196,55,6,2048,0.718,55,6,true
mixed-057-1,mixed,seed=0x73a1674904a933a5;cycles=10;planted=3;d_b=8;m=3;gap=2;k=2,73,false,85,0.196,55,6,4096,0.729,55,6,true
mixed-057-1,mixed,seed=0x73a1674904a933a5;cycles=10;planted=3;d_b=8;m=3;gap=2;k=2,73,false,85,0.196,55,6,8192,0.730,55,6,true
mixed-057-1,mixed,seed=0x73a1674904a933a5;cycles=10;planted=3;d_b=8;m=3;gap=2;k=2,73,false,85,0.196,55,6,16384,0.731,55,6,true
dec-173,dec,d_b=16;m=2;gap=13;k=4;q=0;s=15,80,false,81,0.116,18,2,1,0.018,31,30,false
dec-173,dec,d_b=16;m=2;gap=13;k=4;q=0;s=15,80,false,81,0.116,18,2,2,0.026,31,30,false
dec-173,dec,d_b=16;m=2;gap=13;k=4;q=0;s=15,80,false,81,0.116,18,2,4,0.039,31,30,false
dec-173,dec,d_b=16;m=2;gap=13;k=4;q=0;s=15,80,false,81,0.116,18,2,8,0.064,31,30,false
dec-173,dec,d_b=16;m=2;gap=13;k=4;q=0;s=15,80,false,81,0.116,18,2,16,0.133,18,2,false
dec-173,dec,d_b=16;m=2;gap=13;k=4;q=0;s=15,80,false,81,0.116,18,2,32,0.245,18,2,false
dec-173,dec,d_b=16;m=2;gap=13;k=4;q=0;s=15,80,false,81,0.116,18,2,64,0.500,18,2,false
dec-173,dec,d_b=16;m=2;gap=13;k=4;q=0;s=15,80,false,81,0.116,18,2,128,0.690,18,2,true
dec-173,dec,d_b=16;m=2;gap=13;k=4;q=0;s=15,80,false,81,0.116,18,2,256,0.676,18,2,true
dec-173,dec,d_b=16;m=2;gap=13;k=4;q=0;s=15,80,false,81,0.116,18,2,512,0.682,18,2,true
dec-173,dec,d_b=16;m=2;gap=13;k=4;q=0;s=15,80,false,81,0.116,18,2,1024,0.673,18,2,true
dec-173,dec,d_b=16;m=2;gap=13;k=4;q=0;s=15,80,false,81,0.116,18,2,2048,0.683,18,2,true
dec-173,dec,d_b=16;m=2;gap=13;k=4;q=0;s=15,80,false,81,0.116,18,2,4096,0.676,18,2,true
dec-173,dec,d_b=16;m=2;gap=13;k=4;q=0;s=15,80,false,81,0.116,18,2,8192,0.676,18,2,true
dec-173,dec,d_b=16;m=2;gap=13;k=4;q=0;s=15,80,false,81,0.116,18,2,16384,0.665,18,2,true
mixed-057-2,mixed,seed=0x6bb60361f0098326;cycles=10;planted=3;d_b=8;m=3;gap=2;k=2,49,false,53,0.119,37,4,1,0.026,43,40,false
mixed-057-2,mixed,seed=0x6bb60361f0098326;cycles=10;planted=3;d_b=8;m=3;gap=2;k=2,49,false,53,0.119,37,4,2,0.024,43,40,false
mixed-057-2,mixed,seed=0x6bb60361f0098326;cycles=10;planted=3;d_b=8;m=3;gap=2;k=2,49,false,53,0.119,37,4,4,0.033,43,40,false
mixed-057-2,mixed,seed=0x6bb60361f0098326;cycles=10;planted=3;d_b=8;m=3;gap=2;k=2,49,false,53,0.119,37,4,8,0.054,43,40,false
mixed-057-2,mixed,seed=0x6bb60361f0098326;cycles=10;planted=3;d_b=8;m=3;gap=2;k=2,49,false,53,0.119,37,4,16,0.093,43,40,false
mixed-057-2,mixed,seed=0x6bb60361f0098326;cycles=10;planted=3;d_b=8;m=3;gap=2;k=2,49,false,53,0.119,37,4,32,0.185,37,4,false
mixed-057-2,mixed,seed=0x6bb60361f0098326;cycles=10;planted=3;d_b=8;m=3;gap=2;k=2,49,false,53,0.119,37,4,64,0.282,37,4,true
mixed-057-2,mixed,seed=0x6bb60361f0098326;cycles=10;planted=3;d_b=8;m=3;gap=2;k=2,49,false,53,0.119,37,4,128,0.273,37,4,true
mixed-057-2,mixed,seed=0x6bb60361f0098326;cycles=10;planted=3;d_b=8;m=3;gap=2;k=2,49,false,53,0.119,37,4,256,0.275,37,4,true
mixed-057-2,mixed,seed=0x6bb60361f0098326;cycles=10;planted=3;d_b=8;m=3;gap=2;k=2,49,false,53,0.119,37,4,512,0.270,37,4,true
mixed-057-2,mixed,seed=0x6bb60361f0098326;cycles=10;planted=3;d_b=8;m=3;gap=2;k=2,49,false,53,0.119,37,4,1024,0.297,37,4,true
mixed-057-2,mixed,seed=0x6bb60361f0098326;cycles=10;planted=3;d_b=8;m=3;gap=2;k=2,49,false,53,0.119,37,4,2048,0.268,37,4,true
mixed-057-2,mixed,seed=0x6bb60361f0098326;cycles=10;planted=3;d_b=8;m=3;gap=2;k=2,49,false,53,0.119,37,4,4096,0.276,37,4,true
mixed-057-2,mixed,seed=0x6bb60361f0098326;cycles=10;planted=3;d_b=8;m=3;gap=2;k=2,49,false,53,0.119,37,4,8192,0.265,37,4,true
mixed-057-2,mixed,seed=0x6bb60361f0098326;cycles=10;planted=3;d_b=8;m=3;gap=2;k=2,49,false,53,0.119,37,4,16384,0.271,37,4,true
dec-174,dec,d_b=16;m=3;gap=1;k=1;q=1;s=17,32,false,34,0.099,34,2,1,0.015,35,34,false
dec-174,dec,d_b=16;m=3;gap=1;k=1;q=1;s=17,32,false,34,0.099,34,2,2,0.026,35,34,false
dec-174,dec,d_b=16;m=3;gap=1;k=1;q=1;s=17,32,false,34,0.099,34,2,4,0.036,35,34,false
dec-174,dec,d_b=16;m=3;gap=1;k=1;q=1;s=17,32,false,34,0.099,34,2,8,0.058,35,34,false
dec-174,dec,d_b=16;m=3;gap=1;k=1;q=1;s=17,32,false,34,0.099,34,2,16,0.111,34,2,false
dec-174,dec,d_b=16;m=3;gap=1;k=1;q=1;s=17,32,false,34,0.099,34,2,32,0.252,34,2,true
dec-174,dec,d_b=16;m=3;gap=1;k=1;q=1;s=17,32,false,34,0.099,34,2,64,0.247,34,2,true
dec-174,dec,d_b=16;m=3;gap=1;k=1;q=1;s=17,32,false,34,0.099,34,2,128,0.256,34,2,true
dec-174,dec,d_b=16;m=3;gap=1;k=1;q=1;s=17,32,false,34,0.099,34,2,256,0.259,34,2,true
dec-174,dec,d_b=16;m=3;gap=1;k=1;q=1;s=17,32,false,34,0.099,34,2,512,0.257,34,2,true
dec-174,dec,d_b=16;m=3;gap=1;k=1;q=1;s=17,32,false,34,0.099,34,2,1024,0.248,34,2,true
dec-174,dec,d_b=16;m=3;gap=1;k=1;q=1;s=17,32,false,34,0.099,34,2,2048,0.240,34,2,true
dec-174,dec,d_b=16;m=3;gap=1;k=1;q=1;s=17,32,false,34,0.099,34,2,4096,0.243,34,2,true
dec-174,dec,d_b=16;m=3;gap=1;k=1;q=1;s=17,32,false,34,0.099,34,2,8192,0.239,34,2,true
dec-174,dec,d_b=16;m=3;gap=1;k=1;q=1;s=17,32,false,34,0.099,34,2,16384,0.244,34,2,true
mixed-058-0,mixed,seed=0xc716fe855ebe0113;cycles=10;planted=3;d_b=12;m=2;gap=6;k=4,50026740,true,3050496,0.337,52,12,1,0.120,73,66,false
mixed-058-0,mixed,seed=0xc716fe855ebe0113;cycles=10;planted=3;d_b=12;m=2;gap=6;k=4,50026740,true,3050496,0.337,52,12,2,0.124,73,66,false
mixed-058-0,mixed,seed=0xc716fe855ebe0113;cycles=10;planted=3;d_b=12;m=2;gap=6;k=4,50026740,true,3050496,0.337,52,12,4,0.129,73,66,false
mixed-058-0,mixed,seed=0xc716fe855ebe0113;cycles=10;planted=3;d_b=12;m=2;gap=6;k=4,50026740,true,3050496,0.337,52,12,8,0.180,73,66,false
mixed-058-0,mixed,seed=0xc716fe855ebe0113;cycles=10;planted=3;d_b=12;m=2;gap=6;k=4,50026740,true,3050496,0.337,52,12,16,0.246,73,66,false
mixed-058-0,mixed,seed=0xc716fe855ebe0113;cycles=10;planted=3;d_b=12;m=2;gap=6;k=4,50026740,true,3050496,0.337,52,12,32,0.499,73,66,false
mixed-058-0,mixed,seed=0xc716fe855ebe0113;cycles=10;planted=3;d_b=12;m=2;gap=6;k=4,50026740,true,3050496,0.337,52,12,64,0.736,73,66,false
mixed-058-0,mixed,seed=0xc716fe855ebe0113;cycles=10;planted=3;d_b=12;m=2;gap=6;k=4,50026740,true,3050496,0.337,52,12,128,1.496,59,30,false
mixed-058-0,mixed,seed=0xc716fe855ebe0113;cycles=10;planted=3;d_b=12;m=2;gap=6;k=4,50026740,true,3050496,0.337,52,12,256,2.952,52,12,false
mixed-058-0,mixed,seed=0xc716fe855ebe0113;cycles=10;planted=3;d_b=12;m=2;gap=6;k=4,50026740,true,3050496,0.337,52,12,512,4.504,52,12,false
mixed-058-0,mixed,seed=0xc716fe855ebe0113;cycles=10;planted=3;d_b=12;m=2;gap=6;k=4,50026740,true,3050496,0.337,52,12,1024,7.457,52,12,false
mixed-058-0,mixed,seed=0xc716fe855ebe0113;cycles=10;planted=3;d_b=12;m=2;gap=6;k=4,50026740,true,3050496,0.337,52,12,2048,13.287,52,12,false
mixed-058-0,mixed,seed=0xc716fe855ebe0113;cycles=10;planted=3;d_b=12;m=2;gap=6;k=4,50026740,true,3050496,0.337,52,12,4096,26.172,52,12,false
mixed-058-0,mixed,seed=0xc716fe855ebe0113;cycles=10;planted=3;d_b=12;m=2;gap=6;k=4,50026740,true,3050496,0.337,52,12,8192,53.260,52,12,false
mixed-058-0,mixed,seed=0xc716fe855ebe0113;cycles=10;planted=3;d_b=12;m=2;gap=6;k=4,50026740,true,3050496,0.337,52,12,16384,110.703,52,12,false
dec-175,dec,d_b=16;m=3;gap=1;k=2;q=1;s=17,48,false,50,0.188,34,2,1,0.020,35,34,false
dec-175,dec,d_b=16;m=3;gap=1;k=2;q=1;s=17,48,false,50,0.188,34,2,2,0.029,35,34,false
dec-175,dec,d_b=16;m=3;gap=1;k=2;q=1;s=17,48,false,50,0.188,34,2,4,0.043,35,34,false
dec-175,dec,d_b=16;m=3;gap=1;k=2;q=1;s=17,48,false,50,0.188,34,2,8,0.067,35,34,false
dec-175,dec,d_b=16;m=3;gap=1;k=2;q=1;s=17,48,false,50,0.188,34,2,16,0.117,35,34,false
dec-175,dec,d_b=16;m=3;gap=1;k=2;q=1;s=17,48,false,50,0.188,34,2,32,0.250,34,2,false
dec-175,dec,d_b=16;m=3;gap=1;k=2;q=1;s=17,48,false,50,0.188,34,2,64,0.409,34,2,true
dec-175,dec,d_b=16;m=3;gap=1;k=2;q=1;s=17,48,false,50,0.188,34,2,128,0.408,34,2,true
dec-175,dec,d_b=16;m=3;gap=1;k=2;q=1;s=17,48,false,50,0.188,34,2,256,0.408,34,2,true
dec-175,dec,d_b=16;m=3;gap=1;k=2;q=1;s=17,48,false,50,0.188,34,2,512,0.402,34,2,true
dec-175,dec,d_b=16;m=3;gap=1;k=2;q=1;s=17,48,false,50,0.188,34,2,1024,0.420,34,2,true
dec-175,dec,d_b=16;m=3;gap=1;k=2;q=1;s=17,48,false,50,0.188,34,2,2048,0.393,34,2,true
dec-175,dec,d_b=16;m=3;gap=1;k=2;q=1;s=17,48,false,50,0.188,34,2,4096,0.400,34,2,true
dec-175,dec,d_b=16;m=3;gap=1;k=2;q=1;s=17,48,false,50,0.188,34,2,8192,0.393,34,2,true
dec-175,dec,d_b=16;m=3;gap=1;k=2;q=1;s=17,48,false,50,0.188,34,2,16384,0.397,34,2,true
mixed-058-1,mixed,seed=0xa3ba13a299dda089;cycles=10;planted=3;d_b=12;m=2;gap=6;k=4,32963326,false,1981357,0.399,58,10,1,0.230,79,64,false
mixed-058-1,mixed,seed=0xa3ba13a299dda089;cycles=10;planted=3;d_b=12;m=2;gap=6;k=4,32963326,false,1981357,0.399,58,10,2,0.259,79,64,false
mixed-058-1,mixed,seed=0xa3ba13a299dda089;cycles=10;planted=3;d_b=12;m=2;gap=6;k=4,32963326,false,1981357,0.399,58,10,4,0.278,79,64,false
mixed-058-1,mixed,seed=0xa3ba13a299dda089;cycles=10;planted=3;d_b=12;m=2;gap=6;k=4,32963326,false,1981357,0.399,58,10,8,0.374,79,64,false
mixed-058-1,mixed,seed=0xa3ba13a299dda089;cycles=10;planted=3;d_b=12;m=2;gap=6;k=4,32963326,false,1981357,0.399,58,10,16,0.591,79,64,false
mixed-058-1,mixed,seed=0xa3ba13a299dda089;cycles=10;planted=3;d_b=12;m=2;gap=6;k=4,32963326,false,1981357,0.399,58,10,32,1.125,79,64,false
mixed-058-1,mixed,seed=0xa3ba13a299dda089;cycles=10;planted=3;d_b=12;m=2;gap=6;k=4,32963326,false,1981357,0.399,58,10,64,2.198,79,64,false
mixed-058-1,mixed,seed=0xa3ba13a299dda089;cycles=10;planted=3;d_b=12;m=2;gap=6;k=4,32963326,false,1981357,0.399,58,10,128,4.435,58,10,false
mixed-058-1,mixed,seed=0xa3ba13a299dda089;cycles=10;planted=3;d_b=12;m=2;gap=6;k=4,32963326,false,1981357,0.399,58,10,256,8.732,58,10,false
mixed-058-1,mixed,seed=0xa3ba13a299dda089;cycles=10;planted=3;d_b=12;m=2;gap=6;k=4,32963326,false,1981357,0.399,58,10,512,16.075,58,10,false
mixed-058-1,mixed,seed=0xa3ba13a299dda089;cycles=10;planted=3;d_b=12;m=2;gap=6;k=4,32963326,false,1981357,0.399,58,10,1024,30.467,58,10,false
mixed-058-1,mixed,seed=0xa3ba13a299dda089;cycles=10;planted=3;d_b=12;m=2;gap=6;k=4,32963326,false,1981357,0.399,58,10,2048,59.095,58,10,false
mixed-058-1,mixed,seed=0xa3ba13a299dda089;cycles=10;planted=3;d_b=12;m=2;gap=6;k=4,32963326,false,1981357,0.399,58,10,4096,119.306,58,10,false
mixed-058-1,mixed,seed=0xa3ba13a299dda089;cycles=10;planted=3;d_b=12;m=2;gap=6;k=4,32963326,false,1981357,0.399,58,10,8192,240.471,58,10,false
mixed-058-1,mixed,seed=0xa3ba13a299dda089;cycles=10;planted=3;d_b=12;m=2;gap=6;k=4,32963326,false,1981357,0.399,58,10,16384,481.309,58,10,false
dec-176,dec,d_b=16;m=3;gap=1;k=4;q=1;s=17,80,false,82,0.305,34,2,1,0.023,35,34,false
dec-176,dec,d_b=16;m=3;gap=1;k=4;q=1;s=17,80,false,82,0.305,34,2,2,0.032,35,34,false
dec-176,dec,d_b=16;m=3;gap=1;k=4;q=1;s=17,80,false,82,0.305,34,2,4,0.044,35,34,false
dec-176,dec,d_b=16;m=3;gap=1;k=4;q=1;s=17,80,false,82,0.305,34,2,8,0.076,35,34,false
dec-176,dec,d_b=16;m=3;gap=1;k=4;q=1;s=17,80,false,82,0.305,34,2,16,0.132,35,34,false
dec-176,dec,d_b=16;m=3;gap=1;k=4;q=1;s=17,80,false,82,0.305,34,2,32,0.262,35,34,false
dec-176,dec,d_b=16;m=3;gap=1;k=4;q=1;s=17,80,false,82,0.305,34,2,64,0.582,34,2,false
dec-176,dec,d_b=16;m=3;gap=1;k=4;q=1;s=17,80,false,82,0.305,34,2,128,0.740,34,2,true
dec-176,dec,d_b=16;m=3;gap=1;k=4;q=1;s=17,80,false,82,0.305,34,2,256,0.743,34,2,true
dec-176,dec,d_b=16;m=3;gap=1;k=4;q=1;s=17,80,false,82,0.305,34,2,512,0.727,34,2,true
dec-176,dec,d_b=16;m=3;gap=1;k=4;q=1;s=17,80,false,82,0.305,34,2,1024,0.731,34,2,true
dec-176,dec,d_b=16;m=3;gap=1;k=4;q=1;s=17,80,false,82,0.305,34,2,2048,0.726,34,2,true
dec-176,dec,d_b=16;m=3;gap=1;k=4;q=1;s=17,80,false,82,0.305,34,2,4096,0.727,34,2,true
dec-176,dec,d_b=16;m=3;gap=1;k=4;q=1;s=17,80,false,82,0.305,34,2,8192,0.720,34,2,true
dec-176,dec,d_b=16;m=3;gap=1;k=4;q=1;s=17,80,false,82,0.305,34,2,16384,0.729,34,2,true
mixed-058-2,mixed,seed=0x8e1cd60366327740;cycles=10;planted=3;d_b=12;m=2;gap=6;k=4,61,false,62,0.111,15,2,1,0.020,22,20,false
mixed-058-2,mixed,seed=0x8e1cd60366327740;cycles=10;planted=3;d_b=12;m=2;gap=6;k=4,61,false,62,0.111,15,2,2,0.022,22,20,false
mixed-058-2,mixed,seed=0x8e1cd60366327740;cycles=10;planted=3;d_b=12;m=2;gap=6;k=4,61,false,62,0.111,15,2,4,0.032,22,20,false
mixed-058-2,mixed,seed=0x8e1cd60366327740;cycles=10;planted=3;d_b=12;m=2;gap=6;k=4,61,false,62,0.111,15,2,8,0.054,22,20,false
mixed-058-2,mixed,seed=0x8e1cd60366327740;cycles=10;planted=3;d_b=12;m=2;gap=6;k=4,61,false,62,0.111,15,2,16,0.122,15,2,false
mixed-058-2,mixed,seed=0x8e1cd60366327740;cycles=10;planted=3;d_b=12;m=2;gap=6;k=4,61,false,62,0.111,15,2,32,0.207,15,2,false
mixed-058-2,mixed,seed=0x8e1cd60366327740;cycles=10;planted=3;d_b=12;m=2;gap=6;k=4,61,false,62,0.111,15,2,64,0.432,15,2,true
mixed-058-2,mixed,seed=0x8e1cd60366327740;cycles=10;planted=3;d_b=12;m=2;gap=6;k=4,61,false,62,0.111,15,2,128,0.414,15,2,true
mixed-058-2,mixed,seed=0x8e1cd60366327740;cycles=10;planted=3;d_b=12;m=2;gap=6;k=4,61,false,62,0.111,15,2,256,0.422,15,2,true
mixed-058-2,mixed,seed=0x8e1cd60366327740;cycles=10;planted=3;d_b=12;m=2;gap=6;k=4,61,false,62,0.111,15,2,512,0.410,15,2,true
mixed-058-2,mixed,seed=0x8e1cd60366327740;cycles=10;planted=3;d_b=12;m=2;gap=6;k=4,61,false,62,0.111,15,2,1024,0.419,15,2,true
mixed-058-2,mixed,seed=0x8e1cd60366327740;cycles=10;planted=3;d_b=12;m=2;gap=6;k=4,61,false,62,0.111,15,2,2048,0.420,15,2,true
mixed-058-2,mixed,seed=0x8e1cd60366327740;cycles=10;planted=3;d_b=12;m=2;gap=6;k=4,61,false,62,0.111,15,2,4096,0.416,15,2,true
mixed-058-2,mixed,seed=0x8e1cd60366327740;cycles=10;planted=3;d_b=12;m=2;gap=6;k=4,61,false,62,0.111,15,2,8192,0.409,15,2,true
mixed-058-2,mixed,seed=0x8e1cd60366327740;cycles=10;planted=3;d_b=12;m=2;gap=6;k=4,61,false,62,0.111,15,2,16384,0.405,15,2,true
dec-177,dec,d_b=16;m=3;gap=3;k=1;q=1;s=18,32,false,34,0.112,34,2,1,0.017,37,36,false
dec-177,dec,d_b=16;m=3;gap=3;k=1;q=1;s=18,32,false,34,0.112,34,2,2,0.027,37,36,false
dec-177,dec,d_b=16;m=3;gap=3;k=1;q=1;s=18,32,false,34,0.112,34,2,4,0.042,37,36,false
dec-177,dec,d_b=16;m=3;gap=3;k=1;q=1;s=18,32,false,34,0.112,34,2,8,0.061,37,36,false
dec-177,dec,d_b=16;m=3;gap=3;k=1;q=1;s=18,32,false,34,0.112,34,2,16,0.119,34,2,false
dec-177,dec,d_b=16;m=3;gap=3;k=1;q=1;s=18,32,false,34,0.112,34,2,32,0.262,34,2,true
dec-177,dec,d_b=16;m=3;gap=3;k=1;q=1;s=18,32,false,34,0.112,34,2,64,0.255,34,2,true
dec-177,dec,d_b=16;m=3;gap=3;k=1;q=1;s=18,32,false,34,0.112,34,2,128,0.263,34,2,true
dec-177,dec,d_b=16;m=3;gap=3;k=1;q=1;s=18,32,false,34,0.112,34,2,256,0.257,34,2,true
dec-177,dec,d_b=16;m=3;gap=3;k=1;q=1;s=18,32,false,34,0.112,34,2,512,0.315,34,2,true
dec-177,dec,d_b=16;m=3;gap=3;k=1;q=1;s=18,32,false,34,0.112,34,2,1024,0.275,34,2,true
dec-177,dec,d_b=16;m=3;gap=3;k=1;q=1;s=18,32,false,34,0.112,34,2,2048,0.262,34,2,true
dec-177,dec,d_b=16;m=3;gap=3;k=1;q=1;s=18,32,false,34,0.112,34,2,4096,0.263,34,2,true
dec-177,dec,d_b=16;m=3;gap=3;k=1;q=1;s=18,32,false,34,0.112,34,2,8192,0.251,34,2,true
dec-177,dec,d_b=16;m=3;gap=3;k=1;q=1;s=18,32,false,34,0.112,34,2,16384,0.252,34,2,true
mixed-059-0,mixed,seed=0x96512c2e64856700;cycles=10;planted=3;d_b=16;m=5;gap=2;k=1,66,false,72,0.328,134,4,1,0.068,140,136,false
mixed-059-0,mixed,seed=0x96512c2e64856700;cycles=10;planted=3;d_b=16;m=5;gap=2;k=1,66,false,72,0.328,134,4,2,0.067,140,136,false
mixed-059-0,mixed,seed=0x96512c2e64856700;cycles=10;planted=3;d_b=16;m=5;gap=2;k=1,66,false,72,0.328,134,4,4,0.073,140,136,false
mixed-059-0,mixed,seed=0x96512c2e64856700;cycles=10;planted=3;d_b=16;m=5;gap=2;k=1,66,false,72,0.328,134,4,8,0.131,140,136,false
mixed-059-0,mixed,seed=0x96512c2e64856700;cycles=10;planted=3;d_b=16;m=5;gap=2;k=1,66,false,72,0.328,134,4,16,0.230,140,136,false
mixed-059-0,mixed,seed=0x96512c2e64856700;cycles=10;planted=3;d_b=16;m=5;gap=2;k=1,66,false,72,0.328,134,4,32,0.432,140,136,false
mixed-059-0,mixed,seed=0x96512c2e64856700;cycles=10;planted=3;d_b=16;m=5;gap=2;k=1,66,false,72,0.328,134,4,64,0.887,134,4,false
mixed-059-0,mixed,seed=0x96512c2e64856700;cycles=10;planted=3;d_b=16;m=5;gap=2;k=1,66,false,72,0.328,134,4,128,0.908,134,4,true
mixed-059-0,mixed,seed=0x96512c2e64856700;cycles=10;planted=3;d_b=16;m=5;gap=2;k=1,66,false,72,0.328,134,4,256,0.905,134,4,true
mixed-059-0,mixed,seed=0x96512c2e64856700;cycles=10;planted=3;d_b=16;m=5;gap=2;k=1,66,false,72,0.328,134,4,512,0.942,134,4,true
mixed-059-0,mixed,seed=0x96512c2e64856700;cycles=10;planted=3;d_b=16;m=5;gap=2;k=1,66,false,72,0.328,134,4,1024,0.907,134,4,true
mixed-059-0,mixed,seed=0x96512c2e64856700;cycles=10;planted=3;d_b=16;m=5;gap=2;k=1,66,false,72,0.328,134,4,2048,0.918,134,4,true
mixed-059-0,mixed,seed=0x96512c2e64856700;cycles=10;planted=3;d_b=16;m=5;gap=2;k=1,66,false,72,0.328,134,4,4096,0.905,134,4,true
mixed-059-0,mixed,seed=0x96512c2e64856700;cycles=10;planted=3;d_b=16;m=5;gap=2;k=1,66,false,72,0.328,134,4,8192,0.884,134,4,true
mixed-059-0,mixed,seed=0x96512c2e64856700;cycles=10;planted=3;d_b=16;m=5;gap=2;k=1,66,false,72,0.328,134,4,16384,0.903,134,4,true
dec-178,dec,d_b=16;m=3;gap=3;k=2;q=1;s=18,48,false,50,0.177,34,2,1,0.018,37,36,false
dec-178,dec,d_b=16;m=3;gap=3;k=2;q=1;s=18,48,false,50,0.177,34,2,2,0.026,37,36,false
dec-178,dec,d_b=16;m=3;gap=3;k=2;q=1;s=18,48,false,50,0.177,34,2,4,0.039,37,36,false
dec-178,dec,d_b=16;m=3;gap=3;k=2;q=1;s=18,48,false,50,0.177,34,2,8,0.067,37,36,false
dec-178,dec,d_b=16;m=3;gap=3;k=2;q=1;s=18,48,false,50,0.177,34,2,16,0.119,37,36,false
dec-178,dec,d_b=16;m=3;gap=3;k=2;q=1;s=18,48,false,50,0.177,34,2,32,0.272,34,2,false
dec-178,dec,d_b=16;m=3;gap=3;k=2;q=1;s=18,48,false,50,0.177,34,2,64,0.420,34,2,true
dec-178,dec,d_b=16;m=3;gap=3;k=2;q=1;s=18,48,false,50,0.177,34,2,128,0.422,34,2,true
dec-178,dec,d_b=16;m=3;gap=3;k=2;q=1;s=18,48,false,50,0.177,34,2,256,0.419,34,2,true
dec-178,dec,d_b=16;m=3;gap=3;k=2;q=1;s=18,48,false,50,0.177,34,2,512,0.417,34,2,true
dec-178,dec,d_b=16;m=3;gap=3;k=2;q=1;s=18,48,false,50,0.177,34,2,1024,0.409,34,2,true
dec-178,dec,d_b=16;m=3;gap=3;k=2;q=1;s=18,48,false,50,0.177,34,2,2048,0.415,34,2,true
dec-178,dec,d_b=16;m=3;gap=3;k=2;q=1;s=18,48,false,50,0.177,34,2,4096,0.416,34,2,true
dec-178,dec,d_b=16;m=3;gap=3;k=2;q=1;s=18,48,false,50,0.177,34,2,8192,0.418,34,2,true
dec-178,dec,d_b=16;m=3;gap=3;k=2;q=1;s=18,48,false,50,0.177,34,2,16384,0.437,34,2,true
mixed-059-1,mixed,seed=0x4e8f822b54989a91;cycles=10;planted=3;d_b=16;m=5;gap=2;k=1,50763431,true,2997248,0.625,218,10,1,0.221,227,208,false
mixed-059-1,mixed,seed=0x4e8f822b54989a91;cycles=10;planted=3;d_b=16;m=5;gap=2;k=1,50763431,true,2997248,0.625,218,10,2,0.230,227,208,false
mixed-059-1,mixed,seed=0x4e8f822b54989a91;cycles=10;planted=3;d_b=16;m=5;gap=2;k=1,50763431,true,2997248,0.625,218,10,4,0.258,227,208,false
mixed-059-1,mixed,seed=0x4e8f822b54989a91;cycles=10;planted=3;d_b=16;m=5;gap=2;k=1,50763431,true,2997248,0.625,218,10,8,0.340,227,208,false
mixed-059-1,mixed,seed=0x4e8f822b54989a91;cycles=10;planted=3;d_b=16;m=5;gap=2;k=1,50763431,true,2997248,0.625,218,10,16,0.506,227,208,false
mixed-059-1,mixed,seed=0x4e8f822b54989a91;cycles=10;planted=3;d_b=16;m=5;gap=2;k=1,50763431,true,2997248,0.625,218,10,32,0.927,227,208,false
mixed-059-1,mixed,seed=0x4e8f822b54989a91;cycles=10;planted=3;d_b=16;m=5;gap=2;k=1,50763431,true,2997248,0.625,218,10,64,1.691,227,208,false
mixed-059-1,mixed,seed=0x4e8f822b54989a91;cycles=10;planted=3;d_b=16;m=5;gap=2;k=1,50763431,true,2997248,0.625,218,10,128,3.388,221,76,false
mixed-059-1,mixed,seed=0x4e8f822b54989a91;cycles=10;planted=3;d_b=16;m=5;gap=2;k=1,50763431,true,2997248,0.625,218,10,256,6.570,218,10,false
mixed-059-1,mixed,seed=0x4e8f822b54989a91;cycles=10;planted=3;d_b=16;m=5;gap=2;k=1,50763431,true,2997248,0.625,218,10,512,11.567,218,10,false
mixed-059-1,mixed,seed=0x4e8f822b54989a91;cycles=10;planted=3;d_b=16;m=5;gap=2;k=1,50763431,true,2997248,0.625,218,10,1024,21.095,218,10,false
mixed-059-1,mixed,seed=0x4e8f822b54989a91;cycles=10;planted=3;d_b=16;m=5;gap=2;k=1,50763431,true,2997248,0.625,218,10,2048,40.717,218,10,false
mixed-059-1,mixed,seed=0x4e8f822b54989a91;cycles=10;planted=3;d_b=16;m=5;gap=2;k=1,50763431,true,2997248,0.625,218,10,4096,79.175,218,10,false
mixed-059-1,mixed,seed=0x4e8f822b54989a91;cycles=10;planted=3;d_b=16;m=5;gap=2;k=1,50763431,true,2997248,0.625,218,10,8192,160.490,218,10,false
mixed-059-1,mixed,seed=0x4e8f822b54989a91;cycles=10;planted=3;d_b=16;m=5;gap=2;k=1,50763431,true,2997248,0.625,218,10,16384,327.149,218,10,false
dec-179,dec,d_b=16;m=3;gap=3;k=4;q=1;s=18,80,false,82,0.315,34,2,1,0.025,37,36,false
dec-179,dec,d_b=16;m=3;gap=3;k=4;q=1;s=18,80,false,82,0.315,34,2,2,0.040,37,36,false
dec-179,dec,d_b=16;m=3;gap=3;k=4;q=1;s=18,80,false,82,0.315,34,2,4,0.062,37,36,false
dec-179,dec,d_b=16;m=3;gap=3;k=4;q=1;s=18,80,false,82,0.315,34,2,8,0.080,37,36,false
dec-179,dec,d_b=16;m=3;gap=3;k=4;q=1;s=18,80,false,82,0.315,34,2,16,0.159,37,36,false
dec-179,dec,d_b=16;m=3;gap=3;k=4;q=1;s=18,80,false,82,0.315,34,2,32,0.276,37,36,false
dec-179,dec,d_b=16;m=3;gap=3;k=4;q=1;s=18,80,false,82,0.315,34,2,64,0.599,34,2,false
dec-179,dec,d_b=16;m=3;gap=3;k=4;q=1;s=18,80,false,82,0.315,34,2,128,0.768,34,2,true
dec-179,dec,d_b=16;m=3;gap=3;k=4;q=1;s=18,80,false,82,0.315,34,2,256,0.754,34,2,true
dec-179,dec,d_b=16;m=3;gap=3;k=4;q=1;s=18,80,false,82,0.315,34,2,512,0.767,34,2,true
dec-179,dec,d_b=16;m=3;gap=3;k=4;q=1;s=18,80,false,82,0.315,34,2,1024,0.773,34,2,true
dec-179,dec,d_b=16;m=3;gap=3;k=4;q=1;s=18,80,false,82,0.315,34,2,2048,0.790,34,2,true
dec-179,dec,d_b=16;m=3;gap=3;k=4;q=1;s=18,80,false,82,0.315,34,2,4096,0.763,34,2,true
dec-179,dec,d_b=16;m=3;gap=3;k=4;q=1;s=18,80,false,82,0.315,34,2,8192,0.744,34,2,true
dec-179,dec,d_b=16;m=3;gap=3;k=4;q=1;s=18,80,false,82,0.315,34,2,16384,0.749,34,2,true
mixed-059-2,mixed,seed=0x87d9e2f9348ac8a8;cycles=10;planted=3;d_b=16;m=5;gap=2;k=1,32963238,false,1981218,0.525,215,10,1,0.152,224,208,false
mixed-059-2,mixed,seed=0x87d9e2f9348ac8a8;cycles=10;planted=3;d_b=16;m=5;gap=2;k=1,32963238,false,1981218,0.525,215,10,2,0.162,224,208,false
mixed-059-2,mixed,seed=0x87d9e2f9348ac8a8;cycles=10;planted=3;d_b=16;m=5;gap=2;k=1,32963238,false,1981218,0.525,215,10,4,0.157,224,208,false
mixed-059-2,mixed,seed=0x87d9e2f9348ac8a8;cycles=10;planted=3;d_b=16;m=5;gap=2;k=1,32963238,false,1981218,0.525,215,10,8,0.236,224,208,false
mixed-059-2,mixed,seed=0x87d9e2f9348ac8a8;cycles=10;planted=3;d_b=16;m=5;gap=2;k=1,32963238,false,1981218,0.525,215,10,16,0.361,224,208,false
mixed-059-2,mixed,seed=0x87d9e2f9348ac8a8;cycles=10;planted=3;d_b=16;m=5;gap=2;k=1,32963238,false,1981218,0.525,215,10,32,0.576,224,208,false
mixed-059-2,mixed,seed=0x87d9e2f9348ac8a8;cycles=10;planted=3;d_b=16;m=5;gap=2;k=1,32963238,false,1981218,0.525,215,10,64,1.063,221,142,false
mixed-059-2,mixed,seed=0x87d9e2f9348ac8a8;cycles=10;planted=3;d_b=16;m=5;gap=2;k=1,32963238,false,1981218,0.525,215,10,128,2.023,215,10,false
mixed-059-2,mixed,seed=0x87d9e2f9348ac8a8;cycles=10;planted=3;d_b=16;m=5;gap=2;k=1,32963238,false,1981218,0.525,215,10,256,3.274,215,10,false
mixed-059-2,mixed,seed=0x87d9e2f9348ac8a8;cycles=10;planted=3;d_b=16;m=5;gap=2;k=1,32963238,false,1981218,0.525,215,10,512,4.711,215,10,false
mixed-059-2,mixed,seed=0x87d9e2f9348ac8a8;cycles=10;planted=3;d_b=16;m=5;gap=2;k=1,32963238,false,1981218,0.525,215,10,1024,7.560,215,10,false
mixed-059-2,mixed,seed=0x87d9e2f9348ac8a8;cycles=10;planted=3;d_b=16;m=5;gap=2;k=1,32963238,false,1981218,0.525,215,10,2048,13.603,215,10,false
mixed-059-2,mixed,seed=0x87d9e2f9348ac8a8;cycles=10;planted=3;d_b=16;m=5;gap=2;k=1,32963238,false,1981218,0.525,215,10,4096,26.662,215,10,false
mixed-059-2,mixed,seed=0x87d9e2f9348ac8a8;cycles=10;planted=3;d_b=16;m=5;gap=2;k=1,32963238,false,1981218,0.525,215,10,8192,57.331,215,10,false
mixed-059-2,mixed,seed=0x87d9e2f9348ac8a8;cycles=10;planted=3;d_b=16;m=5;gap=2;k=1,32963238,false,1981218,0.525,215,10,16384,114.775,215,10,false
dec-180,dec,d_b=16;m=3;gap=7;k=1;q=1;s=20,32,false,34,0.128,34,2,1,0.020,41,40,false
dec-180,dec,d_b=16;m=3;gap=7;k=1;q=1;s=20,32,false,34,0.128,34,2,2,0.030,41,40,false
dec-180,dec,d_b=16;m=3;gap=7;k=1;q=1;s=20,32,false,34,0.128,34,2,4,0.044,41,40,false
dec-180,dec,d_b=16;m=3;gap=7;k=1;q=1;s=20,32,false,34,0.128,34,2,8,0.072,41,40,false
dec-180,dec,d_b=16;m=3;gap=7;k=1;q=1;s=20,32,false,34,0.128,34,2,16,0.134,34,2,false
dec-180,dec,d_b=16;m=3;gap=7;k=1;q=1;s=20,32,false,34,0.128,34,2,32,0.271,34,2,true
dec-180,dec,d_b=16;m=3;gap=7;k=1;q=1;s=20,32,false,34,0.128,34,2,64,0.274,34,2,true
dec-180,dec,d_b=16;m=3;gap=7;k=1;q=1;s=20,32,false,34,0.128,34,2,128,0.263,34,2,true
dec-180,dec,d_b=16;m=3;gap=7;k=1;q=1;s=20,32,false,34,0.128,34,2,256,0.266,34,2,true
dec-180,dec,d_b=16;m=3;gap=7;k=1;q=1;s=20,32,false,34,0.128,34,2,512,0.258,34,2,true
dec-180,dec,d_b=16;m=3;gap=7;k=1;q=1;s=20,32,false,34,0.128,34,2,1024,0.263,34,2,true
dec-180,dec,d_b=16;m=3;gap=7;k=1;q=1;s=20,32,false,34,0.128,34,2,2048,0.256,34,2,true
dec-180,dec,d_b=16;m=3;gap=7;k=1;q=1;s=20,32,false,34,0.128,34,2,4096,0.262,34,2,true
dec-180,dec,d_b=16;m=3;gap=7;k=1;q=1;s=20,32,false,34,0.128,34,2,8192,0.256,34,2,true
dec-180,dec,d_b=16;m=3;gap=7;k=1;q=1;s=20,32,false,34,0.128,34,2,16384,0.260,34,2,true
dec-181,dec,d_b=16;m=3;gap=7;k=2;q=1;s=20,48,false,50,0.170,34,2,1,0.018,41,40,false
dec-181,dec,d_b=16;m=3;gap=7;k=2;q=1;s=20,48,false,50,0.170,34,2,2,0.027,41,40,false
dec-181,dec,d_b=16;m=3;gap=7;k=2;q=1;s=20,48,false,50,0.170,34,2,4,0.041,41,40,false
dec-181,dec,d_b=16;m=3;gap=7;k=2;q=1;s=20,48,false,50,0.170,34,2,8,0.073,41,40,false
dec-181,dec,d_b=16;m=3;gap=7;k=2;q=1;s=20,48,false,50,0.170,34,2,16,0.130,41,40,false
dec-181,dec,d_b=16;m=3;gap=7;k=2;q=1;s=20,48,false,50,0.170,34,2,32,0.291,34,2,false
dec-181,dec,d_b=16;m=3;gap=7;k=2;q=1;s=20,48,false,50,0.170,34,2,64,0.441,34,2,true
dec-181,dec,d_b=16;m=3;gap=7;k=2;q=1;s=20,48,false,50,0.170,34,2,128,0.439,34,2,true
dec-181,dec,d_b=16;m=3;gap=7;k=2;q=1;s=20,48,false,50,0.170,34,2,256,0.431,34,2,true
dec-181,dec,d_b=16;m=3;gap=7;k=2;q=1;s=20,48,false,50,0.170,34,2,512,0.434,34,2,true
dec-181,dec,d_b=16;m=3;gap=7;k=2;q=1;s=20,48,false,50,0.170,34,2,1024,0.424,34,2,true
dec-181,dec,d_b=16;m=3;gap=7;k=2;q=1;s=20,48,false,50,0.170,34,2,2048,0.430,34,2,true
dec-181,dec,d_b=16;m=3;gap=7;k=2;q=1;s=20,48,false,50,0.170,34,2,4096,0.421,34,2,true
dec-181,dec,d_b=16;m=3;gap=7;k=2;q=1;s=20,48,false,50,0.170,34,2,8192,0.430,34,2,true
dec-181,dec,d_b=16;m=3;gap=7;k=2;q=1;s=20,48,false,50,0.170,34,2,16384,0.421,34,2,true
dec-182,dec,d_b=16;m=3;gap=7;k=4;q=1;s=20,80,false,82,0.287,34,2,1,0.021,41,40,false
dec-182,dec,d_b=16;m=3;gap=7;k=4;q=1;s=20,80,false,82,0.287,34,2,2,0.029,41,40,false
dec-182,dec,d_b=16;m=3;gap=7;k=4;q=1;s=20,80,false,82,0.287,34,2,4,0.046,41,40,false
dec-182,dec,d_b=16;m=3;gap=7;k=4;q=1;s=20,80,false,82,0.287,34,2,8,0.078,41,40,false
dec-182,dec,d_b=16;m=3;gap=7;k=4;q=1;s=20,80,false,82,0.287,34,2,16,0.143,41,40,false
dec-182,dec,d_b=16;m=3;gap=7;k=4;q=1;s=20,80,false,82,0.287,34,2,32,0.290,34,2,false
dec-182,dec,d_b=16;m=3;gap=7;k=4;q=1;s=20,80,false,82,0.287,34,2,64,0.628,34,2,false
dec-182,dec,d_b=16;m=3;gap=7;k=4;q=1;s=20,80,false,82,0.287,34,2,128,0.783,34,2,true
dec-182,dec,d_b=16;m=3;gap=7;k=4;q=1;s=20,80,false,82,0.287,34,2,256,0.797,34,2,true
dec-182,dec,d_b=16;m=3;gap=7;k=4;q=1;s=20,80,false,82,0.287,34,2,512,0.786,34,2,true
dec-182,dec,d_b=16;m=3;gap=7;k=4;q=1;s=20,80,false,82,0.287,34,2,1024,0.789,34,2,true
dec-182,dec,d_b=16;m=3;gap=7;k=4;q=1;s=20,80,false,82,0.287,34,2,2048,0.770,34,2,true
dec-182,dec,d_b=16;m=3;gap=7;k=4;q=1;s=20,80,false,82,0.287,34,2,4096,0.783,34,2,true
dec-182,dec,d_b=16;m=3;gap=7;k=4;q=1;s=20,80,false,82,0.287,34,2,8192,0.770,34,2,true
dec-182,dec,d_b=16;m=3;gap=7;k=4;q=1;s=20,80,false,82,0.287,34,2,16384,0.781,34,2,true
dec-183,dec,d_b=16;m=3;gap=13;k=1;q=1;s=23,32,false,34,0.092,34,2,1,0.018,47,46,false
dec-183,dec,d_b=16;m=3;gap=13;k=1;q=1;s=23,32,false,34,0.092,34,2,2,0.030,47,46,false
dec-183,dec,d_b=16;m=3;gap=13;k=1;q=1;s=23,32,false,34,0.092,34,2,4,0.043,47,46,false
dec-183,dec,d_b=16;m=3;gap=13;k=1;q=1;s=23,32,false,34,0.092,34,2,8,0.078,47,46,false
dec-183,dec,d_b=16;m=3;gap=13;k=1;q=1;s=23,32,false,34,0.092,34,2,16,0.154,34,2,false
dec-183,dec,d_b=16;m=3;gap=13;k=1;q=1;s=23,32,false,34,0.092,34,2,32,0.280,34,2,true
dec-183,dec,d_b=16;m=3;gap=13;k=1;q=1;s=23,32,false,34,0.092,34,2,64,0.281,34,2,true
dec-183,dec,d_b=16;m=3;gap=13;k=1;q=1;s=23,32,false,34,0.092,34,2,128,0.275,34,2,true
dec-183,dec,d_b=16;m=3;gap=13;k=1;q=1;s=23,32,false,34,0.092,34,2,256,0.278,34,2,true
dec-183,dec,d_b=16;m=3;gap=13;k=1;q=1;s=23,32,false,34,0.092,34,2,512,0.271,34,2,true
dec-183,dec,d_b=16;m=3;gap=13;k=1;q=1;s=23,32,false,34,0.092,34,2,1024,0.276,34,2,true
dec-183,dec,d_b=16;m=3;gap=13;k=1;q=1;s=23,32,false,34,0.092,34,2,2048,0.269,34,2,true
dec-183,dec,d_b=16;m=3;gap=13;k=1;q=1;s=23,32,false,34,0.092,34,2,4096,0.275,34,2,true
dec-183,dec,d_b=16;m=3;gap=13;k=1;q=1;s=23,32,false,34,0.092,34,2,8192,0.278,34,2,true
dec-183,dec,d_b=16;m=3;gap=13;k=1;q=1;s=23,32,false,34,0.092,34,2,16384,0.275,34,2,true
dec-184,dec,d_b=16;m=3;gap=13;k=2;q=1;s=23,48,false,50,0.140,34,2,1,0.019,47,46,false
dec-184,dec,d_b=16;m=3;gap=13;k=2;q=1;s=23,48,false,50,0.140,34,2,2,0.028,47,46,false
dec-184,dec,d_b=16;m=3;gap=13;k=2;q=1;s=23,48,false,50,0.140,34,2,4,0.042,47,46,false
dec-184,dec,d_b=16;m=3;gap=13;k=2;q=1;s=23,48,false,50,0.140,34,2,8,0.078,47,46,false
dec-184,dec,d_b=16;m=3;gap=13;k=2;q=1;s=23,48,false,50,0.140,34,2,16,0.154,34,2,false
dec-184,dec,d_b=16;m=3;gap=13;k=2;q=1;s=23,48,false,50,0.140,34,2,32,0.320,34,2,false
dec-184,dec,d_b=16;m=3;gap=13;k=2;q=1;s=23,48,false,50,0.140,34,2,64,0.462,34,2,true
dec-184,dec,d_b=16;m=3;gap=13;k=2;q=1;s=23,48,false,50,0.140,34,2,128,0.464,34,2,true
dec-184,dec,d_b=16;m=3;gap=13;k=2;q=1;s=23,48,false,50,0.140,34,2,256,0.456,34,2,true
dec-184,dec,d_b=16;m=3;gap=13;k=2;q=1;s=23,48,false,50,0.140,34,2,512,0.462,34,2,true
dec-184,dec,d_b=16;m=3;gap=13;k=2;q=1;s=23,48,false,50,0.140,34,2,1024,0.456,34,2,true
dec-184,dec,d_b=16;m=3;gap=13;k=2;q=1;s=23,48,false,50,0.140,34,2,2048,0.459,34,2,true
dec-184,dec,d_b=16;m=3;gap=13;k=2;q=1;s=23,48,false,50,0.140,34,2,4096,0.450,34,2,true
dec-184,dec,d_b=16;m=3;gap=13;k=2;q=1;s=23,48,false,50,0.140,34,2,8192,0.461,34,2,true
dec-184,dec,d_b=16;m=3;gap=13;k=2;q=1;s=23,48,false,50,0.140,34,2,16384,0.451,34,2,true
dec-185,dec,d_b=16;m=3;gap=13;k=4;q=1;s=23,80,false,82,0.248,34,2,1,0.022,47,46,false
dec-185,dec,d_b=16;m=3;gap=13;k=4;q=1;s=23,80,false,82,0.248,34,2,2,0.031,47,46,false
dec-185,dec,d_b=16;m=3;gap=13;k=4;q=1;s=23,80,false,82,0.248,34,2,4,0.050,47,46,false
dec-185,dec,d_b=16;m=3;gap=13;k=4;q=1;s=23,80,false,82,0.248,34,2,8,0.084,47,46,false
dec-185,dec,d_b=16;m=3;gap=13;k=4;q=1;s=23,80,false,82,0.248,34,2,16,0.153,47,46,false
dec-185,dec,d_b=16;m=3;gap=13;k=4;q=1;s=23,80,false,82,0.248,34,2,32,0.315,34,2,false
dec-185,dec,d_b=16;m=3;gap=13;k=4;q=1;s=23,80,false,82,0.248,34,2,64,0.660,34,2,false
dec-185,dec,d_b=16;m=3;gap=13;k=4;q=1;s=23,80,false,82,0.248,34,2,128,0.861,34,2,true
dec-185,dec,d_b=16;m=3;gap=13;k=4;q=1;s=23,80,false,82,0.248,34,2,256,0.827,34,2,true
dec-185,dec,d_b=16;m=3;gap=13;k=4;q=1;s=23,80,false,82,0.248,34,2,512,0.836,34,2,true
dec-185,dec,d_b=16;m=3;gap=13;k=4;q=1;s=23,80,false,82,0.248,34,2,1024,0.817,34,2,true
dec-185,dec,d_b=16;m=3;gap=13;k=4;q=1;s=23,80,false,82,0.248,34,2,2048,0.831,34,2,true
dec-185,dec,d_b=16;m=3;gap=13;k=4;q=1;s=23,80,false,82,0.248,34,2,4096,0.817,34,2,true
dec-185,dec,d_b=16;m=3;gap=13;k=4;q=1;s=23,80,false,82,0.248,34,2,8192,0.825,34,2,true
dec-185,dec,d_b=16;m=3;gap=13;k=4;q=1;s=23,80,false,82,0.248,34,2,16384,0.815,34,2,true
dec-186,dec,d_b=16;m=5;gap=1;k=1;q=3;s=33,32,false,34,0.147,66,2,1,0.025,67,66,false
dec-186,dec,d_b=16;m=5;gap=1;k=1;q=3;s=33,32,false,34,0.147,66,2,2,0.037,67,66,false
dec-186,dec,d_b=16;m=5;gap=1;k=1;q=3;s=33,32,false,34,0.147,66,2,4,0.053,67,66,false
dec-186,dec,d_b=16;m=5;gap=1;k=1;q=3;s=33,32,false,34,0.147,66,2,8,0.086,67,66,false
dec-186,dec,d_b=16;m=5;gap=1;k=1;q=3;s=33,32,false,34,0.147,66,2,16,0.163,66,2,false
dec-186,dec,d_b=16;m=5;gap=1;k=1;q=3;s=33,32,false,34,0.147,66,2,32,0.340,66,2,true
dec-186,dec,d_b=16;m=5;gap=1;k=1;q=3;s=33,32,false,34,0.147,66,2,64,0.346,66,2,true
dec-186,dec,d_b=16;m=5;gap=1;k=1;q=3;s=33,32,false,34,0.147,66,2,128,0.337,66,2,true
dec-186,dec,d_b=16;m=5;gap=1;k=1;q=3;s=33,32,false,34,0.147,66,2,256,0.343,66,2,true
dec-186,dec,d_b=16;m=5;gap=1;k=1;q=3;s=33,32,false,34,0.147,66,2,512,0.336,66,2,true
dec-186,dec,d_b=16;m=5;gap=1;k=1;q=3;s=33,32,false,34,0.147,66,2,1024,0.339,66,2,true
dec-186,dec,d_b=16;m=5;gap=1;k=1;q=3;s=33,32,false,34,0.147,66,2,2048,0.332,66,2,true
dec-186,dec,d_b=16;m=5;gap=1;k=1;q=3;s=33,32,false,34,0.147,66,2,4096,0.337,66,2,true
dec-186,dec,d_b=16;m=5;gap=1;k=1;q=3;s=33,32,false,34,0.147,66,2,8192,0.331,66,2,true
dec-186,dec,d_b=16;m=5;gap=1;k=1;q=3;s=33,32,false,34,0.147,66,2,16384,0.336,66,2,true
dec-187,dec,d_b=16;m=5;gap=1;k=2;q=3;s=33,48,false,50,0.250,66,2,1,0.025,67,66,false
dec-187,dec,d_b=16;m=5;gap=1;k=2;q=3;s=33,48,false,50,0.250,66,2,2,0.038,67,66,false
dec-187,dec,d_b=16;m=5;gap=1;k=2;q=3;s=33,48,false,50,0.250,66,2,4,0.055,67,66,false
dec-187,dec,d_b=16;m=5;gap=1;k=2;q=3;s=33,48,false,50,0.250,66,2,8,0.096,67,66,false
dec-187,dec,d_b=16;m=5;gap=1;k=2;q=3;s=33,48,false,50,0.250,66,2,16,0.179,67,66,false
dec-187,dec,d_b=16;m=5;gap=1;k=2;q=3;s=33,48,false,50,0.250,66,2,32,0.369,66,2,false
dec-187,dec,d_b=16;m=5;gap=1;k=2;q=3;s=33,48,false,50,0.250,66,2,64,0.603,66,2,true
dec-187,dec,d_b=16;m=5;gap=1;k=2;q=3;s=33,48,false,50,0.250,66,2,128,0.590,66,2,true
dec-187,dec,d_b=16;m=5;gap=1;k=2;q=3;s=33,48,false,50,0.250,66,2,256,0.599,66,2,true
dec-187,dec,d_b=16;m=5;gap=1;k=2;q=3;s=33,48,false,50,0.250,66,2,512,0.588,66,2,true
dec-187,dec,d_b=16;m=5;gap=1;k=2;q=3;s=33,48,false,50,0.250,66,2,1024,0.596,66,2,true
dec-187,dec,d_b=16;m=5;gap=1;k=2;q=3;s=33,48,false,50,0.250,66,2,2048,0.584,66,2,true
dec-187,dec,d_b=16;m=5;gap=1;k=2;q=3;s=33,48,false,50,0.250,66,2,4096,0.617,66,2,true
dec-187,dec,d_b=16;m=5;gap=1;k=2;q=3;s=33,48,false,50,0.250,66,2,8192,0.585,66,2,true
dec-187,dec,d_b=16;m=5;gap=1;k=2;q=3;s=33,48,false,50,0.250,66,2,16384,0.599,66,2,true
dec-188,dec,d_b=16;m=5;gap=1;k=4;q=3;s=33,80,false,82,0.446,66,2,1,0.028,67,66,false
dec-188,dec,d_b=16;m=5;gap=1;k=4;q=3;s=33,80,false,82,0.446,66,2,2,0.041,67,66,false
dec-188,dec,d_b=16;m=5;gap=1;k=4;q=3;s=33,80,false,82,0.446,66,2,4,0.065,67,66,false
dec-188,dec,d_b=16;m=5;gap=1;k=4;q=3;s=33,80,false,82,0.446,66,2,8,0.113,67,66,false
dec-188,dec,d_b=16;m=5;gap=1;k=4;q=3;s=33,80,false,82,0.446,66,2,16,0.194,67,66,false
dec-188,dec,d_b=16;m=5;gap=1;k=4;q=3;s=33,80,false,82,0.446,66,2,32,0.389,67,66,false
dec-188,dec,d_b=16;m=5;gap=1;k=4;q=3;s=33,80,false,82,0.446,66,2,64,0.823,66,2,false
dec-188,dec,d_b=16;m=5;gap=1;k=4;q=3;s=33,80,false,82,0.446,66,2,128,1.086,66,2,true
dec-188,dec,d_b=16;m=5;gap=1;k=4;q=3;s=33,80,false,82,0.446,66,2,256,1.062,66,2,true
dec-188,dec,d_b=16;m=5;gap=1;k=4;q=3;s=33,80,false,82,0.446,66,2,512,1.071,66,2,true
dec-188,dec,d_b=16;m=5;gap=1;k=4;q=3;s=33,80,false,82,0.446,66,2,1024,1.052,66,2,true
dec-188,dec,d_b=16;m=5;gap=1;k=4;q=3;s=33,80,false,82,0.446,66,2,2048,1.067,66,2,true
dec-188,dec,d_b=16;m=5;gap=1;k=4;q=3;s=33,80,false,82,0.446,66,2,4096,1.065,66,2,true
dec-188,dec,d_b=16;m=5;gap=1;k=4;q=3;s=33,80,false,82,0.446,66,2,8192,1.068,66,2,true
dec-188,dec,d_b=16;m=5;gap=1;k=4;q=3;s=33,80,false,82,0.446,66,2,16384,1.056,66,2,true
dec-189,dec,d_b=16;m=5;gap=3;k=1;q=3;s=34,32,false,34,0.152,66,2,1,0.023,69,68,false
dec-189,dec,d_b=16;m=5;gap=3;k=1;q=3;s=34,32,false,34,0.152,66,2,2,0.039,69,68,false
dec-189,dec,d_b=16;m=5;gap=3;k=1;q=3;s=34,32,false,34,0.152,66,2,4,0.053,69,68,false
dec-189,dec,d_b=16;m=5;gap=3;k=1;q=3;s=34,32,false,34,0.152,66,2,8,0.089,69,68,false
dec-189,dec,d_b=16;m=5;gap=3;k=1;q=3;s=34,32,false,34,0.152,66,2,16,0.164,66,2,false
dec-189,dec,d_b=16;m=5;gap=3;k=1;q=3;s=34,32,false,34,0.152,66,2,32,0.348,66,2,true
dec-189,dec,d_b=16;m=5;gap=3;k=1;q=3;s=34,32,false,34,0.152,66,2,64,0.349,66,2,true
dec-189,dec,d_b=16;m=5;gap=3;k=1;q=3;s=34,32,false,34,0.152,66,2,128,0.343,66,2,true
dec-189,dec,d_b=16;m=5;gap=3;k=1;q=3;s=34,32,false,34,0.152,66,2,256,0.346,66,2,true
dec-189,dec,d_b=16;m=5;gap=3;k=1;q=3;s=34,32,false,34,0.152,66,2,512,0.338,66,2,true
dec-189,dec,d_b=16;m=5;gap=3;k=1;q=3;s=34,32,false,34,0.152,66,2,1024,0.341,66,2,true
dec-189,dec,d_b=16;m=5;gap=3;k=1;q=3;s=34,32,false,34,0.152,66,2,2048,0.334,66,2,true
dec-189,dec,d_b=16;m=5;gap=3;k=1;q=3;s=34,32,false,34,0.152,66,2,4096,0.340,66,2,true
dec-189,dec,d_b=16;m=5;gap=3;k=1;q=3;s=34,32,false,34,0.152,66,2,8192,0.335,66,2,true
dec-189,dec,d_b=16;m=5;gap=3;k=1;q=3;s=34,32,false,34,0.152,66,2,16384,0.340,66,2,true
dec-190,dec,d_b=16;m=5;gap=3;k=2;q=3;s=34,48,false,50,0.255,66,2,1,0.024,69,68,false
dec-190,dec,d_b=16;m=5;gap=3;k=2;q=3;s=34,48,false,50,0.255,66,2,2,0.038,69,68,false
dec-190,dec,d_b=16;m=5;gap=3;k=2;q=3;s=34,48,false,50,0.255,66,2,4,0.054,69,68,false
dec-190,dec,d_b=16;m=5;gap=3;k=2;q=3;s=34,48,false,50,0.255,66,2,8,0.101,69,68,false
dec-190,dec,d_b=16;m=5;gap=3;k=2;q=3;s=34,48,false,50,0.255,66,2,16,0.188,69,68,false
dec-190,dec,d_b=16;m=5;gap=3;k=2;q=3;s=34,48,false,50,0.255,66,2,32,0.377,66,2,false
dec-190,dec,d_b=16;m=5;gap=3;k=2;q=3;s=34,48,false,50,0.255,66,2,64,0.613,66,2,true
dec-190,dec,d_b=16;m=5;gap=3;k=2;q=3;s=34,48,false,50,0.255,66,2,128,0.598,66,2,true
dec-190,dec,d_b=16;m=5;gap=3;k=2;q=3;s=34,48,false,50,0.255,66,2,256,0.605,66,2,true
dec-190,dec,d_b=16;m=5;gap=3;k=2;q=3;s=34,48,false,50,0.255,66,2,512,0.591,66,2,true
dec-190,dec,d_b=16;m=5;gap=3;k=2;q=3;s=34,48,false,50,0.255,66,2,1024,0.611,66,2,true
dec-190,dec,d_b=16;m=5;gap=3;k=2;q=3;s=34,48,false,50,0.255,66,2,2048,0.587,66,2,true
dec-190,dec,d_b=16;m=5;gap=3;k=2;q=3;s=34,48,false,50,0.255,66,2,4096,0.607,66,2,true
dec-190,dec,d_b=16;m=5;gap=3;k=2;q=3;s=34,48,false,50,0.255,66,2,8192,0.590,66,2,true
dec-190,dec,d_b=16;m=5;gap=3;k=2;q=3;s=34,48,false,50,0.255,66,2,16384,0.596,66,2,true
dec-191,dec,d_b=16;m=5;gap=3;k=4;q=3;s=34,80,false,82,0.458,66,2,1,0.028,69,68,false
dec-191,dec,d_b=16;m=5;gap=3;k=4;q=3;s=34,80,false,82,0.458,66,2,2,0.041,69,68,false
dec-191,dec,d_b=16;m=5;gap=3;k=4;q=3;s=34,80,false,82,0.458,66,2,4,0.067,69,68,false
dec-191,dec,d_b=16;m=5;gap=3;k=4;q=3;s=34,80,false,82,0.458,66,2,8,0.115,69,68,false
dec-191,dec,d_b=16;m=5;gap=3;k=4;q=3;s=34,80,false,82,0.458,66,2,16,0.197,69,68,false
dec-191,dec,d_b=16;m=5;gap=3;k=4;q=3;s=34,80,false,82,0.458,66,2,32,0.398,69,68,false
dec-191,dec,d_b=16;m=5;gap=3;k=4;q=3;s=34,80,false,82,0.458,66,2,64,0.859,66,2,false
dec-191,dec,d_b=16;m=5;gap=3;k=4;q=3;s=34,80,false,82,0.458,66,2,128,1.102,66,2,true
dec-191,dec,d_b=16;m=5;gap=3;k=4;q=3;s=34,80,false,82,0.458,66,2,256,1.082,66,2,true
dec-191,dec,d_b=16;m=5;gap=3;k=4;q=3;s=34,80,false,82,0.458,66,2,512,1.095,66,2,true
dec-191,dec,d_b=16;m=5;gap=3;k=4;q=3;s=34,80,false,82,0.458,66,2,1024,1.081,66,2,true
dec-191,dec,d_b=16;m=5;gap=3;k=4;q=3;s=34,80,false,82,0.458,66,2,2048,1.091,66,2,true
dec-191,dec,d_b=16;m=5;gap=3;k=4;q=3;s=34,80,false,82,0.458,66,2,4096,1.070,66,2,true
dec-191,dec,d_b=16;m=5;gap=3;k=4;q=3;s=34,80,false,82,0.458,66,2,8192,1.093,66,2,true
dec-191,dec,d_b=16;m=5;gap=3;k=4;q=3;s=34,80,false,82,0.458,66,2,16384,1.087,66,2,true
dec-192,dec,d_b=16;m=5;gap=7;k=1;q=3;s=36,32,false,34,0.155,66,2,1,0.023,73,72,false
dec-192,dec,d_b=16;m=5;gap=7;k=1;q=3;s=36,32,false,34,0.155,66,2,2,0.040,73,72,false
dec-192,dec,d_b=16;m=5;gap=7;k=1;q=3;s=36,32,false,34,0.155,66,2,4,0.060,73,72,false
dec-192,dec,d_b=16;m=5;gap=7;k=1;q=3;s=36,32,false,34,0.155,66,2,8,0.089,73,72,false
dec-192,dec,d_b=16;m=5;gap=7;k=1;q=3;s=36,32,false,34,0.155,66,2,16,0.174,66,2,false
dec-192,dec,d_b=16;m=5;gap=7;k=1;q=3;s=36,32,false,34,0.155,66,2,32,0.359,66,2,true
dec-192,dec,d_b=16;m=5;gap=7;k=1;q=3;s=36,32,false,34,0.155,66,2,64,0.374,66,2,true
dec-192,dec,d_b=16;m=5;gap=7;k=1;q=3;s=36,32,false,34,0.155,66,2,128,0.354,66,2,true
dec-192,dec,d_b=16;m=5;gap=7;k=1;q=3;s=36,32,false,34,0.155,66,2,256,0.358,66,2,true
dec-192,dec,d_b=16;m=5;gap=7;k=1;q=3;s=36,32,false,34,0.155,66,2,512,0.362,66,2,true
dec-192,dec,d_b=16;m=5;gap=7;k=1;q=3;s=36,32,false,34,0.155,66,2,1024,0.370,66,2,true
dec-192,dec,d_b=16;m=5;gap=7;k=1;q=3;s=36,32,false,34,0.155,66,2,2048,0.347,66,2,true
dec-192,dec,d_b=16;m=5;gap=7;k=1;q=3;s=36,32,false,34,0.155,66,2,4096,0.348,66,2,true
dec-192,dec,d_b=16;m=5;gap=7;k=1;q=3;s=36,32,false,34,0.155,66,2,8192,0.367,66,2,true
dec-192,dec,d_b=16;m=5;gap=7;k=1;q=3;s=36,32,false,34,0.155,66,2,16384,0.348,66,2,true
dec-193,dec,d_b=16;m=5;gap=7;k=2;q=3;s=36,48,false,50,0.265,66,2,1,0.025,73,72,false
dec-193,dec,d_b=16;m=5;gap=7;k=2;q=3;s=36,48,false,50,0.265,66,2,2,0.039,73,72,false
dec-193,dec,d_b=16;m=5;gap=7;k=2;q=3;s=36,48,false,50,0.265,66,2,4,0.057,73,72,false
dec-193,dec,d_b=16;m=5;gap=7;k=2;q=3;s=36,48,false,50,0.265,66,2,8,0.106,73,72,false
dec-193,dec,d_b=16;m=5;gap=7;k=2;q=3;s=36,48,false,50,0.265,66,2,16,0.185,73,72,false
dec-193,dec,d_b=16;m=5;gap=7;k=2;q=3;s=36,48,false,50,0.265,66,2,32,0.393,66,2,false
dec-193,dec,d_b=16;m=5;gap=7;k=2;q=3;s=36,48,false,50,0.265,66,2,64,0.629,66,2,true
dec-193,dec,d_b=16;m=5;gap=7;k=2;q=3;s=36,48,false,50,0.265,66,2,128,0.615,66,2,true
dec-193,dec,d_b=16;m=5;gap=7;k=2;q=3;s=36,48,false,50,0.265,66,2,256,0.621,66,2,true
dec-193,dec,d_b=16;m=5;gap=7;k=2;q=3;s=36,48,false,50,0.265,66,2,512,0.621,66,2,true
dec-193,dec,d_b=16;m=5;gap=7;k=2;q=3;s=36,48,false,50,0.265,66,2,1024,0.617,66,2,true
dec-193,dec,d_b=16;m=5;gap=7;k=2;q=3;s=36,48,false,50,0.265,66,2,2048,0.607,66,2,true
dec-193,dec,d_b=16;m=5;gap=7;k=2;q=3;s=36,48,false,50,0.265,66,2,4096,0.616,66,2,true
dec-193,dec,d_b=16;m=5;gap=7;k=2;q=3;s=36,48,false,50,0.265,66,2,8192,0.630,66,2,true
dec-193,dec,d_b=16;m=5;gap=7;k=2;q=3;s=36,48,false,50,0.265,66,2,16384,0.628,66,2,true
dec-194,dec,d_b=16;m=5;gap=7;k=4;q=3;s=36,80,false,82,0.474,66,2,1,0.029,73,72,false
dec-194,dec,d_b=16;m=5;gap=7;k=4;q=3;s=36,80,false,82,0.474,66,2,2,0.043,73,72,false
dec-194,dec,d_b=16;m=5;gap=7;k=4;q=3;s=36,80,false,82,0.474,66,2,4,0.070,73,72,false
dec-194,dec,d_b=16;m=5;gap=7;k=4;q=3;s=36,80,false,82,0.474,66,2,8,0.123,73,72,false
dec-194,dec,d_b=16;m=5;gap=7;k=4;q=3;s=36,80,false,82,0.474,66,2,16,0.214,73,72,false
dec-194,dec,d_b=16;m=5;gap=7;k=4;q=3;s=36,80,false,82,0.474,66,2,32,0.430,73,72,false
dec-194,dec,d_b=16;m=5;gap=7;k=4;q=3;s=36,80,false,82,0.474,66,2,64,0.917,66,2,false
dec-194,dec,d_b=16;m=5;gap=7;k=4;q=3;s=36,80,false,82,0.474,66,2,128,1.134,66,2,true
dec-194,dec,d_b=16;m=5;gap=7;k=4;q=3;s=36,80,false,82,0.474,66,2,256,1.116,66,2,true
dec-194,dec,d_b=16;m=5;gap=7;k=4;q=3;s=36,80,false,82,0.474,66,2,512,1.129,66,2,true
dec-194,dec,d_b=16;m=5;gap=7;k=4;q=3;s=36,80,false,82,0.474,66,2,1024,1.110,66,2,true
dec-194,dec,d_b=16;m=5;gap=7;k=4;q=3;s=36,80,false,82,0.474,66,2,2048,1.125,66,2,true
dec-194,dec,d_b=16;m=5;gap=7;k=4;q=3;s=36,80,false,82,0.474,66,2,4096,1.114,66,2,true
dec-194,dec,d_b=16;m=5;gap=7;k=4;q=3;s=36,80,false,82,0.474,66,2,8192,1.118,66,2,true
dec-194,dec,d_b=16;m=5;gap=7;k=4;q=3;s=36,80,false,82,0.474,66,2,16384,1.109,66,2,true
dec-195,dec,d_b=16;m=5;gap=13;k=1;q=3;s=39,32,false,34,0.147,66,2,1,0.024,79,78,false
dec-195,dec,d_b=16;m=5;gap=13;k=1;q=3;s=39,32,false,34,0.147,66,2,2,0.042,79,78,false
dec-195,dec,d_b=16;m=5;gap=13;k=1;q=3;s=39,32,false,34,0.147,66,2,4,0.062,79,78,false
dec-195,dec,d_b=16;m=5;gap=13;k=1;q=3;s=39,32,false,34,0.147,66,2,8,0.095,79,78,false
dec-195,dec,d_b=16;m=5;gap=13;k=1;q=3;s=39,32,false,34,0.147,66,2,16,0.180,66,2,false
dec-195,dec,d_b=16;m=5;gap=13;k=1;q=3;s=39,32,false,34,0.147,66,2,32,0.379,66,2,true
dec-195,dec,d_b=16;m=5;gap=13;k=1;q=3;s=39,32,false,34,0.147,66,2,64,0.378,66,2,true
dec-195,dec,d_b=16;m=5;gap=13;k=1;q=3;s=39,32,false,34,0.147,66,2,128,0.383,66,2,true
dec-195,dec,d_b=16;m=5;gap=13;k=1;q=3;s=39,32,false,34,0.147,66,2,256,0.374,66,2,true
dec-195,dec,d_b=16;m=5;gap=13;k=1;q=3;s=39,32,false,34,0.147,66,2,512,0.370,66,2,true
dec-195,dec,d_b=16;m=5;gap=13;k=1;q=3;s=39,32,false,34,0.147,66,2,1024,0.378,66,2,true
dec-195,dec,d_b=16;m=5;gap=13;k=1;q=3;s=39,32,false,34,0.147,66,2,2048,0.378,66,2,true
dec-195,dec,d_b=16;m=5;gap=13;k=1;q=3;s=39,32,false,34,0.147,66,2,4096,0.370,66,2,true
dec-195,dec,d_b=16;m=5;gap=13;k=1;q=3;s=39,32,false,34,0.147,66,2,8192,0.366,66,2,true
dec-195,dec,d_b=16;m=5;gap=13;k=1;q=3;s=39,32,false,34,0.147,66,2,16384,0.369,66,2,true
dec-196,dec,d_b=16;m=5;gap=13;k=2;q=3;s=39,48,false,50,0.263,66,2,1,0.026,79,78,false
dec-196,dec,d_b=16;m=5;gap=13;k=2;q=3;s=39,48,false,50,0.263,66,2,2,0.041,79,78,false
dec-196,dec,d_b=16;m=5;gap=13;k=2;q=3;s=39,48,false,50,0.263,66,2,4,0.062,79,78,false
dec-196,dec,d_b=16;m=5;gap=13;k=2;q=3;s=39,48,false,50,0.263,66,2,8,0.115,79,78,false
dec-196,dec,d_b=16;m=5;gap=13;k=2;q=3;s=39,48,false,50,0.263,66,2,16,0.205,79,78,false
dec-196,dec,d_b=16;m=5;gap=13;k=2;q=3;s=39,48,false,50,0.263,66,2,32,0.433,66,2,false
dec-196,dec,d_b=16;m=5;gap=13;k=2;q=3;s=39,48,false,50,0.263,66,2,64,0.662,66,2,true
dec-196,dec,d_b=16;m=5;gap=13;k=2;q=3;s=39,48,false,50,0.263,66,2,128,0.649,66,2,true
dec-196,dec,d_b=16;m=5;gap=13;k=2;q=3;s=39,48,false,50,0.263,66,2,256,0.649,66,2,true
dec-196,dec,d_b=16;m=5;gap=13;k=2;q=3;s=39,48,false,50,0.263,66,2,512,0.642,66,2,true
dec-196,dec,d_b=16;m=5;gap=13;k=2;q=3;s=39,48,false,50,0.263,66,2,1024,0.647,66,2,true
dec-196,dec,d_b=16;m=5;gap=13;k=2;q=3;s=39,48,false,50,0.263,66,2,2048,0.648,66,2,true
dec-196,dec,d_b=16;m=5;gap=13;k=2;q=3;s=39,48,false,50,0.263,66,2,4096,0.660,66,2,true
dec-196,dec,d_b=16;m=5;gap=13;k=2;q=3;s=39,48,false,50,0.263,66,2,8192,0.639,66,2,true
dec-196,dec,d_b=16;m=5;gap=13;k=2;q=3;s=39,48,false,50,0.263,66,2,16384,0.643,66,2,true
dec-197,dec,d_b=16;m=5;gap=13;k=4;q=3;s=39,80,false,82,0.449,66,2,1,0.030,79,78,false
dec-197,dec,d_b=16;m=5;gap=13;k=4;q=3;s=39,80,false,82,0.449,66,2,2,0.045,79,78,false
dec-197,dec,d_b=16;m=5;gap=13;k=4;q=3;s=39,80,false,82,0.449,66,2,4,0.072,79,78,false
dec-197,dec,d_b=16;m=5;gap=13;k=4;q=3;s=39,80,false,82,0.449,66,2,8,0.125,79,78,false
dec-197,dec,d_b=16;m=5;gap=13;k=4;q=3;s=39,80,false,82,0.449,66,2,16,0.221,79,78,false
dec-197,dec,d_b=16;m=5;gap=13;k=4;q=3;s=39,80,false,82,0.449,66,2,32,0.461,66,2,false
dec-197,dec,d_b=16;m=5;gap=13;k=4;q=3;s=39,80,false,82,0.449,66,2,64,0.950,66,2,false
dec-197,dec,d_b=16;m=5;gap=13;k=4;q=3;s=39,80,false,82,0.449,66,2,128,1.190,66,2,true
dec-197,dec,d_b=16;m=5;gap=13;k=4;q=3;s=39,80,false,82,0.449,66,2,256,1.167,66,2,true
dec-197,dec,d_b=16;m=5;gap=13;k=4;q=3;s=39,80,false,82,0.449,66,2,512,1.185,66,2,true
dec-197,dec,d_b=16;m=5;gap=13;k=4;q=3;s=39,80,false,82,0.449,66,2,1024,1.163,66,2,true
dec-197,dec,d_b=16;m=5;gap=13;k=4;q=3;s=39,80,false,82,0.449,66,2,2048,1.186,66,2,true
dec-197,dec,d_b=16;m=5;gap=13;k=4;q=3;s=39,80,false,82,0.449,66,2,4096,1.216,66,2,true
dec-197,dec,d_b=16;m=5;gap=13;k=4;q=3;s=39,80,false,82,0.449,66,2,8192,1.196,66,2,true
dec-197,dec,d_b=16;m=5;gap=13;k=4;q=3;s=39,80,false,82,0.449,66,2,16384,1.188,66,2,true
dec-198,dec,d_b=16;m=9;gap=1;k=1;q=7;s=65,32,false,34,0.251,130,2,1,0.040,131,130,false
dec-198,dec,d_b=16;m=9;gap=1;k=1;q=7;s=65,32,false,34,0.251,130,2,2,0.067,131,130,false
dec-198,dec,d_b=16;m=9;gap=1;k=1;q=7;s=65,32,false,34,0.251,130,2,4,0.090,131,130,false
dec-198,dec,d_b=16;m=9;gap=1;k=1;q=7;s=65,32,false,34,0.251,130,2,8,0.147,131,130,false
dec-198,dec,d_b=16;m=9;gap=1;k=1;q=7;s=65,32,false,34,0.251,130,2,16,0.257,130,2,false
dec-198,dec,d_b=16;m=9;gap=1;k=1;q=7;s=65,32,false,34,0.251,130,2,32,0.538,130,2,true
dec-198,dec,d_b=16;m=9;gap=1;k=1;q=7;s=65,32,false,34,0.251,130,2,64,0.543,130,2,true
dec-198,dec,d_b=16;m=9;gap=1;k=1;q=7;s=65,32,false,34,0.251,130,2,128,0.543,130,2,true
dec-198,dec,d_b=16;m=9;gap=1;k=1;q=7;s=65,32,false,34,0.251,130,2,256,0.529,130,2,true
dec-198,dec,d_b=16;m=9;gap=1;k=1;q=7;s=65,32,false,34,0.251,130,2,512,0.524,130,2,true
dec-198,dec,d_b=16;m=9;gap=1;k=1;q=7;s=65,32,false,34,0.251,130,2,1024,0.526,130,2,true
dec-198,dec,d_b=16;m=9;gap=1;k=1;q=7;s=65,32,false,34,0.251,130,2,2048,0.522,130,2,true
dec-198,dec,d_b=16;m=9;gap=1;k=1;q=7;s=65,32,false,34,0.251,130,2,4096,0.531,130,2,true
dec-198,dec,d_b=16;m=9;gap=1;k=1;q=7;s=65,32,false,34,0.251,130,2,8192,0.538,130,2,true
dec-198,dec,d_b=16;m=9;gap=1;k=1;q=7;s=65,32,false,34,0.251,130,2,16384,0.526,130,2,true
dec-199,dec,d_b=16;m=9;gap=1;k=2;q=7;s=65,48,false,50,0.439,130,2,1,0.038,131,130,false
dec-199,dec,d_b=16;m=9;gap=1;k=2;q=7;s=65,48,false,50,0.439,130,2,2,0.063,131,130,false
dec-199,dec,d_b=16;m=9;gap=1;k=2;q=7;s=65,48,false,50,0.439,130,2,4,0.087,131,130,false
dec-199,dec,d_b=16;m=9;gap=1;k=2;q=7;s=65,48,false,50,0.439,130,2,8,0.164,131,130,false
dec-199,dec,d_b=16;m=9;gap=1;k=2;q=7;s=65,48,false,50,0.439,130,2,16,0.291,131,130,false
dec-199,dec,d_b=16;m=9;gap=1;k=2;q=7;s=65,48,false,50,0.439,130,2,32,0.583,130,2,false
dec-199,dec,d_b=16;m=9;gap=1;k=2;q=7;s=65,48,false,50,0.439,130,2,64,0.941,130,2,true
dec-199,dec,d_b=16;m=9;gap=1;k=2;q=7;s=65,48,false,50,0.439,130,2,128,0.929,130,2,true
dec-199,dec,d_b=16;m=9;gap=1;k=2;q=7;s=65,48,false,50,0.439,130,2,256,0.931,130,2,true
dec-199,dec,d_b=16;m=9;gap=1;k=2;q=7;s=65,48,false,50,0.439,130,2,512,0.921,130,2,true
dec-199,dec,d_b=16;m=9;gap=1;k=2;q=7;s=65,48,false,50,0.439,130,2,1024,0.926,130,2,true
dec-199,dec,d_b=16;m=9;gap=1;k=2;q=7;s=65,48,false,50,0.439,130,2,2048,0.917,130,2,true
dec-199,dec,d_b=16;m=9;gap=1;k=2;q=7;s=65,48,false,50,0.439,130,2,4096,0.926,130,2,true
dec-199,dec,d_b=16;m=9;gap=1;k=2;q=7;s=65,48,false,50,0.439,130,2,8192,0.920,130,2,true
dec-199,dec,d_b=16;m=9;gap=1;k=2;q=7;s=65,48,false,50,0.439,130,2,16384,0.925,130,2,true
dec-200,dec,d_b=16;m=9;gap=1;k=4;q=7;s=65,80,false,82,0.816,130,2,1,0.050,131,130,false
dec-200,dec,d_b=16;m=9;gap=1;k=4;q=7;s=65,80,false,82,0.816,130,2,2,0.072,131,130,false
dec-200,dec,d_b=16;m=9;gap=1;k=4;q=7;s=65,80,false,82,0.816,130,2,4,0.118,131,130,false
dec-200,dec,d_b=16;m=9;gap=1;k=4;q=7;s=65,80,false,82,0.816,130,2,8,0.232,131,130,false
dec-200,dec,d_b=16;m=9;gap=1;k=4;q=7;s=65,80,false,82,0.816,130,2,16,0.332,131,130,false
dec-200,dec,d_b=16;m=9;gap=1;k=4;q=7;s=65,80,false,82,0.816,130,2,32,0.661,131,130,false
dec-200,dec,d_b=16;m=9;gap=1;k=4;q=7;s=65,80,false,82,0.816,130,2,64,1.372,130,2,false
dec-200,dec,d_b=16;m=9;gap=1;k=4;q=7;s=65,80,false,82,0.816,130,2,128,1.837,130,2,true
dec-200,dec,d_b=16;m=9;gap=1;k=4;q=7;s=65,80,false,82,0.816,130,2,256,1.799,130,2,true
dec-200,dec,d_b=16;m=9;gap=1;k=4;q=7;s=65,80,false,82,0.816,130,2,512,1.846,130,2,true
dec-200,dec,d_b=16;m=9;gap=1;k=4;q=7;s=65,80,false,82,0.816,130,2,1024,1.836,130,2,true
dec-200,dec,d_b=16;m=9;gap=1;k=4;q=7;s=65,80,false,82,0.816,130,2,2048,1.757,130,2,true
dec-200,dec,d_b=16;m=9;gap=1;k=4;q=7;s=65,80,false,82,0.816,130,2,4096,1.799,130,2,true
dec-200,dec,d_b=16;m=9;gap=1;k=4;q=7;s=65,80,false,82,0.816,130,2,8192,1.774,130,2,true
dec-200,dec,d_b=16;m=9;gap=1;k=4;q=7;s=65,80,false,82,0.816,130,2,16384,1.842,130,2,true
dec-201,dec,d_b=16;m=9;gap=3;k=1;q=7;s=66,32,false,34,0.249,130,2,1,0.037,133,132,false
dec-201,dec,d_b=16;m=9;gap=3;k=1;q=7;s=66,32,false,34,0.249,130,2,2,0.065,133,132,false
dec-201,dec,d_b=16;m=9;gap=3;k=1;q=7;s=66,32,false,34,0.249,130,2,4,0.090,133,132,false
dec-201,dec,d_b=16;m=9;gap=3;k=1;q=7;s=66,32,false,34,0.249,130,2,8,0.148,133,132,false
dec-201,dec,d_b=16;m=9;gap=3;k=1;q=7;s=66,32,false,34,0.249,130,2,16,0.257,130,2,false
dec-201,dec,d_b=16;m=9;gap=3;k=1;q=7;s=66,32,false,34,0.249,130,2,32,0.544,130,2,true
dec-201,dec,d_b=16;m=9;gap=3;k=1;q=7;s=66,32,false,34,0.249,130,2,64,0.528,130,2,true
dec-201,dec,d_b=16;m=9;gap=3;k=1;q=7;s=66,32,false,34,0.249,130,2,128,0.533,130,2,true
dec-201,dec,d_b=16;m=9;gap=3;k=1;q=7;s=66,32,false,34,0.249,130,2,256,0.522,130,2,true
dec-201,dec,d_b=16;m=9;gap=3;k=1;q=7;s=66,32,false,34,0.249,130,2,512,0.530,130,2,true
dec-201,dec,d_b=16;m=9;gap=3;k=1;q=7;s=66,32,false,34,0.249,130,2,1024,0.528,130,2,true
dec-201,dec,d_b=16;m=9;gap=3;k=1;q=7;s=66,32,false,34,0.249,130,2,2048,0.528,130,2,true
dec-201,dec,d_b=16;m=9;gap=3;k=1;q=7;s=66,32,false,34,0.249,130,2,4096,0.518,130,2,true
dec-201,dec,d_b=16;m=9;gap=3;k=1;q=7;s=66,32,false,34,0.249,130,2,8192,0.526,130,2,true
dec-201,dec,d_b=16;m=9;gap=3;k=1;q=7;s=66,32,false,34,0.249,130,2,16384,0.520,130,2,true
dec-202,dec,d_b=16;m=9;gap=3;k=2;q=7;s=66,48,false,50,0.433,130,2,1,0.039,133,132,false
dec-202,dec,d_b=16;m=9;gap=3;k=2;q=7;s=66,48,false,50,0.433,130,2,2,0.064,133,132,false
dec-202,dec,d_b=16;m=9;gap=3;k=2;q=7;s=66,48,false,50,0.433,130,2,4,0.087,133,132,false
dec-202,dec,d_b=16;m=9;gap=3;k=2;q=7;s=66,48,false,50,0.433,130,2,8,0.161,133,132,false
dec-202,dec,d_b=16;m=9;gap=3;k=2;q=7;s=66,48,false,50,0.433,130,2,16,0.292,133,132,false
dec-202,dec,d_b=16;m=9;gap=3;k=2;q=7;s=66,48,false,50,0.433,130,2,32,0.592,130,2,false
dec-202,dec,d_b=16;m=9;gap=3;k=2;q=7;s=66,48,false,50,0.433,130,2,64,0.960,130,2,true
dec-202,dec,d_b=16;m=9;gap=3;k=2;q=7;s=66,48,false,50,0.433,130,2,128,0.932,130,2,true
dec-202,dec,d_b=16;m=9;gap=3;k=2;q=7;s=66,48,false,50,0.433,130,2,256,0.950,130,2,true
dec-202,dec,d_b=16;m=9;gap=3;k=2;q=7;s=66,48,false,50,0.433,130,2,512,0.930,130,2,true
dec-202,dec,d_b=16;m=9;gap=3;k=2;q=7;s=66,48,false,50,0.433,130,2,1024,0.938,130,2,true
dec-202,dec,d_b=16;m=9;gap=3;k=2;q=7;s=66,48,false,50,0.433,130,2,2048,0.933,130,2,true
dec-202,dec,d_b=16;m=9;gap=3;k=2;q=7;s=66,48,false,50,0.433,130,2,4096,0.932,130,2,true
dec-202,dec,d_b=16;m=9;gap=3;k=2;q=7;s=66,48,false,50,0.433,130,2,8192,0.947,130,2,true
dec-202,dec,d_b=16;m=9;gap=3;k=2;q=7;s=66,48,false,50,0.433,130,2,16384,0.939,130,2,true
dec-203,dec,d_b=16;m=9;gap=3;k=4;q=7;s=66,80,false,82,0.831,130,2,1,0.045,133,132,false
dec-203,dec,d_b=16;m=9;gap=3;k=4;q=7;s=66,80,false,82,0.831,130,2,2,0.069,133,132,false
dec-203,dec,d_b=16;m=9;gap=3;k=4;q=7;s=66,80,false,82,0.831,130,2,4,0.117,133,132,false
dec-203,dec,d_b=16;m=9;gap=3;k=4;q=7;s=66,80,false,82,0.831,130,2,8,0.202,133,132,false
dec-203,dec,d_b=16;m=9;gap=3;k=4;q=7;s=66,80,false,82,0.831,130,2,16,0.330,133,132,false
dec-203,dec,d_b=16;m=9;gap=3;k=4;q=7;s=66,80,false,82,0.831,130,2,32,0.659,133,132,false
dec-203,dec,d_b=16;m=9;gap=3;k=4;q=7;s=66,80,false,82,0.831,130,2,64,1.349,130,2,false
dec-203,dec,d_b=16;m=9;gap=3;k=4;q=7;s=66,80,false,82,0.831,130,2,128,1.810,130,2,true
dec-203,dec,d_b=16;m=9;gap=3;k=4;q=7;s=66,80,false,82,0.831,130,2,256,1.781,130,2,true
dec-203,dec,d_b=16;m=9;gap=3;k=4;q=7;s=66,80,false,82,0.831,130,2,512,1.806,130,2,true
dec-203,dec,d_b=16;m=9;gap=3;k=4;q=7;s=66,80,false,82,0.831,130,2,1024,1.777,130,2,true
dec-203,dec,d_b=16;m=9;gap=3;k=4;q=7;s=66,80,false,82,0.831,130,2,2048,1.798,130,2,true
dec-203,dec,d_b=16;m=9;gap=3;k=4;q=7;s=66,80,false,82,0.831,130,2,4096,1.779,130,2,true
dec-203,dec,d_b=16;m=9;gap=3;k=4;q=7;s=66,80,false,82,0.831,130,2,8192,1.801,130,2,true
dec-203,dec,d_b=16;m=9;gap=3;k=4;q=7;s=66,80,false,82,0.831,130,2,16384,1.771,130,2,true
dec-204,dec,d_b=16;m=9;gap=7;k=1;q=7;s=68,32,false,34,0.253,130,2,1,0.038,137,136,false
dec-204,dec,d_b=16;m=9;gap=7;k=1;q=7;s=68,32,false,34,0.253,130,2,2,0.066,137,136,false
dec-204,dec,d_b=16;m=9;gap=7;k=1;q=7;s=68,32,false,34,0.253,130,2,4,0.090,137,136,false
dec-204,dec,d_b=16;m=9;gap=7;k=1;q=7;s=68,32,false,34,0.253,130,2,8,0.147,137,136,false
dec-204,dec,d_b=16;m=9;gap=7;k=1;q=7;s=68,32,false,34,0.253,130,2,16,0.265,130,2,false
dec-204,dec,d_b=16;m=9;gap=7;k=1;q=7;s=68,32,false,34,0.253,130,2,32,0.549,130,2,true
dec-204,dec,d_b=16;m=9;gap=7;k=1;q=7;s=68,32,false,34,0.253,130,2,64,0.546,130,2,true
dec-204,dec,d_b=16;m=9;gap=7;k=1;q=7;s=68,32,false,34,0.253,130,2,128,0.537,130,2,true
dec-204,dec,d_b=16;m=9;gap=7;k=1;q=7;s=68,32,false,34,0.253,130,2,256,0.541,130,2,true
dec-204,dec,d_b=16;m=9;gap=7;k=1;q=7;s=68,32,false,34,0.253,130,2,512,0.532,130,2,true
dec-204,dec,d_b=16;m=9;gap=7;k=1;q=7;s=68,32,false,34,0.253,130,2,1024,0.538,130,2,true
dec-204,dec,d_b=16;m=9;gap=7;k=1;q=7;s=68,32,false,34,0.253,130,2,2048,0.530,130,2,true
dec-204,dec,d_b=16;m=9;gap=7;k=1;q=7;s=68,32,false,34,0.253,130,2,4096,0.535,130,2,true
dec-204,dec,d_b=16;m=9;gap=7;k=1;q=7;s=68,32,false,34,0.253,130,2,8192,0.529,130,2,true
dec-204,dec,d_b=16;m=9;gap=7;k=1;q=7;s=68,32,false,34,0.253,130,2,16384,0.536,130,2,true
dec-205,dec,d_b=16;m=9;gap=7;k=2;q=7;s=68,48,false,50,0.439,130,2,1,0.038,137,136,false
dec-205,dec,d_b=16;m=9;gap=7;k=2;q=7;s=68,48,false,50,0.439,130,2,2,0.067,137,136,false
dec-205,dec,d_b=16;m=9;gap=7;k=2;q=7;s=68,48,false,50,0.439,130,2,4,0.088,137,136,false
dec-205,dec,d_b=16;m=9;gap=7;k=2;q=7;s=68,48,false,50,0.439,130,2,8,0.166,137,136,false
dec-205,dec,d_b=16;m=9;gap=7;k=2;q=7;s=68,48,false,50,0.439,130,2,16,0.294,137,136,false
dec-205,dec,d_b=16;m=9;gap=7;k=2;q=7;s=68,48,false,50,0.439,130,2,32,0.622,130,2,false
dec-205,dec,d_b=16;m=9;gap=7;k=2;q=7;s=68,48,false,50,0.439,130,2,64,0.967,130,2,true
dec-205,dec,d_b=16;m=9;gap=7;k=2;q=7;s=68,48,false,50,0.439,130,2,128,0.991,130,2,true
dec-205,dec,d_b=16;m=9;gap=7;k=2;q=7;s=68,48,false,50,0.439,130,2,256,0.969,130,2,true
dec-205,dec,d_b=16;m=9;gap=7;k=2;q=7;s=68,48,false,50,0.439,130,2,512,0.970,130,2,true
dec-205,dec,d_b=16;m=9;gap=7;k=2;q=7;s=68,48,false,50,0.439,130,2,1024,0.962,130,2,true
dec-205,dec,d_b=16;m=9;gap=7;k=2;q=7;s=68,48,false,50,0.439,130,2,2048,0.957,130,2,true
dec-205,dec,d_b=16;m=9;gap=7;k=2;q=7;s=68,48,false,50,0.439,130,2,4096,0.995,130,2,true
dec-205,dec,d_b=16;m=9;gap=7;k=2;q=7;s=68,48,false,50,0.439,130,2,8192,0.959,130,2,true
dec-205,dec,d_b=16;m=9;gap=7;k=2;q=7;s=68,48,false,50,0.439,130,2,16384,0.977,130,2,true
dec-206,dec,d_b=16;m=9;gap=7;k=4;q=7;s=68,80,false,82,0.851,130,2,1,0.048,137,136,false
dec-206,dec,d_b=16;m=9;gap=7;k=4;q=7;s=68,80,false,82,0.851,130,2,2,0.074,137,136,false
dec-206,dec,d_b=16;m=9;gap=7;k=4;q=7;s=68,80,false,82,0.851,130,2,4,0.123,137,136,false
dec-206,dec,d_b=16;m=9;gap=7;k=4;q=7;s=68,80,false,82,0.851,130,2,8,0.205,137,136,false
dec-206,dec,d_b=16;m=9;gap=7;k=4;q=7;s=68,80,false,82,0.851,130,2,16,0.364,137,136,false
dec-206,dec,d_b=16;m=9;gap=7;k=4;q=7;s=68,80,false,82,0.851,130,2,32,0.712,137,136,false
dec-206,dec,d_b=16;m=9;gap=7;k=4;q=7;s=68,80,false,82,0.851,130,2,64,1.466,130,2,false
dec-206,dec,d_b=16;m=9;gap=7;k=4;q=7;s=68,80,false,82,0.851,130,2,128,1.823,130,2,true
dec-206,dec,d_b=16;m=9;gap=7;k=4;q=7;s=68,80,false,82,0.851,130,2,256,1.821,130,2,true
dec-206,dec,d_b=16;m=9;gap=7;k=4;q=7;s=68,80,false,82,0.851,130,2,512,1.809,130,2,true
dec-206,dec,d_b=16;m=9;gap=7;k=4;q=7;s=68,80,false,82,0.851,130,2,1024,1.838,130,2,true
dec-206,dec,d_b=16;m=9;gap=7;k=4;q=7;s=68,80,false,82,0.851,130,2,2048,1.814,130,2,true
dec-206,dec,d_b=16;m=9;gap=7;k=4;q=7;s=68,80,false,82,0.851,130,2,4096,1.811,130,2,true
dec-206,dec,d_b=16;m=9;gap=7;k=4;q=7;s=68,80,false,82,0.851,130,2,8192,1.799,130,2,true
dec-206,dec,d_b=16;m=9;gap=7;k=4;q=7;s=68,80,false,82,0.851,130,2,16384,1.799,130,2,true
dec-207,dec,d_b=16;m=9;gap=13;k=1;q=7;s=71,32,false,34,0.265,130,2,1,0.039,143,142,false
dec-207,dec,d_b=16;m=9;gap=13;k=1;q=7;s=71,32,false,34,0.265,130,2,2,0.069,143,142,false
dec-207,dec,d_b=16;m=9;gap=13;k=1;q=7;s=71,32,false,34,0.265,130,2,4,0.099,143,142,false
dec-207,dec,d_b=16;m=9;gap=13;k=1;q=7;s=71,32,false,34,0.265,130,2,8,0.155,143,142,false
dec-207,dec,d_b=16;m=9;gap=13;k=1;q=7;s=71,32,false,34,0.265,130,2,16,0.273,130,2,false
dec-207,dec,d_b=16;m=9;gap=13;k=1;q=7;s=71,32,false,34,0.265,130,2,32,0.566,130,2,true
dec-207,dec,d_b=16;m=9;gap=13;k=1;q=7;s=71,32,false,34,0.265,130,2,64,0.589,130,2,true
dec-207,dec,d_b=16;m=9;gap=13;k=1;q=7;s=71,32,false,34,0.265,130,2,128,0.560,130,2,true
dec-207,dec,d_b=16;m=9;gap=13;k=1;q=7;s=71,32,false,34,0.265,130,2,256,0.550,130,2,true
dec-207,dec,d_b=16;m=9;gap=13;k=1;q=7;s=71,32,false,34,0.265,130,2,512,0.555,130,2,true
dec-207,dec,d_b=16;m=9;gap=13;k=1;q=7;s=71,32,false,34,0.265,130,2,1024,0.551,130,2,true
dec-207,dec,d_b=16;m=9;gap=13;k=1;q=7;s=71,32,false,34,0.265,130,2,2048,0.551,130,2,true
dec-207,dec,d_b=16;m=9;gap=13;k=1;q=7;s=71,32,false,34,0.265,130,2,4096,0.547,130,2,true
dec-207,dec,d_b=16;m=9;gap=13;k=1;q=7;s=71,32,false,34,0.265,130,2,8192,0.551,130,2,true
dec-207,dec,d_b=16;m=9;gap=13;k=1;q=7;s=71,32,false,34,0.265,130,2,16384,0.545,130,2,true
dec-208,dec,d_b=16;m=9;gap=13;k=2;q=7;s=71,48,false,50,0.454,130,2,1,0.045,143,142,false
dec-208,dec,d_b=16;m=9;gap=13;k=2;q=7;s=71,48,false,50,0.454,130,2,2,0.068,143,142,false
dec-208,dec,d_b=16;m=9;gap=13;k=2;q=7;s=71,48,false,50,0.454,130,2,4,0.095,143,142,false
dec-208,dec,d_b=16;m=9;gap=13;k=2;q=7;s=71,48,false,50,0.454,130,2,8,0.170,143,142,false
dec-208,dec,d_b=16;m=9;gap=13;k=2;q=7;s=71,48,false,50,0.454,130,2,16,0.319,143,142,false
dec-208,dec,d_b=16;m=9;gap=13;k=2;q=7;s=71,48,false,50,0.454,130,2,32,0.629,130,2,false
dec-208,dec,d_b=16;m=9;gap=13;k=2;q=7;s=71,48,false,50,0.454,130,2,64,0.994,130,2,true
dec-208,dec,d_b=16;m=9;gap=13;k=2;q=7;s=71,48,false,50,0.454,130,2,128,0.980,130,2,true
dec-208,dec,d_b=16;m=9;gap=13;k=2;q=7;s=71,48,false,50,0.454,130,2,256,1.009,130,2,true
dec-208,dec,d_b=16;m=9;gap=13;k=2;q=7;s=71,48,false,50,0.454,130,2,512,0.986,130,2,true
dec-208,dec,d_b=16;m=9;gap=13;k=2;q=7;s=71,48,false,50,0.454,130,2,1024,0.975,130,2,true
dec-208,dec,d_b=16;m=9;gap=13;k=2;q=7;s=71,48,false,50,0.454,130,2,2048,0.972,130,2,true
dec-208,dec,d_b=16;m=9;gap=13;k=2;q=7;s=71,48,false,50,0.454,130,2,4096,0.988,130,2,true
dec-208,dec,d_b=16;m=9;gap=13;k=2;q=7;s=71,48,false,50,0.454,130,2,8192,0.991,130,2,true
dec-208,dec,d_b=16;m=9;gap=13;k=2;q=7;s=71,48,false,50,0.454,130,2,16384,0.974,130,2,true
dec-209,dec,d_b=16;m=9;gap=13;k=4;q=7;s=71,80,false,82,0.868,130,2,1,0.053,143,142,false
dec-209,dec,d_b=16;m=9;gap=13;k=4;q=7;s=71,80,false,82,0.868,130,2,2,0.076,143,142,false
dec-209,dec,d_b=16;m=9;gap=13;k=4;q=7;s=71,80,false,82,0.868,130,2,4,0.127,143,142,false
dec-209,dec,d_b=16;m=9;gap=13;k=4;q=7;s=71,80,false,82,0.868,130,2,8,0.213,143,142,false
dec-209,dec,d_b=16;m=9;gap=13;k=4;q=7;s=71,80,false,82,0.868,130,2,16,0.394,143,142,false
dec-209,dec,d_b=16;m=9;gap=13;k=4;q=7;s=71,80,false,82,0.868,130,2,32,0.757,143,142,false
dec-209,dec,d_b=16;m=9;gap=13;k=4;q=7;s=71,80,false,82,0.868,130,2,64,1.570,130,2,false
dec-209,dec,d_b=16;m=9;gap=13;k=4;q=7;s=71,80,false,82,0.868,130,2,128,1.884,130,2,true
dec-209,dec,d_b=16;m=9;gap=13;k=4;q=7;s=71,80,false,82,0.868,130,2,256,1.886,130,2,true
dec-209,dec,d_b=16;m=9;gap=13;k=4;q=7;s=71,80,false,82,0.868,130,2,512,1.880,130,2,true
dec-209,dec,d_b=16;m=9;gap=13;k=4;q=7;s=71,80,false,82,0.868,130,2,1024,1.858,130,2,true
dec-209,dec,d_b=16;m=9;gap=13;k=4;q=7;s=71,80,false,82,0.868,130,2,2048,1.869,130,2,true
dec-209,dec,d_b=16;m=9;gap=13;k=4;q=7;s=71,80,false,82,0.868,130,2,4096,1.849,130,2,true
dec-209,dec,d_b=16;m=9;gap=13;k=4;q=7;s=71,80,false,82,0.868,130,2,8192,1.865,130,2,true
dec-209,dec,d_b=16;m=9;gap=13;k=4;q=7;s=71,80,false,82,0.868,130,2,16384,1.855,130,2,true
dec-210,dec,d_b=20;m=2;gap=1;k=1;q=0;s=11,40,false,41,0.105,22,2,1,0.013,23,22,false
dec-210,dec,d_b=20;m=2;gap=1;k=1;q=0;s=11,40,false,41,0.105,22,2,2,0.021,23,22,false
dec-210,dec,d_b=20;m=2;gap=1;k=1;q=0;s=11,40,false,41,0.105,22,2,4,0.030,23,22,false
dec-210,dec,d_b=20;m=2;gap=1;k=1;q=0;s=11,40,false,41,0.105,22,2,8,0.049,23,22,false
dec-210,dec,d_b=20;m=2;gap=1;k=1;q=0;s=11,40,false,41,0.105,22,2,16,0.089,23,22,false
dec-210,dec,d_b=20;m=2;gap=1;k=1;q=0;s=11,40,false,41,0.105,22,2,32,0.207,22,2,false
dec-210,dec,d_b=20;m=2;gap=1;k=1;q=0;s=11,40,false,41,0.105,22,2,64,0.282,22,2,true
dec-210,dec,d_b=20;m=2;gap=1;k=1;q=0;s=11,40,false,41,0.105,22,2,128,0.279,22,2,true
dec-210,dec,d_b=20;m=2;gap=1;k=1;q=0;s=11,40,false,41,0.105,22,2,256,0.275,22,2,true
dec-210,dec,d_b=20;m=2;gap=1;k=1;q=0;s=11,40,false,41,0.105,22,2,512,0.277,22,2,true
dec-210,dec,d_b=20;m=2;gap=1;k=1;q=0;s=11,40,false,41,0.105,22,2,1024,0.274,22,2,true
dec-210,dec,d_b=20;m=2;gap=1;k=1;q=0;s=11,40,false,41,0.105,22,2,2048,0.273,22,2,true
dec-210,dec,d_b=20;m=2;gap=1;k=1;q=0;s=11,40,false,41,0.105,22,2,4096,0.272,22,2,true
dec-210,dec,d_b=20;m=2;gap=1;k=1;q=0;s=11,40,false,41,0.105,22,2,8192,0.272,22,2,true
dec-210,dec,d_b=20;m=2;gap=1;k=1;q=0;s=11,40,false,41,0.105,22,2,16384,0.273,22,2,true
dec-211,dec,d_b=20;m=2;gap=1;k=2;q=0;s=11,60,false,61,0.149,22,2,1,0.013,23,22,false
dec-211,dec,d_b=20;m=2;gap=1;k=2;q=0;s=11,60,false,61,0.149,22,2,2,0.019,23,22,false
dec-211,dec,d_b=20;m=2;gap=1;k=2;q=0;s=11,60,false,61,0.149,22,2,4,0.028,23,22,false
dec-211,dec,d_b=20;m=2;gap=1;k=2;q=0;s=11,60,false,61,0.149,22,2,8,0.050,23,22,false
dec-211,dec,d_b=20;m=2;gap=1;k=2;q=0;s=11,60,false,61,0.149,22,2,16,0.093,23,22,false
dec-211,dec,d_b=20;m=2;gap=1;k=2;q=0;s=11,60,false,61,0.149,22,2,32,0.208,22,2,false
dec-211,dec,d_b=20;m=2;gap=1;k=2;q=0;s=11,60,false,61,0.149,22,2,64,0.452,22,2,true
dec-211,dec,d_b=20;m=2;gap=1;k=2;q=0;s=11,60,false,61,0.149,22,2,128,0.447,22,2,true
dec-211,dec,d_b=20;m=2;gap=1;k=2;q=0;s=11,60,false,61,0.149,22,2,256,0.446,22,2,true
dec-211,dec,d_b=20;m=2;gap=1;k=2;q=0;s=11,60,false,61,0.149,22,2,512,0.444,22,2,true
dec-211,dec,d_b=20;m=2;gap=1;k=2;q=0;s=11,60,false,61,0.149,22,2,1024,0.441,22,2,true
dec-211,dec,d_b=20;m=2;gap=1;k=2;q=0;s=11,60,false,61,0.149,22,2,2048,0.441,22,2,true
dec-211,dec,d_b=20;m=2;gap=1;k=2;q=0;s=11,60,false,61,0.149,22,2,4096,0.439,22,2,true
dec-211,dec,d_b=20;m=2;gap=1;k=2;q=0;s=11,60,false,61,0.149,22,2,8192,0.438,22,2,true
dec-211,dec,d_b=20;m=2;gap=1;k=2;q=0;s=11,60,false,61,0.149,22,2,16384,0.438,22,2,true
dec-212,dec,d_b=20;m=2;gap=1;k=4;q=0;s=11,100,false,101,0.257,22,2,1,0.015,23,22,false
dec-212,dec,d_b=20;m=2;gap=1;k=4;q=0;s=11,100,false,101,0.257,22,2,2,0.021,23,22,false
dec-212,dec,d_b=20;m=2;gap=1;k=4;q=0;s=11,100,false,101,0.257,22,2,4,0.032,23,22,false
dec-212,dec,d_b=20;m=2;gap=1;k=4;q=0;s=11,100,false,101,0.257,22,2,8,0.053,23,22,false
dec-212,dec,d_b=20;m=2;gap=1;k=4;q=0;s=11,100,false,101,0.257,22,2,16,0.095,23,22,false
dec-212,dec,d_b=20;m=2;gap=1;k=4;q=0;s=11,100,false,101,0.257,22,2,32,0.187,23,22,false
dec-212,dec,d_b=20;m=2;gap=1;k=4;q=0;s=11,100,false,101,0.257,22,2,64,0.435,22,2,false
dec-212,dec,d_b=20;m=2;gap=1;k=4;q=0;s=11,100,false,101,0.257,22,2,128,0.788,22,2,true
dec-212,dec,d_b=20;m=2;gap=1;k=4;q=0;s=11,100,false,101,0.257,22,2,256,0.791,22,2,true
dec-212,dec,d_b=20;m=2;gap=1;k=4;q=0;s=11,100,false,101,0.257,22,2,512,0.805,22,2,true
dec-212,dec,d_b=20;m=2;gap=1;k=4;q=0;s=11,100,false,101,0.257,22,2,1024,0.789,22,2,true
dec-212,dec,d_b=20;m=2;gap=1;k=4;q=0;s=11,100,false,101,0.257,22,2,2048,0.776,22,2,true
dec-212,dec,d_b=20;m=2;gap=1;k=4;q=0;s=11,100,false,101,0.257,22,2,4096,0.776,22,2,true
dec-212,dec,d_b=20;m=2;gap=1;k=4;q=0;s=11,100,false,101,0.257,22,2,8192,0.774,22,2,true
dec-212,dec,d_b=20;m=2;gap=1;k=4;q=0;s=11,100,false,101,0.257,22,2,16384,0.776,22,2,true
dec-213,dec,d_b=20;m=2;gap=3;k=1;q=0;s=12,40,false,41,0.094,22,2,1,0.013,25,24,false
dec-213,dec,d_b=20;m=2;gap=3;k=1;q=0;s=12,40,false,41,0.094,22,2,2,0.020,25,24,false
dec-213,dec,d_b=20;m=2;gap=3;k=1;q=0;s=12,40,false,41,0.094,22,2,4,0.029,25,24,false
dec-213,dec,d_b=20;m=2;gap=3;k=1;q=0;s=12,40,false,41,0.094,22,2,8,0.050,25,24,false
dec-213,dec,d_b=20;m=2;gap=3;k=1;q=0;s=12,40,false,41,0.094,22,2,16,0.093,25,24,false
dec-213,dec,d_b=20;m=2;gap=3;k=1;q=0;s=12,40,false,41,0.094,22,2,32,0.213,22,2,false
dec-213,dec,d_b=20;m=2;gap=3;k=1;q=0;s=12,40,false,41,0.094,22,2,64,0.303,22,2,true
dec-213,dec,d_b=20;m=2;gap=3;k=1;q=0;s=12,40,false,41,0.094,22,2,128,0.285,22,2,true
dec-213,dec,d_b=20;m=2;gap=3;k=1;q=0;s=12,40,false,41,0.094,22,2,256,0.284,22,2,true
dec-213,dec,d_b=20;m=2;gap=3;k=1;q=0;s=12,40,false,41,0.094,22,2,512,0.281,22,2,true
dec-213,dec,d_b=20;m=2;gap=3;k=1;q=0;s=12,40,false,41,0.094,22,2,1024,0.281,22,2,true
dec-213,dec,d_b=20;m=2;gap=3;k=1;q=0;s=12,40,false,41,0.094,22,2,2048,0.281,22,2,true
dec-213,dec,d_b=20;m=2;gap=3;k=1;q=0;s=12,40,false,41,0.094,22,2,4096,0.280,22,2,true
dec-213,dec,d_b=20;m=2;gap=3;k=1;q=0;s=12,40,false,41,0.094,22,2,8192,0.279,22,2,true
dec-213,dec,d_b=20;m=2;gap=3;k=1;q=0;s=12,40,false,41,0.094,22,2,16384,0.279,22,2,true
dec-214,dec,d_b=20;m=2;gap=3;k=2;q=0;s=12,60,false,61,0.145,22,2,1,0.013,25,24,false
dec-214,dec,d_b=20;m=2;gap=3;k=2;q=0;s=12,60,false,61,0.145,22,2,2,0.019,25,24,false
dec-214,dec,d_b=20;m=2;gap=3;k=2;q=0;s=12,60,false,61,0.145,22,2,4,0.029,25,24,false
dec-214,dec,d_b=20;m=2;gap=3;k=2;q=0;s=12,60,false,61,0.145,22,2,8,0.052,25,24,false
dec-214,dec,d_b=20;m=2;gap=3;k=2;q=0;s=12,60,false,61,0.145,22,2,16,0.095,25,24,false
dec-214,dec,d_b=20;m=2;gap=3;k=2;q=0;s=12,60,false,61,0.145,22,2,32,0.212,22,2,false
dec-214,dec,d_b=20;m=2;gap=3;k=2;q=0;s=12,60,false,61,0.145,22,2,64,0.454,22,2,true
dec-214,dec,d_b=20;m=2;gap=3;k=2;q=0;s=12,60,false,61,0.145,22,2,128,0.456,22,2,true
dec-214,dec,d_b=20;m=2;gap=3;k=2;q=0;s=12,60,false,61,0.145,22,2,256,0.455,22,2,true
dec-214,dec,d_b=20;m=2;gap=3;k=2;q=0;s=12,60,false,61,0.145,22,2,512,0.453,22,2,true
dec-214,dec,d_b=20;m=2;gap=3;k=2;q=0;s=12,60,false,61,0.145,22,2,1024,0.453,22,2,true
dec-214,dec,d_b=20;m=2;gap=3;k=2;q=0;s=12,60,false,61,0.145,22,2,2048,0.454,22,2,true
dec-214,dec,d_b=20;m=2;gap=3;k=2;q=0;s=12,60,false,61,0.145,22,2,4096,0.451,22,2,true
dec-214,dec,d_b=20;m=2;gap=3;k=2;q=0;s=12,60,false,61,0.145,22,2,8192,0.449,22,2,true
dec-214,dec,d_b=20;m=2;gap=3;k=2;q=0;s=12,60,false,61,0.145,22,2,16384,0.449,22,2,true
dec-215,dec,d_b=20;m=2;gap=3;k=4;q=0;s=12,100,false,101,0.249,22,2,1,0.016,25,24,false
dec-215,dec,d_b=20;m=2;gap=3;k=4;q=0;s=12,100,false,101,0.249,22,2,2,0.021,25,24,false
dec-215,dec,d_b=20;m=2;gap=3;k=4;q=0;s=12,100,false,101,0.249,22,2,4,0.034,25,24,false
dec-215,dec,d_b=20;m=2;gap=3;k=4;q=0;s=12,100,false,101,0.249,22,2,8,0.055,25,24,false
dec-215,dec,d_b=20;m=2;gap=3;k=4;q=0;s=12,100,false,101,0.249,22,2,16,0.099,25,24,false
dec-215,dec,d_b=20;m=2;gap=3;k=4;q=0;s=12,100,false,101,0.249,22,2,32,0.196,25,24,false
dec-215,dec,d_b=20;m=2;gap=3;k=4;q=0;s=12,100,false,101,0.249,22,2,64,0.458,22,2,false
dec-215,dec,d_b=20;m=2;gap=3;k=4;q=0;s=12,100,false,101,0.249,22,2,128,0.815,22,2,true
dec-215,dec,d_b=20;m=2;gap=3;k=4;q=0;s=12,100,false,101,0.249,22,2,256,0.811,22,2,true
dec-215,dec,d_b=20;m=2;gap=3;k=4;q=0;s=12,100,false,101,0.249,22,2,512,0.827,22,2,true
dec-215,dec,d_b=20;m=2;gap=3;k=4;q=0;s=12,100,false,101,0.249,22,2,1024,0.807,22,2,true
dec-215,dec,d_b=20;m=2;gap=3;k=4;q=0;s=12,100,false,101,0.249,22,2,2048,0.798,22,2,true
dec-215,dec,d_b=20;m=2;gap=3;k=4;q=0;s=12,100,false,101,0.249,22,2,4096,0.810,22,2,true
dec-215,dec,d_b=20;m=2;gap=3;k=4;q=0;s=12,100,false,101,0.249,22,2,8192,0.805,22,2,true
dec-215,dec,d_b=20;m=2;gap=3;k=4;q=0;s=12,100,false,101,0.249,22,2,16384,0.800,22,2,true
dec-216,dec,d_b=20;m=2;gap=7;k=1;q=0;s=14,40,false,41,0.091,22,2,1,0.014,29,28,false
dec-216,dec,d_b=20;m=2;gap=7;k=1;q=0;s=14,40,false,41,0.091,22,2,2,0.022,29,28,false
dec-216,dec,d_b=20;m=2;gap=7;k=1;q=0;s=14,40,false,41,0.091,22,2,4,0.031,29,28,false
dec-216,dec,d_b=20;m=2;gap=7;k=1;q=0;s=14,40,false,41,0.091,22,2,8,0.052,29,28,false
dec-216,dec,d_b=20;m=2;gap=7;k=1;q=0;s=14,40,false,41,0.091,22,2,16,0.109,22,2,false
dec-216,dec,d_b=20;m=2;gap=7;k=1;q=0;s=14,40,false,41,0.091,22,2,32,0.231,22,2,false
dec-216,dec,d_b=20;m=2;gap=7;k=1;q=0;s=14,40,false,41,0.091,22,2,64,0.304,22,2,true
dec-216,dec,d_b=20;m=2;gap=7;k=1;q=0;s=14,40,false,41,0.091,22,2,128,0.301,22,2,true
dec-216,dec,d_b=20;m=2;gap=7;k=1;q=0;s=14,40,false,41,0.091,22,2,256,0.317,22,2,true
dec-216,dec,d_b=20;m=2;gap=7;k=1;q=0;s=14,40,false,41,0.091,22,2,512,0.306,22,2,true
dec-216,dec,d_b=20;m=2;gap=7;k=1;q=0;s=14,40,false,41,0.091,22,2,1024,0.300,22,2,true
dec-216,dec,d_b=20;m=2;gap=7;k=1;q=0;s=14,40,false,41,0.091,22,2,2048,0.297,22,2,true
dec-216,dec,d_b=20;m=2;gap=7;k=1;q=0;s=14,40,false,41,0.091,22,2,4096,0.313,22,2,true
dec-216,dec,d_b=20;m=2;gap=7;k=1;q=0;s=14,40,false,41,0.091,22,2,8192,0.314,22,2,true
dec-216,dec,d_b=20;m=2;gap=7;k=1;q=0;s=14,40,false,41,0.091,22,2,16384,0.297,22,2,true
dec-217,dec,d_b=20;m=2;gap=7;k=2;q=0;s=14,60,false,61,0.142,22,2,1,0.032,29,28,false
dec-217,dec,d_b=20;m=2;gap=7;k=2;q=0;s=14,60,false,61,0.142,22,2,2,0.022,29,28,false
dec-217,dec,d_b=20;m=2;gap=7;k=2;q=0;s=14,60,false,61,0.142,22,2,4,0.031,29,28,false
dec-217,dec,d_b=20;m=2;gap=7;k=2;q=0;s=14,60,false,61,0.142,22,2,8,0.054,29,28,false
dec-217,dec,d_b=20;m=2;gap=7;k=2;q=0;s=14,60,false,61,0.142,22,2,16,0.100,29,28,false
dec-217,dec,d_b=20;m=2;gap=7;k=2;q=0;s=14,60,false,61,0.142,22,2,32,0.228,22,2,false
dec-217,dec,d_b=20;m=2;gap=7;k=2;q=0;s=14,60,false,61,0.142,22,2,64,0.488,22,2,true
dec-217,dec,d_b=20;m=2;gap=7;k=2;q=0;s=14,60,false,61,0.142,22,2,128,0.482,22,2,true
dec-217,dec,d_b=20;m=2;gap=7;k=2;q=0;s=14,60,false,61,0.142,22,2,256,0.483,22,2,true
dec-217,dec,d_b=20;m=2;gap=7;k=2;q=0;s=14,60,false,61,0.142,22,2,512,0.477,22,2,true
dec-217,dec,d_b=20;m=2;gap=7;k=2;q=0;s=14,60,false,61,0.142,22,2,1024,0.480,22,2,true
dec-217,dec,d_b=20;m=2;gap=7;k=2;q=0;s=14,60,false,61,0.142,22,2,2048,0.475,22,2,true
dec-217,dec,d_b=20;m=2;gap=7;k=2;q=0;s=14,60,false,61,0.142,22,2,4096,0.477,22,2,true
dec-217,dec,d_b=20;m=2;gap=7;k=2;q=0;s=14,60,false,61,0.142,22,2,8192,0.474,22,2,true
dec-217,dec,d_b=20;m=2;gap=7;k=2;q=0;s=14,60,false,61,0.142,22,2,16384,0.475,22,2,true
dec-218,dec,d_b=20;m=2;gap=7;k=4;q=0;s=14,100,false,101,0.222,22,2,1,0.019,29,28,false
dec-218,dec,d_b=20;m=2;gap=7;k=4;q=0;s=14,100,false,101,0.222,22,2,2,0.024,29,28,false
dec-218,dec,d_b=20;m=2;gap=7;k=4;q=0;s=14,100,false,101,0.222,22,2,4,0.037,29,28,false
dec-218,dec,d_b=20;m=2;gap=7;k=4;q=0;s=14,100,false,101,0.222,22,2,8,0.059,29,28,false
dec-218,dec,d_b=20;m=2;gap=7;k=4;q=0;s=14,100,false,101,0.222,22,2,16,0.103,29,28,false
dec-218,dec,d_b=20;m=2;gap=7;k=4;q=0;s=14,100,false,101,0.222,22,2,32,0.207,29,28,false
dec-218,dec,d_b=20;m=2;gap=7;k=4;q=0;s=14,100,false,101,0.222,22,2,64,0.482,22,2,false
dec-218,dec,d_b=20;m=2;gap=7;k=4;q=0;s=14,100,false,101,0.222,22,2,128,0.865,22,2,true
dec-218,dec,d_b=20;m=2;gap=7;k=4;q=0;s=14,100,false,101,0.222,22,2,256,0.865,22,2,true
dec-218,dec,d_b=20;m=2;gap=7;k=4;q=0;s=14,100,false,101,0.222,22,2,512,0.870,22,2,true
dec-218,dec,d_b=20;m=2;gap=7;k=4;q=0;s=14,100,false,101,0.222,22,2,1024,0.864,22,2,true
dec-218,dec,d_b=20;m=2;gap=7;k=4;q=0;s=14,100,false,101,0.222,22,2,2048,0.870,22,2,true
dec-218,dec,d_b=20;m=2;gap=7;k=4;q=0;s=14,100,false,101,0.222,22,2,4096,0.864,22,2,true
dec-218,dec,d_b=20;m=2;gap=7;k=4;q=0;s=14,100,false,101,0.222,22,2,8192,0.853,22,2,true
dec-218,dec,d_b=20;m=2;gap=7;k=4;q=0;s=14,100,false,101,0.222,22,2,16384,0.851,22,2,true
dec-219,dec,d_b=20;m=2;gap=13;k=1;q=0;s=17,40,false,41,0.080,22,2,1,0.016,35,34,false
dec-219,dec,d_b=20;m=2;gap=13;k=1;q=0;s=17,40,false,41,0.080,22,2,2,0.026,35,34,false
dec-219,dec,d_b=20;m=2;gap=13;k=1;q=0;s=17,40,false,41,0.080,22,2,4,0.035,35,34,false
dec-219,dec,d_b=20;m=2;gap=13;k=1;q=0;s=17,40,false,41,0.080,22,2,8,0.069,22,2,false
dec-219,dec,d_b=20;m=2;gap=13;k=1;q=0;s=17,40,false,41,0.080,22,2,16,0.127,22,2,false
dec-219,dec,d_b=20;m=2;gap=13;k=1;q=0;s=17,40,false,41,0.080,22,2,32,0.255,22,2,false
dec-219,dec,d_b=20;m=2;gap=13;k=1;q=0;s=17,40,false,41,0.080,22,2,64,0.341,22,2,true
dec-219,dec,d_b=20;m=2;gap=13;k=1;q=0;s=17,40,false,41,0.080,22,2,128,0.328,22,2,true
dec-219,dec,d_b=20;m=2;gap=13;k=1;q=0;s=17,40,false,41,0.080,22,2,256,0.345,22,2,true
dec-219,dec,d_b=20;m=2;gap=13;k=1;q=0;s=17,40,false,41,0.080,22,2,512,0.325,22,2,true
dec-219,dec,d_b=20;m=2;gap=13;k=1;q=0;s=17,40,false,41,0.080,22,2,1024,0.325,22,2,true
dec-219,dec,d_b=20;m=2;gap=13;k=1;q=0;s=17,40,false,41,0.080,22,2,2048,0.323,22,2,true
dec-219,dec,d_b=20;m=2;gap=13;k=1;q=0;s=17,40,false,41,0.080,22,2,4096,0.326,22,2,true
dec-219,dec,d_b=20;m=2;gap=13;k=1;q=0;s=17,40,false,41,0.080,22,2,8192,0.323,22,2,true
dec-219,dec,d_b=20;m=2;gap=13;k=1;q=0;s=17,40,false,41,0.080,22,2,16384,0.326,22,2,true
dec-220,dec,d_b=20;m=2;gap=13;k=2;q=0;s=17,60,false,61,0.110,22,2,1,0.017,35,34,false
dec-220,dec,d_b=20;m=2;gap=13;k=2;q=0;s=17,60,false,61,0.110,22,2,2,0.024,35,34,false
dec-220,dec,d_b=20;m=2;gap=13;k=2;q=0;s=17,60,false,61,0.110,22,2,4,0.036,35,34,false
dec-220,dec,d_b=20;m=2;gap=13;k=2;q=0;s=17,60,false,61,0.110,22,2,8,0.074,35,34,false
dec-220,dec,d_b=20;m=2;gap=13;k=2;q=0;s=17,60,false,61,0.110,22,2,16,0.137,22,2,false
dec-220,dec,d_b=20;m=2;gap=13;k=2;q=0;s=17,60,false,61,0.110,22,2,32,0.266,22,2,false
dec-220,dec,d_b=20;m=2;gap=13;k=2;q=0;s=17,60,false,61,0.110,22,2,64,0.534,22,2,true
dec-220,dec,d_b=20;m=2;gap=13;k=2;q=0;s=17,60,false,61,0.110,22,2,128,0.531,22,2,true
dec-220,dec,d_b=20;m=2;gap=13;k=2;q=0;s=17,60,false,61,0.110,22,2,256,0.525,22,2,true
dec-220,dec,d_b=20;m=2;gap=13;k=2;q=0;s=17,60,false,61,0.110,22,2,512,0.523,22,2,true
dec-220,dec,d_b=20;m=2;gap=13;k=2;q=0;s=17,60,false,61,0.110,22,2,1024,0.532,22,2,true
dec-220,dec,d_b=20;m=2;gap=13;k=2;q=0;s=17,60,false,61,0.110,22,2,2048,0.533,22,2,true
dec-220,dec,d_b=20;m=2;gap=13;k=2;q=0;s=17,60,false,61,0.110,22,2,4096,0.531,22,2,true
dec-220,dec,d_b=20;m=2;gap=13;k=2;q=0;s=17,60,false,61,0.110,22,2,8192,0.530,22,2,true
dec-220,dec,d_b=20;m=2;gap=13;k=2;q=0;s=17,60,false,61,0.110,22,2,16384,0.553,22,2,true
dec-221,dec,d_b=20;m=2;gap=13;k=4;q=0;s=17,100,false,101,0.188,22,2,1,0.021,35,34,false
dec-221,dec,d_b=20;m=2;gap=13;k=4;q=0;s=17,100,false,101,0.188,22,2,2,0.031,35,34,false
dec-221,dec,d_b=20;m=2;gap=13;k=4;q=0;s=17,100,false,101,0.188,22,2,4,0.043,35,34,false
dec-221,dec,d_b=20;m=2;gap=13;k=4;q=0;s=17,100,false,101,0.188,22,2,8,0.076,35,34,false
dec-221,dec,d_b=20;m=2;gap=13;k=4;q=0;s=17,100,false,101,0.188,22,2,16,0.129,35,34,false
dec-221,dec,d_b=20;m=2;gap=13;k=4;q=0;s=17,100,false,101,0.188,22,2,32,0.303,22,2,false
dec-221,dec,d_b=20;m=2;gap=13;k=4;q=0;s=17,100,false,101,0.188,22,2,64,0.615,22,2,false
dec-221,dec,d_b=20;m=2;gap=13;k=4;q=0;s=17,100,false,101,0.188,22,2,128,0.957,22,2,true
dec-221,dec,d_b=20;m=2;gap=13;k=4;q=0;s=17,100,false,101,0.188,22,2,256,0.940,22,2,true
dec-221,dec,d_b=20;m=2;gap=13;k=4;q=0;s=17,100,false,101,0.188,22,2,512,0.954,22,2,true
dec-221,dec,d_b=20;m=2;gap=13;k=4;q=0;s=17,100,false,101,0.188,22,2,1024,0.936,22,2,true
dec-221,dec,d_b=20;m=2;gap=13;k=4;q=0;s=17,100,false,101,0.188,22,2,2048,0.938,22,2,true
dec-221,dec,d_b=20;m=2;gap=13;k=4;q=0;s=17,100,false,101,0.188,22,2,4096,0.940,22,2,true
dec-221,dec,d_b=20;m=2;gap=13;k=4;q=0;s=17,100,false,101,0.188,22,2,8192,0.975,22,2,true
dec-221,dec,d_b=20;m=2;gap=13;k=4;q=0;s=17,100,false,101,0.188,22,2,16384,0.933,22,2,true
dec-222,dec,d_b=20;m=3;gap=1;k=1;q=1;s=21,40,false,42,0.151,42,2,1,0.018,43,42,false
dec-222,dec,d_b=20;m=3;gap=1;k=1;q=1;s=21,40,false,42,0.151,42,2,2,0.031,43,42,false
dec-222,dec,d_b=20;m=3;gap=1;k=1;q=1;s=21,40,false,42,0.151,42,2,4,0.044,43,42,false
dec-222,dec,d_b=20;m=3;gap=1;k=1;q=1;s=21,40,false,42,0.151,42,2,8,0.071,43,42,false
dec-222,dec,d_b=20;m=3;gap=1;k=1;q=1;s=21,40,false,42,0.151,42,2,16,0.124,43,42,false
dec-222,dec,d_b=20;m=3;gap=1;k=1;q=1;s=21,40,false,42,0.151,42,2,32,0.272,42,2,false
dec-222,dec,d_b=20;m=3;gap=1;k=1;q=1;s=21,40,false,42,0.151,42,2,64,0.361,42,2,true
dec-222,dec,d_b=20;m=3;gap=1;k=1;q=1;s=21,40,false,42,0.151,42,2,128,0.362,42,2,true
dec-222,dec,d_b=20;m=3;gap=1;k=1;q=1;s=21,40,false,42,0.151,42,2,256,0.354,42,2,true
dec-222,dec,d_b=20;m=3;gap=1;k=1;q=1;s=21,40,false,42,0.151,42,2,512,0.357,42,2,true
dec-222,dec,d_b=20;m=3;gap=1;k=1;q=1;s=21,40,false,42,0.151,42,2,1024,0.350,42,2,true
dec-222,dec,d_b=20;m=3;gap=1;k=1;q=1;s=21,40,false,42,0.151,42,2,2048,0.355,42,2,true
dec-222,dec,d_b=20;m=3;gap=1;k=1;q=1;s=21,40,false,42,0.151,42,2,4096,0.349,42,2,true
dec-222,dec,d_b=20;m=3;gap=1;k=1;q=1;s=21,40,false,42,0.151,42,2,8192,0.352,42,2,true
dec-222,dec,d_b=20;m=3;gap=1;k=1;q=1;s=21,40,false,42,0.151,42,2,16384,0.360,42,2,true
dec-223,dec,d_b=20;m=3;gap=1;k=2;q=1;s=21,60,false,62,0.243,42,2,1,0.020,43,42,false
dec-223,dec,d_b=20;m=3;gap=1;k=2;q=1;s=21,60,false,62,0.243,42,2,2,0.028,43,42,false
dec-223,dec,d_b=20;m=3;gap=1;k=2;q=1;s=21,60,false,62,0.243,42,2,4,0.045,43,42,false
dec-223,dec,d_b=20;m=3;gap=1;k=2;q=1;s=21,60,false,62,0.243,42,2,8,0.078,43,42,false
dec-223,dec,d_b=20;m=3;gap=1;k=2;q=1;s=21,60,false,62,0.243,42,2,16,0.140,43,42,false
dec-223,dec,d_b=20;m=3;gap=1;k=2;q=1;s=21,60,false,62,0.243,42,2,32,0.301,42,2,false
dec-223,dec,d_b=20;m=3;gap=1;k=2;q=1;s=21,60,false,62,0.243,42,2,64,0.622,42,2,true
dec-223,dec,d_b=20;m=3;gap=1;k=2;q=1;s=21,60,false,62,0.243,42,2,128,0.604,42,2,true
dec-223,dec,d_b=20;m=3;gap=1;k=2;q=1;s=21,60,false,62,0.243,42,2,256,0.602,42,2,true
dec-223,dec,d_b=20;m=3;gap=1;k=2;q=1;s=21,60,false,62,0.243,42,2,512,0.601,42,2,true
dec-223,dec,d_b=20;m=3;gap=1;k=2;q=1;s=21,60,false,62,0.243,42,2,1024,0.602,42,2,true
dec-223,dec,d_b=20;m=3;gap=1;k=2;q=1;s=21,60,false,62,0.243,42,2,2048,0.594,42,2,true
dec-223,dec,d_b=20;m=3;gap=1;k=2;q=1;s=21,60,false,62,0.243,42,2,4096,0.617,42,2,true
dec-223,dec,d_b=20;m=3;gap=1;k=2;q=1;s=21,60,false,62,0.243,42,2,8192,0.618,42,2,true
dec-223,dec,d_b=20;m=3;gap=1;k=2;q=1;s=21,60,false,62,0.243,42,2,16384,0.599,42,2,true
dec-224,dec,d_b=20;m=3;gap=1;k=4;q=1;s=21,100,false,102,0.416,42,2,1,0.025,43,42,false
dec-224,dec,d_b=20;m=3;gap=1;k=4;q=1;s=21,100,false,102,0.416,42,2,2,0.035,43,42,false
dec-224,dec,d_b=20;m=3;gap=1;k=4;q=1;s=21,100,false,102,0.416,42,2,4,0.055,43,42,false
dec-224,dec,d_b=20;m=3;gap=1;k=4;q=1;s=21,100,false,102,0.416,42,2,8,0.092,43,42,false
dec-224,dec,d_b=20;m=3;gap=1;k=4;q=1;s=21,100,false,102,0.416,42,2,16,0.154,43,42,false
dec-224,dec,d_b=20;m=3;gap=1;k=4;q=1;s=21,100,false,102,0.416,42,2,32,0.298,43,42,false
dec-224,dec,d_b=20;m=3;gap=1;k=4;q=1;s=21,100,false,102,0.416,42,2,64,0.628,42,2,false
dec-224,dec,d_b=20;m=3;gap=1;k=4;q=1;s=21,100,false,102,0.416,42,2,128,1.071,42,2,true
dec-224,dec,d_b=20;m=3;gap=1;k=4;q=1;s=21,100,false,102,0.416,42,2,256,1.054,42,2,true
dec-224,dec,d_b=20;m=3;gap=1;k=4;q=1;s=21,100,false,102,0.416,42,2,512,1.102,42,2,true
dec-224,dec,d_b=20;m=3;gap=1;k=4;q=1;s=21,100,false,102,0.416,42,2,1024,1.045,42,2,true
dec-224,dec,d_b=20;m=3;gap=1;k=4;q=1;s=21,100,false,102,0.416,42,2,2048,1.054,42,2,true
dec-224,dec,d_b=20;m=3;gap=1;k=4;q=1;s=21,100,false,102,0.416,42,2,4096,1.041,42,2,true
dec-224,dec,d_b=20;m=3;gap=1;k=4;q=1;s=21,100,false,102,0.416,42,2,8192,1.056,42,2,true
dec-224,dec,d_b=20;m=3;gap=1;k=4;q=1;s=21,100,false,102,0.416,42,2,16384,1.070,42,2,true
dec-225,dec,d_b=20;m=3;gap=3;k=1;q=1;s=22,40,false,42,0.158,42,2,1,0.019,45,44,false
dec-225,dec,d_b=20;m=3;gap=3;k=1;q=1;s=22,40,false,42,0.158,42,2,2,0.028,45,44,false
dec-225,dec,d_b=20;m=3;gap=3;k=1;q=1;s=22,40,false,42,0.158,42,2,4,0.043,45,44,false
dec-225,dec,d_b=20;m=3;gap=3;k=1;q=1;s=22,40,false,42,0.158,42,2,8,0.079,45,44,false
dec-225,dec,d_b=20;m=3;gap=3;k=1;q=1;s=22,40,false,42,0.158,42,2,16,0.137,45,44,false
dec-225,dec,d_b=20;m=3;gap=3;k=1;q=1;s=22,40,false,42,0.158,42,2,32,0.284,42,2,false
dec-225,dec,d_b=20;m=3;gap=3;k=1;q=1;s=22,40,false,42,0.158,42,2,64,0.380,42,2,true
dec-225,dec,d_b=20;m=3;gap=3;k=1;q=1;s=22,40,false,42,0.158,42,2,128,0.425,42,2,true
dec-225,dec,d_b=20;m=3;gap=3;k=1;q=1;s=22,40,false,42,0.158,42,2,256,0.376,42,2,true
dec-225,dec,d_b=20;m=3;gap=3;k=1;q=1;s=22,40,false,42,0.158,42,2,512,0.386,42,2,true
dec-225,dec,d_b=20;m=3;gap=3;k=1;q=1;s=22,40,false,42,0.158,42,2,1024,0.369,42,2,true
dec-225,dec,d_b=20;m=3;gap=3;k=1;q=1;s=22,40,false,42,0.158,42,2,2048,0.377,42,2,true
dec-225,dec,d_b=20;m=3;gap=3;k=1;q=1;s=22,40,false,42,0.158,42,2,4096,0.365,42,2,true
dec-225,dec,d_b=20;m=3;gap=3;k=1;q=1;s=22,40,false,42,0.158,42,2,8192,0.364,42,2,true
dec-225,dec,d_b=20;m=3;gap=3;k=1;q=1;s=22,40,false,42,0.158,42,2,16384,0.362,42,2,true
dec-226,dec,d_b=20;m=3;gap=3;k=2;q=1;s=22,60,false,62,0.246,42,2,1,0.020,45,44,false
dec-226,dec,d_b=20;m=3;gap=3;k=2;q=1;s=22,60,false,62,0.246,42,2,2,0.027,45,44,false
dec-226,dec,d_b=20;m=3;gap=3;k=2;q=1;s=22,60,false,62,0.246,42,2,4,0.045,45,44,false
dec-226,dec,d_b=20;m=3;gap=3;k=2;q=1;s=22,60,false,62,0.246,42,2,8,0.089,45,44,false
dec-226,dec,d_b=20;m=3;gap=3;k=2;q=1;s=22,60,false,62,0.246,42,2,16,0.140,45,44,false
dec-226,dec,d_b=20;m=3;gap=3;k=2;q=1;s=22,60,false,62,0.246,42,2,32,0.332,42,2,false
dec-226,dec,d_b=20;m=3;gap=3;k=2;q=1;s=22,60,false,62,0.246,42,2,64,0.633,42,2,true
dec-226,dec,d_b=20;m=3;gap=3;k=2;q=1;s=22,60,false,62,0.246,42,2,128,0.622,42,2,true
dec-226,dec,d_b=20;m=3;gap=3;k=2;q=1;s=22,60,false,62,0.246,42,2,256,0.612,42,2,true
dec-226,dec,d_b=20;m=3;gap=3;k=2;q=1;s=22,60,false,62,0.246,42,2,512,0.613,42,2,true
dec-226,dec,d_b=20;m=3;gap=3;k=2;q=1;s=22,60,false,62,0.246,42,2,1024,0.606,42,2,true
dec-226,dec,d_b=20;m=3;gap=3;k=2;q=1;s=22,60,false,62,0.246,42,2,2048,0.606,42,2,true
dec-226,dec,d_b=20;m=3;gap=3;k=2;q=1;s=22,60,false,62,0.246,42,2,4096,0.644,42,2,true
dec-226,dec,d_b=20;m=3;gap=3;k=2;q=1;s=22,60,false,62,0.246,42,2,8192,0.606,42,2,true
dec-226,dec,d_b=20;m=3;gap=3;k=2;q=1;s=22,60,false,62,0.246,42,2,16384,0.604,42,2,true
dec-227,dec,d_b=20;m=3;gap=3;k=4;q=1;s=22,100,false,102,0.442,42,2,1,0.028,45,44,false
dec-227,dec,d_b=20;m=3;gap=3;k=4;q=1;s=22,100,false,102,0.442,42,2,2,0.041,45,44,false
dec-227,dec,d_b=20;m=3;gap=3;k=4;q=1;s=22,100,false,102,0.442,42,2,4,0.057,45,44,false
dec-227,dec,d_b=20;m=3;gap=3;k=4;q=1;s=22,100,false,102,0.442,42,2,8,0.097,45,44,false
dec-227,dec,d_b=20;m=3;gap=3;k=4;q=1;s=22,100,false,102,0.442,42,2,16,0.161,45,44,false
dec-227,dec,d_b=20;m=3;gap=3;k=4;q=1;s=22,100,false,102,0.442,42,2,32,0.324,45,44,false
dec-227,dec,d_b=20;m=3;gap=3;k=4;q=1;s=22,100,false,102,0.442,42,2,64,0.669,42,2,false
dec-227,dec,d_b=20;m=3;gap=3;k=4;q=1;s=22,100,false,102,0.442,42,2,128,1.103,42,2,true
dec-227,dec,d_b=20;m=3;gap=3;k=4;q=1;s=22,100,false,102,0.442,42,2,256,1.111,42,2,true
dec-227,dec,d_b=20;m=3;gap=3;k=4;q=1;s=22,100,false,102,0.442,42,2,512,1.090,42,2,true
dec-227,dec,d_b=20;m=3;gap=3;k=4;q=1;s=22,100,false,102,0.442,42,2,1024,1.117,42,2,true
dec-227,dec,d_b=20;m=3;gap=3;k=4;q=1;s=22,100,false,102,0.442,42,2,2048,1.111,42,2,true
dec-227,dec,d_b=20;m=3;gap=3;k=4;q=1;s=22,100,false,102,0.442,42,2,4096,1.083,42,2,true
dec-227,dec,d_b=20;m=3;gap=3;k=4;q=1;s=22,100,false,102,0.442,42,2,8192,1.099,42,2,true
dec-227,dec,d_b=20;m=3;gap=3;k=4;q=1;s=22,100,false,102,0.442,42,2,16384,1.084,42,2,true
dec-228,dec,d_b=20;m=3;gap=7;k=1;q=1;s=24,40,false,42,0.153,42,2,1,0.020,49,48,false
dec-228,dec,d_b=20;m=3;gap=7;k=1;q=1;s=24,40,false,42,0.153,42,2,2,0.032,49,48,false
dec-228,dec,d_b=20;m=3;gap=7;k=1;q=1;s=24,40,false,42,0.153,42,2,4,0.045,49,48,false
dec-228,dec,d_b=20;m=3;gap=7;k=1;q=1;s=24,40,false,42,0.153,42,2,8,0.075,49,48,false
dec-228,dec,d_b=20;m=3;gap=7;k=1;q=1;s=24,40,false,42,0.153,42,2,16,0.147,42,2,false
dec-228,dec,d_b=20;m=3;gap=7;k=1;q=1;s=24,40,false,42,0.153,42,2,32,0.295,42,2,false
dec-228,dec,d_b=20;m=3;gap=7;k=1;q=1;s=24,40,false,42,0.153,42,2,64,0.392,42,2,true
dec-228,dec,d_b=20;m=3;gap=7;k=1;q=1;s=24,40,false,42,0.153,42,2,128,0.393,42,2,true
dec-228,dec,d_b=20;m=3;gap=7;k=1;q=1;s=24,40,false,42,0.153,42,2,256,0.392,42,2,true
dec-228,dec,d_b=20;m=3;gap=7;k=1;q=1;s=24,40,false,42,0.153,42,2,512,0.387,42,2,true
dec-228,dec,d_b=20;m=3;gap=7;k=1;q=1;s=24,40,false,42,0.153,42,2,1024,0.385,42,2,true
dec-228,dec,d_b=20;m=3;gap=7;k=1;q=1;s=24,40,false,42,0.153,42,2,2048,0.384,42,2,true
dec-228,dec,d_b=20;m=3;gap=7;k=1;q=1;s=24,40,false,42,0.153,42,2,4096,0.398,42,2,true
dec-228,dec,d_b=20;m=3;gap=7;k=1;q=1;s=24,40,false,42,0.153,42,2,8192,0.384,42,2,true
dec-228,dec,d_b=20;m=3;gap=7;k=1;q=1;s=24,40,false,42,0.153,42,2,16384,0.384,42,2,true
dec-229,dec,d_b=20;m=3;gap=7;k=2;q=1;s=24,60,false,62,0.234,42,2,1,0.020,49,48,false
dec-229,dec,d_b=20;m=3;gap=7;k=2;q=1;s=24,60,false,62,0.234,42,2,2,0.031,49,48,false
dec-229,dec,d_b=20;m=3;gap=7;k=2;q=1;s=24,60,false,62,0.234,42,2,4,0.045,49,48,false
dec-229,dec,d_b=20;m=3;gap=7;k=2;q=1;s=24,60,false,62,0.234,42,2,8,0.081,49,48,false
dec-229,dec,d_b=20;m=3;gap=7;k=2;q=1;s=24,60,false,62,0.234,42,2,16,0.145,49,48,false
dec-229,dec,d_b=20;m=3;gap=7;k=2;q=1;s=24,60,false,62,0.234,42,2,32,0.316,42,2,false
dec-229,dec,d_b=20;m=3;gap=7;k=2;q=1;s=24,60,false,62,0.234,42,2,64,0.658,42,2,true
dec-229,dec,d_b=20;m=3;gap=7;k=2;q=1;s=24,60,false,62,0.234,42,2,128,0.659,42,2,true
dec-229,dec,d_b=20;m=3;gap=7;k=2;q=1;s=24,60,false,62,0.234,42,2,256,0.661,42,2,true
dec-229,dec,d_b=20;m=3;gap=7;k=2;q=1;s=24,60,false,62,0.234,42,2,512,0.648,42,2,true
dec-229,dec,d_b=20;m=3;gap=7;k=2;q=1;s=24,60,false,62,0.234,42,2,1024,0.649,42,2,true
dec-229,dec,d_b=20;m=3;gap=7;k=2;q=1;s=24,60,false,62,0.234,42,2,2048,0.647,42,2,true
dec-229,dec,d_b=20;m=3;gap=7;k=2;q=1;s=24,60,false,62,0.234,42,2,4096,0.645,42,2,true
dec-229,dec,d_b=20;m=3;gap=7;k=2;q=1;s=24,60,false,62,0.234,42,2,8192,0.645,42,2,true
dec-229,dec,d_b=20;m=3;gap=7;k=2;q=1;s=24,60,false,62,0.234,42,2,16384,0.646,42,2,true
dec-230,dec,d_b=20;m=3;gap=7;k=4;q=1;s=24,100,false,102,0.390,42,2,1,0.023,49,48,false
dec-230,dec,d_b=20;m=3;gap=7;k=4;q=1;s=24,100,false,102,0.390,42,2,2,0.033,49,48,false
dec-230,dec,d_b=20;m=3;gap=7;k=4;q=1;s=24,100,false,102,0.390,42,2,4,0.051,49,48,false
dec-230,dec,d_b=20;m=3;gap=7;k=4;q=1;s=24,100,false,102,0.390,42,2,8,0.086,49,48,false
dec-230,dec,d_b=20;m=3;gap=7;k=4;q=1;s=24,100,false,102,0.390,42,2,16,0.151,49,48,false
dec-230,dec,d_b=20;m=3;gap=7;k=4;q=1;s=24,100,false,102,0.390,42,2,32,0.297,49,48,false
dec-230,dec,d_b=20;m=3;gap=7;k=4;q=1;s=24,100,false,102,0.390,42,2,64,0.662,42,2,false
dec-230,dec,d_b=20;m=3;gap=7;k=4;q=1;s=24,100,false,102,0.390,42,2,128,1.170,42,2,true
dec-230,dec,d_b=20;m=3;gap=7;k=4;q=1;s=24,100,false,102,0.390,42,2,256,1.181,42,2,true
dec-230,dec,d_b=20;m=3;gap=7;k=4;q=1;s=24,100,false,102,0.390,42,2,512,1.148,42,2,true
dec-230,dec,d_b=20;m=3;gap=7;k=4;q=1;s=24,100,false,102,0.390,42,2,1024,1.175,42,2,true
dec-230,dec,d_b=20;m=3;gap=7;k=4;q=1;s=24,100,false,102,0.390,42,2,2048,1.140,42,2,true
dec-230,dec,d_b=20;m=3;gap=7;k=4;q=1;s=24,100,false,102,0.390,42,2,4096,1.151,42,2,true
dec-230,dec,d_b=20;m=3;gap=7;k=4;q=1;s=24,100,false,102,0.390,42,2,8192,1.135,42,2,true
dec-230,dec,d_b=20;m=3;gap=7;k=4;q=1;s=24,100,false,102,0.390,42,2,16384,1.155,42,2,true
dec-231,dec,d_b=20;m=3;gap=13;k=1;q=1;s=27,40,false,42,0.134,42,2,1,0.020,55,54,false
dec-231,dec,d_b=20;m=3;gap=13;k=1;q=1;s=27,40,false,42,0.134,42,2,2,0.035,55,54,false
dec-231,dec,d_b=20;m=3;gap=13;k=1;q=1;s=27,40,false,42,0.134,42,2,4,0.050,55,54,false
dec-231,dec,d_b=20;m=3;gap=13;k=1;q=1;s=27,40,false,42,0.134,42,2,8,0.080,55,54,false
dec-231,dec,d_b=20;m=3;gap=13;k=1;q=1;s=27,40,false,42,0.134,42,2,16,0.158,42,2,false
dec-231,dec,d_b=20;m=3;gap=13;k=1;q=1;s=27,40,false,42,0.134,42,2,32,0.326,42,2,false
dec-231,dec,d_b=20;m=3;gap=13;k=1;q=1;s=27,40,false,42,0.134,42,2,64,0.411,42,2,true
dec-231,dec,d_b=20;m=3;gap=13;k=1;q=1;s=27,40,false,42,0.134,42,2,128,0.408,42,2,true
dec-231,dec,d_b=20;m=3;gap=13;k=1;q=1;s=27,40,false,42,0.134,42,2,256,0.405,42,2,true
dec-231,dec,d_b=20;m=3;gap=13;k=1;q=1;s=27,40,false,42,0.134,42,2,512,0.402,42,2,true
dec-231,dec,d_b=20;m=3;gap=13;k=1;q=1;s=27,40,false,42,0.134,42,2,1024,0.404,42,2,true
dec-231,dec,d_b=20;m=3;gap=13;k=1;q=1;s=27,40,false,42,0.134,42,2,2048,0.400,42,2,true
dec-231,dec,d_b=20;m=3;gap=13;k=1;q=1;s=27,40,false,42,0.134,42,2,4096,0.402,42,2,true
dec-231,dec,d_b=20;m=3;gap=13;k=1;q=1;s=27,40,false,42,0.134,42,2,8192,0.401,42,2,true
dec-231,dec,d_b=20;m=3;gap=13;k=1;q=1;s=27,40,false,42,0.134,42,2,16384,0.416,42,2,true
dec-232,dec,d_b=20;m=3;gap=13;k=2;q=1;s=27,60,false,62,0.208,42,2,1,0.022,55,54,false
dec-232,dec,d_b=20;m=3;gap=13;k=2;q=1;s=27,60,false,62,0.208,42,2,2,0.034,55,54,false
dec-232,dec,d_b=20;m=3;gap=13;k=2;q=1;s=27,60,false,62,0.208,42,2,4,0.048,55,54,false
dec-232,dec,d_b=20;m=3;gap=13;k=2;q=1;s=27,60,false,62,0.208,42,2,8,0.086,55,54,false
dec-232,dec,d_b=20;m=3;gap=13;k=2;q=1;s=27,60,false,62,0.208,42,2,16,0.154,55,54,false
dec-232,dec,d_b=20;m=3;gap=13;k=2;q=1;s=27,60,false,62,0.208,42,2,32,0.339,42,2,false
dec-232,dec,d_b=20;m=3;gap=13;k=2;q=1;s=27,60,false,62,0.208,42,2,64,0.699,42,2,true
dec-232,dec,d_b=20;m=3;gap=13;k=2;q=1;s=27,60,false,62,0.208,42,2,128,0.702,42,2,true
dec-232,dec,d_b=20;m=3;gap=13;k=2;q=1;s=27,60,false,62,0.208,42,2,256,0.690,42,2,true
dec-232,dec,d_b=20;m=3;gap=13;k=2;q=1;s=27,60,false,62,0.208,42,2,512,0.689,42,2,true
dec-232,dec,d_b=20;m=3;gap=13;k=2;q=1;s=27,60,false,62,0.208,42,2,1024,0.689,42,2,true
dec-232,dec,d_b=20;m=3;gap=13;k=2;q=1;s=27,60,false,62,0.208,42,2,2048,0.696,42,2,true
dec-232,dec,d_b=20;m=3;gap=13;k=2;q=1;s=27,60,false,62,0.208,42,2,4096,0.685,42,2,true
dec-232,dec,d_b=20;m=3;gap=13;k=2;q=1;s=27,60,false,62,0.208,42,2,8192,0.687,42,2,true
dec-232,dec,d_b=20;m=3;gap=13;k=2;q=1;s=27,60,false,62,0.208,42,2,16384,0.685,42,2,true
dec-233,dec,d_b=20;m=3;gap=13;k=4;q=1;s=27,100,false,102,0.338,42,2,1,0.025,55,54,false
dec-233,dec,d_b=20;m=3;gap=13;k=4;q=1;s=27,100,false,102,0.338,42,2,2,0.036,55,54,false
dec-233,dec,d_b=20;m=3;gap=13;k=4;q=1;s=27,100,false,102,0.338,42,2,4,0.058,55,54,false
dec-233,dec,d_b=20;m=3;gap=13;k=4;q=1;s=27,100,false,102,0.338,42,2,8,0.092,55,54,false
dec-233,dec,d_b=20;m=3;gap=13;k=4;q=1;s=27,100,false,102,0.338,42,2,16,0.161,55,54,false
dec-233,dec,d_b=20;m=3;gap=13;k=4;q=1;s=27,100,false,102,0.338,42,2,32,0.317,55,54,false
dec-233,dec,d_b=20;m=3;gap=13;k=4;q=1;s=27,100,false,102,0.338,42,2,64,0.712,42,2,false
dec-233,dec,d_b=20;m=3;gap=13;k=4;q=1;s=27,100,false,102,0.338,42,2,128,1.236,42,2,true
dec-233,dec,d_b=20;m=3;gap=13;k=4;q=1;s=27,100,false,102,0.338,42,2,256,1.232,42,2,true
dec-233,dec,d_b=20;m=3;gap=13;k=4;q=1;s=27,100,false,102,0.338,42,2,512,1.224,42,2,true
dec-233,dec,d_b=20;m=3;gap=13;k=4;q=1;s=27,100,false,102,0.338,42,2,1024,1.222,42,2,true
dec-233,dec,d_b=20;m=3;gap=13;k=4;q=1;s=27,100,false,102,0.338,42,2,2048,1.213,42,2,true
dec-233,dec,d_b=20;m=3;gap=13;k=4;q=1;s=27,100,false,102,0.338,42,2,4096,1.223,42,2,true
dec-233,dec,d_b=20;m=3;gap=13;k=4;q=1;s=27,100,false,102,0.338,42,2,8192,1.205,42,2,true
dec-233,dec,d_b=20;m=3;gap=13;k=4;q=1;s=27,100,false,102,0.338,42,2,16384,1.240,42,2,true
dec-234,dec,d_b=20;m=5;gap=1;k=1;q=3;s=41,40,false,42,0.215,82,2,1,0.027,83,82,false
dec-234,dec,d_b=20;m=5;gap=1;k=1;q=3;s=41,40,false,42,0.215,82,2,2,0.045,83,82,false
dec-234,dec,d_b=20;m=5;gap=1;k=1;q=3;s=41,40,false,42,0.215,82,2,4,0.067,83,82,false
dec-234,dec,d_b=20;m=5;gap=1;k=1;q=3;s=41,40,false,42,0.215,82,2,8,0.102,83,82,false
dec-234,dec,d_b=20;m=5;gap=1;k=1;q=3;s=41,40,false,42,0.215,82,2,16,0.184,83,82,false
dec-234,dec,d_b=20;m=5;gap=1;k=1;q=3;s=41,40,false,42,0.215,82,2,32,0.379,82,2,false
dec-234,dec,d_b=20;m=5;gap=1;k=1;q=3;s=41,40,false,42,0.215,82,2,64,0.488,82,2,true
dec-234,dec,d_b=20;m=5;gap=1;k=1;q=3;s=41,40,false,42,0.215,82,2,128,0.489,82,2,true
dec-234,dec,d_b=20;m=5;gap=1;k=1;q=3;s=41,40,false,42,0.215,82,2,256,0.484,82,2,true
dec-234,dec,d_b=20;m=5;gap=1;k=1;q=3;s=41,40,false,42,0.215,82,2,512,0.484,82,2,true
dec-234,dec,d_b=20;m=5;gap=1;k=1;q=3;s=41,40,false,42,0.215,82,2,1024,0.481,82,2,true
dec-234,dec,d_b=20;m=5;gap=1;k=1;q=3;s=41,40,false,42,0.215,82,2,2048,0.482,82,2,true
dec-234,dec,d_b=20;m=5;gap=1;k=1;q=3;s=41,40,false,42,0.215,82,2,4096,0.479,82,2,true
dec-234,dec,d_b=20;m=5;gap=1;k=1;q=3;s=41,40,false,42,0.215,82,2,8192,0.482,82,2,true
dec-234,dec,d_b=20;m=5;gap=1;k=1;q=3;s=41,40,false,42,0.215,82,2,16384,0.478,82,2,true
dec-235,dec,d_b=20;m=5;gap=1;k=2;q=3;s=41,60,false,62,0.344,82,2,1,0.028,83,82,false
dec-235,dec,d_b=20;m=5;gap=1;k=2;q=3;s=41,60,false,62,0.344,82,2,2,0.044,83,82,false
dec-235,dec,d_b=20;m=5;gap=1;k=2;q=3;s=41,60,false,62,0.344,82,2,4,0.066,83,82,false
dec-235,dec,d_b=20;m=5;gap=1;k=2;q=3;s=41,60,false,62,0.344,82,2,8,0.120,83,82,false
dec-235,dec,d_b=20;m=5;gap=1;k=2;q=3;s=41,60,false,62,0.344,82,2,16,0.235,83,82,false
dec-235,dec,d_b=20;m=5;gap=1;k=2;q=3;s=41,60,false,62,0.344,82,2,32,0.459,82,2,false
dec-235,dec,d_b=20;m=5;gap=1;k=2;q=3;s=41,60,false,62,0.344,82,2,64,0.837,82,2,true
dec-235,dec,d_b=20;m=5;gap=1;k=2;q=3;s=41,60,false,62,0.344,82,2,128,0.831,82,2,true
dec-235,dec,d_b=20;m=5;gap=1;k=2;q=3;s=41,60,false,62,0.344,82,2,256,0.825,82,2,true
dec-235,dec,d_b=20;m=5;gap=1;k=2;q=3;s=41,60,false,62,0.344,82,2,512,0.824,82,2,true
dec-235,dec,d_b=20;m=5;gap=1;k=2;q=3;s=41,60,false,62,0.344,82,2,1024,0.820,82,2,true
dec-235,dec,d_b=20;m=5;gap=1;k=2;q=3;s=41,60,false,62,0.344,82,2,2048,0.817,82,2,true
dec-235,dec,d_b=20;m=5;gap=1;k=2;q=3;s=41,60,false,62,0.344,82,2,4096,0.820,82,2,true
dec-235,dec,d_b=20;m=5;gap=1;k=2;q=3;s=41,60,false,62,0.344,82,2,8192,0.817,82,2,true
dec-235,dec,d_b=20;m=5;gap=1;k=2;q=3;s=41,60,false,62,0.344,82,2,16384,0.818,82,2,true
dec-236,dec,d_b=20;m=5;gap=1;k=4;q=3;s=41,100,false,102,0.654,82,2,1,0.033,83,82,false
dec-236,dec,d_b=20;m=5;gap=1;k=4;q=3;s=41,100,false,102,0.654,82,2,2,0.050,83,82,false
dec-236,dec,d_b=20;m=5;gap=1;k=4;q=3;s=41,100,false,102,0.654,82,2,4,0.082,83,82,false
dec-236,dec,d_b=20;m=5;gap=1;k=4;q=3;s=41,100,false,102,0.654,82,2,8,0.138,83,82,false
dec-236,dec,d_b=20;m=5;gap=1;k=4;q=3;s=41,100,false,102,0.654,82,2,16,0.243,83,82,false
dec-236,dec,d_b=20;m=5;gap=1;k=4;q=3;s=41,100,false,102,0.654,82,2,32,0.476,83,82,false
dec-236,dec,d_b=20;m=5;gap=1;k=4;q=3;s=41,100,false,102,0.654,82,2,64,1.006,82,2,false
dec-236,dec,d_b=20;m=5;gap=1;k=4;q=3;s=41,100,false,102,0.654,82,2,128,1.588,82,2,true
dec-236,dec,d_b=20;m=5;gap=1;k=4;q=3;s=41,100,false,102,0.654,82,2,256,1.578,82,2,true
dec-236,dec,d_b=20;m=5;gap=1;k=4;q=3;s=41,100,false,102,0.654,82,2,512,1.584,82,2,true
dec-236,dec,d_b=20;m=5;gap=1;k=4;q=3;s=41,100,false,102,0.654,82,2,1024,1.570,82,2,true
dec-236,dec,d_b=20;m=5;gap=1;k=4;q=3;s=41,100,false,102,0.654,82,2,2048,1.589,82,2,true
dec-236,dec,d_b=20;m=5;gap=1;k=4;q=3;s=41,100,false,102,0.654,82,2,4096,1.613,82,2,true
dec-236,dec,d_b=20;m=5;gap=1;k=4;q=3;s=41,100,false,102,0.654,82,2,8192,1.581,82,2,true
dec-236,dec,d_b=20;m=5;gap=1;k=4;q=3;s=41,100,false,102,0.654,82,2,16384,1.575,82,2,true
dec-237,dec,d_b=20;m=5;gap=3;k=1;q=3;s=42,40,false,42,0.225,82,2,1,0.027,85,84,false
dec-237,dec,d_b=20;m=5;gap=3;k=1;q=3;s=42,40,false,42,0.225,82,2,2,0.046,85,84,false
dec-237,dec,d_b=20;m=5;gap=3;k=1;q=3;s=42,40,false,42,0.225,82,2,4,0.069,85,84,false
dec-237,dec,d_b=20;m=5;gap=3;k=1;q=3;s=42,40,false,42,0.225,82,2,8,0.108,85,84,false
dec-237,dec,d_b=20;m=5;gap=3;k=1;q=3;s=42,40,false,42,0.225,82,2,16,0.185,85,84,false
dec-237,dec,d_b=20;m=5;gap=3;k=1;q=3;s=42,40,false,42,0.225,82,2,32,0.417,82,2,false
dec-237,dec,d_b=20;m=5;gap=3;k=1;q=3;s=42,40,false,42,0.225,82,2,64,0.516,82,2,true
dec-237,dec,d_b=20;m=5;gap=3;k=1;q=3;s=42,40,false,42,0.225,82,2,128,0.513,82,2,true
dec-237,dec,d_b=20;m=5;gap=3;k=1;q=3;s=42,40,false,42,0.225,82,2,256,0.506,82,2,true
dec-237,dec,d_b=20;m=5;gap=3;k=1;q=3;s=42,40,false,42,0.225,82,2,512,0.511,82,2,true
dec-237,dec,d_b=20;m=5;gap=3;k=1;q=3;s=42,40,false,42,0.225,82,2,1024,0.505,82,2,true
dec-237,dec,d_b=20;m=5;gap=3;k=1;q=3;s=42,40,false,42,0.225,82,2,2048,0.504,82,2,true
dec-237,dec,d_b=20;m=5;gap=3;k=1;q=3;s=42,40,false,42,0.225,82,2,4096,0.503,82,2,true
dec-237,dec,d_b=20;m=5;gap=3;k=1;q=3;s=42,40,false,42,0.225,82,2,8192,0.503,82,2,true
dec-237,dec,d_b=20;m=5;gap=3;k=1;q=3;s=42,40,false,42,0.225,82,2,16384,0.499,82,2,true
dec-238,dec,d_b=20;m=5;gap=3;k=2;q=3;s=42,60,false,62,0.372,82,2,1,0.030,85,84,false
dec-238,dec,d_b=20;m=5;gap=3;k=2;q=3;s=42,60,false,62,0.372,82,2,2,0.046,85,84,false
dec-238,dec,d_b=20;m=5;gap=3;k=2;q=3;s=42,60,false,62,0.372,82,2,4,0.069,85,84,false
dec-238,dec,d_b=20;m=5;gap=3;k=2;q=3;s=42,60,false,62,0.372,82,2,8,0.125,85,84,false
dec-238,dec,d_b=20;m=5;gap=3;k=2;q=3;s=42,60,false,62,0.372,82,2,16,0.222,85,84,false
dec-238,dec,d_b=20;m=5;gap=3;k=2;q=3;s=42,60,false,62,0.372,82,2,32,0.473,82,2,false
dec-238,dec,d_b=20;m=5;gap=3;k=2;q=3;s=42,60,false,62,0.372,82,2,64,0.871,82,2,true
dec-238,dec,d_b=20;m=5;gap=3;k=2;q=3;s=42,60,false,62,0.372,82,2,128,0.845,82,2,true
dec-238,dec,d_b=20;m=5;gap=3;k=2;q=3;s=42,60,false,62,0.372,82,2,256,0.846,82,2,true
dec-238,dec,d_b=20;m=5;gap=3;k=2;q=3;s=42,60,false,62,0.372,82,2,512,0.840,82,2,true
dec-238,dec,d_b=20;m=5;gap=3;k=2;q=3;s=42,60,false,62,0.372,82,2,1024,0.837,82,2,true
dec-238,dec,d_b=20;m=5;gap=3;k=2;q=3;s=42,60,false,62,0.372,82,2,2048,0.846,82,2,true
dec-238,dec,d_b=20;m=5;gap=3;k=2;q=3;s=42,60,false,62,0.372,82,2,4096,0.833,82,2,true
dec-238,dec,d_b=20;m=5;gap=3;k=2;q=3;s=42,60,false,62,0.372,82,2,8192,0.833,82,2,true
dec-238,dec,d_b=20;m=5;gap=3;k=2;q=3;s=42,60,false,62,0.372,82,2,16384,0.839,82,2,true
dec-239,dec,d_b=20;m=5;gap=3;k=4;q=3;s=42,100,false,102,0.672,82,2,1,0.037,85,84,false
dec-239,dec,d_b=20;m=5;gap=3;k=4;q=3;s=42,100,false,102,0.672,82,2,2,0.050,85,84,false
dec-239,dec,d_b=20;m=5;gap=3;k=4;q=3;s=42,100,false,102,0.672,82,2,4,0.084,85,84,false
dec-239,dec,d_b=20;m=5;gap=3;k=4;q=3;s=42,100,false,102,0.672,82,2,8,0.142,85,84,false
dec-239,dec,d_b=20;m=5;gap=3;k=4;q=3;s=42,100,false,102,0.672,82,2,16,0.255,85,84,false
dec-239,dec,d_b=20;m=5;gap=3;k=4;q=3;s=42,100,false,102,0.672,82,2,32,0.489,85,84,false
dec-239,dec,d_b=20;m=5;gap=3;k=4;q=3;s=42,100,false,102,0.672,82,2,64,1.024,82,2,false
dec-239,dec,d_b=20;m=5;gap=3;k=4;q=3;s=42,100,false,102,0.672,82,2,128,1.616,82,2,true
dec-239,dec,d_b=20;m=5;gap=3;k=4;q=3;s=42,100,false,102,0.672,82,2,256,1.617,82,2,true
dec-239,dec,d_b=20;m=5;gap=3;k=4;q=3;s=42,100,false,102,0.672,82,2,512,1.608,82,2,true
dec-239,dec,d_b=20;m=5;gap=3;k=4;q=3;s=42,100,false,102,0.672,82,2,1024,1.633,82,2,true
dec-239,dec,d_b=20;m=5;gap=3;k=4;q=3;s=42,100,false,102,0.672,82,2,2048,1.608,82,2,true
dec-239,dec,d_b=20;m=5;gap=3;k=4;q=3;s=42,100,false,102,0.672,82,2,4096,1.599,82,2,true
dec-239,dec,d_b=20;m=5;gap=3;k=4;q=3;s=42,100,false,102,0.672,82,2,8192,1.596,82,2,true
dec-239,dec,d_b=20;m=5;gap=3;k=4;q=3;s=42,100,false,102,0.672,82,2,16384,1.597,82,2,true
dec-240,dec,d_b=20;m=5;gap=7;k=1;q=3;s=44,40,false,42,0.227,82,2,1,0.027,89,88,false
dec-240,dec,d_b=20;m=5;gap=7;k=1;q=3;s=44,40,false,42,0.227,82,2,2,0.046,89,88,false
dec-240,dec,d_b=20;m=5;gap=7;k=1;q=3;s=44,40,false,42,0.227,82,2,4,0.067,89,88,false
dec-240,dec,d_b=20;m=5;gap=7;k=1;q=3;s=44,40,false,42,0.227,82,2,8,0.112,89,88,false
dec-240,dec,d_b=20;m=5;gap=7;k=1;q=3;s=44,40,false,42,0.227,82,2,16,0.188,89,88,false
dec-240,dec,d_b=20;m=5;gap=7;k=1;q=3;s=44,40,false,42,0.227,82,2,32,0.393,82,2,false
dec-240,dec,d_b=20;m=5;gap=7;k=1;q=3;s=44,40,false,42,0.227,82,2,64,0.540,82,2,true
dec-240,dec,d_b=20;m=5;gap=7;k=1;q=3;s=44,40,false,42,0.227,82,2,128,0.536,82,2,true
dec-240,dec,d_b=20;m=5;gap=7;k=1;q=3;s=44,40,false,42,0.227,82,2,256,0.533,82,2,true
dec-240,dec,d_b=20;m=5;gap=7;k=1;q=3;s=44,40,false,42,0.227,82,2,512,0.531,82,2,true
dec-240,dec,d_b=20;m=5;gap=7;k=1;q=3;s=44,40,false,42,0.227,82,2,1024,0.530,82,2,true
dec-240,dec,d_b=20;m=5;gap=7;k=1;q=3;s=44,40,false,42,0.227,82,2,2048,0.536,82,2,true
dec-240,dec,d_b=20;m=5;gap=7;k=1;q=3;s=44,40,false,42,0.227,82,2,4096,0.530,82,2,true
dec-240,dec,d_b=20;m=5;gap=7;k=1;q=3;s=44,40,false,42,0.227,82,2,8192,0.525,82,2,true
dec-240,dec,d_b=20;m=5;gap=7;k=1;q=3;s=44,40,false,42,0.227,82,2,16384,0.548,82,2,true
dec-241,dec,d_b=20;m=5;gap=7;k=2;q=3;s=44,60,false,62,0.402,82,2,1,0.030,89,88,false
dec-241,dec,d_b=20;m=5;gap=7;k=2;q=3;s=44,60,false,62,0.402,82,2,2,0.049,89,88,false
dec-241,dec,d_b=20;m=5;gap=7;k=2;q=3;s=44,60,false,62,0.402,82,2,4,0.075,89,88,false
dec-241,dec,d_b=20;m=5;gap=7;k=2;q=3;s=44,60,false,62,0.402,82,2,8,0.137,89,88,false
dec-241,dec,d_b=20;m=5;gap=7;k=2;q=3;s=44,60,false,62,0.402,82,2,16,0.231,89,88,false
dec-241,dec,d_b=20;m=5;gap=7;k=2;q=3;s=44,60,false,62,0.402,82,2,32,0.478,82,2,false
dec-241,dec,d_b=20;m=5;gap=7;k=2;q=3;s=44,60,false,62,0.402,82,2,64,0.917,82,2,true
dec-241,dec,d_b=20;m=5;gap=7;k=2;q=3;s=44,60,false,62,0.402,82,2,128,0.908,82,2,true
dec-241,dec,d_b=20;m=5;gap=7;k=2;q=3;s=44,60,false,62,0.402,82,2,256,0.903,82,2,true
dec-241,dec,d_b=20;m=5;gap=7;k=2;q=3;s=44,60,false,62,0.402,82,2,512,0.912,82,2,true
dec-241,dec,d_b=20;m=5;gap=7;k=2;q=3;s=44,60,false,62,0.402,82,2,1024,0.896,82,2,true
dec-241,dec,d_b=20;m=5;gap=7;k=2;q=3;s=44,60,false,62,0.402,82,2,2048,0.901,82,2,true
dec-241,dec,d_b=20;m=5;gap=7;k=2;q=3;s=44,60,false,62,0.402,82,2,4096,0.901,82,2,true
dec-241,dec,d_b=20;m=5;gap=7;k=2;q=3;s=44,60,false,62,0.402,82,2,8192,0.909,82,2,true
dec-241,dec,d_b=20;m=5;gap=7;k=2;q=3;s=44,60,false,62,0.402,82,2,16384,0.909,82,2,true
dec-242,dec,d_b=20;m=5;gap=7;k=4;q=3;s=44,100,false,102,0.729,82,2,1,0.039,89,88,false
dec-242,dec,d_b=20;m=5;gap=7;k=4;q=3;s=44,100,false,102,0.729,82,2,2,0.054,89,88,false
dec-242,dec,d_b=20;m=5;gap=7;k=4;q=3;s=44,100,false,102,0.729,82,2,4,0.088,89,88,false
dec-242,dec,d_b=20;m=5;gap=7;k=4;q=3;s=44,100,false,102,0.729,82,2,8,0.148,89,88,false
dec-242,dec,d_b=20;m=5;gap=7;k=4;q=3;s=44,100,false,102,0.729,82,2,16,0.275,89,88,false
dec-242,dec,d_b=20;m=5;gap=7;k=4;q=3;s=44,100,false,102,0.729,82,2,32,0.504,89,88,false
dec-242,dec,d_b=20;m=5;gap=7;k=4;q=3;s=44,100,false,102,0.729,82,2,64,1.059,82,2,false
dec-242,dec,d_b=20;m=5;gap=7;k=4;q=3;s=44,100,false,102,0.729,82,2,128,1.747,82,2,true
dec-242,dec,d_b=20;m=5;gap=7;k=4;q=3;s=44,100,false,102,0.729,82,2,256,1.744,82,2,true
dec-242,dec,d_b=20;m=5;gap=7;k=4;q=3;s=44,100,false,102,0.729,82,2,512,1.758,82,2,true
dec-242,dec,d_b=20;m=5;gap=7;k=4;q=3;s=44,100,false,102,0.729,82,2,1024,1.745,82,2,true
dec-242,dec,d_b=20;m=5;gap=7;k=4;q=3;s=44,100,false,102,0.729,82,2,2048,1.781,82,2,true
dec-242,dec,d_b=20;m=5;gap=7;k=4;q=3;s=44,100,false,102,0.729,82,2,4096,1.765,82,2,true
dec-242,dec,d_b=20;m=5;gap=7;k=4;q=3;s=44,100,false,102,0.729,82,2,8192,1.777,82,2,true
dec-242,dec,d_b=20;m=5;gap=7;k=4;q=3;s=44,100,false,102,0.729,82,2,16384,1.893,82,2,true
dec-243,dec,d_b=20;m=5;gap=13;k=1;q=3;s=47,40,false,42,0.222,82,2,1,0.033,95,94,false
dec-243,dec,d_b=20;m=5;gap=13;k=1;q=3;s=47,40,false,42,0.222,82,2,2,0.047,95,94,false
dec-243,dec,d_b=20;m=5;gap=13;k=1;q=3;s=47,40,false,42,0.222,82,2,4,0.071,95,94,false
dec-243,dec,d_b=20;m=5;gap=13;k=1;q=3;s=47,40,false,42,0.222,82,2,8,0.125,95,94,false
dec-243,dec,d_b=20;m=5;gap=13;k=1;q=3;s=47,40,false,42,0.222,82,2,16,0.219,82,2,false
dec-243,dec,d_b=20;m=5;gap=13;k=1;q=3;s=47,40,false,42,0.222,82,2,32,0.423,82,2,false
dec-243,dec,d_b=20;m=5;gap=13;k=1;q=3;s=47,40,false,42,0.222,82,2,64,0.578,82,2,true
dec-243,dec,d_b=20;m=5;gap=13;k=1;q=3;s=47,40,false,42,0.222,82,2,128,0.584,82,2,true
dec-243,dec,d_b=20;m=5;gap=13;k=1;q=3;s=47,40,false,42,0.222,82,2,256,0.549,82,2,true
dec-243,dec,d_b=20;m=5;gap=13;k=1;q=3;s=47,40,false,42,0.222,82,2,512,0.561,82,2,true
dec-243,dec,d_b=20;m=5;gap=13;k=1;q=3;s=47,40,false,42,0.222,82,2,1024,0.552,82,2,true
dec-243,dec,d_b=20;m=5;gap=13;k=1;q=3;s=47,40,false,42,0.222,82,2,2048,0.554,82,2,true
dec-243,dec,d_b=20;m=5;gap=13;k=1;q=3;s=47,40,false,42,0.222,82,2,4096,0.541,82,2,true
dec-243,dec,d_b=20;m=5;gap=13;k=1;q=3;s=47,40,false,42,0.222,82,2,8192,0.551,82,2,true
dec-243,dec,d_b=20;m=5;gap=13;k=1;q=3;s=47,40,false,42,0.222,82,2,16384,0.537,82,2,true
dec-244,dec,d_b=20;m=5;gap=13;k=2;q=3;s=47,60,false,62,0.373,82,2,1,0.031,95,94,false
dec-244,dec,d_b=20;m=5;gap=13;k=2;q=3;s=47,60,false,62,0.373,82,2,2,0.052,95,94,false
dec-244,dec,d_b=20;m=5;gap=13;k=2;q=3;s=47,60,false,62,0.373,82,2,4,0.070,95,94,false
dec-244,dec,d_b=20;m=5;gap=13;k=2;q=3;s=47,60,false,62,0.373,82,2,8,0.127,95,94,false
dec-244,dec,d_b=20;m=5;gap=13;k=2;q=3;s=47,60,false,62,0.373,82,2,16,0.232,95,94,false
dec-244,dec,d_b=20;m=5;gap=13;k=2;q=3;s=47,60,false,62,0.373,82,2,32,0.491,82,2,false
dec-244,dec,d_b=20;m=5;gap=13;k=2;q=3;s=47,60,false,62,0.373,82,2,64,0.979,82,2,true
dec-244,dec,d_b=20;m=5;gap=13;k=2;q=3;s=47,60,false,62,0.373,82,2,128,0.954,82,2,true
dec-244,dec,d_b=20;m=5;gap=13;k=2;q=3;s=47,60,false,62,0.373,82,2,256,0.965,82,2,true
dec-244,dec,d_b=20;m=5;gap=13;k=2;q=3;s=47,60,false,62,0.373,82,2,512,0.952,82,2,true
dec-244,dec,d_b=20;m=5;gap=13;k=2;q=3;s=47,60,false,62,0.373,82,2,1024,0.958,82,2,true
dec-244,dec,d_b=20;m=5;gap=13;k=2;q=3;s=47,60,false,62,0.373,82,2,2048,0.943,82,2,true
dec-244,dec,d_b=20;m=5;gap=13;k=2;q=3;s=47,60,false,62,0.373,82,2,4096,0.967,82,2,true
dec-244,dec,d_b=20;m=5;gap=13;k=2;q=3;s=47,60,false,62,0.373,82,2,8192,0.938,82,2,true
dec-244,dec,d_b=20;m=5;gap=13;k=2;q=3;s=47,60,false,62,0.373,82,2,16384,0.960,82,2,true
dec-245,dec,d_b=20;m=5;gap=13;k=4;q=3;s=47,100,false,102,0.658,82,2,1,0.039,95,94,false
dec-245,dec,d_b=20;m=5;gap=13;k=4;q=3;s=47,100,false,102,0.658,82,2,2,0.052,95,94,false
dec-245,dec,d_b=20;m=5;gap=13;k=4;q=3;s=47,100,false,102,0.658,82,2,4,0.091,95,94,false
dec-245,dec,d_b=20;m=5;gap=13;k=4;q=3;s=47,100,false,102,0.658,82,2,8,0.149,95,94,false
dec-245,dec,d_b=20;m=5;gap=13;k=4;q=3;s=47,100,false,102,0.658,82,2,16,0.286,95,94,false
dec-245,dec,d_b=20;m=5;gap=13;k=4;q=3;s=47,100,false,102,0.658,82,2,32,0.578,95,94,false
dec-245,dec,d_b=20;m=5;gap=13;k=4;q=3;s=47,100,false,102,0.658,82,2,64,1.092,82,2,false
dec-245,dec,d_b=20;m=5;gap=13;k=4;q=3;s=47,100,false,102,0.658,82,2,128,1.838,82,2,true
dec-245,dec,d_b=20;m=5;gap=13;k=4;q=3;s=47,100,false,102,0.658,82,2,256,1.853,82,2,true
dec-245,dec,d_b=20;m=5;gap=13;k=4;q=3;s=47,100,false,102,0.658,82,2,512,1.822,82,2,true
dec-245,dec,d_b=20;m=5;gap=13;k=4;q=3;s=47,100,false,102,0.658,82,2,1024,2.116,82,2,true
dec-245,dec,d_b=20;m=5;gap=13;k=4;q=3;s=47,100,false,102,0.658,82,2,2048,1.839,82,2,true
dec-245,dec,d_b=20;m=5;gap=13;k=4;q=3;s=47,100,false,102,0.658,82,2,4096,1.823,82,2,true
dec-245,dec,d_b=20;m=5;gap=13;k=4;q=3;s=47,100,false,102,0.658,82,2,8192,1.806,82,2,true
dec-245,dec,d_b=20;m=5;gap=13;k=4;q=3;s=47,100,false,102,0.658,82,2,16384,1.802,82,2,true
dec-246,dec,d_b=20;m=9;gap=1;k=1;q=7;s=81,40,false,42,0.340,162,2,1,0.045,163,162,false
dec-246,dec,d_b=20;m=9;gap=1;k=1;q=7;s=81,40,false,42,0.340,162,2,2,0.079,163,162,false
dec-246,dec,d_b=20;m=9;gap=1;k=1;q=7;s=81,40,false,42,0.340,162,2,4,0.120,163,162,false
dec-246,dec,d_b=20;m=9;gap=1;k=1;q=7;s=81,40,false,42,0.340,162,2,8,0.171,163,162,false
dec-246,dec,d_b=20;m=9;gap=1;k=1;q=7;s=81,40,false,42,0.340,162,2,16,0.300,163,162,false
dec-246,dec,d_b=20;m=9;gap=1;k=1;q=7;s=81,40,false,42,0.340,162,2,32,0.585,162,2,false
dec-246,dec,d_b=20;m=9;gap=1;k=1;q=7;s=81,40,false,42,0.340,162,2,64,0.737,162,2,true
dec-246,dec,d_b=20;m=9;gap=1;k=1;q=7;s=81,40,false,42,0.340,162,2,128,0.729,162,2,true
dec-246,dec,d_b=20;m=9;gap=1;k=1;q=7;s=81,40,false,42,0.340,162,2,256,0.727,162,2,true
dec-246,dec,d_b=20;m=9;gap=1;k=1;q=7;s=81,40,false,42,0.340,162,2,512,0.733,162,2,true
dec-246,dec,d_b=20;m=9;gap=1;k=1;q=7;s=81,40,false,42,0.340,162,2,1024,0.745,162,2,true
dec-246,dec,d_b=20;m=9;gap=1;k=1;q=7;s=81,40,false,42,0.340,162,2,2048,0.724,162,2,true
dec-246,dec,d_b=20;m=9;gap=1;k=1;q=7;s=81,40,false,42,0.340,162,2,4096,0.726,162,2,true
dec-246,dec,d_b=20;m=9;gap=1;k=1;q=7;s=81,40,false,42,0.340,162,2,8192,0.727,162,2,true
dec-246,dec,d_b=20;m=9;gap=1;k=1;q=7;s=81,40,false,42,0.340,162,2,16384,0.721,162,2,true
dec-247,dec,d_b=20;m=9;gap=1;k=2;q=7;s=81,60,false,62,0.635,162,2,1,0.049,163,162,false
dec-247,dec,d_b=20;m=9;gap=1;k=2;q=7;s=81,60,false,62,0.635,162,2,2,0.078,163,162,false
dec-247,dec,d_b=20;m=9;gap=1;k=2;q=7;s=81,60,false,62,0.635,162,2,4,0.114,163,162,false
dec-247,dec,d_b=20;m=9;gap=1;k=2;q=7;s=81,60,false,62,0.635,162,2,8,0.214,163,162,false
dec-247,dec,d_b=20;m=9;gap=1;k=2;q=7;s=81,60,false,62,0.635,162,2,16,0.378,163,162,false
dec-247,dec,d_b=20;m=9;gap=1;k=2;q=7;s=81,60,false,62,0.635,162,2,32,0.779,162,2,false
dec-247,dec,d_b=20;m=9;gap=1;k=2;q=7;s=81,60,false,62,0.635,162,2,64,1.372,162,2,true
dec-247,dec,d_b=20;m=9;gap=1;k=2;q=7;s=81,60,false,62,0.635,162,2,128,1.373,162,2,true
dec-247,dec,d_b=20;m=9;gap=1;k=2;q=7;s=81,60,false,62,0.635,162,2,256,1.359,162,2,true
dec-247,dec,d_b=20;m=9;gap=1;k=2;q=7;s=81,60,false,62,0.635,162,2,512,1.367,162,2,true
dec-247,dec,d_b=20;m=9;gap=1;k=2;q=7;s=81,60,false,62,0.635,162,2,1024,1.359,162,2,true
dec-247,dec,d_b=20;m=9;gap=1;k=2;q=7;s=81,60,false,62,0.635,162,2,2048,1.361,162,2,true
dec-247,dec,d_b=20;m=9;gap=1;k=2;q=7;s=81,60,false,62,0.635,162,2,4096,1.356,162,2,true
dec-247,dec,d_b=20;m=9;gap=1;k=2;q=7;s=81,60,false,62,0.635,162,2,8192,1.356,162,2,true
dec-247,dec,d_b=20;m=9;gap=1;k=2;q=7;s=81,60,false,62,0.635,162,2,16384,1.348,162,2,true
dec-248,dec,d_b=20;m=9;gap=1;k=4;q=7;s=81,100,false,102,1.183,162,2,1,0.066,163,162,false
dec-248,dec,d_b=20;m=9;gap=1;k=4;q=7;s=81,100,false,102,1.183,162,2,2,0.091,163,162,false
dec-248,dec,d_b=20;m=9;gap=1;k=4;q=7;s=81,100,false,102,1.183,162,2,4,0.146,163,162,false
dec-248,dec,d_b=20;m=9;gap=1;k=4;q=7;s=81,100,false,102,1.183,162,2,8,0.244,163,162,false
dec-248,dec,d_b=20;m=9;gap=1;k=4;q=7;s=81,100,false,102,1.183,162,2,16,0.420,163,162,false
dec-248,dec,d_b=20;m=9;gap=1;k=4;q=7;s=81,100,false,102,1.183,162,2,32,0.817,163,162,false
dec-248,dec,d_b=20;m=9;gap=1;k=4;q=7;s=81,100,false,102,1.183,162,2,64,1.701,162,2,false
dec-248,dec,d_b=20;m=9;gap=1;k=4;q=7;s=81,100,false,102,1.183,162,2,128,2.568,162,2,true
dec-248,dec,d_b=20;m=9;gap=1;k=4;q=7;s=81,100,false,102,1.183,162,2,256,2.520,162,2,true
dec-248,dec,d_b=20;m=9;gap=1;k=4;q=7;s=81,100,false,102,1.183,162,2,512,2.520,162,2,true
dec-248,dec,d_b=20;m=9;gap=1;k=4;q=7;s=81,100,false,102,1.183,162,2,1024,2.506,162,2,true
dec-248,dec,d_b=20;m=9;gap=1;k=4;q=7;s=81,100,false,102,1.183,162,2,2048,2.523,162,2,true
dec-248,dec,d_b=20;m=9;gap=1;k=4;q=7;s=81,100,false,102,1.183,162,2,4096,2.514,162,2,true
dec-248,dec,d_b=20;m=9;gap=1;k=4;q=7;s=81,100,false,102,1.183,162,2,8192,2.518,162,2,true
dec-248,dec,d_b=20;m=9;gap=1;k=4;q=7;s=81,100,false,102,1.183,162,2,16384,2.492,162,2,true
dec-249,dec,d_b=20;m=9;gap=3;k=1;q=7;s=82,40,false,42,0.347,162,2,1,0.044,165,164,false
dec-249,dec,d_b=20;m=9;gap=3;k=1;q=7;s=82,40,false,42,0.347,162,2,2,0.080,165,164,false
dec-249,dec,d_b=20;m=9;gap=3;k=1;q=7;s=82,40,false,42,0.347,162,2,4,0.116,165,164,false
dec-249,dec,d_b=20;m=9;gap=3;k=1;q=7;s=82,40,false,42,0.347,162,2,8,0.176,165,164,false
dec-249,dec,d_b=20;m=9;gap=3;k=1;q=7;s=82,40,false,42,0.347,162,2,16,0.307,165,164,false
dec-249,dec,d_b=20;m=9;gap=3;k=1;q=7;s=82,40,false,42,0.347,162,2,32,0.622,162,2,false
dec-249,dec,d_b=20;m=9;gap=3;k=1;q=7;s=82,40,false,42,0.347,162,2,64,0.756,162,2,true
dec-249,dec,d_b=20;m=9;gap=3;k=1;q=7;s=82,40,false,42,0.347,162,2,128,0.745,162,2,true
dec-249,dec,d_b=20;m=9;gap=3;k=1;q=7;s=82,40,false,42,0.347,162,2,256,0.734,162,2,true
dec-249,dec,d_b=20;m=9;gap=3;k=1;q=7;s=82,40,false,42,0.347,162,2,512,0.739,162,2,true
dec-249,dec,d_b=20;m=9;gap=3;k=1;q=7;s=82,40,false,42,0.347,162,2,1024,0.731,162,2,true
dec-249,dec,d_b=20;m=9;gap=3;k=1;q=7;s=82,40,false,42,0.347,162,2,2048,0.728,162,2,true
dec-249,dec,d_b=20;m=9;gap=3;k=1;q=7;s=82,40,false,42,0.347,162,2,4096,0.739,162,2,true
dec-249,dec,d_b=20;m=9;gap=3;k=1;q=7;s=82,40,false,42,0.347,162,2,8192,0.726,162,2,true
dec-249,dec,d_b=20;m=9;gap=3;k=1;q=7;s=82,40,false,42,0.347,162,2,16384,0.726,162,2,true
dec-250,dec,d_b=20;m=9;gap=3;k=2;q=7;s=82,60,false,62,0.620,162,2,1,0.048,165,164,false
dec-250,dec,d_b=20;m=9;gap=3;k=2;q=7;s=82,60,false,62,0.620,162,2,2,0.078,165,164,false
dec-250,dec,d_b=20;m=9;gap=3;k=2;q=7;s=82,60,false,62,0.620,162,2,4,0.117,165,164,false
dec-250,dec,d_b=20;m=9;gap=3;k=2;q=7;s=82,60,false,62,0.620,162,2,8,0.216,165,164,false
dec-250,dec,d_b=20;m=9;gap=3;k=2;q=7;s=82,60,false,62,0.620,162,2,16,0.388,165,164,false
dec-250,dec,d_b=20;m=9;gap=3;k=2;q=7;s=82,60,false,62,0.620,162,2,32,0.804,162,2,false
dec-250,dec,d_b=20;m=9;gap=3;k=2;q=7;s=82,60,false,62,0.620,162,2,64,1.397,162,2,true
dec-250,dec,d_b=20;m=9;gap=3;k=2;q=7;s=82,60,false,62,0.620,162,2,128,1.386,162,2,true
dec-250,dec,d_b=20;m=9;gap=3;k=2;q=7;s=82,60,false,62,0.620,162,2,256,1.383,162,2,true
dec-250,dec,d_b=20;m=9;gap=3;k=2;q=7;s=82,60,false,62,0.620,162,2,512,1.381,162,2,true
dec-250,dec,d_b=20;m=9;gap=3;k=2;q=7;s=82,60,false,62,0.620,162,2,1024,1.414,162,2,true
dec-250,dec,d_b=20;m=9;gap=3;k=2;q=7;s=82,60,false,62,0.620,162,2,2048,1.372,162,2,true
dec-250,dec,d_b=20;m=9;gap=3;k=2;q=7;s=82,60,false,62,0.620,162,2,4096,1.379,162,2,true
dec-250,dec,d_b=20;m=9;gap=3;k=2;q=7;s=82,60,false,62,0.620,162,2,8192,1.373,162,2,true
dec-250,dec,d_b=20;m=9;gap=3;k=2;q=7;s=82,60,false,62,0.620,162,2,16384,1.390,162,2,true
dec-251,dec,d_b=20;m=9;gap=3;k=4;q=7;s=82,100,false,102,1.179,162,2,1,0.063,165,164,false
dec-251,dec,d_b=20;m=9;gap=3;k=4;q=7;s=82,100,false,102,1.179,162,2,2,0.093,165,164,false
dec-251,dec,d_b=20;m=9;gap=3;k=4;q=7;s=82,100,false,102,1.179,162,2,4,0.159,165,164,false
dec-251,dec,d_b=20;m=9;gap=3;k=4;q=7;s=82,100,false,102,1.179,162,2,8,0.251,165,164,false
dec-251,dec,d_b=20;m=9;gap=3;k=4;q=7;s=82,100,false,102,1.179,162,2,16,0.434,165,164,false
dec-251,dec,d_b=20;m=9;gap=3;k=4;q=7;s=82,100,false,102,1.179,162,2,32,0.842,165,164,false
dec-251,dec,d_b=20;m=9;gap=3;k=4;q=7;s=82,100,false,102,1.179,162,2,64,1.707,162,2,false
dec-251,dec,d_b=20;m=9;gap=3;k=4;q=7;s=82,100,false,102,1.179,162,2,128,2.573,162,2,true
dec-251,dec,d_b=20;m=9;gap=3;k=4;q=7;s=82,100,false,102,1.179,162,2,256,2.580,162,2,true
dec-251,dec,d_b=20;m=9;gap=3;k=4;q=7;s=82,100,false,102,1.179,162,2,512,2.579,162,2,true
dec-251,dec,d_b=20;m=9;gap=3;k=4;q=7;s=82,100,false,102,1.179,162,2,1024,2.544,162,2,true
dec-251,dec,d_b=20;m=9;gap=3;k=4;q=7;s=82,100,false,102,1.179,162,2,2048,2.544,162,2,true
dec-251,dec,d_b=20;m=9;gap=3;k=4;q=7;s=82,100,false,102,1.179,162,2,4096,2.558,162,2,true
dec-251,dec,d_b=20;m=9;gap=3;k=4;q=7;s=82,100,false,102,1.179,162,2,8192,2.551,162,2,true
dec-251,dec,d_b=20;m=9;gap=3;k=4;q=7;s=82,100,false,102,1.179,162,2,16384,2.553,162,2,true
dec-252,dec,d_b=20;m=9;gap=7;k=1;q=7;s=84,40,false,42,0.350,162,2,1,0.046,169,168,false
dec-252,dec,d_b=20;m=9;gap=7;k=1;q=7;s=84,40,false,42,0.350,162,2,2,0.081,169,168,false
dec-252,dec,d_b=20;m=9;gap=7;k=1;q=7;s=84,40,false,42,0.350,162,2,4,0.123,169,168,false
dec-252,dec,d_b=20;m=9;gap=7;k=1;q=7;s=84,40,false,42,0.350,162,2,8,0.177,169,168,false
dec-252,dec,d_b=20;m=9;gap=7;k=1;q=7;s=84,40,false,42,0.350,162,2,16,0.313,169,168,false
dec-252,dec,d_b=20;m=9;gap=7;k=1;q=7;s=84,40,false,42,0.350,162,2,32,0.602,162,2,false
dec-252,dec,d_b=20;m=9;gap=7;k=1;q=7;s=84,40,false,42,0.350,162,2,64,0.759,162,2,true
dec-252,dec,d_b=20;m=9;gap=7;k=1;q=7;s=84,40,false,42,0.350,162,2,128,0.754,162,2,true
dec-252,dec,d_b=20;m=9;gap=7;k=1;q=7;s=84,40,false,42,0.350,162,2,256,0.747,162,2,true
dec-252,dec,d_b=20;m=9;gap=7;k=1;q=7;s=84,40,false,42,0.350,162,2,512,0.757,162,2,true
dec-252,dec,d_b=20;m=9;gap=7;k=1;q=7;s=84,40,false,42,0.350,162,2,1024,0.744,162,2,true
dec-252,dec,d_b=20;m=9;gap=7;k=1;q=7;s=84,40,false,42,0.350,162,2,2048,0.744,162,2,true
dec-252,dec,d_b=20;m=9;gap=7;k=1;q=7;s=84,40,false,42,0.350,162,2,4096,0.737,162,2,true
dec-252,dec,d_b=20;m=9;gap=7;k=1;q=7;s=84,40,false,42,0.350,162,2,8192,0.742,162,2,true
dec-252,dec,d_b=20;m=9;gap=7;k=1;q=7;s=84,40,false,42,0.350,162,2,16384,0.738,162,2,true
dec-253,dec,d_b=20;m=9;gap=7;k=2;q=7;s=84,60,false,62,0.643,162,2,1,0.049,169,168,false
dec-253,dec,d_b=20;m=9;gap=7;k=2;q=7;s=84,60,false,62,0.643,162,2,2,0.079,169,168,false
dec-253,dec,d_b=20;m=9;gap=7;k=2;q=7;s=84,60,false,62,0.643,162,2,4,0.121,169,168,false
dec-253,dec,d_b=20;m=9;gap=7;k=2;q=7;s=84,60,false,62,0.643,162,2,8,0.224,169,168,false
dec-253,dec,d_b=20;m=9;gap=7;k=2;q=7;s=84,60,false,62,0.643,162,2,16,0.392,169,168,false
dec-253,dec,d_b=20;m=9;gap=7;k=2;q=7;s=84,60,false,62,0.643,162,2,32,0.793,162,2,false
dec-253,dec,d_b=20;m=9;gap=7;k=2;q=7;s=84,60,false,62,0.643,162,2,64,1.471,162,2,true
dec-253,dec,d_b=20;m=9;gap=7;k=2;q=7;s=84,60,false,62,0.643,162,2,128,1.437,162,2,true
dec-253,dec,d_b=20;m=9;gap=7;k=2;q=7;s=84,60,false,62,0.643,162,2,256,1.471,162,2,true
dec-253,dec,d_b=20;m=9;gap=7;k=2;q=7;s=84,60,false,62,0.643,162,2,512,1.506,162,2,true
dec-253,dec,d_b=20;m=9;gap=7;k=2;q=7;s=84,60,false,62,0.643,162,2,1024,1.446,162,2,true
dec-253,dec,d_b=20;m=9;gap=7;k=2;q=7;s=84,60,false,62,0.643,162,2,2048,1.429,162,2,true
dec-253,dec,d_b=20;m=9;gap=7;k=2;q=7;s=84,60,false,62,0.643,162,2,4096,1.458,162,2,true
dec-253,dec,d_b=20;m=9;gap=7;k=2;q=7;s=84,60,false,62,0.643,162,2,8192,1.417,162,2,true
dec-253,dec,d_b=20;m=9;gap=7;k=2;q=7;s=84,60,false,62,0.643,162,2,16384,1.418,162,2,true
dec-254,dec,d_b=20;m=9;gap=7;k=4;q=7;s=84,100,false,102,1.250,162,2,1,0.069,169,168,false
dec-254,dec,d_b=20;m=9;gap=7;k=4;q=7;s=84,100,false,102,1.250,162,2,2,0.100,169,168,false
dec-254,dec,d_b=20;m=9;gap=7;k=4;q=7;s=84,100,false,102,1.250,162,2,4,0.177,169,168,false
dec-254,dec,d_b=20;m=9;gap=7;k=4;q=7;s=84,100,false,102,1.250,162,2,8,0.265,169,168,false
dec-254,dec,d_b=20;m=9;gap=7;k=4;q=7;s=84,100,false,102,1.250,162,2,16,0.452,169,168,false
dec-254,dec,d_b=20;m=9;gap=7;k=4;q=7;s=84,100,false,102,1.250,162,2,32,0.856,169,168,false
dec-254,dec,d_b=20;m=9;gap=7;k=4;q=7;s=84,100,false,102,1.250,162,2,64,1.760,162,2,false
dec-254,dec,d_b=20;m=9;gap=7;k=4;q=7;s=84,100,false,102,1.250,162,2,128,2.670,162,2,true
dec-254,dec,d_b=20;m=9;gap=7;k=4;q=7;s=84,100,false,102,1.250,162,2,256,2.636,162,2,true
dec-254,dec,d_b=20;m=9;gap=7;k=4;q=7;s=84,100,false,102,1.250,162,2,512,2.763,162,2,true
dec-254,dec,d_b=20;m=9;gap=7;k=4;q=7;s=84,100,false,102,1.250,162,2,1024,2.680,162,2,true
dec-254,dec,d_b=20;m=9;gap=7;k=4;q=7;s=84,100,false,102,1.250,162,2,2048,2.685,162,2,true
dec-254,dec,d_b=20;m=9;gap=7;k=4;q=7;s=84,100,false,102,1.250,162,2,4096,2.660,162,2,true
dec-254,dec,d_b=20;m=9;gap=7;k=4;q=7;s=84,100,false,102,1.250,162,2,8192,2.623,162,2,true
dec-254,dec,d_b=20;m=9;gap=7;k=4;q=7;s=84,100,false,102,1.250,162,2,16384,2.626,162,2,true
dec-255,dec,d_b=20;m=9;gap=13;k=1;q=7;s=87,40,false,42,0.389,162,2,1,0.049,175,174,false
dec-255,dec,d_b=20;m=9;gap=13;k=1;q=7;s=87,40,false,42,0.389,162,2,2,0.086,175,174,false
dec-255,dec,d_b=20;m=9;gap=13;k=1;q=7;s=87,40,false,42,0.389,162,2,4,0.128,175,174,false
dec-255,dec,d_b=20;m=9;gap=13;k=1;q=7;s=87,40,false,42,0.389,162,2,8,0.200,175,174,false
dec-255,dec,d_b=20;m=9;gap=13;k=1;q=7;s=87,40,false,42,0.389,162,2,16,0.328,175,174,false
dec-255,dec,d_b=20;m=9;gap=13;k=1;q=7;s=87,40,false,42,0.389,162,2,32,0.625,162,2,false
dec-255,dec,d_b=20;m=9;gap=13;k=1;q=7;s=87,40,false,42,0.389,162,2,64,0.823,162,2,true
dec-255,dec,d_b=20;m=9;gap=13;k=1;q=7;s=87,40,false,42,0.389,162,2,128,0.819,162,2,true
dec-255,dec,d_b=20;m=9;gap=13;k=1;q=7;s=87,40,false,42,0.389,162,2,256,0.813,162,2,true
dec-255,dec,d_b=20;m=9;gap=13;k=1;q=7;s=87,40,false,42,0.389,162,2,512,0.823,162,2,true
dec-255,dec,d_b=20;m=9;gap=13;k=1;q=7;s=87,40,false,42,0.389,162,2,1024,0.808,162,2,true
dec-255,dec,d_b=20;m=9;gap=13;k=1;q=7;s=87,40,false,42,0.389,162,2,2048,0.816,162,2,true
dec-255,dec,d_b=20;m=9;gap=13;k=1;q=7;s=87,40,false,42,0.389,162,2,4096,0.800,162,2,true
dec-255,dec,d_b=20;m=9;gap=13;k=1;q=7;s=87,40,false,42,0.389,162,2,8192,0.804,162,2,true
dec-255,dec,d_b=20;m=9;gap=13;k=1;q=7;s=87,40,false,42,0.389,162,2,16384,0.804,162,2,true
dec-256,dec,d_b=20;m=9;gap=13;k=2;q=7;s=87,60,false,62,0.732,162,2,1,0.052,175,174,false
dec-256,dec,d_b=20;m=9;gap=13;k=2;q=7;s=87,60,false,62,0.732,162,2,2,0.084,175,174,false
dec-256,dec,d_b=20;m=9;gap=13;k=2;q=7;s=87,60,false,62,0.732,162,2,4,0.129,175,174,false
dec-256,dec,d_b=20;m=9;gap=13;k=2;q=7;s=87,60,false,62,0.732,162,2,8,0.235,175,174,false
dec-256,dec,d_b=20;m=9;gap=13;k=2;q=7;s=87,60,false,62,0.732,162,2,16,0.412,175,174,false
dec-256,dec,d_b=20;m=9;gap=13;k=2;q=7;s=87,60,false,62,0.732,162,2,32,0.829,162,2,false
dec-256,dec,d_b=20;m=9;gap=13;k=2;q=7;s=87,60,false,62,0.732,162,2,64,1.475,162,2,true
dec-256,dec,d_b=20;m=9;gap=13;k=2;q=7;s=87,60,false,62,0.732,162,2,128,1.461,162,2,true
dec-256,dec,d_b=20;m=9;gap=13;k=2;q=7;s=87,60,false,62,0.732,162,2,256,1.472,162,2,true
dec-256,dec,d_b=20;m=9;gap=13;k=2;q=7;s=87,60,false,62,0.732,162,2,512,1.457,162,2,true
dec-256,dec,d_b=20;m=9;gap=13;k=2;q=7;s=87,60,false,62,0.732,162,2,1024,1.467,162,2,true
dec-256,dec,d_b=20;m=9;gap=13;k=2;q=7;s=87,60,false,62,0.732,162,2,2048,1.445,162,2,true
dec-256,dec,d_b=20;m=9;gap=13;k=2;q=7;s=87,60,false,62,0.732,162,2,4096,1.444,162,2,true
dec-256,dec,d_b=20;m=9;gap=13;k=2;q=7;s=87,60,false,62,0.732,162,2,8192,1.441,162,2,true
dec-256,dec,d_b=20;m=9;gap=13;k=2;q=7;s=87,60,false,62,0.732,162,2,16384,1.450,162,2,true
dec-257,dec,d_b=20;m=9;gap=13;k=4;q=7;s=87,100,false,102,1.291,162,2,1,0.069,175,174,false
dec-257,dec,d_b=20;m=9;gap=13;k=4;q=7;s=87,100,false,102,1.291,162,2,2,0.101,175,174,false
dec-257,dec,d_b=20;m=9;gap=13;k=4;q=7;s=87,100,false,102,1.291,162,2,4,0.160,175,174,false
dec-257,dec,d_b=20;m=9;gap=13;k=4;q=7;s=87,100,false,102,1.291,162,2,8,0.269,175,174,false
dec-257,dec,d_b=20;m=9;gap=13;k=4;q=7;s=87,100,false,102,1.291,162,2,16,0.456,175,174,false
dec-257,dec,d_b=20;m=9;gap=13;k=4;q=7;s=87,100,false,102,1.291,162,2,32,0.880,175,174,false
dec-257,dec,d_b=20;m=9;gap=13;k=4;q=7;s=87,100,false,102,1.291,162,2,64,1.843,162,2,false
dec-257,dec,d_b=20;m=9;gap=13;k=4;q=7;s=87,100,false,102,1.291,162,2,128,2.766,162,2,true
dec-257,dec,d_b=20;m=9;gap=13;k=4;q=7;s=87,100,false,102,1.291,162,2,256,2.725,162,2,true
dec-257,dec,d_b=20;m=9;gap=13;k=4;q=7;s=87,100,false,102,1.291,162,2,512,2.725,162,2,true
dec-257,dec,d_b=20;m=9;gap=13;k=4;q=7;s=87,100,false,102,1.291,162,2,1024,2.739,162,2,true
dec-257,dec,d_b=20;m=9;gap=13;k=4;q=7;s=87,100,false,102,1.291,162,2,2048,2.726,162,2,true
dec-257,dec,d_b=20;m=9;gap=13;k=4;q=7;s=87,100,false,102,1.291,162,2,4096,2.702,162,2,true
dec-257,dec,d_b=20;m=9;gap=13;k=4;q=7;s=87,100,false,102,1.291,162,2,8192,2.718,162,2,true
dec-257,dec,d_b=20;m=9;gap=13;k=4;q=7;s=87,100,false,102,1.291,162,2,16384,2.701,162,2,true
