instance,family,params,sum_a,sum_a_capped,or_states,exact_ms,exact_size,exact_vmass,playouts,mcgs_ms,mcgs_size,mcgs_vmass,certified
dec-000,dec,d_b=3;m=2;gap=2;k=1;q=0;s=3,6,false,7,0.131,5,2,1,0.046,7,6,false
dec-000,dec,d_b=3;m=2;gap=2;k=1;q=0;s=3,6,false,7,0.131,5,2,2,0.033,5,2,false
dec-000,dec,d_b=3;m=2;gap=2;k=1;q=0;s=3,6,false,7,0.131,5,2,4,0.036,5,2,false
dec-000,dec,d_b=3;m=2;gap=2;k=1;q=0;s=3,6,false,7,0.131,5,2,8,0.042,5,2,false
dec-000,dec,d_b=3;m=2;gap=2;k=1;q=0;s=3,6,false,7,0.131,5,2,16,0.045,5,2,true
dec-000,dec,d_b=3;m=2;gap=2;k=1;q=0;s=3,6,false,7,0.131,5,2,32,0.055,5,2,true
dec-000,dec,d_b=3;m=2;gap=2;k=1;q=0;s=3,6,false,7,0.131,5,2,64,0.073,5,2,true
dec-000,dec,d_b=3;m=2;gap=2;k=1;q=0;s=3,6,false,7,0.131,5,2,128,0.117,5,2,true
dec-000,dec,d_b=3;m=2;gap=2;k=1;q=0;s=3,6,false,7,0.131,5,2,256,0.216,5,2,true
dec-000,dec,d_b=3;m=2;gap=2;k=1;q=0;s=3,6,false,7,0.131,5,2,512,0.453,5,2,true
dec-000,dec,d_b=3;m=2;gap=2;k=1;q=0;s=3,6,false,7,0.131,5,2,1024,0.966,5,2,true
dec-000,dec,d_b=3;m=2;gap=2;k=1;q=0;s=3,6,false,7,0.131,5,2,2048,2.005,5,2,true
dec-000,dec,d_b=3;m=2;gap=2;k=1;q=0;s=3,6,false,7,0.131,5,2,4096,3.840,5,2,true
dec-000,dec,d_b=3;m=2;gap=2;k=1;q=0;s=3,6,false,7,0.131,5,2,8192,6.804,5,2,true
dec-000,dec,d_b=3;m=2;gap=2;k=1;q=0;s=3,6,false,7,0.131,5,2,16384,11.267,5,2,true
dec-000,dec,d_b=3;m=2;gap=2;k=1;q=0;s=3,6,false,7,0.131,5,2,32768,21.473,5,2,true
dec-000,dec,d_b=3;m=2;gap=2;k=1;q=0;s=3,6,false,7,0.131,5,2,65536,43.386,5,2,true
dec-000,dec,d_b=3;m=2;gap=2;k=1;q=0;s=3,6,false,7,0.131,5,2,131072,85.383,5,2,true
dec-000,dec,d_b=3;m=2;gap=2;k=1;q=0;s=3,6,false,7,0.131,5,2,262144,171.922,5,2,true
mixed-000-0,mixed,seed=0x6831f9b62d8166c8;cycles=6;planted=1;d_b=4;m=2;gap=1;k=2,13989,false,3154,0.097,17,8,1,0.048,18,12,false
mixed-000-0,mixed,seed=0x6831f9b62d8166c8;cycles=6;planted=1;d_b=4;m=2;gap=1;k=2,13989,false,3154,0.097,17,8,2,0.064,18,12,false
mixed-000-0,mixed,seed=0x6831f9b62d8166c8;cycles=6;planted=1;d_b=4;m=2;gap=1;k=2,13989,false,3154,0.097,17,8,4,0.061,18,12,false
mixed-000-0,mixed,seed=0x6831f9b62d8166c8;cycles=6;planted=1;d_b=4;m=2;gap=1;k=2,13989,false,3154,0.097,17,8,8,0.089,18,12,false
mixed-000-0,mixed,seed=0x6831f9b62d8166c8;cycles=6;planted=1;d_b=4;m=2;gap=1;k=2,13989,false,3154,0.097,17,8,16,0.113,18,12,false
mixed-000-0,mixed,seed=0x6831f9b62d8166c8;cycles=6;planted=1;d_b=4;m=2;gap=1;k=2,13989,false,3154,0.097,17,8,32,0.175,17,8,false
mixed-000-0,mixed,seed=0x6831f9b62d8166c8;cycles=6;planted=1;d_b=4;m=2;gap=1;k=2,13989,false,3154,0.097,17,8,64,0.297,17,8,false
mixed-000-0,mixed,seed=0x6831f9b62d8166c8;cycles=6;planted=1;d_b=4;m=2;gap=1;k=2,13989,false,3154,0.097,17,8,128,0.473,17,8,false
mixed-000-0,mixed,seed=0x6831f9b62d8166c8;cycles=6;planted=1;d_b=4;m=2;gap=1;k=2,13989,false,3154,0.097,17,8,256,0.807,17,8,false
mixed-000-0,mixed,seed=0x6831f9b62d8166c8;cycles=6;planted=1;d_b=4;m=2;gap=1;k=2,13989,false,3154,0.097,17,8,512,1.510,17,8,false
mixed-000-0,mixed,seed=0x6831f9b62d8166c8;cycles=6;planted=1;d_b=4;m=2;gap=1;k=2,13989,false,3154,0.097,17,8,1024,2.950,17,8,false
mixed-000-0,mixed,seed=0x6831f9b62d8166c8;cycles=6;planted=1;d_b=4;m=2;gap=1;k=2,13989,false,3154,0.097,17,8,2048,6.070,17,8,false
mixed-000-0,mixed,seed=0x6831f9b62d8166c8;cycles=6;planted=1;d_b=4;m=2;gap=1;k=2,13989,false,3154,0.097,17,8,4096,12.742,17,8,false
mixed-000-0,mixed,seed=0x6831f9b62d8166c8;cycles=6;planted=1;d_b=4;m=2;gap=1;k=2,13989,false,3154,0.097,17,8,8192,26.114,17,8,false
mixed-000-0,mixed,seed=0x6831f9b62d8166c8;cycles=6;planted=1;d_b=4;m=2;gap=1;k=2,13989,false,3154,0.097,17,8,16384,54.594,17,8,false
mixed-000-0,mixed,seed=0x6831f9b62d8166c8;cycles=6;planted=1;d_b=4;m=2;gap=1;k=2,13989,false,3154,0.097,17,8,32768,109.687,17,8,false
mixed-000-0,mixed,seed=0x6831f9b62d8166c8;cycles=6;planted=1;d_b=4;m=2;gap=1;k=2,13989,false,3154,0.097,17,8,65536,224.197,17,8,true
mixed-000-0,mixed,seed=0x6831f9b62d8166c8;cycles=6;planted=1;d_b=4;m=2;gap=1;k=2,13989,false,3154,0.097,17,8,131072,447.662,17,8,true
mixed-000-0,mixed,seed=0x6831f9b62d8166c8;cycles=6;planted=1;d_b=4;m=2;gap=1;k=2,13989,false,3154,0.097,17,8,262144,900.415,17,8,true
dec-001,dec,d_b=3;m=2;gap=2;k=2;q=0;s=3,9,false,10,0.032,5,2,1,0.017,7,6,false
dec-001,dec,d_b=3;m=2;gap=2;k=2;q=0;s=3,9,false,10,0.032,5,2,2,0.013,7,6,false
dec-001,dec,d_b=3;m=2;gap=2;k=2;q=0;s=3,9,false,10,0.032,5,2,4,0.020,5,2,false
dec-001,dec,d_b=3;m=2;gap=2;k=2;q=0;s=3,9,false,10,0.032,5,2,8,0.023,5,2,false
dec-001,dec,d_b=3;m=2;gap=2;k=2;q=0;s=3,9,false,10,0.032,5,2,16,0.029,5,2,false
dec-001,dec,d_b=3;m=2;gap=2;k=2;q=0;s=3,9,false,10,0.032,5,2,32,0.036,5,2,false
dec-001,dec,d_b=3;m=2;gap=2;k=2;q=0;s=3,9,false,10,0.032,5,2,64,0.051,5,2,true
dec-001,dec,d_b=3;m=2;gap=2;k=2;q=0;s=3,9,false,10,0.032,5,2,128,0.074,5,2,true
dec-001,dec,d_b=3;m=2;gap=2;k=2;q=0;s=3,9,false,10,0.032,5,2,256,0.118,5,2,true
dec-001,dec,d_b=3;m=2;gap=2;k=2;q=0;s=3,9,false,10,0.032,5,2,512,0.234,5,2,true
dec-001,dec,d_b=3;m=2;gap=2;k=2;q=0;s=3,9,false,10,0.032,5,2,1024,0.403,5,2,true
dec-001,dec,d_b=3;m=2;gap=2;k=2;q=0;s=3,9,false,10,0.032,5,2,2048,1.046,5,2,true
dec-001,dec,d_b=3;m=2;gap=2;k=2;q=0;s=3,9,false,10,0.032,5,2,4096,2.595,5,2,true
dec-001,dec,d_b=3;m=2;gap=2;k=2;q=0;s=3,9,false,10,0.032,5,2,8192,5.580,5,2,true
dec-001,dec,d_b=3;m=2;gap=2;k=2;q=0;s=3,9,false,10,0.032,5,2,16384,11.169,5,2,true
dec-001,dec,d_b=3;m=2;gap=2;k=2;q=0;s=3,9,false,10,0.032,5,2,32768,22.573,5,2,true
dec-001,dec,d_b=3;m=2;gap=2;k=2;q=0;s=3,9,false,10,0.032,5,2,65536,44.743,5,2,true
dec-001,dec,d_b=3;m=2;gap=2;k=2;q=0;s=3,9,false,10,0.032,5,2,131072,90.806,5,2,true
dec-001,dec,d_b=3;m=2;gap=2;k=2;q=0;s=3,9,false,10,0.032,5,2,262144,182.547,5,2,true
mixed-000-1,mixed,seed=0xda19217c7f37389d;cycles=6;planted=1;d_b=4;m=2;gap=1;k=2,26302,false,5761,0.174,38,6,1,0.155,39,10,false
mixed-000-1,mixed,seed=0xda19217c7f37389d;cycles=6;planted=1;d_b=4;m=2;gap=1;k=2,26302,false,5761,0.174,38,6,2,0.160,39,10,false
mixed-000-1,mixed,seed=0xda19217c7f37389d;cycles=6;planted=1;d_b=4;m=2;gap=1;k=2,26302,false,5761,0.174,38,6,4,0.230,39,10,false
mixed-000-1,mixed,seed=0xda19217c7f37389d;cycles=6;planted=1;d_b=4;m=2;gap=1;k=2,26302,false,5761,0.174,38,6,8,0.303,39,10,false
mixed-000-1,mixed,seed=0xda19217c7f37389d;cycles=6;planted=1;d_b=4;m=2;gap=1;k=2,26302,false,5761,0.174,38,6,16,0.517,39,10,false
mixed-000-1,mixed,seed=0xda19217c7f37389d;cycles=6;planted=1;d_b=4;m=2;gap=1;k=2,26302,false,5761,0.174,38,6,32,0.933,39,10,false
mixed-000-1,mixed,seed=0xda19217c7f37389d;cycles=6;planted=1;d_b=4;m=2;gap=1;k=2,26302,false,5761,0.174,38,6,64,1.805,39,10,false
mixed-000-1,mixed,seed=0xda19217c7f37389d;cycles=6;planted=1;d_b=4;m=2;gap=1;k=2,26302,false,5761,0.174,38,6,128,3.452,38,6,false
mixed-000-1,mixed,seed=0xda19217c7f37389d;cycles=6;planted=1;d_b=4;m=2;gap=1;k=2,26302,false,5761,0.174,38,6,256,6.758,38,6,false
mixed-000-1,mixed,seed=0xda19217c7f37389d;cycles=6;planted=1;d_b=4;m=2;gap=1;k=2,26302,false,5761,0.174,38,6,512,12.965,38,6,false
mixed-000-1,mixed,seed=0xda19217c7f37389d;cycles=6;planted=1;d_b=4;m=2;gap=1;k=2,26302,false,5761,0.174,38,6,1024,25.442,38,6,false
mixed-000-1,mixed,seed=0xda19217c7f37389d;cycles=6;planted=1;d_b=4;m=2;gap=1;k=2,26302,false,5761,0.174,38,6,2048,50.459,38,6,false
mixed-000-1,mixed,seed=0xda19217c7f37389d;cycles=6;planted=1;d_b=4;m=2;gap=1;k=2,26302,false,5761,0.174,38,6,4096,100.087,38,6,false
mixed-000-1,mixed,seed=0xda19217c7f37389d;cycles=6;planted=1;d_b=4;m=2;gap=1;k=2,26302,false,5761,0.174,38,6,8192,204.758,38,6,false
mixed-000-1,mixed,seed=0xda19217c7f37389d;cycles=6;planted=1;d_b=4;m=2;gap=1;k=2,26302,false,5761,0.174,38,6,16384,406.619,38,6,false
mixed-000-1,mixed,seed=0xda19217c7f37389d;cycles=6;planted=1;d_b=4;m=2;gap=1;k=2,26302,false,5761,0.174,38,6,32768,817.483,38,6,false
mixed-000-1,mixed,seed=0xda19217c7f37389d;cycles=6;planted=1;d_b=4;m=2;gap=1;k=2,26302,false,5761,0.174,38,6,65536,1654.600,38,6,false
mixed-000-1,mixed,seed=0xda19217c7f37389d;cycles=6;planted=1;d_b=4;m=2;gap=1;k=2,26302,false,5761,0.174,38,6,131072,3285.601,38,6,false
mixed-000-1,mixed,seed=0xda19217c7f37389d;cycles=6;planted=1;d_b=4;m=2;gap=1;k=2,26302,false,5761,0.174,38,6,262144,6580.437,38,6,false
dec-002,dec,d_b=3;m=2;gap=2;k=4;q=0;s=3,15,false,16,0.055,5,2,1,0.015,7,6,false
dec-002,dec,d_b=3;m=2;gap=2;k=4;q=0;s=3,15,false,16,0.055,5,2,2,0.016,7,6,false
dec-002,dec,d_b=3;m=2;gap=2;k=4;q=0;s=3,15,false,16,0.055,5,2,4,0.017,7,6,false
dec-002,dec,d_b=3;m=2;gap=2;k=4;q=0;s=3,15,false,16,0.055,5,2,8,0.028,5,2,false
dec-002,dec,d_b=3;m=2;gap=2;k=4;q=0;s=3,15,false,16,0.055,5,2,16,0.031,5,2,false
dec-002,dec,d_b=3;m=2;gap=2;k=4;q=0;s=3,15,false,16,0.055,5,2,32,0.041,5,2,false
dec-002,dec,d_b=3;m=2;gap=2;k=4;q=0;s=3,15,false,16,0.055,5,2,64,0.054,5,2,false
dec-002,dec,d_b=3;m=2;gap=2;k=4;q=0;s=3,15,false,16,0.055,5,2,128,0.076,5,2,false
dec-002,dec,d_b=3;m=2;gap=2;k=4;q=0;s=3,15,false,16,0.055,5,2,256,0.127,5,2,true
dec-002,dec,d_b=3;m=2;gap=2;k=4;q=0;s=3,15,false,16,0.055,5,2,512,0.208,5,2,true
dec-002,dec,d_b=3;m=2;gap=2;k=4;q=0;s=3,15,false,16,0.055,5,2,1024,0.382,5,2,true
dec-002,dec,d_b=3;m=2;gap=2;k=4;q=0;s=3,15,false,16,0.055,5,2,2048,0.697,5,2,true
dec-002,dec,d_b=3;m=2;gap=2;k=4;q=0;s=3,15,false,16,0.055,5,2,4096,1.378,5,2,true
dec-002,dec,d_b=3;m=2;gap=2;k=4;q=0;s=3,15,false,16,0.055,5,2,8192,2.603,5,2,true
dec-002,dec,d_b=3;m=2;gap=2;k=4;q=0;s=3,15,false,16,0.055,5,2,16384,5.113,5,2,true
dec-002,dec,d_b=3;m=2;gap=2;k=4;q=0;s=3,15,false,16,0.055,5,2,32768,17.122,5,2,true
dec-002,dec,d_b=3;m=2;gap=2;k=4;q=0;s=3,15,false,16,0.055,5,2,65536,42.810,5,2,true
dec-002,dec,d_b=3;m=2;gap=2;k=4;q=0;s=3,15,false,16,0.055,5,2,131072,93.194,5,2,true
dec-002,dec,d_b=3;m=2;gap=2;k=4;q=0;s=3,15,false,16,0.055,5,2,262144,193.452,5,2,true
mixed-000-2,mixed,seed=0x4c32cce1c3051888;cycles=6;planted=1;d_b=4;m=2;gap=1;k=2,47124,false,9184,0.218,35,10,1,0.116,36,14,false
mixed-000-2,mixed,seed=0x4c32cce1c3051888;cycles=6;planted=1;d_b=4;m=2;gap=1;k=2,47124,false,9184,0.218,35,10,2,0.150,36,14,false
mixed-000-2,mixed,seed=0x4c32cce1c3051888;cycles=6;planted=1;d_b=4;m=2;gap=1;k=2,47124,false,9184,0.218,35,10,4,0.209,36,14,false
mixed-000-2,mixed,seed=0x4c32cce1c3051888;cycles=6;planted=1;d_b=4;m=2;gap=1;k=2,47124,false,9184,0.218,35,10,8,0.273,36,14,false
mixed-000-2,mixed,seed=0x4c32cce1c3051888;cycles=6;planted=1;d_b=4;m=2;gap=1;k=2,47124,false,9184,0.218,35,10,16,0.402,36,14,false
mixed-000-2,mixed,seed=0x4c32cce1c3051888;cycles=6;planted=1;d_b=4;m=2;gap=1;k=2,47124,false,9184,0.218,35,10,32,0.653,36,14,false
mixed-000-2,mixed,seed=0x4c32cce1c3051888;cycles=6;planted=1;d_b=4;m=2;gap=1;k=2,47124,false,9184,0.218,35,10,64,1.133,36,14,false
mixed-000-2,mixed,seed=0x4c32cce1c3051888;cycles=6;planted=1;d_b=4;m=2;gap=1;k=2,47124,false,9184,0.218,35,10,128,1.805,36,14,false
mixed-000-2,mixed,seed=0x4c32cce1c3051888;cycles=6;planted=1;d_b=4;m=2;gap=1;k=2,47124,false,9184,0.218,35,10,256,3.114,36,14,false
mixed-000-2,mixed,seed=0x4c32cce1c3051888;cycles=6;planted=1;d_b=4;m=2;gap=1;k=2,47124,false,9184,0.218,35,10,512,5.276,35,10,false
mixed-000-2,mixed,seed=0x4c32cce1c3051888;cycles=6;planted=1;d_b=4;m=2;gap=1;k=2,47124,false,9184,0.218,35,10,1024,9.041,35,10,false
mixed-000-2,mixed,seed=0x4c32cce1c3051888;cycles=6;planted=1;d_b=4;m=2;gap=1;k=2,47124,false,9184,0.218,35,10,2048,15.659,35,10,false
mixed-000-2,mixed,seed=0x4c32cce1c3051888;cycles=6;planted=1;d_b=4;m=2;gap=1;k=2,47124,false,9184,0.218,35,10,4096,29.641,35,10,false
mixed-000-2,mixed,seed=0x4c32cce1c3051888;cycles=6;planted=1;d_b=4;m=2;gap=1;k=2,47124,false,9184,0.218,35,10,8192,56.118,35,10,false
mixed-000-2,mixed,seed=0x4c32cce1c3051888;cycles=6;planted=1;d_b=4;m=2;gap=1;k=2,47124,false,9184,0.218,35,10,16384,107.399,35,10,false
mixed-000-2,mixed,seed=0x4c32cce1c3051888;cycles=6;planted=1;d_b=4;m=2;gap=1;k=2,47124,false,9184,0.218,35,10,32768,206.690,35,10,false
mixed-000-2,mixed,seed=0x4c32cce1c3051888;cycles=6;planted=1;d_b=4;m=2;gap=1;k=2,47124,false,9184,0.218,35,10,65536,403.075,35,10,false
mixed-000-2,mixed,seed=0x4c32cce1c3051888;cycles=6;planted=1;d_b=4;m=2;gap=1;k=2,47124,false,9184,0.218,35,10,131072,793.996,35,10,false
mixed-000-2,mixed,seed=0x4c32cce1c3051888;cycles=6;planted=1;d_b=4;m=2;gap=1;k=2,47124,false,9184,0.218,35,10,262144,1566.265,35,10,false
dec-003,dec,d_b=3;m=2;gap=2;k=1;q=0;s=3,6,false,7,0.027,5,2,1,0.015,7,6,false
dec-003,dec,d_b=3;m=2;gap=2;k=1;q=0;s=3,6,false,7,0.027,5,2,2,0.020,5,2,false
dec-003,dec,d_b=3;m=2;gap=2;k=1;q=0;s=3,6,false,7,0.027,5,2,4,0.019,5,2,false
dec-003,dec,d_b=3;m=2;gap=2;k=1;q=0;s=3,6,false,7,0.027,5,2,8,0.023,5,2,false
dec-003,dec,d_b=3;m=2;gap=2;k=1;q=0;s=3,6,false,7,0.027,5,2,16,0.028,5,2,true
dec-003,dec,d_b=3;m=2;gap=2;k=1;q=0;s=3,6,false,7,0.027,5,2,32,0.034,5,2,true
dec-003,dec,d_b=3;m=2;gap=2;k=1;q=0;s=3,6,false,7,0.027,5,2,64,0.046,5,2,true
dec-003,dec,d_b=3;m=2;gap=2;k=1;q=0;s=3,6,false,7,0.027,5,2,128,0.076,5,2,true
dec-003,dec,d_b=3;m=2;gap=2;k=1;q=0;s=3,6,false,7,0.027,5,2,256,0.146,5,2,true
dec-003,dec,d_b=3;m=2;gap=2;k=1;q=0;s=3,6,false,7,0.027,5,2,512,0.309,5,2,true
dec-003,dec,d_b=3;m=2;gap=2;k=1;q=0;s=3,6,false,7,0.027,5,2,1024,0.658,5,2,true
dec-003,dec,d_b=3;m=2;gap=2;k=1;q=0;s=3,6,false,7,0.027,5,2,2048,1.378,5,2,true
dec-003,dec,d_b=3;m=2;gap=2;k=1;q=0;s=3,6,false,7,0.027,5,2,4096,2.895,5,2,true
dec-003,dec,d_b=3;m=2;gap=2;k=1;q=0;s=3,6,false,7,0.027,5,2,8192,5.582,5,2,true
dec-003,dec,d_b=3;m=2;gap=2;k=1;q=0;s=3,6,false,7,0.027,5,2,16384,10.889,5,2,true
dec-003,dec,d_b=3;m=2;gap=2;k=1;q=0;s=3,6,false,7,0.027,5,2,32768,21.505,5,2,true
dec-003,dec,d_b=3;m=2;gap=2;k=1;q=0;s=3,6,false,7,0.027,5,2,65536,42.875,5,2,true
dec-003,dec,d_b=3;m=2;gap=2;k=1;q=0;s=3,6,false,7,0.027,5,2,131072,85.034,5,2,true
dec-003,dec,d_b=3;m=2;gap=2;k=1;q=0;s=3,6,false,7,0.027,5,2,262144,171.241,5,2,true
mixed-001-0,mixed,seed=0x33332f51a27d79fa;cycles=6;planted=1;d_b=8;m=3;gap=2;k=2,34981,false,7310,0.225,38,10,1,0.173,41,28,false
mixed-001-0,mixed,seed=0x33332f51a27d79fa;cycles=6;planted=1;d_b=8;m=3;gap=2;k=2,34981,false,7310,0.225,38,10,2,0.214,41,28,false
mixed-001-0,mixed,seed=0x33332f51a27d79fa;cycles=6;planted=1;d_b=8;m=3;gap=2;k=2,34981,false,7310,0.225,38,10,4,0.247,41,28,false
mixed-001-0,mixed,seed=0x33332f51a27d79fa;cycles=6;planted=1;d_b=8;m=3;gap=2;k=2,34981,false,7310,0.225,38,10,8,0.372,41,28,false
mixed-001-0,mixed,seed=0x33332f51a27d79fa;cycles=6;planted=1;d_b=8;m=3;gap=2;k=2,34981,false,7310,0.225,38,10,16,0.610,41,28,false
mixed-001-0,mixed,seed=0x33332f51a27d79fa;cycles=6;planted=1;d_b=8;m=3;gap=2;k=2,34981,false,7310,0.225,38,10,32,1.144,41,28,false
mixed-001-0,mixed,seed=0x33332f51a27d79fa;cycles=6;planted=1;d_b=8;m=3;gap=2;k=2,34981,false,7310,0.225,38,10,64,2.069,41,28,false
mixed-001-0,mixed,seed=0x33332f51a27d79fa;cycles=6;planted=1;d_b=8;m=3;gap=2;k=2,34981,false,7310,0.225,38,10,128,4.012,41,28,false
mixed-001-0,mixed,seed=0x33332f51a27d79fa;cycles=6;planted=1;d_b=8;m=3;gap=2;k=2,34981,false,7310,0.225,38,10,256,7.731,41,28,false
mixed-001-0,mixed,seed=0x33332f51a27d79fa;cycles=6;planted=1;d_b=8;m=3;gap=2;k=2,34981,false,7310,0.225,38,10,512,15.081,38,10,false
mixed-001-0,mixed,seed=0x33332f51a27d79fa;cycles=6;planted=1;d_b=8;m=3;gap=2;k=2,34981,false,7310,0.225,38,10,1024,28.979,38,10,false
mixed-001-0,mixed,seed=0x33332f51a27d79fa;cycles=6;planted=1;d_b=8;m=3;gap=2;k=2,34981,false,7310,0.225,38,10,2048,58.498,38,10,false
mixed-001-0,mixed,seed=0x33332f51a27d79fa;cycles=6;planted=1;d_b=8;m=3;gap=2;k=2,34981,false,7310,0.225,38,10,4096,115.086,38,10,false
mixed-001-0,mixed,seed=0x33332f51a27d79fa;cycles=6;planted=1;d_b=8;m=3;gap=2;k=2,34981,false,7310,0.225,38,10,8192,233.988,38,10,false
mixed-001-0,mixed,seed=0x33332f51a27d79fa;cycles=6;planted=1;d_b=8;m=3;gap=2;k=2,34981,false,7310,0.225,38,10,16384,460.090,38,10,false
mixed-001-0,mixed,seed=0x33332f51a27d79fa;cycles=6;planted=1;d_b=8;m=3;gap=2;k=2,34981,false,7310,0.225,38,10,32768,941.206,38,10,false
mixed-001-0,mixed,seed=0x33332f51a27d79fa;cycles=6;planted=1;d_b=8;m=3;gap=2;k=2,34981,false,7310,0.225,38,10,65536,1844.780,38,10,false
mixed-001-0,mixed,seed=0x33332f51a27d79fa;cycles=6;planted=1;d_b=8;m=3;gap=2;k=2,34981,false,7310,0.225,38,10,131072,3768.113,38,10,false
mixed-001-0,mixed,seed=0x33332f51a27d79fa;cycles=6;planted=1;d_b=8;m=3;gap=2;k=2,34981,false,7310,0.225,38,10,262144,7527.040,38,10,false
dec-004,dec,d_b=3;m=2;gap=2;k=2;q=0;s=3,9,false,10,0.037,5,2,1,0.016,7,6,false
dec-004,dec,d_b=3;m=2;gap=2;k=2;q=0;s=3,9,false,10,0.037,5,2,2,0.015,7,6,false
dec-004,dec,d_b=3;m=2;gap=2;k=2;q=0;s=3,9,false,10,0.037,5,2,4,0.021,5,2,false
dec-004,dec,d_b=3;m=2;gap=2;k=2;q=0;s=3,9,false,10,0.037,5,2,8,0.025,5,2,false
dec-004,dec,d_b=3;m=2;gap=2;k=2;q=0;s=3,9,false,10,0.037,5,2,16,0.029,5,2,false
dec-004,dec,d_b=3;m=2;gap=2;k=2;q=0;s=3,9,false,10,0.037,5,2,32,0.037,5,2,false
dec-004,dec,d_b=3;m=2;gap=2;k=2;q=0;s=3,9,false,10,0.037,5,2,64,0.052,5,2,true
dec-004,dec,d_b=3;m=2;gap=2;k=2;q=0;s=3,9,false,10,0.037,5,2,128,0.073,5,2,true
dec-004,dec,d_b=3;m=2;gap=2;k=2;q=0;s=3,9,false,10,0.037,5,2,256,0.131,5,2,true
dec-004,dec,d_b=3;m=2;gap=2;k=2;q=0;s=3,9,false,10,0.037,5,2,512,0.206,5,2,true
dec-004,dec,d_b=3;m=2;gap=2;k=2;q=0;s=3,9,false,10,0.037,5,2,1024,0.407,5,2,true
dec-004,dec,d_b=3;m=2;gap=2;k=2;q=0;s=3,9,false,10,0.037,5,2,2048,1.031,5,2,true
dec-004,dec,d_b=3;m=2;gap=2;k=2;q=0;s=3,9,false,10,0.037,5,2,4096,2.600,5,2,true
dec-004,dec,d_b=3;m=2;gap=2;k=2;q=0;s=3,9,false,10,0.037,5,2,8192,5.502,5,2,true
dec-004,dec,d_b=3;m=2;gap=2;k=2;q=0;s=3,9,false,10,0.037,5,2,16384,11.209,5,2,true
dec-004,dec,d_b=3;m=2;gap=2;k=2;q=0;s=3,9,false,10,0.037,5,2,32768,22.294,5,2,true
dec-004,dec,d_b=3;m=2;gap=2;k=2;q=0;s=3,9,false,10,0.037,5,2,65536,45.355,5,2,true
dec-004,dec,d_b=3;m=2;gap=2;k=2;q=0;s=3,9,false,10,0.037,5,2,131072,89.843,5,2,true
dec-004,dec,d_b=3;m=2;gap=2;k=2;q=0;s=3,9,false,10,0.037,5,2,262144,183.115,5,2,true
mixed-001-1,mixed,seed=0x133ddb65df1f958e;cycles=6;planted=1;d_b=8;m=3;gap=2;k=2,14001,false,3161,0.099,28,6,1,0.033,31,24,false
mixed-001-1,mixed,seed=0x133ddb65df1f958e;cycles=6;planted=1;d_b=8;m=3;gap=2;k=2,14001,false,3161,0.099,28,6,2,0.036,31,24,false
mixed-001-1,mixed,seed=0x133ddb65df1f958e;cycles=6;planted=1;d_b=8;m=3;gap=2;k=2,14001,false,3161,0.099,28,6,4,0.042,31,24,false
mixed-001-1,mixed,seed=0x133ddb65df1f958e;cycles=6;planted=1;d_b=8;m=3;gap=2;k=2,14001,false,3161,0.099,28,6,8,0.063,31,24,false
mixed-001-1,mixed,seed=0x133ddb65df1f958e;cycles=6;planted=1;d_b=8;m=3;gap=2;k=2,14001,false,3161,0.099,28,6,16,0.106,31,24,false
mixed-001-1,mixed,seed=0x133ddb65df1f958e;cycles=6;planted=1;d_b=8;m=3;gap=2;k=2,14001,false,3161,0.099,28,6,32,0.178,31,24,false
mixed-001-1,mixed,seed=0x133ddb65df1f958e;cycles=6;planted=1;d_b=8;m=3;gap=2;k=2,14001,false,3161,0.099,28,6,64,0.279,31,24,false
mixed-001-1,mixed,seed=0x133ddb65df1f958e;cycles=6;planted=1;d_b=8;m=3;gap=2;k=2,14001,false,3161,0.099,28,6,128,0.433,31,24,false
mixed-001-1,mixed,seed=0x133ddb65df1f958e;cycles=6;planted=1;d_b=8;m=3;gap=2;k=2,14001,false,3161,0.099,28,6,256,0.730,28,6,false
mixed-001-1,mixed,seed=0x133ddb65df1f958e;cycles=6;planted=1;d_b=8;m=3;gap=2;k=2,14001,false,3161,0.099,28,6,512,1.363,28,6,false
mixed-001-1,mixed,seed=0x133ddb65df1f958e;cycles=6;planted=1;d_b=8;m=3;gap=2;k=2,14001,false,3161,0.099,28,6,1024,2.753,28,6,false
mixed-001-1,mixed,seed=0x133ddb65df1f958e;cycles=6;planted=1;d_b=8;m=3;gap=2;k=2,14001,false,3161,0.099,28,6,2048,5.573,28,6,false
mixed-001-1,mixed,seed=0x133ddb65df1f958e;cycles=6;planted=1;d_b=8;m=3;gap=2;k=2,14001,false,3161,0.099,28,6,4096,11.415,28,6,false
mixed-001-1,mixed,seed=0x133ddb65df1f958e;cycles=6;planted=1;d_b=8;m=3;gap=2;k=2,14001,false,3161,0.099,28,6,8192,23.588,28,6,false
mixed-001-1,mixed,seed=0x133ddb65df1f958e;cycles=6;planted=1;d_b=8;m=3;gap=2;k=2,14001,false,3161,0.099,28,6,16384,48.229,28,6,false
mixed-001-1,mixed,seed=0x133ddb65df1f958e;cycles=6;planted=1;d_b=8;m=3;gap=2;k=2,14001,false,3161,0.099,28,6,32768,97.611,28,6,false
mixed-001-1,mixed,seed=0x133ddb65df1f958e;cycles=6;planted=1;d_b=8;m=3;gap=2;k=2,14001,false,3161,0.099,28,6,65536,196.039,28,6,false
mixed-001-1,mixed,seed=0x133ddb65df1f958e;cycles=6;planted=1;d_b=8;m=3;gap=2;k=2,14001,false,3161,0.099,28,6,131072,395.692,28,6,false
mixed-001-1,mixed,seed=0x133ddb65df1f958e;cycles=6;planted=1;d_b=8;m=3;gap=2;k=2,14001,false,3161,0.099,28,6,262144,790.069,28,6,false
dec-005,dec,d_b=3;m=2;gap=2;k=4;q=0;s=3,15,false,16,0.034,5,2,1,0.012,7,6,false
dec-005,dec,d_b=3;m=2;gap=2;k=4;q=0;s=3,15,false,16,0.034,5,2,2,0.013,7,6,false
dec-005,dec,d_b=3;m=2;gap=2;k=4;q=0;s=3,15,false,16,0.034,5,2,4,0.016,7,6,false
dec-005,dec,d_b=3;m=2;gap=2;k=4;q=0;s=3,15,false,16,0.034,5,2,8,0.026,5,2,false
dec-005,dec,d_b=3;m=2;gap=2;k=4;q=0;s=3,15,false,16,0.034,5,2,16,0.030,5,2,false
dec-005,dec,d_b=3;m=2;gap=2;k=4;q=0;s=3,15,false,16,0.034,5,2,32,0.041,5,2,false
dec-005,dec,d_b=3;m=2;gap=2;k=4;q=0;s=3,15,false,16,0.034,5,2,64,0.053,5,2,false
dec-005,dec,d_b=3;m=2;gap=2;k=4;q=0;s=3,15,false,16,0.034,5,2,128,0.077,5,2,false
dec-005,dec,d_b=3;m=2;gap=2;k=4;q=0;s=3,15,false,16,0.034,5,2,256,0.126,5,2,true
dec-005,dec,d_b=3;m=2;gap=2;k=4;q=0;s=3,15,false,16,0.034,5,2,512,0.209,5,2,true
dec-005,dec,d_b=3;m=2;gap=2;k=4;q=0;s=3,15,false,16,0.034,5,2,1024,0.382,5,2,true
dec-005,dec,d_b=3;m=2;gap=2;k=4;q=0;s=3,15,false,16,0.034,5,2,2048,0.702,5,2,true
dec-005,dec,d_b=3;m=2;gap=2;k=4;q=0;s=3,15,false,16,0.034,5,2,4096,1.373,5,2,true
dec-005,dec,d_b=3;m=2;gap=2;k=4;q=0;s=3,15,false,16,0.034,5,2,8192,2.635,5,2,true
dec-005,dec,d_b=3;m=2;gap=2;k=4;q=0;s=3,15,false,16,0.034,5,2,16384,5.208,5,2,true
dec-005,dec,d_b=3;m=2;gap=2;k=4;q=0;s=3,15,false,16,0.034,5,2,32768,17.434,5,2,true
dec-005,dec,d_b=3;m=2;gap=2;k=4;q=0;s=3,15,false,16,0.034,5,2,65536,42.789,5,2,true
dec-005,dec,d_b=3;m=2;gap=2;k=4;q=0;s=3,15,false,16,0.034,5,2,131072,93.650,5,2,true
dec-005,dec,d_b=3;m=2;gap=2;k=4;q=0;s=3,15,false,16,0.034,5,2,262144,194.721,5,2,true
mixed-001-2,mixed,seed=0x6d976279d4866e0b;cycles=6;planted=1;d_b=8;m=3;gap=2;k=2,26185,false,5691,0.146,35,8,1,0.085,38,26,false
mixed-001-2,mixed,seed=0x6d976279d4866e0b;cycles=6;planted=1;d_b=8;m=3;gap=2;k=2,26185,false,5691,0.146,35,8,2,0.092,38,26,false
mixed-001-2,mixed,seed=0x6d976279d4866e0b;cycles=6;planted=1;d_b=8;m=3;gap=2;k=2,26185,false,5691,0.146,35,8,4,0.095,38,26,false
mixed-001-2,mixed,seed=0x6d976279d4866e0b;cycles=6;planted=1;d_b=8;m=3;gap=2;k=2,26185,false,5691,0.146,35,8,8,0.123,38,26,false
mixed-001-2,mixed,seed=0x6d976279d4866e0b;cycles=6;planted=1;d_b=8;m=3;gap=2;k=2,26185,false,5691,0.146,35,8,16,0.186,38,26,false
mixed-001-2,mixed,seed=0x6d976279d4866e0b;cycles=6;planted=1;d_b=8;m=3;gap=2;k=2,26185,false,5691,0.146,35,8,32,0.332,38,26,false
mixed-001-2,mixed,seed=0x6d976279d4866e0b;cycles=6;planted=1;d_b=8;m=3;gap=2;k=2,26185,false,5691,0.146,35,8,64,0.588,38,26,false
mixed-001-2,mixed,seed=0x6d976279d4866e0b;cycles=6;planted=1;d_b=8;m=3;gap=2;k=2,26185,false,5691,0.146,35,8,128,1.109,38,26,false
mixed-001-2,mixed,seed=0x6d976279d4866e0b;cycles=6;planted=1;d_b=8;m=3;gap=2;k=2,26185,false,5691,0.146,35,8,256,2.145,35,8,false
mixed-001-2,mixed,seed=0x6d976279d4866e0b;cycles=6;planted=1;d_b=8;m=3;gap=2;k=2,26185,false,5691,0.146,35,8,512,4.234,35,8,false
mixed-001-2,mixed,seed=0x6d976279d4866e0b;cycles=6;planted=1;d_b=8;m=3;gap=2;k=2,26185,false,5691,0.146,35,8,1024,8.327,35,8,false
mixed-001-2,mixed,seed=0x6d976279d4866e0b;cycles=6;planted=1;d_b=8;m=3;gap=2;k=2,26185,false,5691,0.146,35,8,2048,16.602,35,8,false
mixed-001-2,mixed,seed=0x6d976279d4866e0b;cycles=6;planted=1;d_b=8;m=3;gap=2;k=2,26185,false,5691,0.146,35,8,4096,34.783,35,8,false
mixed-001-2,mixed,seed=0x6d976279d4866e0b;cycles=6;planted=1;d_b=8;m=3;gap=2;k=2,26185,false,5691,0.146,35,8,8192,70.439,35,8,false
mixed-001-2,mixed,seed=0x6d976279d4866e0b;cycles=6;planted=1;d_b=8;m=3;gap=2;k=2,26185,false,5691,0.146,35,8,16384,143.612,35,8,false
mixed-001-2,mixed,seed=0x6d976279d4866e0b;cycles=6;planted=1;d_b=8;m=3;gap=2;k=2,26185,false,5691,0.146,35,8,32768,291.439,35,8,false
mixed-001-2,mixed,seed=0x6d976279d4866e0b;cycles=6;planted=1;d_b=8;m=3;gap=2;k=2,26185,false,5691,0.146,35,8,65536,585.588,35,8,false
mixed-001-2,mixed,seed=0x6d976279d4866e0b;cycles=6;planted=1;d_b=8;m=3;gap=2;k=2,26185,false,5691,0.146,35,8,131072,1178.217,35,8,false
mixed-001-2,mixed,seed=0x6d976279d4866e0b;cycles=6;planted=1;d_b=8;m=3;gap=2;k=2,26185,false,5691,0.146,35,8,262144,2367.098,35,8,false
dec-006,dec,d_b=3;m=3;gap=1;k=1;q=1;s=4,6,false,8,0.041,8,2,1,0.015,9,8,false
dec-006,dec,d_b=3;m=3;gap=1;k=1;q=1;s=4,6,false,8,0.041,8,2,2,0.020,8,2,false
dec-006,dec,d_b=3;m=3;gap=1;k=1;q=1;s=4,6,false,8,0.041,8,2,4,0.021,8,2,false
dec-006,dec,d_b=3;m=3;gap=1;k=1;q=1;s=4,6,false,8,0.041,8,2,8,0.026,8,2,false
dec-006,dec,d_b=3;m=3;gap=1;k=1;q=1;s=4,6,false,8,0.041,8,2,16,0.032,8,2,true
dec-006,dec,d_b=3;m=3;gap=1;k=1;q=1;s=4,6,false,8,0.041,8,2,32,0.037,8,2,true
dec-006,dec,d_b=3;m=3;gap=1;k=1;q=1;s=4,6,false,8,0.041,8,2,64,0.050,8,2,true
dec-006,dec,d_b=3;m=3;gap=1;k=1;q=1;s=4,6,false,8,0.041,8,2,128,0.077,8,2,true
dec-006,dec,d_b=3;m=3;gap=1;k=1;q=1;s=4,6,false,8,0.041,8,2,256,0.135,8,2,true
dec-006,dec,d_b=3;m=3;gap=1;k=1;q=1;s=4,6,false,8,0.041,8,2,512,0.260,8,2,true
dec-006,dec,d_b=3;m=3;gap=1;k=1;q=1;s=4,6,false,8,0.041,8,2,1024,0.544,8,2,true
dec-006,dec,d_b=3;m=3;gap=1;k=1;q=1;s=4,6,false,8,0.041,8,2,2048,1.206,8,2,true
dec-006,dec,d_b=3;m=3;gap=1;k=1;q=1;s=4,6,false,8,0.041,8,2,4096,2.626,8,2,true
dec-006,dec,d_b=3;m=3;gap=1;k=1;q=1;s=4,6,false,8,0.041,8,2,8192,5.497,8,2,true
dec-006,dec,d_b=3;m=3;gap=1;k=1;q=1;s=4,6,false,8,0.041,8,2,16384,10.826,8,2,true
dec-006,dec,d_b=3;m=3;gap=1;k=1;q=1;s=4,6,false,8,0.041,8,2,32768,22.256,8,2,true
dec-006,dec,d_b=3;m=3;gap=1;k=1;q=1;s=4,6,false,8,0.041,8,2,65536,43.878,8,2,true
dec-006,dec,d_b=3;m=3;gap=1;k=1;q=1;s=4,6,false,8,0.041,8,2,131072,89.842,8,2,true
dec-006,dec,d_b=3;m=3;gap=1;k=1;q=1;s=4,6,false,8,0.041,8,2,262144,178.055,8,2,true
mixed-002-0,mixed,seed=0xc59afcd9aedf37ac;cycles=6;planted=1;d_b=12;m=2;gap=6;k=4,26348,false,5746,0.176,30,10,1,0.086,37,28,false
mixed-002-0,mixed,seed=0xc59afcd9aedf37ac;cycles=6;planted=1;d_b=12;m=2;gap=6;k=4,26348,false,5746,0.176,30,10,2,0.099,37,28,false
mixed-002-0,mixed,seed=0xc59afcd9aedf37ac;cycles=6;planted=1;d_b=12;m=2;gap=6;k=4,26348,false,5746,0.176,30,10,4,0.103,37,28,false
mixed-002-0,mixed,seed=0xc59afcd9aedf37ac;cycles=6;planted=1;d_b=12;m=2;gap=6;k=4,26348,false,5746,0.176,30,10,8,0.139,37,28,false
mixed-002-0,mixed,seed=0xc59afcd9aedf37ac;cycles=6;planted=1;d_b=12;m=2;gap=6;k=4,26348,false,5746,0.176,30,10,16,0.204,37,28,false
mixed-002-0,mixed,seed=0xc59afcd9aedf37ac;cycles=6;planted=1;d_b=12;m=2;gap=6;k=4,26348,false,5746,0.176,30,10,32,0.362,37,28,false
mixed-002-0,mixed,seed=0xc59afcd9aedf37ac;cycles=6;planted=1;d_b=12;m=2;gap=6;k=4,26348,false,5746,0.176,30,10,64,0.660,37,28,false
mixed-002-0,mixed,seed=0xc59afcd9aedf37ac;cycles=6;planted=1;d_b=12;m=2;gap=6;k=4,26348,false,5746,0.176,30,10,128,1.241,37,28,false
mixed-002-0,mixed,seed=0xc59afcd9aedf37ac;cycles=6;planted=1;d_b=12;m=2;gap=6;k=4,26348,false,5746,0.176,30,10,256,2.286,37,28,false
mixed-002-0,mixed,seed=0xc59afcd9aedf37ac;cycles=6;planted=1;d_b=12;m=2;gap=6;k=4,26348,false,5746,0.176,30,10,512,4.506,37,28,false
mixed-002-0,mixed,seed=0xc59afcd9aedf37ac;cycles=6;planted=1;d_b=12;m=2;gap=6;k=4,26348,false,5746,0.176,30,10,1024,8.776,37,28,false
mixed-002-0,mixed,seed=0xc59afcd9aedf37ac;cycles=6;planted=1;d_b=12;m=2;gap=6;k=4,26348,false,5746,0.176,30,10,2048,17.580,37,28,false
mixed-002-0,mixed,seed=0xc59afcd9aedf37ac;cycles=6;planted=1;d_b=12;m=2;gap=6;k=4,26348,false,5746,0.176,30,10,4096,35.220,37,28,false
mixed-002-0,mixed,seed=0xc59afcd9aedf37ac;cycles=6;planted=1;d_b=12;m=2;gap=6;k=4,26348,false,5746,0.176,30,10,8192,70.059,37,28,false
mixed-002-0,mixed,seed=0xc59afcd9aedf37ac;cycles=6;planted=1;d_b=12;m=2;gap=6;k=4,26348,false,5746,0.176,30,10,16384,141.727,30,10,false
mixed-002-0,mixed,seed=0xc59afcd9aedf37ac;cycles=6;planted=1;d_b=12;m=2;gap=6;k=4,26348,false,5746,0.176,30,10,32768,283.297,30,10,false
mixed-002-0,mixed,seed=0xc59afcd9aedf37ac;cycles=6;planted=1;d_b=12;m=2;gap=6;k=4,26348,false,5746,0.176,30,10,65536,564.161,30,10,false
mixed-002-0,mixed,seed=0xc59afcd9aedf37ac;cycles=6;planted=1;d_b=12;m=2;gap=6;k=4,26348,false,5746,0.176,30,10,131072,1130.012,30,10,false
mixed-002-0,mixed,seed=0xc59afcd9aedf37ac;cycles=6;planted=1;d_b=12;m=2;gap=6;k=4,26348,false,5746,0.176,30,10,262144,2237.108,30,10,false
dec-007,dec,d_b=3;m=3;gap=1;k=2;q=1;s=4,9,false,11,0.039,8,2,1,0.014,9,8,false
dec-007,dec,d_b=3;m=3;gap=1;k=2;q=1;s=4,9,false,11,0.039,8,2,2,0.011,9,8,false
dec-007,dec,d_b=3;m=3;gap=1;k=2;q=1;s=4,9,false,11,0.039,8,2,4,0.021,8,2,false
dec-007,dec,d_b=3;m=3;gap=1;k=2;q=1;s=4,9,false,11,0.039,8,2,8,0.020,8,2,false
dec-007,dec,d_b=3;m=3;gap=1;k=2;q=1;s=4,9,false,11,0.039,8,2,16,0.033,8,2,false
dec-007,dec,d_b=3;m=3;gap=1;k=2;q=1;s=4,9,false,11,0.039,8,2,32,0.038,8,2,false
dec-007,dec,d_b=3;m=3;gap=1;k=2;q=1;s=4,9,false,11,0.039,8,2,64,0.053,8,2,true
dec-007,dec,d_b=3;m=3;gap=1;k=2;q=1;s=4,9,false,11,0.039,8,2,128,0.074,8,2,true
dec-007,dec,d_b=3;m=3;gap=1;k=2;q=1;s=4,9,false,11,0.039,8,2,256,0.119,8,2,true
dec-007,dec,d_b=3;m=3;gap=1;k=2;q=1;s=4,9,false,11,0.039,8,2,512,0.206,8,2,true
dec-007,dec,d_b=3;m=3;gap=1;k=2;q=1;s=4,9,false,11,0.039,8,2,1024,0.377,8,2,true
dec-007,dec,d_b=3;m=3;gap=1;k=2;q=1;s=4,9,false,11,0.039,8,2,2048,0.737,8,2,true
dec-007,dec,d_b=3;m=3;gap=1;k=2;q=1;s=4,9,false,11,0.039,8,2,4096,1.552,8,2,true
dec-007,dec,d_b=3;m=3;gap=1;k=2;q=1;s=4,9,false,11,0.039,8,2,8192,4.094,8,2,true
dec-007,dec,d_b=3;m=3;gap=1;k=2;q=1;s=4,9,false,11,0.039,8,2,16384,9.985,8,2,true
dec-007,dec,d_b=3;m=3;gap=1;k=2;q=1;s=4,9,false,11,0.039,8,2,32768,21.343,8,2,true
dec-007,dec,d_b=3;m=3;gap=1;k=2;q=1;s=4,9,false,11,0.039,8,2,65536,44.972,8,2,true
dec-007,dec,d_b=3;m=3;gap=1;k=2;q=1;s=4,9,false,11,0.039,8,2,131072,90.611,8,2,true
dec-007,dec,d_b=3;m=3;gap=1;k=2;q=1;s=4,9,false,11,0.039,8,2,262144,182.990,8,2,true
mixed-002-1,mixed,seed=0x9718edbe7b705f9b;cycles=6;planted=1;d_b=12;m=2;gap=6;k=4,33372,false,6929,0.185,23,8,1,0.097,30,26,false
mixed-002-1,mixed,seed=0x9718edbe7b705f9b;cycles=6;planted=1;d_b=12;m=2;gap=6;k=4,33372,false,6929,0.185,23,8,2,0.107,30,26,false
mixed-002-1,mixed,seed=0x9718edbe7b705f9b;cycles=6;planted=1;d_b=12;m=2;gap=6;k=4,33372,false,6929,0.185,23,8,4,0.132,30,26,false
mixed-002-1,mixed,seed=0x9718edbe7b705f9b;cycles=6;planted=1;d_b=12;m=2;gap=6;k=4,33372,false,6929,0.185,23,8,8,0.184,30,26,false
mixed-002-1,mixed,seed=0x9718edbe7b705f9b;cycles=6;planted=1;d_b=12;m=2;gap=6;k=4,33372,false,6929,0.185,23,8,16,0.281,30,26,false
mixed-002-1,mixed,seed=0x9718edbe7b705f9b;cycles=6;planted=1;d_b=12;m=2;gap=6;k=4,33372,false,6929,0.185,23,8,32,0.497,30,26,false
mixed-002-1,mixed,seed=0x9718edbe7b705f9b;cycles=6;planted=1;d_b=12;m=2;gap=6;k=4,33372,false,6929,0.185,23,8,64,0.875,30,26,false
mixed-002-1,mixed,seed=0x9718edbe7b705f9b;cycles=6;planted=1;d_b=12;m=2;gap=6;k=4,33372,false,6929,0.185,23,8,128,1.635,30,26,false
mixed-002-1,mixed,seed=0x9718edbe7b705f9b;cycles=6;planted=1;d_b=12;m=2;gap=6;k=4,33372,false,6929,0.185,23,8,256,2.971,30,26,false
mixed-002-1,mixed,seed=0x9718edbe7b705f9b;cycles=6;planted=1;d_b=12;m=2;gap=6;k=4,33372,false,6929,0.185,23,8,512,5.797,30,26,false
mixed-002-1,mixed,seed=0x9718edbe7b705f9b;cycles=6;planted=1;d_b=12;m=2;gap=6;k=4,33372,false,6929,0.185,23,8,1024,11.197,30,26,false
mixed-002-1,mixed,seed=0x9718edbe7b705f9b;cycles=6;planted=1;d_b=12;m=2;gap=6;k=4,33372,false,6929,0.185,23,8,2048,22.303,23,8,false
mixed-002-1,mixed,seed=0x9718edbe7b705f9b;cycles=6;planted=1;d_b=12;m=2;gap=6;k=4,33372,false,6929,0.185,23,8,4096,43.963,23,8,false
mixed-002-1,mixed,seed=0x9718edbe7b705f9b;cycles=6;planted=1;d_b=12;m=2;gap=6;k=4,33372,false,6929,0.185,23,8,8192,89.095,23,8,false
mixed-002-1,mixed,seed=0x9718edbe7b705f9b;cycles=6;planted=1;d_b=12;m=2;gap=6;k=4,33372,false,6929,0.185,23,8,16384,174.664,23,8,false
mixed-002-1,mixed,seed=0x9718edbe7b705f9b;cycles=6;planted=1;d_b=12;m=2;gap=6;k=4,33372,false,6929,0.185,23,8,32768,353.126,23,8,false
mixed-002-1,mixed,seed=0x9718edbe7b705f9b;cycles=6;planted=1;d_b=12;m=2;gap=6;k=4,33372,false,6929,0.185,23,8,65536,694.758,23,8,false
mixed-002-1,mixed,seed=0x9718edbe7b705f9b;cycles=6;planted=1;d_b=12;m=2;gap=6;k=4,33372,false,6929,0.185,23,8,131072,1409.950,23,8,false
mixed-002-1,mixed,seed=0x9718edbe7b705f9b;cycles=6;planted=1;d_b=12;m=2;gap=6;k=4,33372,false,6929,0.185,23,8,262144,2790.660,23,8,false
dec-008,dec,d_b=3;m=3;gap=1;k=4;q=1;s=4,15,false,17,0.061,8,2,1,0.016,9,8,false
dec-008,dec,d_b=3;m=3;gap=1;k=4;q=1;s=4,15,false,17,0.061,8,2,2,0.017,9,8,false
dec-008,dec,d_b=3;m=3;gap=1;k=4;q=1;s=4,15,false,17,0.061,8,2,4,0.020,9,8,false
dec-008,dec,d_b=3;m=3;gap=1;k=4;q=1;s=4,15,false,17,0.061,8,2,8,0.034,8,2,false
dec-008,dec,d_b=3;m=3;gap=1;k=4;q=1;s=4,15,false,17,0.061,8,2,16,0.035,8,2,false
dec-008,dec,d_b=3;m=3;gap=1;k=4;q=1;s=4,15,false,17,0.061,8,2,32,0.045,8,2,false
dec-008,dec,d_b=3;m=3;gap=1;k=4;q=1;s=4,15,false,17,0.061,8,2,64,0.072,8,2,false
dec-008,dec,d_b=3;m=3;gap=1;k=4;q=1;s=4,15,false,17,0.061,8,2,128,0.086,8,2,false
dec-008,dec,d_b=3;m=3;gap=1;k=4;q=1;s=4,15,false,17,0.061,8,2,256,0.150,8,2,true
dec-008,dec,d_b=3;m=3;gap=1;k=4;q=1;s=4,15,false,17,0.061,8,2,512,0.223,8,2,true
dec-008,dec,d_b=3;m=3;gap=1;k=4;q=1;s=4,15,false,17,0.061,8,2,1024,0.385,8,2,true
dec-008,dec,d_b=3;m=3;gap=1;k=4;q=1;s=4,15,false,17,0.061,8,2,2048,0.711,8,2,true
dec-008,dec,d_b=3;m=3;gap=1;k=4;q=1;s=4,15,false,17,0.061,8,2,4096,1.341,8,2,true
dec-008,dec,d_b=3;m=3;gap=1;k=4;q=1;s=4,15,false,17,0.061,8,2,8192,2.611,8,2,true
dec-008,dec,d_b=3;m=3;gap=1;k=4;q=1;s=4,15,false,17,0.061,8,2,16384,4.977,8,2,true
dec-008,dec,d_b=3;m=3;gap=1;k=4;q=1;s=4,15,false,17,0.061,8,2,32768,9.690,8,2,true
dec-008,dec,d_b=3;m=3;gap=1;k=4;q=1;s=4,15,false,17,0.061,8,2,65536,30.494,8,2,true
dec-008,dec,d_b=3;m=3;gap=1;k=4;q=1;s=4,15,false,17,0.061,8,2,131072,81.394,8,2,true
dec-008,dec,d_b=3;m=3;gap=1;k=4;q=1;s=4,15,false,17,0.061,8,2,262144,185.820,8,2,true
mixed-002-2,mixed,seed=0x68d20c8c15a34419;cycles=6;planted=1;d_b=12;m=2;gap=6;k=4,41962,false,8424,0.166,23,6,1,0.055,30,24,false
mixed-002-2,mixed,seed=0x68d20c8c15a34419;cycles=6;planted=1;d_b=12;m=2;gap=6;k=4,41962,false,8424,0.166,23,6,2,0.060,30,24,false
mixed-002-2,mixed,seed=0x68d20c8c15a34419;cycles=6;planted=1;d_b=12;m=2;gap=6;k=4,41962,false,8424,0.166,23,6,4,0.074,30,24,false
mixed-002-2,mixed,seed=0x68d20c8c15a34419;cycles=6;planted=1;d_b=12;m=2;gap=6;k=4,41962,false,8424,0.166,23,6,8,0.126,30,24,false
mixed-002-2,mixed,seed=0x68d20c8c15a34419;cycles=6;planted=1;d_b=12;m=2;gap=6;k=4,41962,false,8424,0.166,23,6,16,0.181,30,24,false
mixed-002-2,mixed,seed=0x68d20c8c15a34419;cycles=6;planted=1;d_b=12;m=2;gap=6;k=4,41962,false,8424,0.166,23,6,32,0.300,30,24,false
mixed-002-2,mixed,seed=0x68d20c8c15a34419;cycles=6;planted=1;d_b=12;m=2;gap=6;k=4,41962,false,8424,0.166,23,6,64,0.441,30,24,false
mixed-002-2,mixed,seed=0x68d20c8c15a34419;cycles=6;planted=1;d_b=12;m=2;gap=6;k=4,41962,false,8424,0.166,23,6,128,0.718,30,24,false
mixed-002-2,mixed,seed=0x68d20c8c15a34419;cycles=6;planted=1;d_b=12;m=2;gap=6;k=4,41962,false,8424,0.166,23,6,256,1.141,30,24,false
mixed-002-2,mixed,seed=0x68d20c8c15a34419;cycles=6;planted=1;d_b=12;m=2;gap=6;k=4,41962,false,8424,0.166,23,6,512,2.052,30,24,false
mixed-002-2,mixed,seed=0x68d20c8c15a34419;cycles=6;planted=1;d_b=12;m=2;gap=6;k=4,41962,false,8424,0.166,23,6,1024,3.782,30,24,false
mixed-002-2,mixed,seed=0x68d20c8c15a34419;cycles=6;planted=1;d_b=12;m=2;gap=6;k=4,41962,false,8424,0.166,23,6,2048,7.319,30,24,false
mixed-002-2,mixed,seed=0x68d20c8c15a34419;cycles=6;planted=1;d_b=12;m=2;gap=6;k=4,41962,false,8424,0.166,23,6,4096,14.378,30,24,false
mixed-002-2,mixed,seed=0x68d20c8c15a34419;cycles=6;planted=1;d_b=12;m=2;gap=6;k=4,41962,false,8424,0.166,23,6,8192,28.900,30,24,false
mixed-002-2,mixed,seed=0x68d20c8c15a34419;cycles=6;planted=1;d_b=12;m=2;gap=6;k=4,41962,false,8424,0.166,23,6,16384,58.577,30,24,false
mixed-002-2,mixed,seed=0x68d20c8c15a34419;cycles=6;planted=1;d_b=12;m=2;gap=6;k=4,41962,false,8424,0.166,23,6,32768,115.112,30,24,false
mixed-002-2,mixed,seed=0x68d20c8c15a34419;cycles=6;planted=1;d_b=12;m=2;gap=6;k=4,41962,false,8424,0.166,23,6,65536,229.321,30,24,false
mixed-002-2,mixed,seed=0x68d20c8c15a34419;cycles=6;planted=1;d_b=12;m=2;gap=6;k=4,41962,false,8424,0.166,23,6,131072,456.262,23,6,false
mixed-002-2,mixed,seed=0x68d20c8c15a34419;cycles=6;planted=1;d_b=12;m=2;gap=6;k=4,41962,false,8424,0.166,23,6,262144,902.932,23,6,false
dec-009,dec,d_b=3;m=3;gap=3;k=1;q=1;s=5,6,false,8,0.031,8,2,1,0.017,11,10,false
dec-009,dec,d_b=3;m=3;gap=3;k=1;q=1;s=5,6,false,8,0.031,8,2,2,0.024,8,2,false
dec-009,dec,d_b=3;m=3;gap=3;k=1;q=1;s=5,6,false,8,0.031,8,2,4,0.022,8,2,false
dec-009,dec,d_b=3;m=3;gap=3;k=1;q=1;s=5,6,false,8,0.031,8,2,8,0.029,8,2,false
dec-009,dec,d_b=3;m=3;gap=3;k=1;q=1;s=5,6,false,8,0.031,8,2,16,0.031,8,2,true
dec-009,dec,d_b=3;m=3;gap=3;k=1;q=1;s=5,6,false,8,0.031,8,2,32,0.039,8,2,true
dec-009,dec,d_b=3;m=3;gap=3;k=1;q=1;s=5,6,false,8,0.031,8,2,64,0.050,8,2,true
dec-009,dec,d_b=3;m=3;gap=3;k=1;q=1;s=5,6,false,8,0.031,8,2,128,0.084,8,2,true
dec-009,dec,d_b=3;m=3;gap=3;k=1;q=1;s=5,6,false,8,0.031,8,2,256,0.160,8,2,true
dec-009,dec,d_b=3;m=3;gap=3;k=1;q=1;s=5,6,false,8,0.031,8,2,512,0.345,8,2,true
dec-009,dec,d_b=3;m=3;gap=3;k=1;q=1;s=5,6,false,8,0.031,8,2,1024,0.696,8,2,true
dec-009,dec,d_b=3;m=3;gap=3;k=1;q=1;s=5,6,false,8,0.031,8,2,2048,1.472,8,2,true
dec-009,dec,d_b=3;m=3;gap=3;k=1;q=1;s=5,6,false,8,0.031,8,2,4096,2.991,8,2,true
dec-009,dec,d_b=3;m=3;gap=3;k=1;q=1;s=5,6,false,8,0.031,8,2,8192,5.833,8,2,true
dec-009,dec,d_b=3;m=3;gap=3;k=1;q=1;s=5,6,false,8,0.031,8,2,16384,11.439,8,2,true
dec-009,dec,d_b=3;m=3;gap=3;k=1;q=1;s=5,6,false,8,0.031,8,2,32768,22.467,8,2,true
dec-009,dec,d_b=3;m=3;gap=3;k=1;q=1;s=5,6,false,8,0.031,8,2,65536,45.334,8,2,true
dec-009,dec,d_b=3;m=3;gap=3;k=1;q=1;s=5,6,false,8,0.031,8,2,131072,89.337,8,2,true
dec-009,dec,d_b=3;m=3;gap=3;k=1;q=1;s=5,6,false,8,0.031,8,2,262144,181.263,8,2,true
mixed-003-0,mixed,seed=0xeda4528973354436;cycles=6;planted=1;d_b=16;m=5;gap=2;k=1,26320,false,5711,0.219,82,8,1,0.069,85,74,false
mixed-003-0,mixed,seed=0xeda4528973354436;cycles=6;planted=1;d_b=16;m=5;gap=2;k=1,26320,false,5711,0.219,82,8,2,0.077,85,74,false
mixed-003-0,mixed,seed=0xeda4528973354436;cycles=6;planted=1;d_b=16;m=5;gap=2;k=1,26320,false,5711,0.219,82,8,4,0.083,85,74,false
mixed-003-0,mixed,seed=0xeda4528973354436;cycles=6;planted=1;d_b=16;m=5;gap=2;k=1,26320,false,5711,0.219,82,8,8,0.118,85,74,false
mixed-003-0,mixed,seed=0xeda4528973354436;cycles=6;planted=1;d_b=16;m=5;gap=2;k=1,26320,false,5711,0.219,82,8,16,0.168,85,74,false
mixed-003-0,mixed,seed=0xeda4528973354436;cycles=6;planted=1;d_b=16;m=5;gap=2;k=1,26320,false,5711,0.219,82,8,32,0.254,85,74,false
mixed-003-0,mixed,seed=0xeda4528973354436;cycles=6;planted=1;d_b=16;m=5;gap=2;k=1,26320,false,5711,0.219,82,8,64,0.404,85,74,false
mixed-003-0,mixed,seed=0xeda4528973354436;cycles=6;planted=1;d_b=16;m=5;gap=2;k=1,26320,false,5711,0.219,82,8,128,0.635,85,74,false
mixed-003-0,mixed,seed=0xeda4528973354436;cycles=6;planted=1;d_b=16;m=5;gap=2;k=1,26320,false,5711,0.219,82,8,256,0.969,85,74,false
mixed-003-0,mixed,seed=0xeda4528973354436;cycles=6;planted=1;d_b=16;m=5;gap=2;k=1,26320,false,5711,0.219,82,8,512,1.694,85,74,false
mixed-003-0,mixed,seed=0xeda4528973354436;cycles=6;planted=1;d_b=16;m=5;gap=2;k=1,26320,false,5711,0.219,82,8,1024,3.169,85,74,false
mixed-003-0,mixed,seed=0xeda4528973354436;cycles=6;planted=1;d_b=16;m=5;gap=2;k=1,26320,false,5711,0.219,82,8,2048,6.037,85,74,false
mixed-003-0,mixed,seed=0xeda4528973354436;cycles=6;planted=1;d_b=16;m=5;gap=2;k=1,26320,false,5711,0.219,82,8,4096,11.928,85,74,false
mixed-003-0,mixed,seed=0xeda4528973354436;cycles=6;planted=1;d_b=16;m=5;gap=2;k=1,26320,false,5711,0.219,82,8,8192,24.005,85,74,false
mixed-003-0,mixed,seed=0xeda4528973354436;cycles=6;planted=1;d_b=16;m=5;gap=2;k=1,26320,false,5711,0.219,82,8,16384,48.899,85,74,false
mixed-003-0,mixed,seed=0xeda4528973354436;cycles=6;planted=1;d_b=16;m=5;gap=2;k=1,26320,false,5711,0.219,82,8,32768,98.362,85,74,false
mixed-003-0,mixed,seed=0xeda4528973354436;cycles=6;planted=1;d_b=16;m=5;gap=2;k=1,26320,false,5711,0.219,82,8,65536,194.417,85,74,false
mixed-003-0,mixed,seed=0xeda4528973354436;cycles=6;planted=1;d_b=16;m=5;gap=2;k=1,26320,false,5711,0.219,82,8,131072,391.034,85,74,false
mixed-003-0,mixed,seed=0xeda4528973354436;cycles=6;planted=1;d_b=16;m=5;gap=2;k=1,26320,false,5711,0.219,82,8,262144,782.495,85,74,false
dec-010,dec,d_b=3;m=3;gap=3;k=2;q=1;s=5,9,false,11,0.033,8,2,1,0.016,11,10,false
dec-010,dec,d_b=3;m=3;gap=3;k=2;q=1;s=5,9,false,11,0.033,8,2,2,0.014,11,10,false
dec-010,dec,d_b=3;m=3;gap=3;k=2;q=1;s=5,9,false,11,0.033,8,2,4,0.023,8,2,false
dec-010,dec,d_b=3;m=3;gap=3;k=2;q=1;s=5,9,false,11,0.033,8,2,8,0.029,8,2,false
dec-010,dec,d_b=3;m=3;gap=3;k=2;q=1;s=5,9,false,11,0.033,8,2,16,0.035,8,2,false
dec-010,dec,d_b=3;m=3;gap=3;k=2;q=1;s=5,9,false,11,0.033,8,2,32,0.042,8,2,false
dec-010,dec,d_b=3;m=3;gap=3;k=2;q=1;s=5,9,false,11,0.033,8,2,64,0.058,8,2,true
dec-010,dec,d_b=3;m=3;gap=3;k=2;q=1;s=5,9,false,11,0.033,8,2,128,0.079,8,2,true
dec-010,dec,d_b=3;m=3;gap=3;k=2;q=1;s=5,9,false,11,0.033,8,2,256,0.126,8,2,true
dec-010,dec,d_b=3;m=3;gap=3;k=2;q=1;s=5,9,false,11,0.033,8,2,512,0.218,8,2,true
dec-010,dec,d_b=3;m=3;gap=3;k=2;q=1;s=5,9,false,11,0.033,8,2,1024,0.438,8,2,true
dec-010,dec,d_b=3;m=3;gap=3;k=2;q=1;s=5,9,false,11,0.033,8,2,2048,1.164,8,2,true
dec-010,dec,d_b=3;m=3;gap=3;k=2;q=1;s=5,9,false,11,0.033,8,2,4096,2.814,8,2,true
dec-010,dec,d_b=3;m=3;gap=3;k=2;q=1;s=5,9,false,11,0.033,8,2,8192,5.798,8,2,true
dec-010,dec,d_b=3;m=3;gap=3;k=2;q=1;s=5,9,false,11,0.033,8,2,16384,11.673,8,2,true
dec-010,dec,d_b=3;m=3;gap=3;k=2;q=1;s=5,9,false,11,0.033,8,2,32768,23.332,8,2,true
dec-010,dec,d_b=3;m=3;gap=3;k=2;q=1;s=5,9,false,11,0.033,8,2,65536,47.192,8,2,true
dec-010,dec,d_b=3;m=3;gap=3;k=2;q=1;s=5,9,false,11,0.033,8,2,131072,94.865,8,2,true
dec-010,dec,d_b=3;m=3;gap=3;k=2;q=1;s=5,9,false,11,0.033,8,2,262144,189.018,8,2,true
mixed-003-1,mixed,seed=0x5719320715bdd32c;cycles=6;planted=1;d_b=16;m=5;gap=2;k=1,14009,false,3167,0.186,74,6,1,0.043,77,72,false
mixed-003-1,mixed,seed=0x5719320715bdd32c;cycles=6;planted=1;d_b=16;m=5;gap=2;k=1,14009,false,3167,0.186,74,6,2,0.042,77,72,false
mixed-003-1,mixed,seed=0x5719320715bdd32c;cycles=6;planted=1;d_b=16;m=5;gap=2;k=1,14009,false,3167,0.186,74,6,4,0.055,77,72,false
mixed-003-1,mixed,seed=0x5719320715bdd32c;cycles=6;planted=1;d_b=16;m=5;gap=2;k=1,14009,false,3167,0.186,74,6,8,0.074,77,72,false
mixed-003-1,mixed,seed=0x5719320715bdd32c;cycles=6;planted=1;d_b=16;m=5;gap=2;k=1,14009,false,3167,0.186,74,6,16,0.122,77,72,false
mixed-003-1,mixed,seed=0x5719320715bdd32c;cycles=6;planted=1;d_b=16;m=5;gap=2;k=1,14009,false,3167,0.186,74,6,32,0.214,77,72,false
mixed-003-1,mixed,seed=0x5719320715bdd32c;cycles=6;planted=1;d_b=16;m=5;gap=2;k=1,14009,false,3167,0.186,74,6,64,0.328,77,72,false
mixed-003-1,mixed,seed=0x5719320715bdd32c;cycles=6;planted=1;d_b=16;m=5;gap=2;k=1,14009,false,3167,0.186,74,6,128,0.502,77,72,false
mixed-003-1,mixed,seed=0x5719320715bdd32c;cycles=6;planted=1;d_b=16;m=5;gap=2;k=1,14009,false,3167,0.186,74,6,256,0.843,77,72,false
mixed-003-1,mixed,seed=0x5719320715bdd32c;cycles=6;planted=1;d_b=16;m=5;gap=2;k=1,14009,false,3167,0.186,74,6,512,1.512,77,72,false
mixed-003-1,mixed,seed=0x5719320715bdd32c;cycles=6;planted=1;d_b=16;m=5;gap=2;k=1,14009,false,3167,0.186,74,6,1024,3.004,77,72,false
mixed-003-1,mixed,seed=0x5719320715bdd32c;cycles=6;planted=1;d_b=16;m=5;gap=2;k=1,14009,false,3167,0.186,74,6,2048,5.946,77,72,false
mixed-003-1,mixed,seed=0x5719320715bdd32c;cycles=6;planted=1;d_b=16;m=5;gap=2;k=1,14009,false,3167,0.186,74,6,4096,12.325,77,72,false
mixed-003-1,mixed,seed=0x5719320715bdd32c;cycles=6;planted=1;d_b=16;m=5;gap=2;k=1,14009,false,3167,0.186,74,6,8192,25.783,77,72,false
mixed-003-1,mixed,seed=0x5719320715bdd32c;cycles=6;planted=1;d_b=16;m=5;gap=2;k=1,14009,false,3167,0.186,74,6,16384,53.830,77,72,false
mixed-003-1,mixed,seed=0x5719320715bdd32c;cycles=6;planted=1;d_b=16;m=5;gap=2;k=1,14009,false,3167,0.186,74,6,32768,109.757,74,6,false
mixed-003-1,mixed,seed=0x5719320715bdd32c;cycles=6;planted=1;d_b=16;m=5;gap=2;k=1,14009,false,3167,0.186,74,6,65536,221.023,74,6,false
mixed-003-1,mixed,seed=0x5719320715bdd32c;cycles=6;planted=1;d_b=16;m=5;gap=2;k=1,14009,false,3167,0.186,74,6,131072,445.183,74,6,false
mixed-003-1,mixed,seed=0x5719320715bdd32c;cycles=6;planted=1;d_b=16;m=5;gap=2;k=1,14009,false,3167,0.186,74,6,262144,889.246,74,6,false
dec-011,dec,d_b=3;m=3;gap=3;k=4;q=1;s=5,15,false,17,0.050,8,2,1,0.018,11,10,false
dec-011,dec,d_b=3;m=3;gap=3;k=4;q=1;s=5,15,false,17,0.050,8,2,2,0.019,11,10,false
dec-011,dec,d_b=3;m=3;gap=3;k=4;q=1;s=5,15,false,17,0.050,8,2,4,0.021,11,10,false
dec-011,dec,d_b=3;m=3;gap=3;k=4;q=1;s=5,15,false,17,0.050,8,2,8,0.044,8,2,false
dec-011,dec,d_b=3;m=3;gap=3;k=4;q=1;s=5,15,false,17,0.050,8,2,16,0.042,8,2,false
dec-011,dec,d_b=3;m=3;gap=3;k=4;q=1;s=5,15,false,17,0.050,8,2,32,0.051,8,2,false
dec-011,dec,d_b=3;m=3;gap=3;k=4;q=1;s=5,15,false,17,0.050,8,2,64,0.069,8,2,false
dec-011,dec,d_b=3;m=3;gap=3;k=4;q=1;s=5,15,false,17,0.050,8,2,128,0.091,8,2,false
dec-011,dec,d_b=3;m=3;gap=3;k=4;q=1;s=5,15,false,17,0.050,8,2,256,0.143,8,2,true
dec-011,dec,d_b=3;m=3;gap=3;k=4;q=1;s=5,15,false,17,0.050,8,2,512,0.227,8,2,true
dec-011,dec,d_b=3;m=3;gap=3;k=4;q=1;s=5,15,false,17,0.050,8,2,1024,0.394,8,2,true
dec-011,dec,d_b=3;m=3;gap=3;k=4;q=1;s=5,15,false,17,0.050,8,2,2048,0.731,8,2,true
dec-011,dec,d_b=3;m=3;gap=3;k=4;q=1;s=5,15,false,17,0.050,8,2,4096,1.381,8,2,true
dec-011,dec,d_b=3;m=3;gap=3;k=4;q=1;s=5,15,false,17,0.050,8,2,8192,2.707,8,2,true
dec-011,dec,d_b=3;m=3;gap=3;k=4;q=1;s=5,15,false,17,0.050,8,2,16384,7.638,8,2,true
dec-011,dec,d_b=3;m=3;gap=3;k=4;q=1;s=5,15,false,17,0.050,8,2,32768,20.861,8,2,true
dec-011,dec,d_b=3;m=3;gap=3;k=4;q=1;s=5,15,false,17,0.050,8,2,65536,46.918,8,2,true
dec-011,dec,d_b=3;m=3;gap=3;k=4;q=1;s=5,15,false,17,0.050,8,2,131072,99.333,8,2,true
dec-011,dec,d_b=3;m=3;gap=3;k=4;q=1;s=5,15,false,17,0.050,8,2,262144,205.703,8,2,true
mixed-003-2,mixed,seed=0xf62f49c1d1777e47;cycles=6;planted=1;d_b=16;m=5;gap=2;k=1,49775,false,9705,0.268,89,10,1,0.101,92,76,false
mixed-003-2,mixed,seed=0xf62f49c1d1777e47;cycles=6;planted=1;d_b=16;m=5;gap=2;k=1,49775,false,9705,0.268,89,10,2,0.133,92,76,false
mixed-003-2,mixed,seed=0xf62f49c1d1777e47;cycles=6;planted=1;d_b=16;m=5;gap=2;k=1,49775,false,9705,0.268,89,10,4,0.137,92,76,false
mixed-003-2,mixed,seed=0xf62f49c1d1777e47;cycles=6;planted=1;d_b=16;m=5;gap=2;k=1,49775,false,9705,0.268,89,10,8,0.198,92,76,false
mixed-003-2,mixed,seed=0xf62f49c1d1777e47;cycles=6;planted=1;d_b=16;m=5;gap=2;k=1,49775,false,9705,0.268,89,10,16,0.257,92,76,false
mixed-003-2,mixed,seed=0xf62f49c1d1777e47;cycles=6;planted=1;d_b=16;m=5;gap=2;k=1,49775,false,9705,0.268,89,10,32,0.398,92,76,false
mixed-003-2,mixed,seed=0xf62f49c1d1777e47;cycles=6;planted=1;d_b=16;m=5;gap=2;k=1,49775,false,9705,0.268,89,10,64,0.669,92,76,false
mixed-003-2,mixed,seed=0xf62f49c1d1777e47;cycles=6;planted=1;d_b=16;m=5;gap=2;k=1,49775,false,9705,0.268,89,10,128,1.204,92,76,false
mixed-003-2,mixed,seed=0xf62f49c1d1777e47;cycles=6;planted=1;d_b=16;m=5;gap=2;k=1,49775,false,9705,0.268,89,10,256,2.172,92,76,false
mixed-003-2,mixed,seed=0xf62f49c1d1777e47;cycles=6;planted=1;d_b=16;m=5;gap=2;k=1,49775,false,9705,0.268,89,10,512,4.313,92,76,false
mixed-003-2,mixed,seed=0xf62f49c1d1777e47;cycles=6;planted=1;d_b=16;m=5;gap=2;k=1,49775,false,9705,0.268,89,10,1024,8.666,92,76,false
mixed-003-2,mixed,seed=0xf62f49c1d1777e47;cycles=6;planted=1;d_b=16;m=5;gap=2;k=1,49775,false,9705,0.268,89,10,2048,17.423,92,76,false
mixed-003-2,mixed,seed=0xf62f49c1d1777e47;cycles=6;planted=1;d_b=16;m=5;gap=2;k=1,49775,false,9705,0.268,89,10,4096,35.949,92,76,false
mixed-003-2,mixed,seed=0xf62f49c1d1777e47;cycles=6;planted=1;d_b=16;m=5;gap=2;k=1,49775,false,9705,0.268,89,10,8192,73.458,92,76,false
mixed-003-2,mixed,seed=0xf62f49c1d1777e47;cycles=6;planted=1;d_b=16;m=5;gap=2;k=1,49775,false,9705,0.268,89,10,16384,149.296,92,76,false
mixed-003-2,mixed,seed=0xf62f49c1d1777e47;cycles=6;planted=1;d_b=16;m=5;gap=2;k=1,49775,false,9705,0.268,89,10,32768,300.267,92,76,false
mixed-003-2,mixed,seed=0xf62f49c1d1777e47;cycles=6;planted=1;d_b=16;m=5;gap=2;k=1,49775,false,9705,0.268,89,10,65536,602.220,92,76,false
mixed-003-2,mixed,seed=0xf62f49c1d1777e47;cycles=6;planted=1;d_b=16;m=5;gap=2;k=1,49775,false,9705,0.268,89,10,131072,1219.820,92,76,false
mixed-003-2,mixed,seed=0xf62f49c1d1777e47;cycles=6;planted=1;d_b=16;m=5;gap=2;k=1,49775,false,9705,0.268,89,10,262144,2469.574,92,76,false
dec-012,dec,d_b=3;m=5;gap=1;k=1;q=3;s=7,6,false,8,0.044,14,2,1,0.017,15,14,false
dec-012,dec,d_b=3;m=5;gap=1;k=1;q=3;s=7,6,false,8,0.044,14,2,2,0.024,14,2,false
dec-012,dec,d_b=3;m=5;gap=1;k=1;q=3;s=7,6,false,8,0.044,14,2,4,0.023,14,2,false
dec-012,dec,d_b=3;m=5;gap=1;k=1;q=3;s=7,6,false,8,0.044,14,2,8,0.034,14,2,false
dec-012,dec,d_b=3;m=5;gap=1;k=1;q=3;s=7,6,false,8,0.044,14,2,16,0.036,14,2,true
dec-012,dec,d_b=3;m=5;gap=1;k=1;q=3;s=7,6,false,8,0.044,14,2,32,0.042,14,2,true
dec-012,dec,d_b=3;m=5;gap=1;k=1;q=3;s=7,6,false,8,0.044,14,2,64,0.054,14,2,true
dec-012,dec,d_b=3;m=5;gap=1;k=1;q=3;s=7,6,false,8,0.044,14,2,128,0.080,14,2,true
dec-012,dec,d_b=3;m=5;gap=1;k=1;q=3;s=7,6,false,8,0.044,14,2,256,0.136,14,2,true
dec-012,dec,d_b=3;m=5;gap=1;k=1;q=3;s=7,6,false,8,0.044,14,2,512,0.252,14,2,true
dec-012,dec,d_b=3;m=5;gap=1;k=1;q=3;s=7,6,false,8,0.044,14,2,1024,0.501,14,2,true
dec-012,dec,d_b=3;m=5;gap=1;k=1;q=3;s=7,6,false,8,0.044,14,2,2048,1.036,14,2,true
dec-012,dec,d_b=3;m=5;gap=1;k=1;q=3;s=7,6,false,8,0.044,14,2,4096,2.310,14,2,true
dec-012,dec,d_b=3;m=5;gap=1;k=1;q=3;s=7,6,false,8,0.044,14,2,8192,4.869,14,2,true
dec-012,dec,d_b=3;m=5;gap=1;k=1;q=3;s=7,6,false,8,0.044,14,2,16384,10.197,14,2,true
dec-012,dec,d_b=3;m=5;gap=1;k=1;q=3;s=7,6,false,8,0.044,14,2,32768,20.691,14,2,true
dec-012,dec,d_b=3;m=5;gap=1;k=1;q=3;s=7,6,false,8,0.044,14,2,65536,43.284,14,2,true
dec-012,dec,d_b=3;m=5;gap=1;k=1;q=3;s=7,6,false,8,0.044,14,2,131072,86.208,14,2,true
dec-012,dec,d_b=3;m=5;gap=1;k=1;q=3;s=7,6,false,8,0.044,14,2,262144,175.901,14,2,true
mixed-004-0,mixed,seed=0xadd9160fc3327f78;cycles=6;planted=2;d_b=4;m=2;gap=1;k=2,13,false,14,0.034,7,2,1,0.012,8,6,false
mixed-004-0,mixed,seed=0xadd9160fc3327f78;cycles=6;planted=2;d_b=4;m=2;gap=1;k=2,13,false,14,0.034,7,2,2,0.014,8,6,false
mixed-004-0,mixed,seed=0xadd9160fc3327f78;cycles=6;planted=2;d_b=4;m=2;gap=1;k=2,13,false,14,0.034,7,2,4,0.019,8,6,false
mixed-004-0,mixed,seed=0xadd9160fc3327f78;cycles=6;planted=2;d_b=4;m=2;gap=1;k=2,13,false,14,0.034,7,2,8,0.024,8,6,false
mixed-004-0,mixed,seed=0xadd9160fc3327f78;cycles=6;planted=2;d_b=4;m=2;gap=1;k=2,13,false,14,0.034,7,2,16,0.035,7,2,false
mixed-004-0,mixed,seed=0xadd9160fc3327f78;cycles=6;planted=2;d_b=4;m=2;gap=1;k=2,13,false,14,0.034,7,2,32,0.048,7,2,false
mixed-004-0,mixed,seed=0xadd9160fc3327f78;cycles=6;planted=2;d_b=4;m=2;gap=1;k=2,13,false,14,0.034,7,2,64,0.069,7,2,false
mixed-004-0,mixed,seed=0xadd9160fc3327f78;cycles=6;planted=2;d_b=4;m=2;gap=1;k=2,13,false,14,0.034,7,2,128,0.112,7,2,false
mixed-004-0,mixed,seed=0xadd9160fc3327f78;cycles=6;planted=2;d_b=4;m=2;gap=1;k=2,13,false,14,0.034,7,2,256,0.191,7,2,true
mixed-004-0,mixed,seed=0xadd9160fc3327f78;cycles=6;planted=2;d_b=4;m=2;gap=1;k=2,13,false,14,0.034,7,2,512,0.331,7,2,true
mixed-004-0,mixed,seed=0xadd9160fc3327f78;cycles=6;planted=2;d_b=4;m=2;gap=1;k=2,13,false,14,0.034,7,2,1024,0.627,7,2,true
mixed-004-0,mixed,seed=0xadd9160fc3327f78;cycles=6;planted=2;d_b=4;m=2;gap=1;k=2,13,false,14,0.034,7,2,2048,1.179,7,2,true
mixed-004-0,mixed,seed=0xadd9160fc3327f78;cycles=6;planted=2;d_b=4;m=2;gap=1;k=2,13,false,14,0.034,7,2,4096,2.331,7,2,true
mixed-004-0,mixed,seed=0xadd9160fc3327f78;cycles=6;planted=2;d_b=4;m=2;gap=1;k=2,13,false,14,0.034,7,2,8192,4.337,7,2,true
mixed-004-0,mixed,seed=0xadd9160fc3327f78;cycles=6;planted=2;d_b=4;m=2;gap=1;k=2,13,false,14,0.034,7,2,16384,8.407,7,2,true
mixed-004-0,mixed,seed=0xadd9160fc3327f78;cycles=6;planted=2;d_b=4;m=2;gap=1;k=2,13,false,14,0.034,7,2,32768,25.892,7,2,true
mixed-004-0,mixed,seed=0xadd9160fc3327f78;cycles=6;planted=2;d_b=4;m=2;gap=1;k=2,13,false,14,0.034,7,2,65536,63.121,7,2,true
mixed-004-0,mixed,seed=0xadd9160fc3327f78;cycles=6;planted=2;d_b=4;m=2;gap=1;k=2,13,false,14,0.034,7,2,131072,138.203,7,2,true
mixed-004-0,mixed,seed=0xadd9160fc3327f78;cycles=6;planted=2;d_b=4;m=2;gap=1;k=2,13,false,14,0.034,7,2,262144,288.317,7,2,true
dec-013,dec,d_b=3;m=5;gap=1;k=2;q=3;s=7,9,false,11,0.045,14,2,1,0.015,15,14,false
dec-013,dec,d_b=3;m=5;gap=1;k=2;q=3;s=7,9,false,11,0.045,14,2,2,0.019,15,14,false
dec-013,dec,d_b=3;m=5;gap=1;k=2;q=3;s=7,9,false,11,0.045,14,2,4,0.026,14,2,false
dec-013,dec,d_b=3;m=5;gap=1;k=2;q=3;s=7,9,false,11,0.045,14,2,8,0.028,14,2,false
dec-013,dec,d_b=3;m=5;gap=1;k=2;q=3;s=7,9,false,11,0.045,14,2,16,0.039,14,2,false
dec-013,dec,d_b=3;m=5;gap=1;k=2;q=3;s=7,9,false,11,0.045,14,2,32,0.050,14,2,false
dec-013,dec,d_b=3;m=5;gap=1;k=2;q=3;s=7,9,false,11,0.045,14,2,64,0.062,14,2,true
dec-013,dec,d_b=3;m=5;gap=1;k=2;q=3;s=7,9,false,11,0.045,14,2,128,0.086,14,2,true
dec-013,dec,d_b=3;m=5;gap=1;k=2;q=3;s=7,9,false,11,0.045,14,2,256,0.144,14,2,true
dec-013,dec,d_b=3;m=5;gap=1;k=2;q=3;s=7,9,false,11,0.045,14,2,512,0.217,14,2,true
dec-013,dec,d_b=3;m=5;gap=1;k=2;q=3;s=7,9,false,11,0.045,14,2,1024,0.398,14,2,true
dec-013,dec,d_b=3;m=5;gap=1;k=2;q=3;s=7,9,false,11,0.045,14,2,2048,0.744,14,2,true
dec-013,dec,d_b=3;m=5;gap=1;k=2;q=3;s=7,9,false,11,0.045,14,2,4096,1.477,14,2,true
dec-013,dec,d_b=3;m=5;gap=1;k=2;q=3;s=7,9,false,11,0.045,14,2,8192,3.066,14,2,true
dec-013,dec,d_b=3;m=5;gap=1;k=2;q=3;s=7,9,false,11,0.045,14,2,16384,7.146,14,2,true
dec-013,dec,d_b=3;m=5;gap=1;k=2;q=3;s=7,9,false,11,0.045,14,2,32768,17.858,14,2,true
dec-013,dec,d_b=3;m=5;gap=1;k=2;q=3;s=7,9,false,11,0.045,14,2,65536,40.016,14,2,true
dec-013,dec,d_b=3;m=5;gap=1;k=2;q=3;s=7,9,false,11,0.045,14,2,131072,85.657,14,2,true
dec-013,dec,d_b=3;m=5;gap=1;k=2;q=3;s=7,9,false,11,0.045,14,2,262144,176.682,14,2,true
mixed-004-1,mixed,seed=0x3d3225a9b5826845;cycles=6;planted=2;d_b=4;m=2;gap=1;k=2,13999,false,3163,0.083,18,8,1,0.044,20,16,false
mixed-004-1,mixed,seed=0x3d3225a9b5826845;cycles=6;planted=2;d_b=4;m=2;gap=1;k=2,13999,false,3163,0.083,18,8,2,0.044,20,16,false
mixed-004-1,mixed,seed=0x3d3225a9b5826845;cycles=6;planted=2;d_b=4;m=2;gap=1;k=2,13999,false,3163,0.083,18,8,4,0.056,20,16,false
mixed-004-1,mixed,seed=0x3d3225a9b5826845;cycles=6;planted=2;d_b=4;m=2;gap=1;k=2,13999,false,3163,0.083,18,8,8,0.083,20,16,false
mixed-004-1,mixed,seed=0x3d3225a9b5826845;cycles=6;planted=2;d_b=4;m=2;gap=1;k=2,13999,false,3163,0.083,18,8,16,0.117,20,16,false
mixed-004-1,mixed,seed=0x3d3225a9b5826845;cycles=6;planted=2;d_b=4;m=2;gap=1;k=2,13999,false,3163,0.083,18,8,32,0.197,19,12,false
mixed-004-1,mixed,seed=0x3d3225a9b5826845;cycles=6;planted=2;d_b=4;m=2;gap=1;k=2,13999,false,3163,0.083,18,8,64,0.328,19,12,false
mixed-004-1,mixed,seed=0x3d3225a9b5826845;cycles=6;planted=2;d_b=4;m=2;gap=1;k=2,13999,false,3163,0.083,18,8,128,0.566,18,8,false
mixed-004-1,mixed,seed=0x3d3225a9b5826845;cycles=6;planted=2;d_b=4;m=2;gap=1;k=2,13999,false,3163,0.083,18,8,256,0.960,18,8,false
mixed-004-1,mixed,seed=0x3d3225a9b5826845;cycles=6;planted=2;d_b=4;m=2;gap=1;k=2,13999,false,3163,0.083,18,8,512,1.730,18,8,false
mixed-004-1,mixed,seed=0x3d3225a9b5826845;cycles=6;planted=2;d_b=4;m=2;gap=1;k=2,13999,false,3163,0.083,18,8,1024,3.271,18,8,false
mixed-004-1,mixed,seed=0x3d3225a9b5826845;cycles=6;planted=2;d_b=4;m=2;gap=1;k=2,13999,false,3163,0.083,18,8,2048,6.325,18,8,false
mixed-004-1,mixed,seed=0x3d3225a9b5826845;cycles=6;planted=2;d_b=4;m=2;gap=1;k=2,13999,false,3163,0.083,18,8,4096,12.208,18,8,false
mixed-004-1,mixed,seed=0x3d3225a9b5826845;cycles=6;planted=2;d_b=4;m=2;gap=1;k=2,13999,false,3163,0.083,18,8,8192,24.675,18,8,false
mixed-004-1,mixed,seed=0x3d3225a9b5826845;cycles=6;planted=2;d_b=4;m=2;gap=1;k=2,13999,false,3163,0.083,18,8,16384,49.113,18,8,false
mixed-004-1,mixed,seed=0x3d3225a9b5826845;cycles=6;planted=2;d_b=4;m=2;gap=1;k=2,13999,false,3163,0.083,18,8,32768,102.272,18,8,false
mixed-004-1,mixed,seed=0x3d3225a9b5826845;cycles=6;planted=2;d_b=4;m=2;gap=1;k=2,13999,false,3163,0.083,18,8,65536,296.623,18,8,false
mixed-004-1,mixed,seed=0x3d3225a9b5826845;cycles=6;planted=2;d_b=4;m=2;gap=1;k=2,13999,false,3163,0.083,18,8,131072,705.193,18,8,true
mixed-004-1,mixed,seed=0x3d3225a9b5826845;cycles=6;planted=2;d_b=4;m=2;gap=1;k=2,13999,false,3163,0.083,18,8,262144,1545.889,18,8,true
dec-014,dec,d_b=3;m=5;gap=1;k=4;q=3;s=7,15,false,17,0.067,14,2,1,0.019,15,14,false
dec-014,dec,d_b=3;m=5;gap=1;k=4;q=3;s=7,15,false,17,0.067,14,2,2,0.021,15,14,false
dec-014,dec,d_b=3;m=5;gap=1;k=4;q=3;s=7,15,false,17,0.067,14,2,4,0.025,15,14,false
dec-014,dec,d_b=3;m=5;gap=1;k=4;q=3;s=7,15,false,17,0.067,14,2,8,0.038,14,2,false
dec-014,dec,d_b=3;m=5;gap=1;k=4;q=3;s=7,15,false,17,0.067,14,2,16,0.041,14,2,false
dec-014,dec,d_b=3;m=5;gap=1;k=4;q=3;s=7,15,false,17,0.067,14,2,32,0.056,14,2,false
dec-014,dec,d_b=3;m=5;gap=1;k=4;q=3;s=7,15,false,17,0.067,14,2,64,0.078,14,2,false
dec-014,dec,d_b=3;m=5;gap=1;k=4;q=3;s=7,15,false,17,0.067,14,2,128,0.094,14,2,false
dec-014,dec,d_b=3;m=5;gap=1;k=4;q=3;s=7,15,false,17,0.067,14,2,256,0.146,14,2,true
dec-014,dec,d_b=3;m=5;gap=1;k=4;q=3;s=7,15,false,17,0.067,14,2,512,0.234,14,2,true
dec-014,dec,d_b=3;m=5;gap=1;k=4;q=3;s=7,15,false,17,0.067,14,2,1024,0.397,14,2,true
dec-014,dec,d_b=3;m=5;gap=1;k=4;q=3;s=7,15,false,17,0.067,14,2,2048,0.732,14,2,true
dec-014,dec,d_b=3;m=5;gap=1;k=4;q=3;s=7,15,false,17,0.067,14,2,4096,1.361,14,2,true
dec-014,dec,d_b=3;m=5;gap=1;k=4;q=3;s=7,15,false,17,0.067,14,2,8192,2.620,14,2,true
dec-014,dec,d_b=3;m=5;gap=1;k=4;q=3;s=7,15,false,17,0.067,14,2,16384,5.002,14,2,true
dec-014,dec,d_b=3;m=5;gap=1;k=4;q=3;s=7,15,false,17,0.067,14,2,32768,9.692,14,2,true
dec-014,dec,d_b=3;m=5;gap=1;k=4;q=3;s=7,15,false,17,0.067,14,2,65536,19.885,14,2,true
dec-014,dec,d_b=3;m=5;gap=1;k=4;q=3;s=7,15,false,17,0.067,14,2,131072,57.149,14,2,true
dec-014,dec,d_b=3;m=5;gap=1;k=4;q=3;s=7,15,false,17,0.067,14,2,262144,160.913,14,2,true
mixed-004-2,mixed,seed=0xd6d40eac409a92b0;cycles=6;planted=2;d_b=4;m=2;gap=1;k=2,25,false,29,0.064,13,4,1,0.033,15,12,false
mixed-004-2,mixed,seed=0xd6d40eac409a92b0;cycles=6;planted=2;d_b=4;m=2;gap=1;k=2,25,false,29,0.064,13,4,2,0.033,15,12,false
mixed-004-2,mixed,seed=0xd6d40eac409a92b0;cycles=6;planted=2;d_b=4;m=2;gap=1;k=2,25,false,29,0.064,13,4,4,0.037,15,12,false
mixed-004-2,mixed,seed=0xd6d40eac409a92b0;cycles=6;planted=2;d_b=4;m=2;gap=1;k=2,25,false,29,0.064,13,4,8,0.062,15,12,false
mixed-004-2,mixed,seed=0xd6d40eac409a92b0;cycles=6;planted=2;d_b=4;m=2;gap=1;k=2,25,false,29,0.064,13,4,16,0.083,15,12,false
mixed-004-2,mixed,seed=0xd6d40eac409a92b0;cycles=6;planted=2;d_b=4;m=2;gap=1;k=2,25,false,29,0.064,13,4,32,0.153,13,4,false
mixed-004-2,mixed,seed=0xd6d40eac409a92b0;cycles=6;planted=2;d_b=4;m=2;gap=1;k=2,25,false,29,0.064,13,4,64,0.249,13,4,false
mixed-004-2,mixed,seed=0xd6d40eac409a92b0;cycles=6;planted=2;d_b=4;m=2;gap=1;k=2,25,false,29,0.064,13,4,128,0.456,13,4,false
mixed-004-2,mixed,seed=0xd6d40eac409a92b0;cycles=6;planted=2;d_b=4;m=2;gap=1;k=2,25,false,29,0.064,13,4,256,0.848,13,4,false
mixed-004-2,mixed,seed=0xd6d40eac409a92b0;cycles=6;planted=2;d_b=4;m=2;gap=1;k=2,25,false,29,0.064,13,4,512,1.659,13,4,true
mixed-004-2,mixed,seed=0xd6d40eac409a92b0;cycles=6;planted=2;d_b=4;m=2;gap=1;k=2,25,false,29,0.064,13,4,1024,3.214,13,4,true
mixed-004-2,mixed,seed=0xd6d40eac409a92b0;cycles=6;planted=2;d_b=4;m=2;gap=1;k=2,25,false,29,0.064,13,4,2048,6.261,13,4,true
mixed-004-2,mixed,seed=0xd6d40eac409a92b0;cycles=6;planted=2;d_b=4;m=2;gap=1;k=2,25,false,29,0.064,13,4,4096,12.127,13,4,true
mixed-004-2,mixed,seed=0xd6d40eac409a92b0;cycles=6;planted=2;d_b=4;m=2;gap=1;k=2,25,false,29,0.064,13,4,8192,23.202,13,4,true
mixed-004-2,mixed,seed=0xd6d40eac409a92b0;cycles=6;planted=2;d_b=4;m=2;gap=1;k=2,25,false,29,0.064,13,4,16384,45.040,13,4,true
mixed-004-2,mixed,seed=0xd6d40eac409a92b0;cycles=6;planted=2;d_b=4;m=2;gap=1;k=2,25,false,29,0.064,13,4,32768,88.479,13,4,true
mixed-004-2,mixed,seed=0xd6d40eac409a92b0;cycles=6;planted=2;d_b=4;m=2;gap=1;k=2,25,false,29,0.064,13,4,65536,194.627,13,4,true
mixed-004-2,mixed,seed=0xd6d40eac409a92b0;cycles=6;planted=2;d_b=4;m=2;gap=1;k=2,25,false,29,0.064,13,4,131072,408.936,13,4,true
mixed-004-2,mixed,seed=0xd6d40eac409a92b0;cycles=6;planted=2;d_b=4;m=2;gap=1;k=2,25,false,29,0.064,13,4,262144,836.480,13,4,true
dec-015,dec,d_b=3;m=5;gap=3;k=1;q=3;s=8,6,false,8,0.044,14,2,1,0.014,17,16,false
dec-015,dec,d_b=3;m=5;gap=3;k=1;q=3;s=8,6,false,8,0.044,14,2,2,0.023,14,2,false
dec-015,dec,d_b=3;m=5;gap=3;k=1;q=3;s=8,6,false,8,0.044,14,2,4,0.023,14,2,false
dec-015,dec,d_b=3;m=5;gap=3;k=1;q=3;s=8,6,false,8,0.044,14,2,8,0.031,14,2,false
dec-015,dec,d_b=3;m=5;gap=3;k=1;q=3;s=8,6,false,8,0.044,14,2,16,0.036,14,2,true
dec-015,dec,d_b=3;m=5;gap=3;k=1;q=3;s=8,6,false,8,0.044,14,2,32,0.043,14,2,true
dec-015,dec,d_b=3;m=5;gap=3;k=1;q=3;s=8,6,false,8,0.044,14,2,64,0.056,14,2,true
dec-015,dec,d_b=3;m=5;gap=3;k=1;q=3;s=8,6,false,8,0.044,14,2,128,0.085,14,2,true
dec-015,dec,d_b=3;m=5;gap=3;k=1;q=3;s=8,6,false,8,0.044,14,2,256,0.150,14,2,true
dec-015,dec,d_b=3;m=5;gap=3;k=1;q=3;s=8,6,false,8,0.044,14,2,512,0.302,14,2,true
dec-015,dec,d_b=3;m=5;gap=3;k=1;q=3;s=8,6,false,8,0.044,14,2,1024,0.630,14,2,true
dec-015,dec,d_b=3;m=5;gap=3;k=1;q=3;s=8,6,false,8,0.044,14,2,2048,1.384,14,2,true
dec-015,dec,d_b=3;m=5;gap=3;k=1;q=3;s=8,6,false,8,0.044,14,2,4096,2.821,14,2,true
dec-015,dec,d_b=3;m=5;gap=3;k=1;q=3;s=8,6,false,8,0.044,14,2,8192,5.689,14,2,true
dec-015,dec,d_b=3;m=5;gap=3;k=1;q=3;s=8,6,false,8,0.044,14,2,16384,11.092,14,2,true
dec-015,dec,d_b=3;m=5;gap=3;k=1;q=3;s=8,6,false,8,0.044,14,2,32768,22.368,14,2,true
dec-015,dec,d_b=3;m=5;gap=3;k=1;q=3;s=8,6,false,8,0.044,14,2,65536,44.191,14,2,true
dec-015,dec,d_b=3;m=5;gap=3;k=1;q=3;s=8,6,false,8,0.044,14,2,131072,89.667,14,2,true
dec-015,dec,d_b=3;m=5;gap=3;k=1;q=3;s=8,6,false,8,0.044,14,2,262144,177.946,14,2,true
mixed-005-0,mixed,seed=0x14a15165be2b2690;cycles=6;planted=2;d_b=8;m=3;gap=2;k=2,14024,false,3183,0.151,41,6,1,0.037,47,42,false
mixed-005-0,mixed,seed=0x14a15165be2b2690;cycles=6;planted=2;d_b=8;m=3;gap=2;k=2,14024,false,3183,0.151,41,6,2,0.046,47,42,false
mixed-005-0,mixed,seed=0x14a15165be2b2690;cycles=6;planted=2;d_b=8;m=3;gap=2;k=2,14024,false,3183,0.151,41,6,4,0.053,47,42,false
mixed-005-0,mixed,seed=0x14a15165be2b2690;cycles=6;planted=2;d_b=8;m=3;gap=2;k=2,14024,false,3183,0.151,41,6,8,0.074,47,42,false
mixed-005-0,mixed,seed=0x14a15165be2b2690;cycles=6;planted=2;d_b=8;m=3;gap=2;k=2,14024,false,3183,0.151,41,6,16,0.107,47,42,false
mixed-005-0,mixed,seed=0x14a15165be2b2690;cycles=6;planted=2;d_b=8;m=3;gap=2;k=2,14024,false,3183,0.151,41,6,32,0.186,47,42,false
mixed-005-0,mixed,seed=0x14a15165be2b2690;cycles=6;planted=2;d_b=8;m=3;gap=2;k=2,14024,false,3183,0.151,41,6,64,0.287,47,42,false
mixed-005-0,mixed,seed=0x14a15165be2b2690;cycles=6;planted=2;d_b=8;m=3;gap=2;k=2,14024,false,3183,0.151,41,6,128,0.415,47,42,false
mixed-005-0,mixed,seed=0x14a15165be2b2690;cycles=6;planted=2;d_b=8;m=3;gap=2;k=2,14024,false,3183,0.151,41,6,256,0.688,47,42,false
mixed-005-0,mixed,seed=0x14a15165be2b2690;cycles=6;planted=2;d_b=8;m=3;gap=2;k=2,14024,false,3183,0.151,41,6,512,1.254,41,6,false
mixed-005-0,mixed,seed=0x14a15165be2b2690;cycles=6;planted=2;d_b=8;m=3;gap=2;k=2,14024,false,3183,0.151,41,6,1024,2.476,41,6,false
mixed-005-0,mixed,seed=0x14a15165be2b2690;cycles=6;planted=2;d_b=8;m=3;gap=2;k=2,14024,false,3183,0.151,41,6,2048,4.741,41,6,false
mixed-005-0,mixed,seed=0x14a15165be2b2690;cycles=6;planted=2;d_b=8;m=3;gap=2;k=2,14024,false,3183,0.151,41,6,4096,9.839,41,6,false
mixed-005-0,mixed,seed=0x14a15165be2b2690;cycles=6;planted=2;d_b=8;m=3;gap=2;k=2,14024,false,3183,0.151,41,6,8192,20.267,41,6,false
mixed-005-0,mixed,seed=0x14a15165be2b2690;cycles=6;planted=2;d_b=8;m=3;gap=2;k=2,14024,false,3183,0.151,41,6,16384,42.431,41,6,false
mixed-005-0,mixed,seed=0x14a15165be2b2690;cycles=6;planted=2;d_b=8;m=3;gap=2;k=2,14024,false,3183,0.151,41,6,32768,86.570,41,6,false
mixed-005-0,mixed,seed=0x14a15165be2b2690;cycles=6;planted=2;d_b=8;m=3;gap=2;k=2,14024,false,3183,0.151,41,6,65536,172.270,41,6,false
mixed-005-0,mixed,seed=0x14a15165be2b2690;cycles=6;planted=2;d_b=8;m=3;gap=2;k=2,14024,false,3183,0.151,41,6,131072,346.984,41,6,false
mixed-005-0,mixed,seed=0x14a15165be2b2690;cycles=6;planted=2;d_b=8;m=3;gap=2;k=2,14024,false,3183,0.151,41,6,262144,695.943,41,6,false
dec-016,dec,d_b=3;m=5;gap=3;k=2;q=3;s=8,9,false,11,0.048,14,2,1,0.015,17,16,false
dec-016,dec,d_b=3;m=5;gap=3;k=2;q=3;s=8,9,false,11,0.048,14,2,2,0.021,17,16,false
dec-016,dec,d_b=3;m=5;gap=3;k=2;q=3;s=8,9,false,11,0.048,14,2,4,0.028,14,2,false
dec-016,dec,d_b=3;m=5;gap=3;k=2;q=3;s=8,9,false,11,0.048,14,2,8,0.030,14,2,false
dec-016,dec,d_b=3;m=5;gap=3;k=2;q=3;s=8,9,false,11,0.048,14,2,16,0.040,14,2,false
dec-016,dec,d_b=3;m=5;gap=3;k=2;q=3;s=8,9,false,11,0.048,14,2,32,0.051,14,2,false
dec-016,dec,d_b=3;m=5;gap=3;k=2;q=3;s=8,9,false,11,0.048,14,2,64,0.063,14,2,true
dec-016,dec,d_b=3;m=5;gap=3;k=2;q=3;s=8,9,false,11,0.048,14,2,128,0.086,14,2,true
dec-016,dec,d_b=3;m=5;gap=3;k=2;q=3;s=8,9,false,11,0.048,14,2,256,0.129,14,2,true
dec-016,dec,d_b=3;m=5;gap=3;k=2;q=3;s=8,9,false,11,0.048,14,2,512,0.221,14,2,true
dec-016,dec,d_b=3;m=5;gap=3;k=2;q=3;s=8,9,false,11,0.048,14,2,1024,0.411,14,2,true
dec-016,dec,d_b=3;m=5;gap=3;k=2;q=3;s=8,9,false,11,0.048,14,2,2048,0.901,14,2,true
dec-016,dec,d_b=3;m=5;gap=3;k=2;q=3;s=8,9,false,11,0.048,14,2,4096,2.313,14,2,true
dec-016,dec,d_b=3;m=5;gap=3;k=2;q=3;s=8,9,false,11,0.048,14,2,8192,5.342,14,2,true
dec-016,dec,d_b=3;m=5;gap=3;k=2;q=3;s=8,9,false,11,0.048,14,2,16384,10.873,14,2,true
dec-016,dec,d_b=3;m=5;gap=3;k=2;q=3;s=8,9,false,11,0.048,14,2,32768,22.636,14,2,true
dec-016,dec,d_b=3;m=5;gap=3;k=2;q=3;s=8,9,false,11,0.048,14,2,65536,45.608,14,2,true
dec-016,dec,d_b=3;m=5;gap=3;k=2;q=3;s=8,9,false,11,0.048,14,2,131072,93.024,14,2,true
dec-016,dec,d_b=3;m=5;gap=3;k=2;q=3;s=8,9,false,11,0.048,14,2,262144,185.890,14,2,true
mixed-005-1,mixed,seed=0xd7ce4523e1d5f8c1;cycles=6;planted=2;d_b=8;m=3;gap=2;k=2,26465,false,5748,0.206,53,12,1,0.067,59,48,false
mixed-005-1,mixed,seed=0xd7ce4523e1d5f8c1;cycles=6;planted=2;d_b=8;m=3;gap=2;k=2,26465,false,5748,0.206,53,12,2,0.075,59,48,false
mixed-005-1,mixed,seed=0xd7ce4523e1d5f8c1;cycles=6;planted=2;d_b=8;m=3;gap=2;k=2,26465,false,5748,0.206,53,12,4,0.079,59,48,false
mixed-005-1,mixed,seed=0xd7ce4523e1d5f8c1;cycles=6;planted=2;d_b=8;m=3;gap=2;k=2,26465,false,5748,0.206,53,12,8,0.111,59,48,false
mixed-005-1,mixed,seed=0xd7ce4523e1d5f8c1;cycles=6;planted=2;d_b=8;m=3;gap=2;k=2,26465,false,5748,0.206,53,12,16,0.155,59,48,false
mixed-005-1,mixed,seed=0xd7ce4523e1d5f8c1;cycles=6;planted=2;d_b=8;m=3;gap=2;k=2,26465,false,5748,0.206,53,12,32,0.248,59,48,false
mixed-005-1,mixed,seed=0xd7ce4523e1d5f8c1;cycles=6;planted=2;d_b=8;m=3;gap=2;k=2,26465,false,5748,0.206,53,12,64,0.378,59,48,false
mixed-005-1,mixed,seed=0xd7ce4523e1d5f8c1;cycles=6;planted=2;d_b=8;m=3;gap=2;k=2,26465,false,5748,0.206,53,12,128,0.562,59,48,false
mixed-005-1,mixed,seed=0xd7ce4523e1d5f8c1;cycles=6;planted=2;d_b=8;m=3;gap=2;k=2,26465,false,5748,0.206,53,12,256,0.929,59,48,false
mixed-005-1,mixed,seed=0xd7ce4523e1d5f8c1;cycles=6;planted=2;d_b=8;m=3;gap=2;k=2,26465,false,5748,0.206,53,12,512,1.598,59,48,false
mixed-005-1,mixed,seed=0xd7ce4523e1d5f8c1;cycles=6;planted=2;d_b=8;m=3;gap=2;k=2,26465,false,5748,0.206,53,12,1024,3.174,53,12,false
mixed-005-1,mixed,seed=0xd7ce4523e1d5f8c1;cycles=6;planted=2;d_b=8;m=3;gap=2;k=2,26465,false,5748,0.206,53,12,2048,6.088,53,12,false
mixed-005-1,mixed,seed=0xd7ce4523e1d5f8c1;cycles=6;planted=2;d_b=8;m=3;gap=2;k=2,26465,false,5748,0.206,53,12,4096,12.080,53,12,false
mixed-005-1,mixed,seed=0xd7ce4523e1d5f8c1;cycles=6;planted=2;d_b=8;m=3;gap=2;k=2,26465,false,5748,0.206,53,12,8192,24.545,53,12,false
mixed-005-1,mixed,seed=0xd7ce4523e1d5f8c1;cycles=6;planted=2;d_b=8;m=3;gap=2;k=2,26465,false,5748,0.206,53,12,16384,51.126,53,12,false
mixed-005-1,mixed,seed=0xd7ce4523e1d5f8c1;cycles=6;planted=2;d_b=8;m=3;gap=2;k=2,26465,false,5748,0.206,53,12,32768,99.359,53,12,false
mixed-005-1,mixed,seed=0xd7ce4523e1d5f8c1;cycles=6;planted=2;d_b=8;m=3;gap=2;k=2,26465,false,5748,0.206,53,12,65536,196.438,53,12,false
mixed-005-1,mixed,seed=0xd7ce4523e1d5f8c1;cycles=6;planted=2;d_b=8;m=3;gap=2;k=2,26465,false,5748,0.206,53,12,131072,397.264,53,12,false
mixed-005-1,mixed,seed=0xd7ce4523e1d5f8c1;cycles=6;planted=2;d_b=8;m=3;gap=2;k=2,26465,false,5748,0.206,53,12,262144,797.269,53,12,false
dec-017,dec,d_b=3;m=5;gap=3;k=4;q=3;s=8,15,false,17,0.066,14,2,1,0.022,17,16,false
dec-017,dec,d_b=3;m=5;gap=3;k=4;q=3;s=8,15,false,17,0.066,14,2,2,0.023,17,16,false
dec-017,dec,d_b=3;m=5;gap=3;k=4;q=3;s=8,15,false,17,0.066,14,2,4,0.029,17,16,false
dec-017,dec,d_b=3;m=5;gap=3;k=4;q=3;s=8,15,false,17,0.066,14,2,8,0.040,14,2,false
dec-017,dec,d_b=3;m=5;gap=3;k=4;q=3;s=8,15,false,17,0.066,14,2,16,0.046,14,2,false
dec-017,dec,d_b=3;m=5;gap=3;k=4;q=3;s=8,15,false,17,0.066,14,2,32,0.059,14,2,false
dec-017,dec,d_b=3;m=5;gap=3;k=4;q=3;s=8,15,false,17,0.066,14,2,64,0.079,14,2,false
dec-017,dec,d_b=3;m=5;gap=3;k=4;q=3;s=8,15,false,17,0.066,14,2,128,0.098,14,2,false
dec-017,dec,d_b=3;m=5;gap=3;k=4;q=3;s=8,15,false,17,0.066,14,2,256,0.155,14,2,true
dec-017,dec,d_b=3;m=5;gap=3;k=4;q=3;s=8,15,false,17,0.066,14,2,512,0.239,14,2,true
dec-017,dec,d_b=3;m=5;gap=3;k=4;q=3;s=8,15,false,17,0.066,14,2,1024,0.401,14,2,true
dec-017,dec,d_b=3;m=5;gap=3;k=4;q=3;s=8,15,false,17,0.066,14,2,2048,0.744,14,2,true
dec-017,dec,d_b=3;m=5;gap=3;k=4;q=3;s=8,15,false,17,0.066,14,2,4096,1.384,14,2,true
dec-017,dec,d_b=3;m=5;gap=3;k=4;q=3;s=8,15,false,17,0.066,14,2,8192,2.663,14,2,true
dec-017,dec,d_b=3;m=5;gap=3;k=4;q=3;s=8,15,false,17,0.066,14,2,16384,6.022,14,2,true
dec-017,dec,d_b=3;m=5;gap=3;k=4;q=3;s=8,15,false,17,0.066,14,2,32768,18.914,14,2,true
dec-017,dec,d_b=3;m=5;gap=3;k=4;q=3;s=8,15,false,17,0.066,14,2,65536,45.002,14,2,true
dec-017,dec,d_b=3;m=5;gap=3;k=4;q=3;s=8,15,false,17,0.066,14,2,131072,97.763,14,2,true
dec-017,dec,d_b=3;m=5;gap=3;k=4;q=3;s=8,15,false,17,0.066,14,2,262144,198.152,14,2,true
mixed-005-2,mixed,seed=0x62a455ca820f081c;cycles=6;planted=2;d_b=8;m=3;gap=2;k=2,26338,false,5770,0.252,63,12,1,0.135,69,48,false
mixed-005-2,mixed,seed=0x62a455ca820f081c;cycles=6;planted=2;d_b=8;m=3;gap=2;k=2,26338,false,5770,0.252,63,12,2,0.139,69,48,false
mixed-005-2,mixed,seed=0x62a455ca820f081c;cycles=6;planted=2;d_b=8;m=3;gap=2;k=2,26338,false,5770,0.252,63,12,4,0.162,69,48,false
mixed-005-2,mixed,seed=0x62a455ca820f081c;cycles=6;planted=2;d_b=8;m=3;gap=2;k=2,26338,false,5770,0.252,63,12,8,0.202,69,48,false
mixed-005-2,mixed,seed=0x62a455ca820f081c;cycles=6;planted=2;d_b=8;m=3;gap=2;k=2,26338,false,5770,0.252,63,12,16,0.340,69,48,false
mixed-005-2,mixed,seed=0x62a455ca820f081c;cycles=6;planted=2;d_b=8;m=3;gap=2;k=2,26338,false,5770,0.252,63,12,32,0.550,69,48,false
mixed-005-2,mixed,seed=0x62a455ca820f081c;cycles=6;planted=2;d_b=8;m=3;gap=2;k=2,26338,false,5770,0.252,63,12,64,1.049,69,48,false
mixed-005-2,mixed,seed=0x62a455ca820f081c;cycles=6;planted=2;d_b=8;m=3;gap=2;k=2,26338,false,5770,0.252,63,12,128,1.862,69,48,false
mixed-005-2,mixed,seed=0x62a455ca820f081c;cycles=6;planted=2;d_b=8;m=3;gap=2;k=2,26338,false,5770,0.252,63,12,256,3.457,69,48,false
mixed-005-2,mixed,seed=0x62a455ca820f081c;cycles=6;planted=2;d_b=8;m=3;gap=2;k=2,26338,false,5770,0.252,63,12,512,6.594,69,48,false
mixed-005-2,mixed,seed=0x62a455ca820f081c;cycles=6;planted=2;d_b=8;m=3;gap=2;k=2,26338,false,5770,0.252,63,12,1024,12.575,69,48,false
mixed-005-2,mixed,seed=0x62a455ca820f081c;cycles=6;planted=2;d_b=8;m=3;gap=2;k=2,26338,false,5770,0.252,63,12,2048,24.860,66,30,false
mixed-005-2,mixed,seed=0x62a455ca820f081c;cycles=6;planted=2;d_b=8;m=3;gap=2;k=2,26338,false,5770,0.252,63,12,4096,50.537,63,12,false
mixed-005-2,mixed,seed=0x62a455ca820f081c;cycles=6;planted=2;d_b=8;m=3;gap=2;k=2,26338,false,5770,0.252,63,12,8192,95.200,63,12,false
mixed-005-2,mixed,seed=0x62a455ca820f081c;cycles=6;planted=2;d_b=8;m=3;gap=2;k=2,26338,false,5770,0.252,63,12,16384,189.912,63,12,false
mixed-005-2,mixed,seed=0x62a455ca820f081c;cycles=6;planted=2;d_b=8;m=3;gap=2;k=2,26338,false,5770,0.252,63,12,32768,372.824,63,12,false
mixed-005-2,mixed,seed=0x62a455ca820f081c;cycles=6;planted=2;d_b=8;m=3;gap=2;k=2,26338,false,5770,0.252,63,12,65536,744.716,63,12,false
mixed-005-2,mixed,seed=0x62a455ca820f081c;cycles=6;planted=2;d_b=8;m=3;gap=2;k=2,26338,false,5770,0.252,63,12,131072,1475.041,63,12,false
mixed-005-2,mixed,seed=0x62a455ca820f081c;cycles=6;planted=2;d_b=8;m=3;gap=2;k=2,26338,false,5770,0.252,63,12,262144,2933.838,63,12,false
dec-018,dec,d_b=3;m=5;gap=7;k=1;q=3;s=10,6,false,8,0.039,14,2,1,0.021,21,20,false
dec-018,dec,d_b=3;m=5;gap=7;k=1;q=3;s=10,6,false,8,0.039,14,2,2,0.022,14,2,false
dec-018,dec,d_b=3;m=5;gap=7;k=1;q=3;s=10,6,false,8,0.039,14,2,4,0.027,14,2,false
dec-018,dec,d_b=3;m=5;gap=7;k=1;q=3;s=10,6,false,8,0.039,14,2,8,0.034,14,2,false
dec-018,dec,d_b=3;m=5;gap=7;k=1;q=3;s=10,6,false,8,0.039,14,2,16,0.039,14,2,true
dec-018,dec,d_b=3;m=5;gap=7;k=1;q=3;s=10,6,false,8,0.039,14,2,32,0.045,14,2,true
dec-018,dec,d_b=3;m=5;gap=7;k=1;q=3;s=10,6,false,8,0.039,14,2,64,0.060,14,2,true
dec-018,dec,d_b=3;m=5;gap=7;k=1;q=3;s=10,6,false,8,0.039,14,2,128,0.093,14,2,true
dec-018,dec,d_b=3;m=5;gap=7;k=1;q=3;s=10,6,false,8,0.039,14,2,256,0.175,14,2,true
dec-018,dec,d_b=3;m=5;gap=7;k=1;q=3;s=10,6,false,8,0.039,14,2,512,0.350,14,2,true
dec-018,dec,d_b=3;m=5;gap=7;k=1;q=3;s=10,6,false,8,0.039,14,2,1024,0.737,14,2,true
dec-018,dec,d_b=3;m=5;gap=7;k=1;q=3;s=10,6,false,8,0.039,14,2,2048,1.474,14,2,true
dec-018,dec,d_b=3;m=5;gap=7;k=1;q=3;s=10,6,false,8,0.039,14,2,4096,3.058,14,2,true
dec-018,dec,d_b=3;m=5;gap=7;k=1;q=3;s=10,6,false,8,0.039,14,2,8192,5.844,14,2,true
dec-018,dec,d_b=3;m=5;gap=7;k=1;q=3;s=10,6,false,8,0.039,14,2,16384,11.568,14,2,true
dec-018,dec,d_b=3;m=5;gap=7;k=1;q=3;s=10,6,false,8,0.039,14,2,32768,22.737,14,2,true
dec-018,dec,d_b=3;m=5;gap=7;k=1;q=3;s=10,6,false,8,0.039,14,2,65536,45.185,14,2,true
dec-018,dec,d_b=3;m=5;gap=7;k=1;q=3;s=10,6,false,8,0.039,14,2,131072,89.600,14,2,true
dec-018,dec,d_b=3;m=5;gap=7;k=1;q=3;s=10,6,false,8,0.039,14,2,262144,180.757,14,2,true
mixed-006-0,mixed,seed=0x656577c8c127b0fb;cycles=6;planted=2;d_b=12;m=2;gap=6;k=4,62,false,63,0.119,16,2,1,0.023,23,20,false
mixed-006-0,mixed,seed=0x656577c8c127b0fb;cycles=6;planted=2;d_b=12;m=2;gap=6;k=4,62,false,63,0.119,16,2,2,0.023,23,20,false
mixed-006-0,mixed,seed=0x656577c8c127b0fb;cycles=6;planted=2;d_b=12;m=2;gap=6;k=4,62,false,63,0.119,16,2,4,0.029,23,20,false
mixed-006-0,mixed,seed=0x656577c8c127b0fb;cycles=6;planted=2;d_b=12;m=2;gap=6;k=4,62,false,63,0.119,16,2,8,0.050,23,20,false
mixed-006-0,mixed,seed=0x656577c8c127b0fb;cycles=6;planted=2;d_b=12;m=2;gap=6;k=4,62,false,63,0.119,16,2,16,0.056,23,20,false
mixed-006-0,mixed,seed=0x656577c8c127b0fb;cycles=6;planted=2;d_b=12;m=2;gap=6;k=4,62,false,63,0.119,16,2,32,0.086,23,20,false
mixed-006-0,mixed,seed=0x656577c8c127b0fb;cycles=6;planted=2;d_b=12;m=2;gap=6;k=4,62,false,63,0.119,16,2,64,0.113,23,20,false
mixed-006-0,mixed,seed=0x656577c8c127b0fb;cycles=6;planted=2;d_b=12;m=2;gap=6;k=4,62,false,63,0.119,16,2,128,0.177,23,20,false
mixed-006-0,mixed,seed=0x656577c8c127b0fb;cycles=6;planted=2;d_b=12;m=2;gap=6;k=4,62,false,63,0.119,16,2,256,0.313,16,2,false
mixed-006-0,mixed,seed=0x656577c8c127b0fb;cycles=6;planted=2;d_b=12;m=2;gap=6;k=4,62,false,63,0.119,16,2,512,0.544,16,2,false
mixed-006-0,mixed,seed=0x656577c8c127b0fb;cycles=6;planted=2;d_b=12;m=2;gap=6;k=4,62,false,63,0.119,16,2,1024,0.976,16,2,false
mixed-006-0,mixed,seed=0x656577c8c127b0fb;cycles=6;planted=2;d_b=12;m=2;gap=6;k=4,62,false,63,0.119,16,2,2048,1.800,16,2,false
mixed-006-0,mixed,seed=0x656577c8c127b0fb;cycles=6;planted=2;d_b=12;m=2;gap=6;k=4,62,false,63,0.119,16,2,4096,3.439,16,2,false
mixed-006-0,mixed,seed=0x656577c8c127b0fb;cycles=6;planted=2;d_b=12;m=2;gap=6;k=4,62,false,63,0.119,16,2,8192,6.425,16,2,false
mixed-006-0,mixed,seed=0x656577c8c127b0fb;cycles=6;planted=2;d_b=12;m=2;gap=6;k=4,62,false,63,0.119,16,2,16384,12.452,16,2,false
mixed-006-0,mixed,seed=0x656577c8c127b0fb;cycles=6;planted=2;d_b=12;m=2;gap=6;k=4,62,false,63,0.119,16,2,32768,23.890,16,2,false
mixed-006-0,mixed,seed=0x656577c8c127b0fb;cycles=6;planted=2;d_b=12;m=2;gap=6;k=4,62,false,63,0.119,16,2,65536,47.546,16,2,false
mixed-006-0,mixed,seed=0x656577c8c127b0fb;cycles=6;planted=2;d_b=12;m=2;gap=6;k=4,62,false,63,0.119,16,2,131072,92.724,16,2,false
mixed-006-0,mixed,seed=0x656577c8c127b0fb;cycles=6;planted=2;d_b=12;m=2;gap=6;k=4,62,false,63,0.119,16,2,262144,186.312,16,2,false
dec-019,dec,d_b=3;m=5;gap=7;k=2;q=3;s=10,9,false,11,0.030,14,2,1,0.012,21,20,false
dec-019,dec,d_b=3;m=5;gap=7;k=2;q=3;s=10,9,false,11,0.030,14,2,2,0.017,21,20,false
dec-019,dec,d_b=3;m=5;gap=7;k=2;q=3;s=10,9,false,11,0.030,14,2,4,0.028,14,2,false
dec-019,dec,d_b=3;m=5;gap=7;k=2;q=3;s=10,9,false,11,0.030,14,2,8,0.035,14,2,false
dec-019,dec,d_b=3;m=5;gap=7;k=2;q=3;s=10,9,false,11,0.030,14,2,16,0.043,14,2,false
dec-019,dec,d_b=3;m=5;gap=7;k=2;q=3;s=10,9,false,11,0.030,14,2,32,0.056,14,2,false
dec-019,dec,d_b=3;m=5;gap=7;k=2;q=3;s=10,9,false,11,0.030,14,2,64,0.068,14,2,true
dec-019,dec,d_b=3;m=5;gap=7;k=2;q=3;s=10,9,false,11,0.030,14,2,128,0.093,14,2,true
dec-019,dec,d_b=3;m=5;gap=7;k=2;q=3;s=10,9,false,11,0.030,14,2,256,0.139,14,2,true
dec-019,dec,d_b=3;m=5;gap=7;k=2;q=3;s=10,9,false,11,0.030,14,2,512,0.250,14,2,true
dec-019,dec,d_b=3;m=5;gap=7;k=2;q=3;s=10,9,false,11,0.030,14,2,1024,0.557,14,2,true
dec-019,dec,d_b=3;m=5;gap=7;k=2;q=3;s=10,9,false,11,0.030,14,2,2048,1.372,14,2,true
dec-019,dec,d_b=3;m=5;gap=7;k=2;q=3;s=10,9,false,11,0.030,14,2,4096,2.956,14,2,true
dec-019,dec,d_b=3;m=5;gap=7;k=2;q=3;s=10,9,false,11,0.030,14,2,8192,6.033,14,2,true
dec-019,dec,d_b=3;m=5;gap=7;k=2;q=3;s=10,9,false,11,0.030,14,2,16384,12.077,14,2,true
dec-019,dec,d_b=3;m=5;gap=7;k=2;q=3;s=10,9,false,11,0.030,14,2,32768,23.901,14,2,true
dec-019,dec,d_b=3;m=5;gap=7;k=2;q=3;s=10,9,false,11,0.030,14,2,65536,48.376,14,2,true
dec-019,dec,d_b=3;m=5;gap=7;k=2;q=3;s=10,9,false,11,0.030,14,2,131072,96.340,14,2,true
dec-019,dec,d_b=3;m=5;gap=7;k=2;q=3;s=10,9,false,11,0.030,14,2,262144,195.763,14,2,true
mixed-006-1,mixed,seed=0xae94a088492c1244;cycles=6;planted=2;d_b=12;m=2;gap=6;k=4,37081,false,7840,0.275,47,12,1,0.111,61,48,false
mixed-006-1,mixed,seed=0xae94a088492c1244;cycles=6;planted=2;d_b=12;m=2;gap=6;k=4,37081,false,7840,0.275,47,12,2,0.117,61,48,false
mixed-006-1,mixed,seed=0xae94a088492c1244;cycles=6;planted=2;d_b=12;m=2;gap=6;k=4,37081,false,7840,0.275,47,12,4,0.126,61,48,false
mixed-006-1,mixed,seed=0xae94a088492c1244;cycles=6;planted=2;d_b=12;m=2;gap=6;k=4,37081,false,7840,0.275,47,12,8,0.172,61,48,false
mixed-006-1,mixed,seed=0xae94a088492c1244;cycles=6;planted=2;d_b=12;m=2;gap=6;k=4,37081,false,7840,0.275,47,12,16,0.309,61,48,false
mixed-006-1,mixed,seed=0xae94a088492c1244;cycles=6;planted=2;d_b=12;m=2;gap=6;k=4,37081,false,7840,0.275,47,12,32,0.474,61,48,false
mixed-006-1,mixed,seed=0xae94a088492c1244;cycles=6;planted=2;d_b=12;m=2;gap=6;k=4,37081,false,7840,0.275,47,12,64,0.809,61,48,false
mixed-006-1,mixed,seed=0xae94a088492c1244;cycles=6;planted=2;d_b=12;m=2;gap=6;k=4,37081,false,7840,0.275,47,12,128,1.521,61,48,false
mixed-006-1,mixed,seed=0xae94a088492c1244;cycles=6;planted=2;d_b=12;m=2;gap=6;k=4,37081,false,7840,0.275,47,12,256,2.912,61,48,false
mixed-006-1,mixed,seed=0xae94a088492c1244;cycles=6;planted=2;d_b=12;m=2;gap=6;k=4,37081,false,7840,0.275,47,12,512,5.782,61,48,false
mixed-006-1,mixed,seed=0xae94a088492c1244;cycles=6;planted=2;d_b=12;m=2;gap=6;k=4,37081,false,7840,0.275,47,12,1024,11.041,61,48,false
mixed-006-1,mixed,seed=0xae94a088492c1244;cycles=6;planted=2;d_b=12;m=2;gap=6;k=4,37081,false,7840,0.275,47,12,2048,22.531,54,30,false
mixed-006-1,mixed,seed=0xae94a088492c1244;cycles=6;planted=2;d_b=12;m=2;gap=6;k=4,37081,false,7840,0.275,47,12,4096,46.212,54,30,false
mixed-006-1,mixed,seed=0xae94a088492c1244;cycles=6;planted=2;d_b=12;m=2;gap=6;k=4,37081,false,7840,0.275,47,12,8192,93.063,47,12,false
mixed-006-1,mixed,seed=0xae94a088492c1244;cycles=6;planted=2;d_b=12;m=2;gap=6;k=4,37081,false,7840,0.275,47,12,16384,188.792,47,12,false
mixed-006-1,mixed,seed=0xae94a088492c1244;cycles=6;planted=2;d_b=12;m=2;gap=6;k=4,37081,false,7840,0.275,47,12,32768,381.606,47,12,false
mixed-006-1,mixed,seed=0xae94a088492c1244;cycles=6;planted=2;d_b=12;m=2;gap=6;k=4,37081,false,7840,0.275,47,12,65536,768.389,47,12,false
mixed-006-1,mixed,seed=0xae94a088492c1244;cycles=6;planted=2;d_b=12;m=2;gap=6;k=4,37081,false,7840,0.275,47,12,131072,1537.506,47,12,false
mixed-006-1,mixed,seed=0xae94a088492c1244;cycles=6;planted=2;d_b=12;m=2;gap=6;k=4,37081,false,7840,0.275,47,12,262144,3082.571,47,12,false
dec-020,dec,d_b=3;m=5;gap=7;k=4;q=3;s=10,15,false,17,0.070,14,2,1,0.020,21,20,false
dec-020,dec,d_b=3;m=5;gap=7;k=4;q=3;s=10,15,false,17,0.070,14,2,2,0.025,21,20,false
dec-020,dec,d_b=3;m=5;gap=7;k=4;q=3;s=10,15,false,17,0.070,14,2,4,0.029,21,20,false
dec-020,dec,d_b=3;m=5;gap=7;k=4;q=3;s=10,15,false,17,0.070,14,2,8,0.047,14,2,false
dec-020,dec,d_b=3;m=5;gap=7;k=4;q=3;s=10,15,false,17,0.070,14,2,16,0.051,14,2,false
dec-020,dec,d_b=3;m=5;gap=7;k=4;q=3;s=10,15,false,17,0.070,14,2,32,0.064,14,2,false
dec-020,dec,d_b=3;m=5;gap=7;k=4;q=3;s=10,15,false,17,0.070,14,2,64,0.085,14,2,false
dec-020,dec,d_b=3;m=5;gap=7;k=4;q=3;s=10,15,false,17,0.070,14,2,128,0.114,14,2,false
dec-020,dec,d_b=3;m=5;gap=7;k=4;q=3;s=10,15,false,17,0.070,14,2,256,0.166,14,2,true
dec-020,dec,d_b=3;m=5;gap=7;k=4;q=3;s=10,15,false,17,0.070,14,2,512,0.253,14,2,true
dec-020,dec,d_b=3;m=5;gap=7;k=4;q=3;s=10,15,false,17,0.070,14,2,1024,0.422,14,2,true
dec-020,dec,d_b=3;m=5;gap=7;k=4;q=3;s=10,15,false,17,0.070,14,2,2048,0.764,14,2,true
dec-020,dec,d_b=3;m=5;gap=7;k=4;q=3;s=10,15,false,17,0.070,14,2,4096,1.442,14,2,true
dec-020,dec,d_b=3;m=5;gap=7;k=4;q=3;s=10,15,false,17,0.070,14,2,8192,3.624,14,2,true
dec-020,dec,d_b=3;m=5;gap=7;k=4;q=3;s=10,15,false,17,0.070,14,2,16384,10.312,14,2,true
dec-020,dec,d_b=3;m=5;gap=7;k=4;q=3;s=10,15,false,17,0.070,14,2,32768,23.277,14,2,true
dec-020,dec,d_b=3;m=5;gap=7;k=4;q=3;s=10,15,false,17,0.070,14,2,65536,49.861,14,2,true
dec-020,dec,d_b=3;m=5;gap=7;k=4;q=3;s=10,15,false,17,0.070,14,2,131072,101.733,14,2,true
dec-020,dec,d_b=3;m=5;gap=7;k=4;q=3;s=10,15,false,17,0.070,14,2,262144,205.046,14,2,true
mixed-006-2,mixed,seed=0x51f8cc29b80041d4;cycles=6;planted=2;d_b=12;m=2;gap=6;k=4,14098,false,3271,0.256,41,8,1,0.064,55,44,false
mixed-006-2,mixed,seed=0x51f8cc29b80041d4;cycles=6;planted=2;d_b=12;m=2;gap=6;k=4,14098,false,3271,0.256,41,8,2,0.078,55,44,false
mixed-006-2,mixed,seed=0x51f8cc29b80041d4;cycles=6;planted=2;d_b=12;m=2;gap=6;k=4,14098,false,3271,0.256,41,8,4,0.083,55,44,false
mixed-006-2,mixed,seed=0x51f8cc29b80041d4;cycles=6;planted=2;d_b=12;m=2;gap=6;k=4,14098,false,3271,0.256,41,8,8,0.131,55,44,false
mixed-006-2,mixed,seed=0x51f8cc29b80041d4;cycles=6;planted=2;d_b=12;m=2;gap=6;k=4,14098,false,3271,0.256,41,8,16,0.195,55,44,false
mixed-006-2,mixed,seed=0x51f8cc29b80041d4;cycles=6;planted=2;d_b=12;m=2;gap=6;k=4,14098,false,3271,0.256,41,8,32,0.301,55,44,false
mixed-006-2,mixed,seed=0x51f8cc29b80041d4;cycles=6;planted=2;d_b=12;m=2;gap=6;k=4,14098,false,3271,0.256,41,8,64,0.497,55,44,false
mixed-006-2,mixed,seed=0x51f8cc29b80041d4;cycles=6;planted=2;d_b=12;m=2;gap=6;k=4,14098,false,3271,0.256,41,8,128,0.861,55,44,false
mixed-006-2,mixed,seed=0x51f8cc29b80041d4;cycles=6;planted=2;d_b=12;m=2;gap=6;k=4,14098,false,3271,0.256,41,8,256,1.440,55,44,false
mixed-006-2,mixed,seed=0x51f8cc29b80041d4;cycles=6;planted=2;d_b=12;m=2;gap=6;k=4,14098,false,3271,0.256,41,8,512,2.520,48,26,false
mixed-006-2,mixed,seed=0x51f8cc29b80041d4;cycles=6;planted=2;d_b=12;m=2;gap=6;k=4,14098,false,3271,0.256,41,8,1024,4.487,48,26,false
mixed-006-2,mixed,seed=0x51f8cc29b80041d4;cycles=6;planted=2;d_b=12;m=2;gap=6;k=4,14098,false,3271,0.256,41,8,2048,7.975,48,26,false
mixed-006-2,mixed,seed=0x51f8cc29b80041d4;cycles=6;planted=2;d_b=12;m=2;gap=6;k=4,14098,false,3271,0.256,41,8,4096,14.337,41,8,false
mixed-006-2,mixed,seed=0x51f8cc29b80041d4;cycles=6;planted=2;d_b=12;m=2;gap=6;k=4,14098,false,3271,0.256,41,8,8192,25.572,41,8,false
mixed-006-2,mixed,seed=0x51f8cc29b80041d4;cycles=6;planted=2;d_b=12;m=2;gap=6;k=4,14098,false,3271,0.256,41,8,16384,46.225,41,8,false
mixed-006-2,mixed,seed=0x51f8cc29b80041d4;cycles=6;planted=2;d_b=12;m=2;gap=6;k=4,14098,false,3271,0.256,41,8,32768,83.520,41,8,false
mixed-006-2,mixed,seed=0x51f8cc29b80041d4;cycles=6;planted=2;d_b=12;m=2;gap=6;k=4,14098,false,3271,0.256,41,8,65536,149.300,41,8,false
mixed-006-2,mixed,seed=0x51f8cc29b80041d4;cycles=6;planted=2;d_b=12;m=2;gap=6;k=4,14098,false,3271,0.256,41,8,131072,278.407,41,8,false
mixed-006-2,mixed,seed=0x51f8cc29b80041d4;cycles=6;planted=2;d_b=12;m=2;gap=6;k=4,14098,false,3271,0.256,41,8,262144,503.304,41,8,false
dec-021,dec,d_b=3;m=9;gap=1;k=1;q=7;s=13,6,false,8,0.040,26,2,1,0.023,27,26,false
dec-021,dec,d_b=3;m=9;gap=1;k=1;q=7;s=13,6,false,8,0.040,26,2,2,0.028,26,2,false
dec-021,dec,d_b=3;m=9;gap=1;k=1;q=7;s=13,6,false,8,0.040,26,2,4,0.028,26,2,false
dec-021,dec,d_b=3;m=9;gap=1;k=1;q=7;s=13,6,false,8,0.040,26,2,8,0.036,26,2,false
dec-021,dec,d_b=3;m=9;gap=1;k=1;q=7;s=13,6,false,8,0.040,26,2,16,0.040,26,2,true
dec-021,dec,d_b=3;m=9;gap=1;k=1;q=7;s=13,6,false,8,0.040,26,2,32,0.046,26,2,true
dec-021,dec,d_b=3;m=9;gap=1;k=1;q=7;s=13,6,false,8,0.040,26,2,64,0.058,26,2,true
dec-021,dec,d_b=3;m=9;gap=1;k=1;q=7;s=13,6,false,8,0.040,26,2,128,0.085,26,2,true
dec-021,dec,d_b=3;m=9;gap=1;k=1;q=7;s=13,6,false,8,0.040,26,2,256,0.139,26,2,true
dec-021,dec,d_b=3;m=9;gap=1;k=1;q=7;s=13,6,false,8,0.040,26,2,512,0.251,26,2,true
dec-021,dec,d_b=3;m=9;gap=1;k=1;q=7;s=13,6,false,8,0.040,26,2,1024,0.482,26,2,true
dec-021,dec,d_b=3;m=9;gap=1;k=1;q=7;s=13,6,false,8,0.040,26,2,2048,0.959,26,2,true
dec-021,dec,d_b=3;m=9;gap=1;k=1;q=7;s=13,6,false,8,0.040,26,2,4096,1.983,26,2,true
dec-021,dec,d_b=3;m=9;gap=1;k=1;q=7;s=13,6,false,8,0.040,26,2,8192,4.228,26,2,true
dec-021,dec,d_b=3;m=9;gap=1;k=1;q=7;s=13,6,false,8,0.040,26,2,16384,8.861,26,2,true
dec-021,dec,d_b=3;m=9;gap=1;k=1;q=7;s=13,6,false,8,0.040,26,2,32768,18.841,26,2,true
dec-021,dec,d_b=3;m=9;gap=1;k=1;q=7;s=13,6,false,8,0.040,26,2,65536,39.536,26,2,true
dec-021,dec,d_b=3;m=9;gap=1;k=1;q=7;s=13,6,false,8,0.040,26,2,131072,82.244,26,2,true
dec-021,dec,d_b=3;m=9;gap=1;k=1;q=7;s=13,6,false,8,0.040,26,2,262144,168.133,26,2,true
mixed-007-0,mixed,seed=0xc4521a2085cbadbd;cycles=6;planted=2;d_b=16;m=5;gap=2;k=1,65,false,69,0.315,133,4,1,0.048,139,136,false
mixed-007-0,mixed,seed=0xc4521a2085cbadbd;cycles=6;planted=2;d_b=16;m=5;gap=2;k=1,65,false,69,0.315,133,4,2,0.049,139,136,false
mixed-007-0,mixed,seed=0xc4521a2085cbadbd;cycles=6;planted=2;d_b=16;m=5;gap=2;k=1,65,false,69,0.315,133,4,4,0.062,139,136,false
mixed-007-0,mixed,seed=0xc4521a2085cbadbd;cycles=6;planted=2;d_b=16;m=5;gap=2;k=1,65,false,69,0.315,133,4,8,0.084,139,136,false
mixed-007-0,mixed,seed=0xc4521a2085cbadbd;cycles=6;planted=2;d_b=16;m=5;gap=2;k=1,65,false,69,0.315,133,4,16,0.118,139,136,false
mixed-007-0,mixed,seed=0xc4521a2085cbadbd;cycles=6;planted=2;d_b=16;m=5;gap=2;k=1,65,false,69,0.315,133,4,32,0.156,139,136,false
mixed-007-0,mixed,seed=0xc4521a2085cbadbd;cycles=6;planted=2;d_b=16;m=5;gap=2;k=1,65,false,69,0.315,133,4,64,0.204,139,136,false
mixed-007-0,mixed,seed=0xc4521a2085cbadbd;cycles=6;planted=2;d_b=16;m=5;gap=2;k=1,65,false,69,0.315,133,4,128,0.248,139,136,false
mixed-007-0,mixed,seed=0xc4521a2085cbadbd;cycles=6;planted=2;d_b=16;m=5;gap=2;k=1,65,false,69,0.315,133,4,256,0.368,139,136,false
mixed-007-0,mixed,seed=0xc4521a2085cbadbd;cycles=6;planted=2;d_b=16;m=5;gap=2;k=1,65,false,69,0.315,133,4,512,0.591,139,136,false
mixed-007-0,mixed,seed=0xc4521a2085cbadbd;cycles=6;planted=2;d_b=16;m=5;gap=2;k=1,65,false,69,0.315,133,4,1024,0.970,139,136,false
mixed-007-0,mixed,seed=0xc4521a2085cbadbd;cycles=6;planted=2;d_b=16;m=5;gap=2;k=1,65,false,69,0.315,133,4,2048,1.597,139,136,false
mixed-007-0,mixed,seed=0xc4521a2085cbadbd;cycles=6;planted=2;d_b=16;m=5;gap=2;k=1,65,false,69,0.315,133,4,4096,2.871,133,4,false
mixed-007-0,mixed,seed=0xc4521a2085cbadbd;cycles=6;planted=2;d_b=16;m=5;gap=2;k=1,65,false,69,0.315,133,4,8192,5.136,133,4,false
mixed-007-0,mixed,seed=0xc4521a2085cbadbd;cycles=6;planted=2;d_b=16;m=5;gap=2;k=1,65,false,69,0.315,133,4,16384,9.515,133,4,false
mixed-007-0,mixed,seed=0xc4521a2085cbadbd;cycles=6;planted=2;d_b=16;m=5;gap=2;k=1,65,false,69,0.315,133,4,32768,17.554,133,4,false
mixed-007-0,mixed,seed=0xc4521a2085cbadbd;cycles=6;planted=2;d_b=16;m=5;gap=2;k=1,65,false,69,0.315,133,4,65536,34.130,133,4,false
mixed-007-0,mixed,seed=0xc4521a2085cbadbd;cycles=6;planted=2;d_b=16;m=5;gap=2;k=1,65,false,69,0.315,133,4,131072,64.313,133,4,false
mixed-007-0,mixed,seed=0xc4521a2085cbadbd;cycles=6;planted=2;d_b=16;m=5;gap=2;k=1,65,false,69,0.315,133,4,262144,125.199,133,4,false
dec-022,dec,d_b=3;m=9;gap=1;k=2;q=7;s=13,9,false,11,0.052,26,2,1,0.016,27,26,false
dec-022,dec,d_b=3;m=9;gap=1;k=2;q=7;s=13,9,false,11,0.052,26,2,2,0.020,27,26,false
dec-022,dec,d_b=3;m=9;gap=1;k=2;q=7;s=13,9,false,11,0.052,26,2,4,0.033,26,2,false
dec-022,dec,d_b=3;m=9;gap=1;k=2;q=7;s=13,9,false,11,0.052,26,2,8,0.032,26,2,false
dec-022,dec,d_b=3;m=9;gap=1;k=2;q=7;s=13,9,false,11,0.052,26,2,16,0.050,26,2,false
dec-022,dec,d_b=3;m=9;gap=1;k=2;q=7;s=13,9,false,11,0.052,26,2,32,0.058,26,2,false
dec-022,dec,d_b=3;m=9;gap=1;k=2;q=7;s=13,9,false,11,0.052,26,2,64,0.073,26,2,true
dec-022,dec,d_b=3;m=9;gap=1;k=2;q=7;s=13,9,false,11,0.052,26,2,128,0.094,26,2,true
dec-022,dec,d_b=3;m=9;gap=1;k=2;q=7;s=13,9,false,11,0.052,26,2,256,0.139,26,2,true
dec-022,dec,d_b=3;m=9;gap=1;k=2;q=7;s=13,9,false,11,0.052,26,2,512,0.222,26,2,true
dec-022,dec,d_b=3;m=9;gap=1;k=2;q=7;s=13,9,false,11,0.052,26,2,1024,0.394,26,2,true
dec-022,dec,d_b=3;m=9;gap=1;k=2;q=7;s=13,9,false,11,0.052,26,2,2048,0.732,26,2,true
dec-022,dec,d_b=3;m=9;gap=1;k=2;q=7;s=13,9,false,11,0.052,26,2,4096,1.442,26,2,true
dec-022,dec,d_b=3;m=9;gap=1;k=2;q=7;s=13,9,false,11,0.052,26,2,8192,2.863,26,2,true
dec-022,dec,d_b=3;m=9;gap=1;k=2;q=7;s=13,9,false,11,0.052,26,2,16384,5.805,26,2,true
dec-022,dec,d_b=3;m=9;gap=1;k=2;q=7;s=13,9,false,11,0.052,26,2,32768,12.353,26,2,true
dec-022,dec,d_b=3;m=9;gap=1;k=2;q=7;s=13,9,false,11,0.052,26,2,65536,29.866,26,2,true
dec-022,dec,d_b=3;m=9;gap=1;k=2;q=7;s=13,9,false,11,0.052,26,2,131072,71.972,26,2,true
dec-022,dec,d_b=3;m=9;gap=1;k=2;q=7;s=13,9,false,11,0.052,26,2,262144,161.376,26,2,true
mixed-007-1,mixed,seed=0x4f7a9845611bffe7;cycles=6;planted=2;d_b=16;m=5;gap=2;k=1,26355,false,5777,0.398,153,10,1,0.133,159,142,false
mixed-007-1,mixed,seed=0x4f7a9845611bffe7;cycles=6;planted=2;d_b=16;m=5;gap=2;k=1,26355,false,5777,0.398,153,10,2,0.152,159,142,false
mixed-007-1,mixed,seed=0x4f7a9845611bffe7;cycles=6;planted=2;d_b=16;m=5;gap=2;k=1,26355,false,5777,0.398,153,10,4,0.157,159,142,false
mixed-007-1,mixed,seed=0x4f7a9845611bffe7;cycles=6;planted=2;d_b=16;m=5;gap=2;k=1,26355,false,5777,0.398,153,10,8,0.234,159,142,false
mixed-007-1,mixed,seed=0x4f7a9845611bffe7;cycles=6;planted=2;d_b=16;m=5;gap=2;k=1,26355,false,5777,0.398,153,10,16,0.346,159,142,false
mixed-007-1,mixed,seed=0x4f7a9845611bffe7;cycles=6;planted=2;d_b=16;m=5;gap=2;k=1,26355,false,5777,0.398,153,10,32,0.629,159,142,false
mixed-007-1,mixed,seed=0x4f7a9845611bffe7;cycles=6;planted=2;d_b=16;m=5;gap=2;k=1,26355,false,5777,0.398,153,10,64,1.072,159,142,false
mixed-007-1,mixed,seed=0x4f7a9845611bffe7;cycles=6;planted=2;d_b=16;m=5;gap=2;k=1,26355,false,5777,0.398,153,10,128,2.047,159,142,false
mixed-007-1,mixed,seed=0x4f7a9845611bffe7;cycles=6;planted=2;d_b=16;m=5;gap=2;k=1,26355,false,5777,0.398,153,10,256,3.714,159,142,false
mixed-007-1,mixed,seed=0x4f7a9845611bffe7;cycles=6;planted=2;d_b=16;m=5;gap=2;k=1,26355,false,5777,0.398,153,10,512,7.283,159,142,false
mixed-007-1,mixed,seed=0x4f7a9845611bffe7;cycles=6;planted=2;d_b=16;m=5;gap=2;k=1,26355,false,5777,0.398,153,10,1024,13.770,159,142,false
mixed-007-1,mixed,seed=0x4f7a9845611bffe7;cycles=6;planted=2;d_b=16;m=5;gap=2;k=1,26355,false,5777,0.398,153,10,2048,27.595,159,142,false
mixed-007-1,mixed,seed=0x4f7a9845611bffe7;cycles=6;planted=2;d_b=16;m=5;gap=2;k=1,26355,false,5777,0.398,153,10,4096,54.825,159,142,false
mixed-007-1,mixed,seed=0x4f7a9845611bffe7;cycles=6;planted=2;d_b=16;m=5;gap=2;k=1,26355,false,5777,0.398,153,10,8192,110.719,159,142,false
mixed-007-1,mixed,seed=0x4f7a9845611bffe7;cycles=6;planted=2;d_b=16;m=5;gap=2;k=1,26355,false,5777,0.398,153,10,16384,219.756,159,142,false
mixed-007-1,mixed,seed=0x4f7a9845611bffe7;cycles=6;planted=2;d_b=16;m=5;gap=2;k=1,26355,false,5777,0.398,153,10,32768,441.791,156,76,false
mixed-007-1,mixed,seed=0x4f7a9845611bffe7;cycles=6;planted=2;d_b=16;m=5;gap=2;k=1,26355,false,5777,0.398,153,10,65536,885.196,153,10,false
mixed-007-1,mixed,seed=0x4f7a9845611bffe7;cycles=6;planted=2;d_b=16;m=5;gap=2;k=1,26355,false,5777,0.398,153,10,131072,1777.586,153,10,false
mixed-007-1,mixed,seed=0x4f7a9845611bffe7;cycles=6;planted=2;d_b=16;m=5;gap=2;k=1,26355,false,5777,0.398,153,10,262144,3509.740,153,10,false
dec-023,dec,d_b=3;m=9;gap=1;k=4;q=7;s=13,15,false,17,0.091,26,2,1,0.020,27,26,false
dec-023,dec,d_b=3;m=9;gap=1;k=4;q=7;s=13,15,false,17,0.091,26,2,2,0.026,27,26,false
dec-023,dec,d_b=3;m=9;gap=1;k=4;q=7;s=13,15,false,17,0.091,26,2,4,0.035,27,26,false
dec-023,dec,d_b=3;m=9;gap=1;k=4;q=7;s=13,15,false,17,0.091,26,2,8,0.050,26,2,false
dec-023,dec,d_b=3;m=9;gap=1;k=4;q=7;s=13,15,false,17,0.091,26,2,16,0.056,26,2,false
dec-023,dec,d_b=3;m=9;gap=1;k=4;q=7;s=13,15,false,17,0.091,26,2,32,0.073,26,2,false
dec-023,dec,d_b=3;m=9;gap=1;k=4;q=7;s=13,15,false,17,0.091,26,2,64,0.097,26,2,false
dec-023,dec,d_b=3;m=9;gap=1;k=4;q=7;s=13,15,false,17,0.091,26,2,128,0.119,26,2,false
dec-023,dec,d_b=3;m=9;gap=1;k=4;q=7;s=13,15,false,17,0.091,26,2,256,0.174,26,2,true
dec-023,dec,d_b=3;m=9;gap=1;k=4;q=7;s=13,15,false,17,0.091,26,2,512,0.257,26,2,true
dec-023,dec,d_b=3;m=9;gap=1;k=4;q=7;s=13,15,false,17,0.091,26,2,1024,0.429,26,2,true
dec-023,dec,d_b=3;m=9;gap=1;k=4;q=7;s=13,15,false,17,0.091,26,2,2048,0.743,26,2,true
dec-023,dec,d_b=3;m=9;gap=1;k=4;q=7;s=13,15,false,17,0.091,26,2,4096,1.405,26,2,true
dec-023,dec,d_b=3;m=9;gap=1;k=4;q=7;s=13,15,false,17,0.091,26,2,8192,2.621,26,2,true
dec-023,dec,d_b=3;m=9;gap=1;k=4;q=7;s=13,15,false,17,0.091,26,2,16384,5.105,26,2,true
dec-023,dec,d_b=3;m=9;gap=1;k=4;q=7;s=13,15,false,17,0.091,26,2,32768,9.589,26,2,true
dec-023,dec,d_b=3;m=9;gap=1;k=4;q=7;s=13,15,false,17,0.091,26,2,65536,19.162,26,2,true
dec-023,dec,d_b=3;m=9;gap=1;k=4;q=7;s=13,15,false,17,0.091,26,2,131072,38.613,26,2,true
dec-023,dec,d_b=3;m=9;gap=1;k=4;q=7;s=13,15,false,17,0.091,26,2,262144,83.794,26,2,true
mixed-007-2,mixed,seed=0xe6db52fc9f66af20;cycles=6;planted=2;d_b=16;m=5;gap=2;k=1,33381,false,7021,0.458,157,10,1,0.215,163,142,false
mixed-007-2,mixed,seed=0xe6db52fc9f66af20;cycles=6;planted=2;d_b=16;m=5;gap=2;k=1,33381,false,7021,0.458,157,10,2,0.264,163,142,false
mixed-007-2,mixed,seed=0xe6db52fc9f66af20;cycles=6;planted=2;d_b=16;m=5;gap=2;k=1,33381,false,7021,0.458,157,10,4,0.324,163,142,false
mixed-007-2,mixed,seed=0xe6db52fc9f66af20;cycles=6;planted=2;d_b=16;m=5;gap=2;k=1,33381,false,7021,0.458,157,10,8,0.449,163,142,false
mixed-007-2,mixed,seed=0xe6db52fc9f66af20;cycles=6;planted=2;d_b=16;m=5;gap=2;k=1,33381,false,7021,0.458,157,10,16,0.689,163,142,false
mixed-007-2,mixed,seed=0xe6db52fc9f66af20;cycles=6;planted=2;d_b=16;m=5;gap=2;k=1,33381,false,7021,0.458,157,10,32,1.210,163,142,false
mixed-007-2,mixed,seed=0xe6db52fc9f66af20;cycles=6;planted=2;d_b=16;m=5;gap=2;k=1,33381,false,7021,0.458,157,10,64,2.260,163,142,false
mixed-007-2,mixed,seed=0xe6db52fc9f66af20;cycles=6;planted=2;d_b=16;m=5;gap=2;k=1,33381,false,7021,0.458,157,10,128,4.282,163,142,false
mixed-007-2,mixed,seed=0xe6db52fc9f66af20;cycles=6;planted=2;d_b=16;m=5;gap=2;k=1,33381,false,7021,0.458,157,10,256,8.057,163,142,false
mixed-007-2,mixed,seed=0xe6db52fc9f66af20;cycles=6;planted=2;d_b=16;m=5;gap=2;k=1,33381,false,7021,0.458,157,10,512,15.531,163,142,false
mixed-007-2,mixed,seed=0xe6db52fc9f66af20;cycles=6;planted=2;d_b=16;m=5;gap=2;k=1,33381,false,7021,0.458,157,10,1024,30.069,163,142,false
mixed-007-2,mixed,seed=0xe6db52fc9f66af20;cycles=6;planted=2;d_b=16;m=5;gap=2;k=1,33381,false,7021,0.458,157,10,2048,59.593,163,142,false
mixed-007-2,mixed,seed=0xe6db52fc9f66af20;cycles=6;planted=2;d_b=16;m=5;gap=2;k=1,33381,false,7021,0.458,157,10,4096,118.279,163,142,false
mixed-007-2,mixed,seed=0xe6db52fc9f66af20;cycles=6;planted=2;d_b=16;m=5;gap=2;k=1,33381,false,7021,0.458,157,10,8192,234.899,163,142,false
mixed-007-2,mixed,seed=0xe6db52fc9f66af20;cycles=6;planted=2;d_b=16;m=5;gap=2;k=1,33381,false,7021,0.458,157,10,16384,468.324,163,142,false
mixed-007-2,mixed,seed=0xe6db52fc9f66af20;cycles=6;planted=2;d_b=16;m=5;gap=2;k=1,33381,false,7021,0.458,157,10,32768,941.043,163,142,false
mixed-007-2,mixed,seed=0xe6db52fc9f66af20;cycles=6;planted=2;d_b=16;m=5;gap=2;k=1,33381,false,7021,0.458,157,10,65536,1911.883,157,10,false
mixed-007-2,mixed,seed=0xe6db52fc9f66af20;cycles=6;planted=2;d_b=16;m=5;gap=2;k=1,33381,false,7021,0.458,157,10,131072,3898.678,157,10,false
mixed-007-2,mixed,seed=0xe6db52fc9f66af20;cycles=6;planted=2;d_b=16;m=5;gap=2;k=1,33381,false,7021,0.458,157,10,262144,7555.008,157,10,false
dec-024,dec,d_b=3;m=9;gap=3;k=1;q=7;s=14,6,false,8,0.053,26,2,1,0.021,29,28,false
dec-024,dec,d_b=3;m=9;gap=3;k=1;q=7;s=14,6,false,8,0.053,26,2,2,0.033,26,2,false
dec-024,dec,d_b=3;m=9;gap=3;k=1;q=7;s=14,6,false,8,0.053,26,2,4,0.030,26,2,false
dec-024,dec,d_b=3;m=9;gap=3;k=1;q=7;s=14,6,false,8,0.053,26,2,8,0.039,26,2,false
dec-024,dec,d_b=3;m=9;gap=3;k=1;q=7;s=14,6,false,8,0.053,26,2,16,0.042,26,2,true
dec-024,dec,d_b=3;m=9;gap=3;k=1;q=7;s=14,6,false,8,0.053,26,2,32,0.049,26,2,true
dec-024,dec,d_b=3;m=9;gap=3;k=1;q=7;s=14,6,false,8,0.053,26,2,64,0.060,26,2,true
dec-024,dec,d_b=3;m=9;gap=3;k=1;q=7;s=14,6,false,8,0.053,26,2,128,0.089,26,2,true
dec-024,dec,d_b=3;m=9;gap=3;k=1;q=7;s=14,6,false,8,0.053,26,2,256,0.147,26,2,true
dec-024,dec,d_b=3;m=9;gap=3;k=1;q=7;s=14,6,false,8,0.053,26,2,512,0.272,26,2,true
dec-024,dec,d_b=3;m=9;gap=3;k=1;q=7;s=14,6,false,8,0.053,26,2,1024,0.561,26,2,true
dec-024,dec,d_b=3;m=9;gap=3;k=1;q=7;s=14,6,false,8,0.053,26,2,2048,1.199,26,2,true
dec-024,dec,d_b=3;m=9;gap=3;k=1;q=7;s=14,6,false,8,0.053,26,2,4096,2.580,26,2,true
dec-024,dec,d_b=3;m=9;gap=3;k=1;q=7;s=14,6,false,8,0.053,26,2,8192,5.340,26,2,true
dec-024,dec,d_b=3;m=9;gap=3;k=1;q=7;s=14,6,false,8,0.053,26,2,16384,10.688,26,2,true
dec-024,dec,d_b=3;m=9;gap=3;k=1;q=7;s=14,6,false,8,0.053,26,2,32768,22.060,26,2,true
dec-024,dec,d_b=3;m=9;gap=3;k=1;q=7;s=14,6,false,8,0.053,26,2,65536,43.799,26,2,true
dec-024,dec,d_b=3;m=9;gap=3;k=1;q=7;s=14,6,false,8,0.053,26,2,131072,88.969,26,2,true
dec-024,dec,d_b=3;m=9;gap=3;k=1;q=7;s=14,6,false,8,0.053,26,2,262144,176.514,26,2,true
mixed-008-0,mixed,seed=0x5304125630d64811;cycles=6;planted=3;d_b=4;m=2;gap=1;k=2,13,false,14,0.034,7,2,1,0.011,8,6,false
mixed-008-0,mixed,seed=0x5304125630d64811;cycles=6;planted=3;d_b=4;m=2;gap=1;k=2,13,false,14,0.034,7,2,2,0.012,8,6,false
mixed-008-0,mixed,seed=0x5304125630d64811;cycles=6;planted=3;d_b=4;m=2;gap=1;k=2,13,false,14,0.034,7,2,4,0.020,8,6,false
mixed-008-0,mixed,seed=0x5304125630d64811;cycles=6;planted=3;d_b=4;m=2;gap=1;k=2,13,false,14,0.034,7,2,8,0.022,8,6,false
mixed-008-0,mixed,seed=0x5304125630d64811;cycles=6;planted=3;d_b=4;m=2;gap=1;k=2,13,false,14,0.034,7,2,16,0.036,7,2,false
mixed-008-0,mixed,seed=0x5304125630d64811;cycles=6;planted=3;d_b=4;m=2;gap=1;k=2,13,false,14,0.034,7,2,32,0.047,7,2,false
mixed-008-0,mixed,seed=0x5304125630d64811;cycles=6;planted=3;d_b=4;m=2;gap=1;k=2,13,false,14,0.034,7,2,64,0.069,7,2,false
mixed-008-0,mixed,seed=0x5304125630d64811;cycles=6;planted=3;d_b=4;m=2;gap=1;k=2,13,false,14,0.034,7,2,128,0.111,7,2,false
mixed-008-0,mixed,seed=0x5304125630d64811;cycles=6;planted=3;d_b=4;m=2;gap=1;k=2,13,false,14,0.034,7,2,256,0.187,7,2,true
mixed-008-0,mixed,seed=0x5304125630d64811;cycles=6;planted=3;d_b=4;m=2;gap=1;k=2,13,false,14,0.034,7,2,512,0.334,7,2,true
mixed-008-0,mixed,seed=0x5304125630d64811;cycles=6;planted=3;d_b=4;m=2;gap=1;k=2,13,false,14,0.034,7,2,1024,0.624,7,2,true
mixed-008-0,mixed,seed=0x5304125630d64811;cycles=6;planted=3;d_b=4;m=2;gap=1;k=2,13,false,14,0.034,7,2,2048,1.195,7,2,true
mixed-008-0,mixed,seed=0x5304125630d64811;cycles=6;planted=3;d_b=4;m=2;gap=1;k=2,13,false,14,0.034,7,2,4096,2.324,7,2,true
mixed-008-0,mixed,seed=0x5304125630d64811;cycles=6;planted=3;d_b=4;m=2;gap=1;k=2,13,false,14,0.034,7,2,8192,4.397,7,2,true
mixed-008-0,mixed,seed=0x5304125630d64811;cycles=6;planted=3;d_b=4;m=2;gap=1;k=2,13,false,14,0.034,7,2,16384,8.381,7,2,true
mixed-008-0,mixed,seed=0x5304125630d64811;cycles=6;planted=3;d_b=4;m=2;gap=1;k=2,13,false,14,0.034,7,2,32768,25.915,7,2,true
mixed-008-0,mixed,seed=0x5304125630d64811;cycles=6;planted=3;d_b=4;m=2;gap=1;k=2,13,false,14,0.034,7,2,65536,63.890,7,2,true
mixed-008-0,mixed,seed=0x5304125630d64811;cycles=6;planted=3;d_b=4;m=2;gap=1;k=2,13,false,14,0.034,7,2,131072,139.754,7,2,true
mixed-008-0,mixed,seed=0x5304125630d64811;cycles=6;planted=3;d_b=4;m=2;gap=1;k=2,13,false,14,0.034,7,2,262144,288.441,7,2,true
dec-025,dec,d_b=3;m=9;gap=3;k=2;q=7;s=14,9,false,11,0.056,26,2,1,0.017,29,28,false
dec-025,dec,d_b=3;m=9;gap=3;k=2;q=7;s=14,9,false,11,0.056,26,2,2,0.020,29,28,false
dec-025,dec,d_b=3;m=9;gap=3;k=2;q=7;s=14,9,false,11,0.056,26,2,4,0.041,26,2,false
dec-025,dec,d_b=3;m=9;gap=3;k=2;q=7;s=14,9,false,11,0.056,26,2,8,0.033,26,2,false
dec-025,dec,d_b=3;m=9;gap=3;k=2;q=7;s=14,9,false,11,0.056,26,2,16,0.056,26,2,false
dec-025,dec,d_b=3;m=9;gap=3;k=2;q=7;s=14,9,false,11,0.056,26,2,32,0.067,26,2,false
dec-025,dec,d_b=3;m=9;gap=3;k=2;q=7;s=14,9,false,11,0.056,26,2,64,0.077,26,2,true
dec-025,dec,d_b=3;m=9;gap=3;k=2;q=7;s=14,9,false,11,0.056,26,2,128,0.103,26,2,true
dec-025,dec,d_b=3;m=9;gap=3;k=2;q=7;s=14,9,false,11,0.056,26,2,256,0.169,26,2,true
dec-025,dec,d_b=3;m=9;gap=3;k=2;q=7;s=14,9,false,11,0.056,26,2,512,0.235,26,2,true
dec-025,dec,d_b=3;m=9;gap=3;k=2;q=7;s=14,9,false,11,0.056,26,2,1024,0.412,26,2,true
dec-025,dec,d_b=3;m=9;gap=3;k=2;q=7;s=14,9,false,11,0.056,26,2,2048,0.796,26,2,true
dec-025,dec,d_b=3;m=9;gap=3;k=2;q=7;s=14,9,false,11,0.056,26,2,4096,1.684,26,2,true
dec-025,dec,d_b=3;m=9;gap=3;k=2;q=7;s=14,9,false,11,0.056,26,2,8192,4.116,26,2,true
dec-025,dec,d_b=3;m=9;gap=3;k=2;q=7;s=14,9,false,11,0.056,26,2,16384,9.596,26,2,true
dec-025,dec,d_b=3;m=9;gap=3;k=2;q=7;s=14,9,false,11,0.056,26,2,32768,21.174,26,2,true
dec-025,dec,d_b=3;m=9;gap=3;k=2;q=7;s=14,9,false,11,0.056,26,2,65536,43.453,26,2,true
dec-025,dec,d_b=3;m=9;gap=3;k=2;q=7;s=14,9,false,11,0.056,26,2,131072,90.088,26,2,true
dec-025,dec,d_b=3;m=9;gap=3;k=2;q=7;s=14,9,false,11,0.056,26,2,262144,183.931,26,2,true
mixed-008-1,mixed,seed=0x0cb06a642ee9ac39;cycles=6;planted=3;d_b=4;m=2;gap=1;k=2,14025,false,3226,0.167,41,12,1,0.124,44,24,false
mixed-008-1,mixed,seed=0x0cb06a642ee9ac39;cycles=6;planted=3;d_b=4;m=2;gap=1;k=2,14025,false,3226,0.167,41,12,2,0.134,44,24,false
mixed-008-1,mixed,seed=0x0cb06a642ee9ac39;cycles=6;planted=3;d_b=4;m=2;gap=1;k=2,14025,false,3226,0.167,41,12,4,0.142,44,24,false
mixed-008-1,mixed,seed=0x0cb06a642ee9ac39;cycles=6;planted=3;d_b=4;m=2;gap=1;k=2,14025,false,3226,0.167,41,12,8,0.189,44,24,false
mixed-008-1,mixed,seed=0x0cb06a642ee9ac39;cycles=6;planted=3;d_b=4;m=2;gap=1;k=2,14025,false,3226,0.167,41,12,16,0.289,44,24,false
mixed-008-1,mixed,seed=0x0cb06a642ee9ac39;cycles=6;planted=3;d_b=4;m=2;gap=1;k=2,14025,false,3226,0.167,41,12,32,0.491,44,24,false
mixed-008-1,mixed,seed=0x0cb06a642ee9ac39;cycles=6;planted=3;d_b=4;m=2;gap=1;k=2,14025,false,3226,0.167,41,12,64,0.907,44,24,false
mixed-008-1,mixed,seed=0x0cb06a642ee9ac39;cycles=6;planted=3;d_b=4;m=2;gap=1;k=2,14025,false,3226,0.167,41,12,128,1.721,44,24,false
mixed-008-1,mixed,seed=0x0cb06a642ee9ac39;cycles=6;planted=3;d_b=4;m=2;gap=1;k=2,14025,false,3226,0.167,41,12,256,3.362,42,16,false
mixed-008-1,mixed,seed=0x0cb06a642ee9ac39;cycles=6;planted=3;d_b=4;m=2;gap=1;k=2,14025,false,3226,0.167,41,12,512,6.588,41,12,false
mixed-008-1,mixed,seed=0x0cb06a642ee9ac39;cycles=6;planted=3;d_b=4;m=2;gap=1;k=2,14025,false,3226,0.167,41,12,1024,12.729,41,12,false
mixed-008-1,mixed,seed=0x0cb06a642ee9ac39;cycles=6;planted=3;d_b=4;m=2;gap=1;k=2,14025,false,3226,0.167,41,12,2048,25.024,41,12,false
mixed-008-1,mixed,seed=0x0cb06a642ee9ac39;cycles=6;planted=3;d_b=4;m=2;gap=1;k=2,14025,false,3226,0.167,41,12,4096,47.977,41,12,false
mixed-008-1,mixed,seed=0x0cb06a642ee9ac39;cycles=6;planted=3;d_b=4;m=2;gap=1;k=2,14025,false,3226,0.167,41,12,8192,100.399,41,12,false
mixed-008-1,mixed,seed=0x0cb06a642ee9ac39;cycles=6;planted=3;d_b=4;m=2;gap=1;k=2,14025,false,3226,0.167,41,12,16384,203.405,41,12,false
mixed-008-1,mixed,seed=0x0cb06a642ee9ac39;cycles=6;planted=3;d_b=4;m=2;gap=1;k=2,14025,false,3226,0.167,41,12,32768,430.647,41,12,false
mixed-008-1,mixed,seed=0x0cb06a642ee9ac39;cycles=6;planted=3;d_b=4;m=2;gap=1;k=2,14025,false,3226,0.167,41,12,65536,858.222,41,12,false
mixed-008-1,mixed,seed=0x0cb06a642ee9ac39;cycles=6;planted=3;d_b=4;m=2;gap=1;k=2,14025,false,3226,0.167,41,12,131072,1750.472,41,12,true
mixed-008-1,mixed,seed=0x0cb06a642ee9ac39;cycles=6;planted=3;d_b=4;m=2;gap=1;k=2,14025,false,3226,0.167,41,12,262144,3499.430,41,12,true
dec-026,dec,d_b=3;m=9;gap=3;k=4;q=7;s=14,15,false,17,0.093,26,2,1,0.022,29,28,false
dec-026,dec,d_b=3;m=9;gap=3;k=4;q=7;s=14,15,false,17,0.093,26,2,2,0.027,29,28,false
dec-026,dec,d_b=3;m=9;gap=3;k=4;q=7;s=14,15,false,17,0.093,26,2,4,0.036,29,28,false
dec-026,dec,d_b=3;m=9;gap=3;k=4;q=7;s=14,15,false,17,0.093,26,2,8,0.052,26,2,false
dec-026,dec,d_b=3;m=9;gap=3;k=4;q=7;s=14,15,false,17,0.093,26,2,16,0.055,26,2,false
dec-026,dec,d_b=3;m=9;gap=3;k=4;q=7;s=14,15,false,17,0.093,26,2,32,0.078,26,2,false
dec-026,dec,d_b=3;m=9;gap=3;k=4;q=7;s=14,15,false,17,0.093,26,2,64,0.097,26,2,false
dec-026,dec,d_b=3;m=9;gap=3;k=4;q=7;s=14,15,false,17,0.093,26,2,128,0.122,26,2,false
dec-026,dec,d_b=3;m=9;gap=3;k=4;q=7;s=14,15,false,17,0.093,26,2,256,0.174,26,2,true
dec-026,dec,d_b=3;m=9;gap=3;k=4;q=7;s=14,15,false,17,0.093,26,2,512,0.262,26,2,true
dec-026,dec,d_b=3;m=9;gap=3;k=4;q=7;s=14,15,false,17,0.093,26,2,1024,0.429,26,2,true
dec-026,dec,d_b=3;m=9;gap=3;k=4;q=7;s=14,15,false,17,0.093,26,2,2048,0.760,26,2,true
dec-026,dec,d_b=3;m=9;gap=3;k=4;q=7;s=14,15,false,17,0.093,26,2,4096,1.390,26,2,true
dec-026,dec,d_b=3;m=9;gap=3;k=4;q=7;s=14,15,false,17,0.093,26,2,8192,2.657,26,2,true
dec-026,dec,d_b=3;m=9;gap=3;k=4;q=7;s=14,15,false,17,0.093,26,2,16384,5.070,26,2,true
dec-026,dec,d_b=3;m=9;gap=3;k=4;q=7;s=14,15,false,17,0.093,26,2,32768,10.638,26,2,true
dec-026,dec,d_b=3;m=9;gap=3;k=4;q=7;s=14,15,false,17,0.093,26,2,65536,34.612,26,2,true
dec-026,dec,d_b=3;m=9;gap=3;k=4;q=7;s=14,15,false,17,0.093,26,2,131072,88.033,26,2,true
dec-026,dec,d_b=3;m=9;gap=3;k=4;q=7;s=14,15,false,17,0.093,26,2,262144,185.976,26,2,true
mixed-008-2,mixed,seed=0xf80fc51d5325538c;cycles=6;planted=3;d_b=4;m=2;gap=1;k=2,25,false,27,0.061,13,4,1,0.024,15,12,false
mixed-008-2,mixed,seed=0xf80fc51d5325538c;cycles=6;planted=3;d_b=4;m=2;gap=1;k=2,25,false,27,0.061,13,4,2,0.019,15,12,false
mixed-008-2,mixed,seed=0xf80fc51d5325538c;cycles=6;planted=3;d_b=4;m=2;gap=1;k=2,25,false,27,0.061,13,4,4,0.021,15,12,false
mixed-008-2,mixed,seed=0xf80fc51d5325538c;cycles=6;planted=3;d_b=4;m=2;gap=1;k=2,25,false,27,0.061,13,4,8,0.033,15,12,false
mixed-008-2,mixed,seed=0xf80fc51d5325538c;cycles=6;planted=3;d_b=4;m=2;gap=1;k=2,25,false,27,0.061,13,4,16,0.040,15,12,false
mixed-008-2,mixed,seed=0xf80fc51d5325538c;cycles=6;planted=3;d_b=4;m=2;gap=1;k=2,25,false,27,0.061,13,4,32,0.064,13,4,false
mixed-008-2,mixed,seed=0xf80fc51d5325538c;cycles=6;planted=3;d_b=4;m=2;gap=1;k=2,25,false,27,0.061,13,4,64,0.089,13,4,false
mixed-008-2,mixed,seed=0xf80fc51d5325538c;cycles=6;planted=3;d_b=4;m=2;gap=1;k=2,25,false,27,0.061,13,4,128,0.130,13,4,false
mixed-008-2,mixed,seed=0xf80fc51d5325538c;cycles=6;planted=3;d_b=4;m=2;gap=1;k=2,25,false,27,0.061,13,4,256,0.214,13,4,false
mixed-008-2,mixed,seed=0xf80fc51d5325538c;cycles=6;planted=3;d_b=4;m=2;gap=1;k=2,25,false,27,0.061,13,4,512,0.370,13,4,true
mixed-008-2,mixed,seed=0xf80fc51d5325538c;cycles=6;planted=3;d_b=4;m=2;gap=1;k=2,25,false,27,0.061,13,4,1024,0.682,13,4,true
mixed-008-2,mixed,seed=0xf80fc51d5325538c;cycles=6;planted=3;d_b=4;m=2;gap=1;k=2,25,false,27,0.061,13,4,2048,1.260,13,4,true
mixed-008-2,mixed,seed=0xf80fc51d5325538c;cycles=6;planted=3;d_b=4;m=2;gap=1;k=2,25,false,27,0.061,13,4,4096,2.435,13,4,true
mixed-008-2,mixed,seed=0xf80fc51d5325538c;cycles=6;planted=3;d_b=4;m=2;gap=1;k=2,25,false,27,0.061,13,4,8192,4.555,13,4,true
mixed-008-2,mixed,seed=0xf80fc51d5325538c;cycles=6;planted=3;d_b=4;m=2;gap=1;k=2,25,false,27,0.061,13,4,16384,8.727,13,4,true
mixed-008-2,mixed,seed=0xf80fc51d5325538c;cycles=6;planted=3;d_b=4;m=2;gap=1;k=2,25,false,27,0.061,13,4,32768,16.766,13,4,true
mixed-008-2,mixed,seed=0xf80fc51d5325538c;cycles=6;planted=3;d_b=4;m=2;gap=1;k=2,25,false,27,0.061,13,4,65536,51.607,13,4,true
mixed-008-2,mixed,seed=0xf80fc51d5325538c;cycles=6;planted=3;d_b=4;m=2;gap=1;k=2,25,false,27,0.061,13,4,131072,127.927,13,4,true
mixed-008-2,mixed,seed=0xf80fc51d5325538c;cycles=6;planted=3;d_b=4;m=2;gap=1;k=2,25,false,27,0.061,13,4,262144,280.901,13,4,true
dec-027,dec,d_b=3;m=9;gap=7;k=1;q=7;s=16,6,false,8,0.046,26,2,1,0.021,33,32,false
dec-027,dec,d_b=3;m=9;gap=7;k=1;q=7;s=16,6,false,8,0.046,26,2,2,0.031,26,2,false
dec-027,dec,d_b=3;m=9;gap=7;k=1;q=7;s=16,6,false,8,0.046,26,2,4,0.030,26,2,false
dec-027,dec,d_b=3;m=9;gap=7;k=1;q=7;s=16,6,false,8,0.046,26,2,8,0.041,26,2,false
dec-027,dec,d_b=3;m=9;gap=7;k=1;q=7;s=16,6,false,8,0.046,26,2,16,0.044,26,2,true
dec-027,dec,d_b=3;m=9;gap=7;k=1;q=7;s=16,6,false,8,0.046,26,2,32,0.051,26,2,true
dec-027,dec,d_b=3;m=9;gap=7;k=1;q=7;s=16,6,false,8,0.046,26,2,64,0.064,26,2,true
dec-027,dec,d_b=3;m=9;gap=7;k=1;q=7;s=16,6,false,8,0.046,26,2,128,0.096,26,2,true
dec-027,dec,d_b=3;m=9;gap=7;k=1;q=7;s=16,6,false,8,0.046,26,2,256,0.166,26,2,true
dec-027,dec,d_b=3;m=9;gap=7;k=1;q=7;s=16,6,false,8,0.046,26,2,512,0.329,26,2,true
dec-027,dec,d_b=3;m=9;gap=7;k=1;q=7;s=16,6,false,8,0.046,26,2,1024,0.682,26,2,true
dec-027,dec,d_b=3;m=9;gap=7;k=1;q=7;s=16,6,false,8,0.046,26,2,2048,1.428,26,2,true
dec-027,dec,d_b=3;m=9;gap=7;k=1;q=7;s=16,6,false,8,0.046,26,2,4096,2.965,26,2,true
dec-027,dec,d_b=3;m=9;gap=7;k=1;q=7;s=16,6,false,8,0.046,26,2,8192,5.807,26,2,true
dec-027,dec,d_b=3;m=9;gap=7;k=1;q=7;s=16,6,false,8,0.046,26,2,16384,11.420,26,2,true
dec-027,dec,d_b=3;m=9;gap=7;k=1;q=7;s=16,6,false,8,0.046,26,2,32768,22.774,26,2,true
dec-027,dec,d_b=3;m=9;gap=7;k=1;q=7;s=16,6,false,8,0.046,26,2,65536,45.413,26,2,true
dec-027,dec,d_b=3;m=9;gap=7;k=1;q=7;s=16,6,false,8,0.046,26,2,131072,91.684,26,2,true
dec-027,dec,d_b=3;m=9;gap=7;k=1;q=7;s=16,6,false,8,0.046,26,2,262144,181.379,26,2,true
mixed-009-0,mixed,seed=0xdbdc79289b5a4f61;cycles=6;planted=3;d_b=8;m=3;gap=2;k=2,74,false,86,0.220,56,6,1,0.046,65,60,false
mixed-009-0,mixed,seed=0xdbdc79289b5a4f61;cycles=6;planted=3;d_b=8;m=3;gap=2;k=2,74,false,86,0.220,56,6,2,0.065,65,60,false
mixed-009-0,mixed,seed=0xdbdc79289b5a4f61;cycles=6;planted=3;d_b=8;m=3;gap=2;k=2,74,false,86,0.220,56,6,4,0.066,65,60,false
mixed-009-0,mixed,seed=0xdbdc79289b5a4f61;cycles=6;planted=3;d_b=8;m=3;gap=2;k=2,74,false,86,0.220,56,6,8,0.101,65,60,false
mixed-009-0,mixed,seed=0xdbdc79289b5a4f61;cycles=6;planted=3;d_b=8;m=3;gap=2;k=2,74,false,86,0.220,56,6,16,0.156,65,60,false
mixed-009-0,mixed,seed=0xdbdc79289b5a4f61;cycles=6;planted=3;d_b=8;m=3;gap=2;k=2,74,false,86,0.220,56,6,32,0.246,65,60,false
mixed-009-0,mixed,seed=0xdbdc79289b5a4f61;cycles=6;planted=3;d_b=8;m=3;gap=2;k=2,74,false,86,0.220,56,6,64,0.408,65,60,false
mixed-009-0,mixed,seed=0xdbdc79289b5a4f61;cycles=6;planted=3;d_b=8;m=3;gap=2;k=2,74,false,86,0.220,56,6,128,0.763,56,6,false
mixed-009-0,mixed,seed=0xdbdc79289b5a4f61;cycles=6;planted=3;d_b=8;m=3;gap=2;k=2,74,false,86,0.220,56,6,256,1.376,56,6,false
mixed-009-0,mixed,seed=0xdbdc79289b5a4f61;cycles=6;planted=3;d_b=8;m=3;gap=2;k=2,74,false,86,0.220,56,6,512,2.567,56,6,false
mixed-009-0,mixed,seed=0xdbdc79289b5a4f61;cycles=6;planted=3;d_b=8;m=3;gap=2;k=2,74,false,86,0.220,56,6,1024,4.865,56,6,false
mixed-009-0,mixed,seed=0xdbdc79289b5a4f61;cycles=6;planted=3;d_b=8;m=3;gap=2;k=2,74,false,86,0.220,56,6,2048,9.497,56,6,false
mixed-009-0,mixed,seed=0xdbdc79289b5a4f61;cycles=6;planted=3;d_b=8;m=3;gap=2;k=2,74,false,86,0.220,56,6,4096,18.273,56,6,false
mixed-009-0,mixed,seed=0xdbdc79289b5a4f61;cycles=6;planted=3;d_b=8;m=3;gap=2;k=2,74,false,86,0.220,56,6,8192,34.776,56,6,false
mixed-009-0,mixed,seed=0xdbdc79289b5a4f61;cycles=6;planted=3;d_b=8;m=3;gap=2;k=2,74,false,86,0.220,56,6,16384,66.209,56,6,false
mixed-009-0,mixed,seed=0xdbdc79289b5a4f61;cycles=6;planted=3;d_b=8;m=3;gap=2;k=2,74,false,86,0.220,56,6,32768,128.409,56,6,false
mixed-009-0,mixed,seed=0xdbdc79289b5a4f61;cycles=6;planted=3;d_b=8;m=3;gap=2;k=2,74,false,86,0.220,56,6,65536,252.485,56,6,false
mixed-009-0,mixed,seed=0xdbdc79289b5a4f61;cycles=6;planted=3;d_b=8;m=3;gap=2;k=2,74,false,86,0.220,56,6,131072,519.438,56,6,false
mixed-009-0,mixed,seed=0xdbdc79289b5a4f61;cycles=6;planted=3;d_b=8;m=3;gap=2;k=2,74,false,86,0.220,56,6,262144,1006.210,56,6,false
dec-028,dec,d_b=3;m=9;gap=7;k=2;q=7;s=16,9,false,11,0.062,26,2,1,0.020,33,32,false
dec-028,dec,d_b=3;m=9;gap=7;k=2;q=7;s=16,9,false,11,0.062,26,2,2,0.028,33,32,false
dec-028,dec,d_b=3;m=9;gap=7;k=2;q=7;s=16,9,false,11,0.062,26,2,4,0.038,26,2,false
dec-028,dec,d_b=3;m=9;gap=7;k=2;q=7;s=16,9,false,11,0.062,26,2,8,0.041,26,2,false
dec-028,dec,d_b=3;m=9;gap=7;k=2;q=7;s=16,9,false,11,0.062,26,2,16,0.057,26,2,false
dec-028,dec,d_b=3;m=9;gap=7;k=2;q=7;s=16,9,false,11,0.062,26,2,32,0.071,26,2,false
dec-028,dec,d_b=3;m=9;gap=7;k=2;q=7;s=16,9,false,11,0.062,26,2,64,0.084,26,2,true
dec-028,dec,d_b=3;m=9;gap=7;k=2;q=7;s=16,9,false,11,0.062,26,2,128,0.105,26,2,true
dec-028,dec,d_b=3;m=9;gap=7;k=2;q=7;s=16,9,false,11,0.062,26,2,256,0.151,26,2,true
dec-028,dec,d_b=3;m=9;gap=7;k=2;q=7;s=16,9,false,11,0.062,26,2,512,0.245,26,2,true
dec-028,dec,d_b=3;m=9;gap=7;k=2;q=7;s=16,9,false,11,0.062,26,2,1024,0.462,26,2,true
dec-028,dec,d_b=3;m=9;gap=7;k=2;q=7;s=16,9,false,11,0.062,26,2,2048,1.079,26,2,true
dec-028,dec,d_b=3;m=9;gap=7;k=2;q=7;s=16,9,false,11,0.062,26,2,4096,2.614,26,2,true
dec-028,dec,d_b=3;m=9;gap=7;k=2;q=7;s=16,9,false,11,0.062,26,2,8192,5.532,26,2,true
dec-028,dec,d_b=3;m=9;gap=7;k=2;q=7;s=16,9,false,11,0.062,26,2,16384,12.835,26,2,true
dec-028,dec,d_b=3;m=9;gap=7;k=2;q=7;s=16,9,false,11,0.062,26,2,32768,23.233,26,2,true
dec-028,dec,d_b=3;m=9;gap=7;k=2;q=7;s=16,9,false,11,0.062,26,2,65536,46.562,26,2,true
dec-028,dec,d_b=3;m=9;gap=7;k=2;q=7;s=16,9,false,11,0.062,26,2,131072,92.978,26,2,true
dec-028,dec,d_b=3;m=9;gap=7;k=2;q=7;s=16,9,false,11,0.062,26,2,262144,189.699,26,2,true
mixed-009-1,mixed,seed=0x21604319e20d25db;cycles=6;planted=3;d_b=8;m=3;gap=2;k=2,14049,false,3211,0.217,62,10,1,0.055,71,64,false
mixed-009-1,mixed,seed=0x21604319e20d25db;cycles=6;planted=3;d_b=8;m=3;gap=2;k=2,14049,false,3211,0.217,62,10,2,0.050,71,64,false
mixed-009-1,mixed,seed=0x21604319e20d25db;cycles=6;planted=3;d_b=8;m=3;gap=2;k=2,14049,false,3211,0.217,62,10,4,0.055,71,64,false
mixed-009-1,mixed,seed=0x21604319e20d25db;cycles=6;planted=3;d_b=8;m=3;gap=2;k=2,14049,false,3211,0.217,62,10,8,0.072,71,64,false
mixed-009-1,mixed,seed=0x21604319e20d25db;cycles=6;planted=3;d_b=8;m=3;gap=2;k=2,14049,false,3211,0.217,62,10,16,0.101,71,64,false
mixed-009-1,mixed,seed=0x21604319e20d25db;cycles=6;planted=3;d_b=8;m=3;gap=2;k=2,14049,false,3211,0.217,62,10,32,0.152,71,64,false
mixed-009-1,mixed,seed=0x21604319e20d25db;cycles=6;planted=3;d_b=8;m=3;gap=2;k=2,14049,false,3211,0.217,62,10,64,0.231,71,64,false
mixed-009-1,mixed,seed=0x21604319e20d25db;cycles=6;planted=3;d_b=8;m=3;gap=2;k=2,14049,false,3211,0.217,62,10,128,0.376,68,46,false
mixed-009-1,mixed,seed=0x21604319e20d25db;cycles=6;planted=3;d_b=8;m=3;gap=2;k=2,14049,false,3211,0.217,62,10,256,0.631,65,28,false
mixed-009-1,mixed,seed=0x21604319e20d25db;cycles=6;planted=3;d_b=8;m=3;gap=2;k=2,14049,false,3211,0.217,62,10,512,1.072,62,10,false
mixed-009-1,mixed,seed=0x21604319e20d25db;cycles=6;planted=3;d_b=8;m=3;gap=2;k=2,14049,false,3211,0.217,62,10,1024,2.055,62,10,false
mixed-009-1,mixed,seed=0x21604319e20d25db;cycles=6;planted=3;d_b=8;m=3;gap=2;k=2,14049,false,3211,0.217,62,10,2048,4.315,62,10,false
mixed-009-1,mixed,seed=0x21604319e20d25db;cycles=6;planted=3;d_b=8;m=3;gap=2;k=2,14049,false,3211,0.217,62,10,4096,9.518,62,10,false
mixed-009-1,mixed,seed=0x21604319e20d25db;cycles=6;planted=3;d_b=8;m=3;gap=2;k=2,14049,false,3211,0.217,62,10,8192,21.895,62,10,false
mixed-009-1,mixed,seed=0x21604319e20d25db;cycles=6;planted=3;d_b=8;m=3;gap=2;k=2,14049,false,3211,0.217,62,10,16384,50.293,62,10,false
mixed-009-1,mixed,seed=0x21604319e20d25db;cycles=6;planted=3;d_b=8;m=3;gap=2;k=2,14049,false,3211,0.217,62,10,32768,107.363,62,10,false
mixed-009-1,mixed,seed=0x21604319e20d25db;cycles=6;planted=3;d_b=8;m=3;gap=2;k=2,14049,false,3211,0.217,62,10,65536,223.714,62,10,false
mixed-009-1,mixed,seed=0x21604319e20d25db;cycles=6;planted=3;d_b=8;m=3;gap=2;k=2,14049,false,3211,0.217,62,10,131072,464.223,62,10,false
mixed-009-1,mixed,seed=0x21604319e20d25db;cycles=6;planted=3;d_b=8;m=3;gap=2;k=2,14049,false,3211,0.217,62,10,262144,944.960,62,10,false
dec-029,dec,d_b=3;m=9;gap=7;k=4;q=7;s=16,15,false,17,0.096,26,2,1,0.022,33,32,false
dec-029,dec,d_b=3;m=9;gap=7;k=4;q=7;s=16,15,false,17,0.096,26,2,2,0.025,33,32,false
dec-029,dec,d_b=3;m=9;gap=7;k=4;q=7;s=16,15,false,17,0.096,26,2,4,0.040,33,32,false
dec-029,dec,d_b=3;m=9;gap=7;k=4;q=7;s=16,15,false,17,0.096,26,2,8,0.055,26,2,false
dec-029,dec,d_b=3;m=9;gap=7;k=4;q=7;s=16,15,false,17,0.096,26,2,16,0.062,26,2,false
dec-029,dec,d_b=3;m=9;gap=7;k=4;q=7;s=16,15,false,17,0.096,26,2,32,0.083,26,2,false
dec-029,dec,d_b=3;m=9;gap=7;k=4;q=7;s=16,15,false,17,0.096,26,2,64,0.104,26,2,false
dec-029,dec,d_b=3;m=9;gap=7;k=4;q=7;s=16,15,false,17,0.096,26,2,128,0.129,26,2,false
dec-029,dec,d_b=3;m=9;gap=7;k=4;q=7;s=16,15,false,17,0.096,26,2,256,0.185,26,2,true
dec-029,dec,d_b=3;m=9;gap=7;k=4;q=7;s=16,15,false,17,0.096,26,2,512,0.270,26,2,true
dec-029,dec,d_b=3;m=9;gap=7;k=4;q=7;s=16,15,false,17,0.096,26,2,1024,0.439,26,2,true
dec-029,dec,d_b=3;m=9;gap=7;k=4;q=7;s=16,15,false,17,0.096,26,2,2048,0.772,26,2,true
dec-029,dec,d_b=3;m=9;gap=7;k=4;q=7;s=16,15,false,17,0.096,26,2,4096,1.439,26,2,true
dec-029,dec,d_b=3;m=9;gap=7;k=4;q=7;s=16,15,false,17,0.096,26,2,8192,2.814,26,2,true
dec-029,dec,d_b=3;m=9;gap=7;k=4;q=7;s=16,15,false,17,0.096,26,2,16384,8.992,26,2,true
dec-029,dec,d_b=3;m=9;gap=7;k=4;q=7;s=16,15,false,17,0.096,26,2,32768,22.130,26,2,true
dec-029,dec,d_b=3;m=9;gap=7;k=4;q=7;s=16,15,false,17,0.096,26,2,65536,48.324,26,2,true
dec-029,dec,d_b=3;m=9;gap=7;k=4;q=7;s=16,15,false,17,0.096,26,2,131072,97.271,26,2,true
dec-029,dec,d_b=3;m=9;gap=7;k=4;q=7;s=16,15,false,17,0.096,26,2,262144,196.235,26,2,true
mixed-009-2,mixed,seed=0xbd00808da95a2286;cycles=6;planted=3;d_b=8;m=3;gap=2;k=2,76,false,82,0.205,58,6,1,0.037,67,60,false
mixed-009-2,mixed,seed=0xbd00808da95a2286;cycles=6;planted=3;d_b=8;m=3;gap=2;k=2,76,false,82,0.205,58,6,2,0.038,67,60,false
mixed-009-2,mixed,seed=0xbd00808da95a2286;cycles=6;planted=3;d_b=8;m=3;gap=2;k=2,76,false,82,0.205,58,6,4,0.040,67,60,false
mixed-009-2,mixed,seed=0xbd00808da95a2286;cycles=6;planted=3;d_b=8;m=3;gap=2;k=2,76,false,82,0.205,58,6,8,0.057,67,60,false
mixed-009-2,mixed,seed=0xbd00808da95a2286;cycles=6;planted=3;d_b=8;m=3;gap=2;k=2,76,false,82,0.205,58,6,16,0.080,67,60,false
mixed-009-2,mixed,seed=0xbd00808da95a2286;cycles=6;planted=3;d_b=8;m=3;gap=2;k=2,76,false,82,0.205,58,6,32,0.115,67,60,false
mixed-009-2,mixed,seed=0xbd00808da95a2286;cycles=6;planted=3;d_b=8;m=3;gap=2;k=2,76,false,82,0.205,58,6,64,0.172,67,60,false
mixed-009-2,mixed,seed=0xbd00808da95a2286;cycles=6;planted=3;d_b=8;m=3;gap=2;k=2,76,false,82,0.205,58,6,128,0.247,64,42,false
mixed-009-2,mixed,seed=0xbd00808da95a2286;cycles=6;planted=3;d_b=8;m=3;gap=2;k=2,76,false,82,0.205,58,6,256,0.444,58,6,false
mixed-009-2,mixed,seed=0xbd00808da95a2286;cycles=6;planted=3;d_b=8;m=3;gap=2;k=2,76,false,82,0.205,58,6,512,0.703,58,6,false
mixed-009-2,mixed,seed=0xbd00808da95a2286;cycles=6;planted=3;d_b=8;m=3;gap=2;k=2,76,false,82,0.205,58,6,1024,1.252,58,6,false
mixed-009-2,mixed,seed=0xbd00808da95a2286;cycles=6;planted=3;d_b=8;m=3;gap=2;k=2,76,false,82,0.205,58,6,2048,2.245,58,6,false
mixed-009-2,mixed,seed=0xbd00808da95a2286;cycles=6;planted=3;d_b=8;m=3;gap=2;k=2,76,false,82,0.205,58,6,4096,4.105,58,6,false
mixed-009-2,mixed,seed=0xbd00808da95a2286;cycles=6;planted=3;d_b=8;m=3;gap=2;k=2,76,false,82,0.205,58,6,8192,7.535,58,6,false
mixed-009-2,mixed,seed=0xbd00808da95a2286;cycles=6;planted=3;d_b=8;m=3;gap=2;k=2,76,false,82,0.205,58,6,16384,14.048,58,6,false
mixed-009-2,mixed,seed=0xbd00808da95a2286;cycles=6;planted=3;d_b=8;m=3;gap=2;k=2,76,false,82,0.205,58,6,32768,25.941,58,6,false
mixed-009-2,mixed,seed=0xbd00808da95a2286;cycles=6;planted=3;d_b=8;m=3;gap=2;k=2,76,false,82,0.205,58,6,65536,50.431,58,6,false
mixed-009-2,mixed,seed=0xbd00808da95a2286;cycles=6;planted=3;d_b=8;m=3;gap=2;k=2,76,false,82,0.205,58,6,131072,94.957,58,6,false
mixed-009-2,mixed,seed=0xbd00808da95a2286;cycles=6;planted=3;d_b=8;m=3;gap=2;k=2,76,false,82,0.205,58,6,262144,183.861,58,6,false
dec-030,dec,d_b=3;m=9;gap=13;k=1;q=7;s=19,6,false,8,0.037,26,2,1,0.019,39,38,false
dec-030,dec,d_b=3;m=9;gap=13;k=1;q=7;s=19,6,false,8,0.037,26,2,2,0.022,26,2,false
dec-030,dec,d_b=3;m=9;gap=13;k=1;q=7;s=19,6,false,8,0.037,26,2,4,0.032,26,2,false
dec-030,dec,d_b=3;m=9;gap=13;k=1;q=7;s=19,6,false,8,0.037,26,2,8,0.043,26,2,false
dec-030,dec,d_b=3;m=9;gap=13;k=1;q=7;s=19,6,false,8,0.037,26,2,16,0.051,26,2,true
dec-030,dec,d_b=3;m=9;gap=13;k=1;q=7;s=19,6,false,8,0.037,26,2,32,0.055,26,2,true
dec-030,dec,d_b=3;m=9;gap=13;k=1;q=7;s=19,6,false,8,0.037,26,2,64,0.071,26,2,true
dec-030,dec,d_b=3;m=9;gap=13;k=1;q=7;s=19,6,false,8,0.037,26,2,128,0.105,26,2,true
dec-030,dec,d_b=3;m=9;gap=13;k=1;q=7;s=19,6,false,8,0.037,26,2,256,0.199,26,2,true
dec-030,dec,d_b=3;m=9;gap=13;k=1;q=7;s=19,6,false,8,0.037,26,2,512,0.366,26,2,true
dec-030,dec,d_b=3;m=9;gap=13;k=1;q=7;s=19,6,false,8,0.037,26,2,1024,0.738,26,2,true
dec-030,dec,d_b=3;m=9;gap=13;k=1;q=7;s=19,6,false,8,0.037,26,2,2048,1.492,26,2,true
dec-030,dec,d_b=3;m=9;gap=13;k=1;q=7;s=19,6,false,8,0.037,26,2,4096,3.022,26,2,true
dec-030,dec,d_b=3;m=9;gap=13;k=1;q=7;s=19,6,false,8,0.037,26,2,8192,5.902,26,2,true
dec-030,dec,d_b=3;m=9;gap=13;k=1;q=7;s=19,6,false,8,0.037,26,2,16384,11.482,26,2,true
dec-030,dec,d_b=3;m=9;gap=13;k=1;q=7;s=19,6,false,8,0.037,26,2,32768,22.564,26,2,true
dec-030,dec,d_b=3;m=9;gap=13;k=1;q=7;s=19,6,false,8,0.037,26,2,65536,45.189,26,2,true
dec-030,dec,d_b=3;m=9;gap=13;k=1;q=7;s=19,6,false,8,0.037,26,2,131072,89.292,26,2,true
dec-030,dec,d_b=3;m=9;gap=13;k=1;q=7;s=19,6,false,8,0.037,26,2,262144,178.843,26,2,true
mixed-010-0,mixed,seed=0xaadab7c76a34280d;cycles=6;planted=3;d_b=12;m=2;gap=6;k=4,14164,false,3349,0.380,66,10,1,0.110,87,64,false
mixed-010-0,mixed,seed=0xaadab7c76a34280d;cycles=6;planted=3;d_b=12;m=2;gap=6;k=4,14164,false,3349,0.380,66,10,2,0.115,87,64,false
mixed-010-0,mixed,seed=0xaadab7c76a34280d;cycles=6;planted=3;d_b=12;m=2;gap=6;k=4,14164,false,3349,0.380,66,10,4,0.124,87,64,false
mixed-010-0,mixed,seed=0xaadab7c76a34280d;cycles=6;planted=3;d_b=12;m=2;gap=6;k=4,14164,false,3349,0.380,66,10,8,0.140,87,64,false
mixed-010-0,mixed,seed=0xaadab7c76a34280d;cycles=6;planted=3;d_b=12;m=2;gap=6;k=4,14164,false,3349,0.380,66,10,16,0.215,87,64,false
mixed-010-0,mixed,seed=0xaadab7c76a34280d;cycles=6;planted=3;d_b=12;m=2;gap=6;k=4,14164,false,3349,0.380,66,10,32,0.320,87,64,false
mixed-010-0,mixed,seed=0xaadab7c76a34280d;cycles=6;planted=3;d_b=12;m=2;gap=6;k=4,14164,false,3349,0.380,66,10,64,0.559,87,64,false
mixed-010-0,mixed,seed=0xaadab7c76a34280d;cycles=6;planted=3;d_b=12;m=2;gap=6;k=4,14164,false,3349,0.380,66,10,128,0.953,87,64,false
mixed-010-0,mixed,seed=0xaadab7c76a34280d;cycles=6;planted=3;d_b=12;m=2;gap=6;k=4,14164,false,3349,0.380,66,10,256,1.712,87,64,false
mixed-010-0,mixed,seed=0xaadab7c76a34280d;cycles=6;planted=3;d_b=12;m=2;gap=6;k=4,14164,false,3349,0.380,66,10,512,3.195,87,64,false
mixed-010-0,mixed,seed=0xaadab7c76a34280d;cycles=6;planted=3;d_b=12;m=2;gap=6;k=4,14164,false,3349,0.380,66,10,1024,6.272,87,64,false
mixed-010-0,mixed,seed=0xaadab7c76a34280d;cycles=6;planted=3;d_b=12;m=2;gap=6;k=4,14164,false,3349,0.380,66,10,2048,12.418,87,64,false
mixed-010-0,mixed,seed=0xaadab7c76a34280d;cycles=6;planted=3;d_b=12;m=2;gap=6;k=4,14164,false,3349,0.380,66,10,4096,25.449,80,46,false
mixed-010-0,mixed,seed=0xaadab7c76a34280d;cycles=6;planted=3;d_b=12;m=2;gap=6;k=4,14164,false,3349,0.380,66,10,8192,50.856,80,46,false
mixed-010-0,mixed,seed=0xaadab7c76a34280d;cycles=6;planted=3;d_b=12;m=2;gap=6;k=4,14164,false,3349,0.380,66,10,16384,104.123,80,46,false
mixed-010-0,mixed,seed=0xaadab7c76a34280d;cycles=6;planted=3;d_b=12;m=2;gap=6;k=4,14164,false,3349,0.380,66,10,32768,209.719,80,46,false
mixed-010-0,mixed,seed=0xaadab7c76a34280d;cycles=6;planted=3;d_b=12;m=2;gap=6;k=4,14164,false,3349,0.380,66,10,65536,422.306,80,46,false
mixed-010-0,mixed,seed=0xaadab7c76a34280d;cycles=6;planted=3;d_b=12;m=2;gap=6;k=4,14164,false,3349,0.380,66,10,131072,845.368,80,46,false
mixed-010-0,mixed,seed=0xaadab7c76a34280d;cycles=6;planted=3;d_b=12;m=2;gap=6;k=4,14164,false,3349,0.380,66,10,262144,1689.399,80,46,false
dec-031,dec,d_b=3;m=9;gap=13;k=2;q=7;s=19,9,false,11,0.045,26,2,1,0.022,39,38,false
dec-031,dec,d_b=3;m=9;gap=13;k=2;q=7;s=19,9,false,11,0.045,26,2,2,0.025,39,38,false
dec-031,dec,d_b=3;m=9;gap=13;k=2;q=7;s=19,9,false,11,0.045,26,2,4,0.043,26,2,false
dec-031,dec,d_b=3;m=9;gap=13;k=2;q=7;s=19,9,false,11,0.045,26,2,8,0.048,26,2,false
dec-031,dec,d_b=3;m=9;gap=13;k=2;q=7;s=19,9,false,11,0.045,26,2,16,0.060,26,2,false
dec-031,dec,d_b=3;m=9;gap=13;k=2;q=7;s=19,9,false,11,0.045,26,2,32,0.076,26,2,false
dec-031,dec,d_b=3;m=9;gap=13;k=2;q=7;s=19,9,false,11,0.045,26,2,64,0.093,26,2,true
dec-031,dec,d_b=3;m=9;gap=13;k=2;q=7;s=19,9,false,11,0.045,26,2,128,0.112,26,2,true
dec-031,dec,d_b=3;m=9;gap=13;k=2;q=7;s=19,9,false,11,0.045,26,2,256,0.165,26,2,true
dec-031,dec,d_b=3;m=9;gap=13;k=2;q=7;s=19,9,false,11,0.045,26,2,512,0.267,26,2,true
dec-031,dec,d_b=3;m=9;gap=13;k=2;q=7;s=19,9,false,11,0.045,26,2,1024,0.612,26,2,true
dec-031,dec,d_b=3;m=9;gap=13;k=2;q=7;s=19,9,false,11,0.045,26,2,2048,1.400,26,2,true
dec-031,dec,d_b=3;m=9;gap=13;k=2;q=7;s=19,9,false,11,0.045,26,2,4096,3.010,26,2,true
dec-031,dec,d_b=3;m=9;gap=13;k=2;q=7;s=19,9,false,11,0.045,26,2,8192,5.959,26,2,true
dec-031,dec,d_b=3;m=9;gap=13;k=2;q=7;s=19,9,false,11,0.045,26,2,16384,11.770,26,2,true
dec-031,dec,d_b=3;m=9;gap=13;k=2;q=7;s=19,9,false,11,0.045,26,2,32768,23.676,26,2,true
dec-031,dec,d_b=3;m=9;gap=13;k=2;q=7;s=19,9,false,11,0.045,26,2,65536,47.518,26,2,true
dec-031,dec,d_b=3;m=9;gap=13;k=2;q=7;s=19,9,false,11,0.045,26,2,131072,95.398,26,2,true
dec-031,dec,d_b=3;m=9;gap=13;k=2;q=7;s=19,9,false,11,0.045,26,2,262144,190.843,26,2,true
mixed-010-1,mixed,seed=0x4566f479df2aefe8;cycles=6;planted=3;d_b=12;m=2;gap=6;k=4,49777,false,9833,0.369,62,14,1,0.100,83,68,false
mixed-010-1,mixed,seed=0x4566f479df2aefe8;cycles=6;planted=3;d_b=12;m=2;gap=6;k=4,49777,false,9833,0.369,62,14,2,0.130,83,68,false
mixed-010-1,mixed,seed=0x4566f479df2aefe8;cycles=6;planted=3;d_b=12;m=2;gap=6;k=4,49777,false,9833,0.369,62,14,4,0.138,83,68,false
mixed-010-1,mixed,seed=0x4566f479df2aefe8;cycles=6;planted=3;d_b=12;m=2;gap=6;k=4,49777,false,9833,0.369,62,14,8,0.191,83,68,false
mixed-010-1,mixed,seed=0x4566f479df2aefe8;cycles=6;planted=3;d_b=12;m=2;gap=6;k=4,49777,false,9833,0.369,62,14,16,0.289,83,68,false
mixed-010-1,mixed,seed=0x4566f479df2aefe8;cycles=6;planted=3;d_b=12;m=2;gap=6;k=4,49777,false,9833,0.369,62,14,32,0.491,83,68,false
mixed-010-1,mixed,seed=0x4566f479df2aefe8;cycles=6;planted=3;d_b=12;m=2;gap=6;k=4,49777,false,9833,0.369,62,14,64,0.808,83,68,false
mixed-010-1,mixed,seed=0x4566f479df2aefe8;cycles=6;planted=3;d_b=12;m=2;gap=6;k=4,49777,false,9833,0.369,62,14,128,1.460,83,68,false
mixed-010-1,mixed,seed=0x4566f479df2aefe8;cycles=6;planted=3;d_b=12;m=2;gap=6;k=4,49777,false,9833,0.369,62,14,256,2.708,83,68,false
mixed-010-1,mixed,seed=0x4566f479df2aefe8;cycles=6;planted=3;d_b=12;m=2;gap=6;k=4,49777,false,9833,0.369,62,14,512,5.085,83,68,false
mixed-010-1,mixed,seed=0x4566f479df2aefe8;cycles=6;planted=3;d_b=12;m=2;gap=6;k=4,49777,false,9833,0.369,62,14,1024,9.620,83,68,false
mixed-010-1,mixed,seed=0x4566f479df2aefe8;cycles=6;planted=3;d_b=12;m=2;gap=6;k=4,49777,false,9833,0.369,62,14,2048,19.059,69,32,false
mixed-010-1,mixed,seed=0x4566f479df2aefe8;cycles=6;planted=3;d_b=12;m=2;gap=6;k=4,49777,false,9833,0.369,62,14,4096,37.844,69,32,false
mixed-010-1,mixed,seed=0x4566f479df2aefe8;cycles=6;planted=3;d_b=12;m=2;gap=6;k=4,49777,false,9833,0.369,62,14,8192,74.981,69,32,false
mixed-010-1,mixed,seed=0x4566f479df2aefe8;cycles=6;planted=3;d_b=12;m=2;gap=6;k=4,49777,false,9833,0.369,62,14,16384,150.617,69,32,false
mixed-010-1,mixed,seed=0x4566f479df2aefe8;cycles=6;planted=3;d_b=12;m=2;gap=6;k=4,49777,false,9833,0.369,62,14,32768,302.317,69,32,false
mixed-010-1,mixed,seed=0x4566f479df2aefe8;cycles=6;planted=3;d_b=12;m=2;gap=6;k=4,49777,false,9833,0.369,62,14,65536,592.534,62,14,false
mixed-010-1,mixed,seed=0x4566f479df2aefe8;cycles=6;planted=3;d_b=12;m=2;gap=6;k=4,49777,false,9833,0.369,62,14,131072,1174.409,62,14,false
mixed-010-1,mixed,seed=0x4566f479df2aefe8;cycles=6;planted=3;d_b=12;m=2;gap=6;k=4,49777,false,9833,0.369,62,14,262144,2334.524,62,14,false
dec-032,dec,d_b=3;m=9;gap=13;k=4;q=7;s=19,15,false,17,0.074,26,2,1,0.023,39,38,false
dec-032,dec,d_b=3;m=9;gap=13;k=4;q=7;s=19,15,false,17,0.074,26,2,2,0.028,39,38,false
dec-032,dec,d_b=3;m=9;gap=13;k=4;q=7;s=19,15,false,17,0.074,26,2,4,0.050,39,38,false
dec-032,dec,d_b=3;m=9;gap=13;k=4;q=7;s=19,15,false,17,0.074,26,2,8,0.062,26,2,false
dec-032,dec,d_b=3;m=9;gap=13;k=4;q=7;s=19,15,false,17,0.074,26,2,16,0.086,26,2,false
dec-032,dec,d_b=3;m=9;gap=13;k=4;q=7;s=19,15,false,17,0.074,26,2,32,0.091,26,2,false
dec-032,dec,d_b=3;m=9;gap=13;k=4;q=7;s=19,15,false,17,0.074,26,2,64,0.118,26,2,false
dec-032,dec,d_b=3;m=9;gap=13;k=4;q=7;s=19,15,false,17,0.074,26,2,128,0.146,26,2,false
dec-032,dec,d_b=3;m=9;gap=13;k=4;q=7;s=19,15,false,17,0.074,26,2,256,0.212,26,2,true
dec-032,dec,d_b=3;m=9;gap=13;k=4;q=7;s=19,15,false,17,0.074,26,2,512,0.292,26,2,true
dec-032,dec,d_b=3;m=9;gap=13;k=4;q=7;s=19,15,false,17,0.074,26,2,1024,0.464,26,2,true
dec-032,dec,d_b=3;m=9;gap=13;k=4;q=7;s=19,15,false,17,0.074,26,2,2048,0.800,26,2,true
dec-032,dec,d_b=3;m=9;gap=13;k=4;q=7;s=19,15,false,17,0.074,26,2,4096,1.480,26,2,true
dec-032,dec,d_b=3;m=9;gap=13;k=4;q=7;s=19,15,false,17,0.074,26,2,8192,4.366,26,2,true
dec-032,dec,d_b=3;m=9;gap=13;k=4;q=7;s=19,15,false,17,0.074,26,2,16384,10.978,26,2,true
dec-032,dec,d_b=3;m=9;gap=13;k=4;q=7;s=19,15,false,17,0.074,26,2,32768,23.972,26,2,true
dec-032,dec,d_b=3;m=9;gap=13;k=4;q=7;s=19,15,false,17,0.074,26,2,65536,50.256,26,2,true
dec-032,dec,d_b=3;m=9;gap=13;k=4;q=7;s=19,15,false,17,0.074,26,2,131072,101.431,26,2,true
dec-032,dec,d_b=3;m=9;gap=13;k=4;q=7;s=19,15,false,17,0.074,26,2,262144,205.590,26,2,true
mixed-010-2,mixed,seed=0x5f5939a608fe88c7;cycles=6;planted=3;d_b=12;m=2;gap=6;k=4,26339,false,5828,0.329,51,10,1,0.055,72,64,false
mixed-010-2,mixed,seed=0x5f5939a608fe88c7;cycles=6;planted=3;d_b=12;m=2;gap=6;k=4,26339,false,5828,0.329,51,10,2,0.066,72,64,false
mixed-010-2,mixed,seed=0x5f5939a608fe88c7;cycles=6;planted=3;d_b=12;m=2;gap=6;k=4,26339,false,5828,0.329,51,10,4,0.065,72,64,false
mixed-010-2,mixed,seed=0x5f5939a608fe88c7;cycles=6;planted=3;d_b=12;m=2;gap=6;k=4,26339,false,5828,0.329,51,10,8,0.085,72,64,false
mixed-010-2,mixed,seed=0x5f5939a608fe88c7;cycles=6;planted=3;d_b=12;m=2;gap=6;k=4,26339,false,5828,0.329,51,10,16,0.122,72,64,false
mixed-010-2,mixed,seed=0x5f5939a608fe88c7;cycles=6;planted=3;d_b=12;m=2;gap=6;k=4,26339,false,5828,0.329,51,10,32,0.203,72,64,false
mixed-010-2,mixed,seed=0x5f5939a608fe88c7;cycles=6;planted=3;d_b=12;m=2;gap=6;k=4,26339,false,5828,0.329,51,10,64,0.317,72,64,false
mixed-010-2,mixed,seed=0x5f5939a608fe88c7;cycles=6;planted=3;d_b=12;m=2;gap=6;k=4,26339,false,5828,0.329,51,10,128,0.489,72,64,false
mixed-010-2,mixed,seed=0x5f5939a608fe88c7;cycles=6;planted=3;d_b=12;m=2;gap=6;k=4,26339,false,5828,0.329,51,10,256,0.776,72,64,false
mixed-010-2,mixed,seed=0x5f5939a608fe88c7;cycles=6;planted=3;d_b=12;m=2;gap=6;k=4,26339,false,5828,0.329,51,10,512,1.338,72,64,false
mixed-010-2,mixed,seed=0x5f5939a608fe88c7;cycles=6;planted=3;d_b=12;m=2;gap=6;k=4,26339,false,5828,0.329,51,10,1024,2.658,72,64,false
mixed-010-2,mixed,seed=0x5f5939a608fe88c7;cycles=6;planted=3;d_b=12;m=2;gap=6;k=4,26339,false,5828,0.329,51,10,2048,5.046,72,64,false
mixed-010-2,mixed,seed=0x5f5939a608fe88c7;cycles=6;planted=3;d_b=12;m=2;gap=6;k=4,26339,false,5828,0.329,51,10,4096,10.223,72,64,false
mixed-010-2,mixed,seed=0x5f5939a608fe88c7;cycles=6;planted=3;d_b=12;m=2;gap=6;k=4,26339,false,5828,0.329,51,10,8192,20.854,72,64,false
mixed-010-2,mixed,seed=0x5f5939a608fe88c7;cycles=6;planted=3;d_b=12;m=2;gap=6;k=4,26339,false,5828,0.329,51,10,16384,43.104,72,64,false
mixed-010-2,mixed,seed=0x5f5939a608fe88c7;cycles=6;planted=3;d_b=12;m=2;gap=6;k=4,26339,false,5828,0.329,51,10,32768,87.159,72,64,false
mixed-010-2,mixed,seed=0x5f5939a608fe88c7;cycles=6;planted=3;d_b=12;m=2;gap=6;k=4,26339,false,5828,0.329,51,10,65536,173.675,58,28,false
mixed-010-2,mixed,seed=0x5f5939a608fe88c7;cycles=6;planted=3;d_b=12;m=2;gap=6;k=4,26339,false,5828,0.329,51,10,131072,350.660,51,10,false
mixed-010-2,mixed,seed=0x5f5939a608fe88c7;cycles=6;planted=3;d_b=12;m=2;gap=6;k=4,26339,false,5828,0.329,51,10,262144,701.501,51,10,false
dec-033,dec,d_b=5;m=2;gap=2;k=1;q=0;s=4,10,false,11,0.035,7,2,1,0.017,9,8,false
dec-033,dec,d_b=5;m=2;gap=2;k=1;q=0;s=4,10,false,11,0.035,7,2,2,0.018,9,8,false
dec-033,dec,d_b=5;m=2;gap=2;k=1;q=0;s=4,10,false,11,0.035,7,2,4,0.015,9,8,false
dec-033,dec,d_b=5;m=2;gap=2;k=1;q=0;s=4,10,false,11,0.035,7,2,8,0.028,7,2,false
dec-033,dec,d_b=5;m=2;gap=2;k=1;q=0;s=4,10,false,11,0.035,7,2,16,0.034,7,2,false
dec-033,dec,d_b=5;m=2;gap=2;k=1;q=0;s=4,10,false,11,0.035,7,2,32,0.041,7,2,false
dec-033,dec,d_b=5;m=2;gap=2;k=1;q=0;s=4,10,false,11,0.035,7,2,64,0.060,7,2,true
dec-033,dec,d_b=5;m=2;gap=2;k=1;q=0;s=4,10,false,11,0.035,7,2,128,0.099,7,2,true
dec-033,dec,d_b=5;m=2;gap=2;k=1;q=0;s=4,10,false,11,0.035,7,2,256,0.142,7,2,true
dec-033,dec,d_b=5;m=2;gap=2;k=1;q=0;s=4,10,false,11,0.035,7,2,512,0.238,7,2,true
dec-033,dec,d_b=5;m=2;gap=2;k=1;q=0;s=4,10,false,11,0.035,7,2,1024,0.438,7,2,true
dec-033,dec,d_b=5;m=2;gap=2;k=1;q=0;s=4,10,false,11,0.035,7,2,2048,1.123,7,2,true
dec-033,dec,d_b=5;m=2;gap=2;k=1;q=0;s=4,10,false,11,0.035,7,2,4096,3.587,7,2,true
dec-033,dec,d_b=5;m=2;gap=2;k=1;q=0;s=4,10,false,11,0.035,7,2,8192,8.106,7,2,true
dec-033,dec,d_b=5;m=2;gap=2;k=1;q=0;s=4,10,false,11,0.035,7,2,16384,17.337,7,2,true
dec-033,dec,d_b=5;m=2;gap=2;k=1;q=0;s=4,10,false,11,0.035,7,2,32768,35.049,7,2,true
dec-033,dec,d_b=5;m=2;gap=2;k=1;q=0;s=4,10,false,11,0.035,7,2,65536,71.617,7,2,true
dec-033,dec,d_b=5;m=2;gap=2;k=1;q=0;s=4,10,false,11,0.035,7,2,131072,144.229,7,2,true
dec-033,dec,d_b=5;m=2;gap=2;k=1;q=0;s=4,10,false,11,0.035,7,2,262144,287.239,7,2,true
mixed-011-0,mixed,seed=0x313c8e67d75c07e1;cycles=6;planted=3;d_b=16;m=5;gap=2;k=1,47205,false,9228,0.554,211,12,1,0.148,220,210,false
mixed-011-0,mixed,seed=0x313c8e67d75c07e1;cycles=6;planted=3;d_b=16;m=5;gap=2;k=1,47205,false,9228,0.554,211,12,2,0.142,220,210,false
mixed-011-0,mixed,seed=0x313c8e67d75c07e1;cycles=6;planted=3;d_b=16;m=5;gap=2;k=1,47205,false,9228,0.554,211,12,4,0.157,220,210,false
mixed-011-0,mixed,seed=0x313c8e67d75c07e1;cycles=6;planted=3;d_b=16;m=5;gap=2;k=1,47205,false,9228,0.554,211,12,8,0.191,220,210,false
mixed-011-0,mixed,seed=0x313c8e67d75c07e1;cycles=6;planted=3;d_b=16;m=5;gap=2;k=1,47205,false,9228,0.554,211,12,16,0.275,220,210,false
mixed-011-0,mixed,seed=0x313c8e67d75c07e1;cycles=6;planted=3;d_b=16;m=5;gap=2;k=1,47205,false,9228,0.554,211,12,32,0.373,220,210,false
mixed-011-0,mixed,seed=0x313c8e67d75c07e1;cycles=6;planted=3;d_b=16;m=5;gap=2;k=1,47205,false,9228,0.554,211,12,64,0.543,220,210,false
mixed-011-0,mixed,seed=0x313c8e67d75c07e1;cycles=6;planted=3;d_b=16;m=5;gap=2;k=1,47205,false,9228,0.554,211,12,128,0.828,220,210,false
mixed-011-0,mixed,seed=0x313c8e67d75c07e1;cycles=6;planted=3;d_b=16;m=5;gap=2;k=1,47205,false,9228,0.554,211,12,256,1.294,220,210,false
mixed-011-0,mixed,seed=0x313c8e67d75c07e1;cycles=6;planted=3;d_b=16;m=5;gap=2;k=1,47205,false,9228,0.554,211,12,512,2.136,220,210,false
mixed-011-0,mixed,seed=0x313c8e67d75c07e1;cycles=6;planted=3;d_b=16;m=5;gap=2;k=1,47205,false,9228,0.554,211,12,1024,3.766,220,210,false
mixed-011-0,mixed,seed=0x313c8e67d75c07e1;cycles=6;planted=3;d_b=16;m=5;gap=2;k=1,47205,false,9228,0.554,211,12,2048,6.721,220,210,false
mixed-011-0,mixed,seed=0x313c8e67d75c07e1;cycles=6;planted=3;d_b=16;m=5;gap=2;k=1,47205,false,9228,0.554,211,12,4096,12.570,220,210,false
mixed-011-0,mixed,seed=0x313c8e67d75c07e1;cycles=6;planted=3;d_b=16;m=5;gap=2;k=1,47205,false,9228,0.554,211,12,8192,24.302,220,210,false
mixed-011-0,mixed,seed=0x313c8e67d75c07e1;cycles=6;planted=3;d_b=16;m=5;gap=2;k=1,47205,false,9228,0.554,211,12,16384,48.645,220,210,false
mixed-011-0,mixed,seed=0x313c8e67d75c07e1;cycles=6;planted=3;d_b=16;m=5;gap=2;k=1,47205,false,9228,0.554,211,12,32768,93.116,220,210,false
mixed-011-0,mixed,seed=0x313c8e67d75c07e1;cycles=6;planted=3;d_b=16;m=5;gap=2;k=1,47205,false,9228,0.554,211,12,65536,181.650,220,210,false
mixed-011-0,mixed,seed=0x313c8e67d75c07e1;cycles=6;planted=3;d_b=16;m=5;gap=2;k=1,47205,false,9228,0.554,211,12,131072,357.373,217,144,false
mixed-011-0,mixed,seed=0x313c8e67d75c07e1;cycles=6;planted=3;d_b=16;m=5;gap=2;k=1,47205,false,9228,0.554,211,12,262144,710.767,217,144,false
dec-034,dec,d_b=5;m=2;gap=2;k=2;q=0;s=4,15,false,16,0.038,7,2,1,0.013,9,8,false
dec-034,dec,d_b=5;m=2;gap=2;k=2;q=0;s=4,15,false,16,0.038,7,2,2,0.013,9,8,false
dec-034,dec,d_b=5;m=2;gap=2;k=2;q=0;s=4,15,false,16,0.038,7,2,4,0.017,9,8,false
dec-034,dec,d_b=5;m=2;gap=2;k=2;q=0;s=4,15,false,16,0.038,7,2,8,0.020,9,8,false
dec-034,dec,d_b=5;m=2;gap=2;k=2;q=0;s=4,15,false,16,0.038,7,2,16,0.033,7,2,false
dec-034,dec,d_b=5;m=2;gap=2;k=2;q=0;s=4,15,false,16,0.038,7,2,32,0.041,7,2,false
dec-034,dec,d_b=5;m=2;gap=2;k=2;q=0;s=4,15,false,16,0.038,7,2,64,0.056,7,2,false
dec-034,dec,d_b=5;m=2;gap=2;k=2;q=0;s=4,15,false,16,0.038,7,2,128,0.081,7,2,false
dec-034,dec,d_b=5;m=2;gap=2;k=2;q=0;s=4,15,false,16,0.038,7,2,256,0.129,7,2,false
dec-034,dec,d_b=5;m=2;gap=2;k=2;q=0;s=4,15,false,16,0.038,7,2,512,0.222,7,2,true
dec-034,dec,d_b=5;m=2;gap=2;k=2;q=0;s=4,15,false,16,0.038,7,2,1024,0.387,7,2,true
dec-034,dec,d_b=5;m=2;gap=2;k=2;q=0;s=4,15,false,16,0.038,7,2,2048,0.707,7,2,true
dec-034,dec,d_b=5;m=2;gap=2;k=2;q=0;s=4,15,false,16,0.038,7,2,4096,1.320,7,2,true
dec-034,dec,d_b=5;m=2;gap=2;k=2;q=0;s=4,15,false,16,0.038,7,2,8192,2.505,7,2,true
dec-034,dec,d_b=5;m=2;gap=2;k=2;q=0;s=4,15,false,16,0.038,7,2,16384,4.649,7,2,true
dec-034,dec,d_b=5;m=2;gap=2;k=2;q=0;s=4,15,false,16,0.038,7,2,32768,8.712,7,2,true
dec-034,dec,d_b=5;m=2;gap=2;k=2;q=0;s=4,15,false,16,0.038,7,2,65536,16.466,7,2,true
dec-034,dec,d_b=5;m=2;gap=2;k=2;q=0;s=4,15,false,16,0.038,7,2,131072,32.374,7,2,true
dec-034,dec,d_b=5;m=2;gap=2;k=2;q=0;s=4,15,false,16,0.038,7,2,262144,174.492,7,2,true
mixed-011-1,mixed,seed=0xc6b01c2e806d8ec8;cycles=6;planted=3;d_b=16;m=5;gap=2;k=1,65,false,71,0.314,133,4,1,0.059,139,136,false
mixed-011-1,mixed,seed=0xc6b01c2e806d8ec8;cycles=6;planted=3;d_b=16;m=5;gap=2;k=1,65,false,71,0.314,133,4,2,0.062,139,136,false
mixed-011-1,mixed,seed=0xc6b01c2e806d8ec8;cycles=6;planted=3;d_b=16;m=5;gap=2;k=1,65,false,71,0.314,133,4,4,0.080,139,136,false
mixed-011-1,mixed,seed=0xc6b01c2e806d8ec8;cycles=6;planted=3;d_b=16;m=5;gap=2;k=1,65,false,71,0.314,133,4,8,0.110,139,136,false
mixed-011-1,mixed,seed=0xc6b01c2e806d8ec8;cycles=6;planted=3;d_b=16;m=5;gap=2;k=1,65,false,71,0.314,133,4,16,0.165,139,136,false
mixed-011-1,mixed,seed=0xc6b01c2e806d8ec8;cycles=6;planted=3;d_b=16;m=5;gap=2;k=1,65,false,71,0.314,133,4,32,0.244,139,136,false
mixed-011-1,mixed,seed=0xc6b01c2e806d8ec8;cycles=6;planted=3;d_b=16;m=5;gap=2;k=1,65,false,71,0.314,133,4,64,0.372,139,136,false
mixed-011-1,mixed,seed=0xc6b01c2e806d8ec8;cycles=6;planted=3;d_b=16;m=5;gap=2;k=1,65,false,71,0.314,133,4,128,0.576,139,136,false
mixed-011-1,mixed,seed=0xc6b01c2e806d8ec8;cycles=6;planted=3;d_b=16;m=5;gap=2;k=1,65,false,71,0.314,133,4,256,1.021,139,136,false
mixed-011-1,mixed,seed=0xc6b01c2e806d8ec8;cycles=6;planted=3;d_b=16;m=5;gap=2;k=1,65,false,71,0.314,133,4,512,1.879,139,136,false
mixed-011-1,mixed,seed=0xc6b01c2e806d8ec8;cycles=6;planted=3;d_b=16;m=5;gap=2;k=1,65,false,71,0.314,133,4,1024,3.525,139,136,false
mixed-011-1,mixed,seed=0xc6b01c2e806d8ec8;cycles=6;planted=3;d_b=16;m=5;gap=2;k=1,65,false,71,0.314,133,4,2048,6.585,139,136,false
mixed-011-1,mixed,seed=0xc6b01c2e806d8ec8;cycles=6;planted=3;d_b=16;m=5;gap=2;k=1,65,false,71,0.314,133,4,4096,12.499,133,4,false
mixed-011-1,mixed,seed=0xc6b01c2e806d8ec8;cycles=6;planted=3;d_b=16;m=5;gap=2;k=1,65,false,71,0.314,133,4,8192,23.590,133,4,false
mixed-011-1,mixed,seed=0xc6b01c2e806d8ec8;cycles=6;planted=3;d_b=16;m=5;gap=2;k=1,65,false,71,0.314,133,4,16384,44.872,133,4,false
mixed-011-1,mixed,seed=0xc6b01c2e806d8ec8;cycles=6;planted=3;d_b=16;m=5;gap=2;k=1,65,false,71,0.314,133,4,32768,85.517,133,4,false
mixed-011-1,mixed,seed=0xc6b01c2e806d8ec8;cycles=6;planted=3;d_b=16;m=5;gap=2;k=1,65,false,71,0.314,133,4,65536,169.239,133,4,false
mixed-011-1,mixed,seed=0xc6b01c2e806d8ec8;cycles=6;planted=3;d_b=16;m=5;gap=2;k=1,65,false,71,0.314,133,4,131072,336.395,133,4,false
mixed-011-1,mixed,seed=0xc6b01c2e806d8ec8;cycles=6;planted=3;d_b=16;m=5;gap=2;k=1,65,false,71,0.314,133,4,262144,656.860,133,4,false
dec-035,dec,d_b=5;m=2;gap=2;k=4;q=0;s=4,25,false,26,0.064,7,2,1,0.015,9,8,false
dec-035,dec,d_b=5;m=2;gap=2;k=4;q=0;s=4,25,false,26,0.064,7,2,2,0.017,9,8,false
dec-035,dec,d_b=5;m=2;gap=2;k=4;q=0;s=4,25,false,26,0.064,7,2,4,0.018,9,8,false
dec-035,dec,d_b=5;m=2;gap=2;k=4;q=0;s=4,25,false,26,0.064,7,2,8,0.027,9,8,false
dec-035,dec,d_b=5;m=2;gap=2;k=4;q=0;s=4,25,false,26,0.064,7,2,16,0.029,9,8,false
dec-035,dec,d_b=5;m=2;gap=2;k=4;q=0;s=4,25,false,26,0.064,7,2,32,0.047,7,2,false
dec-035,dec,d_b=5;m=2;gap=2;k=4;q=0;s=4,25,false,26,0.064,7,2,64,0.062,7,2,false
dec-035,dec,d_b=5;m=2;gap=2;k=4;q=0;s=4,25,false,26,0.064,7,2,128,0.087,7,2,false
dec-035,dec,d_b=5;m=2;gap=2;k=4;q=0;s=4,25,false,26,0.064,7,2,256,0.135,7,2,false
dec-035,dec,d_b=5;m=2;gap=2;k=4;q=0;s=4,25,false,26,0.064,7,2,512,0.226,7,2,false
dec-035,dec,d_b=5;m=2;gap=2;k=4;q=0;s=4,25,false,26,0.064,7,2,1024,0.400,7,2,false
dec-035,dec,d_b=5;m=2;gap=2;k=4;q=0;s=4,25,false,26,0.064,7,2,2048,0.729,7,2,false
dec-035,dec,d_b=5;m=2;gap=2;k=4;q=0;s=4,25,false,26,0.064,7,2,4096,1.383,7,2,false
dec-035,dec,d_b=5;m=2;gap=2;k=4;q=0;s=4,25,false,26,0.064,7,2,8192,2.659,7,2,false
dec-035,dec,d_b=5;m=2;gap=2;k=4;q=0;s=4,25,false,26,0.064,7,2,16384,5.029,7,2,true
dec-035,dec,d_b=5;m=2;gap=2;k=4;q=0;s=4,25,false,26,0.064,7,2,32768,9.617,7,2,true
dec-035,dec,d_b=5;m=2;gap=2;k=4;q=0;s=4,25,false,26,0.064,7,2,65536,18.357,7,2,true
dec-035,dec,d_b=5;m=2;gap=2;k=4;q=0;s=4,25,false,26,0.064,7,2,131072,36.793,7,2,true
dec-035,dec,d_b=5;m=2;gap=2;k=4;q=0;s=4,25,false,26,0.064,7,2,262144,69.849,7,2,true
mixed-011-2,mixed,seed=0x2c8ca5bf7f45f92c;cycles=6;planted=3;d_b=16;m=5;gap=2;k=1,33,false,35,0.170,67,2,1,0.031,70,68,false
mixed-011-2,mixed,seed=0x2c8ca5bf7f45f92c;cycles=6;planted=3;d_b=16;m=5;gap=2;k=1,33,false,35,0.170,67,2,2,0.029,70,68,false
mixed-011-2,mixed,seed=0x2c8ca5bf7f45f92c;cycles=6;planted=3;d_b=16;m=5;gap=2;k=1,33,false,35,0.170,67,2,4,0.047,70,68,false
mixed-011-2,mixed,seed=0x2c8ca5bf7f45f92c;cycles=6;planted=3;d_b=16;m=5;gap=2;k=1,33,false,35,0.170,67,2,8,0.064,70,68,false
mixed-011-2,mixed,seed=0x2c8ca5bf7f45f92c;cycles=6;planted=3;d_b=16;m=5;gap=2;k=1,33,false,35,0.170,67,2,16,0.085,70,68,false
mixed-011-2,mixed,seed=0x2c8ca5bf7f45f92c;cycles=6;planted=3;d_b=16;m=5;gap=2;k=1,33,false,35,0.170,67,2,32,0.108,70,68,false
mixed-011-2,mixed,seed=0x2c8ca5bf7f45f92c;cycles=6;planted=3;d_b=16;m=5;gap=2;k=1,33,false,35,0.170,67,2,64,0.130,70,68,false
mixed-011-2,mixed,seed=0x2c8ca5bf7f45f92c;cycles=6;planted=3;d_b=16;m=5;gap=2;k=1,33,false,35,0.170,67,2,128,0.190,70,68,false
mixed-011-2,mixed,seed=0x2c8ca5bf7f45f92c;cycles=6;planted=3;d_b=16;m=5;gap=2;k=1,33,false,35,0.170,67,2,256,0.294,70,68,false
mixed-011-2,mixed,seed=0x2c8ca5bf7f45f92c;cycles=6;planted=3;d_b=16;m=5;gap=2;k=1,33,false,35,0.170,67,2,512,0.469,70,68,false
mixed-011-2,mixed,seed=0x2c8ca5bf7f45f92c;cycles=6;planted=3;d_b=16;m=5;gap=2;k=1,33,false,35,0.170,67,2,1024,0.792,70,68,false
mixed-011-2,mixed,seed=0x2c8ca5bf7f45f92c;cycles=6;planted=3;d_b=16;m=5;gap=2;k=1,33,false,35,0.170,67,2,2048,1.414,67,2,false
mixed-011-2,mixed,seed=0x2c8ca5bf7f45f92c;cycles=6;planted=3;d_b=16;m=5;gap=2;k=1,33,false,35,0.170,67,2,4096,2.552,67,2,false
mixed-011-2,mixed,seed=0x2c8ca5bf7f45f92c;cycles=6;planted=3;d_b=16;m=5;gap=2;k=1,33,false,35,0.170,67,2,8192,4.739,67,2,false
mixed-011-2,mixed,seed=0x2c8ca5bf7f45f92c;cycles=6;planted=3;d_b=16;m=5;gap=2;k=1,33,false,35,0.170,67,2,16384,8.674,67,2,false
mixed-011-2,mixed,seed=0x2c8ca5bf7f45f92c;cycles=6;planted=3;d_b=16;m=5;gap=2;k=1,33,false,35,0.170,67,2,32768,16.552,67,2,false
mixed-011-2,mixed,seed=0x2c8ca5bf7f45f92c;cycles=6;planted=3;d_b=16;m=5;gap=2;k=1,33,false,35,0.170,67,2,65536,31.472,67,2,false
mixed-011-2,mixed,seed=0x2c8ca5bf7f45f92c;cycles=6;planted=3;d_b=16;m=5;gap=2;k=1,33,false,35,0.170,67,2,131072,62.249,67,2,false
mixed-011-2,mixed,seed=0x2c8ca5bf7f45f92c;cycles=6;planted=3;d_b=16;m=5;gap=2;k=1,33,false,35,0.170,67,2,262144,119.709,67,2,false
dec-036,dec,d_b=5;m=2;gap=2;k=1;q=0;s=4,10,false,11,0.036,7,2,1,0.012,9,8,false
dec-036,dec,d_b=5;m=2;gap=2;k=1;q=0;s=4,10,false,11,0.036,7,2,2,0.013,9,8,false
dec-036,dec,d_b=5;m=2;gap=2;k=1;q=0;s=4,10,false,11,0.036,7,2,4,0.014,9,8,false
dec-036,dec,d_b=5;m=2;gap=2;k=1;q=0;s=4,10,false,11,0.036,7,2,8,0.025,7,2,false
dec-036,dec,d_b=5;m=2;gap=2;k=1;q=0;s=4,10,false,11,0.036,7,2,16,0.034,7,2,false
dec-036,dec,d_b=5;m=2;gap=2;k=1;q=0;s=4,10,false,11,0.036,7,2,32,0.040,7,2,false
dec-036,dec,d_b=5;m=2;gap=2;k=1;q=0;s=4,10,false,11,0.036,7,2,64,0.061,7,2,true
dec-036,dec,d_b=5;m=2;gap=2;k=1;q=0;s=4,10,false,11,0.036,7,2,128,0.088,7,2,true
dec-036,dec,d_b=5;m=2;gap=2;k=1;q=0;s=4,10,false,11,0.036,7,2,256,0.140,7,2,true
dec-036,dec,d_b=5;m=2;gap=2;k=1;q=0;s=4,10,false,11,0.036,7,2,512,0.240,7,2,true
dec-036,dec,d_b=5;m=2;gap=2;k=1;q=0;s=4,10,false,11,0.036,7,2,1024,0.438,7,2,true
dec-036,dec,d_b=5;m=2;gap=2;k=1;q=0;s=4,10,false,11,0.036,7,2,2048,1.130,7,2,true
dec-036,dec,d_b=5;m=2;gap=2;k=1;q=0;s=4,10,false,11,0.036,7,2,4096,3.647,7,2,true
dec-036,dec,d_b=5;m=2;gap=2;k=1;q=0;s=4,10,false,11,0.036,7,2,8192,8.137,7,2,true
dec-036,dec,d_b=5;m=2;gap=2;k=1;q=0;s=4,10,false,11,0.036,7,2,16384,17.380,7,2,true
dec-036,dec,d_b=5;m=2;gap=2;k=1;q=0;s=4,10,false,11,0.036,7,2,32768,35.108,7,2,true
dec-036,dec,d_b=5;m=2;gap=2;k=1;q=0;s=4,10,false,11,0.036,7,2,65536,71.911,7,2,true
dec-036,dec,d_b=5;m=2;gap=2;k=1;q=0;s=4,10,false,11,0.036,7,2,131072,143.107,7,2,true
dec-036,dec,d_b=5;m=2;gap=2;k=1;q=0;s=4,10,false,11,0.036,7,2,262144,293.681,7,2,true
mixed-012-0,mixed,seed=0x711d0610236754f3;cycles=7;planted=1;d_b=4;m=2;gap=1;k=2,293855,false,40866,0.215,56,10,1,0.172,57,14,false
mixed-012-0,mixed,seed=0x711d0610236754f3;cycles=7;planted=1;d_b=4;m=2;gap=1;k=2,293855,false,40866,0.215,56,10,2,0.192,57,14,false
mixed-012-0,mixed,seed=0x711d0610236754f3;cycles=7;planted=1;d_b=4;m=2;gap=1;k=2,293855,false,40866,0.215,56,10,4,0.171,57,14,false
mixed-012-0,mixed,seed=0x711d0610236754f3;cycles=7;planted=1;d_b=4;m=2;gap=1;k=2,293855,false,40866,0.215,56,10,8,0.218,57,14,false
mixed-012-0,mixed,seed=0x711d0610236754f3;cycles=7;planted=1;d_b=4;m=2;gap=1;k=2,293855,false,40866,0.215,56,10,16,0.317,57,14,false
mixed-012-0,mixed,seed=0x711d0610236754f3;cycles=7;planted=1;d_b=4;m=2;gap=1;k=2,293855,false,40866,0.215,56,10,32,0.512,57,14,false
mixed-012-0,mixed,seed=0x711d0610236754f3;cycles=7;planted=1;d_b=4;m=2;gap=1;k=2,293855,false,40866,0.215,56,10,64,0.885,57,14,false
mixed-012-0,mixed,seed=0x711d0610236754f3;cycles=7;planted=1;d_b=4;m=2;gap=1;k=2,293855,false,40866,0.215,56,10,128,1.686,57,14,false
mixed-012-0,mixed,seed=0x711d0610236754f3;cycles=7;planted=1;d_b=4;m=2;gap=1;k=2,293855,false,40866,0.215,56,10,256,3.232,56,10,false
mixed-012-0,mixed,seed=0x711d0610236754f3;cycles=7;planted=1;d_b=4;m=2;gap=1;k=2,293855,false,40866,0.215,56,10,512,6.269,56,10,false
mixed-012-0,mixed,seed=0x711d0610236754f3;cycles=7;planted=1;d_b=4;m=2;gap=1;k=2,293855,false,40866,0.215,56,10,1024,11.595,56,10,false
mixed-012-0,mixed,seed=0x711d0610236754f3;cycles=7;planted=1;d_b=4;m=2;gap=1;k=2,293855,false,40866,0.215,56,10,2048,21.811,56,10,false
mixed-012-0,mixed,seed=0x711d0610236754f3;cycles=7;planted=1;d_b=4;m=2;gap=1;k=2,293855,false,40866,0.215,56,10,4096,42.038,56,10,false
mixed-012-0,mixed,seed=0x711d0610236754f3;cycles=7;planted=1;d_b=4;m=2;gap=1;k=2,293855,false,40866,0.215,56,10,8192,81.097,56,10,false
mixed-012-0,mixed,seed=0x711d0610236754f3;cycles=7;planted=1;d_b=4;m=2;gap=1;k=2,293855,false,40866,0.215,56,10,16384,161.817,56,10,false
mixed-012-0,mixed,seed=0x711d0610236754f3;cycles=7;planted=1;d_b=4;m=2;gap=1;k=2,293855,false,40866,0.215,56,10,32768,318.789,56,10,false
mixed-012-0,mixed,seed=0x711d0610236754f3;cycles=7;planted=1;d_b=4;m=2;gap=1;k=2,293855,false,40866,0.215,56,10,65536,658.486,56,10,false
mixed-012-0,mixed,seed=0x711d0610236754f3;cycles=7;planted=1;d_b=4;m=2;gap=1;k=2,293855,false,40866,0.215,56,10,131072,1290.371,56,10,false
mixed-012-0,mixed,seed=0x711d0610236754f3;cycles=7;planted=1;d_b=4;m=2;gap=1;k=2,293855,false,40866,0.215,56,10,262144,3082.333,56,10,false
dec-037,dec,d_b=5;m=2;gap=2;k=2;q=0;s=4,15,false,16,0.055,7,2,1,0.013,9,8,false
dec-037,dec,d_b=5;m=2;gap=2;k=2;q=0;s=4,15,false,16,0.055,7,2,2,0.016,9,8,false
dec-037,dec,d_b=5;m=2;gap=2;k=2;q=0;s=4,15,false,16,0.055,7,2,4,0.018,9,8,false
dec-037,dec,d_b=5;m=2;gap=2;k=2;q=0;s=4,15,false,16,0.055,7,2,8,0.021,9,8,false
dec-037,dec,d_b=5;m=2;gap=2;k=2;q=0;s=4,15,false,16,0.055,7,2,16,0.033,7,2,false
dec-037,dec,d_b=5;m=2;gap=2;k=2;q=0;s=4,15,false,16,0.055,7,2,32,0.042,7,2,false
dec-037,dec,d_b=5;m=2;gap=2;k=2;q=0;s=4,15,false,16,0.055,7,2,64,0.068,7,2,false
dec-037,dec,d_b=5;m=2;gap=2;k=2;q=0;s=4,15,false,16,0.055,7,2,128,0.081,7,2,false
dec-037,dec,d_b=5;m=2;gap=2;k=2;q=0;s=4,15,false,16,0.055,7,2,256,0.133,7,2,false
dec-037,dec,d_b=5;m=2;gap=2;k=2;q=0;s=4,15,false,16,0.055,7,2,512,0.222,7,2,true
dec-037,dec,d_b=5;m=2;gap=2;k=2;q=0;s=4,15,false,16,0.055,7,2,1024,0.391,7,2,true
dec-037,dec,d_b=5;m=2;gap=2;k=2;q=0;s=4,15,false,16,0.055,7,2,2048,0.725,7,2,true
dec-037,dec,d_b=5;m=2;gap=2;k=2;q=0;s=4,15,false,16,0.055,7,2,4096,1.371,7,2,true
dec-037,dec,d_b=5;m=2;gap=2;k=2;q=0;s=4,15,false,16,0.055,7,2,8192,2.501,7,2,true
dec-037,dec,d_b=5;m=2;gap=2;k=2;q=0;s=4,15,false,16,0.055,7,2,16384,4.668,7,2,true
dec-037,dec,d_b=5;m=2;gap=2;k=2;q=0;s=4,15,false,16,0.055,7,2,32768,8.620,7,2,true
dec-037,dec,d_b=5;m=2;gap=2;k=2;q=0;s=4,15,false,16,0.055,7,2,65536,16.586,7,2,true
dec-037,dec,d_b=5;m=2;gap=2;k=2;q=0;s=4,15,false,16,0.055,7,2,131072,32.037,7,2,true
dec-037,dec,d_b=5;m=2;gap=2;k=2;q=0;s=4,15,false,16,0.055,7,2,262144,175.203,7,2,true
mixed-012-1,mixed,seed=0xef2431cbb30c016c;cycles=7;planted=1;d_b=4;m=2;gap=1;k=2,211654,false,30226,0.086,14,6,1,0.079,15,10,false
mixed-012-1,mixed,seed=0xef2431cbb30c016c;cycles=7;planted=1;d_b=4;m=2;gap=1;k=2,211654,false,30226,0.086,14,6,2,0.084,15,10,false
mixed-012-1,mixed,seed=0xef2431cbb30c016c;cycles=7;planted=1;d_b=4;m=2;gap=1;k=2,211654,false,30226,0.086,14,6,4,0.103,15,10,false
mixed-012-1,mixed,seed=0xef2431cbb30c016c;cycles=7;planted=1;d_b=4;m=2;gap=1;k=2,211654,false,30226,0.086,14,6,8,0.139,15,10,false
mixed-012-1,mixed,seed=0xef2431cbb30c016c;cycles=7;planted=1;d_b=4;m=2;gap=1;k=2,211654,false,30226,0.086,14,6,16,0.228,15,10,false
mixed-012-1,mixed,seed=0xef2431cbb30c016c;cycles=7;planted=1;d_b=4;m=2;gap=1;k=2,211654,false,30226,0.086,14,6,32,0.394,15,10,false
mixed-012-1,mixed,seed=0xef2431cbb30c016c;cycles=7;planted=1;d_b=4;m=2;gap=1;k=2,211654,false,30226,0.086,14,6,64,0.664,15,10,false
mixed-012-1,mixed,seed=0xef2431cbb30c016c;cycles=7;planted=1;d_b=4;m=2;gap=1;k=2,211654,false,30226,0.086,14,6,128,1.120,14,6,false
mixed-012-1,mixed,seed=0xef2431cbb30c016c;cycles=7;planted=1;d_b=4;m=2;gap=1;k=2,211654,false,30226,0.086,14,6,256,1.984,14,6,false
mixed-012-1,mixed,seed=0xef2431cbb30c016c;cycles=7;planted=1;d_b=4;m=2;gap=1;k=2,211654,false,30226,0.086,14,6,512,3.698,14,6,false
mixed-012-1,mixed,seed=0xef2431cbb30c016c;cycles=7;planted=1;d_b=4;m=2;gap=1;k=2,211654,false,30226,0.086,14,6,1024,7.116,14,6,false
mixed-012-1,mixed,seed=0xef2431cbb30c016c;cycles=7;planted=1;d_b=4;m=2;gap=1;k=2,211654,false,30226,0.086,14,6,2048,14.294,14,6,false
mixed-012-1,mixed,seed=0xef2431cbb30c016c;cycles=7;planted=1;d_b=4;m=2;gap=1;k=2,211654,false,30226,0.086,14,6,4096,28.578,14,6,false
mixed-012-1,mixed,seed=0xef2431cbb30c016c;cycles=7;planted=1;d_b=4;m=2;gap=1;k=2,211654,false,30226,0.086,14,6,8192,55.935,14,6,false
mixed-012-1,mixed,seed=0xef2431cbb30c016c;cycles=7;planted=1;d_b=4;m=2;gap=1;k=2,211654,false,30226,0.086,14,6,16384,109.649,14,6,false
mixed-012-1,mixed,seed=0xef2431cbb30c016c;cycles=7;planted=1;d_b=4;m=2;gap=1;k=2,211654,false,30226,0.086,14,6,32768,222.302,14,6,false
mixed-012-1,mixed,seed=0xef2431cbb30c016c;cycles=7;planted=1;d_b=4;m=2;gap=1;k=2,211654,false,30226,0.086,14,6,65536,451.896,14,6,false
mixed-012-1,mixed,seed=0xef2431cbb30c016c;cycles=7;planted=1;d_b=4;m=2;gap=1;k=2,211654,false,30226,0.086,14,6,131072,932.339,14,6,false
mixed-012-1,mixed,seed=0xef2431cbb30c016c;cycles=7;planted=1;d_b=4;m=2;gap=1;k=2,211654,false,30226,0.086,14,6,262144,1906.854,14,6,false
dec-038,dec,d_b=5;m=2;gap=2;k=4;q=0;s=4,25,false,26,0.055,7,2,1,0.016,9,8,false
dec-038,dec,d_b=5;m=2;gap=2;k=4;q=0;s=4,25,false,26,0.055,7,2,2,0.016,9,8,false
dec-038,dec,d_b=5;m=2;gap=2;k=4;q=0;s=4,25,false,26,0.055,7,2,4,0.020,9,8,false
dec-038,dec,d_b=5;m=2;gap=2;k=4;q=0;s=4,25,false,26,0.055,7,2,8,0.027,9,8,false
dec-038,dec,d_b=5;m=2;gap=2;k=4;q=0;s=4,25,false,26,0.055,7,2,16,0.030,9,8,false
dec-038,dec,d_b=5;m=2;gap=2;k=4;q=0;s=4,25,false,26,0.055,7,2,32,0.046,7,2,false
dec-038,dec,d_b=5;m=2;gap=2;k=4;q=0;s=4,25,false,26,0.055,7,2,64,0.063,7,2,false
dec-038,dec,d_b=5;m=2;gap=2;k=4;q=0;s=4,25,false,26,0.055,7,2,128,0.088,7,2,false
dec-038,dec,d_b=5;m=2;gap=2;k=4;q=0;s=4,25,false,26,0.055,7,2,256,0.137,7,2,false
dec-038,dec,d_b=5;m=2;gap=2;k=4;q=0;s=4,25,false,26,0.055,7,2,512,0.220,7,2,false
dec-038,dec,d_b=5;m=2;gap=2;k=4;q=0;s=4,25,false,26,0.055,7,2,1024,0.396,7,2,false
dec-038,dec,d_b=5;m=2;gap=2;k=4;q=0;s=4,25,false,26,0.055,7,2,2048,0.721,7,2,false
dec-038,dec,d_b=5;m=2;gap=2;k=4;q=0;s=4,25,false,26,0.055,7,2,4096,1.372,7,2,false
dec-038,dec,d_b=5;m=2;gap=2;k=4;q=0;s=4,25,false,26,0.055,7,2,8192,2.593,7,2,false
dec-038,dec,d_b=5;m=2;gap=2;k=4;q=0;s=4,25,false,26,0.055,7,2,16384,5.038,7,2,true
dec-038,dec,d_b=5;m=2;gap=2;k=4;q=0;s=4,25,false,26,0.055,7,2,32768,9.287,7,2,true
dec-038,dec,d_b=5;m=2;gap=2;k=4;q=0;s=4,25,false,26,0.055,7,2,65536,18.252,7,2,true
dec-038,dec,d_b=5;m=2;gap=2;k=4;q=0;s=4,25,false,26,0.055,7,2,131072,34.931,7,2,true
dec-038,dec,d_b=5;m=2;gap=2;k=4;q=0;s=4,25,false,26,0.055,7,2,262144,70.109,7,2,true
mixed-012-2,mixed,seed=0x9b17b1a8dd457987;cycles=7;planted=1;d_b=4;m=2;gap=1;k=2,187569,false,26425,0.111,28,10,1,0.078,29,14,false
mixed-012-2,mixed,seed=0x9b17b1a8dd457987;cycles=7;planted=1;d_b=4;m=2;gap=1;k=2,187569,false,26425,0.111,28,10,2,0.081,29,14,false
mixed-012-2,mixed,seed=0x9b17b1a8dd457987;cycles=7;planted=1;d_b=4;m=2;gap=1;k=2,187569,false,26425,0.111,28,10,4,0.087,29,14,false
mixed-012-2,mixed,seed=0x9b17b1a8dd457987;cycles=7;planted=1;d_b=4;m=2;gap=1;k=2,187569,false,26425,0.111,28,10,8,0.106,29,14,false
mixed-012-2,mixed,seed=0x9b17b1a8dd457987;cycles=7;planted=1;d_b=4;m=2;gap=1;k=2,187569,false,26425,0.111,28,10,16,0.164,29,14,false
mixed-012-2,mixed,seed=0x9b17b1a8dd457987;cycles=7;planted=1;d_b=4;m=2;gap=1;k=2,187569,false,26425,0.111,28,10,32,0.244,29,14,false
mixed-012-2,mixed,seed=0x9b17b1a8dd457987;cycles=7;planted=1;d_b=4;m=2;gap=1;k=2,187569,false,26425,0.111,28,10,64,0.391,29,14,false
mixed-012-2,mixed,seed=0x9b17b1a8dd457987;cycles=7;planted=1;d_b=4;m=2;gap=1;k=2,187569,false,26425,0.111,28,10,128,0.665,29,14,false
mixed-012-2,mixed,seed=0x9b17b1a8dd457987;cycles=7;planted=1;d_b=4;m=2;gap=1;k=2,187569,false,26425,0.111,28,10,256,1.181,28,10,false
mixed-012-2,mixed,seed=0x9b17b1a8dd457987;cycles=7;planted=1;d_b=4;m=2;gap=1;k=2,187569,false,26425,0.111,28,10,512,2.074,28,10,false
mixed-012-2,mixed,seed=0x9b17b1a8dd457987;cycles=7;planted=1;d_b=4;m=2;gap=1;k=2,187569,false,26425,0.111,28,10,1024,3.908,28,10,false
mixed-012-2,mixed,seed=0x9b17b1a8dd457987;cycles=7;planted=1;d_b=4;m=2;gap=1;k=2,187569,false,26425,0.111,28,10,2048,7.567,28,10,false
mixed-012-2,mixed,seed=0x9b17b1a8dd457987;cycles=7;planted=1;d_b=4;m=2;gap=1;k=2,187569,false,26425,0.111,28,10,4096,15.703,28,10,false
mixed-012-2,mixed,seed=0x9b17b1a8dd457987;cycles=7;planted=1;d_b=4;m=2;gap=1;k=2,187569,false,26425,0.111,28,10,8192,31.529,28,10,false
mixed-012-2,mixed,seed=0x9b17b1a8dd457987;cycles=7;planted=1;d_b=4;m=2;gap=1;k=2,187569,false,26425,0.111,28,10,16384,63.563,28,10,false
mixed-012-2,mixed,seed=0x9b17b1a8dd457987;cycles=7;planted=1;d_b=4;m=2;gap=1;k=2,187569,false,26425,0.111,28,10,32768,127.956,28,10,false
mixed-012-2,mixed,seed=0x9b17b1a8dd457987;cycles=7;planted=1;d_b=4;m=2;gap=1;k=2,187569,false,26425,0.111,28,10,65536,260.884,28,10,false
mixed-012-2,mixed,seed=0x9b17b1a8dd457987;cycles=7;planted=1;d_b=4;m=2;gap=1;k=2,187569,false,26425,0.111,28,10,131072,548.913,28,10,false
mixed-012-2,mixed,seed=0x9b17b1a8dd457987;cycles=7;planted=1;d_b=4;m=2;gap=1;k=2,187569,false,26425,0.111,28,10,262144,1169.197,28,10,false
dec-039,dec,d_b=5;m=3;gap=1;k=1;q=1;s=6,10,false,12,0.057,12,2,1,0.015,13,12,false
dec-039,dec,d_b=5;m=3;gap=1;k=1;q=1;s=6,10,false,12,0.057,12,2,2,0.019,13,12,false
dec-039,dec,d_b=5;m=3;gap=1;k=1;q=1;s=6,10,false,12,0.057,12,2,4,0.019,13,12,false
dec-039,dec,d_b=5;m=3;gap=1;k=1;q=1;s=6,10,false,12,0.057,12,2,8,0.030,12,2,false
dec-039,dec,d_b=5;m=3;gap=1;k=1;q=1;s=6,10,false,12,0.057,12,2,16,0.040,12,2,false
dec-039,dec,d_b=5;m=3;gap=1;k=1;q=1;s=6,10,false,12,0.057,12,2,32,0.046,12,2,false
dec-039,dec,d_b=5;m=3;gap=1;k=1;q=1;s=6,10,false,12,0.057,12,2,64,0.066,12,2,true
dec-039,dec,d_b=5;m=3;gap=1;k=1;q=1;s=6,10,false,12,0.057,12,2,128,0.092,12,2,true
dec-039,dec,d_b=5;m=3;gap=1;k=1;q=1;s=6,10,false,12,0.057,12,2,256,0.144,12,2,true
dec-039,dec,d_b=5;m=3;gap=1;k=1;q=1;s=6,10,false,12,0.057,12,2,512,0.239,12,2,true
dec-039,dec,d_b=5;m=3;gap=1;k=1;q=1;s=6,10,false,12,0.057,12,2,1024,0.423,12,2,true
dec-039,dec,d_b=5;m=3;gap=1;k=1;q=1;s=6,10,false,12,0.057,12,2,2048,0.808,12,2,true
dec-039,dec,d_b=5;m=3;gap=1;k=1;q=1;s=6,10,false,12,0.057,12,2,4096,1.661,12,2,true
dec-039,dec,d_b=5;m=3;gap=1;k=1;q=1;s=6,10,false,12,0.057,12,2,8192,4.781,12,2,true
dec-039,dec,d_b=5;m=3;gap=1;k=1;q=1;s=6,10,false,12,0.057,12,2,16384,14.037,12,2,true
dec-039,dec,d_b=5;m=3;gap=1;k=1;q=1;s=6,10,false,12,0.057,12,2,32768,32.569,12,2,true
dec-039,dec,d_b=5;m=3;gap=1;k=1;q=1;s=6,10,false,12,0.057,12,2,65536,69.269,12,2,true
dec-039,dec,d_b=5;m=3;gap=1;k=1;q=1;s=6,10,false,12,0.057,12,2,131072,143.275,12,2,true
dec-039,dec,d_b=5;m=3;gap=1;k=1;q=1;s=6,10,false,12,0.057,12,2,262144,291.153,12,2,true
mixed-013-0,mixed,seed=0xf8fe6c22d3df3f14;cycles=7;planted=1;d_b=8;m=3;gap=2;k=2,112947,false,16733,0.133,32,6,1,0.085,35,24,false
mixed-013-0,mixed,seed=0xf8fe6c22d3df3f14;cycles=7;planted=1;d_b=8;m=3;gap=2;k=2,112947,false,16733,0.133,32,6,2,0.082,35,24,false
mixed-013-0,mixed,seed=0xf8fe6c22d3df3f14;cycles=7;planted=1;d_b=8;m=3;gap=2;k=2,112947,false,16733,0.133,32,6,4,0.088,35,24,false
mixed-013-0,mixed,seed=0xf8fe6c22d3df3f14;cycles=7;planted=1;d_b=8;m=3;gap=2;k=2,112947,false,16733,0.133,32,6,8,0.139,35,24,false
mixed-013-0,mixed,seed=0xf8fe6c22d3df3f14;cycles=7;planted=1;d_b=8;m=3;gap=2;k=2,112947,false,16733,0.133,32,6,16,0.219,35,24,false
mixed-013-0,mixed,seed=0xf8fe6c22d3df3f14;cycles=7;planted=1;d_b=8;m=3;gap=2;k=2,112947,false,16733,0.133,32,6,32,0.396,35,24,false
mixed-013-0,mixed,seed=0xf8fe6c22d3df3f14;cycles=7;planted=1;d_b=8;m=3;gap=2;k=2,112947,false,16733,0.133,32,6,64,0.746,35,24,false
mixed-013-0,mixed,seed=0xf8fe6c22d3df3f14;cycles=7;planted=1;d_b=8;m=3;gap=2;k=2,112947,false,16733,0.133,32,6,128,1.338,32,6,false
mixed-013-0,mixed,seed=0xf8fe6c22d3df3f14;cycles=7;planted=1;d_b=8;m=3;gap=2;k=2,112947,false,16733,0.133,32,6,256,2.504,32,6,false
mixed-013-0,mixed,seed=0xf8fe6c22d3df3f14;cycles=7;planted=1;d_b=8;m=3;gap=2;k=2,112947,false,16733,0.133,32,6,512,4.750,32,6,false
mixed-013-0,mixed,seed=0xf8fe6c22d3df3f14;cycles=7;planted=1;d_b=8;m=3;gap=2;k=2,112947,false,16733,0.133,32,6,1024,9.547,32,6,false
mixed-013-0,mixed,seed=0xf8fe6c22d3df3f14;cycles=7;planted=1;d_b=8;m=3;gap=2;k=2,112947,false,16733,0.133,32,6,2048,18.923,32,6,false
mixed-013-0,mixed,seed=0xf8fe6c22d3df3f14;cycles=7;planted=1;d_b=8;m=3;gap=2;k=2,112947,false,16733,0.133,32,6,4096,38.855,32,6,false
mixed-013-0,mixed,seed=0xf8fe6c22d3df3f14;cycles=7;planted=1;d_b=8;m=3;gap=2;k=2,112947,false,16733,0.133,32,6,8192,78.300,32,6,false
mixed-013-0,mixed,seed=0xf8fe6c22d3df3f14;cycles=7;planted=1;d_b=8;m=3;gap=2;k=2,112947,false,16733,0.133,32,6,16384,158.269,32,6,false
mixed-013-0,mixed,seed=0xf8fe6c22d3df3f14;cycles=7;planted=1;d_b=8;m=3;gap=2;k=2,112947,false,16733,0.133,32,6,32768,316.934,32,6,false
mixed-013-0,mixed,seed=0xf8fe6c22d3df3f14;cycles=7;planted=1;d_b=8;m=3;gap=2;k=2,112947,false,16733,0.133,32,6,65536,645.991,32,6,false
mixed-013-0,mixed,seed=0xf8fe6c22d3df3f14;cycles=7;planted=1;d_b=8;m=3;gap=2;k=2,112947,false,16733,0.133,32,6,131072,1303.151,32,6,false
mixed-013-0,mixed,seed=0xf8fe6c22d3df3f14;cycles=7;planted=1;d_b=8;m=3;gap=2;k=2,112947,false,16733,0.133,32,6,262144,2625.988,32,6,false
dec-040,dec,d_b=5;m=3;gap=1;k=2;q=1;s=6,15,false,17,0.071,12,2,1,0.019,13,12,false
dec-040,dec,d_b=5;m=3;gap=1;k=2;q=1;s=6,15,false,17,0.071,12,2,2,0.019,13,12,false
dec-040,dec,d_b=5;m=3;gap=1;k=2;q=1;s=6,15,false,17,0.071,12,2,4,0.023,13,12,false
dec-040,dec,d_b=5;m=3;gap=1;k=2;q=1;s=6,15,false,17,0.071,12,2,8,0.024,13,12,false
dec-040,dec,d_b=5;m=3;gap=1;k=2;q=1;s=6,15,false,17,0.071,12,2,16,0.040,12,2,false
dec-040,dec,d_b=5;m=3;gap=1;k=2;q=1;s=6,15,false,17,0.071,12,2,32,0.047,12,2,false
dec-040,dec,d_b=5;m=3;gap=1;k=2;q=1;s=6,15,false,17,0.071,12,2,64,0.064,12,2,false
dec-040,dec,d_b=5;m=3;gap=1;k=2;q=1;s=6,15,false,17,0.071,12,2,128,0.090,12,2,false
dec-040,dec,d_b=5;m=3;gap=1;k=2;q=1;s=6,15,false,17,0.071,12,2,256,0.138,12,2,false
dec-040,dec,d_b=5;m=3;gap=1;k=2;q=1;s=6,15,false,17,0.071,12,2,512,0.229,12,2,false
dec-040,dec,d_b=5;m=3;gap=1;k=2;q=1;s=6,15,false,17,0.071,12,2,1024,0.397,12,2,true
dec-040,dec,d_b=5;m=3;gap=1;k=2;q=1;s=6,15,false,17,0.071,12,2,2048,0.708,12,2,true
dec-040,dec,d_b=5;m=3;gap=1;k=2;q=1;s=6,15,false,17,0.071,12,2,4096,1.327,12,2,true
dec-040,dec,d_b=5;m=3;gap=1;k=2;q=1;s=6,15,false,17,0.071,12,2,8192,2.476,12,2,true
dec-040,dec,d_b=5;m=3;gap=1;k=2;q=1;s=6,15,false,17,0.071,12,2,16384,4.658,12,2,true
dec-040,dec,d_b=5;m=3;gap=1;k=2;q=1;s=6,15,false,17,0.071,12,2,32768,8.532,12,2,true
dec-040,dec,d_b=5;m=3;gap=1;k=2;q=1;s=6,15,false,17,0.071,12,2,65536,16.623,12,2,true
dec-040,dec,d_b=5;m=3;gap=1;k=2;q=1;s=6,15,false,17,0.071,12,2,131072,31.720,12,2,true
dec-040,dec,d_b=5;m=3;gap=1;k=2;q=1;s=6,15,false,17,0.071,12,2,262144,87.578,12,2,true
mixed-013-1,mixed,seed=0x31832866b6e28fc8;cycles=7;planted=1;d_b=8;m=3;gap=2;k=2,112961,false,16822,0.204,55,10,1,0.162,58,28,false
mixed-013-1,mixed,seed=0x31832866b6e28fc8;cycles=7;planted=1;d_b=8;m=3;gap=2;k=2,112961,false,16822,0.204,55,10,2,0.192,58,28,false
mixed-013-1,mixed,seed=0x31832866b6e28fc8;cycles=7;planted=1;d_b=8;m=3;gap=2;k=2,112961,false,16822,0.204,55,10,4,0.213,58,28,false
mixed-013-1,mixed,seed=0x31832866b6e28fc8;cycles=7;planted=1;d_b=8;m=3;gap=2;k=2,112961,false,16822,0.204,55,10,8,0.315,58,28,false
mixed-013-1,mixed,seed=0x31832866b6e28fc8;cycles=7;planted=1;d_b=8;m=3;gap=2;k=2,112961,false,16822,0.204,55,10,16,0.500,58,28,false
mixed-013-1,mixed,seed=0x31832866b6e28fc8;cycles=7;planted=1;d_b=8;m=3;gap=2;k=2,112961,false,16822,0.204,55,10,32,0.919,58,28,false
mixed-013-1,mixed,seed=0x31832866b6e28fc8;cycles=7;planted=1;d_b=8;m=3;gap=2;k=2,112961,false,16822,0.204,55,10,64,1.714,58,28,false
mixed-013-1,mixed,seed=0x31832866b6e28fc8;cycles=7;planted=1;d_b=8;m=3;gap=2;k=2,112961,false,16822,0.204,55,10,128,3.378,58,28,false
mixed-013-1,mixed,seed=0x31832866b6e28fc8;cycles=7;planted=1;d_b=8;m=3;gap=2;k=2,112961,false,16822,0.204,55,10,256,6.548,58,28,false
mixed-013-1,mixed,seed=0x31832866b6e28fc8;cycles=7;planted=1;d_b=8;m=3;gap=2;k=2,112961,false,16822,0.204,55,10,512,12.855,55,10,false
mixed-013-1,mixed,seed=0x31832866b6e28fc8;cycles=7;planted=1;d_b=8;m=3;gap=2;k=2,112961,false,16822,0.204,55,10,1024,24.577,55,10,false
mixed-013-1,mixed,seed=0x31832866b6e28fc8;cycles=7;planted=1;d_b=8;m=3;gap=2;k=2,112961,false,16822,0.204,55,10,2048,48.926,55,10,false
mixed-013-1,mixed,seed=0x31832866b6e28fc8;cycles=7;planted=1;d_b=8;m=3;gap=2;k=2,112961,false,16822,0.204,55,10,4096,96.318,55,10,false
mixed-013-1,mixed,seed=0x31832866b6e28fc8;cycles=7;planted=1;d_b=8;m=3;gap=2;k=2,112961,false,16822,0.204,55,10,8192,199.459,55,10,false
mixed-013-1,mixed,seed=0x31832866b6e28fc8;cycles=7;planted=1;d_b=8;m=3;gap=2;k=2,112961,false,16822,0.204,55,10,16384,398.552,55,10,false
mixed-013-1,mixed,seed=0x31832866b6e28fc8;cycles=7;planted=1;d_b=8;m=3;gap=2;k=2,112961,false,16822,0.204,55,10,32768,815.449,55,10,false
mixed-013-1,mixed,seed=0x31832866b6e28fc8;cycles=7;planted=1;d_b=8;m=3;gap=2;k=2,112961,false,16822,0.204,55,10,65536,1672.205,55,10,false
mixed-013-1,mixed,seed=0x31832866b6e28fc8;cycles=7;planted=1;d_b=8;m=3;gap=2;k=2,112961,false,16822,0.204,55,10,131072,3540.267,55,10,false
mixed-013-1,mixed,seed=0x31832866b6e28fc8;cycles=7;planted=1;d_b=8;m=3;gap=2;k=2,112961,false,16822,0.204,55,10,262144,6981.402,55,10,false
dec-041,dec,d_b=5;m=3;gap=1;k=4;q=1;s=6,25,false,27,0.122,12,2,1,0.030,13,12,false
dec-041,dec,d_b=5;m=3;gap=1;k=4;q=1;s=6,25,false,27,0.122,12,2,2,0.026,13,12,false
dec-041,dec,d_b=5;m=3;gap=1;k=4;q=1;s=6,25,false,27,0.122,12,2,4,0.044,13,12,false
dec-041,dec,d_b=5;m=3;gap=1;k=4;q=1;s=6,25,false,27,0.122,12,2,8,0.052,13,12,false
dec-041,dec,d_b=5;m=3;gap=1;k=4;q=1;s=6,25,false,27,0.122,12,2,16,0.067,13,12,false
dec-041,dec,d_b=5;m=3;gap=1;k=4;q=1;s=6,25,false,27,0.122,12,2,32,0.095,12,2,false
dec-041,dec,d_b=5;m=3;gap=1;k=4;q=1;s=6,25,false,27,0.122,12,2,64,0.122,12,2,false
dec-041,dec,d_b=5;m=3;gap=1;k=4;q=1;s=6,25,false,27,0.122,12,2,128,0.158,12,2,false
dec-041,dec,d_b=5;m=3;gap=1;k=4;q=1;s=6,25,false,27,0.122,12,2,256,0.377,12,2,false
dec-041,dec,d_b=5;m=3;gap=1;k=4;q=1;s=6,25,false,27,0.122,12,2,512,0.863,12,2,false
dec-041,dec,d_b=5;m=3;gap=1;k=4;q=1;s=6,25,false,27,0.122,12,2,1024,0.700,12,2,false
dec-041,dec,d_b=5;m=3;gap=1;k=4;q=1;s=6,25,false,27,0.122,12,2,2048,1.120,12,2,false
dec-041,dec,d_b=5;m=3;gap=1;k=4;q=1;s=6,25,false,27,0.122,12,2,4096,2.411,12,2,false
dec-041,dec,d_b=5;m=3;gap=1;k=4;q=1;s=6,25,false,27,0.122,12,2,8192,4.516,12,2,false
dec-041,dec,d_b=5;m=3;gap=1;k=4;q=1;s=6,25,false,27,0.122,12,2,16384,8.140,12,2,false
dec-041,dec,d_b=5;m=3;gap=1;k=4;q=1;s=6,25,false,27,0.122,12,2,32768,15.225,12,2,true
dec-041,dec,d_b=5;m=3;gap=1;k=4;q=1;s=6,25,false,27,0.122,12,2,65536,28.838,12,2,true
dec-041,dec,d_b=5;m=3;gap=1;k=4;q=1;s=6,25,false,27,0.122,12,2,131072,52.791,12,2,true
dec-041,dec,d_b=5;m=3;gap=1;k=4;q=1;s=6,25,false,27,0.122,12,2,262144,114.822,12,2,true
mixed-013-2,mixed,seed=0x762c42d00e48443f;cycles=7;planted=1;d_b=8;m=3;gap=2;k=2,187577,false,26439,0.222,32,8,1,0.135,35,26,false
mixed-013-2,mixed,seed=0x762c42d00e48443f;cycles=7;planted=1;d_b=8;m=3;gap=2;k=2,187577,false,26439,0.222,32,8,2,0.164,35,26,false
mixed-013-2,mixed,seed=0x762c42d00e48443f;cycles=7;planted=1;d_b=8;m=3;gap=2;k=2,187577,false,26439,0.222,32,8,4,0.212,35,26,false
mixed-013-2,mixed,seed=0x762c42d00e48443f;cycles=7;planted=1;d_b=8;m=3;gap=2;k=2,187577,false,26439,0.222,32,8,8,0.644,35,26,false
mixed-013-2,mixed,seed=0x762c42d00e48443f;cycles=7;planted=1;d_b=8;m=3;gap=2;k=2,187577,false,26439,0.222,32,8,16,0.405,35,26,false
mixed-013-2,mixed,seed=0x762c42d00e48443f;cycles=7;planted=1;d_b=8;m=3;gap=2;k=2,187577,false,26439,0.222,32,8,32,0.632,35,26,false
mixed-013-2,mixed,seed=0x762c42d00e48443f;cycles=7;planted=1;d_b=8;m=3;gap=2;k=2,187577,false,26439,0.222,32,8,64,1.129,35,26,false
mixed-013-2,mixed,seed=0x762c42d00e48443f;cycles=7;planted=1;d_b=8;m=3;gap=2;k=2,187577,false,26439,0.222,32,8,128,1.766,35,26,false
mixed-013-2,mixed,seed=0x762c42d00e48443f;cycles=7;planted=1;d_b=8;m=3;gap=2;k=2,187577,false,26439,0.222,32,8,256,2.647,35,26,false
mixed-013-2,mixed,seed=0x762c42d00e48443f;cycles=7;planted=1;d_b=8;m=3;gap=2;k=2,187577,false,26439,0.222,32,8,512,3.805,35,26,false
mixed-013-2,mixed,seed=0x762c42d00e48443f;cycles=7;planted=1;d_b=8;m=3;gap=2;k=2,187577,false,26439,0.222,32,8,1024,8.726,35,26,false
mixed-013-2,mixed,seed=0x762c42d00e48443f;cycles=7;planted=1;d_b=8;m=3;gap=2;k=2,187577,false,26439,0.222,32,8,2048,14.250,32,8,false
mixed-013-2,mixed,seed=0x762c42d00e48443f;cycles=7;planted=1;d_b=8;m=3;gap=2;k=2,187577,false,26439,0.222,32,8,4096,30.191,32,8,false
mixed-013-2,mixed,seed=0x762c42d00e48443f;cycles=7;planted=1;d_b=8;m=3;gap=2;k=2,187577,false,26439,0.222,32,8,8192,64.538,32,8,false
mixed-013-2,mixed,seed=0x762c42d00e48443f;cycles=7;planted=1;d_b=8;m=3;gap=2;k=2,187577,false,26439,0.222,32,8,16384,112.533,32,8,false
mixed-013-2,mixed,seed=0x762c42d00e48443f;cycles=7;planted=1;d_b=8;m=3;gap=2;k=2,187577,false,26439,0.222,32,8,32768,255.095,32,8,false
mixed-013-2,mixed,seed=0x762c42d00e48443f;cycles=7;planted=1;d_b=8;m=3;gap=2;k=2,187577,false,26439,0.222,32,8,65536,504.178,32,8,false
mixed-013-2,mixed,seed=0x762c42d00e48443f;cycles=7;planted=1;d_b=8;m=3;gap=2;k=2,187577,false,26439,0.222,32,8,131072,758.547,32,8,false
mixed-013-2,mixed,seed=0x762c42d00e48443f;cycles=7;planted=1;d_b=8;m=3;gap=2;k=2,187577,false,26439,0.222,32,8,262144,1235.203,32,8,false
dec-042,dec,d_b=5;m=3;gap=3;k=1;q=1;s=7,10,false,12,0.044,12,2,1,0.018,15,14,false
dec-042,dec,d_b=5;m=3;gap=3;k=1;q=1;s=7,10,false,12,0.044,12,2,2,0.023,15,14,false
dec-042,dec,d_b=5;m=3;gap=3;k=1;q=1;s=7,10,false,12,0.044,12,2,4,0.020,15,14,false
dec-042,dec,d_b=5;m=3;gap=3;k=1;q=1;s=7,10,false,12,0.044,12,2,8,0.034,12,2,false
dec-042,dec,d_b=5;m=3;gap=3;k=1;q=1;s=7,10,false,12,0.044,12,2,16,0.041,12,2,false
dec-042,dec,d_b=5;m=3;gap=3;k=1;q=1;s=7,10,false,12,0.044,12,2,32,0.047,12,2,false
dec-042,dec,d_b=5;m=3;gap=3;k=1;q=1;s=7,10,false,12,0.044,12,2,64,0.067,12,2,true
dec-042,dec,d_b=5;m=3;gap=3;k=1;q=1;s=7,10,false,12,0.044,12,2,128,0.094,12,2,true
dec-042,dec,d_b=5;m=3;gap=3;k=1;q=1;s=7,10,false,12,0.044,12,2,256,0.147,12,2,true
dec-042,dec,d_b=5;m=3;gap=3;k=1;q=1;s=7,10,false,12,0.044,12,2,512,0.252,12,2,true
dec-042,dec,d_b=5;m=3;gap=3;k=1;q=1;s=7,10,false,12,0.044,12,2,1024,0.461,12,2,true
dec-042,dec,d_b=5;m=3;gap=3;k=1;q=1;s=7,10,false,12,0.044,12,2,2048,1.424,12,2,true
dec-042,dec,d_b=5;m=3;gap=3;k=1;q=1;s=7,10,false,12,0.044,12,2,4096,3.973,12,2,true
dec-042,dec,d_b=5;m=3;gap=3;k=1;q=1;s=7,10,false,12,0.044,12,2,8192,8.520,12,2,true
dec-042,dec,d_b=5;m=3;gap=3;k=1;q=1;s=7,10,false,12,0.044,12,2,16384,18.029,12,2,true
dec-042,dec,d_b=5;m=3;gap=3;k=1;q=1;s=7,10,false,12,0.044,12,2,32768,36.297,12,2,true
dec-042,dec,d_b=5;m=3;gap=3;k=1;q=1;s=7,10,false,12,0.044,12,2,65536,73.461,12,2,true
dec-042,dec,d_b=5;m=3;gap=3;k=1;q=1;s=7,10,false,12,0.044,12,2,131072,148.356,12,2,true
dec-042,dec,d_b=5;m=3;gap=3;k=1;q=1;s=7,10,false,12,0.044,12,2,262144,297.751,12,2,true
mixed-014-0,mixed,seed=0xa9d652b3ac93e62d;cycles=7;planted=1;d_b=12;m=2;gap=6;k=4,61,false,62,0.114,15,2,1,0.023,22,20,false
mixed-014-0,mixed,seed=0xa9d652b3ac93e62d;cycles=7;planted=1;d_b=12;m=2;gap=6;k=4,61,false,62,0.114,15,2,2,0.023,22,20,false
mixed-014-0,mixed,seed=0xa9d652b3ac93e62d;cycles=7;planted=1;d_b=12;m=2;gap=6;k=4,61,false,62,0.114,15,2,4,0.031,22,20,false
mixed-014-0,mixed,seed=0xa9d652b3ac93e62d;cycles=7;planted=1;d_b=12;m=2;gap=6;k=4,61,false,62,0.114,15,2,8,0.045,22,20,false
mixed-014-0,mixed,seed=0xa9d652b3ac93e62d;cycles=7;planted=1;d_b=12;m=2;gap=6;k=4,61,false,62,0.114,15,2,16,0.054,22,20,false
mixed-014-0,mixed,seed=0xa9d652b3ac93e62d;cycles=7;planted=1;d_b=12;m=2;gap=6;k=4,61,false,62,0.114,15,2,32,0.075,22,20,false
mixed-014-0,mixed,seed=0xa9d652b3ac93e62d;cycles=7;planted=1;d_b=12;m=2;gap=6;k=4,61,false,62,0.114,15,2,64,0.092,22,20,false
mixed-014-0,mixed,seed=0xa9d652b3ac93e62d;cycles=7;planted=1;d_b=12;m=2;gap=6;k=4,61,false,62,0.114,15,2,128,0.142,22,20,false
mixed-014-0,mixed,seed=0xa9d652b3ac93e62d;cycles=7;planted=1;d_b=12;m=2;gap=6;k=4,61,false,62,0.114,15,2,256,0.243,15,2,false
mixed-014-0,mixed,seed=0xa9d652b3ac93e62d;cycles=7;planted=1;d_b=12;m=2;gap=6;k=4,61,false,62,0.114,15,2,512,0.398,15,2,false
mixed-014-0,mixed,seed=0xa9d652b3ac93e62d;cycles=7;planted=1;d_b=12;m=2;gap=6;k=4,61,false,62,0.114,15,2,1024,0.711,15,2,false
mixed-014-0,mixed,seed=0xa9d652b3ac93e62d;cycles=7;planted=1;d_b=12;m=2;gap=6;k=4,61,false,62,0.114,15,2,2048,1.301,15,2,false
mixed-014-0,mixed,seed=0xa9d652b3ac93e62d;cycles=7;planted=1;d_b=12;m=2;gap=6;k=4,61,false,62,0.114,15,2,4096,2.485,15,2,false
mixed-014-0,mixed,seed=0xa9d652b3ac93e62d;cycles=7;planted=1;d_b=12;m=2;gap=6;k=4,61,false,62,0.114,15,2,8192,4.612,15,2,false
mixed-014-0,mixed,seed=0xa9d652b3ac93e62d;cycles=7;planted=1;d_b=12;m=2;gap=6;k=4,61,false,62,0.114,15,2,16384,8.740,15,2,false
mixed-014-0,mixed,seed=0xa9d652b3ac93e62d;cycles=7;planted=1;d_b=12;m=2;gap=6;k=4,61,false,62,0.114,15,2,32768,16.994,15,2,false
mixed-014-0,mixed,seed=0xa9d652b3ac93e62d;cycles=7;planted=1;d_b=12;m=2;gap=6;k=4,61,false,62,0.114,15,2,65536,32.681,15,2,false
mixed-014-0,mixed,seed=0xa9d652b3ac93e62d;cycles=7;planted=1;d_b=12;m=2;gap=6;k=4,61,false,62,0.114,15,2,131072,63.772,15,2,false
mixed-014-0,mixed,seed=0xa9d652b3ac93e62d;cycles=7;planted=1;d_b=12;m=2;gap=6;k=4,61,false,62,0.114,15,2,262144,126.724,15,2,false
dec-043,dec,d_b=5;m=3;gap=3;k=2;q=1;s=7,15,false,17,0.050,12,2,1,0.013,15,14,false
dec-043,dec,d_b=5;m=3;gap=3;k=2;q=1;s=7,15,false,17,0.050,12,2,2,0.016,15,14,false
dec-043,dec,d_b=5;m=3;gap=3;k=2;q=1;s=7,15,false,17,0.050,12,2,4,0.022,15,14,false
dec-043,dec,d_b=5;m=3;gap=3;k=2;q=1;s=7,15,false,17,0.050,12,2,8,0.023,15,14,false
dec-043,dec,d_b=5;m=3;gap=3;k=2;q=1;s=7,15,false,17,0.050,12,2,16,0.040,12,2,false
dec-043,dec,d_b=5;m=3;gap=3;k=2;q=1;s=7,15,false,17,0.050,12,2,32,0.051,12,2,false
dec-043,dec,d_b=5;m=3;gap=3;k=2;q=1;s=7,15,false,17,0.050,12,2,64,0.065,12,2,false
dec-043,dec,d_b=5;m=3;gap=3;k=2;q=1;s=7,15,false,17,0.050,12,2,128,0.092,12,2,false
dec-043,dec,d_b=5;m=3;gap=3;k=2;q=1;s=7,15,false,17,0.050,12,2,256,0.140,12,2,false
dec-043,dec,d_b=5;m=3;gap=3;k=2;q=1;s=7,15,false,17,0.050,12,2,512,0.237,12,2,true
dec-043,dec,d_b=5;m=3;gap=3;k=2;q=1;s=7,15,false,17,0.050,12,2,1024,0.403,12,2,true
dec-043,dec,d_b=5;m=3;gap=3;k=2;q=1;s=7,15,false,17,0.050,12,2,2048,0.720,12,2,true
dec-043,dec,d_b=5;m=3;gap=3;k=2;q=1;s=7,15,false,17,0.050,12,2,4096,1.339,12,2,true
dec-043,dec,d_b=5;m=3;gap=3;k=2;q=1;s=7,15,false,17,0.050,12,2,8192,2.501,12,2,true
dec-043,dec,d_b=5;m=3;gap=3;k=2;q=1;s=7,15,false,17,0.050,12,2,16384,4.714,12,2,true
dec-043,dec,d_b=5;m=3;gap=3;k=2;q=1;s=7,15,false,17,0.050,12,2,32768,8.719,12,2,true
dec-043,dec,d_b=5;m=3;gap=3;k=2;q=1;s=7,15,false,17,0.050,12,2,65536,16.686,12,2,true
dec-043,dec,d_b=5;m=3;gap=3;k=2;q=1;s=7,15,false,17,0.050,12,2,131072,83.798,12,2,true
dec-043,dec,d_b=5;m=3;gap=3;k=2;q=1;s=7,15,false,17,0.050,12,2,262144,246.826,12,2,true
mixed-014-1,mixed,seed=0xa8485dc4eef3e2c0;cycles=7;planted=1;d_b=12;m=2;gap=6;k=4,112987,false,16783,0.184,35,8,1,0.098,42,26,false
mixed-014-1,mixed,seed=0xa8485dc4eef3e2c0;cycles=7;planted=1;d_b=12;m=2;gap=6;k=4,112987,false,16783,0.184,35,8,2,0.130,42,26,false
mixed-014-1,mixed,seed=0xa8485dc4eef3e2c0;cycles=7;planted=1;d_b=12;m=2;gap=6;k=4,112987,false,16783,0.184,35,8,4,0.118,42,26,false
mixed-014-1,mixed,seed=0xa8485dc4eef3e2c0;cycles=7;planted=1;d_b=12;m=2;gap=6;k=4,112987,false,16783,0.184,35,8,8,0.187,42,26,false
mixed-014-1,mixed,seed=0xa8485dc4eef3e2c0;cycles=7;planted=1;d_b=12;m=2;gap=6;k=4,112987,false,16783,0.184,35,8,16,0.256,42,26,false
mixed-014-1,mixed,seed=0xa8485dc4eef3e2c0;cycles=7;planted=1;d_b=12;m=2;gap=6;k=4,112987,false,16783,0.184,35,8,32,0.434,42,26,false
mixed-014-1,mixed,seed=0xa8485dc4eef3e2c0;cycles=7;planted=1;d_b=12;m=2;gap=6;k=4,112987,false,16783,0.184,35,8,64,0.758,42,26,false
mixed-014-1,mixed,seed=0xa8485dc4eef3e2c0;cycles=7;planted=1;d_b=12;m=2;gap=6;k=4,112987,false,16783,0.184,35,8,128,1.187,42,26,false
mixed-014-1,mixed,seed=0xa8485dc4eef3e2c0;cycles=7;planted=1;d_b=12;m=2;gap=6;k=4,112987,false,16783,0.184,35,8,256,2.025,42,26,false
mixed-014-1,mixed,seed=0xa8485dc4eef3e2c0;cycles=7;planted=1;d_b=12;m=2;gap=6;k=4,112987,false,16783,0.184,35,8,512,3.655,42,26,false
mixed-014-1,mixed,seed=0xa8485dc4eef3e2c0;cycles=7;planted=1;d_b=12;m=2;gap=6;k=4,112987,false,16783,0.184,35,8,1024,6.992,35,8,false
mixed-014-1,mixed,seed=0xa8485dc4eef3e2c0;cycles=7;planted=1;d_b=12;m=2;gap=6;k=4,112987,false,16783,0.184,35,8,2048,13.556,35,8,false
mixed-014-1,mixed,seed=0xa8485dc4eef3e2c0;cycles=7;planted=1;d_b=12;m=2;gap=6;k=4,112987,false,16783,0.184,35,8,4096,26.700,35,8,false
mixed-014-1,mixed,seed=0xa8485dc4eef3e2c0;cycles=7;planted=1;d_b=12;m=2;gap=6;k=4,112987,false,16783,0.184,35,8,8192,52.340,35,8,false
mixed-014-1,mixed,seed=0xa8485dc4eef3e2c0;cycles=7;planted=1;d_b=12;m=2;gap=6;k=4,112987,false,16783,0.184,35,8,16384,102.083,35,8,false
mixed-014-1,mixed,seed=0xa8485dc4eef3e2c0;cycles=7;planted=1;d_b=12;m=2;gap=6;k=4,112987,false,16783,0.184,35,8,32768,206.807,35,8,false
mixed-014-1,mixed,seed=0xa8485dc4eef3e2c0;cycles=7;planted=1;d_b=12;m=2;gap=6;k=4,112987,false,16783,0.184,35,8,65536,419.247,35,8,false
mixed-014-1,mixed,seed=0xa8485dc4eef3e2c0;cycles=7;planted=1;d_b=12;m=2;gap=6;k=4,112987,false,16783,0.184,35,8,131072,855.258,35,8,false
mixed-014-1,mixed,seed=0xa8485dc4eef3e2c0;cycles=7;planted=1;d_b=12;m=2;gap=6;k=4,112987,false,16783,0.184,35,8,262144,1771.853,35,8,false
dec-044,dec,d_b=5;m=3;gap=3;k=4;q=1;s=7,25,false,27,0.084,12,2,1,0.020,15,14,false
dec-044,dec,d_b=5;m=3;gap=3;k=4;q=1;s=7,25,false,27,0.084,12,2,2,0.021,15,14,false
dec-044,dec,d_b=5;m=3;gap=3;k=4;q=1;s=7,25,false,27,0.084,12,2,4,0.027,15,14,false
dec-044,dec,d_b=5;m=3;gap=3;k=4;q=1;s=7,25,false,27,0.084,12,2,8,0.034,15,14,false
dec-044,dec,d_b=5;m=3;gap=3;k=4;q=1;s=7,25,false,27,0.084,12,2,16,0.039,15,14,false
dec-044,dec,d_b=5;m=3;gap=3;k=4;q=1;s=7,25,false,27,0.084,12,2,32,0.060,12,2,false
dec-044,dec,d_b=5;m=3;gap=3;k=4;q=1;s=7,25,false,27,0.084,12,2,64,0.076,12,2,false
dec-044,dec,d_b=5;m=3;gap=3;k=4;q=1;s=7,25,false,27,0.084,12,2,128,0.097,12,2,false
dec-044,dec,d_b=5;m=3;gap=3;k=4;q=1;s=7,25,false,27,0.084,12,2,256,0.153,12,2,false
dec-044,dec,d_b=5;m=3;gap=3;k=4;q=1;s=7,25,false,27,0.084,12,2,512,0.239,12,2,false
dec-044,dec,d_b=5;m=3;gap=3;k=4;q=1;s=7,25,false,27,0.084,12,2,1024,0.418,12,2,false
dec-044,dec,d_b=5;m=3;gap=3;k=4;q=1;s=7,25,false,27,0.084,12,2,2048,0.741,12,2,false
dec-044,dec,d_b=5;m=3;gap=3;k=4;q=1;s=7,25,false,27,0.084,12,2,4096,1.403,12,2,false
dec-044,dec,d_b=5;m=3;gap=3;k=4;q=1;s=7,25,false,27,0.084,12,2,8192,2.655,12,2,false
dec-044,dec,d_b=5;m=3;gap=3;k=4;q=1;s=7,25,false,27,0.084,12,2,16384,4.972,12,2,true
dec-044,dec,d_b=5;m=3;gap=3;k=4;q=1;s=7,25,false,27,0.084,12,2,32768,9.496,12,2,true
dec-044,dec,d_b=5;m=3;gap=3;k=4;q=1;s=7,25,false,27,0.084,12,2,65536,18.204,12,2,true
dec-044,dec,d_b=5;m=3;gap=3;k=4;q=1;s=7,25,false,27,0.084,12,2,131072,35.607,12,2,true
dec-044,dec,d_b=5;m=3;gap=3;k=4;q=1;s=7,25,false,27,0.084,12,2,262144,69.675,12,2,true
mixed-014-2,mixed,seed=0xfb25a106c763f8a5;cycles=7;planted=1;d_b=12;m=2;gap=6;k=4,112984,false,16767,0.163,24,8,1,0.069,31,26,false
mixed-014-2,mixed,seed=0xfb25a106c763f8a5;cycles=7;planted=1;d_b=12;m=2;gap=6;k=4,112984,false,16767,0.163,24,8,2,0.069,31,26,false
mixed-014-2,mixed,seed=0xfb25a106c763f8a5;cycles=7;planted=1;d_b=12;m=2;gap=6;k=4,112984,false,16767,0.163,24,8,4,0.109,31,26,false
mixed-014-2,mixed,seed=0xfb25a106c763f8a5;cycles=7;planted=1;d_b=12;m=2;gap=6;k=4,112984,false,16767,0.163,24,8,8,0.139,31,26,false
mixed-014-2,mixed,seed=0xfb25a106c763f8a5;cycles=7;planted=1;d_b=12;m=2;gap=6;k=4,112984,false,16767,0.163,24,8,16,0.240,31,26,false
mixed-014-2,mixed,seed=0xfb25a106c763f8a5;cycles=7;planted=1;d_b=12;m=2;gap=6;k=4,112984,false,16767,0.163,24,8,32,0.412,31,26,false
mixed-014-2,mixed,seed=0xfb25a106c763f8a5;cycles=7;planted=1;d_b=12;m=2;gap=6;k=4,112984,false,16767,0.163,24,8,64,0.774,31,26,false
mixed-014-2,mixed,seed=0xfb25a106c763f8a5;cycles=7;planted=1;d_b=12;m=2;gap=6;k=4,112984,false,16767,0.163,24,8,128,1.394,31,26,false
mixed-014-2,mixed,seed=0xfb25a106c763f8a5;cycles=7;planted=1;d_b=12;m=2;gap=6;k=4,112984,false,16767,0.163,24,8,256,2.545,31,26,false
mixed-014-2,mixed,seed=0xfb25a106c763f8a5;cycles=7;planted=1;d_b=12;m=2;gap=6;k=4,112984,false,16767,0.163,24,8,512,4.857,31,26,false
mixed-014-2,mixed,seed=0xfb25a106c763f8a5;cycles=7;planted=1;d_b=12;m=2;gap=6;k=4,112984,false,16767,0.163,24,8,1024,9.607,31,26,false
mixed-014-2,mixed,seed=0xfb25a106c763f8a5;cycles=7;planted=1;d_b=12;m=2;gap=6;k=4,112984,false,16767,0.163,24,8,2048,19.257,24,8,false
mixed-014-2,mixed,seed=0xfb25a106c763f8a5;cycles=7;planted=1;d_b=12;m=2;gap=6;k=4,112984,false,16767,0.163,24,8,4096,39.195,24,8,false
mixed-014-2,mixed,seed=0xfb25a106c763f8a5;cycles=7;planted=1;d_b=12;m=2;gap=6;k=4,112984,false,16767,0.163,24,8,8192,78.225,24,8,false
mixed-014-2,mixed,seed=0xfb25a106c763f8a5;cycles=7;planted=1;d_b=12;m=2;gap=6;k=4,112984,false,16767,0.163,24,8,16384,159.602,24,8,false
mixed-014-2,mixed,seed=0xfb25a106c763f8a5;cycles=7;planted=1;d_b=12;m=2;gap=6;k=4,112984,false,16767,0.163,24,8,32768,325.052,24,8,false
mixed-014-2,mixed,seed=0xfb25a106c763f8a5;cycles=7;planted=1;d_b=12;m=2;gap=6;k=4,112984,false,16767,0.163,24,8,65536,662.555,24,8,false
mixed-014-2,mixed,seed=0xfb25a106c763f8a5;cycles=7;planted=1;d_b=12;m=2;gap=6;k=4,112984,false,16767,0.163,24,8,131072,1705.550,24,8,false
mixed-014-2,mixed,seed=0xfb25a106c763f8a5;cycles=7;planted=1;d_b=12;m=2;gap=6;k=4,112984,false,16767,0.163,24,8,262144,2668.654,24,8,false
dec-045,dec,d_b=5;m=3;gap=7;k=1;q=1;s=9,10,false,12,0.056,12,2,1,0.020,19,18,false
dec-045,dec,d_b=5;m=3;gap=7;k=1;q=1;s=9,10,false,12,0.056,12,2,2,0.027,12,2,false
dec-045,dec,d_b=5;m=3;gap=7;k=1;q=1;s=9,10,false,12,0.056,12,2,4,0.030,12,2,false
dec-045,dec,d_b=5;m=3;gap=7;k=1;q=1;s=9,10,false,12,0.056,12,2,8,0.039,12,2,false
dec-045,dec,d_b=5;m=3;gap=7;k=1;q=1;s=9,10,false,12,0.056,12,2,16,0.045,12,2,false
dec-045,dec,d_b=5;m=3;gap=7;k=1;q=1;s=9,10,false,12,0.056,12,2,32,0.060,12,2,false
dec-045,dec,d_b=5;m=3;gap=7;k=1;q=1;s=9,10,false,12,0.056,12,2,64,0.076,12,2,true
dec-045,dec,d_b=5;m=3;gap=7;k=1;q=1;s=9,10,false,12,0.056,12,2,128,0.106,12,2,true
dec-045,dec,d_b=5;m=3;gap=7;k=1;q=1;s=9,10,false,12,0.056,12,2,256,0.162,12,2,true
dec-045,dec,d_b=5;m=3;gap=7;k=1;q=1;s=9,10,false,12,0.056,12,2,512,0.281,12,2,true
dec-045,dec,d_b=5;m=3;gap=7;k=1;q=1;s=9,10,false,12,0.056,12,2,1024,0.728,12,2,true
dec-045,dec,d_b=5;m=3;gap=7;k=1;q=1;s=9,10,false,12,0.056,12,2,2048,2.048,12,2,true
dec-045,dec,d_b=5;m=3;gap=7;k=1;q=1;s=9,10,false,12,0.056,12,2,4096,4.529,12,2,true
dec-045,dec,d_b=5;m=3;gap=7;k=1;q=1;s=9,10,false,12,0.056,12,2,8192,9.333,12,2,true
dec-045,dec,d_b=5;m=3;gap=7;k=1;q=1;s=9,10,false,12,0.056,12,2,16384,18.706,12,2,true
dec-045,dec,d_b=5;m=3;gap=7;k=1;q=1;s=9,10,false,12,0.056,12,2,32768,38.295,12,2,true
dec-045,dec,d_b=5;m=3;gap=7;k=1;q=1;s=9,10,false,12,0.056,12,2,65536,76.069,12,2,true
dec-045,dec,d_b=5;m=3;gap=7;k=1;q=1;s=9,10,false,12,0.056,12,2,131072,150.902,12,2,true
dec-045,dec,d_b=5;m=3;gap=7;k=1;q=1;s=9,10,false,12,0.056,12,2,262144,298.779,12,2,true
mixed-015-0,mixed,seed=0x5f12b3d3fd5095a5;cycles=7;planted=1;d_b=16;m=5;gap=2;k=1,294440,false,40898,0.283,88,10,1,0.122,91,76,false
mixed-015-0,mixed,seed=0x5f12b3d3fd5095a5;cycles=7;planted=1;d_b=16;m=5;gap=2;k=1,294440,false,40898,0.283,88,10,2,0.115,91,76,false
mixed-015-0,mixed,seed=0x5f12b3d3fd5095a5;cycles=7;planted=1;d_b=16;m=5;gap=2;k=1,294440,false,40898,0.283,88,10,4,0.149,91,76,false
mixed-015-0,mixed,seed=0x5f12b3d3fd5095a5;cycles=7;planted=1;d_b=16;m=5;gap=2;k=1,294440,false,40898,0.283,88,10,8,0.181,91,76,false
mixed-015-0,mixed,seed=0x5f12b3d3fd5095a5;cycles=7;planted=1;d_b=16;m=5;gap=2;k=1,294440,false,40898,0.283,88,10,16,0.282,91,76,false
mixed-015-0,mixed,seed=0x5f12b3d3fd5095a5;cycles=7;planted=1;d_b=16;m=5;gap=2;k=1,294440,false,40898,0.283,88,10,32,0.478,91,76,false
mixed-015-0,mixed,seed=0x5f12b3d3fd5095a5;cycles=7;planted=1;d_b=16;m=5;gap=2;k=1,294440,false,40898,0.283,88,10,64,0.783,91,76,false
mixed-015-0,mixed,seed=0x5f12b3d3fd5095a5;cycles=7;planted=1;d_b=16;m=5;gap=2;k=1,294440,false,40898,0.283,88,10,128,1.237,91,76,false
mixed-015-0,mixed,seed=0x5f12b3d3fd5095a5;cycles=7;planted=1;d_b=16;m=5;gap=2;k=1,294440,false,40898,0.283,88,10,256,2.004,91,76,false
mixed-015-0,mixed,seed=0x5f12b3d3fd5095a5;cycles=7;planted=1;d_b=16;m=5;gap=2;k=1,294440,false,40898,0.283,88,10,512,3.281,91,76,false
mixed-015-0,mixed,seed=0x5f12b3d3fd5095a5;cycles=7;planted=1;d_b=16;m=5;gap=2;k=1,294440,false,40898,0.283,88,10,1024,5.660,91,76,false
mixed-015-0,mixed,seed=0x5f12b3d3fd5095a5;cycles=7;planted=1;d_b=16;m=5;gap=2;k=1,294440,false,40898,0.283,88,10,2048,10.999,91,76,false
mixed-015-0,mixed,seed=0x5f12b3d3fd5095a5;cycles=7;planted=1;d_b=16;m=5;gap=2;k=1,294440,false,40898,0.283,88,10,4096,20.303,91,76,false
mixed-015-0,mixed,seed=0x5f12b3d3fd5095a5;cycles=7;planted=1;d_b=16;m=5;gap=2;k=1,294440,false,40898,0.283,88,10,8192,38.034,91,76,false
mixed-015-0,mixed,seed=0x5f12b3d3fd5095a5;cycles=7;planted=1;d_b=16;m=5;gap=2;k=1,294440,false,40898,0.283,88,10,16384,70.528,91,76,false
mixed-015-0,mixed,seed=0x5f12b3d3fd5095a5;cycles=7;planted=1;d_b=16;m=5;gap=2;k=1,294440,false,40898,0.283,88,10,32768,140.513,88,10,false
mixed-015-0,mixed,seed=0x5f12b3d3fd5095a5;cycles=7;planted=1;d_b=16;m=5;gap=2;k=1,294440,false,40898,0.283,88,10,65536,279.645,88,10,false
mixed-015-0,mixed,seed=0x5f12b3d3fd5095a5;cycles=7;planted=1;d_b=16;m=5;gap=2;k=1,294440,false,40898,0.283,88,10,131072,583.343,88,10,false
mixed-015-0,mixed,seed=0x5f12b3d3fd5095a5;cycles=7;planted=1;d_b=16;m=5;gap=2;k=1,294440,false,40898,0.283,88,10,262144,1171.747,88,10,false
dec-046,dec,d_b=5;m=3;gap=7;k=2;q=1;s=9,15,false,17,0.046,12,2,1,0.019,19,18,false
dec-046,dec,d_b=5;m=3;gap=7;k=2;q=1;s=9,15,false,17,0.046,12,2,2,0.019,19,18,false
dec-046,dec,d_b=5;m=3;gap=7;k=2;q=1;s=9,15,false,17,0.046,12,2,4,0.037,12,2,false
dec-046,dec,d_b=5;m=3;gap=7;k=2;q=1;s=9,15,false,17,0.046,12,2,8,0.038,12,2,false
dec-046,dec,d_b=5;m=3;gap=7;k=2;q=1;s=9,15,false,17,0.046,12,2,16,0.050,12,2,false
dec-046,dec,d_b=5;m=3;gap=7;k=2;q=1;s=9,15,false,17,0.046,12,2,32,0.058,12,2,false
dec-046,dec,d_b=5;m=3;gap=7;k=2;q=1;s=9,15,false,17,0.046,12,2,64,0.074,12,2,false
dec-046,dec,d_b=5;m=3;gap=7;k=2;q=1;s=9,15,false,17,0.046,12,2,128,0.101,12,2,false
dec-046,dec,d_b=5;m=3;gap=7;k=2;q=1;s=9,15,false,17,0.046,12,2,256,0.157,12,2,false
dec-046,dec,d_b=5;m=3;gap=7;k=2;q=1;s=9,15,false,17,0.046,12,2,512,0.252,12,2,true
dec-046,dec,d_b=5;m=3;gap=7;k=2;q=1;s=9,15,false,17,0.046,12,2,1024,0.418,12,2,true
dec-046,dec,d_b=5;m=3;gap=7;k=2;q=1;s=9,15,false,17,0.046,12,2,2048,0.752,12,2,true
dec-046,dec,d_b=5;m=3;gap=7;k=2;q=1;s=9,15,false,17,0.046,12,2,4096,1.376,12,2,true
dec-046,dec,d_b=5;m=3;gap=7;k=2;q=1;s=9,15,false,17,0.046,12,2,8192,2.593,12,2,true
dec-046,dec,d_b=5;m=3;gap=7;k=2;q=1;s=9,15,false,17,0.046,12,2,16384,4.763,12,2,true
dec-046,dec,d_b=5;m=3;gap=7;k=2;q=1;s=9,15,false,17,0.046,12,2,32768,9.000,12,2,true
dec-046,dec,d_b=5;m=3;gap=7;k=2;q=1;s=9,15,false,17,0.046,12,2,65536,45.563,12,2,true
dec-046,dec,d_b=5;m=3;gap=7;k=2;q=1;s=9,15,false,17,0.046,12,2,131072,126.231,12,2,true
dec-046,dec,d_b=5;m=3;gap=7;k=2;q=1;s=9,15,false,17,0.046,12,2,262144,288.656,12,2,true
mixed-015-1,mixed,seed=0x8842ba36f2d5f139;cycles=7;planted=1;d_b=16;m=5;gap=2;k=1,112961,false,16782,0.259,91,10,1,0.100,94,76,false
mixed-015-1,mixed,seed=0x8842ba36f2d5f139;cycles=7;planted=1;d_b=16;m=5;gap=2;k=1,112961,false,16782,0.259,91,10,2,0.102,94,76,false
mixed-015-1,mixed,seed=0x8842ba36f2d5f139;cycles=7;planted=1;d_b=16;m=5;gap=2;k=1,112961,false,16782,0.259,91,10,4,0.114,94,76,false
mixed-015-1,mixed,seed=0x8842ba36f2d5f139;cycles=7;planted=1;d_b=16;m=5;gap=2;k=1,112961,false,16782,0.259,91,10,8,0.179,94,76,false
mixed-015-1,mixed,seed=0x8842ba36f2d5f139;cycles=7;planted=1;d_b=16;m=5;gap=2;k=1,112961,false,16782,0.259,91,10,16,0.248,94,76,false
mixed-015-1,mixed,seed=0x8842ba36f2d5f139;cycles=7;planted=1;d_b=16;m=5;gap=2;k=1,112961,false,16782,0.259,91,10,32,0.340,94,76,false
mixed-015-1,mixed,seed=0x8842ba36f2d5f139;cycles=7;planted=1;d_b=16;m=5;gap=2;k=1,112961,false,16782,0.259,91,10,64,0.510,94,76,false
mixed-015-1,mixed,seed=0x8842ba36f2d5f139;cycles=7;planted=1;d_b=16;m=5;gap=2;k=1,112961,false,16782,0.259,91,10,128,0.757,94,76,false
mixed-015-1,mixed,seed=0x8842ba36f2d5f139;cycles=7;planted=1;d_b=16;m=5;gap=2;k=1,112961,false,16782,0.259,91,10,256,1.160,94,76,false
mixed-015-1,mixed,seed=0x8842ba36f2d5f139;cycles=7;planted=1;d_b=16;m=5;gap=2;k=1,112961,false,16782,0.259,91,10,512,1.788,94,76,false
mixed-015-1,mixed,seed=0x8842ba36f2d5f139;cycles=7;planted=1;d_b=16;m=5;gap=2;k=1,112961,false,16782,0.259,91,10,1024,2.844,94,76,false
mixed-015-1,mixed,seed=0x8842ba36f2d5f139;cycles=7;planted=1;d_b=16;m=5;gap=2;k=1,112961,false,16782,0.259,91,10,2048,4.636,91,10,false
mixed-015-1,mixed,seed=0x8842ba36f2d5f139;cycles=7;planted=1;d_b=16;m=5;gap=2;k=1,112961,false,16782,0.259,91,10,4096,7.683,91,10,false
mixed-015-1,mixed,seed=0x8842ba36f2d5f139;cycles=7;planted=1;d_b=16;m=5;gap=2;k=1,112961,false,16782,0.259,91,10,8192,12.880,91,10,false
mixed-015-1,mixed,seed=0x8842ba36f2d5f139;cycles=7;planted=1;d_b=16;m=5;gap=2;k=1,112961,false,16782,0.259,91,10,16384,22.508,91,10,false
mixed-015-1,mixed,seed=0x8842ba36f2d5f139;cycles=7;planted=1;d_b=16;m=5;gap=2;k=1,112961,false,16782,0.259,91,10,32768,40.080,91,10,false
mixed-015-1,mixed,seed=0x8842ba36f2d5f139;cycles=7;planted=1;d_b=16;m=5;gap=2;k=1,112961,false,16782,0.259,91,10,65536,74.527,91,10,false
mixed-015-1,mixed,seed=0x8842ba36f2d5f139;cycles=7;planted=1;d_b=16;m=5;gap=2;k=1,112961,false,16782,0.259,91,10,131072,146.368,91,10,false
mixed-015-1,mixed,seed=0x8842ba36f2d5f139;cycles=7;planted=1;d_b=16;m=5;gap=2;k=1,112961,false,16782,0.259,91,10,262144,282.870,91,10,false
dec-047,dec,d_b=5;m=3;gap=7;k=4;q=1;s=9,25,false,27,0.049,12,2,1,0.014,19,18,false
dec-047,dec,d_b=5;m=3;gap=7;k=4;q=1;s=9,25,false,27,0.049,12,2,2,0.018,19,18,false
dec-047,dec,d_b=5;m=3;gap=7;k=4;q=1;s=9,25,false,27,0.049,12,2,4,0.026,19,18,false
dec-047,dec,d_b=5;m=3;gap=7;k=4;q=1;s=9,25,false,27,0.049,12,2,8,0.044,12,2,false
dec-047,dec,d_b=5;m=3;gap=7;k=4;q=1;s=9,25,false,27,0.049,12,2,16,0.054,12,2,false
dec-047,dec,d_b=5;m=3;gap=7;k=4;q=1;s=9,25,false,27,0.049,12,2,32,0.068,12,2,false
dec-047,dec,d_b=5;m=3;gap=7;k=4;q=1;s=9,25,false,27,0.049,12,2,64,0.081,12,2,false
dec-047,dec,d_b=5;m=3;gap=7;k=4;q=1;s=9,25,false,27,0.049,12,2,128,0.117,12,2,false
dec-047,dec,d_b=5;m=3;gap=7;k=4;q=1;s=9,25,false,27,0.049,12,2,256,0.166,12,2,false
dec-047,dec,d_b=5;m=3;gap=7;k=4;q=1;s=9,25,false,27,0.049,12,2,512,0.261,12,2,false
dec-047,dec,d_b=5;m=3;gap=7;k=4;q=1;s=9,25,false,27,0.049,12,2,1024,0.440,12,2,false
dec-047,dec,d_b=5;m=3;gap=7;k=4;q=1;s=9,25,false,27,0.049,12,2,2048,0.790,12,2,false
dec-047,dec,d_b=5;m=3;gap=7;k=4;q=1;s=9,25,false,27,0.049,12,2,4096,1.450,12,2,false
dec-047,dec,d_b=5;m=3;gap=7;k=4;q=1;s=9,25,false,27,0.049,12,2,8192,2.781,12,2,true
dec-047,dec,d_b=5;m=3;gap=7;k=4;q=1;s=9,25,false,27,0.049,12,2,16384,5.191,12,2,true
dec-047,dec,d_b=5;m=3;gap=7;k=4;q=1;s=9,25,false,27,0.049,12,2,32768,9.749,12,2,true
dec-047,dec,d_b=5;m=3;gap=7;k=4;q=1;s=9,25,false,27,0.049,12,2,65536,18.635,12,2,true
dec-047,dec,d_b=5;m=3;gap=7;k=4;q=1;s=9,25,false,27,0.049,12,2,131072,36.308,12,2,true
dec-047,dec,d_b=5;m=3;gap=7;k=4;q=1;s=9,25,false,27,0.049,12,2,262144,70.446,12,2,true
mixed-015-2,mixed,seed=0x803c0dc14318a208;cycles=7;planted=1;d_b=16;m=5;gap=2;k=1,112953,false,16725,0.176,69,4,1,0.049,72,70,false
mixed-015-2,mixed,seed=0x803c0dc14318a208;cycles=7;planted=1;d_b=16;m=5;gap=2;k=1,112953,false,16725,0.176,69,4,2,0.062,72,70,false
mixed-015-2,mixed,seed=0x803c0dc14318a208;cycles=7;planted=1;d_b=16;m=5;gap=2;k=1,112953,false,16725,0.176,69,4,4,0.067,72,70,false
mixed-015-2,mixed,seed=0x803c0dc14318a208;cycles=7;planted=1;d_b=16;m=5;gap=2;k=1,112953,false,16725,0.176,69,4,8,0.111,72,70,false
mixed-015-2,mixed,seed=0x803c0dc14318a208;cycles=7;planted=1;d_b=16;m=5;gap=2;k=1,112953,false,16725,0.176,69,4,16,0.187,72,70,false
mixed-015-2,mixed,seed=0x803c0dc14318a208;cycles=7;planted=1;d_b=16;m=5;gap=2;k=1,112953,false,16725,0.176,69,4,32,0.302,72,70,false
mixed-015-2,mixed,seed=0x803c0dc14318a208;cycles=7;planted=1;d_b=16;m=5;gap=2;k=1,112953,false,16725,0.176,69,4,64,0.558,72,70,false
mixed-015-2,mixed,seed=0x803c0dc14318a208;cycles=7;planted=1;d_b=16;m=5;gap=2;k=1,112953,false,16725,0.176,69,4,128,0.884,72,70,false
mixed-015-2,mixed,seed=0x803c0dc14318a208;cycles=7;planted=1;d_b=16;m=5;gap=2;k=1,112953,false,16725,0.176,69,4,256,1.510,72,70,false
mixed-015-2,mixed,seed=0x803c0dc14318a208;cycles=7;planted=1;d_b=16;m=5;gap=2;k=1,112953,false,16725,0.176,69,4,512,2.774,72,70,false
mixed-015-2,mixed,seed=0x803c0dc14318a208;cycles=7;planted=1;d_b=16;m=5;gap=2;k=1,112953,false,16725,0.176,69,4,1024,5.424,72,70,false
mixed-015-2,mixed,seed=0x803c0dc14318a208;cycles=7;planted=1;d_b=16;m=5;gap=2;k=1,112953,false,16725,0.176,69,4,2048,10.916,72,70,false
mixed-015-2,mixed,seed=0x803c0dc14318a208;cycles=7;planted=1;d_b=16;m=5;gap=2;k=1,112953,false,16725,0.176,69,4,4096,21.970,72,70,false
mixed-015-2,mixed,seed=0x803c0dc14318a208;cycles=7;planted=1;d_b=16;m=5;gap=2;k=1,112953,false,16725,0.176,69,4,8192,43.714,72,70,false
mixed-015-2,mixed,seed=0x803c0dc14318a208;cycles=7;planted=1;d_b=16;m=5;gap=2;k=1,112953,false,16725,0.176,69,4,16384,85.997,72,70,false
mixed-015-2,mixed,seed=0x803c0dc14318a208;cycles=7;planted=1;d_b=16;m=5;gap=2;k=1,112953,false,16725,0.176,69,4,32768,178.263,69,4,false
mixed-015-2,mixed,seed=0x803c0dc14318a208;cycles=7;planted=1;d_b=16;m=5;gap=2;k=1,112953,false,16725,0.176,69,4,65536,361.317,69,4,false
mixed-015-2,mixed,seed=0x803c0dc14318a208;cycles=7;planted=1;d_b=16;m=5;gap=2;k=1,112953,false,16725,0.176,69,4,131072,745.559,69,4,false
mixed-015-2,mixed,seed=0x803c0dc14318a208;cycles=7;planted=1;d_b=16;m=5;gap=2;k=1,112953,false,16725,0.176,69,4,262144,1504.638,69,4,false
dec-048,dec,d_b=5;m=5;gap=1;k=1;q=3;s=11,10,false,12,0.057,22,2,1,0.020,23,22,false
dec-048,dec,d_b=5;m=5;gap=1;k=1;q=3;s=11,10,false,12,0.057,22,2,2,0.023,23,22,false
dec-048,dec,d_b=5;m=5;gap=1;k=1;q=3;s=11,10,false,12,0.057,22,2,4,0.023,23,22,false
dec-048,dec,d_b=5;m=5;gap=1;k=1;q=3;s=11,10,false,12,0.057,22,2,8,0.034,22,2,false
dec-048,dec,d_b=5;m=5;gap=1;k=1;q=3;s=11,10,false,12,0.057,22,2,16,0.040,22,2,false
dec-048,dec,d_b=5;m=5;gap=1;k=1;q=3;s=11,10,false,12,0.057,22,2,32,0.053,22,2,false
dec-048,dec,d_b=5;m=5;gap=1;k=1;q=3;s=11,10,false,12,0.057,22,2,64,0.078,22,2,true
dec-048,dec,d_b=5;m=5;gap=1;k=1;q=3;s=11,10,false,12,0.057,22,2,128,0.102,22,2,true
dec-048,dec,d_b=5;m=5;gap=1;k=1;q=3;s=11,10,false,12,0.057,22,2,256,0.153,22,2,true
dec-048,dec,d_b=5;m=5;gap=1;k=1;q=3;s=11,10,false,12,0.057,22,2,512,0.247,22,2,true
dec-048,dec,d_b=5;m=5;gap=1;k=1;q=3;s=11,10,false,12,0.057,22,2,1024,0.431,22,2,true
dec-048,dec,d_b=5;m=5;gap=1;k=1;q=3;s=11,10,false,12,0.057,22,2,2048,0.791,22,2,true
dec-048,dec,d_b=5;m=5;gap=1;k=1;q=3;s=11,10,false,12,0.057,22,2,4096,1.602,22,2,true
dec-048,dec,d_b=5;m=5;gap=1;k=1;q=3;s=11,10,false,12,0.057,22,2,8192,3.537,22,2,true
dec-048,dec,d_b=5;m=5;gap=1;k=1;q=3;s=11,10,false,12,0.057,22,2,16384,8.336,22,2,true
dec-048,dec,d_b=5;m=5;gap=1;k=1;q=3;s=11,10,false,12,0.057,22,2,32768,24.677,22,2,true
dec-048,dec,d_b=5;m=5;gap=1;k=1;q=3;s=11,10,false,12,0.057,22,2,65536,60.558,22,2,true
dec-048,dec,d_b=5;m=5;gap=1;k=1;q=3;s=11,10,false,12,0.057,22,2,131072,132.403,22,2,true
dec-048,dec,d_b=5;m=5;gap=1;k=1;q=3;s=11,10,false,12,0.057,22,2,262144,275.059,22,2,true
mixed-016-0,mixed,seed=0x5f5c059df54fbc37;cycles=7;planted=2;d_b=4;m=2;gap=1;k=2,25,false,27,0.049,13,4,1,0.017,15,12,false
mixed-016-0,mixed,seed=0x5f5c059df54fbc37;cycles=7;planted=2;d_b=4;m=2;gap=1;k=2,25,false,27,0.049,13,4,2,0.014,15,12,false
mixed-016-0,mixed,seed=0x5f5c059df54fbc37;cycles=7;planted=2;d_b=4;m=2;gap=1;k=2,25,false,27,0.049,13,4,4,0.018,15,12,false
mixed-016-0,mixed,seed=0x5f5c059df54fbc37;cycles=7;planted=2;d_b=4;m=2;gap=1;k=2,25,false,27,0.049,13,4,8,0.031,15,12,false
mixed-016-0,mixed,seed=0x5f5c059df54fbc37;cycles=7;planted=2;d_b=4;m=2;gap=1;k=2,25,false,27,0.049,13,4,16,0.034,15,12,false
mixed-016-0,mixed,seed=0x5f5c059df54fbc37;cycles=7;planted=2;d_b=4;m=2;gap=1;k=2,25,false,27,0.049,13,4,32,0.062,13,4,false
mixed-016-0,mixed,seed=0x5f5c059df54fbc37;cycles=7;planted=2;d_b=4;m=2;gap=1;k=2,25,false,27,0.049,13,4,64,0.083,13,4,false
mixed-016-0,mixed,seed=0x5f5c059df54fbc37;cycles=7;planted=2;d_b=4;m=2;gap=1;k=2,25,false,27,0.049,13,4,128,0.127,13,4,false
mixed-016-0,mixed,seed=0x5f5c059df54fbc37;cycles=7;planted=2;d_b=4;m=2;gap=1;k=2,25,false,27,0.049,13,4,256,0.207,13,4,false
mixed-016-0,mixed,seed=0x5f5c059df54fbc37;cycles=7;planted=2;d_b=4;m=2;gap=1;k=2,25,false,27,0.049,13,4,512,0.368,13,4,true
mixed-016-0,mixed,seed=0x5f5c059df54fbc37;cycles=7;planted=2;d_b=4;m=2;gap=1;k=2,25,false,27,0.049,13,4,1024,0.668,13,4,true
mixed-016-0,mixed,seed=0x5f5c059df54fbc37;cycles=7;planted=2;d_b=4;m=2;gap=1;k=2,25,false,27,0.049,13,4,2048,1.267,13,4,true
mixed-016-0,mixed,seed=0x5f5c059df54fbc37;cycles=7;planted=2;d_b=4;m=2;gap=1;k=2,25,false,27,0.049,13,4,4096,2.420,13,4,true
mixed-016-0,mixed,seed=0x5f5c059df54fbc37;cycles=7;planted=2;d_b=4;m=2;gap=1;k=2,25,false,27,0.049,13,4,8192,4.694,13,4,true
mixed-016-0,mixed,seed=0x5f5c059df54fbc37;cycles=7;planted=2;d_b=4;m=2;gap=1;k=2,25,false,27,0.049,13,4,16384,8.822,13,4,true
mixed-016-0,mixed,seed=0x5f5c059df54fbc37;cycles=7;planted=2;d_b=4;m=2;gap=1;k=2,25,false,27,0.049,13,4,32768,16.991,13,4,true
mixed-016-0,mixed,seed=0x5f5c059df54fbc37;cycles=7;planted=2;d_b=4;m=2;gap=1;k=2,25,false,27,0.049,13,4,65536,52.524,13,4,true
mixed-016-0,mixed,seed=0x5f5c059df54fbc37;cycles=7;planted=2;d_b=4;m=2;gap=1;k=2,25,false,27,0.049,13,4,131072,128.565,13,4,true
mixed-016-0,mixed,seed=0x5f5c059df54fbc37;cycles=7;planted=2;d_b=4;m=2;gap=1;k=2,25,false,27,0.049,13,4,262144,285.268,13,4,true
dec-049,dec,d_b=5;m=5;gap=1;k=2;q=3;s=11,15,false,17,0.064,22,2,1,0.016,23,22,false
dec-049,dec,d_b=5;m=5;gap=1;k=2;q=3;s=11,15,false,17,0.064,22,2,2,0.022,23,22,false
dec-049,dec,d_b=5;m=5;gap=1;k=2;q=3;s=11,15,false,17,0.064,22,2,4,0.029,23,22,false
dec-049,dec,d_b=5;m=5;gap=1;k=2;q=3;s=11,15,false,17,0.064,22,2,8,0.030,23,22,false
dec-049,dec,d_b=5;m=5;gap=1;k=2;q=3;s=11,15,false,17,0.064,22,2,16,0.051,22,2,false
dec-049,dec,d_b=5;m=5;gap=1;k=2;q=3;s=11,15,false,17,0.064,22,2,32,0.059,22,2,false
dec-049,dec,d_b=5;m=5;gap=1;k=2;q=3;s=11,15,false,17,0.064,22,2,64,0.075,22,2,false
dec-049,dec,d_b=5;m=5;gap=1;k=2;q=3;s=11,15,false,17,0.064,22,2,128,0.102,22,2,false
dec-049,dec,d_b=5;m=5;gap=1;k=2;q=3;s=11,15,false,17,0.064,22,2,256,0.154,22,2,false
dec-049,dec,d_b=5;m=5;gap=1;k=2;q=3;s=11,15,false,17,0.064,22,2,512,0.246,22,2,false
dec-049,dec,d_b=5;m=5;gap=1;k=2;q=3;s=11,15,false,17,0.064,22,2,1024,0.445,22,2,true
dec-049,dec,d_b=5;m=5;gap=1;k=2;q=3;s=11,15,false,17,0.064,22,2,2048,0.739,22,2,true
dec-049,dec,d_b=5;m=5;gap=1;k=2;q=3;s=11,15,false,17,0.064,22,2,4096,1.328,22,2,true
dec-049,dec,d_b=5;m=5;gap=1;k=2;q=3;s=11,15,false,17,0.064,22,2,8192,2.467,22,2,true
dec-049,dec,d_b=5;m=5;gap=1;k=2;q=3;s=11,15,false,17,0.064,22,2,16384,4.666,22,2,true
dec-049,dec,d_b=5;m=5;gap=1;k=2;q=3;s=11,15,false,17,0.064,22,2,32768,8.643,22,2,true
dec-049,dec,d_b=5;m=5;gap=1;k=2;q=3;s=11,15,false,17,0.064,22,2,65536,16.619,22,2,true
dec-049,dec,d_b=5;m=5;gap=1;k=2;q=3;s=11,15,false,17,0.064,22,2,131072,32.311,22,2,true
dec-049,dec,d_b=5;m=5;gap=1;k=2;q=3;s=11,15,false,17,0.064,22,2,262144,81.441,22,2,true
mixed-016-1,mixed,seed=0x1d02d638966cdafe;cycles=7;planted=2;d_b=4;m=2;gap=1;k=2,210957,false,30169,0.096,21,10,1,0.061,23,18,false
mixed-016-1,mixed,seed=0x1d02d638966cdafe;cycles=7;planted=2;d_b=4;m=2;gap=1;k=2,210957,false,30169,0.096,21,10,2,0.070,23,18,false
mixed-016-1,mixed,seed=0x1d02d638966cdafe;cycles=7;planted=2;d_b=4;m=2;gap=1;k=2,210957,false,30169,0.096,21,10,4,0.083,23,18,false
mixed-016-1,mixed,seed=0x1d02d638966cdafe;cycles=7;planted=2;d_b=4;m=2;gap=1;k=2,210957,false,30169,0.096,21,10,8,0.121,23,18,false
mixed-016-1,mixed,seed=0x1d02d638966cdafe;cycles=7;planted=2;d_b=4;m=2;gap=1;k=2,210957,false,30169,0.096,21,10,16,0.204,23,18,false
mixed-016-1,mixed,seed=0x1d02d638966cdafe;cycles=7;planted=2;d_b=4;m=2;gap=1;k=2,210957,false,30169,0.096,21,10,32,0.332,23,18,false
mixed-016-1,mixed,seed=0x1d02d638966cdafe;cycles=7;planted=2;d_b=4;m=2;gap=1;k=2,210957,false,30169,0.096,21,10,64,0.597,23,18,false
mixed-016-1,mixed,seed=0x1d02d638966cdafe;cycles=7;planted=2;d_b=4;m=2;gap=1;k=2,210957,false,30169,0.096,21,10,128,1.078,21,10,false
mixed-016-1,mixed,seed=0x1d02d638966cdafe;cycles=7;planted=2;d_b=4;m=2;gap=1;k=2,210957,false,30169,0.096,21,10,256,1.907,21,10,false
mixed-016-1,mixed,seed=0x1d02d638966cdafe;cycles=7;planted=2;d_b=4;m=2;gap=1;k=2,210957,false,30169,0.096,21,10,512,3.534,21,10,false
mixed-016-1,mixed,seed=0x1d02d638966cdafe;cycles=7;planted=2;d_b=4;m=2;gap=1;k=2,210957,false,30169,0.096,21,10,1024,6.900,21,10,false
mixed-016-1,mixed,seed=0x1d02d638966cdafe;cycles=7;planted=2;d_b=4;m=2;gap=1;k=2,210957,false,30169,0.096,21,10,2048,13.891,21,10,false
mixed-016-1,mixed,seed=0x1d02d638966cdafe;cycles=7;planted=2;d_b=4;m=2;gap=1;k=2,210957,false,30169,0.096,21,10,4096,28.325,21,10,false
mixed-016-1,mixed,seed=0x1d02d638966cdafe;cycles=7;planted=2;d_b=4;m=2;gap=1;k=2,210957,false,30169,0.096,21,10,8192,56.075,21,10,false
mixed-016-1,mixed,seed=0x1d02d638966cdafe;cycles=7;planted=2;d_b=4;m=2;gap=1;k=2,210957,false,30169,0.096,21,10,16384,111.823,21,10,false
mixed-016-1,mixed,seed=0x1d02d638966cdafe;cycles=7;planted=2;d_b=4;m=2;gap=1;k=2,210957,false,30169,0.096,21,10,32768,220.513,21,10,false
mixed-016-1,mixed,seed=0x1d02d638966cdafe;cycles=7;planted=2;d_b=4;m=2;gap=1;k=2,210957,false,30169,0.096,21,10,65536,456.223,21,10,false
mixed-016-1,mixed,seed=0x1d02d638966cdafe;cycles=7;planted=2;d_b=4;m=2;gap=1;k=2,210957,false,30169,0.096,21,10,131072,934.893,21,10,false
mixed-016-1,mixed,seed=0x1d02d638966cdafe;cycles=7;planted=2;d_b=4;m=2;gap=1;k=2,210957,false,30169,0.096,21,10,262144,1908.482,21,10,false
dec-050,dec,d_b=5;m=5;gap=1;k=4;q=3;s=11,25,false,27,0.101,22,2,1,0.021,23,22,false
dec-050,dec,d_b=5;m=5;gap=1;k=4;q=3;s=11,25,false,27,0.101,22,2,2,0.021,23,22,false
dec-050,dec,d_b=5;m=5;gap=1;k=4;q=3;s=11,25,false,27,0.101,22,2,4,0.031,23,22,false
dec-050,dec,d_b=5;m=5;gap=1;k=4;q=3;s=11,25,false,27,0.101,22,2,8,0.042,23,22,false
dec-050,dec,d_b=5;m=5;gap=1;k=4;q=3;s=11,25,false,27,0.101,22,2,16,0.050,23,22,false
dec-050,dec,d_b=5;m=5;gap=1;k=4;q=3;s=11,25,false,27,0.101,22,2,32,0.072,22,2,false
dec-050,dec,d_b=5;m=5;gap=1;k=4;q=3;s=11,25,false,27,0.101,22,2,64,0.093,22,2,false
dec-050,dec,d_b=5;m=5;gap=1;k=4;q=3;s=11,25,false,27,0.101,22,2,128,0.115,22,2,false
dec-050,dec,d_b=5;m=5;gap=1;k=4;q=3;s=11,25,false,27,0.101,22,2,256,0.174,22,2,false
dec-050,dec,d_b=5;m=5;gap=1;k=4;q=3;s=11,25,false,27,0.101,22,2,512,0.260,22,2,false
dec-050,dec,d_b=5;m=5;gap=1;k=4;q=3;s=11,25,false,27,0.101,22,2,1024,0.434,22,2,false
dec-050,dec,d_b=5;m=5;gap=1;k=4;q=3;s=11,25,false,27,0.101,22,2,2048,0.768,22,2,false
dec-050,dec,d_b=5;m=5;gap=1;k=4;q=3;s=11,25,false,27,0.101,22,2,4096,1.447,22,2,false
dec-050,dec,d_b=5;m=5;gap=1;k=4;q=3;s=11,25,false,27,0.101,22,2,8192,2.686,22,2,false
dec-050,dec,d_b=5;m=5;gap=1;k=4;q=3;s=11,25,false,27,0.101,22,2,16384,5.086,22,2,false
dec-050,dec,d_b=5;m=5;gap=1;k=4;q=3;s=11,25,false,27,0.101,22,2,32768,9.441,22,2,true
dec-050,dec,d_b=5;m=5;gap=1;k=4;q=3;s=11,25,false,27,0.101,22,2,65536,18.510,22,2,true
dec-050,dec,d_b=5;m=5;gap=1;k=4;q=3;s=11,25,false,27,0.101,22,2,131072,35.484,22,2,true
dec-050,dec,d_b=5;m=5;gap=1;k=4;q=3;s=11,25,false,27,0.101,22,2,262144,70.703,22,2,true
mixed-016-2,mixed,seed=0x4e1d17b758cf996a;cycles=7;planted=2;d_b=4;m=2;gap=1;k=2,26,false,28,0.062,14,4,1,0.016,16,12,false
mixed-016-2,mixed,seed=0x4e1d17b758cf996a;cycles=7;planted=2;d_b=4;m=2;gap=1;k=2,26,false,28,0.062,14,4,2,0.020,16,12,false
mixed-016-2,mixed,seed=0x4e1d17b758cf996a;cycles=7;planted=2;d_b=4;m=2;gap=1;k=2,26,false,28,0.062,14,4,4,0.020,16,12,false
mixed-016-2,mixed,seed=0x4e1d17b758cf996a;cycles=7;planted=2;d_b=4;m=2;gap=1;k=2,26,false,28,0.062,14,4,8,0.036,16,12,false
mixed-016-2,mixed,seed=0x4e1d17b758cf996a;cycles=7;planted=2;d_b=4;m=2;gap=1;k=2,26,false,28,0.062,14,4,16,0.042,16,12,false
mixed-016-2,mixed,seed=0x4e1d17b758cf996a;cycles=7;planted=2;d_b=4;m=2;gap=1;k=2,26,false,28,0.062,14,4,32,0.073,14,4,false
mixed-016-2,mixed,seed=0x4e1d17b758cf996a;cycles=7;planted=2;d_b=4;m=2;gap=1;k=2,26,false,28,0.062,14,4,64,0.102,14,4,false
mixed-016-2,mixed,seed=0x4e1d17b758cf996a;cycles=7;planted=2;d_b=4;m=2;gap=1;k=2,26,false,28,0.062,14,4,128,0.160,14,4,false
mixed-016-2,mixed,seed=0x4e1d17b758cf996a;cycles=7;planted=2;d_b=4;m=2;gap=1;k=2,26,false,28,0.062,14,4,256,0.277,14,4,false
mixed-016-2,mixed,seed=0x4e1d17b758cf996a;cycles=7;planted=2;d_b=4;m=2;gap=1;k=2,26,false,28,0.062,14,4,512,0.488,14,4,true
mixed-016-2,mixed,seed=0x4e1d17b758cf996a;cycles=7;planted=2;d_b=4;m=2;gap=1;k=2,26,false,28,0.062,14,4,1024,0.909,14,4,true
mixed-016-2,mixed,seed=0x4e1d17b758cf996a;cycles=7;planted=2;d_b=4;m=2;gap=1;k=2,26,false,28,0.062,14,4,2048,1.726,14,4,true
mixed-016-2,mixed,seed=0x4e1d17b758cf996a;cycles=7;planted=2;d_b=4;m=2;gap=1;k=2,26,false,28,0.062,14,4,4096,3.322,14,4,true
mixed-016-2,mixed,seed=0x4e1d17b758cf996a;cycles=7;planted=2;d_b=4;m=2;gap=1;k=2,26,false,28,0.062,14,4,8192,6.323,14,4,true
mixed-016-2,mixed,seed=0x4e1d17b758cf996a;cycles=7;planted=2;d_b=4;m=2;gap=1;k=2,26,false,28,0.062,14,4,16384,12.102,14,4,true
mixed-016-2,mixed,seed=0x4e1d17b758cf996a;cycles=7;planted=2;d_b=4;m=2;gap=1;k=2,26,false,28,0.062,14,4,32768,23.583,14,4,true
mixed-016-2,mixed,seed=0x4e1d17b758cf996a;cycles=7;planted=2;d_b=4;m=2;gap=1;k=2,26,false,28,0.062,14,4,65536,65.478,14,4,true
mixed-016-2,mixed,seed=0x4e1d17b758cf996a;cycles=7;planted=2;d_b=4;m=2;gap=1;k=2,26,false,28,0.062,14,4,131072,156.203,14,4,true
mixed-016-2,mixed,seed=0x4e1d17b758cf996a;cycles=7;planted=2;d_b=4;m=2;gap=1;k=2,26,false,28,0.062,14,4,262144,335.114,14,4,true
dec-051,dec,d_b=5;m=5;gap=3;k=1;q=3;s=12,10,false,12,0.051,22,2,1,0.016,25,24,false
dec-051,dec,d_b=5;m=5;gap=3;k=1;q=3;s=12,10,false,12,0.051,22,2,2,0.020,25,24,false
dec-051,dec,d_b=5;m=5;gap=3;k=1;q=3;s=12,10,false,12,0.051,22,2,4,0.024,25,24,false
dec-051,dec,d_b=5;m=5;gap=3;k=1;q=3;s=12,10,false,12,0.051,22,2,8,0.034,22,2,false
dec-051,dec,d_b=5;m=5;gap=3;k=1;q=3;s=12,10,false,12,0.051,22,2,16,0.050,22,2,false
dec-051,dec,d_b=5;m=5;gap=3;k=1;q=3;s=12,10,false,12,0.051,22,2,32,0.054,22,2,false
dec-051,dec,d_b=5;m=5;gap=3;k=1;q=3;s=12,10,false,12,0.051,22,2,64,0.080,22,2,true
dec-051,dec,d_b=5;m=5;gap=3;k=1;q=3;s=12,10,false,12,0.051,22,2,128,0.103,22,2,true
dec-051,dec,d_b=5;m=5;gap=3;k=1;q=3;s=12,10,false,12,0.051,22,2,256,0.161,22,2,true
dec-051,dec,d_b=5;m=5;gap=3;k=1;q=3;s=12,10,false,12,0.051,22,2,512,0.258,22,2,true
dec-051,dec,d_b=5;m=5;gap=3;k=1;q=3;s=12,10,false,12,0.051,22,2,1024,0.460,22,2,true
dec-051,dec,d_b=5;m=5;gap=3;k=1;q=3;s=12,10,false,12,0.051,22,2,2048,0.979,22,2,true
dec-051,dec,d_b=5;m=5;gap=3;k=1;q=3;s=12,10,false,12,0.051,22,2,4096,3.135,22,2,true
dec-051,dec,d_b=5;m=5;gap=3;k=1;q=3;s=12,10,false,12,0.051,22,2,8192,7.731,22,2,true
dec-051,dec,d_b=5;m=5;gap=3;k=1;q=3;s=12,10,false,12,0.051,22,2,16384,16.981,22,2,true
dec-051,dec,d_b=5;m=5;gap=3;k=1;q=3;s=12,10,false,12,0.051,22,2,32768,35.272,22,2,true
dec-051,dec,d_b=5;m=5;gap=3;k=1;q=3;s=12,10,false,12,0.051,22,2,65536,72.130,22,2,true
dec-051,dec,d_b=5;m=5;gap=3;k=1;q=3;s=12,10,false,12,0.051,22,2,131072,145.991,22,2,true
dec-051,dec,d_b=5;m=5;gap=3;k=1;q=3;s=12,10,false,12,0.051,22,2,262144,293.196,22,2,true
mixed-017-0,mixed,seed=0x6a7074260d21122c;cycles=7;planted=2;d_b=8;m=3;gap=2;k=2,382518,false,50459,0.329,60,12,1,0.244,66,48,false
mixed-017-0,mixed,seed=0x6a7074260d21122c;cycles=7;planted=2;d_b=8;m=3;gap=2;k=2,382518,false,50459,0.329,60,12,2,0.268,66,48,false
mixed-017-0,mixed,seed=0x6a7074260d21122c;cycles=7;planted=2;d_b=8;m=3;gap=2;k=2,382518,false,50459,0.329,60,12,4,0.331,66,48,false
mixed-017-0,mixed,seed=0x6a7074260d21122c;cycles=7;planted=2;d_b=8;m=3;gap=2;k=2,382518,false,50459,0.329,60,12,8,0.447,66,48,false
mixed-017-0,mixed,seed=0x6a7074260d21122c;cycles=7;planted=2;d_b=8;m=3;gap=2;k=2,382518,false,50459,0.329,60,12,16,0.700,66,48,false
mixed-017-0,mixed,seed=0x6a7074260d21122c;cycles=7;planted=2;d_b=8;m=3;gap=2;k=2,382518,false,50459,0.329,60,12,32,1.217,66,48,false
mixed-017-0,mixed,seed=0x6a7074260d21122c;cycles=7;planted=2;d_b=8;m=3;gap=2;k=2,382518,false,50459,0.329,60,12,64,2.200,66,48,false
mixed-017-0,mixed,seed=0x6a7074260d21122c;cycles=7;planted=2;d_b=8;m=3;gap=2;k=2,382518,false,50459,0.329,60,12,128,4.142,66,48,false
mixed-017-0,mixed,seed=0x6a7074260d21122c;cycles=7;planted=2;d_b=8;m=3;gap=2;k=2,382518,false,50459,0.329,60,12,256,8.187,66,48,false
mixed-017-0,mixed,seed=0x6a7074260d21122c;cycles=7;planted=2;d_b=8;m=3;gap=2;k=2,382518,false,50459,0.329,60,12,512,15.338,63,30,false
mixed-017-0,mixed,seed=0x6a7074260d21122c;cycles=7;planted=2;d_b=8;m=3;gap=2;k=2,382518,false,50459,0.329,60,12,1024,29.981,60,12,false
mixed-017-0,mixed,seed=0x6a7074260d21122c;cycles=7;planted=2;d_b=8;m=3;gap=2;k=2,382518,false,50459,0.329,60,12,2048,59.865,60,12,false
mixed-017-0,mixed,seed=0x6a7074260d21122c;cycles=7;planted=2;d_b=8;m=3;gap=2;k=2,382518,false,50459,0.329,60,12,4096,119.290,60,12,false
mixed-017-0,mixed,seed=0x6a7074260d21122c;cycles=7;planted=2;d_b=8;m=3;gap=2;k=2,382518,false,50459,0.329,60,12,8192,238.246,60,12,false
mixed-017-0,mixed,seed=0x6a7074260d21122c;cycles=7;planted=2;d_b=8;m=3;gap=2;k=2,382518,false,50459,0.329,60,12,16384,470.647,60,12,false
mixed-017-0,mixed,seed=0x6a7074260d21122c;cycles=7;planted=2;d_b=8;m=3;gap=2;k=2,382518,false,50459,0.329,60,12,32768,964.218,60,12,false
mixed-017-0,mixed,seed=0x6a7074260d21122c;cycles=7;planted=2;d_b=8;m=3;gap=2;k=2,382518,false,50459,0.329,60,12,65536,1942.208,60,12,false
mixed-017-0,mixed,seed=0x6a7074260d21122c;cycles=7;planted=2;d_b=8;m=3;gap=2;k=2,382518,false,50459,0.329,60,12,131072,3913.718,60,12,false
mixed-017-0,mixed,seed=0x6a7074260d21122c;cycles=7;planted=2;d_b=8;m=3;gap=2;k=2,382518,false,50459,0.329,60,12,262144,7899.278,60,12,false
dec-052,dec,d_b=5;m=5;gap=3;k=2;q=3;s=12,15,false,17,0.102,22,2,1,0.019,25,24,false
dec-052,dec,d_b=5;m=5;gap=3;k=2;q=3;s=12,15,false,17,0.102,22,2,2,0.038,25,24,false
dec-052,dec,d_b=5;m=5;gap=3;k=2;q=3;s=12,15,false,17,0.102,22,2,4,0.029,25,24,false
dec-052,dec,d_b=5;m=5;gap=3;k=2;q=3;s=12,15,false,17,0.102,22,2,8,0.033,25,24,false
dec-052,dec,d_b=5;m=5;gap=3;k=2;q=3;s=12,15,false,17,0.102,22,2,16,0.050,22,2,false
dec-052,dec,d_b=5;m=5;gap=3;k=2;q=3;s=12,15,false,17,0.102,22,2,32,0.079,22,2,false
dec-052,dec,d_b=5;m=5;gap=3;k=2;q=3;s=12,15,false,17,0.102,22,2,64,0.077,22,2,false
dec-052,dec,d_b=5;m=5;gap=3;k=2;q=3;s=12,15,false,17,0.102,22,2,128,0.110,22,2,false
dec-052,dec,d_b=5;m=5;gap=3;k=2;q=3;s=12,15,false,17,0.102,22,2,256,0.175,22,2,false
dec-052,dec,d_b=5;m=5;gap=3;k=2;q=3;s=12,15,false,17,0.102,22,2,512,0.268,22,2,false
dec-052,dec,d_b=5;m=5;gap=3;k=2;q=3;s=12,15,false,17,0.102,22,2,1024,0.434,22,2,true
dec-052,dec,d_b=5;m=5;gap=3;k=2;q=3;s=12,15,false,17,0.102,22,2,2048,0.733,22,2,true
dec-052,dec,d_b=5;m=5;gap=3;k=2;q=3;s=12,15,false,17,0.102,22,2,4096,1.334,22,2,true
dec-052,dec,d_b=5;m=5;gap=3;k=2;q=3;s=12,15,false,17,0.102,22,2,8192,2.482,22,2,true
dec-052,dec,d_b=5;m=5;gap=3;k=2;q=3;s=12,15,false,17,0.102,22,2,16384,4.629,22,2,true
dec-052,dec,d_b=5;m=5;gap=3;k=2;q=3;s=12,15,false,17,0.102,22,2,32768,8.551,22,2,true
dec-052,dec,d_b=5;m=5;gap=3;k=2;q=3;s=12,15,false,17,0.102,22,2,65536,16.699,22,2,true
dec-052,dec,d_b=5;m=5;gap=3;k=2;q=3;s=12,15,false,17,0.102,22,2,131072,90.355,22,2,true
dec-052,dec,d_b=5;m=5;gap=3;k=2;q=3;s=12,15,false,17,0.102,22,2,262144,252.236,22,2,true
mixed-017-1,mixed,seed=0x95572813e7a38c08;cycles=7;planted=2;d_b=8;m=3;gap=2;k=2,210272,false,30124,0.199,44,8,1,0.075,50,44,false
mixed-017-1,mixed,seed=0x95572813e7a38c08;cycles=7;planted=2;d_b=8;m=3;gap=2;k=2,210272,false,30124,0.199,44,8,2,0.099,50,44,false
mixed-017-1,mixed,seed=0x95572813e7a38c08;cycles=7;planted=2;d_b=8;m=3;gap=2;k=2,210272,false,30124,0.199,44,8,4,0.089,50,44,false
mixed-017-1,mixed,seed=0x95572813e7a38c08;cycles=7;planted=2;d_b=8;m=3;gap=2;k=2,210272,false,30124,0.199,44,8,8,0.140,50,44,false
mixed-017-1,mixed,seed=0x95572813e7a38c08;cycles=7;planted=2;d_b=8;m=3;gap=2;k=2,210272,false,30124,0.199,44,8,16,0.225,50,44,false
mixed-017-1,mixed,seed=0x95572813e7a38c08;cycles=7;planted=2;d_b=8;m=3;gap=2;k=2,210272,false,30124,0.199,44,8,32,0.402,50,44,false
mixed-017-1,mixed,seed=0x95572813e7a38c08;cycles=7;planted=2;d_b=8;m=3;gap=2;k=2,210272,false,30124,0.199,44,8,64,0.678,50,44,false
mixed-017-1,mixed,seed=0x95572813e7a38c08;cycles=7;planted=2;d_b=8;m=3;gap=2;k=2,210272,false,30124,0.199,44,8,128,1.129,50,44,false
mixed-017-1,mixed,seed=0x95572813e7a38c08;cycles=7;planted=2;d_b=8;m=3;gap=2;k=2,210272,false,30124,0.199,44,8,256,1.983,50,44,false
mixed-017-1,mixed,seed=0x95572813e7a38c08;cycles=7;planted=2;d_b=8;m=3;gap=2;k=2,210272,false,30124,0.199,44,8,512,3.663,47,26,false
mixed-017-1,mixed,seed=0x95572813e7a38c08;cycles=7;planted=2;d_b=8;m=3;gap=2;k=2,210272,false,30124,0.199,44,8,1024,7.041,44,8,false
mixed-017-1,mixed,seed=0x95572813e7a38c08;cycles=7;planted=2;d_b=8;m=3;gap=2;k=2,210272,false,30124,0.199,44,8,2048,14.165,44,8,false
mixed-017-1,mixed,seed=0x95572813e7a38c08;cycles=7;planted=2;d_b=8;m=3;gap=2;k=2,210272,false,30124,0.199,44,8,4096,28.168,44,8,false
mixed-017-1,mixed,seed=0x95572813e7a38c08;cycles=7;planted=2;d_b=8;m=3;gap=2;k=2,210272,false,30124,0.199,44,8,8192,56.023,44,8,false
mixed-017-1,mixed,seed=0x95572813e7a38c08;cycles=7;planted=2;d_b=8;m=3;gap=2;k=2,210272,false,30124,0.199,44,8,16384,110.512,44,8,false
mixed-017-1,mixed,seed=0x95572813e7a38c08;cycles=7;planted=2;d_b=8;m=3;gap=2;k=2,210272,false,30124,0.199,44,8,32768,219.566,44,8,false
mixed-017-1,mixed,seed=0x95572813e7a38c08;cycles=7;planted=2;d_b=8;m=3;gap=2;k=2,210272,false,30124,0.199,44,8,65536,445.118,44,8,false
mixed-017-1,mixed,seed=0x95572813e7a38c08;cycles=7;planted=2;d_b=8;m=3;gap=2;k=2,210272,false,30124,0.199,44,8,131072,910.743,44,8,false
mixed-017-1,mixed,seed=0x95572813e7a38c08;cycles=7;planted=2;d_b=8;m=3;gap=2;k=2,210272,false,30124,0.199,44,8,262144,1898.500,44,8,false
dec-053,dec,d_b=5;m=5;gap=3;k=4;q=3;s=12,25,false,27,0.100,22,2,1,0.019,25,24,false
dec-053,dec,d_b=5;m=5;gap=3;k=4;q=3;s=12,25,false,27,0.100,22,2,2,0.024,25,24,false
dec-053,dec,d_b=5;m=5;gap=3;k=4;q=3;s=12,25,false,27,0.100,22,2,4,0.031,25,24,false
dec-053,dec,d_b=5;m=5;gap=3;k=4;q=3;s=12,25,false,27,0.100,22,2,8,0.044,25,24,false
dec-053,dec,d_b=5;m=5;gap=3;k=4;q=3;s=12,25,false,27,0.100,22,2,16,0.050,25,24,false
dec-053,dec,d_b=5;m=5;gap=3;k=4;q=3;s=12,25,false,27,0.100,22,2,32,0.078,22,2,false
dec-053,dec,d_b=5;m=5;gap=3;k=4;q=3;s=12,25,false,27,0.100,22,2,64,0.105,22,2,false
dec-053,dec,d_b=5;m=5;gap=3;k=4;q=3;s=12,25,false,27,0.100,22,2,128,0.118,22,2,false
dec-053,dec,d_b=5;m=5;gap=3;k=4;q=3;s=12,25,false,27,0.100,22,2,256,0.175,22,2,false
dec-053,dec,d_b=5;m=5;gap=3;k=4;q=3;s=12,25,false,27,0.100,22,2,512,0.265,22,2,false
dec-053,dec,d_b=5;m=5;gap=3;k=4;q=3;s=12,25,false,27,0.100,22,2,1024,0.447,22,2,false
dec-053,dec,d_b=5;m=5;gap=3;k=4;q=3;s=12,25,false,27,0.100,22,2,2048,0.787,22,2,false
dec-053,dec,d_b=5;m=5;gap=3;k=4;q=3;s=12,25,false,27,0.100,22,2,4096,1.439,22,2,false
dec-053,dec,d_b=5;m=5;gap=3;k=4;q=3;s=12,25,false,27,0.100,22,2,8192,2.719,22,2,false
dec-053,dec,d_b=5;m=5;gap=3;k=4;q=3;s=12,25,false,27,0.100,22,2,16384,5.037,22,2,true
dec-053,dec,d_b=5;m=5;gap=3;k=4;q=3;s=12,25,false,27,0.100,22,2,32768,9.541,22,2,true
dec-053,dec,d_b=5;m=5;gap=3;k=4;q=3;s=12,25,false,27,0.100,22,2,65536,18.357,22,2,true
dec-053,dec,d_b=5;m=5;gap=3;k=4;q=3;s=12,25,false,27,0.100,22,2,131072,35.313,22,2,true
dec-053,dec,d_b=5;m=5;gap=3;k=4;q=3;s=12,25,false,27,0.100,22,2,262144,69.407,22,2,true
mixed-017-2,mixed,seed=0x16bfcd0faed9f741;cycles=7;planted=2;d_b=8;m=3;gap=2;k=2,112974,false,16752,0.178,51,12,1,0.064,57,48,false
mixed-017-2,mixed,seed=0x16bfcd0faed9f741;cycles=7;planted=2;d_b=8;m=3;gap=2;k=2,112974,false,16752,0.178,51,12,2,0.071,57,48,false
mixed-017-2,mixed,seed=0x16bfcd0faed9f741;cycles=7;planted=2;d_b=8;m=3;gap=2;k=2,112974,false,16752,0.178,51,12,4,0.062,57,48,false
mixed-017-2,mixed,seed=0x16bfcd0faed9f741;cycles=7;planted=2;d_b=8;m=3;gap=2;k=2,112974,false,16752,0.178,51,12,8,0.112,57,48,false
mixed-017-2,mixed,seed=0x16bfcd0faed9f741;cycles=7;planted=2;d_b=8;m=3;gap=2;k=2,112974,false,16752,0.178,51,12,16,0.143,57,48,false
mixed-017-2,mixed,seed=0x16bfcd0faed9f741;cycles=7;planted=2;d_b=8;m=3;gap=2;k=2,112974,false,16752,0.178,51,12,32,0.233,57,48,false
mixed-017-2,mixed,seed=0x16bfcd0faed9f741;cycles=7;planted=2;d_b=8;m=3;gap=2;k=2,112974,false,16752,0.178,51,12,64,0.362,57,48,false
mixed-017-2,mixed,seed=0x16bfcd0faed9f741;cycles=7;planted=2;d_b=8;m=3;gap=2;k=2,112974,false,16752,0.178,51,12,128,0.605,54,30,false
mixed-017-2,mixed,seed=0x16bfcd0faed9f741;cycles=7;planted=2;d_b=8;m=3;gap=2;k=2,112974,false,16752,0.178,51,12,256,0.953,54,30,false
mixed-017-2,mixed,seed=0x16bfcd0faed9f741;cycles=7;planted=2;d_b=8;m=3;gap=2;k=2,112974,false,16752,0.178,51,12,512,1.682,51,12,false
mixed-017-2,mixed,seed=0x16bfcd0faed9f741;cycles=7;planted=2;d_b=8;m=3;gap=2;k=2,112974,false,16752,0.178,51,12,1024,3.086,51,12,false
mixed-017-2,mixed,seed=0x16bfcd0faed9f741;cycles=7;planted=2;d_b=8;m=3;gap=2;k=2,112974,false,16752,0.178,51,12,2048,6.450,51,12,false
mixed-017-2,mixed,seed=0x16bfcd0faed9f741;cycles=7;planted=2;d_b=8;m=3;gap=2;k=2,112974,false,16752,0.178,51,12,4096,13.741,51,12,false
mixed-017-2,mixed,seed=0x16bfcd0faed9f741;cycles=7;planted=2;d_b=8;m=3;gap=2;k=2,112974,false,16752,0.178,51,12,8192,28.689,51,12,false
mixed-017-2,mixed,seed=0x16bfcd0faed9f741;cycles=7;planted=2;d_b=8;m=3;gap=2;k=2,112974,false,16752,0.178,51,12,16384,57.723,51,12,false
mixed-017-2,mixed,seed=0x16bfcd0faed9f741;cycles=7;planted=2;d_b=8;m=3;gap=2;k=2,112974,false,16752,0.178,51,12,32768,122.792,51,12,false
mixed-017-2,mixed,seed=0x16bfcd0faed9f741;cycles=7;planted=2;d_b=8;m=3;gap=2;k=2,112974,false,16752,0.178,51,12,65536,253.157,51,12,false
mixed-017-2,mixed,seed=0x16bfcd0faed9f741;cycles=7;planted=2;d_b=8;m=3;gap=2;k=2,112974,false,16752,0.178,51,12,131072,550.795,51,12,false
mixed-017-2,mixed,seed=0x16bfcd0faed9f741;cycles=7;planted=2;d_b=8;m=3;gap=2;k=2,112974,false,16752,0.178,51,12,262144,1140.697,51,12,false
dec-054,dec,d_b=5;m=5;gap=7;k=1;q=3;s=14,10,false,12,0.052,22,2,1,0.019,29,28,false
dec-054,dec,d_b=5;m=5;gap=7;k=1;q=3;s=14,10,false,12,0.052,22,2,2,0.029,29,28,false
dec-054,dec,d_b=5;m=5;gap=7;k=1;q=3;s=14,10,false,12,0.052,22,2,4,0.026,29,28,false
dec-054,dec,d_b=5;m=5;gap=7;k=1;q=3;s=14,10,false,12,0.052,22,2,8,0.043,22,2,false
dec-054,dec,d_b=5;m=5;gap=7;k=1;q=3;s=14,10,false,12,0.052,22,2,16,0.054,22,2,false
dec-054,dec,d_b=5;m=5;gap=7;k=1;q=3;s=14,10,false,12,0.052,22,2,32,0.065,22,2,false
dec-054,dec,d_b=5;m=5;gap=7;k=1;q=3;s=14,10,false,12,0.052,22,2,64,0.082,22,2,true
dec-054,dec,d_b=5;m=5;gap=7;k=1;q=3;s=14,10,false,12,0.052,22,2,128,0.109,22,2,true
dec-054,dec,d_b=5;m=5;gap=7;k=1;q=3;s=14,10,false,12,0.052,22,2,256,0.165,22,2,true
dec-054,dec,d_b=5;m=5;gap=7;k=1;q=3;s=14,10,false,12,0.052,22,2,512,0.271,22,2,true
dec-054,dec,d_b=5;m=5;gap=7;k=1;q=3;s=14,10,false,12,0.052,22,2,1024,0.621,22,2,true
dec-054,dec,d_b=5;m=5;gap=7;k=1;q=3;s=14,10,false,12,0.052,22,2,2048,1.896,22,2,true
dec-054,dec,d_b=5;m=5;gap=7;k=1;q=3;s=14,10,false,12,0.052,22,2,4096,4.460,22,2,true
dec-054,dec,d_b=5;m=5;gap=7;k=1;q=3;s=14,10,false,12,0.052,22,2,8192,9.010,22,2,true
dec-054,dec,d_b=5;m=5;gap=7;k=1;q=3;s=14,10,false,12,0.052,22,2,16384,18.323,22,2,true
dec-054,dec,d_b=5;m=5;gap=7;k=1;q=3;s=14,10,false,12,0.052,22,2,32768,37.105,22,2,true
dec-054,dec,d_b=5;m=5;gap=7;k=1;q=3;s=14,10,false,12,0.052,22,2,65536,73.867,22,2,true
dec-054,dec,d_b=5;m=5;gap=7;k=1;q=3;s=14,10,false,12,0.052,22,2,131072,150.628,22,2,true
dec-054,dec,d_b=5;m=5;gap=7;k=1;q=3;s=14,10,false,12,0.052,22,2,262144,299.684,22,2,true
mixed-018-0,mixed,seed=0xa2e678f1abf17b10;cycles=7;planted=2;d_b=12;m=2;gap=6;k=4,123,false,125,0.216,31,4,1,0.033,45,40,false
mixed-018-0,mixed,seed=0xa2e678f1abf17b10;cycles=7;planted=2;d_b=12;m=2;gap=6;k=4,123,false,125,0.216,31,4,2,0.033,45,40,false
mixed-018-0,mixed,seed=0xa2e678f1abf17b10;cycles=7;planted=2;d_b=12;m=2;gap=6;k=4,123,false,125,0.216,31,4,4,0.036,45,40,false
mixed-018-0,mixed,seed=0xa2e678f1abf17b10;cycles=7;planted=2;d_b=12;m=2;gap=6;k=4,123,false,125,0.216,31,4,8,0.056,45,40,false
mixed-018-0,mixed,seed=0xa2e678f1abf17b10;cycles=7;planted=2;d_b=12;m=2;gap=6;k=4,123,false,125,0.216,31,4,16,0.092,45,40,false
mixed-018-0,mixed,seed=0xa2e678f1abf17b10;cycles=7;planted=2;d_b=12;m=2;gap=6;k=4,123,false,125,0.216,31,4,32,0.115,45,40,false
mixed-018-0,mixed,seed=0xa2e678f1abf17b10;cycles=7;planted=2;d_b=12;m=2;gap=6;k=4,123,false,125,0.216,31,4,64,0.178,45,40,false
mixed-018-0,mixed,seed=0xa2e678f1abf17b10;cycles=7;planted=2;d_b=12;m=2;gap=6;k=4,123,false,125,0.216,31,4,128,0.245,45,40,false
mixed-018-0,mixed,seed=0xa2e678f1abf17b10;cycles=7;planted=2;d_b=12;m=2;gap=6;k=4,123,false,125,0.216,31,4,256,0.412,45,40,false
mixed-018-0,mixed,seed=0xa2e678f1abf17b10;cycles=7;planted=2;d_b=12;m=2;gap=6;k=4,123,false,125,0.216,31,4,512,0.733,31,4,false
mixed-018-0,mixed,seed=0xa2e678f1abf17b10;cycles=7;planted=2;d_b=12;m=2;gap=6;k=4,123,false,125,0.216,31,4,1024,1.298,31,4,false
mixed-018-0,mixed,seed=0xa2e678f1abf17b10;cycles=7;planted=2;d_b=12;m=2;gap=6;k=4,123,false,125,0.216,31,4,2048,2.377,31,4,false
mixed-018-0,mixed,seed=0xa2e678f1abf17b10;cycles=7;planted=2;d_b=12;m=2;gap=6;k=4,123,false,125,0.216,31,4,4096,4.492,31,4,false
mixed-018-0,mixed,seed=0xa2e678f1abf17b10;cycles=7;planted=2;d_b=12;m=2;gap=6;k=4,123,false,125,0.216,31,4,8192,8.496,31,4,false
mixed-018-0,mixed,seed=0xa2e678f1abf17b10;cycles=7;planted=2;d_b=12;m=2;gap=6;k=4,123,false,125,0.216,31,4,16384,16.445,31,4,false
mixed-018-0,mixed,seed=0xa2e678f1abf17b10;cycles=7;planted=2;d_b=12;m=2;gap=6;k=4,123,false,125,0.216,31,4,32768,31.875,31,4,false
mixed-018-0,mixed,seed=0xa2e678f1abf17b10;cycles=7;planted=2;d_b=12;m=2;gap=6;k=4,123,false,125,0.216,31,4,65536,62.850,31,4,false
mixed-018-0,mixed,seed=0xa2e678f1abf17b10;cycles=7;planted=2;d_b=12;m=2;gap=6;k=4,123,false,125,0.216,31,4,131072,123.919,31,4,false
mixed-018-0,mixed,seed=0xa2e678f1abf17b10;cycles=7;planted=2;d_b=12;m=2;gap=6;k=4,123,false,125,0.216,31,4,262144,246.048,31,4,false
dec-055,dec,d_b=5;m=5;gap=7;k=2;q=3;s=14,15,false,17,0.068,22,2,1,0.021,29,28,false
dec-055,dec,d_b=5;m=5;gap=7;k=2;q=3;s=14,15,false,17,0.068,22,2,2,0.021,29,28,false
dec-055,dec,d_b=5;m=5;gap=7;k=2;q=3;s=14,15,false,17,0.068,22,2,4,0.030,29,28,false
dec-055,dec,d_b=5;m=5;gap=7;k=2;q=3;s=14,15,false,17,0.068,22,2,8,0.031,29,28,false
dec-055,dec,d_b=5;m=5;gap=7;k=2;q=3;s=14,15,false,17,0.068,22,2,16,0.054,22,2,false
dec-055,dec,d_b=5;m=5;gap=7;k=2;q=3;s=14,15,false,17,0.068,22,2,32,0.064,22,2,false
dec-055,dec,d_b=5;m=5;gap=7;k=2;q=3;s=14,15,false,17,0.068,22,2,64,0.084,22,2,false
dec-055,dec,d_b=5;m=5;gap=7;k=2;q=3;s=14,15,false,17,0.068,22,2,128,0.118,22,2,false
dec-055,dec,d_b=5;m=5;gap=7;k=2;q=3;s=14,15,false,17,0.068,22,2,256,0.164,22,2,false
dec-055,dec,d_b=5;m=5;gap=7;k=2;q=3;s=14,15,false,17,0.068,22,2,512,0.266,22,2,true
dec-055,dec,d_b=5;m=5;gap=7;k=2;q=3;s=14,15,false,17,0.068,22,2,1024,0.431,22,2,true
dec-055,dec,d_b=5;m=5;gap=7;k=2;q=3;s=14,15,false,17,0.068,22,2,2048,0.764,22,2,true
dec-055,dec,d_b=5;m=5;gap=7;k=2;q=3;s=14,15,false,17,0.068,22,2,4096,1.373,22,2,true
dec-055,dec,d_b=5;m=5;gap=7;k=2;q=3;s=14,15,false,17,0.068,22,2,8192,2.566,22,2,true
dec-055,dec,d_b=5;m=5;gap=7;k=2;q=3;s=14,15,false,17,0.068,22,2,16384,4.712,22,2,true
dec-055,dec,d_b=5;m=5;gap=7;k=2;q=3;s=14,15,false,17,0.068,22,2,32768,8.926,22,2,true
dec-055,dec,d_b=5;m=5;gap=7;k=2;q=3;s=14,15,false,17,0.068,22,2,65536,45.627,22,2,true
dec-055,dec,d_b=5;m=5;gap=7;k=2;q=3;s=14,15,false,17,0.068,22,2,131072,127.546,22,2,true
dec-055,dec,d_b=5;m=5;gap=7;k=2;q=3;s=14,15,false,17,0.068,22,2,262144,291.209,22,2,true
mixed-018-1,mixed,seed=0x6eefb8a8d4673c2e;cycles=7;planted=2;d_b=12;m=2;gap=6;k=4,210347,false,30198,0.261,40,8,1,0.074,54,44,false
mixed-018-1,mixed,seed=0x6eefb8a8d4673c2e;cycles=7;planted=2;d_b=12;m=2;gap=6;k=4,210347,false,30198,0.261,40,8,2,0.096,54,44,false
mixed-018-1,mixed,seed=0x6eefb8a8d4673c2e;cycles=7;planted=2;d_b=12;m=2;gap=6;k=4,210347,false,30198,0.261,40,8,4,0.096,54,44,false
mixed-018-1,mixed,seed=0x6eefb8a8d4673c2e;cycles=7;planted=2;d_b=12;m=2;gap=6;k=4,210347,false,30198,0.261,40,8,8,0.141,54,44,false
mixed-018-1,mixed,seed=0x6eefb8a8d4673c2e;cycles=7;planted=2;d_b=12;m=2;gap=6;k=4,210347,false,30198,0.261,40,8,16,0.238,54,44,false
mixed-018-1,mixed,seed=0x6eefb8a8d4673c2e;cycles=7;planted=2;d_b=12;m=2;gap=6;k=4,210347,false,30198,0.261,40,8,32,0.408,54,44,false
mixed-018-1,mixed,seed=0x6eefb8a8d4673c2e;cycles=7;planted=2;d_b=12;m=2;gap=6;k=4,210347,false,30198,0.261,40,8,64,0.718,54,44,false
mixed-018-1,mixed,seed=0x6eefb8a8d4673c2e;cycles=7;planted=2;d_b=12;m=2;gap=6;k=4,210347,false,30198,0.261,40,8,128,1.200,54,44,false
mixed-018-1,mixed,seed=0x6eefb8a8d4673c2e;cycles=7;planted=2;d_b=12;m=2;gap=6;k=4,210347,false,30198,0.261,40,8,256,2.128,54,44,false
mixed-018-1,mixed,seed=0x6eefb8a8d4673c2e;cycles=7;planted=2;d_b=12;m=2;gap=6;k=4,210347,false,30198,0.261,40,8,512,3.944,54,44,false
mixed-018-1,mixed,seed=0x6eefb8a8d4673c2e;cycles=7;planted=2;d_b=12;m=2;gap=6;k=4,210347,false,30198,0.261,40,8,1024,7.649,54,44,false
mixed-018-1,mixed,seed=0x6eefb8a8d4673c2e;cycles=7;planted=2;d_b=12;m=2;gap=6;k=4,210347,false,30198,0.261,40,8,2048,15.370,54,44,false
mixed-018-1,mixed,seed=0x6eefb8a8d4673c2e;cycles=7;planted=2;d_b=12;m=2;gap=6;k=4,210347,false,30198,0.261,40,8,4096,30.672,54,44,false
mixed-018-1,mixed,seed=0x6eefb8a8d4673c2e;cycles=7;planted=2;d_b=12;m=2;gap=6;k=4,210347,false,30198,0.261,40,8,8192,62.403,47,26,false
mixed-018-1,mixed,seed=0x6eefb8a8d4673c2e;cycles=7;planted=2;d_b=12;m=2;gap=6;k=4,210347,false,30198,0.261,40,8,16384,119.533,47,26,false
mixed-018-1,mixed,seed=0x6eefb8a8d4673c2e;cycles=7;planted=2;d_b=12;m=2;gap=6;k=4,210347,false,30198,0.261,40,8,32768,247.249,47,26,false
mixed-018-1,mixed,seed=0x6eefb8a8d4673c2e;cycles=7;planted=2;d_b=12;m=2;gap=6;k=4,210347,false,30198,0.261,40,8,65536,494.599,40,8,false
mixed-018-1,mixed,seed=0x6eefb8a8d4673c2e;cycles=7;planted=2;d_b=12;m=2;gap=6;k=4,210347,false,30198,0.261,40,8,131072,1013.123,40,8,false
mixed-018-1,mixed,seed=0x6eefb8a8d4673c2e;cycles=7;planted=2;d_b=12;m=2;gap=6;k=4,210347,false,30198,0.261,40,8,262144,2047.164,40,8,false
dec-056,dec,d_b=5;m=5;gap=7;k=4;q=3;s=14,25,false,27,0.097,22,2,1,0.023,29,28,false
dec-056,dec,d_b=5;m=5;gap=7;k=4;q=3;s=14,25,false,27,0.097,22,2,2,0.026,29,28,false
dec-056,dec,d_b=5;m=5;gap=7;k=4;q=3;s=14,25,false,27,0.097,22,2,4,0.036,29,28,false
dec-056,dec,d_b=5;m=5;gap=7;k=4;q=3;s=14,25,false,27,0.097,22,2,8,0.048,29,28,false
dec-056,dec,d_b=5;m=5;gap=7;k=4;q=3;s=14,25,false,27,0.097,22,2,16,0.055,29,28,false
dec-056,dec,d_b=5;m=5;gap=7;k=4;q=3;s=14,25,false,27,0.097,22,2,32,0.083,22,2,false
dec-056,dec,d_b=5;m=5;gap=7;k=4;q=3;s=14,25,false,27,0.097,22,2,64,0.102,22,2,false
dec-056,dec,d_b=5;m=5;gap=7;k=4;q=3;s=14,25,false,27,0.097,22,2,128,0.127,22,2,false
dec-056,dec,d_b=5;m=5;gap=7;k=4;q=3;s=14,25,false,27,0.097,22,2,256,0.185,22,2,false
dec-056,dec,d_b=5;m=5;gap=7;k=4;q=3;s=14,25,false,27,0.097,22,2,512,0.279,22,2,false
dec-056,dec,d_b=5;m=5;gap=7;k=4;q=3;s=14,25,false,27,0.097,22,2,1024,0.465,22,2,false
dec-056,dec,d_b=5;m=5;gap=7;k=4;q=3;s=14,25,false,27,0.097,22,2,2048,0.809,22,2,false
dec-056,dec,d_b=5;m=5;gap=7;k=4;q=3;s=14,25,false,27,0.097,22,2,4096,1.489,22,2,false
dec-056,dec,d_b=5;m=5;gap=7;k=4;q=3;s=14,25,false,27,0.097,22,2,8192,2.750,22,2,false
dec-056,dec,d_b=5;m=5;gap=7;k=4;q=3;s=14,25,false,27,0.097,22,2,16384,5.108,22,2,true
dec-056,dec,d_b=5;m=5;gap=7;k=4;q=3;s=14,25,false,27,0.097,22,2,32768,9.584,22,2,true
dec-056,dec,d_b=5;m=5;gap=7;k=4;q=3;s=14,25,false,27,0.097,22,2,65536,18.368,22,2,true
dec-056,dec,d_b=5;m=5;gap=7;k=4;q=3;s=14,25,false,27,0.097,22,2,131072,36.147,22,2,true
dec-056,dec,d_b=5;m=5;gap=7;k=4;q=3;s=14,25,false,27,0.097,22,2,262144,70.813,22,2,true
mixed-018-2,mixed,seed=0x3f408df1ca9af176;cycles=7;planted=2;d_b=12;m=2;gap=6;k=4,113048,false,16868,0.304,54,8,1,0.153,68,44,false
mixed-018-2,mixed,seed=0x3f408df1ca9af176;cycles=7;planted=2;d_b=12;m=2;gap=6;k=4,113048,false,16868,0.304,54,8,2,0.166,68,44,false
mixed-018-2,mixed,seed=0x3f408df1ca9af176;cycles=7;planted=2;d_b=12;m=2;gap=6;k=4,113048,false,16868,0.304,54,8,4,0.187,68,44,false
mixed-018-2,mixed,seed=0x3f408df1ca9af176;cycles=7;planted=2;d_b=12;m=2;gap=6;k=4,113048,false,16868,0.304,54,8,8,0.261,68,44,false
mixed-018-2,mixed,seed=0x3f408df1ca9af176;cycles=7;planted=2;d_b=12;m=2;gap=6;k=4,113048,false,16868,0.304,54,8,16,0.427,68,44,false
mixed-018-2,mixed,seed=0x3f408df1ca9af176;cycles=7;planted=2;d_b=12;m=2;gap=6;k=4,113048,false,16868,0.304,54,8,32,0.727,68,44,false
mixed-018-2,mixed,seed=0x3f408df1ca9af176;cycles=7;planted=2;d_b=12;m=2;gap=6;k=4,113048,false,16868,0.304,54,8,64,1.323,68,44,false
mixed-018-2,mixed,seed=0x3f408df1ca9af176;cycles=7;planted=2;d_b=12;m=2;gap=6;k=4,113048,false,16868,0.304,54,8,128,2.335,68,44,false
mixed-018-2,mixed,seed=0x3f408df1ca9af176;cycles=7;planted=2;d_b=12;m=2;gap=6;k=4,113048,false,16868,0.304,54,8,256,4.373,68,44,false
mixed-018-2,mixed,seed=0x3f408df1ca9af176;cycles=7;planted=2;d_b=12;m=2;gap=6;k=4,113048,false,16868,0.304,54,8,512,8.003,68,44,false
mixed-018-2,mixed,seed=0x3f408df1ca9af176;cycles=7;planted=2;d_b=12;m=2;gap=6;k=4,113048,false,16868,0.304,54,8,1024,15.620,68,44,false
mixed-018-2,mixed,seed=0x3f408df1ca9af176;cycles=7;planted=2;d_b=12;m=2;gap=6;k=4,113048,false,16868,0.304,54,8,2048,30.606,54,8,false
mixed-018-2,mixed,seed=0x3f408df1ca9af176;cycles=7;planted=2;d_b=12;m=2;gap=6;k=4,113048,false,16868,0.304,54,8,4096,60.345,54,8,false
mixed-018-2,mixed,seed=0x3f408df1ca9af176;cycles=7;planted=2;d_b=12;m=2;gap=6;k=4,113048,false,16868,0.304,54,8,8192,117.065,54,8,false
mixed-018-2,mixed,seed=0x3f408df1ca9af176;cycles=7;planted=2;d_b=12;m=2;gap=6;k=4,113048,false,16868,0.304,54,8,16384,229.648,54,8,false
mixed-018-2,mixed,seed=0x3f408df1ca9af176;cycles=7;planted=2;d_b=12;m=2;gap=6;k=4,113048,false,16868,0.304,54,8,32768,469.179,54,8,false
mixed-018-2,mixed,seed=0x3f408df1ca9af176;cycles=7;planted=2;d_b=12;m=2;gap=6;k=4,113048,false,16868,0.304,54,8,65536,923.444,54,8,false
mixed-018-2,mixed,seed=0x3f408df1ca9af176;cycles=7;planted=2;d_b=12;m=2;gap=6;k=4,113048,false,16868,0.304,54,8,131072,1860.427,54,8,false
mixed-018-2,mixed,seed=0x3f408df1ca9af176;cycles=7;planted=2;d_b=12;m=2;gap=6;k=4,113048,false,16868,0.304,54,8,262144,3823.126,54,8,false
dec-057,dec,d_b=5;m=5;gap=13;k=1;q=3;s=17,10,false,12,0.058,22,2,1,0.022,35,34,false
dec-057,dec,d_b=5;m=5;gap=13;k=1;q=3;s=17,10,false,12,0.058,22,2,2,0.028,22,2,false
dec-057,dec,d_b=5;m=5;gap=13;k=1;q=3;s=17,10,false,12,0.058,22,2,4,0.046,22,2,false
dec-057,dec,d_b=5;m=5;gap=13;k=1;q=3;s=17,10,false,12,0.058,22,2,8,0.048,22,2,false
dec-057,dec,d_b=5;m=5;gap=13;k=1;q=3;s=17,10,false,12,0.058,22,2,16,0.071,22,2,false
dec-057,dec,d_b=5;m=5;gap=13;k=1;q=3;s=17,10,false,12,0.058,22,2,32,0.071,22,2,false
dec-057,dec,d_b=5;m=5;gap=13;k=1;q=3;s=17,10,false,12,0.058,22,2,64,0.091,22,2,true
dec-057,dec,d_b=5;m=5;gap=13;k=1;q=3;s=17,10,false,12,0.058,22,2,128,0.117,22,2,true
dec-057,dec,d_b=5;m=5;gap=13;k=1;q=3;s=17,10,false,12,0.058,22,2,256,0.189,22,2,true
dec-057,dec,d_b=5;m=5;gap=13;k=1;q=3;s=17,10,false,12,0.058,22,2,512,0.301,22,2,true
dec-057,dec,d_b=5;m=5;gap=13;k=1;q=3;s=17,10,false,12,0.058,22,2,1024,0.884,22,2,true
dec-057,dec,d_b=5;m=5;gap=13;k=1;q=3;s=17,10,false,12,0.058,22,2,2048,2.170,22,2,true
dec-057,dec,d_b=5;m=5;gap=13;k=1;q=3;s=17,10,false,12,0.058,22,2,4096,4.698,22,2,true
dec-057,dec,d_b=5;m=5;gap=13;k=1;q=3;s=17,10,false,12,0.058,22,2,8192,9.373,22,2,true
dec-057,dec,d_b=5;m=5;gap=13;k=1;q=3;s=17,10,false,12,0.058,22,2,16384,18.749,22,2,true
dec-057,dec,d_b=5;m=5;gap=13;k=1;q=3;s=17,10,false,12,0.058,22,2,32768,37.494,22,2,true
dec-057,dec,d_b=5;m=5;gap=13;k=1;q=3;s=17,10,false,12,0.058,22,2,65536,75.967,22,2,true
dec-057,dec,d_b=5;m=5;gap=13;k=1;q=3;s=17,10,false,12,0.058,22,2,131072,151.278,22,2,true
dec-057,dec,d_b=5;m=5;gap=13;k=1;q=3;s=17,10,false,12,0.058,22,2,262144,303.357,22,2,true
mixed-019-0,mixed,seed=0x68c669fc82b2c9f1;cycles=7;planted=2;d_b=16;m=5;gap=2;k=1,210997,false,30206,0.361,139,8,1,0.079,145,140,false
mixed-019-0,mixed,seed=0x68c669fc82b2c9f1;cycles=7;planted=2;d_b=16;m=5;gap=2;k=1,210997,false,30206,0.361,139,8,2,0.092,145,140,false
mixed-019-0,mixed,seed=0x68c669fc82b2c9f1;cycles=7;planted=2;d_b=16;m=5;gap=2;k=1,210997,false,30206,0.361,139,8,4,0.103,145,140,false
mixed-019-0,mixed,seed=0x68c669fc82b2c9f1;cycles=7;planted=2;d_b=16;m=5;gap=2;k=1,210997,false,30206,0.361,139,8,8,0.124,145,140,false
mixed-019-0,mixed,seed=0x68c669fc82b2c9f1;cycles=7;planted=2;d_b=16;m=5;gap=2;k=1,210997,false,30206,0.361,139,8,16,0.204,145,140,false
mixed-019-0,mixed,seed=0x68c669fc82b2c9f1;cycles=7;planted=2;d_b=16;m=5;gap=2;k=1,210997,false,30206,0.361,139,8,32,0.321,145,140,false
mixed-019-0,mixed,seed=0x68c669fc82b2c9f1;cycles=7;planted=2;d_b=16;m=5;gap=2;k=1,210997,false,30206,0.361,139,8,64,0.511,145,140,false
mixed-019-0,mixed,seed=0x68c669fc82b2c9f1;cycles=7;planted=2;d_b=16;m=5;gap=2;k=1,210997,false,30206,0.361,139,8,128,0.757,145,140,false
mixed-019-0,mixed,seed=0x68c669fc82b2c9f1;cycles=7;planted=2;d_b=16;m=5;gap=2;k=1,210997,false,30206,0.361,139,8,256,1.208,145,140,false
mixed-019-0,mixed,seed=0x68c669fc82b2c9f1;cycles=7;planted=2;d_b=16;m=5;gap=2;k=1,210997,false,30206,0.361,139,8,512,1.986,145,140,false
mixed-019-0,mixed,seed=0x68c669fc82b2c9f1;cycles=7;planted=2;d_b=16;m=5;gap=2;k=1,210997,false,30206,0.361,139,8,1024,3.552,145,140,false
mixed-019-0,mixed,seed=0x68c669fc82b2c9f1;cycles=7;planted=2;d_b=16;m=5;gap=2;k=1,210997,false,30206,0.361,139,8,2048,6.840,145,140,false
mixed-019-0,mixed,seed=0x68c669fc82b2c9f1;cycles=7;planted=2;d_b=16;m=5;gap=2;k=1,210997,false,30206,0.361,139,8,4096,13.416,145,140,false
mixed-019-0,mixed,seed=0x68c669fc82b2c9f1;cycles=7;planted=2;d_b=16;m=5;gap=2;k=1,210997,false,30206,0.361,139,8,8192,26.329,145,140,false
mixed-019-0,mixed,seed=0x68c669fc82b2c9f1;cycles=7;planted=2;d_b=16;m=5;gap=2;k=1,210997,false,30206,0.361,139,8,16384,51.176,145,140,false
mixed-019-0,mixed,seed=0x68c669fc82b2c9f1;cycles=7;planted=2;d_b=16;m=5;gap=2;k=1,210997,false,30206,0.361,139,8,32768,107.337,145,140,false
mixed-019-0,mixed,seed=0x68c669fc82b2c9f1;cycles=7;planted=2;d_b=16;m=5;gap=2;k=1,210997,false,30206,0.361,139,8,65536,220.082,145,140,false
mixed-019-0,mixed,seed=0x68c669fc82b2c9f1;cycles=7;planted=2;d_b=16;m=5;gap=2;k=1,210997,false,30206,0.361,139,8,131072,459.892,145,140,false
mixed-019-0,mixed,seed=0x68c669fc82b2c9f1;cycles=7;planted=2;d_b=16;m=5;gap=2;k=1,210997,false,30206,0.361,139,8,262144,944.928,145,140,false
dec-058,dec,d_b=5;m=5;gap=13;k=2;q=3;s=17,15,false,17,0.047,22,2,1,0.017,35,34,false
dec-058,dec,d_b=5;m=5;gap=13;k=2;q=3;s=17,15,false,17,0.047,22,2,2,0.026,35,34,false
dec-058,dec,d_b=5;m=5;gap=13;k=2;q=3;s=17,15,false,17,0.047,22,2,4,0.042,22,2,false
dec-058,dec,d_b=5;m=5;gap=13;k=2;q=3;s=17,15,false,17,0.047,22,2,8,0.050,22,2,false
dec-058,dec,d_b=5;m=5;gap=13;k=2;q=3;s=17,15,false,17,0.047,22,2,16,0.057,22,2,false
dec-058,dec,d_b=5;m=5;gap=13;k=2;q=3;s=17,15,false,17,0.047,22,2,32,0.073,22,2,false
dec-058,dec,d_b=5;m=5;gap=13;k=2;q=3;s=17,15,false,17,0.047,22,2,64,0.094,22,2,false
dec-058,dec,d_b=5;m=5;gap=13;k=2;q=3;s=17,15,false,17,0.047,22,2,128,0.123,22,2,false
dec-058,dec,d_b=5;m=5;gap=13;k=2;q=3;s=17,15,false,17,0.047,22,2,256,0.174,22,2,false
dec-058,dec,d_b=5;m=5;gap=13;k=2;q=3;s=17,15,false,17,0.047,22,2,512,0.274,22,2,true
dec-058,dec,d_b=5;m=5;gap=13;k=2;q=3;s=17,15,false,17,0.047,22,2,1024,0.448,22,2,true
dec-058,dec,d_b=5;m=5;gap=13;k=2;q=3;s=17,15,false,17,0.047,22,2,2048,0.774,22,2,true
dec-058,dec,d_b=5;m=5;gap=13;k=2;q=3;s=17,15,false,17,0.047,22,2,4096,1.411,22,2,true
dec-058,dec,d_b=5;m=5;gap=13;k=2;q=3;s=17,15,false,17,0.047,22,2,8192,2.602,22,2,true
dec-058,dec,d_b=5;m=5;gap=13;k=2;q=3;s=17,15,false,17,0.047,22,2,16384,4.891,22,2,true
dec-058,dec,d_b=5;m=5;gap=13;k=2;q=3;s=17,15,false,17,0.047,22,2,32768,17.516,22,2,true
dec-058,dec,d_b=5;m=5;gap=13;k=2;q=3;s=17,15,false,17,0.047,22,2,65536,58.708,22,2,true
dec-058,dec,d_b=5;m=5;gap=13;k=2;q=3;s=17,15,false,17,0.047,22,2,131072,137.600,22,2,true
dec-058,dec,d_b=5;m=5;gap=13;k=2;q=3;s=17,15,false,17,0.047,22,2,262144,302.784,22,2,true
mixed-019-1,mixed,seed=0xd4c4e7fc265e9f25;cycles=7;planted=2;d_b=16;m=5;gap=2;k=1,65,false,69,0.304,133,4,1,0.044,139,136,false
mixed-019-1,mixed,seed=0xd4c4e7fc265e9f25;cycles=7;planted=2;d_b=16;m=5;gap=2;k=1,65,false,69,0.304,133,4,2,0.043,139,136,false
mixed-019-1,mixed,seed=0xd4c4e7fc265e9f25;cycles=7;planted=2;d_b=16;m=5;gap=2;k=1,65,false,69,0.304,133,4,4,0.060,139,136,false
mixed-019-1,mixed,seed=0xd4c4e7fc265e9f25;cycles=7;planted=2;d_b=16;m=5;gap=2;k=1,65,false,69,0.304,133,4,8,0.079,139,136,false
mixed-019-1,mixed,seed=0xd4c4e7fc265e9f25;cycles=7;planted=2;d_b=16;m=5;gap=2;k=1,65,false,69,0.304,133,4,16,0.113,139,136,false
mixed-019-1,mixed,seed=0xd4c4e7fc265e9f25;cycles=7;planted=2;d_b=16;m=5;gap=2;k=1,65,false,69,0.304,133,4,32,0.154,139,136,false
mixed-019-1,mixed,seed=0xd4c4e7fc265e9f25;cycles=7;planted=2;d_b=16;m=5;gap=2;k=1,65,false,69,0.304,133,4,64,0.198,139,136,false
mixed-019-1,mixed,seed=0xd4c4e7fc265e9f25;cycles=7;planted=2;d_b=16;m=5;gap=2;k=1,65,false,69,0.304,133,4,128,0.245,139,136,false
mixed-019-1,mixed,seed=0xd4c4e7fc265e9f25;cycles=7;planted=2;d_b=16;m=5;gap=2;k=1,65,false,69,0.304,133,4,256,0.405,139,136,false
mixed-019-1,mixed,seed=0xd4c4e7fc265e9f25;cycles=7;planted=2;d_b=16;m=5;gap=2;k=1,65,false,69,0.304,133,4,512,0.586,139,136,false
mixed-019-1,mixed,seed=0xd4c4e7fc265e9f25;cycles=7;planted=2;d_b=16;m=5;gap=2;k=1,65,false,69,0.304,133,4,1024,0.960,139,136,false
mixed-019-1,mixed,seed=0xd4c4e7fc265e9f25;cycles=7;planted=2;d_b=16;m=5;gap=2;k=1,65,false,69,0.304,133,4,2048,1.593,139,136,false
mixed-019-1,mixed,seed=0xd4c4e7fc265e9f25;cycles=7;planted=2;d_b=16;m=5;gap=2;k=1,65,false,69,0.304,133,4,4096,2.860,133,4,false
mixed-019-1,mixed,seed=0xd4c4e7fc265e9f25;cycles=7;planted=2;d_b=16;m=5;gap=2;k=1,65,false,69,0.304,133,4,8192,5.148,133,4,false
mixed-019-1,mixed,seed=0xd4c4e7fc265e9f25;cycles=7;planted=2;d_b=16;m=5;gap=2;k=1,65,false,69,0.304,133,4,16384,9.391,133,4,false
mixed-019-1,mixed,seed=0xd4c4e7fc265e9f25;cycles=7;planted=2;d_b=16;m=5;gap=2;k=1,65,false,69,0.304,133,4,32768,17.563,133,4,false
mixed-019-1,mixed,seed=0xd4c4e7fc265e9f25;cycles=7;planted=2;d_b=16;m=5;gap=2;k=1,65,false,69,0.304,133,4,65536,33.547,133,4,false
mixed-019-1,mixed,seed=0xd4c4e7fc265e9f25;cycles=7;planted=2;d_b=16;m=5;gap=2;k=1,65,false,69,0.304,133,4,131072,64.136,133,4,false
mixed-019-1,mixed,seed=0xd4c4e7fc265e9f25;cycles=7;planted=2;d_b=16;m=5;gap=2;k=1,65,false,69,0.304,133,4,262144,125.137,133,4,false
dec-059,dec,d_b=5;m=5;gap=13;k=4;q=3;s=17,25,false,27,0.061,22,2,1,0.018,35,34,false
dec-059,dec,d_b=5;m=5;gap=13;k=4;q=3;s=17,25,false,27,0.061,22,2,2,0.024,35,34,false
dec-059,dec,d_b=5;m=5;gap=13;k=4;q=3;s=17,25,false,27,0.061,22,2,4,0.048,35,34,false
dec-059,dec,d_b=5;m=5;gap=13;k=4;q=3;s=17,25,false,27,0.061,22,2,8,0.058,22,2,false
dec-059,dec,d_b=5;m=5;gap=13;k=4;q=3;s=17,25,false,27,0.061,22,2,16,0.075,22,2,false
dec-059,dec,d_b=5;m=5;gap=13;k=4;q=3;s=17,25,false,27,0.061,22,2,32,0.092,22,2,false
dec-059,dec,d_b=5;m=5;gap=13;k=4;q=3;s=17,25,false,27,0.061,22,2,64,0.109,22,2,false
dec-059,dec,d_b=5;m=5;gap=13;k=4;q=3;s=17,25,false,27,0.061,22,2,128,0.146,22,2,false
dec-059,dec,d_b=5;m=5;gap=13;k=4;q=3;s=17,25,false,27,0.061,22,2,256,0.203,22,2,false
dec-059,dec,d_b=5;m=5;gap=13;k=4;q=3;s=17,25,false,27,0.061,22,2,512,0.304,22,2,false
dec-059,dec,d_b=5;m=5;gap=13;k=4;q=3;s=17,25,false,27,0.061,22,2,1024,0.482,22,2,false
dec-059,dec,d_b=5;m=5;gap=13;k=4;q=3;s=17,25,false,27,0.061,22,2,2048,0.830,22,2,false
dec-059,dec,d_b=5;m=5;gap=13;k=4;q=3;s=17,25,false,27,0.061,22,2,4096,1.506,22,2,false
dec-059,dec,d_b=5;m=5;gap=13;k=4;q=3;s=17,25,false,27,0.061,22,2,8192,2.784,22,2,true
dec-059,dec,d_b=5;m=5;gap=13;k=4;q=3;s=17,25,false,27,0.061,22,2,16384,5.236,22,2,true
dec-059,dec,d_b=5;m=5;gap=13;k=4;q=3;s=17,25,false,27,0.061,22,2,32768,9.748,22,2,true
dec-059,dec,d_b=5;m=5;gap=13;k=4;q=3;s=17,25,false,27,0.061,22,2,65536,18.785,22,2,true
dec-059,dec,d_b=5;m=5;gap=13;k=4;q=3;s=17,25,false,27,0.061,22,2,131072,36.572,22,2,true
dec-059,dec,d_b=5;m=5;gap=13;k=4;q=3;s=17,25,false,27,0.061,22,2,262144,70.262,22,2,true
mixed-019-2,mixed,seed=0x08abf339b425099c;cycles=7;planted=2;d_b=16;m=5;gap=2;k=1,112993,false,16802,0.413,161,8,1,0.139,167,140,false
mixed-019-2,mixed,seed=0x08abf339b425099c;cycles=7;planted=2;d_b=16;m=5;gap=2;k=1,112993,false,16802,0.413,161,8,2,0.133,167,140,false
mixed-019-2,mixed,seed=0x08abf339b425099c;cycles=7;planted=2;d_b=16;m=5;gap=2;k=1,112993,false,16802,0.413,161,8,4,0.128,167,140,false
mixed-019-2,mixed,seed=0x08abf339b425099c;cycles=7;planted=2;d_b=16;m=5;gap=2;k=1,112993,false,16802,0.413,161,8,8,0.170,167,140,false
mixed-019-2,mixed,seed=0x08abf339b425099c;cycles=7;planted=2;d_b=16;m=5;gap=2;k=1,112993,false,16802,0.413,161,8,16,0.242,167,140,false
mixed-019-2,mixed,seed=0x08abf339b425099c;cycles=7;planted=2;d_b=16;m=5;gap=2;k=1,112993,false,16802,0.413,161,8,32,0.374,167,140,false
mixed-019-2,mixed,seed=0x08abf339b425099c;cycles=7;planted=2;d_b=16;m=5;gap=2;k=1,112993,false,16802,0.413,161,8,64,0.618,167,140,false
mixed-019-2,mixed,seed=0x08abf339b425099c;cycles=7;planted=2;d_b=16;m=5;gap=2;k=1,112993,false,16802,0.413,161,8,128,1.035,167,140,false
mixed-019-2,mixed,seed=0x08abf339b425099c;cycles=7;planted=2;d_b=16;m=5;gap=2;k=1,112993,false,16802,0.413,161,8,256,1.864,167,140,false
mixed-019-2,mixed,seed=0x08abf339b425099c;cycles=7;planted=2;d_b=16;m=5;gap=2;k=1,112993,false,16802,0.413,161,8,512,3.349,167,140,false
mixed-019-2,mixed,seed=0x08abf339b425099c;cycles=7;planted=2;d_b=16;m=5;gap=2;k=1,112993,false,16802,0.413,161,8,1024,6.245,167,140,false
mixed-019-2,mixed,seed=0x08abf339b425099c;cycles=7;planted=2;d_b=16;m=5;gap=2;k=1,112993,false,16802,0.413,161,8,2048,11.635,167,140,false
mixed-019-2,mixed,seed=0x08abf339b425099c;cycles=7;planted=2;d_b=16;m=5;gap=2;k=1,112993,false,16802,0.413,161,8,4096,22.537,167,140,false
mixed-019-2,mixed,seed=0x08abf339b425099c;cycles=7;planted=2;d_b=16;m=5;gap=2;k=1,112993,false,16802,0.413,161,8,8192,46.284,164,74,false
mixed-019-2,mixed,seed=0x08abf339b425099c;cycles=7;planted=2;d_b=16;m=5;gap=2;k=1,112993,false,16802,0.413,161,8,16384,94.374,164,74,false
mixed-019-2,mixed,seed=0x08abf339b425099c;cycles=7;planted=2;d_b=16;m=5;gap=2;k=1,112993,false,16802,0.413,161,8,32768,194.227,164,74,false
mixed-019-2,mixed,seed=0x08abf339b425099c;cycles=7;planted=2;d_b=16;m=5;gap=2;k=1,112993,false,16802,0.413,161,8,65536,421.530,161,8,false
mixed-019-2,mixed,seed=0x08abf339b425099c;cycles=7;planted=2;d_b=16;m=5;gap=2;k=1,112993,false,16802,0.413,161,8,131072,892.476,161,8,false
mixed-019-2,mixed,seed=0x08abf339b425099c;cycles=7;planted=2;d_b=16;m=5;gap=2;k=1,112993,false,16802,0.413,161,8,262144,1907.897,161,8,false
dec-060,dec,d_b=5;m=9;gap=1;k=1;q=7;s=21,10,false,12,0.067,42,2,1,0.019,43,42,false
dec-060,dec,d_b=5;m=9;gap=1;k=1;q=7;s=21,10,false,12,0.067,42,2,2,0.032,43,42,false
dec-060,dec,d_b=5;m=9;gap=1;k=1;q=7;s=21,10,false,12,0.067,42,2,4,0.029,43,42,false
dec-060,dec,d_b=5;m=9;gap=1;k=1;q=7;s=21,10,false,12,0.067,42,2,8,0.049,42,2,false
dec-060,dec,d_b=5;m=9;gap=1;k=1;q=7;s=21,10,false,12,0.067,42,2,16,0.051,42,2,false
dec-060,dec,d_b=5;m=9;gap=1;k=1;q=7;s=21,10,false,12,0.067,42,2,32,0.067,42,2,false
dec-060,dec,d_b=5;m=9;gap=1;k=1;q=7;s=21,10,false,12,0.067,42,2,64,0.096,42,2,true
dec-060,dec,d_b=5;m=9;gap=1;k=1;q=7;s=21,10,false,12,0.067,42,2,128,0.122,42,2,true
dec-060,dec,d_b=5;m=9;gap=1;k=1;q=7;s=21,10,false,12,0.067,42,2,256,0.171,42,2,true
dec-060,dec,d_b=5;m=9;gap=1;k=1;q=7;s=21,10,false,12,0.067,42,2,512,0.267,42,2,true
dec-060,dec,d_b=5;m=9;gap=1;k=1;q=7;s=21,10,false,12,0.067,42,2,1024,0.450,42,2,true
dec-060,dec,d_b=5;m=9;gap=1;k=1;q=7;s=21,10,false,12,0.067,42,2,2048,0.818,42,2,true
dec-060,dec,d_b=5;m=9;gap=1;k=1;q=7;s=21,10,false,12,0.067,42,2,4096,1.621,42,2,true
dec-060,dec,d_b=5;m=9;gap=1;k=1;q=7;s=21,10,false,12,0.067,42,2,8192,3.348,42,2,true
dec-060,dec,d_b=5;m=9;gap=1;k=1;q=7;s=21,10,false,12,0.067,42,2,16384,6.879,42,2,true
dec-060,dec,d_b=5;m=9;gap=1;k=1;q=7;s=21,10,false,12,0.067,42,2,32768,15.082,42,2,true
dec-060,dec,d_b=5;m=9;gap=1;k=1;q=7;s=21,10,false,12,0.067,42,2,65536,38.153,42,2,true
dec-060,dec,d_b=5;m=9;gap=1;k=1;q=7;s=21,10,false,12,0.067,42,2,131072,105.467,42,2,true
dec-060,dec,d_b=5;m=9;gap=1;k=1;q=7;s=21,10,false,12,0.067,42,2,262144,245.072,42,2,true
mixed-020-0,mixed,seed=0xebb69d8d7262371b;cycles=7;planted=3;d_b=4;m=2;gap=1;k=2,112966,false,16793,0.184,44,10,1,0.119,47,22,false
mixed-020-0,mixed,seed=0xebb69d8d7262371b;cycles=7;planted=3;d_b=4;m=2;gap=1;k=2,112966,false,16793,0.184,44,10,2,0.137,47,22,false
mixed-020-0,mixed,seed=0xebb69d8d7262371b;cycles=7;planted=3;d_b=4;m=2;gap=1;k=2,112966,false,16793,0.184,44,10,4,0.165,47,22,false
mixed-020-0,mixed,seed=0xebb69d8d7262371b;cycles=7;planted=3;d_b=4;m=2;gap=1;k=2,112966,false,16793,0.184,44,10,8,0.205,47,22,false
mixed-020-0,mixed,seed=0xebb69d8d7262371b;cycles=7;planted=3;d_b=4;m=2;gap=1;k=2,112966,false,16793,0.184,44,10,16,0.295,47,22,false
mixed-020-0,mixed,seed=0xebb69d8d7262371b;cycles=7;planted=3;d_b=4;m=2;gap=1;k=2,112966,false,16793,0.184,44,10,32,0.462,47,22,false
mixed-020-0,mixed,seed=0xebb69d8d7262371b;cycles=7;planted=3;d_b=4;m=2;gap=1;k=2,112966,false,16793,0.184,44,10,64,0.804,46,18,false
mixed-020-0,mixed,seed=0xebb69d8d7262371b;cycles=7;planted=3;d_b=4;m=2;gap=1;k=2,112966,false,16793,0.184,44,10,128,1.454,45,14,false
mixed-020-0,mixed,seed=0xebb69d8d7262371b;cycles=7;planted=3;d_b=4;m=2;gap=1;k=2,112966,false,16793,0.184,44,10,256,2.585,44,10,false
mixed-020-0,mixed,seed=0xebb69d8d7262371b;cycles=7;planted=3;d_b=4;m=2;gap=1;k=2,112966,false,16793,0.184,44,10,512,4.562,44,10,false
mixed-020-0,mixed,seed=0xebb69d8d7262371b;cycles=7;planted=3;d_b=4;m=2;gap=1;k=2,112966,false,16793,0.184,44,10,1024,8.786,44,10,false
mixed-020-0,mixed,seed=0xebb69d8d7262371b;cycles=7;planted=3;d_b=4;m=2;gap=1;k=2,112966,false,16793,0.184,44,10,2048,16.662,44,10,false
mixed-020-0,mixed,seed=0xebb69d8d7262371b;cycles=7;planted=3;d_b=4;m=2;gap=1;k=2,112966,false,16793,0.184,44,10,4096,33.565,44,10,false
mixed-020-0,mixed,seed=0xebb69d8d7262371b;cycles=7;planted=3;d_b=4;m=2;gap=1;k=2,112966,false,16793,0.184,44,10,8192,65.382,44,10,false
mixed-020-0,mixed,seed=0xebb69d8d7262371b;cycles=7;planted=3;d_b=4;m=2;gap=1;k=2,112966,false,16793,0.184,44,10,16384,128.583,44,10,false
mixed-020-0,mixed,seed=0xebb69d8d7262371b;cycles=7;planted=3;d_b=4;m=2;gap=1;k=2,112966,false,16793,0.184,44,10,32768,260.374,44,10,false
mixed-020-0,mixed,seed=0xebb69d8d7262371b;cycles=7;planted=3;d_b=4;m=2;gap=1;k=2,112966,false,16793,0.184,44,10,65536,527.272,44,10,false
mixed-020-0,mixed,seed=0xebb69d8d7262371b;cycles=7;planted=3;d_b=4;m=2;gap=1;k=2,112966,false,16793,0.184,44,10,131072,1079.581,44,10,false
mixed-020-0,mixed,seed=0xebb69d8d7262371b;cycles=7;planted=3;d_b=4;m=2;gap=1;k=2,112966,false,16793,0.184,44,10,262144,2156.590,44,10,false
dec-061,dec,d_b=5;m=9;gap=1;k=2;q=7;s=21,15,false,17,0.092,42,2,1,0.023,43,42,false
dec-061,dec,d_b=5;m=9;gap=1;k=2;q=7;s=21,15,false,17,0.092,42,2,2,0.027,43,42,false
dec-061,dec,d_b=5;m=9;gap=1;k=2;q=7;s=21,15,false,17,0.092,42,2,4,0.054,43,42,false
dec-061,dec,d_b=5;m=9;gap=1;k=2;q=7;s=21,15,false,17,0.092,42,2,8,0.042,43,42,false
dec-061,dec,d_b=5;m=9;gap=1;k=2;q=7;s=21,15,false,17,0.092,42,2,16,0.070,42,2,false
dec-061,dec,d_b=5;m=9;gap=1;k=2;q=7;s=21,15,false,17,0.092,42,2,32,0.082,42,2,false
dec-061,dec,d_b=5;m=9;gap=1;k=2;q=7;s=21,15,false,17,0.092,42,2,64,0.102,42,2,false
dec-061,dec,d_b=5;m=9;gap=1;k=2;q=7;s=21,15,false,17,0.092,42,2,128,0.130,42,2,false
dec-061,dec,d_b=5;m=9;gap=1;k=2;q=7;s=21,15,false,17,0.092,42,2,256,0.182,42,2,false
dec-061,dec,d_b=5;m=9;gap=1;k=2;q=7;s=21,15,false,17,0.092,42,2,512,0.281,42,2,false
dec-061,dec,d_b=5;m=9;gap=1;k=2;q=7;s=21,15,false,17,0.092,42,2,1024,0.453,42,2,true
dec-061,dec,d_b=5;m=9;gap=1;k=2;q=7;s=21,15,false,17,0.092,42,2,2048,0.772,42,2,true
dec-061,dec,d_b=5;m=9;gap=1;k=2;q=7;s=21,15,false,17,0.092,42,2,4096,1.366,42,2,true
dec-061,dec,d_b=5;m=9;gap=1;k=2;q=7;s=21,15,false,17,0.092,42,2,8192,2.546,42,2,true
dec-061,dec,d_b=5;m=9;gap=1;k=2;q=7;s=21,15,false,17,0.092,42,2,16384,4.620,42,2,true
dec-061,dec,d_b=5;m=9;gap=1;k=2;q=7;s=21,15,false,17,0.092,42,2,32768,8.726,42,2,true
dec-061,dec,d_b=5;m=9;gap=1;k=2;q=7;s=21,15,false,17,0.092,42,2,65536,16.580,42,2,true
dec-061,dec,d_b=5;m=9;gap=1;k=2;q=7;s=21,15,false,17,0.092,42,2,131072,33.312,42,2,true
dec-061,dec,d_b=5;m=9;gap=1;k=2;q=7;s=21,15,false,17,0.092,42,2,262144,71.723,42,2,true
mixed-020-1,mixed,seed=0x4ee5e9c1aea51d88;cycles=7;planted=3;d_b=4;m=2;gap=1;k=2,294447,false,40878,0.143,36,14,1,0.119,39,26,false
mixed-020-1,mixed,seed=0x4ee5e9c1aea51d88;cycles=7;planted=3;d_b=4;m=2;gap=1;k=2,294447,false,40878,0.143,36,14,2,0.122,39,26,false
mixed-020-1,mixed,seed=0x4ee5e9c1aea51d88;cycles=7;planted=3;d_b=4;m=2;gap=1;k=2,294447,false,40878,0.143,36,14,4,0.136,39,26,false
mixed-020-1,mixed,seed=0x4ee5e9c1aea51d88;cycles=7;planted=3;d_b=4;m=2;gap=1;k=2,294447,false,40878,0.143,36,14,8,0.159,39,26,false
mixed-020-1,mixed,seed=0x4ee5e9c1aea51d88;cycles=7;planted=3;d_b=4;m=2;gap=1;k=2,294447,false,40878,0.143,36,14,16,0.235,39,26,false
mixed-020-1,mixed,seed=0x4ee5e9c1aea51d88;cycles=7;planted=3;d_b=4;m=2;gap=1;k=2,294447,false,40878,0.143,36,14,32,0.375,39,26,false
mixed-020-1,mixed,seed=0x4ee5e9c1aea51d88;cycles=7;planted=3;d_b=4;m=2;gap=1;k=2,294447,false,40878,0.143,36,14,64,0.648,39,26,false
mixed-020-1,mixed,seed=0x4ee5e9c1aea51d88;cycles=7;planted=3;d_b=4;m=2;gap=1;k=2,294447,false,40878,0.143,36,14,128,1.201,38,22,false
mixed-020-1,mixed,seed=0x4ee5e9c1aea51d88;cycles=7;planted=3;d_b=4;m=2;gap=1;k=2,294447,false,40878,0.143,36,14,256,2.040,37,18,false
mixed-020-1,mixed,seed=0x4ee5e9c1aea51d88;cycles=7;planted=3;d_b=4;m=2;gap=1;k=2,294447,false,40878,0.143,36,14,512,3.820,36,14,false
mixed-020-1,mixed,seed=0x4ee5e9c1aea51d88;cycles=7;planted=3;d_b=4;m=2;gap=1;k=2,294447,false,40878,0.143,36,14,1024,7.187,36,14,false
mixed-020-1,mixed,seed=0x4ee5e9c1aea51d88;cycles=7;planted=3;d_b=4;m=2;gap=1;k=2,294447,false,40878,0.143,36,14,2048,14.186,36,14,false
mixed-020-1,mixed,seed=0x4ee5e9c1aea51d88;cycles=7;planted=3;d_b=4;m=2;gap=1;k=2,294447,false,40878,0.143,36,14,4096,27.870,36,14,false
mixed-020-1,mixed,seed=0x4ee5e9c1aea51d88;cycles=7;planted=3;d_b=4;m=2;gap=1;k=2,294447,false,40878,0.143,36,14,8192,55.324,36,14,false
mixed-020-1,mixed,seed=0x4ee5e9c1aea51d88;cycles=7;planted=3;d_b=4;m=2;gap=1;k=2,294447,false,40878,0.143,36,14,16384,106.359,36,14,false
mixed-020-1,mixed,seed=0x4ee5e9c1aea51d88;cycles=7;planted=3;d_b=4;m=2;gap=1;k=2,294447,false,40878,0.143,36,14,32768,215.488,36,14,false
mixed-020-1,mixed,seed=0x4ee5e9c1aea51d88;cycles=7;planted=3;d_b=4;m=2;gap=1;k=2,294447,false,40878,0.143,36,14,65536,429.064,36,14,false
mixed-020-1,mixed,seed=0x4ee5e9c1aea51d88;cycles=7;planted=3;d_b=4;m=2;gap=1;k=2,294447,false,40878,0.143,36,14,131072,891.776,36,14,false
mixed-020-1,mixed,seed=0x4ee5e9c1aea51d88;cycles=7;planted=3;d_b=4;m=2;gap=1;k=2,294447,false,40878,0.143,36,14,262144,1803.200,36,14,false
dec-062,dec,d_b=5;m=9;gap=1;k=4;q=7;s=21,25,false,27,0.161,42,2,1,0.024,43,42,false
dec-062,dec,d_b=5;m=9;gap=1;k=4;q=7;s=21,25,false,27,0.161,42,2,2,0.032,43,42,false
dec-062,dec,d_b=5;m=9;gap=1;k=4;q=7;s=21,25,false,27,0.161,42,2,4,0.047,43,42,false
dec-062,dec,d_b=5;m=9;gap=1;k=4;q=7;s=21,25,false,27,0.161,42,2,8,0.064,43,42,false
dec-062,dec,d_b=5;m=9;gap=1;k=4;q=7;s=21,25,false,27,0.161,42,2,16,0.074,43,42,false
dec-062,dec,d_b=5;m=9;gap=1;k=4;q=7;s=21,25,false,27,0.161,42,2,32,0.106,42,2,false
dec-062,dec,d_b=5;m=9;gap=1;k=4;q=7;s=21,25,false,27,0.161,42,2,64,0.129,42,2,false
dec-062,dec,d_b=5;m=9;gap=1;k=4;q=7;s=21,25,false,27,0.161,42,2,128,0.157,42,2,false
dec-062,dec,d_b=5;m=9;gap=1;k=4;q=7;s=21,25,false,27,0.161,42,2,256,0.221,42,2,false
dec-062,dec,d_b=5;m=9;gap=1;k=4;q=7;s=21,25,false,27,0.161,42,2,512,0.311,42,2,false
dec-062,dec,d_b=5;m=9;gap=1;k=4;q=7;s=21,25,false,27,0.161,42,2,1024,0.485,42,2,false
dec-062,dec,d_b=5;m=9;gap=1;k=4;q=7;s=21,25,false,27,0.161,42,2,2048,0.839,42,2,false
dec-062,dec,d_b=5;m=9;gap=1;k=4;q=7;s=21,25,false,27,0.161,42,2,4096,1.482,42,2,false
dec-062,dec,d_b=5;m=9;gap=1;k=4;q=7;s=21,25,false,27,0.161,42,2,8192,2.726,42,2,false
dec-062,dec,d_b=5;m=9;gap=1;k=4;q=7;s=21,25,false,27,0.161,42,2,16384,5.084,42,2,false
dec-062,dec,d_b=5;m=9;gap=1;k=4;q=7;s=21,25,false,27,0.161,42,2,32768,9.512,42,2,true
dec-062,dec,d_b=5;m=9;gap=1;k=4;q=7;s=21,25,false,27,0.161,42,2,65536,18.297,42,2,true
dec-062,dec,d_b=5;m=9;gap=1;k=4;q=7;s=21,25,false,27,0.161,42,2,131072,35.805,42,2,true
dec-062,dec,d_b=5;m=9;gap=1;k=4;q=7;s=21,25,false,27,0.161,42,2,262144,68.955,42,2,true
mixed-020-2,mixed,seed=0x4db6e7f246926eb2;cycles=7;planted=3;d_b=4;m=2;gap=1;k=2,25,false,29,0.057,13,4,1,0.029,15,12,false
mixed-020-2,mixed,seed=0x4db6e7f246926eb2;cycles=7;planted=3;d_b=4;m=2;gap=1;k=2,25,false,29,0.057,13,4,2,0.034,15,12,false
mixed-020-2,mixed,seed=0x4db6e7f246926eb2;cycles=7;planted=3;d_b=4;m=2;gap=1;k=2,25,false,29,0.057,13,4,4,0.037,15,12,false
mixed-020-2,mixed,seed=0x4db6e7f246926eb2;cycles=7;planted=3;d_b=4;m=2;gap=1;k=2,25,false,29,0.057,13,4,8,0.060,15,12,false
mixed-020-2,mixed,seed=0x4db6e7f246926eb2;cycles=7;planted=3;d_b=4;m=2;gap=1;k=2,25,false,29,0.057,13,4,16,0.086,15,12,false
mixed-020-2,mixed,seed=0x4db6e7f246926eb2;cycles=7;planted=3;d_b=4;m=2;gap=1;k=2,25,false,29,0.057,13,4,32,0.148,13,4,false
mixed-020-2,mixed,seed=0x4db6e7f246926eb2;cycles=7;planted=3;d_b=4;m=2;gap=1;k=2,25,false,29,0.057,13,4,64,0.254,13,4,false
mixed-020-2,mixed,seed=0x4db6e7f246926eb2;cycles=7;planted=3;d_b=4;m=2;gap=1;k=2,25,false,29,0.057,13,4,128,0.446,13,4,false
mixed-020-2,mixed,seed=0x4db6e7f246926eb2;cycles=7;planted=3;d_b=4;m=2;gap=1;k=2,25,false,29,0.057,13,4,256,0.865,13,4,false
mixed-020-2,mixed,seed=0x4db6e7f246926eb2;cycles=7;planted=3;d_b=4;m=2;gap=1;k=2,25,false,29,0.057,13,4,512,1.611,13,4,true
mixed-020-2,mixed,seed=0x4db6e7f246926eb2;cycles=7;planted=3;d_b=4;m=2;gap=1;k=2,25,false,29,0.057,13,4,1024,3.276,13,4,true
mixed-020-2,mixed,seed=0x4db6e7f246926eb2;cycles=7;planted=3;d_b=4;m=2;gap=1;k=2,25,false,29,0.057,13,4,2048,6.058,13,4,true
mixed-020-2,mixed,seed=0x4db6e7f246926eb2;cycles=7;planted=3;d_b=4;m=2;gap=1;k=2,25,false,29,0.057,13,4,4096,11.994,13,4,true
mixed-020-2,mixed,seed=0x4db6e7f246926eb2;cycles=7;planted=3;d_b=4;m=2;gap=1;k=2,25,false,29,0.057,13,4,8192,22.114,13,4,true
mixed-020-2,mixed,seed=0x4db6e7f246926eb2;cycles=7;planted=3;d_b=4;m=2;gap=1;k=2,25,false,29,0.057,13,4,16384,43.775,13,4,true
mixed-020-2,mixed,seed=0x4db6e7f246926eb2;cycles=7;planted=3;d_b=4;m=2;gap=1;k=2,25,false,29,0.057,13,4,32768,83.579,13,4,true
mixed-020-2,mixed,seed=0x4db6e7f246926eb2;cycles=7;planted=3;d_b=4;m=2;gap=1;k=2,25,false,29,0.057,13,4,65536,189.409,13,4,true
mixed-020-2,mixed,seed=0x4db6e7f246926eb2;cycles=7;planted=3;d_b=4;m=2;gap=1;k=2,25,false,29,0.057,13,4,131072,395.708,13,4,true
mixed-020-2,mixed,seed=0x4db6e7f246926eb2;cycles=7;planted=3;d_b=4;m=2;gap=1;k=2,25,false,29,0.057,13,4,262144,823.193,13,4,true
dec-063,dec,d_b=5;m=9;gap=3;k=1;q=7;s=22,10,false,12,0.063,42,2,1,0.021,45,44,false
dec-063,dec,d_b=5;m=9;gap=3;k=1;q=7;s=22,10,false,12,0.063,42,2,2,0.033,45,44,false
dec-063,dec,d_b=5;m=9;gap=3;k=1;q=7;s=22,10,false,12,0.063,42,2,4,0.032,45,44,false
dec-063,dec,d_b=5;m=9;gap=3;k=1;q=7;s=22,10,false,12,0.063,42,2,8,0.048,42,2,false
dec-063,dec,d_b=5;m=9;gap=3;k=1;q=7;s=22,10,false,12,0.063,42,2,16,0.064,42,2,false
dec-063,dec,d_b=5;m=9;gap=3;k=1;q=7;s=22,10,false,12,0.063,42,2,32,0.070,42,2,false
dec-063,dec,d_b=5;m=9;gap=3;k=1;q=7;s=22,10,false,12,0.063,42,2,64,0.101,42,2,true
dec-063,dec,d_b=5;m=9;gap=3;k=1;q=7;s=22,10,false,12,0.063,42,2,128,0.127,42,2,true
dec-063,dec,d_b=5;m=9;gap=3;k=1;q=7;s=22,10,false,12,0.063,42,2,256,0.177,42,2,true
dec-063,dec,d_b=5;m=9;gap=3;k=1;q=7;s=22,10,false,12,0.063,42,2,512,0.276,42,2,true
dec-063,dec,d_b=5;m=9;gap=3;k=1;q=7;s=22,10,false,12,0.063,42,2,1024,0.466,42,2,true
dec-063,dec,d_b=5;m=9;gap=3;k=1;q=7;s=22,10,false,12,0.063,42,2,2048,0.899,42,2,true
dec-063,dec,d_b=5;m=9;gap=3;k=1;q=7;s=22,10,false,12,0.063,42,2,4096,1.950,42,2,true
dec-063,dec,d_b=5;m=9;gap=3;k=1;q=7;s=22,10,false,12,0.063,42,2,8192,5.009,42,2,true
dec-063,dec,d_b=5;m=9;gap=3;k=1;q=7;s=22,10,false,12,0.063,42,2,16384,13.329,42,2,true
dec-063,dec,d_b=5;m=9;gap=3;k=1;q=7;s=22,10,false,12,0.063,42,2,32768,31.043,42,2,true
dec-063,dec,d_b=5;m=9;gap=3;k=1;q=7;s=22,10,false,12,0.063,42,2,65536,67.944,42,2,true
dec-063,dec,d_b=5;m=9;gap=3;k=1;q=7;s=22,10,false,12,0.063,42,2,131072,141.387,42,2,true
dec-063,dec,d_b=5;m=9;gap=3;k=1;q=7;s=22,10,false,12,0.063,42,2,262144,287.005,42,2,true
mixed-021-0,mixed,seed=0xbd6e3eec95ca787d;cycles=7;planted=3;d_b=8;m=3;gap=2;k=2,74,false,80,0.200,56,6,1,0.033,65,60,false
mixed-021-0,mixed,seed=0xbd6e3eec95ca787d;cycles=7;planted=3;d_b=8;m=3;gap=2;k=2,74,false,80,0.200,56,6,2,0.033,65,60,false
mixed-021-0,mixed,seed=0xbd6e3eec95ca787d;cycles=7;planted=3;d_b=8;m=3;gap=2;k=2,74,false,80,0.200,56,6,4,0.049,65,60,false
mixed-021-0,mixed,seed=0xbd6e3eec95ca787d;cycles=7;planted=3;d_b=8;m=3;gap=2;k=2,74,false,80,0.200,56,6,8,0.051,65,60,false
mixed-021-0,mixed,seed=0xbd6e3eec95ca787d;cycles=7;planted=3;d_b=8;m=3;gap=2;k=2,74,false,80,0.200,56,6,16,0.080,65,60,false
mixed-021-0,mixed,seed=0xbd6e3eec95ca787d;cycles=7;planted=3;d_b=8;m=3;gap=2;k=2,74,false,80,0.200,56,6,32,0.102,65,60,false
mixed-021-0,mixed,seed=0xbd6e3eec95ca787d;cycles=7;planted=3;d_b=8;m=3;gap=2;k=2,74,false,80,0.200,56,6,64,0.151,65,60,false
mixed-021-0,mixed,seed=0xbd6e3eec95ca787d;cycles=7;planted=3;d_b=8;m=3;gap=2;k=2,74,false,80,0.200,56,6,128,0.219,62,42,false
mixed-021-0,mixed,seed=0xbd6e3eec95ca787d;cycles=7;planted=3;d_b=8;m=3;gap=2;k=2,74,false,80,0.200,56,6,256,0.355,56,6,false
mixed-021-0,mixed,seed=0xbd6e3eec95ca787d;cycles=7;planted=3;d_b=8;m=3;gap=2;k=2,74,false,80,0.200,56,6,512,0.564,56,6,false
mixed-021-0,mixed,seed=0xbd6e3eec95ca787d;cycles=7;planted=3;d_b=8;m=3;gap=2;k=2,74,false,80,0.200,56,6,1024,0.954,56,6,false
mixed-021-0,mixed,seed=0xbd6e3eec95ca787d;cycles=7;planted=3;d_b=8;m=3;gap=2;k=2,74,false,80,0.200,56,6,2048,1.716,56,6,false
mixed-021-0,mixed,seed=0xbd6e3eec95ca787d;cycles=7;planted=3;d_b=8;m=3;gap=2;k=2,74,false,80,0.200,56,6,4096,3.121,56,6,false
mixed-021-0,mixed,seed=0xbd6e3eec95ca787d;cycles=7;planted=3;d_b=8;m=3;gap=2;k=2,74,false,80,0.200,56,6,8192,5.713,56,6,false
mixed-021-0,mixed,seed=0xbd6e3eec95ca787d;cycles=7;planted=3;d_b=8;m=3;gap=2;k=2,74,false,80,0.200,56,6,16384,10.701,56,6,false
mixed-021-0,mixed,seed=0xbd6e3eec95ca787d;cycles=7;planted=3;d_b=8;m=3;gap=2;k=2,74,false,80,0.200,56,6,32768,20.070,56,6,false
mixed-021-0,mixed,seed=0xbd6e3eec95ca787d;cycles=7;planted=3;d_b=8;m=3;gap=2;k=2,74,false,80,0.200,56,6,65536,38.531,56,6,false
mixed-021-0,mixed,seed=0xbd6e3eec95ca787d;cycles=7;planted=3;d_b=8;m=3;gap=2;k=2,74,false,80,0.200,56,6,131072,73.159,56,6,false
mixed-021-0,mixed,seed=0xbd6e3eec95ca787d;cycles=7;planted=3;d_b=8;m=3;gap=2;k=2,74,false,80,0.200,56,6,262144,139.604,56,6,false
dec-064,dec,d_b=5;m=9;gap=3;k=2;q=7;s=22,15,false,17,0.085,42,2,1,0.021,45,44,false
dec-064,dec,d_b=5;m=9;gap=3;k=2;q=7;s=22,15,false,17,0.085,42,2,2,0.025,45,44,false
dec-064,dec,d_b=5;m=9;gap=3;k=2;q=7;s=22,15,false,17,0.085,42,2,4,0.040,45,44,false
dec-064,dec,d_b=5;m=9;gap=3;k=2;q=7;s=22,15,false,17,0.085,42,2,8,0.041,45,44,false
dec-064,dec,d_b=5;m=9;gap=3;k=2;q=7;s=22,15,false,17,0.085,42,2,16,0.069,42,2,false
dec-064,dec,d_b=5;m=9;gap=3;k=2;q=7;s=22,15,false,17,0.085,42,2,32,0.083,42,2,false
dec-064,dec,d_b=5;m=9;gap=3;k=2;q=7;s=22,15,false,17,0.085,42,2,64,0.102,42,2,false
dec-064,dec,d_b=5;m=9;gap=3;k=2;q=7;s=22,15,false,17,0.085,42,2,128,0.132,42,2,false
dec-064,dec,d_b=5;m=9;gap=3;k=2;q=7;s=22,15,false,17,0.085,42,2,256,0.187,42,2,false
dec-064,dec,d_b=5;m=9;gap=3;k=2;q=7;s=22,15,false,17,0.085,42,2,512,0.289,42,2,false
dec-064,dec,d_b=5;m=9;gap=3;k=2;q=7;s=22,15,false,17,0.085,42,2,1024,0.461,42,2,true
dec-064,dec,d_b=5;m=9;gap=3;k=2;q=7;s=22,15,false,17,0.085,42,2,2048,0.787,42,2,true
dec-064,dec,d_b=5;m=9;gap=3;k=2;q=7;s=22,15,false,17,0.085,42,2,4096,1.391,42,2,true
dec-064,dec,d_b=5;m=9;gap=3;k=2;q=7;s=22,15,false,17,0.085,42,2,8192,2.570,42,2,true
dec-064,dec,d_b=5;m=9;gap=3;k=2;q=7;s=22,15,false,17,0.085,42,2,16384,4.707,42,2,true
dec-064,dec,d_b=5;m=9;gap=3;k=2;q=7;s=22,15,false,17,0.085,42,2,32768,8.802,42,2,true
dec-064,dec,d_b=5;m=9;gap=3;k=2;q=7;s=22,15,false,17,0.085,42,2,65536,16.626,42,2,true
dec-064,dec,d_b=5;m=9;gap=3;k=2;q=7;s=22,15,false,17,0.085,42,2,131072,63.058,42,2,true
dec-064,dec,d_b=5;m=9;gap=3;k=2;q=7;s=22,15,false,17,0.085,42,2,262144,222.083,42,2,true
mixed-021-1,mixed,seed=0xfe6eddcaea21b5c4;cycles=7;planted=3;d_b=8;m=3;gap=2;k=2,112996,false,16772,0.224,60,8,1,0.060,69,62,false
mixed-021-1,mixed,seed=0xfe6eddcaea21b5c4;cycles=7;planted=3;d_b=8;m=3;gap=2;k=2,112996,false,16772,0.224,60,8,2,0.062,69,62,false
mixed-021-1,mixed,seed=0xfe6eddcaea21b5c4;cycles=7;planted=3;d_b=8;m=3;gap=2;k=2,112996,false,16772,0.224,60,8,4,0.066,69,62,false
mixed-021-1,mixed,seed=0xfe6eddcaea21b5c4;cycles=7;planted=3;d_b=8;m=3;gap=2;k=2,112996,false,16772,0.224,60,8,8,0.098,69,62,false
mixed-021-1,mixed,seed=0xfe6eddcaea21b5c4;cycles=7;planted=3;d_b=8;m=3;gap=2;k=2,112996,false,16772,0.224,60,8,16,0.125,69,62,false
mixed-021-1,mixed,seed=0xfe6eddcaea21b5c4;cycles=7;planted=3;d_b=8;m=3;gap=2;k=2,112996,false,16772,0.224,60,8,32,0.214,69,62,false
mixed-021-1,mixed,seed=0xfe6eddcaea21b5c4;cycles=7;planted=3;d_b=8;m=3;gap=2;k=2,112996,false,16772,0.224,60,8,64,0.337,69,62,false
mixed-021-1,mixed,seed=0xfe6eddcaea21b5c4;cycles=7;planted=3;d_b=8;m=3;gap=2;k=2,112996,false,16772,0.224,60,8,128,0.579,66,44,false
mixed-021-1,mixed,seed=0xfe6eddcaea21b5c4;cycles=7;planted=3;d_b=8;m=3;gap=2;k=2,112996,false,16772,0.224,60,8,256,0.887,66,44,false
mixed-021-1,mixed,seed=0xfe6eddcaea21b5c4;cycles=7;planted=3;d_b=8;m=3;gap=2;k=2,112996,false,16772,0.224,60,8,512,1.489,66,44,false
mixed-021-1,mixed,seed=0xfe6eddcaea21b5c4;cycles=7;planted=3;d_b=8;m=3;gap=2;k=2,112996,false,16772,0.224,60,8,1024,2.774,60,8,false
mixed-021-1,mixed,seed=0xfe6eddcaea21b5c4;cycles=7;planted=3;d_b=8;m=3;gap=2;k=2,112996,false,16772,0.224,60,8,2048,5.293,60,8,false
mixed-021-1,mixed,seed=0xfe6eddcaea21b5c4;cycles=7;planted=3;d_b=8;m=3;gap=2;k=2,112996,false,16772,0.224,60,8,4096,12.151,60,8,false
mixed-021-1,mixed,seed=0xfe6eddcaea21b5c4;cycles=7;planted=3;d_b=8;m=3;gap=2;k=2,112996,false,16772,0.224,60,8,8192,25.548,60,8,false
mixed-021-1,mixed,seed=0xfe6eddcaea21b5c4;cycles=7;planted=3;d_b=8;m=3;gap=2;k=2,112996,false,16772,0.224,60,8,16384,54.418,60,8,false
mixed-021-1,mixed,seed=0xfe6eddcaea21b5c4;cycles=7;planted=3;d_b=8;m=3;gap=2;k=2,112996,false,16772,0.224,60,8,32768,116.692,60,8,false
mixed-021-1,mixed,seed=0xfe6eddcaea21b5c4;cycles=7;planted=3;d_b=8;m=3;gap=2;k=2,112996,false,16772,0.224,60,8,65536,247.043,60,8,false
mixed-021-1,mixed,seed=0xfe6eddcaea21b5c4;cycles=7;planted=3;d_b=8;m=3;gap=2;k=2,112996,false,16772,0.224,60,8,131072,535.362,60,8,false
mixed-021-1,mixed,seed=0xfe6eddcaea21b5c4;cycles=7;planted=3;d_b=8;m=3;gap=2;k=2,112996,false,16772,0.224,60,8,262144,1144.915,60,8,false
dec-065,dec,d_b=5;m=9;gap=3;k=4;q=7;s=22,25,false,27,0.160,42,2,1,0.025,45,44,false
dec-065,dec,d_b=5;m=9;gap=3;k=4;q=7;s=22,25,false,27,0.160,42,2,2,0.034,45,44,false
dec-065,dec,d_b=5;m=9;gap=3;k=4;q=7;s=22,25,false,27,0.160,42,2,4,0.047,45,44,false
dec-065,dec,d_b=5;m=9;gap=3;k=4;q=7;s=22,25,false,27,0.160,42,2,8,0.067,45,44,false
dec-065,dec,d_b=5;m=9;gap=3;k=4;q=7;s=22,25,false,27,0.160,42,2,16,0.075,45,44,false
dec-065,dec,d_b=5;m=9;gap=3;k=4;q=7;s=22,25,false,27,0.160,42,2,32,0.122,42,2,false
dec-065,dec,d_b=5;m=9;gap=3;k=4;q=7;s=22,25,false,27,0.160,42,2,64,0.136,42,2,false
dec-065,dec,d_b=5;m=9;gap=3;k=4;q=7;s=22,25,false,27,0.160,42,2,128,0.174,42,2,false
dec-065,dec,d_b=5;m=9;gap=3;k=4;q=7;s=22,25,false,27,0.160,42,2,256,0.223,42,2,false
dec-065,dec,d_b=5;m=9;gap=3;k=4;q=7;s=22,25,false,27,0.160,42,2,512,0.319,42,2,false
dec-065,dec,d_b=5;m=9;gap=3;k=4;q=7;s=22,25,false,27,0.160,42,2,1024,0.490,42,2,false
dec-065,dec,d_b=5;m=9;gap=3;k=4;q=7;s=22,25,false,27,0.160,42,2,2048,0.846,42,2,false
dec-065,dec,d_b=5;m=9;gap=3;k=4;q=7;s=22,25,false,27,0.160,42,2,4096,1.485,42,2,false
dec-065,dec,d_b=5;m=9;gap=3;k=4;q=7;s=22,25,false,27,0.160,42,2,8192,2.778,42,2,false
dec-065,dec,d_b=5;m=9;gap=3;k=4;q=7;s=22,25,false,27,0.160,42,2,16384,5.142,42,2,false
dec-065,dec,d_b=5;m=9;gap=3;k=4;q=7;s=22,25,false,27,0.160,42,2,32768,9.583,42,2,true
dec-065,dec,d_b=5;m=9;gap=3;k=4;q=7;s=22,25,false,27,0.160,42,2,65536,18.205,42,2,true
dec-065,dec,d_b=5;m=9;gap=3;k=4;q=7;s=22,25,false,27,0.160,42,2,131072,35.515,42,2,true
dec-065,dec,d_b=5;m=9;gap=3;k=4;q=7;s=22,25,false,27,0.160,42,2,262144,69.429,42,2,true
mixed-021-2,mixed,seed=0xa75ed732cb8df582;cycles=7;planted=3;d_b=8;m=3;gap=2;k=2,359805,false,47388,0.334,77,14,1,0.132,86,68,false
mixed-021-2,mixed,seed=0xa75ed732cb8df582;cycles=7;planted=3;d_b=8;m=3;gap=2;k=2,359805,false,47388,0.334,77,14,2,0.189,86,68,false
mixed-021-2,mixed,seed=0xa75ed732cb8df582;cycles=7;planted=3;d_b=8;m=3;gap=2;k=2,359805,false,47388,0.334,77,14,4,0.182,86,68,false
mixed-021-2,mixed,seed=0xa75ed732cb8df582;cycles=7;planted=3;d_b=8;m=3;gap=2;k=2,359805,false,47388,0.334,77,14,8,0.222,86,68,false
mixed-021-2,mixed,seed=0xa75ed732cb8df582;cycles=7;planted=3;d_b=8;m=3;gap=2;k=2,359805,false,47388,0.334,77,14,16,0.294,86,68,false
mixed-021-2,mixed,seed=0xa75ed732cb8df582;cycles=7;planted=3;d_b=8;m=3;gap=2;k=2,359805,false,47388,0.334,77,14,32,0.441,86,68,false
mixed-021-2,mixed,seed=0xa75ed732cb8df582;cycles=7;planted=3;d_b=8;m=3;gap=2;k=2,359805,false,47388,0.334,77,14,64,0.745,86,68,false
mixed-021-2,mixed,seed=0xa75ed732cb8df582;cycles=7;planted=3;d_b=8;m=3;gap=2;k=2,359805,false,47388,0.334,77,14,128,1.206,86,68,false
mixed-021-2,mixed,seed=0xa75ed732cb8df582;cycles=7;planted=3;d_b=8;m=3;gap=2;k=2,359805,false,47388,0.334,77,14,256,1.926,86,68,false
mixed-021-2,mixed,seed=0xa75ed732cb8df582;cycles=7;planted=3;d_b=8;m=3;gap=2;k=2,359805,false,47388,0.334,77,14,512,3.241,86,68,false
mixed-021-2,mixed,seed=0xa75ed732cb8df582;cycles=7;planted=3;d_b=8;m=3;gap=2;k=2,359805,false,47388,0.334,77,14,1024,5.665,86,68,false
mixed-021-2,mixed,seed=0xa75ed732cb8df582;cycles=7;planted=3;d_b=8;m=3;gap=2;k=2,359805,false,47388,0.334,77,14,2048,9.969,86,68,false
mixed-021-2,mixed,seed=0xa75ed732cb8df582;cycles=7;planted=3;d_b=8;m=3;gap=2;k=2,359805,false,47388,0.334,77,14,4096,17.964,80,32,false
mixed-021-2,mixed,seed=0xa75ed732cb8df582;cycles=7;planted=3;d_b=8;m=3;gap=2;k=2,359805,false,47388,0.334,77,14,8192,33.486,80,32,false
mixed-021-2,mixed,seed=0xa75ed732cb8df582;cycles=7;planted=3;d_b=8;m=3;gap=2;k=2,359805,false,47388,0.334,77,14,16384,63.013,77,14,false
mixed-021-2,mixed,seed=0xa75ed732cb8df582;cycles=7;planted=3;d_b=8;m=3;gap=2;k=2,359805,false,47388,0.334,77,14,32768,126.427,77,14,false
mixed-021-2,mixed,seed=0xa75ed732cb8df582;cycles=7;planted=3;d_b=8;m=3;gap=2;k=2,359805,false,47388,0.334,77,14,65536,251.421,77,14,false
mixed-021-2,mixed,seed=0xa75ed732cb8df582;cycles=7;planted=3;d_b=8;m=3;gap=2;k=2,359805,false,47388,0.334,77,14,131072,513.381,77,14,false
mixed-021-2,mixed,seed=0xa75ed732cb8df582;cycles=7;planted=3;d_b=8;m=3;gap=2;k=2,359805,false,47388,0.334,77,14,262144,1048.590,77,14,false
dec-066,dec,d_b=5;m=9;gap=7;k=1;q=7;s=24,10,false,12,0.060,42,2,1,0.020,49,48,false
dec-066,dec,d_b=5;m=9;gap=7;k=1;q=7;s=24,10,false,12,0.060,42,2,2,0.034,49,48,false
dec-066,dec,d_b=5;m=9;gap=7;k=1;q=7;s=24,10,false,12,0.060,42,2,4,0.032,49,48,false
dec-066,dec,d_b=5;m=9;gap=7;k=1;q=7;s=24,10,false,12,0.060,42,2,8,0.050,42,2,false
dec-066,dec,d_b=5;m=9;gap=7;k=1;q=7;s=24,10,false,12,0.060,42,2,16,0.066,42,2,false
dec-066,dec,d_b=5;m=9;gap=7;k=1;q=7;s=24,10,false,12,0.060,42,2,32,0.086,42,2,false
dec-066,dec,d_b=5;m=9;gap=7;k=1;q=7;s=24,10,false,12,0.060,42,2,64,0.098,42,2,true
dec-066,dec,d_b=5;m=9;gap=7;k=1;q=7;s=24,10,false,12,0.060,42,2,128,0.129,42,2,true
dec-066,dec,d_b=5;m=9;gap=7;k=1;q=7;s=24,10,false,12,0.060,42,2,256,0.178,42,2,true
dec-066,dec,d_b=5;m=9;gap=7;k=1;q=7;s=24,10,false,12,0.060,42,2,512,0.288,42,2,true
dec-066,dec,d_b=5;m=9;gap=7;k=1;q=7;s=24,10,false,12,0.060,42,2,1024,0.507,42,2,true
dec-066,dec,d_b=5;m=9;gap=7;k=1;q=7;s=24,10,false,12,0.060,42,2,2048,1.301,42,2,true
dec-066,dec,d_b=5;m=9;gap=7;k=1;q=7;s=24,10,false,12,0.060,42,2,4096,3.660,42,2,true
dec-066,dec,d_b=5;m=9;gap=7;k=1;q=7;s=24,10,false,12,0.060,42,2,8192,8.334,42,2,true
dec-066,dec,d_b=5;m=9;gap=7;k=1;q=7;s=24,10,false,12,0.060,42,2,16384,17.388,42,2,true
dec-066,dec,d_b=5;m=9;gap=7;k=1;q=7;s=24,10,false,12,0.060,42,2,32768,35.823,42,2,true
dec-066,dec,d_b=5;m=9;gap=7;k=1;q=7;s=24,10,false,12,0.060,42,2,65536,73.058,42,2,true
dec-066,dec,d_b=5;m=9;gap=7;k=1;q=7;s=24,10,false,12,0.060,42,2,131072,147.166,42,2,true
dec-066,dec,d_b=5;m=9;gap=7;k=1;q=7;s=24,10,false,12,0.060,42,2,262144,292.164,42,2,true
mixed-022-0,mixed,seed=0xec79b910dff19f36;cycles=7;planted=3;d_b=12;m=2;gap=6;k=4,187740,false,26614,0.388,64,12,1,0.118,85,66,false
mixed-022-0,mixed,seed=0xec79b910dff19f36;cycles=7;planted=3;d_b=12;m=2;gap=6;k=4,187740,false,26614,0.388,64,12,2,0.172,85,66,false
mixed-022-0,mixed,seed=0xec79b910dff19f36;cycles=7;planted=3;d_b=12;m=2;gap=6;k=4,187740,false,26614,0.388,64,12,4,0.178,85,66,false
mixed-022-0,mixed,seed=0xec79b910dff19f36;cycles=7;planted=3;d_b=12;m=2;gap=6;k=4,187740,false,26614,0.388,64,12,8,0.231,85,66,false
mixed-022-0,mixed,seed=0xec79b910dff19f36;cycles=7;planted=3;d_b=12;m=2;gap=6;k=4,187740,false,26614,0.388,64,12,16,0.350,85,66,false
mixed-022-0,mixed,seed=0xec79b910dff19f36;cycles=7;planted=3;d_b=12;m=2;gap=6;k=4,187740,false,26614,0.388,64,12,32,0.596,85,66,false
mixed-022-0,mixed,seed=0xec79b910dff19f36;cycles=7;planted=3;d_b=12;m=2;gap=6;k=4,187740,false,26614,0.388,64,12,64,1.101,85,66,false
mixed-022-0,mixed,seed=0xec79b910dff19f36;cycles=7;planted=3;d_b=12;m=2;gap=6;k=4,187740,false,26614,0.388,64,12,128,1.998,85,66,false
mixed-022-0,mixed,seed=0xec79b910dff19f36;cycles=7;planted=3;d_b=12;m=2;gap=6;k=4,187740,false,26614,0.388,64,12,256,3.887,85,66,false
mixed-022-0,mixed,seed=0xec79b910dff19f36;cycles=7;planted=3;d_b=12;m=2;gap=6;k=4,187740,false,26614,0.388,64,12,512,7.198,85,66,false
mixed-022-0,mixed,seed=0xec79b910dff19f36;cycles=7;planted=3;d_b=12;m=2;gap=6;k=4,187740,false,26614,0.388,64,12,1024,14.250,85,66,false
mixed-022-0,mixed,seed=0xec79b910dff19f36;cycles=7;planted=3;d_b=12;m=2;gap=6;k=4,187740,false,26614,0.388,64,12,2048,27.422,71,30,false
mixed-022-0,mixed,seed=0xec79b910dff19f36;cycles=7;planted=3;d_b=12;m=2;gap=6;k=4,187740,false,26614,0.388,64,12,4096,56.540,71,30,false
mixed-022-0,mixed,seed=0xec79b910dff19f36;cycles=7;planted=3;d_b=12;m=2;gap=6;k=4,187740,false,26614,0.388,64,12,8192,112.459,64,12,false
mixed-022-0,mixed,seed=0xec79b910dff19f36;cycles=7;planted=3;d_b=12;m=2;gap=6;k=4,187740,false,26614,0.388,64,12,16384,230.631,64,12,false
mixed-022-0,mixed,seed=0xec79b910dff19f36;cycles=7;planted=3;d_b=12;m=2;gap=6;k=4,187740,false,26614,0.388,64,12,32768,457.727,64,12,false
mixed-022-0,mixed,seed=0xec79b910dff19f36;cycles=7;planted=3;d_b=12;m=2;gap=6;k=4,187740,false,26614,0.388,64,12,65536,944.583,64,12,false
mixed-022-0,mixed,seed=0xec79b910dff19f36;cycles=7;planted=3;d_b=12;m=2;gap=6;k=4,187740,false,26614,0.388,64,12,131072,1991.353,64,12,false
mixed-022-0,mixed,seed=0xec79b910dff19f36;cycles=7;planted=3;d_b=12;m=2;gap=6;k=4,187740,false,26614,0.388,64,12,262144,3881.392,64,12,false
dec-067,dec,d_b=5;m=9;gap=7;k=2;q=7;s=24,15,false,17,0.110,42,2,1,0.022,49,48,false
dec-067,dec,d_b=5;m=9;gap=7;k=2;q=7;s=24,15,false,17,0.110,42,2,2,0.033,49,48,false
dec-067,dec,d_b=5;m=9;gap=7;k=2;q=7;s=24,15,false,17,0.110,42,2,4,0.044,49,48,false
dec-067,dec,d_b=5;m=9;gap=7;k=2;q=7;s=24,15,false,17,0.110,42,2,8,0.046,49,48,false
dec-067,dec,d_b=5;m=9;gap=7;k=2;q=7;s=24,15,false,17,0.110,42,2,16,0.075,42,2,false
dec-067,dec,d_b=5;m=9;gap=7;k=2;q=7;s=24,15,false,17,0.110,42,2,32,0.088,42,2,false
dec-067,dec,d_b=5;m=9;gap=7;k=2;q=7;s=24,15,false,17,0.110,42,2,64,0.109,42,2,false
dec-067,dec,d_b=5;m=9;gap=7;k=2;q=7;s=24,15,false,17,0.110,42,2,128,0.148,42,2,false
dec-067,dec,d_b=5;m=9;gap=7;k=2;q=7;s=24,15,false,17,0.110,42,2,256,0.202,42,2,false
dec-067,dec,d_b=5;m=9;gap=7;k=2;q=7;s=24,15,false,17,0.110,42,2,512,0.303,42,2,true
dec-067,dec,d_b=5;m=9;gap=7;k=2;q=7;s=24,15,false,17,0.110,42,2,1024,0.483,42,2,true
dec-067,dec,d_b=5;m=9;gap=7;k=2;q=7;s=24,15,false,17,0.110,42,2,2048,0.778,42,2,true
dec-067,dec,d_b=5;m=9;gap=7;k=2;q=7;s=24,15,false,17,0.110,42,2,4096,1.410,42,2,true
dec-067,dec,d_b=5;m=9;gap=7;k=2;q=7;s=24,15,false,17,0.110,42,2,8192,2.526,42,2,true
dec-067,dec,d_b=5;m=9;gap=7;k=2;q=7;s=24,15,false,17,0.110,42,2,16384,4.711,42,2,true
dec-067,dec,d_b=5;m=9;gap=7;k=2;q=7;s=24,15,false,17,0.110,42,2,32768,8.717,42,2,true
dec-067,dec,d_b=5;m=9;gap=7;k=2;q=7;s=24,15,false,17,0.110,42,2,65536,42.820,42,2,true
dec-067,dec,d_b=5;m=9;gap=7;k=2;q=7;s=24,15,false,17,0.110,42,2,131072,123.993,42,2,true
dec-067,dec,d_b=5;m=9;gap=7;k=2;q=7;s=24,15,false,17,0.110,42,2,262144,285.023,42,2,true
mixed-022-1,mixed,seed=0x0432a6800a873f06;cycles=7;planted=3;d_b=12;m=2;gap=6;k=4,123,false,125,0.214,31,4,1,0.032,45,40,false
mixed-022-1,mixed,seed=0x0432a6800a873f06;cycles=7;planted=3;d_b=12;m=2;gap=6;k=4,123,false,125,0.214,31,4,2,0.033,45,40,false
mixed-022-1,mixed,seed=0x0432a6800a873f06;cycles=7;planted=3;d_b=12;m=2;gap=6;k=4,123,false,125,0.214,31,4,4,0.036,45,40,false
mixed-022-1,mixed,seed=0x0432a6800a873f06;cycles=7;planted=3;d_b=12;m=2;gap=6;k=4,123,false,125,0.214,31,4,8,0.055,45,40,false
mixed-022-1,mixed,seed=0x0432a6800a873f06;cycles=7;planted=3;d_b=12;m=2;gap=6;k=4,123,false,125,0.214,31,4,16,0.091,45,40,false
mixed-022-1,mixed,seed=0x0432a6800a873f06;cycles=7;planted=3;d_b=12;m=2;gap=6;k=4,123,false,125,0.214,31,4,32,0.114,45,40,false
mixed-022-1,mixed,seed=0x0432a6800a873f06;cycles=7;planted=3;d_b=12;m=2;gap=6;k=4,123,false,125,0.214,31,4,64,0.175,45,40,false
mixed-022-1,mixed,seed=0x0432a6800a873f06;cycles=7;planted=3;d_b=12;m=2;gap=6;k=4,123,false,125,0.214,31,4,128,0.245,45,40,false
mixed-022-1,mixed,seed=0x0432a6800a873f06;cycles=7;planted=3;d_b=12;m=2;gap=6;k=4,123,false,125,0.214,31,4,256,0.400,45,40,false
mixed-022-1,mixed,seed=0x0432a6800a873f06;cycles=7;planted=3;d_b=12;m=2;gap=6;k=4,123,false,125,0.214,31,4,512,0.719,31,4,false
mixed-022-1,mixed,seed=0x0432a6800a873f06;cycles=7;planted=3;d_b=12;m=2;gap=6;k=4,123,false,125,0.214,31,4,1024,1.258,31,4,false
mixed-022-1,mixed,seed=0x0432a6800a873f06;cycles=7;planted=3;d_b=12;m=2;gap=6;k=4,123,false,125,0.214,31,4,2048,2.361,31,4,false
mixed-022-1,mixed,seed=0x0432a6800a873f06;cycles=7;planted=3;d_b=12;m=2;gap=6;k=4,123,false,125,0.214,31,4,4096,4.404,31,4,false
mixed-022-1,mixed,seed=0x0432a6800a873f06;cycles=7;planted=3;d_b=12;m=2;gap=6;k=4,123,false,125,0.214,31,4,8192,8.449,31,4,false
mixed-022-1,mixed,seed=0x0432a6800a873f06;cycles=7;planted=3;d_b=12;m=2;gap=6;k=4,123,false,125,0.214,31,4,16384,16.299,31,4,false
mixed-022-1,mixed,seed=0x0432a6800a873f06;cycles=7;planted=3;d_b=12;m=2;gap=6;k=4,123,false,125,0.214,31,4,32768,31.982,31,4,false
mixed-022-1,mixed,seed=0x0432a6800a873f06;cycles=7;planted=3;d_b=12;m=2;gap=6;k=4,123,false,125,0.214,31,4,65536,62.622,31,4,false
mixed-022-1,mixed,seed=0x0432a6800a873f06;cycles=7;planted=3;d_b=12;m=2;gap=6;k=4,123,false,125,0.214,31,4,131072,124.314,31,4,false
mixed-022-1,mixed,seed=0x0432a6800a873f06;cycles=7;planted=3;d_b=12;m=2;gap=6;k=4,123,false,125,0.214,31,4,262144,244.696,31,4,false
dec-068,dec,d_b=5;m=9;gap=7;k=4;q=7;s=24,25,false,27,0.150,42,2,1,0.021,49,48,false
dec-068,dec,d_b=5;m=9;gap=7;k=4;q=7;s=24,25,false,27,0.150,42,2,2,0.034,49,48,false
dec-068,dec,d_b=5;m=9;gap=7;k=4;q=7;s=24,25,false,27,0.150,42,2,4,0.047,49,48,false
dec-068,dec,d_b=5;m=9;gap=7;k=4;q=7;s=24,25,false,27,0.150,42,2,8,0.069,49,48,false
dec-068,dec,d_b=5;m=9;gap=7;k=4;q=7;s=24,25,false,27,0.150,42,2,16,0.076,49,48,false
dec-068,dec,d_b=5;m=9;gap=7;k=4;q=7;s=24,25,false,27,0.150,42,2,32,0.119,42,2,false
dec-068,dec,d_b=5;m=9;gap=7;k=4;q=7;s=24,25,false,27,0.150,42,2,64,0.139,42,2,false
dec-068,dec,d_b=5;m=9;gap=7;k=4;q=7;s=24,25,false,27,0.150,42,2,128,0.170,42,2,false
dec-068,dec,d_b=5;m=9;gap=7;k=4;q=7;s=24,25,false,27,0.150,42,2,256,0.230,42,2,false
dec-068,dec,d_b=5;m=9;gap=7;k=4;q=7;s=24,25,false,27,0.150,42,2,512,0.327,42,2,false
dec-068,dec,d_b=5;m=9;gap=7;k=4;q=7;s=24,25,false,27,0.150,42,2,1024,0.507,42,2,false
dec-068,dec,d_b=5;m=9;gap=7;k=4;q=7;s=24,25,false,27,0.150,42,2,2048,0.861,42,2,false
dec-068,dec,d_b=5;m=9;gap=7;k=4;q=7;s=24,25,false,27,0.150,42,2,4096,1.515,42,2,false
dec-068,dec,d_b=5;m=9;gap=7;k=4;q=7;s=24,25,false,27,0.150,42,2,8192,2.785,42,2,false
dec-068,dec,d_b=5;m=9;gap=7;k=4;q=7;s=24,25,false,27,0.150,42,2,16384,5.157,42,2,true
dec-068,dec,d_b=5;m=9;gap=7;k=4;q=7;s=24,25,false,27,0.150,42,2,32768,9.594,42,2,true
dec-068,dec,d_b=5;m=9;gap=7;k=4;q=7;s=24,25,false,27,0.150,42,2,65536,18.447,42,2,true
dec-068,dec,d_b=5;m=9;gap=7;k=4;q=7;s=24,25,false,27,0.150,42,2,131072,35.610,42,2,true
dec-068,dec,d_b=5;m=9;gap=7;k=4;q=7;s=24,25,false,27,0.150,42,2,262144,69.435,42,2,true
mixed-022-2,mixed,seed=0xbf0a7a161af37fb2;cycles=7;planted=3;d_b=12;m=2;gap=6;k=4,113106,false,16957,0.405,57,10,1,0.174,78,64,false
mixed-022-2,mixed,seed=0xbf0a7a161af37fb2;cycles=7;planted=3;d_b=12;m=2;gap=6;k=4,113106,false,16957,0.405,57,10,2,0.214,78,64,false
mixed-022-2,mixed,seed=0xbf0a7a161af37fb2;cycles=7;planted=3;d_b=12;m=2;gap=6;k=4,113106,false,16957,0.405,57,10,4,0.246,78,64,false
mixed-022-2,mixed,seed=0xbf0a7a161af37fb2;cycles=7;planted=3;d_b=12;m=2;gap=6;k=4,113106,false,16957,0.405,57,10,8,0.340,78,64,false
mixed-022-2,mixed,seed=0xbf0a7a161af37fb2;cycles=7;planted=3;d_b=12;m=2;gap=6;k=4,113106,false,16957,0.405,57,10,16,0.564,78,64,false
mixed-022-2,mixed,seed=0xbf0a7a161af37fb2;cycles=7;planted=3;d_b=12;m=2;gap=6;k=4,113106,false,16957,0.405,57,10,32,0.987,78,64,false
mixed-022-2,mixed,seed=0xbf0a7a161af37fb2;cycles=7;planted=3;d_b=12;m=2;gap=6;k=4,113106,false,16957,0.405,57,10,64,1.905,78,64,false
mixed-022-2,mixed,seed=0xbf0a7a161af37fb2;cycles=7;planted=3;d_b=12;m=2;gap=6;k=4,113106,false,16957,0.405,57,10,128,3.501,78,64,false
mixed-022-2,mixed,seed=0xbf0a7a161af37fb2;cycles=7;planted=3;d_b=12;m=2;gap=6;k=4,113106,false,16957,0.405,57,10,256,6.886,78,64,false
mixed-022-2,mixed,seed=0xbf0a7a161af37fb2;cycles=7;planted=3;d_b=12;m=2;gap=6;k=4,113106,false,16957,0.405,57,10,512,12.988,78,64,false
mixed-022-2,mixed,seed=0xbf0a7a161af37fb2;cycles=7;planted=3;d_b=12;m=2;gap=6;k=4,113106,false,16957,0.405,57,10,1024,25.433,78,64,false
mixed-022-2,mixed,seed=0xbf0a7a161af37fb2;cycles=7;planted=3;d_b=12;m=2;gap=6;k=4,113106,false,16957,0.405,57,10,2048,49.986,57,10,false
mixed-022-2,mixed,seed=0xbf0a7a161af37fb2;cycles=7;planted=3;d_b=12;m=2;gap=6;k=4,113106,false,16957,0.405,57,10,4096,101.414,57,10,false
mixed-022-2,mixed,seed=0xbf0a7a161af37fb2;cycles=7;planted=3;d_b=12;m=2;gap=6;k=4,113106,false,16957,0.405,57,10,8192,203.057,57,10,false
mixed-022-2,mixed,seed=0xbf0a7a161af37fb2;cycles=7;planted=3;d_b=12;m=2;gap=6;k=4,113106,false,16957,0.405,57,10,16384,407.058,57,10,false
mixed-022-2,mixed,seed=0xbf0a7a161af37fb2;cycles=7;planted=3;d_b=12;m=2;gap=6;k=4,113106,false,16957,0.405,57,10,32768,820.524,57,10,false
mixed-022-2,mixed,seed=0xbf0a7a161af37fb2;cycles=7;planted=3;d_b=12;m=2;gap=6;k=4,113106,false,16957,0.405,57,10,65536,1639.410,57,10,false
mixed-022-2,mixed,seed=0xbf0a7a161af37fb2;cycles=7;planted=3;d_b=12;m=2;gap=6;k=4,113106,false,16957,0.405,57,10,131072,3345.644,57,10,false
mixed-022-2,mixed,seed=0xbf0a7a161af37fb2;cycles=7;planted=3;d_b=12;m=2;gap=6;k=4,113106,false,16957,0.405,57,10,262144,6734.886,57,10,false
dec-069,dec,d_b=5;m=9;gap=13;k=1;q=7;s=27,10,false,12,0.067,42,2,1,0.028,55,54,false
dec-069,dec,d_b=5;m=9;gap=13;k=1;q=7;s=27,10,false,12,0.067,42,2,2,0.040,55,54,false
dec-069,dec,d_b=5;m=9;gap=13;k=1;q=7;s=27,10,false,12,0.067,42,2,4,0.040,55,54,false
dec-069,dec,d_b=5;m=9;gap=13;k=1;q=7;s=27,10,false,12,0.067,42,2,8,0.064,42,2,false
dec-069,dec,d_b=5;m=9;gap=13;k=1;q=7;s=27,10,false,12,0.067,42,2,16,0.074,42,2,false
dec-069,dec,d_b=5;m=9;gap=13;k=1;q=7;s=27,10,false,12,0.067,42,2,32,0.095,42,2,false
dec-069,dec,d_b=5;m=9;gap=13;k=1;q=7;s=27,10,false,12,0.067,42,2,64,0.106,42,2,true
dec-069,dec,d_b=5;m=9;gap=13;k=1;q=7;s=27,10,false,12,0.067,42,2,128,0.135,42,2,true
dec-069,dec,d_b=5;m=9;gap=13;k=1;q=7;s=27,10,false,12,0.067,42,2,256,0.191,42,2,true
dec-069,dec,d_b=5;m=9;gap=13;k=1;q=7;s=27,10,false,12,0.067,42,2,512,0.316,42,2,true
dec-069,dec,d_b=5;m=9;gap=13;k=1;q=7;s=27,10,false,12,0.067,42,2,1024,0.784,42,2,true
dec-069,dec,d_b=5;m=9;gap=13;k=1;q=7;s=27,10,false,12,0.067,42,2,2048,2.052,42,2,true
dec-069,dec,d_b=5;m=9;gap=13;k=1;q=7;s=27,10,false,12,0.067,42,2,4096,4.491,42,2,true
dec-069,dec,d_b=5;m=9;gap=13;k=1;q=7;s=27,10,false,12,0.067,42,2,8192,8.972,42,2,true
dec-069,dec,d_b=5;m=9;gap=13;k=1;q=7;s=27,10,false,12,0.067,42,2,16384,18.397,42,2,true
dec-069,dec,d_b=5;m=9;gap=13;k=1;q=7;s=27,10,false,12,0.067,42,2,32768,37.161,42,2,true
dec-069,dec,d_b=5;m=9;gap=13;k=1;q=7;s=27,10,false,12,0.067,42,2,65536,73.718,42,2,true
dec-069,dec,d_b=5;m=9;gap=13;k=1;q=7;s=27,10,false,12,0.067,42,2,131072,148.404,42,2,true
dec-069,dec,d_b=5;m=9;gap=13;k=1;q=7;s=27,10,false,12,0.067,42,2,262144,294.788,42,2,true
mixed-023-0,mixed,seed=0x1d53eb38d023de95;cycles=7;planted=3;d_b=16;m=5;gap=2;k=1,66,false,70,0.310,134,4,1,0.047,140,136,false
mixed-023-0,mixed,seed=0x1d53eb38d023de95;cycles=7;planted=3;d_b=16;m=5;gap=2;k=1,66,false,70,0.310,134,4,2,0.050,140,136,false
mixed-023-0,mixed,seed=0x1d53eb38d023de95;cycles=7;planted=3;d_b=16;m=5;gap=2;k=1,66,false,70,0.310,134,4,4,0.048,140,136,false
mixed-023-0,mixed,seed=0x1d53eb38d023de95;cycles=7;planted=3;d_b=16;m=5;gap=2;k=1,66,false,70,0.310,134,4,8,0.084,140,136,false
mixed-023-0,mixed,seed=0x1d53eb38d023de95;cycles=7;planted=3;d_b=16;m=5;gap=2;k=1,66,false,70,0.310,134,4,16,0.118,140,136,false
mixed-023-0,mixed,seed=0x1d53eb38d023de95;cycles=7;planted=3;d_b=16;m=5;gap=2;k=1,66,false,70,0.310,134,4,32,0.163,140,136,false
mixed-023-0,mixed,seed=0x1d53eb38d023de95;cycles=7;planted=3;d_b=16;m=5;gap=2;k=1,66,false,70,0.310,134,4,64,0.215,140,136,false
mixed-023-0,mixed,seed=0x1d53eb38d023de95;cycles=7;planted=3;d_b=16;m=5;gap=2;k=1,66,false,70,0.310,134,4,128,0.276,140,136,false
mixed-023-0,mixed,seed=0x1d53eb38d023de95;cycles=7;planted=3;d_b=16;m=5;gap=2;k=1,66,false,70,0.310,134,4,256,0.424,140,136,false
mixed-023-0,mixed,seed=0x1d53eb38d023de95;cycles=7;planted=3;d_b=16;m=5;gap=2;k=1,66,false,70,0.310,134,4,512,0.699,140,136,false
mixed-023-0,mixed,seed=0x1d53eb38d023de95;cycles=7;planted=3;d_b=16;m=5;gap=2;k=1,66,false,70,0.310,134,4,1024,1.160,140,136,false
mixed-023-0,mixed,seed=0x1d53eb38d023de95;cycles=7;planted=3;d_b=16;m=5;gap=2;k=1,66,false,70,0.310,134,4,2048,2.021,140,136,false
mixed-023-0,mixed,seed=0x1d53eb38d023de95;cycles=7;planted=3;d_b=16;m=5;gap=2;k=1,66,false,70,0.310,134,4,4096,3.643,134,4,false
mixed-023-0,mixed,seed=0x1d53eb38d023de95;cycles=7;planted=3;d_b=16;m=5;gap=2;k=1,66,false,70,0.310,134,4,8192,6.839,134,4,false
mixed-023-0,mixed,seed=0x1d53eb38d023de95;cycles=7;planted=3;d_b=16;m=5;gap=2;k=1,66,false,70,0.310,134,4,16384,12.626,134,4,false
mixed-023-0,mixed,seed=0x1d53eb38d023de95;cycles=7;planted=3;d_b=16;m=5;gap=2;k=1,66,false,70,0.310,134,4,32768,24.049,134,4,false
mixed-023-0,mixed,seed=0x1d53eb38d023de95;cycles=7;planted=3;d_b=16;m=5;gap=2;k=1,66,false,70,0.310,134,4,65536,46.230,134,4,false
mixed-023-0,mixed,seed=0x1d53eb38d023de95;cycles=7;planted=3;d_b=16;m=5;gap=2;k=1,66,false,70,0.310,134,4,131072,90.261,134,4,false
mixed-023-0,mixed,seed=0x1d53eb38d023de95;cycles=7;planted=3;d_b=16;m=5;gap=2;k=1,66,false,70,0.310,134,4,262144,173.437,134,4,false
dec-070,dec,d_b=5;m=9;gap=13;k=2;q=7;s=27,15,false,17,0.079,42,2,1,0.021,55,54,false
dec-070,dec,d_b=5;m=9;gap=13;k=2;q=7;s=27,15,false,17,0.079,42,2,2,0.031,55,54,false
dec-070,dec,d_b=5;m=9;gap=13;k=2;q=7;s=27,15,false,17,0.079,42,2,4,0.044,55,54,false
dec-070,dec,d_b=5;m=9;gap=13;k=2;q=7;s=27,15,false,17,0.079,42,2,8,0.046,55,54,false
dec-070,dec,d_b=5;m=9;gap=13;k=2;q=7;s=27,15,false,17,0.079,42,2,16,0.078,42,2,false
dec-070,dec,d_b=5;m=9;gap=13;k=2;q=7;s=27,15,false,17,0.079,42,2,32,0.092,42,2,false
dec-070,dec,d_b=5;m=9;gap=13;k=2;q=7;s=27,15,false,17,0.079,42,2,64,0.112,42,2,false
dec-070,dec,d_b=5;m=9;gap=13;k=2;q=7;s=27,15,false,17,0.079,42,2,128,0.155,42,2,false
dec-070,dec,d_b=5;m=9;gap=13;k=2;q=7;s=27,15,false,17,0.079,42,2,256,0.210,42,2,false
dec-070,dec,d_b=5;m=9;gap=13;k=2;q=7;s=27,15,false,17,0.079,42,2,512,0.310,42,2,true
dec-070,dec,d_b=5;m=9;gap=13;k=2;q=7;s=27,15,false,17,0.079,42,2,1024,0.482,42,2,true
dec-070,dec,d_b=5;m=9;gap=13;k=2;q=7;s=27,15,false,17,0.079,42,2,2048,0.809,42,2,true
dec-070,dec,d_b=5;m=9;gap=13;k=2;q=7;s=27,15,false,17,0.079,42,2,4096,1.428,42,2,true
dec-070,dec,d_b=5;m=9;gap=13;k=2;q=7;s=27,15,false,17,0.079,42,2,8192,2.599,42,2,true
dec-070,dec,d_b=5;m=9;gap=13;k=2;q=7;s=27,15,false,17,0.079,42,2,16384,4.827,42,2,true
dec-070,dec,d_b=5;m=9;gap=13;k=2;q=7;s=27,15,false,17,0.079,42,2,32768,16.140,42,2,true
dec-070,dec,d_b=5;m=9;gap=13;k=2;q=7;s=27,15,false,17,0.079,42,2,65536,56.377,42,2,true
dec-070,dec,d_b=5;m=9;gap=13;k=2;q=7;s=27,15,false,17,0.079,42,2,131072,137.613,42,2,true
dec-070,dec,d_b=5;m=9;gap=13;k=2;q=7;s=27,15,false,17,0.079,42,2,262144,294.911,42,2,true
mixed-023-1,mixed,seed=0x08f3beceb51e1709;cycles=7;planted=3;d_b=16;m=5;gap=2;k=1,113019,false,16793,0.468,203,8,1,0.074,212,206,false
mixed-023-1,mixed,seed=0x08f3beceb51e1709;cycles=7;planted=3;d_b=16;m=5;gap=2;k=1,113019,false,16793,0.468,203,8,2,0.069,212,206,false
mixed-023-1,mixed,seed=0x08f3beceb51e1709;cycles=7;planted=3;d_b=16;m=5;gap=2;k=1,113019,false,16793,0.468,203,8,4,0.073,212,206,false
mixed-023-1,mixed,seed=0x08f3beceb51e1709;cycles=7;planted=3;d_b=16;m=5;gap=2;k=1,113019,false,16793,0.468,203,8,8,0.115,212,206,false
mixed-023-1,mixed,seed=0x08f3beceb51e1709;cycles=7;planted=3;d_b=16;m=5;gap=2;k=1,113019,false,16793,0.468,203,8,16,0.171,212,206,false
mixed-023-1,mixed,seed=0x08f3beceb51e1709;cycles=7;planted=3;d_b=16;m=5;gap=2;k=1,113019,false,16793,0.468,203,8,32,0.274,212,206,false
mixed-023-1,mixed,seed=0x08f3beceb51e1709;cycles=7;planted=3;d_b=16;m=5;gap=2;k=1,113019,false,16793,0.468,203,8,64,0.379,212,206,false
mixed-023-1,mixed,seed=0x08f3beceb51e1709;cycles=7;planted=3;d_b=16;m=5;gap=2;k=1,113019,false,16793,0.468,203,8,128,0.594,212,206,false
mixed-023-1,mixed,seed=0x08f3beceb51e1709;cycles=7;planted=3;d_b=16;m=5;gap=2;k=1,113019,false,16793,0.468,203,8,256,0.877,212,206,false
mixed-023-1,mixed,seed=0x08f3beceb51e1709;cycles=7;planted=3;d_b=16;m=5;gap=2;k=1,113019,false,16793,0.468,203,8,512,1.376,212,206,false
mixed-023-1,mixed,seed=0x08f3beceb51e1709;cycles=7;planted=3;d_b=16;m=5;gap=2;k=1,113019,false,16793,0.468,203,8,1024,2.419,212,206,false
mixed-023-1,mixed,seed=0x08f3beceb51e1709;cycles=7;planted=3;d_b=16;m=5;gap=2;k=1,113019,false,16793,0.468,203,8,2048,4.787,212,206,false
mixed-023-1,mixed,seed=0x08f3beceb51e1709;cycles=7;planted=3;d_b=16;m=5;gap=2;k=1,113019,false,16793,0.468,203,8,4096,10.541,212,206,false
mixed-023-1,mixed,seed=0x08f3beceb51e1709;cycles=7;planted=3;d_b=16;m=5;gap=2;k=1,113019,false,16793,0.468,203,8,8192,22.911,212,206,false
mixed-023-1,mixed,seed=0x08f3beceb51e1709;cycles=7;planted=3;d_b=16;m=5;gap=2;k=1,113019,false,16793,0.468,203,8,16384,48.508,206,74,false
mixed-023-1,mixed,seed=0x08f3beceb51e1709;cycles=7;planted=3;d_b=16;m=5;gap=2;k=1,113019,false,16793,0.468,203,8,32768,104.759,203,8,false
mixed-023-1,mixed,seed=0x08f3beceb51e1709;cycles=7;planted=3;d_b=16;m=5;gap=2;k=1,113019,false,16793,0.468,203,8,65536,224.254,203,8,false
mixed-023-1,mixed,seed=0x08f3beceb51e1709;cycles=7;planted=3;d_b=16;m=5;gap=2;k=1,113019,false,16793,0.468,203,8,131072,484.329,203,8,false
mixed-023-1,mixed,seed=0x08f3beceb51e1709;cycles=7;planted=3;d_b=16;m=5;gap=2;k=1,113019,false,16793,0.468,203,8,262144,1015.655,203,8,false
dec-071,dec,d_b=5;m=9;gap=13;k=4;q=7;s=27,25,false,27,0.127,42,2,1,0.024,55,54,false
dec-071,dec,d_b=5;m=9;gap=13;k=4;q=7;s=27,25,false,27,0.127,42,2,2,0.038,55,54,false
dec-071,dec,d_b=5;m=9;gap=13;k=4;q=7;s=27,25,false,27,0.127,42,2,4,0.055,55,54,false
dec-071,dec,d_b=5;m=9;gap=13;k=4;q=7;s=27,25,false,27,0.127,42,2,8,0.073,55,54,false
dec-071,dec,d_b=5;m=9;gap=13;k=4;q=7;s=27,25,false,27,0.127,42,2,16,0.082,55,54,false
dec-071,dec,d_b=5;m=9;gap=13;k=4;q=7;s=27,25,false,27,0.127,42,2,32,0.122,42,2,false
dec-071,dec,d_b=5;m=9;gap=13;k=4;q=7;s=27,25,false,27,0.127,42,2,64,0.151,42,2,false
dec-071,dec,d_b=5;m=9;gap=13;k=4;q=7;s=27,25,false,27,0.127,42,2,128,0.176,42,2,false
dec-071,dec,d_b=5;m=9;gap=13;k=4;q=7;s=27,25,false,27,0.127,42,2,256,0.243,42,2,false
dec-071,dec,d_b=5;m=9;gap=13;k=4;q=7;s=27,25,false,27,0.127,42,2,512,0.334,42,2,false
dec-071,dec,d_b=5;m=9;gap=13;k=4;q=7;s=27,25,false,27,0.127,42,2,1024,0.539,42,2,false
dec-071,dec,d_b=5;m=9;gap=13;k=4;q=7;s=27,25,false,27,0.127,42,2,2048,0.874,42,2,false
dec-071,dec,d_b=5;m=9;gap=13;k=4;q=7;s=27,25,false,27,0.127,42,2,4096,1.557,42,2,false
dec-071,dec,d_b=5;m=9;gap=13;k=4;q=7;s=27,25,false,27,0.127,42,2,8192,2.790,42,2,false
dec-071,dec,d_b=5;m=9;gap=13;k=4;q=7;s=27,25,false,27,0.127,42,2,16384,5.218,42,2,true
dec-071,dec,d_b=5;m=9;gap=13;k=4;q=7;s=27,25,false,27,0.127,42,2,32768,9.563,42,2,true
dec-071,dec,d_b=5;m=9;gap=13;k=4;q=7;s=27,25,false,27,0.127,42,2,65536,18.432,42,2,true
dec-071,dec,d_b=5;m=9;gap=13;k=4;q=7;s=27,25,false,27,0.127,42,2,131072,35.736,42,2,true
dec-071,dec,d_b=5;m=9;gap=13;k=4;q=7;s=27,25,false,27,0.127,42,2,262144,69.677,42,2,true
mixed-023-2,mixed,seed=0x9f994bcdc321597f;cycles=7;planted=3;d_b=16;m=5;gap=2;k=1,113023,false,16893,0.577,227,10,1,0.180,236,208,false
mixed-023-2,mixed,seed=0x9f994bcdc321597f;cycles=7;planted=3;d_b=16;m=5;gap=2;k=1,113023,false,16893,0.577,227,10,2,0.242,236,208,false
mixed-023-2,mixed,seed=0x9f994bcdc321597f;cycles=7;planted=3;d_b=16;m=5;gap=2;k=1,113023,false,16893,0.577,227,10,4,0.260,236,208,false
mixed-023-2,mixed,seed=0x9f994bcdc321597f;cycles=7;planted=3;d_b=16;m=5;gap=2;k=1,113023,false,16893,0.577,227,10,8,0.339,236,208,false
mixed-023-2,mixed,seed=0x9f994bcdc321597f;cycles=7;planted=3;d_b=16;m=5;gap=2;k=1,113023,false,16893,0.577,227,10,16,0.489,236,208,false
mixed-023-2,mixed,seed=0x9f994bcdc321597f;cycles=7;planted=3;d_b=16;m=5;gap=2;k=1,113023,false,16893,0.577,227,10,32,0.787,236,208,false
mixed-023-2,mixed,seed=0x9f994bcdc321597f;cycles=7;planted=3;d_b=16;m=5;gap=2;k=1,113023,false,16893,0.577,227,10,64,1.385,236,208,false
mixed-023-2,mixed,seed=0x9f994bcdc321597f;cycles=7;planted=3;d_b=16;m=5;gap=2;k=1,113023,false,16893,0.577,227,10,128,2.541,236,208,false
mixed-023-2,mixed,seed=0x9f994bcdc321597f;cycles=7;planted=3;d_b=16;m=5;gap=2;k=1,113023,false,16893,0.577,227,10,256,4.683,236,208,false
mixed-023-2,mixed,seed=0x9f994bcdc321597f;cycles=7;planted=3;d_b=16;m=5;gap=2;k=1,113023,false,16893,0.577,227,10,512,9.085,236,208,false
mixed-023-2,mixed,seed=0x9f994bcdc321597f;cycles=7;planted=3;d_b=16;m=5;gap=2;k=1,113023,false,16893,0.577,227,10,1024,17.543,236,208,false
mixed-023-2,mixed,seed=0x9f994bcdc321597f;cycles=7;planted=3;d_b=16;m=5;gap=2;k=1,113023,false,16893,0.577,227,10,2048,34.840,236,208,false
mixed-023-2,mixed,seed=0x9f994bcdc321597f;cycles=7;planted=3;d_b=16;m=5;gap=2;k=1,113023,false,16893,0.577,227,10,4096,70.035,230,76,false
mixed-023-2,mixed,seed=0x9f994bcdc321597f;cycles=7;planted=3;d_b=16;m=5;gap=2;k=1,113023,false,16893,0.577,227,10,8192,144.200,230,76,false
mixed-023-2,mixed,seed=0x9f994bcdc321597f;cycles=7;planted=3;d_b=16;m=5;gap=2;k=1,113023,false,16893,0.577,227,10,16384,297.783,230,76,false
mixed-023-2,mixed,seed=0x9f994bcdc321597f;cycles=7;planted=3;d_b=16;m=5;gap=2;k=1,113023,false,16893,0.577,227,10,32768,630.213,230,76,false
mixed-023-2,mixed,seed=0x9f994bcdc321597f;cycles=7;planted=3;d_b=16;m=5;gap=2;k=1,113023,false,16893,0.577,227,10,65536,1277.942,227,10,false
mixed-023-2,mixed,seed=0x9f994bcdc321597f;cycles=7;planted=3;d_b=16;m=5;gap=2;k=1,113023,false,16893,0.577,227,10,131072,2627.851,227,10,false
mixed-023-2,mixed,seed=0x9f994bcdc321597f;cycles=7;planted=3;d_b=16;m=5;gap=2;k=1,113023,false,16893,0.577,227,10,262144,5441.671,227,10,false
dec-072,dec,d_b=8;m=2;gap=1;k=1;q=0;s=5,16,false,17,0.074,10,2,1,0.016,11,10,false
dec-072,dec,d_b=8;m=2;gap=1;k=1;q=0;s=5,16,false,17,0.074,10,2,2,0.017,11,10,false
dec-072,dec,d_b=8;m=2;gap=1;k=1;q=0;s=5,16,false,17,0.074,10,2,4,0.017,11,10,false
dec-072,dec,d_b=8;m=2;gap=1;k=1;q=0;s=5,16,false,17,0.074,10,2,8,0.025,11,10,false
dec-072,dec,d_b=8;m=2;gap=1;k=1;q=0;s=5,16,false,17,0.074,10,2,16,0.035,11,10,false
dec-072,dec,d_b=8;m=2;gap=1;k=1;q=0;s=5,16,false,17,0.074,10,2,32,0.043,11,10,false
dec-072,dec,d_b=8;m=2;gap=1;k=1;q=0;s=5,16,false,17,0.074,10,2,64,0.076,10,2,false
dec-072,dec,d_b=8;m=2;gap=1;k=1;q=0;s=5,16,false,17,0.074,10,2,128,0.113,10,2,false
dec-072,dec,d_b=8;m=2;gap=1;k=1;q=0;s=5,16,false,17,0.074,10,2,256,0.188,10,2,false
dec-072,dec,d_b=8;m=2;gap=1;k=1;q=0;s=5,16,false,17,0.074,10,2,512,0.304,10,2,false
dec-072,dec,d_b=8;m=2;gap=1;k=1;q=0;s=5,16,false,17,0.074,10,2,1024,0.527,10,2,false
dec-072,dec,d_b=8;m=2;gap=1;k=1;q=0;s=5,16,false,17,0.074,10,2,2048,0.936,10,2,true
dec-072,dec,d_b=8;m=2;gap=1;k=1;q=0;s=5,16,false,17,0.074,10,2,4096,1.687,10,2,true
dec-072,dec,d_b=8;m=2;gap=1;k=1;q=0;s=5,16,false,17,0.074,10,2,8192,2.789,10,2,true
dec-072,dec,d_b=8;m=2;gap=1;k=1;q=0;s=5,16,false,17,0.074,10,2,16384,5.123,10,2,true
dec-072,dec,d_b=8;m=2;gap=1;k=1;q=0;s=5,16,false,17,0.074,10,2,32768,9.275,10,2,true
dec-072,dec,d_b=8;m=2;gap=1;k=1;q=0;s=5,16,false,17,0.074,10,2,65536,17.535,10,2,true
dec-072,dec,d_b=8;m=2;gap=1;k=1;q=0;s=5,16,false,17,0.074,10,2,131072,35.358,10,2,true
dec-072,dec,d_b=8;m=2;gap=1;k=1;q=0;s=5,16,false,17,0.074,10,2,262144,67.119,10,2,true
mixed-024-0,mixed,seed=0x4dc30c7929287eb5;cycles=8;planted=1;d_b=4;m=2;gap=1;k=2,2379944,false,228973,0.252,27,8,1,0.196,28,12,false
mixed-024-0,mixed,seed=0x4dc30c7929287eb5;cycles=8;planted=1;d_b=4;m=2;gap=1;k=2,2379944,false,228973,0.252,27,8,2,0.198,28,12,false
mixed-024-0,mixed,seed=0x4dc30c7929287eb5;cycles=8;planted=1;d_b=4;m=2;gap=1;k=2,2379944,false,228973,0.252,27,8,4,0.275,28,12,false
mixed-024-0,mixed,seed=0x4dc30c7929287eb5;cycles=8;planted=1;d_b=4;m=2;gap=1;k=2,2379944,false,228973,0.252,27,8,8,0.380,28,12,false
mixed-024-0,mixed,seed=0x4dc30c7929287eb5;cycles=8;planted=1;d_b=4;m=2;gap=1;k=2,2379944,false,228973,0.252,27,8,16,0.502,28,12,false
mixed-024-0,mixed,seed=0x4dc30c7929287eb5;cycles=8;planted=1;d_b=4;m=2;gap=1;k=2,2379944,false,228973,0.252,27,8,32,0.761,28,12,false
mixed-024-0,mixed,seed=0x4dc30c7929287eb5;cycles=8;planted=1;d_b=4;m=2;gap=1;k=2,2379944,false,228973,0.252,27,8,64,1.316,28,12,false
mixed-024-0,mixed,seed=0x4dc30c7929287eb5;cycles=8;planted=1;d_b=4;m=2;gap=1;k=2,2379944,false,228973,0.252,27,8,128,1.932,27,8,false
mixed-024-0,mixed,seed=0x4dc30c7929287eb5;cycles=8;planted=1;d_b=4;m=2;gap=1;k=2,2379944,false,228973,0.252,27,8,256,2.983,27,8,false
mixed-024-0,mixed,seed=0x4dc30c7929287eb5;cycles=8;planted=1;d_b=4;m=2;gap=1;k=2,2379944,false,228973,0.252,27,8,512,4.680,27,8,false
mixed-024-0,mixed,seed=0x4dc30c7929287eb5;cycles=8;planted=1;d_b=4;m=2;gap=1;k=2,2379944,false,228973,0.252,27,8,1024,8.407,27,8,false
mixed-024-0,mixed,seed=0x4dc30c7929287eb5;cycles=8;planted=1;d_b=4;m=2;gap=1;k=2,2379944,false,228973,0.252,27,8,2048,15.569,27,8,false
mixed-024-0,mixed,seed=0x4dc30c7929287eb5;cycles=8;planted=1;d_b=4;m=2;gap=1;k=2,2379944,false,228973,0.252,27,8,4096,29.879,27,8,false
mixed-024-0,mixed,seed=0x4dc30c7929287eb5;cycles=8;planted=1;d_b=4;m=2;gap=1;k=2,2379944,false,228973,0.252,27,8,8192,51.160,27,8,false
mixed-024-0,mixed,seed=0x4dc30c7929287eb5;cycles=8;planted=1;d_b=4;m=2;gap=1;k=2,2379944,false,228973,0.252,27,8,16384,85.320,27,8,false
mixed-024-0,mixed,seed=0x4dc30c7929287eb5;cycles=8;planted=1;d_b=4;m=2;gap=1;k=2,2379944,false,228973,0.252,27,8,32768,150.945,27,8,false
mixed-024-0,mixed,seed=0x4dc30c7929287eb5;cycles=8;planted=1;d_b=4;m=2;gap=1;k=2,2379944,false,228973,0.252,27,8,65536,310.706,27,8,false
mixed-024-0,mixed,seed=0x4dc30c7929287eb5;cycles=8;planted=1;d_b=4;m=2;gap=1;k=2,2379944,false,228973,0.252,27,8,131072,686.116,27,8,false
mixed-024-0,mixed,seed=0x4dc30c7929287eb5;cycles=8;planted=1;d_b=4;m=2;gap=1;k=2,2379944,false,228973,0.252,27,8,262144,1344.595,27,8,false
dec-073,dec,d_b=8;m=2;gap=1;k=2;q=0;s=5,24,false,25,0.068,10,2,1,0.016,11,10,false
dec-073,dec,d_b=8;m=2;gap=1;k=2;q=0;s=5,24,false,25,0.068,10,2,2,0.017,11,10,false
dec-073,dec,d_b=8;m=2;gap=1;k=2;q=0;s=5,24,false,25,0.068,10,2,4,0.021,11,10,false
dec-073,dec,d_b=8;m=2;gap=1;k=2;q=0;s=5,24,false,25,0.068,10,2,8,0.022,11,10,false
dec-073,dec,d_b=8;m=2;gap=1;k=2;q=0;s=5,24,false,25,0.068,10,2,16,0.032,11,10,false
dec-073,dec,d_b=8;m=2;gap=1;k=2;q=0;s=5,24,false,25,0.068,10,2,32,0.042,11,10,false
dec-073,dec,d_b=8;m=2;gap=1;k=2;q=0;s=5,24,false,25,0.068,10,2,64,0.056,11,10,false
dec-073,dec,d_b=8;m=2;gap=1;k=2;q=0;s=5,24,false,25,0.068,10,2,128,0.080,11,10,false
dec-073,dec,d_b=8;m=2;gap=1;k=2;q=0;s=5,24,false,25,0.068,10,2,256,0.135,10,2,false
dec-073,dec,d_b=8;m=2;gap=1;k=2;q=0;s=5,24,false,25,0.068,10,2,512,0.230,10,2,false
dec-073,dec,d_b=8;m=2;gap=1;k=2;q=0;s=5,24,false,25,0.068,10,2,1024,0.401,10,2,false
dec-073,dec,d_b=8;m=2;gap=1;k=2;q=0;s=5,24,false,25,0.068,10,2,2048,0.747,10,2,false
dec-073,dec,d_b=8;m=2;gap=1;k=2;q=0;s=5,24,false,25,0.068,10,2,4096,1.366,10,2,false
dec-073,dec,d_b=8;m=2;gap=1;k=2;q=0;s=5,24,false,25,0.068,10,2,8192,2.513,10,2,false
dec-073,dec,d_b=8;m=2;gap=1;k=2;q=0;s=5,24,false,25,0.068,10,2,16384,4.646,10,2,false
dec-073,dec,d_b=8;m=2;gap=1;k=2;q=0;s=5,24,false,25,0.068,10,2,32768,8.755,10,2,false
dec-073,dec,d_b=8;m=2;gap=1;k=2;q=0;s=5,24,false,25,0.068,10,2,65536,16.557,10,2,false
dec-073,dec,d_b=8;m=2;gap=1;k=2;q=0;s=5,24,false,25,0.068,10,2,131072,32.115,10,2,false
dec-073,dec,d_b=8;m=2;gap=1;k=2;q=0;s=5,24,false,25,0.068,10,2,262144,61.971,10,2,false
mixed-024-1,mixed,seed=0xdb2148c53f9bf97b;cycles=8;planted=1;d_b=4;m=2;gap=1;k=2,810550,false,84666,0.052,9,4,1,0.034,10,8,false
mixed-024-1,mixed,seed=0xdb2148c53f9bf97b;cycles=8;planted=1;d_b=4;m=2;gap=1;k=2,810550,false,84666,0.052,9,4,2,0.048,10,8,false
mixed-024-1,mixed,seed=0xdb2148c53f9bf97b;cycles=8;planted=1;d_b=4;m=2;gap=1;k=2,810550,false,84666,0.052,9,4,4,0.043,10,8,false
mixed-024-1,mixed,seed=0xdb2148c53f9bf97b;cycles=8;planted=1;d_b=4;m=2;gap=1;k=2,810550,false,84666,0.052,9,4,8,0.075,10,8,false
mixed-024-1,mixed,seed=0xdb2148c53f9bf97b;cycles=8;planted=1;d_b=4;m=2;gap=1;k=2,810550,false,84666,0.052,9,4,16,0.130,10,8,false
mixed-024-1,mixed,seed=0xdb2148c53f9bf97b;cycles=8;planted=1;d_b=4;m=2;gap=1;k=2,810550,false,84666,0.052,9,4,32,0.231,10,8,false
mixed-024-1,mixed,seed=0xdb2148c53f9bf97b;cycles=8;planted=1;d_b=4;m=2;gap=1;k=2,810550,false,84666,0.052,9,4,64,0.449,9,4,false
mixed-024-1,mixed,seed=0xdb2148c53f9bf97b;cycles=8;planted=1;d_b=4;m=2;gap=1;k=2,810550,false,84666,0.052,9,4,128,0.683,9,4,false
mixed-024-1,mixed,seed=0xdb2148c53f9bf97b;cycles=8;planted=1;d_b=4;m=2;gap=1;k=2,810550,false,84666,0.052,9,4,256,1.037,9,4,false
mixed-024-1,mixed,seed=0xdb2148c53f9bf97b;cycles=8;planted=1;d_b=4;m=2;gap=1;k=2,810550,false,84666,0.052,9,4,512,1.744,9,4,false
mixed-024-1,mixed,seed=0xdb2148c53f9bf97b;cycles=8;planted=1;d_b=4;m=2;gap=1;k=2,810550,false,84666,0.052,9,4,1024,3.334,9,4,false
mixed-024-1,mixed,seed=0xdb2148c53f9bf97b;cycles=8;planted=1;d_b=4;m=2;gap=1;k=2,810550,false,84666,0.052,9,4,2048,6.836,9,4,false
mixed-024-1,mixed,seed=0xdb2148c53f9bf97b;cycles=8;planted=1;d_b=4;m=2;gap=1;k=2,810550,false,84666,0.052,9,4,4096,14.460,9,4,false
mixed-024-1,mixed,seed=0xdb2148c53f9bf97b;cycles=8;planted=1;d_b=4;m=2;gap=1;k=2,810550,false,84666,0.052,9,4,8192,29.225,9,4,false
mixed-024-1,mixed,seed=0xdb2148c53f9bf97b;cycles=8;planted=1;d_b=4;m=2;gap=1;k=2,810550,false,84666,0.052,9,4,16384,59.102,9,4,false
mixed-024-1,mixed,seed=0xdb2148c53f9bf97b;cycles=8;planted=1;d_b=4;m=2;gap=1;k=2,810550,false,84666,0.052,9,4,32768,118.366,9,4,false
mixed-024-1,mixed,seed=0xdb2148c53f9bf97b;cycles=8;planted=1;d_b=4;m=2;gap=1;k=2,810550,false,84666,0.052,9,4,65536,245.294,9,4,false
mixed-024-1,mixed,seed=0xdb2148c53f9bf97b;cycles=8;planted=1;d_b=4;m=2;gap=1;k=2,810550,false,84666,0.052,9,4,131072,541.900,9,4,false
mixed-024-1,mixed,seed=0xdb2148c53f9bf97b;cycles=8;planted=1;d_b=4;m=2;gap=1;k=2,810550,false,84666,0.052,9,4,262144,1317.020,9,4,false
dec-074,dec,d_b=8;m=2;gap=1;k=4;q=0;s=5,40,false,41,0.136,10,2,1,0.023,11,10,false
dec-074,dec,d_b=8;m=2;gap=1;k=4;q=0;s=5,40,false,41,0.136,10,2,2,0.023,11,10,false
dec-074,dec,d_b=8;m=2;gap=1;k=4;q=0;s=5,40,false,41,0.136,10,2,4,0.030,11,10,false
dec-074,dec,d_b=8;m=2;gap=1;k=4;q=0;s=5,40,false,41,0.136,10,2,8,0.040,11,10,false
dec-074,dec,d_b=8;m=2;gap=1;k=4;q=0;s=5,40,false,41,0.136,10,2,16,0.047,11,10,false
dec-074,dec,d_b=8;m=2;gap=1;k=4;q=0;s=5,40,false,41,0.136,10,2,32,0.077,11,10,false
dec-074,dec,d_b=8;m=2;gap=1;k=4;q=0;s=5,40,false,41,0.136,10,2,64,0.092,11,10,false
dec-074,dec,d_b=8;m=2;gap=1;k=4;q=0;s=5,40,false,41,0.136,10,2,128,0.132,11,10,false
dec-074,dec,d_b=8;m=2;gap=1;k=4;q=0;s=5,40,false,41,0.136,10,2,256,0.225,11,10,false
dec-074,dec,d_b=8;m=2;gap=1;k=4;q=0;s=5,40,false,41,0.136,10,2,512,0.363,11,10,false
dec-074,dec,d_b=8;m=2;gap=1;k=4;q=0;s=5,40,false,41,0.136,10,2,1024,0.641,11,10,false
dec-074,dec,d_b=8;m=2;gap=1;k=4;q=0;s=5,40,false,41,0.136,10,2,2048,1.225,10,2,false
dec-074,dec,d_b=8;m=2;gap=1;k=4;q=0;s=5,40,false,41,0.136,10,2,4096,2.394,10,2,false
dec-074,dec,d_b=8;m=2;gap=1;k=4;q=0;s=5,40,false,41,0.136,10,2,8192,4.381,10,2,false
dec-074,dec,d_b=8;m=2;gap=1;k=4;q=0;s=5,40,false,41,0.136,10,2,16384,8.207,10,2,false
dec-074,dec,d_b=8;m=2;gap=1;k=4;q=0;s=5,40,false,41,0.136,10,2,32768,15.131,10,2,false
dec-074,dec,d_b=8;m=2;gap=1;k=4;q=0;s=5,40,false,41,0.136,10,2,65536,27.865,10,2,false
dec-074,dec,d_b=8;m=2;gap=1;k=4;q=0;s=5,40,false,41,0.136,10,2,131072,52.828,10,2,false
dec-074,dec,d_b=8;m=2;gap=1;k=4;q=0;s=5,40,false,41,0.136,10,2,262144,96.884,10,2,false
mixed-024-2,mixed,seed=0x2d7092a3bcfd2331;cycles=8;planted=1;d_b=4;m=2;gap=1;k=2,1939052,false,190447,0.102,22,10,1,0.070,23,14,false
mixed-024-2,mixed,seed=0x2d7092a3bcfd2331;cycles=8;planted=1;d_b=4;m=2;gap=1;k=2,1939052,false,190447,0.102,22,10,2,0.071,23,14,false
mixed-024-2,mixed,seed=0x2d7092a3bcfd2331;cycles=8;planted=1;d_b=4;m=2;gap=1;k=2,1939052,false,190447,0.102,22,10,4,0.073,23,14,false
mixed-024-2,mixed,seed=0x2d7092a3bcfd2331;cycles=8;planted=1;d_b=4;m=2;gap=1;k=2,1939052,false,190447,0.102,22,10,8,0.097,23,14,false
mixed-024-2,mixed,seed=0x2d7092a3bcfd2331;cycles=8;planted=1;d_b=4;m=2;gap=1;k=2,1939052,false,190447,0.102,22,10,16,0.149,23,14,false
mixed-024-2,mixed,seed=0x2d7092a3bcfd2331;cycles=8;planted=1;d_b=4;m=2;gap=1;k=2,1939052,false,190447,0.102,22,10,32,0.241,23,14,false
mixed-024-2,mixed,seed=0x2d7092a3bcfd2331;cycles=8;planted=1;d_b=4;m=2;gap=1;k=2,1939052,false,190447,0.102,22,10,64,0.427,22,10,false
mixed-024-2,mixed,seed=0x2d7092a3bcfd2331;cycles=8;planted=1;d_b=4;m=2;gap=1;k=2,1939052,false,190447,0.102,22,10,128,0.781,22,10,false
mixed-024-2,mixed,seed=0x2d7092a3bcfd2331;cycles=8;planted=1;d_b=4;m=2;gap=1;k=2,1939052,false,190447,0.102,22,10,256,1.263,22,10,false
mixed-024-2,mixed,seed=0x2d7092a3bcfd2331;cycles=8;planted=1;d_b=4;m=2;gap=1;k=2,1939052,false,190447,0.102,22,10,512,2.215,22,10,false
mixed-024-2,mixed,seed=0x2d7092a3bcfd2331;cycles=8;planted=1;d_b=4;m=2;gap=1;k=2,1939052,false,190447,0.102,22,10,1024,4.228,22,10,false
mixed-024-2,mixed,seed=0x2d7092a3bcfd2331;cycles=8;planted=1;d_b=4;m=2;gap=1;k=2,1939052,false,190447,0.102,22,10,2048,8.702,22,10,false
mixed-024-2,mixed,seed=0x2d7092a3bcfd2331;cycles=8;planted=1;d_b=4;m=2;gap=1;k=2,1939052,false,190447,0.102,22,10,4096,17.843,22,10,false
mixed-024-2,mixed,seed=0x2d7092a3bcfd2331;cycles=8;planted=1;d_b=4;m=2;gap=1;k=2,1939052,false,190447,0.102,22,10,8192,36.720,22,10,false
mixed-024-2,mixed,seed=0x2d7092a3bcfd2331;cycles=8;planted=1;d_b=4;m=2;gap=1;k=2,1939052,false,190447,0.102,22,10,16384,76.271,22,10,false
mixed-024-2,mixed,seed=0x2d7092a3bcfd2331;cycles=8;planted=1;d_b=4;m=2;gap=1;k=2,1939052,false,190447,0.102,22,10,32768,153.721,22,10,false
mixed-024-2,mixed,seed=0x2d7092a3bcfd2331;cycles=8;planted=1;d_b=4;m=2;gap=1;k=2,1939052,false,190447,0.102,22,10,65536,310.602,22,10,false
mixed-024-2,mixed,seed=0x2d7092a3bcfd2331;cycles=8;planted=1;d_b=4;m=2;gap=1;k=2,1939052,false,190447,0.102,22,10,131072,630.259,22,10,false
mixed-024-2,mixed,seed=0x2d7092a3bcfd2331;cycles=8;planted=1;d_b=4;m=2;gap=1;k=2,1939052,false,190447,0.102,22,10,262144,1422.815,22,10,false
dec-075,dec,d_b=8;m=2;gap=3;k=1;q=0;s=6,16,false,17,0.054,10,2,1,0.018,13,12,false
dec-075,dec,d_b=8;m=2;gap=3;k=1;q=0;s=6,16,false,17,0.054,10,2,2,0.020,13,12,false
dec-075,dec,d_b=8;m=2;gap=3;k=1;q=0;s=6,16,false,17,0.054,10,2,4,0.019,13,12,false
dec-075,dec,d_b=8;m=2;gap=3;k=1;q=0;s=6,16,false,17,0.054,10,2,8,0.023,13,12,false
dec-075,dec,d_b=8;m=2;gap=3;k=1;q=0;s=6,16,false,17,0.054,10,2,16,0.041,10,2,false
dec-075,dec,d_b=8;m=2;gap=3;k=1;q=0;s=6,16,false,17,0.054,10,2,32,0.049,10,2,false
dec-075,dec,d_b=8;m=2;gap=3;k=1;q=0;s=6,16,false,17,0.054,10,2,64,0.069,10,2,false
dec-075,dec,d_b=8;m=2;gap=3;k=1;q=0;s=6,16,false,17,0.054,10,2,128,0.101,10,2,false
dec-075,dec,d_b=8;m=2;gap=3;k=1;q=0;s=6,16,false,17,0.054,10,2,256,0.172,10,2,false
dec-075,dec,d_b=8;m=2;gap=3;k=1;q=0;s=6,16,false,17,0.054,10,2,512,0.259,10,2,false
dec-075,dec,d_b=8;m=2;gap=3;k=1;q=0;s=6,16,false,17,0.054,10,2,1024,0.461,10,2,true
dec-075,dec,d_b=8;m=2;gap=3;k=1;q=0;s=6,16,false,17,0.054,10,2,2048,0.783,10,2,true
dec-075,dec,d_b=8;m=2;gap=3;k=1;q=0;s=6,16,false,17,0.054,10,2,4096,1.420,10,2,true
dec-075,dec,d_b=8;m=2;gap=3;k=1;q=0;s=6,16,false,17,0.054,10,2,8192,2.589,10,2,true
dec-075,dec,d_b=8;m=2;gap=3;k=1;q=0;s=6,16,false,17,0.054,10,2,16384,4.693,10,2,true
dec-075,dec,d_b=8;m=2;gap=3;k=1;q=0;s=6,16,false,17,0.054,10,2,32768,8.604,10,2,true
dec-075,dec,d_b=8;m=2;gap=3;k=1;q=0;s=6,16,false,17,0.054,10,2,65536,16.110,10,2,true
dec-075,dec,d_b=8;m=2;gap=3;k=1;q=0;s=6,16,false,17,0.054,10,2,131072,31.040,10,2,true
dec-075,dec,d_b=8;m=2;gap=3;k=1;q=0;s=6,16,false,17,0.054,10,2,262144,59.081,10,2,true
mixed-025-0,mixed,seed=0x1a6e8540bd0e44b3;cycles=8;planted=1;d_b=8;m=3;gap=2;k=2,810568,false,84719,0.156,36,6,1,0.117,39,24,false
mixed-025-0,mixed,seed=0x1a6e8540bd0e44b3;cycles=8;planted=1;d_b=8;m=3;gap=2;k=2,810568,false,84719,0.156,36,6,2,0.116,39,24,false
mixed-025-0,mixed,seed=0x1a6e8540bd0e44b3;cycles=8;planted=1;d_b=8;m=3;gap=2;k=2,810568,false,84719,0.156,36,6,4,0.122,39,24,false
mixed-025-0,mixed,seed=0x1a6e8540bd0e44b3;cycles=8;planted=1;d_b=8;m=3;gap=2;k=2,810568,false,84719,0.156,36,6,8,0.174,39,24,false
mixed-025-0,mixed,seed=0x1a6e8540bd0e44b3;cycles=8;planted=1;d_b=8;m=3;gap=2;k=2,810568,false,84719,0.156,36,6,16,0.297,39,24,false
mixed-025-0,mixed,seed=0x1a6e8540bd0e44b3;cycles=8;planted=1;d_b=8;m=3;gap=2;k=2,810568,false,84719,0.156,36,6,32,0.504,39,24,false
mixed-025-0,mixed,seed=0x1a6e8540bd0e44b3;cycles=8;planted=1;d_b=8;m=3;gap=2;k=2,810568,false,84719,0.156,36,6,64,0.971,39,24,false
mixed-025-0,mixed,seed=0x1a6e8540bd0e44b3;cycles=8;planted=1;d_b=8;m=3;gap=2;k=2,810568,false,84719,0.156,36,6,128,1.868,39,24,false
mixed-025-0,mixed,seed=0x1a6e8540bd0e44b3;cycles=8;planted=1;d_b=8;m=3;gap=2;k=2,810568,false,84719,0.156,36,6,256,3.730,39,24,false
mixed-025-0,mixed,seed=0x1a6e8540bd0e44b3;cycles=8;planted=1;d_b=8;m=3;gap=2;k=2,810568,false,84719,0.156,36,6,512,7.197,36,6,false
mixed-025-0,mixed,seed=0x1a6e8540bd0e44b3;cycles=8;planted=1;d_b=8;m=3;gap=2;k=2,810568,false,84719,0.156,36,6,1024,13.812,36,6,false
mixed-025-0,mixed,seed=0x1a6e8540bd0e44b3;cycles=8;planted=1;d_b=8;m=3;gap=2;k=2,810568,false,84719,0.156,36,6,2048,27.475,36,6,false
mixed-025-0,mixed,seed=0x1a6e8540bd0e44b3;cycles=8;planted=1;d_b=8;m=3;gap=2;k=2,810568,false,84719,0.156,36,6,4096,55.411,36,6,false
mixed-025-0,mixed,seed=0x1a6e8540bd0e44b3;cycles=8;planted=1;d_b=8;m=3;gap=2;k=2,810568,false,84719,0.156,36,6,8192,114.462,36,6,false
mixed-025-0,mixed,seed=0x1a6e8540bd0e44b3;cycles=8;planted=1;d_b=8;m=3;gap=2;k=2,810568,false,84719,0.156,36,6,16384,232.494,36,6,false
mixed-025-0,mixed,seed=0x1a6e8540bd0e44b3;cycles=8;planted=1;d_b=8;m=3;gap=2;k=2,810568,false,84719,0.156,36,6,32768,465.980,36,6,false
mixed-025-0,mixed,seed=0x1a6e8540bd0e44b3;cycles=8;planted=1;d_b=8;m=3;gap=2;k=2,810568,false,84719,0.156,36,6,65536,945.710,36,6,false
mixed-025-0,mixed,seed=0x1a6e8540bd0e44b3;cycles=8;planted=1;d_b=8;m=3;gap=2;k=2,810568,false,84719,0.156,36,6,131072,1942.262,36,6,false
mixed-025-0,mixed,seed=0x1a6e8540bd0e44b3;cycles=8;planted=1;d_b=8;m=3;gap=2;k=2,810568,false,84719,0.156,36,6,262144,3987.118,36,6,false
dec-076,dec,d_b=8;m=2;gap=3;k=2;q=0;s=6,24,false,25,0.072,10,2,1,0.017,13,12,false
dec-076,dec,d_b=8;m=2;gap=3;k=2;q=0;s=6,24,false,25,0.072,10,2,2,0.020,13,12,false
dec-076,dec,d_b=8;m=2;gap=3;k=2;q=0;s=6,24,false,25,0.072,10,2,4,0.021,13,12,false
dec-076,dec,d_b=8;m=2;gap=3;k=2;q=0;s=6,24,false,25,0.072,10,2,8,0.024,13,12,false
dec-076,dec,d_b=8;m=2;gap=3;k=2;q=0;s=6,24,false,25,0.072,10,2,16,0.033,13,12,false
dec-076,dec,d_b=8;m=2;gap=3;k=2;q=0;s=6,24,false,25,0.072,10,2,32,0.043,13,12,false
dec-076,dec,d_b=8;m=2;gap=3;k=2;q=0;s=6,24,false,25,0.072,10,2,64,0.067,10,2,false
dec-076,dec,d_b=8;m=2;gap=3;k=2;q=0;s=6,24,false,25,0.072,10,2,128,0.099,10,2,false
dec-076,dec,d_b=8;m=2;gap=3;k=2;q=0;s=6,24,false,25,0.072,10,2,256,0.142,10,2,false
dec-076,dec,d_b=8;m=2;gap=3;k=2;q=0;s=6,24,false,25,0.072,10,2,512,0.238,10,2,false
dec-076,dec,d_b=8;m=2;gap=3;k=2;q=0;s=6,24,false,25,0.072,10,2,1024,0.416,10,2,false
dec-076,dec,d_b=8;m=2;gap=3;k=2;q=0;s=6,24,false,25,0.072,10,2,2048,0.738,10,2,false
dec-076,dec,d_b=8;m=2;gap=3;k=2;q=0;s=6,24,false,25,0.072,10,2,4096,1.377,10,2,false
dec-076,dec,d_b=8;m=2;gap=3;k=2;q=0;s=6,24,false,25,0.072,10,2,8192,2.536,10,2,false
dec-076,dec,d_b=8;m=2;gap=3;k=2;q=0;s=6,24,false,25,0.072,10,2,16384,4.842,10,2,false
dec-076,dec,d_b=8;m=2;gap=3;k=2;q=0;s=6,24,false,25,0.072,10,2,32768,8.742,10,2,false
dec-076,dec,d_b=8;m=2;gap=3;k=2;q=0;s=6,24,false,25,0.072,10,2,65536,16.928,10,2,false
dec-076,dec,d_b=8;m=2;gap=3;k=2;q=0;s=6,24,false,25,0.072,10,2,131072,32.300,10,2,false
dec-076,dec,d_b=8;m=2;gap=3;k=2;q=0;s=6,24,false,25,0.072,10,2,262144,63.384,10,2,true
mixed-025-1,mixed,seed=0xeb2b10d8259f7d44;cycles=8;planted=1;d_b=8;m=3;gap=2;k=2,810562,false,84679,0.089,21,4,1,0.042,24,22,false
mixed-025-1,mixed,seed=0xeb2b10d8259f7d44;cycles=8;planted=1;d_b=8;m=3;gap=2;k=2,810562,false,84679,0.089,21,4,2,0.045,24,22,false
mixed-025-1,mixed,seed=0xeb2b10d8259f7d44;cycles=8;planted=1;d_b=8;m=3;gap=2;k=2,810562,false,84679,0.089,21,4,4,0.057,24,22,false
mixed-025-1,mixed,seed=0xeb2b10d8259f7d44;cycles=8;planted=1;d_b=8;m=3;gap=2;k=2,810562,false,84679,0.089,21,4,8,0.089,24,22,false
mixed-025-1,mixed,seed=0xeb2b10d8259f7d44;cycles=8;planted=1;d_b=8;m=3;gap=2;k=2,810562,false,84679,0.089,21,4,16,0.139,24,22,false
mixed-025-1,mixed,seed=0xeb2b10d8259f7d44;cycles=8;planted=1;d_b=8;m=3;gap=2;k=2,810562,false,84679,0.089,21,4,32,0.249,24,22,false
mixed-025-1,mixed,seed=0xeb2b10d8259f7d44;cycles=8;planted=1;d_b=8;m=3;gap=2;k=2,810562,false,84679,0.089,21,4,64,0.468,24,22,false
mixed-025-1,mixed,seed=0xeb2b10d8259f7d44;cycles=8;planted=1;d_b=8;m=3;gap=2;k=2,810562,false,84679,0.089,21,4,128,0.688,24,22,false
mixed-025-1,mixed,seed=0xeb2b10d8259f7d44;cycles=8;planted=1;d_b=8;m=3;gap=2;k=2,810562,false,84679,0.089,21,4,256,1.046,21,4,false
mixed-025-1,mixed,seed=0xeb2b10d8259f7d44;cycles=8;planted=1;d_b=8;m=3;gap=2;k=2,810562,false,84679,0.089,21,4,512,1.769,21,4,false
mixed-025-1,mixed,seed=0xeb2b10d8259f7d44;cycles=8;planted=1;d_b=8;m=3;gap=2;k=2,810562,false,84679,0.089,21,4,1024,3.310,21,4,false
mixed-025-1,mixed,seed=0xeb2b10d8259f7d44;cycles=8;planted=1;d_b=8;m=3;gap=2;k=2,810562,false,84679,0.089,21,4,2048,6.693,21,4,false
mixed-025-1,mixed,seed=0xeb2b10d8259f7d44;cycles=8;planted=1;d_b=8;m=3;gap=2;k=2,810562,false,84679,0.089,21,4,4096,14.384,21,4,false
mixed-025-1,mixed,seed=0xeb2b10d8259f7d44;cycles=8;planted=1;d_b=8;m=3;gap=2;k=2,810562,false,84679,0.089,21,4,8192,28.551,21,4,false
mixed-025-1,mixed,seed=0xeb2b10d8259f7d44;cycles=8;planted=1;d_b=8;m=3;gap=2;k=2,810562,false,84679,0.089,21,4,16384,58.329,21,4,false
mixed-025-1,mixed,seed=0xeb2b10d8259f7d44;cycles=8;planted=1;d_b=8;m=3;gap=2;k=2,810562,false,84679,0.089,21,4,32768,116.480,21,4,false
mixed-025-1,mixed,seed=0xeb2b10d8259f7d44;cycles=8;planted=1;d_b=8;m=3;gap=2;k=2,810562,false,84679,0.089,21,4,65536,238.529,21,4,false
mixed-025-1,mixed,seed=0xeb2b10d8259f7d44;cycles=8;planted=1;d_b=8;m=3;gap=2;k=2,810562,false,84679,0.089,21,4,131072,519.739,21,4,false
mixed-025-1,mixed,seed=0xeb2b10d8259f7d44;cycles=8;planted=1;d_b=8;m=3;gap=2;k=2,810562,false,84679,0.089,21,4,262144,1115.380,21,4,false
dec-077,dec,d_b=8;m=2;gap=3;k=4;q=0;s=6,40,false,41,0.080,10,2,1,0.017,13,12,false
dec-077,dec,d_b=8;m=2;gap=3;k=4;q=0;s=6,40,false,41,0.080,10,2,2,0.018,13,12,false
dec-077,dec,d_b=8;m=2;gap=3;k=4;q=0;s=6,40,false,41,0.080,10,2,4,0.030,13,12,false
dec-077,dec,d_b=8;m=2;gap=3;k=4;q=0;s=6,40,false,41,0.080,10,2,8,0.031,13,12,false
dec-077,dec,d_b=8;m=2;gap=3;k=4;q=0;s=6,40,false,41,0.080,10,2,16,0.043,13,12,false
dec-077,dec,d_b=8;m=2;gap=3;k=4;q=0;s=6,40,false,41,0.080,10,2,32,0.054,13,12,false
dec-077,dec,d_b=8;m=2;gap=3;k=4;q=0;s=6,40,false,41,0.080,10,2,64,0.067,13,12,false
dec-077,dec,d_b=8;m=2;gap=3;k=4;q=0;s=6,40,false,41,0.080,10,2,128,0.090,13,12,false
dec-077,dec,d_b=8;m=2;gap=3;k=4;q=0;s=6,40,false,41,0.080,10,2,256,0.151,10,2,false
dec-077,dec,d_b=8;m=2;gap=3;k=4;q=0;s=6,40,false,41,0.080,10,2,512,0.247,10,2,false
dec-077,dec,d_b=8;m=2;gap=3;k=4;q=0;s=6,40,false,41,0.080,10,2,1024,0.422,10,2,false
dec-077,dec,d_b=8;m=2;gap=3;k=4;q=0;s=6,40,false,41,0.080,10,2,2048,0.772,10,2,false
dec-077,dec,d_b=8;m=2;gap=3;k=4;q=0;s=6,40,false,41,0.080,10,2,4096,1.439,10,2,false
dec-077,dec,d_b=8;m=2;gap=3;k=4;q=0;s=6,40,false,41,0.080,10,2,8192,2.737,10,2,false
dec-077,dec,d_b=8;m=2;gap=3;k=4;q=0;s=6,40,false,41,0.080,10,2,16384,5.146,10,2,false
dec-077,dec,d_b=8;m=2;gap=3;k=4;q=0;s=6,40,false,41,0.080,10,2,32768,9.669,10,2,false
dec-077,dec,d_b=8;m=2;gap=3;k=4;q=0;s=6,40,false,41,0.080,10,2,65536,18.655,10,2,false
dec-077,dec,d_b=8;m=2;gap=3;k=4;q=0;s=6,40,false,41,0.080,10,2,131072,37.577,10,2,false
dec-077,dec,d_b=8;m=2;gap=3;k=4;q=0;s=6,40,false,41,0.080,10,2,262144,70.652,10,2,false
mixed-025-2,mixed,seed=0x6cd8c59b64c072d0;cycles=8;planted=1;d_b=8;m=3;gap=2;k=2,810566,false,84714,0.152,35,6,1,0.091,38,24,false
mixed-025-2,mixed,seed=0x6cd8c59b64c072d0;cycles=8;planted=1;d_b=8;m=3;gap=2;k=2,810566,false,84714,0.152,35,6,2,0.112,38,24,false
mixed-025-2,mixed,seed=0x6cd8c59b64c072d0;cycles=8;planted=1;d_b=8;m=3;gap=2;k=2,810566,false,84714,0.152,35,6,4,0.118,38,24,false
mixed-025-2,mixed,seed=0x6cd8c59b64c072d0;cycles=8;planted=1;d_b=8;m=3;gap=2;k=2,810566,false,84714,0.152,35,6,8,0.184,38,24,false
mixed-025-2,mixed,seed=0x6cd8c59b64c072d0;cycles=8;planted=1;d_b=8;m=3;gap=2;k=2,810566,false,84714,0.152,35,6,16,0.281,38,24,false
mixed-025-2,mixed,seed=0x6cd8c59b64c072d0;cycles=8;planted=1;d_b=8;m=3;gap=2;k=2,810566,false,84714,0.152,35,6,32,0.503,38,24,false
mixed-025-2,mixed,seed=0x6cd8c59b64c072d0;cycles=8;planted=1;d_b=8;m=3;gap=2;k=2,810566,false,84714,0.152,35,6,64,0.852,38,24,false
mixed-025-2,mixed,seed=0x6cd8c59b64c072d0;cycles=8;planted=1;d_b=8;m=3;gap=2;k=2,810566,false,84714,0.152,35,6,128,1.605,35,6,false
mixed-025-2,mixed,seed=0x6cd8c59b64c072d0;cycles=8;planted=1;d_b=8;m=3;gap=2;k=2,810566,false,84714,0.152,35,6,256,2.891,35,6,false
mixed-025-2,mixed,seed=0x6cd8c59b64c072d0;cycles=8;planted=1;d_b=8;m=3;gap=2;k=2,810566,false,84714,0.152,35,6,512,5.435,35,6,false
mixed-025-2,mixed,seed=0x6cd8c59b64c072d0;cycles=8;planted=1;d_b=8;m=3;gap=2;k=2,810566,false,84714,0.152,35,6,1024,10.221,35,6,false
mixed-025-2,mixed,seed=0x6cd8c59b64c072d0;cycles=8;planted=1;d_b=8;m=3;gap=2;k=2,810566,false,84714,0.152,35,6,2048,20.162,35,6,false
mixed-025-2,mixed,seed=0x6cd8c59b64c072d0;cycles=8;planted=1;d_b=8;m=3;gap=2;k=2,810566,false,84714,0.152,35,6,4096,41.456,35,6,false
mixed-025-2,mixed,seed=0x6cd8c59b64c072d0;cycles=8;planted=1;d_b=8;m=3;gap=2;k=2,810566,false,84714,0.152,35,6,8192,84.944,35,6,false
mixed-025-2,mixed,seed=0x6cd8c59b64c072d0;cycles=8;planted=1;d_b=8;m=3;gap=2;k=2,810566,false,84714,0.152,35,6,16384,168.939,35,6,false
mixed-025-2,mixed,seed=0x6cd8c59b64c072d0;cycles=8;planted=1;d_b=8;m=3;gap=2;k=2,810566,false,84714,0.152,35,6,32768,339.797,35,6,false
mixed-025-2,mixed,seed=0x6cd8c59b64c072d0;cycles=8;planted=1;d_b=8;m=3;gap=2;k=2,810566,false,84714,0.152,35,6,65536,677.493,35,6,false
mixed-025-2,mixed,seed=0x6cd8c59b64c072d0;cycles=8;planted=1;d_b=8;m=3;gap=2;k=2,810566,false,84714,0.152,35,6,131072,1402.622,35,6,false
mixed-025-2,mixed,seed=0x6cd8c59b64c072d0;cycles=8;planted=1;d_b=8;m=3;gap=2;k=2,810566,false,84714,0.152,35,6,262144,2870.634,35,6,false
dec-078,dec,d_b=8;m=2;gap=7;k=1;q=0;s=8,16,false,17,0.052,10,2,1,0.020,17,16,false
dec-078,dec,d_b=8;m=2;gap=7;k=1;q=0;s=8,16,false,17,0.052,10,2,2,0.026,10,2,false
dec-078,dec,d_b=8;m=2;gap=7;k=1;q=0;s=8,16,false,17,0.052,10,2,4,0.028,10,2,false
dec-078,dec,d_b=8;m=2;gap=7;k=1;q=0;s=8,16,false,17,0.052,10,2,8,0.036,10,2,false
dec-078,dec,d_b=8;m=2;gap=7;k=1;q=0;s=8,16,false,17,0.052,10,2,16,0.044,10,2,false
dec-078,dec,d_b=8;m=2;gap=7;k=1;q=0;s=8,16,false,17,0.052,10,2,32,0.057,10,2,false
dec-078,dec,d_b=8;m=2;gap=7;k=1;q=0;s=8,16,false,17,0.052,10,2,64,0.083,10,2,false
dec-078,dec,d_b=8;m=2;gap=7;k=1;q=0;s=8,16,false,17,0.052,10,2,128,0.108,10,2,false
dec-078,dec,d_b=8;m=2;gap=7;k=1;q=0;s=8,16,false,17,0.052,10,2,256,0.171,10,2,false
dec-078,dec,d_b=8;m=2;gap=7;k=1;q=0;s=8,16,false,17,0.052,10,2,512,0.275,10,2,false
dec-078,dec,d_b=8;m=2;gap=7;k=1;q=0;s=8,16,false,17,0.052,10,2,1024,0.482,10,2,true
dec-078,dec,d_b=8;m=2;gap=7;k=1;q=0;s=8,16,false,17,0.052,10,2,2048,0.851,10,2,true
dec-078,dec,d_b=8;m=2;gap=7;k=1;q=0;s=8,16,false,17,0.052,10,2,4096,1.517,10,2,true
dec-078,dec,d_b=8;m=2;gap=7;k=1;q=0;s=8,16,false,17,0.052,10,2,8192,2.744,10,2,true
dec-078,dec,d_b=8;m=2;gap=7;k=1;q=0;s=8,16,false,17,0.052,10,2,16384,4.930,10,2,true
dec-078,dec,d_b=8;m=2;gap=7;k=1;q=0;s=8,16,false,17,0.052,10,2,32768,8.899,10,2,true
dec-078,dec,d_b=8;m=2;gap=7;k=1;q=0;s=8,16,false,17,0.052,10,2,65536,16.680,10,2,true
dec-078,dec,d_b=8;m=2;gap=7;k=1;q=0;s=8,16,false,17,0.052,10,2,131072,31.677,10,2,true
dec-078,dec,d_b=8;m=2;gap=7;k=1;q=0;s=8,16,false,17,0.052,10,2,262144,61.101,10,2,true
mixed-026-0,mixed,seed=0x0d34ce020c164f1d;cycles=8;planted=1;d_b=12;m=2;gap=6;k=4,2670061,false,251870,0.194,24,10,1,0.096,31,28,false
mixed-026-0,mixed,seed=0x0d34ce020c164f1d;cycles=8;planted=1;d_b=12;m=2;gap=6;k=4,2670061,false,251870,0.194,24,10,2,0.093,31,28,false
mixed-026-0,mixed,seed=0x0d34ce020c164f1d;cycles=8;planted=1;d_b=12;m=2;gap=6;k=4,2670061,false,251870,0.194,24,10,4,0.141,31,28,false
mixed-026-0,mixed,seed=0x0d34ce020c164f1d;cycles=8;planted=1;d_b=12;m=2;gap=6;k=4,2670061,false,251870,0.194,24,10,8,0.189,31,28,false
mixed-026-0,mixed,seed=0x0d34ce020c164f1d;cycles=8;planted=1;d_b=12;m=2;gap=6;k=4,2670061,false,251870,0.194,24,10,16,0.288,31,28,false
mixed-026-0,mixed,seed=0x0d34ce020c164f1d;cycles=8;planted=1;d_b=12;m=2;gap=6;k=4,2670061,false,251870,0.194,24,10,32,0.453,31,28,false
mixed-026-0,mixed,seed=0x0d34ce020c164f1d;cycles=8;planted=1;d_b=12;m=2;gap=6;k=4,2670061,false,251870,0.194,24,10,64,0.738,31,28,false
mixed-026-0,mixed,seed=0x0d34ce020c164f1d;cycles=8;planted=1;d_b=12;m=2;gap=6;k=4,2670061,false,251870,0.194,24,10,128,1.097,31,28,false
mixed-026-0,mixed,seed=0x0d34ce020c164f1d;cycles=8;planted=1;d_b=12;m=2;gap=6;k=4,2670061,false,251870,0.194,24,10,256,1.741,31,28,false
mixed-026-0,mixed,seed=0x0d34ce020c164f1d;cycles=8;planted=1;d_b=12;m=2;gap=6;k=4,2670061,false,251870,0.194,24,10,512,2.801,31,28,false
mixed-026-0,mixed,seed=0x0d34ce020c164f1d;cycles=8;planted=1;d_b=12;m=2;gap=6;k=4,2670061,false,251870,0.194,24,10,1024,4.971,31,28,false
mixed-026-0,mixed,seed=0x0d34ce020c164f1d;cycles=8;planted=1;d_b=12;m=2;gap=6;k=4,2670061,false,251870,0.194,24,10,2048,9.224,31,28,false
mixed-026-0,mixed,seed=0x0d34ce020c164f1d;cycles=8;planted=1;d_b=12;m=2;gap=6;k=4,2670061,false,251870,0.194,24,10,4096,18.036,31,28,false
mixed-026-0,mixed,seed=0x0d34ce020c164f1d;cycles=8;planted=1;d_b=12;m=2;gap=6;k=4,2670061,false,251870,0.194,24,10,8192,34.598,31,28,false
mixed-026-0,mixed,seed=0x0d34ce020c164f1d;cycles=8;planted=1;d_b=12;m=2;gap=6;k=4,2670061,false,251870,0.194,24,10,16384,66.632,31,28,false
mixed-026-0,mixed,seed=0x0d34ce020c164f1d;cycles=8;planted=1;d_b=12;m=2;gap=6;k=4,2670061,false,251870,0.194,24,10,32768,128.731,31,28,false
mixed-026-0,mixed,seed=0x0d34ce020c164f1d;cycles=8;planted=1;d_b=12;m=2;gap=6;k=4,2670061,false,251870,0.194,24,10,65536,255.203,31,28,false
mixed-026-0,mixed,seed=0x0d34ce020c164f1d;cycles=8;planted=1;d_b=12;m=2;gap=6;k=4,2670061,false,251870,0.194,24,10,131072,548.608,24,10,false
mixed-026-0,mixed,seed=0x0d34ce020c164f1d;cycles=8;planted=1;d_b=12;m=2;gap=6;k=4,2670061,false,251870,0.194,24,10,262144,1145.732,24,10,false
dec-079,dec,d_b=8;m=2;gap=7;k=2;q=0;s=8,24,false,25,0.051,10,2,1,0.015,17,16,false
dec-079,dec,d_b=8;m=2;gap=7;k=2;q=0;s=8,24,false,25,0.051,10,2,2,0.019,17,16,false
dec-079,dec,d_b=8;m=2;gap=7;k=2;q=0;s=8,24,false,25,0.051,10,2,4,0.034,10,2,false
dec-079,dec,d_b=8;m=2;gap=7;k=2;q=0;s=8,24,false,25,0.051,10,2,8,0.038,10,2,false
dec-079,dec,d_b=8;m=2;gap=7;k=2;q=0;s=8,24,false,25,0.051,10,2,16,0.046,10,2,false
dec-079,dec,d_b=8;m=2;gap=7;k=2;q=0;s=8,24,false,25,0.051,10,2,32,0.059,10,2,false
dec-079,dec,d_b=8;m=2;gap=7;k=2;q=0;s=8,24,false,25,0.051,10,2,64,0.073,10,2,false
dec-079,dec,d_b=8;m=2;gap=7;k=2;q=0;s=8,24,false,25,0.051,10,2,128,0.106,10,2,false
dec-079,dec,d_b=8;m=2;gap=7;k=2;q=0;s=8,24,false,25,0.051,10,2,256,0.154,10,2,false
dec-079,dec,d_b=8;m=2;gap=7;k=2;q=0;s=8,24,false,25,0.051,10,2,512,0.262,10,2,false
dec-079,dec,d_b=8;m=2;gap=7;k=2;q=0;s=8,24,false,25,0.051,10,2,1024,0.455,10,2,false
dec-079,dec,d_b=8;m=2;gap=7;k=2;q=0;s=8,24,false,25,0.051,10,2,2048,0.812,10,2,false
dec-079,dec,d_b=8;m=2;gap=7;k=2;q=0;s=8,24,false,25,0.051,10,2,4096,1.449,10,2,false
dec-079,dec,d_b=8;m=2;gap=7;k=2;q=0;s=8,24,false,25,0.051,10,2,8192,2.677,10,2,false
dec-079,dec,d_b=8;m=2;gap=7;k=2;q=0;s=8,24,false,25,0.051,10,2,16384,4.913,10,2,false
dec-079,dec,d_b=8;m=2;gap=7;k=2;q=0;s=8,24,false,25,0.051,10,2,32768,9.015,10,2,false
dec-079,dec,d_b=8;m=2;gap=7;k=2;q=0;s=8,24,false,25,0.051,10,2,65536,17.243,10,2,true
dec-079,dec,d_b=8;m=2;gap=7;k=2;q=0;s=8,24,false,25,0.051,10,2,131072,32.775,10,2,true
dec-079,dec,d_b=8;m=2;gap=7;k=2;q=0;s=8,24,false,25,0.051,10,2,262144,64.284,10,2,true
mixed-026-1,mixed,seed=0x4b2d5425dbfe78d4;cycles=8;planted=1;d_b=12;m=2;gap=6;k=4,1504832,false,152480,0.187,46,8,1,0.088,53,26,false
mixed-026-1,mixed,seed=0x4b2d5425dbfe78d4;cycles=8;planted=1;d_b=12;m=2;gap=6;k=4,1504832,false,152480,0.187,46,8,2,0.084,53,26,false
mixed-026-1,mixed,seed=0x4b2d5425dbfe78d4;cycles=8;planted=1;d_b=12;m=2;gap=6;k=4,1504832,false,152480,0.187,46,8,4,0.100,53,26,false
mixed-026-1,mixed,seed=0x4b2d5425dbfe78d4;cycles=8;planted=1;d_b=12;m=2;gap=6;k=4,1504832,false,152480,0.187,46,8,8,0.122,53,26,false
mixed-026-1,mixed,seed=0x4b2d5425dbfe78d4;cycles=8;planted=1;d_b=12;m=2;gap=6;k=4,1504832,false,152480,0.187,46,8,16,0.169,53,26,false
mixed-026-1,mixed,seed=0x4b2d5425dbfe78d4;cycles=8;planted=1;d_b=12;m=2;gap=6;k=4,1504832,false,152480,0.187,46,8,32,0.230,53,26,false
mixed-026-1,mixed,seed=0x4b2d5425dbfe78d4;cycles=8;planted=1;d_b=12;m=2;gap=6;k=4,1504832,false,152480,0.187,46,8,64,0.370,53,26,false
mixed-026-1,mixed,seed=0x4b2d5425dbfe78d4;cycles=8;planted=1;d_b=12;m=2;gap=6;k=4,1504832,false,152480,0.187,46,8,128,0.650,53,26,false
mixed-026-1,mixed,seed=0x4b2d5425dbfe78d4;cycles=8;planted=1;d_b=12;m=2;gap=6;k=4,1504832,false,152480,0.187,46,8,256,1.152,46,8,false
mixed-026-1,mixed,seed=0x4b2d5425dbfe78d4;cycles=8;planted=1;d_b=12;m=2;gap=6;k=4,1504832,false,152480,0.187,46,8,512,1.927,46,8,false
mixed-026-1,mixed,seed=0x4b2d5425dbfe78d4;cycles=8;planted=1;d_b=12;m=2;gap=6;k=4,1504832,false,152480,0.187,46,8,1024,3.214,46,8,false
mixed-026-1,mixed,seed=0x4b2d5425dbfe78d4;cycles=8;planted=1;d_b=12;m=2;gap=6;k=4,1504832,false,152480,0.187,46,8,2048,5.273,46,8,false
mixed-026-1,mixed,seed=0x4b2d5425dbfe78d4;cycles=8;planted=1;d_b=12;m=2;gap=6;k=4,1504832,false,152480,0.187,46,8,4096,15.989,46,8,false
mixed-026-1,mixed,seed=0x4b2d5425dbfe78d4;cycles=8;planted=1;d_b=12;m=2;gap=6;k=4,1504832,false,152480,0.187,46,8,8192,34.798,46,8,false
mixed-026-1,mixed,seed=0x4b2d5425dbfe78d4;cycles=8;planted=1;d_b=12;m=2;gap=6;k=4,1504832,false,152480,0.187,46,8,16384,93.402,46,8,false
mixed-026-1,mixed,seed=0x4b2d5425dbfe78d4;cycles=8;planted=1;d_b=12;m=2;gap=6;k=4,1504832,false,152480,0.187,46,8,32768,224.828,46,8,false
mixed-026-1,mixed,seed=0x4b2d5425dbfe78d4;cycles=8;planted=1;d_b=12;m=2;gap=6;k=4,1504832,false,152480,0.187,46,8,65536,499.291,46,8,false
mixed-026-1,mixed,seed=0x4b2d5425dbfe78d4;cycles=8;planted=1;d_b=12;m=2;gap=6;k=4,1504832,false,152480,0.187,46,8,131072,1091.495,46,8,false
mixed-026-1,mixed,seed=0x4b2d5425dbfe78d4;cycles=8;planted=1;d_b=12;m=2;gap=6;k=4,1504832,false,152480,0.187,46,8,262144,2500.622,46,8,false
dec-080,dec,d_b=8;m=2;gap=7;k=4;q=0;s=8,40,false,41,0.073,10,2,1,0.019,17,16,false
dec-080,dec,d_b=8;m=2;gap=7;k=4;q=0;s=8,40,false,41,0.073,10,2,2,0.024,17,16,false
dec-080,dec,d_b=8;m=2;gap=7;k=4;q=0;s=8,40,false,41,0.073,10,2,4,0.027,17,16,false
dec-080,dec,d_b=8;m=2;gap=7;k=4;q=0;s=8,40,false,41,0.073,10,2,8,0.051,10,2,false
dec-080,dec,d_b=8;m=2;gap=7;k=4;q=0;s=8,40,false,41,0.073,10,2,16,0.057,10,2,false
dec-080,dec,d_b=8;m=2;gap=7;k=4;q=0;s=8,40,false,41,0.073,10,2,32,0.073,10,2,false
dec-080,dec,d_b=8;m=2;gap=7;k=4;q=0;s=8,40,false,41,0.073,10,2,64,0.083,10,2,false
dec-080,dec,d_b=8;m=2;gap=7;k=4;q=0;s=8,40,false,41,0.073,10,2,128,0.115,10,2,false
dec-080,dec,d_b=8;m=2;gap=7;k=4;q=0;s=8,40,false,41,0.073,10,2,256,0.166,10,2,false
dec-080,dec,d_b=8;m=2;gap=7;k=4;q=0;s=8,40,false,41,0.073,10,2,512,0.264,10,2,false
dec-080,dec,d_b=8;m=2;gap=7;k=4;q=0;s=8,40,false,41,0.073,10,2,1024,0.440,10,2,false
dec-080,dec,d_b=8;m=2;gap=7;k=4;q=0;s=8,40,false,41,0.073,10,2,2048,0.797,10,2,false
dec-080,dec,d_b=8;m=2;gap=7;k=4;q=0;s=8,40,false,41,0.073,10,2,4096,1.455,10,2,false
dec-080,dec,d_b=8;m=2;gap=7;k=4;q=0;s=8,40,false,41,0.073,10,2,8192,2.777,10,2,false
dec-080,dec,d_b=8;m=2;gap=7;k=4;q=0;s=8,40,false,41,0.073,10,2,16384,5.149,10,2,false
dec-080,dec,d_b=8;m=2;gap=7;k=4;q=0;s=8,40,false,41,0.073,10,2,32768,10.023,10,2,false
dec-080,dec,d_b=8;m=2;gap=7;k=4;q=0;s=8,40,false,41,0.073,10,2,65536,18.701,10,2,false
dec-080,dec,d_b=8;m=2;gap=7;k=4;q=0;s=8,40,false,41,0.073,10,2,131072,37.819,10,2,false
dec-080,dec,d_b=8;m=2;gap=7;k=4;q=0;s=8,40,false,41,0.073,10,2,262144,71.204,10,2,false
mixed-026-2,mixed,seed=0x195afdffdaa88f0c;cycles=8;planted=1;d_b=12;m=2;gap=6;k=4,1501075,false,152229,0.199,33,6,1,0.100,40,24,false
mixed-026-2,mixed,seed=0x195afdffdaa88f0c;cycles=8;planted=1;d_b=12;m=2;gap=6;k=4,1501075,false,152229,0.199,33,6,2,0.108,40,24,false
mixed-026-2,mixed,seed=0x195afdffdaa88f0c;cycles=8;planted=1;d_b=12;m=2;gap=6;k=4,1501075,false,152229,0.199,33,6,4,0.138,40,24,false
mixed-026-2,mixed,seed=0x195afdffdaa88f0c;cycles=8;planted=1;d_b=12;m=2;gap=6;k=4,1501075,false,152229,0.199,33,6,8,0.183,40,24,false
mixed-026-2,mixed,seed=0x195afdffdaa88f0c;cycles=8;planted=1;d_b=12;m=2;gap=6;k=4,1501075,false,152229,0.199,33,6,16,0.281,40,24,false
mixed-026-2,mixed,seed=0x195afdffdaa88f0c;cycles=8;planted=1;d_b=12;m=2;gap=6;k=4,1501075,false,152229,0.199,33,6,32,0.457,40,24,false
mixed-026-2,mixed,seed=0x195afdffdaa88f0c;cycles=8;planted=1;d_b=12;m=2;gap=6;k=4,1501075,false,152229,0.199,33,6,64,0.786,40,24,false
mixed-026-2,mixed,seed=0x195afdffdaa88f0c;cycles=8;planted=1;d_b=12;m=2;gap=6;k=4,1501075,false,152229,0.199,33,6,128,1.064,40,24,false
mixed-026-2,mixed,seed=0x195afdffdaa88f0c;cycles=8;planted=1;d_b=12;m=2;gap=6;k=4,1501075,false,152229,0.199,33,6,256,1.618,40,24,false
mixed-026-2,mixed,seed=0x195afdffdaa88f0c;cycles=8;planted=1;d_b=12;m=2;gap=6;k=4,1501075,false,152229,0.199,33,6,512,2.580,40,24,false
mixed-026-2,mixed,seed=0x195afdffdaa88f0c;cycles=8;planted=1;d_b=12;m=2;gap=6;k=4,1501075,false,152229,0.199,33,6,1024,4.598,40,24,false
mixed-026-2,mixed,seed=0x195afdffdaa88f0c;cycles=8;planted=1;d_b=12;m=2;gap=6;k=4,1501075,false,152229,0.199,33,6,2048,8.530,40,24,false
mixed-026-2,mixed,seed=0x195afdffdaa88f0c;cycles=8;planted=1;d_b=12;m=2;gap=6;k=4,1501075,false,152229,0.199,33,6,4096,16.583,40,24,false
mixed-026-2,mixed,seed=0x195afdffdaa88f0c;cycles=8;planted=1;d_b=12;m=2;gap=6;k=4,1501075,false,152229,0.199,33,6,8192,32.341,33,6,false
mixed-026-2,mixed,seed=0x195afdffdaa88f0c;cycles=8;planted=1;d_b=12;m=2;gap=6;k=4,1501075,false,152229,0.199,33,6,16384,62.681,33,6,false
mixed-026-2,mixed,seed=0x195afdffdaa88f0c;cycles=8;planted=1;d_b=12;m=2;gap=6;k=4,1501075,false,152229,0.199,33,6,32768,124.346,33,6,false
mixed-026-2,mixed,seed=0x195afdffdaa88f0c;cycles=8;planted=1;d_b=12;m=2;gap=6;k=4,1501075,false,152229,0.199,33,6,65536,250.013,33,6,false
mixed-026-2,mixed,seed=0x195afdffdaa88f0c;cycles=8;planted=1;d_b=12;m=2;gap=6;k=4,1501075,false,152229,0.199,33,6,131072,536.415,33,6,false
mixed-026-2,mixed,seed=0x195afdffdaa88f0c;cycles=8;planted=1;d_b=12;m=2;gap=6;k=4,1501075,false,152229,0.199,33,6,262144,1128.666,33,6,false
dec-081,dec,d_b=8;m=3;gap=1;k=1;q=1;s=9,16,false,18,0.064,18,2,1,0.018,19,18,false
dec-081,dec,d_b=8;m=3;gap=1;k=1;q=1;s=9,16,false,18,0.064,18,2,2,0.021,19,18,false
dec-081,dec,d_b=8;m=3;gap=1;k=1;q=1;s=9,16,false,18,0.064,18,2,4,0.023,19,18,false
dec-081,dec,d_b=8;m=3;gap=1;k=1;q=1;s=9,16,false,18,0.064,18,2,8,0.028,19,18,false
dec-081,dec,d_b=8;m=3;gap=1;k=1;q=1;s=9,16,false,18,0.064,18,2,16,0.039,19,18,false
dec-081,dec,d_b=8;m=3;gap=1;k=1;q=1;s=9,16,false,18,0.064,18,2,32,0.045,19,18,false
dec-081,dec,d_b=8;m=3;gap=1;k=1;q=1;s=9,16,false,18,0.064,18,2,64,0.073,18,2,false
dec-081,dec,d_b=8;m=3;gap=1;k=1;q=1;s=9,16,false,18,0.064,18,2,128,0.107,18,2,false
dec-081,dec,d_b=8;m=3;gap=1;k=1;q=1;s=9,16,false,18,0.064,18,2,256,0.162,18,2,false
dec-081,dec,d_b=8;m=3;gap=1;k=1;q=1;s=9,16,false,18,0.064,18,2,512,0.262,18,2,false
dec-081,dec,d_b=8;m=3;gap=1;k=1;q=1;s=9,16,false,18,0.064,18,2,1024,0.433,18,2,false
dec-081,dec,d_b=8;m=3;gap=1;k=1;q=1;s=9,16,false,18,0.064,18,2,2048,0.780,18,2,true
dec-081,dec,d_b=8;m=3;gap=1;k=1;q=1;s=9,16,false,18,0.064,18,2,4096,1.362,18,2,true
dec-081,dec,d_b=8;m=3;gap=1;k=1;q=1;s=9,16,false,18,0.064,18,2,8192,2.564,18,2,true
dec-081,dec,d_b=8;m=3;gap=1;k=1;q=1;s=9,16,false,18,0.064,18,2,16384,4.560,18,2,true
dec-081,dec,d_b=8;m=3;gap=1;k=1;q=1;s=9,16,false,18,0.064,18,2,32768,8.594,18,2,true
dec-081,dec,d_b=8;m=3;gap=1;k=1;q=1;s=9,16,false,18,0.064,18,2,65536,16.039,18,2,true
dec-081,dec,d_b=8;m=3;gap=1;k=1;q=1;s=9,16,false,18,0.064,18,2,131072,30.923,18,2,true
dec-081,dec,d_b=8;m=3;gap=1;k=1;q=1;s=9,16,false,18,0.064,18,2,262144,60.591,18,2,true
mixed-027-0,mixed,seed=0x4ca2ad15a90d3f32;cycles=8;planted=1;d_b=16;m=5;gap=2;k=1,2093872,false,206243,0.232,81,8,1,0.094,84,74,false
mixed-027-0,mixed,seed=0x4ca2ad15a90d3f32;cycles=8;planted=1;d_b=16;m=5;gap=2;k=1,2093872,false,206243,0.232,81,8,2,0.095,84,74,false
mixed-027-0,mixed,seed=0x4ca2ad15a90d3f32;cycles=8;planted=1;d_b=16;m=5;gap=2;k=1,2093872,false,206243,0.232,81,8,4,0.111,84,74,false
mixed-027-0,mixed,seed=0x4ca2ad15a90d3f32;cycles=8;planted=1;d_b=16;m=5;gap=2;k=1,2093872,false,206243,0.232,81,8,8,0.145,84,74,false
mixed-027-0,mixed,seed=0x4ca2ad15a90d3f32;cycles=8;planted=1;d_b=16;m=5;gap=2;k=1,2093872,false,206243,0.232,81,8,16,0.238,84,74,false
mixed-027-0,mixed,seed=0x4ca2ad15a90d3f32;cycles=8;planted=1;d_b=16;m=5;gap=2;k=1,2093872,false,206243,0.232,81,8,32,0.412,84,74,false
mixed-027-0,mixed,seed=0x4ca2ad15a90d3f32;cycles=8;planted=1;d_b=16;m=5;gap=2;k=1,2093872,false,206243,0.232,81,8,64,0.680,84,74,false
mixed-027-0,mixed,seed=0x4ca2ad15a90d3f32;cycles=8;planted=1;d_b=16;m=5;gap=2;k=1,2093872,false,206243,0.232,81,8,128,1.063,84,74,false
mixed-027-0,mixed,seed=0x4ca2ad15a90d3f32;cycles=8;planted=1;d_b=16;m=5;gap=2;k=1,2093872,false,206243,0.232,81,8,256,1.696,84,74,false
mixed-027-0,mixed,seed=0x4ca2ad15a90d3f32;cycles=8;planted=1;d_b=16;m=5;gap=2;k=1,2093872,false,206243,0.232,81,8,512,2.777,84,74,false
mixed-027-0,mixed,seed=0x4ca2ad15a90d3f32;cycles=8;planted=1;d_b=16;m=5;gap=2;k=1,2093872,false,206243,0.232,81,8,1024,5.037,84,74,false
mixed-027-0,mixed,seed=0x4ca2ad15a90d3f32;cycles=8;planted=1;d_b=16;m=5;gap=2;k=1,2093872,false,206243,0.232,81,8,2048,9.458,84,74,false
mixed-027-0,mixed,seed=0x4ca2ad15a90d3f32;cycles=8;planted=1;d_b=16;m=5;gap=2;k=1,2093872,false,206243,0.232,81,8,4096,18.806,84,74,false
mixed-027-0,mixed,seed=0x4ca2ad15a90d3f32;cycles=8;planted=1;d_b=16;m=5;gap=2;k=1,2093872,false,206243,0.232,81,8,8192,36.344,84,74,false
mixed-027-0,mixed,seed=0x4ca2ad15a90d3f32;cycles=8;planted=1;d_b=16;m=5;gap=2;k=1,2093872,false,206243,0.232,81,8,16384,71.168,84,74,false
mixed-027-0,mixed,seed=0x4ca2ad15a90d3f32;cycles=8;planted=1;d_b=16;m=5;gap=2;k=1,2093872,false,206243,0.232,81,8,32768,139.569,84,74,false
mixed-027-0,mixed,seed=0x4ca2ad15a90d3f32;cycles=8;planted=1;d_b=16;m=5;gap=2;k=1,2093872,false,206243,0.232,81,8,65536,282.724,84,74,false
mixed-027-0,mixed,seed=0x4ca2ad15a90d3f32;cycles=8;planted=1;d_b=16;m=5;gap=2;k=1,2093872,false,206243,0.232,81,8,131072,597.941,84,74,false
mixed-027-0,mixed,seed=0x4ca2ad15a90d3f32;cycles=8;planted=1;d_b=16;m=5;gap=2;k=1,2093872,false,206243,0.232,81,8,262144,1271.097,84,74,false
dec-082,dec,d_b=8;m=3;gap=1;k=2;q=1;s=9,24,false,26,0.090,18,2,1,0.017,19,18,false
dec-082,dec,d_b=8;m=3;gap=1;k=2;q=1;s=9,24,false,26,0.090,18,2,2,0.023,19,18,false
dec-082,dec,d_b=8;m=3;gap=1;k=2;q=1;s=9,24,false,26,0.090,18,2,4,0.027,19,18,false
dec-082,dec,d_b=8;m=3;gap=1;k=2;q=1;s=9,24,false,26,0.090,18,2,8,0.030,19,18,false
dec-082,dec,d_b=8;m=3;gap=1;k=2;q=1;s=9,24,false,26,0.090,18,2,16,0.039,19,18,false
dec-082,dec,d_b=8;m=3;gap=1;k=2;q=1;s=9,24,false,26,0.090,18,2,32,0.055,19,18,false
dec-082,dec,d_b=8;m=3;gap=1;k=2;q=1;s=9,24,false,26,0.090,18,2,64,0.067,19,18,false
dec-082,dec,d_b=8;m=3;gap=1;k=2;q=1;s=9,24,false,26,0.090,18,2,128,0.096,19,18,false
dec-082,dec,d_b=8;m=3;gap=1;k=2;q=1;s=9,24,false,26,0.090,18,2,256,0.152,18,2,false
dec-082,dec,d_b=8;m=3;gap=1;k=2;q=1;s=9,24,false,26,0.090,18,2,512,0.257,18,2,false
dec-082,dec,d_b=8;m=3;gap=1;k=2;q=1;s=9,24,false,26,0.090,18,2,1024,0.426,18,2,false
dec-082,dec,d_b=8;m=3;gap=1;k=2;q=1;s=9,24,false,26,0.090,18,2,2048,0.766,18,2,false
dec-082,dec,d_b=8;m=3;gap=1;k=2;q=1;s=9,24,false,26,0.090,18,2,4096,1.381,18,2,false
dec-082,dec,d_b=8;m=3;gap=1;k=2;q=1;s=9,24,false,26,0.090,18,2,8192,2.593,18,2,false
dec-082,dec,d_b=8;m=3;gap=1;k=2;q=1;s=9,24,false,26,0.090,18,2,16384,4.747,18,2,false
dec-082,dec,d_b=8;m=3;gap=1;k=2;q=1;s=9,24,false,26,0.090,18,2,32768,8.805,18,2,false
dec-082,dec,d_b=8;m=3;gap=1;k=2;q=1;s=9,24,false,26,0.090,18,2,65536,16.520,18,2,false
dec-082,dec,d_b=8;m=3;gap=1;k=2;q=1;s=9,24,false,26,0.090,18,2,131072,32.585,18,2,false
dec-082,dec,d_b=8;m=3;gap=1;k=2;q=1;s=9,24,false,26,0.090,18,2,262144,62.195,18,2,false
mixed-027-1,mixed,seed=0xbab4389904d1dc7d;cycles=8;planted=1;d_b=16;m=5;gap=2;k=1,33,false,35,0.170,67,2,1,0.028,70,68,false
mixed-027-1,mixed,seed=0xbab4389904d1dc7d;cycles=8;planted=1;d_b=16;m=5;gap=2;k=1,33,false,35,0.170,67,2,2,0.026,70,68,false
mixed-027-1,mixed,seed=0xbab4389904d1dc7d;cycles=8;planted=1;d_b=16;m=5;gap=2;k=1,33,false,35,0.170,67,2,4,0.043,70,68,false
mixed-027-1,mixed,seed=0xbab4389904d1dc7d;cycles=8;planted=1;d_b=16;m=5;gap=2;k=1,33,false,35,0.170,67,2,8,0.060,70,68,false
mixed-027-1,mixed,seed=0xbab4389904d1dc7d;cycles=8;planted=1;d_b=16;m=5;gap=2;k=1,33,false,35,0.170,67,2,16,0.081,70,68,false
mixed-027-1,mixed,seed=0xbab4389904d1dc7d;cycles=8;planted=1;d_b=16;m=5;gap=2;k=1,33,false,35,0.170,67,2,32,0.103,70,68,false
mixed-027-1,mixed,seed=0xbab4389904d1dc7d;cycles=8;planted=1;d_b=16;m=5;gap=2;k=1,33,false,35,0.170,67,2,64,0.128,70,68,false
mixed-027-1,mixed,seed=0xbab4389904d1dc7d;cycles=8;planted=1;d_b=16;m=5;gap=2;k=1,33,false,35,0.170,67,2,128,0.186,70,68,false
mixed-027-1,mixed,seed=0xbab4389904d1dc7d;cycles=8;planted=1;d_b=16;m=5;gap=2;k=1,33,false,35,0.170,67,2,256,0.294,70,68,false
mixed-027-1,mixed,seed=0xbab4389904d1dc7d;cycles=8;planted=1;d_b=16;m=5;gap=2;k=1,33,false,35,0.170,67,2,512,0.471,70,68,false
mixed-027-1,mixed,seed=0xbab4389904d1dc7d;cycles=8;planted=1;d_b=16;m=5;gap=2;k=1,33,false,35,0.170,67,2,1024,0.802,70,68,false
mixed-027-1,mixed,seed=0xbab4389904d1dc7d;cycles=8;planted=1;d_b=16;m=5;gap=2;k=1,33,false,35,0.170,67,2,2048,1.423,67,2,false
mixed-027-1,mixed,seed=0xbab4389904d1dc7d;cycles=8;planted=1;d_b=16;m=5;gap=2;k=1,33,false,35,0.170,67,2,4096,2.650,67,2,false
mixed-027-1,mixed,seed=0xbab4389904d1dc7d;cycles=8;planted=1;d_b=16;m=5;gap=2;k=1,33,false,35,0.170,67,2,8192,4.708,67,2,false
mixed-027-1,mixed,seed=0xbab4389904d1dc7d;cycles=8;planted=1;d_b=16;m=5;gap=2;k=1,33,false,35,0.170,67,2,16384,8.811,67,2,false
mixed-027-1,mixed,seed=0xbab4389904d1dc7d;cycles=8;planted=1;d_b=16;m=5;gap=2;k=1,33,false,35,0.170,67,2,32768,16.126,67,2,false
mixed-027-1,mixed,seed=0xbab4389904d1dc7d;cycles=8;planted=1;d_b=16;m=5;gap=2;k=1,33,false,35,0.170,67,2,65536,31.642,67,2,false
mixed-027-1,mixed,seed=0xbab4389904d1dc7d;cycles=8;planted=1;d_b=16;m=5;gap=2;k=1,33,false,35,0.170,67,2,131072,59.905,67,2,false
mixed-027-1,mixed,seed=0xbab4389904d1dc7d;cycles=8;planted=1;d_b=16;m=5;gap=2;k=1,33,false,35,0.170,67,2,262144,120.653,67,2,false
dec-083,dec,d_b=8;m=3;gap=1;k=4;q=1;s=9,40,false,42,0.102,18,2,1,0.014,19,18,false
dec-083,dec,d_b=8;m=3;gap=1;k=4;q=1;s=9,40,false,42,0.102,18,2,2,0.017,19,18,false
dec-083,dec,d_b=8;m=3;gap=1;k=4;q=1;s=9,40,false,42,0.102,18,2,4,0.026,19,18,false
dec-083,dec,d_b=8;m=3;gap=1;k=4;q=1;s=9,40,false,42,0.102,18,2,8,0.035,19,18,false
dec-083,dec,d_b=8;m=3;gap=1;k=4;q=1;s=9,40,false,42,0.102,18,2,16,0.043,19,18,false
dec-083,dec,d_b=8;m=3;gap=1;k=4;q=1;s=9,40,false,42,0.102,18,2,32,0.061,19,18,false
dec-083,dec,d_b=8;m=3;gap=1;k=4;q=1;s=9,40,false,42,0.102,18,2,64,0.070,19,18,false
dec-083,dec,d_b=8;m=3;gap=1;k=4;q=1;s=9,40,false,42,0.102,18,2,128,0.102,19,18,false
dec-083,dec,d_b=8;m=3;gap=1;k=4;q=1;s=9,40,false,42,0.102,18,2,256,0.158,19,18,false
dec-083,dec,d_b=8;m=3;gap=1;k=4;q=1;s=9,40,false,42,0.102,18,2,512,0.252,19,18,false
dec-083,dec,d_b=8;m=3;gap=1;k=4;q=1;s=9,40,false,42,0.102,18,2,1024,0.438,19,18,false
dec-083,dec,d_b=8;m=3;gap=1;k=4;q=1;s=9,40,false,42,0.102,18,2,2048,0.792,18,2,false
dec-083,dec,d_b=8;m=3;gap=1;k=4;q=1;s=9,40,false,42,0.102,18,2,4096,1.426,18,2,false
dec-083,dec,d_b=8;m=3;gap=1;k=4;q=1;s=9,40,false,42,0.102,18,2,8192,2.741,18,2,false
dec-083,dec,d_b=8;m=3;gap=1;k=4;q=1;s=9,40,false,42,0.102,18,2,16384,5.073,18,2,false
dec-083,dec,d_b=8;m=3;gap=1;k=4;q=1;s=9,40,false,42,0.102,18,2,32768,9.677,18,2,false
dec-083,dec,d_b=8;m=3;gap=1;k=4;q=1;s=9,40,false,42,0.102,18,2,65536,18.390,18,2,false
dec-083,dec,d_b=8;m=3;gap=1;k=4;q=1;s=9,40,false,42,0.102,18,2,131072,36.113,18,2,false
dec-083,dec,d_b=8;m=3;gap=1;k=4;q=1;s=9,40,false,42,0.102,18,2,262144,70.132,18,2,false
mixed-027-2,mixed,seed=0x196e51ed5d668e58;cycles=8;planted=1;d_b=16;m=5;gap=2;k=1,2087787,false,205879,0.242,80,10,1,0.105,83,76,false
mixed-027-2,mixed,seed=0x196e51ed5d668e58;cycles=8;planted=1;d_b=16;m=5;gap=2;k=1,2087787,false,205879,0.242,80,10,2,0.099,83,76,false
mixed-027-2,mixed,seed=0x196e51ed5d668e58;cycles=8;planted=1;d_b=16;m=5;gap=2;k=1,2087787,false,205879,0.242,80,10,4,0.108,83,76,false
mixed-027-2,mixed,seed=0x196e51ed5d668e58;cycles=8;planted=1;d_b=16;m=5;gap=2;k=1,2087787,false,205879,0.242,80,10,8,0.160,83,76,false
mixed-027-2,mixed,seed=0x196e51ed5d668e58;cycles=8;planted=1;d_b=16;m=5;gap=2;k=1,2087787,false,205879,0.242,80,10,16,0.260,83,76,false
mixed-027-2,mixed,seed=0x196e51ed5d668e58;cycles=8;planted=1;d_b=16;m=5;gap=2;k=1,2087787,false,205879,0.242,80,10,32,0.422,83,76,false
mixed-027-2,mixed,seed=0x196e51ed5d668e58;cycles=8;planted=1;d_b=16;m=5;gap=2;k=1,2087787,false,205879,0.242,80,10,64,0.759,83,76,false
mixed-027-2,mixed,seed=0x196e51ed5d668e58;cycles=8;planted=1;d_b=16;m=5;gap=2;k=1,2087787,false,205879,0.242,80,10,128,1.350,83,76,false
mixed-027-2,mixed,seed=0x196e51ed5d668e58;cycles=8;planted=1;d_b=16;m=5;gap=2;k=1,2087787,false,205879,0.242,80,10,256,2.272,83,76,false
mixed-027-2,mixed,seed=0x196e51ed5d668e58;cycles=8;planted=1;d_b=16;m=5;gap=2;k=1,2087787,false,205879,0.242,80,10,512,4.049,83,76,false
mixed-027-2,mixed,seed=0x196e51ed5d668e58;cycles=8;planted=1;d_b=16;m=5;gap=2;k=1,2087787,false,205879,0.242,80,10,1024,7.876,83,76,false
mixed-027-2,mixed,seed=0x196e51ed5d668e58;cycles=8;planted=1;d_b=16;m=5;gap=2;k=1,2087787,false,205879,0.242,80,10,2048,15.254,83,76,false
mixed-027-2,mixed,seed=0x196e51ed5d668e58;cycles=8;planted=1;d_b=16;m=5;gap=2;k=1,2087787,false,205879,0.242,80,10,4096,30.805,83,76,false
mixed-027-2,mixed,seed=0x196e51ed5d668e58;cycles=8;planted=1;d_b=16;m=5;gap=2;k=1,2087787,false,205879,0.242,80,10,8192,61.919,83,76,false
mixed-027-2,mixed,seed=0x196e51ed5d668e58;cycles=8;planted=1;d_b=16;m=5;gap=2;k=1,2087787,false,205879,0.242,80,10,16384,124.825,83,76,false
mixed-027-2,mixed,seed=0x196e51ed5d668e58;cycles=8;planted=1;d_b=16;m=5;gap=2;k=1,2087787,false,205879,0.242,80,10,32768,250.287,83,76,false
mixed-027-2,mixed,seed=0x196e51ed5d668e58;cycles=8;planted=1;d_b=16;m=5;gap=2;k=1,2087787,false,205879,0.242,80,10,65536,501.794,80,10,false
mixed-027-2,mixed,seed=0x196e51ed5d668e58;cycles=8;planted=1;d_b=16;m=5;gap=2;k=1,2087787,false,205879,0.242,80,10,131072,1004.578,80,10,false
mixed-027-2,mixed,seed=0x196e51ed5d668e58;cycles=8;planted=1;d_b=16;m=5;gap=2;k=1,2087787,false,205879,0.242,80,10,262144,2114.070,80,10,false
dec-084,dec,d_b=8;m=3;gap=3;k=1;q=1;s=10,16,false,18,0.074,18,2,1,0.021,21,20,false
dec-084,dec,d_b=8;m=3;gap=3;k=1;q=1;s=10,16,false,18,0.074,18,2,2,0.024,21,20,false
dec-084,dec,d_b=8;m=3;gap=3;k=1;q=1;s=10,16,false,18,0.074,18,2,4,0.024,21,20,false
dec-084,dec,d_b=8;m=3;gap=3;k=1;q=1;s=10,16,false,18,0.074,18,2,8,0.031,21,20,false
dec-084,dec,d_b=8;m=3;gap=3;k=1;q=1;s=10,16,false,18,0.074,18,2,16,0.049,18,2,false
dec-084,dec,d_b=8;m=3;gap=3;k=1;q=1;s=10,16,false,18,0.074,18,2,32,0.060,18,2,false
dec-084,dec,d_b=8;m=3;gap=3;k=1;q=1;s=10,16,false,18,0.074,18,2,64,0.086,18,2,false
dec-084,dec,d_b=8;m=3;gap=3;k=1;q=1;s=10,16,false,18,0.074,18,2,128,0.112,18,2,false
dec-084,dec,d_b=8;m=3;gap=3;k=1;q=1;s=10,16,false,18,0.074,18,2,256,0.168,18,2,false
dec-084,dec,d_b=8;m=3;gap=3;k=1;q=1;s=10,16,false,18,0.074,18,2,512,0.277,18,2,false
dec-084,dec,d_b=8;m=3;gap=3;k=1;q=1;s=10,16,false,18,0.074,18,2,1024,0.448,18,2,false
dec-084,dec,d_b=8;m=3;gap=3;k=1;q=1;s=10,16,false,18,0.074,18,2,2048,0.811,18,2,true
dec-084,dec,d_b=8;m=3;gap=3;k=1;q=1;s=10,16,false,18,0.074,18,2,4096,1.413,18,2,true
dec-084,dec,d_b=8;m=3;gap=3;k=1;q=1;s=10,16,false,18,0.074,18,2,8192,2.601,18,2,true
dec-084,dec,d_b=8;m=3;gap=3;k=1;q=1;s=10,16,false,18,0.074,18,2,16384,4.720,18,2,true
dec-084,dec,d_b=8;m=3;gap=3;k=1;q=1;s=10,16,false,18,0.074,18,2,32768,8.574,18,2,true
dec-084,dec,d_b=8;m=3;gap=3;k=1;q=1;s=10,16,false,18,0.074,18,2,65536,16.097,18,2,true
dec-084,dec,d_b=8;m=3;gap=3;k=1;q=1;s=10,16,false,18,0.074,18,2,131072,30.777,18,2,true
dec-084,dec,d_b=8;m=3;gap=3;k=1;q=1;s=10,16,false,18,0.074,18,2,262144,59.989,18,2,true
mixed-028-0,mixed,seed=0xd0cd8d47a65957a7;cycles=8;planted=2;d_b=4;m=2;gap=1;k=2,810566,false,84686,0.090,21,8,1,0.055,23,16,false
mixed-028-0,mixed,seed=0xd0cd8d47a65957a7;cycles=8;planted=2;d_b=4;m=2;gap=1;k=2,810566,false,84686,0.090,21,8,2,0.047,23,16,false
mixed-028-0,mixed,seed=0xd0cd8d47a65957a7;cycles=8;planted=2;d_b=4;m=2;gap=1;k=2,810566,false,84686,0.090,21,8,4,0.052,23,16,false
mixed-028-0,mixed,seed=0xd0cd8d47a65957a7;cycles=8;planted=2;d_b=4;m=2;gap=1;k=2,810566,false,84686,0.090,21,8,8,0.072,23,16,false
mixed-028-0,mixed,seed=0xd0cd8d47a65957a7;cycles=8;planted=2;d_b=4;m=2;gap=1;k=2,810566,false,84686,0.090,21,8,16,0.099,23,16,false
mixed-028-0,mixed,seed=0xd0cd8d47a65957a7;cycles=8;planted=2;d_b=4;m=2;gap=1;k=2,810566,false,84686,0.090,21,8,32,0.170,22,12,false
mixed-028-0,mixed,seed=0xd0cd8d47a65957a7;cycles=8;planted=2;d_b=4;m=2;gap=1;k=2,810566,false,84686,0.090,21,8,64,0.278,22,12,false
mixed-028-0,mixed,seed=0xd0cd8d47a65957a7;cycles=8;planted=2;d_b=4;m=2;gap=1;k=2,810566,false,84686,0.090,21,8,128,0.523,21,8,false
mixed-028-0,mixed,seed=0xd0cd8d47a65957a7;cycles=8;planted=2;d_b=4;m=2;gap=1;k=2,810566,false,84686,0.090,21,8,256,1.016,21,8,false
mixed-028-0,mixed,seed=0xd0cd8d47a65957a7;cycles=8;planted=2;d_b=4;m=2;gap=1;k=2,810566,false,84686,0.090,21,8,512,1.768,21,8,false
mixed-028-0,mixed,seed=0xd0cd8d47a65957a7;cycles=8;planted=2;d_b=4;m=2;gap=1;k=2,810566,false,84686,0.090,21,8,1024,3.356,21,8,false
mixed-028-0,mixed,seed=0xd0cd8d47a65957a7;cycles=8;planted=2;d_b=4;m=2;gap=1;k=2,810566,false,84686,0.090,21,8,2048,7.020,21,8,false
mixed-028-0,mixed,seed=0xd0cd8d47a65957a7;cycles=8;planted=2;d_b=4;m=2;gap=1;k=2,810566,false,84686,0.090,21,8,4096,15.619,21,8,false
mixed-028-0,mixed,seed=0xd0cd8d47a65957a7;cycles=8;planted=2;d_b=4;m=2;gap=1;k=2,810566,false,84686,0.090,21,8,8192,35.210,21,8,false
mixed-028-0,mixed,seed=0xd0cd8d47a65957a7;cycles=8;planted=2;d_b=4;m=2;gap=1;k=2,810566,false,84686,0.090,21,8,16384,78.793,21,8,false
mixed-028-0,mixed,seed=0xd0cd8d47a65957a7;cycles=8;planted=2;d_b=4;m=2;gap=1;k=2,810566,false,84686,0.090,21,8,32768,170.957,21,8,false
mixed-028-0,mixed,seed=0xd0cd8d47a65957a7;cycles=8;planted=2;d_b=4;m=2;gap=1;k=2,810566,false,84686,0.090,21,8,65536,373.641,21,8,false
mixed-028-0,mixed,seed=0xd0cd8d47a65957a7;cycles=8;planted=2;d_b=4;m=2;gap=1;k=2,810566,false,84686,0.090,21,8,131072,826.735,21,8,false
mixed-028-0,mixed,seed=0xd0cd8d47a65957a7;cycles=8;planted=2;d_b=4;m=2;gap=1;k=2,810566,false,84686,0.090,21,8,262144,1803.228,21,8,false
dec-085,dec,d_b=8;m=3;gap=3;k=2;q=1;s=10,24,false,26,0.093,18,2,1,0.018,21,20,false
dec-085,dec,d_b=8;m=3;gap=3;k=2;q=1;s=10,24,false,26,0.093,18,2,2,0.022,21,20,false
dec-085,dec,d_b=8;m=3;gap=3;k=2;q=1;s=10,24,false,26,0.093,18,2,4,0.028,21,20,false
dec-085,dec,d_b=8;m=3;gap=3;k=2;q=1;s=10,24,false,26,0.093,18,2,8,0.030,21,20,false
dec-085,dec,d_b=8;m=3;gap=3;k=2;q=1;s=10,24,false,26,0.093,18,2,16,0.042,21,20,false
dec-085,dec,d_b=8;m=3;gap=3;k=2;q=1;s=10,24,false,26,0.093,18,2,32,0.057,21,20,false
dec-085,dec,d_b=8;m=3;gap=3;k=2;q=1;s=10,24,false,26,0.093,18,2,64,0.077,18,2,false
dec-085,dec,d_b=8;m=3;gap=3;k=2;q=1;s=10,24,false,26,0.093,18,2,128,0.109,18,2,false
dec-085,dec,d_b=8;m=3;gap=3;k=2;q=1;s=10,24,false,26,0.093,18,2,256,0.160,18,2,false
dec-085,dec,d_b=8;m=3;gap=3;k=2;q=1;s=10,24,false,26,0.093,18,2,512,0.257,18,2,false
dec-085,dec,d_b=8;m=3;gap=3;k=2;q=1;s=10,24,false,26,0.093,18,2,1024,0.441,18,2,false
dec-085,dec,d_b=8;m=3;gap=3;k=2;q=1;s=10,24,false,26,0.093,18,2,2048,0.773,18,2,false
dec-085,dec,d_b=8;m=3;gap=3;k=2;q=1;s=10,24,false,26,0.093,18,2,4096,1.422,18,2,false
dec-085,dec,d_b=8;m=3;gap=3;k=2;q=1;s=10,24,false,26,0.093,18,2,8192,2.641,18,2,false
dec-085,dec,d_b=8;m=3;gap=3;k=2;q=1;s=10,24,false,26,0.093,18,2,16384,4.877,18,2,false
dec-085,dec,d_b=8;m=3;gap=3;k=2;q=1;s=10,24,false,26,0.093,18,2,32768,8.950,18,2,false
dec-085,dec,d_b=8;m=3;gap=3;k=2;q=1;s=10,24,false,26,0.093,18,2,65536,17.165,18,2,false
dec-085,dec,d_b=8;m=3;gap=3;k=2;q=1;s=10,24,false,26,0.093,18,2,131072,32.764,18,2,false
dec-085,dec,d_b=8;m=3;gap=3;k=2;q=1;s=10,24,false,26,0.093,18,2,262144,63.638,18,2,false
mixed-028-1,mixed,seed=0x2d7527bc1320e6fe;cycles=8;planted=2;d_b=4;m=2;gap=1;k=2,1939065,false,190552,0.220,44,12,1,0.215,46,20,false
mixed-028-1,mixed,seed=0x2d7527bc1320e6fe;cycles=8;planted=2;d_b=4;m=2;gap=1;k=2,1939065,false,190552,0.220,44,12,2,0.241,46,20,false
mixed-028-1,mixed,seed=0x2d7527bc1320e6fe;cycles=8;planted=2;d_b=4;m=2;gap=1;k=2,1939065,false,190552,0.220,44,12,4,0.279,46,20,false
mixed-028-1,mixed,seed=0x2d7527bc1320e6fe;cycles=8;planted=2;d_b=4;m=2;gap=1;k=2,1939065,false,190552,0.220,44,12,8,0.390,46,20,false
mixed-028-1,mixed,seed=0x2d7527bc1320e6fe;cycles=8;planted=2;d_b=4;m=2;gap=1;k=2,1939065,false,190552,0.220,44,12,16,0.612,46,20,false
mixed-028-1,mixed,seed=0x2d7527bc1320e6fe;cycles=8;planted=2;d_b=4;m=2;gap=1;k=2,1939065,false,190552,0.220,44,12,32,1.048,46,20,false
mixed-028-1,mixed,seed=0x2d7527bc1320e6fe;cycles=8;planted=2;d_b=4;m=2;gap=1;k=2,1939065,false,190552,0.220,44,12,64,1.951,45,16,false
mixed-028-1,mixed,seed=0x2d7527bc1320e6fe;cycles=8;planted=2;d_b=4;m=2;gap=1;k=2,1939065,false,190552,0.220,44,12,128,3.583,44,12,false
mixed-028-1,mixed,seed=0x2d7527bc1320e6fe;cycles=8;planted=2;d_b=4;m=2;gap=1;k=2,1939065,false,190552,0.220,44,12,256,6.635,44,12,false
mixed-028-1,mixed,seed=0x2d7527bc1320e6fe;cycles=8;planted=2;d_b=4;m=2;gap=1;k=2,1939065,false,190552,0.220,44,12,512,12.361,44,12,false
mixed-028-1,mixed,seed=0x2d7527bc1320e6fe;cycles=8;planted=2;d_b=4;m=2;gap=1;k=2,1939065,false,190552,0.220,44,12,1024,23.635,44,12,false
mixed-028-1,mixed,seed=0x2d7527bc1320e6fe;cycles=8;planted=2;d_b=4;m=2;gap=1;k=2,1939065,false,190552,0.220,44,12,2048,46.411,44,12,false
mixed-028-1,mixed,seed=0x2d7527bc1320e6fe;cycles=8;planted=2;d_b=4;m=2;gap=1;k=2,1939065,false,190552,0.220,44,12,4096,91.214,44,12,false
mixed-028-1,mixed,seed=0x2d7527bc1320e6fe;cycles=8;planted=2;d_b=4;m=2;gap=1;k=2,1939065,false,190552,0.220,44,12,8192,181.192,44,12,false
mixed-028-1,mixed,seed=0x2d7527bc1320e6fe;cycles=8;planted=2;d_b=4;m=2;gap=1;k=2,1939065,false,190552,0.220,44,12,16384,360.650,44,12,false
mixed-028-1,mixed,seed=0x2d7527bc1320e6fe;cycles=8;planted=2;d_b=4;m=2;gap=1;k=2,1939065,false,190552,0.220,44,12,32768,715.343,44,12,false
mixed-028-1,mixed,seed=0x2d7527bc1320e6fe;cycles=8;planted=2;d_b=4;m=2;gap=1;k=2,1939065,false,190552,0.220,44,12,65536,1435.557,44,12,false
mixed-028-1,mixed,seed=0x2d7527bc1320e6fe;cycles=8;planted=2;d_b=4;m=2;gap=1;k=2,1939065,false,190552,0.220,44,12,131072,2926.854,44,12,false
mixed-028-1,mixed,seed=0x2d7527bc1320e6fe;cycles=8;planted=2;d_b=4;m=2;gap=1;k=2,1939065,false,190552,0.220,44,12,262144,5951.729,44,12,false
dec-086,dec,d_b=8;m=3;gap=3;k=4;q=1;s=10,40,false,42,0.131,18,2,1,0.022,21,20,false
dec-086,dec,d_b=8;m=3;gap=3;k=4;q=1;s=10,40,false,42,0.131,18,2,2,0.023,21,20,false
dec-086,dec,d_b=8;m=3;gap=3;k=4;q=1;s=10,40,false,42,0.131,18,2,4,0.032,21,20,false
dec-086,dec,d_b=8;m=3;gap=3;k=4;q=1;s=10,40,false,42,0.131,18,2,8,0.042,21,20,false
dec-086,dec,d_b=8;m=3;gap=3;k=4;q=1;s=10,40,false,42,0.131,18,2,16,0.050,21,20,false
dec-086,dec,d_b=8;m=3;gap=3;k=4;q=1;s=10,40,false,42,0.131,18,2,32,0.067,21,20,false
dec-086,dec,d_b=8;m=3;gap=3;k=4;q=1;s=10,40,false,42,0.131,18,2,64,0.077,21,20,false
dec-086,dec,d_b=8;m=3;gap=3;k=4;q=1;s=10,40,false,42,0.131,18,2,128,0.110,21,20,false
dec-086,dec,d_b=8;m=3;gap=3;k=4;q=1;s=10,40,false,42,0.131,18,2,256,0.187,18,2,false
dec-086,dec,d_b=8;m=3;gap=3;k=4;q=1;s=10,40,false,42,0.131,18,2,512,0.275,18,2,false
dec-086,dec,d_b=8;m=3;gap=3;k=4;q=1;s=10,40,false,42,0.131,18,2,1024,0.440,18,2,false
dec-086,dec,d_b=8;m=3;gap=3;k=4;q=1;s=10,40,false,42,0.131,18,2,2048,0.798,18,2,false
dec-086,dec,d_b=8;m=3;gap=3;k=4;q=1;s=10,40,false,42,0.131,18,2,4096,1.456,18,2,false
dec-086,dec,d_b=8;m=3;gap=3;k=4;q=1;s=10,40,false,42,0.131,18,2,8192,2.780,18,2,false
dec-086,dec,d_b=8;m=3;gap=3;k=4;q=1;s=10,40,false,42,0.131,18,2,16384,5.235,18,2,false
dec-086,dec,d_b=8;m=3;gap=3;k=4;q=1;s=10,40,false,42,0.131,18,2,32768,9.820,18,2,false
dec-086,dec,d_b=8;m=3;gap=3;k=4;q=1;s=10,40,false,42,0.131,18,2,65536,18.722,18,2,false
dec-086,dec,d_b=8;m=3;gap=3;k=4;q=1;s=10,40,false,42,0.131,18,2,131072,36.009,18,2,false
dec-086,dec,d_b=8;m=3;gap=3;k=4;q=1;s=10,40,false,42,0.131,18,2,262144,69.892,18,2,false
mixed-028-2,mixed,seed=0xa642ebc833a15f84;cycles=8;planted=2;d_b=4;m=2;gap=1;k=2,810566,false,84688,0.096,25,12,1,0.059,27,20,false
mixed-028-2,mixed,seed=0xa642ebc833a15f84;cycles=8;planted=2;d_b=4;m=2;gap=1;k=2,810566,false,84688,0.096,25,12,2,0.052,27,20,false
mixed-028-2,mixed,seed=0xa642ebc833a15f84;cycles=8;planted=2;d_b=4;m=2;gap=1;k=2,810566,false,84688,0.096,25,12,4,0.056,27,20,false
mixed-028-2,mixed,seed=0xa642ebc833a15f84;cycles=8;planted=2;d_b=4;m=2;gap=1;k=2,810566,false,84688,0.096,25,12,8,0.072,27,20,false
mixed-028-2,mixed,seed=0xa642ebc833a15f84;cycles=8;planted=2;d_b=4;m=2;gap=1;k=2,810566,false,84688,0.096,25,12,16,0.098,27,20,false
mixed-028-2,mixed,seed=0xa642ebc833a15f84;cycles=8;planted=2;d_b=4;m=2;gap=1;k=2,810566,false,84688,0.096,25,12,32,0.159,26,16,false
mixed-028-2,mixed,seed=0xa642ebc833a15f84;cycles=8;planted=2;d_b=4;m=2;gap=1;k=2,810566,false,84688,0.096,25,12,64,0.251,26,16,false
mixed-028-2,mixed,seed=0xa642ebc833a15f84;cycles=8;planted=2;d_b=4;m=2;gap=1;k=2,810566,false,84688,0.096,25,12,128,0.446,26,16,false
mixed-028-2,mixed,seed=0xa642ebc833a15f84;cycles=8;planted=2;d_b=4;m=2;gap=1;k=2,810566,false,84688,0.096,25,12,256,0.844,25,12,false
mixed-028-2,mixed,seed=0xa642ebc833a15f84;cycles=8;planted=2;d_b=4;m=2;gap=1;k=2,810566,false,84688,0.096,25,12,512,1.528,25,12,false
mixed-028-2,mixed,seed=0xa642ebc833a15f84;cycles=8;planted=2;d_b=4;m=2;gap=1;k=2,810566,false,84688,0.096,25,12,1024,2.921,25,12,false
mixed-028-2,mixed,seed=0xa642ebc833a15f84;cycles=8;planted=2;d_b=4;m=2;gap=1;k=2,810566,false,84688,0.096,25,12,2048,6.295,25,12,false
mixed-028-2,mixed,seed=0xa642ebc833a15f84;cycles=8;planted=2;d_b=4;m=2;gap=1;k=2,810566,false,84688,0.096,25,12,4096,14.426,25,12,false
mixed-028-2,mixed,seed=0xa642ebc833a15f84;cycles=8;planted=2;d_b=4;m=2;gap=1;k=2,810566,false,84688,0.096,25,12,8192,31.677,25,12,false
mixed-028-2,mixed,seed=0xa642ebc833a15f84;cycles=8;planted=2;d_b=4;m=2;gap=1;k=2,810566,false,84688,0.096,25,12,16384,66.101,25,12,false
mixed-028-2,mixed,seed=0xa642ebc833a15f84;cycles=8;planted=2;d_b=4;m=2;gap=1;k=2,810566,false,84688,0.096,25,12,32768,134.841,25,12,false
mixed-028-2,mixed,seed=0xa642ebc833a15f84;cycles=8;planted=2;d_b=4;m=2;gap=1;k=2,810566,false,84688,0.096,25,12,65536,283.424,25,12,false
mixed-028-2,mixed,seed=0xa642ebc833a15f84;cycles=8;planted=2;d_b=4;m=2;gap=1;k=2,810566,false,84688,0.096,25,12,131072,623.222,25,12,false
mixed-028-2,mixed,seed=0xa642ebc833a15f84;cycles=8;planted=2;d_b=4;m=2;gap=1;k=2,810566,false,84688,0.096,25,12,262144,1311.480,25,12,false
dec-087,dec,d_b=8;m=3;gap=7;k=1;q=1;s=12,16,false,18,0.120,18,2,1,0.021,25,24,false
dec-087,dec,d_b=8;m=3;gap=7;k=1;q=1;s=12,16,false,18,0.120,18,2,2,0.034,25,24,false
dec-087,dec,d_b=8;m=3;gap=7;k=1;q=1;s=12,16,false,18,0.120,18,2,4,0.035,25,24,false
dec-087,dec,d_b=8;m=3;gap=7;k=1;q=1;s=12,16,false,18,0.120,18,2,8,0.045,18,2,false
dec-087,dec,d_b=8;m=3;gap=7;k=1;q=1;s=12,16,false,18,0.120,18,2,16,0.061,18,2,false
dec-087,dec,d_b=8;m=3;gap=7;k=1;q=1;s=12,16,false,18,0.120,18,2,32,0.072,18,2,false
dec-087,dec,d_b=8;m=3;gap=7;k=1;q=1;s=12,16,false,18,0.120,18,2,64,0.094,18,2,false
dec-087,dec,d_b=8;m=3;gap=7;k=1;q=1;s=12,16,false,18,0.120,18,2,128,0.129,18,2,false
dec-087,dec,d_b=8;m=3;gap=7;k=1;q=1;s=12,16,false,18,0.120,18,2,256,0.197,18,2,false
dec-087,dec,d_b=8;m=3;gap=7;k=1;q=1;s=12,16,false,18,0.120,18,2,512,0.306,18,2,false
dec-087,dec,d_b=8;m=3;gap=7;k=1;q=1;s=12,16,false,18,0.120,18,2,1024,0.504,18,2,true
dec-087,dec,d_b=8;m=3;gap=7;k=1;q=1;s=12,16,false,18,0.120,18,2,2048,0.839,18,2,true
dec-087,dec,d_b=8;m=3;gap=7;k=1;q=1;s=12,16,false,18,0.120,18,2,4096,1.524,18,2,true
dec-087,dec,d_b=8;m=3;gap=7;k=1;q=1;s=12,16,false,18,0.120,18,2,8192,2.667,18,2,true
dec-087,dec,d_b=8;m=3;gap=7;k=1;q=1;s=12,16,false,18,0.120,18,2,16384,4.908,18,2,true
dec-087,dec,d_b=8;m=3;gap=7;k=1;q=1;s=12,16,false,18,0.120,18,2,32768,8.900,18,2,true
dec-087,dec,d_b=8;m=3;gap=7;k=1;q=1;s=12,16,false,18,0.120,18,2,65536,16.309,18,2,true
dec-087,dec,d_b=8;m=3;gap=7;k=1;q=1;s=12,16,false,18,0.120,18,2,131072,31.859,18,2,true
dec-087,dec,d_b=8;m=3;gap=7;k=1;q=1;s=12,16,false,18,0.120,18,2,262144,60.408,18,2,true
mixed-029-0,mixed,seed=0x9a3850cfde5c4678;cycles=8;planted=2;d_b=8;m=3;gap=2;k=2,25,false,27,0.080,19,2,1,0.023,22,20,false
mixed-029-0,mixed,seed=0x9a3850cfde5c4678;cycles=8;planted=2;d_b=8;m=3;gap=2;k=2,25,false,27,0.080,19,2,2,0.017,22,20,false
mixed-029-0,mixed,seed=0x9a3850cfde5c4678;cycles=8;planted=2;d_b=8;m=3;gap=2;k=2,25,false,27,0.080,19,2,4,0.033,22,20,false
mixed-029-0,mixed,seed=0x9a3850cfde5c4678;cycles=8;planted=2;d_b=8;m=3;gap=2;k=2,25,false,27,0.080,19,2,8,0.034,22,20,false
mixed-029-0,mixed,seed=0x9a3850cfde5c4678;cycles=8;planted=2;d_b=8;m=3;gap=2;k=2,25,false,27,0.080,19,2,16,0.050,22,20,false
mixed-029-0,mixed,seed=0x9a3850cfde5c4678;cycles=8;planted=2;d_b=8;m=3;gap=2;k=2,25,false,27,0.080,19,2,32,0.065,22,20,false
mixed-029-0,mixed,seed=0x9a3850cfde5c4678;cycles=8;planted=2;d_b=8;m=3;gap=2;k=2,25,false,27,0.080,19,2,64,0.096,19,2,false
mixed-029-0,mixed,seed=0x9a3850cfde5c4678;cycles=8;planted=2;d_b=8;m=3;gap=2;k=2,25,false,27,0.080,19,2,128,0.141,19,2,false
mixed-029-0,mixed,seed=0x9a3850cfde5c4678;cycles=8;planted=2;d_b=8;m=3;gap=2;k=2,25,false,27,0.080,19,2,256,0.226,19,2,false
mixed-029-0,mixed,seed=0x9a3850cfde5c4678;cycles=8;planted=2;d_b=8;m=3;gap=2;k=2,25,false,27,0.080,19,2,512,0.384,19,2,false
mixed-029-0,mixed,seed=0x9a3850cfde5c4678;cycles=8;planted=2;d_b=8;m=3;gap=2;k=2,25,false,27,0.080,19,2,1024,0.693,19,2,false
mixed-029-0,mixed,seed=0x9a3850cfde5c4678;cycles=8;planted=2;d_b=8;m=3;gap=2;k=2,25,false,27,0.080,19,2,2048,1.282,19,2,false
mixed-029-0,mixed,seed=0x9a3850cfde5c4678;cycles=8;planted=2;d_b=8;m=3;gap=2;k=2,25,false,27,0.080,19,2,4096,2.473,19,2,false
mixed-029-0,mixed,seed=0x9a3850cfde5c4678;cycles=8;planted=2;d_b=8;m=3;gap=2;k=2,25,false,27,0.080,19,2,8192,4.705,19,2,false
mixed-029-0,mixed,seed=0x9a3850cfde5c4678;cycles=8;planted=2;d_b=8;m=3;gap=2;k=2,25,false,27,0.080,19,2,16384,8.623,19,2,false
mixed-029-0,mixed,seed=0x9a3850cfde5c4678;cycles=8;planted=2;d_b=8;m=3;gap=2;k=2,25,false,27,0.080,19,2,32768,16.585,19,2,false
mixed-029-0,mixed,seed=0x9a3850cfde5c4678;cycles=8;planted=2;d_b=8;m=3;gap=2;k=2,25,false,27,0.080,19,2,65536,31.434,19,2,false
mixed-029-0,mixed,seed=0x9a3850cfde5c4678;cycles=8;planted=2;d_b=8;m=3;gap=2;k=2,25,false,27,0.080,19,2,131072,61.363,19,2,false
mixed-029-0,mixed,seed=0x9a3850cfde5c4678;cycles=8;planted=2;d_b=8;m=3;gap=2;k=2,25,false,27,0.080,19,2,262144,121.347,19,2,false
dec-088,dec,d_b=8;m=3;gap=7;k=2;q=1;s=12,24,false,26,0.080,18,2,1,0.017,25,24,false
dec-088,dec,d_b=8;m=3;gap=7;k=2;q=1;s=12,24,false,26,0.080,18,2,2,0.019,25,24,false
dec-088,dec,d_b=8;m=3;gap=7;k=2;q=1;s=12,24,false,26,0.080,18,2,4,0.037,25,24,false
dec-088,dec,d_b=8;m=3;gap=7;k=2;q=1;s=12,24,false,26,0.080,18,2,8,0.031,25,24,false
dec-088,dec,d_b=8;m=3;gap=7;k=2;q=1;s=12,24,false,26,0.080,18,2,16,0.058,18,2,false
dec-088,dec,d_b=8;m=3;gap=7;k=2;q=1;s=12,24,false,26,0.080,18,2,32,0.064,18,2,false
dec-088,dec,d_b=8;m=3;gap=7;k=2;q=1;s=12,24,false,26,0.080,18,2,64,0.085,18,2,false
dec-088,dec,d_b=8;m=3;gap=7;k=2;q=1;s=12,24,false,26,0.080,18,2,128,0.119,18,2,false
dec-088,dec,d_b=8;m=3;gap=7;k=2;q=1;s=12,24,false,26,0.080,18,2,256,0.197,18,2,false
dec-088,dec,d_b=8;m=3;gap=7;k=2;q=1;s=12,24,false,26,0.080,18,2,512,0.284,18,2,false
dec-088,dec,d_b=8;m=3;gap=7;k=2;q=1;s=12,24,false,26,0.080,18,2,1024,0.477,18,2,false
dec-088,dec,d_b=8;m=3;gap=7;k=2;q=1;s=12,24,false,26,0.080,18,2,2048,0.812,18,2,false
dec-088,dec,d_b=8;m=3;gap=7;k=2;q=1;s=12,24,false,26,0.080,18,2,4096,1.512,18,2,false
dec-088,dec,d_b=8;m=3;gap=7;k=2;q=1;s=12,24,false,26,0.080,18,2,8192,2.702,18,2,false
dec-088,dec,d_b=8;m=3;gap=7;k=2;q=1;s=12,24,false,26,0.080,18,2,16384,4.960,18,2,false
dec-088,dec,d_b=8;m=3;gap=7;k=2;q=1;s=12,24,false,26,0.080,18,2,32768,9.241,18,2,false
dec-088,dec,d_b=8;m=3;gap=7;k=2;q=1;s=12,24,false,26,0.080,18,2,65536,17.441,18,2,false
dec-088,dec,d_b=8;m=3;gap=7;k=2;q=1;s=12,24,false,26,0.080,18,2,131072,33.436,18,2,false
dec-088,dec,d_b=8;m=3;gap=7;k=2;q=1;s=12,24,false,26,0.080,18,2,262144,64.737,18,2,true
mixed-029-1,mixed,seed=0xc049ee76ccb092c7;cycles=8;planted=2;d_b=8;m=3;gap=2;k=2,49,false,53,0.135,37,4,1,0.024,43,40,false
mixed-029-1,mixed,seed=0xc049ee76ccb092c7;cycles=8;planted=2;d_b=8;m=3;gap=2;k=2,49,false,53,0.135,37,4,2,0.026,43,40,false
mixed-029-1,mixed,seed=0xc049ee76ccb092c7;cycles=8;planted=2;d_b=8;m=3;gap=2;k=2,49,false,53,0.135,37,4,4,0.030,43,40,false
mixed-029-1,mixed,seed=0xc049ee76ccb092c7;cycles=8;planted=2;d_b=8;m=3;gap=2;k=2,49,false,53,0.135,37,4,8,0.053,43,40,false
mixed-029-1,mixed,seed=0xc049ee76ccb092c7;cycles=8;planted=2;d_b=8;m=3;gap=2;k=2,49,false,53,0.135,37,4,16,0.056,43,40,false
mixed-029-1,mixed,seed=0xc049ee76ccb092c7;cycles=8;planted=2;d_b=8;m=3;gap=2;k=2,49,false,53,0.135,37,4,32,0.088,43,40,false
mixed-029-1,mixed,seed=0xc049ee76ccb092c7;cycles=8;planted=2;d_b=8;m=3;gap=2;k=2,49,false,53,0.135,37,4,64,0.116,43,40,false
mixed-029-1,mixed,seed=0xc049ee76ccb092c7;cycles=8;planted=2;d_b=8;m=3;gap=2;k=2,49,false,53,0.135,37,4,128,0.181,37,4,false
mixed-029-1,mixed,seed=0xc049ee76ccb092c7;cycles=8;planted=2;d_b=8;m=3;gap=2;k=2,49,false,53,0.135,37,4,256,0.273,37,4,false
mixed-029-1,mixed,seed=0xc049ee76ccb092c7;cycles=8;planted=2;d_b=8;m=3;gap=2;k=2,49,false,53,0.135,37,4,512,0.454,37,4,false
mixed-029-1,mixed,seed=0xc049ee76ccb092c7;cycles=8;planted=2;d_b=8;m=3;gap=2;k=2,49,false,53,0.135,37,4,1024,0.766,37,4,false
mixed-029-1,mixed,seed=0xc049ee76ccb092c7;cycles=8;planted=2;d_b=8;m=3;gap=2;k=2,49,false,53,0.135,37,4,2048,1.418,37,4,false
mixed-029-1,mixed,seed=0xc049ee76ccb092c7;cycles=8;planted=2;d_b=8;m=3;gap=2;k=2,49,false,53,0.135,37,4,4096,2.701,37,4,false
mixed-029-1,mixed,seed=0xc049ee76ccb092c7;cycles=8;planted=2;d_b=8;m=3;gap=2;k=2,49,false,53,0.135,37,4,8192,4.956,37,4,false
mixed-029-1,mixed,seed=0xc049ee76ccb092c7;cycles=8;planted=2;d_b=8;m=3;gap=2;k=2,49,false,53,0.135,37,4,16384,9.149,37,4,false
mixed-029-1,mixed,seed=0xc049ee76ccb092c7;cycles=8;planted=2;d_b=8;m=3;gap=2;k=2,49,false,53,0.135,37,4,32768,17.400,37,4,false
mixed-029-1,mixed,seed=0xc049ee76ccb092c7;cycles=8;planted=2;d_b=8;m=3;gap=2;k=2,49,false,53,0.135,37,4,65536,33.285,37,4,false
mixed-029-1,mixed,seed=0xc049ee76ccb092c7;cycles=8;planted=2;d_b=8;m=3;gap=2;k=2,49,false,53,0.135,37,4,131072,64.382,37,4,false
mixed-029-1,mixed,seed=0xc049ee76ccb092c7;cycles=8;planted=2;d_b=8;m=3;gap=2;k=2,49,false,53,0.135,37,4,262144,126.087,37,4,false
dec-089,dec,d_b=8;m=3;gap=7;k=4;q=1;s=12,40,false,42,0.110,18,2,1,0.018,25,24,false
dec-089,dec,d_b=8;m=3;gap=7;k=4;q=1;s=12,40,false,42,0.110,18,2,2,0.024,25,24,false
dec-089,dec,d_b=8;m=3;gap=7;k=4;q=1;s=12,40,false,42,0.110,18,2,4,0.033,25,24,false
dec-089,dec,d_b=8;m=3;gap=7;k=4;q=1;s=12,40,false,42,0.110,18,2,8,0.046,25,24,false
dec-089,dec,d_b=8;m=3;gap=7;k=4;q=1;s=12,40,false,42,0.110,18,2,16,0.052,25,24,false
dec-089,dec,d_b=8;m=3;gap=7;k=4;q=1;s=12,40,false,42,0.110,18,2,32,0.099,18,2,false
dec-089,dec,d_b=8;m=3;gap=7;k=4;q=1;s=12,40,false,42,0.110,18,2,64,0.106,18,2,false
dec-089,dec,d_b=8;m=3;gap=7;k=4;q=1;s=12,40,false,42,0.110,18,2,128,0.133,18,2,false
dec-089,dec,d_b=8;m=3;gap=7;k=4;q=1;s=12,40,false,42,0.110,18,2,256,0.188,18,2,false
dec-089,dec,d_b=8;m=3;gap=7;k=4;q=1;s=12,40,false,42,0.110,18,2,512,0.282,18,2,false
dec-089,dec,d_b=8;m=3;gap=7;k=4;q=1;s=12,40,false,42,0.110,18,2,1024,0.476,18,2,false
dec-089,dec,d_b=8;m=3;gap=7;k=4;q=1;s=12,40,false,42,0.110,18,2,2048,0.853,18,2,false
dec-089,dec,d_b=8;m=3;gap=7;k=4;q=1;s=12,40,false,42,0.110,18,2,4096,1.528,18,2,false
dec-089,dec,d_b=8;m=3;gap=7;k=4;q=1;s=12,40,false,42,0.110,18,2,8192,2.803,18,2,false
dec-089,dec,d_b=8;m=3;gap=7;k=4;q=1;s=12,40,false,42,0.110,18,2,16384,5.319,18,2,false
dec-089,dec,d_b=8;m=3;gap=7;k=4;q=1;s=12,40,false,42,0.110,18,2,32768,9.841,18,2,false
dec-089,dec,d_b=8;m=3;gap=7;k=4;q=1;s=12,40,false,42,0.110,18,2,65536,18.853,18,2,false
dec-089,dec,d_b=8;m=3;gap=7;k=4;q=1;s=12,40,false,42,0.110,18,2,131072,36.749,18,2,false
dec-089,dec,d_b=8;m=3;gap=7;k=4;q=1;s=12,40,false,42,0.110,18,2,262144,72.354,18,2,false
mixed-029-2,mixed,seed=0xe2c10fc7321769eb;cycles=8;planted=2;d_b=8;m=3;gap=2;k=2,49,false,55,0.146,37,4,1,0.038,43,40,false
mixed-029-2,mixed,seed=0xe2c10fc7321769eb;cycles=8;planted=2;d_b=8;m=3;gap=2;k=2,49,false,55,0.146,37,4,2,0.041,43,40,false
mixed-029-2,mixed,seed=0xe2c10fc7321769eb;cycles=8;planted=2;d_b=8;m=3;gap=2;k=2,49,false,55,0.146,37,4,4,0.048,43,40,false
mixed-029-2,mixed,seed=0xe2c10fc7321769eb;cycles=8;planted=2;d_b=8;m=3;gap=2;k=2,49,false,55,0.146,37,4,8,0.081,43,40,false
mixed-029-2,mixed,seed=0xe2c10fc7321769eb;cycles=8;planted=2;d_b=8;m=3;gap=2;k=2,49,false,55,0.146,37,4,16,0.105,43,40,false
mixed-029-2,mixed,seed=0xe2c10fc7321769eb;cycles=8;planted=2;d_b=8;m=3;gap=2;k=2,49,false,55,0.146,37,4,32,0.177,43,40,false
mixed-029-2,mixed,seed=0xe2c10fc7321769eb;cycles=8;planted=2;d_b=8;m=3;gap=2;k=2,49,false,55,0.146,37,4,64,0.292,43,40,false
mixed-029-2,mixed,seed=0xe2c10fc7321769eb;cycles=8;planted=2;d_b=8;m=3;gap=2;k=2,49,false,55,0.146,37,4,128,0.528,37,4,false
mixed-029-2,mixed,seed=0xe2c10fc7321769eb;cycles=8;planted=2;d_b=8;m=3;gap=2;k=2,49,false,55,0.146,37,4,256,0.944,37,4,false
mixed-029-2,mixed,seed=0xe2c10fc7321769eb;cycles=8;planted=2;d_b=8;m=3;gap=2;k=2,49,false,55,0.146,37,4,512,1.796,37,4,false
mixed-029-2,mixed,seed=0xe2c10fc7321769eb;cycles=8;planted=2;d_b=8;m=3;gap=2;k=2,49,false,55,0.146,37,4,1024,3.401,37,4,false
mixed-029-2,mixed,seed=0xe2c10fc7321769eb;cycles=8;planted=2;d_b=8;m=3;gap=2;k=2,49,false,55,0.146,37,4,2048,6.419,37,4,false
mixed-029-2,mixed,seed=0xe2c10fc7321769eb;cycles=8;planted=2;d_b=8;m=3;gap=2;k=2,49,false,55,0.146,37,4,4096,12.387,37,4,false
mixed-029-2,mixed,seed=0xe2c10fc7321769eb;cycles=8;planted=2;d_b=8;m=3;gap=2;k=2,49,false,55,0.146,37,4,8192,23.323,37,4,false
mixed-029-2,mixed,seed=0xe2c10fc7321769eb;cycles=8;planted=2;d_b=8;m=3;gap=2;k=2,49,false,55,0.146,37,4,16384,44.469,37,4,false
mixed-029-2,mixed,seed=0xe2c10fc7321769eb;cycles=8;planted=2;d_b=8;m=3;gap=2;k=2,49,false,55,0.146,37,4,32768,86.685,37,4,false
mixed-029-2,mixed,seed=0xe2c10fc7321769eb;cycles=8;planted=2;d_b=8;m=3;gap=2;k=2,49,false,55,0.146,37,4,65536,170.111,37,4,false
mixed-029-2,mixed,seed=0xe2c10fc7321769eb;cycles=8;planted=2;d_b=8;m=3;gap=2;k=2,49,false,55,0.146,37,4,131072,331.874,37,4,false
mixed-029-2,mixed,seed=0xe2c10fc7321769eb;cycles=8;planted=2;d_b=8;m=3;gap=2;k=2,49,false,55,0.146,37,4,262144,661.837,37,4,false
dec-090,dec,d_b=8;m=3;gap=13;k=1;q=1;s=15,16,false,18,0.063,18,2,1,0.021,31,30,false
dec-090,dec,d_b=8;m=3;gap=13;k=1;q=1;s=15,16,false,18,0.063,18,2,2,0.034,18,2,false
dec-090,dec,d_b=8;m=3;gap=13;k=1;q=1;s=15,16,false,18,0.063,18,2,4,0.036,18,2,false
dec-090,dec,d_b=8;m=3;gap=13;k=1;q=1;s=15,16,false,18,0.063,18,2,8,0.049,18,2,false
dec-090,dec,d_b=8;m=3;gap=13;k=1;q=1;s=15,16,false,18,0.063,18,2,16,0.058,18,2,false
dec-090,dec,d_b=8;m=3;gap=13;k=1;q=1;s=15,16,false,18,0.063,18,2,32,0.074,18,2,false
dec-090,dec,d_b=8;m=3;gap=13;k=1;q=1;s=15,16,false,18,0.063,18,2,64,0.096,18,2,false
dec-090,dec,d_b=8;m=3;gap=13;k=1;q=1;s=15,16,false,18,0.063,18,2,128,0.128,18,2,false
dec-090,dec,d_b=8;m=3;gap=13;k=1;q=1;s=15,16,false,18,0.063,18,2,256,0.192,18,2,false
dec-090,dec,d_b=8;m=3;gap=13;k=1;q=1;s=15,16,false,18,0.063,18,2,512,0.304,18,2,false
dec-090,dec,d_b=8;m=3;gap=13;k=1;q=1;s=15,16,false,18,0.063,18,2,1024,0.515,18,2,true
dec-090,dec,d_b=8;m=3;gap=13;k=1;q=1;s=15,16,false,18,0.063,18,2,2048,0.898,18,2,true
dec-090,dec,d_b=8;m=3;gap=13;k=1;q=1;s=15,16,false,18,0.063,18,2,4096,1.558,18,2,true
dec-090,dec,d_b=8;m=3;gap=13;k=1;q=1;s=15,16,false,18,0.063,18,2,8192,2.763,18,2,true
dec-090,dec,d_b=8;m=3;gap=13;k=1;q=1;s=15,16,false,18,0.063,18,2,16384,4.954,18,2,true
dec-090,dec,d_b=8;m=3;gap=13;k=1;q=1;s=15,16,false,18,0.063,18,2,32768,8.948,18,2,true
dec-090,dec,d_b=8;m=3;gap=13;k=1;q=1;s=15,16,false,18,0.063,18,2,65536,16.737,18,2,true
dec-090,dec,d_b=8;m=3;gap=13;k=1;q=1;s=15,16,false,18,0.063,18,2,131072,31.880,18,2,true
dec-090,dec,d_b=8;m=3;gap=13;k=1;q=1;s=15,16,false,18,0.063,18,2,262144,104.571,18,2,true
mixed-030-0,mixed,seed=0x7ff40fcf8d4c7a50;cycles=8;planted=2;d_b=12;m=2;gap=6;k=4,61,false,62,0.112,15,2,1,0.021,22,20,false
mixed-030-0,mixed,seed=0x7ff40fcf8d4c7a50;cycles=8;planted=2;d_b=12;m=2;gap=6;k=4,61,false,62,0.112,15,2,2,0.021,22,20,false
mixed-030-0,mixed,seed=0x7ff40fcf8d4c7a50;cycles=8;planted=2;d_b=12;m=2;gap=6;k=4,61,false,62,0.112,15,2,4,0.031,22,20,false
mixed-030-0,mixed,seed=0x7ff40fcf8d4c7a50;cycles=8;planted=2;d_b=12;m=2;gap=6;k=4,61,false,62,0.112,15,2,8,0.046,22,20,false
mixed-030-0,mixed,seed=0x7ff40fcf8d4c7a50;cycles=8;planted=2;d_b=12;m=2;gap=6;k=4,61,false,62,0.112,15,2,16,0.055,22,20,false
mixed-030-0,mixed,seed=0x7ff40fcf8d4c7a50;cycles=8;planted=2;d_b=12;m=2;gap=6;k=4,61,false,62,0.112,15,2,32,0.077,22,20,false
mixed-030-0,mixed,seed=0x7ff40fcf8d4c7a50;cycles=8;planted=2;d_b=12;m=2;gap=6;k=4,61,false,62,0.112,15,2,64,0.096,22,20,false
mixed-030-0,mixed,seed=0x7ff40fcf8d4c7a50;cycles=8;planted=2;d_b=12;m=2;gap=6;k=4,61,false,62,0.112,15,2,128,0.146,22,20,false
mixed-030-0,mixed,seed=0x7ff40fcf8d4c7a50;cycles=8;planted=2;d_b=12;m=2;gap=6;k=4,61,false,62,0.112,15,2,256,0.247,15,2,false
mixed-030-0,mixed,seed=0x7ff40fcf8d4c7a50;cycles=8;planted=2;d_b=12;m=2;gap=6;k=4,61,false,62,0.112,15,2,512,0.404,15,2,false
mixed-030-0,mixed,seed=0x7ff40fcf8d4c7a50;cycles=8;planted=2;d_b=12;m=2;gap=6;k=4,61,false,62,0.112,15,2,1024,0.706,15,2,false
mixed-030-0,mixed,seed=0x7ff40fcf8d4c7a50;cycles=8;planted=2;d_b=12;m=2;gap=6;k=4,61,false,62,0.112,15,2,2048,1.316,15,2,false
mixed-030-0,mixed,seed=0x7ff40fcf8d4c7a50;cycles=8;planted=2;d_b=12;m=2;gap=6;k=4,61,false,62,0.112,15,2,4096,2.434,15,2,false
mixed-030-0,mixed,seed=0x7ff40fcf8d4c7a50;cycles=8;planted=2;d_b=12;m=2;gap=6;k=4,61,false,62,0.112,15,2,8192,4.591,15,2,false
mixed-030-0,mixed,seed=0x7ff40fcf8d4c7a50;cycles=8;planted=2;d_b=12;m=2;gap=6;k=4,61,false,62,0.112,15,2,16384,8.721,15,2,false
mixed-030-0,mixed,seed=0x7ff40fcf8d4c7a50;cycles=8;planted=2;d_b=12;m=2;gap=6;k=4,61,false,62,0.112,15,2,32768,16.745,15,2,false
mixed-030-0,mixed,seed=0x7ff40fcf8d4c7a50;cycles=8;planted=2;d_b=12;m=2;gap=6;k=4,61,false,62,0.112,15,2,65536,32.606,15,2,false
mixed-030-0,mixed,seed=0x7ff40fcf8d4c7a50;cycles=8;planted=2;d_b=12;m=2;gap=6;k=4,61,false,62,0.112,15,2,131072,64.186,15,2,false
mixed-030-0,mixed,seed=0x7ff40fcf8d4c7a50;cycles=8;planted=2;d_b=12;m=2;gap=6;k=4,61,false,62,0.112,15,2,262144,126.721,15,2,false
dec-091,dec,d_b=8;m=3;gap=13;k=2;q=1;s=15,24,false,26,0.050,18,2,1,0.019,31,30,false
dec-091,dec,d_b=8;m=3;gap=13;k=2;q=1;s=15,24,false,26,0.050,18,2,2,0.022,31,30,false
dec-091,dec,d_b=8;m=3;gap=13;k=2;q=1;s=15,24,false,26,0.050,18,2,4,0.041,18,2,false
dec-091,dec,d_b=8;m=3;gap=13;k=2;q=1;s=15,24,false,26,0.050,18,2,8,0.051,18,2,false
dec-091,dec,d_b=8;m=3;gap=13;k=2;q=1;s=15,24,false,26,0.050,18,2,16,0.059,18,2,false
dec-091,dec,d_b=8;m=3;gap=13;k=2;q=1;s=15,24,false,26,0.050,18,2,32,0.074,18,2,false
dec-091,dec,d_b=8;m=3;gap=13;k=2;q=1;s=15,24,false,26,0.050,18,2,64,0.101,18,2,false
dec-091,dec,d_b=8;m=3;gap=13;k=2;q=1;s=15,24,false,26,0.050,18,2,128,0.134,18,2,false
dec-091,dec,d_b=8;m=3;gap=13;k=2;q=1;s=15,24,false,26,0.050,18,2,256,0.182,18,2,false
dec-091,dec,d_b=8;m=3;gap=13;k=2;q=1;s=15,24,false,26,0.050,18,2,512,0.284,18,2,false
dec-091,dec,d_b=8;m=3;gap=13;k=2;q=1;s=15,24,false,26,0.050,18,2,1024,0.470,18,2,false
dec-091,dec,d_b=8;m=3;gap=13;k=2;q=1;s=15,24,false,26,0.050,18,2,2048,0.837,18,2,false
dec-091,dec,d_b=8;m=3;gap=13;k=2;q=1;s=15,24,false,26,0.050,18,2,4096,1.513,18,2,false
dec-091,dec,d_b=8;m=3;gap=13;k=2;q=1;s=15,24,false,26,0.050,18,2,8192,2.776,18,2,false
dec-091,dec,d_b=8;m=3;gap=13;k=2;q=1;s=15,24,false,26,0.050,18,2,16384,5.068,18,2,false
dec-091,dec,d_b=8;m=3;gap=13;k=2;q=1;s=15,24,false,26,0.050,18,2,32768,9.263,18,2,false
dec-091,dec,d_b=8;m=3;gap=13;k=2;q=1;s=15,24,false,26,0.050,18,2,65536,17.426,18,2,true
dec-091,dec,d_b=8;m=3;gap=13;k=2;q=1;s=15,24,false,26,0.050,18,2,131072,33.743,18,2,true
dec-091,dec,d_b=8;m=3;gap=13;k=2;q=1;s=15,24,false,26,0.050,18,2,262144,64.340,18,2,true
mixed-030-1,mixed,seed=0xdcc5e958760a06dd;cycles=8;planted=2;d_b=12;m=2;gap=6;k=4,810663,false,84815,0.272,44,12,1,0.117,58,48,false
mixed-030-1,mixed,seed=0xdcc5e958760a06dd;cycles=8;planted=2;d_b=12;m=2;gap=6;k=4,810663,false,84815,0.272,44,12,2,0.134,58,48,false
mixed-030-1,mixed,seed=0xdcc5e958760a06dd;cycles=8;planted=2;d_b=12;m=2;gap=6;k=4,810663,false,84815,0.272,44,12,4,0.131,58,48,false
mixed-030-1,mixed,seed=0xdcc5e958760a06dd;cycles=8;planted=2;d_b=12;m=2;gap=6;k=4,810663,false,84815,0.272,44,12,8,0.201,58,48,false
mixed-030-1,mixed,seed=0xdcc5e958760a06dd;cycles=8;planted=2;d_b=12;m=2;gap=6;k=4,810663,false,84815,0.272,44,12,16,0.303,58,48,false
mixed-030-1,mixed,seed=0xdcc5e958760a06dd;cycles=8;planted=2;d_b=12;m=2;gap=6;k=4,810663,false,84815,0.272,44,12,32,0.561,58,48,false
mixed-030-1,mixed,seed=0xdcc5e958760a06dd;cycles=8;planted=2;d_b=12;m=2;gap=6;k=4,810663,false,84815,0.272,44,12,64,1.017,58,48,false
mixed-030-1,mixed,seed=0xdcc5e958760a06dd;cycles=8;planted=2;d_b=12;m=2;gap=6;k=4,810663,false,84815,0.272,44,12,128,1.965,58,48,false
mixed-030-1,mixed,seed=0xdcc5e958760a06dd;cycles=8;planted=2;d_b=12;m=2;gap=6;k=4,810663,false,84815,0.272,44,12,256,3.829,58,48,false
mixed-030-1,mixed,seed=0xdcc5e958760a06dd;cycles=8;planted=2;d_b=12;m=2;gap=6;k=4,810663,false,84815,0.272,44,12,512,7.171,58,48,false
mixed-030-1,mixed,seed=0xdcc5e958760a06dd;cycles=8;planted=2;d_b=12;m=2;gap=6;k=4,810663,false,84815,0.272,44,12,1024,13.903,51,30,false
mixed-030-1,mixed,seed=0xdcc5e958760a06dd;cycles=8;planted=2;d_b=12;m=2;gap=6;k=4,810663,false,84815,0.272,44,12,2048,27.791,44,12,false
mixed-030-1,mixed,seed=0xdcc5e958760a06dd;cycles=8;planted=2;d_b=12;m=2;gap=6;k=4,810663,false,84815,0.272,44,12,4096,56.151,44,12,false
mixed-030-1,mixed,seed=0xdcc5e958760a06dd;cycles=8;planted=2;d_b=12;m=2;gap=6;k=4,810663,false,84815,0.272,44,12,8192,115.982,44,12,false
mixed-030-1,mixed,seed=0xdcc5e958760a06dd;cycles=8;planted=2;d_b=12;m=2;gap=6;k=4,810663,false,84815,0.272,44,12,16384,234.718,44,12,false
mixed-030-1,mixed,seed=0xdcc5e958760a06dd;cycles=8;planted=2;d_b=12;m=2;gap=6;k=4,810663,false,84815,0.272,44,12,32768,472.190,44,12,false
mixed-030-1,mixed,seed=0xdcc5e958760a06dd;cycles=8;planted=2;d_b=12;m=2;gap=6;k=4,810663,false,84815,0.272,44,12,65536,956.256,44,12,false
mixed-030-1,mixed,seed=0xdcc5e958760a06dd;cycles=8;planted=2;d_b=12;m=2;gap=6;k=4,810663,false,84815,0.272,44,12,131072,1982.616,44,12,false
mixed-030-1,mixed,seed=0xdcc5e958760a06dd;cycles=8;planted=2;d_b=12;m=2;gap=6;k=4,810663,false,84815,0.272,44,12,262144,4325.668,44,12,false
dec-092,dec,d_b=8;m=3;gap=13;k=4;q=1;s=15,40,false,42,0.087,18,2,1,0.023,31,30,false
dec-092,dec,d_b=8;m=3;gap=13;k=4;q=1;s=15,40,false,42,0.087,18,2,2,0.028,31,30,false
dec-092,dec,d_b=8;m=3;gap=13;k=4;q=1;s=15,40,false,42,0.087,18,2,4,0.038,31,30,false
dec-092,dec,d_b=8;m=3;gap=13;k=4;q=1;s=15,40,false,42,0.087,18,2,8,0.077,18,2,false
dec-092,dec,d_b=8;m=3;gap=13;k=4;q=1;s=15,40,false,42,0.087,18,2,16,0.093,18,2,false
dec-092,dec,d_b=8;m=3;gap=13;k=4;q=1;s=15,40,false,42,0.087,18,2,32,0.097,18,2,false
dec-092,dec,d_b=8;m=3;gap=13;k=4;q=1;s=15,40,false,42,0.087,18,2,64,0.130,18,2,false
dec-092,dec,d_b=8;m=3;gap=13;k=4;q=1;s=15,40,false,42,0.087,18,2,128,0.140,18,2,false
dec-092,dec,d_b=8;m=3;gap=13;k=4;q=1;s=15,40,false,42,0.087,18,2,256,0.203,18,2,false
dec-092,dec,d_b=8;m=3;gap=13;k=4;q=1;s=15,40,false,42,0.087,18,2,512,0.300,18,2,false
dec-092,dec,d_b=8;m=3;gap=13;k=4;q=1;s=15,40,false,42,0.087,18,2,1024,0.494,18,2,false
dec-092,dec,d_b=8;m=3;gap=13;k=4;q=1;s=15,40,false,42,0.087,18,2,2048,0.830,18,2,false
dec-092,dec,d_b=8;m=3;gap=13;k=4;q=1;s=15,40,false,42,0.087,18,2,4096,1.533,18,2,false
dec-092,dec,d_b=8;m=3;gap=13;k=4;q=1;s=15,40,false,42,0.087,18,2,8192,2.814,18,2,false
dec-092,dec,d_b=8;m=3;gap=13;k=4;q=1;s=15,40,false,42,0.087,18,2,16384,5.297,18,2,false
dec-092,dec,d_b=8;m=3;gap=13;k=4;q=1;s=15,40,false,42,0.087,18,2,32768,9.837,18,2,false
dec-092,dec,d_b=8;m=3;gap=13;k=4;q=1;s=15,40,false,42,0.087,18,2,65536,19.079,18,2,false
dec-092,dec,d_b=8;m=3;gap=13;k=4;q=1;s=15,40,false,42,0.087,18,2,131072,36.898,18,2,false
dec-092,dec,d_b=8;m=3;gap=13;k=4;q=1;s=15,40,false,42,0.087,18,2,262144,71.334,18,2,false
mixed-030-2,mixed,seed=0xe5e70e85e1278103;cycles=8;planted=2;d_b=12;m=2;gap=6;k=4,61,false,62,0.119,15,2,1,0.022,22,20,false
mixed-030-2,mixed,seed=0xe5e70e85e1278103;cycles=8;planted=2;d_b=12;m=2;gap=6;k=4,61,false,62,0.119,15,2,2,0.024,22,20,false
mixed-030-2,mixed,seed=0xe5e70e85e1278103;cycles=8;planted=2;d_b=12;m=2;gap=6;k=4,61,false,62,0.119,15,2,4,0.031,22,20,false
mixed-030-2,mixed,seed=0xe5e70e85e1278103;cycles=8;planted=2;d_b=12;m=2;gap=6;k=4,61,false,62,0.119,15,2,8,0.048,22,20,false
mixed-030-2,mixed,seed=0xe5e70e85e1278103;cycles=8;planted=2;d_b=12;m=2;gap=6;k=4,61,false,62,0.119,15,2,16,0.055,22,20,false
mixed-030-2,mixed,seed=0xe5e70e85e1278103;cycles=8;planted=2;d_b=12;m=2;gap=6;k=4,61,false,62,0.119,15,2,32,0.078,22,20,false
mixed-030-2,mixed,seed=0xe5e70e85e1278103;cycles=8;planted=2;d_b=12;m=2;gap=6;k=4,61,false,62,0.119,15,2,64,0.096,22,20,false
mixed-030-2,mixed,seed=0xe5e70e85e1278103;cycles=8;planted=2;d_b=12;m=2;gap=6;k=4,61,false,62,0.119,15,2,128,0.146,22,20,false
mixed-030-2,mixed,seed=0xe5e70e85e1278103;cycles=8;planted=2;d_b=12;m=2;gap=6;k=4,61,false,62,0.119,15,2,256,0.244,15,2,false
mixed-030-2,mixed,seed=0xe5e70e85e1278103;cycles=8;planted=2;d_b=12;m=2;gap=6;k=4,61,false,62,0.119,15,2,512,0.405,15,2,false
mixed-030-2,mixed,seed=0xe5e70e85e1278103;cycles=8;planted=2;d_b=12;m=2;gap=6;k=4,61,false,62,0.119,15,2,1024,0.723,15,2,false
mixed-030-2,mixed,seed=0xe5e70e85e1278103;cycles=8;planted=2;d_b=12;m=2;gap=6;k=4,61,false,62,0.119,15,2,2048,1.297,15,2,false
mixed-030-2,mixed,seed=0xe5e70e85e1278103;cycles=8;planted=2;d_b=12;m=2;gap=6;k=4,61,false,62,0.119,15,2,4096,2.438,15,2,false
mixed-030-2,mixed,seed=0xe5e70e85e1278103;cycles=8;planted=2;d_b=12;m=2;gap=6;k=4,61,false,62,0.119,15,2,8192,4.550,15,2,false
mixed-030-2,mixed,seed=0xe5e70e85e1278103;cycles=8;planted=2;d_b=12;m=2;gap=6;k=4,61,false,62,0.119,15,2,16384,8.687,15,2,false
mixed-030-2,mixed,seed=0xe5e70e85e1278103;cycles=8;planted=2;d_b=12;m=2;gap=6;k=4,61,false,62,0.119,15,2,32768,16.726,15,2,false
mixed-030-2,mixed,seed=0xe5e70e85e1278103;cycles=8;planted=2;d_b=12;m=2;gap=6;k=4,61,false,62,0.119,15,2,65536,32.886,15,2,false
mixed-030-2,mixed,seed=0xe5e70e85e1278103;cycles=8;planted=2;d_b=12;m=2;gap=6;k=4,61,false,62,0.119,15,2,131072,64.236,15,2,false
mixed-030-2,mixed,seed=0xe5e70e85e1278103;cycles=8;planted=2;d_b=12;m=2;gap=6;k=4,61,false,62,0.119,15,2,262144,128.532,15,2,false
dec-093,dec,d_b=8;m=5;gap=1;k=1;q=3;s=17,16,false,18,0.071,34,2,1,0.024,35,34,false
dec-093,dec,d_b=8;m=5;gap=1;k=1;q=3;s=17,16,false,18,0.071,34,2,2,0.029,35,34,false
dec-093,dec,d_b=8;m=5;gap=1;k=1;q=3;s=17,16,false,18,0.071,34,2,4,0.035,35,34,false
dec-093,dec,d_b=8;m=5;gap=1;k=1;q=3;s=17,16,false,18,0.071,34,2,8,0.043,35,34,false
dec-093,dec,d_b=8;m=5;gap=1;k=1;q=3;s=17,16,false,18,0.071,34,2,16,0.051,35,34,false
dec-093,dec,d_b=8;m=5;gap=1;k=1;q=3;s=17,16,false,18,0.071,34,2,32,0.061,35,34,false
dec-093,dec,d_b=8;m=5;gap=1;k=1;q=3;s=17,16,false,18,0.071,34,2,64,0.093,34,2,false
dec-093,dec,d_b=8;m=5;gap=1;k=1;q=3;s=17,16,false,18,0.071,34,2,128,0.128,34,2,false
dec-093,dec,d_b=8;m=5;gap=1;k=1;q=3;s=17,16,false,18,0.071,34,2,256,0.192,34,2,false
dec-093,dec,d_b=8;m=5;gap=1;k=1;q=3;s=17,16,false,18,0.071,34,2,512,0.282,34,2,false
dec-093,dec,d_b=8;m=5;gap=1;k=1;q=3;s=17,16,false,18,0.071,34,2,1024,0.466,34,2,false
dec-093,dec,d_b=8;m=5;gap=1;k=1;q=3;s=17,16,false,18,0.071,34,2,2048,0.798,34,2,true
dec-093,dec,d_b=8;m=5;gap=1;k=1;q=3;s=17,16,false,18,0.071,34,2,4096,1.436,34,2,true
dec-093,dec,d_b=8;m=5;gap=1;k=1;q=3;s=17,16,false,18,0.071,34,2,8192,2.590,34,2,true
dec-093,dec,d_b=8;m=5;gap=1;k=1;q=3;s=17,16,false,18,0.071,34,2,16384,4.599,34,2,true
dec-093,dec,d_b=8;m=5;gap=1;k=1;q=3;s=17,16,false,18,0.071,34,2,32768,8.536,34,2,true
dec-093,dec,d_b=8;m=5;gap=1;k=1;q=3;s=17,16,false,18,0.071,34,2,65536,16.267,34,2,true
dec-093,dec,d_b=8;m=5;gap=1;k=1;q=3;s=17,16,false,18,0.071,34,2,131072,30.955,34,2,true
dec-093,dec,d_b=8;m=5;gap=1;k=1;q=3;s=17,16,false,18,0.071,34,2,262144,59.725,34,2,true
mixed-031-0,mixed,seed=0x7b03a46173a7c4d1;cycles=8;planted=2;d_b=16;m=5;gap=2;k=1,1501077,false,152205,0.356,139,8,1,0.088,145,140,false
mixed-031-0,mixed,seed=0x7b03a46173a7c4d1;cycles=8;planted=2;d_b=16;m=5;gap=2;k=1,1501077,false,152205,0.356,139,8,2,0.082,145,140,false
mixed-031-0,mixed,seed=0x7b03a46173a7c4d1;cycles=8;planted=2;d_b=16;m=5;gap=2;k=1,1501077,false,152205,0.356,139,8,4,0.096,145,140,false
mixed-031-0,mixed,seed=0x7b03a46173a7c4d1;cycles=8;planted=2;d_b=16;m=5;gap=2;k=1,1501077,false,152205,0.356,139,8,8,0.129,145,140,false
mixed-031-0,mixed,seed=0x7b03a46173a7c4d1;cycles=8;planted=2;d_b=16;m=5;gap=2;k=1,1501077,false,152205,0.356,139,8,16,0.170,145,140,false
mixed-031-0,mixed,seed=0x7b03a46173a7c4d1;cycles=8;planted=2;d_b=16;m=5;gap=2;k=1,1501077,false,152205,0.356,139,8,32,0.278,145,140,false
mixed-031-0,mixed,seed=0x7b03a46173a7c4d1;cycles=8;planted=2;d_b=16;m=5;gap=2;k=1,1501077,false,152205,0.356,139,8,64,0.474,145,140,false
mixed-031-0,mixed,seed=0x7b03a46173a7c4d1;cycles=8;planted=2;d_b=16;m=5;gap=2;k=1,1501077,false,152205,0.356,139,8,128,0.669,145,140,false
mixed-031-0,mixed,seed=0x7b03a46173a7c4d1;cycles=8;planted=2;d_b=16;m=5;gap=2;k=1,1501077,false,152205,0.356,139,8,256,1.073,145,140,false
mixed-031-0,mixed,seed=0x7b03a46173a7c4d1;cycles=8;planted=2;d_b=16;m=5;gap=2;k=1,1501077,false,152205,0.356,139,8,512,1.710,145,140,false
mixed-031-0,mixed,seed=0x7b03a46173a7c4d1;cycles=8;planted=2;d_b=16;m=5;gap=2;k=1,1501077,false,152205,0.356,139,8,1024,3.011,145,140,false
mixed-031-0,mixed,seed=0x7b03a46173a7c4d1;cycles=8;planted=2;d_b=16;m=5;gap=2;k=1,1501077,false,152205,0.356,139,8,2048,6.397,145,140,false
mixed-031-0,mixed,seed=0x7b03a46173a7c4d1;cycles=8;planted=2;d_b=16;m=5;gap=2;k=1,1501077,false,152205,0.356,139,8,4096,13.646,145,140,false
mixed-031-0,mixed,seed=0x7b03a46173a7c4d1;cycles=8;planted=2;d_b=16;m=5;gap=2;k=1,1501077,false,152205,0.356,139,8,8192,29.836,142,74,false
mixed-031-0,mixed,seed=0x7b03a46173a7c4d1;cycles=8;planted=2;d_b=16;m=5;gap=2;k=1,1501077,false,152205,0.356,139,8,16384,62.035,142,74,false
mixed-031-0,mixed,seed=0x7b03a46173a7c4d1;cycles=8;planted=2;d_b=16;m=5;gap=2;k=1,1501077,false,152205,0.356,139,8,32768,128.492,142,74,false
mixed-031-0,mixed,seed=0x7b03a46173a7c4d1;cycles=8;planted=2;d_b=16;m=5;gap=2;k=1,1501077,false,152205,0.356,139,8,65536,259.244,142,74,false
mixed-031-0,mixed,seed=0x7b03a46173a7c4d1;cycles=8;planted=2;d_b=16;m=5;gap=2;k=1,1501077,false,152205,0.356,139,8,131072,587.570,142,74,false
mixed-031-0,mixed,seed=0x7b03a46173a7c4d1;cycles=8;planted=2;d_b=16;m=5;gap=2;k=1,1501077,false,152205,0.356,139,8,262144,1275.482,142,74,false
dec-094,dec,d_b=8;m=5;gap=1;k=2;q=3;s=17,24,false,26,0.107,34,2,1,0.028,35,34,false
dec-094,dec,d_b=8;m=5;gap=1;k=2;q=3;s=17,24,false,26,0.107,34,2,2,0.030,35,34,false
dec-094,dec,d_b=8;m=5;gap=1;k=2;q=3;s=17,24,false,26,0.107,34,2,4,0.039,35,34,false
dec-094,dec,d_b=8;m=5;gap=1;k=2;q=3;s=17,24,false,26,0.107,34,2,8,0.040,35,34,false
dec-094,dec,d_b=8;m=5;gap=1;k=2;q=3;s=17,24,false,26,0.107,34,2,16,0.055,35,34,false
dec-094,dec,d_b=8;m=5;gap=1;k=2;q=3;s=17,24,false,26,0.107,34,2,32,0.071,35,34,false
dec-094,dec,d_b=8;m=5;gap=1;k=2;q=3;s=17,24,false,26,0.107,34,2,64,0.090,35,34,false
dec-094,dec,d_b=8;m=5;gap=1;k=2;q=3;s=17,24,false,26,0.107,34,2,128,0.117,35,34,false
dec-094,dec,d_b=8;m=5;gap=1;k=2;q=3;s=17,24,false,26,0.107,34,2,256,0.177,34,2,false
dec-094,dec,d_b=8;m=5;gap=1;k=2;q=3;s=17,24,false,26,0.107,34,2,512,0.273,34,2,false
dec-094,dec,d_b=8;m=5;gap=1;k=2;q=3;s=17,24,false,26,0.107,34,2,1024,0.455,34,2,false
dec-094,dec,d_b=8;m=5;gap=1;k=2;q=3;s=17,24,false,26,0.107,34,2,2048,0.777,34,2,false
dec-094,dec,d_b=8;m=5;gap=1;k=2;q=3;s=17,24,false,26,0.107,34,2,4096,1.447,34,2,false
dec-094,dec,d_b=8;m=5;gap=1;k=2;q=3;s=17,24,false,26,0.107,34,2,8192,2.563,34,2,false
dec-094,dec,d_b=8;m=5;gap=1;k=2;q=3;s=17,24,false,26,0.107,34,2,16384,4.772,34,2,false
dec-094,dec,d_b=8;m=5;gap=1;k=2;q=3;s=17,24,false,26,0.107,34,2,32768,8.750,34,2,false
dec-094,dec,d_b=8;m=5;gap=1;k=2;q=3;s=17,24,false,26,0.107,34,2,65536,16.907,34,2,false
dec-094,dec,d_b=8;m=5;gap=1;k=2;q=3;s=17,24,false,26,0.107,34,2,131072,31.973,34,2,false
dec-094,dec,d_b=8;m=5;gap=1;k=2;q=3;s=17,24,false,26,0.107,34,2,262144,63.224,34,2,false
mixed-031-1,mixed,seed=0x81d64a28ca8dd9c1;cycles=8;planted=2;d_b=16;m=5;gap=2;k=1,66,false,70,0.302,134,4,1,0.044,140,136,false
mixed-031-1,mixed,seed=0x81d64a28ca8dd9c1;cycles=8;planted=2;d_b=16;m=5;gap=2;k=1,66,false,70,0.302,134,4,2,0.046,140,136,false
mixed-031-1,mixed,seed=0x81d64a28ca8dd9c1;cycles=8;planted=2;d_b=16;m=5;gap=2;k=1,66,false,70,0.302,134,4,4,0.061,140,136,false
mixed-031-1,mixed,seed=0x81d64a28ca8dd9c1;cycles=8;planted=2;d_b=16;m=5;gap=2;k=1,66,false,70,0.302,134,4,8,0.083,140,136,false
mixed-031-1,mixed,seed=0x81d64a28ca8dd9c1;cycles=8;planted=2;d_b=16;m=5;gap=2;k=1,66,false,70,0.302,134,4,16,0.115,140,136,false
mixed-031-1,mixed,seed=0x81d64a28ca8dd9c1;cycles=8;planted=2;d_b=16;m=5;gap=2;k=1,66,false,70,0.302,134,4,32,0.162,140,136,false
mixed-031-1,mixed,seed=0x81d64a28ca8dd9c1;cycles=8;planted=2;d_b=16;m=5;gap=2;k=1,66,false,70,0.302,134,4,64,0.216,140,136,false
mixed-031-1,mixed,seed=0x81d64a28ca8dd9c1;cycles=8;planted=2;d_b=16;m=5;gap=2;k=1,66,false,70,0.302,134,4,128,0.386,140,136,false
mixed-031-1,mixed,seed=0x81d64a28ca8dd9c1;cycles=8;planted=2;d_b=16;m=5;gap=2;k=1,66,false,70,0.302,134,4,256,0.437,140,136,false
mixed-031-1,mixed,seed=0x81d64a28ca8dd9c1;cycles=8;planted=2;d_b=16;m=5;gap=2;k=1,66,false,70,0.302,134,4,512,0.707,140,136,false
mixed-031-1,mixed,seed=0x81d64a28ca8dd9c1;cycles=8;planted=2;d_b=16;m=5;gap=2;k=1,66,false,70,0.302,134,4,1024,1.109,140,136,false
mixed-031-1,mixed,seed=0x81d64a28ca8dd9c1;cycles=8;planted=2;d_b=16;m=5;gap=2;k=1,66,false,70,0.302,134,4,2048,2.249,140,136,false
mixed-031-1,mixed,seed=0x81d64a28ca8dd9c1;cycles=8;planted=2;d_b=16;m=5;gap=2;k=1,66,false,70,0.302,134,4,4096,3.501,134,4,false
mixed-031-1,mixed,seed=0x81d64a28ca8dd9c1;cycles=8;planted=2;d_b=16;m=5;gap=2;k=1,66,false,70,0.302,134,4,8192,6.377,134,4,false
mixed-031-1,mixed,seed=0x81d64a28ca8dd9c1;cycles=8;planted=2;d_b=16;m=5;gap=2;k=1,66,false,70,0.302,134,4,16384,11.298,134,4,false
mixed-031-1,mixed,seed=0x81d64a28ca8dd9c1;cycles=8;planted=2;d_b=16;m=5;gap=2;k=1,66,false,70,0.302,134,4,32768,20.696,134,4,false
mixed-031-1,mixed,seed=0x81d64a28ca8dd9c1;cycles=8;planted=2;d_b=16;m=5;gap=2;k=1,66,false,70,0.302,134,4,65536,39.725,134,4,false
mixed-031-1,mixed,seed=0x81d64a28ca8dd9c1;cycles=8;planted=2;d_b=16;m=5;gap=2;k=1,66,false,70,0.302,134,4,131072,73.899,134,4,false
mixed-031-1,mixed,seed=0x81d64a28ca8dd9c1;cycles=8;planted=2;d_b=16;m=5;gap=2;k=1,66,false,70,0.302,134,4,262144,142.175,134,4,false
dec-095,dec,d_b=8;m=5;gap=1;k=4;q=3;s=17,40,false,42,0.173,34,2,1,0.025,35,34,false
dec-095,dec,d_b=8;m=5;gap=1;k=4;q=3;s=17,40,false,42,0.173,34,2,2,0.032,35,34,false
dec-095,dec,d_b=8;m=5;gap=1;k=4;q=3;s=17,40,false,42,0.173,34,2,4,0.043,35,34,false
dec-095,dec,d_b=8;m=5;gap=1;k=4;q=3;s=17,40,false,42,0.173,34,2,8,0.058,35,34,false
dec-095,dec,d_b=8;m=5;gap=1;k=4;q=3;s=17,40,false,42,0.173,34,2,16,0.066,35,34,false
dec-095,dec,d_b=8;m=5;gap=1;k=4;q=3;s=17,40,false,42,0.173,34,2,32,0.096,35,34,false
dec-095,dec,d_b=8;m=5;gap=1;k=4;q=3;s=17,40,false,42,0.173,34,2,64,0.103,35,34,false
dec-095,dec,d_b=8;m=5;gap=1;k=4;q=3;s=17,40,false,42,0.173,34,2,128,0.200,35,34,false
dec-095,dec,d_b=8;m=5;gap=1;k=4;q=3;s=17,40,false,42,0.173,34,2,256,0.219,35,34,false
dec-095,dec,d_b=8;m=5;gap=1;k=4;q=3;s=17,40,false,42,0.173,34,2,512,0.337,35,34,false
dec-095,dec,d_b=8;m=5;gap=1;k=4;q=3;s=17,40,false,42,0.173,34,2,1024,0.498,35,34,false
dec-095,dec,d_b=8;m=5;gap=1;k=4;q=3;s=17,40,false,42,0.173,34,2,2048,0.902,34,2,false
dec-095,dec,d_b=8;m=5;gap=1;k=4;q=3;s=17,40,false,42,0.173,34,2,4096,1.508,34,2,false
dec-095,dec,d_b=8;m=5;gap=1;k=4;q=3;s=17,40,false,42,0.173,34,2,8192,2.834,34,2,false
dec-095,dec,d_b=8;m=5;gap=1;k=4;q=3;s=17,40,false,42,0.173,34,2,16384,5.249,34,2,false
dec-095,dec,d_b=8;m=5;gap=1;k=4;q=3;s=17,40,false,42,0.173,34,2,32768,9.744,34,2,false
dec-095,dec,d_b=8;m=5;gap=1;k=4;q=3;s=17,40,false,42,0.173,34,2,65536,18.781,34,2,false
dec-095,dec,d_b=8;m=5;gap=1;k=4;q=3;s=17,40,false,42,0.173,34,2,131072,36.293,34,2,false
dec-095,dec,d_b=8;m=5;gap=1;k=4;q=3;s=17,40,false,42,0.173,34,2,262144,70.507,34,2,false
mixed-031-2,mixed,seed=0x5e36d17445fb1a34;cycles=8;planted=2;d_b=16;m=5;gap=2;k=1,2187670,false,210242,0.403,138,8,1,0.150,144,140,false
mixed-031-2,mixed,seed=0x5e36d17445fb1a34;cycles=8;planted=2;d_b=16;m=5;gap=2;k=1,2187670,false,210242,0.403,138,8,2,0.148,144,140,false
mixed-031-2,mixed,seed=0x5e36d17445fb1a34;cycles=8;planted=2;d_b=16;m=5;gap=2;k=1,2187670,false,210242,0.403,138,8,4,0.183,144,140,false
mixed-031-2,mixed,seed=0x5e36d17445fb1a34;cycles=8;planted=2;d_b=16;m=5;gap=2;k=1,2187670,false,210242,0.403,138,8,8,0.230,144,140,false
mixed-031-2,mixed,seed=0x5e36d17445fb1a34;cycles=8;planted=2;d_b=16;m=5;gap=2;k=1,2187670,false,210242,0.403,138,8,16,0.328,144,140,false
mixed-031-2,mixed,seed=0x5e36d17445fb1a34;cycles=8;planted=2;d_b=16;m=5;gap=2;k=1,2187670,false,210242,0.403,138,8,32,0.449,144,140,false
mixed-031-2,mixed,seed=0x5e36d17445fb1a34;cycles=8;planted=2;d_b=16;m=5;gap=2;k=1,2187670,false,210242,0.403,138,8,64,0.715,144,140,false
mixed-031-2,mixed,seed=0x5e36d17445fb1a34;cycles=8;planted=2;d_b=16;m=5;gap=2;k=1,2187670,false,210242,0.403,138,8,128,1.695,144,140,false
mixed-031-2,mixed,seed=0x5e36d17445fb1a34;cycles=8;planted=2;d_b=16;m=5;gap=2;k=1,2187670,false,210242,0.403,138,8,256,2.419,144,140,false
mixed-031-2,mixed,seed=0x5e36d17445fb1a34;cycles=8;planted=2;d_b=16;m=5;gap=2;k=1,2187670,false,210242,0.403,138,8,512,4.105,144,140,false
mixed-031-2,mixed,seed=0x5e36d17445fb1a34;cycles=8;planted=2;d_b=16;m=5;gap=2;k=1,2187670,false,210242,0.403,138,8,1024,7.764,144,140,false
mixed-031-2,mixed,seed=0x5e36d17445fb1a34;cycles=8;planted=2;d_b=16;m=5;gap=2;k=1,2187670,false,210242,0.403,138,8,2048,15.679,144,140,false
mixed-031-2,mixed,seed=0x5e36d17445fb1a34;cycles=8;planted=2;d_b=16;m=5;gap=2;k=1,2187670,false,210242,0.403,138,8,4096,31.412,144,140,false
mixed-031-2,mixed,seed=0x5e36d17445fb1a34;cycles=8;planted=2;d_b=16;m=5;gap=2;k=1,2187670,false,210242,0.403,138,8,8192,61.722,144,140,false
mixed-031-2,mixed,seed=0x5e36d17445fb1a34;cycles=8;planted=2;d_b=16;m=5;gap=2;k=1,2187670,false,210242,0.403,138,8,16384,124.911,144,140,false
mixed-031-2,mixed,seed=0x5e36d17445fb1a34;cycles=8;planted=2;d_b=16;m=5;gap=2;k=1,2187670,false,210242,0.403,138,8,32768,243.744,144,140,false
mixed-031-2,mixed,seed=0x5e36d17445fb1a34;cycles=8;planted=2;d_b=16;m=5;gap=2;k=1,2187670,false,210242,0.403,138,8,65536,493.210,144,140,false
mixed-031-2,mixed,seed=0x5e36d17445fb1a34;cycles=8;planted=2;d_b=16;m=5;gap=2;k=1,2187670,false,210242,0.403,138,8,131072,988.594,138,8,false
mixed-031-2,mixed,seed=0x5e36d17445fb1a34;cycles=8;planted=2;d_b=16;m=5;gap=2;k=1,2187670,false,210242,0.403,138,8,262144,2409.231,138,8,false
dec-096,dec,d_b=8;m=5;gap=3;k=1;q=3;s=18,16,false,18,0.081,34,2,1,0.023,37,36,false
dec-096,dec,d_b=8;m=5;gap=3;k=1;q=3;s=18,16,false,18,0.081,34,2,2,0.031,37,36,false
dec-096,dec,d_b=8;m=5;gap=3;k=1;q=3;s=18,16,false,18,0.081,34,2,4,0.031,37,36,false
dec-096,dec,d_b=8;m=5;gap=3;k=1;q=3;s=18,16,false,18,0.081,34,2,8,0.039,37,36,false
dec-096,dec,d_b=8;m=5;gap=3;k=1;q=3;s=18,16,false,18,0.081,34,2,16,0.052,37,36,false
dec-096,dec,d_b=8;m=5;gap=3;k=1;q=3;s=18,16,false,18,0.081,34,2,32,0.063,37,36,false
dec-096,dec,d_b=8;m=5;gap=3;k=1;q=3;s=18,16,false,18,0.081,34,2,64,0.093,34,2,false
dec-096,dec,d_b=8;m=5;gap=3;k=1;q=3;s=18,16,false,18,0.081,34,2,128,0.148,34,2,false
dec-096,dec,d_b=8;m=5;gap=3;k=1;q=3;s=18,16,false,18,0.081,34,2,256,0.192,34,2,false
dec-096,dec,d_b=8;m=5;gap=3;k=1;q=3;s=18,16,false,18,0.081,34,2,512,0.297,34,2,false
dec-096,dec,d_b=8;m=5;gap=3;k=1;q=3;s=18,16,false,18,0.081,34,2,1024,0.472,34,2,false
dec-096,dec,d_b=8;m=5;gap=3;k=1;q=3;s=18,16,false,18,0.081,34,2,2048,1.495,34,2,true
dec-096,dec,d_b=8;m=5;gap=3;k=1;q=3;s=18,16,false,18,0.081,34,2,4096,1.511,34,2,true
dec-096,dec,d_b=8;m=5;gap=3;k=1;q=3;s=18,16,false,18,0.081,34,2,8192,2.887,34,2,true
dec-096,dec,d_b=8;m=5;gap=3;k=1;q=3;s=18,16,false,18,0.081,34,2,16384,4.668,34,2,true
dec-096,dec,d_b=8;m=5;gap=3;k=1;q=3;s=18,16,false,18,0.081,34,2,32768,9.448,34,2,true
dec-096,dec,d_b=8;m=5;gap=3;k=1;q=3;s=18,16,false,18,0.081,34,2,65536,17.743,34,2,true
dec-096,dec,d_b=8;m=5;gap=3;k=1;q=3;s=18,16,false,18,0.081,34,2,131072,33.888,34,2,true
dec-096,dec,d_b=8;m=5;gap=3;k=1;q=3;s=18,16,false,18,0.081,34,2,262144,64.708,34,2,true
mixed-032-0,mixed,seed=0x386d639a1a9f5d15;cycles=8;planted=3;d_b=4;m=2;gap=1;k=2,1327463,false,132979,0.171,29,12,1,0.135,32,24,false
mixed-032-0,mixed,seed=0x386d639a1a9f5d15;cycles=8;planted=3;d_b=4;m=2;gap=1;k=2,1327463,false,132979,0.171,29,12,2,0.143,32,24,false
mixed-032-0,mixed,seed=0x386d639a1a9f5d15;cycles=8;planted=3;d_b=4;m=2;gap=1;k=2,1327463,false,132979,0.171,29,12,4,0.184,32,24,false
mixed-032-0,mixed,seed=0x386d639a1a9f5d15;cycles=8;planted=3;d_b=4;m=2;gap=1;k=2,1327463,false,132979,0.171,29,12,8,0.260,32,24,false
mixed-032-0,mixed,seed=0x386d639a1a9f5d15;cycles=8;planted=3;d_b=4;m=2;gap=1;k=2,1327463,false,132979,0.171,29,12,16,0.337,32,24,false
mixed-032-0,mixed,seed=0x386d639a1a9f5d15;cycles=8;planted=3;d_b=4;m=2;gap=1;k=2,1327463,false,132979,0.171,29,12,32,0.544,32,24,false
mixed-032-0,mixed,seed=0x386d639a1a9f5d15;cycles=8;planted=3;d_b=4;m=2;gap=1;k=2,1327463,false,132979,0.171,29,12,64,0.978,32,24,false
mixed-032-0,mixed,seed=0x386d639a1a9f5d15;cycles=8;planted=3;d_b=4;m=2;gap=1;k=2,1327463,false,132979,0.171,29,12,128,1.446,32,24,false
mixed-032-0,mixed,seed=0x386d639a1a9f5d15;cycles=8;planted=3;d_b=4;m=2;gap=1;k=2,1327463,false,132979,0.171,29,12,256,2.156,32,24,false
mixed-032-0,mixed,seed=0x386d639a1a9f5d15;cycles=8;planted=3;d_b=4;m=2;gap=1;k=2,1327463,false,132979,0.171,29,12,512,3.519,30,16,false
mixed-032-0,mixed,seed=0x386d639a1a9f5d15;cycles=8;planted=3;d_b=4;m=2;gap=1;k=2,1327463,false,132979,0.171,29,12,1024,6.244,29,12,false
mixed-032-0,mixed,seed=0x386d639a1a9f5d15;cycles=8;planted=3;d_b=4;m=2;gap=1;k=2,1327463,false,132979,0.171,29,12,2048,11.752,29,12,false
mixed-032-0,mixed,seed=0x386d639a1a9f5d15;cycles=8;planted=3;d_b=4;m=2;gap=1;k=2,1327463,false,132979,0.171,29,12,4096,23.079,29,12,false
mixed-032-0,mixed,seed=0x386d639a1a9f5d15;cycles=8;planted=3;d_b=4;m=2;gap=1;k=2,1327463,false,132979,0.171,29,12,8192,45.526,29,12,false
mixed-032-0,mixed,seed=0x386d639a1a9f5d15;cycles=8;planted=3;d_b=4;m=2;gap=1;k=2,1327463,false,132979,0.171,29,12,16384,92.125,29,12,false
mixed-032-0,mixed,seed=0x386d639a1a9f5d15;cycles=8;planted=3;d_b=4;m=2;gap=1;k=2,1327463,false,132979,0.171,29,12,32768,159.328,29,12,false
mixed-032-0,mixed,seed=0x386d639a1a9f5d15;cycles=8;planted=3;d_b=4;m=2;gap=1;k=2,1327463,false,132979,0.171,29,12,65536,275.606,29,12,false
mixed-032-0,mixed,seed=0x386d639a1a9f5d15;cycles=8;planted=3;d_b=4;m=2;gap=1;k=2,1327463,false,132979,0.171,29,12,131072,680.819,29,12,false
mixed-032-0,mixed,seed=0x386d639a1a9f5d15;cycles=8;planted=3;d_b=4;m=2;gap=1;k=2,1327463,false,132979,0.171,29,12,262144,1293.511,29,12,false
dec-097,dec,d_b=8;m=5;gap=3;k=2;q=3;s=18,24,false,26,0.110,34,2,1,0.022,37,36,false
dec-097,dec,d_b=8;m=5;gap=3;k=2;q=3;s=18,24,false,26,0.110,34,2,2,0.030,37,36,false
dec-097,dec,d_b=8;m=5;gap=3;k=2;q=3;s=18,24,false,26,0.110,34,2,4,0.041,37,36,false
dec-097,dec,d_b=8;m=5;gap=3;k=2;q=3;s=18,24,false,26,0.110,34,2,8,0.040,37,36,false
dec-097,dec,d_b=8;m=5;gap=3;k=2;q=3;s=18,24,false,26,0.110,34,2,16,0.058,37,36,false
dec-097,dec,d_b=8;m=5;gap=3;k=2;q=3;s=18,24,false,26,0.110,34,2,32,0.073,37,36,false
dec-097,dec,d_b=8;m=5;gap=3;k=2;q=3;s=18,24,false,26,0.110,34,2,64,0.093,37,36,false
dec-097,dec,d_b=8;m=5;gap=3;k=2;q=3;s=18,24,false,26,0.110,34,2,128,0.120,37,36,false
dec-097,dec,d_b=8;m=5;gap=3;k=2;q=3;s=18,24,false,26,0.110,34,2,256,0.180,34,2,false
dec-097,dec,d_b=8;m=5;gap=3;k=2;q=3;s=18,24,false,26,0.110,34,2,512,0.277,34,2,false
dec-097,dec,d_b=8;m=5;gap=3;k=2;q=3;s=18,24,false,26,0.110,34,2,1024,0.466,34,2,false
dec-097,dec,d_b=8;m=5;gap=3;k=2;q=3;s=18,24,false,26,0.110,34,2,2048,0.800,34,2,false
dec-097,dec,d_b=8;m=5;gap=3;k=2;q=3;s=18,24,false,26,0.110,34,2,4096,1.433,34,2,false
dec-097,dec,d_b=8;m=5;gap=3;k=2;q=3;s=18,24,false,26,0.110,34,2,8192,2.602,34,2,false
dec-097,dec,d_b=8;m=5;gap=3;k=2;q=3;s=18,24,false,26,0.110,34,2,16384,4.793,34,2,false
dec-097,dec,d_b=8;m=5;gap=3;k=2;q=3;s=18,24,false,26,0.110,34,2,32768,8.859,34,2,false
dec-097,dec,d_b=8;m=5;gap=3;k=2;q=3;s=18,24,false,26,0.110,34,2,65536,16.619,34,2,false
dec-097,dec,d_b=8;m=5;gap=3;k=2;q=3;s=18,24,false,26,0.110,34,2,131072,32.968,34,2,false
dec-097,dec,d_b=8;m=5;gap=3;k=2;q=3;s=18,24,false,26,0.110,34,2,262144,62.677,34,2,false
mixed-032-1,mixed,seed=0x61f2e8b302ff90ca;cycles=8;planted=3;d_b=4;m=2;gap=1;k=2,13,false,14,0.036,7,2,1,0.014,8,6,false
mixed-032-1,mixed,seed=0x61f2e8b302ff90ca;cycles=8;planted=3;d_b=4;m=2;gap=1;k=2,13,false,14,0.036,7,2,2,0.013,8,6,false
mixed-032-1,mixed,seed=0x61f2e8b302ff90ca;cycles=8;planted=3;d_b=4;m=2;gap=1;k=2,13,false,14,0.036,7,2,4,0.019,8,6,false
mixed-032-1,mixed,seed=0x61f2e8b302ff90ca;cycles=8;planted=3;d_b=4;m=2;gap=1;k=2,13,false,14,0.036,7,2,8,0.023,8,6,false
mixed-032-1,mixed,seed=0x61f2e8b302ff90ca;cycles=8;planted=3;d_b=4;m=2;gap=1;k=2,13,false,14,0.036,7,2,16,0.036,7,2,false
mixed-032-1,mixed,seed=0x61f2e8b302ff90ca;cycles=8;planted=3;d_b=4;m=2;gap=1;k=2,13,false,14,0.036,7,2,32,0.049,7,2,false
mixed-032-1,mixed,seed=0x61f2e8b302ff90ca;cycles=8;planted=3;d_b=4;m=2;gap=1;k=2,13,false,14,0.036,7,2,64,0.068,7,2,false
mixed-032-1,mixed,seed=0x61f2e8b302ff90ca;cycles=8;planted=3;d_b=4;m=2;gap=1;k=2,13,false,14,0.036,7,2,128,0.107,7,2,false
mixed-032-1,mixed,seed=0x61f2e8b302ff90ca;cycles=8;planted=3;d_b=4;m=2;gap=1;k=2,13,false,14,0.036,7,2,256,0.188,7,2,true
mixed-032-1,mixed,seed=0x61f2e8b302ff90ca;cycles=8;planted=3;d_b=4;m=2;gap=1;k=2,13,false,14,0.036,7,2,512,0.342,7,2,true
mixed-032-1,mixed,seed=0x61f2e8b302ff90ca;cycles=8;planted=3;d_b=4;m=2;gap=1;k=2,13,false,14,0.036,7,2,1024,0.615,7,2,true
mixed-032-1,mixed,seed=0x61f2e8b302ff90ca;cycles=8;planted=3;d_b=4;m=2;gap=1;k=2,13,false,14,0.036,7,2,2048,1.170,7,2,true
mixed-032-1,mixed,seed=0x61f2e8b302ff90ca;cycles=8;planted=3;d_b=4;m=2;gap=1;k=2,13,false,14,0.036,7,2,4096,2.245,7,2,true
mixed-032-1,mixed,seed=0x61f2e8b302ff90ca;cycles=8;planted=3;d_b=4;m=2;gap=1;k=2,13,false,14,0.036,7,2,8192,4.328,7,2,true
mixed-032-1,mixed,seed=0x61f2e8b302ff90ca;cycles=8;planted=3;d_b=4;m=2;gap=1;k=2,13,false,14,0.036,7,2,16384,8.243,7,2,true
mixed-032-1,mixed,seed=0x61f2e8b302ff90ca;cycles=8;planted=3;d_b=4;m=2;gap=1;k=2,13,false,14,0.036,7,2,32768,25.405,7,2,true
mixed-032-1,mixed,seed=0x61f2e8b302ff90ca;cycles=8;planted=3;d_b=4;m=2;gap=1;k=2,13,false,14,0.036,7,2,65536,62.950,7,2,true
mixed-032-1,mixed,seed=0x61f2e8b302ff90ca;cycles=8;planted=3;d_b=4;m=2;gap=1;k=2,13,false,14,0.036,7,2,131072,139.494,7,2,true
mixed-032-1,mixed,seed=0x61f2e8b302ff90ca;cycles=8;planted=3;d_b=4;m=2;gap=1;k=2,13,false,14,0.036,7,2,262144,288.977,7,2,true
dec-098,dec,d_b=8;m=5;gap=3;k=4;q=3;s=18,40,false,42,0.173,34,2,1,0.028,37,36,false
dec-098,dec,d_b=8;m=5;gap=3;k=4;q=3;s=18,40,false,42,0.173,34,2,2,0.030,37,36,false
dec-098,dec,d_b=8;m=5;gap=3;k=4;q=3;s=18,40,false,42,0.173,34,2,4,0.043,37,36,false
dec-098,dec,d_b=8;m=5;gap=3;k=4;q=3;s=18,40,false,42,0.173,34,2,8,0.055,37,36,false
dec-098,dec,d_b=8;m=5;gap=3;k=4;q=3;s=18,40,false,42,0.173,34,2,16,0.065,37,36,false
dec-098,dec,d_b=8;m=5;gap=3;k=4;q=3;s=18,40,false,42,0.173,34,2,32,0.092,37,36,false
dec-098,dec,d_b=8;m=5;gap=3;k=4;q=3;s=18,40,false,42,0.173,34,2,64,0.102,37,36,false
dec-098,dec,d_b=8;m=5;gap=3;k=4;q=3;s=18,40,false,42,0.173,34,2,128,0.138,37,36,false
dec-098,dec,d_b=8;m=5;gap=3;k=4;q=3;s=18,40,false,42,0.173,34,2,256,0.206,37,36,false
dec-098,dec,d_b=8;m=5;gap=3;k=4;q=3;s=18,40,false,42,0.173,34,2,512,0.302,37,36,false
dec-098,dec,d_b=8;m=5;gap=3;k=4;q=3;s=18,40,false,42,0.173,34,2,1024,0.487,37,36,false
dec-098,dec,d_b=8;m=5;gap=3;k=4;q=3;s=18,40,false,42,0.173,34,2,2048,0.853,34,2,false
dec-098,dec,d_b=8;m=5;gap=3;k=4;q=3;s=18,40,false,42,0.173,34,2,4096,1.508,34,2,false
dec-098,dec,d_b=8;m=5;gap=3;k=4;q=3;s=18,40,false,42,0.173,34,2,8192,2.788,34,2,false
dec-098,dec,d_b=8;m=5;gap=3;k=4;q=3;s=18,40,false,42,0.173,34,2,16384,5.145,34,2,false
dec-098,dec,d_b=8;m=5;gap=3;k=4;q=3;s=18,40,false,42,0.173,34,2,32768,9.679,34,2,false
dec-098,dec,d_b=8;m=5;gap=3;k=4;q=3;s=18,40,false,42,0.173,34,2,65536,18.546,34,2,false
dec-098,dec,d_b=8;m=5;gap=3;k=4;q=3;s=18,40,false,42,0.173,34,2,131072,35.958,34,2,false
dec-098,dec,d_b=8;m=5;gap=3;k=4;q=3;s=18,40,false,42,0.173,34,2,262144,70.653,34,2,false
mixed-032-2,mixed,seed=0x99cae54220100e3f;cycles=8;planted=3;d_b=4;m=2;gap=1;k=2,810576,false,84755,0.163,30,10,1,0.113,33,22,false
mixed-032-2,mixed,seed=0x99cae54220100e3f;cycles=8;planted=3;d_b=4;m=2;gap=1;k=2,810576,false,84755,0.163,30,10,2,0.170,33,22,false
mixed-032-2,mixed,seed=0x99cae54220100e3f;cycles=8;planted=3;d_b=4;m=2;gap=1;k=2,810576,false,84755,0.163,30,10,4,0.203,33,22,false
mixed-032-2,mixed,seed=0x99cae54220100e3f;cycles=8;planted=3;d_b=4;m=2;gap=1;k=2,810576,false,84755,0.163,30,10,8,0.300,33,22,false
mixed-032-2,mixed,seed=0x99cae54220100e3f;cycles=8;planted=3;d_b=4;m=2;gap=1;k=2,810576,false,84755,0.163,30,10,16,0.493,33,22,false
mixed-032-2,mixed,seed=0x99cae54220100e3f;cycles=8;planted=3;d_b=4;m=2;gap=1;k=2,810576,false,84755,0.163,30,10,32,0.834,33,22,false
mixed-032-2,mixed,seed=0x99cae54220100e3f;cycles=8;planted=3;d_b=4;m=2;gap=1;k=2,810576,false,84755,0.163,30,10,64,1.647,30,10,false
mixed-032-2,mixed,seed=0x99cae54220100e3f;cycles=8;planted=3;d_b=4;m=2;gap=1;k=2,810576,false,84755,0.163,30,10,128,3.159,30,10,false
mixed-032-2,mixed,seed=0x99cae54220100e3f;cycles=8;planted=3;d_b=4;m=2;gap=1;k=2,810576,false,84755,0.163,30,10,256,6.080,30,10,false
mixed-032-2,mixed,seed=0x99cae54220100e3f;cycles=8;planted=3;d_b=4;m=2;gap=1;k=2,810576,false,84755,0.163,30,10,512,11.249,30,10,false
mixed-032-2,mixed,seed=0x99cae54220100e3f;cycles=8;planted=3;d_b=4;m=2;gap=1;k=2,810576,false,84755,0.163,30,10,1024,21.877,30,10,false
mixed-032-2,mixed,seed=0x99cae54220100e3f;cycles=8;planted=3;d_b=4;m=2;gap=1;k=2,810576,false,84755,0.163,30,10,2048,43.214,30,10,false
mixed-032-2,mixed,seed=0x99cae54220100e3f;cycles=8;planted=3;d_b=4;m=2;gap=1;k=2,810576,false,84755,0.163,30,10,4096,86.906,30,10,false
mixed-032-2,mixed,seed=0x99cae54220100e3f;cycles=8;planted=3;d_b=4;m=2;gap=1;k=2,810576,false,84755,0.163,30,10,8192,178.884,30,10,false
mixed-032-2,mixed,seed=0x99cae54220100e3f;cycles=8;planted=3;d_b=4;m=2;gap=1;k=2,810576,false,84755,0.163,30,10,16384,355.675,30,10,false
mixed-032-2,mixed,seed=0x99cae54220100e3f;cycles=8;planted=3;d_b=4;m=2;gap=1;k=2,810576,false,84755,0.163,30,10,32768,721.761,30,10,false
mixed-032-2,mixed,seed=0x99cae54220100e3f;cycles=8;planted=3;d_b=4;m=2;gap=1;k=2,810576,false,84755,0.163,30,10,65536,1456.948,30,10,false
mixed-032-2,mixed,seed=0x99cae54220100e3f;cycles=8;planted=3;d_b=4;m=2;gap=1;k=2,810576,false,84755,0.163,30,10,131072,3045.175,30,10,false
mixed-032-2,mixed,seed=0x99cae54220100e3f;cycles=8;planted=3;d_b=4;m=2;gap=1;k=2,810576,false,84755,0.163,30,10,262144,6183.163,30,10,false
dec-099,dec,d_b=8;m=5;gap=7;k=1;q=3;s=20,16,false,18,0.089,34,2,1,0.022,41,40,false
dec-099,dec,d_b=8;m=5;gap=7;k=1;q=3;s=20,16,false,18,0.089,34,2,2,0.034,41,40,false
dec-099,dec,d_b=8;m=5;gap=7;k=1;q=3;s=20,16,false,18,0.089,34,2,4,0.031,41,40,false
dec-099,dec,d_b=8;m=5;gap=7;k=1;q=3;s=20,16,false,18,0.089,34,2,8,0.043,41,40,false
dec-099,dec,d_b=8;m=5;gap=7;k=1;q=3;s=20,16,false,18,0.089,34,2,16,0.062,34,2,false
dec-099,dec,d_b=8;m=5;gap=7;k=1;q=3;s=20,16,false,18,0.089,34,2,32,0.071,34,2,false
dec-099,dec,d_b=8;m=5;gap=7;k=1;q=3;s=20,16,false,18,0.089,34,2,64,0.109,34,2,false
dec-099,dec,d_b=8;m=5;gap=7;k=1;q=3;s=20,16,false,18,0.089,34,2,128,0.133,34,2,false
dec-099,dec,d_b=8;m=5;gap=7;k=1;q=3;s=20,16,false,18,0.089,34,2,256,0.195,34,2,false
dec-099,dec,d_b=8;m=5;gap=7;k=1;q=3;s=20,16,false,18,0.089,34,2,512,0.306,34,2,false
dec-099,dec,d_b=8;m=5;gap=7;k=1;q=3;s=20,16,false,18,0.089,34,2,1024,0.491,34,2,true
dec-099,dec,d_b=8;m=5;gap=7;k=1;q=3;s=20,16,false,18,0.089,34,2,2048,0.816,34,2,true
dec-099,dec,d_b=8;m=5;gap=7;k=1;q=3;s=20,16,false,18,0.089,34,2,4096,1.461,34,2,true
dec-099,dec,d_b=8;m=5;gap=7;k=1;q=3;s=20,16,false,18,0.089,34,2,8192,2.622,34,2,true
dec-099,dec,d_b=8;m=5;gap=7;k=1;q=3;s=20,16,false,18,0.089,34,2,16384,4.762,34,2,true
dec-099,dec,d_b=8;m=5;gap=7;k=1;q=3;s=20,16,false,18,0.089,34,2,32768,8.693,34,2,true
dec-099,dec,d_b=8;m=5;gap=7;k=1;q=3;s=20,16,false,18,0.089,34,2,65536,16.291,34,2,true
dec-099,dec,d_b=8;m=5;gap=7;k=1;q=3;s=20,16,false,18,0.089,34,2,131072,31.003,34,2,true
dec-099,dec,d_b=8;m=5;gap=7;k=1;q=3;s=20,16,false,18,0.089,34,2,262144,60.494,34,2,true
mixed-033-0,mixed,seed=0xa240eeafea0d26bf;cycles=8;planted=3;d_b=8;m=3;gap=2;k=2,25,false,27,0.076,19,2,1,0.016,22,20,false
mixed-033-0,mixed,seed=0xa240eeafea0d26bf;cycles=8;planted=3;d_b=8;m=3;gap=2;k=2,25,false,27,0.076,19,2,2,0.017,22,20,false
mixed-033-0,mixed,seed=0xa240eeafea0d26bf;cycles=8;planted=3;d_b=8;m=3;gap=2;k=2,25,false,27,0.076,19,2,4,0.031,22,20,false
mixed-033-0,mixed,seed=0xa240eeafea0d26bf;cycles=8;planted=3;d_b=8;m=3;gap=2;k=2,25,false,27,0.076,19,2,8,0.034,22,20,false
mixed-033-0,mixed,seed=0xa240eeafea0d26bf;cycles=8;planted=3;d_b=8;m=3;gap=2;k=2,25,false,27,0.076,19,2,16,0.049,22,20,false
mixed-033-0,mixed,seed=0xa240eeafea0d26bf;cycles=8;planted=3;d_b=8;m=3;gap=2;k=2,25,false,27,0.076,19,2,32,0.065,22,20,false
mixed-033-0,mixed,seed=0xa240eeafea0d26bf;cycles=8;planted=3;d_b=8;m=3;gap=2;k=2,25,false,27,0.076,19,2,64,0.095,19,2,false
mixed-033-0,mixed,seed=0xa240eeafea0d26bf;cycles=8;planted=3;d_b=8;m=3;gap=2;k=2,25,false,27,0.076,19,2,128,0.143,19,2,false
mixed-033-0,mixed,seed=0xa240eeafea0d26bf;cycles=8;planted=3;d_b=8;m=3;gap=2;k=2,25,false,27,0.076,19,2,256,0.224,19,2,false
mixed-033-0,mixed,seed=0xa240eeafea0d26bf;cycles=8;planted=3;d_b=8;m=3;gap=2;k=2,25,false,27,0.076,19,2,512,0.395,19,2,false
mixed-033-0,mixed,seed=0xa240eeafea0d26bf;cycles=8;planted=3;d_b=8;m=3;gap=2;k=2,25,false,27,0.076,19,2,1024,0.704,19,2,false
mixed-033-0,mixed,seed=0xa240eeafea0d26bf;cycles=8;planted=3;d_b=8;m=3;gap=2;k=2,25,false,27,0.076,19,2,2048,1.288,19,2,false
mixed-033-0,mixed,seed=0xa240eeafea0d26bf;cycles=8;planted=3;d_b=8;m=3;gap=2;k=2,25,false,27,0.076,19,2,4096,2.474,19,2,false
mixed-033-0,mixed,seed=0xa240eeafea0d26bf;cycles=8;planted=3;d_b=8;m=3;gap=2;k=2,25,false,27,0.076,19,2,8192,4.597,19,2,false
mixed-033-0,mixed,seed=0xa240eeafea0d26bf;cycles=8;planted=3;d_b=8;m=3;gap=2;k=2,25,false,27,0.076,19,2,16384,8.409,19,2,false
mixed-033-0,mixed,seed=0xa240eeafea0d26bf;cycles=8;planted=3;d_b=8;m=3;gap=2;k=2,25,false,27,0.076,19,2,32768,16.304,19,2,false
mixed-033-0,mixed,seed=0xa240eeafea0d26bf;cycles=8;planted=3;d_b=8;m=3;gap=2;k=2,25,false,27,0.076,19,2,65536,31.161,19,2,false
mixed-033-0,mixed,seed=0xa240eeafea0d26bf;cycles=8;planted=3;d_b=8;m=3;gap=2;k=2,25,false,27,0.076,19,2,131072,60.914,19,2,false
mixed-033-0,mixed,seed=0xa240eeafea0d26bf;cycles=8;planted=3;d_b=8;m=3;gap=2;k=2,25,false,27,0.076,19,2,262144,119.496,19,2,false
dec-100,dec,d_b=8;m=5;gap=7;k=2;q=3;s=20,24,false,26,0.101,34,2,1,0.018,41,40,false
dec-100,dec,d_b=8;m=5;gap=7;k=2;q=3;s=20,24,false,26,0.101,34,2,2,0.026,41,40,false
dec-100,dec,d_b=8;m=5;gap=7;k=2;q=3;s=20,24,false,26,0.101,34,2,4,0.039,41,40,false
dec-100,dec,d_b=8;m=5;gap=7;k=2;q=3;s=20,24,false,26,0.101,34,2,8,0.041,41,40,false
dec-100,dec,d_b=8;m=5;gap=7;k=2;q=3;s=20,24,false,26,0.101,34,2,16,0.061,41,40,false
dec-100,dec,d_b=8;m=5;gap=7;k=2;q=3;s=20,24,false,26,0.101,34,2,32,0.093,41,40,false
dec-100,dec,d_b=8;m=5;gap=7;k=2;q=3;s=20,24,false,26,0.101,34,2,64,0.112,34,2,false
dec-100,dec,d_b=8;m=5;gap=7;k=2;q=3;s=20,24,false,26,0.101,34,2,128,0.140,34,2,false
dec-100,dec,d_b=8;m=5;gap=7;k=2;q=3;s=20,24,false,26,0.101,34,2,256,0.205,34,2,false
dec-100,dec,d_b=8;m=5;gap=7;k=2;q=3;s=20,24,false,26,0.101,34,2,512,0.299,34,2,false
dec-100,dec,d_b=8;m=5;gap=7;k=2;q=3;s=20,24,false,26,0.101,34,2,1024,0.477,34,2,false
dec-100,dec,d_b=8;m=5;gap=7;k=2;q=3;s=20,24,false,26,0.101,34,2,2048,0.829,34,2,false
dec-100,dec,d_b=8;m=5;gap=7;k=2;q=3;s=20,24,false,26,0.101,34,2,4096,1.456,34,2,false
dec-100,dec,d_b=8;m=5;gap=7;k=2;q=3;s=20,24,false,26,0.101,34,2,8192,2.697,34,2,false
dec-100,dec,d_b=8;m=5;gap=7;k=2;q=3;s=20,24,false,26,0.101,34,2,16384,4.912,34,2,false
dec-100,dec,d_b=8;m=5;gap=7;k=2;q=3;s=20,24,false,26,0.101,34,2,32768,9.125,34,2,false
dec-100,dec,d_b=8;m=5;gap=7;k=2;q=3;s=20,24,false,26,0.101,34,2,65536,17.037,34,2,false
dec-100,dec,d_b=8;m=5;gap=7;k=2;q=3;s=20,24,false,26,0.101,34,2,131072,33.001,34,2,false
dec-100,dec,d_b=8;m=5;gap=7;k=2;q=3;s=20,24,false,26,0.101,34,2,262144,64.108,34,2,false
mixed-033-1,mixed,seed=0xbc1d25d35bcf50be;cycles=8;planted=3;d_b=8;m=3;gap=2;k=2,1941345,false,190662,0.282,79,14,1,0.129,88,68,false
mixed-033-1,mixed,seed=0xbc1d25d35bcf50be;cycles=8;planted=3;d_b=8;m=3;gap=2;k=2,1941345,false,190662,0.282,79,14,2,0.147,88,68,false
mixed-033-1,mixed,seed=0xbc1d25d35bcf50be;cycles=8;planted=3;d_b=8;m=3;gap=2;k=2,1941345,false,190662,0.282,79,14,4,0.151,88,68,false
mixed-033-1,mixed,seed=0xbc1d25d35bcf50be;cycles=8;planted=3;d_b=8;m=3;gap=2;k=2,1941345,false,190662,0.282,79,14,8,0.173,88,68,false
mixed-033-1,mixed,seed=0xbc1d25d35bcf50be;cycles=8;planted=3;d_b=8;m=3;gap=2;k=2,1941345,false,190662,0.282,79,14,16,0.237,88,68,false
mixed-033-1,mixed,seed=0xbc1d25d35bcf50be;cycles=8;planted=3;d_b=8;m=3;gap=2;k=2,1941345,false,190662,0.282,79,14,32,0.392,88,68,false
mixed-033-1,mixed,seed=0xbc1d25d35bcf50be;cycles=8;planted=3;d_b=8;m=3;gap=2;k=2,1941345,false,190662,0.282,79,14,64,0.654,88,68,false
mixed-033-1,mixed,seed=0xbc1d25d35bcf50be;cycles=8;planted=3;d_b=8;m=3;gap=2;k=2,1941345,false,190662,0.282,79,14,128,1.064,88,68,false
mixed-033-1,mixed,seed=0xbc1d25d35bcf50be;cycles=8;planted=3;d_b=8;m=3;gap=2;k=2,1941345,false,190662,0.282,79,14,256,1.711,88,68,false
mixed-033-1,mixed,seed=0xbc1d25d35bcf50be;cycles=8;planted=3;d_b=8;m=3;gap=2;k=2,1941345,false,190662,0.282,79,14,512,2.779,88,68,false
mixed-033-1,mixed,seed=0xbc1d25d35bcf50be;cycles=8;planted=3;d_b=8;m=3;gap=2;k=2,1941345,false,190662,0.282,79,14,1024,4.988,88,68,false
mixed-033-1,mixed,seed=0xbc1d25d35bcf50be;cycles=8;planted=3;d_b=8;m=3;gap=2;k=2,1941345,false,190662,0.282,79,14,2048,9.561,88,68,false
mixed-033-1,mixed,seed=0xbc1d25d35bcf50be;cycles=8;planted=3;d_b=8;m=3;gap=2;k=2,1941345,false,190662,0.282,79,14,4096,18.691,88,68,false
mixed-033-1,mixed,seed=0xbc1d25d35bcf50be;cycles=8;planted=3;d_b=8;m=3;gap=2;k=2,1941345,false,190662,0.282,79,14,8192,36.521,88,68,false
mixed-033-1,mixed,seed=0xbc1d25d35bcf50be;cycles=8;planted=3;d_b=8;m=3;gap=2;k=2,1941345,false,190662,0.282,79,14,16384,71.548,79,14,false
mixed-033-1,mixed,seed=0xbc1d25d35bcf50be;cycles=8;planted=3;d_b=8;m=3;gap=2;k=2,1941345,false,190662,0.282,79,14,32768,142.961,79,14,false
mixed-033-1,mixed,seed=0xbc1d25d35bcf50be;cycles=8;planted=3;d_b=8;m=3;gap=2;k=2,1941345,false,190662,0.282,79,14,65536,284.059,79,14,false
mixed-033-1,mixed,seed=0xbc1d25d35bcf50be;cycles=8;planted=3;d_b=8;m=3;gap=2;k=2,1941345,false,190662,0.282,79,14,131072,593.856,79,14,false
mixed-033-1,mixed,seed=0xbc1d25d35bcf50be;cycles=8;planted=3;d_b=8;m=3;gap=2;k=2,1941345,false,190662,0.282,79,14,262144,1265.746,79,14,false
dec-101,dec,d_b=8;m=5;gap=7;k=4;q=3;s=20,40,false,42,0.180,34,2,1,0.025,41,40,false
dec-101,dec,d_b=8;m=5;gap=7;k=4;q=3;s=20,40,false,42,0.180,34,2,2,0.033,41,40,false
dec-101,dec,d_b=8;m=5;gap=7;k=4;q=3;s=20,40,false,42,0.180,34,2,4,0.044,41,40,false
dec-101,dec,d_b=8;m=5;gap=7;k=4;q=3;s=20,40,false,42,0.180,34,2,8,0.058,41,40,false
dec-101,dec,d_b=8;m=5;gap=7;k=4;q=3;s=20,40,false,42,0.180,34,2,16,0.072,41,40,false
dec-101,dec,d_b=8;m=5;gap=7;k=4;q=3;s=20,40,false,42,0.180,34,2,32,0.096,41,40,false
dec-101,dec,d_b=8;m=5;gap=7;k=4;q=3;s=20,40,false,42,0.180,34,2,64,0.107,41,40,false
dec-101,dec,d_b=8;m=5;gap=7;k=4;q=3;s=20,40,false,42,0.180,34,2,128,0.150,41,40,false
dec-101,dec,d_b=8;m=5;gap=7;k=4;q=3;s=20,40,false,42,0.180,34,2,256,0.230,34,2,false
dec-101,dec,d_b=8;m=5;gap=7;k=4;q=3;s=20,40,false,42,0.180,34,2,512,0.311,34,2,false
dec-101,dec,d_b=8;m=5;gap=7;k=4;q=3;s=20,40,false,42,0.180,34,2,1024,0.501,34,2,false
dec-101,dec,d_b=8;m=5;gap=7;k=4;q=3;s=20,40,false,42,0.180,34,2,2048,0.838,34,2,false
dec-101,dec,d_b=8;m=5;gap=7;k=4;q=3;s=20,40,false,42,0.180,34,2,4096,1.553,34,2,false
dec-101,dec,d_b=8;m=5;gap=7;k=4;q=3;s=20,40,false,42,0.180,34,2,8192,2.790,34,2,false
dec-101,dec,d_b=8;m=5;gap=7;k=4;q=3;s=20,40,false,42,0.180,34,2,16384,5.197,34,2,false
dec-101,dec,d_b=8;m=5;gap=7;k=4;q=3;s=20,40,false,42,0.180,34,2,32768,9.773,34,2,false
dec-101,dec,d_b=8;m=5;gap=7;k=4;q=3;s=20,40,false,42,0.180,34,2,65536,18.722,34,2,false
dec-101,dec,d_b=8;m=5;gap=7;k=4;q=3;s=20,40,false,42,0.180,34,2,131072,36.323,34,2,false
dec-101,dec,d_b=8;m=5;gap=7;k=4;q=3;s=20,40,false,42,0.180,34,2,262144,70.659,34,2,false
mixed-033-2,mixed,seed=0xa1da444764c86fe3;cycles=8;planted=3;d_b=8;m=3;gap=2;k=2,74,false,82,0.208,56,6,1,0.047,65,60,false
mixed-033-2,mixed,seed=0xa1da444764c86fe3;cycles=8;planted=3;d_b=8;m=3;gap=2;k=2,74,false,82,0.208,56,6,2,0.049,65,60,false
mixed-033-2,mixed,seed=0xa1da444764c86fe3;cycles=8;planted=3;d_b=8;m=3;gap=2;k=2,74,false,82,0.208,56,6,4,0.056,65,60,false
mixed-033-2,mixed,seed=0xa1da444764c86fe3;cycles=8;planted=3;d_b=8;m=3;gap=2;k=2,74,false,82,0.208,56,6,8,0.077,65,60,false
mixed-033-2,mixed,seed=0xa1da444764c86fe3;cycles=8;planted=3;d_b=8;m=3;gap=2;k=2,74,false,82,0.208,56,6,16,0.125,65,60,false
mixed-033-2,mixed,seed=0xa1da444764c86fe3;cycles=8;planted=3;d_b=8;m=3;gap=2;k=2,74,false,82,0.208,56,6,32,0.187,65,60,false
mixed-033-2,mixed,seed=0xa1da444764c86fe3;cycles=8;planted=3;d_b=8;m=3;gap=2;k=2,74,false,82,0.208,56,6,64,0.315,65,60,false
mixed-033-2,mixed,seed=0xa1da444764c86fe3;cycles=8;planted=3;d_b=8;m=3;gap=2;k=2,74,false,82,0.208,56,6,128,0.550,62,42,false
mixed-033-2,mixed,seed=0xa1da444764c86fe3;cycles=8;planted=3;d_b=8;m=3;gap=2;k=2,74,false,82,0.208,56,6,256,1.007,56,6,false
mixed-033-2,mixed,seed=0xa1da444764c86fe3;cycles=8;planted=3;d_b=8;m=3;gap=2;k=2,74,false,82,0.208,56,6,512,1.868,56,6,false
mixed-033-2,mixed,seed=0xa1da444764c86fe3;cycles=8;planted=3;d_b=8;m=3;gap=2;k=2,74,false,82,0.208,56,6,1024,3.518,56,6,false
mixed-033-2,mixed,seed=0xa1da444764c86fe3;cycles=8;planted=3;d_b=8;m=3;gap=2;k=2,74,false,82,0.208,56,6,2048,6.674,56,6,false
mixed-033-2,mixed,seed=0xa1da444764c86fe3;cycles=8;planted=3;d_b=8;m=3;gap=2;k=2,74,false,82,0.208,56,6,4096,12.389,56,6,false
mixed-033-2,mixed,seed=0xa1da444764c86fe3;cycles=8;planted=3;d_b=8;m=3;gap=2;k=2,74,false,82,0.208,56,6,8192,23.738,56,6,false
mixed-033-2,mixed,seed=0xa1da444764c86fe3;cycles=8;planted=3;d_b=8;m=3;gap=2;k=2,74,false,82,0.208,56,6,16384,43.968,56,6,false
mixed-033-2,mixed,seed=0xa1da444764c86fe3;cycles=8;planted=3;d_b=8;m=3;gap=2;k=2,74,false,82,0.208,56,6,32768,87.915,56,6,false
mixed-033-2,mixed,seed=0xa1da444764c86fe3;cycles=8;planted=3;d_b=8;m=3;gap=2;k=2,74,false,82,0.208,56,6,65536,168.200,56,6,false
mixed-033-2,mixed,seed=0xa1da444764c86fe3;cycles=8;planted=3;d_b=8;m=3;gap=2;k=2,74,false,82,0.208,56,6,131072,327.562,56,6,false
mixed-033-2,mixed,seed=0xa1da444764c86fe3;cycles=8;planted=3;d_b=8;m=3;gap=2;k=2,74,false,82,0.208,56,6,262144,645.347,56,6,false
dec-102,dec,d_b=8;m=5;gap=13;k=1;q=3;s=23,16,false,18,0.090,34,2,1,0.027,47,46,false
dec-102,dec,d_b=8;m=5;gap=13;k=1;q=3;s=23,16,false,18,0.090,34,2,2,0.031,47,46,false
dec-102,dec,d_b=8;m=5;gap=13;k=1;q=3;s=23,16,false,18,0.090,34,2,4,0.034,47,46,false
dec-102,dec,d_b=8;m=5;gap=13;k=1;q=3;s=23,16,false,18,0.090,34,2,8,0.050,34,2,false
dec-102,dec,d_b=8;m=5;gap=13;k=1;q=3;s=23,16,false,18,0.090,34,2,16,0.074,34,2,false
dec-102,dec,d_b=8;m=5;gap=13;k=1;q=3;s=23,16,false,18,0.090,34,2,32,0.089,34,2,false
dec-102,dec,d_b=8;m=5;gap=13;k=1;q=3;s=23,16,false,18,0.090,34,2,64,0.115,34,2,false
dec-102,dec,d_b=8;m=5;gap=13;k=1;q=3;s=23,16,false,18,0.090,34,2,128,0.140,34,2,false
dec-102,dec,d_b=8;m=5;gap=13;k=1;q=3;s=23,16,false,18,0.090,34,2,256,0.204,34,2,false
dec-102,dec,d_b=8;m=5;gap=13;k=1;q=3;s=23,16,false,18,0.090,34,2,512,0.314,34,2,false
dec-102,dec,d_b=8;m=5;gap=13;k=1;q=3;s=23,16,false,18,0.090,34,2,1024,0.524,34,2,true
dec-102,dec,d_b=8;m=5;gap=13;k=1;q=3;s=23,16,false,18,0.090,34,2,2048,0.854,34,2,true
dec-102,dec,d_b=8;m=5;gap=13;k=1;q=3;s=23,16,false,18,0.090,34,2,4096,1.539,34,2,true
dec-102,dec,d_b=8;m=5;gap=13;k=1;q=3;s=23,16,false,18,0.090,34,2,8192,2.671,34,2,true
dec-102,dec,d_b=8;m=5;gap=13;k=1;q=3;s=23,16,false,18,0.090,34,2,16384,4.841,34,2,true
dec-102,dec,d_b=8;m=5;gap=13;k=1;q=3;s=23,16,false,18,0.090,34,2,32768,8.753,34,2,true
dec-102,dec,d_b=8;m=5;gap=13;k=1;q=3;s=23,16,false,18,0.090,34,2,65536,16.449,34,2,true
dec-102,dec,d_b=8;m=5;gap=13;k=1;q=3;s=23,16,false,18,0.090,34,2,131072,31.330,34,2,true
dec-102,dec,d_b=8;m=5;gap=13;k=1;q=3;s=23,16,false,18,0.090,34,2,262144,60.848,34,2,true
mixed-034-0,mixed,seed=0xa70f32f70b2f1bf2;cycles=8;planted=3;d_b=12;m=2;gap=6;k=4,121,false,123,0.202,29,4,1,0.029,43,40,false
mixed-034-0,mixed,seed=0xa70f32f70b2f1bf2;cycles=8;planted=3;d_b=12;m=2;gap=6;k=4,121,false,123,0.202,29,4,2,0.031,43,40,false
mixed-034-0,mixed,seed=0xa70f32f70b2f1bf2;cycles=8;planted=3;d_b=12;m=2;gap=6;k=4,121,false,123,0.202,29,4,4,0.034,43,40,false
mixed-034-0,mixed,seed=0xa70f32f70b2f1bf2;cycles=8;planted=3;d_b=12;m=2;gap=6;k=4,121,false,123,0.202,29,4,8,0.058,43,40,false
mixed-034-0,mixed,seed=0xa70f32f70b2f1bf2;cycles=8;planted=3;d_b=12;m=2;gap=6;k=4,121,false,123,0.202,29,4,16,0.076,43,40,false
mixed-034-0,mixed,seed=0xa70f32f70b2f1bf2;cycles=8;planted=3;d_b=12;m=2;gap=6;k=4,121,false,123,0.202,29,4,32,0.100,43,40,false
mixed-034-0,mixed,seed=0xa70f32f70b2f1bf2;cycles=8;planted=3;d_b=12;m=2;gap=6;k=4,121,false,123,0.202,29,4,64,0.139,43,40,false
mixed-034-0,mixed,seed=0xa70f32f70b2f1bf2;cycles=8;planted=3;d_b=12;m=2;gap=6;k=4,121,false,123,0.202,29,4,128,0.180,43,40,false
mixed-034-0,mixed,seed=0xa70f32f70b2f1bf2;cycles=8;planted=3;d_b=12;m=2;gap=6;k=4,121,false,123,0.202,29,4,256,0.276,43,40,false
mixed-034-0,mixed,seed=0xa70f32f70b2f1bf2;cycles=8;planted=3;d_b=12;m=2;gap=6;k=4,121,false,123,0.202,29,4,512,0.480,29,4,false
mixed-034-0,mixed,seed=0xa70f32f70b2f1bf2;cycles=8;planted=3;d_b=12;m=2;gap=6;k=4,121,false,123,0.202,29,4,1024,0.812,29,4,false
mixed-034-0,mixed,seed=0xa70f32f70b2f1bf2;cycles=8;planted=3;d_b=12;m=2;gap=6;k=4,121,false,123,0.202,29,4,2048,1.425,29,4,false
mixed-034-0,mixed,seed=0xa70f32f70b2f1bf2;cycles=8;planted=3;d_b=12;m=2;gap=6;k=4,121,false,123,0.202,29,4,4096,2.604,29,4,false
mixed-034-0,mixed,seed=0xa70f32f70b2f1bf2;cycles=8;planted=3;d_b=12;m=2;gap=6;k=4,121,false,123,0.202,29,4,8192,4.913,29,4,false
mixed-034-0,mixed,seed=0xa70f32f70b2f1bf2;cycles=8;planted=3;d_b=12;m=2;gap=6;k=4,121,false,123,0.202,29,4,16384,9.459,29,4,false
mixed-034-0,mixed,seed=0xa70f32f70b2f1bf2;cycles=8;planted=3;d_b=12;m=2;gap=6;k=4,121,false,123,0.202,29,4,32768,18.184,29,4,false
mixed-034-0,mixed,seed=0xa70f32f70b2f1bf2;cycles=8;planted=3;d_b=12;m=2;gap=6;k=4,121,false,123,0.202,29,4,65536,35.495,29,4,false
mixed-034-0,mixed,seed=0xa70f32f70b2f1bf2;cycles=8;planted=3;d_b=12;m=2;gap=6;k=4,121,false,123,0.202,29,4,131072,69.798,29,4,false
mixed-034-0,mixed,seed=0xa70f32f70b2f1bf2;cycles=8;planted=3;d_b=12;m=2;gap=6;k=4,121,false,123,0.202,29,4,262144,134.840,29,4,false
dec-103,dec,d_b=8;m=5;gap=13;k=2;q=3;s=23,24,false,26,0.109,34,2,1,0.027,47,46,false
dec-103,dec,d_b=8;m=5;gap=13;k=2;q=3;s=23,24,false,26,0.109,34,2,2,0.028,47,46,false
dec-103,dec,d_b=8;m=5;gap=13;k=2;q=3;s=23,24,false,26,0.109,34,2,4,0.049,47,46,false
dec-103,dec,d_b=8;m=5;gap=13;k=2;q=3;s=23,24,false,26,0.109,34,2,8,0.043,47,46,false
dec-103,dec,d_b=8;m=5;gap=13;k=2;q=3;s=23,24,false,26,0.109,34,2,16,0.081,34,2,false
dec-103,dec,d_b=8;m=5;gap=13;k=2;q=3;s=23,24,false,26,0.109,34,2,32,0.103,34,2,false
dec-103,dec,d_b=8;m=5;gap=13;k=2;q=3;s=23,24,false,26,0.109,34,2,64,0.116,34,2,false
dec-103,dec,d_b=8;m=5;gap=13;k=2;q=3;s=23,24,false,26,0.109,34,2,128,0.144,34,2,false
dec-103,dec,d_b=8;m=5;gap=13;k=2;q=3;s=23,24,false,26,0.109,34,2,256,0.215,34,2,false
dec-103,dec,d_b=8;m=5;gap=13;k=2;q=3;s=23,24,false,26,0.109,34,2,512,0.315,34,2,false
dec-103,dec,d_b=8;m=5;gap=13;k=2;q=3;s=23,24,false,26,0.109,34,2,1024,0.493,34,2,false
dec-103,dec,d_b=8;m=5;gap=13;k=2;q=3;s=23,24,false,26,0.109,34,2,2048,0.837,34,2,false
dec-103,dec,d_b=8;m=5;gap=13;k=2;q=3;s=23,24,false,26,0.109,34,2,4096,1.474,34,2,false
dec-103,dec,d_b=8;m=5;gap=13;k=2;q=3;s=23,24,false,26,0.109,34,2,8192,2.716,34,2,false
dec-103,dec,d_b=8;m=5;gap=13;k=2;q=3;s=23,24,false,26,0.109,34,2,16384,4.905,34,2,false
dec-103,dec,d_b=8;m=5;gap=13;k=2;q=3;s=23,24,false,26,0.109,34,2,32768,9.074,34,2,false
dec-103,dec,d_b=8;m=5;gap=13;k=2;q=3;s=23,24,false,26,0.109,34,2,65536,17.068,34,2,false
dec-103,dec,d_b=8;m=5;gap=13;k=2;q=3;s=23,24,false,26,0.109,34,2,131072,32.851,34,2,false
dec-103,dec,d_b=8;m=5;gap=13;k=2;q=3;s=23,24,false,26,0.109,34,2,262144,63.625,34,2,true
mixed-034-1,mixed,seed=0x1aafaa32293d1131;cycles=8;planted=3;d_b=12;m=2;gap=6;k=4,810722,false,84855,0.327,53,10,1,0.087,74,64,false
mixed-034-1,mixed,seed=0x1aafaa32293d1131;cycles=8;planted=3;d_b=12;m=2;gap=6;k=4,810722,false,84855,0.327,53,10,2,0.093,74,64,false
mixed-034-1,mixed,seed=0x1aafaa32293d1131;cycles=8;planted=3;d_b=12;m=2;gap=6;k=4,810722,false,84855,0.327,53,10,4,0.122,74,64,false
mixed-034-1,mixed,seed=0x1aafaa32293d1131;cycles=8;planted=3;d_b=12;m=2;gap=6;k=4,810722,false,84855,0.327,53,10,8,0.131,74,64,false
mixed-034-1,mixed,seed=0x1aafaa32293d1131;cycles=8;planted=3;d_b=12;m=2;gap=6;k=4,810722,false,84855,0.327,53,10,16,0.218,74,64,false
mixed-034-1,mixed,seed=0x1aafaa32293d1131;cycles=8;planted=3;d_b=12;m=2;gap=6;k=4,810722,false,84855,0.327,53,10,32,0.308,74,64,false
mixed-034-1,mixed,seed=0x1aafaa32293d1131;cycles=8;planted=3;d_b=12;m=2;gap=6;k=4,810722,false,84855,0.327,53,10,64,0.488,74,64,false
mixed-034-1,mixed,seed=0x1aafaa32293d1131;cycles=8;planted=3;d_b=12;m=2;gap=6;k=4,810722,false,84855,0.327,53,10,128,0.892,74,64,false
mixed-034-1,mixed,seed=0x1aafaa32293d1131;cycles=8;planted=3;d_b=12;m=2;gap=6;k=4,810722,false,84855,0.327,53,10,256,1.304,74,64,false
mixed-034-1,mixed,seed=0x1aafaa32293d1131;cycles=8;planted=3;d_b=12;m=2;gap=6;k=4,810722,false,84855,0.327,53,10,512,2.130,74,64,false
mixed-034-1,mixed,seed=0x1aafaa32293d1131;cycles=8;planted=3;d_b=12;m=2;gap=6;k=4,810722,false,84855,0.327,53,10,1024,3.766,74,64,false
mixed-034-1,mixed,seed=0x1aafaa32293d1131;cycles=8;planted=3;d_b=12;m=2;gap=6;k=4,810722,false,84855,0.327,53,10,2048,7.412,60,28,false
mixed-034-1,mixed,seed=0x1aafaa32293d1131;cycles=8;planted=3;d_b=12;m=2;gap=6;k=4,810722,false,84855,0.327,53,10,4096,15.572,60,28,false
mixed-034-1,mixed,seed=0x1aafaa32293d1131;cycles=8;planted=3;d_b=12;m=2;gap=6;k=4,810722,false,84855,0.327,53,10,8192,31.829,53,10,false
mixed-034-1,mixed,seed=0x1aafaa32293d1131;cycles=8;planted=3;d_b=12;m=2;gap=6;k=4,810722,false,84855,0.327,53,10,16384,64.152,53,10,false
mixed-034-1,mixed,seed=0x1aafaa32293d1131;cycles=8;planted=3;d_b=12;m=2;gap=6;k=4,810722,false,84855,0.327,53,10,32768,128.467,53,10,false
mixed-034-1,mixed,seed=0x1aafaa32293d1131;cycles=8;planted=3;d_b=12;m=2;gap=6;k=4,810722,false,84855,0.327,53,10,65536,265.645,53,10,false
mixed-034-1,mixed,seed=0x1aafaa32293d1131;cycles=8;planted=3;d_b=12;m=2;gap=6;k=4,810722,false,84855,0.327,53,10,131072,573.156,53,10,false
mixed-034-1,mixed,seed=0x1aafaa32293d1131;cycles=8;planted=3;d_b=12;m=2;gap=6;k=4,810722,false,84855,0.327,53,10,262144,1204.194,53,10,false
dec-104,dec,d_b=8;m=5;gap=13;k=4;q=3;s=23,40,false,42,0.164,34,2,1,0.026,47,46,false
dec-104,dec,d_b=8;m=5;gap=13;k=4;q=3;s=23,40,false,42,0.164,34,2,2,0.036,47,46,false
dec-104,dec,d_b=8;m=5;gap=13;k=4;q=3;s=23,40,false,42,0.164,34,2,4,0.050,47,46,false
dec-104,dec,d_b=8;m=5;gap=13;k=4;q=3;s=23,40,false,42,0.164,34,2,8,0.068,47,46,false
dec-104,dec,d_b=8;m=5;gap=13;k=4;q=3;s=23,40,false,42,0.164,34,2,16,0.077,47,46,false
dec-104,dec,d_b=8;m=5;gap=13;k=4;q=3;s=23,40,false,42,0.164,34,2,32,0.121,34,2,false
dec-104,dec,d_b=8;m=5;gap=13;k=4;q=3;s=23,40,false,42,0.164,34,2,64,0.142,34,2,false
dec-104,dec,d_b=8;m=5;gap=13;k=4;q=3;s=23,40,false,42,0.164,34,2,128,0.178,34,2,false
dec-104,dec,d_b=8;m=5;gap=13;k=4;q=3;s=23,40,false,42,0.164,34,2,256,0.237,34,2,false
dec-104,dec,d_b=8;m=5;gap=13;k=4;q=3;s=23,40,false,42,0.164,34,2,512,0.340,34,2,false
dec-104,dec,d_b=8;m=5;gap=13;k=4;q=3;s=23,40,false,42,0.164,34,2,1024,0.549,34,2,false
dec-104,dec,d_b=8;m=5;gap=13;k=4;q=3;s=23,40,false,42,0.164,34,2,2048,0.893,34,2,false
dec-104,dec,d_b=8;m=5;gap=13;k=4;q=3;s=23,40,false,42,0.164,34,2,4096,1.577,34,2,false
dec-104,dec,d_b=8;m=5;gap=13;k=4;q=3;s=23,40,false,42,0.164,34,2,8192,2.874,34,2,false
dec-104,dec,d_b=8;m=5;gap=13;k=4;q=3;s=23,40,false,42,0.164,34,2,16384,5.324,34,2,false
dec-104,dec,d_b=8;m=5;gap=13;k=4;q=3;s=23,40,false,42,0.164,34,2,32768,9.858,34,2,false
dec-104,dec,d_b=8;m=5;gap=13;k=4;q=3;s=23,40,false,42,0.164,34,2,65536,19.176,34,2,false
dec-104,dec,d_b=8;m=5;gap=13;k=4;q=3;s=23,40,false,42,0.164,34,2,131072,36.789,34,2,false
dec-104,dec,d_b=8;m=5;gap=13;k=4;q=3;s=23,40,false,42,0.164,34,2,262144,71.836,34,2,false
mixed-034-2,mixed,seed=0x6e3294452869ed51;cycles=8;planted=3;d_b=12;m=2;gap=6;k=4,183,false,186,0.289,45,6,1,0.041,66,60,false
mixed-034-2,mixed,seed=0x6e3294452869ed51;cycles=8;planted=3;d_b=12;m=2;gap=6;k=4,183,false,186,0.289,45,6,2,0.041,66,60,false
mixed-034-2,mixed,seed=0x6e3294452869ed51;cycles=8;planted=3;d_b=12;m=2;gap=6;k=4,183,false,186,0.289,45,6,4,0.043,66,60,false
mixed-034-2,mixed,seed=0x6e3294452869ed51;cycles=8;planted=3;d_b=12;m=2;gap=6;k=4,183,false,186,0.289,45,6,8,0.062,66,60,false
mixed-034-2,mixed,seed=0x6e3294452869ed51;cycles=8;planted=3;d_b=12;m=2;gap=6;k=4,183,false,186,0.289,45,6,16,0.086,66,60,false
mixed-034-2,mixed,seed=0x6e3294452869ed51;cycles=8;planted=3;d_b=12;m=2;gap=6;k=4,183,false,186,0.289,45,6,32,0.129,66,60,false
mixed-034-2,mixed,seed=0x6e3294452869ed51;cycles=8;planted=3;d_b=12;m=2;gap=6;k=4,183,false,186,0.289,45,6,64,0.173,66,60,false
mixed-034-2,mixed,seed=0x6e3294452869ed51;cycles=8;planted=3;d_b=12;m=2;gap=6;k=4,183,false,186,0.289,45,6,128,0.253,66,60,false
mixed-034-2,mixed,seed=0x6e3294452869ed51;cycles=8;planted=3;d_b=12;m=2;gap=6;k=4,183,false,186,0.289,45,6,256,0.379,66,60,false
mixed-034-2,mixed,seed=0x6e3294452869ed51;cycles=8;planted=3;d_b=12;m=2;gap=6;k=4,183,false,186,0.289,45,6,512,0.634,59,42,false
mixed-034-2,mixed,seed=0x6e3294452869ed51;cycles=8;planted=3;d_b=12;m=2;gap=6;k=4,183,false,186,0.289,45,6,1024,1.125,45,6,false
mixed-034-2,mixed,seed=0x6e3294452869ed51;cycles=8;planted=3;d_b=12;m=2;gap=6;k=4,183,false,186,0.289,45,6,2048,1.873,45,6,false
mixed-034-2,mixed,seed=0x6e3294452869ed51;cycles=8;planted=3;d_b=12;m=2;gap=6;k=4,183,false,186,0.289,45,6,4096,3.338,45,6,false
mixed-034-2,mixed,seed=0x6e3294452869ed51;cycles=8;planted=3;d_b=12;m=2;gap=6;k=4,183,false,186,0.289,45,6,8192,6.245,45,6,false
mixed-034-2,mixed,seed=0x6e3294452869ed51;cycles=8;planted=3;d_b=12;m=2;gap=6;k=4,183,false,186,0.289,45,6,16384,11.466,45,6,false
mixed-034-2,mixed,seed=0x6e3294452869ed51;cycles=8;planted=3;d_b=12;m=2;gap=6;k=4,183,false,186,0.289,45,6,32768,21.297,45,6,false
mixed-034-2,mixed,seed=0x6e3294452869ed51;cycles=8;planted=3;d_b=12;m=2;gap=6;k=4,183,false,186,0.289,45,6,65536,40.480,45,6,false
mixed-034-2,mixed,seed=0x6e3294452869ed51;cycles=8;planted=3;d_b=12;m=2;gap=6;k=4,183,false,186,0.289,45,6,131072,76.301,45,6,false
mixed-034-2,mixed,seed=0x6e3294452869ed51;cycles=8;planted=3;d_b=12;m=2;gap=6;k=4,183,false,186,0.289,45,6,262144,145.482,45,6,false
dec-105,dec,d_b=8;m=9;gap=1;k=1;q=7;s=33,16,false,18,0.089,66,2,1,0.022,67,66,false
dec-105,dec,d_b=8;m=9;gap=1;k=1;q=7;s=33,16,false,18,0.089,66,2,2,0.039,67,66,false
dec-105,dec,d_b=8;m=9;gap=1;k=1;q=7;s=33,16,false,18,0.089,66,2,4,0.040,67,66,false
dec-105,dec,d_b=8;m=9;gap=1;k=1;q=7;s=33,16,false,18,0.089,66,2,8,0.054,67,66,false
dec-105,dec,d_b=8;m=9;gap=1;k=1;q=7;s=33,16,false,18,0.089,66,2,16,0.074,67,66,false
dec-105,dec,d_b=8;m=9;gap=1;k=1;q=7;s=33,16,false,18,0.089,66,2,32,0.082,67,66,false
dec-105,dec,d_b=8;m=9;gap=1;k=1;q=7;s=33,16,false,18,0.089,66,2,64,0.114,66,2,false
dec-105,dec,d_b=8;m=9;gap=1;k=1;q=7;s=33,16,false,18,0.089,66,2,128,0.160,66,2,false
dec-105,dec,d_b=8;m=9;gap=1;k=1;q=7;s=33,16,false,18,0.089,66,2,256,0.228,66,2,false
dec-105,dec,d_b=8;m=9;gap=1;k=1;q=7;s=33,16,false,18,0.089,66,2,512,0.325,66,2,false
dec-105,dec,d_b=8;m=9;gap=1;k=1;q=7;s=33,16,false,18,0.089,66,2,1024,0.515,66,2,false
dec-105,dec,d_b=8;m=9;gap=1;k=1;q=7;s=33,16,false,18,0.089,66,2,2048,0.857,66,2,true
dec-105,dec,d_b=8;m=9;gap=1;k=1;q=7;s=33,16,false,18,0.089,66,2,4096,1.497,66,2,true
dec-105,dec,d_b=8;m=9;gap=1;k=1;q=7;s=33,16,false,18,0.089,66,2,8192,2.610,66,2,true
dec-105,dec,d_b=8;m=9;gap=1;k=1;q=7;s=33,16,false,18,0.089,66,2,16384,4.723,66,2,true
dec-105,dec,d_b=8;m=9;gap=1;k=1;q=7;s=33,16,false,18,0.089,66,2,32768,8.520,66,2,true
dec-105,dec,d_b=8;m=9;gap=1;k=1;q=7;s=33,16,false,18,0.089,66,2,65536,16.323,66,2,true
dec-105,dec,d_b=8;m=9;gap=1;k=1;q=7;s=33,16,false,18,0.089,66,2,131072,30.560,66,2,true
dec-105,dec,d_b=8;m=9;gap=1;k=1;q=7;s=33,16,false,18,0.089,66,2,262144,60.306,66,2,true
mixed-035-0,mixed,seed=0x8ff528db1ae67c2c;cycles=8;planted=3;d_b=16;m=5;gap=2;k=1,2187706,false,210340,0.614,220,10,1,0.195,229,208,false
mixed-035-0,mixed,seed=0x8ff528db1ae67c2c;cycles=8;planted=3;d_b=16;m=5;gap=2;k=1,2187706,false,210340,0.614,220,10,2,0.258,229,208,false
mixed-035-0,mixed,seed=0x8ff528db1ae67c2c;cycles=8;planted=3;d_b=16;m=5;gap=2;k=1,2187706,false,210340,0.614,220,10,4,0.282,229,208,false
mixed-035-0,mixed,seed=0x8ff528db1ae67c2c;cycles=8;planted=3;d_b=16;m=5;gap=2;k=1,2187706,false,210340,0.614,220,10,8,0.353,229,208,false
mixed-035-0,mixed,seed=0x8ff528db1ae67c2c;cycles=8;planted=3;d_b=16;m=5;gap=2;k=1,2187706,false,210340,0.614,220,10,16,0.491,229,208,false
mixed-035-0,mixed,seed=0x8ff528db1ae67c2c;cycles=8;planted=3;d_b=16;m=5;gap=2;k=1,2187706,false,210340,0.614,220,10,32,0.790,229,208,false
mixed-035-0,mixed,seed=0x8ff528db1ae67c2c;cycles=8;planted=3;d_b=16;m=5;gap=2;k=1,2187706,false,210340,0.614,220,10,64,1.323,229,208,false
mixed-035-0,mixed,seed=0x8ff528db1ae67c2c;cycles=8;planted=3;d_b=16;m=5;gap=2;k=1,2187706,false,210340,0.614,220,10,128,2.406,229,208,false
mixed-035-0,mixed,seed=0x8ff528db1ae67c2c;cycles=8;planted=3;d_b=16;m=5;gap=2;k=1,2187706,false,210340,0.614,220,10,256,4.493,229,208,false
mixed-035-0,mixed,seed=0x8ff528db1ae67c2c;cycles=8;planted=3;d_b=16;m=5;gap=2;k=1,2187706,false,210340,0.614,220,10,512,8.707,229,208,false
mixed-035-0,mixed,seed=0x8ff528db1ae67c2c;cycles=8;planted=3;d_b=16;m=5;gap=2;k=1,2187706,false,210340,0.614,220,10,1024,17.096,229,208,false
mixed-035-0,mixed,seed=0x8ff528db1ae67c2c;cycles=8;planted=3;d_b=16;m=5;gap=2;k=1,2187706,false,210340,0.614,220,10,2048,35.557,229,208,false
mixed-035-0,mixed,seed=0x8ff528db1ae67c2c;cycles=8;planted=3;d_b=16;m=5;gap=2;k=1,2187706,false,210340,0.614,220,10,4096,73.912,229,208,false
mixed-035-0,mixed,seed=0x8ff528db1ae67c2c;cycles=8;planted=3;d_b=16;m=5;gap=2;k=1,2187706,false,210340,0.614,220,10,8192,155.082,226,142,false
mixed-035-0,mixed,seed=0x8ff528db1ae67c2c;cycles=8;planted=3;d_b=16;m=5;gap=2;k=1,2187706,false,210340,0.614,220,10,16384,319.837,226,142,false
mixed-035-0,mixed,seed=0x8ff528db1ae67c2c;cycles=8;planted=3;d_b=16;m=5;gap=2;k=1,2187706,false,210340,0.614,220,10,32768,667.151,226,142,false
mixed-035-0,mixed,seed=0x8ff528db1ae67c2c;cycles=8;planted=3;d_b=16;m=5;gap=2;k=1,2187706,false,210340,0.614,220,10,65536,1369.078,220,10,false
mixed-035-0,mixed,seed=0x8ff528db1ae67c2c;cycles=8;planted=3;d_b=16;m=5;gap=2;k=1,2187706,false,210340,0.614,220,10,131072,2829.162,220,10,false
mixed-035-0,mixed,seed=0x8ff528db1ae67c2c;cycles=8;planted=3;d_b=16;m=5;gap=2;k=1,2187706,false,210340,0.614,220,10,262144,5808.567,220,10,false
dec-106,dec,d_b=8;m=9;gap=1;k=2;q=7;s=33,24,false,26,0.175,66,2,1,0.030,67,66,false
dec-106,dec,d_b=8;m=9;gap=1;k=2;q=7;s=33,24,false,26,0.175,66,2,2,0.041,67,66,false
dec-106,dec,d_b=8;m=9;gap=1;k=2;q=7;s=33,24,false,26,0.175,66,2,4,0.055,67,66,false
dec-106,dec,d_b=8;m=9;gap=1;k=2;q=7;s=33,24,false,26,0.175,66,2,8,0.055,67,66,false
dec-106,dec,d_b=8;m=9;gap=1;k=2;q=7;s=33,24,false,26,0.175,66,2,16,0.086,67,66,false
dec-106,dec,d_b=8;m=9;gap=1;k=2;q=7;s=33,24,false,26,0.175,66,2,32,0.102,67,66,false
dec-106,dec,d_b=8;m=9;gap=1;k=2;q=7;s=33,24,false,26,0.175,66,2,64,0.138,67,66,false
dec-106,dec,d_b=8;m=9;gap=1;k=2;q=7;s=33,24,false,26,0.175,66,2,128,0.168,67,66,false
dec-106,dec,d_b=8;m=9;gap=1;k=2;q=7;s=33,24,false,26,0.175,66,2,256,0.230,66,2,false
dec-106,dec,d_b=8;m=9;gap=1;k=2;q=7;s=33,24,false,26,0.175,66,2,512,0.333,66,2,false
dec-106,dec,d_b=8;m=9;gap=1;k=2;q=7;s=33,24,false,26,0.175,66,2,1024,0.522,66,2,false
dec-106,dec,d_b=8;m=9;gap=1;k=2;q=7;s=33,24,false,26,0.175,66,2,2048,0.848,66,2,false
dec-106,dec,d_b=8;m=9;gap=1;k=2;q=7;s=33,24,false,26,0.175,66,2,4096,1.496,66,2,false
dec-106,dec,d_b=8;m=9;gap=1;k=2;q=7;s=33,24,false,26,0.175,66,2,8192,2.637,66,2,false
dec-106,dec,d_b=8;m=9;gap=1;k=2;q=7;s=33,24,false,26,0.175,66,2,16384,4.759,66,2,false
dec-106,dec,d_b=8;m=9;gap=1;k=2;q=7;s=33,24,false,26,0.175,66,2,32768,8.913,66,2,false
dec-106,dec,d_b=8;m=9;gap=1;k=2;q=7;s=33,24,false,26,0.175,66,2,65536,16.665,66,2,false
dec-106,dec,d_b=8;m=9;gap=1;k=2;q=7;s=33,24,false,26,0.175,66,2,131072,32.408,66,2,false
dec-106,dec,d_b=8;m=9;gap=1;k=2;q=7;s=33,24,false,26,0.175,66,2,262144,62.537,66,2,false
mixed-035-1,mixed,seed=0x00aff4116f0e7a9d;cycles=8;planted=3;d_b=16;m=5;gap=2;k=1,2093935,false,206304,0.493,210,12,1,0.110,219,210,false
mixed-035-1,mixed,seed=0x00aff4116f0e7a9d;cycles=8;planted=3;d_b=16;m=5;gap=2;k=1,2093935,false,206304,0.493,210,12,2,0.102,219,210,false
mixed-035-1,mixed,seed=0x00aff4116f0e7a9d;cycles=8;planted=3;d_b=16;m=5;gap=2;k=1,2093935,false,206304,0.493,210,12,4,0.106,219,210,false
mixed-035-1,mixed,seed=0x00aff4116f0e7a9d;cycles=8;planted=3;d_b=16;m=5;gap=2;k=1,2093935,false,206304,0.493,210,12,8,0.127,219,210,false
mixed-035-1,mixed,seed=0x00aff4116f0e7a9d;cycles=8;planted=3;d_b=16;m=5;gap=2;k=1,2093935,false,206304,0.493,210,12,16,0.166,219,210,false
mixed-035-1,mixed,seed=0x00aff4116f0e7a9d;cycles=8;planted=3;d_b=16;m=5;gap=2;k=1,2093935,false,206304,0.493,210,12,32,0.283,219,210,false
mixed-035-1,mixed,seed=0x00aff4116f0e7a9d;cycles=8;planted=3;d_b=16;m=5;gap=2;k=1,2093935,false,206304,0.493,210,12,64,0.425,219,210,false
mixed-035-1,mixed,seed=0x00aff4116f0e7a9d;cycles=8;planted=3;d_b=16;m=5;gap=2;k=1,2093935,false,206304,0.493,210,12,128,0.644,219,210,false
mixed-035-1,mixed,seed=0x00aff4116f0e7a9d;cycles=8;planted=3;d_b=16;m=5;gap=2;k=1,2093935,false,206304,0.493,210,12,256,1.099,219,210,false
mixed-035-1,mixed,seed=0x00aff4116f0e7a9d;cycles=8;planted=3;d_b=16;m=5;gap=2;k=1,2093935,false,206304,0.493,210,12,512,1.726,219,210,false
mixed-035-1,mixed,seed=0x00aff4116f0e7a9d;cycles=8;planted=3;d_b=16;m=5;gap=2;k=1,2093935,false,206304,0.493,210,12,1024,3.123,219,210,false
mixed-035-1,mixed,seed=0x00aff4116f0e7a9d;cycles=8;planted=3;d_b=16;m=5;gap=2;k=1,2093935,false,206304,0.493,210,12,2048,6.250,219,210,false
mixed-035-1,mixed,seed=0x00aff4116f0e7a9d;cycles=8;planted=3;d_b=16;m=5;gap=2;k=1,2093935,false,206304,0.493,210,12,4096,13.585,219,210,false
mixed-035-1,mixed,seed=0x00aff4116f0e7a9d;cycles=8;planted=3;d_b=16;m=5;gap=2;k=1,2093935,false,206304,0.493,210,12,8192,30.280,216,144,false
mixed-035-1,mixed,seed=0x00aff4116f0e7a9d;cycles=8;planted=3;d_b=16;m=5;gap=2;k=1,2093935,false,206304,0.493,210,12,16384,67.675,216,144,false
mixed-035-1,mixed,seed=0x00aff4116f0e7a9d;cycles=8;planted=3;d_b=16;m=5;gap=2;k=1,2093935,false,206304,0.493,210,12,32768,147.088,216,144,false
mixed-035-1,mixed,seed=0x00aff4116f0e7a9d;cycles=8;planted=3;d_b=16;m=5;gap=2;k=1,2093935,false,206304,0.493,210,12,65536,309.532,216,144,false
mixed-035-1,mixed,seed=0x00aff4116f0e7a9d;cycles=8;planted=3;d_b=16;m=5;gap=2;k=1,2093935,false,206304,0.493,210,12,131072,648.576,210,12,false
mixed-035-1,mixed,seed=0x00aff4116f0e7a9d;cycles=8;planted=3;d_b=16;m=5;gap=2;k=1,2093935,false,206304,0.493,210,12,262144,1475.289,210,12,false
dec-107,dec,d_b=8;m=9;gap=1;k=4;q=7;s=33,40,false,42,0.261,66,2,1,0.033,67,66,false
dec-107,dec,d_b=8;m=9;gap=1;k=4;q=7;s=33,40,false,42,0.261,66,2,2,0.051,67,66,false
dec-107,dec,d_b=8;m=9;gap=1;k=4;q=7;s=33,40,false,42,0.261,66,2,4,0.076,67,66,false
dec-107,dec,d_b=8;m=9;gap=1;k=4;q=7;s=33,40,false,42,0.261,66,2,8,0.091,67,66,false
dec-107,dec,d_b=8;m=9;gap=1;k=4;q=7;s=33,40,false,42,0.261,66,2,16,0.112,67,66,false
dec-107,dec,d_b=8;m=9;gap=1;k=4;q=7;s=33,40,false,42,0.261,66,2,32,0.153,67,66,false
dec-107,dec,d_b=8;m=9;gap=1;k=4;q=7;s=33,40,false,42,0.261,66,2,64,0.178,67,66,false
dec-107,dec,d_b=8;m=9;gap=1;k=4;q=7;s=33,40,false,42,0.261,66,2,128,0.200,67,66,false
dec-107,dec,d_b=8;m=9;gap=1;k=4;q=7;s=33,40,false,42,0.261,66,2,256,0.289,67,66,false
dec-107,dec,d_b=8;m=9;gap=1;k=4;q=7;s=33,40,false,42,0.261,66,2,512,0.382,67,66,false
dec-107,dec,d_b=8;m=9;gap=1;k=4;q=7;s=33,40,false,42,0.261,66,2,1024,0.587,67,66,false
dec-107,dec,d_b=8;m=9;gap=1;k=4;q=7;s=33,40,false,42,0.261,66,2,2048,1.011,66,2,false
dec-107,dec,d_b=8;m=9;gap=1;k=4;q=7;s=33,40,false,42,0.261,66,2,4096,1.705,66,2,false
dec-107,dec,d_b=8;m=9;gap=1;k=4;q=7;s=33,40,false,42,0.261,66,2,8192,2.868,66,2,false
dec-107,dec,d_b=8;m=9;gap=1;k=4;q=7;s=33,40,false,42,0.261,66,2,16384,5.309,66,2,false
dec-107,dec,d_b=8;m=9;gap=1;k=4;q=7;s=33,40,false,42,0.261,66,2,32768,9.777,66,2,false
dec-107,dec,d_b=8;m=9;gap=1;k=4;q=7;s=33,40,false,42,0.261,66,2,65536,18.656,66,2,false
dec-107,dec,d_b=8;m=9;gap=1;k=4;q=7;s=33,40,false,42,0.261,66,2,131072,36.299,66,2,false
dec-107,dec,d_b=8;m=9;gap=1;k=4;q=7;s=33,40,false,42,0.261,66,2,262144,71.191,66,2,false
mixed-035-2,mixed,seed=0x3db16341fc4bd254;cycles=8;planted=3;d_b=16;m=5;gap=2;k=1,66,false,70,0.327,134,4,1,0.063,140,136,false
mixed-035-2,mixed,seed=0x3db16341fc4bd254;cycles=8;planted=3;d_b=16;m=5;gap=2;k=1,66,false,70,0.327,134,4,2,0.062,140,136,false
mixed-035-2,mixed,seed=0x3db16341fc4bd254;cycles=8;planted=3;d_b=16;m=5;gap=2;k=1,66,false,70,0.327,134,4,4,0.054,140,136,false
mixed-035-2,mixed,seed=0x3db16341fc4bd254;cycles=8;planted=3;d_b=16;m=5;gap=2;k=1,66,false,70,0.327,134,4,8,0.104,140,136,false
mixed-035-2,mixed,seed=0x3db16341fc4bd254;cycles=8;planted=3;d_b=16;m=5;gap=2;k=1,66,false,70,0.327,134,4,16,0.137,140,136,false
mixed-035-2,mixed,seed=0x3db16341fc4bd254;cycles=8;planted=3;d_b=16;m=5;gap=2;k=1,66,false,70,0.327,134,4,32,0.183,140,136,false
mixed-035-2,mixed,seed=0x3db16341fc4bd254;cycles=8;planted=3;d_b=16;m=5;gap=2;k=1,66,false,70,0.327,134,4,64,0.242,140,136,false
mixed-035-2,mixed,seed=0x3db16341fc4bd254;cycles=8;planted=3;d_b=16;m=5;gap=2;k=1,66,false,70,0.327,134,4,128,0.298,140,136,false
mixed-035-2,mixed,seed=0x3db16341fc4bd254;cycles=8;planted=3;d_b=16;m=5;gap=2;k=1,66,false,70,0.327,134,4,256,0.444,140,136,false
mixed-035-2,mixed,seed=0x3db16341fc4bd254;cycles=8;planted=3;d_b=16;m=5;gap=2;k=1,66,false,70,0.327,134,4,512,0.732,140,136,false
mixed-035-2,mixed,seed=0x3db16341fc4bd254;cycles=8;planted=3;d_b=16;m=5;gap=2;k=1,66,false,70,0.327,134,4,1024,1.194,140,136,false
mixed-035-2,mixed,seed=0x3db16341fc4bd254;cycles=8;planted=3;d_b=16;m=5;gap=2;k=1,66,false,70,0.327,134,4,2048,2.067,140,136,false
mixed-035-2,mixed,seed=0x3db16341fc4bd254;cycles=8;planted=3;d_b=16;m=5;gap=2;k=1,66,false,70,0.327,134,4,4096,3.664,134,4,false
mixed-035-2,mixed,seed=0x3db16341fc4bd254;cycles=8;planted=3;d_b=16;m=5;gap=2;k=1,66,false,70,0.327,134,4,8192,6.883,134,4,false
mixed-035-2,mixed,seed=0x3db16341fc4bd254;cycles=8;planted=3;d_b=16;m=5;gap=2;k=1,66,false,70,0.327,134,4,16384,12.890,134,4,false
mixed-035-2,mixed,seed=0x3db16341fc4bd254;cycles=8;planted=3;d_b=16;m=5;gap=2;k=1,66,false,70,0.327,134,4,32768,24.377,134,4,false
mixed-035-2,mixed,seed=0x3db16341fc4bd254;cycles=8;planted=3;d_b=16;m=5;gap=2;k=1,66,false,70,0.327,134,4,65536,46.694,134,4,false
mixed-035-2,mixed,seed=0x3db16341fc4bd254;cycles=8;planted=3;d_b=16;m=5;gap=2;k=1,66,false,70,0.327,134,4,131072,90.316,134,4,false
mixed-035-2,mixed,seed=0x3db16341fc4bd254;cycles=8;planted=3;d_b=16;m=5;gap=2;k=1,66,false,70,0.327,134,4,262144,177.277,134,4,false
dec-108,dec,d_b=8;m=9;gap=3;k=1;q=7;s=34,16,false,18,0.102,66,2,1,0.035,69,68,false
dec-108,dec,d_b=8;m=9;gap=3;k=1;q=7;s=34,16,false,18,0.102,66,2,2,0.069,69,68,false
dec-108,dec,d_b=8;m=9;gap=3;k=1;q=7;s=34,16,false,18,0.102,66,2,4,0.043,69,68,false
dec-108,dec,d_b=8;m=9;gap=3;k=1;q=7;s=34,16,false,18,0.102,66,2,8,0.069,69,68,false
dec-108,dec,d_b=8;m=9;gap=3;k=1;q=7;s=34,16,false,18,0.102,66,2,16,0.078,69,68,false
dec-108,dec,d_b=8;m=9;gap=3;k=1;q=7;s=34,16,false,18,0.102,66,2,32,0.081,69,68,false
dec-108,dec,d_b=8;m=9;gap=3;k=1;q=7;s=34,16,false,18,0.102,66,2,64,0.128,66,2,false
dec-108,dec,d_b=8;m=9;gap=3;k=1;q=7;s=34,16,false,18,0.102,66,2,128,0.167,66,2,false
dec-108,dec,d_b=8;m=9;gap=3;k=1;q=7;s=34,16,false,18,0.102,66,2,256,0.231,66,2,false
dec-108,dec,d_b=8;m=9;gap=3;k=1;q=7;s=34,16,false,18,0.102,66,2,512,0.324,66,2,false
dec-108,dec,d_b=8;m=9;gap=3;k=1;q=7;s=34,16,false,18,0.102,66,2,1024,0.532,66,2,false
dec-108,dec,d_b=8;m=9;gap=3;k=1;q=7;s=34,16,false,18,0.102,66,2,2048,0.848,66,2,true
dec-108,dec,d_b=8;m=9;gap=3;k=1;q=7;s=34,16,false,18,0.102,66,2,4096,1.457,66,2,true
dec-108,dec,d_b=8;m=9;gap=3;k=1;q=7;s=34,16,false,18,0.102,66,2,8192,2.577,66,2,true
dec-108,dec,d_b=8;m=9;gap=3;k=1;q=7;s=34,16,false,18,0.102,66,2,16384,4.731,66,2,true
dec-108,dec,d_b=8;m=9;gap=3;k=1;q=7;s=34,16,false,18,0.102,66,2,32768,8.698,66,2,true
dec-108,dec,d_b=8;m=9;gap=3;k=1;q=7;s=34,16,false,18,0.102,66,2,65536,15.935,66,2,true
dec-108,dec,d_b=8;m=9;gap=3;k=1;q=7;s=34,16,false,18,0.102,66,2,131072,31.147,66,2,true
dec-108,dec,d_b=8;m=9;gap=3;k=1;q=7;s=34,16,false,18,0.102,66,2,262144,59.968,66,2,true
mixed-036-0,mixed,seed=0x0c1585ba89fdd6b1;cycles=9;planted=1;d_b=4;m=2;gap=1;k=2,5335257,false,414702,0.066,9,4,1,0.043,10,8,false
mixed-036-0,mixed,seed=0x0c1585ba89fdd6b1;cycles=9;planted=1;d_b=4;m=2;gap=1;k=2,5335257,false,414702,0.066,9,4,2,0.057,10,8,false
mixed-036-0,mixed,seed=0x0c1585ba89fdd6b1;cycles=9;planted=1;d_b=4;m=2;gap=1;k=2,5335257,false,414702,0.066,9,4,4,0.063,10,8,false
mixed-036-0,mixed,seed=0x0c1585ba89fdd6b1;cycles=9;planted=1;d_b=4;m=2;gap=1;k=2,5335257,false,414702,0.066,9,4,8,0.107,10,8,false
mixed-036-0,mixed,seed=0x0c1585ba89fdd6b1;cycles=9;planted=1;d_b=4;m=2;gap=1;k=2,5335257,false,414702,0.066,9,4,16,0.161,10,8,false
mixed-036-0,mixed,seed=0x0c1585ba89fdd6b1;cycles=9;planted=1;d_b=4;m=2;gap=1;k=2,5335257,false,414702,0.066,9,4,32,0.298,10,8,false
mixed-036-0,mixed,seed=0x0c1585ba89fdd6b1;cycles=9;planted=1;d_b=4;m=2;gap=1;k=2,5335257,false,414702,0.066,9,4,64,0.601,9,4,false
mixed-036-0,mixed,seed=0x0c1585ba89fdd6b1;cycles=9;planted=1;d_b=4;m=2;gap=1;k=2,5335257,false,414702,0.066,9,4,128,0.973,9,4,false
mixed-036-0,mixed,seed=0x0c1585ba89fdd6b1;cycles=9;planted=1;d_b=4;m=2;gap=1;k=2,5335257,false,414702,0.066,9,4,256,1.562,9,4,false
mixed-036-0,mixed,seed=0x0c1585ba89fdd6b1;cycles=9;planted=1;d_b=4;m=2;gap=1;k=2,5335257,false,414702,0.066,9,4,512,2.423,9,4,false
mixed-036-0,mixed,seed=0x0c1585ba89fdd6b1;cycles=9;planted=1;d_b=4;m=2;gap=1;k=2,5335257,false,414702,0.066,9,4,1024,4.429,9,4,false
mixed-036-0,mixed,seed=0x0c1585ba89fdd6b1;cycles=9;planted=1;d_b=4;m=2;gap=1;k=2,5335257,false,414702,0.066,9,4,2048,8.403,9,4,false
mixed-036-0,mixed,seed=0x0c1585ba89fdd6b1;cycles=9;planted=1;d_b=4;m=2;gap=1;k=2,5335257,false,414702,0.066,9,4,4096,16.894,9,4,false
mixed-036-0,mixed,seed=0x0c1585ba89fdd6b1;cycles=9;planted=1;d_b=4;m=2;gap=1;k=2,5335257,false,414702,0.066,9,4,8192,37.774,9,4,false
mixed-036-0,mixed,seed=0x0c1585ba89fdd6b1;cycles=9;planted=1;d_b=4;m=2;gap=1;k=2,5335257,false,414702,0.066,9,4,16384,76.402,9,4,false
mixed-036-0,mixed,seed=0x0c1585ba89fdd6b1;cycles=9;planted=1;d_b=4;m=2;gap=1;k=2,5335257,false,414702,0.066,9,4,32768,155.283,9,4,false
mixed-036-0,mixed,seed=0x0c1585ba89fdd6b1;cycles=9;planted=1;d_b=4;m=2;gap=1;k=2,5335257,false,414702,0.066,9,4,65536,312.691,9,4,false
mixed-036-0,mixed,seed=0x0c1585ba89fdd6b1;cycles=9;planted=1;d_b=4;m=2;gap=1;k=2,5335257,false,414702,0.066,9,4,131072,831.205,9,4,false
mixed-036-0,mixed,seed=0x0c1585ba89fdd6b1;cycles=9;planted=1;d_b=4;m=2;gap=1;k=2,5335257,false,414702,0.066,9,4,262144,1482.947,9,4,false
dec-109,dec,d_b=8;m=9;gap=3;k=2;q=7;s=34,24,false,26,0.176,66,2,1,0.033,69,68,false
dec-109,dec,d_b=8;m=9;gap=3;k=2;q=7;s=34,24,false,26,0.176,66,2,2,0.046,69,68,false
dec-109,dec,d_b=8;m=9;gap=3;k=2;q=7;s=34,24,false,26,0.176,66,2,4,0.057,69,68,false
dec-109,dec,d_b=8;m=9;gap=3;k=2;q=7;s=34,24,false,26,0.176,66,2,8,0.057,69,68,false
dec-109,dec,d_b=8;m=9;gap=3;k=2;q=7;s=34,24,false,26,0.176,66,2,16,0.098,69,68,false
dec-109,dec,d_b=8;m=9;gap=3;k=2;q=7;s=34,24,false,26,0.176,66,2,32,0.103,69,68,false
dec-109,dec,d_b=8;m=9;gap=3;k=2;q=7;s=34,24,false,26,0.176,66,2,64,0.139,69,68,false
dec-109,dec,d_b=8;m=9;gap=3;k=2;q=7;s=34,24,false,26,0.176,66,2,128,0.170,69,68,false
dec-109,dec,d_b=8;m=9;gap=3;k=2;q=7;s=34,24,false,26,0.176,66,2,256,0.233,66,2,false
dec-109,dec,d_b=8;m=9;gap=3;k=2;q=7;s=34,24,false,26,0.176,66,2,512,0.338,66,2,false
dec-109,dec,d_b=8;m=9;gap=3;k=2;q=7;s=34,24,false,26,0.176,66,2,1024,0.551,66,2,false
dec-109,dec,d_b=8;m=9;gap=3;k=2;q=7;s=34,24,false,26,0.176,66,2,2048,0.872,66,2,false
dec-109,dec,d_b=8;m=9;gap=3;k=2;q=7;s=34,24,false,26,0.176,66,2,4096,1.519,66,2,false
dec-109,dec,d_b=8;m=9;gap=3;k=2;q=7;s=34,24,false,26,0.176,66,2,8192,2.686,66,2,false
dec-109,dec,d_b=8;m=9;gap=3;k=2;q=7;s=34,24,false,26,0.176,66,2,16384,4.819,66,2,false
dec-109,dec,d_b=8;m=9;gap=3;k=2;q=7;s=34,24,false,26,0.176,66,2,32768,8.982,66,2,false
dec-109,dec,d_b=8;m=9;gap=3;k=2;q=7;s=34,24,false,26,0.176,66,2,65536,16.843,66,2,false
dec-109,dec,d_b=8;m=9;gap=3;k=2;q=7;s=34,24,false,26,0.176,66,2,131072,32.570,66,2,false
dec-109,dec,d_b=8;m=9;gap=3;k=2;q=7;s=34,24,false,26,0.176,66,2,262144,63.702,66,2,false
mixed-036-1,mixed,seed=0xf6234467df3846d2;cycles=9;planted=1;d_b=4;m=2;gap=1;k=2,12612679,false,927371,0.118,20,10,1,0.113,21,14,false
mixed-036-1,mixed,seed=0xf6234467df3846d2;cycles=9;planted=1;d_b=4;m=2;gap=1;k=2,12612679,false,927371,0.118,20,10,2,0.127,21,14,false
mixed-036-1,mixed,seed=0xf6234467df3846d2;cycles=9;planted=1;d_b=4;m=2;gap=1;k=2,12612679,false,927371,0.118,20,10,4,0.121,21,14,false
mixed-036-1,mixed,seed=0xf6234467df3846d2;cycles=9;planted=1;d_b=4;m=2;gap=1;k=2,12612679,false,927371,0.118,20,10,8,0.189,21,14,false
mixed-036-1,mixed,seed=0xf6234467df3846d2;cycles=9;planted=1;d_b=4;m=2;gap=1;k=2,12612679,false,927371,0.118,20,10,16,0.318,21,14,false
mixed-036-1,mixed,seed=0xf6234467df3846d2;cycles=9;planted=1;d_b=4;m=2;gap=1;k=2,12612679,false,927371,0.118,20,10,32,0.480,21,14,false
mixed-036-1,mixed,seed=0xf6234467df3846d2;cycles=9;planted=1;d_b=4;m=2;gap=1;k=2,12612679,false,927371,0.118,20,10,64,0.862,21,14,false
mixed-036-1,mixed,seed=0xf6234467df3846d2;cycles=9;planted=1;d_b=4;m=2;gap=1;k=2,12612679,false,927371,0.118,20,10,128,1.516,21,14,false
mixed-036-1,mixed,seed=0xf6234467df3846d2;cycles=9;planted=1;d_b=4;m=2;gap=1;k=2,12612679,false,927371,0.118,20,10,256,2.700,21,14,false
mixed-036-1,mixed,seed=0xf6234467df3846d2;cycles=9;planted=1;d_b=4;m=2;gap=1;k=2,12612679,false,927371,0.118,20,10,512,4.629,20,10,false
mixed-036-1,mixed,seed=0xf6234467df3846d2;cycles=9;planted=1;d_b=4;m=2;gap=1;k=2,12612679,false,927371,0.118,20,10,1024,8.761,20,10,false
mixed-036-1,mixed,seed=0xf6234467df3846d2;cycles=9;planted=1;d_b=4;m=2;gap=1;k=2,12612679,false,927371,0.118,20,10,2048,16.718,20,10,false
mixed-036-1,mixed,seed=0xf6234467df3846d2;cycles=9;planted=1;d_b=4;m=2;gap=1;k=2,12612679,false,927371,0.118,20,10,4096,33.531,20,10,false
mixed-036-1,mixed,seed=0xf6234467df3846d2;cycles=9;planted=1;d_b=4;m=2;gap=1;k=2,12612679,false,927371,0.118,20,10,8192,67.230,20,10,false
mixed-036-1,mixed,seed=0xf6234467df3846d2;cycles=9;planted=1;d_b=4;m=2;gap=1;k=2,12612679,false,927371,0.118,20,10,16384,136.823,20,10,false
mixed-036-1,mixed,seed=0xf6234467df3846d2;cycles=9;planted=1;d_b=4;m=2;gap=1;k=2,12612679,false,927371,0.118,20,10,32768,280.069,20,10,false
mixed-036-1,mixed,seed=0xf6234467df3846d2;cycles=9;planted=1;d_b=4;m=2;gap=1;k=2,12612679,false,927371,0.118,20,10,65536,564.775,20,10,false
mixed-036-1,mixed,seed=0xf6234467df3846d2;cycles=9;planted=1;d_b=4;m=2;gap=1;k=2,12612679,false,927371,0.118,20,10,131072,1125.976,20,10,false
mixed-036-1,mixed,seed=0xf6234467df3846d2;cycles=9;planted=1;d_b=4;m=2;gap=1;k=2,12612679,false,927371,0.118,20,10,262144,2280.272,20,10,false
dec-110,dec,d_b=8;m=9;gap=3;k=4;q=7;s=34,40,false,42,0.279,66,2,1,0.034,69,68,false
dec-110,dec,d_b=8;m=9;gap=3;k=4;q=7;s=34,40,false,42,0.279,66,2,2,0.047,69,68,false
dec-110,dec,d_b=8;m=9;gap=3;k=4;q=7;s=34,40,false,42,0.279,66,2,4,0.067,69,68,false
dec-110,dec,d_b=8;m=9;gap=3;k=4;q=7;s=34,40,false,42,0.279,66,2,8,0.086,69,68,false
dec-110,dec,d_b=8;m=9;gap=3;k=4;q=7;s=34,40,false,42,0.279,66,2,16,0.098,69,68,false
dec-110,dec,d_b=8;m=9;gap=3;k=4;q=7;s=34,40,false,42,0.279,66,2,32,0.146,69,68,false
dec-110,dec,d_b=8;m=9;gap=3;k=4;q=7;s=34,40,false,42,0.279,66,2,64,0.153,69,68,false
dec-110,dec,d_b=8;m=9;gap=3;k=4;q=7;s=34,40,false,42,0.279,66,2,128,0.196,69,68,false
dec-110,dec,d_b=8;m=9;gap=3;k=4;q=7;s=34,40,false,42,0.279,66,2,256,0.281,69,68,false
dec-110,dec,d_b=8;m=9;gap=3;k=4;q=7;s=34,40,false,42,0.279,66,2,512,0.380,69,68,false
dec-110,dec,d_b=8;m=9;gap=3;k=4;q=7;s=34,40,false,42,0.279,66,2,1024,0.570,69,68,false
dec-110,dec,d_b=8;m=9;gap=3;k=4;q=7;s=34,40,false,42,0.279,66,2,2048,0.927,66,2,false
dec-110,dec,d_b=8;m=9;gap=3;k=4;q=7;s=34,40,false,42,0.279,66,2,4096,1.558,66,2,false
dec-110,dec,d_b=8;m=9;gap=3;k=4;q=7;s=34,40,false,42,0.279,66,2,8192,2.772,66,2,false
dec-110,dec,d_b=8;m=9;gap=3;k=4;q=7;s=34,40,false,42,0.279,66,2,16384,5.109,66,2,false
dec-110,dec,d_b=8;m=9;gap=3;k=4;q=7;s=34,40,false,42,0.279,66,2,32768,9.624,66,2,false
dec-110,dec,d_b=8;m=9;gap=3;k=4;q=7;s=34,40,false,42,0.279,66,2,65536,18.326,66,2,false
dec-110,dec,d_b=8;m=9;gap=3;k=4;q=7;s=34,40,false,42,0.279,66,2,131072,35.832,66,2,false
dec-110,dec,d_b=8;m=9;gap=3;k=4;q=7;s=34,40,false,42,0.279,66,2,262144,69.672,66,2,false
mixed-036-2,mixed,seed=0x0d0ffc0004d6ee97;cycles=9;planted=1;d_b=4;m=2;gap=1;k=2,5335266,false,414731,0.110,27,6,1,0.094,28,10,false
mixed-036-2,mixed,seed=0x0d0ffc0004d6ee97;cycles=9;planted=1;d_b=4;m=2;gap=1;k=2,5335266,false,414731,0.110,27,6,2,0.096,28,10,false
mixed-036-2,mixed,seed=0x0d0ffc0004d6ee97;cycles=9;planted=1;d_b=4;m=2;gap=1;k=2,5335266,false,414731,0.110,27,6,4,0.087,28,10,false
mixed-036-2,mixed,seed=0x0d0ffc0004d6ee97;cycles=9;planted=1;d_b=4;m=2;gap=1;k=2,5335266,false,414731,0.110,27,6,8,0.119,28,10,false
mixed-036-2,mixed,seed=0x0d0ffc0004d6ee97;cycles=9;planted=1;d_b=4;m=2;gap=1;k=2,5335266,false,414731,0.110,27,6,16,0.171,28,10,false
mixed-036-2,mixed,seed=0x0d0ffc0004d6ee97;cycles=9;planted=1;d_b=4;m=2;gap=1;k=2,5335266,false,414731,0.110,27,6,32,0.296,28,10,false
mixed-036-2,mixed,seed=0x0d0ffc0004d6ee97;cycles=9;planted=1;d_b=4;m=2;gap=1;k=2,5335266,false,414731,0.110,27,6,64,0.540,28,10,false
mixed-036-2,mixed,seed=0x0d0ffc0004d6ee97;cycles=9;planted=1;d_b=4;m=2;gap=1;k=2,5335266,false,414731,0.110,27,6,128,0.997,27,6,false
mixed-036-2,mixed,seed=0x0d0ffc0004d6ee97;cycles=9;planted=1;d_b=4;m=2;gap=1;k=2,5335266,false,414731,0.110,27,6,256,1.837,27,6,false
mixed-036-2,mixed,seed=0x0d0ffc0004d6ee97;cycles=9;planted=1;d_b=4;m=2;gap=1;k=2,5335266,false,414731,0.110,27,6,512,3.352,27,6,false
mixed-036-2,mixed,seed=0x0d0ffc0004d6ee97;cycles=9;planted=1;d_b=4;m=2;gap=1;k=2,5335266,false,414731,0.110,27,6,1024,6.001,27,6,false
mixed-036-2,mixed,seed=0x0d0ffc0004d6ee97;cycles=9;planted=1;d_b=4;m=2;gap=1;k=2,5335266,false,414731,0.110,27,6,2048,10.487,27,6,false
mixed-036-2,mixed,seed=0x0d0ffc0004d6ee97;cycles=9;planted=1;d_b=4;m=2;gap=1;k=2,5335266,false,414731,0.110,27,6,4096,19.501,27,6,false
mixed-036-2,mixed,seed=0x0d0ffc0004d6ee97;cycles=9;planted=1;d_b=4;m=2;gap=1;k=2,5335266,false,414731,0.110,27,6,8192,36.426,27,6,false
mixed-036-2,mixed,seed=0x0d0ffc0004d6ee97;cycles=9;planted=1;d_b=4;m=2;gap=1;k=2,5335266,false,414731,0.110,27,6,16384,75.876,27,6,false
mixed-036-2,mixed,seed=0x0d0ffc0004d6ee97;cycles=9;planted=1;d_b=4;m=2;gap=1;k=2,5335266,false,414731,0.110,27,6,32768,135.034,27,6,false
mixed-036-2,mixed,seed=0x0d0ffc0004d6ee97;cycles=9;planted=1;d_b=4;m=2;gap=1;k=2,5335266,false,414731,0.110,27,6,65536,263.138,27,6,false
mixed-036-2,mixed,seed=0x0d0ffc0004d6ee97;cycles=9;planted=1;d_b=4;m=2;gap=1;k=2,5335266,false,414731,0.110,27,6,131072,527.622,27,6,false
mixed-036-2,mixed,seed=0x0d0ffc0004d6ee97;cycles=9;planted=1;d_b=4;m=2;gap=1;k=2,5335266,false,414731,0.110,27,6,262144,1055.391,27,6,false
dec-111,dec,d_b=8;m=9;gap=7;k=1;q=7;s=36,16,false,18,0.102,66,2,1,0.029,73,72,false
dec-111,dec,d_b=8;m=9;gap=7;k=1;q=7;s=36,16,false,18,0.102,66,2,2,0.046,73,72,false
dec-111,dec,d_b=8;m=9;gap=7;k=1;q=7;s=36,16,false,18,0.102,66,2,4,0.044,73,72,false
dec-111,dec,d_b=8;m=9;gap=7;k=1;q=7;s=36,16,false,18,0.102,66,2,8,0.061,73,72,false
dec-111,dec,d_b=8;m=9;gap=7;k=1;q=7;s=36,16,false,18,0.102,66,2,16,0.080,73,72,false
dec-111,dec,d_b=8;m=9;gap=7;k=1;q=7;s=36,16,false,18,0.102,66,2,32,0.085,73,72,false
dec-111,dec,d_b=8;m=9;gap=7;k=1;q=7;s=36,16,false,18,0.102,66,2,64,0.121,66,2,false
dec-111,dec,d_b=8;m=9;gap=7;k=1;q=7;s=36,16,false,18,0.102,66,2,128,0.167,66,2,false
dec-111,dec,d_b=8;m=9;gap=7;k=1;q=7;s=36,16,false,18,0.102,66,2,256,0.236,66,2,false
dec-111,dec,d_b=8;m=9;gap=7;k=1;q=7;s=36,16,false,18,0.102,66,2,512,0.354,66,2,false
dec-111,dec,d_b=8;m=9;gap=7;k=1;q=7;s=36,16,false,18,0.102,66,2,1024,0.526,66,2,false
dec-111,dec,d_b=8;m=9;gap=7;k=1;q=7;s=36,16,false,18,0.102,66,2,2048,0.858,66,2,true
dec-111,dec,d_b=8;m=9;gap=7;k=1;q=7;s=36,16,false,18,0.102,66,2,4096,1.503,66,2,true
dec-111,dec,d_b=8;m=9;gap=7;k=1;q=7;s=36,16,false,18,0.102,66,2,8192,2.622,66,2,true
dec-111,dec,d_b=8;m=9;gap=7;k=1;q=7;s=36,16,false,18,0.102,66,2,16384,4.757,66,2,true
dec-111,dec,d_b=8;m=9;gap=7;k=1;q=7;s=36,16,false,18,0.102,66,2,32768,8.544,66,2,true
dec-111,dec,d_b=8;m=9;gap=7;k=1;q=7;s=36,16,false,18,0.102,66,2,65536,16.215,66,2,true
dec-111,dec,d_b=8;m=9;gap=7;k=1;q=7;s=36,16,false,18,0.102,66,2,131072,30.626,66,2,true
dec-111,dec,d_b=8;m=9;gap=7;k=1;q=7;s=36,16,false,18,0.102,66,2,262144,59.388,66,2,true
mixed-037-0,mixed,seed=0x0eed9046a13fa5c2;cycles=9;planted=1;d_b=8;m=3;gap=2;k=2,5335271,false,414724,0.117,25,6,1,0.069,28,24,false
mixed-037-0,mixed,seed=0x0eed9046a13fa5c2;cycles=9;planted=1;d_b=8;m=3;gap=2;k=2,5335271,false,414724,0.117,25,6,2,0.068,28,24,false
mixed-037-0,mixed,seed=0x0eed9046a13fa5c2;cycles=9;planted=1;d_b=8;m=3;gap=2;k=2,5335271,false,414724,0.117,25,6,4,0.099,28,24,false
mixed-037-0,mixed,seed=0x0eed9046a13fa5c2;cycles=9;planted=1;d_b=8;m=3;gap=2;k=2,5335271,false,414724,0.117,25,6,8,0.154,28,24,false
mixed-037-0,mixed,seed=0x0eed9046a13fa5c2;cycles=9;planted=1;d_b=8;m=3;gap=2;k=2,5335271,false,414724,0.117,25,6,16,0.247,28,24,false
mixed-037-0,mixed,seed=0x0eed9046a13fa5c2;cycles=9;planted=1;d_b=8;m=3;gap=2;k=2,5335271,false,414724,0.117,25,6,32,0.455,28,24,false
mixed-037-0,mixed,seed=0x0eed9046a13fa5c2;cycles=9;planted=1;d_b=8;m=3;gap=2;k=2,5335271,false,414724,0.117,25,6,64,0.884,28,24,false
mixed-037-0,mixed,seed=0x0eed9046a13fa5c2;cycles=9;planted=1;d_b=8;m=3;gap=2;k=2,5335271,false,414724,0.117,25,6,128,1.566,28,24,false
mixed-037-0,mixed,seed=0x0eed9046a13fa5c2;cycles=9;planted=1;d_b=8;m=3;gap=2;k=2,5335271,false,414724,0.117,25,6,256,2.576,25,6,false
mixed-037-0,mixed,seed=0x0eed9046a13fa5c2;cycles=9;planted=1;d_b=8;m=3;gap=2;k=2,5335271,false,414724,0.117,25,6,512,4.556,25,6,false
mixed-037-0,mixed,seed=0x0eed9046a13fa5c2;cycles=9;planted=1;d_b=8;m=3;gap=2;k=2,5335271,false,414724,0.117,25,6,1024,8.856,25,6,false
mixed-037-0,mixed,seed=0x0eed9046a13fa5c2;cycles=9;planted=1;d_b=8;m=3;gap=2;k=2,5335271,false,414724,0.117,25,6,2048,17.400,25,6,false
mixed-037-0,mixed,seed=0x0eed9046a13fa5c2;cycles=9;planted=1;d_b=8;m=3;gap=2;k=2,5335271,false,414724,0.117,25,6,4096,34.268,25,6,false
mixed-037-0,mixed,seed=0x0eed9046a13fa5c2;cycles=9;planted=1;d_b=8;m=3;gap=2;k=2,5335271,false,414724,0.117,25,6,8192,71.682,25,6,false
mixed-037-0,mixed,seed=0x0eed9046a13fa5c2;cycles=9;planted=1;d_b=8;m=3;gap=2;k=2,5335271,false,414724,0.117,25,6,16384,143.517,25,6,false
mixed-037-0,mixed,seed=0x0eed9046a13fa5c2;cycles=9;planted=1;d_b=8;m=3;gap=2;k=2,5335271,false,414724,0.117,25,6,32768,290.801,25,6,false
mixed-037-0,mixed,seed=0x0eed9046a13fa5c2;cycles=9;planted=1;d_b=8;m=3;gap=2;k=2,5335271,false,414724,0.117,25,6,65536,574.823,25,6,false
mixed-037-0,mixed,seed=0x0eed9046a13fa5c2;cycles=9;planted=1;d_b=8;m=3;gap=2;k=2,5335271,false,414724,0.117,25,6,131072,1159.189,25,6,false
mixed-037-0,mixed,seed=0x0eed9046a13fa5c2;cycles=9;planted=1;d_b=8;m=3;gap=2;k=2,5335271,false,414724,0.117,25,6,262144,2466.583,25,6,false
dec-112,dec,d_b=8;m=9;gap=7;k=2;q=7;s=36,24,false,26,0.177,66,2,1,0.034,73,72,false
dec-112,dec,d_b=8;m=9;gap=7;k=2;q=7;s=36,24,false,26,0.177,66,2,2,0.046,73,72,false
dec-112,dec,d_b=8;m=9;gap=7;k=2;q=7;s=36,24,false,26,0.177,66,2,4,0.062,73,72,false
dec-112,dec,d_b=8;m=9;gap=7;k=2;q=7;s=36,24,false,26,0.177,66,2,8,0.063,73,72,false
dec-112,dec,d_b=8;m=9;gap=7;k=2;q=7;s=36,24,false,26,0.177,66,2,16,0.087,73,72,false
dec-112,dec,d_b=8;m=9;gap=7;k=2;q=7;s=36,24,false,26,0.177,66,2,32,0.112,73,72,false
dec-112,dec,d_b=8;m=9;gap=7;k=2;q=7;s=36,24,false,26,0.177,66,2,64,0.141,73,72,false
dec-112,dec,d_b=8;m=9;gap=7;k=2;q=7;s=36,24,false,26,0.177,66,2,128,0.174,73,72,false
dec-112,dec,d_b=8;m=9;gap=7;k=2;q=7;s=36,24,false,26,0.177,66,2,256,0.236,66,2,false
dec-112,dec,d_b=8;m=9;gap=7;k=2;q=7;s=36,24,false,26,0.177,66,2,512,0.358,66,2,false
dec-112,dec,d_b=8;m=9;gap=7;k=2;q=7;s=36,24,false,26,0.177,66,2,1024,0.521,66,2,false
dec-112,dec,d_b=8;m=9;gap=7;k=2;q=7;s=36,24,false,26,0.177,66,2,2048,0.915,66,2,false
dec-112,dec,d_b=8;m=9;gap=7;k=2;q=7;s=36,24,false,26,0.177,66,2,4096,1.518,66,2,false
dec-112,dec,d_b=8;m=9;gap=7;k=2;q=7;s=36,24,false,26,0.177,66,2,8192,2.725,66,2,false
dec-112,dec,d_b=8;m=9;gap=7;k=2;q=7;s=36,24,false,26,0.177,66,2,16384,4.799,66,2,false
dec-112,dec,d_b=8;m=9;gap=7;k=2;q=7;s=36,24,false,26,0.177,66,2,32768,9.045,66,2,false
dec-112,dec,d_b=8;m=9;gap=7;k=2;q=7;s=36,24,false,26,0.177,66,2,65536,16.904,66,2,false
dec-112,dec,d_b=8;m=9;gap=7;k=2;q=7;s=36,24,false,26,0.177,66,2,131072,33.006,66,2,false
dec-112,dec,d_b=8;m=9;gap=7;k=2;q=7;s=36,24,false,26,0.177,66,2,262144,63.880,66,2,false
mixed-037-1,mixed,seed=0xfd7775436da039bb;cycles=9;planted=1;d_b=8;m=3;gap=2;k=2,5335273,false,414731,0.133,30,6,1,0.078,33,24,false
mixed-037-1,mixed,seed=0xfd7775436da039bb;cycles=9;planted=1;d_b=8;m=3;gap=2;k=2,5335273,false,414731,0.133,30,6,2,0.080,33,24,false
mixed-037-1,mixed,seed=0xfd7775436da039bb;cycles=9;planted=1;d_b=8;m=3;gap=2;k=2,5335273,false,414731,0.133,30,6,4,0.091,33,24,false
mixed-037-1,mixed,seed=0xfd7775436da039bb;cycles=9;planted=1;d_b=8;m=3;gap=2;k=2,5335273,false,414731,0.133,30,6,8,0.130,33,24,false
mixed-037-1,mixed,seed=0xfd7775436da039bb;cycles=9;planted=1;d_b=8;m=3;gap=2;k=2,5335273,false,414731,0.133,30,6,16,0.211,33,24,false
mixed-037-1,mixed,seed=0xfd7775436da039bb;cycles=9;planted=1;d_b=8;m=3;gap=2;k=2,5335273,false,414731,0.133,30,6,32,0.338,33,24,false
mixed-037-1,mixed,seed=0xfd7775436da039bb;cycles=9;planted=1;d_b=8;m=3;gap=2;k=2,5335273,false,414731,0.133,30,6,64,0.606,33,24,false
mixed-037-1,mixed,seed=0xfd7775436da039bb;cycles=9;planted=1;d_b=8;m=3;gap=2;k=2,5335273,false,414731,0.133,30,6,128,1.211,30,6,false
mixed-037-1,mixed,seed=0xfd7775436da039bb;cycles=9;planted=1;d_b=8;m=3;gap=2;k=2,5335273,false,414731,0.133,30,6,256,1.806,30,6,false
mixed-037-1,mixed,seed=0xfd7775436da039bb;cycles=9;planted=1;d_b=8;m=3;gap=2;k=2,5335273,false,414731,0.133,30,6,512,2.927,30,6,false
mixed-037-1,mixed,seed=0xfd7775436da039bb;cycles=9;planted=1;d_b=8;m=3;gap=2;k=2,5335273,false,414731,0.133,30,6,1024,5.161,30,6,false
mixed-037-1,mixed,seed=0xfd7775436da039bb;cycles=9;planted=1;d_b=8;m=3;gap=2;k=2,5335273,false,414731,0.133,30,6,2048,9.897,30,6,false
mixed-037-1,mixed,seed=0xfd7775436da039bb;cycles=9;planted=1;d_b=8;m=3;gap=2;k=2,5335273,false,414731,0.133,30,6,4096,19.255,30,6,false
mixed-037-1,mixed,seed=0xfd7775436da039bb;cycles=9;planted=1;d_b=8;m=3;gap=2;k=2,5335273,false,414731,0.133,30,6,8192,40.599,30,6,false
mixed-037-1,mixed,seed=0xfd7775436da039bb;cycles=9;planted=1;d_b=8;m=3;gap=2;k=2,5335273,false,414731,0.133,30,6,16384,82.377,30,6,false
mixed-037-1,mixed,seed=0xfd7775436da039bb;cycles=9;planted=1;d_b=8;m=3;gap=2;k=2,5335273,false,414731,0.133,30,6,32768,163.772,30,6,false
mixed-037-1,mixed,seed=0xfd7775436da039bb;cycles=9;planted=1;d_b=8;m=3;gap=2;k=2,5335273,false,414731,0.133,30,6,65536,330.370,30,6,false
mixed-037-1,mixed,seed=0xfd7775436da039bb;cycles=9;planted=1;d_b=8;m=3;gap=2;k=2,5335273,false,414731,0.133,30,6,131072,666.819,30,6,false
mixed-037-1,mixed,seed=0xfd7775436da039bb;cycles=9;planted=1;d_b=8;m=3;gap=2;k=2,5335273,false,414731,0.133,30,6,262144,1458.014,30,6,false
dec-113,dec,d_b=8;m=9;gap=7;k=4;q=7;s=36,40,false,42,0.278,66,2,1,0.032,73,72,false
dec-113,dec,d_b=8;m=9;gap=7;k=4;q=7;s=36,40,false,42,0.278,66,2,2,0.042,73,72,false
dec-113,dec,d_b=8;m=9;gap=7;k=4;q=7;s=36,40,false,42,0.278,66,2,4,0.069,73,72,false
dec-113,dec,d_b=8;m=9;gap=7;k=4;q=7;s=36,40,false,42,0.278,66,2,8,0.084,73,72,false
dec-113,dec,d_b=8;m=9;gap=7;k=4;q=7;s=36,40,false,42,0.278,66,2,16,0.103,73,72,false
dec-113,dec,d_b=8;m=9;gap=7;k=4;q=7;s=36,40,false,42,0.278,66,2,32,0.150,73,72,false
dec-113,dec,d_b=8;m=9;gap=7;k=4;q=7;s=36,40,false,42,0.278,66,2,64,0.160,73,72,false
dec-113,dec,d_b=8;m=9;gap=7;k=4;q=7;s=36,40,false,42,0.278,66,2,128,0.206,73,72,false
dec-113,dec,d_b=8;m=9;gap=7;k=4;q=7;s=36,40,false,42,0.278,66,2,256,0.316,73,72,false
dec-113,dec,d_b=8;m=9;gap=7;k=4;q=7;s=36,40,false,42,0.278,66,2,512,0.451,73,72,false
dec-113,dec,d_b=8;m=9;gap=7;k=4;q=7;s=36,40,false,42,0.278,66,2,1024,0.620,73,72,false
dec-113,dec,d_b=8;m=9;gap=7;k=4;q=7;s=36,40,false,42,0.278,66,2,2048,0.970,66,2,false
dec-113,dec,d_b=8;m=9;gap=7;k=4;q=7;s=36,40,false,42,0.278,66,2,4096,1.600,66,2,false
dec-113,dec,d_b=8;m=9;gap=7;k=4;q=7;s=36,40,false,42,0.278,66,2,8192,2.886,66,2,false
dec-113,dec,d_b=8;m=9;gap=7;k=4;q=7;s=36,40,false,42,0.278,66,2,16384,5.268,66,2,false
dec-113,dec,d_b=8;m=9;gap=7;k=4;q=7;s=36,40,false,42,0.278,66,2,32768,9.862,66,2,false
dec-113,dec,d_b=8;m=9;gap=7;k=4;q=7;s=36,40,false,42,0.278,66,2,65536,18.700,66,2,false
dec-113,dec,d_b=8;m=9;gap=7;k=4;q=7;s=36,40,false,42,0.278,66,2,131072,36.555,66,2,false
dec-113,dec,d_b=8;m=9;gap=7;k=4;q=7;s=36,40,false,42,0.278,66,2,262144,70.127,66,2,false
mixed-037-2,mixed,seed=0x05aa77ef74c2d76c;cycles=9;planted=1;d_b=8;m=3;gap=2;k=2,5335274,false,414745,0.156,34,8,1,0.095,37,26,false
mixed-037-2,mixed,seed=0x05aa77ef74c2d76c;cycles=9;planted=1;d_b=8;m=3;gap=2;k=2,5335274,false,414745,0.156,34,8,2,0.096,37,26,false
mixed-037-2,mixed,seed=0x05aa77ef74c2d76c;cycles=9;planted=1;d_b=8;m=3;gap=2;k=2,5335274,false,414745,0.156,34,8,4,0.102,37,26,false
mixed-037-2,mixed,seed=0x05aa77ef74c2d76c;cycles=9;planted=1;d_b=8;m=3;gap=2;k=2,5335274,false,414745,0.156,34,8,8,0.163,37,26,false
mixed-037-2,mixed,seed=0x05aa77ef74c2d76c;cycles=9;planted=1;d_b=8;m=3;gap=2;k=2,5335274,false,414745,0.156,34,8,16,0.254,37,26,false
mixed-037-2,mixed,seed=0x05aa77ef74c2d76c;cycles=9;planted=1;d_b=8;m=3;gap=2;k=2,5335274,false,414745,0.156,34,8,32,0.377,37,26,false
mixed-037-2,mixed,seed=0x05aa77ef74c2d76c;cycles=9;planted=1;d_b=8;m=3;gap=2;k=2,5335274,false,414745,0.156,34,8,64,0.646,37,26,false
mixed-037-2,mixed,seed=0x05aa77ef74c2d76c;cycles=9;planted=1;d_b=8;m=3;gap=2;k=2,5335274,false,414745,0.156,34,8,128,1.077,34,8,false
mixed-037-2,mixed,seed=0x05aa77ef74c2d76c;cycles=9;planted=1;d_b=8;m=3;gap=2;k=2,5335274,false,414745,0.156,34,8,256,1.770,34,8,false
mixed-037-2,mixed,seed=0x05aa77ef74c2d76c;cycles=9;planted=1;d_b=8;m=3;gap=2;k=2,5335274,false,414745,0.156,34,8,512,2.716,34,8,false
mixed-037-2,mixed,seed=0x05aa77ef74c2d76c;cycles=9;planted=1;d_b=8;m=3;gap=2;k=2,5335274,false,414745,0.156,34,8,1024,4.061,34,8,false
mixed-037-2,mixed,seed=0x05aa77ef74c2d76c;cycles=9;planted=1;d_b=8;m=3;gap=2;k=2,5335274,false,414745,0.156,34,8,2048,6.390,34,8,false
mixed-037-2,mixed,seed=0x05aa77ef74c2d76c;cycles=9;planted=1;d_b=8;m=3;gap=2;k=2,5335274,false,414745,0.156,34,8,4096,10.547,34,8,false
mixed-037-2,mixed,seed=0x05aa77ef74c2d76c;cycles=9;planted=1;d_b=8;m=3;gap=2;k=2,5335274,false,414745,0.156,34,8,8192,17.850,34,8,false
mixed-037-2,mixed,seed=0x05aa77ef74c2d76c;cycles=9;planted=1;d_b=8;m=3;gap=2;k=2,5335274,false,414745,0.156,34,8,16384,32.778,34,8,false
mixed-037-2,mixed,seed=0x05aa77ef74c2d76c;cycles=9;planted=1;d_b=8;m=3;gap=2;k=2,5335274,false,414745,0.156,34,8,32768,59.944,34,8,false
mixed-037-2,mixed,seed=0x05aa77ef74c2d76c;cycles=9;planted=1;d_b=8;m=3;gap=2;k=2,5335274,false,414745,0.156,34,8,65536,125.364,34,8,false
mixed-037-2,mixed,seed=0x05aa77ef74c2d76c;cycles=9;planted=1;d_b=8;m=3;gap=2;k=2,5335274,false,414745,0.156,34,8,131072,246.647,34,8,false
mixed-037-2,mixed,seed=0x05aa77ef74c2d76c;cycles=9;planted=1;d_b=8;m=3;gap=2;k=2,5335274,false,414745,0.156,34,8,262144,516.276,34,8,false
dec-114,dec,d_b=8;m=9;gap=13;k=1;q=7;s=39,16,false,18,0.104,66,2,1,0.031,79,78,false
dec-114,dec,d_b=8;m=9;gap=13;k=1;q=7;s=39,16,false,18,0.104,66,2,2,0.050,79,78,false
dec-114,dec,d_b=8;m=9;gap=13;k=1;q=7;s=39,16,false,18,0.104,66,2,4,0.047,79,78,false
dec-114,dec,d_b=8;m=9;gap=13;k=1;q=7;s=39,16,false,18,0.104,66,2,8,0.066,79,78,false
dec-114,dec,d_b=8;m=9;gap=13;k=1;q=7;s=39,16,false,18,0.104,66,2,16,0.094,66,2,false
dec-114,dec,d_b=8;m=9;gap=13;k=1;q=7;s=39,16,false,18,0.104,66,2,32,0.100,66,2,false
dec-114,dec,d_b=8;m=9;gap=13;k=1;q=7;s=39,16,false,18,0.104,66,2,64,0.151,66,2,false
dec-114,dec,d_b=8;m=9;gap=13;k=1;q=7;s=39,16,false,18,0.104,66,2,128,0.179,66,2,false
dec-114,dec,d_b=8;m=9;gap=13;k=1;q=7;s=39,16,false,18,0.104,66,2,256,0.242,66,2,false
dec-114,dec,d_b=8;m=9;gap=13;k=1;q=7;s=39,16,false,18,0.104,66,2,512,0.357,66,2,false
dec-114,dec,d_b=8;m=9;gap=13;k=1;q=7;s=39,16,false,18,0.104,66,2,1024,0.547,66,2,true
dec-114,dec,d_b=8;m=9;gap=13;k=1;q=7;s=39,16,false,18,0.104,66,2,2048,0.889,66,2,true
dec-114,dec,d_b=8;m=9;gap=13;k=1;q=7;s=39,16,false,18,0.104,66,2,4096,1.522,66,2,true
dec-114,dec,d_b=8;m=9;gap=13;k=1;q=7;s=39,16,false,18,0.104,66,2,8192,2.682,66,2,true
dec-114,dec,d_b=8;m=9;gap=13;k=1;q=7;s=39,16,false,18,0.104,66,2,16384,4.746,66,2,true
dec-114,dec,d_b=8;m=9;gap=13;k=1;q=7;s=39,16,false,18,0.104,66,2,32768,8.630,66,2,true
dec-114,dec,d_b=8;m=9;gap=13;k=1;q=7;s=39,16,false,18,0.104,66,2,65536,16.243,66,2,true
dec-114,dec,d_b=8;m=9;gap=13;k=1;q=7;s=39,16,false,18,0.104,66,2,131072,30.820,66,2,true
dec-114,dec,d_b=8;m=9;gap=13;k=1;q=7;s=39,16,false,18,0.104,66,2,262144,60.366,66,2,true
mixed-038-0,mixed,seed=0x67ea1e2f0b2716bb;cycles=9;planted=1;d_b=12;m=2;gap=6;k=4,9831560,false,743467,0.165,26,10,1,0.084,33,28,false
mixed-038-0,mixed,seed=0x67ea1e2f0b2716bb;cycles=9;planted=1;d_b=12;m=2;gap=6;k=4,9831560,false,743467,0.165,26,10,2,0.102,33,28,false
mixed-038-0,mixed,seed=0x67ea1e2f0b2716bb;cycles=9;planted=1;d_b=12;m=2;gap=6;k=4,9831560,false,743467,0.165,26,10,4,0.103,33,28,false
mixed-038-0,mixed,seed=0x67ea1e2f0b2716bb;cycles=9;planted=1;d_b=12;m=2;gap=6;k=4,9831560,false,743467,0.165,26,10,8,0.144,33,28,false
mixed-038-0,mixed,seed=0x67ea1e2f0b2716bb;cycles=9;planted=1;d_b=12;m=2;gap=6;k=4,9831560,false,743467,0.165,26,10,16,0.220,33,28,false
mixed-038-0,mixed,seed=0x67ea1e2f0b2716bb;cycles=9;planted=1;d_b=12;m=2;gap=6;k=4,9831560,false,743467,0.165,26,10,32,0.403,33,28,false
mixed-038-0,mixed,seed=0x67ea1e2f0b2716bb;cycles=9;planted=1;d_b=12;m=2;gap=6;k=4,9831560,false,743467,0.165,26,10,64,0.714,33,28,false
mixed-038-0,mixed,seed=0x67ea1e2f0b2716bb;cycles=9;planted=1;d_b=12;m=2;gap=6;k=4,9831560,false,743467,0.165,26,10,128,1.170,33,28,false
mixed-038-0,mixed,seed=0x67ea1e2f0b2716bb;cycles=9;planted=1;d_b=12;m=2;gap=6;k=4,9831560,false,743467,0.165,26,10,256,1.679,33,28,false
mixed-038-0,mixed,seed=0x67ea1e2f0b2716bb;cycles=9;planted=1;d_b=12;m=2;gap=6;k=4,9831560,false,743467,0.165,26,10,512,2.647,33,28,false
mixed-038-0,mixed,seed=0x67ea1e2f0b2716bb;cycles=9;planted=1;d_b=12;m=2;gap=6;k=4,9831560,false,743467,0.165,26,10,1024,4.732,33,28,false
mixed-038-0,mixed,seed=0x67ea1e2f0b2716bb;cycles=9;planted=1;d_b=12;m=2;gap=6;k=4,9831560,false,743467,0.165,26,10,2048,8.955,33,28,false
mixed-038-0,mixed,seed=0x67ea1e2f0b2716bb;cycles=9;planted=1;d_b=12;m=2;gap=6;k=4,9831560,false,743467,0.165,26,10,4096,17.251,26,10,false
mixed-038-0,mixed,seed=0x67ea1e2f0b2716bb;cycles=9;planted=1;d_b=12;m=2;gap=6;k=4,9831560,false,743467,0.165,26,10,8192,36.698,26,10,false
mixed-038-0,mixed,seed=0x67ea1e2f0b2716bb;cycles=9;planted=1;d_b=12;m=2;gap=6;k=4,9831560,false,743467,0.165,26,10,16384,73.701,26,10,false
mixed-038-0,mixed,seed=0x67ea1e2f0b2716bb;cycles=9;planted=1;d_b=12;m=2;gap=6;k=4,9831560,false,743467,0.165,26,10,32768,150.780,26,10,false
mixed-038-0,mixed,seed=0x67ea1e2f0b2716bb;cycles=9;planted=1;d_b=12;m=2;gap=6;k=4,9831560,false,743467,0.165,26,10,65536,297.329,26,10,false
mixed-038-0,mixed,seed=0x67ea1e2f0b2716bb;cycles=9;planted=1;d_b=12;m=2;gap=6;k=4,9831560,false,743467,0.165,26,10,131072,601.240,26,10,false
mixed-038-0,mixed,seed=0x67ea1e2f0b2716bb;cycles=9;planted=1;d_b=12;m=2;gap=6;k=4,9831560,false,743467,0.165,26,10,262144,1356.607,26,10,false
dec-115,dec,d_b=8;m=9;gap=13;k=2;q=7;s=39,24,false,26,0.186,66,2,1,0.031,79,78,false
dec-115,dec,d_b=8;m=9;gap=13;k=2;q=7;s=39,24,false,26,0.186,66,2,2,0.046,79,78,false
dec-115,dec,d_b=8;m=9;gap=13;k=2;q=7;s=39,24,false,26,0.186,66,2,4,0.066,79,78,false
dec-115,dec,d_b=8;m=9;gap=13;k=2;q=7;s=39,24,false,26,0.186,66,2,8,0.066,79,78,false
dec-115,dec,d_b=8;m=9;gap=13;k=2;q=7;s=39,24,false,26,0.186,66,2,16,0.091,79,78,false
dec-115,dec,d_b=8;m=9;gap=13;k=2;q=7;s=39,24,false,26,0.186,66,2,32,0.127,79,78,false
dec-115,dec,d_b=8;m=9;gap=13;k=2;q=7;s=39,24,false,26,0.186,66,2,64,0.152,66,2,false
dec-115,dec,d_b=8;m=9;gap=13;k=2;q=7;s=39,24,false,26,0.186,66,2,128,0.193,66,2,false
dec-115,dec,d_b=8;m=9;gap=13;k=2;q=7;s=39,24,false,26,0.186,66,2,256,0.273,66,2,false
dec-115,dec,d_b=8;m=9;gap=13;k=2;q=7;s=39,24,false,26,0.186,66,2,512,0.359,66,2,false
dec-115,dec,d_b=8;m=9;gap=13;k=2;q=7;s=39,24,false,26,0.186,66,2,1024,0.589,66,2,false
dec-115,dec,d_b=8;m=9;gap=13;k=2;q=7;s=39,24,false,26,0.186,66,2,2048,0.922,66,2,false
dec-115,dec,d_b=8;m=9;gap=13;k=2;q=7;s=39,24,false,26,0.186,66,2,4096,1.561,66,2,false
dec-115,dec,d_b=8;m=9;gap=13;k=2;q=7;s=39,24,false,26,0.186,66,2,8192,2.829,66,2,false
dec-115,dec,d_b=8;m=9;gap=13;k=2;q=7;s=39,24,false,26,0.186,66,2,16384,4.950,66,2,false
dec-115,dec,d_b=8;m=9;gap=13;k=2;q=7;s=39,24,false,26,0.186,66,2,32768,9.170,66,2,false
dec-115,dec,d_b=8;m=9;gap=13;k=2;q=7;s=39,24,false,26,0.186,66,2,65536,16.939,66,2,false
dec-115,dec,d_b=8;m=9;gap=13;k=2;q=7;s=39,24,false,26,0.186,66,2,131072,33.118,66,2,false
dec-115,dec,d_b=8;m=9;gap=13;k=2;q=7;s=39,24,false,26,0.186,66,2,262144,63.234,66,2,false
mixed-038-1,mixed,seed=0x1681638394e0a770;cycles=9;planted=1;d_b=12;m=2;gap=6;k=4,17175151,false,1219147,0.268,32,10,1,0.205,39,28,false
mixed-038-1,mixed,seed=0x1681638394e0a770;cycles=9;planted=1;d_b=12;m=2;gap=6;k=4,17175151,false,1219147,0.268,32,10,2,0.205,39,28,false
mixed-038-1,mixed,seed=0x1681638394e0a770;cycles=9;planted=1;d_b=12;m=2;gap=6;k=4,17175151,false,1219147,0.268,32,10,4,0.220,39,28,false
mixed-038-1,mixed,seed=0x1681638394e0a770;cycles=9;planted=1;d_b=12;m=2;gap=6;k=4,17175151,false,1219147,0.268,32,10,8,0.301,39,28,false
mixed-038-1,mixed,seed=0x1681638394e0a770;cycles=9;planted=1;d_b=12;m=2;gap=6;k=4,17175151,false,1219147,0.268,32,10,16,0.508,39,28,false
mixed-038-1,mixed,seed=0x1681638394e0a770;cycles=9;planted=1;d_b=12;m=2;gap=6;k=4,17175151,false,1219147,0.268,32,10,32,0.837,39,28,false
mixed-038-1,mixed,seed=0x1681638394e0a770;cycles=9;planted=1;d_b=12;m=2;gap=6;k=4,17175151,false,1219147,0.268,32,10,64,1.532,39,28,false
mixed-038-1,mixed,seed=0x1681638394e0a770;cycles=9;planted=1;d_b=12;m=2;gap=6;k=4,17175151,false,1219147,0.268,32,10,128,2.763,39,28,false
mixed-038-1,mixed,seed=0x1681638394e0a770;cycles=9;planted=1;d_b=12;m=2;gap=6;k=4,17175151,false,1219147,0.268,32,10,256,5.301,39,28,false
mixed-038-1,mixed,seed=0x1681638394e0a770;cycles=9;planted=1;d_b=12;m=2;gap=6;k=4,17175151,false,1219147,0.268,32,10,512,9.780,39,28,false
mixed-038-1,mixed,seed=0x1681638394e0a770;cycles=9;planted=1;d_b=12;m=2;gap=6;k=4,17175151,false,1219147,0.268,32,10,1024,18.973,39,28,false
mixed-038-1,mixed,seed=0x1681638394e0a770;cycles=9;planted=1;d_b=12;m=2;gap=6;k=4,17175151,false,1219147,0.268,32,10,2048,36.568,39,28,false
mixed-038-1,mixed,seed=0x1681638394e0a770;cycles=9;planted=1;d_b=12;m=2;gap=6;k=4,17175151,false,1219147,0.268,32,10,4096,72.157,32,10,false
mixed-038-1,mixed,seed=0x1681638394e0a770;cycles=9;planted=1;d_b=12;m=2;gap=6;k=4,17175151,false,1219147,0.268,32,10,8192,141.219,32,10,false
mixed-038-1,mixed,seed=0x1681638394e0a770;cycles=9;planted=1;d_b=12;m=2;gap=6;k=4,17175151,false,1219147,0.268,32,10,16384,285.119,32,10,false
mixed-038-1,mixed,seed=0x1681638394e0a770;cycles=9;planted=1;d_b=12;m=2;gap=6;k=4,17175151,false,1219147,0.268,32,10,32768,580.998,32,10,false
mixed-038-1,mixed,seed=0x1681638394e0a770;cycles=9;planted=1;d_b=12;m=2;gap=6;k=4,17175151,false,1219147,0.268,32,10,65536,1168.468,32,10,false
mixed-038-1,mixed,seed=0x1681638394e0a770;cycles=9;planted=1;d_b=12;m=2;gap=6;k=4,17175151,false,1219147,0.268,32,10,131072,2339.324,32,10,false
mixed-038-1,mixed,seed=0x1681638394e0a770;cycles=9;planted=1;d_b=12;m=2;gap=6;k=4,17175151,false,1219147,0.268,32,10,262144,4776.823,32,10,false
dec-116,dec,d_b=8;m=9;gap=13;k=4;q=7;s=39,40,false,42,0.297,66,2,1,0.036,79,78,false
dec-116,dec,d_b=8;m=9;gap=13;k=4;q=7;s=39,40,false,42,0.297,66,2,2,0.047,79,78,false
dec-116,dec,d_b=8;m=9;gap=13;k=4;q=7;s=39,40,false,42,0.297,66,2,4,0.074,79,78,false
dec-116,dec,d_b=8;m=9;gap=13;k=4;q=7;s=39,40,false,42,0.297,66,2,8,0.092,79,78,false
dec-116,dec,d_b=8;m=9;gap=13;k=4;q=7;s=39,40,false,42,0.297,66,2,16,0.117,79,78,false
dec-116,dec,d_b=8;m=9;gap=13;k=4;q=7;s=39,40,false,42,0.297,66,2,32,0.158,79,78,false
dec-116,dec,d_b=8;m=9;gap=13;k=4;q=7;s=39,40,false,42,0.297,66,2,64,0.169,79,78,false
dec-116,dec,d_b=8;m=9;gap=13;k=4;q=7;s=39,40,false,42,0.297,66,2,128,0.224,79,78,false
dec-116,dec,d_b=8;m=9;gap=13;k=4;q=7;s=39,40,false,42,0.297,66,2,256,0.315,66,2,false
dec-116,dec,d_b=8;m=9;gap=13;k=4;q=7;s=39,40,false,42,0.297,66,2,512,0.413,66,2,false
dec-116,dec,d_b=8;m=9;gap=13;k=4;q=7;s=39,40,false,42,0.297,66,2,1024,0.620,66,2,false
dec-116,dec,d_b=8;m=9;gap=13;k=4;q=7;s=39,40,false,42,0.297,66,2,2048,0.958,66,2,false
dec-116,dec,d_b=8;m=9;gap=13;k=4;q=7;s=39,40,false,42,0.297,66,2,4096,1.620,66,2,false
dec-116,dec,d_b=8;m=9;gap=13;k=4;q=7;s=39,40,false,42,0.297,66,2,8192,2.849,66,2,false
dec-116,dec,d_b=8;m=9;gap=13;k=4;q=7;s=39,40,false,42,0.297,66,2,16384,5.215,66,2,false
dec-116,dec,d_b=8;m=9;gap=13;k=4;q=7;s=39,40,false,42,0.297,66,2,32768,9.861,66,2,false
dec-116,dec,d_b=8;m=9;gap=13;k=4;q=7;s=39,40,false,42,0.297,66,2,65536,18.773,66,2,false
dec-116,dec,d_b=8;m=9;gap=13;k=4;q=7;s=39,40,false,42,0.297,66,2,131072,36.587,66,2,false
dec-116,dec,d_b=8;m=9;gap=13;k=4;q=7;s=39,40,false,42,0.297,66,2,262144,70.273,66,2,false
mixed-038-2,mixed,seed=0xdd6b64f1b984bbf3;cycles=9;planted=1;d_b=12;m=2;gap=6;k=4,62,false,63,0.118,16,2,1,0.021,23,20,false
mixed-038-2,mixed,seed=0xdd6b64f1b984bbf3;cycles=9;planted=1;d_b=12;m=2;gap=6;k=4,62,false,63,0.118,16,2,2,0.021,23,20,false
mixed-038-2,mixed,seed=0xdd6b64f1b984bbf3;cycles=9;planted=1;d_b=12;m=2;gap=6;k=4,62,false,63,0.118,16,2,4,0.026,23,20,false
mixed-038-2,mixed,seed=0xdd6b64f1b984bbf3;cycles=9;planted=1;d_b=12;m=2;gap=6;k=4,62,false,63,0.118,16,2,8,0.049,23,20,false
mixed-038-2,mixed,seed=0xdd6b64f1b984bbf3;cycles=9;planted=1;d_b=12;m=2;gap=6;k=4,62,false,63,0.118,16,2,16,0.053,23,20,false
mixed-038-2,mixed,seed=0xdd6b64f1b984bbf3;cycles=9;planted=1;d_b=12;m=2;gap=6;k=4,62,false,63,0.118,16,2,32,0.085,23,20,false
mixed-038-2,mixed,seed=0xdd6b64f1b984bbf3;cycles=9;planted=1;d_b=12;m=2;gap=6;k=4,62,false,63,0.118,16,2,64,0.126,23,20,false
mixed-038-2,mixed,seed=0xdd6b64f1b984bbf3;cycles=9;planted=1;d_b=12;m=2;gap=6;k=4,62,false,63,0.118,16,2,128,0.176,23,20,false
mixed-038-2,mixed,seed=0xdd6b64f1b984bbf3;cycles=9;planted=1;d_b=12;m=2;gap=6;k=4,62,false,63,0.118,16,2,256,0.312,16,2,false
mixed-038-2,mixed,seed=0xdd6b64f1b984bbf3;cycles=9;planted=1;d_b=12;m=2;gap=6;k=4,62,false,63,0.118,16,2,512,0.534,16,2,false
mixed-038-2,mixed,seed=0xdd6b64f1b984bbf3;cycles=9;planted=1;d_b=12;m=2;gap=6;k=4,62,false,63,0.118,16,2,1024,0.971,16,2,false
mixed-038-2,mixed,seed=0xdd6b64f1b984bbf3;cycles=9;planted=1;d_b=12;m=2;gap=6;k=4,62,false,63,0.118,16,2,2048,1.835,16,2,false
mixed-038-2,mixed,seed=0xdd6b64f1b984bbf3;cycles=9;planted=1;d_b=12;m=2;gap=6;k=4,62,false,63,0.118,16,2,4096,3.491,16,2,false
mixed-038-2,mixed,seed=0xdd6b64f1b984bbf3;cycles=9;planted=1;d_b=12;m=2;gap=6;k=4,62,false,63,0.118,16,2,8192,6.507,16,2,false
mixed-038-2,mixed,seed=0xdd6b64f1b984bbf3;cycles=9;planted=1;d_b=12;m=2;gap=6;k=4,62,false,63,0.118,16,2,16384,12.594,16,2,false
mixed-038-2,mixed,seed=0xdd6b64f1b984bbf3;cycles=9;planted=1;d_b=12;m=2;gap=6;k=4,62,false,63,0.118,16,2,32768,24.293,16,2,false
mixed-038-2,mixed,seed=0xdd6b64f1b984bbf3;cycles=9;planted=1;d_b=12;m=2;gap=6;k=4,62,false,63,0.118,16,2,65536,48.270,16,2,false
mixed-038-2,mixed,seed=0xdd6b64f1b984bbf3;cycles=9;planted=1;d_b=12;m=2;gap=6;k=4,62,false,63,0.118,16,2,131072,93.413,16,2,false
mixed-038-2,mixed,seed=0xdd6b64f1b984bbf3;cycles=9;planted=1;d_b=12;m=2;gap=6;k=4,62,false,63,0.118,16,2,262144,186.916,16,2,false
dec-117,dec,d_b=12;m=2;gap=1;k=1;q=0;s=7,24,false,25,0.064,14,2,1,0.016,15,14,false
dec-117,dec,d_b=12;m=2;gap=1;k=1;q=0;s=7,24,false,25,0.064,14,2,2,0.017,15,14,false
dec-117,dec,d_b=12;m=2;gap=1;k=1;q=0;s=7,24,false,25,0.064,14,2,4,0.017,15,14,false
dec-117,dec,d_b=12;m=2;gap=1;k=1;q=0;s=7,24,false,25,0.064,14,2,8,0.024,15,14,false
dec-117,dec,d_b=12;m=2;gap=1;k=1;q=0;s=7,24,false,25,0.064,14,2,16,0.033,15,14,false
dec-117,dec,d_b=12;m=2;gap=1;k=1;q=0;s=7,24,false,25,0.064,14,2,32,0.046,15,14,false
dec-117,dec,d_b=12;m=2;gap=1;k=1;q=0;s=7,24,false,25,0.064,14,2,64,0.060,15,14,false
dec-117,dec,d_b=12;m=2;gap=1;k=1;q=0;s=7,24,false,25,0.064,14,2,128,0.093,15,14,false
dec-117,dec,d_b=12;m=2;gap=1;k=1;q=0;s=7,24,false,25,0.064,14,2,256,0.158,14,2,false
dec-117,dec,d_b=12;m=2;gap=1;k=1;q=0;s=7,24,false,25,0.064,14,2,512,0.266,14,2,false
dec-117,dec,d_b=12;m=2;gap=1;k=1;q=0;s=7,24,false,25,0.064,14,2,1024,0.462,14,2,false
dec-117,dec,d_b=12;m=2;gap=1;k=1;q=0;s=7,24,false,25,0.064,14,2,2048,0.813,14,2,false
dec-117,dec,d_b=12;m=2;gap=1;k=1;q=0;s=7,24,false,25,0.064,14,2,4096,1.476,14,2,false
dec-117,dec,d_b=12;m=2;gap=1;k=1;q=0;s=7,24,false,25,0.064,14,2,8192,2.710,14,2,false
dec-117,dec,d_b=12;m=2;gap=1;k=1;q=0;s=7,24,false,25,0.064,14,2,16384,4.824,14,2,false
dec-117,dec,d_b=12;m=2;gap=1;k=1;q=0;s=7,24,false,25,0.064,14,2,32768,8.845,14,2,false
dec-117,dec,d_b=12;m=2;gap=1;k=1;q=0;s=7,24,false,25,0.064,14,2,65536,16.360,14,2,false
dec-117,dec,d_b=12;m=2;gap=1;k=1;q=0;s=7,24,false,25,0.064,14,2,131072,31.126,14,2,false
dec-117,dec,d_b=12;m=2;gap=1;k=1;q=0;s=7,24,false,25,0.064,14,2,262144,60.338,14,2,false
mixed-039-0,mixed,seed=0xb146caa949c3e3cb;cycles=9;planted=1;d_b=16;m=5;gap=2;k=1,9831530,false,743434,0.207,72,6,1,0.073,75,72,false
mixed-039-0,mixed,seed=0xb146caa949c3e3cb;cycles=9;planted=1;d_b=16;m=5;gap=2;k=1,9831530,false,743434,0.207,72,6,2,0.068,75,72,false
mixed-039-0,mixed,seed=0xb146caa949c3e3cb;cycles=9;planted=1;d_b=16;m=5;gap=2;k=1,9831530,false,743434,0.207,72,6,4,0.085,75,72,false
mixed-039-0,mixed,seed=0xb146caa949c3e3cb;cycles=9;planted=1;d_b=16;m=5;gap=2;k=1,9831530,false,743434,0.207,72,6,8,0.134,75,72,false
mixed-039-0,mixed,seed=0xb146caa949c3e3cb;cycles=9;planted=1;d_b=16;m=5;gap=2;k=1,9831530,false,743434,0.207,72,6,16,0.212,75,72,false
mixed-039-0,mixed,seed=0xb146caa949c3e3cb;cycles=9;planted=1;d_b=16;m=5;gap=2;k=1,9831530,false,743434,0.207,72,6,32,0.327,75,72,false
mixed-039-0,mixed,seed=0xb146caa949c3e3cb;cycles=9;planted=1;d_b=16;m=5;gap=2;k=1,9831530,false,743434,0.207,72,6,64,0.635,75,72,false
mixed-039-0,mixed,seed=0xb146caa949c3e3cb;cycles=9;planted=1;d_b=16;m=5;gap=2;k=1,9831530,false,743434,0.207,72,6,128,1.103,75,72,false
mixed-039-0,mixed,seed=0xb146caa949c3e3cb;cycles=9;planted=1;d_b=16;m=5;gap=2;k=1,9831530,false,743434,0.207,72,6,256,1.596,75,72,false
mixed-039-0,mixed,seed=0xb146caa949c3e3cb;cycles=9;planted=1;d_b=16;m=5;gap=2;k=1,9831530,false,743434,0.207,72,6,512,2.509,75,72,false
mixed-039-0,mixed,seed=0xb146caa949c3e3cb;cycles=9;planted=1;d_b=16;m=5;gap=2;k=1,9831530,false,743434,0.207,72,6,1024,4.410,75,72,false
mixed-039-0,mixed,seed=0xb146caa949c3e3cb;cycles=9;planted=1;d_b=16;m=5;gap=2;k=1,9831530,false,743434,0.207,72,6,2048,8.550,75,72,false
mixed-039-0,mixed,seed=0xb146caa949c3e3cb;cycles=9;planted=1;d_b=16;m=5;gap=2;k=1,9831530,false,743434,0.207,72,6,4096,17.470,75,72,false
mixed-039-0,mixed,seed=0xb146caa949c3e3cb;cycles=9;planted=1;d_b=16;m=5;gap=2;k=1,9831530,false,743434,0.207,72,6,8192,35.089,75,72,false
mixed-039-0,mixed,seed=0xb146caa949c3e3cb;cycles=9;planted=1;d_b=16;m=5;gap=2;k=1,9831530,false,743434,0.207,72,6,16384,77.957,75,72,false
mixed-039-0,mixed,seed=0xb146caa949c3e3cb;cycles=9;planted=1;d_b=16;m=5;gap=2;k=1,9831530,false,743434,0.207,72,6,32768,160.620,72,6,false
mixed-039-0,mixed,seed=0xb146caa949c3e3cb;cycles=9;planted=1;d_b=16;m=5;gap=2;k=1,9831530,false,743434,0.207,72,6,65536,327.179,72,6,false
mixed-039-0,mixed,seed=0xb146caa949c3e3cb;cycles=9;planted=1;d_b=16;m=5;gap=2;k=1,9831530,false,743434,0.207,72,6,131072,664.772,72,6,false
mixed-039-0,mixed,seed=0xb146caa949c3e3cb;cycles=9;planted=1;d_b=16;m=5;gap=2;k=1,9831530,false,743434,0.207,72,6,262144,1398.391,72,6,false
dec-118,dec,d_b=12;m=2;gap=1;k=2;q=0;s=7,36,false,37,0.106,14,2,1,0.016,15,14,false
dec-118,dec,d_b=12;m=2;gap=1;k=2;q=0;s=7,36,false,37,0.106,14,2,2,0.022,15,14,false
dec-118,dec,d_b=12;m=2;gap=1;k=2;q=0;s=7,36,false,37,0.106,14,2,4,0.022,15,14,false
dec-118,dec,d_b=12;m=2;gap=1;k=2;q=0;s=7,36,false,37,0.106,14,2,8,0.025,15,14,false
dec-118,dec,d_b=12;m=2;gap=1;k=2;q=0;s=7,36,false,37,0.106,14,2,16,0.035,15,14,false
dec-118,dec,d_b=12;m=2;gap=1;k=2;q=0;s=7,36,false,37,0.106,14,2,32,0.045,15,14,false
dec-118,dec,d_b=12;m=2;gap=1;k=2;q=0;s=7,36,false,37,0.106,14,2,64,0.061,15,14,false
dec-118,dec,d_b=12;m=2;gap=1;k=2;q=0;s=7,36,false,37,0.106,14,2,128,0.088,15,14,false
dec-118,dec,d_b=12;m=2;gap=1;k=2;q=0;s=7,36,false,37,0.106,14,2,256,0.137,15,14,false
dec-118,dec,d_b=12;m=2;gap=1;k=2;q=0;s=7,36,false,37,0.106,14,2,512,0.227,15,14,false
dec-118,dec,d_b=12;m=2;gap=1;k=2;q=0;s=7,36,false,37,0.106,14,2,1024,0.414,15,14,false
dec-118,dec,d_b=12;m=2;gap=1;k=2;q=0;s=7,36,false,37,0.106,14,2,2048,0.743,15,14,false
dec-118,dec,d_b=12;m=2;gap=1;k=2;q=0;s=7,36,false,37,0.106,14,2,4096,1.422,14,2,false
dec-118,dec,d_b=12;m=2;gap=1;k=2;q=0;s=7,36,false,37,0.106,14,2,8192,2.595,14,2,false
dec-118,dec,d_b=12;m=2;gap=1;k=2;q=0;s=7,36,false,37,0.106,14,2,16384,4.874,14,2,false
dec-118,dec,d_b=12;m=2;gap=1;k=2;q=0;s=7,36,false,37,0.106,14,2,32768,8.953,14,2,false
dec-118,dec,d_b=12;m=2;gap=1;k=2;q=0;s=7,36,false,37,0.106,14,2,65536,16.869,14,2,false
dec-118,dec,d_b=12;m=2;gap=1;k=2;q=0;s=7,36,false,37,0.106,14,2,131072,32.652,14,2,false
dec-118,dec,d_b=12;m=2;gap=1;k=2;q=0;s=7,36,false,37,0.106,14,2,262144,63.054,14,2,false
mixed-039-1,mixed,seed=0xcefea4d6dfec9077;cycles=9;planted=1;d_b=16;m=5;gap=2;k=1,9831531,false,743437,0.220,73,6,1,0.085,76,72,false
mixed-039-1,mixed,seed=0xcefea4d6dfec9077;cycles=9;planted=1;d_b=16;m=5;gap=2;k=1,9831531,false,743437,0.220,73,6,2,0.094,76,72,false
mixed-039-1,mixed,seed=0xcefea4d6dfec9077;cycles=9;planted=1;d_b=16;m=5;gap=2;k=1,9831531,false,743437,0.220,73,6,4,0.106,76,72,false
mixed-039-1,mixed,seed=0xcefea4d6dfec9077;cycles=9;planted=1;d_b=16;m=5;gap=2;k=1,9831531,false,743437,0.220,73,6,8,0.154,76,72,false
mixed-039-1,mixed,seed=0xcefea4d6dfec9077;cycles=9;planted=1;d_b=16;m=5;gap=2;k=1,9831531,false,743437,0.220,73,6,16,0.241,76,72,false
mixed-039-1,mixed,seed=0xcefea4d6dfec9077;cycles=9;planted=1;d_b=16;m=5;gap=2;k=1,9831531,false,743437,0.220,73,6,32,0.381,76,72,false
mixed-039-1,mixed,seed=0xcefea4d6dfec9077;cycles=9;planted=1;d_b=16;m=5;gap=2;k=1,9831531,false,743437,0.220,73,6,64,0.733,76,72,false
mixed-039-1,mixed,seed=0xcefea4d6dfec9077;cycles=9;planted=1;d_b=16;m=5;gap=2;k=1,9831531,false,743437,0.220,73,6,128,1.288,76,72,false
mixed-039-1,mixed,seed=0xcefea4d6dfec9077;cycles=9;planted=1;d_b=16;m=5;gap=2;k=1,9831531,false,743437,0.220,73,6,256,1.921,76,72,false
mixed-039-1,mixed,seed=0xcefea4d6dfec9077;cycles=9;planted=1;d_b=16;m=5;gap=2;k=1,9831531,false,743437,0.220,73,6,512,3.085,76,72,false
mixed-039-1,mixed,seed=0xcefea4d6dfec9077;cycles=9;planted=1;d_b=16;m=5;gap=2;k=1,9831531,false,743437,0.220,73,6,1024,5.421,76,72,false
mixed-039-1,mixed,seed=0xcefea4d6dfec9077;cycles=9;planted=1;d_b=16;m=5;gap=2;k=1,9831531,false,743437,0.220,73,6,2048,10.286,76,72,false
mixed-039-1,mixed,seed=0xcefea4d6dfec9077;cycles=9;planted=1;d_b=16;m=5;gap=2;k=1,9831531,false,743437,0.220,73,6,4096,20.250,76,72,false
mixed-039-1,mixed,seed=0xcefea4d6dfec9077;cycles=9;planted=1;d_b=16;m=5;gap=2;k=1,9831531,false,743437,0.220,73,6,8192,41.388,76,72,false
mixed-039-1,mixed,seed=0xcefea4d6dfec9077;cycles=9;planted=1;d_b=16;m=5;gap=2;k=1,9831531,false,743437,0.220,73,6,16384,82.114,76,72,false
mixed-039-1,mixed,seed=0xcefea4d6dfec9077;cycles=9;planted=1;d_b=16;m=5;gap=2;k=1,9831531,false,743437,0.220,73,6,32768,165.129,76,72,false
mixed-039-1,mixed,seed=0xcefea4d6dfec9077;cycles=9;planted=1;d_b=16;m=5;gap=2;k=1,9831531,false,743437,0.220,73,6,65536,336.268,76,72,false
mixed-039-1,mixed,seed=0xcefea4d6dfec9077;cycles=9;planted=1;d_b=16;m=5;gap=2;k=1,9831531,false,743437,0.220,73,6,131072,680.171,76,72,false
mixed-039-1,mixed,seed=0xcefea4d6dfec9077;cycles=9;planted=1;d_b=16;m=5;gap=2;k=1,9831531,false,743437,0.220,73,6,262144,1535.738,76,72,false
dec-119,dec,d_b=12;m=2;gap=1;k=4;q=0;s=7,60,false,61,0.145,14,2,1,0.024,15,14,false
dec-119,dec,d_b=12;m=2;gap=1;k=4;q=0;s=7,60,false,61,0.145,14,2,2,0.022,15,14,false
dec-119,dec,d_b=12;m=2;gap=1;k=4;q=0;s=7,60,false,61,0.145,14,2,4,0.026,15,14,false
dec-119,dec,d_b=12;m=2;gap=1;k=4;q=0;s=7,60,false,61,0.145,14,2,8,0.034,15,14,false
dec-119,dec,d_b=12;m=2;gap=1;k=4;q=0;s=7,60,false,61,0.145,14,2,16,0.038,15,14,false
dec-119,dec,d_b=12;m=2;gap=1;k=4;q=0;s=7,60,false,61,0.145,14,2,32,0.058,15,14,false
dec-119,dec,d_b=12;m=2;gap=1;k=4;q=0;s=7,60,false,61,0.145,14,2,64,0.067,15,14,false
dec-119,dec,d_b=12;m=2;gap=1;k=4;q=0;s=7,60,false,61,0.145,14,2,128,0.094,15,14,false
dec-119,dec,d_b=12;m=2;gap=1;k=4;q=0;s=7,60,false,61,0.145,14,2,256,0.146,15,14,false
dec-119,dec,d_b=12;m=2;gap=1;k=4;q=0;s=7,60,false,61,0.145,14,2,512,0.240,15,14,false
dec-119,dec,d_b=12;m=2;gap=1;k=4;q=0;s=7,60,false,61,0.145,14,2,1024,0.426,15,14,false
dec-119,dec,d_b=12;m=2;gap=1;k=4;q=0;s=7,60,false,61,0.145,14,2,2048,0.763,15,14,false
dec-119,dec,d_b=12;m=2;gap=1;k=4;q=0;s=7,60,false,61,0.145,14,2,4096,1.432,15,14,false
dec-119,dec,d_b=12;m=2;gap=1;k=4;q=0;s=7,60,false,61,0.145,14,2,8192,2.719,15,14,false
dec-119,dec,d_b=12;m=2;gap=1;k=4;q=0;s=7,60,false,61,0.145,14,2,16384,5.131,15,14,false
dec-119,dec,d_b=12;m=2;gap=1;k=4;q=0;s=7,60,false,61,0.145,14,2,32768,9.785,15,14,false
dec-119,dec,d_b=12;m=2;gap=1;k=4;q=0;s=7,60,false,61,0.145,14,2,65536,18.777,15,14,false
dec-119,dec,d_b=12;m=2;gap=1;k=4;q=0;s=7,60,false,61,0.145,14,2,131072,36.036,15,14,false
dec-119,dec,d_b=12;m=2;gap=1;k=4;q=0;s=7,60,false,61,0.145,14,2,262144,70.590,14,2,false
mixed-039-2,mixed,seed=0xee901649610a9c90;cycles=9;planted=1;d_b=16;m=5;gap=2;k=1,5335286,false,414830,0.307,95,6,1,0.216,98,72,false
mixed-039-2,mixed,seed=0xee901649610a9c90;cycles=9;planted=1;d_b=16;m=5;gap=2;k=1,5335286,false,414830,0.307,95,6,2,0.261,98,72,false
mixed-039-2,mixed,seed=0xee901649610a9c90;cycles=9;planted=1;d_b=16;m=5;gap=2;k=1,5335286,false,414830,0.307,95,6,4,0.288,98,72,false
mixed-039-2,mixed,seed=0xee901649610a9c90;cycles=9;planted=1;d_b=16;m=5;gap=2;k=1,5335286,false,414830,0.307,95,6,8,0.398,98,72,false
mixed-039-2,mixed,seed=0xee901649610a9c90;cycles=9;planted=1;d_b=16;m=5;gap=2;k=1,5335286,false,414830,0.307,95,6,16,0.612,98,72,false
mixed-039-2,mixed,seed=0xee901649610a9c90;cycles=9;planted=1;d_b=16;m=5;gap=2;k=1,5335286,false,414830,0.307,95,6,32,1.127,98,72,false
mixed-039-2,mixed,seed=0xee901649610a9c90;cycles=9;planted=1;d_b=16;m=5;gap=2;k=1,5335286,false,414830,0.307,95,6,64,2.116,98,72,false
mixed-039-2,mixed,seed=0xee901649610a9c90;cycles=9;planted=1;d_b=16;m=5;gap=2;k=1,5335286,false,414830,0.307,95,6,128,4.094,98,72,false
mixed-039-2,mixed,seed=0xee901649610a9c90;cycles=9;planted=1;d_b=16;m=5;gap=2;k=1,5335286,false,414830,0.307,95,6,256,8.012,98,72,false
mixed-039-2,mixed,seed=0xee901649610a9c90;cycles=9;planted=1;d_b=16;m=5;gap=2;k=1,5335286,false,414830,0.307,95,6,512,15.448,98,72,false
mixed-039-2,mixed,seed=0xee901649610a9c90;cycles=9;planted=1;d_b=16;m=5;gap=2;k=1,5335286,false,414830,0.307,95,6,1024,29.446,98,72,false
mixed-039-2,mixed,seed=0xee901649610a9c90;cycles=9;planted=1;d_b=16;m=5;gap=2;k=1,5335286,false,414830,0.307,95,6,2048,59.823,98,72,false
mixed-039-2,mixed,seed=0xee901649610a9c90;cycles=9;planted=1;d_b=16;m=5;gap=2;k=1,5335286,false,414830,0.307,95,6,4096,116.815,98,72,false
mixed-039-2,mixed,seed=0xee901649610a9c90;cycles=9;planted=1;d_b=16;m=5;gap=2;k=1,5335286,false,414830,0.307,95,6,8192,243.436,98,72,false
mixed-039-2,mixed,seed=0xee901649610a9c90;cycles=9;planted=1;d_b=16;m=5;gap=2;k=1,5335286,false,414830,0.307,95,6,16384,490.139,98,72,false
mixed-039-2,mixed,seed=0xee901649610a9c90;cycles=9;planted=1;d_b=16;m=5;gap=2;k=1,5335286,false,414830,0.307,95,6,32768,1028.197,95,6,false
mixed-039-2,mixed,seed=0xee901649610a9c90;cycles=9;planted=1;d_b=16;m=5;gap=2;k=1,5335286,false,414830,0.307,95,6,65536,2348.825,95,6,false
mixed-039-2,mixed,seed=0xee901649610a9c90;cycles=9;planted=1;d_b=16;m=5;gap=2;k=1,5335286,false,414830,0.307,95,6,131072,4171.805,95,6,false
mixed-039-2,mixed,seed=0xee901649610a9c90;cycles=9;planted=1;d_b=16;m=5;gap=2;k=1,5335286,false,414830,0.307,95,6,262144,8950.941,95,6,false
dec-120,dec,d_b=12;m=2;gap=3;k=1;q=0;s=8,24,false,25,0.100,14,2,1,0.021,17,16,false
dec-120,dec,d_b=12;m=2;gap=3;k=1;q=0;s=8,24,false,25,0.100,14,2,2,0.030,17,16,false
dec-120,dec,d_b=12;m=2;gap=3;k=1;q=0;s=8,24,false,25,0.100,14,2,4,0.025,17,16,false
dec-120,dec,d_b=12;m=2;gap=3;k=1;q=0;s=8,24,false,25,0.100,14,2,8,0.034,17,16,false
dec-120,dec,d_b=12;m=2;gap=3;k=1;q=0;s=8,24,false,25,0.100,14,2,16,0.056,17,16,false
dec-120,dec,d_b=12;m=2;gap=3;k=1;q=0;s=8,24,false,25,0.100,14,2,32,0.062,17,16,false
dec-120,dec,d_b=12;m=2;gap=3;k=1;q=0;s=8,24,false,25,0.100,14,2,64,0.083,17,16,false
dec-120,dec,d_b=12;m=2;gap=3;k=1;q=0;s=8,24,false,25,0.100,14,2,128,0.139,14,2,false
dec-120,dec,d_b=12;m=2;gap=3;k=1;q=0;s=8,24,false,25,0.100,14,2,256,0.224,14,2,false
dec-120,dec,d_b=12;m=2;gap=3;k=1;q=0;s=8,24,false,25,0.100,14,2,512,0.339,14,2,false
dec-120,dec,d_b=12;m=2;gap=3;k=1;q=0;s=8,24,false,25,0.100,14,2,1024,0.601,14,2,false
dec-120,dec,d_b=12;m=2;gap=3;k=1;q=0;s=8,24,false,25,0.100,14,2,2048,1.025,14,2,false
dec-120,dec,d_b=12;m=2;gap=3;k=1;q=0;s=8,24,false,25,0.100,14,2,4096,1.906,14,2,false
dec-120,dec,d_b=12;m=2;gap=3;k=1;q=0;s=8,24,false,25,0.100,14,2,8192,3.392,14,2,false
dec-120,dec,d_b=12;m=2;gap=3;k=1;q=0;s=8,24,false,25,0.100,14,2,16384,6.036,14,2,false
dec-120,dec,d_b=12;m=2;gap=3;k=1;q=0;s=8,24,false,25,0.100,14,2,32768,11.135,14,2,false
dec-120,dec,d_b=12;m=2;gap=3;k=1;q=0;s=8,24,false,25,0.100,14,2,65536,18.874,14,2,false
dec-120,dec,d_b=12;m=2;gap=3;k=1;q=0;s=8,24,false,25,0.100,14,2,131072,31.456,14,2,false
dec-120,dec,d_b=12;m=2;gap=3;k=1;q=0;s=8,24,false,25,0.100,14,2,262144,60.535,14,2,false
mixed-040-0,mixed,seed=0xa04bbea7cf185589;cycles=9;planted=2;d_b=4;m=2;gap=1;k=2,8650595,false,647647,0.128,21,8,1,0.091,23,16,false
mixed-040-0,mixed,seed=0xa04bbea7cf185589;cycles=9;planted=2;d_b=4;m=2;gap=1;k=2,8650595,false,647647,0.128,21,8,2,0.086,23,16,false
mixed-040-0,mixed,seed=0xa04bbea7cf185589;cycles=9;planted=2;d_b=4;m=2;gap=1;k=2,8650595,false,647647,0.128,21,8,4,0.084,23,16,false
mixed-040-0,mixed,seed=0xa04bbea7cf185589;cycles=9;planted=2;d_b=4;m=2;gap=1;k=2,8650595,false,647647,0.128,21,8,8,0.128,23,16,false
mixed-040-0,mixed,seed=0xa04bbea7cf185589;cycles=9;planted=2;d_b=4;m=2;gap=1;k=2,8650595,false,647647,0.128,21,8,16,0.190,23,16,false
mixed-040-0,mixed,seed=0xa04bbea7cf185589;cycles=9;planted=2;d_b=4;m=2;gap=1;k=2,8650595,false,647647,0.128,21,8,32,0.338,22,12,false
mixed-040-0,mixed,seed=0xa04bbea7cf185589;cycles=9;planted=2;d_b=4;m=2;gap=1;k=2,8650595,false,647647,0.128,21,8,64,0.628,22,12,false
mixed-040-0,mixed,seed=0xa04bbea7cf185589;cycles=9;planted=2;d_b=4;m=2;gap=1;k=2,8650595,false,647647,0.128,21,8,128,1.263,22,12,false
mixed-040-0,mixed,seed=0xa04bbea7cf185589;cycles=9;planted=2;d_b=4;m=2;gap=1;k=2,8650595,false,647647,0.128,21,8,256,2.284,21,8,false
mixed-040-0,mixed,seed=0xa04bbea7cf185589;cycles=9;planted=2;d_b=4;m=2;gap=1;k=2,8650595,false,647647,0.128,21,8,512,4.024,21,8,false
mixed-040-0,mixed,seed=0xa04bbea7cf185589;cycles=9;planted=2;d_b=4;m=2;gap=1;k=2,8650595,false,647647,0.128,21,8,1024,7.528,21,8,false
mixed-040-0,mixed,seed=0xa04bbea7cf185589;cycles=9;planted=2;d_b=4;m=2;gap=1;k=2,8650595,false,647647,0.128,21,8,2048,15.122,21,8,false
mixed-040-0,mixed,seed=0xa04bbea7cf185589;cycles=9;planted=2;d_b=4;m=2;gap=1;k=2,8650595,false,647647,0.128,21,8,4096,30.607,21,8,false
mixed-040-0,mixed,seed=0xa04bbea7cf185589;cycles=9;planted=2;d_b=4;m=2;gap=1;k=2,8650595,false,647647,0.128,21,8,8192,64.637,21,8,false
mixed-040-0,mixed,seed=0xa04bbea7cf185589;cycles=9;planted=2;d_b=4;m=2;gap=1;k=2,8650595,false,647647,0.128,21,8,16384,128.486,21,8,false
mixed-040-0,mixed,seed=0xa04bbea7cf185589;cycles=9;planted=2;d_b=4;m=2;gap=1;k=2,8650595,false,647647,0.128,21,8,32768,261.785,21,8,false
mixed-040-0,mixed,seed=0xa04bbea7cf185589;cycles=9;planted=2;d_b=4;m=2;gap=1;k=2,8650595,false,647647,0.128,21,8,65536,531.289,21,8,false
mixed-040-0,mixed,seed=0xa04bbea7cf185589;cycles=9;planted=2;d_b=4;m=2;gap=1;k=2,8650595,false,647647,0.128,21,8,131072,1116.463,21,8,false
mixed-040-0,mixed,seed=0xa04bbea7cf185589;cycles=9;planted=2;d_b=4;m=2;gap=1;k=2,8650595,false,647647,0.128,21,8,262144,2412.004,21,8,false
dec-121,dec,d_b=12;m=2;gap=3;k=2;q=0;s=8,36,false,37,0.110,14,2,1,0.027,17,16,false
dec-121,dec,d_b=12;m=2;gap=3;k=2;q=0;s=8,36,false,37,0.110,14,2,2,0.025,17,16,false
dec-121,dec,d_b=12;m=2;gap=3;k=2;q=0;s=8,36,false,37,0.110,14,2,4,0.031,17,16,false
dec-121,dec,d_b=12;m=2;gap=3;k=2;q=0;s=8,36,false,37,0.110,14,2,8,0.035,17,16,false
dec-121,dec,d_b=12;m=2;gap=3;k=2;q=0;s=8,36,false,37,0.110,14,2,16,0.046,17,16,false
dec-121,dec,d_b=12;m=2;gap=3;k=2;q=0;s=8,36,false,37,0.110,14,2,32,0.064,17,16,false
dec-121,dec,d_b=12;m=2;gap=3;k=2;q=0;s=8,36,false,37,0.110,14,2,64,0.068,17,16,false
dec-121,dec,d_b=12;m=2;gap=3;k=2;q=0;s=8,36,false,37,0.110,14,2,128,0.097,17,16,false
dec-121,dec,d_b=12;m=2;gap=3;k=2;q=0;s=8,36,false,37,0.110,14,2,256,0.148,17,16,false
dec-121,dec,d_b=12;m=2;gap=3;k=2;q=0;s=8,36,false,37,0.110,14,2,512,0.261,14,2,false
dec-121,dec,d_b=12;m=2;gap=3;k=2;q=0;s=8,36,false,37,0.110,14,2,1024,0.436,14,2,false
dec-121,dec,d_b=12;m=2;gap=3;k=2;q=0;s=8,36,false,37,0.110,14,2,2048,0.783,14,2,false
dec-121,dec,d_b=12;m=2;gap=3;k=2;q=0;s=8,36,false,37,0.110,14,2,4096,1.454,14,2,false
dec-121,dec,d_b=12;m=2;gap=3;k=2;q=0;s=8,36,false,37,0.110,14,2,8192,2.708,14,2,false
dec-121,dec,d_b=12;m=2;gap=3;k=2;q=0;s=8,36,false,37,0.110,14,2,16384,4.925,14,2,false
dec-121,dec,d_b=12;m=2;gap=3;k=2;q=0;s=8,36,false,37,0.110,14,2,32768,9.160,14,2,false
dec-121,dec,d_b=12;m=2;gap=3;k=2;q=0;s=8,36,false,37,0.110,14,2,65536,16.995,14,2,false
dec-121,dec,d_b=12;m=2;gap=3;k=2;q=0;s=8,36,false,37,0.110,14,2,131072,33.319,14,2,false
dec-121,dec,d_b=12;m=2;gap=3;k=2;q=0;s=8,36,false,37,0.110,14,2,262144,64.440,14,2,false
mixed-040-1,mixed,seed=0xd684de76f3d375f3;cycles=9;planted=2;d_b=4;m=2;gap=1;k=2,5335273,false,414724,0.104,19,8,1,0.072,21,16,false
mixed-040-1,mixed,seed=0xd684de76f3d375f3;cycles=9;planted=2;d_b=4;m=2;gap=1;k=2,5335273,false,414724,0.104,19,8,2,0.056,21,16,false
mixed-040-1,mixed,seed=0xd684de76f3d375f3;cycles=9;planted=2;d_b=4;m=2;gap=1;k=2,5335273,false,414724,0.104,19,8,4,0.058,21,16,false
mixed-040-1,mixed,seed=0xd684de76f3d375f3;cycles=9;planted=2;d_b=4;m=2;gap=1;k=2,5335273,false,414724,0.104,19,8,8,0.072,21,16,false
mixed-040-1,mixed,seed=0xd684de76f3d375f3;cycles=9;planted=2;d_b=4;m=2;gap=1;k=2,5335273,false,414724,0.104,19,8,16,0.123,21,16,false
mixed-040-1,mixed,seed=0xd684de76f3d375f3;cycles=9;planted=2;d_b=4;m=2;gap=1;k=2,5335273,false,414724,0.104,19,8,32,0.243,21,16,false
mixed-040-1,mixed,seed=0xd684de76f3d375f3;cycles=9;planted=2;d_b=4;m=2;gap=1;k=2,5335273,false,414724,0.104,19,8,64,0.418,20,12,false
mixed-040-1,mixed,seed=0xd684de76f3d375f3;cycles=9;planted=2;d_b=4;m=2;gap=1;k=2,5335273,false,414724,0.104,19,8,128,1.277,19,8,false
mixed-040-1,mixed,seed=0xd684de76f3d375f3;cycles=9;planted=2;d_b=4;m=2;gap=1;k=2,5335273,false,414724,0.104,19,8,256,1.657,19,8,false
mixed-040-1,mixed,seed=0xd684de76f3d375f3;cycles=9;planted=2;d_b=4;m=2;gap=1;k=2,5335273,false,414724,0.104,19,8,512,3.297,19,8,false
mixed-040-1,mixed,seed=0xd684de76f3d375f3;cycles=9;planted=2;d_b=4;m=2;gap=1;k=2,5335273,false,414724,0.104,19,8,1024,5.673,19,8,false
mixed-040-1,mixed,seed=0xd684de76f3d375f3;cycles=9;planted=2;d_b=4;m=2;gap=1;k=2,5335273,false,414724,0.104,19,8,2048,12.390,19,8,false
mixed-040-1,mixed,seed=0xd684de76f3d375f3;cycles=9;planted=2;d_b=4;m=2;gap=1;k=2,5335273,false,414724,0.104,19,8,4096,24.683,19,8,false
mixed-040-1,mixed,seed=0xd684de76f3d375f3;cycles=9;planted=2;d_b=4;m=2;gap=1;k=2,5335273,false,414724,0.104,19,8,8192,58.410,19,8,false
mixed-040-1,mixed,seed=0xd684de76f3d375f3;cycles=9;planted=2;d_b=4;m=2;gap=1;k=2,5335273,false,414724,0.104,19,8,16384,117.068,19,8,false
mixed-040-1,mixed,seed=0xd684de76f3d375f3;cycles=9;planted=2;d_b=4;m=2;gap=1;k=2,5335273,false,414724,0.104,19,8,32768,233.036,19,8,false
mixed-040-1,mixed,seed=0xd684de76f3d375f3;cycles=9;planted=2;d_b=4;m=2;gap=1;k=2,5335273,false,414724,0.104,19,8,65536,479.454,19,8,false
mixed-040-1,mixed,seed=0xd684de76f3d375f3;cycles=9;planted=2;d_b=4;m=2;gap=1;k=2,5335273,false,414724,0.104,19,8,131072,1018.006,19,8,false
mixed-040-1,mixed,seed=0xd684de76f3d375f3;cycles=9;planted=2;d_b=4;m=2;gap=1;k=2,5335273,false,414724,0.104,19,8,262144,2186.845,19,8,false
dec-122,dec,d_b=12;m=2;gap=3;k=4;q=0;s=8,60,false,61,0.147,14,2,1,0.037,17,16,false
dec-122,dec,d_b=12;m=2;gap=3;k=4;q=0;s=8,60,false,61,0.147,14,2,2,0.029,17,16,false
dec-122,dec,d_b=12;m=2;gap=3;k=4;q=0;s=8,60,false,61,0.147,14,2,4,0.032,17,16,false
dec-122,dec,d_b=12;m=2;gap=3;k=4;q=0;s=8,60,false,61,0.147,14,2,8,0.035,17,16,false
dec-122,dec,d_b=12;m=2;gap=3;k=4;q=0;s=8,60,false,61,0.147,14,2,16,0.058,17,16,false
dec-122,dec,d_b=12;m=2;gap=3;k=4;q=0;s=8,60,false,61,0.147,14,2,32,0.069,17,16,false
dec-122,dec,d_b=12;m=2;gap=3;k=4;q=0;s=8,60,false,61,0.147,14,2,64,0.087,17,16,false
dec-122,dec,d_b=12;m=2;gap=3;k=4;q=0;s=8,60,false,61,0.147,14,2,128,0.104,17,16,false
dec-122,dec,d_b=12;m=2;gap=3;k=4;q=0;s=8,60,false,61,0.147,14,2,256,0.154,17,16,false
dec-122,dec,d_b=12;m=2;gap=3;k=4;q=0;s=8,60,false,61,0.147,14,2,512,0.246,17,16,false
dec-122,dec,d_b=12;m=2;gap=3;k=4;q=0;s=8,60,false,61,0.147,14,2,1024,0.426,17,16,false
dec-122,dec,d_b=12;m=2;gap=3;k=4;q=0;s=8,60,false,61,0.147,14,2,2048,0.799,17,16,false
dec-122,dec,d_b=12;m=2;gap=3;k=4;q=0;s=8,60,false,61,0.147,14,2,4096,1.433,17,16,false
dec-122,dec,d_b=12;m=2;gap=3;k=4;q=0;s=8,60,false,61,0.147,14,2,8192,2.797,14,2,false
dec-122,dec,d_b=12;m=2;gap=3;k=4;q=0;s=8,60,false,61,0.147,14,2,16384,5.214,14,2,false
dec-122,dec,d_b=12;m=2;gap=3;k=4;q=0;s=8,60,false,61,0.147,14,2,32768,9.643,14,2,false
dec-122,dec,d_b=12;m=2;gap=3;k=4;q=0;s=8,60,false,61,0.147,14,2,65536,18.450,14,2,false
dec-122,dec,d_b=12;m=2;gap=3;k=4;q=0;s=8,60,false,61,0.147,14,2,131072,36.138,14,2,false
dec-122,dec,d_b=12;m=2;gap=3;k=4;q=0;s=8,60,false,61,0.147,14,2,262144,79.511,14,2,false
mixed-040-2,mixed,seed=0x190f2ebbbd6db7b1;cycles=9;planted=2;d_b=4;m=2;gap=1;k=2,5335272,false,414721,0.099,20,8,1,0.093,22,16,false
mixed-040-2,mixed,seed=0x190f2ebbbd6db7b1;cycles=9;planted=2;d_b=4;m=2;gap=1;k=2,5335272,false,414721,0.099,20,8,2,0.080,22,16,false
mixed-040-2,mixed,seed=0x190f2ebbbd6db7b1;cycles=9;planted=2;d_b=4;m=2;gap=1;k=2,5335272,false,414721,0.099,20,8,4,0.112,22,16,false
mixed-040-2,mixed,seed=0x190f2ebbbd6db7b1;cycles=9;planted=2;d_b=4;m=2;gap=1;k=2,5335272,false,414721,0.099,20,8,8,0.155,22,16,false
mixed-040-2,mixed,seed=0x190f2ebbbd6db7b1;cycles=9;planted=2;d_b=4;m=2;gap=1;k=2,5335272,false,414721,0.099,20,8,16,0.312,22,16,false
mixed-040-2,mixed,seed=0x190f2ebbbd6db7b1;cycles=9;planted=2;d_b=4;m=2;gap=1;k=2,5335272,false,414721,0.099,20,8,32,0.657,22,16,false
mixed-040-2,mixed,seed=0x190f2ebbbd6db7b1;cycles=9;planted=2;d_b=4;m=2;gap=1;k=2,5335272,false,414721,0.099,20,8,64,0.663,20,8,false
mixed-040-2,mixed,seed=0x190f2ebbbd6db7b1;cycles=9;planted=2;d_b=4;m=2;gap=1;k=2,5335272,false,414721,0.099,20,8,128,1.573,20,8,false
mixed-040-2,mixed,seed=0x190f2ebbbd6db7b1;cycles=9;planted=2;d_b=4;m=2;gap=1;k=2,5335272,false,414721,0.099,20,8,256,2.349,20,8,false
mixed-040-2,mixed,seed=0x190f2ebbbd6db7b1;cycles=9;planted=2;d_b=4;m=2;gap=1;k=2,5335272,false,414721,0.099,20,8,512,4.576,20,8,false
mixed-040-2,mixed,seed=0x190f2ebbbd6db7b1;cycles=9;planted=2;d_b=4;m=2;gap=1;k=2,5335272,false,414721,0.099,20,8,1024,8.354,20,8,false
mixed-040-2,mixed,seed=0x190f2ebbbd6db7b1;cycles=9;planted=2;d_b=4;m=2;gap=1;k=2,5335272,false,414721,0.099,20,8,2048,14.962,20,8,false
mixed-040-2,mixed,seed=0x190f2ebbbd6db7b1;cycles=9;planted=2;d_b=4;m=2;gap=1;k=2,5335272,false,414721,0.099,20,8,4096,29.134,20,8,false
mixed-040-2,mixed,seed=0x190f2ebbbd6db7b1;cycles=9;planted=2;d_b=4;m=2;gap=1;k=2,5335272,false,414721,0.099,20,8,8192,63.636,20,8,false
mixed-040-2,mixed,seed=0x190f2ebbbd6db7b1;cycles=9;planted=2;d_b=4;m=2;gap=1;k=2,5335272,false,414721,0.099,20,8,16384,121.763,20,8,false
mixed-040-2,mixed,seed=0x190f2ebbbd6db7b1;cycles=9;planted=2;d_b=4;m=2;gap=1;k=2,5335272,false,414721,0.099,20,8,32768,244.370,20,8,false
mixed-040-2,mixed,seed=0x190f2ebbbd6db7b1;cycles=9;planted=2;d_b=4;m=2;gap=1;k=2,5335272,false,414721,0.099,20,8,65536,494.565,20,8,false
mixed-040-2,mixed,seed=0x190f2ebbbd6db7b1;cycles=9;planted=2;d_b=4;m=2;gap=1;k=2,5335272,false,414721,0.099,20,8,131072,1022.403,20,8,false
mixed-040-2,mixed,seed=0x190f2ebbbd6db7b1;cycles=9;planted=2;d_b=4;m=2;gap=1;k=2,5335272,false,414721,0.099,20,8,262144,2185.377,20,8,false
dec-123,dec,d_b=12;m=2;gap=7;k=1;q=0;s=10,24,false,25,0.075,14,2,1,0.017,21,20,false
dec-123,dec,d_b=12;m=2;gap=7;k=1;q=0;s=10,24,false,25,0.075,14,2,2,0.028,21,20,false
dec-123,dec,d_b=12;m=2;gap=7;k=1;q=0;s=10,24,false,25,0.075,14,2,4,0.020,21,20,false
dec-123,dec,d_b=12;m=2;gap=7;k=1;q=0;s=10,24,false,25,0.075,14,2,8,0.032,21,20,false
dec-123,dec,d_b=12;m=2;gap=7;k=1;q=0;s=10,24,false,25,0.075,14,2,16,0.051,14,2,false
dec-123,dec,d_b=12;m=2;gap=7;k=1;q=0;s=10,24,false,25,0.075,14,2,32,0.070,14,2,false
dec-123,dec,d_b=12;m=2;gap=7;k=1;q=0;s=10,24,false,25,0.075,14,2,64,0.086,14,2,false
dec-123,dec,d_b=12;m=2;gap=7;k=1;q=0;s=10,24,false,25,0.075,14,2,128,0.125,14,2,false
dec-123,dec,d_b=12;m=2;gap=7;k=1;q=0;s=10,24,false,25,0.075,14,2,256,0.185,14,2,false
dec-123,dec,d_b=12;m=2;gap=7;k=1;q=0;s=10,24,false,25,0.075,14,2,512,0.311,14,2,false
dec-123,dec,d_b=12;m=2;gap=7;k=1;q=0;s=10,24,false,25,0.075,14,2,1024,0.513,14,2,false
dec-123,dec,d_b=12;m=2;gap=7;k=1;q=0;s=10,24,false,25,0.075,14,2,2048,0.887,14,2,false
dec-123,dec,d_b=12;m=2;gap=7;k=1;q=0;s=10,24,false,25,0.075,14,2,4096,1.563,14,2,false
dec-123,dec,d_b=12;m=2;gap=7;k=1;q=0;s=10,24,false,25,0.075,14,2,8192,2.810,14,2,false
dec-123,dec,d_b=12;m=2;gap=7;k=1;q=0;s=10,24,false,25,0.075,14,2,16384,5.043,14,2,false
dec-123,dec,d_b=12;m=2;gap=7;k=1;q=0;s=10,24,false,25,0.075,14,2,32768,9.059,14,2,false
dec-123,dec,d_b=12;m=2;gap=7;k=1;q=0;s=10,24,false,25,0.075,14,2,65536,17.096,14,2,false
dec-123,dec,d_b=12;m=2;gap=7;k=1;q=0;s=10,24,false,25,0.075,14,2,131072,32.089,14,2,false
dec-123,dec,d_b=12;m=2;gap=7;k=1;q=0;s=10,24,false,25,0.075,14,2,262144,61.178,14,2,false
mixed-041-0,mixed,seed=0x9d2adb5ca2149cee;cycles=9;planted=2;d_b=8;m=3;gap=2;k=2,9831547,false,743487,0.231,48,8,1,0.126,54,44,false
mixed-041-0,mixed,seed=0x9d2adb5ca2149cee;cycles=9;planted=2;d_b=8;m=3;gap=2;k=2,9831547,false,743487,0.231,48,8,2,0.155,54,44,false
mixed-041-0,mixed,seed=0x9d2adb5ca2149cee;cycles=9;planted=2;d_b=8;m=3;gap=2;k=2,9831547,false,743487,0.231,48,8,4,0.181,54,44,false
mixed-041-0,mixed,seed=0x9d2adb5ca2149cee;cycles=9;planted=2;d_b=8;m=3;gap=2;k=2,9831547,false,743487,0.231,48,8,8,0.249,54,44,false
mixed-041-0,mixed,seed=0x9d2adb5ca2149cee;cycles=9;planted=2;d_b=8;m=3;gap=2;k=2,9831547,false,743487,0.231,48,8,16,0.425,54,44,false
mixed-041-0,mixed,seed=0x9d2adb5ca2149cee;cycles=9;planted=2;d_b=8;m=3;gap=2;k=2,9831547,false,743487,0.231,48,8,32,0.712,54,44,false
mixed-041-0,mixed,seed=0x9d2adb5ca2149cee;cycles=9;planted=2;d_b=8;m=3;gap=2;k=2,9831547,false,743487,0.231,48,8,64,1.337,54,44,false
mixed-041-0,mixed,seed=0x9d2adb5ca2149cee;cycles=9;planted=2;d_b=8;m=3;gap=2;k=2,9831547,false,743487,0.231,48,8,128,2.514,54,44,false
mixed-041-0,mixed,seed=0x9d2adb5ca2149cee;cycles=9;planted=2;d_b=8;m=3;gap=2;k=2,9831547,false,743487,0.231,48,8,256,4.585,48,8,false
mixed-041-0,mixed,seed=0x9d2adb5ca2149cee;cycles=9;planted=2;d_b=8;m=3;gap=2;k=2,9831547,false,743487,0.231,48,8,512,8.217,48,8,false
mixed-041-0,mixed,seed=0x9d2adb5ca2149cee;cycles=9;planted=2;d_b=8;m=3;gap=2;k=2,9831547,false,743487,0.231,48,8,1024,15.904,48,8,false
mixed-041-0,mixed,seed=0x9d2adb5ca2149cee;cycles=9;planted=2;d_b=8;m=3;gap=2;k=2,9831547,false,743487,0.231,48,8,2048,31.163,48,8,false
mixed-041-0,mixed,seed=0x9d2adb5ca2149cee;cycles=9;planted=2;d_b=8;m=3;gap=2;k=2,9831547,false,743487,0.231,48,8,4096,62.340,48,8,false
mixed-041-0,mixed,seed=0x9d2adb5ca2149cee;cycles=9;planted=2;d_b=8;m=3;gap=2;k=2,9831547,false,743487,0.231,48,8,8192,124.878,48,8,false
mixed-041-0,mixed,seed=0x9d2adb5ca2149cee;cycles=9;planted=2;d_b=8;m=3;gap=2;k=2,9831547,false,743487,0.231,48,8,16384,252.662,48,8,false
mixed-041-0,mixed,seed=0x9d2adb5ca2149cee;cycles=9;planted=2;d_b=8;m=3;gap=2;k=2,9831547,false,743487,0.231,48,8,32768,517.274,48,8,false
mixed-041-0,mixed,seed=0x9d2adb5ca2149cee;cycles=9;planted=2;d_b=8;m=3;gap=2;k=2,9831547,false,743487,0.231,48,8,65536,1048.930,48,8,false
mixed-041-0,mixed,seed=0x9d2adb5ca2149cee;cycles=9;planted=2;d_b=8;m=3;gap=2;k=2,9831547,false,743487,0.231,48,8,131072,2114.558,48,8,false
mixed-041-0,mixed,seed=0x9d2adb5ca2149cee;cycles=9;planted=2;d_b=8;m=3;gap=2;k=2,9831547,false,743487,0.231,48,8,262144,4394.466,48,8,false
dec-124,dec,d_b=12;m=2;gap=7;k=2;q=0;s=10,36,false,37,0.095,14,2,1,0.031,21,20,false
dec-124,dec,d_b=12;m=2;gap=7;k=2;q=0;s=10,36,false,37,0.095,14,2,2,0.023,21,20,false
dec-124,dec,d_b=12;m=2;gap=7;k=2;q=0;s=10,36,false,37,0.095,14,2,4,0.027,21,20,false
dec-124,dec,d_b=12;m=2;gap=7;k=2;q=0;s=10,36,false,37,0.095,14,2,8,0.031,21,20,false
dec-124,dec,d_b=12;m=2;gap=7;k=2;q=0;s=10,36,false,37,0.095,14,2,16,0.041,21,20,false
dec-124,dec,d_b=12;m=2;gap=7;k=2;q=0;s=10,36,false,37,0.095,14,2,32,0.055,21,20,false
dec-124,dec,d_b=12;m=2;gap=7;k=2;q=0;s=10,36,false,37,0.095,14,2,64,0.082,14,2,false
dec-124,dec,d_b=12;m=2;gap=7;k=2;q=0;s=10,36,false,37,0.095,14,2,128,0.113,14,2,false
dec-124,dec,d_b=12;m=2;gap=7;k=2;q=0;s=10,36,false,37,0.095,14,2,256,0.172,14,2,false
dec-124,dec,d_b=12;m=2;gap=7;k=2;q=0;s=10,36,false,37,0.095,14,2,512,0.274,14,2,false
dec-124,dec,d_b=12;m=2;gap=7;k=2;q=0;s=10,36,false,37,0.095,14,2,1024,0.476,14,2,false
dec-124,dec,d_b=12;m=2;gap=7;k=2;q=0;s=10,36,false,37,0.095,14,2,2048,0.851,14,2,false
dec-124,dec,d_b=12;m=2;gap=7;k=2;q=0;s=10,36,false,37,0.095,14,2,4096,1.493,14,2,false
dec-124,dec,d_b=12;m=2;gap=7;k=2;q=0;s=10,36,false,37,0.095,14,2,8192,2.788,14,2,false
dec-124,dec,d_b=12;m=2;gap=7;k=2;q=0;s=10,36,false,37,0.095,14,2,16384,5.068,14,2,false
dec-124,dec,d_b=12;m=2;gap=7;k=2;q=0;s=10,36,false,37,0.095,14,2,32768,9.316,14,2,false
dec-124,dec,d_b=12;m=2;gap=7;k=2;q=0;s=10,36,false,37,0.095,14,2,65536,17.560,14,2,false
dec-124,dec,d_b=12;m=2;gap=7;k=2;q=0;s=10,36,false,37,0.095,14,2,131072,33.918,14,2,false
dec-124,dec,d_b=12;m=2;gap=7;k=2;q=0;s=10,36,false,37,0.095,14,2,262144,65.083,14,2,false
mixed-041-1,mixed,seed=0x8c35ea541b047646;cycles=9;planted=2;d_b=8;m=3;gap=2;k=2,8650625,false,647746,0.299,69,8,1,0.188,75,44,false
mixed-041-1,mixed,seed=0x8c35ea541b047646;cycles=9;planted=2;d_b=8;m=3;gap=2;k=2,8650625,false,647746,0.299,69,8,2,0.252,75,44,false
mixed-041-1,mixed,seed=0x8c35ea541b047646;cycles=9;planted=2;d_b=8;m=3;gap=2;k=2,8650625,false,647746,0.299,69,8,4,0.281,75,44,false
mixed-041-1,mixed,seed=0x8c35ea541b047646;cycles=9;planted=2;d_b=8;m=3;gap=2;k=2,8650625,false,647746,0.299,69,8,8,0.354,75,44,false
mixed-041-1,mixed,seed=0x8c35ea541b047646;cycles=9;planted=2;d_b=8;m=3;gap=2;k=2,8650625,false,647746,0.299,69,8,16,0.510,75,44,false
mixed-041-1,mixed,seed=0x8c35ea541b047646;cycles=9;planted=2;d_b=8;m=3;gap=2;k=2,8650625,false,647746,0.299,69,8,32,0.910,75,44,false
mixed-041-1,mixed,seed=0x8c35ea541b047646;cycles=9;planted=2;d_b=8;m=3;gap=2;k=2,8650625,false,647746,0.299,69,8,64,1.680,75,44,false
mixed-041-1,mixed,seed=0x8c35ea541b047646;cycles=9;planted=2;d_b=8;m=3;gap=2;k=2,8650625,false,647746,0.299,69,8,128,3.055,75,44,false
mixed-041-1,mixed,seed=0x8c35ea541b047646;cycles=9;planted=2;d_b=8;m=3;gap=2;k=2,8650625,false,647746,0.299,69,8,256,6.098,75,44,false
mixed-041-1,mixed,seed=0x8c35ea541b047646;cycles=9;planted=2;d_b=8;m=3;gap=2;k=2,8650625,false,647746,0.299,69,8,512,11.211,75,44,false
mixed-041-1,mixed,seed=0x8c35ea541b047646;cycles=9;planted=2;d_b=8;m=3;gap=2;k=2,8650625,false,647746,0.299,69,8,1024,21.306,72,26,false
mixed-041-1,mixed,seed=0x8c35ea541b047646;cycles=9;planted=2;d_b=8;m=3;gap=2;k=2,8650625,false,647746,0.299,69,8,2048,41.371,69,8,false
mixed-041-1,mixed,seed=0x8c35ea541b047646;cycles=9;planted=2;d_b=8;m=3;gap=2;k=2,8650625,false,647746,0.299,69,8,4096,82.230,69,8,false
mixed-041-1,mixed,seed=0x8c35ea541b047646;cycles=9;planted=2;d_b=8;m=3;gap=2;k=2,8650625,false,647746,0.299,69,8,8192,165.355,69,8,false
mixed-041-1,mixed,seed=0x8c35ea541b047646;cycles=9;planted=2;d_b=8;m=3;gap=2;k=2,8650625,false,647746,0.299,69,8,16384,341.590,69,8,false
mixed-041-1,mixed,seed=0x8c35ea541b047646;cycles=9;planted=2;d_b=8;m=3;gap=2;k=2,8650625,false,647746,0.299,69,8,32768,691.324,69,8,false
mixed-041-1,mixed,seed=0x8c35ea541b047646;cycles=9;planted=2;d_b=8;m=3;gap=2;k=2,8650625,false,647746,0.299,69,8,65536,1399.193,69,8,false
mixed-041-1,mixed,seed=0x8c35ea541b047646;cycles=9;planted=2;d_b=8;m=3;gap=2;k=2,8650625,false,647746,0.299,69,8,131072,2833.059,69,8,false
mixed-041-1,mixed,seed=0x8c35ea541b047646;cycles=9;planted=2;d_b=8;m=3;gap=2;k=2,8650625,false,647746,0.299,69,8,262144,5796.223,69,8,false
dec-125,dec,d_b=12;m=2;gap=7;k=4;q=0;s=10,60,false,61,0.124,14,2,1,0.020,21,20,false
dec-125,dec,d_b=12;m=2;gap=7;k=4;q=0;s=10,60,false,61,0.124,14,2,2,0.028,21,20,false
dec-125,dec,d_b=12;m=2;gap=7;k=4;q=0;s=10,60,false,61,0.124,14,2,4,0.030,21,20,false
dec-125,dec,d_b=12;m=2;gap=7;k=4;q=0;s=10,60,false,61,0.124,14,2,8,0.042,21,20,false
dec-125,dec,d_b=12;m=2;gap=7;k=4;q=0;s=10,60,false,61,0.124,14,2,16,0.045,21,20,false
dec-125,dec,d_b=12;m=2;gap=7;k=4;q=0;s=10,60,false,61,0.124,14,2,32,0.074,21,20,false
dec-125,dec,d_b=12;m=2;gap=7;k=4;q=0;s=10,60,false,61,0.124,14,2,64,0.074,21,20,false
dec-125,dec,d_b=12;m=2;gap=7;k=4;q=0;s=10,60,false,61,0.124,14,2,128,0.115,21,20,false
dec-125,dec,d_b=12;m=2;gap=7;k=4;q=0;s=10,60,false,61,0.124,14,2,256,0.182,14,2,false
dec-125,dec,d_b=12;m=2;gap=7;k=4;q=0;s=10,60,false,61,0.124,14,2,512,0.299,14,2,false
dec-125,dec,d_b=12;m=2;gap=7;k=4;q=0;s=10,60,false,61,0.124,14,2,1024,0.470,14,2,false
dec-125,dec,d_b=12;m=2;gap=7;k=4;q=0;s=10,60,false,61,0.124,14,2,2048,0.806,14,2,false
dec-125,dec,d_b=12;m=2;gap=7;k=4;q=0;s=10,60,false,61,0.124,14,2,4096,1.511,14,2,false
dec-125,dec,d_b=12;m=2;gap=7;k=4;q=0;s=10,60,false,61,0.124,14,2,8192,2.792,14,2,false
dec-125,dec,d_b=12;m=2;gap=7;k=4;q=0;s=10,60,false,61,0.124,14,2,16384,5.288,14,2,false
dec-125,dec,d_b=12;m=2;gap=7;k=4;q=0;s=10,60,false,61,0.124,14,2,32768,9.856,14,2,false
dec-125,dec,d_b=12;m=2;gap=7;k=4;q=0;s=10,60,false,61,0.124,14,2,65536,19.096,14,2,false
dec-125,dec,d_b=12;m=2;gap=7;k=4;q=0;s=10,60,false,61,0.124,14,2,131072,37.002,14,2,false
dec-125,dec,d_b=12;m=2;gap=7;k=4;q=0;s=10,60,false,61,0.124,14,2,262144,71.930,14,2,false
mixed-041-2,mixed,seed=0xc24d33e622e97f64;cycles=9;planted=2;d_b=8;m=3;gap=2;k=2,9831551,false,743503,0.269,59,8,1,0.140,65,44,false
mixed-041-2,mixed,seed=0xc24d33e622e97f64;cycles=9;planted=2;d_b=8;m=3;gap=2;k=2,9831551,false,743503,0.269,59,8,2,0.138,65,44,false
mixed-041-2,mixed,seed=0xc24d33e622e97f64;cycles=9;planted=2;d_b=8;m=3;gap=2;k=2,9831551,false,743503,0.269,59,8,4,0.147,65,44,false
mixed-041-2,mixed,seed=0xc24d33e622e97f64;cycles=9;planted=2;d_b=8;m=3;gap=2;k=2,9831551,false,743503,0.269,59,8,8,0.209,65,44,false
mixed-041-2,mixed,seed=0xc24d33e622e97f64;cycles=9;planted=2;d_b=8;m=3;gap=2;k=2,9831551,false,743503,0.269,59,8,16,0.257,65,44,false
mixed-041-2,mixed,seed=0xc24d33e622e97f64;cycles=9;planted=2;d_b=8;m=3;gap=2;k=2,9831551,false,743503,0.269,59,8,32,0.357,65,44,false
mixed-041-2,mixed,seed=0xc24d33e622e97f64;cycles=9;planted=2;d_b=8;m=3;gap=2;k=2,9831551,false,743503,0.269,59,8,64,0.572,62,26,false
mixed-041-2,mixed,seed=0xc24d33e622e97f64;cycles=9;planted=2;d_b=8;m=3;gap=2;k=2,9831551,false,743503,0.269,59,8,128,0.941,62,26,false
mixed-041-2,mixed,seed=0xc24d33e622e97f64;cycles=9;planted=2;d_b=8;m=3;gap=2;k=2,9831551,false,743503,0.269,59,8,256,1.491,62,26,false
mixed-041-2,mixed,seed=0xc24d33e622e97f64;cycles=9;planted=2;d_b=8;m=3;gap=2;k=2,9831551,false,743503,0.269,59,8,512,2.018,62,26,false
mixed-041-2,mixed,seed=0xc24d33e622e97f64;cycles=9;planted=2;d_b=8;m=3;gap=2;k=2,9831551,false,743503,0.269,59,8,1024,2.937,62,26,false
mixed-041-2,mixed,seed=0xc24d33e622e97f64;cycles=9;planted=2;d_b=8;m=3;gap=2;k=2,9831551,false,743503,0.269,59,8,2048,4.473,62,26,false
mixed-041-2,mixed,seed=0xc24d33e622e97f64;cycles=9;planted=2;d_b=8;m=3;gap=2;k=2,9831551,false,743503,0.269,59,8,4096,6.461,62,26,false
mixed-041-2,mixed,seed=0xc24d33e622e97f64;cycles=9;planted=2;d_b=8;m=3;gap=2;k=2,9831551,false,743503,0.269,59,8,8192,10.414,62,26,false
mixed-041-2,mixed,seed=0xc24d33e622e97f64;cycles=9;planted=2;d_b=8;m=3;gap=2;k=2,9831551,false,743503,0.269,59,8,16384,17.744,62,26,false
mixed-041-2,mixed,seed=0xc24d33e622e97f64;cycles=9;planted=2;d_b=8;m=3;gap=2;k=2,9831551,false,743503,0.269,59,8,32768,32.148,62,26,false
mixed-041-2,mixed,seed=0xc24d33e622e97f64;cycles=9;planted=2;d_b=8;m=3;gap=2;k=2,9831551,false,743503,0.269,59,8,65536,61.515,62,26,false
mixed-041-2,mixed,seed=0xc24d33e622e97f64;cycles=9;planted=2;d_b=8;m=3;gap=2;k=2,9831551,false,743503,0.269,59,8,131072,119.131,59,8,false
mixed-041-2,mixed,seed=0xc24d33e622e97f64;cycles=9;planted=2;d_b=8;m=3;gap=2;k=2,9831551,false,743503,0.269,59,8,262144,229.942,59,8,false
dec-126,dec,d_b=12;m=3;gap=1;k=1;q=1;s=13,24,false,26,0.085,26,2,1,0.020,27,26,false
dec-126,dec,d_b=12;m=3;gap=1;k=1;q=1;s=13,24,false,26,0.085,26,2,2,0.024,27,26,false
dec-126,dec,d_b=12;m=3;gap=1;k=1;q=1;s=13,24,false,26,0.085,26,2,4,0.026,27,26,false
dec-126,dec,d_b=12;m=3;gap=1;k=1;q=1;s=13,24,false,26,0.085,26,2,8,0.031,27,26,false
dec-126,dec,d_b=12;m=3;gap=1;k=1;q=1;s=13,24,false,26,0.085,26,2,16,0.045,27,26,false
dec-126,dec,d_b=12;m=3;gap=1;k=1;q=1;s=13,24,false,26,0.085,26,2,32,0.059,27,26,false
dec-126,dec,d_b=12;m=3;gap=1;k=1;q=1;s=13,24,false,26,0.085,26,2,64,0.073,27,26,false
dec-126,dec,d_b=12;m=3;gap=1;k=1;q=1;s=13,24,false,26,0.085,26,2,128,0.106,27,26,false
dec-126,dec,d_b=12;m=3;gap=1;k=1;q=1;s=13,24,false,26,0.085,26,2,256,0.181,26,2,false
dec-126,dec,d_b=12;m=3;gap=1;k=1;q=1;s=13,24,false,26,0.085,26,2,512,0.295,26,2,false
dec-126,dec,d_b=12;m=3;gap=1;k=1;q=1;s=13,24,false,26,0.085,26,2,1024,0.495,26,2,false
dec-126,dec,d_b=12;m=3;gap=1;k=1;q=1;s=13,24,false,26,0.085,26,2,2048,0.879,26,2,false
dec-126,dec,d_b=12;m=3;gap=1;k=1;q=1;s=13,24,false,26,0.085,26,2,4096,1.517,26,2,false
dec-126,dec,d_b=12;m=3;gap=1;k=1;q=1;s=13,24,false,26,0.085,26,2,8192,2.781,26,2,false
dec-126,dec,d_b=12;m=3;gap=1;k=1;q=1;s=13,24,false,26,0.085,26,2,16384,4.954,26,2,false
dec-126,dec,d_b=12;m=3;gap=1;k=1;q=1;s=13,24,false,26,0.085,26,2,32768,8.875,26,2,false
dec-126,dec,d_b=12;m=3;gap=1;k=1;q=1;s=13,24,false,26,0.085,26,2,65536,16.590,26,2,false
dec-126,dec,d_b=12;m=3;gap=1;k=1;q=1;s=13,24,false,26,0.085,26,2,131072,31.929,26,2,false
dec-126,dec,d_b=12;m=3;gap=1;k=1;q=1;s=13,24,false,26,0.085,26,2,262144,61.354,26,2,false
mixed-042-0,mixed,seed=0x469f6cca6797f85a;cycles=9;planted=2;d_b=12;m=2;gap=6;k=4,122,false,124,0.202,30,4,1,0.032,44,40,false
mixed-042-0,mixed,seed=0x469f6cca6797f85a;cycles=9;planted=2;d_b=12;m=2;gap=6;k=4,122,false,124,0.202,30,4,2,0.033,44,40,false
mixed-042-0,mixed,seed=0x469f6cca6797f85a;cycles=9;planted=2;d_b=12;m=2;gap=6;k=4,122,false,124,0.202,30,4,4,0.038,44,40,false
mixed-042-0,mixed,seed=0x469f6cca6797f85a;cycles=9;planted=2;d_b=12;m=2;gap=6;k=4,122,false,124,0.202,30,4,8,0.073,44,40,false
mixed-042-0,mixed,seed=0x469f6cca6797f85a;cycles=9;planted=2;d_b=12;m=2;gap=6;k=4,122,false,124,0.202,30,4,16,0.082,44,40,false
mixed-042-0,mixed,seed=0x469f6cca6797f85a;cycles=9;planted=2;d_b=12;m=2;gap=6;k=4,122,false,124,0.202,30,4,32,0.118,44,40,false
mixed-042-0,mixed,seed=0x469f6cca6797f85a;cycles=9;planted=2;d_b=12;m=2;gap=6;k=4,122,false,124,0.202,30,4,64,0.148,44,40,false
mixed-042-0,mixed,seed=0x469f6cca6797f85a;cycles=9;planted=2;d_b=12;m=2;gap=6;k=4,122,false,124,0.202,30,4,128,0.214,44,40,false
mixed-042-0,mixed,seed=0x469f6cca6797f85a;cycles=9;planted=2;d_b=12;m=2;gap=6;k=4,122,false,124,0.202,30,4,256,0.327,44,40,false
mixed-042-0,mixed,seed=0x469f6cca6797f85a;cycles=9;planted=2;d_b=12;m=2;gap=6;k=4,122,false,124,0.202,30,4,512,0.569,30,4,false
mixed-042-0,mixed,seed=0x469f6cca6797f85a;cycles=9;planted=2;d_b=12;m=2;gap=6;k=4,122,false,124,0.202,30,4,1024,0.945,30,4,false
mixed-042-0,mixed,seed=0x469f6cca6797f85a;cycles=9;planted=2;d_b=12;m=2;gap=6;k=4,122,false,124,0.202,30,4,2048,1.673,30,4,false
mixed-042-0,mixed,seed=0x469f6cca6797f85a;cycles=9;planted=2;d_b=12;m=2;gap=6;k=4,122,false,124,0.202,30,4,4096,3.008,30,4,false
mixed-042-0,mixed,seed=0x469f6cca6797f85a;cycles=9;planted=2;d_b=12;m=2;gap=6;k=4,122,false,124,0.202,30,4,8192,5.690,30,4,false
mixed-042-0,mixed,seed=0x469f6cca6797f85a;cycles=9;planted=2;d_b=12;m=2;gap=6;k=4,122,false,124,0.202,30,4,16384,10.367,30,4,false
mixed-042-0,mixed,seed=0x469f6cca6797f85a;cycles=9;planted=2;d_b=12;m=2;gap=6;k=4,122,false,124,0.202,30,4,32768,19.672,30,4,false
mixed-042-0,mixed,seed=0x469f6cca6797f85a;cycles=9;planted=2;d_b=12;m=2;gap=6;k=4,122,false,124,0.202,30,4,65536,37.946,30,4,false
mixed-042-0,mixed,seed=0x469f6cca6797f85a;cycles=9;planted=2;d_b=12;m=2;gap=6;k=4,122,false,124,0.202,30,4,131072,72.341,30,4,false
mixed-042-0,mixed,seed=0x469f6cca6797f85a;cycles=9;planted=2;d_b=12;m=2;gap=6;k=4,122,false,124,0.202,30,4,262144,140.866,30,4,false
dec-127,dec,d_b=12;m=3;gap=1;k=2;q=1;s=13,36,false,38,0.117,26,2,1,0.024,27,26,false
dec-127,dec,d_b=12;m=3;gap=1;k=2;q=1;s=13,36,false,38,0.117,26,2,2,0.035,27,26,false
dec-127,dec,d_b=12;m=3;gap=1;k=2;q=1;s=13,36,false,38,0.117,26,2,4,0.037,27,26,false
dec-127,dec,d_b=12;m=3;gap=1;k=2;q=1;s=13,36,false,38,0.117,26,2,8,0.041,27,26,false
dec-127,dec,d_b=12;m=3;gap=1;k=2;q=1;s=13,36,false,38,0.117,26,2,16,0.052,27,26,false
dec-127,dec,d_b=12;m=3;gap=1;k=2;q=1;s=13,36,false,38,0.117,26,2,32,0.065,27,26,false
dec-127,dec,d_b=12;m=3;gap=1;k=2;q=1;s=13,36,false,38,0.117,26,2,64,0.081,27,26,false
dec-127,dec,d_b=12;m=3;gap=1;k=2;q=1;s=13,36,false,38,0.117,26,2,128,0.125,27,26,false
dec-127,dec,d_b=12;m=3;gap=1;k=2;q=1;s=13,36,false,38,0.117,26,2,256,0.167,27,26,false
dec-127,dec,d_b=12;m=3;gap=1;k=2;q=1;s=13,36,false,38,0.117,26,2,512,0.259,27,26,false
dec-127,dec,d_b=12;m=3;gap=1;k=2;q=1;s=13,36,false,38,0.117,26,2,1024,0.440,27,26,false
dec-127,dec,d_b=12;m=3;gap=1;k=2;q=1;s=13,36,false,38,0.117,26,2,2048,0.785,27,26,false
dec-127,dec,d_b=12;m=3;gap=1;k=2;q=1;s=13,36,false,38,0.117,26,2,4096,1.508,26,2,false
dec-127,dec,d_b=12;m=3;gap=1;k=2;q=1;s=13,36,false,38,0.117,26,2,8192,2.674,26,2,false
dec-127,dec,d_b=12;m=3;gap=1;k=2;q=1;s=13,36,false,38,0.117,26,2,16384,4.914,26,2,false
dec-127,dec,d_b=12;m=3;gap=1;k=2;q=1;s=13,36,false,38,0.117,26,2,32768,9.060,26,2,false
dec-127,dec,d_b=12;m=3;gap=1;k=2;q=1;s=13,36,false,38,0.117,26,2,65536,17.374,26,2,false
dec-127,dec,d_b=12;m=3;gap=1;k=2;q=1;s=13,36,false,38,0.117,26,2,131072,33.322,26,2,false
dec-127,dec,d_b=12;m=3;gap=1;k=2;q=1;s=13,36,false,38,0.117,26,2,262144,63.866,26,2,false
mixed-042-1,mixed,seed=0x39bd23f936639891;cycles=9;planted=2;d_b=12;m=2;gap=6;k=4,5335366,false,414819,0.246,34,8,1,0.090,48,44,false
mixed-042-1,mixed,seed=0x39bd23f936639891;cycles=9;planted=2;d_b=12;m=2;gap=6;k=4,5335366,false,414819,0.246,34,8,2,0.089,48,44,false
mixed-042-1,mixed,seed=0x39bd23f936639891;cycles=9;planted=2;d_b=12;m=2;gap=6;k=4,5335366,false,414819,0.246,34,8,4,0.092,48,44,false
mixed-042-1,mixed,seed=0x39bd23f936639891;cycles=9;planted=2;d_b=12;m=2;gap=6;k=4,5335366,false,414819,0.246,34,8,8,0.148,48,44,false
mixed-042-1,mixed,seed=0x39bd23f936639891;cycles=9;planted=2;d_b=12;m=2;gap=6;k=4,5335366,false,414819,0.246,34,8,16,0.222,48,44,false
mixed-042-1,mixed,seed=0x39bd23f936639891;cycles=9;planted=2;d_b=12;m=2;gap=6;k=4,5335366,false,414819,0.246,34,8,32,0.374,48,44,false
mixed-042-1,mixed,seed=0x39bd23f936639891;cycles=9;planted=2;d_b=12;m=2;gap=6;k=4,5335366,false,414819,0.246,34,8,64,0.651,48,44,false
mixed-042-1,mixed,seed=0x39bd23f936639891;cycles=9;planted=2;d_b=12;m=2;gap=6;k=4,5335366,false,414819,0.246,34,8,128,1.257,48,44,false
mixed-042-1,mixed,seed=0x39bd23f936639891;cycles=9;planted=2;d_b=12;m=2;gap=6;k=4,5335366,false,414819,0.246,34,8,256,2.254,48,44,false
mixed-042-1,mixed,seed=0x39bd23f936639891;cycles=9;planted=2;d_b=12;m=2;gap=6;k=4,5335366,false,414819,0.246,34,8,512,3.973,41,26,false
mixed-042-1,mixed,seed=0x39bd23f936639891;cycles=9;planted=2;d_b=12;m=2;gap=6;k=4,5335366,false,414819,0.246,34,8,1024,7.438,41,26,false
mixed-042-1,mixed,seed=0x39bd23f936639891;cycles=9;planted=2;d_b=12;m=2;gap=6;k=4,5335366,false,414819,0.246,34,8,2048,14.924,34,8,false
mixed-042-1,mixed,seed=0x39bd23f936639891;cycles=9;planted=2;d_b=12;m=2;gap=6;k=4,5335366,false,414819,0.246,34,8,4096,30.626,34,8,false
mixed-042-1,mixed,seed=0x39bd23f936639891;cycles=9;planted=2;d_b=12;m=2;gap=6;k=4,5335366,false,414819,0.246,34,8,8192,65.934,34,8,false
mixed-042-1,mixed,seed=0x39bd23f936639891;cycles=9;planted=2;d_b=12;m=2;gap=6;k=4,5335366,false,414819,0.246,34,8,16384,134.619,34,8,false
mixed-042-1,mixed,seed=0x39bd23f936639891;cycles=9;planted=2;d_b=12;m=2;gap=6;k=4,5335366,false,414819,0.246,34,8,32768,274.870,34,8,false
mixed-042-1,mixed,seed=0x39bd23f936639891;cycles=9;planted=2;d_b=12;m=2;gap=6;k=4,5335366,false,414819,0.246,34,8,65536,555.416,34,8,false
mixed-042-1,mixed,seed=0x39bd23f936639891;cycles=9;planted=2;d_b=12;m=2;gap=6;k=4,5335366,false,414819,0.246,34,8,131072,1145.068,34,8,false
mixed-042-1,mixed,seed=0x39bd23f936639891;cycles=9;planted=2;d_b=12;m=2;gap=6;k=4,5335366,false,414819,0.246,34,8,262144,2482.178,34,8,false
dec-128,dec,d_b=12;m=3;gap=1;k=4;q=1;s=13,60,false,62,0.218,26,2,1,0.025,27,26,false
dec-128,dec,d_b=12;m=3;gap=1;k=4;q=1;s=13,60,false,62,0.218,26,2,2,0.028,27,26,false
dec-128,dec,d_b=12;m=3;gap=1;k=4;q=1;s=13,60,false,62,0.218,26,2,4,0.038,27,26,false
dec-128,dec,d_b=12;m=3;gap=1;k=4;q=1;s=13,60,false,62,0.218,26,2,8,0.049,27,26,false
dec-128,dec,d_b=12;m=3;gap=1;k=4;q=1;s=13,60,false,62,0.218,26,2,16,0.055,27,26,false
dec-128,dec,d_b=12;m=3;gap=1;k=4;q=1;s=13,60,false,62,0.218,26,2,32,0.080,27,26,false
dec-128,dec,d_b=12;m=3;gap=1;k=4;q=1;s=13,60,false,62,0.218,26,2,64,0.096,27,26,false
dec-128,dec,d_b=12;m=3;gap=1;k=4;q=1;s=13,60,false,62,0.218,26,2,128,0.119,27,26,false
dec-128,dec,d_b=12;m=3;gap=1;k=4;q=1;s=13,60,false,62,0.218,26,2,256,0.177,27,26,false
dec-128,dec,d_b=12;m=3;gap=1;k=4;q=1;s=13,60,false,62,0.218,26,2,512,0.273,27,26,false
dec-128,dec,d_b=12;m=3;gap=1;k=4;q=1;s=13,60,false,62,0.218,26,2,1024,0.470,27,26,false
dec-128,dec,d_b=12;m=3;gap=1;k=4;q=1;s=13,60,false,62,0.218,26,2,2048,0.819,27,26,false
dec-128,dec,d_b=12;m=3;gap=1;k=4;q=1;s=13,60,false,62,0.218,26,2,4096,1.498,27,26,false
dec-128,dec,d_b=12;m=3;gap=1;k=4;q=1;s=13,60,false,62,0.218,26,2,8192,2.804,27,26,false
dec-128,dec,d_b=12;m=3;gap=1;k=4;q=1;s=13,60,false,62,0.218,26,2,16384,5.206,27,26,false
dec-128,dec,d_b=12;m=3;gap=1;k=4;q=1;s=13,60,false,62,0.218,26,2,32768,9.800,27,26,false
dec-128,dec,d_b=12;m=3;gap=1;k=4;q=1;s=13,60,false,62,0.218,26,2,65536,18.908,27,26,false
dec-128,dec,d_b=12;m=3;gap=1;k=4;q=1;s=13,60,false,62,0.218,26,2,131072,36.652,27,26,false
dec-128,dec,d_b=12;m=3;gap=1;k=4;q=1;s=13,60,false,62,0.218,26,2,262144,71.790,26,2,false
mixed-042-2,mixed,seed=0x281ba4b0a146daf3;cycles=9;planted=2;d_b=12;m=2;gap=6;k=4,17193033,false,1219902,0.354,50,12,1,0.156,64,48,false
mixed-042-2,mixed,seed=0x281ba4b0a146daf3;cycles=9;planted=2;d_b=12;m=2;gap=6;k=4,17193033,false,1219902,0.354,50,12,2,0.154,64,48,false
mixed-042-2,mixed,seed=0x281ba4b0a146daf3;cycles=9;planted=2;d_b=12;m=2;gap=6;k=4,17193033,false,1219902,0.354,50,12,4,0.191,64,48,false
mixed-042-2,mixed,seed=0x281ba4b0a146daf3;cycles=9;planted=2;d_b=12;m=2;gap=6;k=4,17193033,false,1219902,0.354,50,12,8,0.277,64,48,false
mixed-042-2,mixed,seed=0x281ba4b0a146daf3;cycles=9;planted=2;d_b=12;m=2;gap=6;k=4,17193033,false,1219902,0.354,50,12,16,0.351,64,48,false
mixed-042-2,mixed,seed=0x281ba4b0a146daf3;cycles=9;planted=2;d_b=12;m=2;gap=6;k=4,17193033,false,1219902,0.354,50,12,32,0.551,64,48,false
mixed-042-2,mixed,seed=0x281ba4b0a146daf3;cycles=9;planted=2;d_b=12;m=2;gap=6;k=4,17193033,false,1219902,0.354,50,12,64,0.835,64,48,false
mixed-042-2,mixed,seed=0x281ba4b0a146daf3;cycles=9;planted=2;d_b=12;m=2;gap=6;k=4,17193033,false,1219902,0.354,50,12,128,1.436,64,48,false
mixed-042-2,mixed,seed=0x281ba4b0a146daf3;cycles=9;planted=2;d_b=12;m=2;gap=6;k=4,17193033,false,1219902,0.354,50,12,256,2.421,64,48,false
mixed-042-2,mixed,seed=0x281ba4b0a146daf3;cycles=9;planted=2;d_b=12;m=2;gap=6;k=4,17193033,false,1219902,0.354,50,12,512,4.043,64,48,false
mixed-042-2,mixed,seed=0x281ba4b0a146daf3;cycles=9;planted=2;d_b=12;m=2;gap=6;k=4,17193033,false,1219902,0.354,50,12,1024,6.851,57,30,false
mixed-042-2,mixed,seed=0x281ba4b0a146daf3;cycles=9;planted=2;d_b=12;m=2;gap=6;k=4,17193033,false,1219902,0.354,50,12,2048,13.611,57,30,false
mixed-042-2,mixed,seed=0x281ba4b0a146daf3;cycles=9;planted=2;d_b=12;m=2;gap=6;k=4,17193033,false,1219902,0.354,50,12,4096,26.948,57,30,false
mixed-042-2,mixed,seed=0x281ba4b0a146daf3;cycles=9;planted=2;d_b=12;m=2;gap=6;k=4,17193033,false,1219902,0.354,50,12,8192,53.550,57,30,false
mixed-042-2,mixed,seed=0x281ba4b0a146daf3;cycles=9;planted=2;d_b=12;m=2;gap=6;k=4,17193033,false,1219902,0.354,50,12,16384,100.435,57,30,false
mixed-042-2,mixed,seed=0x281ba4b0a146daf3;cycles=9;planted=2;d_b=12;m=2;gap=6;k=4,17193033,false,1219902,0.354,50,12,32768,202.984,50,12,false
mixed-042-2,mixed,seed=0x281ba4b0a146daf3;cycles=9;planted=2;d_b=12;m=2;gap=6;k=4,17193033,false,1219902,0.354,50,12,65536,387.534,50,12,false
mixed-042-2,mixed,seed=0x281ba4b0a146daf3;cycles=9;planted=2;d_b=12;m=2;gap=6;k=4,17193033,false,1219902,0.354,50,12,131072,791.556,50,12,false
mixed-042-2,mixed,seed=0x281ba4b0a146daf3;cycles=9;planted=2;d_b=12;m=2;gap=6;k=4,17193033,false,1219902,0.354,50,12,262144,1718.461,50,12,false
dec-129,dec,d_b=12;m=3;gap=3;k=1;q=1;s=14,24,false,26,0.105,26,2,1,0.020,29,28,false
dec-129,dec,d_b=12;m=3;gap=3;k=1;q=1;s=14,24,false,26,0.105,26,2,2,0.029,29,28,false
dec-129,dec,d_b=12;m=3;gap=3;k=1;q=1;s=14,24,false,26,0.105,26,2,4,0.026,29,28,false
dec-129,dec,d_b=12;m=3;gap=3;k=1;q=1;s=14,24,false,26,0.105,26,2,8,0.034,29,28,false
dec-129,dec,d_b=12;m=3;gap=3;k=1;q=1;s=14,24,false,26,0.105,26,2,16,0.046,29,28,false
dec-129,dec,d_b=12;m=3;gap=3;k=1;q=1;s=14,24,false,26,0.105,26,2,32,0.060,29,28,false
dec-129,dec,d_b=12;m=3;gap=3;k=1;q=1;s=14,24,false,26,0.105,26,2,64,0.074,29,28,false
dec-129,dec,d_b=12;m=3;gap=3;k=1;q=1;s=14,24,false,26,0.105,26,2,128,0.116,26,2,false
dec-129,dec,d_b=12;m=3;gap=3;k=1;q=1;s=14,24,false,26,0.105,26,2,256,0.187,26,2,false
dec-129,dec,d_b=12;m=3;gap=3;k=1;q=1;s=14,24,false,26,0.105,26,2,512,0.302,26,2,false
dec-129,dec,d_b=12;m=3;gap=3;k=1;q=1;s=14,24,false,26,0.105,26,2,1024,0.496,26,2,false
dec-129,dec,d_b=12;m=3;gap=3;k=1;q=1;s=14,24,false,26,0.105,26,2,2048,0.861,26,2,false
dec-129,dec,d_b=12;m=3;gap=3;k=1;q=1;s=14,24,false,26,0.105,26,2,4096,1.538,26,2,false
dec-129,dec,d_b=12;m=3;gap=3;k=1;q=1;s=14,24,false,26,0.105,26,2,8192,2.761,26,2,false
dec-129,dec,d_b=12;m=3;gap=3;k=1;q=1;s=14,24,false,26,0.105,26,2,16384,4.874,26,2,false
dec-129,dec,d_b=12;m=3;gap=3;k=1;q=1;s=14,24,false,26,0.105,26,2,32768,8.899,26,2,false
dec-129,dec,d_b=12;m=3;gap=3;k=1;q=1;s=14,24,false,26,0.105,26,2,65536,16.597,26,2,false
dec-129,dec,d_b=12;m=3;gap=3;k=1;q=1;s=14,24,false,26,0.105,26,2,131072,31.891,26,2,false
dec-129,dec,d_b=12;m=3;gap=3;k=1;q=1;s=14,24,false,26,0.105,26,2,262144,60.867,26,2,false
mixed-043-0,mixed,seed=0x2b64a5f9719858c5;cycles=9;planted=2;d_b=16;m=5;gap=2;k=1,9869701,false,745337,0.398,150,10,1,0.131,156,142,false
mixed-043-0,mixed,seed=0x2b64a5f9719858c5;cycles=9;planted=2;d_b=16;m=5;gap=2;k=1,9869701,false,745337,0.398,150,10,2,0.126,156,142,false
mixed-043-0,mixed,seed=0x2b64a5f9719858c5;cycles=9;planted=2;d_b=16;m=5;gap=2;k=1,9869701,false,745337,0.398,150,10,4,0.120,156,142,false
mixed-043-0,mixed,seed=0x2b64a5f9719858c5;cycles=9;planted=2;d_b=16;m=5;gap=2;k=1,9869701,false,745337,0.398,150,10,8,0.186,156,142,false
mixed-043-0,mixed,seed=0x2b64a5f9719858c5;cycles=9;planted=2;d_b=16;m=5;gap=2;k=1,9869701,false,745337,0.398,150,10,16,0.277,156,142,false
mixed-043-0,mixed,seed=0x2b64a5f9719858c5;cycles=9;planted=2;d_b=16;m=5;gap=2;k=1,9869701,false,745337,0.398,150,10,32,0.458,156,142,false
mixed-043-0,mixed,seed=0x2b64a5f9719858c5;cycles=9;planted=2;d_b=16;m=5;gap=2;k=1,9869701,false,745337,0.398,150,10,64,0.814,156,142,false
mixed-043-0,mixed,seed=0x2b64a5f9719858c5;cycles=9;planted=2;d_b=16;m=5;gap=2;k=1,9869701,false,745337,0.398,150,10,128,1.385,156,142,false
mixed-043-0,mixed,seed=0x2b64a5f9719858c5;cycles=9;planted=2;d_b=16;m=5;gap=2;k=1,9869701,false,745337,0.398,150,10,256,2.019,156,142,false
mixed-043-0,mixed,seed=0x2b64a5f9719858c5;cycles=9;planted=2;d_b=16;m=5;gap=2;k=1,9869701,false,745337,0.398,150,10,512,3.126,156,142,false
mixed-043-0,mixed,seed=0x2b64a5f9719858c5;cycles=9;planted=2;d_b=16;m=5;gap=2;k=1,9869701,false,745337,0.398,150,10,1024,5.274,156,142,false
mixed-043-0,mixed,seed=0x2b64a5f9719858c5;cycles=9;planted=2;d_b=16;m=5;gap=2;k=1,9869701,false,745337,0.398,150,10,2048,9.793,156,142,false
mixed-043-0,mixed,seed=0x2b64a5f9719858c5;cycles=9;planted=2;d_b=16;m=5;gap=2;k=1,9869701,false,745337,0.398,150,10,4096,19.439,156,142,false
mixed-043-0,mixed,seed=0x2b64a5f9719858c5;cycles=9;planted=2;d_b=16;m=5;gap=2;k=1,9869701,false,745337,0.398,150,10,8192,41.801,156,142,false
mixed-043-0,mixed,seed=0x2b64a5f9719858c5;cycles=9;planted=2;d_b=16;m=5;gap=2;k=1,9869701,false,745337,0.398,150,10,16384,82.515,156,142,false
mixed-043-0,mixed,seed=0x2b64a5f9719858c5;cycles=9;planted=2;d_b=16;m=5;gap=2;k=1,9869701,false,745337,0.398,150,10,32768,162.798,156,142,false
mixed-043-0,mixed,seed=0x2b64a5f9719858c5;cycles=9;planted=2;d_b=16;m=5;gap=2;k=1,9869701,false,745337,0.398,150,10,65536,325.965,153,76,false
mixed-043-0,mixed,seed=0x2b64a5f9719858c5;cycles=9;planted=2;d_b=16;m=5;gap=2;k=1,9869701,false,745337,0.398,150,10,131072,664.146,153,76,false
mixed-043-0,mixed,seed=0x2b64a5f9719858c5;cycles=9;planted=2;d_b=16;m=5;gap=2;k=1,9869701,false,745337,0.398,150,10,262144,1492.133,153,76,false
dec-130,dec,d_b=12;m=3;gap=3;k=2;q=1;s=14,36,false,38,0.139,26,2,1,0.021,29,28,false
dec-130,dec,d_b=12;m=3;gap=3;k=2;q=1;s=14,36,false,38,0.139,26,2,2,0.029,29,28,false
dec-130,dec,d_b=12;m=3;gap=3;k=2;q=1;s=14,36,false,38,0.139,26,2,4,0.033,29,28,false
dec-130,dec,d_b=12;m=3;gap=3;k=2;q=1;s=14,36,false,38,0.139,26,2,8,0.037,29,28,false
dec-130,dec,d_b=12;m=3;gap=3;k=2;q=1;s=14,36,false,38,0.139,26,2,16,0.051,29,28,false
dec-130,dec,d_b=12;m=3;gap=3;k=2;q=1;s=14,36,false,38,0.139,26,2,32,0.064,29,28,false
dec-130,dec,d_b=12;m=3;gap=3;k=2;q=1;s=14,36,false,38,0.139,26,2,64,0.083,29,28,false
dec-130,dec,d_b=12;m=3;gap=3;k=2;q=1;s=14,36,false,38,0.139,26,2,128,0.111,29,28,false
dec-130,dec,d_b=12;m=3;gap=3;k=2;q=1;s=14,36,false,38,0.139,26,2,256,0.168,29,28,false
dec-130,dec,d_b=12;m=3;gap=3;k=2;q=1;s=14,36,false,38,0.139,26,2,512,0.260,29,28,false
dec-130,dec,d_b=12;m=3;gap=3;k=2;q=1;s=14,36,false,38,0.139,26,2,1024,0.458,26,2,false
dec-130,dec,d_b=12;m=3;gap=3;k=2;q=1;s=14,36,false,38,0.139,26,2,2048,0.795,26,2,false
dec-130,dec,d_b=12;m=3;gap=3;k=2;q=1;s=14,36,false,38,0.139,26,2,4096,1.485,26,2,false
dec-130,dec,d_b=12;m=3;gap=3;k=2;q=1;s=14,36,false,38,0.139,26,2,8192,2.673,26,2,false
dec-130,dec,d_b=12;m=3;gap=3;k=2;q=1;s=14,36,false,38,0.139,26,2,16384,5.022,26,2,false
dec-130,dec,d_b=12;m=3;gap=3;k=2;q=1;s=14,36,false,38,0.139,26,2,32768,9.063,26,2,false
dec-130,dec,d_b=12;m=3;gap=3;k=2;q=1;s=14,36,false,38,0.139,26,2,65536,17.562,26,2,false
dec-130,dec,d_b=12;m=3;gap=3;k=2;q=1;s=14,36,false,38,0.139,26,2,131072,32.911,26,2,false
dec-130,dec,d_b=12;m=3;gap=3;k=2;q=1;s=14,36,false,38,0.139,26,2,262144,65.093,26,2,false
mixed-043-1,mixed,seed=0x0a9211983ff2b5ec;cycles=9;planted=2;d_b=16;m=5;gap=2;k=1,9850632,false,744397,0.367,140,8,1,0.108,146,140,false
mixed-043-1,mixed,seed=0x0a9211983ff2b5ec;cycles=9;planted=2;d_b=16;m=5;gap=2;k=1,9850632,false,744397,0.367,140,8,2,0.104,146,140,false
mixed-043-1,mixed,seed=0x0a9211983ff2b5ec;cycles=9;planted=2;d_b=16;m=5;gap=2;k=1,9850632,false,744397,0.367,140,8,4,0.119,146,140,false
mixed-043-1,mixed,seed=0x0a9211983ff2b5ec;cycles=9;planted=2;d_b=16;m=5;gap=2;k=1,9850632,false,744397,0.367,140,8,8,0.162,146,140,false
mixed-043-1,mixed,seed=0x0a9211983ff2b5ec;cycles=9;planted=2;d_b=16;m=5;gap=2;k=1,9850632,false,744397,0.367,140,8,16,0.224,146,140,false
mixed-043-1,mixed,seed=0x0a9211983ff2b5ec;cycles=9;planted=2;d_b=16;m=5;gap=2;k=1,9850632,false,744397,0.367,140,8,32,0.360,146,140,false
mixed-043-1,mixed,seed=0x0a9211983ff2b5ec;cycles=9;planted=2;d_b=16;m=5;gap=2;k=1,9850632,false,744397,0.367,140,8,64,0.598,146,140,false
mixed-043-1,mixed,seed=0x0a9211983ff2b5ec;cycles=9;planted=2;d_b=16;m=5;gap=2;k=1,9850632,false,744397,0.367,140,8,128,1.058,146,140,false
mixed-043-1,mixed,seed=0x0a9211983ff2b5ec;cycles=9;planted=2;d_b=16;m=5;gap=2;k=1,9850632,false,744397,0.367,140,8,256,1.674,146,140,false
mixed-043-1,mixed,seed=0x0a9211983ff2b5ec;cycles=9;planted=2;d_b=16;m=5;gap=2;k=1,9850632,false,744397,0.367,140,8,512,2.619,146,140,false
mixed-043-1,mixed,seed=0x0a9211983ff2b5ec;cycles=9;planted=2;d_b=16;m=5;gap=2;k=1,9850632,false,744397,0.367,140,8,1024,4.202,146,140,false
mixed-043-1,mixed,seed=0x0a9211983ff2b5ec;cycles=9;planted=2;d_b=16;m=5;gap=2;k=1,9850632,false,744397,0.367,140,8,2048,7.538,143,74,false
mixed-043-1,mixed,seed=0x0a9211983ff2b5ec;cycles=9;planted=2;d_b=16;m=5;gap=2;k=1,9850632,false,744397,0.367,140,8,4096,14.141,143,74,false
mixed-043-1,mixed,seed=0x0a9211983ff2b5ec;cycles=9;planted=2;d_b=16;m=5;gap=2;k=1,9850632,false,744397,0.367,140,8,8192,27.746,143,74,false
mixed-043-1,mixed,seed=0x0a9211983ff2b5ec;cycles=9;planted=2;d_b=16;m=5;gap=2;k=1,9850632,false,744397,0.367,140,8,16384,56.451,143,74,false
mixed-043-1,mixed,seed=0x0a9211983ff2b5ec;cycles=9;planted=2;d_b=16;m=5;gap=2;k=1,9850632,false,744397,0.367,140,8,32768,110.466,143,74,false
mixed-043-1,mixed,seed=0x0a9211983ff2b5ec;cycles=9;planted=2;d_b=16;m=5;gap=2;k=1,9850632,false,744397,0.367,140,8,65536,218.220,143,74,false
mixed-043-1,mixed,seed=0x0a9211983ff2b5ec;cycles=9;planted=2;d_b=16;m=5;gap=2;k=1,9850632,false,744397,0.367,140,8,131072,443.644,143,74,false
mixed-043-1,mixed,seed=0x0a9211983ff2b5ec;cycles=9;planted=2;d_b=16;m=5;gap=2;k=1,9850632,false,744397,0.367,140,8,262144,908.113,143,74,false
dec-131,dec,d_b=12;m=3;gap=3;k=4;q=1;s=14,60,false,62,0.214,26,2,1,0.023,29,28,false
dec-131,dec,d_b=12;m=3;gap=3;k=4;q=1;s=14,60,false,62,0.214,26,2,2,0.026,29,28,false
dec-131,dec,d_b=12;m=3;gap=3;k=4;q=1;s=14,60,false,62,0.214,26,2,4,0.038,29,28,false
dec-131,dec,d_b=12;m=3;gap=3;k=4;q=1;s=14,60,false,62,0.214,26,2,8,0.049,29,28,false
dec-131,dec,d_b=12;m=3;gap=3;k=4;q=1;s=14,60,false,62,0.214,26,2,16,0.055,29,28,false
dec-131,dec,d_b=12;m=3;gap=3;k=4;q=1;s=14,60,false,62,0.214,26,2,32,0.083,29,28,false
dec-131,dec,d_b=12;m=3;gap=3;k=4;q=1;s=14,60,false,62,0.214,26,2,64,0.094,29,28,false
dec-131,dec,d_b=12;m=3;gap=3;k=4;q=1;s=14,60,false,62,0.214,26,2,128,0.129,29,28,false
dec-131,dec,d_b=12;m=3;gap=3;k=4;q=1;s=14,60,false,62,0.214,26,2,256,0.200,29,28,false
dec-131,dec,d_b=12;m=3;gap=3;k=4;q=1;s=14,60,false,62,0.214,26,2,512,0.275,29,28,false
dec-131,dec,d_b=12;m=3;gap=3;k=4;q=1;s=14,60,false,62,0.214,26,2,1024,0.481,29,28,false
dec-131,dec,d_b=12;m=3;gap=3;k=4;q=1;s=14,60,false,62,0.214,26,2,2048,0.819,29,28,false
dec-131,dec,d_b=12;m=3;gap=3;k=4;q=1;s=14,60,false,62,0.214,26,2,4096,1.513,29,28,false
dec-131,dec,d_b=12;m=3;gap=3;k=4;q=1;s=14,60,false,62,0.214,26,2,8192,2.814,26,2,false
dec-131,dec,d_b=12;m=3;gap=3;k=4;q=1;s=14,60,false,62,0.214,26,2,16384,5.217,26,2,false
dec-131,dec,d_b=12;m=3;gap=3;k=4;q=1;s=14,60,false,62,0.214,26,2,32768,9.910,26,2,false
dec-131,dec,d_b=12;m=3;gap=3;k=4;q=1;s=14,60,false,62,0.214,26,2,65536,19.038,26,2,false
dec-131,dec,d_b=12;m=3;gap=3;k=4;q=1;s=14,60,false,62,0.214,26,2,131072,36.971,26,2,false
dec-131,dec,d_b=12;m=3;gap=3;k=4;q=1;s=14,60,false,62,0.214,26,2,262144,71.192,26,2,false
mixed-043-2,mixed,seed=0xd75272ca94a4bfb3;cycles=9;planted=2;d_b=16;m=5;gap=2;k=1,68,false,74,0.318,136,4,1,0.058,142,136,false
mixed-043-2,mixed,seed=0xd75272ca94a4bfb3;cycles=9;planted=2;d_b=16;m=5;gap=2;k=1,68,false,74,0.318,136,4,2,0.069,142,136,false
mixed-043-2,mixed,seed=0xd75272ca94a4bfb3;cycles=9;planted=2;d_b=16;m=5;gap=2;k=1,68,false,74,0.318,136,4,4,0.070,142,136,false
mixed-043-2,mixed,seed=0xd75272ca94a4bfb3;cycles=9;planted=2;d_b=16;m=5;gap=2;k=1,68,false,74,0.318,136,4,8,0.107,142,136,false
mixed-043-2,mixed,seed=0xd75272ca94a4bfb3;cycles=9;planted=2;d_b=16;m=5;gap=2;k=1,68,false,74,0.318,136,4,16,0.164,142,136,false
mixed-043-2,mixed,seed=0xd75272ca94a4bfb3;cycles=9;planted=2;d_b=16;m=5;gap=2;k=1,68,false,74,0.318,136,4,32,0.258,142,136,false
mixed-043-2,mixed,seed=0xd75272ca94a4bfb3;cycles=9;planted=2;d_b=16;m=5;gap=2;k=1,68,false,74,0.318,136,4,64,0.401,142,136,false
mixed-043-2,mixed,seed=0xd75272ca94a4bfb3;cycles=9;planted=2;d_b=16;m=5;gap=2;k=1,68,false,74,0.318,136,4,128,0.654,142,136,false
mixed-043-2,mixed,seed=0xd75272ca94a4bfb3;cycles=9;planted=2;d_b=16;m=5;gap=2;k=1,68,false,74,0.318,136,4,256,1.276,142,136,false
mixed-043-2,mixed,seed=0xd75272ca94a4bfb3;cycles=9;planted=2;d_b=16;m=5;gap=2;k=1,68,false,74,0.318,136,4,512,2.168,142,136,false
mixed-043-2,mixed,seed=0xd75272ca94a4bfb3;cycles=9;planted=2;d_b=16;m=5;gap=2;k=1,68,false,74,0.318,136,4,1024,4.001,142,136,false
mixed-043-2,mixed,seed=0xd75272ca94a4bfb3;cycles=9;planted=2;d_b=16;m=5;gap=2;k=1,68,false,74,0.318,136,4,2048,7.631,142,136,false
mixed-043-2,mixed,seed=0xd75272ca94a4bfb3;cycles=9;planted=2;d_b=16;m=5;gap=2;k=1,68,false,74,0.318,136,4,4096,14.215,136,4,false
mixed-043-2,mixed,seed=0xd75272ca94a4bfb3;cycles=9;planted=2;d_b=16;m=5;gap=2;k=1,68,false,74,0.318,136,4,8192,27.038,136,4,false
mixed-043-2,mixed,seed=0xd75272ca94a4bfb3;cycles=9;planted=2;d_b=16;m=5;gap=2;k=1,68,false,74,0.318,136,4,16384,50.489,136,4,false
mixed-043-2,mixed,seed=0xd75272ca94a4bfb3;cycles=9;planted=2;d_b=16;m=5;gap=2;k=1,68,false,74,0.318,136,4,32768,98.234,136,4,false
mixed-043-2,mixed,seed=0xd75272ca94a4bfb3;cycles=9;planted=2;d_b=16;m=5;gap=2;k=1,68,false,74,0.318,136,4,65536,192.247,136,4,false
mixed-043-2,mixed,seed=0xd75272ca94a4bfb3;cycles=9;planted=2;d_b=16;m=5;gap=2;k=1,68,false,74,0.318,136,4,131072,371.279,136,4,false
mixed-043-2,mixed,seed=0xd75272ca94a4bfb3;cycles=9;planted=2;d_b=16;m=5;gap=2;k=1,68,false,74,0.318,136,4,262144,728.460,136,4,false
dec-132,dec,d_b=12;m=3;gap=7;k=1;q=1;s=16,24,false,26,0.085,26,2,1,0.019,33,32,false
dec-132,dec,d_b=12;m=3;gap=7;k=1;q=1;s=16,24,false,26,0.085,26,2,2,0.029,33,32,false
dec-132,dec,d_b=12;m=3;gap=7;k=1;q=1;s=16,24,false,26,0.085,26,2,4,0.028,33,32,false
dec-132,dec,d_b=12;m=3;gap=7;k=1;q=1;s=16,24,false,26,0.085,26,2,8,0.037,33,32,false
dec-132,dec,d_b=12;m=3;gap=7;k=1;q=1;s=16,24,false,26,0.085,26,2,16,0.050,33,32,false
dec-132,dec,d_b=12;m=3;gap=7;k=1;q=1;s=16,24,false,26,0.085,26,2,32,0.071,26,2,false
dec-132,dec,d_b=12;m=3;gap=7;k=1;q=1;s=16,24,false,26,0.085,26,2,64,0.095,26,2,false
dec-132,dec,d_b=12;m=3;gap=7;k=1;q=1;s=16,24,false,26,0.085,26,2,128,0.143,26,2,false
dec-132,dec,d_b=12;m=3;gap=7;k=1;q=1;s=16,24,false,26,0.085,26,2,256,0.200,26,2,false
dec-132,dec,d_b=12;m=3;gap=7;k=1;q=1;s=16,24,false,26,0.085,26,2,512,0.310,26,2,false
dec-132,dec,d_b=12;m=3;gap=7;k=1;q=1;s=16,24,false,26,0.085,26,2,1024,0.522,26,2,false
dec-132,dec,d_b=12;m=3;gap=7;k=1;q=1;s=16,24,false,26,0.085,26,2,2048,0.883,26,2,false
dec-132,dec,d_b=12;m=3;gap=7;k=1;q=1;s=16,24,false,26,0.085,26,2,4096,1.575,26,2,false
dec-132,dec,d_b=12;m=3;gap=7;k=1;q=1;s=16,24,false,26,0.085,26,2,8192,2.792,26,2,false
dec-132,dec,d_b=12;m=3;gap=7;k=1;q=1;s=16,24,false,26,0.085,26,2,16384,5.039,26,2,false
dec-132,dec,d_b=12;m=3;gap=7;k=1;q=1;s=16,24,false,26,0.085,26,2,32768,9.196,26,2,false
dec-132,dec,d_b=12;m=3;gap=7;k=1;q=1;s=16,24,false,26,0.085,26,2,65536,16.931,26,2,false
dec-132,dec,d_b=12;m=3;gap=7;k=1;q=1;s=16,24,false,26,0.085,26,2,131072,32.419,26,2,false
dec-132,dec,d_b=12;m=3;gap=7;k=1;q=1;s=16,24,false,26,0.085,26,2,262144,62.024,26,2,false
mixed-044-0,mixed,seed=0x786641bb0993fd1f;cycles=9;planted=3;d_b=4;m=2;gap=1;k=2,13612620,false,1003618,0.168,42,14,1,0.132,45,26,false
mixed-044-0,mixed,seed=0x786641bb0993fd1f;cycles=9;planted=3;d_b=4;m=2;gap=1;k=2,13612620,false,1003618,0.168,42,14,2,0.127,45,26,false
mixed-044-0,mixed,seed=0x786641bb0993fd1f;cycles=9;planted=3;d_b=4;m=2;gap=1;k=2,13612620,false,1003618,0.168,42,14,4,0.125,45,26,false
mixed-044-0,mixed,seed=0x786641bb0993fd1f;cycles=9;planted=3;d_b=4;m=2;gap=1;k=2,13612620,false,1003618,0.168,42,14,8,0.160,45,26,false
mixed-044-0,mixed,seed=0x786641bb0993fd1f;cycles=9;planted=3;d_b=4;m=2;gap=1;k=2,13612620,false,1003618,0.168,42,14,16,0.234,45,26,false
mixed-044-0,mixed,seed=0x786641bb0993fd1f;cycles=9;planted=3;d_b=4;m=2;gap=1;k=2,13612620,false,1003618,0.168,42,14,32,0.327,45,26,false
mixed-044-0,mixed,seed=0x786641bb0993fd1f;cycles=9;planted=3;d_b=4;m=2;gap=1;k=2,13612620,false,1003618,0.168,42,14,64,0.556,45,26,false
mixed-044-0,mixed,seed=0x786641bb0993fd1f;cycles=9;planted=3;d_b=4;m=2;gap=1;k=2,13612620,false,1003618,0.168,42,14,128,0.980,45,26,false
mixed-044-0,mixed,seed=0x786641bb0993fd1f;cycles=9;planted=3;d_b=4;m=2;gap=1;k=2,13612620,false,1003618,0.168,42,14,256,1.777,44,22,false
mixed-044-0,mixed,seed=0x786641bb0993fd1f;cycles=9;planted=3;d_b=4;m=2;gap=1;k=2,13612620,false,1003618,0.168,42,14,512,3.235,43,18,false
mixed-044-0,mixed,seed=0x786641bb0993fd1f;cycles=9;planted=3;d_b=4;m=2;gap=1;k=2,13612620,false,1003618,0.168,42,14,1024,5.618,42,14,false
mixed-044-0,mixed,seed=0x786641bb0993fd1f;cycles=9;planted=3;d_b=4;m=2;gap=1;k=2,13612620,false,1003618,0.168,42,14,2048,9.837,42,14,false
mixed-044-0,mixed,seed=0x786641bb0993fd1f;cycles=9;planted=3;d_b=4;m=2;gap=1;k=2,13612620,false,1003618,0.168,42,14,4096,18.648,42,14,false
mixed-044-0,mixed,seed=0x786641bb0993fd1f;cycles=9;planted=3;d_b=4;m=2;gap=1;k=2,13612620,false,1003618,0.168,42,14,8192,34.643,42,14,false
mixed-044-0,mixed,seed=0x786641bb0993fd1f;cycles=9;planted=3;d_b=4;m=2;gap=1;k=2,13612620,false,1003618,0.168,42,14,16384,65.695,42,14,false
mixed-044-0,mixed,seed=0x786641bb0993fd1f;cycles=9;planted=3;d_b=4;m=2;gap=1;k=2,13612620,false,1003618,0.168,42,14,32768,125.840,42,14,false
mixed-044-0,mixed,seed=0x786641bb0993fd1f;cycles=9;planted=3;d_b=4;m=2;gap=1;k=2,13612620,false,1003618,0.168,42,14,65536,240.454,42,14,false
mixed-044-0,mixed,seed=0x786641bb0993fd1f;cycles=9;planted=3;d_b=4;m=2;gap=1;k=2,13612620,false,1003618,0.168,42,14,131072,496.674,42,14,false
mixed-044-0,mixed,seed=0x786641bb0993fd1f;cycles=9;planted=3;d_b=4;m=2;gap=1;k=2,13612620,false,1003618,0.168,42,14,262144,979.743,42,14,false
dec-133,dec,d_b=12;m=3;gap=7;k=2;q=1;s=16,36,false,38,0.132,26,2,1,0.022,33,32,false
dec-133,dec,d_b=12;m=3;gap=7;k=2;q=1;s=16,36,false,38,0.132,26,2,2,0.029,33,32,false
dec-133,dec,d_b=12;m=3;gap=7;k=2;q=1;s=16,36,false,38,0.132,26,2,4,0.035,33,32,false
dec-133,dec,d_b=12;m=3;gap=7;k=2;q=1;s=16,36,false,38,0.132,26,2,8,0.039,33,32,false
dec-133,dec,d_b=12;m=3;gap=7;k=2;q=1;s=16,36,false,38,0.132,26,2,16,0.055,33,32,false
dec-133,dec,d_b=12;m=3;gap=7;k=2;q=1;s=16,36,false,38,0.132,26,2,32,0.068,33,32,false
dec-133,dec,d_b=12;m=3;gap=7;k=2;q=1;s=16,36,false,38,0.132,26,2,64,0.091,33,32,false
dec-133,dec,d_b=12;m=3;gap=7;k=2;q=1;s=16,36,false,38,0.132,26,2,128,0.120,33,32,false
dec-133,dec,d_b=12;m=3;gap=7;k=2;q=1;s=16,36,false,38,0.132,26,2,256,0.183,26,2,false
dec-133,dec,d_b=12;m=3;gap=7;k=2;q=1;s=16,36,false,38,0.132,26,2,512,0.296,26,2,false
dec-133,dec,d_b=12;m=3;gap=7;k=2;q=1;s=16,36,false,38,0.132,26,2,1024,0.492,26,2,false
dec-133,dec,d_b=12;m=3;gap=7;k=2;q=1;s=16,36,false,38,0.132,26,2,2048,0.836,26,2,false
dec-133,dec,d_b=12;m=3;gap=7;k=2;q=1;s=16,36,false,38,0.132,26,2,4096,1.512,26,2,false
dec-133,dec,d_b=12;m=3;gap=7;k=2;q=1;s=16,36,false,38,0.132,26,2,8192,2.759,26,2,false
dec-133,dec,d_b=12;m=3;gap=7;k=2;q=1;s=16,36,false,38,0.132,26,2,16384,5.045,26,2,false
dec-133,dec,d_b=12;m=3;gap=7;k=2;q=1;s=16,36,false,38,0.132,26,2,32768,9.259,26,2,false
dec-133,dec,d_b=12;m=3;gap=7;k=2;q=1;s=16,36,false,38,0.132,26,2,65536,17.467,26,2,false
dec-133,dec,d_b=12;m=3;gap=7;k=2;q=1;s=16,36,false,38,0.132,26,2,131072,33.755,26,2,false
dec-133,dec,d_b=12;m=3;gap=7;k=2;q=1;s=16,36,false,38,0.132,26,2,262144,65.138,26,2,false
mixed-044-1,mixed,seed=0xf455af5bf6893eba;cycles=9;planted=3;d_b=4;m=2;gap=1;k=2,5335287,false,414745,0.124,33,10,1,0.087,36,22,false
mixed-044-1,mixed,seed=0xf455af5bf6893eba;cycles=9;planted=3;d_b=4;m=2;gap=1;k=2,5335287,false,414745,0.124,33,10,2,0.094,36,22,false
mixed-044-1,mixed,seed=0xf455af5bf6893eba;cycles=9;planted=3;d_b=4;m=2;gap=1;k=2,5335287,false,414745,0.124,33,10,4,0.104,36,22,false
mixed-044-1,mixed,seed=0xf455af5bf6893eba;cycles=9;planted=3;d_b=4;m=2;gap=1;k=2,5335287,false,414745,0.124,33,10,8,0.118,36,22,false
mixed-044-1,mixed,seed=0xf455af5bf6893eba;cycles=9;planted=3;d_b=4;m=2;gap=1;k=2,5335287,false,414745,0.124,33,10,16,0.188,36,22,false
mixed-044-1,mixed,seed=0xf455af5bf6893eba;cycles=9;planted=3;d_b=4;m=2;gap=1;k=2,5335287,false,414745,0.124,33,10,32,0.317,35,18,false
mixed-044-1,mixed,seed=0xf455af5bf6893eba;cycles=9;planted=3;d_b=4;m=2;gap=1;k=2,5335287,false,414745,0.124,33,10,64,0.583,35,18,false
mixed-044-1,mixed,seed=0xf455af5bf6893eba;cycles=9;planted=3;d_b=4;m=2;gap=1;k=2,5335287,false,414745,0.124,33,10,128,1.192,35,18,false
mixed-044-1,mixed,seed=0xf455af5bf6893eba;cycles=9;planted=3;d_b=4;m=2;gap=1;k=2,5335287,false,414745,0.124,33,10,256,1.985,34,14,false
mixed-044-1,mixed,seed=0xf455af5bf6893eba;cycles=9;planted=3;d_b=4;m=2;gap=1;k=2,5335287,false,414745,0.124,33,10,512,3.466,33,10,false
mixed-044-1,mixed,seed=0xf455af5bf6893eba;cycles=9;planted=3;d_b=4;m=2;gap=1;k=2,5335287,false,414745,0.124,33,10,1024,6.780,33,10,false
mixed-044-1,mixed,seed=0xf455af5bf6893eba;cycles=9;planted=3;d_b=4;m=2;gap=1;k=2,5335287,false,414745,0.124,33,10,2048,13.815,33,10,false
mixed-044-1,mixed,seed=0xf455af5bf6893eba;cycles=9;planted=3;d_b=4;m=2;gap=1;k=2,5335287,false,414745,0.124,33,10,4096,29.037,33,10,false
mixed-044-1,mixed,seed=0xf455af5bf6893eba;cycles=9;planted=3;d_b=4;m=2;gap=1;k=2,5335287,false,414745,0.124,33,10,8192,62.108,33,10,false
mixed-044-1,mixed,seed=0xf455af5bf6893eba;cycles=9;planted=3;d_b=4;m=2;gap=1;k=2,5335287,false,414745,0.124,33,10,16384,129.433,33,10,false
mixed-044-1,mixed,seed=0xf455af5bf6893eba;cycles=9;planted=3;d_b=4;m=2;gap=1;k=2,5335287,false,414745,0.124,33,10,32768,266.429,33,10,false
mixed-044-1,mixed,seed=0xf455af5bf6893eba;cycles=9;planted=3;d_b=4;m=2;gap=1;k=2,5335287,false,414745,0.124,33,10,65536,535.644,33,10,false
mixed-044-1,mixed,seed=0xf455af5bf6893eba;cycles=9;planted=3;d_b=4;m=2;gap=1;k=2,5335287,false,414745,0.124,33,10,131072,1107.635,33,10,false
mixed-044-1,mixed,seed=0xf455af5bf6893eba;cycles=9;planted=3;d_b=4;m=2;gap=1;k=2,5335287,false,414745,0.124,33,10,262144,2361.578,33,10,false
dec-134,dec,d_b=12;m=3;gap=7;k=4;q=1;s=16,60,false,62,0.209,26,2,1,0.029,33,32,false
dec-134,dec,d_b=12;m=3;gap=7;k=4;q=1;s=16,60,false,62,0.209,26,2,2,0.031,33,32,false
dec-134,dec,d_b=12;m=3;gap=7;k=4;q=1;s=16,60,false,62,0.209,26,2,4,0.044,33,32,false
dec-134,dec,d_b=12;m=3;gap=7;k=4;q=1;s=16,60,false,62,0.209,26,2,8,0.053,33,32,false
dec-134,dec,d_b=12;m=3;gap=7;k=4;q=1;s=16,60,false,62,0.209,26,2,16,0.061,33,32,false
dec-134,dec,d_b=12;m=3;gap=7;k=4;q=1;s=16,60,false,62,0.209,26,2,32,0.087,33,32,false
dec-134,dec,d_b=12;m=3;gap=7;k=4;q=1;s=16,60,false,62,0.209,26,2,64,0.098,33,32,false
dec-134,dec,d_b=12;m=3;gap=7;k=4;q=1;s=16,60,false,62,0.209,26,2,128,0.129,33,32,false
dec-134,dec,d_b=12;m=3;gap=7;k=4;q=1;s=16,60,false,62,0.209,26,2,256,0.194,33,32,false
dec-134,dec,d_b=12;m=3;gap=7;k=4;q=1;s=16,60,false,62,0.209,26,2,512,0.292,33,32,false
dec-134,dec,d_b=12;m=3;gap=7;k=4;q=1;s=16,60,false,62,0.209,26,2,1024,0.495,26,2,false
dec-134,dec,d_b=12;m=3;gap=7;k=4;q=1;s=16,60,false,62,0.209,26,2,2048,0.854,26,2,false
dec-134,dec,d_b=12;m=3;gap=7;k=4;q=1;s=16,60,false,62,0.209,26,2,4096,1.542,26,2,false
dec-134,dec,d_b=12;m=3;gap=7;k=4;q=1;s=16,60,false,62,0.209,26,2,8192,2.853,26,2,false
dec-134,dec,d_b=12;m=3;gap=7;k=4;q=1;s=16,60,false,62,0.209,26,2,16384,5.231,26,2,false
dec-134,dec,d_b=12;m=3;gap=7;k=4;q=1;s=16,60,false,62,0.209,26,2,32768,9.921,26,2,false
dec-134,dec,d_b=12;m=3;gap=7;k=4;q=1;s=16,60,false,62,0.209,26,2,65536,19.245,26,2,false
dec-134,dec,d_b=12;m=3;gap=7;k=4;q=1;s=16,60,false,62,0.209,26,2,131072,36.985,26,2,false
dec-134,dec,d_b=12;m=3;gap=7;k=4;q=1;s=16,60,false,62,0.209,26,2,262144,71.931,26,2,false
mixed-044-2,mixed,seed=0x9367b0f5c7ea6e74;cycles=9;planted=3;d_b=4;m=2;gap=1;k=2,9831540,false,743495,0.191,43,12,1,0.136,46,24,false
mixed-044-2,mixed,seed=0x9367b0f5c7ea6e74;cycles=9;planted=3;d_b=4;m=2;gap=1;k=2,9831540,false,743495,0.191,43,12,2,0.182,46,24,false
mixed-044-2,mixed,seed=0x9367b0f5c7ea6e74;cycles=9;planted=3;d_b=4;m=2;gap=1;k=2,9831540,false,743495,0.191,43,12,4,0.232,46,24,false
mixed-044-2,mixed,seed=0x9367b0f5c7ea6e74;cycles=9;planted=3;d_b=4;m=2;gap=1;k=2,9831540,false,743495,0.191,43,12,8,0.265,46,24,false
mixed-044-2,mixed,seed=0x9367b0f5c7ea6e74;cycles=9;planted=3;d_b=4;m=2;gap=1;k=2,9831540,false,743495,0.191,43,12,16,0.418,46,24,false
mixed-044-2,mixed,seed=0x9367b0f5c7ea6e74;cycles=9;planted=3;d_b=4;m=2;gap=1;k=2,9831540,false,743495,0.191,43,12,32,0.719,46,24,false
mixed-044-2,mixed,seed=0x9367b0f5c7ea6e74;cycles=9;planted=3;d_b=4;m=2;gap=1;k=2,9831540,false,743495,0.191,43,12,64,1.341,46,24,false
mixed-044-2,mixed,seed=0x9367b0f5c7ea6e74;cycles=9;planted=3;d_b=4;m=2;gap=1;k=2,9831540,false,743495,0.191,43,12,128,2.694,44,16,false
mixed-044-2,mixed,seed=0x9367b0f5c7ea6e74;cycles=9;planted=3;d_b=4;m=2;gap=1;k=2,9831540,false,743495,0.191,43,12,256,4.931,43,12,false
mixed-044-2,mixed,seed=0x9367b0f5c7ea6e74;cycles=9;planted=3;d_b=4;m=2;gap=1;k=2,9831540,false,743495,0.191,43,12,512,9.587,43,12,false
mixed-044-2,mixed,seed=0x9367b0f5c7ea6e74;cycles=9;planted=3;d_b=4;m=2;gap=1;k=2,9831540,false,743495,0.191,43,12,1024,17.955,43,12,false
mixed-044-2,mixed,seed=0x9367b0f5c7ea6e74;cycles=9;planted=3;d_b=4;m=2;gap=1;k=2,9831540,false,743495,0.191,43,12,2048,35.986,43,12,false
mixed-044-2,mixed,seed=0x9367b0f5c7ea6e74;cycles=9;planted=3;d_b=4;m=2;gap=1;k=2,9831540,false,743495,0.191,43,12,4096,69.885,43,12,false
mixed-044-2,mixed,seed=0x9367b0f5c7ea6e74;cycles=9;planted=3;d_b=4;m=2;gap=1;k=2,9831540,false,743495,0.191,43,12,8192,141.711,43,12,false
mixed-044-2,mixed,seed=0x9367b0f5c7ea6e74;cycles=9;planted=3;d_b=4;m=2;gap=1;k=2,9831540,false,743495,0.191,43,12,16384,292.265,43,12,false
mixed-044-2,mixed,seed=0x9367b0f5c7ea6e74;cycles=9;planted=3;d_b=4;m=2;gap=1;k=2,9831540,false,743495,0.191,43,12,32768,595.468,43,12,false
mixed-044-2,mixed,seed=0x9367b0f5c7ea6e74;cycles=9;planted=3;d_b=4;m=2;gap=1;k=2,9831540,false,743495,0.191,43,12,65536,1191.516,43,12,false
mixed-044-2,mixed,seed=0x9367b0f5c7ea6e74;cycles=9;planted=3;d_b=4;m=2;gap=1;k=2,9831540,false,743495,0.191,43,12,131072,2392.000,43,12,false
mixed-044-2,mixed,seed=0x9367b0f5c7ea6e74;cycles=9;planted=3;d_b=4;m=2;gap=1;k=2,9831540,false,743495,0.191,43,12,262144,4972.568,43,12,false
dec-135,dec,d_b=12;m=3;gap=13;k=1;q=1;s=19,24,false,26,0.088,26,2,1,0.022,39,38,false
dec-135,dec,d_b=12;m=3;gap=13;k=1;q=1;s=19,24,false,26,0.088,26,2,2,0.033,39,38,false
dec-135,dec,d_b=12;m=3;gap=13;k=1;q=1;s=19,24,false,26,0.088,26,2,4,0.031,39,38,false
dec-135,dec,d_b=12;m=3;gap=13;k=1;q=1;s=19,24,false,26,0.088,26,2,8,0.042,39,38,false
dec-135,dec,d_b=12;m=3;gap=13;k=1;q=1;s=19,24,false,26,0.088,26,2,16,0.066,26,2,false
dec-135,dec,d_b=12;m=3;gap=13;k=1;q=1;s=19,24,false,26,0.088,26,2,32,0.088,26,2,false
dec-135,dec,d_b=12;m=3;gap=13;k=1;q=1;s=19,24,false,26,0.088,26,2,64,0.113,26,2,false
dec-135,dec,d_b=12;m=3;gap=13;k=1;q=1;s=19,24,false,26,0.088,26,2,128,0.157,26,2,false
dec-135,dec,d_b=12;m=3;gap=13;k=1;q=1;s=19,24,false,26,0.088,26,2,256,0.217,26,2,false
dec-135,dec,d_b=12;m=3;gap=13;k=1;q=1;s=19,24,false,26,0.088,26,2,512,0.335,26,2,false
dec-135,dec,d_b=12;m=3;gap=13;k=1;q=1;s=19,24,false,26,0.088,26,2,1024,0.560,26,2,false
dec-135,dec,d_b=12;m=3;gap=13;k=1;q=1;s=19,24,false,26,0.088,26,2,2048,0.930,26,2,false
dec-135,dec,d_b=12;m=3;gap=13;k=1;q=1;s=19,24,false,26,0.088,26,2,4096,1.659,26,2,false
dec-135,dec,d_b=12;m=3;gap=13;k=1;q=1;s=19,24,false,26,0.088,26,2,8192,2.965,26,2,false
dec-135,dec,d_b=12;m=3;gap=13;k=1;q=1;s=19,24,false,26,0.088,26,2,16384,5.216,26,2,false
dec-135,dec,d_b=12;m=3;gap=13;k=1;q=1;s=19,24,false,26,0.088,26,2,32768,9.432,26,2,false
dec-135,dec,d_b=12;m=3;gap=13;k=1;q=1;s=19,24,false,26,0.088,26,2,65536,17.223,26,2,false
dec-135,dec,d_b=12;m=3;gap=13;k=1;q=1;s=19,24,false,26,0.088,26,2,131072,33.059,26,2,false
dec-135,dec,d_b=12;m=3;gap=13;k=1;q=1;s=19,24,false,26,0.088,26,2,262144,62.175,26,2,false
mixed-045-0,mixed,seed=0xac359547f2202738;cycles=9;planted=3;d_b=8;m=3;gap=2;k=2,5335319,false,414771,0.222,59,8,1,0.075,68,62,false
mixed-045-0,mixed,seed=0xac359547f2202738;cycles=9;planted=3;d_b=8;m=3;gap=2;k=2,5335319,false,414771,0.222,59,8,2,0.070,68,62,false
mixed-045-0,mixed,seed=0xac359547f2202738;cycles=9;planted=3;d_b=8;m=3;gap=2;k=2,5335319,false,414771,0.222,59,8,4,0.072,68,62,false
mixed-045-0,mixed,seed=0xac359547f2202738;cycles=9;planted=3;d_b=8;m=3;gap=2;k=2,5335319,false,414771,0.222,59,8,8,0.095,68,62,false
mixed-045-0,mixed,seed=0xac359547f2202738;cycles=9;planted=3;d_b=8;m=3;gap=2;k=2,5335319,false,414771,0.222,59,8,16,0.130,68,62,false
mixed-045-0,mixed,seed=0xac359547f2202738;cycles=9;planted=3;d_b=8;m=3;gap=2;k=2,5335319,false,414771,0.222,59,8,32,0.206,68,62,false
mixed-045-0,mixed,seed=0xac359547f2202738;cycles=9;planted=3;d_b=8;m=3;gap=2;k=2,5335319,false,414771,0.222,59,8,64,0.314,68,62,false
mixed-045-0,mixed,seed=0xac359547f2202738;cycles=9;planted=3;d_b=8;m=3;gap=2;k=2,5335319,false,414771,0.222,59,8,128,0.542,65,44,false
mixed-045-0,mixed,seed=0xac359547f2202738;cycles=9;planted=3;d_b=8;m=3;gap=2;k=2,5335319,false,414771,0.222,59,8,256,0.973,62,26,false
mixed-045-0,mixed,seed=0xac359547f2202738;cycles=9;planted=3;d_b=8;m=3;gap=2;k=2,5335319,false,414771,0.222,59,8,512,1.696,62,26,false
mixed-045-0,mixed,seed=0xac359547f2202738;cycles=9;planted=3;d_b=8;m=3;gap=2;k=2,5335319,false,414771,0.222,59,8,1024,2.669,59,8,false
mixed-045-0,mixed,seed=0xac359547f2202738;cycles=9;planted=3;d_b=8;m=3;gap=2;k=2,5335319,false,414771,0.222,59,8,2048,4.443,59,8,false
mixed-045-0,mixed,seed=0xac359547f2202738;cycles=9;planted=3;d_b=8;m=3;gap=2;k=2,5335319,false,414771,0.222,59,8,4096,7.820,59,8,false
mixed-045-0,mixed,seed=0xac359547f2202738;cycles=9;planted=3;d_b=8;m=3;gap=2;k=2,5335319,false,414771,0.222,59,8,8192,14.520,59,8,false
mixed-045-0,mixed,seed=0xac359547f2202738;cycles=9;planted=3;d_b=8;m=3;gap=2;k=2,5335319,false,414771,0.222,59,8,16384,28.945,59,8,false
mixed-045-0,mixed,seed=0xac359547f2202738;cycles=9;planted=3;d_b=8;m=3;gap=2;k=2,5335319,false,414771,0.222,59,8,32768,55.609,59,8,false
mixed-045-0,mixed,seed=0xac359547f2202738;cycles=9;planted=3;d_b=8;m=3;gap=2;k=2,5335319,false,414771,0.222,59,8,65536,109.488,59,8,false
mixed-045-0,mixed,seed=0xac359547f2202738;cycles=9;planted=3;d_b=8;m=3;gap=2;k=2,5335319,false,414771,0.222,59,8,131072,200.236,59,8,false
mixed-045-0,mixed,seed=0xac359547f2202738;cycles=9;planted=3;d_b=8;m=3;gap=2;k=2,5335319,false,414771,0.222,59,8,262144,367.333,59,8,false
dec-136,dec,d_b=12;m=3;gap=13;k=2;q=1;s=19,36,false,38,0.109,26,2,1,0.025,39,38,false
dec-136,dec,d_b=12;m=3;gap=13;k=2;q=1;s=19,36,false,38,0.109,26,2,2,0.030,39,38,false
dec-136,dec,d_b=12;m=3;gap=13;k=2;q=1;s=19,36,false,38,0.109,26,2,4,0.042,39,38,false
dec-136,dec,d_b=12;m=3;gap=13;k=2;q=1;s=19,36,false,38,0.109,26,2,8,0.042,39,38,false
dec-136,dec,d_b=12;m=3;gap=13;k=2;q=1;s=19,36,false,38,0.109,26,2,16,0.061,39,38,false
dec-136,dec,d_b=12;m=3;gap=13;k=2;q=1;s=19,36,false,38,0.109,26,2,32,0.078,39,38,false
dec-136,dec,d_b=12;m=3;gap=13;k=2;q=1;s=19,36,false,38,0.109,26,2,64,0.112,26,2,false
dec-136,dec,d_b=12;m=3;gap=13;k=2;q=1;s=19,36,false,38,0.109,26,2,128,0.141,26,2,false
dec-136,dec,d_b=12;m=3;gap=13;k=2;q=1;s=19,36,false,38,0.109,26,2,256,0.204,26,2,false
dec-136,dec,d_b=12;m=3;gap=13;k=2;q=1;s=19,36,false,38,0.109,26,2,512,0.310,26,2,false
dec-136,dec,d_b=12;m=3;gap=13;k=2;q=1;s=19,36,false,38,0.109,26,2,1024,0.505,26,2,false
dec-136,dec,d_b=12;m=3;gap=13;k=2;q=1;s=19,36,false,38,0.109,26,2,2048,0.860,26,2,false
dec-136,dec,d_b=12;m=3;gap=13;k=2;q=1;s=19,36,false,38,0.109,26,2,4096,1.541,26,2,false
dec-136,dec,d_b=12;m=3;gap=13;k=2;q=1;s=19,36,false,38,0.109,26,2,8192,2.802,26,2,false
dec-136,dec,d_b=12;m=3;gap=13;k=2;q=1;s=19,36,false,38,0.109,26,2,16384,5.107,26,2,false
dec-136,dec,d_b=12;m=3;gap=13;k=2;q=1;s=19,36,false,38,0.109,26,2,32768,9.380,26,2,false
dec-136,dec,d_b=12;m=3;gap=13;k=2;q=1;s=19,36,false,38,0.109,26,2,65536,17.603,26,2,false
dec-136,dec,d_b=12;m=3;gap=13;k=2;q=1;s=19,36,false,38,0.109,26,2,131072,33.624,26,2,false
dec-136,dec,d_b=12;m=3;gap=13;k=2;q=1;s=19,36,false,38,0.109,26,2,262144,65.038,26,2,false
mixed-045-1,mixed,seed=0x9c6378710b0f38e1;cycles=9;planted=3;d_b=8;m=3;gap=2;k=2,49,false,53,0.132,37,4,1,0.024,43,40,false
mixed-045-1,mixed,seed=0x9c6378710b0f38e1;cycles=9;planted=3;d_b=8;m=3;gap=2;k=2,49,false,53,0.132,37,4,2,0.025,43,40,false
mixed-045-1,mixed,seed=0x9c6378710b0f38e1;cycles=9;planted=3;d_b=8;m=3;gap=2;k=2,49,false,53,0.132,37,4,4,0.029,43,40,false
mixed-045-1,mixed,seed=0x9c6378710b0f38e1;cycles=9;planted=3;d_b=8;m=3;gap=2;k=2,49,false,53,0.132,37,4,8,0.051,43,40,false
mixed-045-1,mixed,seed=0x9c6378710b0f38e1;cycles=9;planted=3;d_b=8;m=3;gap=2;k=2,49,false,53,0.132,37,4,16,0.061,43,40,false
mixed-045-1,mixed,seed=0x9c6378710b0f38e1;cycles=9;planted=3;d_b=8;m=3;gap=2;k=2,49,false,53,0.132,37,4,32,0.086,43,40,false
mixed-045-1,mixed,seed=0x9c6378710b0f38e1;cycles=9;planted=3;d_b=8;m=3;gap=2;k=2,49,false,53,0.132,37,4,64,0.115,43,40,false
mixed-045-1,mixed,seed=0x9c6378710b0f38e1;cycles=9;planted=3;d_b=8;m=3;gap=2;k=2,49,false,53,0.132,37,4,128,0.176,37,4,false
mixed-045-1,mixed,seed=0x9c6378710b0f38e1;cycles=9;planted=3;d_b=8;m=3;gap=2;k=2,49,false,53,0.132,37,4,256,0.270,37,4,false
mixed-045-1,mixed,seed=0x9c6378710b0f38e1;cycles=9;planted=3;d_b=8;m=3;gap=2;k=2,49,false,53,0.132,37,4,512,0.442,37,4,false
mixed-045-1,mixed,seed=0x9c6378710b0f38e1;cycles=9;planted=3;d_b=8;m=3;gap=2;k=2,49,false,53,0.132,37,4,1024,0.762,37,4,false
mixed-045-1,mixed,seed=0x9c6378710b0f38e1;cycles=9;planted=3;d_b=8;m=3;gap=2;k=2,49,false,53,0.132,37,4,2048,1.392,37,4,false
mixed-045-1,mixed,seed=0x9c6378710b0f38e1;cycles=9;planted=3;d_b=8;m=3;gap=2;k=2,49,false,53,0.132,37,4,4096,2.540,37,4,false
mixed-045-1,mixed,seed=0x9c6378710b0f38e1;cycles=9;planted=3;d_b=8;m=3;gap=2;k=2,49,false,53,0.132,37,4,8192,4.741,37,4,false
mixed-045-1,mixed,seed=0x9c6378710b0f38e1;cycles=9;planted=3;d_b=8;m=3;gap=2;k=2,49,false,53,0.132,37,4,16384,8.891,37,4,false
mixed-045-1,mixed,seed=0x9c6378710b0f38e1;cycles=9;planted=3;d_b=8;m=3;gap=2;k=2,49,false,53,0.132,37,4,32768,17.032,37,4,false
mixed-045-1,mixed,seed=0x9c6378710b0f38e1;cycles=9;planted=3;d_b=8;m=3;gap=2;k=2,49,false,53,0.132,37,4,65536,32.936,37,4,false
mixed-045-1,mixed,seed=0x9c6378710b0f38e1;cycles=9;planted=3;d_b=8;m=3;gap=2;k=2,49,false,53,0.132,37,4,131072,64.262,37,4,false
mixed-045-1,mixed,seed=0x9c6378710b0f38e1;cycles=9;planted=3;d_b=8;m=3;gap=2;k=2,49,false,53,0.132,37,4,262144,125.250,37,4,false
dec-137,dec,d_b=12;m=3;gap=13;k=4;q=1;s=19,60,false,62,0.152,26,2,1,0.028,39,38,false
dec-137,dec,d_b=12;m=3;gap=13;k=4;q=1;s=19,60,false,62,0.152,26,2,2,0.027,39,38,false
dec-137,dec,d_b=12;m=3;gap=13;k=4;q=1;s=19,60,false,62,0.152,26,2,4,0.046,39,38,false
dec-137,dec,d_b=12;m=3;gap=13;k=4;q=1;s=19,60,false,62,0.152,26,2,8,0.053,39,38,false
dec-137,dec,d_b=12;m=3;gap=13;k=4;q=1;s=19,60,false,62,0.152,26,2,16,0.072,39,38,false
dec-137,dec,d_b=12;m=3;gap=13;k=4;q=1;s=19,60,false,62,0.152,26,2,32,0.093,39,38,false
dec-137,dec,d_b=12;m=3;gap=13;k=4;q=1;s=19,60,false,62,0.152,26,2,64,0.106,39,38,false
dec-137,dec,d_b=12;m=3;gap=13;k=4;q=1;s=19,60,false,62,0.152,26,2,128,0.144,39,38,false
dec-137,dec,d_b=12;m=3;gap=13;k=4;q=1;s=19,60,false,62,0.152,26,2,256,0.237,26,2,false
dec-137,dec,d_b=12;m=3;gap=13;k=4;q=1;s=19,60,false,62,0.152,26,2,512,0.324,26,2,false
dec-137,dec,d_b=12;m=3;gap=13;k=4;q=1;s=19,60,false,62,0.152,26,2,1024,0.519,26,2,false
dec-137,dec,d_b=12;m=3;gap=13;k=4;q=1;s=19,60,false,62,0.152,26,2,2048,0.866,26,2,false
dec-137,dec,d_b=12;m=3;gap=13;k=4;q=1;s=19,60,false,62,0.152,26,2,4096,1.577,26,2,false
dec-137,dec,d_b=12;m=3;gap=13;k=4;q=1;s=19,60,false,62,0.152,26,2,8192,2.852,26,2,false
dec-137,dec,d_b=12;m=3;gap=13;k=4;q=1;s=19,60,false,62,0.152,26,2,16384,5.341,26,2,false
dec-137,dec,d_b=12;m=3;gap=13;k=4;q=1;s=19,60,false,62,0.152,26,2,32768,10.058,26,2,false
dec-137,dec,d_b=12;m=3;gap=13;k=4;q=1;s=19,60,false,62,0.152,26,2,65536,19.261,26,2,false
dec-137,dec,d_b=12;m=3;gap=13;k=4;q=1;s=19,60,false,62,0.152,26,2,131072,37.185,26,2,false
dec-137,dec,d_b=12;m=3;gap=13;k=4;q=1;s=19,60,false,62,0.152,26,2,262144,72.586,26,2,false
mixed-045-2,mixed,seed=0x638a0bf58124945f;cycles=9;planted=3;d_b=8;m=3;gap=2;k=2,9831577,false,743504,0.267,71,10,1,0.123,80,64,false
mixed-045-2,mixed,seed=0x638a0bf58124945f;cycles=9;planted=3;d_b=8;m=3;gap=2;k=2,9831577,false,743504,0.267,71,10,2,0.134,80,64,false
mixed-045-2,mixed,seed=0x638a0bf58124945f;cycles=9;planted=3;d_b=8;m=3;gap=2;k=2,9831577,false,743504,0.267,71,10,4,0.155,80,64,false
mixed-045-2,mixed,seed=0x638a0bf58124945f;cycles=9;planted=3;d_b=8;m=3;gap=2;k=2,9831577,false,743504,0.267,71,10,8,0.202,80,64,false
mixed-045-2,mixed,seed=0x638a0bf58124945f;cycles=9;planted=3;d_b=8;m=3;gap=2;k=2,9831577,false,743504,0.267,71,10,16,0.287,80,64,false
mixed-045-2,mixed,seed=0x638a0bf58124945f;cycles=9;planted=3;d_b=8;m=3;gap=2;k=2,9831577,false,743504,0.267,71,10,32,0.479,80,64,false
mixed-045-2,mixed,seed=0x638a0bf58124945f;cycles=9;planted=3;d_b=8;m=3;gap=2;k=2,9831577,false,743504,0.267,71,10,64,0.850,80,64,false
mixed-045-2,mixed,seed=0x638a0bf58124945f;cycles=9;planted=3;d_b=8;m=3;gap=2;k=2,9831577,false,743504,0.267,71,10,128,1.339,80,64,false
mixed-045-2,mixed,seed=0x638a0bf58124945f;cycles=9;planted=3;d_b=8;m=3;gap=2;k=2,9831577,false,743504,0.267,71,10,256,1.951,80,64,false
mixed-045-2,mixed,seed=0x638a0bf58124945f;cycles=9;planted=3;d_b=8;m=3;gap=2;k=2,9831577,false,743504,0.267,71,10,512,3.114,80,64,false
mixed-045-2,mixed,seed=0x638a0bf58124945f;cycles=9;planted=3;d_b=8;m=3;gap=2;k=2,9831577,false,743504,0.267,71,10,1024,5.406,80,64,false
mixed-045-2,mixed,seed=0x638a0bf58124945f;cycles=9;planted=3;d_b=8;m=3;gap=2;k=2,9831577,false,743504,0.267,71,10,2048,10.134,80,64,false
mixed-045-2,mixed,seed=0x638a0bf58124945f;cycles=9;planted=3;d_b=8;m=3;gap=2;k=2,9831577,false,743504,0.267,71,10,4096,19.821,80,64,false
mixed-045-2,mixed,seed=0x638a0bf58124945f;cycles=9;planted=3;d_b=8;m=3;gap=2;k=2,9831577,false,743504,0.267,71,10,8192,40.258,77,46,false
mixed-045-2,mixed,seed=0x638a0bf58124945f;cycles=9;planted=3;d_b=8;m=3;gap=2;k=2,9831577,false,743504,0.267,71,10,16384,78.550,74,28,false
mixed-045-2,mixed,seed=0x638a0bf58124945f;cycles=9;planted=3;d_b=8;m=3;gap=2;k=2,9831577,false,743504,0.267,71,10,32768,154.226,74,28,false
mixed-045-2,mixed,seed=0x638a0bf58124945f;cycles=9;planted=3;d_b=8;m=3;gap=2;k=2,9831577,false,743504,0.267,71,10,65536,304.097,71,10,false
mixed-045-2,mixed,seed=0x638a0bf58124945f;cycles=9;planted=3;d_b=8;m=3;gap=2;k=2,9831577,false,743504,0.267,71,10,131072,621.273,71,10,false
mixed-045-2,mixed,seed=0x638a0bf58124945f;cycles=9;planted=3;d_b=8;m=3;gap=2;k=2,9831577,false,743504,0.267,71,10,262144,1362.062,71,10,false
dec-138,dec,d_b=12;m=5;gap=1;k=1;q=3;s=25,24,false,26,0.125,50,2,1,0.024,51,50,false
dec-138,dec,d_b=12;m=5;gap=1;k=1;q=3;s=25,24,false,26,0.125,50,2,2,0.036,51,50,false
dec-138,dec,d_b=12;m=5;gap=1;k=1;q=3;s=25,24,false,26,0.125,50,2,4,0.035,51,50,false
dec-138,dec,d_b=12;m=5;gap=1;k=1;q=3;s=25,24,false,26,0.125,50,2,8,0.049,51,50,false
dec-138,dec,d_b=12;m=5;gap=1;k=1;q=3;s=25,24,false,26,0.125,50,2,16,0.062,51,50,false
dec-138,dec,d_b=12;m=5;gap=1;k=1;q=3;s=25,24,false,26,0.125,50,2,32,0.082,51,50,false
dec-138,dec,d_b=12;m=5;gap=1;k=1;q=3;s=25,24,false,26,0.125,50,2,64,0.099,51,50,false
dec-138,dec,d_b=12;m=5;gap=1;k=1;q=3;s=25,24,false,26,0.125,50,2,128,0.132,51,50,false
dec-138,dec,d_b=12;m=5;gap=1;k=1;q=3;s=25,24,false,26,0.125,50,2,256,0.207,50,2,false
dec-138,dec,d_b=12;m=5;gap=1;k=1;q=3;s=25,24,false,26,0.125,50,2,512,0.328,50,2,false
dec-138,dec,d_b=12;m=5;gap=1;k=1;q=3;s=25,24,false,26,0.125,50,2,1024,0.519,50,2,false
dec-138,dec,d_b=12;m=5;gap=1;k=1;q=3;s=25,24,false,26,0.125,50,2,2048,0.889,50,2,false
dec-138,dec,d_b=12;m=5;gap=1;k=1;q=3;s=25,24,false,26,0.125,50,2,4096,1.522,50,2,false
dec-138,dec,d_b=12;m=5;gap=1;k=1;q=3;s=25,24,false,26,0.125,50,2,8192,2.789,50,2,false
dec-138,dec,d_b=12;m=5;gap=1;k=1;q=3;s=25,24,false,26,0.125,50,2,16384,4.865,50,2,false
dec-138,dec,d_b=12;m=5;gap=1;k=1;q=3;s=25,24,false,26,0.125,50,2,32768,8.766,50,2,false
dec-138,dec,d_b=12;m=5;gap=1;k=1;q=3;s=25,24,false,26,0.125,50,2,65536,16.433,50,2,false
dec-138,dec,d_b=12;m=5;gap=1;k=1;q=3;s=25,24,false,26,0.125,50,2,131072,31.532,50,2,false
dec-138,dec,d_b=12;m=5;gap=1;k=1;q=3;s=25,24,false,26,0.125,50,2,262144,61.177,50,2,false
mixed-046-0,mixed,seed=0x6a0cc3ab229fa6f9;cycles=9;planted=3;d_b=12;m=2;gap=6;k=4,9831682,false,743651,0.399,57,10,1,0.196,78,64,false
mixed-046-0,mixed,seed=0x6a0cc3ab229fa6f9;cycles=9;planted=3;d_b=12;m=2;gap=6;k=4,9831682,false,743651,0.399,57,10,2,0.232,78,64,false
mixed-046-0,mixed,seed=0x6a0cc3ab229fa6f9;cycles=9;planted=3;d_b=12;m=2;gap=6;k=4,9831682,false,743651,0.399,57,10,4,0.242,78,64,false
mixed-046-0,mixed,seed=0x6a0cc3ab229fa6f9;cycles=9;planted=3;d_b=12;m=2;gap=6;k=4,9831682,false,743651,0.399,57,10,8,0.324,78,64,false
mixed-046-0,mixed,seed=0x6a0cc3ab229fa6f9;cycles=9;planted=3;d_b=12;m=2;gap=6;k=4,9831682,false,743651,0.399,57,10,16,0.528,78,64,false
mixed-046-0,mixed,seed=0x6a0cc3ab229fa6f9;cycles=9;planted=3;d_b=12;m=2;gap=6;k=4,9831682,false,743651,0.399,57,10,32,0.906,78,64,false
mixed-046-0,mixed,seed=0x6a0cc3ab229fa6f9;cycles=9;planted=3;d_b=12;m=2;gap=6;k=4,9831682,false,743651,0.399,57,10,64,1.761,78,64,false
mixed-046-0,mixed,seed=0x6a0cc3ab229fa6f9;cycles=9;planted=3;d_b=12;m=2;gap=6;k=4,9831682,false,743651,0.399,57,10,128,3.192,78,64,false
mixed-046-0,mixed,seed=0x6a0cc3ab229fa6f9;cycles=9;planted=3;d_b=12;m=2;gap=6;k=4,9831682,false,743651,0.399,57,10,256,6.396,78,64,false
mixed-046-0,mixed,seed=0x6a0cc3ab229fa6f9;cycles=9;planted=3;d_b=12;m=2;gap=6;k=4,9831682,false,743651,0.399,57,10,512,11.690,78,64,false
mixed-046-0,mixed,seed=0x6a0cc3ab229fa6f9;cycles=9;planted=3;d_b=12;m=2;gap=6;k=4,9831682,false,743651,0.399,57,10,1024,22.785,78,64,false
mixed-046-0,mixed,seed=0x6a0cc3ab229fa6f9;cycles=9;planted=3;d_b=12;m=2;gap=6;k=4,9831682,false,743651,0.399,57,10,2048,44.069,57,10,false
mixed-046-0,mixed,seed=0x6a0cc3ab229fa6f9;cycles=9;planted=3;d_b=12;m=2;gap=6;k=4,9831682,false,743651,0.399,57,10,4096,90.572,57,10,false
mixed-046-0,mixed,seed=0x6a0cc3ab229fa6f9;cycles=9;planted=3;d_b=12;m=2;gap=6;k=4,9831682,false,743651,0.399,57,10,8192,180.698,57,10,false
mixed-046-0,mixed,seed=0x6a0cc3ab229fa6f9;cycles=9;planted=3;d_b=12;m=2;gap=6;k=4,9831682,false,743651,0.399,57,10,16384,374.225,57,10,false
mixed-046-0,mixed,seed=0x6a0cc3ab229fa6f9;cycles=9;planted=3;d_b=12;m=2;gap=6;k=4,9831682,false,743651,0.399,57,10,32768,752.117,57,10,false
mixed-046-0,mixed,seed=0x6a0cc3ab229fa6f9;cycles=9;planted=3;d_b=12;m=2;gap=6;k=4,9831682,false,743651,0.399,57,10,65536,1534.012,57,10,false
mixed-046-0,mixed,seed=0x6a0cc3ab229fa6f9;cycles=9;planted=3;d_b=12;m=2;gap=6;k=4,9831682,false,743651,0.399,57,10,131072,3081.001,57,10,false
mixed-046-0,mixed,seed=0x6a0cc3ab229fa6f9;cycles=9;planted=3;d_b=12;m=2;gap=6;k=4,9831682,false,743651,0.399,57,10,262144,6338.870,57,10,false
dec-139,dec,d_b=12;m=5;gap=1;k=2;q=3;s=25,36,false,38,0.185,50,2,1,0.028,51,50,false
dec-139,dec,d_b=12;m=5;gap=1;k=2;q=3;s=25,36,false,38,0.185,50,2,2,0.037,51,50,false
dec-139,dec,d_b=12;m=5;gap=1;k=2;q=3;s=25,36,false,38,0.185,50,2,4,0.049,51,50,false
dec-139,dec,d_b=12;m=5;gap=1;k=2;q=3;s=25,36,false,38,0.185,50,2,8,0.050,51,50,false
dec-139,dec,d_b=12;m=5;gap=1;k=2;q=3;s=25,36,false,38,0.185,50,2,16,0.073,51,50,false
dec-139,dec,d_b=12;m=5;gap=1;k=2;q=3;s=25,36,false,38,0.185,50,2,32,0.101,51,50,false
dec-139,dec,d_b=12;m=5;gap=1;k=2;q=3;s=25,36,false,38,0.185,50,2,64,0.109,51,50,false
dec-139,dec,d_b=12;m=5;gap=1;k=2;q=3;s=25,36,false,38,0.185,50,2,128,0.140,51,50,false
dec-139,dec,d_b=12;m=5;gap=1;k=2;q=3;s=25,36,false,38,0.185,50,2,256,0.204,51,50,false
dec-139,dec,d_b=12;m=5;gap=1;k=2;q=3;s=25,36,false,38,0.185,50,2,512,0.315,51,50,false
dec-139,dec,d_b=12;m=5;gap=1;k=2;q=3;s=25,36,false,38,0.185,50,2,1024,0.500,51,50,false
dec-139,dec,d_b=12;m=5;gap=1;k=2;q=3;s=25,36,false,38,0.185,50,2,2048,0.847,51,50,false
dec-139,dec,d_b=12;m=5;gap=1;k=2;q=3;s=25,36,false,38,0.185,50,2,4096,1.503,50,2,false
dec-139,dec,d_b=12;m=5;gap=1;k=2;q=3;s=25,36,false,38,0.185,50,2,8192,2.702,50,2,false
dec-139,dec,d_b=12;m=5;gap=1;k=2;q=3;s=25,36,false,38,0.185,50,2,16384,4.939,50,2,false
dec-139,dec,d_b=12;m=5;gap=1;k=2;q=3;s=25,36,false,38,0.185,50,2,32768,9.081,50,2,false
dec-139,dec,d_b=12;m=5;gap=1;k=2;q=3;s=25,36,false,38,0.185,50,2,65536,17.275,50,2,false
dec-139,dec,d_b=12;m=5;gap=1;k=2;q=3;s=25,36,false,38,0.185,50,2,131072,32.834,50,2,false
dec-139,dec,d_b=12;m=5;gap=1;k=2;q=3;s=25,36,false,38,0.185,50,2,262144,64.342,50,2,false
mixed-046-1,mixed,seed=0x04cd867166454dc4;cycles=9;planted=3;d_b=12;m=2;gap=6;k=4,5335428,false,414875,0.306,48,8,1,0.069,69,62,false
mixed-046-1,mixed,seed=0x04cd867166454dc4;cycles=9;planted=3;d_b=12;m=2;gap=6;k=4,5335428,false,414875,0.306,48,8,2,0.069,69,62,false
mixed-046-1,mixed,seed=0x04cd867166454dc4;cycles=9;planted=3;d_b=12;m=2;gap=6;k=4,5335428,false,414875,0.306,48,8,4,0.073,69,62,false
mixed-046-1,mixed,seed=0x04cd867166454dc4;cycles=9;planted=3;d_b=12;m=2;gap=6;k=4,5335428,false,414875,0.306,48,8,8,0.081,69,62,false
mixed-046-1,mixed,seed=0x04cd867166454dc4;cycles=9;planted=3;d_b=12;m=2;gap=6;k=4,5335428,false,414875,0.306,48,8,16,0.145,69,62,false
mixed-046-1,mixed,seed=0x04cd867166454dc4;cycles=9;planted=3;d_b=12;m=2;gap=6;k=4,5335428,false,414875,0.306,48,8,32,0.197,69,62,false
mixed-046-1,mixed,seed=0x04cd867166454dc4;cycles=9;planted=3;d_b=12;m=2;gap=6;k=4,5335428,false,414875,0.306,48,8,64,0.323,69,62,false
mixed-046-1,mixed,seed=0x04cd867166454dc4;cycles=9;planted=3;d_b=12;m=2;gap=6;k=4,5335428,false,414875,0.306,48,8,128,0.550,69,62,false
mixed-046-1,mixed,seed=0x04cd867166454dc4;cycles=9;planted=3;d_b=12;m=2;gap=6;k=4,5335428,false,414875,0.306,48,8,256,1.030,69,62,false
mixed-046-1,mixed,seed=0x04cd867166454dc4;cycles=9;planted=3;d_b=12;m=2;gap=6;k=4,5335428,false,414875,0.306,48,8,512,1.727,62,44,false
mixed-046-1,mixed,seed=0x04cd867166454dc4;cycles=9;planted=3;d_b=12;m=2;gap=6;k=4,5335428,false,414875,0.306,48,8,1024,3.024,55,26,false
mixed-046-1,mixed,seed=0x04cd867166454dc4;cycles=9;planted=3;d_b=12;m=2;gap=6;k=4,5335428,false,414875,0.306,48,8,2048,6.006,48,8,false
mixed-046-1,mixed,seed=0x04cd867166454dc4;cycles=9;planted=3;d_b=12;m=2;gap=6;k=4,5335428,false,414875,0.306,48,8,4096,13.486,48,8,false
mixed-046-1,mixed,seed=0x04cd867166454dc4;cycles=9;planted=3;d_b=12;m=2;gap=6;k=4,5335428,false,414875,0.306,48,8,8192,32.539,48,8,false
mixed-046-1,mixed,seed=0x04cd867166454dc4;cycles=9;planted=3;d_b=12;m=2;gap=6;k=4,5335428,false,414875,0.306,48,8,16384,72.973,48,8,false
mixed-046-1,mixed,seed=0x04cd867166454dc4;cycles=9;planted=3;d_b=12;m=2;gap=6;k=4,5335428,false,414875,0.306,48,8,32768,154.985,48,8,false
mixed-046-1,mixed,seed=0x04cd867166454dc4;cycles=9;planted=3;d_b=12;m=2;gap=6;k=4,5335428,false,414875,0.306,48,8,65536,313.393,48,8,false
mixed-046-1,mixed,seed=0x04cd867166454dc4;cycles=9;planted=3;d_b=12;m=2;gap=6;k=4,5335428,false,414875,0.306,48,8,131072,664.912,48,8,false
mixed-046-1,mixed,seed=0x04cd867166454dc4;cycles=9;planted=3;d_b=12;m=2;gap=6;k=4,5335428,false,414875,0.306,48,8,262144,1486.238,48,8,false
dec-140,dec,d_b=12;m=5;gap=1;k=4;q=3;s=25,60,false,62,0.299,50,2,1,0.033,51,50,false
dec-140,dec,d_b=12;m=5;gap=1;k=4;q=3;s=25,60,false,62,0.299,50,2,2,0.037,51,50,false
dec-140,dec,d_b=12;m=5;gap=1;k=4;q=3;s=25,60,false,62,0.299,50,2,4,0.058,51,50,false
dec-140,dec,d_b=12;m=5;gap=1;k=4;q=3;s=25,60,false,62,0.299,50,2,8,0.073,51,50,false
dec-140,dec,d_b=12;m=5;gap=1;k=4;q=3;s=25,60,false,62,0.299,50,2,16,0.087,51,50,false
dec-140,dec,d_b=12;m=5;gap=1;k=4;q=3;s=25,60,false,62,0.299,50,2,32,0.126,51,50,false
dec-140,dec,d_b=12;m=5;gap=1;k=4;q=3;s=25,60,false,62,0.299,50,2,64,0.132,51,50,false
dec-140,dec,d_b=12;m=5;gap=1;k=4;q=3;s=25,60,false,62,0.299,50,2,128,0.169,51,50,false
dec-140,dec,d_b=12;m=5;gap=1;k=4;q=3;s=25,60,false,62,0.299,50,2,256,0.232,51,50,false
dec-140,dec,d_b=12;m=5;gap=1;k=4;q=3;s=25,60,false,62,0.299,50,2,512,0.333,51,50,false
dec-140,dec,d_b=12;m=5;gap=1;k=4;q=3;s=25,60,false,62,0.299,50,2,1024,0.541,51,50,false
dec-140,dec,d_b=12;m=5;gap=1;k=4;q=3;s=25,60,false,62,0.299,50,2,2048,0.881,51,50,false
dec-140,dec,d_b=12;m=5;gap=1;k=4;q=3;s=25,60,false,62,0.299,50,2,4096,1.536,51,50,false
dec-140,dec,d_b=12;m=5;gap=1;k=4;q=3;s=25,60,false,62,0.299,50,2,8192,2.841,51,50,false
dec-140,dec,d_b=12;m=5;gap=1;k=4;q=3;s=25,60,false,62,0.299,50,2,16384,5.182,51,50,false
dec-140,dec,d_b=12;m=5;gap=1;k=4;q=3;s=25,60,false,62,0.299,50,2,32768,9.858,51,50,false
dec-140,dec,d_b=12;m=5;gap=1;k=4;q=3;s=25,60,false,62,0.299,50,2,65536,18.819,51,50,false
dec-140,dec,d_b=12;m=5;gap=1;k=4;q=3;s=25,60,false,62,0.299,50,2,131072,36.538,51,50,false
dec-140,dec,d_b=12;m=5;gap=1;k=4;q=3;s=25,60,false,62,0.299,50,2,262144,70.448,50,2,false
mixed-046-2,mixed,seed=0xcd6f2bd41e7877a6;cycles=9;planted=3;d_b=12;m=2;gap=6;k=4,5335427,false,414874,0.312,47,8,1,0.067,68,62,false
mixed-046-2,mixed,seed=0xcd6f2bd41e7877a6;cycles=9;planted=3;d_b=12;m=2;gap=6;k=4,5335427,false,414874,0.312,47,8,2,0.064,68,62,false
mixed-046-2,mixed,seed=0xcd6f2bd41e7877a6;cycles=9;planted=3;d_b=12;m=2;gap=6;k=4,5335427,false,414874,0.312,47,8,4,0.065,68,62,false
mixed-046-2,mixed,seed=0xcd6f2bd41e7877a6;cycles=9;planted=3;d_b=12;m=2;gap=6;k=4,5335427,false,414874,0.312,47,8,8,0.082,68,62,false
mixed-046-2,mixed,seed=0xcd6f2bd41e7877a6;cycles=9;planted=3;d_b=12;m=2;gap=6;k=4,5335427,false,414874,0.312,47,8,16,0.122,68,62,false
mixed-046-2,mixed,seed=0xcd6f2bd41e7877a6;cycles=9;planted=3;d_b=12;m=2;gap=6;k=4,5335427,false,414874,0.312,47,8,32,0.182,68,62,false
mixed-046-2,mixed,seed=0xcd6f2bd41e7877a6;cycles=9;planted=3;d_b=12;m=2;gap=6;k=4,5335427,false,414874,0.312,47,8,64,0.313,68,62,false
mixed-046-2,mixed,seed=0xcd6f2bd41e7877a6;cycles=9;planted=3;d_b=12;m=2;gap=6;k=4,5335427,false,414874,0.312,47,8,128,0.507,68,62,false
mixed-046-2,mixed,seed=0xcd6f2bd41e7877a6;cycles=9;planted=3;d_b=12;m=2;gap=6;k=4,5335427,false,414874,0.312,47,8,256,0.943,68,62,false
mixed-046-2,mixed,seed=0xcd6f2bd41e7877a6;cycles=9;planted=3;d_b=12;m=2;gap=6;k=4,5335427,false,414874,0.312,47,8,512,1.633,61,44,false
mixed-046-2,mixed,seed=0xcd6f2bd41e7877a6;cycles=9;planted=3;d_b=12;m=2;gap=6;k=4,5335427,false,414874,0.312,47,8,1024,2.791,54,26,false
mixed-046-2,mixed,seed=0xcd6f2bd41e7877a6;cycles=9;planted=3;d_b=12;m=2;gap=6;k=4,5335427,false,414874,0.312,47,8,2048,5.515,54,26,false
mixed-046-2,mixed,seed=0xcd6f2bd41e7877a6;cycles=9;planted=3;d_b=12;m=2;gap=6;k=4,5335427,false,414874,0.312,47,8,4096,12.222,47,8,false
mixed-046-2,mixed,seed=0xcd6f2bd41e7877a6;cycles=9;planted=3;d_b=12;m=2;gap=6;k=4,5335427,false,414874,0.312,47,8,8192,29.868,47,8,false
mixed-046-2,mixed,seed=0xcd6f2bd41e7877a6;cycles=9;planted=3;d_b=12;m=2;gap=6;k=4,5335427,false,414874,0.312,47,8,16384,70.155,47,8,false
mixed-046-2,mixed,seed=0xcd6f2bd41e7877a6;cycles=9;planted=3;d_b=12;m=2;gap=6;k=4,5335427,false,414874,0.312,47,8,32768,149.052,47,8,false
mixed-046-2,mixed,seed=0xcd6f2bd41e7877a6;cycles=9;planted=3;d_b=12;m=2;gap=6;k=4,5335427,false,414874,0.312,47,8,65536,307.263,47,8,false
mixed-046-2,mixed,seed=0xcd6f2bd41e7877a6;cycles=9;planted=3;d_b=12;m=2;gap=6;k=4,5335427,false,414874,0.312,47,8,131072,651.789,47,8,false
mixed-046-2,mixed,seed=0xcd6f2bd41e7877a6;cycles=9;planted=3;d_b=12;m=2;gap=6;k=4,5335427,false,414874,0.312,47,8,262144,1539.180,47,8,false
dec-141,dec,d_b=12;m=5;gap=3;k=1;q=3;s=26,24,false,26,0.124,50,2,1,0.026,53,52,false
dec-141,dec,d_b=12;m=5;gap=3;k=1;q=3;s=26,24,false,26,0.124,50,2,2,0.038,53,52,false
dec-141,dec,d_b=12;m=5;gap=3;k=1;q=3;s=26,24,false,26,0.124,50,2,4,0.037,53,52,false
dec-141,dec,d_b=12;m=5;gap=3;k=1;q=3;s=26,24,false,26,0.124,50,2,8,0.049,53,52,false
dec-141,dec,d_b=12;m=5;gap=3;k=1;q=3;s=26,24,false,26,0.124,50,2,16,0.066,53,52,false
dec-141,dec,d_b=12;m=5;gap=3;k=1;q=3;s=26,24,false,26,0.124,50,2,32,0.084,53,52,false
dec-141,dec,d_b=12;m=5;gap=3;k=1;q=3;s=26,24,false,26,0.124,50,2,64,0.104,53,52,false
dec-141,dec,d_b=12;m=5;gap=3;k=1;q=3;s=26,24,false,26,0.124,50,2,128,0.134,53,52,false
dec-141,dec,d_b=12;m=5;gap=3;k=1;q=3;s=26,24,false,26,0.124,50,2,256,0.213,50,2,false
dec-141,dec,d_b=12;m=5;gap=3;k=1;q=3;s=26,24,false,26,0.124,50,2,512,0.327,50,2,false
dec-141,dec,d_b=12;m=5;gap=3;k=1;q=3;s=26,24,false,26,0.124,50,2,1024,0.544,50,2,false
dec-141,dec,d_b=12;m=5;gap=3;k=1;q=3;s=26,24,false,26,0.124,50,2,2048,0.879,50,2,false
dec-141,dec,d_b=12;m=5;gap=3;k=1;q=3;s=26,24,false,26,0.124,50,2,4096,1.563,50,2,false
dec-141,dec,d_b=12;m=5;gap=3;k=1;q=3;s=26,24,false,26,0.124,50,2,8192,2.725,50,2,false
dec-141,dec,d_b=12;m=5;gap=3;k=1;q=3;s=26,24,false,26,0.124,50,2,16384,4.900,50,2,false
dec-141,dec,d_b=12;m=5;gap=3;k=1;q=3;s=26,24,false,26,0.124,50,2,32768,8.847,50,2,false
dec-141,dec,d_b=12;m=5;gap=3;k=1;q=3;s=26,24,false,26,0.124,50,2,65536,16.615,50,2,false
dec-141,dec,d_b=12;m=5;gap=3;k=1;q=3;s=26,24,false,26,0.124,50,2,131072,31.480,50,2,false
dec-141,dec,d_b=12;m=5;gap=3;k=1;q=3;s=26,24,false,26,0.124,50,2,262144,60.670,50,2,false
mixed-047-0,mixed,seed=0x1d5b03eacda58bfb;cycles=9;planted=3;d_b=16;m=5;gap=2;k=1,5335345,false,414801,0.492,205,8,1,0.121,214,206,false
mixed-047-0,mixed,seed=0x1d5b03eacda58bfb;cycles=9;planted=3;d_b=16;m=5;gap=2;k=1,5335345,false,414801,0.492,205,8,2,0.120,214,206,false
mixed-047-0,mixed,seed=0x1d5b03eacda58bfb;cycles=9;planted=3;d_b=16;m=5;gap=2;k=1,5335345,false,414801,0.492,205,8,4,0.149,214,206,false
mixed-047-0,mixed,seed=0x1d5b03eacda58bfb;cycles=9;planted=3;d_b=16;m=5;gap=2;k=1,5335345,false,414801,0.492,205,8,8,0.186,214,206,false
mixed-047-0,mixed,seed=0x1d5b03eacda58bfb;cycles=9;planted=3;d_b=16;m=5;gap=2;k=1,5335345,false,414801,0.492,205,8,16,0.271,214,206,false
mixed-047-0,mixed,seed=0x1d5b03eacda58bfb;cycles=9;planted=3;d_b=16;m=5;gap=2;k=1,5335345,false,414801,0.492,205,8,32,0.475,214,206,false
mixed-047-0,mixed,seed=0x1d5b03eacda58bfb;cycles=9;planted=3;d_b=16;m=5;gap=2;k=1,5335345,false,414801,0.492,205,8,64,0.835,214,206,false
mixed-047-0,mixed,seed=0x1d5b03eacda58bfb;cycles=9;planted=3;d_b=16;m=5;gap=2;k=1,5335345,false,414801,0.492,205,8,128,1.584,214,206,false
mixed-047-0,mixed,seed=0x1d5b03eacda58bfb;cycles=9;planted=3;d_b=16;m=5;gap=2;k=1,5335345,false,414801,0.492,205,8,256,2.597,214,206,false
mixed-047-0,mixed,seed=0x1d5b03eacda58bfb;cycles=9;planted=3;d_b=16;m=5;gap=2;k=1,5335345,false,414801,0.492,205,8,512,4.523,214,206,false
mixed-047-0,mixed,seed=0x1d5b03eacda58bfb;cycles=9;planted=3;d_b=16;m=5;gap=2;k=1,5335345,false,414801,0.492,205,8,1024,8.453,214,206,false
mixed-047-0,mixed,seed=0x1d5b03eacda58bfb;cycles=9;planted=3;d_b=16;m=5;gap=2;k=1,5335345,false,414801,0.492,205,8,2048,16.730,214,206,false
mixed-047-0,mixed,seed=0x1d5b03eacda58bfb;cycles=9;planted=3;d_b=16;m=5;gap=2;k=1,5335345,false,414801,0.492,205,8,4096,34.374,214,206,false
mixed-047-0,mixed,seed=0x1d5b03eacda58bfb;cycles=9;planted=3;d_b=16;m=5;gap=2;k=1,5335345,false,414801,0.492,205,8,8192,70.787,214,206,false
mixed-047-0,mixed,seed=0x1d5b03eacda58bfb;cycles=9;planted=3;d_b=16;m=5;gap=2;k=1,5335345,false,414801,0.492,205,8,16384,141.049,214,206,false
mixed-047-0,mixed,seed=0x1d5b03eacda58bfb;cycles=9;planted=3;d_b=16;m=5;gap=2;k=1,5335345,false,414801,0.492,205,8,32768,287.676,211,140,false
mixed-047-0,mixed,seed=0x1d5b03eacda58bfb;cycles=9;planted=3;d_b=16;m=5;gap=2;k=1,5335345,false,414801,0.492,205,8,65536,579.561,211,140,false
mixed-047-0,mixed,seed=0x1d5b03eacda58bfb;cycles=9;planted=3;d_b=16;m=5;gap=2;k=1,5335345,false,414801,0.492,205,8,131072,1175.291,205,8,false
mixed-047-0,mixed,seed=0x1d5b03eacda58bfb;cycles=9;planted=3;d_b=16;m=5;gap=2;k=1,5335345,false,414801,0.492,205,8,262144,2485.544,205,8,false
dec-142,dec,d_b=12;m=5;gap=3;k=2;q=3;s=26,36,false,38,0.204,50,2,1,0.031,53,52,false
dec-142,dec,d_b=12;m=5;gap=3;k=2;q=3;s=26,36,false,38,0.204,50,2,2,0.035,53,52,false
dec-142,dec,d_b=12;m=5;gap=3;k=2;q=3;s=26,36,false,38,0.204,50,2,4,0.051,53,52,false
dec-142,dec,d_b=12;m=5;gap=3;k=2;q=3;s=26,36,false,38,0.204,50,2,8,0.052,53,52,false
dec-142,dec,d_b=12;m=5;gap=3;k=2;q=3;s=26,36,false,38,0.204,50,2,16,0.076,53,52,false
dec-142,dec,d_b=12;m=5;gap=3;k=2;q=3;s=26,36,false,38,0.204,50,2,32,0.088,53,52,false
dec-142,dec,d_b=12;m=5;gap=3;k=2;q=3;s=26,36,false,38,0.204,50,2,64,0.110,53,52,false
dec-142,dec,d_b=12;m=5;gap=3;k=2;q=3;s=26,36,false,38,0.204,50,2,128,0.144,53,52,false
dec-142,dec,d_b=12;m=5;gap=3;k=2;q=3;s=26,36,false,38,0.204,50,2,256,0.216,53,52,false
dec-142,dec,d_b=12;m=5;gap=3;k=2;q=3;s=26,36,false,38,0.204,50,2,512,0.304,53,52,false
dec-142,dec,d_b=12;m=5;gap=3;k=2;q=3;s=26,36,false,38,0.204,50,2,1024,0.518,53,52,false
dec-142,dec,d_b=12;m=5;gap=3;k=2;q=3;s=26,36,false,38,0.204,50,2,2048,0.846,53,52,false
dec-142,dec,d_b=12;m=5;gap=3;k=2;q=3;s=26,36,false,38,0.204,50,2,4096,1.529,50,2,false
dec-142,dec,d_b=12;m=5;gap=3;k=2;q=3;s=26,36,false,38,0.204,50,2,8192,2.778,50,2,false
dec-142,dec,d_b=12;m=5;gap=3;k=2;q=3;s=26,36,false,38,0.204,50,2,16384,5.030,50,2,false
dec-142,dec,d_b=12;m=5;gap=3;k=2;q=3;s=26,36,false,38,0.204,50,2,32768,9.330,50,2,false
dec-142,dec,d_b=12;m=5;gap=3;k=2;q=3;s=26,36,false,38,0.204,50,2,65536,17.391,50,2,false
dec-142,dec,d_b=12;m=5;gap=3;k=2;q=3;s=26,36,false,38,0.204,50,2,131072,33.421,50,2,false
dec-142,dec,d_b=12;m=5;gap=3;k=2;q=3;s=26,36,false,38,0.204,50,2,262144,64.602,50,2,false
mixed-047-1,mixed,seed=0x6b6256cbc0366a31;cycles=9;planted=3;d_b=16;m=5;gap=2;k=1,8650664,false,647733,0.524,204,10,1,0.141,213,208,false
mixed-047-1,mixed,seed=0x6b6256cbc0366a31;cycles=9;planted=3;d_b=16;m=5;gap=2;k=1,8650664,false,647733,0.524,204,10,2,0.162,213,208,false
mixed-047-1,mixed,seed=0x6b6256cbc0366a31;cycles=9;planted=3;d_b=16;m=5;gap=2;k=1,8650664,false,647733,0.524,204,10,4,0.198,213,208,false
mixed-047-1,mixed,seed=0x6b6256cbc0366a31;cycles=9;planted=3;d_b=16;m=5;gap=2;k=1,8650664,false,647733,0.524,204,10,8,0.260,213,208,false
mixed-047-1,mixed,seed=0x6b6256cbc0366a31;cycles=9;planted=3;d_b=16;m=5;gap=2;k=1,8650664,false,647733,0.524,204,10,16,0.357,213,208,false
mixed-047-1,mixed,seed=0x6b6256cbc0366a31;cycles=9;planted=3;d_b=16;m=5;gap=2;k=1,8650664,false,647733,0.524,204,10,32,0.602,213,208,false
mixed-047-1,mixed,seed=0x6b6256cbc0366a31;cycles=9;planted=3;d_b=16;m=5;gap=2;k=1,8650664,false,647733,0.524,204,10,64,0.985,213,208,false
mixed-047-1,mixed,seed=0x6b6256cbc0366a31;cycles=9;planted=3;d_b=16;m=5;gap=2;k=1,8650664,false,647733,0.524,204,10,128,1.852,213,208,false
mixed-047-1,mixed,seed=0x6b6256cbc0366a31;cycles=9;planted=3;d_b=16;m=5;gap=2;k=1,8650664,false,647733,0.524,204,10,256,3.520,213,208,false
mixed-047-1,mixed,seed=0x6b6256cbc0366a31;cycles=9;planted=3;d_b=16;m=5;gap=2;k=1,8650664,false,647733,0.524,204,10,512,6.377,213,208,false
mixed-047-1,mixed,seed=0x6b6256cbc0366a31;cycles=9;planted=3;d_b=16;m=5;gap=2;k=1,8650664,false,647733,0.524,204,10,1024,11.690,213,208,false
mixed-047-1,mixed,seed=0x6b6256cbc0366a31;cycles=9;planted=3;d_b=16;m=5;gap=2;k=1,8650664,false,647733,0.524,204,10,2048,22.883,213,208,false
mixed-047-1,mixed,seed=0x6b6256cbc0366a31;cycles=9;planted=3;d_b=16;m=5;gap=2;k=1,8650664,false,647733,0.524,204,10,4096,45.898,213,208,false
mixed-047-1,mixed,seed=0x6b6256cbc0366a31;cycles=9;planted=3;d_b=16;m=5;gap=2;k=1,8650664,false,647733,0.524,204,10,8192,93.709,213,208,false
mixed-047-1,mixed,seed=0x6b6256cbc0366a31;cycles=9;planted=3;d_b=16;m=5;gap=2;k=1,8650664,false,647733,0.524,204,10,16384,191.311,213,208,false
mixed-047-1,mixed,seed=0x6b6256cbc0366a31;cycles=9;planted=3;d_b=16;m=5;gap=2;k=1,8650664,false,647733,0.524,204,10,32768,390.489,204,10,false
mixed-047-1,mixed,seed=0x6b6256cbc0366a31;cycles=9;planted=3;d_b=16;m=5;gap=2;k=1,8650664,false,647733,0.524,204,10,65536,789.978,204,10,false
mixed-047-1,mixed,seed=0x6b6256cbc0366a31;cycles=9;planted=3;d_b=16;m=5;gap=2;k=1,8650664,false,647733,0.524,204,10,131072,1609.004,204,10,false
mixed-047-1,mixed,seed=0x6b6256cbc0366a31;cycles=9;planted=3;d_b=16;m=5;gap=2;k=1,8650664,false,647733,0.524,204,10,262144,3311.136,204,10,false
dec-143,dec,d_b=12;m=5;gap=3;k=4;q=3;s=26,60,false,62,0.324,50,2,1,0.030,53,52,false
dec-143,dec,d_b=12;m=5;gap=3;k=4;q=3;s=26,60,false,62,0.324,50,2,2,0.039,53,52,false
dec-143,dec,d_b=12;m=5;gap=3;k=4;q=3;s=26,60,false,62,0.324,50,2,4,0.055,53,52,false
dec-143,dec,d_b=12;m=5;gap=3;k=4;q=3;s=26,60,false,62,0.324,50,2,8,0.076,53,52,false
dec-143,dec,d_b=12;m=5;gap=3;k=4;q=3;s=26,60,false,62,0.324,50,2,16,0.090,53,52,false
dec-143,dec,d_b=12;m=5;gap=3;k=4;q=3;s=26,60,false,62,0.324,50,2,32,0.127,53,52,false
dec-143,dec,d_b=12;m=5;gap=3;k=4;q=3;s=26,60,false,62,0.324,50,2,64,0.135,53,52,false
dec-143,dec,d_b=12;m=5;gap=3;k=4;q=3;s=26,60,false,62,0.324,50,2,128,0.175,53,52,false
dec-143,dec,d_b=12;m=5;gap=3;k=4;q=3;s=26,60,false,62,0.324,50,2,256,0.240,53,52,false
dec-143,dec,d_b=12;m=5;gap=3;k=4;q=3;s=26,60,false,62,0.324,50,2,512,0.340,53,52,false
dec-143,dec,d_b=12;m=5;gap=3;k=4;q=3;s=26,60,false,62,0.324,50,2,1024,0.554,53,52,false
dec-143,dec,d_b=12;m=5;gap=3;k=4;q=3;s=26,60,false,62,0.324,50,2,2048,0.892,53,52,false
dec-143,dec,d_b=12;m=5;gap=3;k=4;q=3;s=26,60,false,62,0.324,50,2,4096,1.542,53,52,false
dec-143,dec,d_b=12;m=5;gap=3;k=4;q=3;s=26,60,false,62,0.324,50,2,8192,2.831,53,52,false
dec-143,dec,d_b=12;m=5;gap=3;k=4;q=3;s=26,60,false,62,0.324,50,2,16384,5.198,53,52,false
dec-143,dec,d_b=12;m=5;gap=3;k=4;q=3;s=26,60,false,62,0.324,50,2,32768,9.824,53,52,false
dec-143,dec,d_b=12;m=5;gap=3;k=4;q=3;s=26,60,false,62,0.324,50,2,65536,18.861,53,52,false
dec-143,dec,d_b=12;m=5;gap=3;k=4;q=3;s=26,60,false,62,0.324,50,2,131072,36.847,53,52,false
dec-143,dec,d_b=12;m=5;gap=3;k=4;q=3;s=26,60,false,62,0.324,50,2,262144,71.945,50,2,false
mixed-047-2,mixed,seed=0x03ea5038e67a1103;cycles=9;planted=3;d_b=16;m=5;gap=2;k=1,8650672,false,647764,0.566,224,14,1,0.189,233,212,false
mixed-047-2,mixed,seed=0x03ea5038e67a1103;cycles=9;planted=3;d_b=16;m=5;gap=2;k=1,8650672,false,647764,0.566,224,14,2,0.192,233,212,false
mixed-047-2,mixed,seed=0x03ea5038e67a1103;cycles=9;planted=3;d_b=16;m=5;gap=2;k=1,8650672,false,647764,0.566,224,14,4,0.209,233,212,false
mixed-047-2,mixed,seed=0x03ea5038e67a1103;cycles=9;planted=3;d_b=16;m=5;gap=2;k=1,8650672,false,647764,0.566,224,14,8,0.255,233,212,false
mixed-047-2,mixed,seed=0x03ea5038e67a1103;cycles=9;planted=3;d_b=16;m=5;gap=2;k=1,8650672,false,647764,0.566,224,14,16,0.365,233,212,false
mixed-047-2,mixed,seed=0x03ea5038e67a1103;cycles=9;planted=3;d_b=16;m=5;gap=2;k=1,8650672,false,647764,0.566,224,14,32,0.593,233,212,false
mixed-047-2,mixed,seed=0x03ea5038e67a1103;cycles=9;planted=3;d_b=16;m=5;gap=2;k=1,8650672,false,647764,0.566,224,14,64,0.987,233,212,false
mixed-047-2,mixed,seed=0x03ea5038e67a1103;cycles=9;planted=3;d_b=16;m=5;gap=2;k=1,8650672,false,647764,0.566,224,14,128,1.786,233,212,false
mixed-047-2,mixed,seed=0x03ea5038e67a1103;cycles=9;planted=3;d_b=16;m=5;gap=2;k=1,8650672,false,647764,0.566,224,14,256,3.406,233,212,false
mixed-047-2,mixed,seed=0x03ea5038e67a1103;cycles=9;planted=3;d_b=16;m=5;gap=2;k=1,8650672,false,647764,0.566,224,14,512,6.267,233,212,false
mixed-047-2,mixed,seed=0x03ea5038e67a1103;cycles=9;planted=3;d_b=16;m=5;gap=2;k=1,8650672,false,647764,0.566,224,14,1024,11.931,233,212,false
mixed-047-2,mixed,seed=0x03ea5038e67a1103;cycles=9;planted=3;d_b=16;m=5;gap=2;k=1,8650672,false,647764,0.566,224,14,2048,23.336,233,212,false
mixed-047-2,mixed,seed=0x03ea5038e67a1103;cycles=9;planted=3;d_b=16;m=5;gap=2;k=1,8650672,false,647764,0.566,224,14,4096,47.740,233,212,false
mixed-047-2,mixed,seed=0x03ea5038e67a1103;cycles=9;planted=3;d_b=16;m=5;gap=2;k=1,8650672,false,647764,0.566,224,14,8192,95.516,233,212,false
mixed-047-2,mixed,seed=0x03ea5038e67a1103;cycles=9;planted=3;d_b=16;m=5;gap=2;k=1,8650672,false,647764,0.566,224,14,16384,196.916,233,212,false
mixed-047-2,mixed,seed=0x03ea5038e67a1103;cycles=9;planted=3;d_b=16;m=5;gap=2;k=1,8650672,false,647764,0.566,224,14,32768,387.828,233,212,false
mixed-047-2,mixed,seed=0x03ea5038e67a1103;cycles=9;planted=3;d_b=16;m=5;gap=2;k=1,8650672,false,647764,0.566,224,14,65536,783.390,230,146,false
mixed-047-2,mixed,seed=0x03ea5038e67a1103;cycles=9;planted=3;d_b=16;m=5;gap=2;k=1,8650672,false,647764,0.566,224,14,131072,1547.581,230,146,false
mixed-047-2,mixed,seed=0x03ea5038e67a1103;cycles=9;planted=3;d_b=16;m=5;gap=2;k=1,8650672,false,647764,0.566,224,14,262144,3267.760,230,146,false
dec-144,dec,d_b=12;m=5;gap=7;k=1;q=3;s=28,24,false,26,0.132,50,2,1,0.026,57,56,false
dec-144,dec,d_b=12;m=5;gap=7;k=1;q=3;s=28,24,false,26,0.132,50,2,2,0.041,57,56,false
dec-144,dec,d_b=12;m=5;gap=7;k=1;q=3;s=28,24,false,26,0.132,50,2,4,0.038,57,56,false
dec-144,dec,d_b=12;m=5;gap=7;k=1;q=3;s=28,24,false,26,0.132,50,2,8,0.050,57,56,false
dec-144,dec,d_b=12;m=5;gap=7;k=1;q=3;s=28,24,false,26,0.132,50,2,16,0.068,57,56,false
dec-144,dec,d_b=12;m=5;gap=7;k=1;q=3;s=28,24,false,26,0.132,50,2,32,0.096,57,56,false
dec-144,dec,d_b=12;m=5;gap=7;k=1;q=3;s=28,24,false,26,0.132,50,2,64,0.109,57,56,false
dec-144,dec,d_b=12;m=5;gap=7;k=1;q=3;s=28,24,false,26,0.132,50,2,128,0.146,50,2,false
dec-144,dec,d_b=12;m=5;gap=7;k=1;q=3;s=28,24,false,26,0.132,50,2,256,0.223,50,2,false
dec-144,dec,d_b=12;m=5;gap=7;k=1;q=3;s=28,24,false,26,0.132,50,2,512,0.343,50,2,false
dec-144,dec,d_b=12;m=5;gap=7;k=1;q=3;s=28,24,false,26,0.132,50,2,1024,0.550,50,2,false
dec-144,dec,d_b=12;m=5;gap=7;k=1;q=3;s=28,24,false,26,0.132,50,2,2048,0.921,50,2,false
dec-144,dec,d_b=12;m=5;gap=7;k=1;q=3;s=28,24,false,26,0.132,50,2,4096,1.584,50,2,false
dec-144,dec,d_b=12;m=5;gap=7;k=1;q=3;s=28,24,false,26,0.132,50,2,8192,2.816,50,2,false
dec-144,dec,d_b=12;m=5;gap=7;k=1;q=3;s=28,24,false,26,0.132,50,2,16384,4.984,50,2,false
dec-144,dec,d_b=12;m=5;gap=7;k=1;q=3;s=28,24,false,26,0.132,50,2,32768,8.921,50,2,false
dec-144,dec,d_b=12;m=5;gap=7;k=1;q=3;s=28,24,false,26,0.132,50,2,65536,16.756,50,2,false
dec-144,dec,d_b=12;m=5;gap=7;k=1;q=3;s=28,24,false,26,0.132,50,2,131072,31.761,50,2,false
dec-144,dec,d_b=12;m=5;gap=7;k=1;q=3;s=28,24,false,26,0.132,50,2,262144,61.372,50,2,false
mixed-048-0,mixed,seed=0x2018ff077d48b09a;cycles=10;planted=1;d_b=4;m=2;gap=1;k=2,15,false,16,0.036,9,2,1,0.017,10,6,false
mixed-048-0,mixed,seed=0x2018ff077d48b09a;cycles=10;planted=1;d_b=4;m=2;gap=1;k=2,15,false,16,0.036,9,2,2,0.016,10,6,false
mixed-048-0,mixed,seed=0x2018ff077d48b09a;cycles=10;planted=1;d_b=4;m=2;gap=1;k=2,15,false,16,0.036,9,2,4,0.018,10,6,false
mixed-048-0,mixed,seed=0x2018ff077d48b09a;cycles=10;planted=1;d_b=4;m=2;gap=1;k=2,15,false,16,0.036,9,2,8,0.029,10,6,false
mixed-048-0,mixed,seed=0x2018ff077d48b09a;cycles=10;planted=1;d_b=4;m=2;gap=1;k=2,15,false,16,0.036,9,2,16,0.046,9,2,false
mixed-048-0,mixed,seed=0x2018ff077d48b09a;cycles=10;planted=1;d_b=4;m=2;gap=1;k=2,15,false,16,0.036,9,2,32,0.068,9,2,false
mixed-048-0,mixed,seed=0x2018ff077d48b09a;cycles=10;planted=1;d_b=4;m=2;gap=1;k=2,15,false,16,0.036,9,2,64,0.117,9,2,false
mixed-048-0,mixed,seed=0x2018ff077d48b09a;cycles=10;planted=1;d_b=4;m=2;gap=1;k=2,15,false,16,0.036,9,2,128,0.173,9,2,false
mixed-048-0,mixed,seed=0x2018ff077d48b09a;cycles=10;planted=1;d_b=4;m=2;gap=1;k=2,15,false,16,0.036,9,2,256,0.315,9,2,true
mixed-048-0,mixed,seed=0x2018ff077d48b09a;cycles=10;planted=1;d_b=4;m=2;gap=1;k=2,15,false,16,0.036,9,2,512,0.588,9,2,true
mixed-048-0,mixed,seed=0x2018ff077d48b09a;cycles=10;planted=1;d_b=4;m=2;gap=1;k=2,15,false,16,0.036,9,2,1024,1.304,9,2,true
mixed-048-0,mixed,seed=0x2018ff077d48b09a;cycles=10;planted=1;d_b=4;m=2;gap=1;k=2,15,false,16,0.036,9,2,2048,2.184,9,2,true
mixed-048-0,mixed,seed=0x2018ff077d48b09a;cycles=10;planted=1;d_b=4;m=2;gap=1;k=2,15,false,16,0.036,9,2,4096,4.262,9,2,true
mixed-048-0,mixed,seed=0x2018ff077d48b09a;cycles=10;planted=1;d_b=4;m=2;gap=1;k=2,15,false,16,0.036,9,2,8192,8.039,9,2,true
mixed-048-0,mixed,seed=0x2018ff077d48b09a;cycles=10;planted=1;d_b=4;m=2;gap=1;k=2,15,false,16,0.036,9,2,16384,15.443,9,2,true
mixed-048-0,mixed,seed=0x2018ff077d48b09a;cycles=10;planted=1;d_b=4;m=2;gap=1;k=2,15,false,16,0.036,9,2,32768,40.486,9,2,true
mixed-048-0,mixed,seed=0x2018ff077d48b09a;cycles=10;planted=1;d_b=4;m=2;gap=1;k=2,15,false,16,0.036,9,2,65536,92.138,9,2,true
mixed-048-0,mixed,seed=0x2018ff077d48b09a;cycles=10;planted=1;d_b=4;m=2;gap=1;k=2,15,false,16,0.036,9,2,131072,196.209,9,2,true
mixed-048-0,mixed,seed=0x2018ff077d48b09a;cycles=10;planted=1;d_b=4;m=2;gap=1;k=2,15,false,16,0.036,9,2,262144,401.893,9,2,true
dec-145,dec,d_b=12;m=5;gap=7;k=2;q=3;s=28,36,false,38,0.186,50,2,1,0.027,57,56,false
dec-145,dec,d_b=12;m=5;gap=7;k=2;q=3;s=28,36,false,38,0.186,50,2,2,0.040,57,56,false
dec-145,dec,d_b=12;m=5;gap=7;k=2;q=3;s=28,36,false,38,0.186,50,2,4,0.049,57,56,false
dec-145,dec,d_b=12;m=5;gap=7;k=2;q=3;s=28,36,false,38,0.186,50,2,8,0.053,57,56,false
dec-145,dec,d_b=12;m=5;gap=7;k=2;q=3;s=28,36,false,38,0.186,50,2,16,0.077,57,56,false
dec-145,dec,d_b=12;m=5;gap=7;k=2;q=3;s=28,36,false,38,0.186,50,2,32,0.096,57,56,false
dec-145,dec,d_b=12;m=5;gap=7;k=2;q=3;s=28,36,false,38,0.186,50,2,64,0.125,57,56,false
dec-145,dec,d_b=12;m=5;gap=7;k=2;q=3;s=28,36,false,38,0.186,50,2,128,0.157,57,56,false
dec-145,dec,d_b=12;m=5;gap=7;k=2;q=3;s=28,36,false,38,0.186,50,2,256,0.217,57,56,false
dec-145,dec,d_b=12;m=5;gap=7;k=2;q=3;s=28,36,false,38,0.186,50,2,512,0.340,50,2,false
dec-145,dec,d_b=12;m=5;gap=7;k=2;q=3;s=28,36,false,38,0.186,50,2,1024,0.519,50,2,false
dec-145,dec,d_b=12;m=5;gap=7;k=2;q=3;s=28,36,false,38,0.186,50,2,2048,0.877,50,2,false
dec-145,dec,d_b=12;m=5;gap=7;k=2;q=3;s=28,36,false,38,0.186,50,2,4096,1.562,50,2,false
dec-145,dec,d_b=12;m=5;gap=7;k=2;q=3;s=28,36,false,38,0.186,50,2,8192,2.774,50,2,false
dec-145,dec,d_b=12;m=5;gap=7;k=2;q=3;s=28,36,false,38,0.186,50,2,16384,5.119,50,2,false
dec-145,dec,d_b=12;m=5;gap=7;k=2;q=3;s=28,36,false,38,0.186,50,2,32768,9.233,50,2,false
dec-145,dec,d_b=12;m=5;gap=7;k=2;q=3;s=28,36,false,38,0.186,50,2,65536,17.667,50,2,false
dec-145,dec,d_b=12;m=5;gap=7;k=2;q=3;s=28,36,false,38,0.186,50,2,131072,33.576,50,2,false
dec-145,dec,d_b=12;m=5;gap=7;k=2;q=3;s=28,36,false,38,0.186,50,2,262144,64.318,50,2,false
mixed-048-1,mixed,seed=0x1fbd2cbe4ab0f94d;cycles=10;planted=1;d_b=4;m=2;gap=1;k=2,32963152,false,1981104,0.064,11,4,1,0.048,12,8,false
mixed-048-1,mixed,seed=0x1fbd2cbe4ab0f94d;cycles=10;planted=1;d_b=4;m=2;gap=1;k=2,32963152,false,1981104,0.064,11,4,2,0.045,12,8,false
mixed-048-1,mixed,seed=0x1fbd2cbe4ab0f94d;cycles=10;planted=1;d_b=4;m=2;gap=1;k=2,32963152,false,1981104,0.064,11,4,4,0.065,12,8,false
mixed-048-1,mixed,seed=0x1fbd2cbe4ab0f94d;cycles=10;planted=1;d_b=4;m=2;gap=1;k=2,32963152,false,1981104,0.064,11,4,8,0.106,12,8,false
mixed-048-1,mixed,seed=0x1fbd2cbe4ab0f94d;cycles=10;planted=1;d_b=4;m=2;gap=1;k=2,32963152,false,1981104,0.064,11,4,16,0.201,12,8,false
mixed-048-1,mixed,seed=0x1fbd2cbe4ab0f94d;cycles=10;planted=1;d_b=4;m=2;gap=1;k=2,32963152,false,1981104,0.064,11,4,32,0.372,12,8,false
mixed-048-1,mixed,seed=0x1fbd2cbe4ab0f94d;cycles=10;planted=1;d_b=4;m=2;gap=1;k=2,32963152,false,1981104,0.064,11,4,64,0.733,11,4,false
mixed-048-1,mixed,seed=0x1fbd2cbe4ab0f94d;cycles=10;planted=1;d_b=4;m=2;gap=1;k=2,32963152,false,1981104,0.064,11,4,128,1.387,11,4,false
mixed-048-1,mixed,seed=0x1fbd2cbe4ab0f94d;cycles=10;planted=1;d_b=4;m=2;gap=1;k=2,32963152,false,1981104,0.064,11,4,256,2.033,11,4,false
mixed-048-1,mixed,seed=0x1fbd2cbe4ab0f94d;cycles=10;planted=1;d_b=4;m=2;gap=1;k=2,32963152,false,1981104,0.064,11,4,512,3.246,11,4,false
mixed-048-1,mixed,seed=0x1fbd2cbe4ab0f94d;cycles=10;planted=1;d_b=4;m=2;gap=1;k=2,32963152,false,1981104,0.064,11,4,1024,5.743,11,4,false
mixed-048-1,mixed,seed=0x1fbd2cbe4ab0f94d;cycles=10;planted=1;d_b=4;m=2;gap=1;k=2,32963152,false,1981104,0.064,11,4,2048,11.300,11,4,false
mixed-048-1,mixed,seed=0x1fbd2cbe4ab0f94d;cycles=10;planted=1;d_b=4;m=2;gap=1;k=2,32963152,false,1981104,0.064,11,4,4096,22.865,11,4,false
mixed-048-1,mixed,seed=0x1fbd2cbe4ab0f94d;cycles=10;planted=1;d_b=4;m=2;gap=1;k=2,32963152,false,1981104,0.064,11,4,8192,48.596,11,4,false
mixed-048-1,mixed,seed=0x1fbd2cbe4ab0f94d;cycles=10;planted=1;d_b=4;m=2;gap=1;k=2,32963152,false,1981104,0.064,11,4,16384,103.477,11,4,false
mixed-048-1,mixed,seed=0x1fbd2cbe4ab0f94d;cycles=10;planted=1;d_b=4;m=2;gap=1;k=2,32963152,false,1981104,0.064,11,4,32768,203.820,11,4,false
mixed-048-1,mixed,seed=0x1fbd2cbe4ab0f94d;cycles=10;planted=1;d_b=4;m=2;gap=1;k=2,32963152,false,1981104,0.064,11,4,65536,417.384,11,4,false
mixed-048-1,mixed,seed=0x1fbd2cbe4ab0f94d;cycles=10;planted=1;d_b=4;m=2;gap=1;k=2,32963152,false,1981104,0.064,11,4,131072,862.108,11,4,false
mixed-048-1,mixed,seed=0x1fbd2cbe4ab0f94d;cycles=10;planted=1;d_b=4;m=2;gap=1;k=2,32963152,false,1981104,0.064,11,4,262144,1771.339,11,4,false
dec-146,dec,d_b=12;m=5;gap=7;k=4;q=3;s=28,60,false,62,0.335,50,2,1,0.036,57,56,false
dec-146,dec,d_b=12;m=5;gap=7;k=4;q=3;s=28,60,false,62,0.335,50,2,2,0.044,57,56,false
dec-146,dec,d_b=12;m=5;gap=7;k=4;q=3;s=28,60,false,62,0.335,50,2,4,0.065,57,56,false
dec-146,dec,d_b=12;m=5;gap=7;k=4;q=3;s=28,60,false,62,0.335,50,2,8,0.077,57,56,false
dec-146,dec,d_b=12;m=5;gap=7;k=4;q=3;s=28,60,false,62,0.335,50,2,16,0.090,57,56,false
dec-146,dec,d_b=12;m=5;gap=7;k=4;q=3;s=28,60,false,62,0.335,50,2,32,0.131,57,56,false
dec-146,dec,d_b=12;m=5;gap=7;k=4;q=3;s=28,60,false,62,0.335,50,2,64,0.154,57,56,false
dec-146,dec,d_b=12;m=5;gap=7;k=4;q=3;s=28,60,false,62,0.335,50,2,128,0.193,57,56,false
dec-146,dec,d_b=12;m=5;gap=7;k=4;q=3;s=28,60,false,62,0.335,50,2,256,0.250,57,56,false
dec-146,dec,d_b=12;m=5;gap=7;k=4;q=3;s=28,60,false,62,0.335,50,2,512,0.363,57,56,false
dec-146,dec,d_b=12;m=5;gap=7;k=4;q=3;s=28,60,false,62,0.335,50,2,1024,0.568,57,56,false
dec-146,dec,d_b=12;m=5;gap=7;k=4;q=3;s=28,60,false,62,0.335,50,2,2048,0.916,57,56,false
dec-146,dec,d_b=12;m=5;gap=7;k=4;q=3;s=28,60,false,62,0.335,50,2,4096,1.561,57,56,false
dec-146,dec,d_b=12;m=5;gap=7;k=4;q=3;s=28,60,false,62,0.335,50,2,8192,2.860,50,2,false
dec-146,dec,d_b=12;m=5;gap=7;k=4;q=3;s=28,60,false,62,0.335,50,2,16384,5.327,50,2,false
dec-146,dec,d_b=12;m=5;gap=7;k=4;q=3;s=28,60,false,62,0.335,50,2,32768,9.883,50,2,false
dec-146,dec,d_b=12;m=5;gap=7;k=4;q=3;s=28,60,false,62,0.335,50,2,65536,19.226,50,2,false
dec-146,dec,d_b=12;m=5;gap=7;k=4;q=3;s=28,60,false,62,0.335,50,2,131072,36.286,50,2,false
dec-146,dec,d_b=12;m=5;gap=7;k=4;q=3;s=28,60,false,62,0.335,50,2,262144,71.873,50,2,false
mixed-048-2,mixed,seed=0x2a15c12a787bf765;cycles=10;planted=1;d_b=4;m=2;gap=1;k=2,50692347,true,2993152,0.138,12,6,1,0.086,13,10,false
mixed-048-2,mixed,seed=0x2a15c12a787bf765;cycles=10;planted=1;d_b=4;m=2;gap=1;k=2,50692347,true,2993152,0.138,12,6,2,0.127,13,10,false
mixed-048-2,mixed,seed=0x2a15c12a787bf765;cycles=10;planted=1;d_b=4;m=2;gap=1;k=2,50692347,true,2993152,0.138,12,6,4,0.159,13,10,false
mixed-048-2,mixed,seed=0x2a15c12a787bf765;cycles=10;planted=1;d_b=4;m=2;gap=1;k=2,50692347,true,2993152,0.138,12,6,8,0.227,13,10,false
mixed-048-2,mixed,seed=0x2a15c12a787bf765;cycles=10;planted=1;d_b=4;m=2;gap=1;k=2,50692347,true,2993152,0.138,12,6,16,0.337,13,10,false
mixed-048-2,mixed,seed=0x2a15c12a787bf765;cycles=10;planted=1;d_b=4;m=2;gap=1;k=2,50692347,true,2993152,0.138,12,6,32,0.532,13,10,false
mixed-048-2,mixed,seed=0x2a15c12a787bf765;cycles=10;planted=1;d_b=4;m=2;gap=1;k=2,50692347,true,2993152,0.138,12,6,64,0.918,13,10,false
mixed-048-2,mixed,seed=0x2a15c12a787bf765;cycles=10;planted=1;d_b=4;m=2;gap=1;k=2,50692347,true,2993152,0.138,12,6,128,1.620,12,6,false
mixed-048-2,mixed,seed=0x2a15c12a787bf765;cycles=10;planted=1;d_b=4;m=2;gap=1;k=2,50692347,true,2993152,0.138,12,6,256,2.946,12,6,false
mixed-048-2,mixed,seed=0x2a15c12a787bf765;cycles=10;planted=1;d_b=4;m=2;gap=1;k=2,50692347,true,2993152,0.138,12,6,512,5.217,12,6,false
mixed-048-2,mixed,seed=0x2a15c12a787bf765;cycles=10;planted=1;d_b=4;m=2;gap=1;k=2,50692347,true,2993152,0.138,12,6,1024,9.701,12,6,false
mixed-048-2,mixed,seed=0x2a15c12a787bf765;cycles=10;planted=1;d_b=4;m=2;gap=1;k=2,50692347,true,2993152,0.138,12,6,2048,18.647,12,6,false
mixed-048-2,mixed,seed=0x2a15c12a787bf765;cycles=10;planted=1;d_b=4;m=2;gap=1;k=2,50692347,true,2993152,0.138,12,6,4096,37.332,12,6,false
mixed-048-2,mixed,seed=0x2a15c12a787bf765;cycles=10;planted=1;d_b=4;m=2;gap=1;k=2,50692347,true,2993152,0.138,12,6,8192,74.514,12,6,false
mixed-048-2,mixed,seed=0x2a15c12a787bf765;cycles=10;planted=1;d_b=4;m=2;gap=1;k=2,50692347,true,2993152,0.138,12,6,16384,146.925,12,6,false
mixed-048-2,mixed,seed=0x2a15c12a787bf765;cycles=10;planted=1;d_b=4;m=2;gap=1;k=2,50692347,true,2993152,0.138,12,6,32768,308.601,12,6,false
mixed-048-2,mixed,seed=0x2a15c12a787bf765;cycles=10;planted=1;d_b=4;m=2;gap=1;k=2,50692347,true,2993152,0.138,12,6,65536,641.422,12,6,false
mixed-048-2,mixed,seed=0x2a15c12a787bf765;cycles=10;planted=1;d_b=4;m=2;gap=1;k=2,50692347,true,2993152,0.138,12,6,131072,1302.331,12,6,false
mixed-048-2,mixed,seed=0x2a15c12a787bf765;cycles=10;planted=1;d_b=4;m=2;gap=1;k=2,50692347,true,2993152,0.138,12,6,262144,2688.634,12,6,false
dec-147,dec,d_b=12;m=5;gap=13;k=1;q=3;s=31,24,false,26,0.132,50,2,1,0.031,63,62,false
dec-147,dec,d_b=12;m=5;gap=13;k=1;q=3;s=31,24,false,26,0.132,50,2,2,0.050,63,62,false
dec-147,dec,d_b=12;m=5;gap=13;k=1;q=3;s=31,24,false,26,0.132,50,2,4,0.042,63,62,false
dec-147,dec,d_b=12;m=5;gap=13;k=1;q=3;s=31,24,false,26,0.132,50,2,8,0.057,63,62,false
dec-147,dec,d_b=12;m=5;gap=13;k=1;q=3;s=31,24,false,26,0.132,50,2,16,0.074,63,62,false
dec-147,dec,d_b=12;m=5;gap=13;k=1;q=3;s=31,24,false,26,0.132,50,2,32,0.100,50,2,false
dec-147,dec,d_b=12;m=5;gap=13;k=1;q=3;s=31,24,false,26,0.132,50,2,64,0.121,50,2,false
dec-147,dec,d_b=12;m=5;gap=13;k=1;q=3;s=31,24,false,26,0.132,50,2,128,0.181,50,2,false
dec-147,dec,d_b=12;m=5;gap=13;k=1;q=3;s=31,24,false,26,0.132,50,2,256,0.235,50,2,false
dec-147,dec,d_b=12;m=5;gap=13;k=1;q=3;s=31,24,false,26,0.132,50,2,512,0.353,50,2,false
dec-147,dec,d_b=12;m=5;gap=13;k=1;q=3;s=31,24,false,26,0.132,50,2,1024,0.604,50,2,false
dec-147,dec,d_b=12;m=5;gap=13;k=1;q=3;s=31,24,false,26,0.132,50,2,2048,0.949,50,2,false
dec-147,dec,d_b=12;m=5;gap=13;k=1;q=3;s=31,24,false,26,0.132,50,2,4096,1.611,50,2,false
dec-147,dec,d_b=12;m=5;gap=13;k=1;q=3;s=31,24,false,26,0.132,50,2,8192,2.811,50,2,false
dec-147,dec,d_b=12;m=5;gap=13;k=1;q=3;s=31,24,false,26,0.132,50,2,16384,5.070,50,2,false
dec-147,dec,d_b=12;m=5;gap=13;k=1;q=3;s=31,24,false,26,0.132,50,2,32768,9.096,50,2,false
dec-147,dec,d_b=12;m=5;gap=13;k=1;q=3;s=31,24,false,26,0.132,50,2,65536,17.078,50,2,false
dec-147,dec,d_b=12;m=5;gap=13;k=1;q=3;s=31,24,false,26,0.132,50,2,131072,31.984,50,2,false
dec-147,dec,d_b=12;m=5;gap=13;k=1;q=3;s=31,24,false,26,0.132,50,2,262144,61.742,50,2,false
mixed-049-0,mixed,seed=0x3ba73db41c458e04;cycles=10;planted=1;d_b=8;m=3;gap=2;k=2,50284794,true,3070976,0.171,31,10,1,0.106,34,28,false
mixed-049-0,mixed,seed=0x3ba73db41c458e04;cycles=10;planted=1;d_b=8;m=3;gap=2;k=2,50284794,true,3070976,0.171,31,10,2,0.107,34,28,false
mixed-049-0,mixed,seed=0x3ba73db41c458e04;cycles=10;planted=1;d_b=8;m=3;gap=2;k=2,50284794,true,3070976,0.171,31,10,4,0.106,34,28,false
mixed-049-0,mixed,seed=0x3ba73db41c458e04;cycles=10;planted=1;d_b=8;m=3;gap=2;k=2,50284794,true,3070976,0.171,31,10,8,0.163,34,28,false
mixed-049-0,mixed,seed=0x3ba73db41c458e04;cycles=10;planted=1;d_b=8;m=3;gap=2;k=2,50284794,true,3070976,0.171,31,10,16,0.224,34,28,false
mixed-049-0,mixed,seed=0x3ba73db41c458e04;cycles=10;planted=1;d_b=8;m=3;gap=2;k=2,50284794,true,3070976,0.171,31,10,32,0.361,34,28,false
mixed-049-0,mixed,seed=0x3ba73db41c458e04;cycles=10;planted=1;d_b=8;m=3;gap=2;k=2,50284794,true,3070976,0.171,31,10,64,0.660,34,28,false
mixed-049-0,mixed,seed=0x3ba73db41c458e04;cycles=10;planted=1;d_b=8;m=3;gap=2;k=2,50284794,true,3070976,0.171,31,10,128,1.244,31,10,false
mixed-049-0,mixed,seed=0x3ba73db41c458e04;cycles=10;planted=1;d_b=8;m=3;gap=2;k=2,50284794,true,3070976,0.171,31,10,256,2.305,31,10,false
mixed-049-0,mixed,seed=0x3ba73db41c458e04;cycles=10;planted=1;d_b=8;m=3;gap=2;k=2,50284794,true,3070976,0.171,31,10,512,4.056,31,10,false
mixed-049-0,mixed,seed=0x3ba73db41c458e04;cycles=10;planted=1;d_b=8;m=3;gap=2;k=2,50284794,true,3070976,0.171,31,10,1024,8.150,31,10,false
mixed-049-0,mixed,seed=0x3ba73db41c458e04;cycles=10;planted=1;d_b=8;m=3;gap=2;k=2,50284794,true,3070976,0.171,31,10,2048,16.567,31,10,false
mixed-049-0,mixed,seed=0x3ba73db41c458e04;cycles=10;planted=1;d_b=8;m=3;gap=2;k=2,50284794,true,3070976,0.171,31,10,4096,34.333,31,10,false
mixed-049-0,mixed,seed=0x3ba73db41c458e04;cycles=10;planted=1;d_b=8;m=3;gap=2;k=2,50284794,true,3070976,0.171,31,10,8192,72.152,31,10,false
mixed-049-0,mixed,seed=0x3ba73db41c458e04;cycles=10;planted=1;d_b=8;m=3;gap=2;k=2,50284794,true,3070976,0.171,31,10,16384,147.658,31,10,false
mixed-049-0,mixed,seed=0x3ba73db41c458e04;cycles=10;planted=1;d_b=8;m=3;gap=2;k=2,50284794,true,3070976,0.171,31,10,32768,318.547,31,10,false
mixed-049-0,mixed,seed=0x3ba73db41c458e04;cycles=10;planted=1;d_b=8;m=3;gap=2;k=2,50284794,true,3070976,0.171,31,10,65536,655.605,31,10,false
mixed-049-0,mixed,seed=0x3ba73db41c458e04;cycles=10;planted=1;d_b=8;m=3;gap=2;k=2,50284794,true,3070976,0.171,31,10,131072,1332.577,31,10,false
mixed-049-0,mixed,seed=0x3ba73db41c458e04;cycles=10;planted=1;d_b=8;m=3;gap=2;k=2,50284794,true,3070976,0.171,31,10,262144,2771.068,31,10,false
dec-148,dec,d_b=12;m=5;gap=13;k=2;q=3;s=31,36,false,38,0.194,50,2,1,0.035,63,62,false
dec-148,dec,d_b=12;m=5;gap=13;k=2;q=3;s=31,36,false,38,0.194,50,2,2,0.041,63,62,false
dec-148,dec,d_b=12;m=5;gap=13;k=2;q=3;s=31,36,false,38,0.194,50,2,4,0.059,63,62,false
dec-148,dec,d_b=12;m=5;gap=13;k=2;q=3;s=31,36,false,38,0.194,50,2,8,0.054,63,62,false
dec-148,dec,d_b=12;m=5;gap=13;k=2;q=3;s=31,36,false,38,0.194,50,2,16,0.084,63,62,false
dec-148,dec,d_b=12;m=5;gap=13;k=2;q=3;s=31,36,false,38,0.194,50,2,32,0.097,63,62,false
dec-148,dec,d_b=12;m=5;gap=13;k=2;q=3;s=31,36,false,38,0.194,50,2,64,0.126,63,62,false
dec-148,dec,d_b=12;m=5;gap=13;k=2;q=3;s=31,36,false,38,0.194,50,2,128,0.163,63,62,false
dec-148,dec,d_b=12;m=5;gap=13;k=2;q=3;s=31,36,false,38,0.194,50,2,256,0.231,50,2,false
dec-148,dec,d_b=12;m=5;gap=13;k=2;q=3;s=31,36,false,38,0.194,50,2,512,0.354,50,2,false
dec-148,dec,d_b=12;m=5;gap=13;k=2;q=3;s=31,36,false,38,0.194,50,2,1024,0.540,50,2,false
dec-148,dec,d_b=12;m=5;gap=13;k=2;q=3;s=31,36,false,38,0.194,50,2,2048,0.901,50,2,false
dec-148,dec,d_b=12;m=5;gap=13;k=2;q=3;s=31,36,false,38,0.194,50,2,4096,1.572,50,2,false
dec-148,dec,d_b=12;m=5;gap=13;k=2;q=3;s=31,36,false,38,0.194,50,2,8192,2.840,50,2,false
dec-148,dec,d_b=12;m=5;gap=13;k=2;q=3;s=31,36,false,38,0.194,50,2,16384,5.068,50,2,false
dec-148,dec,d_b=12;m=5;gap=13;k=2;q=3;s=31,36,false,38,0.194,50,2,32768,9.298,50,2,false
dec-148,dec,d_b=12;m=5;gap=13;k=2;q=3;s=31,36,false,38,0.194,50,2,65536,17.354,50,2,false
dec-148,dec,d_b=12;m=5;gap=13;k=2;q=3;s=31,36,false,38,0.194,50,2,131072,33.466,50,2,false
dec-148,dec,d_b=12;m=5;gap=13;k=2;q=3;s=31,36,false,38,0.194,50,2,262144,64.248,50,2,false
mixed-049-1,mixed,seed=0x05b68cbc7a2b2eca;cycles=10;planted=1;d_b=8;m=3;gap=2;k=2,32963165,false,1981120,0.112,28,8,1,0.055,31,26,false
mixed-049-1,mixed,seed=0x05b68cbc7a2b2eca;cycles=10;planted=1;d_b=8;m=3;gap=2;k=2,32963165,false,1981120,0.112,28,8,2,0.054,31,26,false
mixed-049-1,mixed,seed=0x05b68cbc7a2b2eca;cycles=10;planted=1;d_b=8;m=3;gap=2;k=2,32963165,false,1981120,0.112,28,8,4,0.051,31,26,false
mixed-049-1,mixed,seed=0x05b68cbc7a2b2eca;cycles=10;planted=1;d_b=8;m=3;gap=2;k=2,32963165,false,1981120,0.112,28,8,8,0.091,31,26,false
mixed-049-1,mixed,seed=0x05b68cbc7a2b2eca;cycles=10;planted=1;d_b=8;m=3;gap=2;k=2,32963165,false,1981120,0.112,28,8,16,0.170,31,26,false
mixed-049-1,mixed,seed=0x05b68cbc7a2b2eca;cycles=10;planted=1;d_b=8;m=3;gap=2;k=2,32963165,false,1981120,0.112,28,8,32,0.325,31,26,false
mixed-049-1,mixed,seed=0x05b68cbc7a2b2eca;cycles=10;planted=1;d_b=8;m=3;gap=2;k=2,32963165,false,1981120,0.112,28,8,64,0.615,31,26,false
mixed-049-1,mixed,seed=0x05b68cbc7a2b2eca;cycles=10;planted=1;d_b=8;m=3;gap=2;k=2,32963165,false,1981120,0.112,28,8,128,1.264,28,8,false
mixed-049-1,mixed,seed=0x05b68cbc7a2b2eca;cycles=10;planted=1;d_b=8;m=3;gap=2;k=2,32963165,false,1981120,0.112,28,8,256,1.972,28,8,false
mixed-049-1,mixed,seed=0x05b68cbc7a2b2eca;cycles=10;planted=1;d_b=8;m=3;gap=2;k=2,32963165,false,1981120,0.112,28,8,512,3.089,28,8,false
mixed-049-1,mixed,seed=0x05b68cbc7a2b2eca;cycles=10;planted=1;d_b=8;m=3;gap=2;k=2,32963165,false,1981120,0.112,28,8,1024,5.627,28,8,false
mixed-049-1,mixed,seed=0x05b68cbc7a2b2eca;cycles=10;planted=1;d_b=8;m=3;gap=2;k=2,32963165,false,1981120,0.112,28,8,2048,11.050,28,8,false
mixed-049-1,mixed,seed=0x05b68cbc7a2b2eca;cycles=10;planted=1;d_b=8;m=3;gap=2;k=2,32963165,false,1981120,0.112,28,8,4096,22.862,28,8,false
mixed-049-1,mixed,seed=0x05b68cbc7a2b2eca;cycles=10;planted=1;d_b=8;m=3;gap=2;k=2,32963165,false,1981120,0.112,28,8,8192,49.467,28,8,false
mixed-049-1,mixed,seed=0x05b68cbc7a2b2eca;cycles=10;planted=1;d_b=8;m=3;gap=2;k=2,32963165,false,1981120,0.112,28,8,16384,107.553,28,8,false
mixed-049-1,mixed,seed=0x05b68cbc7a2b2eca;cycles=10;planted=1;d_b=8;m=3;gap=2;k=2,32963165,false,1981120,0.112,28,8,32768,211.518,28,8,false
mixed-049-1,mixed,seed=0x05b68cbc7a2b2eca;cycles=10;planted=1;d_b=8;m=3;gap=2;k=2,32963165,false,1981120,0.112,28,8,65536,428.365,28,8,false
mixed-049-1,mixed,seed=0x05b68cbc7a2b2eca;cycles=10;planted=1;d_b=8;m=3;gap=2;k=2,32963165,false,1981120,0.112,28,8,131072,888.561,28,8,false
mixed-049-1,mixed,seed=0x05b68cbc7a2b2eca;cycles=10;planted=1;d_b=8;m=3;gap=2;k=2,32963165,false,1981120,0.112,28,8,262144,1865.989,28,8,false
dec-149,dec,d_b=12;m=5;gap=13;k=4;q=3;s=31,60,false,62,0.315,50,2,1,0.032,63,62,false
dec-149,dec,d_b=12;m=5;gap=13;k=4;q=3;s=31,60,false,62,0.315,50,2,2,0.044,63,62,false
dec-149,dec,d_b=12;m=5;gap=13;k=4;q=3;s=31,60,false,62,0.315,50,2,4,0.064,63,62,false
dec-149,dec,d_b=12;m=5;gap=13;k=4;q=3;s=31,60,false,62,0.315,50,2,8,0.094,63,62,false
dec-149,dec,d_b=12;m=5;gap=13;k=4;q=3;s=31,60,false,62,0.315,50,2,16,0.090,63,62,false
dec-149,dec,d_b=12;m=5;gap=13;k=4;q=3;s=31,60,false,62,0.315,50,2,32,0.136,63,62,false
dec-149,dec,d_b=12;m=5;gap=13;k=4;q=3;s=31,60,false,62,0.315,50,2,64,0.142,63,62,false
dec-149,dec,d_b=12;m=5;gap=13;k=4;q=3;s=31,60,false,62,0.315,50,2,128,0.184,63,62,false
dec-149,dec,d_b=12;m=5;gap=13;k=4;q=3;s=31,60,false,62,0.315,50,2,256,0.249,63,62,false
dec-149,dec,d_b=12;m=5;gap=13;k=4;q=3;s=31,60,false,62,0.315,50,2,512,0.362,63,62,false
dec-149,dec,d_b=12;m=5;gap=13;k=4;q=3;s=31,60,false,62,0.315,50,2,1024,0.580,50,2,false
dec-149,dec,d_b=12;m=5;gap=13;k=4;q=3;s=31,60,false,62,0.315,50,2,2048,0.949,50,2,false
dec-149,dec,d_b=12;m=5;gap=13;k=4;q=3;s=31,60,false,62,0.315,50,2,4096,1.601,50,2,false
dec-149,dec,d_b=12;m=5;gap=13;k=4;q=3;s=31,60,false,62,0.315,50,2,8192,2.876,50,2,false
dec-149,dec,d_b=12;m=5;gap=13;k=4;q=3;s=31,60,false,62,0.315,50,2,16384,5.290,50,2,false
dec-149,dec,d_b=12;m=5;gap=13;k=4;q=3;s=31,60,false,62,0.315,50,2,32768,10.071,50,2,false
dec-149,dec,d_b=12;m=5;gap=13;k=4;q=3;s=31,60,false,62,0.315,50,2,65536,19.091,50,2,false
dec-149,dec,d_b=12;m=5;gap=13;k=4;q=3;s=31,60,false,62,0.315,50,2,131072,37.737,50,2,false
dec-149,dec,d_b=12;m=5;gap=13;k=4;q=3;s=31,60,false,62,0.315,50,2,262144,72.196,50,2,false
mixed-049-2,mixed,seed=0x90cc04bbe445667b;cycles=10;planted=1;d_b=8;m=3;gap=2;k=2,32963168,false,1981130,0.139,34,8,1,0.093,37,26,false
mixed-049-2,mixed,seed=0x90cc04bbe445667b;cycles=10;planted=1;d_b=8;m=3;gap=2;k=2,32963168,false,1981130,0.139,34,8,2,0.087,37,26,false
mixed-049-2,mixed,seed=0x90cc04bbe445667b;cycles=10;planted=1;d_b=8;m=3;gap=2;k=2,32963168,false,1981130,0.139,34,8,4,0.101,37,26,false
mixed-049-2,mixed,seed=0x90cc04bbe445667b;cycles=10;planted=1;d_b=8;m=3;gap=2;k=2,32963168,false,1981130,0.139,34,8,8,0.116,37,26,false
mixed-049-2,mixed,seed=0x90cc04bbe445667b;cycles=10;planted=1;d_b=8;m=3;gap=2;k=2,32963168,false,1981130,0.139,34,8,16,0.258,37,26,false
mixed-049-2,mixed,seed=0x90cc04bbe445667b;cycles=10;planted=1;d_b=8;m=3;gap=2;k=2,32963168,false,1981130,0.139,34,8,32,0.429,37,26,false
mixed-049-2,mixed,seed=0x90cc04bbe445667b;cycles=10;planted=1;d_b=8;m=3;gap=2;k=2,32963168,false,1981130,0.139,34,8,64,0.796,37,26,false
mixed-049-2,mixed,seed=0x90cc04bbe445667b;cycles=10;planted=1;d_b=8;m=3;gap=2;k=2,32963168,false,1981130,0.139,34,8,128,1.475,34,8,false
mixed-049-2,mixed,seed=0x90cc04bbe445667b;cycles=10;planted=1;d_b=8;m=3;gap=2;k=2,32963168,false,1981130,0.139,34,8,256,2.636,34,8,false
mixed-049-2,mixed,seed=0x90cc04bbe445667b;cycles=10;planted=1;d_b=8;m=3;gap=2;k=2,32963168,false,1981130,0.139,34,8,512,4.222,34,8,false
mixed-049-2,mixed,seed=0x90cc04bbe445667b;cycles=10;planted=1;d_b=8;m=3;gap=2;k=2,32963168,false,1981130,0.139,34,8,1024,7.061,34,8,false
mixed-049-2,mixed,seed=0x90cc04bbe445667b;cycles=10;planted=1;d_b=8;m=3;gap=2;k=2,32963168,false,1981130,0.139,34,8,2048,12.113,34,8,false
mixed-049-2,mixed,seed=0x90cc04bbe445667b;cycles=10;planted=1;d_b=8;m=3;gap=2;k=2,32963168,false,1981130,0.139,34,8,4096,21.518,34,8,false
mixed-049-2,mixed,seed=0x90cc04bbe445667b;cycles=10;planted=1;d_b=8;m=3;gap=2;k=2,32963168,false,1981130,0.139,34,8,8192,40.768,34,8,false
mixed-049-2,mixed,seed=0x90cc04bbe445667b;cycles=10;planted=1;d_b=8;m=3;gap=2;k=2,32963168,false,1981130,0.139,34,8,16384,76.107,34,8,false
mixed-049-2,mixed,seed=0x90cc04bbe445667b;cycles=10;planted=1;d_b=8;m=3;gap=2;k=2,32963168,false,1981130,0.139,34,8,32768,152.711,34,8,false
mixed-049-2,mixed,seed=0x90cc04bbe445667b;cycles=10;planted=1;d_b=8;m=3;gap=2;k=2,32963168,false,1981130,0.139,34,8,65536,292.171,34,8,false
mixed-049-2,mixed,seed=0x90cc04bbe445667b;cycles=10;planted=1;d_b=8;m=3;gap=2;k=2,32963168,false,1981130,0.139,34,8,131072,574.593,34,8,false
mixed-049-2,mixed,seed=0x90cc04bbe445667b;cycles=10;planted=1;d_b=8;m=3;gap=2;k=2,32963168,false,1981130,0.139,34,8,262144,1129.610,34,8,false
dec-150,dec,d_b=12;m=9;gap=1;k=1;q=7;s=49,24,false,26,0.174,98,2,1,0.032,99,98,false
dec-150,dec,d_b=12;m=9;gap=1;k=1;q=7;s=49,24,false,26,0.174,98,2,2,0.057,99,98,false
dec-150,dec,d_b=12;m=9;gap=1;k=1;q=7;s=49,24,false,26,0.174,98,2,4,0.052,99,98,false
dec-150,dec,d_b=12;m=9;gap=1;k=1;q=7;s=49,24,false,26,0.174,98,2,8,0.075,99,98,false
dec-150,dec,d_b=12;m=9;gap=1;k=1;q=7;s=49,24,false,26,0.174,98,2,16,0.094,99,98,false
dec-150,dec,d_b=12;m=9;gap=1;k=1;q=7;s=49,24,false,26,0.174,98,2,32,0.129,99,98,false
dec-150,dec,d_b=12;m=9;gap=1;k=1;q=7;s=49,24,false,26,0.174,98,2,64,0.141,99,98,false
dec-150,dec,d_b=12;m=9;gap=1;k=1;q=7;s=49,24,false,26,0.174,98,2,128,0.187,99,98,false
dec-150,dec,d_b=12;m=9;gap=1;k=1;q=7;s=49,24,false,26,0.174,98,2,256,0.263,98,2,false
dec-150,dec,d_b=12;m=9;gap=1;k=1;q=7;s=49,24,false,26,0.174,98,2,512,0.388,98,2,false
dec-150,dec,d_b=12;m=9;gap=1;k=1;q=7;s=49,24,false,26,0.174,98,2,1024,0.575,98,2,false
dec-150,dec,d_b=12;m=9;gap=1;k=1;q=7;s=49,24,false,26,0.174,98,2,2048,0.961,98,2,false
dec-150,dec,d_b=12;m=9;gap=1;k=1;q=7;s=49,24,false,26,0.174,98,2,4096,1.615,98,2,false
dec-150,dec,d_b=12;m=9;gap=1;k=1;q=7;s=49,24,false,26,0.174,98,2,8192,2.813,98,2,false
dec-150,dec,d_b=12;m=9;gap=1;k=1;q=7;s=49,24,false,26,0.174,98,2,16384,4.881,98,2,false
dec-150,dec,d_b=12;m=9;gap=1;k=1;q=7;s=49,24,false,26,0.174,98,2,32768,8.864,98,2,false
dec-150,dec,d_b=12;m=9;gap=1;k=1;q=7;s=49,24,false,26,0.174,98,2,65536,16.551,98,2,false
dec-150,dec,d_b=12;m=9;gap=1;k=1;q=7;s=49,24,false,26,0.174,98,2,131072,31.538,98,2,false
dec-150,dec,d_b=12;m=9;gap=1;k=1;q=7;s=49,24,false,26,0.174,98,2,262144,61.247,98,2,false
mixed-050-0,mixed,seed=0x617669b11fbd2581;cycles=10;planted=1;d_b=12;m=2;gap=6;k=4,49707854,true,3043328,0.240,49,8,1,0.148,56,26,false
mixed-050-0,mixed,seed=0x617669b11fbd2581;cycles=10;planted=1;d_b=12;m=2;gap=6;k=4,49707854,true,3043328,0.240,49,8,2,0.178,56,26,false
mixed-050-0,mixed,seed=0x617669b11fbd2581;cycles=10;planted=1;d_b=12;m=2;gap=6;k=4,49707854,true,3043328,0.240,49,8,4,0.180,56,26,false
mixed-050-0,mixed,seed=0x617669b11fbd2581;cycles=10;planted=1;d_b=12;m=2;gap=6;k=4,49707854,true,3043328,0.240,49,8,8,0.227,56,26,false
mixed-050-0,mixed,seed=0x617669b11fbd2581;cycles=10;planted=1;d_b=12;m=2;gap=6;k=4,49707854,true,3043328,0.240,49,8,16,0.381,56,26,false
mixed-050-0,mixed,seed=0x617669b11fbd2581;cycles=10;planted=1;d_b=12;m=2;gap=6;k=4,49707854,true,3043328,0.240,49,8,32,0.599,56,26,false
mixed-050-0,mixed,seed=0x617669b11fbd2581;cycles=10;planted=1;d_b=12;m=2;gap=6;k=4,49707854,true,3043328,0.240,49,8,64,1.062,56,26,false
mixed-050-0,mixed,seed=0x617669b11fbd2581;cycles=10;planted=1;d_b=12;m=2;gap=6;k=4,49707854,true,3043328,0.240,49,8,128,2.030,56,26,false
mixed-050-0,mixed,seed=0x617669b11fbd2581;cycles=10;planted=1;d_b=12;m=2;gap=6;k=4,49707854,true,3043328,0.240,49,8,256,3.674,56,26,false
mixed-050-0,mixed,seed=0x617669b11fbd2581;cycles=10;planted=1;d_b=12;m=2;gap=6;k=4,49707854,true,3043328,0.240,49,8,512,6.753,56,26,false
mixed-050-0,mixed,seed=0x617669b11fbd2581;cycles=10;planted=1;d_b=12;m=2;gap=6;k=4,49707854,true,3043328,0.240,49,8,1024,12.037,56,26,false
mixed-050-0,mixed,seed=0x617669b11fbd2581;cycles=10;planted=1;d_b=12;m=2;gap=6;k=4,49707854,true,3043328,0.240,49,8,2048,23.825,56,26,false
mixed-050-0,mixed,seed=0x617669b11fbd2581;cycles=10;planted=1;d_b=12;m=2;gap=6;k=4,49707854,true,3043328,0.240,49,8,4096,46.867,56,26,false
mixed-050-0,mixed,seed=0x617669b11fbd2581;cycles=10;planted=1;d_b=12;m=2;gap=6;k=4,49707854,true,3043328,0.240,49,8,8192,95.112,56,26,false
mixed-050-0,mixed,seed=0x617669b11fbd2581;cycles=10;planted=1;d_b=12;m=2;gap=6;k=4,49707854,true,3043328,0.240,49,8,16384,195.231,56,26,false
mixed-050-0,mixed,seed=0x617669b11fbd2581;cycles=10;planted=1;d_b=12;m=2;gap=6;k=4,49707854,true,3043328,0.240,49,8,32768,393.376,56,26,false
mixed-050-0,mixed,seed=0x617669b11fbd2581;cycles=10;planted=1;d_b=12;m=2;gap=6;k=4,49707854,true,3043328,0.240,49,8,65536,797.368,56,26,false
mixed-050-0,mixed,seed=0x617669b11fbd2581;cycles=10;planted=1;d_b=12;m=2;gap=6;k=4,49707854,true,3043328,0.240,49,8,131072,1620.103,49,8,false
mixed-050-0,mixed,seed=0x617669b11fbd2581;cycles=10;planted=1;d_b=12;m=2;gap=6;k=4,49707854,true,3043328,0.240,49,8,262144,3298.192,49,8,false
dec-151,dec,d_b=12;m=9;gap=1;k=2;q=7;s=49,36,false,38,0.296,98,2,1,0.035,99,98,false
dec-151,dec,d_b=12;m=9;gap=1;k=2;q=7;s=49,36,false,38,0.296,98,2,2,0.056,99,98,false
dec-151,dec,d_b=12;m=9;gap=1;k=2;q=7;s=49,36,false,38,0.296,98,2,4,0.075,99,98,false
dec-151,dec,d_b=12;m=9;gap=1;k=2;q=7;s=49,36,false,38,0.296,98,2,8,0.079,99,98,false
dec-151,dec,d_b=12;m=9;gap=1;k=2;q=7;s=49,36,false,38,0.296,98,2,16,0.120,99,98,false
dec-151,dec,d_b=12;m=9;gap=1;k=2;q=7;s=49,36,false,38,0.296,98,2,32,0.145,99,98,false
dec-151,dec,d_b=12;m=9;gap=1;k=2;q=7;s=49,36,false,38,0.296,98,2,64,0.169,99,98,false
dec-151,dec,d_b=12;m=9;gap=1;k=2;q=7;s=49,36,false,38,0.296,98,2,128,0.212,99,98,false
dec-151,dec,d_b=12;m=9;gap=1;k=2;q=7;s=49,36,false,38,0.296,98,2,256,0.291,99,98,false
dec-151,dec,d_b=12;m=9;gap=1;k=2;q=7;s=49,36,false,38,0.296,98,2,512,0.402,99,98,false
dec-151,dec,d_b=12;m=9;gap=1;k=2;q=7;s=49,36,false,38,0.296,98,2,1024,0.592,99,98,false
dec-151,dec,d_b=12;m=9;gap=1;k=2;q=7;s=49,36,false,38,0.296,98,2,2048,0.952,99,98,false
dec-151,dec,d_b=12;m=9;gap=1;k=2;q=7;s=49,36,false,38,0.296,98,2,4096,1.587,98,2,false
dec-151,dec,d_b=12;m=9;gap=1;k=2;q=7;s=49,36,false,38,0.296,98,2,8192,2.755,98,2,false
dec-151,dec,d_b=12;m=9;gap=1;k=2;q=7;s=49,36,false,38,0.296,98,2,16384,5.018,98,2,false
dec-151,dec,d_b=12;m=9;gap=1;k=2;q=7;s=49,36,false,38,0.296,98,2,32768,9.176,98,2,false
dec-151,dec,d_b=12;m=9;gap=1;k=2;q=7;s=49,36,false,38,0.296,98,2,65536,17.115,98,2,false
dec-151,dec,d_b=12;m=9;gap=1;k=2;q=7;s=49,36,false,38,0.296,98,2,131072,33.263,98,2,false
dec-151,dec,d_b=12;m=9;gap=1;k=2;q=7;s=49,36,false,38,0.296,98,2,262144,64.092,98,2,false
mixed-050-1,mixed,seed=0x03d28bac925590c7;cycles=10;planted=1;d_b=12;m=2;gap=6;k=4,32963201,false,1981196,0.207,37,6,1,0.120,44,24,false
mixed-050-1,mixed,seed=0x03d28bac925590c7;cycles=10;planted=1;d_b=12;m=2;gap=6;k=4,32963201,false,1981196,0.207,37,6,2,0.143,44,24,false
mixed-050-1,mixed,seed=0x03d28bac925590c7;cycles=10;planted=1;d_b=12;m=2;gap=6;k=4,32963201,false,1981196,0.207,37,6,4,0.171,44,24,false
mixed-050-1,mixed,seed=0x03d28bac925590c7;cycles=10;planted=1;d_b=12;m=2;gap=6;k=4,32963201,false,1981196,0.207,37,6,8,0.256,44,24,false
mixed-050-1,mixed,seed=0x03d28bac925590c7;cycles=10;planted=1;d_b=12;m=2;gap=6;k=4,32963201,false,1981196,0.207,37,6,16,0.416,44,24,false
mixed-050-1,mixed,seed=0x03d28bac925590c7;cycles=10;planted=1;d_b=12;m=2;gap=6;k=4,32963201,false,1981196,0.207,37,6,32,0.711,44,24,false
mixed-050-1,mixed,seed=0x03d28bac925590c7;cycles=10;planted=1;d_b=12;m=2;gap=6;k=4,32963201,false,1981196,0.207,37,6,64,1.307,44,24,false
mixed-050-1,mixed,seed=0x03d28bac925590c7;cycles=10;planted=1;d_b=12;m=2;gap=6;k=4,32963201,false,1981196,0.207,37,6,128,2.327,44,24,false
mixed-050-1,mixed,seed=0x03d28bac925590c7;cycles=10;planted=1;d_b=12;m=2;gap=6;k=4,32963201,false,1981196,0.207,37,6,256,3.618,44,24,false
mixed-050-1,mixed,seed=0x03d28bac925590c7;cycles=10;planted=1;d_b=12;m=2;gap=6;k=4,32963201,false,1981196,0.207,37,6,512,5.991,44,24,false
mixed-050-1,mixed,seed=0x03d28bac925590c7;cycles=10;planted=1;d_b=12;m=2;gap=6;k=4,32963201,false,1981196,0.207,37,6,1024,10.736,44,24,false
mixed-050-1,mixed,seed=0x03d28bac925590c7;cycles=10;planted=1;d_b=12;m=2;gap=6;k=4,32963201,false,1981196,0.207,37,6,2048,20.248,44,24,false
mixed-050-1,mixed,seed=0x03d28bac925590c7;cycles=10;planted=1;d_b=12;m=2;gap=6;k=4,32963201,false,1981196,0.207,37,6,4096,39.894,37,6,false
mixed-050-1,mixed,seed=0x03d28bac925590c7;cycles=10;planted=1;d_b=12;m=2;gap=6;k=4,32963201,false,1981196,0.207,37,6,8192,79.659,37,6,false
mixed-050-1,mixed,seed=0x03d28bac925590c7;cycles=10;planted=1;d_b=12;m=2;gap=6;k=4,32963201,false,1981196,0.207,37,6,16384,163.951,37,6,false
mixed-050-1,mixed,seed=0x03d28bac925590c7;cycles=10;planted=1;d_b=12;m=2;gap=6;k=4,32963201,false,1981196,0.207,37,6,32768,314.381,37,6,false
mixed-050-1,mixed,seed=0x03d28bac925590c7;cycles=10;planted=1;d_b=12;m=2;gap=6;k=4,32963201,false,1981196,0.207,37,6,65536,625.343,37,6,false
mixed-050-1,mixed,seed=0x03d28bac925590c7;cycles=10;planted=1;d_b=12;m=2;gap=6;k=4,32963201,false,1981196,0.207,37,6,131072,1264.193,37,6,false
mixed-050-1,mixed,seed=0x03d28bac925590c7;cycles=10;planted=1;d_b=12;m=2;gap=6;k=4,32963201,false,1981196,0.207,37,6,262144,2582.578,37,6,false
dec-152,dec,d_b=12;m=9;gap=1;k=4;q=7;s=49,60,false,62,0.627,98,2,1,0.044,99,98,false
dec-152,dec,d_b=12;m=9;gap=1;k=4;q=7;s=49,60,false,62,0.627,98,2,2,0.067,99,98,false
dec-152,dec,d_b=12;m=9;gap=1;k=4;q=7;s=49,60,false,62,0.627,98,2,4,0.100,99,98,false
dec-152,dec,d_b=12;m=9;gap=1;k=4;q=7;s=49,60,false,62,0.627,98,2,8,0.131,99,98,false
dec-152,dec,d_b=12;m=9;gap=1;k=4;q=7;s=49,60,false,62,0.627,98,2,16,0.139,99,98,false
dec-152,dec,d_b=12;m=9;gap=1;k=4;q=7;s=49,60,false,62,0.627,98,2,32,0.213,99,98,false
dec-152,dec,d_b=12;m=9;gap=1;k=4;q=7;s=49,60,false,62,0.627,98,2,64,0.227,99,98,false
dec-152,dec,d_b=12;m=9;gap=1;k=4;q=7;s=49,60,false,62,0.627,98,2,128,0.354,99,98,false
dec-152,dec,d_b=12;m=9;gap=1;k=4;q=7;s=49,60,false,62,0.627,98,2,256,0.363,99,98,false
dec-152,dec,d_b=12;m=9;gap=1;k=4;q=7;s=49,60,false,62,0.627,98,2,512,0.439,99,98,false
dec-152,dec,d_b=12;m=9;gap=1;k=4;q=7;s=49,60,false,62,0.627,98,2,1024,0.643,99,98,false
dec-152,dec,d_b=12;m=9;gap=1;k=4;q=7;s=49,60,false,62,0.627,98,2,2048,0.980,99,98,false
dec-152,dec,d_b=12;m=9;gap=1;k=4;q=7;s=49,60,false,62,0.627,98,2,4096,1.954,99,98,false
dec-152,dec,d_b=12;m=9;gap=1;k=4;q=7;s=49,60,false,62,0.627,98,2,8192,2.968,99,98,false
dec-152,dec,d_b=12;m=9;gap=1;k=4;q=7;s=49,60,false,62,0.627,98,2,16384,5.720,99,98,false
dec-152,dec,d_b=12;m=9;gap=1;k=4;q=7;s=49,60,false,62,0.627,98,2,32768,9.898,99,98,false
dec-152,dec,d_b=12;m=9;gap=1;k=4;q=7;s=49,60,false,62,0.627,98,2,65536,21.685,99,98,false
dec-152,dec,d_b=12;m=9;gap=1;k=4;q=7;s=49,60,false,62,0.627,98,2,131072,36.784,99,98,false
dec-152,dec,d_b=12;m=9;gap=1;k=4;q=7;s=49,60,false,62,0.627,98,2,262144,70.942,98,2,false
mixed-050-2,mixed,seed=0x556dd73d8b6b8b85;cycles=10;planted=1;d_b=12;m=2;gap=6;k=4,32963200,false,1981153,0.144,21,6,1,0.056,28,24,false
mixed-050-2,mixed,seed=0x556dd73d8b6b8b85;cycles=10;planted=1;d_b=12;m=2;gap=6;k=4,32963200,false,1981153,0.144,21,6,2,0.056,28,24,false
mixed-050-2,mixed,seed=0x556dd73d8b6b8b85;cycles=10;planted=1;d_b=12;m=2;gap=6;k=4,32963200,false,1981153,0.144,21,6,4,0.083,28,24,false
mixed-050-2,mixed,seed=0x556dd73d8b6b8b85;cycles=10;planted=1;d_b=12;m=2;gap=6;k=4,32963200,false,1981153,0.144,21,6,8,0.087,28,24,false
mixed-050-2,mixed,seed=0x556dd73d8b6b8b85;cycles=10;planted=1;d_b=12;m=2;gap=6;k=4,32963200,false,1981153,0.144,21,6,16,0.165,28,24,false
mixed-050-2,mixed,seed=0x556dd73d8b6b8b85;cycles=10;planted=1;d_b=12;m=2;gap=6;k=4,32963200,false,1981153,0.144,21,6,32,0.262,28,24,false
mixed-050-2,mixed,seed=0x556dd73d8b6b8b85;cycles=10;planted=1;d_b=12;m=2;gap=6;k=4,32963200,false,1981153,0.144,21,6,64,0.515,28,24,false
mixed-050-2,mixed,seed=0x556dd73d8b6b8b85;cycles=10;planted=1;d_b=12;m=2;gap=6;k=4,32963200,false,1981153,0.144,21,6,128,1.096,28,24,false
mixed-050-2,mixed,seed=0x556dd73d8b6b8b85;cycles=10;planted=1;d_b=12;m=2;gap=6;k=4,32963200,false,1981153,0.144,21,6,256,1.750,28,24,false
mixed-050-2,mixed,seed=0x556dd73d8b6b8b85;cycles=10;planted=1;d_b=12;m=2;gap=6;k=4,32963200,false,1981153,0.144,21,6,512,2.696,28,24,false
mixed-050-2,mixed,seed=0x556dd73d8b6b8b85;cycles=10;planted=1;d_b=12;m=2;gap=6;k=4,32963200,false,1981153,0.144,21,6,1024,4.764,28,24,false
mixed-050-2,mixed,seed=0x556dd73d8b6b8b85;cycles=10;planted=1;d_b=12;m=2;gap=6;k=4,32963200,false,1981153,0.144,21,6,2048,9.496,21,6,false
mixed-050-2,mixed,seed=0x556dd73d8b6b8b85;cycles=10;planted=1;d_b=12;m=2;gap=6;k=4,32963200,false,1981153,0.144,21,6,4096,19.550,21,6,false
mixed-050-2,mixed,seed=0x556dd73d8b6b8b85;cycles=10;planted=1;d_b=12;m=2;gap=6;k=4,32963200,false,1981153,0.144,21,6,8192,41.223,21,6,false
mixed-050-2,mixed,seed=0x556dd73d8b6b8b85;cycles=10;planted=1;d_b=12;m=2;gap=6;k=4,32963200,false,1981153,0.144,21,6,16384,90.990,21,6,false
mixed-050-2,mixed,seed=0x556dd73d8b6b8b85;cycles=10;planted=1;d_b=12;m=2;gap=6;k=4,32963200,false,1981153,0.144,21,6,32768,184.607,21,6,false
mixed-050-2,mixed,seed=0x556dd73d8b6b8b85;cycles=10;planted=1;d_b=12;m=2;gap=6;k=4,32963200,false,1981153,0.144,21,6,65536,378.110,21,6,false
mixed-050-2,mixed,seed=0x556dd73d8b6b8b85;cycles=10;planted=1;d_b=12;m=2;gap=6;k=4,32963200,false,1981153,0.144,21,6,131072,778.617,21,6,false
mixed-050-2,mixed,seed=0x556dd73d8b6b8b85;cycles=10;planted=1;d_b=12;m=2;gap=6;k=4,32963200,false,1981153,0.144,21,6,262144,1635.385,21,6,false
dec-153,dec,d_b=12;m=9;gap=3;k=1;q=7;s=50,24,false,26,0.182,98,2,1,0.034,101,100,false
dec-153,dec,d_b=12;m=9;gap=3;k=1;q=7;s=50,24,false,26,0.182,98,2,2,0.056,101,100,false
dec-153,dec,d_b=12;m=9;gap=3;k=1;q=7;s=50,24,false,26,0.182,98,2,4,0.056,101,100,false
dec-153,dec,d_b=12;m=9;gap=3;k=1;q=7;s=50,24,false,26,0.182,98,2,8,0.075,101,100,false
dec-153,dec,d_b=12;m=9;gap=3;k=1;q=7;s=50,24,false,26,0.182,98,2,16,0.094,101,100,false
dec-153,dec,d_b=12;m=9;gap=3;k=1;q=7;s=50,24,false,26,0.182,98,2,32,0.130,101,100,false
dec-153,dec,d_b=12;m=9;gap=3;k=1;q=7;s=50,24,false,26,0.182,98,2,64,0.148,101,100,false
dec-153,dec,d_b=12;m=9;gap=3;k=1;q=7;s=50,24,false,26,0.182,98,2,128,0.184,101,100,false
dec-153,dec,d_b=12;m=9;gap=3;k=1;q=7;s=50,24,false,26,0.182,98,2,256,0.263,98,2,false
dec-153,dec,d_b=12;m=9;gap=3;k=1;q=7;s=50,24,false,26,0.182,98,2,512,0.389,98,2,false
dec-153,dec,d_b=12;m=9;gap=3;k=1;q=7;s=50,24,false,26,0.182,98,2,1024,0.624,98,2,false
dec-153,dec,d_b=12;m=9;gap=3;k=1;q=7;s=50,24,false,26,0.182,98,2,2048,0.973,98,2,false
dec-153,dec,d_b=12;m=9;gap=3;k=1;q=7;s=50,24,false,26,0.182,98,2,4096,1.631,98,2,false
dec-153,dec,d_b=12;m=9;gap=3;k=1;q=7;s=50,24,false,26,0.182,98,2,8192,2.758,98,2,false
dec-153,dec,d_b=12;m=9;gap=3;k=1;q=7;s=50,24,false,26,0.182,98,2,16384,4.904,98,2,false
dec-153,dec,d_b=12;m=9;gap=3;k=1;q=7;s=50,24,false,26,0.182,98,2,32768,8.863,98,2,false
dec-153,dec,d_b=12;m=9;gap=3;k=1;q=7;s=50,24,false,26,0.182,98,2,65536,16.391,98,2,false
dec-153,dec,d_b=12;m=9;gap=3;k=1;q=7;s=50,24,false,26,0.182,98,2,131072,31.400,98,2,false
dec-153,dec,d_b=12;m=9;gap=3;k=1;q=7;s=50,24,false,26,0.182,98,2,262144,60.679,98,2,false
mixed-051-0,mixed,seed=0x4607bb0a0f29634f;cycles=10;planted=1;d_b=16;m=5;gap=2;k=1,32963176,false,1981168,0.256,89,6,1,0.127,92,72,false
mixed-051-0,mixed,seed=0x4607bb0a0f29634f;cycles=10;planted=1;d_b=16;m=5;gap=2;k=1,32963176,false,1981168,0.256,89,6,2,0.152,92,72,false
mixed-051-0,mixed,seed=0x4607bb0a0f29634f;cycles=10;planted=1;d_b=16;m=5;gap=2;k=1,32963176,false,1981168,0.256,89,6,4,0.177,92,72,false
mixed-051-0,mixed,seed=0x4607bb0a0f29634f;cycles=10;planted=1;d_b=16;m=5;gap=2;k=1,32963176,false,1981168,0.256,89,6,8,0.249,92,72,false
mixed-051-0,mixed,seed=0x4607bb0a0f29634f;cycles=10;planted=1;d_b=16;m=5;gap=2;k=1,32963176,false,1981168,0.256,89,6,16,0.333,92,72,false
mixed-051-0,mixed,seed=0x4607bb0a0f29634f;cycles=10;planted=1;d_b=16;m=5;gap=2;k=1,32963176,false,1981168,0.256,89,6,32,0.591,92,72,false
mixed-051-0,mixed,seed=0x4607bb0a0f29634f;cycles=10;planted=1;d_b=16;m=5;gap=2;k=1,32963176,false,1981168,0.256,89,6,64,1.010,92,72,false
mixed-051-0,mixed,seed=0x4607bb0a0f29634f;cycles=10;planted=1;d_b=16;m=5;gap=2;k=1,32963176,false,1981168,0.256,89,6,128,1.838,92,72,false
mixed-051-0,mixed,seed=0x4607bb0a0f29634f;cycles=10;planted=1;d_b=16;m=5;gap=2;k=1,32963176,false,1981168,0.256,89,6,256,3.341,92,72,false
mixed-051-0,mixed,seed=0x4607bb0a0f29634f;cycles=10;planted=1;d_b=16;m=5;gap=2;k=1,32963176,false,1981168,0.256,89,6,512,6.243,92,72,false
mixed-051-0,mixed,seed=0x4607bb0a0f29634f;cycles=10;planted=1;d_b=16;m=5;gap=2;k=1,32963176,false,1981168,0.256,89,6,1024,11.208,92,72,false
mixed-051-0,mixed,seed=0x4607bb0a0f29634f;cycles=10;planted=1;d_b=16;m=5;gap=2;k=1,32963176,false,1981168,0.256,89,6,2048,21.267,92,72,false
mixed-051-0,mixed,seed=0x4607bb0a0f29634f;cycles=10;planted=1;d_b=16;m=5;gap=2;k=1,32963176,false,1981168,0.256,89,6,4096,39.507,89,6,false
mixed-051-0,mixed,seed=0x4607bb0a0f29634f;cycles=10;planted=1;d_b=16;m=5;gap=2;k=1,32963176,false,1981168,0.256,89,6,8192,77.813,89,6,false
mixed-051-0,mixed,seed=0x4607bb0a0f29634f;cycles=10;planted=1;d_b=16;m=5;gap=2;k=1,32963176,false,1981168,0.256,89,6,16384,148.693,89,6,false
mixed-051-0,mixed,seed=0x4607bb0a0f29634f;cycles=10;planted=1;d_b=16;m=5;gap=2;k=1,32963176,false,1981168,0.256,89,6,32768,300.292,89,6,false
mixed-051-0,mixed,seed=0x4607bb0a0f29634f;cycles=10;planted=1;d_b=16;m=5;gap=2;k=1,32963176,false,1981168,0.256,89,6,65536,580.009,89,6,false
mixed-051-0,mixed,seed=0x4607bb0a0f29634f;cycles=10;planted=1;d_b=16;m=5;gap=2;k=1,32963176,false,1981168,0.256,89,6,131072,1226.573,89,6,false
mixed-051-0,mixed,seed=0x4607bb0a0f29634f;cycles=10;planted=1;d_b=16;m=5;gap=2;k=1,32963176,false,1981168,0.256,89,6,262144,2418.807,89,6,false
dec-154,dec,d_b=12;m=9;gap=3;k=2;q=7;s=50,36,false,38,0.294,98,2,1,0.040,101,100,false
dec-154,dec,d_b=12;m=9;gap=3;k=2;q=7;s=50,36,false,38,0.294,98,2,2,0.054,101,100,false
dec-154,dec,d_b=12;m=9;gap=3;k=2;q=7;s=50,36,false,38,0.294,98,2,4,0.079,101,100,false
dec-154,dec,d_b=12;m=9;gap=3;k=2;q=7;s=50,36,false,38,0.294,98,2,8,0.077,101,100,false
dec-154,dec,d_b=12;m=9;gap=3;k=2;q=7;s=50,36,false,38,0.294,98,2,16,0.122,101,100,false
dec-154,dec,d_b=12;m=9;gap=3;k=2;q=7;s=50,36,false,38,0.294,98,2,32,0.141,101,100,false
dec-154,dec,d_b=12;m=9;gap=3;k=2;q=7;s=50,36,false,38,0.294,98,2,64,0.172,101,100,false
dec-154,dec,d_b=12;m=9;gap=3;k=2;q=7;s=50,36,false,38,0.294,98,2,128,0.212,101,100,false
dec-154,dec,d_b=12;m=9;gap=3;k=2;q=7;s=50,36,false,38,0.294,98,2,256,0.286,101,100,false
dec-154,dec,d_b=12;m=9;gap=3;k=2;q=7;s=50,36,false,38,0.294,98,2,512,0.400,101,100,false
dec-154,dec,d_b=12;m=9;gap=3;k=2;q=7;s=50,36,false,38,0.294,98,2,1024,0.588,101,100,false
dec-154,dec,d_b=12;m=9;gap=3;k=2;q=7;s=50,36,false,38,0.294,98,2,2048,0.967,101,100,false
dec-154,dec,d_b=12;m=9;gap=3;k=2;q=7;s=50,36,false,38,0.294,98,2,4096,1.575,98,2,false
dec-154,dec,d_b=12;m=9;gap=3;k=2;q=7;s=50,36,false,38,0.294,98,2,8192,2.789,98,2,false
dec-154,dec,d_b=12;m=9;gap=3;k=2;q=7;s=50,36,false,38,0.294,98,2,16384,4.916,98,2,false
dec-154,dec,d_b=12;m=9;gap=3;k=2;q=7;s=50,36,false,38,0.294,98,2,32768,9.196,98,2,false
dec-154,dec,d_b=12;m=9;gap=3;k=2;q=7;s=50,36,false,38,0.294,98,2,65536,17.211,98,2,false
dec-154,dec,d_b=12;m=9;gap=3;k=2;q=7;s=50,36,false,38,0.294,98,2,131072,33.142,98,2,false
dec-154,dec,d_b=12;m=9;gap=3;k=2;q=7;s=50,36,false,38,0.294,98,2,262144,63.869,98,2,false
mixed-051-1,mixed,seed=0x0eaec03ffe00c03c;cycles=10;planted=1;d_b=16;m=5;gap=2;k=1,33,false,35,0.166,67,2,1,0.026,70,68,false
mixed-051-1,mixed,seed=0x0eaec03ffe00c03c;cycles=10;planted=1;d_b=16;m=5;gap=2;k=1,33,false,35,0.166,67,2,2,0.026,70,68,false
mixed-051-1,mixed,seed=0x0eaec03ffe00c03c;cycles=10;planted=1;d_b=16;m=5;gap=2;k=1,33,false,35,0.166,67,2,4,0.044,70,68,false
mixed-051-1,mixed,seed=0x0eaec03ffe00c03c;cycles=10;planted=1;d_b=16;m=5;gap=2;k=1,33,false,35,0.166,67,2,8,0.060,70,68,false
mixed-051-1,mixed,seed=0x0eaec03ffe00c03c;cycles=10;planted=1;d_b=16;m=5;gap=2;k=1,33,false,35,0.166,67,2,16,0.082,70,68,false
mixed-051-1,mixed,seed=0x0eaec03ffe00c03c;cycles=10;planted=1;d_b=16;m=5;gap=2;k=1,33,false,35,0.166,67,2,32,0.105,70,68,false
mixed-051-1,mixed,seed=0x0eaec03ffe00c03c;cycles=10;planted=1;d_b=16;m=5;gap=2;k=1,33,false,35,0.166,67,2,64,0.139,70,68,false
mixed-051-1,mixed,seed=0x0eaec03ffe00c03c;cycles=10;planted=1;d_b=16;m=5;gap=2;k=1,33,false,35,0.166,67,2,128,0.186,70,68,false
mixed-051-1,mixed,seed=0x0eaec03ffe00c03c;cycles=10;planted=1;d_b=16;m=5;gap=2;k=1,33,false,35,0.166,67,2,256,0.298,70,68,false
mixed-051-1,mixed,seed=0x0eaec03ffe00c03c;cycles=10;planted=1;d_b=16;m=5;gap=2;k=1,33,false,35,0.166,67,2,512,0.469,70,68,false
mixed-051-1,mixed,seed=0x0eaec03ffe00c03c;cycles=10;planted=1;d_b=16;m=5;gap=2;k=1,33,false,35,0.166,67,2,1024,0.803,70,68,false
mixed-051-1,mixed,seed=0x0eaec03ffe00c03c;cycles=10;planted=1;d_b=16;m=5;gap=2;k=1,33,false,35,0.166,67,2,2048,1.427,67,2,false
mixed-051-1,mixed,seed=0x0eaec03ffe00c03c;cycles=10;planted=1;d_b=16;m=5;gap=2;k=1,33,false,35,0.166,67,2,4096,2.671,67,2,false
mixed-051-1,mixed,seed=0x0eaec03ffe00c03c;cycles=10;planted=1;d_b=16;m=5;gap=2;k=1,33,false,35,0.166,67,2,8192,4.733,67,2,false
mixed-051-1,mixed,seed=0x0eaec03ffe00c03c;cycles=10;planted=1;d_b=16;m=5;gap=2;k=1,33,false,35,0.166,67,2,16384,8.850,67,2,false
mixed-051-1,mixed,seed=0x0eaec03ffe00c03c;cycles=10;planted=1;d_b=16;m=5;gap=2;k=1,33,false,35,0.166,67,2,32768,16.051,67,2,false
mixed-051-1,mixed,seed=0x0eaec03ffe00c03c;cycles=10;planted=1;d_b=16;m=5;gap=2;k=1,33,false,35,0.166,67,2,65536,31.843,67,2,false
mixed-051-1,mixed,seed=0x0eaec03ffe00c03c;cycles=10;planted=1;d_b=16;m=5;gap=2;k=1,33,false,35,0.166,67,2,131072,59.467,67,2,false
mixed-051-1,mixed,seed=0x0eaec03ffe00c03c;cycles=10;planted=1;d_b=16;m=5;gap=2;k=1,33,false,35,0.166,67,2,262144,121.278,67,2,false
dec-155,dec,d_b=12;m=9;gap=3;k=4;q=7;s=50,60,false,62,0.476,98,2,1,0.033,101,100,false
dec-155,dec,d_b=12;m=9;gap=3;k=4;q=7;s=50,60,false,62,0.476,98,2,2,0.053,101,100,false
dec-155,dec,d_b=12;m=9;gap=3;k=4;q=7;s=50,60,false,62,0.476,98,2,4,0.084,101,100,false
dec-155,dec,d_b=12;m=9;gap=3;k=4;q=7;s=50,60,false,62,0.476,98,2,8,0.116,101,100,false
dec-155,dec,d_b=12;m=9;gap=3;k=4;q=7;s=50,60,false,62,0.476,98,2,16,0.130,101,100,false
dec-155,dec,d_b=12;m=9;gap=3;k=4;q=7;s=50,60,false,62,0.476,98,2,32,0.201,101,100,false
dec-155,dec,d_b=12;m=9;gap=3;k=4;q=7;s=50,60,false,62,0.476,98,2,64,0.206,101,100,false
dec-155,dec,d_b=12;m=9;gap=3;k=4;q=7;s=50,60,false,62,0.476,98,2,128,0.269,101,100,false
dec-155,dec,d_b=12;m=9;gap=3;k=4;q=7;s=50,60,false,62,0.476,98,2,256,0.335,101,100,false
dec-155,dec,d_b=12;m=9;gap=3;k=4;q=7;s=50,60,false,62,0.476,98,2,512,0.422,101,100,false
dec-155,dec,d_b=12;m=9;gap=3;k=4;q=7;s=50,60,false,62,0.476,98,2,1024,0.640,101,100,false
dec-155,dec,d_b=12;m=9;gap=3;k=4;q=7;s=50,60,false,62,0.476,98,2,2048,0.946,101,100,false
dec-155,dec,d_b=12;m=9;gap=3;k=4;q=7;s=50,60,false,62,0.476,98,2,4096,1.650,101,100,false
dec-155,dec,d_b=12;m=9;gap=3;k=4;q=7;s=50,60,false,62,0.476,98,2,8192,2.892,101,100,false
dec-155,dec,d_b=12;m=9;gap=3;k=4;q=7;s=50,60,false,62,0.476,98,2,16384,5.307,101,100,false
dec-155,dec,d_b=12;m=9;gap=3;k=4;q=7;s=50,60,false,62,0.476,98,2,32768,9.858,101,100,false
dec-155,dec,d_b=12;m=9;gap=3;k=4;q=7;s=50,60,false,62,0.476,98,2,65536,19.235,101,100,false
dec-155,dec,d_b=12;m=9;gap=3;k=4;q=7;s=50,60,false,62,0.476,98,2,131072,36.812,101,100,false
dec-155,dec,d_b=12;m=9;gap=3;k=4;q=7;s=50,60,false,62,0.476,98,2,262144,70.242,98,2,false
mixed-051-2,mixed,seed=0x585ccf9b261fb100;cycles=10;planted=1;d_b=16;m=5;gap=2;k=1,50114955,true,3060736,0.309,90,6,1,0.215,93,72,false
mixed-051-2,mixed,seed=0x585ccf9b261fb100;cycles=10;planted=1;d_b=16;m=5;gap=2;k=1,50114955,true,3060736,0.309,90,6,2,0.211,93,72,false
mixed-051-2,mixed,seed=0x585ccf9b261fb100;cycles=10;planted=1;d_b=16;m=5;gap=2;k=1,50114955,true,3060736,0.309,90,6,4,0.237,93,72,false
mixed-051-2,mixed,seed=0x585ccf9b261fb100;cycles=10;planted=1;d_b=16;m=5;gap=2;k=1,50114955,true,3060736,0.309,90,6,8,0.320,93,72,false
mixed-051-2,mixed,seed=0x585ccf9b261fb100;cycles=10;planted=1;d_b=16;m=5;gap=2;k=1,50114955,true,3060736,0.309,90,6,16,0.496,93,72,false
mixed-051-2,mixed,seed=0x585ccf9b261fb100;cycles=10;planted=1;d_b=16;m=5;gap=2;k=1,50114955,true,3060736,0.309,90,6,32,0.854,93,72,false
mixed-051-2,mixed,seed=0x585ccf9b261fb100;cycles=10;planted=1;d_b=16;m=5;gap=2;k=1,50114955,true,3060736,0.309,90,6,64,1.554,93,72,false
mixed-051-2,mixed,seed=0x585ccf9b261fb100;cycles=10;planted=1;d_b=16;m=5;gap=2;k=1,50114955,true,3060736,0.309,90,6,128,2.890,93,72,false
mixed-051-2,mixed,seed=0x585ccf9b261fb100;cycles=10;planted=1;d_b=16;m=5;gap=2;k=1,50114955,true,3060736,0.309,90,6,256,5.611,93,72,false
mixed-051-2,mixed,seed=0x585ccf9b261fb100;cycles=10;planted=1;d_b=16;m=5;gap=2;k=1,50114955,true,3060736,0.309,90,6,512,10.458,93,72,false
mixed-051-2,mixed,seed=0x585ccf9b261fb100;cycles=10;planted=1;d_b=16;m=5;gap=2;k=1,50114955,true,3060736,0.309,90,6,1024,19.925,93,72,false
mixed-051-2,mixed,seed=0x585ccf9b261fb100;cycles=10;planted=1;d_b=16;m=5;gap=2;k=1,50114955,true,3060736,0.309,90,6,2048,38.479,93,72,false
mixed-051-2,mixed,seed=0x585ccf9b261fb100;cycles=10;planted=1;d_b=16;m=5;gap=2;k=1,50114955,true,3060736,0.309,90,6,4096,77.249,93,72,false
mixed-051-2,mixed,seed=0x585ccf9b261fb100;cycles=10;planted=1;d_b=16;m=5;gap=2;k=1,50114955,true,3060736,0.309,90,6,8192,150.712,93,72,false
mixed-051-2,mixed,seed=0x585ccf9b261fb100;cycles=10;planted=1;d_b=16;m=5;gap=2;k=1,50114955,true,3060736,0.309,90,6,16384,300.159,93,72,false
mixed-051-2,mixed,seed=0x585ccf9b261fb100;cycles=10;planted=1;d_b=16;m=5;gap=2;k=1,50114955,true,3060736,0.309,90,6,32768,624.576,93,72,false
mixed-051-2,mixed,seed=0x585ccf9b261fb100;cycles=10;planted=1;d_b=16;m=5;gap=2;k=1,50114955,true,3060736,0.309,90,6,65536,1239.249,90,6,false
mixed-051-2,mixed,seed=0x585ccf9b261fb100;cycles=10;planted=1;d_b=16;m=5;gap=2;k=1,50114955,true,3060736,0.309,90,6,131072,2502.001,90,6,false
mixed-051-2,mixed,seed=0x585ccf9b261fb100;cycles=10;planted=1;d_b=16;m=5;gap=2;k=1,50114955,true,3060736,0.309,90,6,262144,5103.139,90,6,false
dec-156,dec,d_b=12;m=9;gap=7;k=1;q=7;s=52,24,false,26,0.185,98,2,1,0.035,105,104,false
dec-156,dec,d_b=12;m=9;gap=7;k=1;q=7;s=52,24,false,26,0.185,98,2,2,0.065,105,104,false
dec-156,dec,d_b=12;m=9;gap=7;k=1;q=7;s=52,24,false,26,0.185,98,2,4,0.056,105,104,false
dec-156,dec,d_b=12;m=9;gap=7;k=1;q=7;s=52,24,false,26,0.185,98,2,8,0.085,105,104,false
dec-156,dec,d_b=12;m=9;gap=7;k=1;q=7;s=52,24,false,26,0.185,98,2,16,0.098,105,104,false
dec-156,dec,d_b=12;m=9;gap=7;k=1;q=7;s=52,24,false,26,0.185,98,2,32,0.134,105,104,false
dec-156,dec,d_b=12;m=9;gap=7;k=1;q=7;s=52,24,false,26,0.185,98,2,64,0.148,105,104,false
dec-156,dec,d_b=12;m=9;gap=7;k=1;q=7;s=52,24,false,26,0.185,98,2,128,0.189,105,104,false
dec-156,dec,d_b=12;m=9;gap=7;k=1;q=7;s=52,24,false,26,0.185,98,2,256,0.270,98,2,false
dec-156,dec,d_b=12;m=9;gap=7;k=1;q=7;s=52,24,false,26,0.185,98,2,512,0.403,98,2,false
dec-156,dec,d_b=12;m=9;gap=7;k=1;q=7;s=52,24,false,26,0.185,98,2,1024,0.628,98,2,false
dec-156,dec,d_b=12;m=9;gap=7;k=1;q=7;s=52,24,false,26,0.185,98,2,2048,0.970,98,2,false
dec-156,dec,d_b=12;m=9;gap=7;k=1;q=7;s=52,24,false,26,0.185,98,2,4096,1.644,98,2,false
dec-156,dec,d_b=12;m=9;gap=7;k=1;q=7;s=52,24,false,26,0.185,98,2,8192,2.795,98,2,false
dec-156,dec,d_b=12;m=9;gap=7;k=1;q=7;s=52,24,false,26,0.185,98,2,16384,4.957,98,2,false
dec-156,dec,d_b=12;m=9;gap=7;k=1;q=7;s=52,24,false,26,0.185,98,2,32768,8.842,98,2,false
dec-156,dec,d_b=12;m=9;gap=7;k=1;q=7;s=52,24,false,26,0.185,98,2,65536,16.541,98,2,false
dec-156,dec,d_b=12;m=9;gap=7;k=1;q=7;s=52,24,false,26,0.185,98,2,131072,31.441,98,2,false
dec-156,dec,d_b=12;m=9;gap=7;k=1;q=7;s=52,24,false,26,0.185,98,2,262144,60.761,98,2,false
mixed-052-0,mixed,seed=0xed3a9df7cab9685a;cycles=10;planted=2;d_b=4;m=2;gap=1;k=2,32963167,false,1981134,0.113,21,8,1,0.100,23,16,false
mixed-052-0,mixed,seed=0xed3a9df7cab9685a;cycles=10;planted=2;d_b=4;m=2;gap=1;k=2,32963167,false,1981134,0.113,21,8,2,0.102,23,16,false
mixed-052-0,mixed,seed=0xed3a9df7cab9685a;cycles=10;planted=2;d_b=4;m=2;gap=1;k=2,32963167,false,1981134,0.113,21,8,4,0.097,23,16,false
mixed-052-0,mixed,seed=0xed3a9df7cab9685a;cycles=10;planted=2;d_b=4;m=2;gap=1;k=2,32963167,false,1981134,0.113,21,8,8,0.129,23,16,false
mixed-052-0,mixed,seed=0xed3a9df7cab9685a;cycles=10;planted=2;d_b=4;m=2;gap=1;k=2,32963167,false,1981134,0.113,21,8,16,0.225,23,16,false
mixed-052-0,mixed,seed=0xed3a9df7cab9685a;cycles=10;planted=2;d_b=4;m=2;gap=1;k=2,32963167,false,1981134,0.113,21,8,32,0.438,23,16,false
mixed-052-0,mixed,seed=0xed3a9df7cab9685a;cycles=10;planted=2;d_b=4;m=2;gap=1;k=2,32963167,false,1981134,0.113,21,8,64,0.767,22,12,false
mixed-052-0,mixed,seed=0xed3a9df7cab9685a;cycles=10;planted=2;d_b=4;m=2;gap=1;k=2,32963167,false,1981134,0.113,21,8,128,1.568,21,8,false
mixed-052-0,mixed,seed=0xed3a9df7cab9685a;cycles=10;planted=2;d_b=4;m=2;gap=1;k=2,32963167,false,1981134,0.113,21,8,256,3.126,21,8,false
mixed-052-0,mixed,seed=0xed3a9df7cab9685a;cycles=10;planted=2;d_b=4;m=2;gap=1;k=2,32963167,false,1981134,0.113,21,8,512,5.686,21,8,false
mixed-052-0,mixed,seed=0xed3a9df7cab9685a;cycles=10;planted=2;d_b=4;m=2;gap=1;k=2,32963167,false,1981134,0.113,21,8,1024,11.590,21,8,false
mixed-052-0,mixed,seed=0xed3a9df7cab9685a;cycles=10;planted=2;d_b=4;m=2;gap=1;k=2,32963167,false,1981134,0.113,21,8,2048,20.894,21,8,false
mixed-052-0,mixed,seed=0xed3a9df7cab9685a;cycles=10;planted=2;d_b=4;m=2;gap=1;k=2,32963167,false,1981134,0.113,21,8,4096,42.430,21,8,false
mixed-052-0,mixed,seed=0xed3a9df7cab9685a;cycles=10;planted=2;d_b=4;m=2;gap=1;k=2,32963167,false,1981134,0.113,21,8,8192,86.951,21,8,false
mixed-052-0,mixed,seed=0xed3a9df7cab9685a;cycles=10;planted=2;d_b=4;m=2;gap=1;k=2,32963167,false,1981134,0.113,21,8,16384,184.561,21,8,false
mixed-052-0,mixed,seed=0xed3a9df7cab9685a;cycles=10;planted=2;d_b=4;m=2;gap=1;k=2,32963167,false,1981134,0.113,21,8,32768,372.717,21,8,false
mixed-052-0,mixed,seed=0xed3a9df7cab9685a;cycles=10;planted=2;d_b=4;m=2;gap=1;k=2,32963167,false,1981134,0.113,21,8,65536,760.789,21,8,false
mixed-052-0,mixed,seed=0xed3a9df7cab9685a;cycles=10;planted=2;d_b=4;m=2;gap=1;k=2,32963167,false,1981134,0.113,21,8,131072,1553.879,21,8,false
mixed-052-0,mixed,seed=0xed3a9df7cab9685a;cycles=10;planted=2;d_b=4;m=2;gap=1;k=2,32963167,false,1981134,0.113,21,8,262144,3202.954,21,8,false
dec-157,dec,d_b=12;m=9;gap=7;k=2;q=7;s=52,36,false,38,0.310,98,2,1,0.038,105,104,false
dec-157,dec,d_b=12;m=9;gap=7;k=2;q=7;s=52,36,false,38,0.310,98,2,2,0.056,105,104,false
dec-157,dec,d_b=12;m=9;gap=7;k=2;q=7;s=52,36,false,38,0.310,98,2,4,0.078,105,104,false
dec-157,dec,d_b=12;m=9;gap=7;k=2;q=7;s=52,36,false,38,0.310,98,2,8,0.080,105,104,false
dec-157,dec,d_b=12;m=9;gap=7;k=2;q=7;s=52,36,false,38,0.310,98,2,16,0.123,105,104,false
dec-157,dec,d_b=12;m=9;gap=7;k=2;q=7;s=52,36,false,38,0.310,98,2,32,0.150,105,104,false
dec-157,dec,d_b=12;m=9;gap=7;k=2;q=7;s=52,36,false,38,0.310,98,2,64,0.170,105,104,false
dec-157,dec,d_b=12;m=9;gap=7;k=2;q=7;s=52,36,false,38,0.310,98,2,128,0.214,105,104,false
dec-157,dec,d_b=12;m=9;gap=7;k=2;q=7;s=52,36,false,38,0.310,98,2,256,0.297,105,104,false
dec-157,dec,d_b=12;m=9;gap=7;k=2;q=7;s=52,36,false,38,0.310,98,2,512,0.402,105,104,false
dec-157,dec,d_b=12;m=9;gap=7;k=2;q=7;s=52,36,false,38,0.310,98,2,1024,0.605,105,104,false
dec-157,dec,d_b=12;m=9;gap=7;k=2;q=7;s=52,36,false,38,0.310,98,2,2048,0.977,105,104,false
dec-157,dec,d_b=12;m=9;gap=7;k=2;q=7;s=52,36,false,38,0.310,98,2,4096,1.623,98,2,false
dec-157,dec,d_b=12;m=9;gap=7;k=2;q=7;s=52,36,false,38,0.310,98,2,8192,2.779,98,2,false
dec-157,dec,d_b=12;m=9;gap=7;k=2;q=7;s=52,36,false,38,0.310,98,2,16384,5.028,98,2,false
dec-157,dec,d_b=12;m=9;gap=7;k=2;q=7;s=52,36,false,38,0.310,98,2,32768,9.165,98,2,false
dec-157,dec,d_b=12;m=9;gap=7;k=2;q=7;s=52,36,false,38,0.310,98,2,65536,17.528,98,2,false
dec-157,dec,d_b=12;m=9;gap=7;k=2;q=7;s=52,36,false,38,0.310,98,2,131072,33.490,98,2,false
dec-157,dec,d_b=12;m=9;gap=7;k=2;q=7;s=52,36,false,38,0.310,98,2,262144,65.329,98,2,false
mixed-052-1,mixed,seed=0x3aeac8ffa0a0ce70;cycles=10;planted=2;d_b=4;m=2;gap=1;k=2,49946917,true,3054592,0.190,23,12,1,0.117,25,20,false
mixed-052-1,mixed,seed=0x3aeac8ffa0a0ce70;cycles=10;planted=2;d_b=4;m=2;gap=1;k=2,49946917,true,3054592,0.190,23,12,2,0.123,25,20,false
mixed-052-1,mixed,seed=0x3aeac8ffa0a0ce70;cycles=10;planted=2;d_b=4;m=2;gap=1;k=2,49946917,true,3054592,0.190,23,12,4,0.144,25,20,false
mixed-052-1,mixed,seed=0x3aeac8ffa0a0ce70;cycles=10;planted=2;d_b=4;m=2;gap=1;k=2,49946917,true,3054592,0.190,23,12,8,0.232,25,20,false
mixed-052-1,mixed,seed=0x3aeac8ffa0a0ce70;cycles=10;planted=2;d_b=4;m=2;gap=1;k=2,49946917,true,3054592,0.190,23,12,16,0.330,25,20,false
mixed-052-1,mixed,seed=0x3aeac8ffa0a0ce70;cycles=10;planted=2;d_b=4;m=2;gap=1;k=2,49946917,true,3054592,0.190,23,12,32,0.569,25,20,false
mixed-052-1,mixed,seed=0x3aeac8ffa0a0ce70;cycles=10;planted=2;d_b=4;m=2;gap=1;k=2,49946917,true,3054592,0.190,23,12,64,1.006,25,20,false
mixed-052-1,mixed,seed=0x3aeac8ffa0a0ce70;cycles=10;planted=2;d_b=4;m=2;gap=1;k=2,49946917,true,3054592,0.190,23,12,128,1.601,24,16,false
mixed-052-1,mixed,seed=0x3aeac8ffa0a0ce70;cycles=10;planted=2;d_b=4;m=2;gap=1;k=2,49946917,true,3054592,0.190,23,12,256,2.242,24,16,false
mixed-052-1,mixed,seed=0x3aeac8ffa0a0ce70;cycles=10;planted=2;d_b=4;m=2;gap=1;k=2,49946917,true,3054592,0.190,23,12,512,3.471,24,16,false
mixed-052-1,mixed,seed=0x3aeac8ffa0a0ce70;cycles=10;planted=2;d_b=4;m=2;gap=1;k=2,49946917,true,3054592,0.190,23,12,1024,6.062,24,16,false
mixed-052-1,mixed,seed=0x3aeac8ffa0a0ce70;cycles=10;planted=2;d_b=4;m=2;gap=1;k=2,49946917,true,3054592,0.190,23,12,2048,11.286,23,12,false
mixed-052-1,mixed,seed=0x3aeac8ffa0a0ce70;cycles=10;planted=2;d_b=4;m=2;gap=1;k=2,49946917,true,3054592,0.190,23,12,4096,21.700,23,12,false
mixed-052-1,mixed,seed=0x3aeac8ffa0a0ce70;cycles=10;planted=2;d_b=4;m=2;gap=1;k=2,49946917,true,3054592,0.190,23,12,8192,44.062,23,12,false
mixed-052-1,mixed,seed=0x3aeac8ffa0a0ce70;cycles=10;planted=2;d_b=4;m=2;gap=1;k=2,49946917,true,3054592,0.190,23,12,16384,91.363,23,12,false
mixed-052-1,mixed,seed=0x3aeac8ffa0a0ce70;cycles=10;planted=2;d_b=4;m=2;gap=1;k=2,49946917,true,3054592,0.190,23,12,32768,181.300,23,12,false
mixed-052-1,mixed,seed=0x3aeac8ffa0a0ce70;cycles=10;planted=2;d_b=4;m=2;gap=1;k=2,49946917,true,3054592,0.190,23,12,65536,371.272,23,12,false
mixed-052-1,mixed,seed=0x3aeac8ffa0a0ce70;cycles=10;planted=2;d_b=4;m=2;gap=1;k=2,49946917,true,3054592,0.190,23,12,131072,749.168,23,12,false
mixed-052-1,mixed,seed=0x3aeac8ffa0a0ce70;cycles=10;planted=2;d_b=4;m=2;gap=1;k=2,49946917,true,3054592,0.190,23,12,262144,1540.122,23,12,false
dec-158,dec,d_b=12;m=9;gap=7;k=4;q=7;s=52,60,false,62,0.501,98,2,1,0.044,105,104,false
dec-158,dec,d_b=12;m=9;gap=7;k=4;q=7;s=52,60,false,62,0.501,98,2,2,0.067,105,104,false
dec-158,dec,d_b=12;m=9;gap=7;k=4;q=7;s=52,60,false,62,0.501,98,2,4,0.092,105,104,false
dec-158,dec,d_b=12;m=9;gap=7;k=4;q=7;s=52,60,false,62,0.501,98,2,8,0.129,105,104,false
dec-158,dec,d_b=12;m=9;gap=7;k=4;q=7;s=52,60,false,62,0.501,98,2,16,0.138,105,104,false
dec-158,dec,d_b=12;m=9;gap=7;k=4;q=7;s=52,60,false,62,0.501,98,2,32,0.212,105,104,false
dec-158,dec,d_b=12;m=9;gap=7;k=4;q=7;s=52,60,false,62,0.501,98,2,64,0.216,105,104,false
dec-158,dec,d_b=12;m=9;gap=7;k=4;q=7;s=52,60,false,62,0.501,98,2,128,0.270,105,104,false
dec-158,dec,d_b=12;m=9;gap=7;k=4;q=7;s=52,60,false,62,0.501,98,2,256,0.337,105,104,false
dec-158,dec,d_b=12;m=9;gap=7;k=4;q=7;s=52,60,false,62,0.501,98,2,512,0.432,105,104,false
dec-158,dec,d_b=12;m=9;gap=7;k=4;q=7;s=52,60,false,62,0.501,98,2,1024,0.664,105,104,false
dec-158,dec,d_b=12;m=9;gap=7;k=4;q=7;s=52,60,false,62,0.501,98,2,2048,0.988,105,104,false
dec-158,dec,d_b=12;m=9;gap=7;k=4;q=7;s=52,60,false,62,0.501,98,2,4096,1.673,105,104,false
dec-158,dec,d_b=12;m=9;gap=7;k=4;q=7;s=52,60,false,62,0.501,98,2,8192,2.955,105,104,false
dec-158,dec,d_b=12;m=9;gap=7;k=4;q=7;s=52,60,false,62,0.501,98,2,16384,5.342,105,104,false
dec-158,dec,d_b=12;m=9;gap=7;k=4;q=7;s=52,60,false,62,0.501,98,2,32768,9.958,105,104,false
dec-158,dec,d_b=12;m=9;gap=7;k=4;q=7;s=52,60,false,62,0.501,98,2,65536,19.041,105,104,false
dec-158,dec,d_b=12;m=9;gap=7;k=4;q=7;s=52,60,false,62,0.501,98,2,131072,36.531,98,2,false
dec-158,dec,d_b=12;m=9;gap=7;k=4;q=7;s=52,60,false,62,0.501,98,2,262144,72.301,98,2,false
mixed-052-2,mixed,seed=0x35cc3f839c49a861;cycles=10;planted=2;d_b=4;m=2;gap=1;k=2,50966542,true,3006464,0.280,56,12,1,0.322,58,20,false
mixed-052-2,mixed,seed=0x35cc3f839c49a861;cycles=10;planted=2;d_b=4;m=2;gap=1;k=2,50966542,true,3006464,0.280,56,12,2,0.361,58,20,false
mixed-052-2,mixed,seed=0x35cc3f839c49a861;cycles=10;planted=2;d_b=4;m=2;gap=1;k=2,50966542,true,3006464,0.280,56,12,4,0.421,58,20,false
mixed-052-2,mixed,seed=0x35cc3f839c49a861;cycles=10;planted=2;d_b=4;m=2;gap=1;k=2,50966542,true,3006464,0.280,56,12,8,0.582,58,20,false
mixed-052-2,mixed,seed=0x35cc3f839c49a861;cycles=10;planted=2;d_b=4;m=2;gap=1;k=2,50966542,true,3006464,0.280,56,12,16,0.869,58,20,false
mixed-052-2,mixed,seed=0x35cc3f839c49a861;cycles=10;planted=2;d_b=4;m=2;gap=1;k=2,50966542,true,3006464,0.280,56,12,32,1.548,58,20,false
mixed-052-2,mixed,seed=0x35cc3f839c49a861;cycles=10;planted=2;d_b=4;m=2;gap=1;k=2,50966542,true,3006464,0.280,56,12,64,2.850,58,20,false
mixed-052-2,mixed,seed=0x35cc3f839c49a861;cycles=10;planted=2;d_b=4;m=2;gap=1;k=2,50966542,true,3006464,0.280,56,12,128,5.498,58,20,false
mixed-052-2,mixed,seed=0x35cc3f839c49a861;cycles=10;planted=2;d_b=4;m=2;gap=1;k=2,50966542,true,3006464,0.280,56,12,256,10.735,57,16,false
mixed-052-2,mixed,seed=0x35cc3f839c49a861;cycles=10;planted=2;d_b=4;m=2;gap=1;k=2,50966542,true,3006464,0.280,56,12,512,21.140,57,16,false
mixed-052-2,mixed,seed=0x35cc3f839c49a861;cycles=10;planted=2;d_b=4;m=2;gap=1;k=2,50966542,true,3006464,0.280,56,12,1024,40.836,56,12,false
mixed-052-2,mixed,seed=0x35cc3f839c49a861;cycles=10;planted=2;d_b=4;m=2;gap=1;k=2,50966542,true,3006464,0.280,56,12,2048,82.510,56,12,false
mixed-052-2,mixed,seed=0x35cc3f839c49a861;cycles=10;planted=2;d_b=4;m=2;gap=1;k=2,50966542,true,3006464,0.280,56,12,4096,161.654,56,12,false
mixed-052-2,mixed,seed=0x35cc3f839c49a861;cycles=10;planted=2;d_b=4;m=2;gap=1;k=2,50966542,true,3006464,0.280,56,12,8192,327.712,56,12,false
mixed-052-2,mixed,seed=0x35cc3f839c49a861;cycles=10;planted=2;d_b=4;m=2;gap=1;k=2,50966542,true,3006464,0.280,56,12,16384,670.147,56,12,false
mixed-052-2,mixed,seed=0x35cc3f839c49a861;cycles=10;planted=2;d_b=4;m=2;gap=1;k=2,50966542,true,3006464,0.280,56,12,32768,1383.335,56,12,false
mixed-052-2,mixed,seed=0x35cc3f839c49a861;cycles=10;planted=2;d_b=4;m=2;gap=1;k=2,50966542,true,3006464,0.280,56,12,65536,2751.619,56,12,false
mixed-052-2,mixed,seed=0x35cc3f839c49a861;cycles=10;planted=2;d_b=4;m=2;gap=1;k=2,50966542,true,3006464,0.280,56,12,131072,5682.286,56,12,false
mixed-052-2,mixed,seed=0x35cc3f839c49a861;cycles=10;planted=2;d_b=4;m=2;gap=1;k=2,50966542,true,3006464,0.280,56,12,262144,11423.055,56,12,false
dec-159,dec,d_b=12;m=9;gap=13;k=1;q=7;s=55,24,false,26,0.197,98,2,1,0.039,111,110,false
dec-159,dec,d_b=12;m=9;gap=13;k=1;q=7;s=55,24,false,26,0.197,98,2,2,0.062,111,110,false
dec-159,dec,d_b=12;m=9;gap=13;k=1;q=7;s=55,24,false,26,0.197,98,2,4,0.062,111,110,false
dec-159,dec,d_b=12;m=9;gap=13;k=1;q=7;s=55,24,false,26,0.197,98,2,8,0.085,111,110,false
dec-159,dec,d_b=12;m=9;gap=13;k=1;q=7;s=55,24,false,26,0.197,98,2,16,0.113,111,110,false
dec-159,dec,d_b=12;m=9;gap=13;k=1;q=7;s=55,24,false,26,0.197,98,2,32,0.133,111,110,false
dec-159,dec,d_b=12;m=9;gap=13;k=1;q=7;s=55,24,false,26,0.197,98,2,64,0.152,111,110,false
dec-159,dec,d_b=12;m=9;gap=13;k=1;q=7;s=55,24,false,26,0.197,98,2,128,0.201,98,2,false
dec-159,dec,d_b=12;m=9;gap=13;k=1;q=7;s=55,24,false,26,0.197,98,2,256,0.304,98,2,false
dec-159,dec,d_b=12;m=9;gap=13;k=1;q=7;s=55,24,false,26,0.197,98,2,512,0.426,98,2,false
dec-159,dec,d_b=12;m=9;gap=13;k=1;q=7;s=55,24,false,26,0.197,98,2,1024,0.653,98,2,false
dec-159,dec,d_b=12;m=9;gap=13;k=1;q=7;s=55,24,false,26,0.197,98,2,2048,0.994,98,2,false
dec-159,dec,d_b=12;m=9;gap=13;k=1;q=7;s=55,24,false,26,0.197,98,2,4096,1.686,98,2,false
dec-159,dec,d_b=12;m=9;gap=13;k=1;q=7;s=55,24,false,26,0.197,98,2,8192,2.830,98,2,false
dec-159,dec,d_b=12;m=9;gap=13;k=1;q=7;s=55,24,false,26,0.197,98,2,16384,4.963,98,2,false
dec-159,dec,d_b=12;m=9;gap=13;k=1;q=7;s=55,24,false,26,0.197,98,2,32768,8.915,98,2,false
dec-159,dec,d_b=12;m=9;gap=13;k=1;q=7;s=55,24,false,26,0.197,98,2,65536,16.633,98,2,false
dec-159,dec,d_b=12;m=9;gap=13;k=1;q=7;s=55,24,false,26,0.197,98,2,131072,31.311,98,2,false
dec-159,dec,d_b=12;m=9;gap=13;k=1;q=7;s=55,24,false,26,0.197,98,2,262144,60.750,98,2,false
mixed-053-0,mixed,seed=0x90132e9a10dbefb5;cycles=10;planted=2;d_b=8;m=3;gap=2;k=2,26,false,28,0.088,20,2,1,0.022,23,20,false
mixed-053-0,mixed,seed=0x90132e9a10dbefb5;cycles=10;planted=2;d_b=8;m=3;gap=2;k=2,26,false,28,0.088,20,2,2,0.024,23,20,false
mixed-053-0,mixed,seed=0x90132e9a10dbefb5;cycles=10;planted=2;d_b=8;m=3;gap=2;k=2,26,false,28,0.088,20,2,4,0.027,23,20,false
mixed-053-0,mixed,seed=0x90132e9a10dbefb5;cycles=10;planted=2;d_b=8;m=3;gap=2;k=2,26,false,28,0.088,20,2,8,0.046,23,20,false
mixed-053-0,mixed,seed=0x90132e9a10dbefb5;cycles=10;planted=2;d_b=8;m=3;gap=2;k=2,26,false,28,0.088,20,2,16,0.057,23,20,false
mixed-053-0,mixed,seed=0x90132e9a10dbefb5;cycles=10;planted=2;d_b=8;m=3;gap=2;k=2,26,false,28,0.088,20,2,32,0.072,23,20,false
mixed-053-0,mixed,seed=0x90132e9a10dbefb5;cycles=10;planted=2;d_b=8;m=3;gap=2;k=2,26,false,28,0.088,20,2,64,0.114,20,2,false
mixed-053-0,mixed,seed=0x90132e9a10dbefb5;cycles=10;planted=2;d_b=8;m=3;gap=2;k=2,26,false,28,0.088,20,2,128,0.175,20,2,false
mixed-053-0,mixed,seed=0x90132e9a10dbefb5;cycles=10;planted=2;d_b=8;m=3;gap=2;k=2,26,false,28,0.088,20,2,256,0.294,20,2,false
mixed-053-0,mixed,seed=0x90132e9a10dbefb5;cycles=10;planted=2;d_b=8;m=3;gap=2;k=2,26,false,28,0.088,20,2,512,0.524,20,2,false
mixed-053-0,mixed,seed=0x90132e9a10dbefb5;cycles=10;planted=2;d_b=8;m=3;gap=2;k=2,26,false,28,0.088,20,2,1024,0.941,20,2,false
mixed-053-0,mixed,seed=0x90132e9a10dbefb5;cycles=10;planted=2;d_b=8;m=3;gap=2;k=2,26,false,28,0.088,20,2,2048,1.792,20,2,false
mixed-053-0,mixed,seed=0x90132e9a10dbefb5;cycles=10;planted=2;d_b=8;m=3;gap=2;k=2,26,false,28,0.088,20,2,4096,3.431,20,2,false
mixed-053-0,mixed,seed=0x90132e9a10dbefb5;cycles=10;planted=2;d_b=8;m=3;gap=2;k=2,26,false,28,0.088,20,2,8192,6.355,20,2,false
mixed-053-0,mixed,seed=0x90132e9a10dbefb5;cycles=10;planted=2;d_b=8;m=3;gap=2;k=2,26,false,28,0.088,20,2,16384,12.179,20,2,false
mixed-053-0,mixed,seed=0x90132e9a10dbefb5;cycles=10;planted=2;d_b=8;m=3;gap=2;k=2,26,false,28,0.088,20,2,32768,23.659,20,2,false
mixed-053-0,mixed,seed=0x90132e9a10dbefb5;cycles=10;planted=2;d_b=8;m=3;gap=2;k=2,26,false,28,0.088,20,2,65536,46.040,20,2,false
mixed-053-0,mixed,seed=0x90132e9a10dbefb5;cycles=10;planted=2;d_b=8;m=3;gap=2;k=2,26,false,28,0.088,20,2,131072,90.160,20,2,false
mixed-053-0,mixed,seed=0x90132e9a10dbefb5;cycles=10;planted=2;d_b=8;m=3;gap=2;k=2,26,false,28,0.088,20,2,262144,177.948,20,2,false
dec-160,dec,d_b=12;m=9;gap=13;k=2;q=7;s=55,36,false,38,0.300,98,2,1,0.040,111,110,false
dec-160,dec,d_b=12;m=9;gap=13;k=2;q=7;s=55,36,false,38,0.300,98,2,2,0.060,111,110,false
dec-160,dec,d_b=12;m=9;gap=13;k=2;q=7;s=55,36,false,38,0.300,98,2,4,0.081,111,110,false
dec-160,dec,d_b=12;m=9;gap=13;k=2;q=7;s=55,36,false,38,0.300,98,2,8,0.083,111,110,false
dec-160,dec,d_b=12;m=9;gap=13;k=2;q=7;s=55,36,false,38,0.300,98,2,16,0.129,111,110,false
dec-160,dec,d_b=12;m=9;gap=13;k=2;q=7;s=55,36,false,38,0.300,98,2,32,0.151,111,110,false
dec-160,dec,d_b=12;m=9;gap=13;k=2;q=7;s=55,36,false,38,0.300,98,2,64,0.181,111,110,false
dec-160,dec,d_b=12;m=9;gap=13;k=2;q=7;s=55,36,false,38,0.300,98,2,128,0.227,111,110,false
dec-160,dec,d_b=12;m=9;gap=13;k=2;q=7;s=55,36,false,38,0.300,98,2,256,0.306,111,110,false
dec-160,dec,d_b=12;m=9;gap=13;k=2;q=7;s=55,36,false,38,0.300,98,2,512,0.439,98,2,false
dec-160,dec,d_b=12;m=9;gap=13;k=2;q=7;s=55,36,false,38,0.300,98,2,1024,0.615,98,2,false
dec-160,dec,d_b=12;m=9;gap=13;k=2;q=7;s=55,36,false,38,0.300,98,2,2048,0.965,98,2,false
dec-160,dec,d_b=12;m=9;gap=13;k=2;q=7;s=55,36,false,38,0.300,98,2,4096,1.609,98,2,false
dec-160,dec,d_b=12;m=9;gap=13;k=2;q=7;s=55,36,false,38,0.300,98,2,8192,2.774,98,2,false
dec-160,dec,d_b=12;m=9;gap=13;k=2;q=7;s=55,36,false,38,0.300,98,2,16384,5.067,98,2,false
dec-160,dec,d_b=12;m=9;gap=13;k=2;q=7;s=55,36,false,38,0.300,98,2,32768,9.134,98,2,false
dec-160,dec,d_b=12;m=9;gap=13;k=2;q=7;s=55,36,false,38,0.300,98,2,65536,17.410,98,2,false
dec-160,dec,d_b=12;m=9;gap=13;k=2;q=7;s=55,36,false,38,0.300,98,2,131072,33.725,98,2,false
dec-160,dec,d_b=12;m=9;gap=13;k=2;q=7;s=55,36,false,38,0.300,98,2,262144,64.415,98,2,false
mixed-053-1,mixed,seed=0xe75817bb6975df6a;cycles=10;planted=2;d_b=8;m=3;gap=2;k=2,50302871,true,3065856,0.215,51,8,1,0.107,57,44,false
mixed-053-1,mixed,seed=0xe75817bb6975df6a;cycles=10;planted=2;d_b=8;m=3;gap=2;k=2,50302871,true,3065856,0.215,51,8,2,0.108,57,44,false
mixed-053-1,mixed,seed=0xe75817bb6975df6a;cycles=10;planted=2;d_b=8;m=3;gap=2;k=2,50302871,true,3065856,0.215,51,8,4,0.102,57,44,false
mixed-053-1,mixed,seed=0xe75817bb6975df6a;cycles=10;planted=2;d_b=8;m=3;gap=2;k=2,50302871,true,3065856,0.215,51,8,8,0.169,57,44,false
mixed-053-1,mixed,seed=0xe75817bb6975df6a;cycles=10;planted=2;d_b=8;m=3;gap=2;k=2,50302871,true,3065856,0.215,51,8,16,0.271,57,44,false
mixed-053-1,mixed,seed=0xe75817bb6975df6a;cycles=10;planted=2;d_b=8;m=3;gap=2;k=2,50302871,true,3065856,0.215,51,8,32,0.462,57,44,false
mixed-053-1,mixed,seed=0xe75817bb6975df6a;cycles=10;planted=2;d_b=8;m=3;gap=2;k=2,50302871,true,3065856,0.215,51,8,64,0.935,57,44,false
mixed-053-1,mixed,seed=0xe75817bb6975df6a;cycles=10;planted=2;d_b=8;m=3;gap=2;k=2,50302871,true,3065856,0.215,51,8,128,1.654,57,44,false
mixed-053-1,mixed,seed=0xe75817bb6975df6a;cycles=10;planted=2;d_b=8;m=3;gap=2;k=2,50302871,true,3065856,0.215,51,8,256,2.334,57,44,false
mixed-053-1,mixed,seed=0xe75817bb6975df6a;cycles=10;planted=2;d_b=8;m=3;gap=2;k=2,50302871,true,3065856,0.215,51,8,512,3.674,54,26,false
mixed-053-1,mixed,seed=0xe75817bb6975df6a;cycles=10;planted=2;d_b=8;m=3;gap=2;k=2,50302871,true,3065856,0.215,51,8,1024,6.084,54,26,false
mixed-053-1,mixed,seed=0xe75817bb6975df6a;cycles=10;planted=2;d_b=8;m=3;gap=2;k=2,50302871,true,3065856,0.215,51,8,2048,11.737,54,26,false
mixed-053-1,mixed,seed=0xe75817bb6975df6a;cycles=10;planted=2;d_b=8;m=3;gap=2;k=2,50302871,true,3065856,0.215,51,8,4096,22.821,51,8,false
mixed-053-1,mixed,seed=0xe75817bb6975df6a;cycles=10;planted=2;d_b=8;m=3;gap=2;k=2,50302871,true,3065856,0.215,51,8,8192,46.909,51,8,false
mixed-053-1,mixed,seed=0xe75817bb6975df6a;cycles=10;planted=2;d_b=8;m=3;gap=2;k=2,50302871,true,3065856,0.215,51,8,16384,99.288,51,8,false
mixed-053-1,mixed,seed=0xe75817bb6975df6a;cycles=10;planted=2;d_b=8;m=3;gap=2;k=2,50302871,true,3065856,0.215,51,8,32768,197.291,51,8,false
mixed-053-1,mixed,seed=0xe75817bb6975df6a;cycles=10;planted=2;d_b=8;m=3;gap=2;k=2,50302871,true,3065856,0.215,51,8,65536,392.085,51,8,false
mixed-053-1,mixed,seed=0xe75817bb6975df6a;cycles=10;planted=2;d_b=8;m=3;gap=2;k=2,50302871,true,3065856,0.215,51,8,131072,825.409,51,8,false
mixed-053-1,mixed,seed=0xe75817bb6975df6a;cycles=10;planted=2;d_b=8;m=3;gap=2;k=2,50302871,true,3065856,0.215,51,8,262144,1709.162,51,8,false
dec-161,dec,d_b=12;m=9;gap=13;k=4;q=7;s=55,60,false,62,0.544,98,2,1,0.045,111,110,false
dec-161,dec,d_b=12;m=9;gap=13;k=4;q=7;s=55,60,false,62,0.544,98,2,2,0.071,111,110,false
dec-161,dec,d_b=12;m=9;gap=13;k=4;q=7;s=55,60,false,62,0.544,98,2,4,0.101,111,110,false
dec-161,dec,d_b=12;m=9;gap=13;k=4;q=7;s=55,60,false,62,0.544,98,2,8,0.143,111,110,false
dec-161,dec,d_b=12;m=9;gap=13;k=4;q=7;s=55,60,false,62,0.544,98,2,16,0.158,111,110,false
dec-161,dec,d_b=12;m=9;gap=13;k=4;q=7;s=55,60,false,62,0.544,98,2,32,0.216,111,110,false
dec-161,dec,d_b=12;m=9;gap=13;k=4;q=7;s=55,60,false,62,0.544,98,2,64,0.235,111,110,false
dec-161,dec,d_b=12;m=9;gap=13;k=4;q=7;s=55,60,false,62,0.544,98,2,128,0.281,111,110,false
dec-161,dec,d_b=12;m=9;gap=13;k=4;q=7;s=55,60,false,62,0.544,98,2,256,0.352,111,110,false
dec-161,dec,d_b=12;m=9;gap=13;k=4;q=7;s=55,60,false,62,0.544,98,2,512,0.443,111,110,false
dec-161,dec,d_b=12;m=9;gap=13;k=4;q=7;s=55,60,false,62,0.544,98,2,1024,0.698,111,110,false
dec-161,dec,d_b=12;m=9;gap=13;k=4;q=7;s=55,60,false,62,0.544,98,2,2048,1.036,111,110,false
dec-161,dec,d_b=12;m=9;gap=13;k=4;q=7;s=55,60,false,62,0.544,98,2,4096,1.649,111,110,false
dec-161,dec,d_b=12;m=9;gap=13;k=4;q=7;s=55,60,false,62,0.544,98,2,8192,2.958,98,2,false
dec-161,dec,d_b=12;m=9;gap=13;k=4;q=7;s=55,60,false,62,0.544,98,2,16384,5.384,98,2,false
dec-161,dec,d_b=12;m=9;gap=13;k=4;q=7;s=55,60,false,62,0.544,98,2,32768,10.021,98,2,false
dec-161,dec,d_b=12;m=9;gap=13;k=4;q=7;s=55,60,false,62,0.544,98,2,65536,19.105,98,2,false
dec-161,dec,d_b=12;m=9;gap=13;k=4;q=7;s=55,60,false,62,0.544,98,2,131072,37.028,98,2,false
dec-161,dec,d_b=12;m=9;gap=13;k=4;q=7;s=55,60,false,62,0.544,98,2,262144,72.438,98,2,false
mixed-053-2,mixed,seed=0x2977052fda158807;cycles=10;planted=2;d_b=8;m=3;gap=2;k=2,47843660,true,2945024,0.284,52,10,1,0.179,58,46,false
mixed-053-2,mixed,seed=0x2977052fda158807;cycles=10;planted=2;d_b=8;m=3;gap=2;k=2,47843660,true,2945024,0.284,52,10,2,0.190,58,46,false
mixed-053-2,mixed,seed=0x2977052fda158807;cycles=10;planted=2;d_b=8;m=3;gap=2;k=2,47843660,true,2945024,0.284,52,10,4,0.255,58,46,false
mixed-053-2,mixed,seed=0x2977052fda158807;cycles=10;planted=2;d_b=8;m=3;gap=2;k=2,47843660,true,2945024,0.284,52,10,8,0.332,58,46,false
mixed-053-2,mixed,seed=0x2977052fda158807;cycles=10;planted=2;d_b=8;m=3;gap=2;k=2,47843660,true,2945024,0.284,52,10,16,0.543,58,46,false
mixed-053-2,mixed,seed=0x2977052fda158807;cycles=10;planted=2;d_b=8;m=3;gap=2;k=2,47843660,true,2945024,0.284,52,10,32,0.878,58,46,false
mixed-053-2,mixed,seed=0x2977052fda158807;cycles=10;planted=2;d_b=8;m=3;gap=2;k=2,47843660,true,2945024,0.284,52,10,64,1.428,58,46,false
mixed-053-2,mixed,seed=0x2977052fda158807;cycles=10;planted=2;d_b=8;m=3;gap=2;k=2,47843660,true,2945024,0.284,52,10,128,2.597,58,46,false
mixed-053-2,mixed,seed=0x2977052fda158807;cycles=10;planted=2;d_b=8;m=3;gap=2;k=2,47843660,true,2945024,0.284,52,10,256,3.635,58,46,false
mixed-053-2,mixed,seed=0x2977052fda158807;cycles=10;planted=2;d_b=8;m=3;gap=2;k=2,47843660,true,2945024,0.284,52,10,512,5.610,58,46,false
mixed-053-2,mixed,seed=0x2977052fda158807;cycles=10;planted=2;d_b=8;m=3;gap=2;k=2,47843660,true,2945024,0.284,52,10,1024,9.289,58,46,false
mixed-053-2,mixed,seed=0x2977052fda158807;cycles=10;planted=2;d_b=8;m=3;gap=2;k=2,47843660,true,2945024,0.284,52,10,2048,15.768,52,10,false
mixed-053-2,mixed,seed=0x2977052fda158807;cycles=10;planted=2;d_b=8;m=3;gap=2;k=2,47843660,true,2945024,0.284,52,10,4096,28.501,52,10,false
mixed-053-2,mixed,seed=0x2977052fda158807;cycles=10;planted=2;d_b=8;m=3;gap=2;k=2,47843660,true,2945024,0.284,52,10,8192,53.956,52,10,false
mixed-053-2,mixed,seed=0x2977052fda158807;cycles=10;planted=2;d_b=8;m=3;gap=2;k=2,47843660,true,2945024,0.284,52,10,16384,105.289,52,10,false
mixed-053-2,mixed,seed=0x2977052fda158807;cycles=10;planted=2;d_b=8;m=3;gap=2;k=2,47843660,true,2945024,0.284,52,10,32768,201.778,52,10,false
mixed-053-2,mixed,seed=0x2977052fda158807;cycles=10;planted=2;d_b=8;m=3;gap=2;k=2,47843660,true,2945024,0.284,52,10,65536,402.267,52,10,false
mixed-053-2,mixed,seed=0x2977052fda158807;cycles=10;planted=2;d_b=8;m=3;gap=2;k=2,47843660,true,2945024,0.284,52,10,131072,789.168,52,10,false
mixed-053-2,mixed,seed=0x2977052fda158807;cycles=10;planted=2;d_b=8;m=3;gap=2;k=2,47843660,true,2945024,0.284,52,10,262144,1644.804,52,10,false
dec-162,dec,d_b=16;m=2;gap=1;k=1;q=0;s=9,32,false,33,0.106,18,2,1,0.019,19,18,false
dec-162,dec,d_b=16;m=2;gap=1;k=1;q=0;s=9,32,false,33,0.106,18,2,2,0.023,19,18,false
dec-162,dec,d_b=16;m=2;gap=1;k=1;q=0;s=9,32,false,33,0.106,18,2,4,0.022,19,18,false
dec-162,dec,d_b=16;m=2;gap=1;k=1;q=0;s=9,32,false,33,0.106,18,2,8,0.029,19,18,false
dec-162,dec,d_b=16;m=2;gap=1;k=1;q=0;s=9,32,false,33,0.106,18,2,16,0.037,19,18,false
dec-162,dec,d_b=16;m=2;gap=1;k=1;q=0;s=9,32,false,33,0.106,18,2,32,0.051,19,18,false
dec-162,dec,d_b=16;m=2;gap=1;k=1;q=0;s=9,32,false,33,0.106,18,2,64,0.066,19,18,false
dec-162,dec,d_b=16;m=2;gap=1;k=1;q=0;s=9,32,false,33,0.106,18,2,128,0.099,19,18,false
dec-162,dec,d_b=16;m=2;gap=1;k=1;q=0;s=9,32,false,33,0.106,18,2,256,0.158,19,18,false
dec-162,dec,d_b=16;m=2;gap=1;k=1;q=0;s=9,32,false,33,0.106,18,2,512,0.269,19,18,false
dec-162,dec,d_b=16;m=2;gap=1;k=1;q=0;s=9,32,false,33,0.106,18,2,1024,0.462,19,18,false
dec-162,dec,d_b=16;m=2;gap=1;k=1;q=0;s=9,32,false,33,0.106,18,2,2048,0.839,18,2,false
dec-162,dec,d_b=16;m=2;gap=1;k=1;q=0;s=9,32,false,33,0.106,18,2,4096,1.527,18,2,false
dec-162,dec,d_b=16;m=2;gap=1;k=1;q=0;s=9,32,false,33,0.106,18,2,8192,2.729,18,2,false
dec-162,dec,d_b=16;m=2;gap=1;k=1;q=0;s=9,32,false,33,0.106,18,2,16384,4.948,18,2,false
dec-162,dec,d_b=16;m=2;gap=1;k=1;q=0;s=9,32,false,33,0.106,18,2,32768,8.831,18,2,false
dec-162,dec,d_b=16;m=2;gap=1;k=1;q=0;s=9,32,false,33,0.106,18,2,65536,16.674,18,2,false
dec-162,dec,d_b=16;m=2;gap=1;k=1;q=0;s=9,32,false,33,0.106,18,2,131072,31.710,18,2,false
dec-162,dec,d_b=16;m=2;gap=1;k=1;q=0;s=9,32,false,33,0.106,18,2,262144,60.860,18,2,false
mixed-054-0,mixed,seed=0xf6debe1457f2a311;cycles=10;planted=2;d_b=12;m=2;gap=6;k=4,46802064,true,2879488,0.334,53,8,1,0.177,67,44,false
mixed-054-0,mixed,seed=0xf6debe1457f2a311;cycles=10;planted=2;d_b=12;m=2;gap=6;k=4,46802064,true,2879488,0.334,53,8,2,0.177,67,44,false
mixed-054-0,mixed,seed=0xf6debe1457f2a311;cycles=10;planted=2;d_b=12;m=2;gap=6;k=4,46802064,true,2879488,0.334,53,8,4,0.214,67,44,false
mixed-054-0,mixed,seed=0xf6debe1457f2a311;cycles=10;planted=2;d_b=12;m=2;gap=6;k=4,46802064,true,2879488,0.334,53,8,8,0.251,67,44,false
mixed-054-0,mixed,seed=0xf6debe1457f2a311;cycles=10;planted=2;d_b=12;m=2;gap=6;k=4,46802064,true,2879488,0.334,53,8,16,0.332,67,44,false
mixed-054-0,mixed,seed=0xf6debe1457f2a311;cycles=10;planted=2;d_b=12;m=2;gap=6;k=4,46802064,true,2879488,0.334,53,8,32,0.508,67,44,false
mixed-054-0,mixed,seed=0xf6debe1457f2a311;cycles=10;planted=2;d_b=12;m=2;gap=6;k=4,46802064,true,2879488,0.334,53,8,64,0.906,67,44,false
mixed-054-0,mixed,seed=0xf6debe1457f2a311;cycles=10;planted=2;d_b=12;m=2;gap=6;k=4,46802064,true,2879488,0.334,53,8,128,1.529,67,44,false
mixed-054-0,mixed,seed=0xf6debe1457f2a311;cycles=10;planted=2;d_b=12;m=2;gap=6;k=4,46802064,true,2879488,0.334,53,8,256,2.934,67,44,false
mixed-054-0,mixed,seed=0xf6debe1457f2a311;cycles=10;planted=2;d_b=12;m=2;gap=6;k=4,46802064,true,2879488,0.334,53,8,512,5.681,67,44,false
mixed-054-0,mixed,seed=0xf6debe1457f2a311;cycles=10;planted=2;d_b=12;m=2;gap=6;k=4,46802064,true,2879488,0.334,53,8,1024,9.957,67,44,false
mixed-054-0,mixed,seed=0xf6debe1457f2a311;cycles=10;planted=2;d_b=12;m=2;gap=6;k=4,46802064,true,2879488,0.334,53,8,2048,18.207,60,26,false
mixed-054-0,mixed,seed=0xf6debe1457f2a311;cycles=10;planted=2;d_b=12;m=2;gap=6;k=4,46802064,true,2879488,0.334,53,8,4096,35.122,60,26,false
mixed-054-0,mixed,seed=0xf6debe1457f2a311;cycles=10;planted=2;d_b=12;m=2;gap=6;k=4,46802064,true,2879488,0.334,53,8,8192,69.759,53,8,false
mixed-054-0,mixed,seed=0xf6debe1457f2a311;cycles=10;planted=2;d_b=12;m=2;gap=6;k=4,46802064,true,2879488,0.334,53,8,16384,145.775,53,8,false
mixed-054-0,mixed,seed=0xf6debe1457f2a311;cycles=10;planted=2;d_b=12;m=2;gap=6;k=4,46802064,true,2879488,0.334,53,8,32768,348.413,53,8,false
mixed-054-0,mixed,seed=0xf6debe1457f2a311;cycles=10;planted=2;d_b=12;m=2;gap=6;k=4,46802064,true,2879488,0.334,53,8,65536,729.729,53,8,false
mixed-054-0,mixed,seed=0xf6debe1457f2a311;cycles=10;planted=2;d_b=12;m=2;gap=6;k=4,46802064,true,2879488,0.334,53,8,131072,1531.120,53,8,false
mixed-054-0,mixed,seed=0xf6debe1457f2a311;cycles=10;planted=2;d_b=12;m=2;gap=6;k=4,46802064,true,2879488,0.334,53,8,262144,3200.129,53,8,false
dec-163,dec,d_b=16;m=2;gap=1;k=2;q=0;s=9,48,false,49,0.137,18,2,1,0.018,19,18,false
dec-163,dec,d_b=16;m=2;gap=1;k=2;q=0;s=9,48,false,49,0.137,18,2,2,0.022,19,18,false
dec-163,dec,d_b=16;m=2;gap=1;k=2;q=0;s=9,48,false,49,0.137,18,2,4,0.026,19,18,false
dec-163,dec,d_b=16;m=2;gap=1;k=2;q=0;s=9,48,false,49,0.137,18,2,8,0.029,19,18,false
dec-163,dec,d_b=16;m=2;gap=1;k=2;q=0;s=9,48,false,49,0.137,18,2,16,0.039,19,18,false
dec-163,dec,d_b=16;m=2;gap=1;k=2;q=0;s=9,48,false,49,0.137,18,2,32,0.054,19,18,false
dec-163,dec,d_b=16;m=2;gap=1;k=2;q=0;s=9,48,false,49,0.137,18,2,64,0.068,19,18,false
dec-163,dec,d_b=16;m=2;gap=1;k=2;q=0;s=9,48,false,49,0.137,18,2,128,0.096,19,18,false
dec-163,dec,d_b=16;m=2;gap=1;k=2;q=0;s=9,48,false,49,0.137,18,2,256,0.147,19,18,false
dec-163,dec,d_b=16;m=2;gap=1;k=2;q=0;s=9,48,false,49,0.137,18,2,512,0.250,19,18,false
dec-163,dec,d_b=16;m=2;gap=1;k=2;q=0;s=9,48,false,49,0.137,18,2,1024,0.431,19,18,false
dec-163,dec,d_b=16;m=2;gap=1;k=2;q=0;s=9,48,false,49,0.137,18,2,2048,0.787,19,18,false
dec-163,dec,d_b=16;m=2;gap=1;k=2;q=0;s=9,48,false,49,0.137,18,2,4096,1.474,19,18,false
dec-163,dec,d_b=16;m=2;gap=1;k=2;q=0;s=9,48,false,49,0.137,18,2,8192,2.715,19,18,false
dec-163,dec,d_b=16;m=2;gap=1;k=2;q=0;s=9,48,false,49,0.137,18,2,16384,4.953,19,18,false
dec-163,dec,d_b=16;m=2;gap=1;k=2;q=0;s=9,48,false,49,0.137,18,2,32768,9.126,19,18,false
dec-163,dec,d_b=16;m=2;gap=1;k=2;q=0;s=9,48,false,49,0.137,18,2,65536,17.553,19,18,false
dec-163,dec,d_b=16;m=2;gap=1;k=2;q=0;s=9,48,false,49,0.137,18,2,131072,32.964,19,18,false
dec-163,dec,d_b=16;m=2;gap=1;k=2;q=0;s=9,48,false,49,0.137,18,2,262144,64.858,18,2,false
mixed-054-1,mixed,seed=0x17378656ccb02ab0;cycles=10;planted=2;d_b=12;m=2;gap=6;k=4,49589273,true,3023872,0.350,49,12,1,0.148,63,48,false
mixed-054-1,mixed,seed=0x17378656ccb02ab0;cycles=10;planted=2;d_b=12;m=2;gap=6;k=4,49589273,true,3023872,0.350,49,12,2,0.193,63,48,false
mixed-054-1,mixed,seed=0x17378656ccb02ab0;cycles=10;planted=2;d_b=12;m=2;gap=6;k=4,49589273,true,3023872,0.350,49,12,4,0.181,63,48,false
mixed-054-1,mixed,seed=0x17378656ccb02ab0;cycles=10;planted=2;d_b=12;m=2;gap=6;k=4,49589273,true,3023872,0.350,49,12,8,0.210,63,48,false
mixed-054-1,mixed,seed=0x17378656ccb02ab0;cycles=10;planted=2;d_b=12;m=2;gap=6;k=4,49589273,true,3023872,0.350,49,12,16,0.279,63,48,false
mixed-054-1,mixed,seed=0x17378656ccb02ab0;cycles=10;planted=2;d_b=12;m=2;gap=6;k=4,49589273,true,3023872,0.350,49,12,32,0.463,63,48,false
mixed-054-1,mixed,seed=0x17378656ccb02ab0;cycles=10;planted=2;d_b=12;m=2;gap=6;k=4,49589273,true,3023872,0.350,49,12,64,0.783,63,48,false
mixed-054-1,mixed,seed=0x17378656ccb02ab0;cycles=10;planted=2;d_b=12;m=2;gap=6;k=4,49589273,true,3023872,0.350,49,12,128,1.437,63,48,false
mixed-054-1,mixed,seed=0x17378656ccb02ab0;cycles=10;planted=2;d_b=12;m=2;gap=6;k=4,49589273,true,3023872,0.350,49,12,256,2.668,63,48,false
mixed-054-1,mixed,seed=0x17378656ccb02ab0;cycles=10;planted=2;d_b=12;m=2;gap=6;k=4,49589273,true,3023872,0.350,49,12,512,5.048,63,48,false
mixed-054-1,mixed,seed=0x17378656ccb02ab0;cycles=10;planted=2;d_b=12;m=2;gap=6;k=4,49589273,true,3023872,0.350,49,12,1024,9.461,63,48,false
mixed-054-1,mixed,seed=0x17378656ccb02ab0;cycles=10;planted=2;d_b=12;m=2;gap=6;k=4,49589273,true,3023872,0.350,49,12,2048,17.867,56,30,false
mixed-054-1,mixed,seed=0x17378656ccb02ab0;cycles=10;planted=2;d_b=12;m=2;gap=6;k=4,49589273,true,3023872,0.350,49,12,4096,33.783,49,12,false
mixed-054-1,mixed,seed=0x17378656ccb02ab0;cycles=10;planted=2;d_b=12;m=2;gap=6;k=4,49589273,true,3023872,0.350,49,12,8192,64.967,49,12,false
mixed-054-1,mixed,seed=0x17378656ccb02ab0;cycles=10;planted=2;d_b=12;m=2;gap=6;k=4,49589273,true,3023872,0.350,49,12,16384,126.873,49,12,false
mixed-054-1,mixed,seed=0x17378656ccb02ab0;cycles=10;planted=2;d_b=12;m=2;gap=6;k=4,49589273,true,3023872,0.350,49,12,32768,252.791,49,12,false
mixed-054-1,mixed,seed=0x17378656ccb02ab0;cycles=10;planted=2;d_b=12;m=2;gap=6;k=4,49589273,true,3023872,0.350,49,12,65536,494.158,49,12,false
mixed-054-1,mixed,seed=0x17378656ccb02ab0;cycles=10;planted=2;d_b=12;m=2;gap=6;k=4,49589273,true,3023872,0.350,49,12,131072,1200.829,49,12,false
mixed-054-1,mixed,seed=0x17378656ccb02ab0;cycles=10;planted=2;d_b=12;m=2;gap=6;k=4,49589273,true,3023872,0.350,49,12,262144,2475.135,49,12,false
dec-164,dec,d_b=16;m=2;gap=1;k=4;q=0;s=9,80,false,81,0.260,18,2,1,0.027,19,18,false
dec-164,dec,d_b=16;m=2;gap=1;k=4;q=0;s=9,80,false,81,0.260,18,2,2,0.037,19,18,false
dec-164,dec,d_b=16;m=2;gap=1;k=4;q=0;s=9,80,false,81,0.260,18,2,4,0.044,19,18,false
dec-164,dec,d_b=16;m=2;gap=1;k=4;q=0;s=9,80,false,81,0.260,18,2,8,0.045,19,18,false
dec-164,dec,d_b=16;m=2;gap=1;k=4;q=0;s=9,80,false,81,0.260,18,2,16,0.057,19,18,false
dec-164,dec,d_b=16;m=2;gap=1;k=4;q=0;s=9,80,false,81,0.260,18,2,32,0.074,19,18,false
dec-164,dec,d_b=16;m=2;gap=1;k=4;q=0;s=9,80,false,81,0.260,18,2,64,0.103,19,18,false
dec-164,dec,d_b=16;m=2;gap=1;k=4;q=0;s=9,80,false,81,0.260,18,2,128,0.119,19,18,false
dec-164,dec,d_b=16;m=2;gap=1;k=4;q=0;s=9,80,false,81,0.260,18,2,256,0.191,19,18,false
dec-164,dec,d_b=16;m=2;gap=1;k=4;q=0;s=9,80,false,81,0.260,18,2,512,0.286,19,18,false
dec-164,dec,d_b=16;m=2;gap=1;k=4;q=0;s=9,80,false,81,0.260,18,2,1024,0.493,19,18,false
dec-164,dec,d_b=16;m=2;gap=1;k=4;q=0;s=9,80,false,81,0.260,18,2,2048,0.905,19,18,false
dec-164,dec,d_b=16;m=2;gap=1;k=4;q=0;s=9,80,false,81,0.260,18,2,4096,1.626,19,18,false
dec-164,dec,d_b=16;m=2;gap=1;k=4;q=0;s=9,80,false,81,0.260,18,2,8192,3.069,19,18,false
dec-164,dec,d_b=16;m=2;gap=1;k=4;q=0;s=9,80,false,81,0.260,18,2,16384,5.729,19,18,false
dec-164,dec,d_b=16;m=2;gap=1;k=4;q=0;s=9,80,false,81,0.260,18,2,32768,10.825,19,18,false
dec-164,dec,d_b=16;m=2;gap=1;k=4;q=0;s=9,80,false,81,0.260,18,2,65536,21.934,19,18,false
dec-164,dec,d_b=16;m=2;gap=1;k=4;q=0;s=9,80,false,81,0.260,18,2,131072,43.279,19,18,false
dec-164,dec,d_b=16;m=2;gap=1;k=4;q=0;s=9,80,false,81,0.260,18,2,262144,88.178,19,18,false
mixed-054-2,mixed,seed=0x6126e3f9359142a1;cycles=10;planted=2;d_b=12;m=2;gap=6;k=4,44728207,true,2754560,0.352,39,10,1,0.107,53,46,false
mixed-054-2,mixed,seed=0x6126e3f9359142a1;cycles=10;planted=2;d_b=12;m=2;gap=6;k=4,44728207,true,2754560,0.352,39,10,2,0.101,53,46,false
mixed-054-2,mixed,seed=0x6126e3f9359142a1;cycles=10;planted=2;d_b=12;m=2;gap=6;k=4,44728207,true,2754560,0.352,39,10,4,0.142,53,46,false
mixed-054-2,mixed,seed=0x6126e3f9359142a1;cycles=10;planted=2;d_b=12;m=2;gap=6;k=4,44728207,true,2754560,0.352,39,10,8,0.158,53,46,false
mixed-054-2,mixed,seed=0x6126e3f9359142a1;cycles=10;planted=2;d_b=12;m=2;gap=6;k=4,44728207,true,2754560,0.352,39,10,16,0.288,53,46,false
mixed-054-2,mixed,seed=0x6126e3f9359142a1;cycles=10;planted=2;d_b=12;m=2;gap=6;k=4,44728207,true,2754560,0.352,39,10,32,0.542,53,46,false
mixed-054-2,mixed,seed=0x6126e3f9359142a1;cycles=10;planted=2;d_b=12;m=2;gap=6;k=4,44728207,true,2754560,0.352,39,10,64,1.026,53,46,false
mixed-054-2,mixed,seed=0x6126e3f9359142a1;cycles=10;planted=2;d_b=12;m=2;gap=6;k=4,44728207,true,2754560,0.352,39,10,128,1.826,53,46,false
mixed-054-2,mixed,seed=0x6126e3f9359142a1;cycles=10;planted=2;d_b=12;m=2;gap=6;k=4,44728207,true,2754560,0.352,39,10,256,2.761,53,46,false
mixed-054-2,mixed,seed=0x6126e3f9359142a1;cycles=10;planted=2;d_b=12;m=2;gap=6;k=4,44728207,true,2754560,0.352,39,10,512,4.628,53,46,false
mixed-054-2,mixed,seed=0x6126e3f9359142a1;cycles=10;planted=2;d_b=12;m=2;gap=6;k=4,44728207,true,2754560,0.352,39,10,1024,8.469,53,46,false
mixed-054-2,mixed,seed=0x6126e3f9359142a1;cycles=10;planted=2;d_b=12;m=2;gap=6;k=4,44728207,true,2754560,0.352,39,10,2048,16.559,53,46,false
mixed-054-2,mixed,seed=0x6126e3f9359142a1;cycles=10;planted=2;d_b=12;m=2;gap=6;k=4,44728207,true,2754560,0.352,39,10,4096,32.880,53,46,false
mixed-054-2,mixed,seed=0x6126e3f9359142a1;cycles=10;planted=2;d_b=12;m=2;gap=6;k=4,44728207,true,2754560,0.352,39,10,8192,67.211,46,28,false
mixed-054-2,mixed,seed=0x6126e3f9359142a1;cycles=10;planted=2;d_b=12;m=2;gap=6;k=4,44728207,true,2754560,0.352,39,10,16384,142.769,46,28,false
mixed-054-2,mixed,seed=0x6126e3f9359142a1;cycles=10;planted=2;d_b=12;m=2;gap=6;k=4,44728207,true,2754560,0.352,39,10,32768,283.798,46,28,false
mixed-054-2,mixed,seed=0x6126e3f9359142a1;cycles=10;planted=2;d_b=12;m=2;gap=6;k=4,44728207,true,2754560,0.352,39,10,65536,581.285,39,10,false
mixed-054-2,mixed,seed=0x6126e3f9359142a1;cycles=10;planted=2;d_b=12;m=2;gap=6;k=4,44728207,true,2754560,0.352,39,10,131072,1172.479,39,10,false
mixed-054-2,mixed,seed=0x6126e3f9359142a1;cycles=10;planted=2;d_b=12;m=2;gap=6;k=4,44728207,true,2754560,0.352,39,10,262144,2460.458,39,10,false
dec-165,dec,d_b=16;m=2;gap=3;k=1;q=0;s=10,32,false,33,0.105,18,2,1,0.019,21,20,false
dec-165,dec,d_b=16;m=2;gap=3;k=1;q=0;s=10,32,false,33,0.105,18,2,2,0.025,21,20,false
dec-165,dec,d_b=16;m=2;gap=3;k=1;q=0;s=10,32,false,33,0.105,18,2,4,0.021,21,20,false
dec-165,dec,d_b=16;m=2;gap=3;k=1;q=0;s=10,32,false,33,0.105,18,2,8,0.031,21,20,false
dec-165,dec,d_b=16;m=2;gap=3;k=1;q=0;s=10,32,false,33,0.105,18,2,16,0.038,21,20,false
dec-165,dec,d_b=16;m=2;gap=3;k=1;q=0;s=10,32,false,33,0.105,18,2,32,0.055,21,20,false
dec-165,dec,d_b=16;m=2;gap=3;k=1;q=0;s=10,32,false,33,0.105,18,2,64,0.068,21,20,false
dec-165,dec,d_b=16;m=2;gap=3;k=1;q=0;s=10,32,false,33,0.105,18,2,128,0.103,21,20,false
dec-165,dec,d_b=16;m=2;gap=3;k=1;q=0;s=10,32,false,33,0.105,18,2,256,0.160,21,20,false
dec-165,dec,d_b=16;m=2;gap=3;k=1;q=0;s=10,32,false,33,0.105,18,2,512,0.286,18,2,false
dec-165,dec,d_b=16;m=2;gap=3;k=1;q=0;s=10,32,false,33,0.105,18,2,1024,0.500,18,2,false
dec-165,dec,d_b=16;m=2;gap=3;k=1;q=0;s=10,32,false,33,0.105,18,2,2048,0.871,18,2,false
dec-165,dec,d_b=16;m=2;gap=3;k=1;q=0;s=10,32,false,33,0.105,18,2,4096,1.556,18,2,false
dec-165,dec,d_b=16;m=2;gap=3;k=1;q=0;s=10,32,false,33,0.105,18,2,8192,2.827,18,2,false
dec-165,dec,d_b=16;m=2;gap=3;k=1;q=0;s=10,32,false,33,0.105,18,2,16384,5.021,18,2,false
dec-165,dec,d_b=16;m=2;gap=3;k=1;q=0;s=10,32,false,33,0.105,18,2,32768,9.137,18,2,false
dec-165,dec,d_b=16;m=2;gap=3;k=1;q=0;s=10,32,false,33,0.105,18,2,65536,16.688,18,2,false
dec-165,dec,d_b=16;m=2;gap=3;k=1;q=0;s=10,32,false,33,0.105,18,2,131072,32.002,18,2,false
dec-165,dec,d_b=16;m=2;gap=3;k=1;q=0;s=10,32,false,33,0.105,18,2,262144,60.796,18,2,false
mixed-055-0,mixed,seed=0xa2bc454c741015a0;cycles=10;planted=2;d_b=16;m=5;gap=2;k=1,46146301,true,2845696,0.419,147,10,1,0.136,153,142,false
mixed-055-0,mixed,seed=0xa2bc454c741015a0;cycles=10;planted=2;d_b=16;m=5;gap=2;k=1,46146301,true,2845696,0.419,147,10,2,0.143,153,142,false
mixed-055-0,mixed,seed=0xa2bc454c741015a0;cycles=10;planted=2;d_b=16;m=5;gap=2;k=1,46146301,true,2845696,0.419,147,10,4,0.159,153,142,false
mixed-055-0,mixed,seed=0xa2bc454c741015a0;cycles=10;planted=2;d_b=16;m=5;gap=2;k=1,46146301,true,2845696,0.419,147,10,8,0.209,153,142,false
mixed-055-0,mixed,seed=0xa2bc454c741015a0;cycles=10;planted=2;d_b=16;m=5;gap=2;k=1,46146301,true,2845696,0.419,147,10,16,0.309,153,142,false
mixed-055-0,mixed,seed=0xa2bc454c741015a0;cycles=10;planted=2;d_b=16;m=5;gap=2;k=1,46146301,true,2845696,0.419,147,10,32,0.514,153,142,false
mixed-055-0,mixed,seed=0xa2bc454c741015a0;cycles=10;planted=2;d_b=16;m=5;gap=2;k=1,46146301,true,2845696,0.419,147,10,64,0.978,153,142,false
mixed-055-0,mixed,seed=0xa2bc454c741015a0;cycles=10;planted=2;d_b=16;m=5;gap=2;k=1,46146301,true,2845696,0.419,147,10,128,1.805,153,142,false
mixed-055-0,mixed,seed=0xa2bc454c741015a0;cycles=10;planted=2;d_b=16;m=5;gap=2;k=1,46146301,true,2845696,0.419,147,10,256,2.705,153,142,false
mixed-055-0,mixed,seed=0xa2bc454c741015a0;cycles=10;planted=2;d_b=16;m=5;gap=2;k=1,46146301,true,2845696,0.419,147,10,512,4.235,153,142,false
mixed-055-0,mixed,seed=0xa2bc454c741015a0;cycles=10;planted=2;d_b=16;m=5;gap=2;k=1,46146301,true,2845696,0.419,147,10,1024,7.463,153,142,false
mixed-055-0,mixed,seed=0xa2bc454c741015a0;cycles=10;planted=2;d_b=16;m=5;gap=2;k=1,46146301,true,2845696,0.419,147,10,2048,14.095,153,142,false
mixed-055-0,mixed,seed=0xa2bc454c741015a0;cycles=10;planted=2;d_b=16;m=5;gap=2;k=1,46146301,true,2845696,0.419,147,10,4096,27.927,153,142,false
mixed-055-0,mixed,seed=0xa2bc454c741015a0;cycles=10;planted=2;d_b=16;m=5;gap=2;k=1,46146301,true,2845696,0.419,147,10,8192,56.355,153,142,false
mixed-055-0,mixed,seed=0xa2bc454c741015a0;cycles=10;planted=2;d_b=16;m=5;gap=2;k=1,46146301,true,2845696,0.419,147,10,16384,114.266,153,142,false
mixed-055-0,mixed,seed=0xa2bc454c741015a0;cycles=10;planted=2;d_b=16;m=5;gap=2;k=1,46146301,true,2845696,0.419,147,10,32768,228.712,153,142,false
mixed-055-0,mixed,seed=0xa2bc454c741015a0;cycles=10;planted=2;d_b=16;m=5;gap=2;k=1,46146301,true,2845696,0.419,147,10,65536,461.413,150,76,false
mixed-055-0,mixed,seed=0xa2bc454c741015a0;cycles=10;planted=2;d_b=16;m=5;gap=2;k=1,46146301,true,2845696,0.419,147,10,131072,934.083,150,76,false
mixed-055-0,mixed,seed=0xa2bc454c741015a0;cycles=10;planted=2;d_b=16;m=5;gap=2;k=1,46146301,true,2845696,0.419,147,10,262144,1976.241,150,76,false
dec-166,dec,d_b=16;m=2;gap=3;k=2;q=0;s=10,48,false,49,0.147,18,2,1,0.021,21,20,false
dec-166,dec,d_b=16;m=2;gap=3;k=2;q=0;s=10,48,false,49,0.147,18,2,2,0.024,21,20,false
dec-166,dec,d_b=16;m=2;gap=3;k=2;q=0;s=10,48,false,49,0.147,18,2,4,0.029,21,20,false
dec-166,dec,d_b=16;m=2;gap=3;k=2;q=0;s=10,48,false,49,0.147,18,2,8,0.031,21,20,false
dec-166,dec,d_b=16;m=2;gap=3;k=2;q=0;s=10,48,false,49,0.147,18,2,16,0.043,21,20,false
dec-166,dec,d_b=16;m=2;gap=3;k=2;q=0;s=10,48,false,49,0.147,18,2,32,0.055,21,20,false
dec-166,dec,d_b=16;m=2;gap=3;k=2;q=0;s=10,48,false,49,0.147,18,2,64,0.070,21,20,false
dec-166,dec,d_b=16;m=2;gap=3;k=2;q=0;s=10,48,false,49,0.147,18,2,128,0.105,21,20,false
dec-166,dec,d_b=16;m=2;gap=3;k=2;q=0;s=10,48,false,49,0.147,18,2,256,0.149,21,20,false
dec-166,dec,d_b=16;m=2;gap=3;k=2;q=0;s=10,48,false,49,0.147,18,2,512,0.257,21,20,false
dec-166,dec,d_b=16;m=2;gap=3;k=2;q=0;s=10,48,false,49,0.147,18,2,1024,0.442,21,20,false
dec-166,dec,d_b=16;m=2;gap=3;k=2;q=0;s=10,48,false,49,0.147,18,2,2048,0.789,21,20,false
dec-166,dec,d_b=16;m=2;gap=3;k=2;q=0;s=10,48,false,49,0.147,18,2,4096,1.475,21,20,false
dec-166,dec,d_b=16;m=2;gap=3;k=2;q=0;s=10,48,false,49,0.147,18,2,8192,2.706,21,20,false
dec-166,dec,d_b=16;m=2;gap=3;k=2;q=0;s=10,48,false,49,0.147,18,2,16384,5.128,18,2,false
dec-166,dec,d_b=16;m=2;gap=3;k=2;q=0;s=10,48,false,49,0.147,18,2,32768,9.235,18,2,false
dec-166,dec,d_b=16;m=2;gap=3;k=2;q=0;s=10,48,false,49,0.147,18,2,65536,17.579,18,2,false
dec-166,dec,d_b=16;m=2;gap=3;k=2;q=0;s=10,48,false,49,0.147,18,2,131072,33.276,18,2,false
dec-166,dec,d_b=16;m=2;gap=3;k=2;q=0;s=10,48,false,49,0.147,18,2,262144,64.950,18,2,false
mixed-055-1,mixed,seed=0xb78c982bb76362c4;cycles=10;planted=2;d_b=16;m=5;gap=2;k=1,32963203,false,1981158,0.351,136,6,1,0.082,142,138,false
mixed-055-1,mixed,seed=0xb78c982bb76362c4;cycles=10;planted=2;d_b=16;m=5;gap=2;k=1,32963203,false,1981158,0.351,136,6,2,0.079,142,138,false
mixed-055-1,mixed,seed=0xb78c982bb76362c4;cycles=10;planted=2;d_b=16;m=5;gap=2;k=1,32963203,false,1981158,0.351,136,6,4,0.095,142,138,false
mixed-055-1,mixed,seed=0xb78c982bb76362c4;cycles=10;planted=2;d_b=16;m=5;gap=2;k=1,32963203,false,1981158,0.351,136,6,8,0.125,142,138,false
mixed-055-1,mixed,seed=0xb78c982bb76362c4;cycles=10;planted=2;d_b=16;m=5;gap=2;k=1,32963203,false,1981158,0.351,136,6,16,0.186,142,138,false
mixed-055-1,mixed,seed=0xb78c982bb76362c4;cycles=10;planted=2;d_b=16;m=5;gap=2;k=1,32963203,false,1981158,0.351,136,6,32,0.319,142,138,false
mixed-055-1,mixed,seed=0xb78c982bb76362c4;cycles=10;planted=2;d_b=16;m=5;gap=2;k=1,32963203,false,1981158,0.351,136,6,64,0.489,142,138,false
mixed-055-1,mixed,seed=0xb78c982bb76362c4;cycles=10;planted=2;d_b=16;m=5;gap=2;k=1,32963203,false,1981158,0.351,136,6,128,0.864,142,138,false
mixed-055-1,mixed,seed=0xb78c982bb76362c4;cycles=10;planted=2;d_b=16;m=5;gap=2;k=1,32963203,false,1981158,0.351,136,6,256,1.632,142,138,false
mixed-055-1,mixed,seed=0xb78c982bb76362c4;cycles=10;planted=2;d_b=16;m=5;gap=2;k=1,32963203,false,1981158,0.351,136,6,512,2.367,142,138,false
mixed-055-1,mixed,seed=0xb78c982bb76362c4;cycles=10;planted=2;d_b=16;m=5;gap=2;k=1,32963203,false,1981158,0.351,136,6,1024,3.847,142,138,false
mixed-055-1,mixed,seed=0xb78c982bb76362c4;cycles=10;planted=2;d_b=16;m=5;gap=2;k=1,32963203,false,1981158,0.351,136,6,2048,7.157,142,138,false
mixed-055-1,mixed,seed=0xb78c982bb76362c4;cycles=10;planted=2;d_b=16;m=5;gap=2;k=1,32963203,false,1981158,0.351,136,6,4096,14.921,139,72,false
mixed-055-1,mixed,seed=0xb78c982bb76362c4;cycles=10;planted=2;d_b=16;m=5;gap=2;k=1,32963203,false,1981158,0.351,136,6,8192,33.290,139,72,false
mixed-055-1,mixed,seed=0xb78c982bb76362c4;cycles=10;planted=2;d_b=16;m=5;gap=2;k=1,32963203,false,1981158,0.351,136,6,16384,79.710,139,72,false
mixed-055-1,mixed,seed=0xb78c982bb76362c4;cycles=10;planted=2;d_b=16;m=5;gap=2;k=1,32963203,false,1981158,0.351,136,6,32768,176.127,136,6,false
mixed-055-1,mixed,seed=0xb78c982bb76362c4;cycles=10;planted=2;d_b=16;m=5;gap=2;k=1,32963203,false,1981158,0.351,136,6,65536,376.094,136,6,false
mixed-055-1,mixed,seed=0xb78c982bb76362c4;cycles=10;planted=2;d_b=16;m=5;gap=2;k=1,32963203,false,1981158,0.351,136,6,131072,797.605,136,6,false
mixed-055-1,mixed,seed=0xb78c982bb76362c4;cycles=10;planted=2;d_b=16;m=5;gap=2;k=1,32963203,false,1981158,0.351,136,6,262144,1720.139,136,6,false
dec-167,dec,d_b=16;m=2;gap=3;k=4;q=0;s=10,80,false,81,0.211,18,2,1,0.023,21,20,false
dec-167,dec,d_b=16;m=2;gap=3;k=4;q=0;s=10,80,false,81,0.211,18,2,2,0.026,21,20,false
dec-167,dec,d_b=16;m=2;gap=3;k=4;q=0;s=10,80,false,81,0.211,18,2,4,0.039,21,20,false
dec-167,dec,d_b=16;m=2;gap=3;k=4;q=0;s=10,80,false,81,0.211,18,2,8,0.051,21,20,false
dec-167,dec,d_b=16;m=2;gap=3;k=4;q=0;s=10,80,false,81,0.211,18,2,16,0.051,21,20,false
dec-167,dec,d_b=16;m=2;gap=3;k=4;q=0;s=10,80,false,81,0.211,18,2,32,0.071,21,20,false
dec-167,dec,d_b=16;m=2;gap=3;k=4;q=0;s=10,80,false,81,0.211,18,2,64,0.078,21,20,false
dec-167,dec,d_b=16;m=2;gap=3;k=4;q=0;s=10,80,false,81,0.211,18,2,128,0.112,21,20,false
dec-167,dec,d_b=16;m=2;gap=3;k=4;q=0;s=10,80,false,81,0.211,18,2,256,0.166,21,20,false
dec-167,dec,d_b=16;m=2;gap=3;k=4;q=0;s=10,80,false,81,0.211,18,2,512,0.260,21,20,false
dec-167,dec,d_b=16;m=2;gap=3;k=4;q=0;s=10,80,false,81,0.211,18,2,1024,0.442,21,20,false
dec-167,dec,d_b=16;m=2;gap=3;k=4;q=0;s=10,80,false,81,0.211,18,2,2048,0.814,21,20,false
dec-167,dec,d_b=16;m=2;gap=3;k=4;q=0;s=10,80,false,81,0.211,18,2,4096,1.492,21,20,false
dec-167,dec,d_b=16;m=2;gap=3;k=4;q=0;s=10,80,false,81,0.211,18,2,8192,2.765,21,20,false
dec-167,dec,d_b=16;m=2;gap=3;k=4;q=0;s=10,80,false,81,0.211,18,2,16384,5.190,21,20,false
dec-167,dec,d_b=16;m=2;gap=3;k=4;q=0;s=10,80,false,81,0.211,18,2,32768,9.740,21,20,false
dec-167,dec,d_b=16;m=2;gap=3;k=4;q=0;s=10,80,false,81,0.211,18,2,65536,18.831,21,20,false
dec-167,dec,d_b=16;m=2;gap=3;k=4;q=0;s=10,80,false,81,0.211,18,2,131072,36.779,21,20,false
dec-167,dec,d_b=16;m=2;gap=3;k=4;q=0;s=10,80,false,81,0.211,18,2,262144,71.939,21,20,false
mixed-055-2,mixed,seed=0xb59556f955ff90c7;cycles=10;planted=2;d_b=16;m=5;gap=2;k=1,45784367,true,2822144,0.396,139,8,1,0.119,145,140,false
mixed-055-2,mixed,seed=0xb59556f955ff90c7;cycles=10;planted=2;d_b=16;m=5;gap=2;k=1,45784367,true,2822144,0.396,139,8,2,0.135,145,140,false
mixed-055-2,mixed,seed=0xb59556f955ff90c7;cycles=10;planted=2;d_b=16;m=5;gap=2;k=1,45784367,true,2822144,0.396,139,8,4,0.159,145,140,false
mixed-055-2,mixed,seed=0xb59556f955ff90c7;cycles=10;planted=2;d_b=16;m=5;gap=2;k=1,45784367,true,2822144,0.396,139,8,8,0.192,145,140,false
mixed-055-2,mixed,seed=0xb59556f955ff90c7;cycles=10;planted=2;d_b=16;m=5;gap=2;k=1,45784367,true,2822144,0.396,139,8,16,0.312,145,140,false
mixed-055-2,mixed,seed=0xb59556f955ff90c7;cycles=10;planted=2;d_b=16;m=5;gap=2;k=1,45784367,true,2822144,0.396,139,8,32,0.522,145,140,false
mixed-055-2,mixed,seed=0xb59556f955ff90c7;cycles=10;planted=2;d_b=16;m=5;gap=2;k=1,45784367,true,2822144,0.396,139,8,64,0.871,145,140,false
mixed-055-2,mixed,seed=0xb59556f955ff90c7;cycles=10;planted=2;d_b=16;m=5;gap=2;k=1,45784367,true,2822144,0.396,139,8,128,1.635,145,140,false
mixed-055-2,mixed,seed=0xb59556f955ff90c7;cycles=10;planted=2;d_b=16;m=5;gap=2;k=1,45784367,true,2822144,0.396,139,8,256,2.279,145,140,false
mixed-055-2,mixed,seed=0xb59556f955ff90c7;cycles=10;planted=2;d_b=16;m=5;gap=2;k=1,45784367,true,2822144,0.396,139,8,512,3.464,145,140,false
mixed-055-2,mixed,seed=0xb59556f955ff90c7;cycles=10;planted=2;d_b=16;m=5;gap=2;k=1,45784367,true,2822144,0.396,139,8,1024,6.006,145,140,false
mixed-055-2,mixed,seed=0xb59556f955ff90c7;cycles=10;planted=2;d_b=16;m=5;gap=2;k=1,45784367,true,2822144,0.396,139,8,2048,11.071,145,140,false
mixed-055-2,mixed,seed=0xb59556f955ff90c7;cycles=10;planted=2;d_b=16;m=5;gap=2;k=1,45784367,true,2822144,0.396,139,8,4096,21.964,145,140,false
mixed-055-2,mixed,seed=0xb59556f955ff90c7;cycles=10;planted=2;d_b=16;m=5;gap=2;k=1,45784367,true,2822144,0.396,139,8,8192,45.192,145,140,false
mixed-055-2,mixed,seed=0xb59556f955ff90c7;cycles=10;planted=2;d_b=16;m=5;gap=2;k=1,45784367,true,2822144,0.396,139,8,16384,97.925,145,140,false
mixed-055-2,mixed,seed=0xb59556f955ff90c7;cycles=10;planted=2;d_b=16;m=5;gap=2;k=1,45784367,true,2822144,0.396,139,8,32768,198.208,145,140,false
mixed-055-2,mixed,seed=0xb59556f955ff90c7;cycles=10;planted=2;d_b=16;m=5;gap=2;k=1,45784367,true,2822144,0.396,139,8,65536,395.448,145,140,false
mixed-055-2,mixed,seed=0xb59556f955ff90c7;cycles=10;planted=2;d_b=16;m=5;gap=2;k=1,45784367,true,2822144,0.396,139,8,131072,831.543,145,140,false
mixed-055-2,mixed,seed=0xb59556f955ff90c7;cycles=10;planted=2;d_b=16;m=5;gap=2;k=1,45784367,true,2822144,0.396,139,8,262144,1731.737,145,140,false
dec-168,dec,d_b=16;m=2;gap=7;k=1;q=0;s=12,32,false,33,0.106,18,2,1,0.020,25,24,false
dec-168,dec,d_b=16;m=2;gap=7;k=1;q=0;s=12,32,false,33,0.106,18,2,2,0.027,25,24,false
dec-168,dec,d_b=16;m=2;gap=7;k=1;q=0;s=12,32,false,33,0.106,18,2,4,0.023,25,24,false
dec-168,dec,d_b=16;m=2;gap=7;k=1;q=0;s=12,32,false,33,0.106,18,2,8,0.032,25,24,false
dec-168,dec,d_b=16;m=2;gap=7;k=1;q=0;s=12,32,false,33,0.106,18,2,16,0.042,25,24,false
dec-168,dec,d_b=16;m=2;gap=7;k=1;q=0;s=12,32,false,33,0.106,18,2,32,0.058,25,24,false
dec-168,dec,d_b=16;m=2;gap=7;k=1;q=0;s=12,32,false,33,0.106,18,2,64,0.071,25,24,false
dec-168,dec,d_b=16;m=2;gap=7;k=1;q=0;s=12,32,false,33,0.106,18,2,128,0.132,18,2,false
dec-168,dec,d_b=16;m=2;gap=7;k=1;q=0;s=12,32,false,33,0.106,18,2,256,0.197,18,2,false
dec-168,dec,d_b=16;m=2;gap=7;k=1;q=0;s=12,32,false,33,0.106,18,2,512,0.305,18,2,false
dec-168,dec,d_b=16;m=2;gap=7;k=1;q=0;s=12,32,false,33,0.106,18,2,1024,0.515,18,2,false
dec-168,dec,d_b=16;m=2;gap=7;k=1;q=0;s=12,32,false,33,0.106,18,2,2048,0.917,18,2,false
dec-168,dec,d_b=16;m=2;gap=7;k=1;q=0;s=12,32,false,33,0.106,18,2,4096,1.613,18,2,false
dec-168,dec,d_b=16;m=2;gap=7;k=1;q=0;s=12,32,false,33,0.106,18,2,8192,2.939,18,2,false
dec-168,dec,d_b=16;m=2;gap=7;k=1;q=0;s=12,32,false,33,0.106,18,2,16384,5.160,18,2,false
dec-168,dec,d_b=16;m=2;gap=7;k=1;q=0;s=12,32,false,33,0.106,18,2,32768,9.354,18,2,false
dec-168,dec,d_b=16;m=2;gap=7;k=1;q=0;s=12,32,false,33,0.106,18,2,65536,17.333,18,2,false
dec-168,dec,d_b=16;m=2;gap=7;k=1;q=0;s=12,32,false,33,0.106,18,2,131072,32.498,18,2,false
dec-168,dec,d_b=16;m=2;gap=7;k=1;q=0;s=12,32,false,33,0.106,18,2,262144,62.234,18,2,false
mixed-056-0,mixed,seed=0xd52abcf54d1ea1b2;cycles=10;planted=3;d_b=4;m=2;gap=1;k=2,27,false,29,0.068,15,4,1,0.025,17,12,false
mixed-056-0,mixed,seed=0xd52abcf54d1ea1b2;cycles=10;planted=3;d_b=4;m=2;gap=1;k=2,27,false,29,0.068,15,4,2,0.026,17,12,false
mixed-056-0,mixed,seed=0xd52abcf54d1ea1b2;cycles=10;planted=3;d_b=4;m=2;gap=1;k=2,27,false,29,0.068,15,4,4,0.025,17,12,false
mixed-056-0,mixed,seed=0xd52abcf54d1ea1b2;cycles=10;planted=3;d_b=4;m=2;gap=1;k=2,27,false,29,0.068,15,4,8,0.039,17,12,false
mixed-056-0,mixed,seed=0xd52abcf54d1ea1b2;cycles=10;planted=3;d_b=4;m=2;gap=1;k=2,27,false,29,0.068,15,4,16,0.049,17,12,false
mixed-056-0,mixed,seed=0xd52abcf54d1ea1b2;cycles=10;planted=3;d_b=4;m=2;gap=1;k=2,27,false,29,0.068,15,4,32,0.118,15,4,false
mixed-056-0,mixed,seed=0xd52abcf54d1ea1b2;cycles=10;planted=3;d_b=4;m=2;gap=1;k=2,27,false,29,0.068,15,4,64,0.118,15,4,false
mixed-056-0,mixed,seed=0xd52abcf54d1ea1b2;cycles=10;planted=3;d_b=4;m=2;gap=1;k=2,27,false,29,0.068,15,4,128,0.181,15,4,false
mixed-056-0,mixed,seed=0xd52abcf54d1ea1b2;cycles=10;planted=3;d_b=4;m=2;gap=1;k=2,27,false,29,0.068,15,4,256,0.323,15,4,false
mixed-056-0,mixed,seed=0xd52abcf54d1ea1b2;cycles=10;planted=3;d_b=4;m=2;gap=1;k=2,27,false,29,0.068,15,4,512,0.543,15,4,true
mixed-056-0,mixed,seed=0xd52abcf54d1ea1b2;cycles=10;planted=3;d_b=4;m=2;gap=1;k=2,27,false,29,0.068,15,4,1024,0.992,15,4,true
mixed-056-0,mixed,seed=0xd52abcf54d1ea1b2;cycles=10;planted=3;d_b=4;m=2;gap=1;k=2,27,false,29,0.068,15,4,2048,1.877,15,4,true
mixed-056-0,mixed,seed=0xd52abcf54d1ea1b2;cycles=10;planted=3;d_b=4;m=2;gap=1;k=2,27,false,29,0.068,15,4,4096,3.532,15,4,true
mixed-056-0,mixed,seed=0xd52abcf54d1ea1b2;cycles=10;planted=3;d_b=4;m=2;gap=1;k=2,27,false,29,0.068,15,4,8192,6.599,15,4,true
mixed-056-0,mixed,seed=0xd52abcf54d1ea1b2;cycles=10;planted=3;d_b=4;m=2;gap=1;k=2,27,false,29,0.068,15,4,16384,12.340,15,4,true
mixed-056-0,mixed,seed=0xd52abcf54d1ea1b2;cycles=10;planted=3;d_b=4;m=2;gap=1;k=2,27,false,29,0.068,15,4,32768,31.120,15,4,true
mixed-056-0,mixed,seed=0xd52abcf54d1ea1b2;cycles=10;planted=3;d_b=4;m=2;gap=1;k=2,27,false,29,0.068,15,4,65536,71.565,15,4,true
mixed-056-0,mixed,seed=0xd52abcf54d1ea1b2;cycles=10;planted=3;d_b=4;m=2;gap=1;k=2,27,false,29,0.068,15,4,131072,162.476,15,4,true
mixed-056-0,mixed,seed=0xd52abcf54d1ea1b2;cycles=10;planted=3;d_b=4;m=2;gap=1;k=2,27,false,29,0.068,15,4,262144,346.355,15,4,true
dec-169,dec,d_b=16;m=2;gap=7;k=2;q=0;s=12,48,false,49,0.121,18,2,1,0.028,25,24,false
dec-169,dec,d_b=16;m=2;gap=7;k=2;q=0;s=12,48,false,49,0.121,18,2,2,0.024,25,24,false
dec-169,dec,d_b=16;m=2;gap=7;k=2;q=0;s=12,48,false,49,0.121,18,2,4,0.040,25,24,false
dec-169,dec,d_b=16;m=2;gap=7;k=2;q=0;s=12,48,false,49,0.121,18,2,8,0.036,25,24,false
dec-169,dec,d_b=16;m=2;gap=7;k=2;q=0;s=12,48,false,49,0.121,18,2,16,0.051,25,24,false
dec-169,dec,d_b=16;m=2;gap=7;k=2;q=0;s=12,48,false,49,0.121,18,2,32,0.061,25,24,false
dec-169,dec,d_b=16;m=2;gap=7;k=2;q=0;s=12,48,false,49,0.121,18,2,64,0.078,25,24,false
dec-169,dec,d_b=16;m=2;gap=7;k=2;q=0;s=12,48,false,49,0.121,18,2,128,0.115,25,24,false
dec-169,dec,d_b=16;m=2;gap=7;k=2;q=0;s=12,48,false,49,0.121,18,2,256,0.161,25,24,false
dec-169,dec,d_b=16;m=2;gap=7;k=2;q=0;s=12,48,false,49,0.121,18,2,512,0.284,18,2,false
dec-169,dec,d_b=16;m=2;gap=7;k=2;q=0;s=12,48,false,49,0.121,18,2,1024,0.474,18,2,false
dec-169,dec,d_b=16;m=2;gap=7;k=2;q=0;s=12,48,false,49,0.121,18,2,2048,0.833,18,2,false
dec-169,dec,d_b=16;m=2;gap=7;k=2;q=0;s=12,48,false,49,0.121,18,2,4096,1.517,18,2,false
dec-169,dec,d_b=16;m=2;gap=7;k=2;q=0;s=12,48,false,49,0.121,18,2,8192,2.839,18,2,false
dec-169,dec,d_b=16;m=2;gap=7;k=2;q=0;s=12,48,false,49,0.121,18,2,16384,5.108,18,2,false
dec-169,dec,d_b=16;m=2;gap=7;k=2;q=0;s=12,48,false,49,0.121,18,2,32768,9.452,18,2,false
dec-169,dec,d_b=16;m=2;gap=7;k=2;q=0;s=12,48,false,49,0.121,18,2,65536,17.960,18,2,false
dec-169,dec,d_b=16;m=2;gap=7;k=2;q=0;s=12,48,false,49,0.121,18,2,131072,34.084,18,2,false
dec-169,dec,d_b=16;m=2;gap=7;k=2;q=0;s=12,48,false,49,0.121,18,2,262144,65.998,18,2,false
mixed-056-1,mixed,seed=0x7d1ce9d8e98567a8;cycles=10;planted=3;d_b=4;m=2;gap=1;k=2,14,false,15,0.041,8,2,1,0.022,9,6,false
mixed-056-1,mixed,seed=0x7d1ce9d8e98567a8;cycles=10;planted=3;d_b=4;m=2;gap=1;k=2,14,false,15,0.041,8,2,2,0.015,9,6,false
mixed-056-1,mixed,seed=0x7d1ce9d8e98567a8;cycles=10;planted=3;d_b=4;m=2;gap=1;k=2,14,false,15,0.041,8,2,4,0.021,9,6,false
mixed-056-1,mixed,seed=0x7d1ce9d8e98567a8;cycles=10;planted=3;d_b=4;m=2;gap=1;k=2,14,false,15,0.041,8,2,8,0.026,9,6,false
mixed-056-1,mixed,seed=0x7d1ce9d8e98567a8;cycles=10;planted=3;d_b=4;m=2;gap=1;k=2,14,false,15,0.041,8,2,16,0.042,8,2,false
mixed-056-1,mixed,seed=0x7d1ce9d8e98567a8;cycles=10;planted=3;d_b=4;m=2;gap=1;k=2,14,false,15,0.041,8,2,32,0.057,8,2,false
mixed-056-1,mixed,seed=0x7d1ce9d8e98567a8;cycles=10;planted=3;d_b=4;m=2;gap=1;k=2,14,false,15,0.041,8,2,64,0.089,8,2,false
mixed-056-1,mixed,seed=0x7d1ce9d8e98567a8;cycles=10;planted=3;d_b=4;m=2;gap=1;k=2,14,false,15,0.041,8,2,128,0.140,8,2,false
mixed-056-1,mixed,seed=0x7d1ce9d8e98567a8;cycles=10;planted=3;d_b=4;m=2;gap=1;k=2,14,false,15,0.041,8,2,256,0.252,8,2,true
mixed-056-1,mixed,seed=0x7d1ce9d8e98567a8;cycles=10;planted=3;d_b=4;m=2;gap=1;k=2,14,false,15,0.041,8,2,512,0.464,8,2,true
mixed-056-1,mixed,seed=0x7d1ce9d8e98567a8;cycles=10;planted=3;d_b=4;m=2;gap=1;k=2,14,false,15,0.041,8,2,1024,0.877,8,2,true
mixed-056-1,mixed,seed=0x7d1ce9d8e98567a8;cycles=10;planted=3;d_b=4;m=2;gap=1;k=2,14,false,15,0.041,8,2,2048,1.693,8,2,true
mixed-056-1,mixed,seed=0x7d1ce9d8e98567a8;cycles=10;planted=3;d_b=4;m=2;gap=1;k=2,14,false,15,0.041,8,2,4096,3.278,8,2,true
mixed-056-1,mixed,seed=0x7d1ce9d8e98567a8;cycles=10;planted=3;d_b=4;m=2;gap=1;k=2,14,false,15,0.041,8,2,8192,6.073,8,2,true
mixed-056-1,mixed,seed=0x7d1ce9d8e98567a8;cycles=10;planted=3;d_b=4;m=2;gap=1;k=2,14,false,15,0.041,8,2,16384,11.945,8,2,true
mixed-056-1,mixed,seed=0x7d1ce9d8e98567a8;cycles=10;planted=3;d_b=4;m=2;gap=1;k=2,14,false,15,0.041,8,2,32768,33.356,8,2,true
mixed-056-1,mixed,seed=0x7d1ce9d8e98567a8;cycles=10;planted=3;d_b=4;m=2;gap=1;k=2,14,false,15,0.041,8,2,65536,78.408,8,2,true
mixed-056-1,mixed,seed=0x7d1ce9d8e98567a8;cycles=10;planted=3;d_b=4;m=2;gap=1;k=2,14,false,15,0.041,8,2,131072,170.496,8,2,true
mixed-056-1,mixed,seed=0x7d1ce9d8e98567a8;cycles=10;planted=3;d_b=4;m=2;gap=1;k=2,14,false,15,0.041,8,2,262144,354.325,8,2,true
dec-170,dec,d_b=16;m=2;gap=7;k=4;q=0;s=12,80,false,81,0.183,18,2,1,0.026,25,24,false
dec-170,dec,d_b=16;m=2;gap=7;k=4;q=0;s=12,80,false,81,0.183,18,2,2,0.028,25,24,false
dec-170,dec,d_b=16;m=2;gap=7;k=4;q=0;s=12,80,false,81,0.183,18,2,4,0.037,25,24,false
dec-170,dec,d_b=16;m=2;gap=7;k=4;q=0;s=12,80,false,81,0.183,18,2,8,0.048,25,24,false
dec-170,dec,d_b=16;m=2;gap=7;k=4;q=0;s=12,80,false,81,0.183,18,2,16,0.054,25,24,false
dec-170,dec,d_b=16;m=2;gap=7;k=4;q=0;s=12,80,false,81,0.183,18,2,32,0.078,25,24,false
dec-170,dec,d_b=16;m=2;gap=7;k=4;q=0;s=12,80,false,81,0.183,18,2,64,0.087,25,24,false
dec-170,dec,d_b=16;m=2;gap=7;k=4;q=0;s=12,80,false,81,0.183,18,2,128,0.119,25,24,false
dec-170,dec,d_b=16;m=2;gap=7;k=4;q=0;s=12,80,false,81,0.183,18,2,256,0.174,25,24,false
dec-170,dec,d_b=16;m=2;gap=7;k=4;q=0;s=12,80,false,81,0.183,18,2,512,0.304,25,24,false
dec-170,dec,d_b=16;m=2;gap=7;k=4;q=0;s=12,80,false,81,0.183,18,2,1024,0.467,25,24,false
dec-170,dec,d_b=16;m=2;gap=7;k=4;q=0;s=12,80,false,81,0.183,18,2,2048,0.839,25,24,false
dec-170,dec,d_b=16;m=2;gap=7;k=4;q=0;s=12,80,false,81,0.183,18,2,4096,1.544,25,24,false
dec-170,dec,d_b=16;m=2;gap=7;k=4;q=0;s=12,80,false,81,0.183,18,2,8192,2.840,18,2,false
dec-170,dec,d_b=16;m=2;gap=7;k=4;q=0;s=12,80,false,81,0.183,18,2,16384,5.385,18,2,false
dec-170,dec,d_b=16;m=2;gap=7;k=4;q=0;s=12,80,false,81,0.183,18,2,32768,9.956,18,2,false
dec-170,dec,d_b=16;m=2;gap=7;k=4;q=0;s=12,80,false,81,0.183,18,2,65536,19.236,18,2,false
dec-170,dec,d_b=16;m=2;gap=7;k=4;q=0;s=12,80,false,81,0.183,18,2,131072,36.684,18,2,false
dec-170,dec,d_b=16;m=2;gap=7;k=4;q=0;s=12,80,false,81,0.183,18,2,262144,72.273,18,2,false
mixed-056-2,mixed,seed=0x706142b2df47d373;cycles=10;planted=3;d_b=4;m=2;gap=1;k=2,32963176,false,1981130,0.103,23,8,1,0.058,26,20,false
mixed-056-2,mixed,seed=0x706142b2df47d373;cycles=10;planted=3;d_b=4;m=2;gap=1;k=2,32963176,false,1981130,0.103,23,8,2,0.057,26,20,false
mixed-056-2,mixed,seed=0x706142b2df47d373;cycles=10;planted=3;d_b=4;m=2;gap=1;k=2,32963176,false,1981130,0.103,23,8,4,0.086,26,20,false
mixed-056-2,mixed,seed=0x706142b2df47d373;cycles=10;planted=3;d_b=4;m=2;gap=1;k=2,32963176,false,1981130,0.103,23,8,8,0.110,26,20,false
mixed-056-2,mixed,seed=0x706142b2df47d373;cycles=10;planted=3;d_b=4;m=2;gap=1;k=2,32963176,false,1981130,0.103,23,8,16,0.153,26,20,false
mixed-056-2,mixed,seed=0x706142b2df47d373;cycles=10;planted=3;d_b=4;m=2;gap=1;k=2,32963176,false,1981130,0.103,23,8,32,0.248,26,20,false
mixed-056-2,mixed,seed=0x706142b2df47d373;cycles=10;planted=3;d_b=4;m=2;gap=1;k=2,32963176,false,1981130,0.103,23,8,64,0.505,24,12,false
mixed-056-2,mixed,seed=0x706142b2df47d373;cycles=10;planted=3;d_b=4;m=2;gap=1;k=2,32963176,false,1981130,0.103,23,8,128,1.074,23,8,false
mixed-056-2,mixed,seed=0x706142b2df47d373;cycles=10;planted=3;d_b=4;m=2;gap=1;k=2,32963176,false,1981130,0.103,23,8,256,1.784,23,8,false
mixed-056-2,mixed,seed=0x706142b2df47d373;cycles=10;planted=3;d_b=4;m=2;gap=1;k=2,32963176,false,1981130,0.103,23,8,512,2.759,23,8,false
mixed-056-2,mixed,seed=0x706142b2df47d373;cycles=10;planted=3;d_b=4;m=2;gap=1;k=2,32963176,false,1981130,0.103,23,8,1024,4.974,23,8,false
mixed-056-2,mixed,seed=0x706142b2df47d373;cycles=10;planted=3;d_b=4;m=2;gap=1;k=2,32963176,false,1981130,0.103,23,8,2048,10.000,23,8,false
mixed-056-2,mixed,seed=0x706142b2df47d373;cycles=10;planted=3;d_b=4;m=2;gap=1;k=2,32963176,false,1981130,0.103,23,8,4096,19.815,23,8,false
mixed-056-2,mixed,seed=0x706142b2df47d373;cycles=10;planted=3;d_b=4;m=2;gap=1;k=2,32963176,false,1981130,0.103,23,8,8192,43.501,23,8,false
mixed-056-2,mixed,seed=0x706142b2df47d373;cycles=10;planted=3;d_b=4;m=2;gap=1;k=2,32963176,false,1981130,0.103,23,8,16384,96.579,23,8,false
mixed-056-2,mixed,seed=0x706142b2df47d373;cycles=10;planted=3;d_b=4;m=2;gap=1;k=2,32963176,false,1981130,0.103,23,8,32768,198.475,23,8,false
mixed-056-2,mixed,seed=0x706142b2df47d373;cycles=10;planted=3;d_b=4;m=2;gap=1;k=2,32963176,false,1981130,0.103,23,8,65536,412.564,23,8,false
mixed-056-2,mixed,seed=0x706142b2df47d373;cycles=10;planted=3;d_b=4;m=2;gap=1;k=2,32963176,false,1981130,0.103,23,8,131072,854.683,23,8,false
mixed-056-2,mixed,seed=0x706142b2df47d373;cycles=10;planted=3;d_b=4;m=2;gap=1;k=2,32963176,false,1981130,0.103,23,8,262144,1800.146,23,8,false
dec-171,dec,d_b=16;m=2;gap=13;k=1;q=0;s=15,32,false,33,0.090,18,2,1,0.025,31,30,false
dec-171,dec,d_b=16;m=2;gap=13;k=1;q=0;s=15,32,false,33,0.090,18,2,2,0.029,31,30,false
dec-171,dec,d_b=16;m=2;gap=13;k=1;q=0;s=15,32,false,33,0.090,18,2,4,0.029,31,30,false
dec-171,dec,d_b=16;m=2;gap=13;k=1;q=0;s=15,32,false,33,0.090,18,2,8,0.054,18,2,false
dec-171,dec,d_b=16;m=2;gap=13;k=1;q=0;s=15,32,false,33,0.090,18,2,16,0.069,18,2,false
dec-171,dec,d_b=16;m=2;gap=13;k=1;q=0;s=15,32,false,33,0.090,18,2,32,0.084,18,2,false
dec-171,dec,d_b=16;m=2;gap=13;k=1;q=0;s=15,32,false,33,0.090,18,2,64,0.112,18,2,false
dec-171,dec,d_b=16;m=2;gap=13;k=1;q=0;s=15,32,false,33,0.090,18,2,128,0.149,18,2,false
dec-171,dec,d_b=16;m=2;gap=13;k=1;q=0;s=15,32,false,33,0.090,18,2,256,0.222,18,2,false
dec-171,dec,d_b=16;m=2;gap=13;k=1;q=0;s=15,32,false,33,0.090,18,2,512,0.338,18,2,false
dec-171,dec,d_b=16;m=2;gap=13;k=1;q=0;s=15,32,false,33,0.090,18,2,1024,0.565,18,2,false
dec-171,dec,d_b=16;m=2;gap=13;k=1;q=0;s=15,32,false,33,0.090,18,2,2048,0.967,18,2,false
dec-171,dec,d_b=16;m=2;gap=13;k=1;q=0;s=15,32,false,33,0.090,18,2,4096,1.703,18,2,false
dec-171,dec,d_b=16;m=2;gap=13;k=1;q=0;s=15,32,false,33,0.090,18,2,8192,3.102,18,2,false
dec-171,dec,d_b=16;m=2;gap=13;k=1;q=0;s=15,32,false,33,0.090,18,2,16384,5.458,18,2,false
dec-171,dec,d_b=16;m=2;gap=13;k=1;q=0;s=15,32,false,33,0.090,18,2,32768,9.731,18,2,false
dec-171,dec,d_b=16;m=2;gap=13;k=1;q=0;s=15,32,false,33,0.090,18,2,65536,17.888,18,2,false
dec-171,dec,d_b=16;m=2;gap=13;k=1;q=0;s=15,32,false,33,0.090,18,2,131072,33.658,18,2,false
dec-171,dec,d_b=16;m=2;gap=13;k=1;q=0;s=15,32,false,33,0.090,18,2,262144,63.272,18,2,false
mixed-057-0,mixed,seed=0xd0921ac0d289ca8f;cycles=10;planted=3;d_b=8;m=3;gap=2;k=2,73,false,85,0.236,55,6,1,0.062,64,60,false
mixed-057-0,mixed,seed=0xd0921ac0d289ca8f;cycles=10;planted=3;d_b=8;m=3;gap=2;k=2,73,false,85,0.236,55,6,2,0.067,64,60,false
mixed-057-0,mixed,seed=0xd0921ac0d289ca8f;cycles=10;planted=3;d_b=8;m=3;gap=2;k=2,73,false,85,0.236,55,6,4,0.084,64,60,false
mixed-057-0,mixed,seed=0xd0921ac0d289ca8f;cycles=10;planted=3;d_b=8;m=3;gap=2;k=2,73,false,85,0.236,55,6,8,0.130,64,60,false
mixed-057-0,mixed,seed=0xd0921ac0d289ca8f;cycles=10;planted=3;d_b=8;m=3;gap=2;k=2,73,false,85,0.236,55,6,16,0.161,64,60,false
mixed-057-0,mixed,seed=0xd0921ac0d289ca8f;cycles=10;planted=3;d_b=8;m=3;gap=2;k=2,73,false,85,0.236,55,6,32,0.241,64,60,false
mixed-057-0,mixed,seed=0xd0921ac0d289ca8f;cycles=10;planted=3;d_b=8;m=3;gap=2;k=2,73,false,85,0.236,55,6,64,0.410,64,60,false
mixed-057-0,mixed,seed=0xd0921ac0d289ca8f;cycles=10;planted=3;d_b=8;m=3;gap=2;k=2,73,false,85,0.236,55,6,128,0.734,55,6,false
mixed-057-0,mixed,seed=0xd0921ac0d289ca8f;cycles=10;planted=3;d_b=8;m=3;gap=2;k=2,73,false,85,0.236,55,6,256,1.335,55,6,false
mixed-057-0,mixed,seed=0xd0921ac0d289ca8f;cycles=10;planted=3;d_b=8;m=3;gap=2;k=2,73,false,85,0.236,55,6,512,2.495,55,6,false
mixed-057-0,mixed,seed=0xd0921ac0d289ca8f;cycles=10;planted=3;d_b=8;m=3;gap=2;k=2,73,false,85,0.236,55,6,1024,4.781,55,6,false
mixed-057-0,mixed,seed=0xd0921ac0d289ca8f;cycles=10;planted=3;d_b=8;m=3;gap=2;k=2,73,false,85,0.236,55,6,2048,9.048,55,6,false
mixed-057-0,mixed,seed=0xd0921ac0d289ca8f;cycles=10;planted=3;d_b=8;m=3;gap=2;k=2,73,false,85,0.236,55,6,4096,17.262,55,6,false
mixed-057-0,mixed,seed=0xd0921ac0d289ca8f;cycles=10;planted=3;d_b=8;m=3;gap=2;k=2,73,false,85,0.236,55,6,8192,33.016,55,6,false
mixed-057-0,mixed,seed=0xd0921ac0d289ca8f;cycles=10;planted=3;d_b=8;m=3;gap=2;k=2,73,false,85,0.236,55,6,16384,65.142,55,6,false
mixed-057-0,mixed,seed=0xd0921ac0d289ca8f;cycles=10;planted=3;d_b=8;m=3;gap=2;k=2,73,false,85,0.236,55,6,32768,125.869,55,6,false
mixed-057-0,mixed,seed=0xd0921ac0d289ca8f;cycles=10;planted=3;d_b=8;m=3;gap=2;k=2,73,false,85,0.236,55,6,65536,246.440,55,6,false
mixed-057-0,mixed,seed=0xd0921ac0d289ca8f;cycles=10;planted=3;d_b=8;m=3;gap=2;k=2,73,false,85,0.236,55,6,131072,485.163,55,6,false
mixed-057-0,mixed,seed=0xd0921ac0d289ca8f;cycles=10;planted=3;d_b=8;m=3;gap=2;k=2,73,false,85,0.236,55,6,262144,963.096,55,6,false
dec-172,dec,d_b=16;m=2;gap=13;k=2;q=0;s=15,48,false,49,0.090,18,2,1,0.025,31,30,false
dec-172,dec,d_b=16;m=2;gap=13;k=2;q=0;s=15,48,false,49,0.090,18,2,2,0.030,31,30,false
dec-172,dec,d_b=16;m=2;gap=13;k=2;q=0;s=15,48,false,49,0.090,18,2,4,0.033,31,30,false
dec-172,dec,d_b=16;m=2;gap=13;k=2;q=0;s=15,48,false,49,0.090,18,2,8,0.043,31,30,false
dec-172,dec,d_b=16;m=2;gap=13;k=2;q=0;s=15,48,false,49,0.090,18,2,16,0.074,18,2,false
dec-172,dec,d_b=16;m=2;gap=13;k=2;q=0;s=15,48,false,49,0.090,18,2,32,0.088,18,2,false
dec-172,dec,d_b=16;m=2;gap=13;k=2;q=0;s=15,48,false,49,0.090,18,2,64,0.109,18,2,false
dec-172,dec,d_b=16;m=2;gap=13;k=2;q=0;s=15,48,false,49,0.090,18,2,128,0.143,18,2,false
dec-172,dec,d_b=16;m=2;gap=13;k=2;q=0;s=15,48,false,49,0.090,18,2,256,0.196,18,2,false
dec-172,dec,d_b=16;m=2;gap=13;k=2;q=0;s=15,48,false,49,0.090,18,2,512,0.298,18,2,false
dec-172,dec,d_b=16;m=2;gap=13;k=2;q=0;s=15,48,false,49,0.090,18,2,1024,0.503,18,2,false
dec-172,dec,d_b=16;m=2;gap=13;k=2;q=0;s=15,48,false,49,0.090,18,2,2048,0.891,18,2,false
dec-172,dec,d_b=16;m=2;gap=13;k=2;q=0;s=15,48,false,49,0.090,18,2,4096,1.693,18,2,false
dec-172,dec,d_b=16;m=2;gap=13;k=2;q=0;s=15,48,false,49,0.090,18,2,8192,2.983,18,2,false
dec-172,dec,d_b=16;m=2;gap=13;k=2;q=0;s=15,48,false,49,0.090,18,2,16384,5.222,18,2,false
dec-172,dec,d_b=16;m=2;gap=13;k=2;q=0;s=15,48,false,49,0.090,18,2,32768,9.729,18,2,false
dec-172,dec,d_b=16;m=2;gap=13;k=2;q=0;s=15,48,false,49,0.090,18,2,65536,18.292,18,2,false
dec-172,dec,d_b=16;m=2;gap=13;k=2;q=0;s=15,48,false,49,0.090,18,2,131072,34.835,18,2,false
dec-172,dec,d_b=16;m=2;gap=13;k=2;q=0;s=15,48,false,49,0.090,18,2,262144,66.452,18,2,false
mixed-057-1,mixed,seed=0x73a1674904a933a5;cycles=10;planted=3;d_b=8;m=3;gap=2;k=2,73,false,85,0.225,55,6,1,0.058,64,60,false
mixed-057-1,mixed,seed=0x73a1674904a933a5;cycles=10;planted=3;d_b=8;m=3;gap=2;k=2,73,false,85,0.225,55,6,2,0.060,64,60,false
mixed-057-1,mixed,seed=0x73a1674904a933a5;cycles=10;planted=3;d_b=8;m=3;gap=2;k=2,73,false,85,0.225,55,6,4,0.062,64,60,false
mixed-057-1,mixed,seed=0x73a1674904a933a5;cycles=10;planted=3;d_b=8;m=3;gap=2;k=2,73,false,85,0.225,55,6,8,0.102,64,60,false
mixed-057-1,mixed,seed=0x73a1674904a933a5;cycles=10;planted=3;d_b=8;m=3;gap=2;k=2,73,false,85,0.225,55,6,16,0.149,64,60,false
mixed-057-1,mixed,seed=0x73a1674904a933a5;cycles=10;planted=3;d_b=8;m=3;gap=2;k=2,73,false,85,0.225,55,6,32,0.236,64,60,false
mixed-057-1,mixed,seed=0x73a1674904a933a5;cycles=10;planted=3;d_b=8;m=3;gap=2;k=2,73,false,85,0.225,55,6,64,0.393,64,60,false
mixed-057-1,mixed,seed=0x73a1674904a933a5;cycles=10;planted=3;d_b=8;m=3;gap=2;k=2,73,false,85,0.225,55,6,128,0.730,55,6,false
mixed-057-1,mixed,seed=0x73a1674904a933a5;cycles=10;planted=3;d_b=8;m=3;gap=2;k=2,73,false,85,0.225,55,6,256,1.311,55,6,false
mixed-057-1,mixed,seed=0x73a1674904a933a5;cycles=10;planted=3;d_b=8;m=3;gap=2;k=2,73,false,85,0.225,55,6,512,2.506,55,6,false
mixed-057-1,mixed,seed=0x73a1674904a933a5;cycles=10;planted=3;d_b=8;m=3;gap=2;k=2,73,false,85,0.225,55,6,1024,4.684,55,6,false
mixed-057-1,mixed,seed=0x73a1674904a933a5;cycles=10;planted=3;d_b=8;m=3;gap=2;k=2,73,false,85,0.225,55,6,2048,9.022,55,6,false
mixed-057-1,mixed,seed=0x73a1674904a933a5;cycles=10;planted=3;d_b=8;m=3;gap=2;k=2,73,false,85,0.225,55,6,4096,17.251,55,6,false
mixed-057-1,mixed,seed=0x73a1674904a933a5;cycles=10;planted=3;d_b=8;m=3;gap=2;k=2,73,false,85,0.225,55,6,8192,32.848,55,6,false
mixed-057-1,mixed,seed=0x73a1674904a933a5;cycles=10;planted=3;d_b=8;m=3;gap=2;k=2,73,false,85,0.225,55,6,16384,63.645,55,6,false
mixed-057-1,mixed,seed=0x73a1674904a933a5;cycles=10;planted=3;d_b=8;m=3;gap=2;k=2,73,false,85,0.225,55,6,32768,127.077,55,6,false
mixed-057-1,mixed,seed=0x73a1674904a933a5;cycles=10;planted=3;d_b=8;m=3;gap=2;k=2,73,false,85,0.225,55,6,65536,246.776,55,6,false
mixed-057-1,mixed,seed=0x73a1674904a933a5;cycles=10;planted=3;d_b=8;m=3;gap=2;k=2,73,false,85,0.225,55,6,131072,487.988,55,6,false
mixed-057-1,mixed,seed=0x73a1674904a933a5;cycles=10;planted=3;d_b=8;m=3;gap=2;k=2,73,false,85,0.225,55,6,262144,968.705,55,6,false
dec-173,dec,d_b=16;m=2;gap=13;k=4;q=0;s=15,80,false,81,0.136,18,2,1,0.036,31,30,false
dec-173,dec,d_b=16;m=2;gap=13;k=4;q=0;s=15,80,false,81,0.136,18,2,2,0.035,31,30,false
dec-173,dec,d_b=16;m=2;gap=13;k=4;q=0;s=15,80,false,81,0.136,18,2,4,0.046,31,30,false
dec-173,dec,d_b=16;m=2;gap=13;k=4;q=0;s=15,80,false,81,0.136,18,2,8,0.056,31,30,false
dec-173,dec,d_b=16;m=2;gap=13;k=4;q=0;s=15,80,false,81,0.136,18,2,16,0.064,31,30,false
dec-173,dec,d_b=16;m=2;gap=13;k=4;q=0;s=15,80,false,81,0.136,18,2,32,0.115,18,2,false
dec-173,dec,d_b=16;m=2;gap=13;k=4;q=0;s=15,80,false,81,0.136,18,2,64,0.123,18,2,false
dec-173,dec,d_b=16;m=2;gap=13;k=4;q=0;s=15,80,false,81,0.136,18,2,128,0.160,18,2,false
dec-173,dec,d_b=16;m=2;gap=13;k=4;q=0;s=15,80,false,81,0.136,18,2,256,0.216,18,2,false
dec-173,dec,d_b=16;m=2;gap=13;k=4;q=0;s=15,80,false,81,0.136,18,2,512,0.321,18,2,false
dec-173,dec,d_b=16;m=2;gap=13;k=4;q=0;s=15,80,false,81,0.136,18,2,1024,0.512,18,2,false
dec-173,dec,d_b=16;m=2;gap=13;k=4;q=0;s=15,80,false,81,0.136,18,2,2048,0.869,18,2,false
dec-173,dec,d_b=16;m=2;gap=13;k=4;q=0;s=15,80,false,81,0.136,18,2,4096,1.567,18,2,false
dec-173,dec,d_b=16;m=2;gap=13;k=4;q=0;s=15,80,false,81,0.136,18,2,8192,2.803,18,2,false
dec-173,dec,d_b=16;m=2;gap=13;k=4;q=0;s=15,80,false,81,0.136,18,2,16384,5.282,18,2,false
dec-173,dec,d_b=16;m=2;gap=13;k=4;q=0;s=15,80,false,81,0.136,18,2,32768,10.046,18,2,false
dec-173,dec,d_b=16;m=2;gap=13;k=4;q=0;s=15,80,false,81,0.136,18,2,65536,19.322,18,2,false
dec-173,dec,d_b=16;m=2;gap=13;k=4;q=0;s=15,80,false,81,0.136,18,2,131072,37.586,18,2,false
dec-173,dec,d_b=16;m=2;gap=13;k=4;q=0;s=15,80,false,81,0.136,18,2,262144,73.365,18,2,false
mixed-057-2,mixed,seed=0x6bb60361f0098326;cycles=10;planted=3;d_b=8;m=3;gap=2;k=2,49,false,53,0.147,37,4,1,0.032,43,40,false
mixed-057-2,mixed,seed=0x6bb60361f0098326;cycles=10;planted=3;d_b=8;m=3;gap=2;k=2,49,false,53,0.147,37,4,2,0.029,43,40,false
mixed-057-2,mixed,seed=0x6bb60361f0098326;cycles=10;planted=3;d_b=8;m=3;gap=2;k=2,49,false,53,0.147,37,4,4,0.036,43,40,false
mixed-057-2,mixed,seed=0x6bb60361f0098326;cycles=10;planted=3;d_b=8;m=3;gap=2;k=2,49,false,53,0.147,37,4,8,0.058,43,40,false
mixed-057-2,mixed,seed=0x6bb60361f0098326;cycles=10;planted=3;d_b=8;m=3;gap=2;k=2,49,false,53,0.147,37,4,16,0.060,43,40,false
mixed-057-2,mixed,seed=0x6bb60361f0098326;cycles=10;planted=3;d_b=8;m=3;gap=2;k=2,49,false,53,0.147,37,4,32,0.091,43,40,false
mixed-057-2,mixed,seed=0x6bb60361f0098326;cycles=10;planted=3;d_b=8;m=3;gap=2;k=2,49,false,53,0.147,37,4,64,0.119,43,40,false
mixed-057-2,mixed,seed=0x6bb60361f0098326;cycles=10;planted=3;d_b=8;m=3;gap=2;k=2,49,false,53,0.147,37,4,128,0.183,37,4,false
mixed-057-2,mixed,seed=0x6bb60361f0098326;cycles=10;planted=3;d_b=8;m=3;gap=2;k=2,49,false,53,0.147,37,4,256,0.277,37,4,false
mixed-057-2,mixed,seed=0x6bb60361f0098326;cycles=10;planted=3;d_b=8;m=3;gap=2;k=2,49,false,53,0.147,37,4,512,0.452,37,4,false
mixed-057-2,mixed,seed=0x6bb60361f0098326;cycles=10;planted=3;d_b=8;m=3;gap=2;k=2,49,false,53,0.147,37,4,1024,0.769,37,4,false
mixed-057-2,mixed,seed=0x6bb60361f0098326;cycles=10;planted=3;d_b=8;m=3;gap=2;k=2,49,false,53,0.147,37,4,2048,1.410,37,4,false
mixed-057-2,mixed,seed=0x6bb60361f0098326;cycles=10;planted=3;d_b=8;m=3;gap=2;k=2,49,false,53,0.147,37,4,4096,2.590,37,4,false
mixed-057-2,mixed,seed=0x6bb60361f0098326;cycles=10;planted=3;d_b=8;m=3;gap=2;k=2,49,false,53,0.147,37,4,8192,4.808,37,4,false
mixed-057-2,mixed,seed=0x6bb60361f0098326;cycles=10;planted=3;d_b=8;m=3;gap=2;k=2,49,false,53,0.147,37,4,16384,8.992,37,4,false
mixed-057-2,mixed,seed=0x6bb60361f0098326;cycles=10;planted=3;d_b=8;m=3;gap=2;k=2,49,false,53,0.147,37,4,32768,17.258,37,4,false
mixed-057-2,mixed,seed=0x6bb60361f0098326;cycles=10;planted=3;d_b=8;m=3;gap=2;k=2,49,false,53,0.147,37,4,65536,32.479,37,4,false
mixed-057-2,mixed,seed=0x6bb60361f0098326;cycles=10;planted=3;d_b=8;m=3;gap=2;k=2,49,false,53,0.147,37,4,131072,64.962,37,4,false
mixed-057-2,mixed,seed=0x6bb60361f0098326;cycles=10;planted=3;d_b=8;m=3;gap=2;k=2,49,false,53,0.147,37,4,262144,124.601,37,4,false
dec-174,dec,d_b=16;m=3;gap=1;k=1;q=1;s=17,32,false,34,0.123,34,2,1,0.024,35,34,false
dec-174,dec,d_b=16;m=3;gap=1;k=1;q=1;s=17,32,false,34,0.123,34,2,2,0.032,35,34,false
dec-174,dec,d_b=16;m=3;gap=1;k=1;q=1;s=17,32,false,34,0.123,34,2,4,0.030,35,34,false
dec-174,dec,d_b=16;m=3;gap=1;k=1;q=1;s=17,32,false,34,0.123,34,2,8,0.043,35,34,false
dec-174,dec,d_b=16;m=3;gap=1;k=1;q=1;s=17,32,false,34,0.123,34,2,16,0.051,35,34,false
dec-174,dec,d_b=16;m=3;gap=1;k=1;q=1;s=17,32,false,34,0.123,34,2,32,0.067,35,34,false
dec-174,dec,d_b=16;m=3;gap=1;k=1;q=1;s=17,32,false,34,0.123,34,2,64,0.078,35,34,false
dec-174,dec,d_b=16;m=3;gap=1;k=1;q=1;s=17,32,false,34,0.123,34,2,128,0.119,35,34,false
dec-174,dec,d_b=16;m=3;gap=1;k=1;q=1;s=17,32,false,34,0.123,34,2,256,0.181,35,34,false
dec-174,dec,d_b=16;m=3;gap=1;k=1;q=1;s=17,32,false,34,0.123,34,2,512,0.296,35,34,false
dec-174,dec,d_b=16;m=3;gap=1;k=1;q=1;s=17,32,false,34,0.123,34,2,1024,0.487,35,34,false
dec-174,dec,d_b=16;m=3;gap=1;k=1;q=1;s=17,32,false,34,0.123,34,2,2048,0.884,34,2,false
dec-174,dec,d_b=16;m=3;gap=1;k=1;q=1;s=17,32,false,34,0.123,34,2,4096,1.562,34,2,false
dec-174,dec,d_b=16;m=3;gap=1;k=1;q=1;s=17,32,false,34,0.123,34,2,8192,2.801,34,2,false
dec-174,dec,d_b=16;m=3;gap=1;k=1;q=1;s=17,32,false,34,0.123,34,2,16384,5.000,34,2,false
dec-174,dec,d_b=16;m=3;gap=1;k=1;q=1;s=17,32,false,34,0.123,34,2,32768,9.086,34,2,false
dec-174,dec,d_b=16;m=3;gap=1;k=1;q=1;s=17,32,false,34,0.123,34,2,65536,16.933,34,2,false
dec-174,dec,d_b=16;m=3;gap=1;k=1;q=1;s=17,32,false,34,0.123,34,2,131072,32.054,34,2,false
dec-174,dec,d_b=16;m=3;gap=1;k=1;q=1;s=17,32,false,34,0.123,34,2,262144,61.469,34,2,false
mixed-058-0,mixed,seed=0xc716fe855ebe0113;cycles=10;planted=3;d_b=12;m=2;gap=6;k=4,46225969,true,2837504,0.387,52,12,1,0.117,73,66,false
mixed-058-0,mixed,seed=0xc716fe855ebe0113;cycles=10;planted=3;d_b=12;m=2;gap=6;k=4,46225969,true,2837504,0.387,52,12,2,0.126,73,66,false
mixed-058-0,mixed,seed=0xc716fe855ebe0113;cycles=10;planted=3;d_b=12;m=2;gap=6;k=4,46225969,true,2837504,0.387,52,12,4,0.119,73,66,false
mixed-058-0,mixed,seed=0xc716fe855ebe0113;cycles=10;planted=3;d_b=12;m=2;gap=6;k=4,46225969,true,2837504,0.387,52,12,8,0.152,73,66,false
mixed-058-0,mixed,seed=0xc716fe855ebe0113;cycles=10;planted=3;d_b=12;m=2;gap=6;k=4,46225969,true,2837504,0.387,52,12,16,0.237,73,66,false
mixed-058-0,mixed,seed=0xc716fe855ebe0113;cycles=10;planted=3;d_b=12;m=2;gap=6;k=4,46225969,true,2837504,0.387,52,12,32,0.404,73,66,false
mixed-058-0,mixed,seed=0xc716fe855ebe0113;cycles=10;planted=3;d_b=12;m=2;gap=6;k=4,46225969,true,2837504,0.387,52,12,64,0.670,73,66,false
mixed-058-0,mixed,seed=0xc716fe855ebe0113;cycles=10;planted=3;d_b=12;m=2;gap=6;k=4,46225969,true,2837504,0.387,52,12,128,1.247,73,66,false
mixed-058-0,mixed,seed=0xc716fe855ebe0113;cycles=10;planted=3;d_b=12;m=2;gap=6;k=4,46225969,true,2837504,0.387,52,12,256,2.220,73,66,false
mixed-058-0,mixed,seed=0xc716fe855ebe0113;cycles=10;planted=3;d_b=12;m=2;gap=6;k=4,46225969,true,2837504,0.387,52,12,512,3.448,73,66,false
mixed-058-0,mixed,seed=0xc716fe855ebe0113;cycles=10;planted=3;d_b=12;m=2;gap=6;k=4,46225969,true,2837504,0.387,52,12,1024,6.021,73,66,false
mixed-058-0,mixed,seed=0xc716fe855ebe0113;cycles=10;planted=3;d_b=12;m=2;gap=6;k=4,46225969,true,2837504,0.387,52,12,2048,11.468,59,30,false
mixed-058-0,mixed,seed=0xc716fe855ebe0113;cycles=10;planted=3;d_b=12;m=2;gap=6;k=4,46225969,true,2837504,0.387,52,12,4096,22.600,59,30,false
mixed-058-0,mixed,seed=0xc716fe855ebe0113;cycles=10;planted=3;d_b=12;m=2;gap=6;k=4,46225969,true,2837504,0.387,52,12,8192,45.333,59,30,false
mixed-058-0,mixed,seed=0xc716fe855ebe0113;cycles=10;planted=3;d_b=12;m=2;gap=6;k=4,46225969,true,2837504,0.387,52,12,16384,97.190,52,12,false
mixed-058-0,mixed,seed=0xc716fe855ebe0113;cycles=10;planted=3;d_b=12;m=2;gap=6;k=4,46225969,true,2837504,0.387,52,12,32768,203.761,52,12,false
mixed-058-0,mixed,seed=0xc716fe855ebe0113;cycles=10;planted=3;d_b=12;m=2;gap=6;k=4,46225969,true,2837504,0.387,52,12,65536,414.506,52,12,false
mixed-058-0,mixed,seed=0xc716fe855ebe0113;cycles=10;planted=3;d_b=12;m=2;gap=6;k=4,46225969,true,2837504,0.387,52,12,131072,881.771,52,12,false
mixed-058-0,mixed,seed=0xc716fe855ebe0113;cycles=10;planted=3;d_b=12;m=2;gap=6;k=4,46225969,true,2837504,0.387,52,12,262144,1795.889,52,12,false
dec-175,dec,d_b=16;m=3;gap=1;k=2;q=1;s=17,48,false,50,0.190,34,2,1,0.028,35,34,false
dec-175,dec,d_b=16;m=3;gap=1;k=2;q=1;s=17,48,false,50,0.190,34,2,2,0.034,35,34,false
dec-175,dec,d_b=16;m=3;gap=1;k=2;q=1;s=17,48,false,50,0.190,34,2,4,0.040,35,34,false
dec-175,dec,d_b=16;m=3;gap=1;k=2;q=1;s=17,48,false,50,0.190,34,2,8,0.042,35,34,false
dec-175,dec,d_b=16;m=3;gap=1;k=2;q=1;s=17,48,false,50,0.190,34,2,16,0.058,35,34,false
dec-175,dec,d_b=16;m=3;gap=1;k=2;q=1;s=17,48,false,50,0.190,34,2,32,0.091,35,34,false
dec-175,dec,d_b=16;m=3;gap=1;k=2;q=1;s=17,48,false,50,0.190,34,2,64,0.103,35,34,false
dec-175,dec,d_b=16;m=3;gap=1;k=2;q=1;s=17,48,false,50,0.190,34,2,128,0.141,35,34,false
dec-175,dec,d_b=16;m=3;gap=1;k=2;q=1;s=17,48,false,50,0.190,34,2,256,0.183,35,34,false
dec-175,dec,d_b=16;m=3;gap=1;k=2;q=1;s=17,48,false,50,0.190,34,2,512,0.313,35,34,false
dec-175,dec,d_b=16;m=3;gap=1;k=2;q=1;s=17,48,false,50,0.190,34,2,1024,0.478,35,34,false
dec-175,dec,d_b=16;m=3;gap=1;k=2;q=1;s=17,48,false,50,0.190,34,2,2048,0.852,35,34,false
dec-175,dec,d_b=16;m=3;gap=1;k=2;q=1;s=17,48,false,50,0.190,34,2,4096,1.525,35,34,false
dec-175,dec,d_b=16;m=3;gap=1;k=2;q=1;s=17,48,false,50,0.190,34,2,8192,2.845,35,34,false
dec-175,dec,d_b=16;m=3;gap=1;k=2;q=1;s=17,48,false,50,0.190,34,2,16384,5.082,35,34,false
dec-175,dec,d_b=16;m=3;gap=1;k=2;q=1;s=17,48,false,50,0.190,34,2,32768,9.437,35,34,false
dec-175,dec,d_b=16;m=3;gap=1;k=2;q=1;s=17,48,false,50,0.190,34,2,65536,17.495,35,34,false
dec-175,dec,d_b=16;m=3;gap=1;k=2;q=1;s=17,48,false,50,0.190,34,2,131072,33.612,35,34,false
dec-175,dec,d_b=16;m=3;gap=1;k=2;q=1;s=17,48,false,50,0.190,34,2,262144,65.032,34,2,false
mixed-058-1,mixed,seed=0xa3ba13a299dda089;cycles=10;planted=3;d_b=12;m=2;gap=6;k=4,32963326,false,1981357,0.434,58,10,1,0.211,79,64,false
mixed-058-1,mixed,seed=0xa3ba13a299dda089;cycles=10;planted=3;d_b=12;m=2;gap=6;k=4,32963326,false,1981357,0.434,58,10,2,0.254,79,64,false
mixed-058-1,mixed,seed=0xa3ba13a299dda089;cycles=10;planted=3;d_b=12;m=2;gap=6;k=4,32963326,false,1981357,0.434,58,10,4,0.305,79,64,false
mixed-058-1,mixed,seed=0xa3ba13a299dda089;cycles=10;planted=3;d_b=12;m=2;gap=6;k=4,32963326,false,1981357,0.434,58,10,8,0.370,79,64,false
mixed-058-1,mixed,seed=0xa3ba13a299dda089;cycles=10;planted=3;d_b=12;m=2;gap=6;k=4,32963326,false,1981357,0.434,58,10,16,0.579,79,64,false
mixed-058-1,mixed,seed=0xa3ba13a299dda089;cycles=10;planted=3;d_b=12;m=2;gap=6;k=4,32963326,false,1981357,0.434,58,10,32,0.977,79,64,false
mixed-058-1,mixed,seed=0xa3ba13a299dda089;cycles=10;planted=3;d_b=12;m=2;gap=6;k=4,32963326,false,1981357,0.434,58,10,64,1.849,79,64,false
mixed-058-1,mixed,seed=0xa3ba13a299dda089;cycles=10;planted=3;d_b=12;m=2;gap=6;k=4,32963326,false,1981357,0.434,58,10,128,3.511,79,64,false
mixed-058-1,mixed,seed=0xa3ba13a299dda089;cycles=10;planted=3;d_b=12;m=2;gap=6;k=4,32963326,false,1981357,0.434,58,10,256,6.815,79,64,false
mixed-058-1,mixed,seed=0xa3ba13a299dda089;cycles=10;planted=3;d_b=12;m=2;gap=6;k=4,32963326,false,1981357,0.434,58,10,512,13.460,79,64,false
mixed-058-1,mixed,seed=0xa3ba13a299dda089;cycles=10;planted=3;d_b=12;m=2;gap=6;k=4,32963326,false,1981357,0.434,58,10,1024,25.599,79,64,false
mixed-058-1,mixed,seed=0xa3ba13a299dda089;cycles=10;planted=3;d_b=12;m=2;gap=6;k=4,32963326,false,1981357,0.434,58,10,2048,50.704,58,10,false
mixed-058-1,mixed,seed=0xa3ba13a299dda089;cycles=10;planted=3;d_b=12;m=2;gap=6;k=4,32963326,false,1981357,0.434,58,10,4096,102.052,58,10,false
mixed-058-1,mixed,seed=0xa3ba13a299dda089;cycles=10;planted=3;d_b=12;m=2;gap=6;k=4,32963326,false,1981357,0.434,58,10,8192,205.593,58,10,false
mixed-058-1,mixed,seed=0xa3ba13a299dda089;cycles=10;planted=3;d_b=12;m=2;gap=6;k=4,32963326,false,1981357,0.434,58,10,16384,432.562,58,10,false
mixed-058-1,mixed,seed=0xa3ba13a299dda089;cycles=10;planted=3;d_b=12;m=2;gap=6;k=4,32963326,false,1981357,0.434,58,10,32768,891.754,58,10,false
mixed-058-1,mixed,seed=0xa3ba13a299dda089;cycles=10;planted=3;d_b=12;m=2;gap=6;k=4,32963326,false,1981357,0.434,58,10,65536,1840.675,58,10,false
mixed-058-1,mixed,seed=0xa3ba13a299dda089;cycles=10;planted=3;d_b=12;m=2;gap=6;k=4,32963326,false,1981357,0.434,58,10,131072,3695.534,58,10,false
mixed-058-1,mixed,seed=0xa3ba13a299dda089;cycles=10;planted=3;d_b=12;m=2;gap=6;k=4,32963326,false,1981357,0.434,58,10,262144,7530.480,58,10,false
dec-176,dec,d_b=16;m=3;gap=1;k=4;q=1;s=17,80,false,82,0.318,34,2,1,0.029,35,34,false
dec-176,dec,d_b=16;m=3;gap=1;k=4;q=1;s=17,80,false,82,0.318,34,2,2,0.037,35,34,false
dec-176,dec,d_b=16;m=3;gap=1;k=4;q=1;s=17,80,false,82,0.318,34,2,4,0.048,35,34,false
dec-176,dec,d_b=16;m=3;gap=1;k=4;q=1;s=17,80,false,82,0.318,34,2,8,0.060,35,34,false
dec-176,dec,d_b=16;m=3;gap=1;k=4;q=1;s=17,80,false,82,0.318,34,2,16,0.065,35,34,false
dec-176,dec,d_b=16;m=3;gap=1;k=4;q=1;s=17,80,false,82,0.318,34,2,32,0.097,35,34,false
dec-176,dec,d_b=16;m=3;gap=1;k=4;q=1;s=17,80,false,82,0.318,34,2,64,0.106,35,34,false
dec-176,dec,d_b=16;m=3;gap=1;k=4;q=1;s=17,80,false,82,0.318,34,2,128,0.142,35,34,false
dec-176,dec,d_b=16;m=3;gap=1;k=4;q=1;s=17,80,false,82,0.318,34,2,256,0.206,35,34,false
dec-176,dec,d_b=16;m=3;gap=1;k=4;q=1;s=17,80,false,82,0.318,34,2,512,0.317,35,34,false
dec-176,dec,d_b=16;m=3;gap=1;k=4;q=1;s=17,80,false,82,0.318,34,2,1024,0.502,35,34,false
dec-176,dec,d_b=16;m=3;gap=1;k=4;q=1;s=17,80,false,82,0.318,34,2,2048,0.851,35,34,false
dec-176,dec,d_b=16;m=3;gap=1;k=4;q=1;s=17,80,false,82,0.318,34,2,4096,1.556,35,34,false
dec-176,dec,d_b=16;m=3;gap=1;k=4;q=1;s=17,80,false,82,0.318,34,2,8192,2.803,35,34,false
dec-176,dec,d_b=16;m=3;gap=1;k=4;q=1;s=17,80,false,82,0.318,34,2,16384,5.255,35,34,false
dec-176,dec,d_b=16;m=3;gap=1;k=4;q=1;s=17,80,false,82,0.318,34,2,32768,9.820,35,34,false
dec-176,dec,d_b=16;m=3;gap=1;k=4;q=1;s=17,80,false,82,0.318,34,2,65536,18.940,35,34,false
dec-176,dec,d_b=16;m=3;gap=1;k=4;q=1;s=17,80,false,82,0.318,34,2,131072,37.323,35,34,false
dec-176,dec,d_b=16;m=3;gap=1;k=4;q=1;s=17,80,false,82,0.318,34,2,262144,72.485,35,34,false
mixed-058-2,mixed,seed=0x8e1cd60366327740;cycles=10;planted=3;d_b=12;m=2;gap=6;k=4,61,false,62,0.132,15,2,1,0.028,22,20,false
mixed-058-2,mixed,seed=0x8e1cd60366327740;cycles=10;planted=3;d_b=12;m=2;gap=6;k=4,61,false,62,0.132,15,2,2,0.030,22,20,false
mixed-058-2,mixed,seed=0x8e1cd60366327740;cycles=10;planted=3;d_b=12;m=2;gap=6;k=4,61,false,62,0.132,15,2,4,0.037,22,20,false
mixed-058-2,mixed,seed=0x8e1cd60366327740;cycles=10;planted=3;d_b=12;m=2;gap=6;k=4,61,false,62,0.132,15,2,8,0.050,22,20,false
mixed-058-2,mixed,seed=0x8e1cd60366327740;cycles=10;planted=3;d_b=12;m=2;gap=6;k=4,61,false,62,0.132,15,2,16,0.061,22,20,false
mixed-058-2,mixed,seed=0x8e1cd60366327740;cycles=10;planted=3;d_b=12;m=2;gap=6;k=4,61,false,62,0.132,15,2,32,0.098,22,20,false
mixed-058-2,mixed,seed=0x8e1cd60366327740;cycles=10;planted=3;d_b=12;m=2;gap=6;k=4,61,false,62,0.132,15,2,64,0.098,22,20,false
mixed-058-2,mixed,seed=0x8e1cd60366327740;cycles=10;planted=3;d_b=12;m=2;gap=6;k=4,61,false,62,0.132,15,2,128,0.151,22,20,false
mixed-058-2,mixed,seed=0x8e1cd60366327740;cycles=10;planted=3;d_b=12;m=2;gap=6;k=4,61,false,62,0.132,15,2,256,0.253,15,2,false
mixed-058-2,mixed,seed=0x8e1cd60366327740;cycles=10;planted=3;d_b=12;m=2;gap=6;k=4,61,false,62,0.132,15,2,512,0.406,15,2,false
mixed-058-2,mixed,seed=0x8e1cd60366327740;cycles=10;planted=3;d_b=12;m=2;gap=6;k=4,61,false,62,0.132,15,2,1024,0.718,15,2,false
mixed-058-2,mixed,seed=0x8e1cd60366327740;cycles=10;planted=3;d_b=12;m=2;gap=6;k=4,61,false,62,0.132,15,2,2048,1.296,15,2,false
mixed-058-2,mixed,seed=0x8e1cd60366327740;cycles=10;planted=3;d_b=12;m=2;gap=6;k=4,61,false,62,0.132,15,2,4096,2.424,15,2,false
mixed-058-2,mixed,seed=0x8e1cd60366327740;cycles=10;planted=3;d_b=12;m=2;gap=6;k=4,61,false,62,0.132,15,2,8192,4.576,15,2,false
mixed-058-2,mixed,seed=0x8e1cd60366327740;cycles=10;planted=3;d_b=12;m=2;gap=6;k=4,61,false,62,0.132,15,2,16384,8.754,15,2,false
mixed-058-2,mixed,seed=0x8e1cd60366327740;cycles=10;planted=3;d_b=12;m=2;gap=6;k=4,61,false,62,0.132,15,2,32768,16.844,15,2,false
mixed-058-2,mixed,seed=0x8e1cd60366327740;cycles=10;planted=3;d_b=12;m=2;gap=6;k=4,61,false,62,0.132,15,2,65536,33.035,15,2,false
mixed-058-2,mixed,seed=0x8e1cd60366327740;cycles=10;planted=3;d_b=12;m=2;gap=6;k=4,61,false,62,0.132,15,2,131072,65.068,15,2,false
mixed-058-2,mixed,seed=0x8e1cd60366327740;cycles=10;planted=3;d_b=12;m=2;gap=6;k=4,61,false,62,0.132,15,2,262144,127.936,15,2,false
dec-177,dec,d_b=16;m=3;gap=3;k=1;q=1;s=18,32,false,34,0.125,34,2,1,0.021,37,36,false
dec-177,dec,d_b=16;m=3;gap=3;k=1;q=1;s=18,32,false,34,0.125,34,2,2,0.029,37,36,false
dec-177,dec,d_b=16;m=3;gap=3;k=1;q=1;s=18,32,false,34,0.125,34,2,4,0.031,37,36,false
dec-177,dec,d_b=16;m=3;gap=3;k=1;q=1;s=18,32,false,34,0.125,34,2,8,0.041,37,36,false
dec-177,dec,d_b=16;m=3;gap=3;k=1;q=1;s=18,32,false,34,0.125,34,2,16,0.052,37,36,false
dec-177,dec,d_b=16;m=3;gap=3;k=1;q=1;s=18,32,false,34,0.125,34,2,32,0.068,37,36,false
dec-177,dec,d_b=16;m=3;gap=3;k=1;q=1;s=18,32,false,34,0.125,34,2,64,0.083,37,36,false
dec-177,dec,d_b=16;m=3;gap=3;k=1;q=1;s=18,32,false,34,0.125,34,2,128,0.123,37,36,false
dec-177,dec,d_b=16;m=3;gap=3;k=1;q=1;s=18,32,false,34,0.125,34,2,256,0.186,37,36,false
dec-177,dec,d_b=16;m=3;gap=3;k=1;q=1;s=18,32,false,34,0.125,34,2,512,0.314,34,2,false
dec-177,dec,d_b=16;m=3;gap=3;k=1;q=1;s=18,32,false,34,0.125,34,2,1024,0.524,34,2,false
dec-177,dec,d_b=16;m=3;gap=3;k=1;q=1;s=18,32,false,34,0.125,34,2,2048,0.924,34,2,false
dec-177,dec,d_b=16;m=3;gap=3;k=1;q=1;s=18,32,false,34,0.125,34,2,4096,1.622,34,2,false
dec-177,dec,d_b=16;m=3;gap=3;k=1;q=1;s=18,32,false,34,0.125,34,2,8192,2.901,34,2,false
dec-177,dec,d_b=16;m=3;gap=3;k=1;q=1;s=18,32,false,34,0.125,34,2,16384,5.147,34,2,false
dec-177,dec,d_b=16;m=3;gap=3;k=1;q=1;s=18,32,false,34,0.125,34,2,32768,9.255,34,2,false
dec-177,dec,d_b=16;m=3;gap=3;k=1;q=1;s=18,32,false,34,0.125,34,2,65536,16.895,34,2,false
dec-177,dec,d_b=16;m=3;gap=3;k=1;q=1;s=18,32,false,34,0.125,34,2,131072,32.239,34,2,false
dec-177,dec,d_b=16;m=3;gap=3;k=1;q=1;s=18,32,false,34,0.125,34,2,262144,61.677,34,2,false
mixed-059-0,mixed,seed=0x96512c2e64856700;cycles=10;planted=3;d_b=16;m=5;gap=2;k=1,66,false,72,0.335,134,4,1,0.062,140,136,false
mixed-059-0,mixed,seed=0x96512c2e64856700;cycles=10;planted=3;d_b=16;m=5;gap=2;k=1,66,false,72,0.335,134,4,2,0.072,140,136,false
mixed-059-0,mixed,seed=0x96512c2e64856700;cycles=10;planted=3;d_b=16;m=5;gap=2;k=1,66,false,72,0.335,134,4,4,0.071,140,136,false
mixed-059-0,mixed,seed=0x96512c2e64856700;cycles=10;planted=3;d_b=16;m=5;gap=2;k=1,66,false,72,0.335,134,4,8,0.117,140,136,false
mixed-059-0,mixed,seed=0x96512c2e64856700;cycles=10;planted=3;d_b=16;m=5;gap=2;k=1,66,false,72,0.335,134,4,16,0.172,140,136,false
mixed-059-0,mixed,seed=0x96512c2e64856700;cycles=10;planted=3;d_b=16;m=5;gap=2;k=1,66,false,72,0.335,134,4,32,0.255,140,136,false
mixed-059-0,mixed,seed=0x96512c2e64856700;cycles=10;planted=3;d_b=16;m=5;gap=2;k=1,66,false,72,0.335,134,4,64,0.386,140,136,false
mixed-059-0,mixed,seed=0x96512c2e64856700;cycles=10;planted=3;d_b=16;m=5;gap=2;k=1,66,false,72,0.335,134,4,128,0.609,140,136,false
mixed-059-0,mixed,seed=0x96512c2e64856700;cycles=10;planted=3;d_b=16;m=5;gap=2;k=1,66,false,72,0.335,134,4,256,1.102,140,136,false
mixed-059-0,mixed,seed=0x96512c2e64856700;cycles=10;planted=3;d_b=16;m=5;gap=2;k=1,66,false,72,0.335,134,4,512,1.986,140,136,false
mixed-059-0,mixed,seed=0x96512c2e64856700;cycles=10;planted=3;d_b=16;m=5;gap=2;k=1,66,false,72,0.335,134,4,1024,3.725,140,136,false
mixed-059-0,mixed,seed=0x96512c2e64856700;cycles=10;planted=3;d_b=16;m=5;gap=2;k=1,66,false,72,0.335,134,4,2048,7.023,140,136,false
mixed-059-0,mixed,seed=0x96512c2e64856700;cycles=10;planted=3;d_b=16;m=5;gap=2;k=1,66,false,72,0.335,134,4,4096,13.405,134,4,false
mixed-059-0,mixed,seed=0x96512c2e64856700;cycles=10;planted=3;d_b=16;m=5;gap=2;k=1,66,false,72,0.335,134,4,8192,25.455,134,4,false
mixed-059-0,mixed,seed=0x96512c2e64856700;cycles=10;planted=3;d_b=16;m=5;gap=2;k=1,66,false,72,0.335,134,4,16384,48.515,134,4,false
mixed-059-0,mixed,seed=0x96512c2e64856700;cycles=10;planted=3;d_b=16;m=5;gap=2;k=1,66,false,72,0.335,134,4,32768,93.506,134,4,false
mixed-059-0,mixed,seed=0x96512c2e64856700;cycles=10;planted=3;d_b=16;m=5;gap=2;k=1,66,false,72,0.335,134,4,65536,185.611,134,4,false
mixed-059-0,mixed,seed=0x96512c2e64856700;cycles=10;planted=3;d_b=16;m=5;gap=2;k=1,66,false,72,0.335,134,4,131072,361.297,134,4,false
mixed-059-0,mixed,seed=0x96512c2e64856700;cycles=10;planted=3;d_b=16;m=5;gap=2;k=1,66,false,72,0.335,134,4,262144,709.358,134,4,false
dec-178,dec,d_b=16;m=3;gap=3;k=2;q=1;s=18,48,false,50,0.195,34,2,1,0.026,37,36,false
dec-178,dec,d_b=16;m=3;gap=3;k=2;q=1;s=18,48,false,50,0.195,34,2,2,0.032,37,36,false
dec-178,dec,d_b=16;m=3;gap=3;k=2;q=1;s=18,48,false,50,0.195,34,2,4,0.040,37,36,false
dec-178,dec,d_b=16;m=3;gap=3;k=2;q=1;s=18,48,false,50,0.195,34,2,8,0.043,37,36,false
dec-178,dec,d_b=16;m=3;gap=3;k=2;q=1;s=18,48,false,50,0.195,34,2,16,0.071,37,36,false
dec-178,dec,d_b=16;m=3;gap=3;k=2;q=1;s=18,48,false,50,0.195,34,2,32,0.078,37,36,false
dec-178,dec,d_b=16;m=3;gap=3;k=2;q=1;s=18,48,false,50,0.195,34,2,64,0.099,37,36,false
dec-178,dec,d_b=16;m=3;gap=3;k=2;q=1;s=18,48,false,50,0.195,34,2,128,0.123,37,36,false
dec-178,dec,d_b=16;m=3;gap=3;k=2;q=1;s=18,48,false,50,0.195,34,2,256,0.185,37,36,false
dec-178,dec,d_b=16;m=3;gap=3;k=2;q=1;s=18,48,false,50,0.195,34,2,512,0.293,37,36,false
dec-178,dec,d_b=16;m=3;gap=3;k=2;q=1;s=18,48,false,50,0.195,34,2,1024,0.473,37,36,false
dec-178,dec,d_b=16;m=3;gap=3;k=2;q=1;s=18,48,false,50,0.195,34,2,2048,0.860,37,36,false
dec-178,dec,d_b=16;m=3;gap=3;k=2;q=1;s=18,48,false,50,0.195,34,2,4096,1.518,37,36,false
dec-178,dec,d_b=16;m=3;gap=3;k=2;q=1;s=18,48,false,50,0.195,34,2,8192,2.818,37,36,false
dec-178,dec,d_b=16;m=3;gap=3;k=2;q=1;s=18,48,false,50,0.195,34,2,16384,5.095,34,2,false
dec-178,dec,d_b=16;m=3;gap=3;k=2;q=1;s=18,48,false,50,0.195,34,2,32768,9.463,34,2,false
dec-178,dec,d_b=16;m=3;gap=3;k=2;q=1;s=18,48,false,50,0.195,34,2,65536,17.669,34,2,false
dec-178,dec,d_b=16;m=3;gap=3;k=2;q=1;s=18,48,false,50,0.195,34,2,131072,34.021,34,2,false
dec-178,dec,d_b=16;m=3;gap=3;k=2;q=1;s=18,48,false,50,0.195,34,2,262144,65.049,34,2,false
mixed-059-1,mixed,seed=0x4e8f822b54989a91;cycles=10;planted=3;d_b=16;m=5;gap=2;k=1,47511619,true,2848768,0.605,218,10,1,0.222,227,208,false
mixed-059-1,mixed,seed=0x4e8f822b54989a91;cycles=10;planted=3;d_b=16;m=5;gap=2;k=1,47511619,true,2848768,0.605,218,10,2,0.240,227,208,false
mixed-059-1,mixed,seed=0x4e8f822b54989a91;cycles=10;planted=3;d_b=16;m=5;gap=2;k=1,47511619,true,2848768,0.605,218,10,4,0.256,227,208,false
mixed-059-1,mixed,seed=0x4e8f822b54989a91;cycles=10;planted=3;d_b=16;m=5;gap=2;k=1,47511619,true,2848768,0.605,218,10,8,0.341,227,208,false
mixed-059-1,mixed,seed=0x4e8f822b54989a91;cycles=10;planted=3;d_b=16;m=5;gap=2;k=1,47511619,true,2848768,0.605,218,10,16,0.498,227,208,false
mixed-059-1,mixed,seed=0x4e8f822b54989a91;cycles=10;planted=3;d_b=16;m=5;gap=2;k=1,47511619,true,2848768,0.605,218,10,32,0.900,227,208,false
mixed-059-1,mixed,seed=0x4e8f822b54989a91;cycles=10;planted=3;d_b=16;m=5;gap=2;k=1,47511619,true,2848768,0.605,218,10,64,1.543,227,208,false
mixed-059-1,mixed,seed=0x4e8f822b54989a91;cycles=10;planted=3;d_b=16;m=5;gap=2;k=1,47511619,true,2848768,0.605,218,10,128,2.932,227,208,false
mixed-059-1,mixed,seed=0x4e8f822b54989a91;cycles=10;planted=3;d_b=16;m=5;gap=2;k=1,47511619,true,2848768,0.605,218,10,256,5.648,227,208,false
mixed-059-1,mixed,seed=0x4e8f822b54989a91;cycles=10;planted=3;d_b=16;m=5;gap=2;k=1,47511619,true,2848768,0.605,218,10,512,10.091,227,208,false
mixed-059-1,mixed,seed=0x4e8f822b54989a91;cycles=10;planted=3;d_b=16;m=5;gap=2;k=1,47511619,true,2848768,0.605,218,10,1024,18.873,227,208,false
mixed-059-1,mixed,seed=0x4e8f822b54989a91;cycles=10;planted=3;d_b=16;m=5;gap=2;k=1,47511619,true,2848768,0.605,218,10,2048,36.591,227,208,false
mixed-059-1,mixed,seed=0x4e8f822b54989a91;cycles=10;planted=3;d_b=16;m=5;gap=2;k=1,47511619,true,2848768,0.605,218,10,4096,71.673,227,208,false
mixed-059-1,mixed,seed=0x4e8f822b54989a91;cycles=10;planted=3;d_b=16;m=5;gap=2;k=1,47511619,true,2848768,0.605,218,10,8192,141.861,224,142,false
mixed-059-1,mixed,seed=0x4e8f822b54989a91;cycles=10;planted=3;d_b=16;m=5;gap=2;k=1,47511619,true,2848768,0.605,218,10,16384,289.012,224,142,false
mixed-059-1,mixed,seed=0x4e8f822b54989a91;cycles=10;planted=3;d_b=16;m=5;gap=2;k=1,47511619,true,2848768,0.605,218,10,32768,603.870,224,142,false
mixed-059-1,mixed,seed=0x4e8f822b54989a91;cycles=10;planted=3;d_b=16;m=5;gap=2;k=1,47511619,true,2848768,0.605,218,10,65536,1225.227,221,76,false
mixed-059-1,mixed,seed=0x4e8f822b54989a91;cycles=10;planted=3;d_b=16;m=5;gap=2;k=1,47511619,true,2848768,0.605,218,10,131072,2532.795,218,10,false
mixed-059-1,mixed,seed=0x4e8f822b54989a91;cycles=10;planted=3;d_b=16;m=5;gap=2;k=1,47511619,true,2848768,0.605,218,10,262144,5310.704,218,10,false
dec-179,dec,d_b=16;m=3;gap=3;k=4;q=1;s=18,80,false,82,0.336,34,2,1,0.030,37,36,false
dec-179,dec,d_b=16;m=3;gap=3;k=4;q=1;s=18,80,false,82,0.336,34,2,2,0.038,37,36,false
dec-179,dec,d_b=16;m=3;gap=3;k=4;q=1;s=18,80,false,82,0.336,34,2,4,0.048,37,36,false
dec-179,dec,d_b=16;m=3;gap=3;k=4;q=1;s=18,80,false,82,0.336,34,2,8,0.060,37,36,false
dec-179,dec,d_b=16;m=3;gap=3;k=4;q=1;s=18,80,false,82,0.336,34,2,16,0.070,37,36,false
dec-179,dec,d_b=16;m=3;gap=3;k=4;q=1;s=18,80,false,82,0.336,34,2,32,0.097,37,36,false
dec-179,dec,d_b=16;m=3;gap=3;k=4;q=1;s=18,80,false,82,0.336,34,2,64,0.105,37,36,false
dec-179,dec,d_b=16;m=3;gap=3;k=4;q=1;s=18,80,false,82,0.336,34,2,128,0.140,37,36,false
dec-179,dec,d_b=16;m=3;gap=3;k=4;q=1;s=18,80,false,82,0.336,34,2,256,0.210,37,36,false
dec-179,dec,d_b=16;m=3;gap=3;k=4;q=1;s=18,80,false,82,0.336,34,2,512,0.309,37,36,false
dec-179,dec,d_b=16;m=3;gap=3;k=4;q=1;s=18,80,false,82,0.336,34,2,1024,0.503,37,36,false
dec-179,dec,d_b=16;m=3;gap=3;k=4;q=1;s=18,80,false,82,0.336,34,2,2048,0.853,37,36,false
dec-179,dec,d_b=16;m=3;gap=3;k=4;q=1;s=18,80,false,82,0.336,34,2,4096,1.530,37,36,false
dec-179,dec,d_b=16;m=3;gap=3;k=4;q=1;s=18,80,false,82,0.336,34,2,8192,2.802,37,36,false
dec-179,dec,d_b=16;m=3;gap=3;k=4;q=1;s=18,80,false,82,0.336,34,2,16384,5.337,37,36,false
dec-179,dec,d_b=16;m=3;gap=3;k=4;q=1;s=18,80,false,82,0.336,34,2,32768,9.935,37,36,false
dec-179,dec,d_b=16;m=3;gap=3;k=4;q=1;s=18,80,false,82,0.336,34,2,65536,19.134,37,36,false
dec-179,dec,d_b=16;m=3;gap=3;k=4;q=1;s=18,80,false,82,0.336,34,2,131072,37.271,37,36,false
dec-179,dec,d_b=16;m=3;gap=3;k=4;q=1;s=18,80,false,82,0.336,34,2,262144,71.964,37,36,false
mixed-059-2,mixed,seed=0x87d9e2f9348ac8a8;cycles=10;planted=3;d_b=16;m=5;gap=2;k=1,32963238,false,1981218,0.550,215,10,1,0.159,224,208,false
mixed-059-2,mixed,seed=0x87d9e2f9348ac8a8;cycles=10;planted=3;d_b=16;m=5;gap=2;k=1,32963238,false,1981218,0.550,215,10,2,0.162,224,208,false
mixed-059-2,mixed,seed=0x87d9e2f9348ac8a8;cycles=10;planted=3;d_b=16;m=5;gap=2;k=1,32963238,false,1981218,0.550,215,10,4,0.162,224,208,false
mixed-059-2,mixed,seed=0x87d9e2f9348ac8a8;cycles=10;planted=3;d_b=16;m=5;gap=2;k=1,32963238,false,1981218,0.550,215,10,8,0.243,224,208,false
mixed-059-2,mixed,seed=0x87d9e2f9348ac8a8;cycles=10;planted=3;d_b=16;m=5;gap=2;k=1,32963238,false,1981218,0.550,215,10,16,0.310,224,208,false
mixed-059-2,mixed,seed=0x87d9e2f9348ac8a8;cycles=10;planted=3;d_b=16;m=5;gap=2;k=1,32963238,false,1981218,0.550,215,10,32,0.468,224,208,false
mixed-059-2,mixed,seed=0x87d9e2f9348ac8a8;cycles=10;planted=3;d_b=16;m=5;gap=2;k=1,32963238,false,1981218,0.550,215,10,64,0.701,224,208,false
mixed-059-2,mixed,seed=0x87d9e2f9348ac8a8;cycles=10;planted=3;d_b=16;m=5;gap=2;k=1,32963238,false,1981218,0.550,215,10,128,1.206,224,208,false
mixed-059-2,mixed,seed=0x87d9e2f9348ac8a8;cycles=10;planted=3;d_b=16;m=5;gap=2;k=1,32963238,false,1981218,0.550,215,10,256,2.245,224,208,false
mixed-059-2,mixed,seed=0x87d9e2f9348ac8a8;cycles=10;planted=3;d_b=16;m=5;gap=2;k=1,32963238,false,1981218,0.550,215,10,512,3.996,224,208,false
mixed-059-2,mixed,seed=0x87d9e2f9348ac8a8;cycles=10;planted=3;d_b=16;m=5;gap=2;k=1,32963238,false,1981218,0.550,215,10,1024,6.762,224,208,false
mixed-059-2,mixed,seed=0x87d9e2f9348ac8a8;cycles=10;planted=3;d_b=16;m=5;gap=2;k=1,32963238,false,1981218,0.550,215,10,2048,12.127,224,208,false
mixed-059-2,mixed,seed=0x87d9e2f9348ac8a8;cycles=10;planted=3;d_b=16;m=5;gap=2;k=1,32963238,false,1981218,0.550,215,10,4096,23.574,224,208,false
mixed-059-2,mixed,seed=0x87d9e2f9348ac8a8;cycles=10;planted=3;d_b=16;m=5;gap=2;k=1,32963238,false,1981218,0.550,215,10,8192,48.044,221,142,false
mixed-059-2,mixed,seed=0x87d9e2f9348ac8a8;cycles=10;planted=3;d_b=16;m=5;gap=2;k=1,32963238,false,1981218,0.550,215,10,16384,100.974,218,76,false
mixed-059-2,mixed,seed=0x87d9e2f9348ac8a8;cycles=10;planted=3;d_b=16;m=5;gap=2;k=1,32963238,false,1981218,0.550,215,10,32768,214.441,215,10,false
mixed-059-2,mixed,seed=0x87d9e2f9348ac8a8;cycles=10;planted=3;d_b=16;m=5;gap=2;k=1,32963238,false,1981218,0.550,215,10,65536,436.421,215,10,false
mixed-059-2,mixed,seed=0x87d9e2f9348ac8a8;cycles=10;planted=3;d_b=16;m=5;gap=2;k=1,32963238,false,1981218,0.550,215,10,131072,906.006,215,10,false
mixed-059-2,mixed,seed=0x87d9e2f9348ac8a8;cycles=10;planted=3;d_b=16;m=5;gap=2;k=1,32963238,false,1981218,0.550,215,10,262144,1901.572,215,10,false
dec-180,dec,d_b=16;m=3;gap=7;k=1;q=1;s=20,32,false,34,0.149,34,2,1,0.031,41,40,false
dec-180,dec,d_b=16;m=3;gap=7;k=1;q=1;s=20,32,false,34,0.149,34,2,2,0.036,41,40,false
dec-180,dec,d_b=16;m=3;gap=7;k=1;q=1;s=20,32,false,34,0.149,34,2,4,0.032,41,40,false
dec-180,dec,d_b=16;m=3;gap=7;k=1;q=1;s=20,32,false,34,0.149,34,2,8,0.055,41,40,false
dec-180,dec,d_b=16;m=3;gap=7;k=1;q=1;s=20,32,false,34,0.149,34,2,16,0.058,41,40,false
dec-180,dec,d_b=16;m=3;gap=7;k=1;q=1;s=20,32,false,34,0.149,34,2,32,0.075,41,40,false
dec-180,dec,d_b=16;m=3;gap=7;k=1;q=1;s=20,32,false,34,0.149,34,2,64,0.089,41,40,false
dec-180,dec,d_b=16;m=3;gap=7;k=1;q=1;s=20,32,false,34,0.149,34,2,128,0.127,41,40,false
dec-180,dec,d_b=16;m=3;gap=7;k=1;q=1;s=20,32,false,34,0.149,34,2,256,0.201,34,2,false
dec-180,dec,d_b=16;m=3;gap=7;k=1;q=1;s=20,32,false,34,0.149,34,2,512,0.328,34,2,false
dec-180,dec,d_b=16;m=3;gap=7;k=1;q=1;s=20,32,false,34,0.149,34,2,1024,0.542,34,2,false
dec-180,dec,d_b=16;m=3;gap=7;k=1;q=1;s=20,32,false,34,0.149,34,2,2048,0.943,34,2,false
dec-180,dec,d_b=16;m=3;gap=7;k=1;q=1;s=20,32,false,34,0.149,34,2,4096,1.629,34,2,false
dec-180,dec,d_b=16;m=3;gap=7;k=1;q=1;s=20,32,false,34,0.149,34,2,8192,2.961,34,2,false
dec-180,dec,d_b=16;m=3;gap=7;k=1;q=1;s=20,32,false,34,0.149,34,2,16384,5.205,34,2,false
dec-180,dec,d_b=16;m=3;gap=7;k=1;q=1;s=20,32,false,34,0.149,34,2,32768,9.344,34,2,false
dec-180,dec,d_b=16;m=3;gap=7;k=1;q=1;s=20,32,false,34,0.149,34,2,65536,17.376,34,2,false
dec-180,dec,d_b=16;m=3;gap=7;k=1;q=1;s=20,32,false,34,0.149,34,2,131072,32.550,34,2,false
dec-180,dec,d_b=16;m=3;gap=7;k=1;q=1;s=20,32,false,34,0.149,34,2,262144,63.193,34,2,false
dec-181,dec,d_b=16;m=3;gap=7;k=2;q=1;s=20,48,false,50,0.195,34,2,1,0.027,41,40,false
dec-181,dec,d_b=16;m=3;gap=7;k=2;q=1;s=20,48,false,50,0.195,34,2,2,0.032,41,40,false
dec-181,dec,d_b=16;m=3;gap=7;k=2;q=1;s=20,48,false,50,0.195,34,2,4,0.044,41,40,false
dec-181,dec,d_b=16;m=3;gap=7;k=2;q=1;s=20,48,false,50,0.195,34,2,8,0.047,41,40,false
dec-181,dec,d_b=16;m=3;gap=7;k=2;q=1;s=20,48,false,50,0.195,34,2,16,0.063,41,40,false
dec-181,dec,d_b=16;m=3;gap=7;k=2;q=1;s=20,48,false,50,0.195,34,2,32,0.091,41,40,false
dec-181,dec,d_b=16;m=3;gap=7;k=2;q=1;s=20,48,false,50,0.195,34,2,64,0.098,41,40,false
dec-181,dec,d_b=16;m=3;gap=7;k=2;q=1;s=20,48,false,50,0.195,34,2,128,0.149,41,40,false
dec-181,dec,d_b=16;m=3;gap=7;k=2;q=1;s=20,48,false,50,0.195,34,2,256,0.193,41,40,false
dec-181,dec,d_b=16;m=3;gap=7;k=2;q=1;s=20,48,false,50,0.195,34,2,512,0.309,41,40,false
dec-181,dec,d_b=16;m=3;gap=7;k=2;q=1;s=20,48,false,50,0.195,34,2,1024,0.488,41,40,false
dec-181,dec,d_b=16;m=3;gap=7;k=2;q=1;s=20,48,false,50,0.195,34,2,2048,0.899,34,2,false
dec-181,dec,d_b=16;m=3;gap=7;k=2;q=1;s=20,48,false,50,0.195,34,2,4096,1.571,34,2,false
dec-181,dec,d_b=16;m=3;gap=7;k=2;q=1;s=20,48,false,50,0.195,34,2,8192,2.823,34,2,false
dec-181,dec,d_b=16;m=3;gap=7;k=2;q=1;s=20,48,false,50,0.195,34,2,16384,5.184,34,2,false
dec-181,dec,d_b=16;m=3;gap=7;k=2;q=1;s=20,48,false,50,0.195,34,2,32768,9.667,34,2,false
dec-181,dec,d_b=16;m=3;gap=7;k=2;q=1;s=20,48,false,50,0.195,34,2,65536,17.887,34,2,false
dec-181,dec,d_b=16;m=3;gap=7;k=2;q=1;s=20,48,false,50,0.195,34,2,131072,34.026,34,2,false
dec-181,dec,d_b=16;m=3;gap=7;k=2;q=1;s=20,48,false,50,0.195,34,2,262144,65.575,34,2,false
dec-182,dec,d_b=16;m=3;gap=7;k=4;q=1;s=20,80,false,82,0.322,34,2,1,0.030,41,40,false
dec-182,dec,d_b=16;m=3;gap=7;k=4;q=1;s=20,80,false,82,0.322,34,2,2,0.036,41,40,false
dec-182,dec,d_b=16;m=3;gap=7;k=4;q=1;s=20,80,false,82,0.322,34,2,4,0.052,41,40,false
dec-182,dec,d_b=16;m=3;gap=7;k=4;q=1;s=20,80,false,82,0.322,34,2,8,0.061,41,40,false
dec-182,dec,d_b=16;m=3;gap=7;k=4;q=1;s=20,80,false,82,0.322,34,2,16,0.078,41,40,false
dec-182,dec,d_b=16;m=3;gap=7;k=4;q=1;s=20,80,false,82,0.322,34,2,32,0.103,41,40,false
dec-182,dec,d_b=16;m=3;gap=7;k=4;q=1;s=20,80,false,82,0.322,34,2,64,0.115,41,40,false
dec-182,dec,d_b=16;m=3;gap=7;k=4;q=1;s=20,80,false,82,0.322,34,2,128,0.154,41,40,false
dec-182,dec,d_b=16;m=3;gap=7;k=4;q=1;s=20,80,false,82,0.322,34,2,256,0.220,41,40,false
dec-182,dec,d_b=16;m=3;gap=7;k=4;q=1;s=20,80,false,82,0.322,34,2,512,0.318,41,40,false
dec-182,dec,d_b=16;m=3;gap=7;k=4;q=1;s=20,80,false,82,0.322,34,2,1024,0.515,41,40,false
dec-182,dec,d_b=16;m=3;gap=7;k=4;q=1;s=20,80,false,82,0.322,34,2,2048,0.852,41,40,false
dec-182,dec,d_b=16;m=3;gap=7;k=4;q=1;s=20,80,false,82,0.322,34,2,4096,1.531,41,40,false
dec-182,dec,d_b=16;m=3;gap=7;k=4;q=1;s=20,80,false,82,0.322,34,2,8192,2.827,41,40,false
dec-182,dec,d_b=16;m=3;gap=7;k=4;q=1;s=20,80,false,82,0.322,34,2,16384,5.276,41,40,false
dec-182,dec,d_b=16;m=3;gap=7;k=4;q=1;s=20,80,false,82,0.322,34,2,32768,10.076,41,40,false
dec-182,dec,d_b=16;m=3;gap=7;k=4;q=1;s=20,80,false,82,0.322,34,2,65536,19.299,41,40,false
dec-182,dec,d_b=16;m=3;gap=7;k=4;q=1;s=20,80,false,82,0.322,34,2,131072,36.921,34,2,false
dec-182,dec,d_b=16;m=3;gap=7;k=4;q=1;s=20,80,false,82,0.322,34,2,262144,71.196,34,2,false
dec-183,dec,d_b=16;m=3;gap=13;k=1;q=1;s=23,32,false,34,0.113,34,2,1,0.022,47,46,false
dec-183,dec,d_b=16;m=3;gap=13;k=1;q=1;s=23,32,false,34,0.113,34,2,2,0.040,47,46,false
dec-183,dec,d_b=16;m=3;gap=13;k=1;q=1;s=23,32,false,34,0.113,34,2,4,0.033,47,46,false
dec-183,dec,d_b=16;m=3;gap=13;k=1;q=1;s=23,32,false,34,0.113,34,2,8,0.051,47,46,false
dec-183,dec,d_b=16;m=3;gap=13;k=1;q=1;s=23,32,false,34,0.113,34,2,16,0.059,47,46,false
dec-183,dec,d_b=16;m=3;gap=13;k=1;q=1;s=23,32,false,34,0.113,34,2,32,0.084,47,46,false
dec-183,dec,d_b=16;m=3;gap=13;k=1;q=1;s=23,32,false,34,0.113,34,2,64,0.095,47,46,false
dec-183,dec,d_b=16;m=3;gap=13;k=1;q=1;s=23,32,false,34,0.113,34,2,128,0.163,34,2,false
dec-183,dec,d_b=16;m=3;gap=13;k=1;q=1;s=23,32,false,34,0.113,34,2,256,0.232,34,2,false
dec-183,dec,d_b=16;m=3;gap=13;k=1;q=1;s=23,32,false,34,0.113,34,2,512,0.339,34,2,false
dec-183,dec,d_b=16;m=3;gap=13;k=1;q=1;s=23,32,false,34,0.113,34,2,1024,0.576,34,2,false
dec-183,dec,d_b=16;m=3;gap=13;k=1;q=1;s=23,32,false,34,0.113,34,2,2048,0.974,34,2,false
dec-183,dec,d_b=16;m=3;gap=13;k=1;q=1;s=23,32,false,34,0.113,34,2,4096,1.726,34,2,false
dec-183,dec,d_b=16;m=3;gap=13;k=1;q=1;s=23,32,false,34,0.113,34,2,8192,2.991,34,2,false
dec-183,dec,d_b=16;m=3;gap=13;k=1;q=1;s=23,32,false,34,0.113,34,2,16384,5.372,34,2,false
dec-183,dec,d_b=16;m=3;gap=13;k=1;q=1;s=23,32,false,34,0.113,34,2,32768,9.734,34,2,false
dec-183,dec,d_b=16;m=3;gap=13;k=1;q=1;s=23,32,false,34,0.113,34,2,65536,17.571,34,2,false
dec-183,dec,d_b=16;m=3;gap=13;k=1;q=1;s=23,32,false,34,0.113,34,2,131072,33.372,34,2,false
dec-183,dec,d_b=16;m=3;gap=13;k=1;q=1;s=23,32,false,34,0.113,34,2,262144,63.269,34,2,false
dec-184,dec,d_b=16;m=3;gap=13;k=2;q=1;s=23,48,false,50,0.158,34,2,1,0.028,47,46,false
dec-184,dec,d_b=16;m=3;gap=13;k=2;q=1;s=23,48,false,50,0.158,34,2,2,0.038,47,46,false
dec-184,dec,d_b=16;m=3;gap=13;k=2;q=1;s=23,48,false,50,0.158,34,2,4,0.046,47,46,false
dec-184,dec,d_b=16;m=3;gap=13;k=2;q=1;s=23,48,false,50,0.158,34,2,8,0.049,47,46,false
dec-184,dec,d_b=16;m=3;gap=13;k=2;q=1;s=23,48,false,50,0.158,34,2,16,0.077,47,46,false
dec-184,dec,d_b=16;m=3;gap=13;k=2;q=1;s=23,48,false,50,0.158,34,2,32,0.085,47,46,false
dec-184,dec,d_b=16;m=3;gap=13;k=2;q=1;s=23,48,false,50,0.158,34,2,64,0.119,47,46,false
dec-184,dec,d_b=16;m=3;gap=13;k=2;q=1;s=23,48,false,50,0.158,34,2,128,0.149,47,46,false
dec-184,dec,d_b=16;m=3;gap=13;k=2;q=1;s=23,48,false,50,0.158,34,2,256,0.203,47,46,false
dec-184,dec,d_b=16;m=3;gap=13;k=2;q=1;s=23,48,false,50,0.158,34,2,512,0.333,34,2,false
dec-184,dec,d_b=16;m=3;gap=13;k=2;q=1;s=23,48,false,50,0.158,34,2,1024,0.532,34,2,false
dec-184,dec,d_b=16;m=3;gap=13;k=2;q=1;s=23,48,false,50,0.158,34,2,2048,0.897,34,2,false
dec-184,dec,d_b=16;m=3;gap=13;k=2;q=1;s=23,48,false,50,0.158,34,2,4096,1.603,34,2,false
dec-184,dec,d_b=16;m=3;gap=13;k=2;q=1;s=23,48,false,50,0.158,34,2,8192,2.895,34,2,false
dec-184,dec,d_b=16;m=3;gap=13;k=2;q=1;s=23,48,false,50,0.158,34,2,16384,5.251,34,2,false
dec-184,dec,d_b=16;m=3;gap=13;k=2;q=1;s=23,48,false,50,0.158,34,2,32768,9.793,34,2,false
dec-184,dec,d_b=16;m=3;gap=13;k=2;q=1;s=23,48,false,50,0.158,34,2,65536,18.160,34,2,false
dec-184,dec,d_b=16;m=3;gap=13;k=2;q=1;s=23,48,false,50,0.158,34,2,131072,34.917,34,2,false
dec-184,dec,d_b=16;m=3;gap=13;k=2;q=1;s=23,48,false,50,0.158,34,2,262144,67.526,34,2,false
dec-185,dec,d_b=16;m=3;gap=13;k=4;q=1;s=23,80,false,82,0.282,34,2,1,0.031,47,46,false
dec-185,dec,d_b=16;m=3;gap=13;k=4;q=1;s=23,80,false,82,0.282,34,2,2,0.039,47,46,false
dec-185,dec,d_b=16;m=3;gap=13;k=4;q=1;s=23,80,false,82,0.282,34,2,4,0.060,47,46,false
dec-185,dec,d_b=16;m=3;gap=13;k=4;q=1;s=23,80,false,82,0.282,34,2,8,0.074,47,46,false
dec-185,dec,d_b=16;m=3;gap=13;k=4;q=1;s=23,80,false,82,0.282,34,2,16,0.084,47,46,false
dec-185,dec,d_b=16;m=3;gap=13;k=4;q=1;s=23,80,false,82,0.282,34,2,32,0.110,47,46,false
dec-185,dec,d_b=16;m=3;gap=13;k=4;q=1;s=23,80,false,82,0.282,34,2,64,0.121,47,46,false
dec-185,dec,d_b=16;m=3;gap=13;k=4;q=1;s=23,80,false,82,0.282,34,2,128,0.181,47,46,false
dec-185,dec,d_b=16;m=3;gap=13;k=4;q=1;s=23,80,false,82,0.282,34,2,256,0.253,47,46,false
dec-185,dec,d_b=16;m=3;gap=13;k=4;q=1;s=23,80,false,82,0.282,34,2,512,0.324,47,46,false
dec-185,dec,d_b=16;m=3;gap=13;k=4;q=1;s=23,80,false,82,0.282,34,2,1024,0.525,47,46,false
dec-185,dec,d_b=16;m=3;gap=13;k=4;q=1;s=23,80,false,82,0.282,34,2,2048,0.861,47,46,false
dec-185,dec,d_b=16;m=3;gap=13;k=4;q=1;s=23,80,false,82,0.282,34,2,4096,1.559,47,46,false
dec-185,dec,d_b=16;m=3;gap=13;k=4;q=1;s=23,80,false,82,0.282,34,2,8192,2.912,34,2,false
dec-185,dec,d_b=16;m=3;gap=13;k=4;q=1;s=23,80,false,82,0.282,34,2,16384,5.335,34,2,false
dec-185,dec,d_b=16;m=3;gap=13;k=4;q=1;s=23,80,false,82,0.282,34,2,32768,10.209,34,2,false
dec-185,dec,d_b=16;m=3;gap=13;k=4;q=1;s=23,80,false,82,0.282,34,2,65536,19.555,34,2,false
dec-185,dec,d_b=16;m=3;gap=13;k=4;q=1;s=23,80,false,82,0.282,34,2,131072,38.081,34,2,false
dec-185,dec,d_b=16;m=3;gap=13;k=4;q=1;s=23,80,false,82,0.282,34,2,262144,73.775,34,2,false
dec-186,dec,d_b=16;m=5;gap=1;k=1;q=3;s=33,32,false,34,0.174,66,2,1,0.030,67,66,false
dec-186,dec,d_b=16;m=5;gap=1;k=1;q=3;s=33,32,false,34,0.174,66,2,2,0.053,67,66,false
dec-186,dec,d_b=16;m=5;gap=1;k=1;q=3;s=33,32,false,34,0.174,66,2,4,0.052,67,66,false
dec-186,dec,d_b=16;m=5;gap=1;k=1;q=3;s=33,32,false,34,0.174,66,2,8,0.073,67,66,false
dec-186,dec,d_b=16;m=5;gap=1;k=1;q=3;s=33,32,false,34,0.174,66,2,16,0.092,67,66,false
dec-186,dec,d_b=16;m=5;gap=1;k=1;q=3;s=33,32,false,34,0.174,66,2,32,0.120,67,66,false
dec-186,dec,d_b=16;m=5;gap=1;k=1;q=3;s=33,32,false,34,0.174,66,2,64,0.141,67,66,false
dec-186,dec,d_b=16;m=5;gap=1;k=1;q=3;s=33,32,false,34,0.174,66,2,128,0.175,67,66,false
dec-186,dec,d_b=16;m=5;gap=1;k=1;q=3;s=33,32,false,34,0.174,66,2,256,0.233,67,66,false
dec-186,dec,d_b=16;m=5;gap=1;k=1;q=3;s=33,32,false,34,0.174,66,2,512,0.370,67,66,false
dec-186,dec,d_b=16;m=5;gap=1;k=1;q=3;s=33,32,false,34,0.174,66,2,1024,0.558,67,66,false
dec-186,dec,d_b=16;m=5;gap=1;k=1;q=3;s=33,32,false,34,0.174,66,2,2048,0.964,66,2,false
dec-186,dec,d_b=16;m=5;gap=1;k=1;q=3;s=33,32,false,34,0.174,66,2,4096,1.663,66,2,false
dec-186,dec,d_b=16;m=5;gap=1;k=1;q=3;s=33,32,false,34,0.174,66,2,8192,2.898,66,2,false
dec-186,dec,d_b=16;m=5;gap=1;k=1;q=3;s=33,32,false,34,0.174,66,2,16384,5.179,66,2,false
dec-186,dec,d_b=16;m=5;gap=1;k=1;q=3;s=33,32,false,34,0.174,66,2,32768,9.292,66,2,false
dec-186,dec,d_b=16;m=5;gap=1;k=1;q=3;s=33,32,false,34,0.174,66,2,65536,17.055,66,2,false
dec-186,dec,d_b=16;m=5;gap=1;k=1;q=3;s=33,32,false,34,0.174,66,2,131072,32.142,66,2,false
dec-186,dec,d_b=16;m=5;gap=1;k=1;q=3;s=33,32,false,34,0.174,66,2,262144,63.516,66,2,false
dec-187,dec,d_b=16;m=5;gap=1;k=2;q=3;s=33,48,false,50,0.292,66,2,1,0.033,67,66,false
dec-187,dec,d_b=16;m=5;gap=1;k=2;q=3;s=33,48,false,50,0.292,66,2,2,0.048,67,66,false
dec-187,dec,d_b=16;m=5;gap=1;k=2;q=3;s=33,48,false,50,0.292,66,2,4,0.057,67,66,false
dec-187,dec,d_b=16;m=5;gap=1;k=2;q=3;s=33,48,false,50,0.292,66,2,8,0.061,67,66,false
dec-187,dec,d_b=16;m=5;gap=1;k=2;q=3;s=33,48,false,50,0.292,66,2,16,0.088,67,66,false
dec-187,dec,d_b=16;m=5;gap=1;k=2;q=3;s=33,48,false,50,0.292,66,2,32,0.107,67,66,false
dec-187,dec,d_b=16;m=5;gap=1;k=2;q=3;s=33,48,false,50,0.292,66,2,64,0.138,67,66,false
dec-187,dec,d_b=16;m=5;gap=1;k=2;q=3;s=33,48,false,50,0.292,66,2,128,0.172,67,66,false
dec-187,dec,d_b=16;m=5;gap=1;k=2;q=3;s=33,48,false,50,0.292,66,2,256,0.232,67,66,false
dec-187,dec,d_b=16;m=5;gap=1;k=2;q=3;s=33,48,false,50,0.292,66,2,512,0.351,67,66,false
dec-187,dec,d_b=16;m=5;gap=1;k=2;q=3;s=33,48,false,50,0.292,66,2,1024,0.539,67,66,false
dec-187,dec,d_b=16;m=5;gap=1;k=2;q=3;s=33,48,false,50,0.292,66,2,2048,0.954,67,66,false
dec-187,dec,d_b=16;m=5;gap=1;k=2;q=3;s=33,48,false,50,0.292,66,2,4096,1.581,67,66,false
dec-187,dec,d_b=16;m=5;gap=1;k=2;q=3;s=33,48,false,50,0.292,66,2,8192,2.791,67,66,false
dec-187,dec,d_b=16;m=5;gap=1;k=2;q=3;s=33,48,false,50,0.292,66,2,16384,5.131,67,66,false
dec-187,dec,d_b=16;m=5;gap=1;k=2;q=3;s=33,48,false,50,0.292,66,2,32768,9.386,67,66,false
dec-187,dec,d_b=16;m=5;gap=1;k=2;q=3;s=33,48,false,50,0.292,66,2,65536,17.547,67,66,false
dec-187,dec,d_b=16;m=5;gap=1;k=2;q=3;s=33,48,false,50,0.292,66,2,131072,33.436,67,66,false
dec-187,dec,d_b=16;m=5;gap=1;k=2;q=3;s=33,48,false,50,0.292,66,2,262144,64.774,66,2,false
dec-188,dec,d_b=16;m=5;gap=1;k=4;q=3;s=33,80,false,82,0.491,66,2,1,0.035,67,66,false
dec-188,dec,d_b=16;m=5;gap=1;k=4;q=3;s=33,80,false,82,0.491,66,2,2,0.047,67,66,false
dec-188,dec,d_b=16;m=5;gap=1;k=4;q=3;s=33,80,false,82,0.491,66,2,4,0.073,67,66,false
dec-188,dec,d_b=16;m=5;gap=1;k=4;q=3;s=33,80,false,82,0.491,66,2,8,0.086,67,66,false
dec-188,dec,d_b=16;m=5;gap=1;k=4;q=3;s=33,80,false,82,0.491,66,2,16,0.099,67,66,false
dec-188,dec,d_b=16;m=5;gap=1;k=4;q=3;s=33,80,false,82,0.491,66,2,32,0.147,67,66,false
dec-188,dec,d_b=16;m=5;gap=1;k=4;q=3;s=33,80,false,82,0.491,66,2,64,0.159,67,66,false
dec-188,dec,d_b=16;m=5;gap=1;k=4;q=3;s=33,80,false,82,0.491,66,2,128,0.204,67,66,false
dec-188,dec,d_b=16;m=5;gap=1;k=4;q=3;s=33,80,false,82,0.491,66,2,256,0.279,67,66,false
dec-188,dec,d_b=16;m=5;gap=1;k=4;q=3;s=33,80,false,82,0.491,66,2,512,0.407,67,66,false
dec-188,dec,d_b=16;m=5;gap=1;k=4;q=3;s=33,80,false,82,0.491,66,2,1024,0.590,67,66,false
dec-188,dec,d_b=16;m=5;gap=1;k=4;q=3;s=33,80,false,82,0.491,66,2,2048,0.933,67,66,false
dec-188,dec,d_b=16;m=5;gap=1;k=4;q=3;s=33,80,false,82,0.491,66,2,4096,1.577,67,66,false
dec-188,dec,d_b=16;m=5;gap=1;k=4;q=3;s=33,80,false,82,0.491,66,2,8192,2.895,67,66,false
dec-188,dec,d_b=16;m=5;gap=1;k=4;q=3;s=33,80,false,82,0.491,66,2,16384,5.319,67,66,false
dec-188,dec,d_b=16;m=5;gap=1;k=4;q=3;s=33,80,false,82,0.491,66,2,32768,10.036,67,66,false
dec-188,dec,d_b=16;m=5;gap=1;k=4;q=3;s=33,80,false,82,0.491,66,2,65536,19.126,67,66,false
dec-188,dec,d_b=16;m=5;gap=1;k=4;q=3;s=33,80,false,82,0.491,66,2,131072,37.046,67,66,false
dec-188,dec,d_b=16;m=5;gap=1;k=4;q=3;s=33,80,false,82,0.491,66,2,262144,72.047,67,66,false
dec-189,dec,d_b=16;m=5;gap=3;k=1;q=3;s=34,32,false,34,0.179,66,2,1,0.035,69,68,false
dec-189,dec,d_b=16;m=5;gap=3;k=1;q=3;s=34,32,false,34,0.179,66,2,2,0.048,69,68,false
dec-189,dec,d_b=16;m=5;gap=3;k=1;q=3;s=34,32,false,34,0.179,66,2,4,0.044,69,68,false
dec-189,dec,d_b=16;m=5;gap=3;k=1;q=3;s=34,32,false,34,0.179,66,2,8,0.058,69,68,false
dec-189,dec,d_b=16;m=5;gap=3;k=1;q=3;s=34,32,false,34,0.179,66,2,16,0.078,69,68,false
dec-189,dec,d_b=16;m=5;gap=3;k=1;q=3;s=34,32,false,34,0.179,66,2,32,0.097,69,68,false
dec-189,dec,d_b=16;m=5;gap=3;k=1;q=3;s=34,32,false,34,0.179,66,2,64,0.111,69,68,false
dec-189,dec,d_b=16;m=5;gap=3;k=1;q=3;s=34,32,false,34,0.179,66,2,128,0.153,69,68,false
dec-189,dec,d_b=16;m=5;gap=3;k=1;q=3;s=34,32,false,34,0.179,66,2,256,0.230,69,68,false
dec-189,dec,d_b=16;m=5;gap=3;k=1;q=3;s=34,32,false,34,0.179,66,2,512,0.349,69,68,false
dec-189,dec,d_b=16;m=5;gap=3;k=1;q=3;s=34,32,false,34,0.179,66,2,1024,0.549,69,68,false
dec-189,dec,d_b=16;m=5;gap=3;k=1;q=3;s=34,32,false,34,0.179,66,2,2048,0.945,66,2,false
dec-189,dec,d_b=16;m=5;gap=3;k=1;q=3;s=34,32,false,34,0.179,66,2,4096,1.653,66,2,false
dec-189,dec,d_b=16;m=5;gap=3;k=1;q=3;s=34,32,false,34,0.179,66,2,8192,2.834,66,2,false
dec-189,dec,d_b=16;m=5;gap=3;k=1;q=3;s=34,32,false,34,0.179,66,2,16384,5.078,66,2,false
dec-189,dec,d_b=16;m=5;gap=3;k=1;q=3;s=34,32,false,34,0.179,66,2,32768,9.044,66,2,false
dec-189,dec,d_b=16;m=5;gap=3;k=1;q=3;s=34,32,false,34,0.179,66,2,65536,17.060,66,2,false
dec-189,dec,d_b=16;m=5;gap=3;k=1;q=3;s=34,32,false,34,0.179,66,2,131072,32.014,66,2,false
dec-189,dec,d_b=16;m=5;gap=3;k=1;q=3;s=34,32,false,34,0.179,66,2,262144,61.898,66,2,false
dec-190,dec,d_b=16;m=5;gap=3;k=2;q=3;s=34,48,false,50,0.283,66,2,1,0.034,69,68,false
dec-190,dec,d_b=16;m=5;gap=3;k=2;q=3;s=34,48,false,50,0.283,66,2,2,0.052,69,68,false
dec-190,dec,d_b=16;m=5;gap=3;k=2;q=3;s=34,48,false,50,0.283,66,2,4,0.058,69,68,false
dec-190,dec,d_b=16;m=5;gap=3;k=2;q=3;s=34,48,false,50,0.283,66,2,8,0.062,69,68,false
dec-190,dec,d_b=16;m=5;gap=3;k=2;q=3;s=34,48,false,50,0.283,66,2,16,0.101,69,68,false
dec-190,dec,d_b=16;m=5;gap=3;k=2;q=3;s=34,48,false,50,0.283,66,2,32,0.107,69,68,false
dec-190,dec,d_b=16;m=5;gap=3;k=2;q=3;s=34,48,false,50,0.283,66,2,64,0.136,69,68,false
dec-190,dec,d_b=16;m=5;gap=3;k=2;q=3;s=34,48,false,50,0.283,66,2,128,0.178,69,68,false
dec-190,dec,d_b=16;m=5;gap=3;k=2;q=3;s=34,48,false,50,0.283,66,2,256,0.236,69,68,false
dec-190,dec,d_b=16;m=5;gap=3;k=2;q=3;s=34,48,false,50,0.283,66,2,512,0.353,69,68,false
dec-190,dec,d_b=16;m=5;gap=3;k=2;q=3;s=34,48,false,50,0.283,66,2,1024,0.540,69,68,false
dec-190,dec,d_b=16;m=5;gap=3;k=2;q=3;s=34,48,false,50,0.283,66,2,2048,0.925,69,68,false
dec-190,dec,d_b=16;m=5;gap=3;k=2;q=3;s=34,48,false,50,0.283,66,2,4096,1.593,69,68,false
dec-190,dec,d_b=16;m=5;gap=3;k=2;q=3;s=34,48,false,50,0.283,66,2,8192,2.806,69,68,false
dec-190,dec,d_b=16;m=5;gap=3;k=2;q=3;s=34,48,false,50,0.283,66,2,16384,5.145,69,68,false
dec-190,dec,d_b=16;m=5;gap=3;k=2;q=3;s=34,48,false,50,0.283,66,2,32768,9.371,69,68,false
dec-190,dec,d_b=16;m=5;gap=3;k=2;q=3;s=34,48,false,50,0.283,66,2,65536,17.721,69,68,false
dec-190,dec,d_b=16;m=5;gap=3;k=2;q=3;s=34,48,false,50,0.283,66,2,131072,33.611,69,68,false
dec-190,dec,d_b=16;m=5;gap=3;k=2;q=3;s=34,48,false,50,0.283,66,2,262144,65.191,66,2,false
dec-191,dec,d_b=16;m=5;gap=3;k=4;q=3;s=34,80,false,82,0.496,66,2,1,0.035,69,68,false
dec-191,dec,d_b=16;m=5;gap=3;k=4;q=3;s=34,80,false,82,0.496,66,2,2,0.050,69,68,false
dec-191,dec,d_b=16;m=5;gap=3;k=4;q=3;s=34,80,false,82,0.496,66,2,4,0.073,69,68,false
dec-191,dec,d_b=16;m=5;gap=3;k=4;q=3;s=34,80,false,82,0.496,66,2,8,0.088,69,68,false
dec-191,dec,d_b=16;m=5;gap=3;k=4;q=3;s=34,80,false,82,0.496,66,2,16,0.101,69,68,false
dec-191,dec,d_b=16;m=5;gap=3;k=4;q=3;s=34,80,false,82,0.496,66,2,32,0.153,69,68,false
dec-191,dec,d_b=16;m=5;gap=3;k=4;q=3;s=34,80,false,82,0.496,66,2,64,0.161,69,68,false
dec-191,dec,d_b=16;m=5;gap=3;k=4;q=3;s=34,80,false,82,0.496,66,2,128,0.201,69,68,false
dec-191,dec,d_b=16;m=5;gap=3;k=4;q=3;s=34,80,false,82,0.496,66,2,256,0.279,69,68,false
dec-191,dec,d_b=16;m=5;gap=3;k=4;q=3;s=34,80,false,82,0.496,66,2,512,0.382,69,68,false
dec-191,dec,d_b=16;m=5;gap=3;k=4;q=3;s=34,80,false,82,0.496,66,2,1024,0.589,69,68,false
dec-191,dec,d_b=16;m=5;gap=3;k=4;q=3;s=34,80,false,82,0.496,66,2,2048,0.910,69,68,false
dec-191,dec,d_b=16;m=5;gap=3;k=4;q=3;s=34,80,false,82,0.496,66,2,4096,1.559,69,68,false
dec-191,dec,d_b=16;m=5;gap=3;k=4;q=3;s=34,80,false,82,0.496,66,2,8192,2.851,69,68,false
dec-191,dec,d_b=16;m=5;gap=3;k=4;q=3;s=34,80,false,82,0.496,66,2,16384,5.314,69,68,false
dec-191,dec,d_b=16;m=5;gap=3;k=4;q=3;s=34,80,false,82,0.496,66,2,32768,9.930,69,68,false
dec-191,dec,d_b=16;m=5;gap=3;k=4;q=3;s=34,80,false,82,0.496,66,2,65536,19.316,69,68,false
dec-191,dec,d_b=16;m=5;gap=3;k=4;q=3;s=34,80,false,82,0.496,66,2,131072,37.189,69,68,false
dec-191,dec,d_b=16;m=5;gap=3;k=4;q=3;s=34,80,false,82,0.496,66,2,262144,71.583,69,68,false
dec-192,dec,d_b=16;m=5;gap=7;k=1;q=3;s=36,32,false,34,0.176,66,2,1,0.030,73,72,false
dec-192,dec,d_b=16;m=5;gap=7;k=1;q=3;s=36,32,false,34,0.176,66,2,2,0.044,73,72,false
dec-192,dec,d_b=16;m=5;gap=7;k=1;q=3;s=36,32,false,34,0.176,66,2,4,0.045,73,72,false
dec-192,dec,d_b=16;m=5;gap=7;k=1;q=3;s=36,32,false,34,0.176,66,2,8,0.060,73,72,false
dec-192,dec,d_b=16;m=5;gap=7;k=1;q=3;s=36,32,false,34,0.176,66,2,16,0.079,73,72,false
dec-192,dec,d_b=16;m=5;gap=7;k=1;q=3;s=36,32,false,34,0.176,66,2,32,0.098,73,72,false
dec-192,dec,d_b=16;m=5;gap=7;k=1;q=3;s=36,32,false,34,0.176,66,2,64,0.112,73,72,false
dec-192,dec,d_b=16;m=5;gap=7;k=1;q=3;s=36,32,false,34,0.176,66,2,128,0.159,73,72,false
dec-192,dec,d_b=16;m=5;gap=7;k=1;q=3;s=36,32,false,34,0.176,66,2,256,0.231,73,72,false
dec-192,dec,d_b=16;m=5;gap=7;k=1;q=3;s=36,32,false,34,0.176,66,2,512,0.360,66,2,false
dec-192,dec,d_b=16;m=5;gap=7;k=1;q=3;s=36,32,false,34,0.176,66,2,1024,0.581,66,2,false
dec-192,dec,d_b=16;m=5;gap=7;k=1;q=3;s=36,32,false,34,0.176,66,2,2048,0.951,66,2,false
dec-192,dec,d_b=16;m=5;gap=7;k=1;q=3;s=36,32,false,34,0.176,66,2,4096,1.642,66,2,false
dec-192,dec,d_b=16;m=5;gap=7;k=1;q=3;s=36,32,false,34,0.176,66,2,8192,2.850,66,2,false
dec-192,dec,d_b=16;m=5;gap=7;k=1;q=3;s=36,32,false,34,0.176,66,2,16384,5.058,66,2,false
dec-192,dec,d_b=16;m=5;gap=7;k=1;q=3;s=36,32,false,34,0.176,66,2,32768,9.110,66,2,false
dec-192,dec,d_b=16;m=5;gap=7;k=1;q=3;s=36,32,false,34,0.176,66,2,65536,16.972,66,2,false
dec-192,dec,d_b=16;m=5;gap=7;k=1;q=3;s=36,32,false,34,0.176,66,2,131072,31.900,66,2,false
dec-192,dec,d_b=16;m=5;gap=7;k=1;q=3;s=36,32,false,34,0.176,66,2,262144,62.188,66,2,false
dec-193,dec,d_b=16;m=5;gap=7;k=2;q=3;s=36,48,false,50,0.303,66,2,1,0.032,73,72,false
dec-193,dec,d_b=16;m=5;gap=7;k=2;q=3;s=36,48,false,50,0.303,66,2,2,0.050,73,72,false
dec-193,dec,d_b=16;m=5;gap=7;k=2;q=3;s=36,48,false,50,0.303,66,2,4,0.059,73,72,false
dec-193,dec,d_b=16;m=5;gap=7;k=2;q=3;s=36,48,false,50,0.303,66,2,8,0.075,73,72,false
dec-193,dec,d_b=16;m=5;gap=7;k=2;q=3;s=36,48,false,50,0.303,66,2,16,0.097,73,72,false
dec-193,dec,d_b=16;m=5;gap=7;k=2;q=3;s=36,48,false,50,0.303,66,2,32,0.110,73,72,false
dec-193,dec,d_b=16;m=5;gap=7;k=2;q=3;s=36,48,false,50,0.303,66,2,64,0.146,73,72,false
dec-193,dec,d_b=16;m=5;gap=7;k=2;q=3;s=36,48,false,50,0.303,66,2,128,0.173,73,72,false
dec-193,dec,d_b=16;m=5;gap=7;k=2;q=3;s=36,48,false,50,0.303,66,2,256,0.238,73,72,false
dec-193,dec,d_b=16;m=5;gap=7;k=2;q=3;s=36,48,false,50,0.303,66,2,512,0.353,73,72,false
dec-193,dec,d_b=16;m=5;gap=7;k=2;q=3;s=36,48,false,50,0.303,66,2,1024,0.537,73,72,false
dec-193,dec,d_b=16;m=5;gap=7;k=2;q=3;s=36,48,false,50,0.303,66,2,2048,0.919,73,72,false
dec-193,dec,d_b=16;m=5;gap=7;k=2;q=3;s=36,48,false,50,0.303,66,2,4096,1.566,73,72,false
dec-193,dec,d_b=16;m=5;gap=7;k=2;q=3;s=36,48,false,50,0.303,66,2,8192,2.785,73,72,false
dec-193,dec,d_b=16;m=5;gap=7;k=2;q=3;s=36,48,false,50,0.303,66,2,16384,5.111,66,2,false
dec-193,dec,d_b=16;m=5;gap=7;k=2;q=3;s=36,48,false,50,0.303,66,2,32768,9.409,66,2,false
dec-193,dec,d_b=16;m=5;gap=7;k=2;q=3;s=36,48,false,50,0.303,66,2,65536,17.667,66,2,false
dec-193,dec,d_b=16;m=5;gap=7;k=2;q=3;s=36,48,false,50,0.303,66,2,131072,33.817,66,2,false
dec-193,dec,d_b=16;m=5;gap=7;k=2;q=3;s=36,48,false,50,0.303,66,2,262144,65.469,66,2,false
dec-194,dec,d_b=16;m=5;gap=7;k=4;q=3;s=36,80,false,82,0.509,66,2,1,0.036,73,72,false
dec-194,dec,d_b=16;m=5;gap=7;k=4;q=3;s=36,80,false,82,0.509,66,2,2,0.050,73,72,false
dec-194,dec,d_b=16;m=5;gap=7;k=4;q=3;s=36,80,false,82,0.509,66,2,4,0.077,73,72,false
dec-194,dec,d_b=16;m=5;gap=7;k=4;q=3;s=36,80,false,82,0.509,66,2,8,0.102,73,72,false
dec-194,dec,d_b=16;m=5;gap=7;k=4;q=3;s=36,80,false,82,0.509,66,2,16,0.111,73,72,false
dec-194,dec,d_b=16;m=5;gap=7;k=4;q=3;s=36,80,false,82,0.509,66,2,32,0.163,73,72,false
dec-194,dec,d_b=16;m=5;gap=7;k=4;q=3;s=36,80,false,82,0.509,66,2,64,0.186,73,72,false
dec-194,dec,d_b=16;m=5;gap=7;k=4;q=3;s=36,80,false,82,0.509,66,2,128,0.210,73,72,false
dec-194,dec,d_b=16;m=5;gap=7;k=4;q=3;s=36,80,false,82,0.509,66,2,256,0.305,73,72,false
dec-194,dec,d_b=16;m=5;gap=7;k=4;q=3;s=36,80,false,82,0.509,66,2,512,0.393,73,72,false
dec-194,dec,d_b=16;m=5;gap=7;k=4;q=3;s=36,80,false,82,0.509,66,2,1024,0.595,73,72,false
dec-194,dec,d_b=16;m=5;gap=7;k=4;q=3;s=36,80,false,82,0.509,66,2,2048,0.914,73,72,false
dec-194,dec,d_b=16;m=5;gap=7;k=4;q=3;s=36,80,false,82,0.509,66,2,4096,1.580,73,72,false
dec-194,dec,d_b=16;m=5;gap=7;k=4;q=3;s=36,80,false,82,0.509,66,2,8192,2.887,73,72,false
dec-194,dec,d_b=16;m=5;gap=7;k=4;q=3;s=36,80,false,82,0.509,66,2,16384,5.347,73,72,false
dec-194,dec,d_b=16;m=5;gap=7;k=4;q=3;s=36,80,false,82,0.509,66,2,32768,10.096,73,72,false
dec-194,dec,d_b=16;m=5;gap=7;k=4;q=3;s=36,80,false,82,0.509,66,2,65536,19.582,73,72,false
dec-194,dec,d_b=16;m=5;gap=7;k=4;q=3;s=36,80,false,82,0.509,66,2,131072,37.295,73,72,false
dec-194,dec,d_b=16;m=5;gap=7;k=4;q=3;s=36,80,false,82,0.509,66,2,262144,72.367,73,72,false
dec-195,dec,d_b=16;m=5;gap=13;k=1;q=3;s=39,32,false,34,0.174,66,2,1,0.030,79,78,false
dec-195,dec,d_b=16;m=5;gap=13;k=1;q=3;s=39,32,false,34,0.174,66,2,2,0.053,79,78,false
dec-195,dec,d_b=16;m=5;gap=13;k=1;q=3;s=39,32,false,34,0.174,66,2,4,0.049,79,78,false
dec-195,dec,d_b=16;m=5;gap=13;k=1;q=3;s=39,32,false,34,0.174,66,2,8,0.069,79,78,false
dec-195,dec,d_b=16;m=5;gap=13;k=1;q=3;s=39,32,false,34,0.174,66,2,16,0.081,79,78,false
dec-195,dec,d_b=16;m=5;gap=13;k=1;q=3;s=39,32,false,34,0.174,66,2,32,0.106,79,78,false
dec-195,dec,d_b=16;m=5;gap=13;k=1;q=3;s=39,32,false,34,0.174,66,2,64,0.116,79,78,false
dec-195,dec,d_b=16;m=5;gap=13;k=1;q=3;s=39,32,false,34,0.174,66,2,128,0.171,79,78,false
dec-195,dec,d_b=16;m=5;gap=13;k=1;q=3;s=39,32,false,34,0.174,66,2,256,0.251,66,2,false
dec-195,dec,d_b=16;m=5;gap=13;k=1;q=3;s=39,32,false,34,0.174,66,2,512,0.390,66,2,false
dec-195,dec,d_b=16;m=5;gap=13;k=1;q=3;s=39,32,false,34,0.174,66,2,1024,0.633,66,2,false
dec-195,dec,d_b=16;m=5;gap=13;k=1;q=3;s=39,32,false,34,0.174,66,2,2048,1.000,66,2,false
dec-195,dec,d_b=16;m=5;gap=13;k=1;q=3;s=39,32,false,34,0.174,66,2,4096,1.720,66,2,false
dec-195,dec,d_b=16;m=5;gap=13;k=1;q=3;s=39,32,false,34,0.174,66,2,8192,2.959,66,2,false
dec-195,dec,d_b=16;m=5;gap=13;k=1;q=3;s=39,32,false,34,0.174,66,2,16384,5.193,66,2,false
dec-195,dec,d_b=16;m=5;gap=13;k=1;q=3;s=39,32,false,34,0.174,66,2,32768,9.329,66,2,false
dec-195,dec,d_b=16;m=5;gap=13;k=1;q=3;s=39,32,false,34,0.174,66,2,65536,17.158,66,2,false
dec-195,dec,d_b=16;m=5;gap=13;k=1;q=3;s=39,32,false,34,0.174,66,2,131072,32.489,66,2,false
dec-195,dec,d_b=16;m=5;gap=13;k=1;q=3;s=39,32,false,34,0.174,66,2,262144,62.306,66,2,false
dec-196,dec,d_b=16;m=5;gap=13;k=2;q=3;s=39,48,false,50,0.280,66,2,1,0.031,79,78,false
dec-196,dec,d_b=16;m=5;gap=13;k=2;q=3;s=39,48,false,50,0.280,66,2,2,0.054,79,78,false
dec-196,dec,d_b=16;m=5;gap=13;k=2;q=3;s=39,48,false,50,0.280,66,2,4,0.062,79,78,false
dec-196,dec,d_b=16;m=5;gap=13;k=2;q=3;s=39,48,false,50,0.280,66,2,8,0.070,79,78,false
dec-196,dec,d_b=16;m=5;gap=13;k=2;q=3;s=39,48,false,50,0.280,66,2,16,0.092,79,78,false
dec-196,dec,d_b=16;m=5;gap=13;k=2;q=3;s=39,48,false,50,0.280,66,2,32,0.126,79,78,false
dec-196,dec,d_b=16;m=5;gap=13;k=2;q=3;s=39,48,false,50,0.280,66,2,64,0.147,79,78,false
dec-196,dec,d_b=16;m=5;gap=13;k=2;q=3;s=39,48,false,50,0.280,66,2,128,0.199,79,78,false
dec-196,dec,d_b=16;m=5;gap=13;k=2;q=3;s=39,48,false,50,0.280,66,2,256,0.240,79,78,false
dec-196,dec,d_b=16;m=5;gap=13;k=2;q=3;s=39,48,false,50,0.280,66,2,512,0.378,79,78,false
dec-196,dec,d_b=16;m=5;gap=13;k=2;q=3;s=39,48,false,50,0.280,66,2,1024,0.555,79,78,false
dec-196,dec,d_b=16;m=5;gap=13;k=2;q=3;s=39,48,false,50,0.280,66,2,2048,0.954,66,2,false
dec-196,dec,d_b=16;m=5;gap=13;k=2;q=3;s=39,48,false,50,0.280,66,2,4096,1.629,66,2,false
dec-196,dec,d_b=16;m=5;gap=13;k=2;q=3;s=39,48,false,50,0.280,66,2,8192,2.823,66,2,false
dec-196,dec,d_b=16;m=5;gap=13;k=2;q=3;s=39,48,false,50,0.280,66,2,16384,5.176,66,2,false
dec-196,dec,d_b=16;m=5;gap=13;k=2;q=3;s=39,48,false,50,0.280,66,2,32768,9.453,66,2,false
dec-196,dec,d_b=16;m=5;gap=13;k=2;q=3;s=39,48,false,50,0.280,66,2,65536,17.959,66,2,false
dec-196,dec,d_b=16;m=5;gap=13;k=2;q=3;s=39,48,false,50,0.280,66,2,131072,34.254,66,2,false
dec-196,dec,d_b=16;m=5;gap=13;k=2;q=3;s=39,48,false,50,0.280,66,2,262144,66.105,66,2,false
dec-197,dec,d_b=16;m=5;gap=13;k=4;q=3;s=39,80,false,82,0.483,66,2,1,0.055,79,78,false
dec-197,dec,d_b=16;m=5;gap=13;k=4;q=3;s=39,80,false,82,0.483,66,2,2,0.058,79,78,false
dec-197,dec,d_b=16;m=5;gap=13;k=4;q=3;s=39,80,false,82,0.483,66,2,4,0.097,79,78,false
dec-197,dec,d_b=16;m=5;gap=13;k=4;q=3;s=39,80,false,82,0.483,66,2,8,0.101,79,78,false
dec-197,dec,d_b=16;m=5;gap=13;k=4;q=3;s=39,80,false,82,0.483,66,2,16,0.140,79,78,false
dec-197,dec,d_b=16;m=5;gap=13;k=4;q=3;s=39,80,false,82,0.483,66,2,32,0.166,79,78,false
dec-197,dec,d_b=16;m=5;gap=13;k=4;q=3;s=39,80,false,82,0.483,66,2,64,0.179,79,78,false
dec-197,dec,d_b=16;m=5;gap=13;k=4;q=3;s=39,80,false,82,0.483,66,2,128,0.220,79,78,false
dec-197,dec,d_b=16;m=5;gap=13;k=4;q=3;s=39,80,false,82,0.483,66,2,256,0.305,79,78,false
dec-197,dec,d_b=16;m=5;gap=13;k=4;q=3;s=39,80,false,82,0.483,66,2,512,0.396,79,78,false
dec-197,dec,d_b=16;m=5;gap=13;k=4;q=3;s=39,80,false,82,0.483,66,2,1024,0.608,79,78,false
dec-197,dec,d_b=16;m=5;gap=13;k=4;q=3;s=39,80,false,82,0.483,66,2,2048,0.956,79,78,false
dec-197,dec,d_b=16;m=5;gap=13;k=4;q=3;s=39,80,false,82,0.483,66,2,4096,1.596,79,78,false
dec-197,dec,d_b=16;m=5;gap=13;k=4;q=3;s=39,80,false,82,0.483,66,2,8192,2.879,79,78,false
dec-197,dec,d_b=16;m=5;gap=13;k=4;q=3;s=39,80,false,82,0.483,66,2,16384,5.333,79,78,false
dec-197,dec,d_b=16;m=5;gap=13;k=4;q=3;s=39,80,false,82,0.483,66,2,32768,10.120,79,78,false
dec-197,dec,d_b=16;m=5;gap=13;k=4;q=3;s=39,80,false,82,0.483,66,2,65536,19.453,79,78,false
dec-197,dec,d_b=16;m=5;gap=13;k=4;q=3;s=39,80,false,82,0.483,66,2,131072,37.527,66,2,false
dec-197,dec,d_b=16;m=5;gap=13;k=4;q=3;s=39,80,false,82,0.483,66,2,262144,72.682,66,2,false
dec-198,dec,d_b=16;m=9;gap=1;k=1;q=7;s=65,32,false,34,0.266,130,2,1,0.047,131,130,false
dec-198,dec,d_b=16;m=9;gap=1;k=1;q=7;s=65,32,false,34,0.266,130,2,2,0.077,131,130,false
dec-198,dec,d_b=16;m=9;gap=1;k=1;q=7;s=65,32,false,34,0.266,130,2,4,0.072,131,130,false
dec-198,dec,d_b=16;m=9;gap=1;k=1;q=7;s=65,32,false,34,0.266,130,2,8,0.096,131,130,false
dec-198,dec,d_b=16;m=9;gap=1;k=1;q=7;s=65,32,false,34,0.266,130,2,16,0.140,131,130,false
dec-198,dec,d_b=16;m=9;gap=1;k=1;q=7;s=65,32,false,34,0.266,130,2,32,0.159,131,130,false
dec-198,dec,d_b=16;m=9;gap=1;k=1;q=7;s=65,32,false,34,0.266,130,2,64,0.168,131,130,false
dec-198,dec,d_b=16;m=9;gap=1;k=1;q=7;s=65,32,false,34,0.266,130,2,128,0.220,131,130,false
dec-198,dec,d_b=16;m=9;gap=1;k=1;q=7;s=65,32,false,34,0.266,130,2,256,0.312,131,130,false
dec-198,dec,d_b=16;m=9;gap=1;k=1;q=7;s=65,32,false,34,0.266,130,2,512,0.443,131,130,false
dec-198,dec,d_b=16;m=9;gap=1;k=1;q=7;s=65,32,false,34,0.266,130,2,1024,0.657,131,130,false
dec-198,dec,d_b=16;m=9;gap=1;k=1;q=7;s=65,32,false,34,0.266,130,2,2048,1.059,130,2,false
dec-198,dec,d_b=16;m=9;gap=1;k=1;q=7;s=65,32,false,34,0.266,130,2,4096,1.724,130,2,false
dec-198,dec,d_b=16;m=9;gap=1;k=1;q=7;s=65,32,false,34,0.266,130,2,8192,2.901,130,2,false
dec-198,dec,d_b=16;m=9;gap=1;k=1;q=7;s=65,32,false,34,0.266,130,2,16384,5.068,130,2,false
dec-198,dec,d_b=16;m=9;gap=1;k=1;q=7;s=65,32,false,34,0.266,130,2,32768,9.104,130,2,false
dec-198,dec,d_b=16;m=9;gap=1;k=1;q=7;s=65,32,false,34,0.266,130,2,65536,16.918,130,2,false
dec-198,dec,d_b=16;m=9;gap=1;k=1;q=7;s=65,32,false,34,0.266,130,2,131072,31.783,130,2,false
dec-198,dec,d_b=16;m=9;gap=1;k=1;q=7;s=65,32,false,34,0.266,130,2,262144,61.113,130,2,false
dec-199,dec,d_b=16;m=9;gap=1;k=2;q=7;s=65,48,false,50,0.470,130,2,1,0.047,131,130,false
dec-199,dec,d_b=16;m=9;gap=1;k=2;q=7;s=65,48,false,50,0.470,130,2,2,0.070,131,130,false
dec-199,dec,d_b=16;m=9;gap=1;k=2;q=7;s=65,48,false,50,0.470,130,2,4,0.095,131,130,false
dec-199,dec,d_b=16;m=9;gap=1;k=2;q=7;s=65,48,false,50,0.470,130,2,8,0.093,131,130,false
dec-199,dec,d_b=16;m=9;gap=1;k=2;q=7;s=65,48,false,50,0.470,130,2,16,0.144,131,130,false
dec-199,dec,d_b=16;m=9;gap=1;k=2;q=7;s=65,48,false,50,0.470,130,2,32,0.202,131,130,false
dec-199,dec,d_b=16;m=9;gap=1;k=2;q=7;s=65,48,false,50,0.470,130,2,64,0.218,131,130,false
dec-199,dec,d_b=16;m=9;gap=1;k=2;q=7;s=65,48,false,50,0.470,130,2,128,0.263,131,130,false
dec-199,dec,d_b=16;m=9;gap=1;k=2;q=7;s=65,48,false,50,0.470,130,2,256,0.329,131,130,false
dec-199,dec,d_b=16;m=9;gap=1;k=2;q=7;s=65,48,false,50,0.470,130,2,512,0.460,131,130,false
dec-199,dec,d_b=16;m=9;gap=1;k=2;q=7;s=65,48,false,50,0.470,130,2,1024,0.627,131,130,false
dec-199,dec,d_b=16;m=9;gap=1;k=2;q=7;s=65,48,false,50,0.470,130,2,2048,0.983,131,130,false
dec-199,dec,d_b=16;m=9;gap=1;k=2;q=7;s=65,48,false,50,0.470,130,2,4096,1.596,131,130,false
dec-199,dec,d_b=16;m=9;gap=1;k=2;q=7;s=65,48,false,50,0.470,130,2,8192,2.840,131,130,false
dec-199,dec,d_b=16;m=9;gap=1;k=2;q=7;s=65,48,false,50,0.470,130,2,16384,5.100,131,130,false
dec-199,dec,d_b=16;m=9;gap=1;k=2;q=7;s=65,48,false,50,0.470,130,2,32768,9.394,131,130,false
dec-199,dec,d_b=16;m=9;gap=1;k=2;q=7;s=65,48,false,50,0.470,130,2,65536,17.609,131,130,false
dec-199,dec,d_b=16;m=9;gap=1;k=2;q=7;s=65,48,false,50,0.470,130,2,131072,33.880,131,130,false
dec-199,dec,d_b=16;m=9;gap=1;k=2;q=7;s=65,48,false,50,0.470,130,2,262144,65.186,130,2,false
dec-200,dec,d_b=16;m=9;gap=1;k=4;q=7;s=65,80,false,82,0.862,130,2,1,0.063,131,130,false
dec-200,dec,d_b=16;m=9;gap=1;k=4;q=7;s=65,80,false,82,0.862,130,2,2,0.082,131,130,false
dec-200,dec,d_b=16;m=9;gap=1;k=4;q=7;s=65,80,false,82,0.862,130,2,4,0.136,131,130,false
dec-200,dec,d_b=16;m=9;gap=1;k=4;q=7;s=65,80,false,82,0.862,130,2,8,0.153,131,130,false
dec-200,dec,d_b=16;m=9;gap=1;k=4;q=7;s=65,80,false,82,0.862,130,2,16,0.173,131,130,false
dec-200,dec,d_b=16;m=9;gap=1;k=4;q=7;s=65,80,false,82,0.862,130,2,32,0.258,131,130,false
dec-200,dec,d_b=16;m=9;gap=1;k=4;q=7;s=65,80,false,82,0.862,130,2,64,0.282,131,130,false
dec-200,dec,d_b=16;m=9;gap=1;k=4;q=7;s=65,80,false,82,0.862,130,2,128,0.333,131,130,false
dec-200,dec,d_b=16;m=9;gap=1;k=4;q=7;s=65,80,false,82,0.862,130,2,256,0.407,131,130,false
dec-200,dec,d_b=16;m=9;gap=1;k=4;q=7;s=65,80,false,82,0.862,130,2,512,0.557,131,130,false
dec-200,dec,d_b=16;m=9;gap=1;k=4;q=7;s=65,80,false,82,0.862,130,2,1024,0.802,131,130,false
dec-200,dec,d_b=16;m=9;gap=1;k=4;q=7;s=65,80,false,82,0.862,130,2,2048,1.132,131,130,false
dec-200,dec,d_b=16;m=9;gap=1;k=4;q=7;s=65,80,false,82,0.862,130,2,4096,1.780,131,130,false
dec-200,dec,d_b=16;m=9;gap=1;k=4;q=7;s=65,80,false,82,0.862,130,2,8192,3.112,131,130,false
dec-200,dec,d_b=16;m=9;gap=1;k=4;q=7;s=65,80,false,82,0.862,130,2,16384,5.587,131,130,false
dec-200,dec,d_b=16;m=9;gap=1;k=4;q=7;s=65,80,false,82,0.862,130,2,32768,10.318,131,130,false
dec-200,dec,d_b=16;m=9;gap=1;k=4;q=7;s=65,80,false,82,0.862,130,2,65536,19.327,131,130,false
dec-200,dec,d_b=16;m=9;gap=1;k=4;q=7;s=65,80,false,82,0.862,130,2,131072,37.519,131,130,false
dec-200,dec,d_b=16;m=9;gap=1;k=4;q=7;s=65,80,false,82,0.862,130,2,262144,72.052,131,130,false
dec-201,dec,d_b=16;m=9;gap=3;k=1;q=7;s=66,32,false,34,0.270,130,2,1,0.044,133,132,false
dec-201,dec,d_b=16;m=9;gap=3;k=1;q=7;s=66,32,false,34,0.270,130,2,2,0.076,133,132,false
dec-201,dec,d_b=16;m=9;gap=3;k=1;q=7;s=66,32,false,34,0.270,130,2,4,0.068,133,132,false
dec-201,dec,d_b=16;m=9;gap=3;k=1;q=7;s=66,32,false,34,0.270,130,2,8,0.095,133,132,false
dec-201,dec,d_b=16;m=9;gap=3;k=1;q=7;s=66,32,false,34,0.270,130,2,16,0.124,133,132,false
dec-201,dec,d_b=16;m=9;gap=3;k=1;q=7;s=66,32,false,34,0.270,130,2,32,0.154,133,132,false
dec-201,dec,d_b=16;m=9;gap=3;k=1;q=7;s=66,32,false,34,0.270,130,2,64,0.176,133,132,false
dec-201,dec,d_b=16;m=9;gap=3;k=1;q=7;s=66,32,false,34,0.270,130,2,128,0.217,133,132,false
dec-201,dec,d_b=16;m=9;gap=3;k=1;q=7;s=66,32,false,34,0.270,130,2,256,0.314,133,132,false
dec-201,dec,d_b=16;m=9;gap=3;k=1;q=7;s=66,32,false,34,0.270,130,2,512,0.438,133,132,false
dec-201,dec,d_b=16;m=9;gap=3;k=1;q=7;s=66,32,false,34,0.270,130,2,1024,0.641,133,132,false
dec-201,dec,d_b=16;m=9;gap=3;k=1;q=7;s=66,32,false,34,0.270,130,2,2048,1.032,130,2,false
dec-201,dec,d_b=16;m=9;gap=3;k=1;q=7;s=66,32,false,34,0.270,130,2,4096,1.709,130,2,false
dec-201,dec,d_b=16;m=9;gap=3;k=1;q=7;s=66,32,false,34,0.270,130,2,8192,2.843,130,2,false
dec-201,dec,d_b=16;m=9;gap=3;k=1;q=7;s=66,32,false,34,0.270,130,2,16384,5.093,130,2,false
dec-201,dec,d_b=16;m=9;gap=3;k=1;q=7;s=66,32,false,34,0.270,130,2,32768,9.077,130,2,false
dec-201,dec,d_b=16;m=9;gap=3;k=1;q=7;s=66,32,false,34,0.270,130,2,65536,16.916,130,2,false
dec-201,dec,d_b=16;m=9;gap=3;k=1;q=7;s=66,32,false,34,0.270,130,2,131072,31.614,130,2,false
dec-201,dec,d_b=16;m=9;gap=3;k=1;q=7;s=66,32,false,34,0.270,130,2,262144,61.909,130,2,false
dec-202,dec,d_b=16;m=9;gap=3;k=2;q=7;s=66,48,false,50,0.466,130,2,1,0.049,133,132,false
dec-202,dec,d_b=16;m=9;gap=3;k=2;q=7;s=66,48,false,50,0.466,130,2,2,0.080,133,132,false
dec-202,dec,d_b=16;m=9;gap=3;k=2;q=7;s=66,48,false,50,0.466,130,2,4,0.097,133,132,false
dec-202,dec,d_b=16;m=9;gap=3;k=2;q=7;s=66,48,false,50,0.466,130,2,8,0.098,133,132,false
dec-202,dec,d_b=16;m=9;gap=3;k=2;q=7;s=66,48,false,50,0.466,130,2,16,0.147,133,132,false
dec-202,dec,d_b=16;m=9;gap=3;k=2;q=7;s=66,48,false,50,0.466,130,2,32,0.172,133,132,false
dec-202,dec,d_b=16;m=9;gap=3;k=2;q=7;s=66,48,false,50,0.466,130,2,64,0.225,133,132,false
dec-202,dec,d_b=16;m=9;gap=3;k=2;q=7;s=66,48,false,50,0.466,130,2,128,0.266,133,132,false
dec-202,dec,d_b=16;m=9;gap=3;k=2;q=7;s=66,48,false,50,0.466,130,2,256,0.333,133,132,false
dec-202,dec,d_b=16;m=9;gap=3;k=2;q=7;s=66,48,false,50,0.466,130,2,512,0.466,133,132,false
dec-202,dec,d_b=16;m=9;gap=3;k=2;q=7;s=66,48,false,50,0.466,130,2,1024,0.633,133,132,false
dec-202,dec,d_b=16;m=9;gap=3;k=2;q=7;s=66,48,false,50,0.466,130,2,2048,0.992,133,132,false
dec-202,dec,d_b=16;m=9;gap=3;k=2;q=7;s=66,48,false,50,0.466,130,2,4096,1.608,133,132,false
dec-202,dec,d_b=16;m=9;gap=3;k=2;q=7;s=66,48,false,50,0.466,130,2,8192,2.842,133,132,false
dec-202,dec,d_b=16;m=9;gap=3;k=2;q=7;s=66,48,false,50,0.466,130,2,16384,5.108,133,132,false
dec-202,dec,d_b=16;m=9;gap=3;k=2;q=7;s=66,48,false,50,0.466,130,2,32768,9.367,133,132,false
dec-202,dec,d_b=16;m=9;gap=3;k=2;q=7;s=66,48,false,50,0.466,130,2,65536,17.506,133,132,false
dec-202,dec,d_b=16;m=9;gap=3;k=2;q=7;s=66,48,false,50,0.466,130,2,131072,33.490,133,132,false
dec-202,dec,d_b=16;m=9;gap=3;k=2;q=7;s=66,48,false,50,0.466,130,2,262144,65.920,130,2,false
dec-203,dec,d_b=16;m=9;gap=3;k=4;q=7;s=66,80,false,82,0.875,130,2,1,0.065,133,132,false
dec-203,dec,d_b=16;m=9;gap=3;k=4;q=7;s=66,80,false,82,0.875,130,2,2,0.088,133,132,false
dec-203,dec,d_b=16;m=9;gap=3;k=4;q=7;s=66,80,false,82,0.875,130,2,4,0.133,133,132,false
dec-203,dec,d_b=16;m=9;gap=3;k=4;q=7;s=66,80,false,82,0.875,130,2,8,0.153,133,132,false
dec-203,dec,d_b=16;m=9;gap=3;k=4;q=7;s=66,80,false,82,0.875,130,2,16,0.198,133,132,false
dec-203,dec,d_b=16;m=9;gap=3;k=4;q=7;s=66,80,false,82,0.875,130,2,32,0.261,133,132,false
dec-203,dec,d_b=16;m=9;gap=3;k=4;q=7;s=66,80,false,82,0.875,130,2,64,0.266,133,132,false
dec-203,dec,d_b=16;m=9;gap=3;k=4;q=7;s=66,80,false,82,0.875,130,2,128,0.326,133,132,false
dec-203,dec,d_b=16;m=9;gap=3;k=4;q=7;s=66,80,false,82,0.875,130,2,256,0.423,133,132,false
dec-203,dec,d_b=16;m=9;gap=3;k=4;q=7;s=66,80,false,82,0.875,130,2,512,0.546,133,132,false
dec-203,dec,d_b=16;m=9;gap=3;k=4;q=7;s=66,80,false,82,0.875,130,2,1024,0.755,133,132,false
dec-203,dec,d_b=16;m=9;gap=3;k=4;q=7;s=66,80,false,82,0.875,130,2,2048,1.085,133,132,false
dec-203,dec,d_b=16;m=9;gap=3;k=4;q=7;s=66,80,false,82,0.875,130,2,4096,1.781,133,132,false
dec-203,dec,d_b=16;m=9;gap=3;k=4;q=7;s=66,80,false,82,0.875,130,2,8192,3.089,133,132,false
dec-203,dec,d_b=16;m=9;gap=3;k=4;q=7;s=66,80,false,82,0.875,130,2,16384,5.447,133,132,false
dec-203,dec,d_b=16;m=9;gap=3;k=4;q=7;s=66,80,false,82,0.875,130,2,32768,10.063,133,132,false
dec-203,dec,d_b=16;m=9;gap=3;k=4;q=7;s=66,80,false,82,0.875,130,2,65536,19.384,133,132,false
dec-203,dec,d_b=16;m=9;gap=3;k=4;q=7;s=66,80,false,82,0.875,130,2,131072,37.159,133,132,false
dec-203,dec,d_b=16;m=9;gap=3;k=4;q=7;s=66,80,false,82,0.875,130,2,262144,72.601,133,132,false
dec-204,dec,d_b=16;m=9;gap=7;k=1;q=7;s=68,32,false,34,0.276,130,2,1,0.045,137,136,false
dec-204,dec,d_b=16;m=9;gap=7;k=1;q=7;s=68,32,false,34,0.276,130,2,2,0.072,137,136,false
dec-204,dec,d_b=16;m=9;gap=7;k=1;q=7;s=68,32,false,34,0.276,130,2,4,0.069,137,136,false
dec-204,dec,d_b=16;m=9;gap=7;k=1;q=7;s=68,32,false,34,0.276,130,2,8,0.092,137,136,false
dec-204,dec,d_b=16;m=9;gap=7;k=1;q=7;s=68,32,false,34,0.276,130,2,16,0.128,137,136,false
dec-204,dec,d_b=16;m=9;gap=7;k=1;q=7;s=68,32,false,34,0.276,130,2,32,0.157,137,136,false
dec-204,dec,d_b=16;m=9;gap=7;k=1;q=7;s=68,32,false,34,0.276,130,2,64,0.170,137,136,false
dec-204,dec,d_b=16;m=9;gap=7;k=1;q=7;s=68,32,false,34,0.276,130,2,128,0.223,137,136,false
dec-204,dec,d_b=16;m=9;gap=7;k=1;q=7;s=68,32,false,34,0.276,130,2,256,0.315,137,136,false
dec-204,dec,d_b=16;m=9;gap=7;k=1;q=7;s=68,32,false,34,0.276,130,2,512,0.446,137,136,false
dec-204,dec,d_b=16;m=9;gap=7;k=1;q=7;s=68,32,false,34,0.276,130,2,1024,0.648,137,136,false
dec-204,dec,d_b=16;m=9;gap=7;k=1;q=7;s=68,32,false,34,0.276,130,2,2048,1.064,130,2,false
dec-204,dec,d_b=16;m=9;gap=7;k=1;q=7;s=68,32,false,34,0.276,130,2,4096,1.816,130,2,false
dec-204,dec,d_b=16;m=9;gap=7;k=1;q=7;s=68,32,false,34,0.276,130,2,8192,2.912,130,2,false
dec-204,dec,d_b=16;m=9;gap=7;k=1;q=7;s=68,32,false,34,0.276,130,2,16384,5.110,130,2,false
dec-204,dec,d_b=16;m=9;gap=7;k=1;q=7;s=68,32,false,34,0.276,130,2,32768,9.181,130,2,false
dec-204,dec,d_b=16;m=9;gap=7;k=1;q=7;s=68,32,false,34,0.276,130,2,65536,16.941,130,2,false
dec-204,dec,d_b=16;m=9;gap=7;k=1;q=7;s=68,32,false,34,0.276,130,2,131072,32.290,130,2,false
dec-204,dec,d_b=16;m=9;gap=7;k=1;q=7;s=68,32,false,34,0.276,130,2,262144,61.716,130,2,false
dec-205,dec,d_b=16;m=9;gap=7;k=2;q=7;s=68,48,false,50,0.480,130,2,1,0.051,137,136,false
dec-205,dec,d_b=16;m=9;gap=7;k=2;q=7;s=68,48,false,50,0.480,130,2,2,0.080,137,136,false
dec-205,dec,d_b=16;m=9;gap=7;k=2;q=7;s=68,48,false,50,0.480,130,2,4,0.100,137,136,false
dec-205,dec,d_b=16;m=9;gap=7;k=2;q=7;s=68,48,false,50,0.480,130,2,8,0.100,137,136,false
dec-205,dec,d_b=16;m=9;gap=7;k=2;q=7;s=68,48,false,50,0.480,130,2,16,0.145,137,136,false
dec-205,dec,d_b=16;m=9;gap=7;k=2;q=7;s=68,48,false,50,0.480,130,2,32,0.185,137,136,false
dec-205,dec,d_b=16;m=9;gap=7;k=2;q=7;s=68,48,false,50,0.480,130,2,64,0.220,137,136,false
dec-205,dec,d_b=16;m=9;gap=7;k=2;q=7;s=68,48,false,50,0.480,130,2,128,0.273,137,136,false
dec-205,dec,d_b=16;m=9;gap=7;k=2;q=7;s=68,48,false,50,0.480,130,2,256,0.334,137,136,false
dec-205,dec,d_b=16;m=9;gap=7;k=2;q=7;s=68,48,false,50,0.480,130,2,512,0.479,137,136,false
dec-205,dec,d_b=16;m=9;gap=7;k=2;q=7;s=68,48,false,50,0.480,130,2,1024,0.638,137,136,false
dec-205,dec,d_b=16;m=9;gap=7;k=2;q=7;s=68,48,false,50,0.480,130,2,2048,1.041,137,136,false
dec-205,dec,d_b=16;m=9;gap=7;k=2;q=7;s=68,48,false,50,0.480,130,2,4096,1.646,137,136,false
dec-205,dec,d_b=16;m=9;gap=7;k=2;q=7;s=68,48,false,50,0.480,130,2,8192,2.851,137,136,false
dec-205,dec,d_b=16;m=9;gap=7;k=2;q=7;s=68,48,false,50,0.480,130,2,16384,5.178,137,136,false
dec-205,dec,d_b=16;m=9;gap=7;k=2;q=7;s=68,48,false,50,0.480,130,2,32768,9.362,137,136,false
dec-205,dec,d_b=16;m=9;gap=7;k=2;q=7;s=68,48,false,50,0.480,130,2,65536,17.600,137,136,false
dec-205,dec,d_b=16;m=9;gap=7;k=2;q=7;s=68,48,false,50,0.480,130,2,131072,33.820,137,136,false
dec-205,dec,d_b=16;m=9;gap=7;k=2;q=7;s=68,48,false,50,0.480,130,2,262144,65.167,130,2,false
dec-206,dec,d_b=16;m=9;gap=7;k=4;q=7;s=68,80,false,82,0.879,130,2,1,0.062,137,136,false
dec-206,dec,d_b=16;m=9;gap=7;k=4;q=7;s=68,80,false,82,0.879,130,2,2,0.090,137,136,false
dec-206,dec,d_b=16;m=9;gap=7;k=4;q=7;s=68,80,false,82,0.879,130,2,4,0.131,137,136,false
dec-206,dec,d_b=16;m=9;gap=7;k=4;q=7;s=68,80,false,82,0.879,130,2,8,0.161,137,136,false
dec-206,dec,d_b=16;m=9;gap=7;k=4;q=7;s=68,80,false,82,0.879,130,2,16,0.175,137,136,false
dec-206,dec,d_b=16;m=9;gap=7;k=4;q=7;s=68,80,false,82,0.879,130,2,32,0.264,137,136,false
dec-206,dec,d_b=16;m=9;gap=7;k=4;q=7;s=68,80,false,82,0.879,130,2,64,0.277,137,136,false
dec-206,dec,d_b=16;m=9;gap=7;k=4;q=7;s=68,80,false,82,0.879,130,2,128,0.338,137,136,false
dec-206,dec,d_b=16;m=9;gap=7;k=4;q=7;s=68,80,false,82,0.879,130,2,256,0.436,137,136,false
dec-206,dec,d_b=16;m=9;gap=7;k=4;q=7;s=68,80,false,82,0.879,130,2,512,0.569,137,136,false
dec-206,dec,d_b=16;m=9;gap=7;k=4;q=7;s=68,80,false,82,0.879,130,2,1024,0.793,137,136,false
dec-206,dec,d_b=16;m=9;gap=7;k=4;q=7;s=68,80,false,82,0.879,130,2,2048,2.051,137,136,false
dec-206,dec,d_b=16;m=9;gap=7;k=4;q=7;s=68,80,false,82,0.879,130,2,4096,1.842,137,136,false
dec-206,dec,d_b=16;m=9;gap=7;k=4;q=7;s=68,80,false,82,0.879,130,2,8192,3.068,137,136,false
dec-206,dec,d_b=16;m=9;gap=7;k=4;q=7;s=68,80,false,82,0.879,130,2,16384,5.529,137,136,false
dec-206,dec,d_b=16;m=9;gap=7;k=4;q=7;s=68,80,false,82,0.879,130,2,32768,10.227,137,136,false
dec-206,dec,d_b=16;m=9;gap=7;k=4;q=7;s=68,80,false,82,0.879,130,2,65536,19.630,137,136,false
dec-206,dec,d_b=16;m=9;gap=7;k=4;q=7;s=68,80,false,82,0.879,130,2,131072,36.961,137,136,false
dec-206,dec,d_b=16;m=9;gap=7;k=4;q=7;s=68,80,false,82,0.879,130,2,262144,73.108,137,136,false
dec-207,dec,d_b=16;m=9;gap=13;k=1;q=7;s=71,32,false,34,0.304,130,2,1,0.044,143,142,false
dec-207,dec,d_b=16;m=9;gap=13;k=1;q=7;s=71,32,false,34,0.304,130,2,2,0.074,143,142,false
dec-207,dec,d_b=16;m=9;gap=13;k=1;q=7;s=71,32,false,34,0.304,130,2,4,0.072,143,142,false
dec-207,dec,d_b=16;m=9;gap=13;k=1;q=7;s=71,32,false,34,0.304,130,2,8,0.100,143,142,false
dec-207,dec,d_b=16;m=9;gap=13;k=1;q=7;s=71,32,false,34,0.304,130,2,16,0.130,143,142,false
dec-207,dec,d_b=16;m=9;gap=13;k=1;q=7;s=71,32,false,34,0.304,130,2,32,0.162,143,142,false
dec-207,dec,d_b=16;m=9;gap=13;k=1;q=7;s=71,32,false,34,0.304,130,2,64,0.173,143,142,false
dec-207,dec,d_b=16;m=9;gap=13;k=1;q=7;s=71,32,false,34,0.304,130,2,128,0.232,143,142,false
dec-207,dec,d_b=16;m=9;gap=13;k=1;q=7;s=71,32,false,34,0.304,130,2,256,0.325,143,142,false
dec-207,dec,d_b=16;m=9;gap=13;k=1;q=7;s=71,32,false,34,0.304,130,2,512,0.468,130,2,false
dec-207,dec,d_b=16;m=9;gap=13;k=1;q=7;s=71,32,false,34,0.304,130,2,1024,0.698,130,2,false
dec-207,dec,d_b=16;m=9;gap=13;k=1;q=7;s=71,32,false,34,0.304,130,2,2048,1.061,130,2,false
dec-207,dec,d_b=16;m=9;gap=13;k=1;q=7;s=71,32,false,34,0.304,130,2,4096,1.723,130,2,false
dec-207,dec,d_b=16;m=9;gap=13;k=1;q=7;s=71,32,false,34,0.304,130,2,8192,2.930,130,2,false
dec-207,dec,d_b=16;m=9;gap=13;k=1;q=7;s=71,32,false,34,0.304,130,2,16384,5.157,130,2,false
dec-207,dec,d_b=16;m=9;gap=13;k=1;q=7;s=71,32,false,34,0.304,130,2,32768,9.371,130,2,false
dec-207,dec,d_b=16;m=9;gap=13;k=1;q=7;s=71,32,false,34,0.304,130,2,65536,16.982,130,2,false
dec-207,dec,d_b=16;m=9;gap=13;k=1;q=7;s=71,32,false,34,0.304,130,2,131072,32.827,130,2,false
dec-207,dec,d_b=16;m=9;gap=13;k=1;q=7;s=71,32,false,34,0.304,130,2,262144,61.806,130,2,false
dec-208,dec,d_b=16;m=9;gap=13;k=2;q=7;s=71,48,false,50,0.485,130,2,1,0.054,143,142,false
dec-208,dec,d_b=16;m=9;gap=13;k=2;q=7;s=71,48,false,50,0.485,130,2,2,0.072,143,142,false
dec-208,dec,d_b=16;m=9;gap=13;k=2;q=7;s=71,48,false,50,0.485,130,2,4,0.112,143,142,false
dec-208,dec,d_b=16;m=9;gap=13;k=2;q=7;s=71,48,false,50,0.485,130,2,8,0.099,143,142,false
dec-208,dec,d_b=16;m=9;gap=13;k=2;q=7;s=71,48,false,50,0.485,130,2,16,0.161,143,142,false
dec-208,dec,d_b=16;m=9;gap=13;k=2;q=7;s=71,48,false,50,0.485,130,2,32,0.182,143,142,false
dec-208,dec,d_b=16;m=9;gap=13;k=2;q=7;s=71,48,false,50,0.485,130,2,64,0.231,143,142,false
dec-208,dec,d_b=16;m=9;gap=13;k=2;q=7;s=71,48,false,50,0.485,130,2,128,0.285,143,142,false
dec-208,dec,d_b=16;m=9;gap=13;k=2;q=7;s=71,48,false,50,0.485,130,2,256,0.352,143,142,false
dec-208,dec,d_b=16;m=9;gap=13;k=2;q=7;s=71,48,false,50,0.485,130,2,512,0.469,143,142,false
dec-208,dec,d_b=16;m=9;gap=13;k=2;q=7;s=71,48,false,50,0.485,130,2,1024,0.639,143,142,false
dec-208,dec,d_b=16;m=9;gap=13;k=2;q=7;s=71,48,false,50,0.485,130,2,2048,1.043,143,142,false
dec-208,dec,d_b=16;m=9;gap=13;k=2;q=7;s=71,48,false,50,0.485,130,2,4096,1.678,143,142,false
dec-208,dec,d_b=16;m=9;gap=13;k=2;q=7;s=71,48,false,50,0.485,130,2,8192,2.875,143,142,false
dec-208,dec,d_b=16;m=9;gap=13;k=2;q=7;s=71,48,false,50,0.485,130,2,16384,5.269,130,2,false
dec-208,dec,d_b=16;m=9;gap=13;k=2;q=7;s=71,48,false,50,0.485,130,2,32768,9.532,130,2,false
dec-208,dec,d_b=16;m=9;gap=13;k=2;q=7;s=71,48,false,50,0.485,130,2,65536,18.041,130,2,false
dec-208,dec,d_b=16;m=9;gap=13;k=2;q=7;s=71,48,false,50,0.485,130,2,131072,34.200,130,2,false
dec-208,dec,d_b=16;m=9;gap=13;k=2;q=7;s=71,48,false,50,0.485,130,2,262144,64.982,130,2,false
dec-209,dec,d_b=16;m=9;gap=13;k=4;q=7;s=71,80,false,82,0.905,130,2,1,0.068,143,142,false
dec-209,dec,d_b=16;m=9;gap=13;k=4;q=7;s=71,80,false,82,0.905,130,2,2,0.088,143,142,false
dec-209,dec,d_b=16;m=9;gap=13;k=4;q=7;s=71,80,false,82,0.905,130,2,4,0.137,143,142,false
dec-209,dec,d_b=16;m=9;gap=13;k=4;q=7;s=71,80,false,82,0.905,130,2,8,0.163,143,142,false
dec-209,dec,d_b=16;m=9;gap=13;k=4;q=7;s=71,80,false,82,0.905,130,2,16,0.182,143,142,false
dec-209,dec,d_b=16;m=9;gap=13;k=4;q=7;s=71,80,false,82,0.905,130,2,32,0.268,143,142,false
dec-209,dec,d_b=16;m=9;gap=13;k=4;q=7;s=71,80,false,82,0.905,130,2,64,0.278,143,142,false
dec-209,dec,d_b=16;m=9;gap=13;k=4;q=7;s=71,80,false,82,0.905,130,2,128,0.330,143,142,false
dec-209,dec,d_b=16;m=9;gap=13;k=4;q=7;s=71,80,false,82,0.905,130,2,256,0.459,143,142,false
dec-209,dec,d_b=16;m=9;gap=13;k=4;q=7;s=71,80,false,82,0.905,130,2,512,0.538,143,142,false
dec-209,dec,d_b=16;m=9;gap=13;k=4;q=7;s=71,80,false,82,0.905,130,2,1024,0.783,143,142,false
dec-209,dec,d_b=16;m=9;gap=13;k=4;q=7;s=71,80,false,82,0.905,130,2,2048,1.107,143,142,false
dec-209,dec,d_b=16;m=9;gap=13;k=4;q=7;s=71,80,false,82,0.905,130,2,4096,1.803,143,142,false
dec-209,dec,d_b=16;m=9;gap=13;k=4;q=7;s=71,80,false,82,0.905,130,2,8192,3.049,143,142,false
dec-209,dec,d_b=16;m=9;gap=13;k=4;q=7;s=71,80,false,82,0.905,130,2,16384,5.562,143,142,false
dec-209,dec,d_b=16;m=9;gap=13;k=4;q=7;s=71,80,false,82,0.905,130,2,32768,10.234,143,142,false
dec-209,dec,d_b=16;m=9;gap=13;k=4;q=7;s=71,80,false,82,0.905,130,2,65536,19.685,143,142,false
dec-209,dec,d_b=16;m=9;gap=13;k=4;q=7;s=71,80,false,82,0.905,130,2,131072,37.581,143,142,false
dec-209,dec,d_b=16;m=9;gap=13;k=4;q=7;s=71,80,false,82,0.905,130,2,262144,72.774,143,142,false
dec-210,dec,d_b=20;m=2;gap=1;k=1;q=0;s=11,40,false,41,0.130,22,2,1,0.019,23,22,false
dec-210,dec,d_b=20;m=2;gap=1;k=1;q=0;s=11,40,false,41,0.130,22,2,2,0.032,23,22,false
dec-210,dec,d_b=20;m=2;gap=1;k=1;q=0;s=11,40,false,41,0.130,22,2,4,0.023,23,22,false
dec-210,dec,d_b=20;m=2;gap=1;k=1;q=0;s=11,40,false,41,0.130,22,2,8,0.030,23,22,false
dec-210,dec,d_b=20;m=2;gap=1;k=1;q=0;s=11,40,false,41,0.130,22,2,16,0.043,23,22,false
dec-210,dec,d_b=20;m=2;gap=1;k=1;q=0;s=11,40,false,41,0.130,22,2,32,0.055,23,22,false
dec-210,dec,d_b=20;m=2;gap=1;k=1;q=0;s=11,40,false,41,0.130,22,2,64,0.072,23,22,false
dec-210,dec,d_b=20;m=2;gap=1;k=1;q=0;s=11,40,false,41,0.130,22,2,128,0.102,23,22,false
dec-210,dec,d_b=20;m=2;gap=1;k=1;q=0;s=11,40,false,41,0.130,22,2,256,0.161,23,22,false
dec-210,dec,d_b=20;m=2;gap=1;k=1;q=0;s=11,40,false,41,0.130,22,2,512,0.269,23,22,false
dec-210,dec,d_b=20;m=2;gap=1;k=1;q=0;s=11,40,false,41,0.130,22,2,1024,0.475,23,22,false
dec-210,dec,d_b=20;m=2;gap=1;k=1;q=0;s=11,40,false,41,0.130,22,2,2048,0.843,23,22,false
dec-210,dec,d_b=20;m=2;gap=1;k=1;q=0;s=11,40,false,41,0.130,22,2,4096,1.537,23,22,false
dec-210,dec,d_b=20;m=2;gap=1;k=1;q=0;s=11,40,false,41,0.130,22,2,8192,2.800,23,22,false
dec-210,dec,d_b=20;m=2;gap=1;k=1;q=0;s=11,40,false,41,0.130,22,2,16384,5.000,22,2,false
dec-210,dec,d_b=20;m=2;gap=1;k=1;q=0;s=11,40,false,41,0.130,22,2,32768,9.154,22,2,false
dec-210,dec,d_b=20;m=2;gap=1;k=1;q=0;s=11,40,false,41,0.130,22,2,65536,16.868,22,2,false
dec-210,dec,d_b=20;m=2;gap=1;k=1;q=0;s=11,40,false,41,0.130,22,2,131072,31.978,22,2,false
dec-210,dec,d_b=20;m=2;gap=1;k=1;q=0;s=11,40,false,41,0.130,22,2,262144,60.807,22,2,false
dec-211,dec,d_b=20;m=2;gap=1;k=2;q=0;s=11,60,false,61,0.178,22,2,1,0.017,23,22,false
dec-211,dec,d_b=20;m=2;gap=1;k=2;q=0;s=11,60,false,61,0.178,22,2,2,0.027,23,22,false
dec-211,dec,d_b=20;m=2;gap=1;k=2;q=0;s=11,60,false,61,0.178,22,2,4,0.032,23,22,false
dec-211,dec,d_b=20;m=2;gap=1;k=2;q=0;s=11,60,false,61,0.178,22,2,8,0.041,23,22,false
dec-211,dec,d_b=20;m=2;gap=1;k=2;q=0;s=11,60,false,61,0.178,22,2,16,0.048,23,22,false
dec-211,dec,d_b=20;m=2;gap=1;k=2;q=0;s=11,60,false,61,0.178,22,2,32,0.067,23,22,false
dec-211,dec,d_b=20;m=2;gap=1;k=2;q=0;s=11,60,false,61,0.178,22,2,64,0.072,23,22,false
dec-211,dec,d_b=20;m=2;gap=1;k=2;q=0;s=11,60,false,61,0.178,22,2,128,0.117,23,22,false
dec-211,dec,d_b=20;m=2;gap=1;k=2;q=0;s=11,60,false,61,0.178,22,2,256,0.154,23,22,false
dec-211,dec,d_b=20;m=2;gap=1;k=2;q=0;s=11,60,false,61,0.178,22,2,512,0.274,23,22,false
dec-211,dec,d_b=20;m=2;gap=1;k=2;q=0;s=11,60,false,61,0.178,22,2,1024,0.438,23,22,false
dec-211,dec,d_b=20;m=2;gap=1;k=2;q=0;s=11,60,false,61,0.178,22,2,2048,0.803,23,22,false
dec-211,dec,d_b=20;m=2;gap=1;k=2;q=0;s=11,60,false,61,0.178,22,2,4096,1.455,23,22,false
dec-211,dec,d_b=20;m=2;gap=1;k=2;q=0;s=11,60,false,61,0.178,22,2,8192,2.753,23,22,false
dec-211,dec,d_b=20;m=2;gap=1;k=2;q=0;s=11,60,false,61,0.178,22,2,16384,5.006,23,22,false
dec-211,dec,d_b=20;m=2;gap=1;k=2;q=0;s=11,60,false,61,0.178,22,2,32768,9.333,23,22,false
dec-211,dec,d_b=20;m=2;gap=1;k=2;q=0;s=11,60,false,61,0.178,22,2,65536,17.390,23,22,false
dec-211,dec,d_b=20;m=2;gap=1;k=2;q=0;s=11,60,false,61,0.178,22,2,131072,33.325,23,22,false
dec-211,dec,d_b=20;m=2;gap=1;k=2;q=0;s=11,60,false,61,0.178,22,2,262144,65.248,23,22,false
dec-212,dec,d_b=20;m=2;gap=1;k=4;q=0;s=11,100,false,101,0.288,22,2,1,0.022,23,22,false
dec-212,dec,d_b=20;m=2;gap=1;k=4;q=0;s=11,100,false,101,0.288,22,2,2,0.029,23,22,false
dec-212,dec,d_b=20;m=2;gap=1;k=4;q=0;s=11,100,false,101,0.288,22,2,4,0.035,23,22,false
dec-212,dec,d_b=20;m=2;gap=1;k=4;q=0;s=11,100,false,101,0.288,22,2,8,0.048,23,22,false
dec-212,dec,d_b=20;m=2;gap=1;k=4;q=0;s=11,100,false,101,0.288,22,2,16,0.060,23,22,false
dec-212,dec,d_b=20;m=2;gap=1;k=4;q=0;s=11,100,false,101,0.288,22,2,32,0.074,23,22,false
dec-212,dec,d_b=20;m=2;gap=1;k=4;q=0;s=11,100,false,101,0.288,22,2,64,0.086,23,22,false
dec-212,dec,d_b=20;m=2;gap=1;k=4;q=0;s=11,100,false,101,0.288,22,2,128,0.121,23,22,false
dec-212,dec,d_b=20;m=2;gap=1;k=4;q=0;s=11,100,false,101,0.288,22,2,256,0.172,23,22,false
dec-212,dec,d_b=20;m=2;gap=1;k=4;q=0;s=11,100,false,101,0.288,22,2,512,0.267,23,22,false
dec-212,dec,d_b=20;m=2;gap=1;k=4;q=0;s=11,100,false,101,0.288,22,2,1024,0.455,23,22,false
dec-212,dec,d_b=20;m=2;gap=1;k=4;q=0;s=11,100,false,101,0.288,22,2,2048,0.800,23,22,false
dec-212,dec,d_b=20;m=2;gap=1;k=4;q=0;s=11,100,false,101,0.288,22,2,4096,1.484,23,22,false
dec-212,dec,d_b=20;m=2;gap=1;k=4;q=0;s=11,100,false,101,0.288,22,2,8192,2.744,23,22,false
dec-212,dec,d_b=20;m=2;gap=1;k=4;q=0;s=11,100,false,101,0.288,22,2,16384,5.202,23,22,false
dec-212,dec,d_b=20;m=2;gap=1;k=4;q=0;s=11,100,false,101,0.288,22,2,32768,9.759,23,22,false
dec-212,dec,d_b=20;m=2;gap=1;k=4;q=0;s=11,100,false,101,0.288,22,2,65536,18.883,23,22,false
dec-212,dec,d_b=20;m=2;gap=1;k=4;q=0;s=11,100,false,101,0.288,22,2,131072,36.521,23,22,false
dec-212,dec,d_b=20;m=2;gap=1;k=4;q=0;s=11,100,false,101,0.288,22,2,262144,71.567,23,22,false
dec-213,dec,d_b=20;m=2;gap=3;k=1;q=0;s=12,40,false,41,0.115,22,2,1,0.022,25,24,false
dec-213,dec,d_b=20;m=2;gap=3;k=1;q=0;s=12,40,false,41,0.115,22,2,2,0.027,25,24,false
dec-213,dec,d_b=20;m=2;gap=3;k=1;q=0;s=12,40,false,41,0.115,22,2,4,0.025,25,24,false
dec-213,dec,d_b=20;m=2;gap=3;k=1;q=0;s=12,40,false,41,0.115,22,2,8,0.034,25,24,false
dec-213,dec,d_b=20;m=2;gap=3;k=1;q=0;s=12,40,false,41,0.115,22,2,16,0.052,25,24,false
dec-213,dec,d_b=20;m=2;gap=3;k=1;q=0;s=12,40,false,41,0.115,22,2,32,0.059,25,24,false
dec-213,dec,d_b=20;m=2;gap=3;k=1;q=0;s=12,40,false,41,0.115,22,2,64,0.094,25,24,false
dec-213,dec,d_b=20;m=2;gap=3;k=1;q=0;s=12,40,false,41,0.115,22,2,128,0.111,25,24,false
dec-213,dec,d_b=20;m=2;gap=3;k=1;q=0;s=12,40,false,41,0.115,22,2,256,0.177,25,24,false
dec-213,dec,d_b=20;m=2;gap=3;k=1;q=0;s=12,40,false,41,0.115,22,2,512,0.286,25,24,false
dec-213,dec,d_b=20;m=2;gap=3;k=1;q=0;s=12,40,false,41,0.115,22,2,1024,0.521,25,24,false
dec-213,dec,d_b=20;m=2;gap=3;k=1;q=0;s=12,40,false,41,0.115,22,2,2048,0.892,25,24,false
dec-213,dec,d_b=20;m=2;gap=3;k=1;q=0;s=12,40,false,41,0.115,22,2,4096,1.624,22,2,false
dec-213,dec,d_b=20;m=2;gap=3;k=1;q=0;s=12,40,false,41,0.115,22,2,8192,2.935,22,2,false
dec-213,dec,d_b=20;m=2;gap=3;k=1;q=0;s=12,40,false,41,0.115,22,2,16384,5.211,22,2,false
dec-213,dec,d_b=20;m=2;gap=3;k=1;q=0;s=12,40,false,41,0.115,22,2,32768,9.544,22,2,false
dec-213,dec,d_b=20;m=2;gap=3;k=1;q=0;s=12,40,false,41,0.115,22,2,65536,17.387,22,2,false
dec-213,dec,d_b=20;m=2;gap=3;k=1;q=0;s=12,40,false,41,0.115,22,2,131072,32.647,22,2,false
dec-213,dec,d_b=20;m=2;gap=3;k=1;q=0;s=12,40,false,41,0.115,22,2,262144,62.885,22,2,false
dec-214,dec,d_b=20;m=2;gap=3;k=2;q=0;s=12,60,false,61,0.172,22,2,1,0.020,25,24,false
dec-214,dec,d_b=20;m=2;gap=3;k=2;q=0;s=12,60,false,61,0.172,22,2,2,0.027,25,24,false
dec-214,dec,d_b=20;m=2;gap=3;k=2;q=0;s=12,60,false,61,0.172,22,2,4,0.030,25,24,false
dec-214,dec,d_b=20;m=2;gap=3;k=2;q=0;s=12,60,false,61,0.172,22,2,8,0.034,25,24,false
dec-214,dec,d_b=20;m=2;gap=3;k=2;q=0;s=12,60,false,61,0.172,22,2,16,0.048,25,24,false
dec-214,dec,d_b=20;m=2;gap=3;k=2;q=0;s=12,60,false,61,0.172,22,2,32,0.061,25,24,false
dec-214,dec,d_b=20;m=2;gap=3;k=2;q=0;s=12,60,false,61,0.172,22,2,64,0.080,25,24,false
dec-214,dec,d_b=20;m=2;gap=3;k=2;q=0;s=12,60,false,61,0.172,22,2,128,0.116,25,24,false
dec-214,dec,d_b=20;m=2;gap=3;k=2;q=0;s=12,60,false,61,0.172,22,2,256,0.164,25,24,false
dec-214,dec,d_b=20;m=2;gap=3;k=2;q=0;s=12,60,false,61,0.172,22,2,512,0.268,25,24,false
dec-214,dec,d_b=20;m=2;gap=3;k=2;q=0;s=12,60,false,61,0.172,22,2,1024,0.459,25,24,false
dec-214,dec,d_b=20;m=2;gap=3;k=2;q=0;s=12,60,false,61,0.172,22,2,2048,0.812,25,24,false
dec-214,dec,d_b=20;m=2;gap=3;k=2;q=0;s=12,60,false,61,0.172,22,2,4096,1.509,25,24,false
dec-214,dec,d_b=20;m=2;gap=3;k=2;q=0;s=12,60,false,61,0.172,22,2,8192,2.776,25,24,false
dec-214,dec,d_b=20;m=2;gap=3;k=2;q=0;s=12,60,false,61,0.172,22,2,16384,5.141,25,24,false
dec-214,dec,d_b=20;m=2;gap=3;k=2;q=0;s=12,60,false,61,0.172,22,2,32768,9.403,25,24,false
dec-214,dec,d_b=20;m=2;gap=3;k=2;q=0;s=12,60,false,61,0.172,22,2,65536,17.926,25,24,false
dec-214,dec,d_b=20;m=2;gap=3;k=2;q=0;s=12,60,false,61,0.172,22,2,131072,33.571,25,24,false
dec-214,dec,d_b=20;m=2;gap=3;k=2;q=0;s=12,60,false,61,0.172,22,2,262144,65.933,25,24,false
dec-215,dec,d_b=20;m=2;gap=3;k=4;q=0;s=12,100,false,101,0.284,22,2,1,0.029,25,24,false
dec-215,dec,d_b=20;m=2;gap=3;k=4;q=0;s=12,100,false,101,0.284,22,2,2,0.026,25,24,false
dec-215,dec,d_b=20;m=2;gap=3;k=4;q=0;s=12,100,false,101,0.284,22,2,4,0.040,25,24,false
dec-215,dec,d_b=20;m=2;gap=3;k=4;q=0;s=12,100,false,101,0.284,22,2,8,0.049,25,24,false
dec-215,dec,d_b=20;m=2;gap=3;k=4;q=0;s=12,100,false,101,0.284,22,2,16,0.057,25,24,false
dec-215,dec,d_b=20;m=2;gap=3;k=4;q=0;s=12,100,false,101,0.284,22,2,32,0.079,25,24,false
dec-215,dec,d_b=20;m=2;gap=3;k=4;q=0;s=12,100,false,101,0.284,22,2,64,0.089,25,24,false
dec-215,dec,d_b=20;m=2;gap=3;k=4;q=0;s=12,100,false,101,0.284,22,2,128,0.120,25,24,false
dec-215,dec,d_b=20;m=2;gap=3;k=4;q=0;s=12,100,false,101,0.284,22,2,256,0.175,25,24,false
dec-215,dec,d_b=20;m=2;gap=3;k=4;q=0;s=12,100,false,101,0.284,22,2,512,0.271,25,24,false
dec-215,dec,d_b=20;m=2;gap=3;k=4;q=0;s=12,100,false,101,0.284,22,2,1024,0.459,25,24,false
dec-215,dec,d_b=20;m=2;gap=3;k=4;q=0;s=12,100,false,101,0.284,22,2,2048,0.813,25,24,false
dec-215,dec,d_b=20;m=2;gap=3;k=4;q=0;s=12,100,false,101,0.284,22,2,4096,1.490,25,24,false
dec-215,dec,d_b=20;m=2;gap=3;k=4;q=0;s=12,100,false,101,0.284,22,2,8192,2.795,25,24,false
dec-215,dec,d_b=20;m=2;gap=3;k=4;q=0;s=12,100,false,101,0.284,22,2,16384,5.169,25,24,false
dec-215,dec,d_b=20;m=2;gap=3;k=4;q=0;s=12,100,false,101,0.284,22,2,32768,9.867,25,24,false
dec-215,dec,d_b=20;m=2;gap=3;k=4;q=0;s=12,100,false,101,0.284,22,2,65536,19.378,25,24,false
dec-215,dec,d_b=20;m=2;gap=3;k=4;q=0;s=12,100,false,101,0.284,22,2,131072,37.088,25,24,false
dec-215,dec,d_b=20;m=2;gap=3;k=4;q=0;s=12,100,false,101,0.284,22,2,262144,72.928,25,24,false
dec-216,dec,d_b=20;m=2;gap=7;k=1;q=0;s=14,40,false,41,0.106,22,2,1,0.018,29,28,false
dec-216,dec,d_b=20;m=2;gap=7;k=1;q=0;s=14,40,false,41,0.106,22,2,2,0.030,29,28,false
dec-216,dec,d_b=20;m=2;gap=7;k=1;q=0;s=14,40,false,41,0.106,22,2,4,0.024,29,28,false
dec-216,dec,d_b=20;m=2;gap=7;k=1;q=0;s=14,40,false,41,0.106,22,2,8,0.036,29,28,false
dec-216,dec,d_b=20;m=2;gap=7;k=1;q=0;s=14,40,false,41,0.106,22,2,16,0.046,29,28,false
dec-216,dec,d_b=20;m=2;gap=7;k=1;q=0;s=14,40,false,41,0.106,22,2,32,0.062,29,28,false
dec-216,dec,d_b=20;m=2;gap=7;k=1;q=0;s=14,40,false,41,0.106,22,2,64,0.074,29,28,false
dec-216,dec,d_b=20;m=2;gap=7;k=1;q=0;s=14,40,false,41,0.106,22,2,128,0.111,29,28,false
dec-216,dec,d_b=20;m=2;gap=7;k=1;q=0;s=14,40,false,41,0.106,22,2,256,0.175,29,28,false
dec-216,dec,d_b=20;m=2;gap=7;k=1;q=0;s=14,40,false,41,0.106,22,2,512,0.328,22,2,false
dec-216,dec,d_b=20;m=2;gap=7;k=1;q=0;s=14,40,false,41,0.106,22,2,1024,0.534,22,2,false
dec-216,dec,d_b=20;m=2;gap=7;k=1;q=0;s=14,40,false,41,0.106,22,2,2048,0.958,22,2,false
dec-216,dec,d_b=20;m=2;gap=7;k=1;q=0;s=14,40,false,41,0.106,22,2,4096,1.674,22,2,false
dec-216,dec,d_b=20;m=2;gap=7;k=1;q=0;s=14,40,false,41,0.106,22,2,8192,3.005,22,2,false
dec-216,dec,d_b=20;m=2;gap=7;k=1;q=0;s=14,40,false,41,0.106,22,2,16384,5.345,22,2,false
dec-216,dec,d_b=20;m=2;gap=7;k=1;q=0;s=14,40,false,41,0.106,22,2,32768,9.612,22,2,false
dec-216,dec,d_b=20;m=2;gap=7;k=1;q=0;s=14,40,false,41,0.106,22,2,65536,17.496,22,2,false
dec-216,dec,d_b=20;m=2;gap=7;k=1;q=0;s=14,40,false,41,0.106,22,2,131072,33.292,22,2,false
dec-216,dec,d_b=20;m=2;gap=7;k=1;q=0;s=14,40,false,41,0.106,22,2,262144,63.211,22,2,false
dec-217,dec,d_b=20;m=2;gap=7;k=2;q=0;s=14,60,false,61,0.157,22,2,1,0.020,29,28,false
dec-217,dec,d_b=20;m=2;gap=7;k=2;q=0;s=14,60,false,61,0.157,22,2,2,0.025,29,28,false
dec-217,dec,d_b=20;m=2;gap=7;k=2;q=0;s=14,60,false,61,0.157,22,2,4,0.030,29,28,false
dec-217,dec,d_b=20;m=2;gap=7;k=2;q=0;s=14,60,false,61,0.157,22,2,8,0.033,29,28,false
dec-217,dec,d_b=20;m=2;gap=7;k=2;q=0;s=14,60,false,61,0.157,22,2,16,0.048,29,28,false
dec-217,dec,d_b=20;m=2;gap=7;k=2;q=0;s=14,60,false,61,0.157,22,2,32,0.065,29,28,false
dec-217,dec,d_b=20;m=2;gap=7;k=2;q=0;s=14,60,false,61,0.157,22,2,64,0.081,29,28,false
dec-217,dec,d_b=20;m=2;gap=7;k=2;q=0;s=14,60,false,61,0.157,22,2,128,0.119,29,28,false
dec-217,dec,d_b=20;m=2;gap=7;k=2;q=0;s=14,60,false,61,0.157,22,2,256,0.168,29,28,false
dec-217,dec,d_b=20;m=2;gap=7;k=2;q=0;s=14,60,false,61,0.157,22,2,512,0.273,29,28,false
dec-217,dec,d_b=20;m=2;gap=7;k=2;q=0;s=14,60,false,61,0.157,22,2,1024,0.465,29,28,false
dec-217,dec,d_b=20;m=2;gap=7;k=2;q=0;s=14,60,false,61,0.157,22,2,2048,0.823,29,28,false
dec-217,dec,d_b=20;m=2;gap=7;k=2;q=0;s=14,60,false,61,0.157,22,2,4096,1.534,29,28,false
dec-217,dec,d_b=20;m=2;gap=7;k=2;q=0;s=14,60,false,61,0.157,22,2,8192,2.832,22,2,false
dec-217,dec,d_b=20;m=2;gap=7;k=2;q=0;s=14,60,false,61,0.157,22,2,16384,5.239,22,2,false
dec-217,dec,d_b=20;m=2;gap=7;k=2;q=0;s=14,60,false,61,0.157,22,2,32768,9.629,22,2,false
dec-217,dec,d_b=20;m=2;gap=7;k=2;q=0;s=14,60,false,61,0.157,22,2,65536,18.173,22,2,false
dec-217,dec,d_b=20;m=2;gap=7;k=2;q=0;s=14,60,false,61,0.157,22,2,131072,34.487,22,2,false
dec-217,dec,d_b=20;m=2;gap=7;k=2;q=0;s=14,60,false,61,0.157,22,2,262144,66.633,22,2,false
dec-218,dec,d_b=20;m=2;gap=7;k=4;q=0;s=14,100,false,101,0.260,22,2,1,0.023,29,28,false
dec-218,dec,d_b=20;m=2;gap=7;k=4;q=0;s=14,100,false,101,0.260,22,2,2,0.033,29,28,false
dec-218,dec,d_b=20;m=2;gap=7;k=4;q=0;s=14,100,false,101,0.260,22,2,4,0.040,29,28,false
dec-218,dec,d_b=20;m=2;gap=7;k=4;q=0;s=14,100,false,101,0.260,22,2,8,0.051,29,28,false
dec-218,dec,d_b=20;m=2;gap=7;k=4;q=0;s=14,100,false,101,0.260,22,2,16,0.056,29,28,false
dec-218,dec,d_b=20;m=2;gap=7;k=4;q=0;s=14,100,false,101,0.260,22,2,32,0.086,29,28,false
dec-218,dec,d_b=20;m=2;gap=7;k=4;q=0;s=14,100,false,101,0.260,22,2,64,0.094,29,28,false
dec-218,dec,d_b=20;m=2;gap=7;k=4;q=0;s=14,100,false,101,0.260,22,2,128,0.124,29,28,false
dec-218,dec,d_b=20;m=2;gap=7;k=4;q=0;s=14,100,false,101,0.260,22,2,256,0.179,29,28,false
dec-218,dec,d_b=20;m=2;gap=7;k=4;q=0;s=14,100,false,101,0.260,22,2,512,0.275,29,28,false
dec-218,dec,d_b=20;m=2;gap=7;k=4;q=0;s=14,100,false,101,0.260,22,2,1024,0.474,29,28,false
dec-218,dec,d_b=20;m=2;gap=7;k=4;q=0;s=14,100,false,101,0.260,22,2,2048,0.818,29,28,false
dec-218,dec,d_b=20;m=2;gap=7;k=4;q=0;s=14,100,false,101,0.260,22,2,4096,1.508,29,28,false
dec-218,dec,d_b=20;m=2;gap=7;k=4;q=0;s=14,100,false,101,0.260,22,2,8192,2.760,29,28,false
dec-218,dec,d_b=20;m=2;gap=7;k=4;q=0;s=14,100,false,101,0.260,22,2,16384,5.218,29,28,false
dec-218,dec,d_b=20;m=2;gap=7;k=4;q=0;s=14,100,false,101,0.260,22,2,32768,9.857,29,28,false
dec-218,dec,d_b=20;m=2;gap=7;k=4;q=0;s=14,100,false,101,0.260,22,2,65536,19.150,29,28,false
dec-218,dec,d_b=20;m=2;gap=7;k=4;q=0;s=14,100,false,101,0.260,22,2,131072,36.882,29,28,false
dec-218,dec,d_b=20;m=2;gap=7;k=4;q=0;s=14,100,false,101,0.260,22,2,262144,72.174,29,28,false
dec-219,dec,d_b=20;m=2;gap=13;k=1;q=0;s=17,40,false,41,0.095,22,2,1,0.024,35,34,false
dec-219,dec,d_b=20;m=2;gap=13;k=1;q=0;s=17,40,false,41,0.095,22,2,2,0.026,35,34,false
dec-219,dec,d_b=20;m=2;gap=13;k=1;q=0;s=17,40,false,41,0.095,22,2,4,0.031,35,34,false
dec-219,dec,d_b=20;m=2;gap=13;k=1;q=0;s=17,40,false,41,0.095,22,2,8,0.037,35,34,false
dec-219,dec,d_b=20;m=2;gap=13;k=1;q=0;s=17,40,false,41,0.095,22,2,16,0.051,35,34,false
dec-219,dec,d_b=20;m=2;gap=13;k=1;q=0;s=17,40,false,41,0.095,22,2,32,0.087,22,2,false
dec-219,dec,d_b=20;m=2;gap=13;k=1;q=0;s=17,40,false,41,0.095,22,2,64,0.126,22,2,false
dec-219,dec,d_b=20;m=2;gap=13;k=1;q=0;s=17,40,false,41,0.095,22,2,128,0.153,22,2,false
dec-219,dec,d_b=20;m=2;gap=13;k=1;q=0;s=17,40,false,41,0.095,22,2,256,0.226,22,2,false
dec-219,dec,d_b=20;m=2;gap=13;k=1;q=0;s=17,40,false,41,0.095,22,2,512,0.347,22,2,false
dec-219,dec,d_b=20;m=2;gap=13;k=1;q=0;s=17,40,false,41,0.095,22,2,1024,0.580,22,2,false
dec-219,dec,d_b=20;m=2;gap=13;k=1;q=0;s=17,40,false,41,0.095,22,2,2048,0.990,22,2,false
dec-219,dec,d_b=20;m=2;gap=13;k=1;q=0;s=17,40,false,41,0.095,22,2,4096,1.773,22,2,false
dec-219,dec,d_b=20;m=2;gap=13;k=1;q=0;s=17,40,false,41,0.095,22,2,8192,3.143,22,2,false
dec-219,dec,d_b=20;m=2;gap=13;k=1;q=0;s=17,40,false,41,0.095,22,2,16384,5.529,22,2,false
dec-219,dec,d_b=20;m=2;gap=13;k=1;q=0;s=17,40,false,41,0.095,22,2,32768,9.831,22,2,false
dec-219,dec,d_b=20;m=2;gap=13;k=1;q=0;s=17,40,false,41,0.095,22,2,65536,18.206,22,2,false
dec-219,dec,d_b=20;m=2;gap=13;k=1;q=0;s=17,40,false,41,0.095,22,2,131072,33.966,22,2,false
dec-219,dec,d_b=20;m=2;gap=13;k=1;q=0;s=17,40,false,41,0.095,22,2,262144,64.791,22,2,false
dec-220,dec,d_b=20;m=2;gap=13;k=2;q=0;s=17,60,false,61,0.139,22,2,1,0.027,35,34,false
dec-220,dec,d_b=20;m=2;gap=13;k=2;q=0;s=17,60,false,61,0.139,22,2,2,0.027,35,34,false
dec-220,dec,d_b=20;m=2;gap=13;k=2;q=0;s=17,60,false,61,0.139,22,2,4,0.038,35,34,false
dec-220,dec,d_b=20;m=2;gap=13;k=2;q=0;s=17,60,false,61,0.139,22,2,8,0.037,35,34,false
dec-220,dec,d_b=20;m=2;gap=13;k=2;q=0;s=17,60,false,61,0.139,22,2,16,0.055,35,34,false
dec-220,dec,d_b=20;m=2;gap=13;k=2;q=0;s=17,60,false,61,0.139,22,2,32,0.070,35,34,false
dec-220,dec,d_b=20;m=2;gap=13;k=2;q=0;s=17,60,false,61,0.139,22,2,64,0.091,35,34,false
dec-220,dec,d_b=20;m=2;gap=13;k=2;q=0;s=17,60,false,61,0.139,22,2,128,0.140,22,2,false
dec-220,dec,d_b=20;m=2;gap=13;k=2;q=0;s=17,60,false,61,0.139,22,2,256,0.204,22,2,false
dec-220,dec,d_b=20;m=2;gap=13;k=2;q=0;s=17,60,false,61,0.139,22,2,512,0.315,22,2,false
dec-220,dec,d_b=20;m=2;gap=13;k=2;q=0;s=17,60,false,61,0.139,22,2,1024,0.535,22,2,false
dec-220,dec,d_b=20;m=2;gap=13;k=2;q=0;s=17,60,false,61,0.139,22,2,2048,0.891,22,2,false
dec-220,dec,d_b=20;m=2;gap=13;k=2;q=0;s=17,60,false,61,0.139,22,2,4096,1.614,22,2,false
dec-220,dec,d_b=20;m=2;gap=13;k=2;q=0;s=17,60,false,61,0.139,22,2,8192,2.922,22,2,false
dec-220,dec,d_b=20;m=2;gap=13;k=2;q=0;s=17,60,false,61,0.139,22,2,16384,5.341,22,2,false
dec-220,dec,d_b=20;m=2;gap=13;k=2;q=0;s=17,60,false,61,0.139,22,2,32768,9.869,22,2,false
dec-220,dec,d_b=20;m=2;gap=13;k=2;q=0;s=17,60,false,61,0.139,22,2,65536,18.492,22,2,false
dec-220,dec,d_b=20;m=2;gap=13;k=2;q=0;s=17,60,false,61,0.139,22,2,131072,35.501,22,2,false
dec-220,dec,d_b=20;m=2;gap=13;k=2;q=0;s=17,60,false,61,0.139,22,2,262144,66.734,22,2,false
dec-221,dec,d_b=20;m=2;gap=13;k=4;q=0;s=17,100,false,101,0.203,22,2,1,0.026,35,34,false
dec-221,dec,d_b=20;m=2;gap=13;k=4;q=0;s=17,100,false,101,0.203,22,2,2,0.033,35,34,false
dec-221,dec,d_b=20;m=2;gap=13;k=4;q=0;s=17,100,false,101,0.203,22,2,4,0.049,35,34,false
dec-221,dec,d_b=20;m=2;gap=13;k=4;q=0;s=17,100,false,101,0.203,22,2,8,0.056,35,34,false
dec-221,dec,d_b=20;m=2;gap=13;k=4;q=0;s=17,100,false,101,0.203,22,2,16,0.077,35,34,false
dec-221,dec,d_b=20;m=2;gap=13;k=4;q=0;s=17,100,false,101,0.203,22,2,32,0.093,35,34,false
dec-221,dec,d_b=20;m=2;gap=13;k=4;q=0;s=17,100,false,101,0.203,22,2,64,0.108,35,34,false
dec-221,dec,d_b=20;m=2;gap=13;k=4;q=0;s=17,100,false,101,0.203,22,2,128,0.133,35,34,false
dec-221,dec,d_b=20;m=2;gap=13;k=4;q=0;s=17,100,false,101,0.203,22,2,256,0.204,35,34,false
dec-221,dec,d_b=20;m=2;gap=13;k=4;q=0;s=17,100,false,101,0.203,22,2,512,0.320,35,34,false
dec-221,dec,d_b=20;m=2;gap=13;k=4;q=0;s=17,100,false,101,0.203,22,2,1024,0.540,22,2,false
dec-221,dec,d_b=20;m=2;gap=13;k=4;q=0;s=17,100,false,101,0.203,22,2,2048,0.874,22,2,false
dec-221,dec,d_b=20;m=2;gap=13;k=4;q=0;s=17,100,false,101,0.203,22,2,4096,1.547,22,2,false
dec-221,dec,d_b=20;m=2;gap=13;k=4;q=0;s=17,100,false,101,0.203,22,2,8192,2.826,22,2,false
dec-221,dec,d_b=20;m=2;gap=13;k=4;q=0;s=17,100,false,101,0.203,22,2,16384,5.319,22,2,false
dec-221,dec,d_b=20;m=2;gap=13;k=4;q=0;s=17,100,false,101,0.203,22,2,32768,10.118,22,2,false
dec-221,dec,d_b=20;m=2;gap=13;k=4;q=0;s=17,100,false,101,0.203,22,2,65536,19.554,22,2,false
dec-221,dec,d_b=20;m=2;gap=13;k=4;q=0;s=17,100,false,101,0.203,22,2,131072,38.054,22,2,false
dec-221,dec,d_b=20;m=2;gap=13;k=4;q=0;s=17,100,false,101,0.203,22,2,262144,73.832,22,2,false
dec-222,dec,d_b=20;m=3;gap=1;k=1;q=1;s=21,40,false,42,0.170,42,2,1,0.025,43,42,false
dec-222,dec,d_b=20;m=3;gap=1;k=1;q=1;s=21,40,false,42,0.170,42,2,2,0.034,43,42,false
dec-222,dec,d_b=20;m=3;gap=1;k=1;q=1;s=21,40,false,42,0.170,42,2,4,0.033,43,42,false
dec-222,dec,d_b=20;m=3;gap=1;k=1;q=1;s=21,40,false,42,0.170,42,2,8,0.046,43,42,false
dec-222,dec,d_b=20;m=3;gap=1;k=1;q=1;s=21,40,false,42,0.170,42,2,16,0.057,43,42,false
dec-222,dec,d_b=20;m=3;gap=1;k=1;q=1;s=21,40,false,42,0.170,42,2,32,0.079,43,42,false
dec-222,dec,d_b=20;m=3;gap=1;k=1;q=1;s=21,40,false,42,0.170,42,2,64,0.090,43,42,false
dec-222,dec,d_b=20;m=3;gap=1;k=1;q=1;s=21,40,false,42,0.170,42,2,128,0.133,43,42,false
dec-222,dec,d_b=20;m=3;gap=1;k=1;q=1;s=21,40,false,42,0.170,42,2,256,0.197,43,42,false
dec-222,dec,d_b=20;m=3;gap=1;k=1;q=1;s=21,40,false,42,0.170,42,2,512,0.312,43,42,false
dec-222,dec,d_b=20;m=3;gap=1;k=1;q=1;s=21,40,false,42,0.170,42,2,1024,0.527,43,42,false
dec-222,dec,d_b=20;m=3;gap=1;k=1;q=1;s=21,40,false,42,0.170,42,2,2048,0.923,43,42,false
dec-222,dec,d_b=20;m=3;gap=1;k=1;q=1;s=21,40,false,42,0.170,42,2,4096,1.644,43,42,false
dec-222,dec,d_b=20;m=3;gap=1;k=1;q=1;s=21,40,false,42,0.170,42,2,8192,2.923,43,42,false
dec-222,dec,d_b=20;m=3;gap=1;k=1;q=1;s=21,40,false,42,0.170,42,2,16384,5.191,43,42,false
dec-222,dec,d_b=20;m=3;gap=1;k=1;q=1;s=21,40,false,42,0.170,42,2,32768,9.430,42,2,false
dec-222,dec,d_b=20;m=3;gap=1;k=1;q=1;s=21,40,false,42,0.170,42,2,65536,17.272,42,2,false
dec-222,dec,d_b=20;m=3;gap=1;k=1;q=1;s=21,40,false,42,0.170,42,2,131072,32.934,42,2,false
dec-222,dec,d_b=20;m=3;gap=1;k=1;q=1;s=21,40,false,42,0.170,42,2,262144,62.307,42,2,false
dec-223,dec,d_b=20;m=3;gap=1;k=2;q=1;s=21,60,false,62,0.257,42,2,1,0.023,43,42,false
dec-223,dec,d_b=20;m=3;gap=1;k=2;q=1;s=21,60,false,62,0.257,42,2,2,0.037,43,42,false
dec-223,dec,d_b=20;m=3;gap=1;k=2;q=1;s=21,60,false,62,0.257,42,2,4,0.044,43,42,false
dec-223,dec,d_b=20;m=3;gap=1;k=2;q=1;s=21,60,false,62,0.257,42,2,8,0.049,43,42,false
dec-223,dec,d_b=20;m=3;gap=1;k=2;q=1;s=21,60,false,62,0.257,42,2,16,0.067,43,42,false
dec-223,dec,d_b=20;m=3;gap=1;k=2;q=1;s=21,60,false,62,0.257,42,2,32,0.086,43,42,false
dec-223,dec,d_b=20;m=3;gap=1;k=2;q=1;s=21,60,false,62,0.257,42,2,64,0.102,43,42,false
dec-223,dec,d_b=20;m=3;gap=1;k=2;q=1;s=21,60,false,62,0.257,42,2,128,0.144,43,42,false
dec-223,dec,d_b=20;m=3;gap=1;k=2;q=1;s=21,60,false,62,0.257,42,2,256,0.194,43,42,false
dec-223,dec,d_b=20;m=3;gap=1;k=2;q=1;s=21,60,false,62,0.257,42,2,512,0.309,43,42,false
dec-223,dec,d_b=20;m=3;gap=1;k=2;q=1;s=21,60,false,62,0.257,42,2,1024,0.492,43,42,false
dec-223,dec,d_b=20;m=3;gap=1;k=2;q=1;s=21,60,false,62,0.257,42,2,2048,0.867,43,42,false
dec-223,dec,d_b=20;m=3;gap=1;k=2;q=1;s=21,60,false,62,0.257,42,2,4096,1.558,43,42,false
dec-223,dec,d_b=20;m=3;gap=1;k=2;q=1;s=21,60,false,62,0.257,42,2,8192,2.838,43,42,false
dec-223,dec,d_b=20;m=3;gap=1;k=2;q=1;s=21,60,false,62,0.257,42,2,16384,5.114,43,42,false
dec-223,dec,d_b=20;m=3;gap=1;k=2;q=1;s=21,60,false,62,0.257,42,2,32768,9.567,43,42,false
dec-223,dec,d_b=20;m=3;gap=1;k=2;q=1;s=21,60,false,62,0.257,42,2,65536,18.168,43,42,false
dec-223,dec,d_b=20;m=3;gap=1;k=2;q=1;s=21,60,false,62,0.257,42,2,131072,34.187,43,42,false
dec-223,dec,d_b=20;m=3;gap=1;k=2;q=1;s=21,60,false,62,0.257,42,2,262144,66.516,43,42,false
dec-224,dec,d_b=20;m=3;gap=1;k=4;q=1;s=21,100,false,102,0.451,42,2,1,0.033,43,42,false
dec-224,dec,d_b=20;m=3;gap=1;k=4;q=1;s=21,100,false,102,0.451,42,2,2,0.040,43,42,false
dec-224,dec,d_b=20;m=3;gap=1;k=4;q=1;s=21,100,false,102,0.451,42,2,4,0.060,43,42,false
dec-224,dec,d_b=20;m=3;gap=1;k=4;q=1;s=21,100,false,102,0.451,42,2,8,0.083,43,42,false
dec-224,dec,d_b=20;m=3;gap=1;k=4;q=1;s=21,100,false,102,0.451,42,2,16,0.093,43,42,false
dec-224,dec,d_b=20;m=3;gap=1;k=4;q=1;s=21,100,false,102,0.451,42,2,32,0.112,43,42,false
dec-224,dec,d_b=20;m=3;gap=1;k=4;q=1;s=21,100,false,102,0.451,42,2,64,0.122,43,42,false
dec-224,dec,d_b=20;m=3;gap=1;k=4;q=1;s=21,100,false,102,0.451,42,2,128,0.166,43,42,false
dec-224,dec,d_b=20;m=3;gap=1;k=4;q=1;s=21,100,false,102,0.451,42,2,256,0.231,43,42,false
dec-224,dec,d_b=20;m=3;gap=1;k=4;q=1;s=21,100,false,102,0.451,42,2,512,0.321,43,42,false
dec-224,dec,d_b=20;m=3;gap=1;k=4;q=1;s=21,100,false,102,0.451,42,2,1024,0.527,43,42,false
dec-224,dec,d_b=20;m=3;gap=1;k=4;q=1;s=21,100,false,102,0.451,42,2,2048,0.855,43,42,false
dec-224,dec,d_b=20;m=3;gap=1;k=4;q=1;s=21,100,false,102,0.451,42,2,4096,1.515,43,42,false
dec-224,dec,d_b=20;m=3;gap=1;k=4;q=1;s=21,100,false,102,0.451,42,2,8192,2.832,43,42,false
dec-224,dec,d_b=20;m=3;gap=1;k=4;q=1;s=21,100,false,102,0.451,42,2,16384,5.220,43,42,false
dec-224,dec,d_b=20;m=3;gap=1;k=4;q=1;s=21,100,false,102,0.451,42,2,32768,10.075,43,42,false
dec-224,dec,d_b=20;m=3;gap=1;k=4;q=1;s=21,100,false,102,0.451,42,2,65536,19.093,43,42,false
dec-224,dec,d_b=20;m=3;gap=1;k=4;q=1;s=21,100,false,102,0.451,42,2,131072,37.529,43,42,false
dec-224,dec,d_b=20;m=3;gap=1;k=4;q=1;s=21,100,false,102,0.451,42,2,262144,72.937,43,42,false
dec-225,dec,d_b=20;m=3;gap=3;k=1;q=1;s=22,40,false,42,0.169,42,2,1,0.021,45,44,false
dec-225,dec,d_b=20;m=3;gap=3;k=1;q=1;s=22,40,false,42,0.169,42,2,2,0.041,45,44,false
dec-225,dec,d_b=20;m=3;gap=3;k=1;q=1;s=22,40,false,42,0.169,42,2,4,0.032,45,44,false
dec-225,dec,d_b=20;m=3;gap=3;k=1;q=1;s=22,40,false,42,0.169,42,2,8,0.053,45,44,false
dec-225,dec,d_b=20;m=3;gap=3;k=1;q=1;s=22,40,false,42,0.169,42,2,16,0.063,45,44,false
dec-225,dec,d_b=20;m=3;gap=3;k=1;q=1;s=22,40,false,42,0.169,42,2,32,0.081,45,44,false
dec-225,dec,d_b=20;m=3;gap=3;k=1;q=1;s=22,40,false,42,0.169,42,2,64,0.097,45,44,false
dec-225,dec,d_b=20;m=3;gap=3;k=1;q=1;s=22,40,false,42,0.169,42,2,128,0.134,45,44,false
dec-225,dec,d_b=20;m=3;gap=3;k=1;q=1;s=22,40,false,42,0.169,42,2,256,0.201,45,44,false
dec-225,dec,d_b=20;m=3;gap=3;k=1;q=1;s=22,40,false,42,0.169,42,2,512,0.328,45,44,false
dec-225,dec,d_b=20;m=3;gap=3;k=1;q=1;s=22,40,false,42,0.169,42,2,1024,0.578,45,44,false
dec-225,dec,d_b=20;m=3;gap=3;k=1;q=1;s=22,40,false,42,0.169,42,2,2048,0.940,45,44,false
dec-225,dec,d_b=20;m=3;gap=3;k=1;q=1;s=22,40,false,42,0.169,42,2,4096,1.697,42,2,false
dec-225,dec,d_b=20;m=3;gap=3;k=1;q=1;s=22,40,false,42,0.169,42,2,8192,3.131,42,2,false
dec-225,dec,d_b=20;m=3;gap=3;k=1;q=1;s=22,40,false,42,0.169,42,2,16384,5.262,42,2,false
dec-225,dec,d_b=20;m=3;gap=3;k=1;q=1;s=22,40,false,42,0.169,42,2,32768,9.539,42,2,false
dec-225,dec,d_b=20;m=3;gap=3;k=1;q=1;s=22,40,false,42,0.169,42,2,65536,17.501,42,2,false
dec-225,dec,d_b=20;m=3;gap=3;k=1;q=1;s=22,40,false,42,0.169,42,2,131072,32.900,42,2,false
dec-225,dec,d_b=20;m=3;gap=3;k=1;q=1;s=22,40,false,42,0.169,42,2,262144,62.697,42,2,false
dec-226,dec,d_b=20;m=3;gap=3;k=2;q=1;s=22,60,false,62,0.278,42,2,1,0.027,45,44,false
dec-226,dec,d_b=20;m=3;gap=3;k=2;q=1;s=22,60,false,62,0.278,42,2,2,0.034,45,44,false
dec-226,dec,d_b=20;m=3;gap=3;k=2;q=1;s=22,60,false,62,0.278,42,2,4,0.046,45,44,false
dec-226,dec,d_b=20;m=3;gap=3;k=2;q=1;s=22,60,false,62,0.278,42,2,8,0.047,45,44,false
dec-226,dec,d_b=20;m=3;gap=3;k=2;q=1;s=22,60,false,62,0.278,42,2,16,0.074,45,44,false
dec-226,dec,d_b=20;m=3;gap=3;k=2;q=1;s=22,60,false,62,0.278,42,2,32,0.085,45,44,false
dec-226,dec,d_b=20;m=3;gap=3;k=2;q=1;s=22,60,false,62,0.278,42,2,64,0.106,45,44,false
dec-226,dec,d_b=20;m=3;gap=3;k=2;q=1;s=22,60,false,62,0.278,42,2,128,0.146,45,44,false
dec-226,dec,d_b=20;m=3;gap=3;k=2;q=1;s=22,60,false,62,0.278,42,2,256,0.193,45,44,false
dec-226,dec,d_b=20;m=3;gap=3;k=2;q=1;s=22,60,false,62,0.278,42,2,512,0.318,45,44,false
dec-226,dec,d_b=20;m=3;gap=3;k=2;q=1;s=22,60,false,62,0.278,42,2,1024,0.502,45,44,false
dec-226,dec,d_b=20;m=3;gap=3;k=2;q=1;s=22,60,false,62,0.278,42,2,2048,0.875,45,44,false
dec-226,dec,d_b=20;m=3;gap=3;k=2;q=1;s=22,60,false,62,0.278,42,2,4096,1.573,45,44,false
dec-226,dec,d_b=20;m=3;gap=3;k=2;q=1;s=22,60,false,62,0.278,42,2,8192,2.826,45,44,false
dec-226,dec,d_b=20;m=3;gap=3;k=2;q=1;s=22,60,false,62,0.278,42,2,16384,5.171,45,44,false
dec-226,dec,d_b=20;m=3;gap=3;k=2;q=1;s=22,60,false,62,0.278,42,2,32768,9.495,45,44,false
dec-226,dec,d_b=20;m=3;gap=3;k=2;q=1;s=22,60,false,62,0.278,42,2,65536,18.248,45,44,false
dec-226,dec,d_b=20;m=3;gap=3;k=2;q=1;s=22,60,false,62,0.278,42,2,131072,34.221,45,44,false
dec-226,dec,d_b=20;m=3;gap=3;k=2;q=1;s=22,60,false,62,0.278,42,2,262144,66.527,45,44,false
dec-227,dec,d_b=20;m=3;gap=3;k=4;q=1;s=22,100,false,102,0.463,42,2,1,0.027,45,44,false
dec-227,dec,d_b=20;m=3;gap=3;k=4;q=1;s=22,100,false,102,0.463,42,2,2,0.044,45,44,false
dec-227,dec,d_b=20;m=3;gap=3;k=4;q=1;s=22,100,false,102,0.463,42,2,4,0.053,45,44,false
dec-227,dec,d_b=20;m=3;gap=3;k=4;q=1;s=22,100,false,102,0.463,42,2,8,0.075,45,44,false
dec-227,dec,d_b=20;m=3;gap=3;k=4;q=1;s=22,100,false,102,0.463,42,2,16,0.088,45,44,false
dec-227,dec,d_b=20;m=3;gap=3;k=4;q=1;s=22,100,false,102,0.463,42,2,32,0.111,45,44,false
dec-227,dec,d_b=20;m=3;gap=3;k=4;q=1;s=22,100,false,102,0.463,42,2,64,0.124,45,44,false
dec-227,dec,d_b=20;m=3;gap=3;k=4;q=1;s=22,100,false,102,0.463,42,2,128,0.165,45,44,false
dec-227,dec,d_b=20;m=3;gap=3;k=4;q=1;s=22,100,false,102,0.463,42,2,256,0.230,45,44,false
dec-227,dec,d_b=20;m=3;gap=3;k=4;q=1;s=22,100,false,102,0.463,42,2,512,0.321,45,44,false
dec-227,dec,d_b=20;m=3;gap=3;k=4;q=1;s=22,100,false,102,0.463,42,2,1024,0.516,45,44,false
dec-227,dec,d_b=20;m=3;gap=3;k=4;q=1;s=22,100,false,102,0.463,42,2,2048,0.876,45,44,false
dec-227,dec,d_b=20;m=3;gap=3;k=4;q=1;s=22,100,false,102,0.463,42,2,4096,1.513,45,44,false
dec-227,dec,d_b=20;m=3;gap=3;k=4;q=1;s=22,100,false,102,0.463,42,2,8192,2.827,45,44,false
dec-227,dec,d_b=20;m=3;gap=3;k=4;q=1;s=22,100,false,102,0.463,42,2,16384,5.236,45,44,false
dec-227,dec,d_b=20;m=3;gap=3;k=4;q=1;s=22,100,false,102,0.463,42,2,32768,10.065,45,44,false
dec-227,dec,d_b=20;m=3;gap=3;k=4;q=1;s=22,100,false,102,0.463,42,2,65536,19.339,45,44,false
dec-227,dec,d_b=20;m=3;gap=3;k=4;q=1;s=22,100,false,102,0.463,42,2,131072,37.436,45,44,false
dec-227,dec,d_b=20;m=3;gap=3;k=4;q=1;s=22,100,false,102,0.463,42,2,262144,72.243,45,44,false
dec-228,dec,d_b=20;m=3;gap=7;k=1;q=1;s=24,40,false,42,0.170,42,2,1,0.027,49,48,false
dec-228,dec,d_b=20;m=3;gap=7;k=1;q=1;s=24,40,false,42,0.170,42,2,2,0.036,49,48,false
dec-228,dec,d_b=20;m=3;gap=7;k=1;q=1;s=24,40,false,42,0.170,42,2,4,0.035,49,48,false
dec-228,dec,d_b=20;m=3;gap=7;k=1;q=1;s=24,40,false,42,0.170,42,2,8,0.048,49,48,false
dec-228,dec,d_b=20;m=3;gap=7;k=1;q=1;s=24,40,false,42,0.170,42,2,16,0.062,49,48,false
dec-228,dec,d_b=20;m=3;gap=7;k=1;q=1;s=24,40,false,42,0.170,42,2,32,0.083,49,48,false
dec-228,dec,d_b=20;m=3;gap=7;k=1;q=1;s=24,40,false,42,0.170,42,2,64,0.097,49,48,false
dec-228,dec,d_b=20;m=3;gap=7;k=1;q=1;s=24,40,false,42,0.170,42,2,128,0.134,49,48,false
dec-228,dec,d_b=20;m=3;gap=7;k=1;q=1;s=24,40,false,42,0.170,42,2,256,0.201,49,48,false
dec-228,dec,d_b=20;m=3;gap=7;k=1;q=1;s=24,40,false,42,0.170,42,2,512,0.329,49,48,false
dec-228,dec,d_b=20;m=3;gap=7;k=1;q=1;s=24,40,false,42,0.170,42,2,1024,0.567,42,2,false
dec-228,dec,d_b=20;m=3;gap=7;k=1;q=1;s=24,40,false,42,0.170,42,2,2048,0.986,42,2,false
dec-228,dec,d_b=20;m=3;gap=7;k=1;q=1;s=24,40,false,42,0.170,42,2,4096,1.699,42,2,false
dec-228,dec,d_b=20;m=3;gap=7;k=1;q=1;s=24,40,false,42,0.170,42,2,8192,3.015,42,2,false
dec-228,dec,d_b=20;m=3;gap=7;k=1;q=1;s=24,40,false,42,0.170,42,2,16384,5.370,42,2,false
dec-228,dec,d_b=20;m=3;gap=7;k=1;q=1;s=24,40,false,42,0.170,42,2,32768,9.606,42,2,false
dec-228,dec,d_b=20;m=3;gap=7;k=1;q=1;s=24,40,false,42,0.170,42,2,65536,17.601,42,2,false
dec-228,dec,d_b=20;m=3;gap=7;k=1;q=1;s=24,40,false,42,0.170,42,2,131072,32.970,42,2,false
dec-228,dec,d_b=20;m=3;gap=7;k=1;q=1;s=24,40,false,42,0.170,42,2,262144,63.780,42,2,false
dec-229,dec,d_b=20;m=3;gap=7;k=2;q=1;s=24,60,false,62,0.270,42,2,1,0.029,49,48,false
dec-229,dec,d_b=20;m=3;gap=7;k=2;q=1;s=24,60,false,62,0.270,42,2,2,0.042,49,48,false
dec-229,dec,d_b=20;m=3;gap=7;k=2;q=1;s=24,60,false,62,0.270,42,2,4,0.046,49,48,false
dec-229,dec,d_b=20;m=3;gap=7;k=2;q=1;s=24,60,false,62,0.270,42,2,8,0.052,49,48,false
dec-229,dec,d_b=20;m=3;gap=7;k=2;q=1;s=24,60,false,62,0.270,42,2,16,0.073,49,48,false
dec-229,dec,d_b=20;m=3;gap=7;k=2;q=1;s=24,60,false,62,0.270,42,2,32,0.091,49,48,false
dec-229,dec,d_b=20;m=3;gap=7;k=2;q=1;s=24,60,false,62,0.270,42,2,64,0.106,49,48,false
dec-229,dec,d_b=20;m=3;gap=7;k=2;q=1;s=24,60,false,62,0.270,42,2,128,0.153,49,48,false
dec-229,dec,d_b=20;m=3;gap=7;k=2;q=1;s=24,60,false,62,0.270,42,2,256,0.203,49,48,false
dec-229,dec,d_b=20;m=3;gap=7;k=2;q=1;s=24,60,false,62,0.270,42,2,512,0.319,49,48,false
dec-229,dec,d_b=20;m=3;gap=7;k=2;q=1;s=24,60,false,62,0.270,42,2,1024,0.509,49,48,false
dec-229,dec,d_b=20;m=3;gap=7;k=2;q=1;s=24,60,false,62,0.270,42,2,2048,0.877,49,48,false
dec-229,dec,d_b=20;m=3;gap=7;k=2;q=1;s=24,60,false,62,0.270,42,2,4096,1.603,49,48,false
dec-229,dec,d_b=20;m=3;gap=7;k=2;q=1;s=24,60,false,62,0.270,42,2,8192,2.822,49,48,false
dec-229,dec,d_b=20;m=3;gap=7;k=2;q=1;s=24,60,false,62,0.270,42,2,16384,5.232,49,48,false
dec-229,dec,d_b=20;m=3;gap=7;k=2;q=1;s=24,60,false,62,0.270,42,2,32768,9.698,49,48,false
dec-229,dec,d_b=20;m=3;gap=7;k=2;q=1;s=24,60,false,62,0.270,42,2,65536,18.249,42,2,false
dec-229,dec,d_b=20;m=3;gap=7;k=2;q=1;s=24,60,false,62,0.270,42,2,131072,34.481,42,2,false
dec-229,dec,d_b=20;m=3;gap=7;k=2;q=1;s=24,60,false,62,0.270,42,2,262144,65.821,42,2,false
dec-230,dec,d_b=20;m=3;gap=7;k=4;q=1;s=24,100,false,102,0.452,42,2,1,0.030,49,48,false
dec-230,dec,d_b=20;m=3;gap=7;k=4;q=1;s=24,100,false,102,0.452,42,2,2,0.041,49,48,false
dec-230,dec,d_b=20;m=3;gap=7;k=4;q=1;s=24,100,false,102,0.452,42,2,4,0.056,49,48,false
dec-230,dec,d_b=20;m=3;gap=7;k=4;q=1;s=24,100,false,102,0.452,42,2,8,0.077,49,48,false
dec-230,dec,d_b=20;m=3;gap=7;k=4;q=1;s=24,100,false,102,0.452,42,2,16,0.082,49,48,false
dec-230,dec,d_b=20;m=3;gap=7;k=4;q=1;s=24,100,false,102,0.452,42,2,32,0.121,49,48,false
dec-230,dec,d_b=20;m=3;gap=7;k=4;q=1;s=24,100,false,102,0.452,42,2,64,0.145,49,48,false
dec-230,dec,d_b=20;m=3;gap=7;k=4;q=1;s=24,100,false,102,0.452,42,2,128,0.172,49,48,false
dec-230,dec,d_b=20;m=3;gap=7;k=4;q=1;s=24,100,false,102,0.452,42,2,256,0.232,49,48,false
dec-230,dec,d_b=20;m=3;gap=7;k=4;q=1;s=24,100,false,102,0.452,42,2,512,0.328,49,48,false
dec-230,dec,d_b=20;m=3;gap=7;k=4;q=1;s=24,100,false,102,0.452,42,2,1024,0.530,49,48,false
dec-230,dec,d_b=20;m=3;gap=7;k=4;q=1;s=24,100,false,102,0.452,42,2,2048,0.863,49,48,false
dec-230,dec,d_b=20;m=3;gap=7;k=4;q=1;s=24,100,false,102,0.452,42,2,4096,1.554,49,48,false
dec-230,dec,d_b=20;m=3;gap=7;k=4;q=1;s=24,100,false,102,0.452,42,2,8192,2.817,49,48,false
dec-230,dec,d_b=20;m=3;gap=7;k=4;q=1;s=24,100,false,102,0.452,42,2,16384,5.283,49,48,false
dec-230,dec,d_b=20;m=3;gap=7;k=4;q=1;s=24,100,false,102,0.452,42,2,32768,9.926,49,48,false
dec-230,dec,d_b=20;m=3;gap=7;k=4;q=1;s=24,100,false,102,0.452,42,2,65536,19.080,49,48,false
dec-230,dec,d_b=20;m=3;gap=7;k=4;q=1;s=24,100,false,102,0.452,42,2,131072,37.316,49,48,false
dec-230,dec,d_b=20;m=3;gap=7;k=4;q=1;s=24,100,false,102,0.452,42,2,262144,73.247,49,48,false
dec-231,dec,d_b=20;m=3;gap=13;k=1;q=1;s=27,40,false,42,0.155,42,2,1,0.028,55,54,false
dec-231,dec,d_b=20;m=3;gap=13;k=1;q=1;s=27,40,false,42,0.155,42,2,2,0.040,55,54,false
dec-231,dec,d_b=20;m=3;gap=13;k=1;q=1;s=27,40,false,42,0.155,42,2,4,0.039,55,54,false
dec-231,dec,d_b=20;m=3;gap=13;k=1;q=1;s=27,40,false,42,0.155,42,2,8,0.049,55,54,false
dec-231,dec,d_b=20;m=3;gap=13;k=1;q=1;s=27,40,false,42,0.155,42,2,16,0.068,55,54,false
dec-231,dec,d_b=20;m=3;gap=13;k=1;q=1;s=27,40,false,42,0.155,42,2,32,0.087,55,54,false
dec-231,dec,d_b=20;m=3;gap=13;k=1;q=1;s=27,40,false,42,0.155,42,2,64,0.099,55,54,false
dec-231,dec,d_b=20;m=3;gap=13;k=1;q=1;s=27,40,false,42,0.155,42,2,128,0.140,55,54,false
dec-231,dec,d_b=20;m=3;gap=13;k=1;q=1;s=27,40,false,42,0.155,42,2,256,0.205,55,54,false
dec-231,dec,d_b=20;m=3;gap=13;k=1;q=1;s=27,40,false,42,0.155,42,2,512,0.363,42,2,false
dec-231,dec,d_b=20;m=3;gap=13;k=1;q=1;s=27,40,false,42,0.155,42,2,1024,0.602,42,2,false
dec-231,dec,d_b=20;m=3;gap=13;k=1;q=1;s=27,40,false,42,0.155,42,2,2048,1.042,42,2,false
dec-231,dec,d_b=20;m=3;gap=13;k=1;q=1;s=27,40,false,42,0.155,42,2,4096,1.784,42,2,false
dec-231,dec,d_b=20;m=3;gap=13;k=1;q=1;s=27,40,false,42,0.155,42,2,8192,3.097,42,2,false
dec-231,dec,d_b=20;m=3;gap=13;k=1;q=1;s=27,40,false,42,0.155,42,2,16384,5.521,42,2,false
dec-231,dec,d_b=20;m=3;gap=13;k=1;q=1;s=27,40,false,42,0.155,42,2,32768,9.824,42,2,false
dec-231,dec,d_b=20;m=3;gap=13;k=1;q=1;s=27,40,false,42,0.155,42,2,65536,18.020,42,2,false
dec-231,dec,d_b=20;m=3;gap=13;k=1;q=1;s=27,40,false,42,0.155,42,2,131072,33.992,42,2,false
dec-231,dec,d_b=20;m=3;gap=13;k=1;q=1;s=27,40,false,42,0.155,42,2,262144,64.033,42,2,false
dec-232,dec,d_b=20;m=3;gap=13;k=2;q=1;s=27,60,false,62,0.242,42,2,1,0.035,55,54,false
dec-232,dec,d_b=20;m=3;gap=13;k=2;q=1;s=27,60,false,62,0.242,42,2,2,0.043,55,54,false
dec-232,dec,d_b=20;m=3;gap=13;k=2;q=1;s=27,60,false,62,0.242,42,2,4,0.056,55,54,false
dec-232,dec,d_b=20;m=3;gap=13;k=2;q=1;s=27,60,false,62,0.242,42,2,8,0.055,55,54,false
dec-232,dec,d_b=20;m=3;gap=13;k=2;q=1;s=27,60,false,62,0.242,42,2,16,0.078,55,54,false
dec-232,dec,d_b=20;m=3;gap=13;k=2;q=1;s=27,60,false,62,0.242,42,2,32,0.098,55,54,false
dec-232,dec,d_b=20;m=3;gap=13;k=2;q=1;s=27,60,false,62,0.242,42,2,64,0.113,55,54,false
dec-232,dec,d_b=20;m=3;gap=13;k=2;q=1;s=27,60,false,62,0.242,42,2,128,0.171,55,54,false
dec-232,dec,d_b=20;m=3;gap=13;k=2;q=1;s=27,60,false,62,0.242,42,2,256,0.217,55,54,false
dec-232,dec,d_b=20;m=3;gap=13;k=2;q=1;s=27,60,false,62,0.242,42,2,512,0.341,55,54,false
dec-232,dec,d_b=20;m=3;gap=13;k=2;q=1;s=27,60,false,62,0.242,42,2,1024,0.525,55,54,false
dec-232,dec,d_b=20;m=3;gap=13;k=2;q=1;s=27,60,false,62,0.242,42,2,2048,0.910,55,54,false
dec-232,dec,d_b=20;m=3;gap=13;k=2;q=1;s=27,60,false,62,0.242,42,2,4096,1.597,55,54,false
dec-232,dec,d_b=20;m=3;gap=13;k=2;q=1;s=27,60,false,62,0.242,42,2,8192,2.897,42,2,false
dec-232,dec,d_b=20;m=3;gap=13;k=2;q=1;s=27,60,false,62,0.242,42,2,16384,5.346,42,2,false
dec-232,dec,d_b=20;m=3;gap=13;k=2;q=1;s=27,60,false,62,0.242,42,2,32768,9.853,42,2,false
dec-232,dec,d_b=20;m=3;gap=13;k=2;q=1;s=27,60,false,62,0.242,42,2,65536,18.443,42,2,false
dec-232,dec,d_b=20;m=3;gap=13;k=2;q=1;s=27,60,false,62,0.242,42,2,131072,35.312,42,2,false
dec-232,dec,d_b=20;m=3;gap=13;k=2;q=1;s=27,60,false,62,0.242,42,2,262144,66.172,42,2,false
dec-233,dec,d_b=20;m=3;gap=13;k=4;q=1;s=27,100,false,102,0.389,42,2,1,0.033,55,54,false
dec-233,dec,d_b=20;m=3;gap=13;k=4;q=1;s=27,100,false,102,0.389,42,2,2,0.048,55,54,false
dec-233,dec,d_b=20;m=3;gap=13;k=4;q=1;s=27,100,false,102,0.389,42,2,4,0.065,55,54,false
dec-233,dec,d_b=20;m=3;gap=13;k=4;q=1;s=27,100,false,102,0.389,42,2,8,0.088,55,54,false
dec-233,dec,d_b=20;m=3;gap=13;k=4;q=1;s=27,100,false,102,0.389,42,2,16,0.091,55,54,false
dec-233,dec,d_b=20;m=3;gap=13;k=4;q=1;s=27,100,false,102,0.389,42,2,32,0.139,55,54,false
dec-233,dec,d_b=20;m=3;gap=13;k=4;q=1;s=27,100,false,102,0.389,42,2,64,0.143,55,54,false
dec-233,dec,d_b=20;m=3;gap=13;k=4;q=1;s=27,100,false,102,0.389,42,2,128,0.180,55,54,false
dec-233,dec,d_b=20;m=3;gap=13;k=4;q=1;s=27,100,false,102,0.389,42,2,256,0.241,55,54,false
dec-233,dec,d_b=20;m=3;gap=13;k=4;q=1;s=27,100,false,102,0.389,42,2,512,0.338,55,54,false
dec-233,dec,d_b=20;m=3;gap=13;k=4;q=1;s=27,100,false,102,0.389,42,2,1024,0.557,55,54,false
dec-233,dec,d_b=20;m=3;gap=13;k=4;q=1;s=27,100,false,102,0.389,42,2,2048,0.883,55,54,false
dec-233,dec,d_b=20;m=3;gap=13;k=4;q=1;s=27,100,false,102,0.389,42,2,4096,1.560,55,54,false
dec-233,dec,d_b=20;m=3;gap=13;k=4;q=1;s=27,100,false,102,0.389,42,2,8192,2.834,55,54,false
dec-233,dec,d_b=20;m=3;gap=13;k=4;q=1;s=27,100,false,102,0.389,42,2,16384,5.361,55,54,false
dec-233,dec,d_b=20;m=3;gap=13;k=4;q=1;s=27,100,false,102,0.389,42,2,32768,10.050,55,54,false
dec-233,dec,d_b=20;m=3;gap=13;k=4;q=1;s=27,100,false,102,0.389,42,2,65536,19.422,55,54,false
dec-233,dec,d_b=20;m=3;gap=13;k=4;q=1;s=27,100,false,102,0.389,42,2,131072,37.368,55,54,false
dec-233,dec,d_b=20;m=3;gap=13;k=4;q=1;s=27,100,false,102,0.389,42,2,262144,72.929,55,54,false
dec-234,dec,d_b=20;m=5;gap=1;k=1;q=3;s=41,40,false,42,0.237,82,2,1,0.032,83,82,false
dec-234,dec,d_b=20;m=5;gap=1;k=1;q=3;s=41,40,false,42,0.237,82,2,2,0.050,83,82,false
dec-234,dec,d_b=20;m=5;gap=1;k=1;q=3;s=41,40,false,42,0.237,82,2,4,0.050,83,82,false
dec-234,dec,d_b=20;m=5;gap=1;k=1;q=3;s=41,40,false,42,0.237,82,2,8,0.070,83,82,false
dec-234,dec,d_b=20;m=5;gap=1;k=1;q=3;s=41,40,false,42,0.237,82,2,16,0.090,83,82,false
dec-234,dec,d_b=20;m=5;gap=1;k=1;q=3;s=41,40,false,42,0.237,82,2,32,0.110,83,82,false
dec-234,dec,d_b=20;m=5;gap=1;k=1;q=3;s=41,40,false,42,0.237,82,2,64,0.126,83,82,false
dec-234,dec,d_b=20;m=5;gap=1;k=1;q=3;s=41,40,false,42,0.237,82,2,128,0.176,83,82,false
dec-234,dec,d_b=20;m=5;gap=1;k=1;q=3;s=41,40,false,42,0.237,82,2,256,0.248,83,82,false
dec-234,dec,d_b=20;m=5;gap=1;k=1;q=3;s=41,40,false,42,0.237,82,2,512,0.368,83,82,false
dec-234,dec,d_b=20;m=5;gap=1;k=1;q=3;s=41,40,false,42,0.237,82,2,1024,0.590,83,82,false
dec-234,dec,d_b=20;m=5;gap=1;k=1;q=3;s=41,40,false,42,0.237,82,2,2048,0.983,83,82,false
dec-234,dec,d_b=20;m=5;gap=1;k=1;q=3;s=41,40,false,42,0.237,82,2,4096,1.697,83,82,false
dec-234,dec,d_b=20;m=5;gap=1;k=1;q=3;s=41,40,false,42,0.237,82,2,8192,2.901,83,82,false
dec-234,dec,d_b=20;m=5;gap=1;k=1;q=3;s=41,40,false,42,0.237,82,2,16384,5.214,83,82,false
dec-234,dec,d_b=20;m=5;gap=1;k=1;q=3;s=41,40,false,42,0.237,82,2,32768,9.368,82,2,false
dec-234,dec,d_b=20;m=5;gap=1;k=1;q=3;s=41,40,false,42,0.237,82,2,65536,17.069,82,2,false
dec-234,dec,d_b=20;m=5;gap=1;k=1;q=3;s=41,40,false,42,0.237,82,2,131072,32.725,82,2,false
dec-234,dec,d_b=20;m=5;gap=1;k=1;q=3;s=41,40,false,42,0.237,82,2,262144,62.771,82,2,false
dec-235,dec,d_b=20;m=5;gap=1;k=2;q=3;s=41,60,false,62,0.386,82,2,1,0.038,83,82,false
dec-235,dec,d_b=20;m=5;gap=1;k=2;q=3;s=41,60,false,62,0.386,82,2,2,0.049,83,82,false
dec-235,dec,d_b=20;m=5;gap=1;k=2;q=3;s=41,60,false,62,0.386,82,2,4,0.072,83,82,false
dec-235,dec,d_b=20;m=5;gap=1;k=2;q=3;s=41,60,false,62,0.386,82,2,8,0.068,83,82,false
dec-235,dec,d_b=20;m=5;gap=1;k=2;q=3;s=41,60,false,62,0.386,82,2,16,0.101,83,82,false
dec-235,dec,d_b=20;m=5;gap=1;k=2;q=3;s=41,60,false,62,0.386,82,2,32,0.144,83,82,false
dec-235,dec,d_b=20;m=5;gap=1;k=2;q=3;s=41,60,false,62,0.386,82,2,64,0.154,83,82,false
dec-235,dec,d_b=20;m=5;gap=1;k=2;q=3;s=41,60,false,62,0.386,82,2,128,0.203,83,82,false
dec-235,dec,d_b=20;m=5;gap=1;k=2;q=3;s=41,60,false,62,0.386,82,2,256,0.248,83,82,false
dec-235,dec,d_b=20;m=5;gap=1;k=2;q=3;s=41,60,false,62,0.386,82,2,512,0.389,83,82,false
dec-235,dec,d_b=20;m=5;gap=1;k=2;q=3;s=41,60,false,62,0.386,82,2,1024,0.571,83,82,false
dec-235,dec,d_b=20;m=5;gap=1;k=2;q=3;s=41,60,false,62,0.386,82,2,2048,0.938,83,82,false
dec-235,dec,d_b=20;m=5;gap=1;k=2;q=3;s=41,60,false,62,0.386,82,2,4096,1.564,83,82,false
dec-235,dec,d_b=20;m=5;gap=1;k=2;q=3;s=41,60,false,62,0.386,82,2,8192,2.769,83,82,false
dec-235,dec,d_b=20;m=5;gap=1;k=2;q=3;s=41,60,false,62,0.386,82,2,16384,5.142,83,82,false
dec-235,dec,d_b=20;m=5;gap=1;k=2;q=3;s=41,60,false,62,0.386,82,2,32768,9.406,83,82,false
dec-235,dec,d_b=20;m=5;gap=1;k=2;q=3;s=41,60,false,62,0.386,82,2,65536,17.808,83,82,false
dec-235,dec,d_b=20;m=5;gap=1;k=2;q=3;s=41,60,false,62,0.386,82,2,131072,33.614,83,82,false
dec-235,dec,d_b=20;m=5;gap=1;k=2;q=3;s=41,60,false,62,0.386,82,2,262144,65.717,83,82,false
dec-236,dec,d_b=20;m=5;gap=1;k=4;q=3;s=41,100,false,102,0.664,82,2,1,0.050,83,82,false
dec-236,dec,d_b=20;m=5;gap=1;k=4;q=3;s=41,100,false,102,0.664,82,2,2,0.069,83,82,false
dec-236,dec,d_b=20;m=5;gap=1;k=4;q=3;s=41,100,false,102,0.664,82,2,4,0.096,83,82,false
dec-236,dec,d_b=20;m=5;gap=1;k=4;q=3;s=41,100,false,102,0.664,82,2,8,0.114,83,82,false
dec-236,dec,d_b=20;m=5;gap=1;k=4;q=3;s=41,100,false,102,0.664,82,2,16,0.135,83,82,false
dec-236,dec,d_b=20;m=5;gap=1;k=4;q=3;s=41,100,false,102,0.664,82,2,32,0.181,83,82,false
dec-236,dec,d_b=20;m=5;gap=1;k=4;q=3;s=41,100,false,102,0.664,82,2,64,0.185,83,82,false
dec-236,dec,d_b=20;m=5;gap=1;k=4;q=3;s=41,100,false,102,0.664,82,2,128,0.245,83,82,false
dec-236,dec,d_b=20;m=5;gap=1;k=4;q=3;s=41,100,false,102,0.664,82,2,256,0.325,83,82,false
dec-236,dec,d_b=20;m=5;gap=1;k=4;q=3;s=41,100,false,102,0.664,82,2,512,0.437,83,82,false
dec-236,dec,d_b=20;m=5;gap=1;k=4;q=3;s=41,100,false,102,0.664,82,2,1024,0.615,83,82,false
dec-236,dec,d_b=20;m=5;gap=1;k=4;q=3;s=41,100,false,102,0.664,82,2,2048,0.943,83,82,false
dec-236,dec,d_b=20;m=5;gap=1;k=4;q=3;s=41,100,false,102,0.664,82,2,4096,1.617,83,82,false
dec-236,dec,d_b=20;m=5;gap=1;k=4;q=3;s=41,100,false,102,0.664,82,2,8192,2.945,83,82,false
dec-236,dec,d_b=20;m=5;gap=1;k=4;q=3;s=41,100,false,102,0.664,82,2,16384,5.481,83,82,false
dec-236,dec,d_b=20;m=5;gap=1;k=4;q=3;s=41,100,false,102,0.664,82,2,32768,10.202,83,82,false
dec-236,dec,d_b=20;m=5;gap=1;k=4;q=3;s=41,100,false,102,0.664,82,2,65536,19.581,83,82,false
dec-236,dec,d_b=20;m=5;gap=1;k=4;q=3;s=41,100,false,102,0.664,82,2,131072,37.964,83,82,false
dec-236,dec,d_b=20;m=5;gap=1;k=4;q=3;s=41,100,false,102,0.664,82,2,262144,72.672,83,82,false
dec-237,dec,d_b=20;m=5;gap=3;k=1;q=3;s=42,40,false,42,0.251,82,2,1,0.033,85,84,false
dec-237,dec,d_b=20;m=5;gap=3;k=1;q=3;s=42,40,false,42,0.251,82,2,2,0.051,85,84,false
dec-237,dec,d_b=20;m=5;gap=3;k=1;q=3;s=42,40,false,42,0.251,82,2,4,0.057,85,84,false
dec-237,dec,d_b=20;m=5;gap=3;k=1;q=3;s=42,40,false,42,0.251,82,2,8,0.074,85,84,false
dec-237,dec,d_b=20;m=5;gap=3;k=1;q=3;s=42,40,false,42,0.251,82,2,16,0.091,85,84,false
dec-237,dec,d_b=20;m=5;gap=3;k=1;q=3;s=42,40,false,42,0.251,82,2,32,0.120,85,84,false
dec-237,dec,d_b=20;m=5;gap=3;k=1;q=3;s=42,40,false,42,0.251,82,2,64,0.133,85,84,false
dec-237,dec,d_b=20;m=5;gap=3;k=1;q=3;s=42,40,false,42,0.251,82,2,128,0.182,85,84,false
dec-237,dec,d_b=20;m=5;gap=3;k=1;q=3;s=42,40,false,42,0.251,82,2,256,0.248,85,84,false
dec-237,dec,d_b=20;m=5;gap=3;k=1;q=3;s=42,40,false,42,0.251,82,2,512,0.374,85,84,false
dec-237,dec,d_b=20;m=5;gap=3;k=1;q=3;s=42,40,false,42,0.251,82,2,1024,0.603,85,84,false
dec-237,dec,d_b=20;m=5;gap=3;k=1;q=3;s=42,40,false,42,0.251,82,2,2048,0.988,85,84,false
dec-237,dec,d_b=20;m=5;gap=3;k=1;q=3;s=42,40,false,42,0.251,82,2,4096,1.725,85,84,false
dec-237,dec,d_b=20;m=5;gap=3;k=1;q=3;s=42,40,false,42,0.251,82,2,8192,2.909,85,84,false
dec-237,dec,d_b=20;m=5;gap=3;k=1;q=3;s=42,40,false,42,0.251,82,2,16384,5.233,82,2,false
dec-237,dec,d_b=20;m=5;gap=3;k=1;q=3;s=42,40,false,42,0.251,82,2,32768,9.478,82,2,false
dec-237,dec,d_b=20;m=5;gap=3;k=1;q=3;s=42,40,false,42,0.251,82,2,65536,17.539,82,2,false
dec-237,dec,d_b=20;m=5;gap=3;k=1;q=3;s=42,40,false,42,0.251,82,2,131072,32.648,82,2,false
dec-237,dec,d_b=20;m=5;gap=3;k=1;q=3;s=42,40,false,42,0.251,82,2,262144,62.932,82,2,false
dec-238,dec,d_b=20;m=5;gap=3;k=2;q=3;s=42,60,false,62,0.413,82,2,1,0.034,85,84,false
dec-238,dec,d_b=20;m=5;gap=3;k=2;q=3;s=42,60,false,62,0.413,82,2,2,0.055,85,84,false
dec-238,dec,d_b=20;m=5;gap=3;k=2;q=3;s=42,60,false,62,0.413,82,2,4,0.070,85,84,false
dec-238,dec,d_b=20;m=5;gap=3;k=2;q=3;s=42,60,false,62,0.413,82,2,8,0.075,85,84,false
dec-238,dec,d_b=20;m=5;gap=3;k=2;q=3;s=42,60,false,62,0.413,82,2,16,0.101,85,84,false
dec-238,dec,d_b=20;m=5;gap=3;k=2;q=3;s=42,60,false,62,0.413,82,2,32,0.132,85,84,false
dec-238,dec,d_b=20;m=5;gap=3;k=2;q=3;s=42,60,false,62,0.413,82,2,64,0.155,85,84,false
dec-238,dec,d_b=20;m=5;gap=3;k=2;q=3;s=42,60,false,62,0.413,82,2,128,0.205,85,84,false
dec-238,dec,d_b=20;m=5;gap=3;k=2;q=3;s=42,60,false,62,0.413,82,2,256,0.250,85,84,false
dec-238,dec,d_b=20;m=5;gap=3;k=2;q=3;s=42,60,false,62,0.413,82,2,512,0.395,85,84,false
dec-238,dec,d_b=20;m=5;gap=3;k=2;q=3;s=42,60,false,62,0.413,82,2,1024,0.587,85,84,false
dec-238,dec,d_b=20;m=5;gap=3;k=2;q=3;s=42,60,false,62,0.413,82,2,2048,0.965,85,84,false
dec-238,dec,d_b=20;m=5;gap=3;k=2;q=3;s=42,60,false,62,0.413,82,2,4096,1.585,85,84,false
dec-238,dec,d_b=20;m=5;gap=3;k=2;q=3;s=42,60,false,62,0.413,82,2,8192,2.819,85,84,false
dec-238,dec,d_b=20;m=5;gap=3;k=2;q=3;s=42,60,false,62,0.413,82,2,16384,5.239,85,84,false
dec-238,dec,d_b=20;m=5;gap=3;k=2;q=3;s=42,60,false,62,0.413,82,2,32768,9.391,85,84,false
dec-238,dec,d_b=20;m=5;gap=3;k=2;q=3;s=42,60,false,62,0.413,82,2,65536,17.878,85,84,false
dec-238,dec,d_b=20;m=5;gap=3;k=2;q=3;s=42,60,false,62,0.413,82,2,131072,34.114,85,84,false
dec-238,dec,d_b=20;m=5;gap=3;k=2;q=3;s=42,60,false,62,0.413,82,2,262144,65.924,85,84,false
dec-239,dec,d_b=20;m=5;gap=3;k=4;q=3;s=42,100,false,102,0.690,82,2,1,0.048,85,84,false
dec-239,dec,d_b=20;m=5;gap=3;k=4;q=3;s=42,100,false,102,0.690,82,2,2,0.071,85,84,false
dec-239,dec,d_b=20;m=5;gap=3;k=4;q=3;s=42,100,false,102,0.690,82,2,4,0.090,85,84,false
dec-239,dec,d_b=20;m=5;gap=3;k=4;q=3;s=42,100,false,102,0.690,82,2,8,0.120,85,84,false
dec-239,dec,d_b=20;m=5;gap=3;k=4;q=3;s=42,100,false,102,0.690,82,2,16,0.134,85,84,false
dec-239,dec,d_b=20;m=5;gap=3;k=4;q=3;s=42,100,false,102,0.690,82,2,32,0.188,85,84,false
dec-239,dec,d_b=20;m=5;gap=3;k=4;q=3;s=42,100,false,102,0.690,82,2,64,0.195,85,84,false
dec-239,dec,d_b=20;m=5;gap=3;k=4;q=3;s=42,100,false,102,0.690,82,2,128,0.261,85,84,false
dec-239,dec,d_b=20;m=5;gap=3;k=4;q=3;s=42,100,false,102,0.690,82,2,256,0.335,85,84,false
dec-239,dec,d_b=20;m=5;gap=3;k=4;q=3;s=42,100,false,102,0.690,82,2,512,0.428,85,84,false
dec-239,dec,d_b=20;m=5;gap=3;k=4;q=3;s=42,100,false,102,0.690,82,2,1024,0.630,85,84,false
dec-239,dec,d_b=20;m=5;gap=3;k=4;q=3;s=42,100,false,102,0.690,82,2,2048,0.945,85,84,false
dec-239,dec,d_b=20;m=5;gap=3;k=4;q=3;s=42,100,false,102,0.690,82,2,4096,1.627,85,84,false
dec-239,dec,d_b=20;m=5;gap=3;k=4;q=3;s=42,100,false,102,0.690,82,2,8192,2.929,85,84,false
dec-239,dec,d_b=20;m=5;gap=3;k=4;q=3;s=42,100,false,102,0.690,82,2,16384,5.434,85,84,false
dec-239,dec,d_b=20;m=5;gap=3;k=4;q=3;s=42,100,false,102,0.690,82,2,32768,10.107,85,84,false
dec-239,dec,d_b=20;m=5;gap=3;k=4;q=3;s=42,100,false,102,0.690,82,2,65536,19.445,85,84,false
dec-239,dec,d_b=20;m=5;gap=3;k=4;q=3;s=42,100,false,102,0.690,82,2,131072,37.459,85,84,false
dec-239,dec,d_b=20;m=5;gap=3;k=4;q=3;s=42,100,false,102,0.690,82,2,262144,72.588,85,84,false
dec-240,dec,d_b=20;m=5;gap=7;k=1;q=3;s=44,40,false,42,0.256,82,2,1,0.032,89,88,false
dec-240,dec,d_b=20;m=5;gap=7;k=1;q=3;s=44,40,false,42,0.256,82,2,2,0.052,89,88,false
dec-240,dec,d_b=20;m=5;gap=7;k=1;q=3;s=44,40,false,42,0.256,82,2,4,0.053,89,88,false
dec-240,dec,d_b=20;m=5;gap=7;k=1;q=3;s=44,40,false,42,0.256,82,2,8,0.073,89,88,false
dec-240,dec,d_b=20;m=5;gap=7;k=1;q=3;s=44,40,false,42,0.256,82,2,16,0.089,89,88,false
dec-240,dec,d_b=20;m=5;gap=7;k=1;q=3;s=44,40,false,42,0.256,82,2,32,0.122,89,88,false
dec-240,dec,d_b=20;m=5;gap=7;k=1;q=3;s=44,40,false,42,0.256,82,2,64,0.135,89,88,false
dec-240,dec,d_b=20;m=5;gap=7;k=1;q=3;s=44,40,false,42,0.256,82,2,128,0.179,89,88,false
dec-240,dec,d_b=20;m=5;gap=7;k=1;q=3;s=44,40,false,42,0.256,82,2,256,0.248,89,88,false
dec-240,dec,d_b=20;m=5;gap=7;k=1;q=3;s=44,40,false,42,0.256,82,2,512,0.372,89,88,false
dec-240,dec,d_b=20;m=5;gap=7;k=1;q=3;s=44,40,false,42,0.256,82,2,1024,0.593,89,88,false
dec-240,dec,d_b=20;m=5;gap=7;k=1;q=3;s=44,40,false,42,0.256,82,2,2048,0.984,89,88,false
dec-240,dec,d_b=20;m=5;gap=7;k=1;q=3;s=44,40,false,42,0.256,82,2,4096,1.727,82,2,false
dec-240,dec,d_b=20;m=5;gap=7;k=1;q=3;s=44,40,false,42,0.256,82,2,8192,2.968,82,2,false
dec-240,dec,d_b=20;m=5;gap=7;k=1;q=3;s=44,40,false,42,0.256,82,2,16384,5.272,82,2,false
dec-240,dec,d_b=20;m=5;gap=7;k=1;q=3;s=44,40,false,42,0.256,82,2,32768,9.429,82,2,false
dec-240,dec,d_b=20;m=5;gap=7;k=1;q=3;s=44,40,false,42,0.256,82,2,65536,17.323,82,2,false
dec-240,dec,d_b=20;m=5;gap=7;k=1;q=3;s=44,40,false,42,0.256,82,2,131072,32.927,82,2,false
dec-240,dec,d_b=20;m=5;gap=7;k=1;q=3;s=44,40,false,42,0.256,82,2,262144,62.939,82,2,false
dec-241,dec,d_b=20;m=5;gap=7;k=2;q=3;s=44,60,false,62,0.439,82,2,1,0.044,89,88,false
dec-241,dec,d_b=20;m=5;gap=7;k=2;q=3;s=44,60,false,62,0.439,82,2,2,0.060,89,88,false
dec-241,dec,d_b=20;m=5;gap=7;k=2;q=3;s=44,60,false,62,0.439,82,2,4,0.081,89,88,false
dec-241,dec,d_b=20;m=5;gap=7;k=2;q=3;s=44,60,false,62,0.439,82,2,8,0.084,89,88,false
dec-241,dec,d_b=20;m=5;gap=7;k=2;q=3;s=44,60,false,62,0.439,82,2,16,0.121,89,88,false
dec-241,dec,d_b=20;m=5;gap=7;k=2;q=3;s=44,60,false,62,0.439,82,2,32,0.142,89,88,false
dec-241,dec,d_b=20;m=5;gap=7;k=2;q=3;s=44,60,false,62,0.439,82,2,64,0.163,89,88,false
dec-241,dec,d_b=20;m=5;gap=7;k=2;q=3;s=44,60,false,62,0.439,82,2,128,0.216,89,88,false
dec-241,dec,d_b=20;m=5;gap=7;k=2;q=3;s=44,60,false,62,0.439,82,2,256,0.259,89,88,false
dec-241,dec,d_b=20;m=5;gap=7;k=2;q=3;s=44,60,false,62,0.439,82,2,512,0.407,89,88,false
dec-241,dec,d_b=20;m=5;gap=7;k=2;q=3;s=44,60,false,62,0.439,82,2,1024,0.580,89,88,false
dec-241,dec,d_b=20;m=5;gap=7;k=2;q=3;s=44,60,false,62,0.439,82,2,2048,0.961,89,88,false
dec-241,dec,d_b=20;m=5;gap=7;k=2;q=3;s=44,60,false,62,0.439,82,2,4096,1.588,89,88,false
dec-241,dec,d_b=20;m=5;gap=7;k=2;q=3;s=44,60,false,62,0.439,82,2,8192,2.854,89,88,false
dec-241,dec,d_b=20;m=5;gap=7;k=2;q=3;s=44,60,false,62,0.439,82,2,16384,5.147,89,88,false
dec-241,dec,d_b=20;m=5;gap=7;k=2;q=3;s=44,60,false,62,0.439,82,2,32768,9.471,89,88,false
dec-241,dec,d_b=20;m=5;gap=7;k=2;q=3;s=44,60,false,62,0.439,82,2,65536,17.956,89,88,false
dec-241,dec,d_b=20;m=5;gap=7;k=2;q=3;s=44,60,false,62,0.439,82,2,131072,33.996,89,88,false
dec-241,dec,d_b=20;m=5;gap=7;k=2;q=3;s=44,60,false,62,0.439,82,2,262144,66.307,89,88,false
dec-242,dec,d_b=20;m=5;gap=7;k=4;q=3;s=44,100,false,102,0.737,82,2,1,0.044,89,88,false
dec-242,dec,d_b=20;m=5;gap=7;k=4;q=3;s=44,100,false,102,0.737,82,2,2,0.061,89,88,false
dec-242,dec,d_b=20;m=5;gap=7;k=4;q=3;s=44,100,false,102,0.737,82,2,4,0.093,89,88,false
dec-242,dec,d_b=20;m=5;gap=7;k=4;q=3;s=44,100,false,102,0.737,82,2,8,0.116,89,88,false
dec-242,dec,d_b=20;m=5;gap=7;k=4;q=3;s=44,100,false,102,0.737,82,2,16,0.137,89,88,false
dec-242,dec,d_b=20;m=5;gap=7;k=4;q=3;s=44,100,false,102,0.737,82,2,32,0.178,89,88,false
dec-242,dec,d_b=20;m=5;gap=7;k=4;q=3;s=44,100,false,102,0.737,82,2,64,0.200,89,88,false
dec-242,dec,d_b=20;m=5;gap=7;k=4;q=3;s=44,100,false,102,0.737,82,2,128,0.252,89,88,false
dec-242,dec,d_b=20;m=5;gap=7;k=4;q=3;s=44,100,false,102,0.737,82,2,256,0.331,89,88,false
dec-242,dec,d_b=20;m=5;gap=7;k=4;q=3;s=44,100,false,102,0.737,82,2,512,0.435,89,88,false
dec-242,dec,d_b=20;m=5;gap=7;k=4;q=3;s=44,100,false,102,0.737,82,2,1024,0.626,89,88,false
dec-242,dec,d_b=20;m=5;gap=7;k=4;q=3;s=44,100,false,102,0.737,82,2,2048,0.956,89,88,false
dec-242,dec,d_b=20;m=5;gap=7;k=4;q=3;s=44,100,false,102,0.737,82,2,4096,1.631,89,88,false
dec-242,dec,d_b=20;m=5;gap=7;k=4;q=3;s=44,100,false,102,0.737,82,2,8192,2.967,89,88,false
dec-242,dec,d_b=20;m=5;gap=7;k=4;q=3;s=44,100,false,102,0.737,82,2,16384,5.390,89,88,false
dec-242,dec,d_b=20;m=5;gap=7;k=4;q=3;s=44,100,false,102,0.737,82,2,32768,10.261,89,88,false
dec-242,dec,d_b=20;m=5;gap=7;k=4;q=3;s=44,100,false,102,0.737,82,2,65536,19.516,89,88,false
dec-242,dec,d_b=20;m=5;gap=7;k=4;q=3;s=44,100,false,102,0.737,82,2,131072,37.709,89,88,false
dec-242,dec,d_b=20;m=5;gap=7;k=4;q=3;s=44,100,false,102,0.737,82,2,262144,73.690,89,88,false
dec-243,dec,d_b=20;m=5;gap=13;k=1;q=3;s=47,40,false,42,0.238,82,2,1,0.032,95,94,false
dec-243,dec,d_b=20;m=5;gap=13;k=1;q=3;s=47,40,false,42,0.238,82,2,2,0.056,95,94,false
dec-243,dec,d_b=20;m=5;gap=13;k=1;q=3;s=47,40,false,42,0.238,82,2,4,0.051,95,94,false
dec-243,dec,d_b=20;m=5;gap=13;k=1;q=3;s=47,40,false,42,0.238,82,2,8,0.078,95,94,false
dec-243,dec,d_b=20;m=5;gap=13;k=1;q=3;s=47,40,false,42,0.238,82,2,16,0.105,95,94,false
dec-243,dec,d_b=20;m=5;gap=13;k=1;q=3;s=47,40,false,42,0.238,82,2,32,0.130,95,94,false
dec-243,dec,d_b=20;m=5;gap=13;k=1;q=3;s=47,40,false,42,0.238,82,2,64,0.156,95,94,false
dec-243,dec,d_b=20;m=5;gap=13;k=1;q=3;s=47,40,false,42,0.238,82,2,128,0.190,95,94,false
dec-243,dec,d_b=20;m=5;gap=13;k=1;q=3;s=47,40,false,42,0.238,82,2,256,0.262,95,94,false
dec-243,dec,d_b=20;m=5;gap=13;k=1;q=3;s=47,40,false,42,0.238,82,2,512,0.381,95,94,false
dec-243,dec,d_b=20;m=5;gap=13;k=1;q=3;s=47,40,false,42,0.238,82,2,1024,0.632,82,2,false
dec-243,dec,d_b=20;m=5;gap=13;k=1;q=3;s=47,40,false,42,0.238,82,2,2048,1.038,82,2,false
dec-243,dec,d_b=20;m=5;gap=13;k=1;q=3;s=47,40,false,42,0.238,82,2,4096,1.766,82,2,false
dec-243,dec,d_b=20;m=5;gap=13;k=1;q=3;s=47,40,false,42,0.238,82,2,8192,3.050,82,2,false
dec-243,dec,d_b=20;m=5;gap=13;k=1;q=3;s=47,40,false,42,0.238,82,2,16384,5.321,82,2,false
dec-243,dec,d_b=20;m=5;gap=13;k=1;q=3;s=47,40,false,42,0.238,82,2,32768,9.662,82,2,false
dec-243,dec,d_b=20;m=5;gap=13;k=1;q=3;s=47,40,false,42,0.238,82,2,65536,17.712,82,2,false
dec-243,dec,d_b=20;m=5;gap=13;k=1;q=3;s=47,40,false,42,0.238,82,2,131072,33.277,82,2,false
dec-243,dec,d_b=20;m=5;gap=13;k=1;q=3;s=47,40,false,42,0.238,82,2,262144,63.085,82,2,false
dec-244,dec,d_b=20;m=5;gap=13;k=2;q=3;s=47,60,false,62,0.408,82,2,1,0.036,95,94,false
dec-244,dec,d_b=20;m=5;gap=13;k=2;q=3;s=47,60,false,62,0.408,82,2,2,0.056,95,94,false
dec-244,dec,d_b=20;m=5;gap=13;k=2;q=3;s=47,60,false,62,0.408,82,2,4,0.075,95,94,false
dec-244,dec,d_b=20;m=5;gap=13;k=2;q=3;s=47,60,false,62,0.408,82,2,8,0.076,95,94,false
dec-244,dec,d_b=20;m=5;gap=13;k=2;q=3;s=47,60,false,62,0.408,82,2,16,0.116,95,94,false
dec-244,dec,d_b=20;m=5;gap=13;k=2;q=3;s=47,60,false,62,0.408,82,2,32,0.137,95,94,false
dec-244,dec,d_b=20;m=5;gap=13;k=2;q=3;s=47,60,false,62,0.408,82,2,64,0.164,95,94,false
dec-244,dec,d_b=20;m=5;gap=13;k=2;q=3;s=47,60,false,62,0.408,82,2,128,0.217,95,94,false
dec-244,dec,d_b=20;m=5;gap=13;k=2;q=3;s=47,60,false,62,0.408,82,2,256,0.267,95,94,false
dec-244,dec,d_b=20;m=5;gap=13;k=2;q=3;s=47,60,false,62,0.408,82,2,512,0.405,95,94,false
dec-244,dec,d_b=20;m=5;gap=13;k=2;q=3;s=47,60,false,62,0.408,82,2,1024,0.592,95,94,false
dec-244,dec,d_b=20;m=5;gap=13;k=2;q=3;s=47,60,false,62,0.408,82,2,2048,0.948,95,94,false
dec-244,dec,d_b=20;m=5;gap=13;k=2;q=3;s=47,60,false,62,0.408,82,2,4096,1.607,95,94,false
dec-244,dec,d_b=20;m=5;gap=13;k=2;q=3;s=47,60,false,62,0.408,82,2,8192,2.865,95,94,false
dec-244,dec,d_b=20;m=5;gap=13;k=2;q=3;s=47,60,false,62,0.408,82,2,16384,5.253,95,94,false
dec-244,dec,d_b=20;m=5;gap=13;k=2;q=3;s=47,60,false,62,0.408,82,2,32768,9.694,95,94,false
dec-244,dec,d_b=20;m=5;gap=13;k=2;q=3;s=47,60,false,62,0.408,82,2,65536,18.320,82,2,false
dec-244,dec,d_b=20;m=5;gap=13;k=2;q=3;s=47,60,false,62,0.408,82,2,131072,34.148,82,2,false
dec-244,dec,d_b=20;m=5;gap=13;k=2;q=3;s=47,60,false,62,0.408,82,2,262144,67.071,82,2,false
dec-245,dec,d_b=20;m=5;gap=13;k=4;q=3;s=47,100,false,102,0.697,82,2,1,0.051,95,94,false
dec-245,dec,d_b=20;m=5;gap=13;k=4;q=3;s=47,100,false,102,0.697,82,2,2,0.062,95,94,false
dec-245,dec,d_b=20;m=5;gap=13;k=4;q=3;s=47,100,false,102,0.697,82,2,4,0.099,95,94,false
dec-245,dec,d_b=20;m=5;gap=13;k=4;q=3;s=47,100,false,102,0.697,82,2,8,0.119,95,94,false
dec-245,dec,d_b=20;m=5;gap=13;k=4;q=3;s=47,100,false,102,0.697,82,2,16,0.138,95,94,false
dec-245,dec,d_b=20;m=5;gap=13;k=4;q=3;s=47,100,false,102,0.697,82,2,32,0.182,95,94,false
dec-245,dec,d_b=20;m=5;gap=13;k=4;q=3;s=47,100,false,102,0.697,82,2,64,0.194,95,94,false
dec-245,dec,d_b=20;m=5;gap=13;k=4;q=3;s=47,100,false,102,0.697,82,2,128,0.271,95,94,false
dec-245,dec,d_b=20;m=5;gap=13;k=4;q=3;s=47,100,false,102,0.697,82,2,256,0.330,95,94,false
dec-245,dec,d_b=20;m=5;gap=13;k=4;q=3;s=47,100,false,102,0.697,82,2,512,0.422,95,94,false
dec-245,dec,d_b=20;m=5;gap=13;k=4;q=3;s=47,100,false,102,0.697,82,2,1024,0.649,95,94,false
dec-245,dec,d_b=20;m=5;gap=13;k=4;q=3;s=47,100,false,102,0.697,82,2,2048,1.003,95,94,false
dec-245,dec,d_b=20;m=5;gap=13;k=4;q=3;s=47,100,false,102,0.697,82,2,4096,1.678,95,94,false
dec-245,dec,d_b=20;m=5;gap=13;k=4;q=3;s=47,100,false,102,0.697,82,2,8192,2.953,95,94,false
dec-245,dec,d_b=20;m=5;gap=13;k=4;q=3;s=47,100,false,102,0.697,82,2,16384,5.493,95,94,false
dec-245,dec,d_b=20;m=5;gap=13;k=4;q=3;s=47,100,false,102,0.697,82,2,32768,10.312,95,94,false
dec-245,dec,d_b=20;m=5;gap=13;k=4;q=3;s=47,100,false,102,0.697,82,2,65536,19.591,95,94,false
dec-245,dec,d_b=20;m=5;gap=13;k=4;q=3;s=47,100,false,102,0.697,82,2,131072,37.805,95,94,false
dec-245,dec,d_b=20;m=5;gap=13;k=4;q=3;s=47,100,false,102,0.697,82,2,262144,73.905,95,94,false
dec-246,dec,d_b=20;m=9;gap=1;k=1;q=7;s=81,40,false,42,0.365,162,2,1,0.052,163,162,false
dec-246,dec,d_b=20;m=9;gap=1;k=1;q=7;s=81,40,false,42,0.365,162,2,2,0.087,163,162,false
dec-246,dec,d_b=20;m=9;gap=1;k=1;q=7;s=81,40,false,42,0.365,162,2,4,0.092,163,162,false
dec-246,dec,d_b=20;m=9;gap=1;k=1;q=7;s=81,40,false,42,0.365,162,2,8,0.122,163,162,false
dec-246,dec,d_b=20;m=9;gap=1;k=1;q=7;s=81,40,false,42,0.365,162,2,16,0.158,163,162,false
dec-246,dec,d_b=20;m=9;gap=1;k=1;q=7;s=81,40,false,42,0.365,162,2,32,0.192,163,162,false
dec-246,dec,d_b=20;m=9;gap=1;k=1;q=7;s=81,40,false,42,0.365,162,2,64,0.192,163,162,false
dec-246,dec,d_b=20;m=9;gap=1;k=1;q=7;s=81,40,false,42,0.365,162,2,128,0.277,163,162,false
dec-246,dec,d_b=20;m=9;gap=1;k=1;q=7;s=81,40,false,42,0.365,162,2,256,0.352,163,162,false
dec-246,dec,d_b=20;m=9;gap=1;k=1;q=7;s=81,40,false,42,0.365,162,2,512,0.483,163,162,false
dec-246,dec,d_b=20;m=9;gap=1;k=1;q=7;s=81,40,false,42,0.365,162,2,1024,0.709,163,162,false
dec-246,dec,d_b=20;m=9;gap=1;k=1;q=7;s=81,40,false,42,0.365,162,2,2048,1.064,163,162,false
dec-246,dec,d_b=20;m=9;gap=1;k=1;q=7;s=81,40,false,42,0.365,162,2,4096,1.746,163,162,false
dec-246,dec,d_b=20;m=9;gap=1;k=1;q=7;s=81,40,false,42,0.365,162,2,8192,2.910,163,162,false
dec-246,dec,d_b=20;m=9;gap=1;k=1;q=7;s=81,40,false,42,0.365,162,2,16384,5.176,163,162,false
dec-246,dec,d_b=20;m=9;gap=1;k=1;q=7;s=81,40,false,42,0.365,162,2,32768,9.485,162,2,false
dec-246,dec,d_b=20;m=9;gap=1;k=1;q=7;s=81,40,false,42,0.365,162,2,65536,17.296,162,2,false
dec-246,dec,d_b=20;m=9;gap=1;k=1;q=7;s=81,40,false,42,0.365,162,2,131072,32.514,162,2,false
dec-246,dec,d_b=20;m=9;gap=1;k=1;q=7;s=81,40,false,42,0.365,162,2,262144,62.637,162,2,false
dec-247,dec,d_b=20;m=9;gap=1;k=2;q=7;s=81,60,false,62,0.631,162,2,1,0.065,163,162,false
dec-247,dec,d_b=20;m=9;gap=1;k=2;q=7;s=81,60,false,62,0.631,162,2,2,0.086,163,162,false
dec-247,dec,d_b=20;m=9;gap=1;k=2;q=7;s=81,60,false,62,0.631,162,2,4,0.135,163,162,false
dec-247,dec,d_b=20;m=9;gap=1;k=2;q=7;s=81,60,false,62,0.631,162,2,8,0.125,163,162,false
dec-247,dec,d_b=20;m=9;gap=1;k=2;q=7;s=81,60,false,62,0.631,162,2,16,0.174,163,162,false
dec-247,dec,d_b=20;m=9;gap=1;k=2;q=7;s=81,60,false,62,0.631,162,2,32,0.228,163,162,false
dec-247,dec,d_b=20;m=9;gap=1;k=2;q=7;s=81,60,false,62,0.631,162,2,64,0.251,163,162,false
dec-247,dec,d_b=20;m=9;gap=1;k=2;q=7;s=81,60,false,62,0.631,162,2,128,0.334,163,162,false
dec-247,dec,d_b=20;m=9;gap=1;k=2;q=7;s=81,60,false,62,0.631,162,2,256,0.363,163,162,false
dec-247,dec,d_b=20;m=9;gap=1;k=2;q=7;s=81,60,false,62,0.631,162,2,512,0.533,163,162,false
dec-247,dec,d_b=20;m=9;gap=1;k=2;q=7;s=81,60,false,62,0.631,162,2,1024,0.695,163,162,false
dec-247,dec,d_b=20;m=9;gap=1;k=2;q=7;s=81,60,false,62,0.631,162,2,2048,1.078,163,162,false
dec-247,dec,d_b=20;m=9;gap=1;k=2;q=7;s=81,60,false,62,0.631,162,2,4096,1.707,163,162,false
dec-247,dec,d_b=20;m=9;gap=1;k=2;q=7;s=81,60,false,62,0.631,162,2,8192,2.910,163,162,false
dec-247,dec,d_b=20;m=9;gap=1;k=2;q=7;s=81,60,false,62,0.631,162,2,16384,5.252,163,162,false
dec-247,dec,d_b=20;m=9;gap=1;k=2;q=7;s=81,60,false,62,0.631,162,2,32768,9.609,163,162,false
dec-247,dec,d_b=20;m=9;gap=1;k=2;q=7;s=81,60,false,62,0.631,162,2,65536,18.003,163,162,false
dec-247,dec,d_b=20;m=9;gap=1;k=2;q=7;s=81,60,false,62,0.631,162,2,131072,34.391,163,162,false
dec-247,dec,d_b=20;m=9;gap=1;k=2;q=7;s=81,60,false,62,0.631,162,2,262144,66.017,163,162,false
dec-248,dec,d_b=20;m=9;gap=1;k=4;q=7;s=81,100,false,102,1.210,162,2,1,0.081,163,162,false
dec-248,dec,d_b=20;m=9;gap=1;k=4;q=7;s=81,100,false,102,1.210,162,2,2,0.112,163,162,false
dec-248,dec,d_b=20;m=9;gap=1;k=4;q=7;s=81,100,false,102,1.210,162,2,4,0.161,163,162,false
dec-248,dec,d_b=20;m=9;gap=1;k=4;q=7;s=81,100,false,102,1.210,162,2,8,0.208,163,162,false
dec-248,dec,d_b=20;m=9;gap=1;k=4;q=7;s=81,100,false,102,1.210,162,2,16,0.236,163,162,false
dec-248,dec,d_b=20;m=9;gap=1;k=4;q=7;s=81,100,false,102,1.210,162,2,32,0.309,163,162,false
dec-248,dec,d_b=20;m=9;gap=1;k=4;q=7;s=81,100,false,102,1.210,162,2,64,0.311,163,162,false
dec-248,dec,d_b=20;m=9;gap=1;k=4;q=7;s=81,100,false,102,1.210,162,2,128,0.403,163,162,false
dec-248,dec,d_b=20;m=9;gap=1;k=4;q=7;s=81,100,false,102,1.210,162,2,256,0.499,163,162,false
dec-248,dec,d_b=20;m=9;gap=1;k=4;q=7;s=81,100,false,102,1.210,162,2,512,0.604,163,162,false
dec-248,dec,d_b=20;m=9;gap=1;k=4;q=7;s=81,100,false,102,1.210,162,2,1024,0.838,163,162,false
dec-248,dec,d_b=20;m=9;gap=1;k=4;q=7;s=81,100,false,102,1.210,162,2,2048,1.183,163,162,false
dec-248,dec,d_b=20;m=9;gap=1;k=4;q=7;s=81,100,false,102,1.210,162,2,4096,1.853,163,162,false
dec-248,dec,d_b=20;m=9;gap=1;k=4;q=7;s=81,100,false,102,1.210,162,2,8192,3.177,163,162,false
dec-248,dec,d_b=20;m=9;gap=1;k=4;q=7;s=81,100,false,102,1.210,162,2,16384,5.600,163,162,false
dec-248,dec,d_b=20;m=9;gap=1;k=4;q=7;s=81,100,false,102,1.210,162,2,32768,10.233,163,162,false
dec-248,dec,d_b=20;m=9;gap=1;k=4;q=7;s=81,100,false,102,1.210,162,2,65536,19.514,163,162,false
dec-248,dec,d_b=20;m=9;gap=1;k=4;q=7;s=81,100,false,102,1.210,162,2,131072,37.604,163,162,false
dec-248,dec,d_b=20;m=9;gap=1;k=4;q=7;s=81,100,false,102,1.210,162,2,262144,72.965,163,162,false
dec-249,dec,d_b=20;m=9;gap=3;k=1;q=7;s=82,40,false,42,0.362,162,2,1,0.054,165,164,false
dec-249,dec,d_b=20;m=9;gap=3;k=1;q=7;s=82,40,false,42,0.362,162,2,2,0.082,165,164,false
dec-249,dec,d_b=20;m=9;gap=3;k=1;q=7;s=82,40,false,42,0.362,162,2,4,0.085,165,164,false
dec-249,dec,d_b=20;m=9;gap=3;k=1;q=7;s=82,40,false,42,0.362,162,2,8,0.130,165,164,false
dec-249,dec,d_b=20;m=9;gap=3;k=1;q=7;s=82,40,false,42,0.362,162,2,16,0.148,165,164,false
dec-249,dec,d_b=20;m=9;gap=3;k=1;q=7;s=82,40,false,42,0.362,162,2,32,0.186,165,164,false
dec-249,dec,d_b=20;m=9;gap=3;k=1;q=7;s=82,40,false,42,0.362,162,2,64,0.193,165,164,false
dec-249,dec,d_b=20;m=9;gap=3;k=1;q=7;s=82,40,false,42,0.362,162,2,128,0.268,165,164,false
dec-249,dec,d_b=20;m=9;gap=3;k=1;q=7;s=82,40,false,42,0.362,162,2,256,0.352,165,164,false
dec-249,dec,d_b=20;m=9;gap=3;k=1;q=7;s=82,40,false,42,0.362,162,2,512,0.480,165,164,false
dec-249,dec,d_b=20;m=9;gap=3;k=1;q=7;s=82,40,false,42,0.362,162,2,1024,0.709,165,164,false
dec-249,dec,d_b=20;m=9;gap=3;k=1;q=7;s=82,40,false,42,0.362,162,2,2048,1.066,165,164,false
dec-249,dec,d_b=20;m=9;gap=3;k=1;q=7;s=82,40,false,42,0.362,162,2,4096,1.736,165,164,false
dec-249,dec,d_b=20;m=9;gap=3;k=1;q=7;s=82,40,false,42,0.362,162,2,8192,2.958,165,164,false
dec-249,dec,d_b=20;m=9;gap=3;k=1;q=7;s=82,40,false,42,0.362,162,2,16384,5.215,165,164,false
dec-249,dec,d_b=20;m=9;gap=3;k=1;q=7;s=82,40,false,42,0.362,162,2,32768,9.427,162,2,false
dec-249,dec,d_b=20;m=9;gap=3;k=1;q=7;s=82,40,false,42,0.362,162,2,65536,17.400,162,2,false
dec-249,dec,d_b=20;m=9;gap=3;k=1;q=7;s=82,40,false,42,0.362,162,2,131072,32.684,162,2,false
dec-249,dec,d_b=20;m=9;gap=3;k=1;q=7;s=82,40,false,42,0.362,162,2,262144,62.634,162,2,false
dec-250,dec,d_b=20;m=9;gap=3;k=2;q=7;s=82,60,false,62,0.620,162,2,1,0.057,165,164,false
dec-250,dec,d_b=20;m=9;gap=3;k=2;q=7;s=82,60,false,62,0.620,162,2,2,0.082,165,164,false
dec-250,dec,d_b=20;m=9;gap=3;k=2;q=7;s=82,60,false,62,0.620,162,2,4,0.120,165,164,false
dec-250,dec,d_b=20;m=9;gap=3;k=2;q=7;s=82,60,false,62,0.620,162,2,8,0.121,165,164,false
dec-250,dec,d_b=20;m=9;gap=3;k=2;q=7;s=82,60,false,62,0.620,162,2,16,0.187,165,164,false
dec-250,dec,d_b=20;m=9;gap=3;k=2;q=7;s=82,60,false,62,0.620,162,2,32,0.217,165,164,false
dec-250,dec,d_b=20;m=9;gap=3;k=2;q=7;s=82,60,false,62,0.620,162,2,64,0.250,165,164,false
dec-250,dec,d_b=20;m=9;gap=3;k=2;q=7;s=82,60,false,62,0.620,162,2,128,0.331,165,164,false
dec-250,dec,d_b=20;m=9;gap=3;k=2;q=7;s=82,60,false,62,0.620,162,2,256,0.361,165,164,false
dec-250,dec,d_b=20;m=9;gap=3;k=2;q=7;s=82,60,false,62,0.620,162,2,512,0.543,165,164,false
dec-250,dec,d_b=20;m=9;gap=3;k=2;q=7;s=82,60,false,62,0.620,162,2,1024,0.704,165,164,false
dec-250,dec,d_b=20;m=9;gap=3;k=2;q=7;s=82,60,false,62,0.620,162,2,2048,1.096,165,164,false
dec-250,dec,d_b=20;m=9;gap=3;k=2;q=7;s=82,60,false,62,0.620,162,2,4096,1.722,165,164,false
dec-250,dec,d_b=20;m=9;gap=3;k=2;q=7;s=82,60,false,62,0.620,162,2,8192,2.937,165,164,false
dec-250,dec,d_b=20;m=9;gap=3;k=2;q=7;s=82,60,false,62,0.620,162,2,16384,5.310,165,164,false
dec-250,dec,d_b=20;m=9;gap=3;k=2;q=7;s=82,60,false,62,0.620,162,2,32768,9.656,165,164,false
dec-250,dec,d_b=20;m=9;gap=3;k=2;q=7;s=82,60,false,62,0.620,162,2,65536,18.035,165,164,false
dec-250,dec,d_b=20;m=9;gap=3;k=2;q=7;s=82,60,false,62,0.620,162,2,131072,34.318,165,164,false
dec-250,dec,d_b=20;m=9;gap=3;k=2;q=7;s=82,60,false,62,0.620,162,2,262144,66.016,165,164,false
dec-251,dec,d_b=20;m=9;gap=3;k=4;q=7;s=82,100,false,102,1.212,162,2,1,0.070,165,164,false
dec-251,dec,d_b=20;m=9;gap=3;k=4;q=7;s=82,100,false,102,1.212,162,2,2,0.098,165,164,false
dec-251,dec,d_b=20;m=9;gap=3;k=4;q=7;s=82,100,false,102,1.212,162,2,4,0.156,165,164,false
dec-251,dec,d_b=20;m=9;gap=3;k=4;q=7;s=82,100,false,102,1.212,162,2,8,0.184,165,164,false
dec-251,dec,d_b=20;m=9;gap=3;k=4;q=7;s=82,100,false,102,1.212,162,2,16,0.233,165,164,false
dec-251,dec,d_b=20;m=9;gap=3;k=4;q=7;s=82,100,false,102,1.212,162,2,32,0.303,165,164,false
dec-251,dec,d_b=20;m=9;gap=3;k=4;q=7;s=82,100,false,102,1.212,162,2,64,0.304,165,164,false
dec-251,dec,d_b=20;m=9;gap=3;k=4;q=7;s=82,100,false,102,1.212,162,2,128,0.417,165,164,false
dec-251,dec,d_b=20;m=9;gap=3;k=4;q=7;s=82,100,false,102,1.212,162,2,256,0.497,165,164,false
dec-251,dec,d_b=20;m=9;gap=3;k=4;q=7;s=82,100,false,102,1.212,162,2,512,0.604,165,164,false
dec-251,dec,d_b=20;m=9;gap=3;k=4;q=7;s=82,100,false,102,1.212,162,2,1024,0.835,165,164,false
dec-251,dec,d_b=20;m=9;gap=3;k=4;q=7;s=82,100,false,102,1.212,162,2,2048,1.171,165,164,false
dec-251,dec,d_b=20;m=9;gap=3;k=4;q=7;s=82,100,false,102,1.212,162,2,4096,1.871,165,164,false
dec-251,dec,d_b=20;m=9;gap=3;k=4;q=7;s=82,100,false,102,1.212,162,2,8192,3.176,165,164,false
dec-251,dec,d_b=20;m=9;gap=3;k=4;q=7;s=82,100,false,102,1.212,162,2,16384,5.617,165,164,false
dec-251,dec,d_b=20;m=9;gap=3;k=4;q=7;s=82,100,false,102,1.212,162,2,32768,10.560,165,164,false
dec-251,dec,d_b=20;m=9;gap=3;k=4;q=7;s=82,100,false,102,1.212,162,2,65536,19.743,165,164,false
dec-251,dec,d_b=20;m=9;gap=3;k=4;q=7;s=82,100,false,102,1.212,162,2,131072,37.471,165,164,false
dec-251,dec,d_b=20;m=9;gap=3;k=4;q=7;s=82,100,false,102,1.212,162,2,262144,73.144,165,164,false
dec-252,dec,d_b=20;m=9;gap=7;k=1;q=7;s=84,40,false,42,0.379,162,2,1,0.052,169,168,false
dec-252,dec,d_b=20;m=9;gap=7;k=1;q=7;s=84,40,false,42,0.379,162,2,2,0.087,169,168,false
dec-252,dec,d_b=20;m=9;gap=7;k=1;q=7;s=84,40,false,42,0.379,162,2,4,0.083,169,168,false
dec-252,dec,d_b=20;m=9;gap=7;k=1;q=7;s=84,40,false,42,0.379,162,2,8,0.132,169,168,false
dec-252,dec,d_b=20;m=9;gap=7;k=1;q=7;s=84,40,false,42,0.379,162,2,16,0.149,169,168,false
dec-252,dec,d_b=20;m=9;gap=7;k=1;q=7;s=84,40,false,42,0.379,162,2,32,0.188,169,168,false
dec-252,dec,d_b=20;m=9;gap=7;k=1;q=7;s=84,40,false,42,0.379,162,2,64,0.212,169,168,false
dec-252,dec,d_b=20;m=9;gap=7;k=1;q=7;s=84,40,false,42,0.379,162,2,128,0.271,169,168,false
dec-252,dec,d_b=20;m=9;gap=7;k=1;q=7;s=84,40,false,42,0.379,162,2,256,0.355,169,168,false
dec-252,dec,d_b=20;m=9;gap=7;k=1;q=7;s=84,40,false,42,0.379,162,2,512,0.476,169,168,false
dec-252,dec,d_b=20;m=9;gap=7;k=1;q=7;s=84,40,false,42,0.379,162,2,1024,0.705,169,168,false
dec-252,dec,d_b=20;m=9;gap=7;k=1;q=7;s=84,40,false,42,0.379,162,2,2048,1.053,169,168,false
dec-252,dec,d_b=20;m=9;gap=7;k=1;q=7;s=84,40,false,42,0.379,162,2,4096,1.739,169,168,false
dec-252,dec,d_b=20;m=9;gap=7;k=1;q=7;s=84,40,false,42,0.379,162,2,8192,2.950,169,168,false
dec-252,dec,d_b=20;m=9;gap=7;k=1;q=7;s=84,40,false,42,0.379,162,2,16384,5.227,162,2,false
dec-252,dec,d_b=20;m=9;gap=7;k=1;q=7;s=84,40,false,42,0.379,162,2,32768,9.439,162,2,false
dec-252,dec,d_b=20;m=9;gap=7;k=1;q=7;s=84,40,false,42,0.379,162,2,65536,17.392,162,2,false
dec-252,dec,d_b=20;m=9;gap=7;k=1;q=7;s=84,40,false,42,0.379,162,2,131072,32.729,162,2,false
dec-252,dec,d_b=20;m=9;gap=7;k=1;q=7;s=84,40,false,42,0.379,162,2,262144,62.983,162,2,false
dec-253,dec,d_b=20;m=9;gap=7;k=2;q=7;s=84,60,false,62,0.652,162,2,1,0.064,169,168,false
dec-253,dec,d_b=20;m=9;gap=7;k=2;q=7;s=84,60,false,62,0.652,162,2,2,0.093,169,168,false
dec-253,dec,d_b=20;m=9;gap=7;k=2;q=7;s=84,60,false,62,0.652,162,2,4,0.135,169,168,false
dec-253,dec,d_b=20;m=9;gap=7;k=2;q=7;s=84,60,false,62,0.652,162,2,8,0.139,169,168,false
dec-253,dec,d_b=20;m=9;gap=7;k=2;q=7;s=84,60,false,62,0.652,162,2,16,0.189,169,168,false
dec-253,dec,d_b=20;m=9;gap=7;k=2;q=7;s=84,60,false,62,0.652,162,2,32,0.232,169,168,false
dec-253,dec,d_b=20;m=9;gap=7;k=2;q=7;s=84,60,false,62,0.652,162,2,64,0.271,169,168,false
dec-253,dec,d_b=20;m=9;gap=7;k=2;q=7;s=84,60,false,62,0.652,162,2,128,0.332,169,168,false
dec-253,dec,d_b=20;m=9;gap=7;k=2;q=7;s=84,60,false,62,0.652,162,2,256,0.372,169,168,false
dec-253,dec,d_b=20;m=9;gap=7;k=2;q=7;s=84,60,false,62,0.652,162,2,512,0.539,169,168,false
dec-253,dec,d_b=20;m=9;gap=7;k=2;q=7;s=84,60,false,62,0.652,162,2,1024,0.717,169,168,false
dec-253,dec,d_b=20;m=9;gap=7;k=2;q=7;s=84,60,false,62,0.652,162,2,2048,1.120,169,168,false
dec-253,dec,d_b=20;m=9;gap=7;k=2;q=7;s=84,60,false,62,0.652,162,2,4096,1.744,169,168,false
dec-253,dec,d_b=20;m=9;gap=7;k=2;q=7;s=84,60,false,62,0.652,162,2,8192,3.000,169,168,false
dec-253,dec,d_b=20;m=9;gap=7;k=2;q=7;s=84,60,false,62,0.652,162,2,16384,5.354,169,168,false
dec-253,dec,d_b=20;m=9;gap=7;k=2;q=7;s=84,60,false,62,0.652,162,2,32768,9.654,169,168,false
dec-253,dec,d_b=20;m=9;gap=7;k=2;q=7;s=84,60,false,62,0.652,162,2,65536,18.259,169,168,false
dec-253,dec,d_b=20;m=9;gap=7;k=2;q=7;s=84,60,false,62,0.652,162,2,131072,34.611,169,168,false
dec-253,dec,d_b=20;m=9;gap=7;k=2;q=7;s=84,60,false,62,0.652,162,2,262144,66.860,169,168,false
dec-254,dec,d_b=20;m=9;gap=7;k=4;q=7;s=84,100,false,102,1.257,162,2,1,0.082,169,168,false
dec-254,dec,d_b=20;m=9;gap=7;k=4;q=7;s=84,100,false,102,1.257,162,2,2,0.122,169,168,false
dec-254,dec,d_b=20;m=9;gap=7;k=4;q=7;s=84,100,false,102,1.257,162,2,4,0.209,169,168,false
dec-254,dec,d_b=20;m=9;gap=7;k=4;q=7;s=84,100,false,102,1.257,162,2,8,0.193,169,168,false
dec-254,dec,d_b=20;m=9;gap=7;k=4;q=7;s=84,100,false,102,1.257,162,2,16,0.240,169,168,false
dec-254,dec,d_b=20;m=9;gap=7;k=4;q=7;s=84,100,false,102,1.257,162,2,32,0.314,169,168,false
dec-254,dec,d_b=20;m=9;gap=7;k=4;q=7;s=84,100,false,102,1.257,162,2,64,0.308,169,168,false
dec-254,dec,d_b=20;m=9;gap=7;k=4;q=7;s=84,100,false,102,1.257,162,2,128,0.421,169,168,false
dec-254,dec,d_b=20;m=9;gap=7;k=4;q=7;s=84,100,false,102,1.257,162,2,256,0.525,169,168,false
dec-254,dec,d_b=20;m=9;gap=7;k=4;q=7;s=84,100,false,102,1.257,162,2,512,0.664,169,168,false
dec-254,dec,d_b=20;m=9;gap=7;k=4;q=7;s=84,100,false,102,1.257,162,2,1024,0.868,169,168,false
dec-254,dec,d_b=20;m=9;gap=7;k=4;q=7;s=84,100,false,102,1.257,162,2,2048,1.176,169,168,false
dec-254,dec,d_b=20;m=9;gap=7;k=4;q=7;s=84,100,false,102,1.257,162,2,4096,1.880,169,168,false
dec-254,dec,d_b=20;m=9;gap=7;k=4;q=7;s=84,100,false,102,1.257,162,2,8192,3.250,169,168,false
dec-254,dec,d_b=20;m=9;gap=7;k=4;q=7;s=84,100,false,102,1.257,162,2,16384,5.616,169,168,false
dec-254,dec,d_b=20;m=9;gap=7;k=4;q=7;s=84,100,false,102,1.257,162,2,32768,10.356,169,168,false
dec-254,dec,d_b=20;m=9;gap=7;k=4;q=7;s=84,100,false,102,1.257,162,2,65536,19.637,169,168,false
dec-254,dec,d_b=20;m=9;gap=7;k=4;q=7;s=84,100,false,102,1.257,162,2,131072,37.852,169,168,false
dec-254,dec,d_b=20;m=9;gap=7;k=4;q=7;s=84,100,false,102,1.257,162,2,262144,72.924,169,168,false
dec-255,dec,d_b=20;m=9;gap=13;k=1;q=7;s=87,40,false,42,0.409,162,2,1,0.064,175,174,false
dec-255,dec,d_b=20;m=9;gap=13;k=1;q=7;s=87,40,false,42,0.409,162,2,2,0.097,175,174,false
dec-255,dec,d_b=20;m=9;gap=13;k=1;q=7;s=87,40,false,42,0.409,162,2,4,0.090,175,174,false
dec-255,dec,d_b=20;m=9;gap=13;k=1;q=7;s=87,40,false,42,0.409,162,2,8,0.133,175,174,false
dec-255,dec,d_b=20;m=9;gap=13;k=1;q=7;s=87,40,false,42,0.409,162,2,16,0.167,175,174,false
dec-255,dec,d_b=20;m=9;gap=13;k=1;q=7;s=87,40,false,42,0.409,162,2,32,0.216,175,174,false
dec-255,dec,d_b=20;m=9;gap=13;k=1;q=7;s=87,40,false,42,0.409,162,2,64,0.228,175,174,false
dec-255,dec,d_b=20;m=9;gap=13;k=1;q=7;s=87,40,false,42,0.409,162,2,128,0.288,175,174,false
dec-255,dec,d_b=20;m=9;gap=13;k=1;q=7;s=87,40,false,42,0.409,162,2,256,0.366,175,174,false
dec-255,dec,d_b=20;m=9;gap=13;k=1;q=7;s=87,40,false,42,0.409,162,2,512,0.505,175,174,false
dec-255,dec,d_b=20;m=9;gap=13;k=1;q=7;s=87,40,false,42,0.409,162,2,1024,0.727,175,174,false
dec-255,dec,d_b=20;m=9;gap=13;k=1;q=7;s=87,40,false,42,0.409,162,2,2048,1.086,175,174,false
dec-255,dec,d_b=20;m=9;gap=13;k=1;q=7;s=87,40,false,42,0.409,162,2,4096,1.839,162,2,false
dec-255,dec,d_b=20;m=9;gap=13;k=1;q=7;s=87,40,false,42,0.409,162,2,8192,3.123,162,2,false
dec-255,dec,d_b=20;m=9;gap=13;k=1;q=7;s=87,40,false,42,0.409,162,2,16384,5.322,162,2,false
dec-255,dec,d_b=20;m=9;gap=13;k=1;q=7;s=87,40,false,42,0.409,162,2,32768,9.567,162,2,false
dec-255,dec,d_b=20;m=9;gap=13;k=1;q=7;s=87,40,false,42,0.409,162,2,65536,17.471,162,2,false
dec-255,dec,d_b=20;m=9;gap=13;k=1;q=7;s=87,40,false,42,0.409,162,2,131072,32.519,162,2,false
dec-255,dec,d_b=20;m=9;gap=13;k=1;q=7;s=87,40,false,42,0.409,162,2,262144,62.390,162,2,false
dec-256,dec,d_b=20;m=9;gap=13;k=2;q=7;s=87,60,false,62,0.690,162,2,1,0.061,175,174,false
dec-256,dec,d_b=20;m=9;gap=13;k=2;q=7;s=87,60,false,62,0.690,162,2,2,0.089,175,174,false
dec-256,dec,d_b=20;m=9;gap=13;k=2;q=7;s=87,60,false,62,0.690,162,2,4,0.142,175,174,false
dec-256,dec,d_b=20;m=9;gap=13;k=2;q=7;s=87,60,false,62,0.690,162,2,8,0.131,175,174,false
dec-256,dec,d_b=20;m=9;gap=13;k=2;q=7;s=87,60,false,62,0.690,162,2,16,0.194,175,174,false
dec-256,dec,d_b=20;m=9;gap=13;k=2;q=7;s=87,60,false,62,0.690,162,2,32,0.229,175,174,false
dec-256,dec,d_b=20;m=9;gap=13;k=2;q=7;s=87,60,false,62,0.690,162,2,64,0.266,175,174,false
dec-256,dec,d_b=20;m=9;gap=13;k=2;q=7;s=87,60,false,62,0.690,162,2,128,0.337,175,174,false
dec-256,dec,d_b=20;m=9;gap=13;k=2;q=7;s=87,60,false,62,0.690,162,2,256,0.394,175,174,false
dec-256,dec,d_b=20;m=9;gap=13;k=2;q=7;s=87,60,false,62,0.690,162,2,512,0.567,175,174,false
dec-256,dec,d_b=20;m=9;gap=13;k=2;q=7;s=87,60,false,62,0.690,162,2,1024,0.728,175,174,false
dec-256,dec,d_b=20;m=9;gap=13;k=2;q=7;s=87,60,false,62,0.690,162,2,2048,1.105,175,174,false
dec-256,dec,d_b=20;m=9;gap=13;k=2;q=7;s=87,60,false,62,0.690,162,2,4096,1.729,175,174,false
dec-256,dec,d_b=20;m=9;gap=13;k=2;q=7;s=87,60,false,62,0.690,162,2,8192,3.034,175,174,false
dec-256,dec,d_b=20;m=9;gap=13;k=2;q=7;s=87,60,false,62,0.690,162,2,16384,5.307,175,174,false
dec-256,dec,d_b=20;m=9;gap=13;k=2;q=7;s=87,60,false,62,0.690,162,2,32768,9.667,175,174,false
dec-256,dec,d_b=20;m=9;gap=13;k=2;q=7;s=87,60,false,62,0.690,162,2,65536,18.089,175,174,false
dec-256,dec,d_b=20;m=9;gap=13;k=2;q=7;s=87,60,false,62,0.690,162,2,131072,34.660,175,174,false
dec-256,dec,d_b=20;m=9;gap=13;k=2;q=7;s=87,60,false,62,0.690,162,2,262144,66.862,175,174,false
dec-257,dec,d_b=20;m=9;gap=13;k=4;q=7;s=87,100,false,102,1.337,162,2,1,0.082,175,174,false
dec-257,dec,d_b=20;m=9;gap=13;k=4;q=7;s=87,100,false,102,1.337,162,2,2,0.116,175,174,false
dec-257,dec,d_b=20;m=9;gap=13;k=4;q=7;s=87,100,false,102,1.337,162,2,4,0.170,175,174,false
dec-257,dec,d_b=20;m=9;gap=13;k=4;q=7;s=87,100,false,102,1.337,162,2,8,0.205,175,174,false
dec-257,dec,d_b=20;m=9;gap=13;k=4;q=7;s=87,100,false,102,1.337,162,2,16,0.243,175,174,false
dec-257,dec,d_b=20;m=9;gap=13;k=4;q=7;s=87,100,false,102,1.337,162,2,32,0.326,175,174,false
dec-257,dec,d_b=20;m=9;gap=13;k=4;q=7;s=87,100,false,102,1.337,162,2,64,0.367,175,174,false
dec-257,dec,d_b=20;m=9;gap=13;k=4;q=7;s=87,100,false,102,1.337,162,2,128,0.433,175,174,false
dec-257,dec,d_b=20;m=9;gap=13;k=4;q=7;s=87,100,false,102,1.337,162,2,256,0.539,175,174,false
dec-257,dec,d_b=20;m=9;gap=13;k=4;q=7;s=87,100,false,102,1.337,162,2,512,0.639,175,174,false
dec-257,dec,d_b=20;m=9;gap=13;k=4;q=7;s=87,100,false,102,1.337,162,2,1024,0.905,175,174,false
dec-257,dec,d_b=20;m=9;gap=13;k=4;q=7;s=87,100,false,102,1.337,162,2,2048,1.213,175,174,false
dec-257,dec,d_b=20;m=9;gap=13;k=4;q=7;s=87,100,false,102,1.337,162,2,4096,1.916,175,174,false
dec-257,dec,d_b=20;m=9;gap=13;k=4;q=7;s=87,100,false,102,1.337,162,2,8192,3.322,175,174,false
dec-257,dec,d_b=20;m=9;gap=13;k=4;q=7;s=87,100,false,102,1.337,162,2,16384,5.832,175,174,false
dec-257,dec,d_b=20;m=9;gap=13;k=4;q=7;s=87,100,false,102,1.337,162,2,32768,10.456,175,174,false
dec-257,dec,d_b=20;m=9;gap=13;k=4;q=7;s=87,100,false,102,1.337,162,2,65536,19.774,175,174,false
dec-257,dec,d_b=20;m=9;gap=13;k=4;q=7;s=87,100,false,102,1.337,162,2,131072,37.920,175,174,false
dec-257,dec,d_b=20;m=9;gap=13;k=4;q=7;s=87,100,false,102,1.337,162,2,262144,72.976,175,174,false
