instance,family,params,sum_a,sum_a_capped,or_states,exact_ms,exact_size,exact_vmass,playouts,mcgs_ms,mcgs_size,mcgs_vmass,certified,hybrid_calls,hybrid_ms
dec-000,dec,d_b=3;m=2;gap=2;k=1;q=0;s=3,6,false,7,0.170,5,2,1,0.028,7,6,false,0,0.000
dec-000,dec,d_b=3;m=2;gap=2;k=1;q=0;s=3,6,false,7,0.170,5,2,2,0.043,5,2,false,0,0.000
dec-000,dec,d_b=3;m=2;gap=2;k=1;q=0;s=3,6,false,7,0.170,5,2,4,0.041,5,2,false,0,0.000
dec-000,dec,d_b=3;m=2;gap=2;k=1;q=0;s=3,6,false,7,0.170,5,2,8,0.048,5,2,true,0,0.000
dec-000,dec,d_b=3;m=2;gap=2;k=1;q=0;s=3,6,false,7,0.170,5,2,16,0.046,5,2,true,0,0.000
dec-000,dec,d_b=3;m=2;gap=2;k=1;q=0;s=3,6,false,7,0.170,5,2,32,0.043,5,2,true,0,0.000
dec-000,dec,d_b=3;m=2;gap=2;k=1;q=0;s=3,6,false,7,0.170,5,2,64,0.037,5,2,true,0,0.000
dec-000,dec,d_b=3;m=2;gap=2;k=1;q=0;s=3,6,false,7,0.170,5,2,128,0.038,5,2,true,0,0.000
dec-000,dec,d_b=3;m=2;gap=2;k=1;q=0;s=3,6,false,7,0.170,5,2,256,0.041,5,2,true,0,0.000
dec-000,dec,d_b=3;m=2;gap=2;k=1;q=0;s=3,6,false,7,0.170,5,2,512,0.037,5,2,true,0,0.000
dec-000,dec,d_b=3;m=2;gap=2;k=1;q=0;s=3,6,false,7,0.170,5,2,1024,0.034,5,2,true,0,0.000
dec-000,dec,d_b=3;m=2;gap=2;k=1;q=0;s=3,6,false,7,0.170,5,2,2048,0.034,5,2,true,0,0.000
dec-000,dec,d_b=3;m=2;gap=2;k=1;q=0;s=3,6,false,7,0.170,5,2,4096,0.035,5,2,true,0,0.000
dec-000,dec,d_b=3;m=2;gap=2;k=1;q=0;s=3,6,false,7,0.170,5,2,8192,0.037,5,2,true,0,0.000
dec-000,dec,d_b=3;m=2;gap=2;k=1;q=0;s=3,6,false,7,0.170,5,2,16384,0.034,5,2,true,0,0.000
wide-000,wide,d2w32;d_b=4;m=2;gap=1;k=1,2056,false,2059,1.013,10,2,1,0.574,11,6,false,0,0.000
wide-000,wide,d2w32;d_b=4;m=2;gap=1;k=1,2056,false,2059,1.013,10,2,2,0.590,11,6,false,0,0.000
wide-000,wide,d2w32;d_b=4;m=2;gap=1;k=1,2056,false,2059,1.013,10,2,4,0.612,11,6,false,0,0.000
wide-000,wide,d2w32;d_b=4;m=2;gap=1;k=1,2056,false,2059,1.013,10,2,8,0.670,11,6,false,0,0.000
wide-000,wide,d2w32;d_b=4;m=2;gap=1;k=1,2056,false,2059,1.013,10,2,16,0.783,11,6,false,0,0.000
wide-000,wide,d2w32;d_b=4;m=2;gap=1;k=1,2056,false,2059,1.013,10,2,32,0.881,11,6,false,0,0.000
wide-000,wide,d2w32;d_b=4;m=2;gap=1;k=1,2056,false,2059,1.013,10,2,64,1.261,11,6,false,0,0.000
wide-000,wide,d2w32;d_b=4;m=2;gap=1;k=1,2056,false,2059,1.013,10,2,128,2.029,11,6,false,0,0.000
wide-000,wide,d2w32;d_b=4;m=2;gap=1;k=1,2056,false,2059,1.013,10,2,256,3.344,11,6,false,0,0.000
wide-000,wide,d2w32;d_b=4;m=2;gap=1;k=1,2056,false,2059,1.013,10,2,512,6.501,11,6,false,0,0.000
wide-000,wide,d2w32;d_b=4;m=2;gap=1;k=1,2056,false,2059,1.013,10,2,1024,13.115,11,6,false,0,0.000
wide-000,wide,d2w32;d_b=4;m=2;gap=1;k=1,2056,false,2059,1.013,10,2,2048,44.665,11,6,false,0,0.000
wide-000,wide,d2w32;d_b=4;m=2;gap=1;k=1,2056,false,2059,1.013,10,2,4096,48.331,10,2,true,0,0.000
wide-000,wide,d2w32;d_b=4;m=2;gap=1;k=1,2056,false,2059,1.013,10,2,8192,49.160,10,2,true,0,0.000
wide-000,wide,d2w32;d_b=4;m=2;gap=1;k=1,2056,false,2059,1.013,10,2,16384,48.360,10,2,true,0,0.000
mixed-000-0,mixed,seed=0x6831f9b62d8166c8;cycles=6;planted=1;d_b=4;m=2;gap=1;k=2,13989,false,3154,0.072,17,8,1,0.040,18,12,false,0,0.000
mixed-000-0,mixed,seed=0x6831f9b62d8166c8;cycles=6;planted=1;d_b=4;m=2;gap=1;k=2,13989,false,3154,0.072,17,8,2,0.053,18,12,false,0,0.000
mixed-000-0,mixed,seed=0x6831f9b62d8166c8;cycles=6;planted=1;d_b=4;m=2;gap=1;k=2,13989,false,3154,0.072,17,8,4,0.060,18,12,false,0,0.000
mixed-000-0,mixed,seed=0x6831f9b62d8166c8;cycles=6;planted=1;d_b=4;m=2;gap=1;k=2,13989,false,3154,0.072,17,8,8,0.088,18,12,false,0,0.000
mixed-000-0,mixed,seed=0x6831f9b62d8166c8;cycles=6;planted=1;d_b=4;m=2;gap=1;k=2,13989,false,3154,0.072,17,8,16,0.108,17,8,true,0,0.000
mixed-000-0,mixed,seed=0x6831f9b62d8166c8;cycles=6;planted=1;d_b=4;m=2;gap=1;k=2,13989,false,3154,0.072,17,8,32,0.103,17,8,true,0,0.000
mixed-000-0,mixed,seed=0x6831f9b62d8166c8;cycles=6;planted=1;d_b=4;m=2;gap=1;k=2,13989,false,3154,0.072,17,8,64,0.100,17,8,true,0,0.000
mixed-000-0,mixed,seed=0x6831f9b62d8166c8;cycles=6;planted=1;d_b=4;m=2;gap=1;k=2,13989,false,3154,0.072,17,8,128,0.099,17,8,true,0,0.000
mixed-000-0,mixed,seed=0x6831f9b62d8166c8;cycles=6;planted=1;d_b=4;m=2;gap=1;k=2,13989,false,3154,0.072,17,8,256,0.100,17,8,true,0,0.000
mixed-000-0,mixed,seed=0x6831f9b62d8166c8;cycles=6;planted=1;d_b=4;m=2;gap=1;k=2,13989,false,3154,0.072,17,8,512,0.097,17,8,true,0,0.000
mixed-000-0,mixed,seed=0x6831f9b62d8166c8;cycles=6;planted=1;d_b=4;m=2;gap=1;k=2,13989,false,3154,0.072,17,8,1024,0.096,17,8,true,0,0.000
mixed-000-0,mixed,seed=0x6831f9b62d8166c8;cycles=6;planted=1;d_b=4;m=2;gap=1;k=2,13989,false,3154,0.072,17,8,2048,0.098,17,8,true,0,0.000
mixed-000-0,mixed,seed=0x6831f9b62d8166c8;cycles=6;planted=1;d_b=4;m=2;gap=1;k=2,13989,false,3154,0.072,17,8,4096,0.095,17,8,true,0,0.000
mixed-000-0,mixed,seed=0x6831f9b62d8166c8;cycles=6;planted=1;d_b=4;m=2;gap=1;k=2,13989,false,3154,0.072,17,8,8192,0.096,17,8,true,0,0.000
mixed-000-0,mixed,seed=0x6831f9b62d8166c8;cycles=6;planted=1;d_b=4;m=2;gap=1;k=2,13989,false,3154,0.072,17,8,16384,0.095,17,8,true,0,0.000
rand-00-00,rand,seed=0xe545f35f5590002f;cycles=6,26157,false,5643,0.026,7,4,1,0.025,7,4,false,0,0.000
rand-00-00,rand,seed=0xe545f35f5590002f;cycles=6,26157,false,5643,0.026,7,4,2,0.025,7,4,false,0,0.000
rand-00-00,rand,seed=0xe545f35f5590002f;cycles=6,26157,false,5643,0.026,7,4,4,0.031,7,4,true,0,0.000
rand-00-00,rand,seed=0xe545f35f5590002f;cycles=6,26157,false,5643,0.026,7,4,8,0.030,7,4,true,0,0.000
rand-00-00,rand,seed=0xe545f35f5590002f;cycles=6,26157,false,5643,0.026,7,4,16,0.028,7,4,true,0,0.000
rand-00-00,rand,seed=0xe545f35f5590002f;cycles=6,26157,false,5643,0.026,7,4,32,0.028,7,4,true,0,0.000
rand-00-00,rand,seed=0xe545f35f5590002f;cycles=6,26157,false,5643,0.026,7,4,64,0.027,7,4,true,0,0.000
rand-00-00,rand,seed=0xe545f35f5590002f;cycles=6,26157,false,5643,0.026,7,4,128,0.027,7,4,true,0,0.000
rand-00-00,rand,seed=0xe545f35f5590002f;cycles=6,26157,false,5643,0.026,7,4,256,0.027,7,4,true,0,0.000
rand-00-00,rand,seed=0xe545f35f5590002f;cycles=6,26157,false,5643,0.026,7,4,512,0.027,7,4,true,0,0.000
rand-00-00,rand,seed=0xe545f35f5590002f;cycles=6,26157,false,5643,0.026,7,4,1024,0.027,7,4,true,0,0.000
rand-00-00,rand,seed=0xe545f35f5590002f;cycles=6,26157,false,5643,0.026,7,4,2048,0.027,7,4,true,0,0.000
rand-00-00,rand,seed=0xe545f35f5590002f;cycles=6,26157,false,5643,0.026,7,4,4096,0.027,7,4,true,0,0.000
rand-00-00,rand,seed=0xe545f35f5590002f;cycles=6,26157,false,5643,0.026,7,4,8192,0.027,7,4,true,0,0.000
rand-00-00,rand,seed=0xe545f35f5590002f;cycles=6,26157,false,5643,0.026,7,4,16384,0.027,7,4,true,0,0.000
xover-00,xover,d3w2c4,45,false,40,0.019,19,8,1,0.016,19,8,false,0,0.000
xover-00,xover,d3w2c4,45,false,40,0.019,19,8,2,0.018,19,8,false,0,0.000
xover-00,xover,d3w2c4,45,false,40,0.019,19,8,4,0.024,19,8,true,0,0.000
xover-00,xover,d3w2c4,45,false,40,0.019,19,8,8,0.023,19,8,true,0,0.000
xover-00,xover,d3w2c4,45,false,40,0.019,19,8,16,0.022,19,8,true,0,0.000
xover-00,xover,d3w2c4,45,false,40,0.019,19,8,32,0.022,19,8,true,0,0.000
xover-00,xover,d3w2c4,45,false,40,0.019,19,8,64,0.022,19,8,true,0,0.000
xover-00,xover,d3w2c4,45,false,40,0.019,19,8,128,0.022,19,8,true,0,0.000
xover-00,xover,d3w2c4,45,false,40,0.019,19,8,256,0.021,19,8,true,0,0.000
xover-00,xover,d3w2c4,45,false,40,0.019,19,8,512,0.021,19,8,true,0,0.000
xover-00,xover,d3w2c4,45,false,40,0.019,19,8,1024,0.021,19,8,true,0,0.000
xover-00,xover,d3w2c4,45,false,40,0.019,19,8,2048,0.021,19,8,true,0,0.000
xover-00,xover,d3w2c4,45,false,40,0.019,19,8,4096,0.021,19,8,true,0,0.000
xover-00,xover,d3w2c4,45,false,40,0.019,19,8,8192,0.021,19,8,true,0,0.000
xover-00,xover,d3w2c4,45,false,40,0.019,19,8,16384,0.021,19,8,true,0,0.000
width-00,width,d4w16,1024,false,1029,0.271,10,2,1,0.199,10,2,false,0,0.000
width-00,width,d4w16,1024,false,1029,0.271,10,2,2,0.202,10,2,false,0,0.000
width-00,width,d4w16,1024,false,1029,0.271,10,2,4,0.206,10,2,false,0,0.000
width-00,width,d4w16,1024,false,1029,0.271,10,2,8,0.220,10,2,false,0,0.000
width-00,width,d4w16,1024,false,1029,0.271,10,2,16,0.244,10,2,false,0,0.000
width-00,width,d4w16,1024,false,1029,0.271,10,2,32,0.321,10,2,false,0,0.000
width-00,width,d4w16,1024,false,1029,0.271,10,2,64,0.544,10,2,true,0,0.000
width-00,width,d4w16,1024,false,1029,0.271,10,2,128,0.545,10,2,true,0,0.000
width-00,width,d4w16,1024,false,1029,0.271,10,2,256,0.537,10,2,true,0,0.000
width-00,width,d4w16,1024,false,1029,0.271,10,2,512,0.539,10,2,true,0,0.000
width-00,width,d4w16,1024,false,1029,0.271,10,2,1024,0.537,10,2,true,0,0.000
width-00,width,d4w16,1024,false,1029,0.271,10,2,2048,0.538,10,2,true,0,0.000
width-00,width,d4w16,1024,false,1029,0.271,10,2,4096,0.537,10,2,true,0,0.000
width-00,width,d4w16,1024,false,1029,0.271,10,2,8192,0.539,10,2,true,0,0.000
width-00,width,d4w16,1024,false,1029,0.271,10,2,16384,0.544,10,2,true,0,0.000
ac-00,ac,m24c4,576,false,785,3.058,7,2,1,9.589,7,2,false,0,0.000
ac-00,ac,m24c4,576,false,785,3.058,7,2,2,9.663,7,2,false,0,0.000
ac-00,ac,m24c4,576,false,785,3.058,7,2,4,9.574,7,2,false,0,0.000
ac-00,ac,m24c4,576,false,785,3.058,7,2,8,9.740,7,2,false,0,0.000
ac-00,ac,m24c4,576,false,785,3.058,7,2,16,9.891,7,2,false,0,0.000
ac-00,ac,m24c4,576,false,785,3.058,7,2,32,10.224,7,2,true,0,0.000
ac-00,ac,m24c4,576,false,785,3.058,7,2,64,10.190,7,2,true,0,0.000
ac-00,ac,m24c4,576,false,785,3.058,7,2,128,10.278,7,2,true,0,0.000
ac-00,ac,m24c4,576,false,785,3.058,7,2,256,10.173,7,2,true,0,0.000
ac-00,ac,m24c4,576,false,785,3.058,7,2,512,10.296,7,2,true,0,0.000
ac-00,ac,m24c4,576,false,785,3.058,7,2,1024,10.221,7,2,true,0,0.000
ac-00,ac,m24c4,576,false,785,3.058,7,2,2048,10.320,7,2,true,0,0.000
ac-00,ac,m24c4,576,false,785,3.058,7,2,4096,10.235,7,2,true,0,0.000
ac-00,ac,m24c4,576,false,785,3.058,7,2,8192,10.254,7,2,true,0,0.000
ac-00,ac,m24c4,576,false,785,3.058,7,2,16384,10.283,7,2,true,0,0.000
dec-001,dec,d_b=3;m=2;gap=2;k=2;q=0;s=3,9,false,10,0.020,5,2,1,0.009,7,6,false,0,0.000
dec-001,dec,d_b=3;m=2;gap=2;k=2;q=0;s=3,9,false,10,0.020,5,2,2,0.012,7,6,false,0,0.000
dec-001,dec,d_b=3;m=2;gap=2;k=2;q=0;s=3,9,false,10,0.020,5,2,4,0.019,5,2,false,0,0.000
dec-001,dec,d_b=3;m=2;gap=2;k=2;q=0;s=3,9,false,10,0.020,5,2,8,0.027,5,2,true,0,0.000
dec-001,dec,d_b=3;m=2;gap=2;k=2;q=0;s=3,9,false,10,0.020,5,2,16,0.025,5,2,true,0,0.000
dec-001,dec,d_b=3;m=2;gap=2;k=2;q=0;s=3,9,false,10,0.020,5,2,32,0.024,5,2,true,0,0.000
dec-001,dec,d_b=3;m=2;gap=2;k=2;q=0;s=3,9,false,10,0.020,5,2,64,0.023,5,2,true,0,0.000
dec-001,dec,d_b=3;m=2;gap=2;k=2;q=0;s=3,9,false,10,0.020,5,2,128,0.023,5,2,true,0,0.000
dec-001,dec,d_b=3;m=2;gap=2;k=2;q=0;s=3,9,false,10,0.020,5,2,256,0.022,5,2,true,0,0.000
dec-001,dec,d_b=3;m=2;gap=2;k=2;q=0;s=3,9,false,10,0.020,5,2,512,0.022,5,2,true,0,0.000
dec-001,dec,d_b=3;m=2;gap=2;k=2;q=0;s=3,9,false,10,0.020,5,2,1024,0.022,5,2,true,0,0.000
dec-001,dec,d_b=3;m=2;gap=2;k=2;q=0;s=3,9,false,10,0.020,5,2,2048,0.022,5,2,true,0,0.000
dec-001,dec,d_b=3;m=2;gap=2;k=2;q=0;s=3,9,false,10,0.020,5,2,4096,0.022,5,2,true,0,0.000
dec-001,dec,d_b=3;m=2;gap=2;k=2;q=0;s=3,9,false,10,0.020,5,2,8192,0.022,5,2,true,0,0.000
dec-001,dec,d_b=3;m=2;gap=2;k=2;q=0;s=3,9,false,10,0.020,5,2,16384,0.022,5,2,true,0,0.000
wide-001,wide,d2w32;d_b=8;m=2;gap=2;k=2,2072,false,2075,0.708,14,2,1,0.392,17,12,false,0,0.000
wide-001,wide,d2w32;d_b=8;m=2;gap=2;k=2,2072,false,2075,0.708,14,2,2,0.407,17,12,false,0,0.000
wide-001,wide,d2w32;d_b=8;m=2;gap=2;k=2,2072,false,2075,0.708,14,2,4,0.421,17,12,false,0,0.000
wide-001,wide,d2w32;d_b=8;m=2;gap=2;k=2,2072,false,2075,0.708,14,2,8,0.458,17,12,false,0,0.000
wide-001,wide,d2w32;d_b=8;m=2;gap=2;k=2,2072,false,2075,0.708,14,2,16,0.540,17,12,false,0,0.000
wide-001,wide,d2w32;d_b=8;m=2;gap=2;k=2,2072,false,2075,0.708,14,2,32,0.695,17,12,false,0,0.000
wide-001,wide,d2w32;d_b=8;m=2;gap=2;k=2,2072,false,2075,0.708,14,2,64,1.001,17,12,false,0,0.000
wide-001,wide,d2w32;d_b=8;m=2;gap=2;k=2,2072,false,2075,0.708,14,2,128,1.645,17,12,false,0,0.000
wide-001,wide,d2w32;d_b=8;m=2;gap=2;k=2,2072,false,2075,0.708,14,2,256,2.995,17,12,false,0,0.000
wide-001,wide,d2w32;d_b=8;m=2;gap=2;k=2,2072,false,2075,0.708,14,2,512,5.980,17,12,false,0,0.000
wide-001,wide,d2w32;d_b=8;m=2;gap=2;k=2,2072,false,2075,0.708,14,2,1024,13.036,17,12,false,0,0.000
wide-001,wide,d2w32;d_b=8;m=2;gap=2;k=2,2072,false,2075,0.708,14,2,2048,44.635,17,12,false,0,0.000
wide-001,wide,d2w32;d_b=8;m=2;gap=2;k=2,2072,false,2075,0.708,14,2,4096,49.506,14,2,true,0,0.000
wide-001,wide,d2w32;d_b=8;m=2;gap=2;k=2,2072,false,2075,0.708,14,2,8192,49.067,14,2,true,0,0.000
wide-001,wide,d2w32;d_b=8;m=2;gap=2;k=2,2072,false,2075,0.708,14,2,16384,49.021,14,2,true,0,0.000
mixed-000-1,mixed,seed=0xda19217c7f37389d;cycles=6;planted=1;d_b=4;m=2;gap=1;k=2,26302,false,5761,0.153,38,6,1,0.180,39,10,false,0,0.000
mixed-000-1,mixed,seed=0xda19217c7f37389d;cycles=6;planted=1;d_b=4;m=2;gap=1;k=2,26302,false,5761,0.153,38,6,2,0.204,39,10,false,0,0.000
mixed-000-1,mixed,seed=0xda19217c7f37389d;cycles=6;planted=1;d_b=4;m=2;gap=1;k=2,26302,false,5761,0.153,38,6,4,0.222,39,10,false,0,0.000
mixed-000-1,mixed,seed=0xda19217c7f37389d;cycles=6;planted=1;d_b=4;m=2;gap=1;k=2,26302,false,5761,0.153,38,6,8,0.325,39,10,false,0,0.000
mixed-000-1,mixed,seed=0xda19217c7f37389d;cycles=6;planted=1;d_b=4;m=2;gap=1;k=2,26302,false,5761,0.153,38,6,16,0.540,38,6,false,0,0.000
mixed-000-1,mixed,seed=0xda19217c7f37389d;cycles=6;planted=1;d_b=4;m=2;gap=1;k=2,26302,false,5761,0.153,38,6,32,0.620,38,6,true,0,0.000
mixed-000-1,mixed,seed=0xda19217c7f37389d;cycles=6;planted=1;d_b=4;m=2;gap=1;k=2,26302,false,5761,0.153,38,6,64,0.609,38,6,true,0,0.000
mixed-000-1,mixed,seed=0xda19217c7f37389d;cycles=6;planted=1;d_b=4;m=2;gap=1;k=2,26302,false,5761,0.153,38,6,128,0.605,38,6,true,0,0.000
mixed-000-1,mixed,seed=0xda19217c7f37389d;cycles=6;planted=1;d_b=4;m=2;gap=1;k=2,26302,false,5761,0.153,38,6,256,0.603,38,6,true,0,0.000
mixed-000-1,mixed,seed=0xda19217c7f37389d;cycles=6;planted=1;d_b=4;m=2;gap=1;k=2,26302,false,5761,0.153,38,6,512,0.601,38,6,true,0,0.000
mixed-000-1,mixed,seed=0xda19217c7f37389d;cycles=6;planted=1;d_b=4;m=2;gap=1;k=2,26302,false,5761,0.153,38,6,1024,0.601,38,6,true,0,0.000
mixed-000-1,mixed,seed=0xda19217c7f37389d;cycles=6;planted=1;d_b=4;m=2;gap=1;k=2,26302,false,5761,0.153,38,6,2048,0.597,38,6,true,0,0.000
mixed-000-1,mixed,seed=0xda19217c7f37389d;cycles=6;planted=1;d_b=4;m=2;gap=1;k=2,26302,false,5761,0.153,38,6,4096,0.600,38,6,true,0,0.000
mixed-000-1,mixed,seed=0xda19217c7f37389d;cycles=6;planted=1;d_b=4;m=2;gap=1;k=2,26302,false,5761,0.153,38,6,8192,0.598,38,6,true,0,0.000
mixed-000-1,mixed,seed=0xda19217c7f37389d;cycles=6;planted=1;d_b=4;m=2;gap=1;k=2,26302,false,5761,0.153,38,6,16384,0.599,38,6,true,0,0.000
rand-00-01,rand,seed=0x2edd0b8fc44b8c32;cycles=6,23767,false,5004,0.022,6,4,1,0.022,6,4,false,0,0.000
rand-00-01,rand,seed=0x2edd0b8fc44b8c32;cycles=6,23767,false,5004,0.022,6,4,2,0.028,6,4,true,0,0.000
rand-00-01,rand,seed=0x2edd0b8fc44b8c32;cycles=6,23767,false,5004,0.022,6,4,4,0.025,6,4,true,0,0.000
rand-00-01,rand,seed=0x2edd0b8fc44b8c32;cycles=6,23767,false,5004,0.022,6,4,8,0.024,6,4,true,0,0.000
rand-00-01,rand,seed=0x2edd0b8fc44b8c32;cycles=6,23767,false,5004,0.022,6,4,16,0.022,6,4,true,0,0.000
rand-00-01,rand,seed=0x2edd0b8fc44b8c32;cycles=6,23767,false,5004,0.022,6,4,32,0.022,6,4,true,0,0.000
rand-00-01,rand,seed=0x2edd0b8fc44b8c32;cycles=6,23767,false,5004,0.022,6,4,64,0.022,6,4,true,0,0.000
rand-00-01,rand,seed=0x2edd0b8fc44b8c32;cycles=6,23767,false,5004,0.022,6,4,128,0.022,6,4,true,0,0.000
rand-00-01,rand,seed=0x2edd0b8fc44b8c32;cycles=6,23767,false,5004,0.022,6,4,256,0.022,6,4,true,0,0.000
rand-00-01,rand,seed=0x2edd0b8fc44b8c32;cycles=6,23767,false,5004,0.022,6,4,512,0.022,6,4,true,0,0.000
rand-00-01,rand,seed=0x2edd0b8fc44b8c32;cycles=6,23767,false,5004,0.022,6,4,1024,0.022,6,4,true,0,0.000
rand-00-01,rand,seed=0x2edd0b8fc44b8c32;cycles=6,23767,false,5004,0.022,6,4,2048,0.021,6,4,true,0,0.000
rand-00-01,rand,seed=0x2edd0b8fc44b8c32;cycles=6,23767,false,5004,0.022,6,4,4096,0.022,6,4,true,0,0.000
rand-00-01,rand,seed=0x2edd0b8fc44b8c32;cycles=6,23767,false,5004,0.022,6,4,8192,0.022,6,4,true,0,0.000
rand-00-01,rand,seed=0x2edd0b8fc44b8c32;cycles=6,23767,false,5004,0.022,6,4,16384,0.022,6,4,true,0,0.000
xover-01,xover,d3w2c6,475,false,329,0.026,19,8,1,0.021,19,8,false,0,0.000
xover-01,xover,d3w2c6,475,false,329,0.026,19,8,2,0.025,19,8,false,0,0.000
xover-01,xover,d3w2c6,475,false,329,0.026,19,8,4,0.028,19,8,false,0,0.000
xover-01,xover,d3w2c6,475,false,329,0.026,19,8,8,0.035,19,8,true,0,0.000
xover-01,xover,d3w2c6,475,false,329,0.026,19,8,16,0.034,19,8,true,0,0.000
xover-01,xover,d3w2c6,475,false,329,0.026,19,8,32,0.033,19,8,true,0,0.000
xover-01,xover,d3w2c6,475,false,329,0.026,19,8,64,0.033,19,8,true,0,0.000
xover-01,xover,d3w2c6,475,false,329,0.026,19,8,128,0.033,19,8,true,0,0.000
xover-01,xover,d3w2c6,475,false,329,0.026,19,8,256,0.033,19,8,true,0,0.000
xover-01,xover,d3w2c6,475,false,329,0.026,19,8,512,0.032,19,8,true,0,0.000
xover-01,xover,d3w2c6,475,false,329,0.026,19,8,1024,0.032,19,8,true,0,0.000
xover-01,xover,d3w2c6,475,false,329,0.026,19,8,2048,0.032,19,8,true,0,0.000
xover-01,xover,d3w2c6,475,false,329,0.026,19,8,4096,0.032,19,8,true,0,0.000
xover-01,xover,d3w2c6,475,false,329,0.026,19,8,8192,0.032,19,8,true,0,0.000
xover-01,xover,d3w2c6,475,false,329,0.026,19,8,16384,0.033,19,8,true,0,0.000
width-01,width,d4w32,4096,false,4101,0.954,10,2,1,0.745,10,2,false,0,0.000
width-01,width,d4w32,4096,false,4101,0.954,10,2,2,0.764,10,2,false,0,0.000
width-01,width,d4w32,4096,false,4101,0.954,10,2,4,0.764,10,2,false,0,0.000
width-01,width,d4w32,4096,false,4101,0.954,10,2,8,0.797,10,2,false,0,0.000
width-01,width,d4w32,4096,false,4101,0.954,10,2,16,0.872,10,2,false,0,0.000
width-01,width,d4w32,4096,false,4101,0.954,10,2,32,1.028,10,2,false,0,0.000
width-01,width,d4w32,4096,false,4101,0.954,10,2,64,1.490,10,2,false,0,0.000
width-01,width,d4w32,4096,false,4101,0.954,10,2,128,2.856,10,2,true,0,0.000
width-01,width,d4w32,4096,false,4101,0.954,10,2,256,2.848,10,2,true,0,0.000
width-01,width,d4w32,4096,false,4101,0.954,10,2,512,2.965,10,2,true,0,0.000
width-01,width,d4w32,4096,false,4101,0.954,10,2,1024,2.845,10,2,true,0,0.000
width-01,width,d4w32,4096,false,4101,0.954,10,2,2048,2.844,10,2,true,0,0.000
width-01,width,d4w32,4096,false,4101,0.954,10,2,4096,2.835,10,2,true,0,0.000
width-01,width,d4w32,4096,false,4101,0.954,10,2,8192,2.829,10,2,true,0,0.000
width-01,width,d4w32,4096,false,4101,0.954,10,2,16384,2.813,10,2,true,0,0.000
ac-01,ac,m24c8,576,false,1025,7.327,11,2,1,23.085,11,2,false,0,0.000
ac-01,ac,m24c8,576,false,1025,7.327,11,2,2,22.941,11,2,false,0,0.000
ac-01,ac,m24c8,576,false,1025,7.327,11,2,4,23.183,11,2,false,0,0.000
ac-01,ac,m24c8,576,false,1025,7.327,11,2,8,23.308,11,2,false,0,0.000
ac-01,ac,m24c8,576,false,1025,7.327,11,2,16,23.813,11,2,false,0,0.000
ac-01,ac,m24c8,576,false,1025,7.327,11,2,32,24.717,11,2,true,0,0.000
ac-01,ac,m24c8,576,false,1025,7.327,11,2,64,24.706,11,2,true,0,0.000
ac-01,ac,m24c8,576,false,1025,7.327,11,2,128,24.633,11,2,true,0,0.000
ac-01,ac,m24c8,576,false,1025,7.327,11,2,256,24.676,11,2,true,0,0.000
ac-01,ac,m24c8,576,false,1025,7.327,11,2,512,24.708,11,2,true,0,0.000
ac-01,ac,m24c8,576,false,1025,7.327,11,2,1024,24.871,11,2,true,0,0.000
ac-01,ac,m24c8,576,false,1025,7.327,11,2,2048,24.684,11,2,true,0,0.000
ac-01,ac,m24c8,576,false,1025,7.327,11,2,4096,24.632,11,2,true,0,0.000
ac-01,ac,m24c8,576,false,1025,7.327,11,2,8192,24.520,11,2,true,0,0.000
ac-01,ac,m24c8,576,false,1025,7.327,11,2,16384,24.768,11,2,true,0,0.000
dec-002,dec,d_b=3;m=2;gap=2;k=4;q=0;s=3,15,false,16,0.028,5,2,1,0.011,7,6,false,0,0.000
dec-002,dec,d_b=3;m=2;gap=2;k=4;q=0;s=3,15,false,16,0.028,5,2,2,0.014,7,6,false,0,0.000
dec-002,dec,d_b=3;m=2;gap=2;k=4;q=0;s=3,15,false,16,0.028,5,2,4,0.017,7,6,false,0,0.000
dec-002,dec,d_b=3;m=2;gap=2;k=4;q=0;s=3,15,false,16,0.028,5,2,8,0.043,5,2,true,0,0.000
dec-002,dec,d_b=3;m=2;gap=2;k=4;q=0;s=3,15,false,16,0.028,5,2,16,0.042,5,2,true,0,0.000
dec-002,dec,d_b=3;m=2;gap=2;k=4;q=0;s=3,15,false,16,0.028,5,2,32,0.031,5,2,true,0,0.000
dec-002,dec,d_b=3;m=2;gap=2;k=4;q=0;s=3,15,false,16,0.028,5,2,64,0.031,5,2,true,0,0.000
dec-002,dec,d_b=3;m=2;gap=2;k=4;q=0;s=3,15,false,16,0.028,5,2,128,0.030,5,2,true,0,0.000
dec-002,dec,d_b=3;m=2;gap=2;k=4;q=0;s=3,15,false,16,0.028,5,2,256,0.029,5,2,true,0,0.000
dec-002,dec,d_b=3;m=2;gap=2;k=4;q=0;s=3,15,false,16,0.028,5,2,512,0.029,5,2,true,0,0.000
dec-002,dec,d_b=3;m=2;gap=2;k=4;q=0;s=3,15,false,16,0.028,5,2,1024,0.028,5,2,true,0,0.000
dec-002,dec,d_b=3;m=2;gap=2;k=4;q=0;s=3,15,false,16,0.028,5,2,2048,0.029,5,2,true,0,0.000
dec-002,dec,d_b=3;m=2;gap=2;k=4;q=0;s=3,15,false,16,0.028,5,2,4096,0.029,5,2,true,0,0.000
dec-002,dec,d_b=3;m=2;gap=2;k=4;q=0;s=3,15,false,16,0.028,5,2,8192,0.028,5,2,true,0,0.000
dec-002,dec,d_b=3;m=2;gap=2;k=4;q=0;s=3,15,false,16,0.028,5,2,16384,0.028,5,2,true,0,0.000
wide-002,wide,d2w32;d_b=12;m=3;gap=6;k=2,2084,false,2088,0.839,30,2,1,0.464,37,32,false,0,0.000
wide-002,wide,d2w32;d_b=12;m=3;gap=6;k=2,2084,false,2088,0.839,30,2,2,0.475,37,32,false,0,0.000
wide-002,wide,d2w32;d_b=12;m=3;gap=6;k=2,2084,false,2088,0.839,30,2,4,0.490,37,32,false,0,0.000
wide-002,wide,d2w32;d_b=12;m=3;gap=6;k=2,2084,false,2088,0.839,30,2,8,0.533,37,32,false,0,0.000
wide-002,wide,d2w32;d_b=12;m=3;gap=6;k=2,2084,false,2088,0.839,30,2,16,0.608,37,32,false,0,0.000
wide-002,wide,d2w32;d_b=12;m=3;gap=6;k=2,2084,false,2088,0.839,30,2,32,0.765,37,32,false,0,0.000
wide-002,wide,d2w32;d_b=12;m=3;gap=6;k=2,2084,false,2088,0.839,30,2,64,1.120,37,32,false,0,0.000
wide-002,wide,d2w32;d_b=12;m=3;gap=6;k=2,2084,false,2088,0.839,30,2,128,1.708,37,32,false,0,0.000
wide-002,wide,d2w32;d_b=12;m=3;gap=6;k=2,2084,false,2088,0.839,30,2,256,3.265,37,32,false,0,0.000
wide-002,wide,d2w32;d_b=12;m=3;gap=6;k=2,2084,false,2088,0.839,30,2,512,6.011,37,32,false,0,0.000
wide-002,wide,d2w32;d_b=12;m=3;gap=6;k=2,2084,false,2088,0.839,30,2,1024,13.525,37,32,false,0,0.000
wide-002,wide,d2w32;d_b=12;m=3;gap=6;k=2,2084,false,2088,0.839,30,2,2048,44.771,37,32,false,0,0.000
wide-002,wide,d2w32;d_b=12;m=3;gap=6;k=2,2084,false,2088,0.839,30,2,4096,49.702,30,2,true,0,0.000
wide-002,wide,d2w32;d_b=12;m=3;gap=6;k=2,2084,false,2088,0.839,30,2,8192,49.445,30,2,true,0,0.000
wide-002,wide,d2w32;d_b=12;m=3;gap=6;k=2,2084,false,2088,0.839,30,2,16384,49.421,30,2,true,0,0.000
mixed-000-2,mixed,seed=0x4c32cce1c3051888;cycles=6;planted=1;d_b=4;m=2;gap=1;k=2,47124,false,9184,0.159,35,10,1,0.103,36,14,false,0,0.000
mixed-000-2,mixed,seed=0x4c32cce1c3051888;cycles=6;planted=1;d_b=4;m=2;gap=1;k=2,47124,false,9184,0.159,35,10,2,0.154,36,14,false,0,0.000
mixed-000-2,mixed,seed=0x4c32cce1c3051888;cycles=6;planted=1;d_b=4;m=2;gap=1;k=2,47124,false,9184,0.159,35,10,4,0.213,36,14,false,0,0.000
mixed-000-2,mixed,seed=0x4c32cce1c3051888;cycles=6;planted=1;d_b=4;m=2;gap=1;k=2,47124,false,9184,0.159,35,10,8,0.268,36,14,false,0,0.000
mixed-000-2,mixed,seed=0x4c32cce1c3051888;cycles=6;planted=1;d_b=4;m=2;gap=1;k=2,47124,false,9184,0.159,35,10,16,0.489,35,10,false,0,0.000
mixed-000-2,mixed,seed=0x4c32cce1c3051888;cycles=6;planted=1;d_b=4;m=2;gap=1;k=2,47124,false,9184,0.159,35,10,32,0.508,35,10,true,0,0.000
mixed-000-2,mixed,seed=0x4c32cce1c3051888;cycles=6;planted=1;d_b=4;m=2;gap=1;k=2,47124,false,9184,0.159,35,10,64,0.497,35,10,true,0,0.000
mixed-000-2,mixed,seed=0x4c32cce1c3051888;cycles=6;planted=1;d_b=4;m=2;gap=1;k=2,47124,false,9184,0.159,35,10,128,0.496,35,10,true,0,0.000
mixed-000-2,mixed,seed=0x4c32cce1c3051888;cycles=6;planted=1;d_b=4;m=2;gap=1;k=2,47124,false,9184,0.159,35,10,256,0.489,35,10,true,0,0.000
mixed-000-2,mixed,seed=0x4c32cce1c3051888;cycles=6;planted=1;d_b=4;m=2;gap=1;k=2,47124,false,9184,0.159,35,10,512,0.490,35,10,true,0,0.000
mixed-000-2,mixed,seed=0x4c32cce1c3051888;cycles=6;planted=1;d_b=4;m=2;gap=1;k=2,47124,false,9184,0.159,35,10,1024,0.492,35,10,true,0,0.000
mixed-000-2,mixed,seed=0x4c32cce1c3051888;cycles=6;planted=1;d_b=4;m=2;gap=1;k=2,47124,false,9184,0.159,35,10,2048,0.490,35,10,true,0,0.000
mixed-000-2,mixed,seed=0x4c32cce1c3051888;cycles=6;planted=1;d_b=4;m=2;gap=1;k=2,47124,false,9184,0.159,35,10,4096,0.488,35,10,true,0,0.000
mixed-000-2,mixed,seed=0x4c32cce1c3051888;cycles=6;planted=1;d_b=4;m=2;gap=1;k=2,47124,false,9184,0.159,35,10,8192,0.486,35,10,true,0,0.000
mixed-000-2,mixed,seed=0x4c32cce1c3051888;cycles=6;planted=1;d_b=4;m=2;gap=1;k=2,47124,false,9184,0.159,35,10,16384,0.489,35,10,true,0,0.000
rand-00-02,rand,seed=0x639bdee9382773f5;cycles=6,36956,false,7688,0.032,10,6,1,0.029,10,6,false,0,0.000
rand-00-02,rand,seed=0x639bdee9382773f5;cycles=6,36956,false,7688,0.032,10,6,2,0.032,10,6,false,0,0.000
rand-00-02,rand,seed=0x639bdee9382773f5;cycles=6,36956,false,7688,0.032,10,6,4,0.038,10,6,true,0,0.000
rand-00-02,rand,seed=0x639bdee9382773f5;cycles=6,36956,false,7688,0.032,10,6,8,0.036,10,6,true,0,0.000
rand-00-02,rand,seed=0x639bdee9382773f5;cycles=6,36956,false,7688,0.032,10,6,16,0.035,10,6,true,0,0.000
rand-00-02,rand,seed=0x639bdee9382773f5;cycles=6,36956,false,7688,0.032,10,6,32,0.034,10,6,true,0,0.000
rand-00-02,rand,seed=0x639bdee9382773f5;cycles=6,36956,false,7688,0.032,10,6,64,0.034,10,6,true,0,0.000
rand-00-02,rand,seed=0x639bdee9382773f5;cycles=6,36956,false,7688,0.032,10,6,128,0.034,10,6,true,0,0.000
rand-00-02,rand,seed=0x639bdee9382773f5;cycles=6,36956,false,7688,0.032,10,6,256,0.034,10,6,true,0,0.000
rand-00-02,rand,seed=0x639bdee9382773f5;cycles=6,36956,false,7688,0.032,10,6,512,0.034,10,6,true,0,0.000
rand-00-02,rand,seed=0x639bdee9382773f5;cycles=6,36956,false,7688,0.032,10,6,1024,0.034,10,6,true,0,0.000
rand-00-02,rand,seed=0x639bdee9382773f5;cycles=6,36956,false,7688,0.032,10,6,2048,0.034,10,6,true,0,0.000
rand-00-02,rand,seed=0x639bdee9382773f5;cycles=6,36956,false,7688,0.032,10,6,4096,0.034,10,6,true,0,0.000
rand-00-02,rand,seed=0x639bdee9382773f5;cycles=6,36956,false,7688,0.032,10,6,8192,0.034,10,6,true,0,0.000
rand-00-02,rand,seed=0x639bdee9382773f5;cycles=6,36956,false,7688,0.032,10,6,16384,0.033,10,6,true,0,0.000
xover-02,xover,d3w2c8,2722,false,1822,0.024,19,8,1,0.023,19,8,false,0,0.000
xover-02,xover,d3w2c8,2722,false,1822,0.024,19,8,2,0.026,19,8,false,0,0.000
xover-02,xover,d3w2c8,2722,false,1822,0.024,19,8,4,0.029,19,8,false,0,0.000
xover-02,xover,d3w2c8,2722,false,1822,0.024,19,8,8,0.037,19,8,true,0,0.000
xover-02,xover,d3w2c8,2722,false,1822,0.024,19,8,16,0.035,19,8,true,0,0.000
xover-02,xover,d3w2c8,2722,false,1822,0.024,19,8,32,0.035,19,8,true,0,0.000
xover-02,xover,d3w2c8,2722,false,1822,0.024,19,8,64,0.034,19,8,true,0,0.000
xover-02,xover,d3w2c8,2722,false,1822,0.024,19,8,128,0.033,19,8,true,0,0.000
xover-02,xover,d3w2c8,2722,false,1822,0.024,19,8,256,0.033,19,8,true,0,0.000
xover-02,xover,d3w2c8,2722,false,1822,0.024,19,8,512,0.033,19,8,true,0,0.000
xover-02,xover,d3w2c8,2722,false,1822,0.024,19,8,1024,0.033,19,8,true,0,0.000
xover-02,xover,d3w2c8,2722,false,1822,0.024,19,8,2048,0.033,19,8,true,0,0.000
xover-02,xover,d3w2c8,2722,false,1822,0.024,19,8,4096,0.033,19,8,true,0,0.000
xover-02,xover,d3w2c8,2722,false,1822,0.024,19,8,8192,0.034,19,8,true,0,0.000
xover-02,xover,d3w2c8,2722,false,1822,0.024,19,8,16384,0.033,19,8,true,0,0.000
width-02,width,d4w64,16384,false,16389,3.590,10,2,1,2.831,10,2,false,0,0.000
width-02,width,d4w64,16384,false,16389,3.590,10,2,2,2.790,10,2,false,0,0.000
width-02,width,d4w64,16384,false,16389,3.590,10,2,4,2.824,10,2,false,0,0.000
width-02,width,d4w64,16384,false,16389,3.590,10,2,8,3.058,10,2,false,0,0.000
width-02,width,d4w64,16384,false,16389,3.590,10,2,16,3.266,10,2,false,0,0.000
width-02,width,d4w64,16384,false,16389,3.590,10,2,32,3.804,10,2,false,0,0.000
width-02,width,d4w64,16384,false,16389,3.590,10,2,64,4.896,10,2,false,0,0.000
width-02,width,d4w64,16384,false,16389,3.590,10,2,128,8.110,10,2,false,0,0.000
width-02,width,d4w64,16384,false,16389,3.590,10,2,256,17.363,10,2,true,0,0.000
width-02,width,d4w64,16384,false,16389,3.590,10,2,512,17.563,10,2,true,0,0.000
width-02,width,d4w64,16384,false,16389,3.590,10,2,1024,17.442,10,2,true,0,0.000
width-02,width,d4w64,16384,false,16389,3.590,10,2,2048,17.564,10,2,true,0,0.000
width-02,width,d4w64,16384,false,16389,3.590,10,2,4096,17.361,10,2,true,0,0.000
width-02,width,d4w64,16384,false,16389,3.590,10,2,8192,17.644,10,2,true,0,0.000
width-02,width,d4w64,16384,false,16389,3.590,10,2,16384,17.393,10,2,true,0,0.000
ac-02,ac,m24c12,576,false,1297,13.550,15,2,1,43.893,15,2,false,0,0.000
ac-02,ac,m24c12,576,false,1297,13.550,15,2,2,44.687,15,2,false,0,0.000
ac-02,ac,m24c12,576,false,1297,13.550,15,2,4,44.699,15,2,false,0,0.000
ac-02,ac,m24c12,576,false,1297,13.550,15,2,8,43.815,15,2,false,0,0.000
ac-02,ac,m24c12,576,false,1297,13.550,15,2,16,45.210,15,2,false,0,0.000
ac-02,ac,m24c12,576,false,1297,13.550,15,2,32,46.192,15,2,true,0,0.000
ac-02,ac,m24c12,576,false,1297,13.550,15,2,64,46.910,15,2,true,0,0.000
ac-02,ac,m24c12,576,false,1297,13.550,15,2,128,46.653,15,2,true,0,0.000
ac-02,ac,m24c12,576,false,1297,13.550,15,2,256,46.870,15,2,true,0,0.000
ac-02,ac,m24c12,576,false,1297,13.550,15,2,512,46.535,15,2,true,0,0.000
ac-02,ac,m24c12,576,false,1297,13.550,15,2,1024,46.702,15,2,true,0,0.000
ac-02,ac,m24c12,576,false,1297,13.550,15,2,2048,46.991,15,2,true,0,0.000
ac-02,ac,m24c12,576,false,1297,13.550,15,2,4096,46.858,15,2,true,0,0.000
ac-02,ac,m24c12,576,false,1297,13.550,15,2,8192,46.992,15,2,true,0,0.000
ac-02,ac,m24c12,576,false,1297,13.550,15,2,16384,46.938,15,2,true,0,0.000
dec-003,dec,d_b=3;m=2;gap=2;k=1;q=0;s=3,6,false,7,0.025,5,2,1,0.012,7,6,false,0,0.000
dec-003,dec,d_b=3;m=2;gap=2;k=1;q=0;s=3,6,false,7,0.025,5,2,2,0.016,5,2,false,0,0.000
dec-003,dec,d_b=3;m=2;gap=2;k=1;q=0;s=3,6,false,7,0.025,5,2,4,0.021,5,2,false,0,0.000
dec-003,dec,d_b=3;m=2;gap=2;k=1;q=0;s=3,6,false,7,0.025,5,2,8,0.025,5,2,true,0,0.000
dec-003,dec,d_b=3;m=2;gap=2;k=1;q=0;s=3,6,false,7,0.025,5,2,16,0.022,5,2,true,0,0.000
dec-003,dec,d_b=3;m=2;gap=2;k=1;q=0;s=3,6,false,7,0.025,5,2,32,0.021,5,2,true,0,0.000
dec-003,dec,d_b=3;m=2;gap=2;k=1;q=0;s=3,6,false,7,0.025,5,2,64,0.021,5,2,true,0,0.000
dec-003,dec,d_b=3;m=2;gap=2;k=1;q=0;s=3,6,false,7,0.025,5,2,128,0.020,5,2,true,0,0.000
dec-003,dec,d_b=3;m=2;gap=2;k=1;q=0;s=3,6,false,7,0.025,5,2,256,0.020,5,2,true,0,0.000
dec-003,dec,d_b=3;m=2;gap=2;k=1;q=0;s=3,6,false,7,0.025,5,2,512,0.020,5,2,true,0,0.000
dec-003,dec,d_b=3;m=2;gap=2;k=1;q=0;s=3,6,false,7,0.025,5,2,1024,0.020,5,2,true,0,0.000
dec-003,dec,d_b=3;m=2;gap=2;k=1;q=0;s=3,6,false,7,0.025,5,2,2048,0.019,5,2,true,0,0.000
dec-003,dec,d_b=3;m=2;gap=2;k=1;q=0;s=3,6,false,7,0.025,5,2,4096,0.019,5,2,true,0,0.000
dec-003,dec,d_b=3;m=2;gap=2;k=1;q=0;s=3,6,false,7,0.025,5,2,8192,0.019,5,2,true,0,0.000
dec-003,dec,d_b=3;m=2;gap=2;k=1;q=0;s=3,6,false,7,0.025,5,2,16384,0.019,5,2,true,0,0.000
wide-003,wide,d2w32;d_b=16;m=5;gap=2;k=4,2128,false,2132,1.122,70,2,1,0.424,73,68,false,0,0.000
wide-003,wide,d2w32;d_b=16;m=5;gap=2;k=4,2128,false,2132,1.122,70,2,2,0.435,73,68,false,0,0.000
wide-003,wide,d2w32;d_b=16;m=5;gap=2;k=4,2128,false,2132,1.122,70,2,4,0.446,73,68,false,0,0.000
wide-003,wide,d2w32;d_b=16;m=5;gap=2;k=4,2128,false,2132,1.122,70,2,8,0.482,73,68,false,0,0.000
wide-003,wide,d2w32;d_b=16;m=5;gap=2;k=4,2128,false,2132,1.122,70,2,16,0.560,73,68,false,0,0.000
wide-003,wide,d2w32;d_b=16;m=5;gap=2;k=4,2128,false,2132,1.122,70,2,32,0.717,73,68,false,0,0.000
wide-003,wide,d2w32;d_b=16;m=5;gap=2;k=4,2128,false,2132,1.122,70,2,64,1.029,73,68,false,0,0.000
wide-003,wide,d2w32;d_b=16;m=5;gap=2;k=4,2128,false,2132,1.122,70,2,128,1.659,73,68,false,0,0.000
wide-003,wide,d2w32;d_b=16;m=5;gap=2;k=4,2128,false,2132,1.122,70,2,256,3.007,73,68,false,0,0.000
wide-003,wide,d2w32;d_b=16;m=5;gap=2;k=4,2128,false,2132,1.122,70,2,512,5.964,73,68,false,0,0.000
wide-003,wide,d2w32;d_b=16;m=5;gap=2;k=4,2128,false,2132,1.122,70,2,1024,13.001,73,68,false,0,0.000
wide-003,wide,d2w32;d_b=16;m=5;gap=2;k=4,2128,false,2132,1.122,70,2,2048,44.853,73,68,false,0,0.000
wide-003,wide,d2w32;d_b=16;m=5;gap=2;k=4,2128,false,2132,1.122,70,2,4096,51.184,70,2,true,0,0.000
wide-003,wide,d2w32;d_b=16;m=5;gap=2;k=4,2128,false,2132,1.122,70,2,8192,50.988,70,2,true,0,0.000
wide-003,wide,d2w32;d_b=16;m=5;gap=2;k=4,2128,false,2132,1.122,70,2,16384,53.159,70,2,true,0,0.000
mixed-001-0,mixed,seed=0x33332f51a27d79fa;cycles=6;planted=1;d_b=8;m=3;gap=2;k=2,34981,false,7310,0.206,38,10,1,0.193,41,28,false,0,0.000
mixed-001-0,mixed,seed=0x33332f51a27d79fa;cycles=6;planted=1;d_b=8;m=3;gap=2;k=2,34981,false,7310,0.206,38,10,2,0.208,41,28,false,0,0.000
mixed-001-0,mixed,seed=0x33332f51a27d79fa;cycles=6;planted=1;d_b=8;m=3;gap=2;k=2,34981,false,7310,0.206,38,10,4,0.250,41,28,false,0,0.000
mixed-001-0,mixed,seed=0x33332f51a27d79fa;cycles=6;planted=1;d_b=8;m=3;gap=2;k=2,34981,false,7310,0.206,38,10,8,0.374,41,28,false,0,0.000
mixed-001-0,mixed,seed=0x33332f51a27d79fa;cycles=6;planted=1;d_b=8;m=3;gap=2;k=2,34981,false,7310,0.206,38,10,16,0.634,38,10,false,0,0.000
mixed-001-0,mixed,seed=0x33332f51a27d79fa;cycles=6;planted=1;d_b=8;m=3;gap=2;k=2,34981,false,7310,0.206,38,10,32,0.921,38,10,true,0,0.000
mixed-001-0,mixed,seed=0x33332f51a27d79fa;cycles=6;planted=1;d_b=8;m=3;gap=2;k=2,34981,false,7310,0.206,38,10,64,0.922,38,10,true,0,0.000
mixed-001-0,mixed,seed=0x33332f51a27d79fa;cycles=6;planted=1;d_b=8;m=3;gap=2;k=2,34981,false,7310,0.206,38,10,128,0.934,38,10,true,0,0.000
mixed-001-0,mixed,seed=0x33332f51a27d79fa;cycles=6;planted=1;d_b=8;m=3;gap=2;k=2,34981,false,7310,0.206,38,10,256,0.919,38,10,true,0,0.000
mixed-001-0,mixed,seed=0x33332f51a27d79fa;cycles=6;planted=1;d_b=8;m=3;gap=2;k=2,34981,false,7310,0.206,38,10,512,0.932,38,10,true,0,0.000
mixed-001-0,mixed,seed=0x33332f51a27d79fa;cycles=6;planted=1;d_b=8;m=3;gap=2;k=2,34981,false,7310,0.206,38,10,1024,0.992,38,10,true,0,0.000
mixed-001-0,mixed,seed=0x33332f51a27d79fa;cycles=6;planted=1;d_b=8;m=3;gap=2;k=2,34981,false,7310,0.206,38,10,2048,0.907,38,10,true,0,0.000
mixed-001-0,mixed,seed=0x33332f51a27d79fa;cycles=6;planted=1;d_b=8;m=3;gap=2;k=2,34981,false,7310,0.206,38,10,4096,0.914,38,10,true,0,0.000
mixed-001-0,mixed,seed=0x33332f51a27d79fa;cycles=6;planted=1;d_b=8;m=3;gap=2;k=2,34981,false,7310,0.206,38,10,8192,0.907,38,10,true,0,0.000
mixed-001-0,mixed,seed=0x33332f51a27d79fa;cycles=6;planted=1;d_b=8;m=3;gap=2;k=2,34981,false,7310,0.206,38,10,16384,0.911,38,10,true,0,0.000
rand-00-03,rand,seed=0x76d62b02933bda61;cycles=6,36853,false,7678,0.045,15,6,1,0.037,15,6,false,0,0.000
rand-00-03,rand,seed=0x76d62b02933bda61;cycles=6,36853,false,7678,0.045,15,6,2,0.041,15,6,false,0,0.000
rand-00-03,rand,seed=0x76d62b02933bda61;cycles=6,36853,false,7678,0.045,15,6,4,0.047,15,6,false,0,0.000
rand-00-03,rand,seed=0x76d62b02933bda61;cycles=6,36853,false,7678,0.045,15,6,8,0.057,15,6,true,0,0.000
rand-00-03,rand,seed=0x76d62b02933bda61;cycles=6,36853,false,7678,0.045,15,6,16,0.053,15,6,true,0,0.000
rand-00-03,rand,seed=0x76d62b02933bda61;cycles=6,36853,false,7678,0.045,15,6,32,0.052,15,6,true,0,0.000
rand-00-03,rand,seed=0x76d62b02933bda61;cycles=6,36853,false,7678,0.045,15,6,64,0.051,15,6,true,0,0.000
rand-00-03,rand,seed=0x76d62b02933bda61;cycles=6,36853,false,7678,0.045,15,6,128,0.049,15,6,true,0,0.000
rand-00-03,rand,seed=0x76d62b02933bda61;cycles=6,36853,false,7678,0.045,15,6,256,0.050,15,6,true,0,0.000
rand-00-03,rand,seed=0x76d62b02933bda61;cycles=6,36853,false,7678,0.045,15,6,512,0.049,15,6,true,0,0.000
rand-00-03,rand,seed=0x76d62b02933bda61;cycles=6,36853,false,7678,0.045,15,6,1024,0.049,15,6,true,0,0.000
rand-00-03,rand,seed=0x76d62b02933bda61;cycles=6,36853,false,7678,0.045,15,6,2048,0.049,15,6,true,0,0.000
rand-00-03,rand,seed=0x76d62b02933bda61;cycles=6,36853,false,7678,0.045,15,6,4096,0.049,15,6,true,0,0.000
rand-00-03,rand,seed=0x76d62b02933bda61;cycles=6,36853,false,7678,0.045,15,6,8192,0.049,15,6,true,0,0.000
rand-00-03,rand,seed=0x76d62b02933bda61;cycles=6,36853,false,7678,0.045,15,6,16384,0.049,15,6,true,0,0.000
xover-03,xover,d3w2c10,15935,false,10542,0.030,19,8,1,0.022,19,8,false,0,0.000
xover-03,xover,d3w2c10,15935,false,10542,0.030,19,8,2,0.027,19,8,false,0,0.000
xover-03,xover,d3w2c10,15935,false,10542,0.030,19,8,4,0.029,19,8,false,0,0.000
xover-03,xover,d3w2c10,15935,false,10542,0.030,19,8,8,0.037,19,8,true,0,0.000
xover-03,xover,d3w2c10,15935,false,10542,0.030,19,8,16,0.035,19,8,true,0,0.000
xover-03,xover,d3w2c10,15935,false,10542,0.030,19,8,32,0.035,19,8,true,0,0.000
xover-03,xover,d3w2c10,15935,false,10542,0.030,19,8,64,0.033,19,8,true,0,0.000
xover-03,xover,d3w2c10,15935,false,10542,0.030,19,8,128,0.033,19,8,true,0,0.000
xover-03,xover,d3w2c10,15935,false,10542,0.030,19,8,256,0.033,19,8,true,0,0.000
xover-03,xover,d3w2c10,15935,false,10542,0.030,19,8,512,0.033,19,8,true,0,0.000
xover-03,xover,d3w2c10,15935,false,10542,0.030,19,8,1024,0.032,19,8,true,0,0.000
xover-03,xover,d3w2c10,15935,false,10542,0.030,19,8,2048,0.033,19,8,true,0,0.000
xover-03,xover,d3w2c10,15935,false,10542,0.030,19,8,4096,0.032,19,8,true,0,0.000
xover-03,xover,d3w2c10,15935,false,10542,0.030,19,8,8192,0.033,19,8,true,0,0.000
xover-03,xover,d3w2c10,15935,false,10542,0.030,19,8,16384,0.032,19,8,true,0,0.000
width-03,width,d4w128,65536,false,65541,13.276,10,2,1,10.089,10,2,false,0,0.000
width-03,width,d4w128,65536,false,65541,13.276,10,2,2,10.172,10,2,false,0,0.000
width-03,width,d4w128,65536,false,65541,13.276,10,2,4,10.420,10,2,false,0,0.000
width-03,width,d4w128,65536,false,65541,13.276,10,2,8,10.868,10,2,false,0,0.000
width-03,width,d4w128,65536,false,65541,13.276,10,2,16,11.987,10,2,false,0,0.000
width-03,width,d4w128,65536,false,65541,13.276,10,2,32,14.057,10,2,false,0,0.000
width-03,width,d4w128,65536,false,65541,13.276,10,2,64,18.399,10,2,false,0,0.000
width-03,width,d4w128,65536,false,65541,13.276,10,2,128,27.025,10,2,false,0,0.000
width-03,width,d4w128,65536,false,65541,13.276,10,2,256,50.446,10,2,false,0,0.000
width-03,width,d4w128,65536,false,65541,13.276,10,2,512,123.444,10,2,true,0,0.000
width-03,width,d4w128,65536,false,65541,13.276,10,2,1024,124.286,10,2,true,0,0.000
width-03,width,d4w128,65536,false,65541,13.276,10,2,2048,123.264,10,2,true,0,0.000
width-03,width,d4w128,65536,false,65541,13.276,10,2,4096,122.733,10,2,true,0,0.000
width-03,width,d4w128,65536,false,65541,13.276,10,2,8192,128.354,10,2,true,0,0.000
width-03,width,d4w128,65536,false,65541,13.276,10,2,16384,122.353,10,2,true,0,0.000
ac-03,ac,m48c4,2304,false,2705,16.148,7,2,1,46.718,7,2,false,0,0.000
ac-03,ac,m48c4,2304,false,2705,16.148,7,2,2,47.359,7,2,false,0,0.000
ac-03,ac,m48c4,2304,false,2705,16.148,7,2,4,47.145,7,2,false,0,0.000
ac-03,ac,m48c4,2304,false,2705,16.148,7,2,8,47.580,7,2,false,0,0.000
ac-03,ac,m48c4,2304,false,2705,16.148,7,2,16,47.728,7,2,false,0,0.000
ac-03,ac,m48c4,2304,false,2705,16.148,7,2,32,48.067,7,2,false,0,0.000
ac-03,ac,m48c4,2304,false,2705,16.148,7,2,64,48.935,7,2,true,0,0.000
ac-03,ac,m48c4,2304,false,2705,16.148,7,2,128,49.196,7,2,true,0,0.000
ac-03,ac,m48c4,2304,false,2705,16.148,7,2,256,48.787,7,2,true,0,0.000
ac-03,ac,m48c4,2304,false,2705,16.148,7,2,512,49.137,7,2,true,0,0.000
ac-03,ac,m48c4,2304,false,2705,16.148,7,2,1024,48.432,7,2,true,0,0.000
ac-03,ac,m48c4,2304,false,2705,16.148,7,2,2048,49.197,7,2,true,0,0.000
ac-03,ac,m48c4,2304,false,2705,16.148,7,2,4096,48.708,7,2,true,0,0.000
ac-03,ac,m48c4,2304,false,2705,16.148,7,2,8192,49.267,7,2,true,0,0.000
ac-03,ac,m48c4,2304,false,2705,16.148,7,2,16384,48.756,7,2,true,0,0.000
dec-004,dec,d_b=3;m=2;gap=2;k=2;q=0;s=3,9,false,10,0.026,5,2,1,0.011,7,6,false,0,0.000
dec-004,dec,d_b=3;m=2;gap=2;k=2;q=0;s=3,9,false,10,0.026,5,2,2,0.014,7,6,false,0,0.000
dec-004,dec,d_b=3;m=2;gap=2;k=2;q=0;s=3,9,false,10,0.026,5,2,4,0.021,5,2,false,0,0.000
dec-004,dec,d_b=3;m=2;gap=2;k=2;q=0;s=3,9,false,10,0.026,5,2,8,0.029,5,2,true,0,0.000
dec-004,dec,d_b=3;m=2;gap=2;k=2;q=0;s=3,9,false,10,0.026,5,2,16,0.026,5,2,true,0,0.000
dec-004,dec,d_b=3;m=2;gap=2;k=2;q=0;s=3,9,false,10,0.026,5,2,32,0.024,5,2,true,0,0.000
dec-004,dec,d_b=3;m=2;gap=2;k=2;q=0;s=3,9,false,10,0.026,5,2,64,0.023,5,2,true,0,0.000
dec-004,dec,d_b=3;m=2;gap=2;k=2;q=0;s=3,9,false,10,0.026,5,2,128,0.023,5,2,true,0,0.000
dec-004,dec,d_b=3;m=2;gap=2;k=2;q=0;s=3,9,false,10,0.026,5,2,256,0.023,5,2,true,0,0.000
dec-004,dec,d_b=3;m=2;gap=2;k=2;q=0;s=3,9,false,10,0.026,5,2,512,0.022,5,2,true,0,0.000
dec-004,dec,d_b=3;m=2;gap=2;k=2;q=0;s=3,9,false,10,0.026,5,2,1024,0.022,5,2,true,0,0.000
dec-004,dec,d_b=3;m=2;gap=2;k=2;q=0;s=3,9,false,10,0.026,5,2,2048,0.022,5,2,true,0,0.000
dec-004,dec,d_b=3;m=2;gap=2;k=2;q=0;s=3,9,false,10,0.026,5,2,4096,0.022,5,2,true,0,0.000
dec-004,dec,d_b=3;m=2;gap=2;k=2;q=0;s=3,9,false,10,0.026,5,2,8192,0.022,5,2,true,0,0.000
dec-004,dec,d_b=3;m=2;gap=2;k=2;q=0;s=3,9,false,10,0.026,5,2,16384,0.035,5,2,true,0,0.000
wide-004,wide,d4w32;d_b=4;m=2;gap=1;k=1,4104,false,4109,1.343,14,2,1,0.735,15,6,false,0,0.000
wide-004,wide,d4w32;d_b=4;m=2;gap=1;k=1,4104,false,4109,1.343,14,2,2,0.751,15,6,false,0,0.000
wide-004,wide,d4w32;d_b=4;m=2;gap=1;k=1,4104,false,4109,1.343,14,2,4,0.765,15,6,false,0,0.000
wide-004,wide,d4w32;d_b=4;m=2;gap=1;k=1,4104,false,4109,1.343,14,2,8,0.800,15,6,false,0,0.000
wide-004,wide,d4w32;d_b=4;m=2;gap=1;k=1,4104,false,4109,1.343,14,2,16,0.886,15,6,false,0,0.000
wide-004,wide,d4w32;d_b=4;m=2;gap=1;k=1,4104,false,4109,1.343,14,2,32,1.039,15,6,false,0,0.000
wide-004,wide,d4w32;d_b=4;m=2;gap=1;k=1,4104,false,4109,1.343,14,2,64,1.364,15,6,false,0,0.000
wide-004,wide,d4w32;d_b=4;m=2;gap=1;k=1,4104,false,4109,1.343,14,2,128,1.987,15,6,false,0,0.000
wide-004,wide,d4w32;d_b=4;m=2;gap=1;k=1,4104,false,4109,1.343,14,2,256,3.399,15,6,false,0,0.000
wide-004,wide,d4w32;d_b=4;m=2;gap=1;k=1,4104,false,4109,1.343,14,2,512,6.328,15,6,false,0,0.000
wide-004,wide,d4w32;d_b=4;m=2;gap=1;k=1,4104,false,4109,1.343,14,2,1024,13.395,15,6,false,0,0.000
wide-004,wide,d4w32;d_b=4;m=2;gap=1;k=1,4104,false,4109,1.343,14,2,2048,45.201,15,6,false,0,0.000
wide-004,wide,d4w32;d_b=4;m=2;gap=1;k=1,4104,false,4109,1.343,14,2,4096,165.727,15,6,false,0,0.000
wide-004,wide,d4w32;d_b=4;m=2;gap=1;k=1,4104,false,4109,1.343,14,2,8192,173.242,14,2,true,0,0.000
wide-004,wide,d4w32;d_b=4;m=2;gap=1;k=1,4104,false,4109,1.343,14,2,16384,171.713,14,2,true,0,0.000
mixed-001-1,mixed,seed=0x133ddb65df1f958e;cycles=6;planted=1;d_b=8;m=3;gap=2;k=2,14001,false,3161,0.096,28,6,1,0.031,31,24,false,0,0.000
mixed-001-1,mixed,seed=0x133ddb65df1f958e;cycles=6;planted=1;d_b=8;m=3;gap=2;k=2,14001,false,3161,0.096,28,6,2,0.037,31,24,false,0,0.000
mixed-001-1,mixed,seed=0x133ddb65df1f958e;cycles=6;planted=1;d_b=8;m=3;gap=2;k=2,14001,false,3161,0.096,28,6,4,0.038,31,24,false,0,0.000
mixed-001-1,mixed,seed=0x133ddb65df1f958e;cycles=6;planted=1;d_b=8;m=3;gap=2;k=2,14001,false,3161,0.096,28,6,8,0.058,31,24,false,0,0.000
mixed-001-1,mixed,seed=0x133ddb65df1f958e;cycles=6;planted=1;d_b=8;m=3;gap=2;k=2,14001,false,3161,0.096,28,6,16,0.111,28,6,false,0,0.000
mixed-001-1,mixed,seed=0x133ddb65df1f958e;cycles=6;planted=1;d_b=8;m=3;gap=2;k=2,14001,false,3161,0.096,28,6,32,0.151,28,6,true,0,0.000
mixed-001-1,mixed,seed=0x133ddb65df1f958e;cycles=6;planted=1;d_b=8;m=3;gap=2;k=2,14001,false,3161,0.096,28,6,64,0.144,28,6,true,0,0.000
mixed-001-1,mixed,seed=0x133ddb65df1f958e;cycles=6;planted=1;d_b=8;m=3;gap=2;k=2,14001,false,3161,0.096,28,6,128,0.143,28,6,true,0,0.000
mixed-001-1,mixed,seed=0x133ddb65df1f958e;cycles=6;planted=1;d_b=8;m=3;gap=2;k=2,14001,false,3161,0.096,28,6,256,0.140,28,6,true,0,0.000
mixed-001-1,mixed,seed=0x133ddb65df1f958e;cycles=6;planted=1;d_b=8;m=3;gap=2;k=2,14001,false,3161,0.096,28,6,512,0.139,28,6,true,0,0.000
mixed-001-1,mixed,seed=0x133ddb65df1f958e;cycles=6;planted=1;d_b=8;m=3;gap=2;k=2,14001,false,3161,0.096,28,6,1024,0.138,28,6,true,0,0.000
mixed-001-1,mixed,seed=0x133ddb65df1f958e;cycles=6;planted=1;d_b=8;m=3;gap=2;k=2,14001,false,3161,0.096,28,6,2048,0.137,28,6,true,0,0.000
mixed-001-1,mixed,seed=0x133ddb65df1f958e;cycles=6;planted=1;d_b=8;m=3;gap=2;k=2,14001,false,3161,0.096,28,6,4096,0.137,28,6,true,0,0.000
mixed-001-1,mixed,seed=0x133ddb65df1f958e;cycles=6;planted=1;d_b=8;m=3;gap=2;k=2,14001,false,3161,0.096,28,6,8192,0.137,28,6,true,0,0.000
mixed-001-1,mixed,seed=0x133ddb65df1f958e;cycles=6;planted=1;d_b=8;m=3;gap=2;k=2,14001,false,3161,0.096,28,6,16384,0.137,28,6,true,0,0.000
rand-00-04,rand,seed=0x199079d05f956c24;cycles=6,13979,false,3146,0.049,18,6,1,0.037,18,6,false,0,0.000
rand-00-04,rand,seed=0x199079d05f956c24;cycles=6,13979,false,3146,0.049,18,6,2,0.051,18,6,false,0,0.000
rand-00-04,rand,seed=0x199079d05f956c24;cycles=6,13979,false,3146,0.049,18,6,4,0.061,18,6,false,0,0.000
rand-00-04,rand,seed=0x199079d05f956c24;cycles=6,13979,false,3146,0.049,18,6,8,0.088,18,6,true,0,0.000
rand-00-04,rand,seed=0x199079d05f956c24;cycles=6,13979,false,3146,0.049,18,6,16,0.077,18,6,true,0,0.000
rand-00-04,rand,seed=0x199079d05f956c24;cycles=6,13979,false,3146,0.049,18,6,32,0.076,18,6,true,0,0.000
rand-00-04,rand,seed=0x199079d05f956c24;cycles=6,13979,false,3146,0.049,18,6,64,0.073,18,6,true,0,0.000
rand-00-04,rand,seed=0x199079d05f956c24;cycles=6,13979,false,3146,0.049,18,6,128,0.073,18,6,true,0,0.000
rand-00-04,rand,seed=0x199079d05f956c24;cycles=6,13979,false,3146,0.049,18,6,256,0.073,18,6,true,0,0.000
rand-00-04,rand,seed=0x199079d05f956c24;cycles=6,13979,false,3146,0.049,18,6,512,0.072,18,6,true,0,0.000
rand-00-04,rand,seed=0x199079d05f956c24;cycles=6,13979,false,3146,0.049,18,6,1024,0.072,18,6,true,0,0.000
rand-00-04,rand,seed=0x199079d05f956c24;cycles=6,13979,false,3146,0.049,18,6,2048,0.073,18,6,true,0,0.000
rand-00-04,rand,seed=0x199079d05f956c24;cycles=6,13979,false,3146,0.049,18,6,4096,0.072,18,6,true,0,0.000
rand-00-04,rand,seed=0x199079d05f956c24;cycles=6,13979,false,3146,0.049,18,6,8192,0.072,18,6,true,0,0.000
rand-00-04,rand,seed=0x199079d05f956c24;cycles=6,13979,false,3146,0.049,18,6,16384,0.072,18,6,true,0,0.000
xover-04,xover,d3w2c12,95347,false,62938,0.025,19,8,1,0.029,19,8,false,0,0.000
xover-04,xover,d3w2c12,95347,false,62938,0.025,19,8,2,0.027,19,8,false,0,0.000
xover-04,xover,d3w2c12,95347,false,62938,0.025,19,8,4,0.029,19,8,false,0,0.000
xover-04,xover,d3w2c12,95347,false,62938,0.025,19,8,8,0.037,19,8,true,0,0.000
xover-04,xover,d3w2c12,95347,false,62938,0.025,19,8,16,0.035,19,8,true,0,0.000
xover-04,xover,d3w2c12,95347,false,62938,0.025,19,8,32,0.034,19,8,true,0,0.000
xover-04,xover,d3w2c12,95347,false,62938,0.025,19,8,64,0.033,19,8,true,0,0.000
xover-04,xover,d3w2c12,95347,false,62938,0.025,19,8,128,0.034,19,8,true,0,0.000
xover-04,xover,d3w2c12,95347,false,62938,0.025,19,8,256,0.033,19,8,true,0,0.000
xover-04,xover,d3w2c12,95347,false,62938,0.025,19,8,512,0.033,19,8,true,0,0.000
xover-04,xover,d3w2c12,95347,false,62938,0.025,19,8,1024,0.033,19,8,true,0,0.000
xover-04,xover,d3w2c12,95347,false,62938,0.025,19,8,2048,0.034,19,8,true,0,0.000
xover-04,xover,d3w2c12,95347,false,62938,0.025,19,8,4096,0.032,19,8,true,0,0.000
xover-04,xover,d3w2c12,95347,false,62938,0.025,19,8,8192,0.033,19,8,true,0,0.000
xover-04,xover,d3w2c12,95347,false,62938,0.025,19,8,16384,0.032,19,8,true,0,0.000
width-04,width,d4w256,262144,false,262149,54.571,10,2,1,39.689,10,2,false,0,0.000
width-04,width,d4w256,262144,false,262149,54.571,10,2,2,40.371,10,2,false,0,0.000
width-04,width,d4w256,262144,false,262149,54.571,10,2,4,41.000,10,2,false,0,0.000
width-04,width,d4w256,262144,false,262149,54.571,10,2,8,43.423,10,2,false,0,0.000
width-04,width,d4w256,262144,false,262149,54.571,10,2,16,47.288,10,2,false,0,0.000
width-04,width,d4w256,262144,false,262149,54.571,10,2,32,55.980,10,2,false,0,0.000
width-04,width,d4w256,262144,false,262149,54.571,10,2,64,72.866,10,2,false,0,0.000
width-04,width,d4w256,262144,false,262149,54.571,10,2,128,106.441,10,2,false,0,0.000
width-04,width,d4w256,262144,false,262149,54.571,10,2,256,174.878,10,2,false,0,0.000
width-04,width,d4w256,262144,false,262149,54.571,10,2,512,354.350,10,2,false,0,0.000
width-04,width,d4w256,262144,false,262149,54.571,10,2,1024,908.751,10,2,true,0,0.000
width-04,width,d4w256,262144,false,262149,54.571,10,2,2048,910.175,10,2,true,0,0.000
width-04,width,d4w256,262144,false,262149,54.571,10,2,4096,1118.313,10,2,true,0,0.000
width-04,width,d4w256,262144,false,262149,54.571,10,2,8192,1935.743,10,2,true,0,0.000
width-04,width,d4w256,262144,false,262149,54.571,10,2,16384,1708.391,10,2,true,0,0.000
ac-04,ac,m48c8,2304,false,3137,49.174,11,2,1,155.552,11,2,false,0,0.000
ac-04,ac,m48c8,2304,false,3137,49.174,11,2,2,155.191,11,2,false,0,0.000
ac-04,ac,m48c8,2304,false,3137,49.174,11,2,4,153.557,11,2,false,0,0.000
ac-04,ac,m48c8,2304,false,3137,49.174,11,2,8,151.837,11,2,false,0,0.000
ac-04,ac,m48c8,2304,false,3137,49.174,11,2,16,152.221,11,2,false,0,0.000
ac-04,ac,m48c8,2304,false,3137,49.174,11,2,32,151.965,11,2,false,0,0.000
ac-04,ac,m48c8,2304,false,3137,49.174,11,2,64,157.826,11,2,true,0,0.000
ac-04,ac,m48c8,2304,false,3137,49.174,11,2,128,152.381,11,2,true,0,0.000
ac-04,ac,m48c8,2304,false,3137,49.174,11,2,256,157.707,11,2,true,0,0.000
ac-04,ac,m48c8,2304,false,3137,49.174,11,2,512,157.789,11,2,true,0,0.000
ac-04,ac,m48c8,2304,false,3137,49.174,11,2,1024,156.348,11,2,true,0,0.000
ac-04,ac,m48c8,2304,false,3137,49.174,11,2,2048,162.411,11,2,true,0,0.000
ac-04,ac,m48c8,2304,false,3137,49.174,11,2,4096,159.469,11,2,true,0,0.000
ac-04,ac,m48c8,2304,false,3137,49.174,11,2,8192,154.969,11,2,true,0,0.000
ac-04,ac,m48c8,2304,false,3137,49.174,11,2,16384,157.453,11,2,true,0,0.000
dec-005,dec,d_b=3;m=2;gap=2;k=4;q=0;s=3,15,false,16,0.059,5,2,1,0.025,7,6,false,0,0.000
dec-005,dec,d_b=3;m=2;gap=2;k=4;q=0;s=3,15,false,16,0.059,5,2,2,0.027,7,6,false,0,0.000
dec-005,dec,d_b=3;m=2;gap=2;k=4;q=0;s=3,15,false,16,0.059,5,2,4,0.030,7,6,false,0,0.000
dec-005,dec,d_b=3;m=2;gap=2;k=4;q=0;s=3,15,false,16,0.059,5,2,8,0.055,5,2,true,0,0.000
dec-005,dec,d_b=3;m=2;gap=2;k=4;q=0;s=3,15,false,16,0.059,5,2,16,0.053,5,2,true,0,0.000
dec-005,dec,d_b=3;m=2;gap=2;k=4;q=0;s=3,15,false,16,0.059,5,2,32,0.052,5,2,true,0,0.000
dec-005,dec,d_b=3;m=2;gap=2;k=4;q=0;s=3,15,false,16,0.059,5,2,64,0.050,5,2,true,0,0.000
dec-005,dec,d_b=3;m=2;gap=2;k=4;q=0;s=3,15,false,16,0.059,5,2,128,0.049,5,2,true,0,0.000
dec-005,dec,d_b=3;m=2;gap=2;k=4;q=0;s=3,15,false,16,0.059,5,2,256,0.064,5,2,true,0,0.000
dec-005,dec,d_b=3;m=2;gap=2;k=4;q=0;s=3,15,false,16,0.059,5,2,512,0.062,5,2,true,0,0.000
dec-005,dec,d_b=3;m=2;gap=2;k=4;q=0;s=3,15,false,16,0.059,5,2,1024,0.054,5,2,true,0,0.000
dec-005,dec,d_b=3;m=2;gap=2;k=4;q=0;s=3,15,false,16,0.059,5,2,2048,0.060,5,2,true,0,0.000
dec-005,dec,d_b=3;m=2;gap=2;k=4;q=0;s=3,15,false,16,0.059,5,2,4096,0.053,5,2,true,0,0.000
dec-005,dec,d_b=3;m=2;gap=2;k=4;q=0;s=3,15,false,16,0.059,5,2,8192,0.051,5,2,true,0,0.000
dec-005,dec,d_b=3;m=2;gap=2;k=4;q=0;s=3,15,false,16,0.059,5,2,16384,0.051,5,2,true,0,0.000
wide-005,wide,d4w32;d_b=8;m=2;gap=2;k=2,4120,false,4125,2.363,18,2,1,1.263,21,12,false,0,0.000
wide-005,wide,d4w32;d_b=8;m=2;gap=2;k=2,4120,false,4125,2.363,18,2,2,1.253,21,12,false,0,0.000
wide-005,wide,d4w32;d_b=8;m=2;gap=2;k=2,4120,false,4125,2.363,18,2,4,1.297,21,12,false,0,0.000
wide-005,wide,d4w32;d_b=8;m=2;gap=2;k=2,4120,false,4125,2.363,18,2,8,1.352,21,12,false,0,0.000
wide-005,wide,d4w32;d_b=8;m=2;gap=2;k=2,4120,false,4125,2.363,18,2,16,1.471,21,12,false,0,0.000
wide-005,wide,d4w32;d_b=8;m=2;gap=2;k=2,4120,false,4125,2.363,18,2,32,1.711,21,12,false,0,0.000
wide-005,wide,d4w32;d_b=8;m=2;gap=2;k=2,4120,false,4125,2.363,18,2,64,2.318,21,12,false,0,0.000
wide-005,wide,d4w32;d_b=8;m=2;gap=2;k=2,4120,false,4125,2.363,18,2,128,3.243,21,12,false,0,0.000
wide-005,wide,d4w32;d_b=8;m=2;gap=2;k=2,4120,false,4125,2.363,18,2,256,6.179,21,12,false,0,0.000
wide-005,wide,d4w32;d_b=8;m=2;gap=2;k=2,4120,false,4125,2.363,18,2,512,10.177,21,12,false,0,0.000
wide-005,wide,d4w32;d_b=8;m=2;gap=2;k=2,4120,false,4125,2.363,18,2,1024,20.501,21,12,false,0,0.000
wide-005,wide,d4w32;d_b=8;m=2;gap=2;k=2,4120,false,4125,2.363,18,2,2048,66.540,21,12,false,0,0.000
wide-005,wide,d4w32;d_b=8;m=2;gap=2;k=2,4120,false,4125,2.363,18,2,4096,243.436,21,12,false,0,0.000
wide-005,wide,d4w32;d_b=8;m=2;gap=2;k=2,4120,false,4125,2.363,18,2,8192,257.657,18,2,true,0,0.000
wide-005,wide,d4w32;d_b=8;m=2;gap=2;k=2,4120,false,4125,2.363,18,2,16384,257.595,18,2,true,0,0.000
mixed-001-2,mixed,seed=0x6d976279d4866e0b;cycles=6;planted=1;d_b=8;m=3;gap=2;k=2,26185,false,5691,0.217,35,8,1,0.152,38,26,false,0,0.000
mixed-001-2,mixed,seed=0x6d976279d4866e0b;cycles=6;planted=1;d_b=8;m=3;gap=2;k=2,26185,false,5691,0.217,35,8,2,0.136,38,26,false,0,0.000
mixed-001-2,mixed,seed=0x6d976279d4866e0b;cycles=6;planted=1;d_b=8;m=3;gap=2;k=2,26185,false,5691,0.217,35,8,4,0.158,38,26,false,0,0.000
mixed-001-2,mixed,seed=0x6d976279d4866e0b;cycles=6;planted=1;d_b=8;m=3;gap=2;k=2,26185,false,5691,0.217,35,8,8,0.217,38,26,false,0,0.000
mixed-001-2,mixed,seed=0x6d976279d4866e0b;cycles=6;planted=1;d_b=8;m=3;gap=2;k=2,26185,false,5691,0.217,35,8,16,0.391,35,8,false,0,0.000
mixed-001-2,mixed,seed=0x6d976279d4866e0b;cycles=6;planted=1;d_b=8;m=3;gap=2;k=2,26185,false,5691,0.217,35,8,32,0.613,35,8,true,0,0.000
mixed-001-2,mixed,seed=0x6d976279d4866e0b;cycles=6;planted=1;d_b=8;m=3;gap=2;k=2,26185,false,5691,0.217,35,8,64,0.615,35,8,true,0,0.000
mixed-001-2,mixed,seed=0x6d976279d4866e0b;cycles=6;planted=1;d_b=8;m=3;gap=2;k=2,26185,false,5691,0.217,35,8,128,0.597,35,8,true,0,0.000
mixed-001-2,mixed,seed=0x6d976279d4866e0b;cycles=6;planted=1;d_b=8;m=3;gap=2;k=2,26185,false,5691,0.217,35,8,256,0.588,35,8,true,0,0.000
mixed-001-2,mixed,seed=0x6d976279d4866e0b;cycles=6;planted=1;d_b=8;m=3;gap=2;k=2,26185,false,5691,0.217,35,8,512,0.582,35,8,true,0,0.000
mixed-001-2,mixed,seed=0x6d976279d4866e0b;cycles=6;planted=1;d_b=8;m=3;gap=2;k=2,26185,false,5691,0.217,35,8,1024,0.589,35,8,true,0,0.000
mixed-001-2,mixed,seed=0x6d976279d4866e0b;cycles=6;planted=1;d_b=8;m=3;gap=2;k=2,26185,false,5691,0.217,35,8,2048,0.621,35,8,true,0,0.000
mixed-001-2,mixed,seed=0x6d976279d4866e0b;cycles=6;planted=1;d_b=8;m=3;gap=2;k=2,26185,false,5691,0.217,35,8,4096,0.572,35,8,true,0,0.000
mixed-001-2,mixed,seed=0x6d976279d4866e0b;cycles=6;planted=1;d_b=8;m=3;gap=2;k=2,26185,false,5691,0.217,35,8,8192,0.607,35,8,true,0,0.000
mixed-001-2,mixed,seed=0x6d976279d4866e0b;cycles=6;planted=1;d_b=8;m=3;gap=2;k=2,26185,false,5691,0.217,35,8,16384,0.644,35,8,true,0,0.000
rand-00-05,rand,seed=0xb748a551dc872bca;cycles=6,13975,false,3134,0.052,8,6,1,0.069,8,6,false,0,0.000
rand-00-05,rand,seed=0xb748a551dc872bca;cycles=6,13975,false,3134,0.052,8,6,2,0.081,8,6,true,0,0.000
rand-00-05,rand,seed=0xb748a551dc872bca;cycles=6,13975,false,3134,0.052,8,6,4,0.078,8,6,true,0,0.000
rand-00-05,rand,seed=0xb748a551dc872bca;cycles=6,13975,false,3134,0.052,8,6,8,0.077,8,6,true,0,0.000
rand-00-05,rand,seed=0xb748a551dc872bca;cycles=6,13975,false,3134,0.052,8,6,16,0.068,8,6,true,0,0.000
rand-00-05,rand,seed=0xb748a551dc872bca;cycles=6,13975,false,3134,0.052,8,6,32,0.068,8,6,true,0,0.000
rand-00-05,rand,seed=0xb748a551dc872bca;cycles=6,13975,false,3134,0.052,8,6,64,0.070,8,6,true,0,0.000
rand-00-05,rand,seed=0xb748a551dc872bca;cycles=6,13975,false,3134,0.052,8,6,128,0.073,8,6,true,0,0.000
rand-00-05,rand,seed=0xb748a551dc872bca;cycles=6,13975,false,3134,0.052,8,6,256,0.066,8,6,true,0,0.000
rand-00-05,rand,seed=0xb748a551dc872bca;cycles=6,13975,false,3134,0.052,8,6,512,0.066,8,6,true,0,0.000
rand-00-05,rand,seed=0xb748a551dc872bca;cycles=6,13975,false,3134,0.052,8,6,1024,0.068,8,6,true,0,0.000
rand-00-05,rand,seed=0xb748a551dc872bca;cycles=6,13975,false,3134,0.052,8,6,2048,0.066,8,6,true,0,0.000
rand-00-05,rand,seed=0xb748a551dc872bca;cycles=6,13975,false,3134,0.052,8,6,4096,0.068,8,6,true,0,0.000
rand-00-05,rand,seed=0xb748a551dc872bca;cycles=6,13975,false,3134,0.052,8,6,8192,0.063,8,6,true,0,0.000
rand-00-05,rand,seed=0xb748a551dc872bca;cycles=6,13975,false,3134,0.052,8,6,16384,0.068,8,6,true,0,0.000
xover-05,xover,d3w4c4,159,false,98,0.037,19,8,1,0.027,19,8,false,0,0.000
xover-05,xover,d3w4c4,159,false,98,0.037,19,8,2,0.029,19,8,false,0,0.000
xover-05,xover,d3w4c4,159,false,98,0.037,19,8,4,0.044,19,8,true,0,0.000
xover-05,xover,d3w4c4,159,false,98,0.037,19,8,8,0.045,19,8,true,0,0.000
xover-05,xover,d3w4c4,159,false,98,0.037,19,8,16,0.044,19,8,true,0,0.000
xover-05,xover,d3w4c4,159,false,98,0.037,19,8,32,0.040,19,8,true,0,0.000
xover-05,xover,d3w4c4,159,false,98,0.037,19,8,64,0.040,19,8,true,0,0.000
xover-05,xover,d3w4c4,159,false,98,0.037,19,8,128,0.042,19,8,true,0,0.000
xover-05,xover,d3w4c4,159,false,98,0.037,19,8,256,0.041,19,8,true,0,0.000
xover-05,xover,d3w4c4,159,false,98,0.037,19,8,512,0.039,19,8,true,0,0.000
xover-05,xover,d3w4c4,159,false,98,0.037,19,8,1024,0.040,19,8,true,0,0.000
xover-05,xover,d3w4c4,159,false,98,0.037,19,8,2048,0.039,19,8,true,0,0.000
xover-05,xover,d3w4c4,159,false,98,0.037,19,8,4096,0.039,19,8,true,0,0.000
xover-05,xover,d3w4c4,159,false,98,0.037,19,8,8192,0.041,19,8,true,0,0.000
xover-05,xover,d3w4c4,159,false,98,0.037,19,8,16384,0.043,19,8,true,0,0.000
width-05,width,d8w16,2048,false,2057,0.892,18,2,1,0.649,18,2,false,0,0.000
width-05,width,d8w16,2048,false,2057,0.892,18,2,2,0.651,18,2,false,0,0.000
width-05,width,d8w16,2048,false,2057,0.892,18,2,4,0.641,18,2,false,0,0.000
width-05,width,d8w16,2048,false,2057,0.892,18,2,8,0.659,18,2,false,0,0.000
width-05,width,d8w16,2048,false,2057,0.892,18,2,16,0.701,18,2,false,0,0.000
width-05,width,d8w16,2048,false,2057,0.892,18,2,32,0.844,18,2,false,0,0.000
width-05,width,d8w16,2048,false,2057,0.892,18,2,64,1.224,18,2,false,0,0.000
width-05,width,d8w16,2048,false,2057,0.892,18,2,128,2.376,18,2,true,0,0.000
width-05,width,d8w16,2048,false,2057,0.892,18,2,256,2.407,18,2,true,0,0.000
width-05,width,d8w16,2048,false,2057,0.892,18,2,512,2.377,18,2,true,0,0.000
width-05,width,d8w16,2048,false,2057,0.892,18,2,1024,2.378,18,2,true,0,0.000
width-05,width,d8w16,2048,false,2057,0.892,18,2,2048,2.451,18,2,true,0,0.000
width-05,width,d8w16,2048,false,2057,0.892,18,2,4096,2.362,18,2,true,0,0.000
width-05,width,d8w16,2048,false,2057,0.892,18,2,8192,2.350,18,2,true,0,0.000
width-05,width,d8w16,2048,false,2057,0.892,18,2,16384,2.354,18,2,true,0,0.000
ac-05,ac,m48c12,2304,false,3601,81.585,15,2,1,264.999,15,2,false,0,0.000
ac-05,ac,m48c12,2304,false,3601,81.585,15,2,2,275.349,15,2,false,0,0.000
ac-05,ac,m48c12,2304,false,3601,81.585,15,2,4,274.120,15,2,false,0,0.000
ac-05,ac,m48c12,2304,false,3601,81.585,15,2,8,272.325,15,2,false,0,0.000
ac-05,ac,m48c12,2304,false,3601,81.585,15,2,16,268.932,15,2,false,0,0.000
ac-05,ac,m48c12,2304,false,3601,81.585,15,2,32,282.497,15,2,false,0,0.000
ac-05,ac,m48c12,2304,false,3601,81.585,15,2,64,289.043,15,2,true,0,0.000
ac-05,ac,m48c12,2304,false,3601,81.585,15,2,128,280.716,15,2,true,0,0.000
ac-05,ac,m48c12,2304,false,3601,81.585,15,2,256,288.318,15,2,true,0,0.000
ac-05,ac,m48c12,2304,false,3601,81.585,15,2,512,276.753,15,2,true,0,0.000
ac-05,ac,m48c12,2304,false,3601,81.585,15,2,1024,282.492,15,2,true,0,0.000
ac-05,ac,m48c12,2304,false,3601,81.585,15,2,2048,280.102,15,2,true,0,0.000
ac-05,ac,m48c12,2304,false,3601,81.585,15,2,4096,288.665,15,2,true,0,0.000
ac-05,ac,m48c12,2304,false,3601,81.585,15,2,8192,280.973,15,2,true,0,0.000
ac-05,ac,m48c12,2304,false,3601,81.585,15,2,16384,279.608,15,2,true,0,0.000
dec-006,dec,d_b=3;m=3;gap=1;k=1;q=1;s=4,6,false,8,0.069,8,2,1,0.023,9,8,false,0,0.000
dec-006,dec,d_b=3;m=3;gap=1;k=1;q=1;s=4,6,false,8,0.069,8,2,2,0.027,8,2,false,0,0.000
dec-006,dec,d_b=3;m=3;gap=1;k=1;q=1;s=4,6,false,8,0.069,8,2,4,0.034,8,2,false,0,0.000
dec-006,dec,d_b=3;m=3;gap=1;k=1;q=1;s=4,6,false,8,0.069,8,2,8,0.045,8,2,true,0,0.000
dec-006,dec,d_b=3;m=3;gap=1;k=1;q=1;s=4,6,false,8,0.069,8,2,16,0.042,8,2,true,0,0.000
dec-006,dec,d_b=3;m=3;gap=1;k=1;q=1;s=4,6,false,8,0.069,8,2,32,0.041,8,2,true,0,0.000
dec-006,dec,d_b=3;m=3;gap=1;k=1;q=1;s=4,6,false,8,0.069,8,2,64,0.040,8,2,true,0,0.000
dec-006,dec,d_b=3;m=3;gap=1;k=1;q=1;s=4,6,false,8,0.069,8,2,128,0.040,8,2,true,0,0.000
dec-006,dec,d_b=3;m=3;gap=1;k=1;q=1;s=4,6,false,8,0.069,8,2,256,0.040,8,2,true,0,0.000
dec-006,dec,d_b=3;m=3;gap=1;k=1;q=1;s=4,6,false,8,0.069,8,2,512,0.039,8,2,true,0,0.000
dec-006,dec,d_b=3;m=3;gap=1;k=1;q=1;s=4,6,false,8,0.069,8,2,1024,0.040,8,2,true,0,0.000
dec-006,dec,d_b=3;m=3;gap=1;k=1;q=1;s=4,6,false,8,0.069,8,2,2048,0.052,8,2,true,0,0.000
dec-006,dec,d_b=3;m=3;gap=1;k=1;q=1;s=4,6,false,8,0.069,8,2,4096,0.043,8,2,true,0,0.000
dec-006,dec,d_b=3;m=3;gap=1;k=1;q=1;s=4,6,false,8,0.069,8,2,8192,0.040,8,2,true,0,0.000
dec-006,dec,d_b=3;m=3;gap=1;k=1;q=1;s=4,6,false,8,0.069,8,2,16384,0.040,8,2,true,0,0.000
wide-006,wide,d4w32;d_b=12;m=3;gap=6;k=2,4132,false,4138,2.462,34,2,1,1.290,41,32,false,0,0.000
wide-006,wide,d4w32;d_b=12;m=3;gap=6;k=2,4132,false,4138,2.462,34,2,2,1.269,41,32,false,0,0.000
wide-006,wide,d4w32;d_b=12;m=3;gap=6;k=2,4132,false,4138,2.462,34,2,4,1.271,41,32,false,0,0.000
wide-006,wide,d4w32;d_b=12;m=3;gap=6;k=2,4132,false,4138,2.462,34,2,8,1.360,41,32,false,0,0.000
wide-006,wide,d4w32;d_b=12;m=3;gap=6;k=2,4132,false,4138,2.462,34,2,16,1.560,41,32,false,0,0.000
wide-006,wide,d4w32;d_b=12;m=3;gap=6;k=2,4132,false,4138,2.462,34,2,32,3.496,41,32,false,0,0.000
wide-006,wide,d4w32;d_b=12;m=3;gap=6;k=2,4132,false,4138,2.462,34,2,64,2.246,41,32,false,0,0.000
wide-006,wide,d4w32;d_b=12;m=3;gap=6;k=2,4132,false,4138,2.462,34,2,128,3.248,41,32,false,0,0.000
wide-006,wide,d4w32;d_b=12;m=3;gap=6;k=2,4132,false,4138,2.462,34,2,256,5.465,41,32,false,0,0.000
wide-006,wide,d4w32;d_b=12;m=3;gap=6;k=2,4132,false,4138,2.462,34,2,512,10.188,41,32,false,0,0.000
wide-006,wide,d4w32;d_b=12;m=3;gap=6;k=2,4132,false,4138,2.462,34,2,1024,20.897,41,32,false,0,0.000
wide-006,wide,d4w32;d_b=12;m=3;gap=6;k=2,4132,false,4138,2.462,34,2,2048,67.880,41,32,false,0,0.000
wide-006,wide,d4w32;d_b=12;m=3;gap=6;k=2,4132,false,4138,2.462,34,2,4096,248.415,41,32,false,0,0.000
wide-006,wide,d4w32;d_b=12;m=3;gap=6;k=2,4132,false,4138,2.462,34,2,8192,255.320,34,2,true,0,0.000
wide-006,wide,d4w32;d_b=12;m=3;gap=6;k=2,4132,false,4138,2.462,34,2,16384,263.079,34,2,true,0,0.000
mixed-002-0,mixed,seed=0xc59afcd9aedf37ac;cycles=6;planted=1;d_b=12;m=2;gap=6;k=4,26348,false,5746,0.276,30,10,1,0.163,37,28,false,0,0.000
mixed-002-0,mixed,seed=0xc59afcd9aedf37ac;cycles=6;planted=1;d_b=12;m=2;gap=6;k=4,26348,false,5746,0.276,30,10,2,0.167,37,28,false,0,0.000
mixed-002-0,mixed,seed=0xc59afcd9aedf37ac;cycles=6;planted=1;d_b=12;m=2;gap=6;k=4,26348,false,5746,0.276,30,10,4,0.183,37,28,false,0,0.000
mixed-002-0,mixed,seed=0xc59afcd9aedf37ac;cycles=6;planted=1;d_b=12;m=2;gap=6;k=4,26348,false,5746,0.276,30,10,8,0.230,37,28,false,0,0.000
mixed-002-0,mixed,seed=0xc59afcd9aedf37ac;cycles=6;planted=1;d_b=12;m=2;gap=6;k=4,26348,false,5746,0.276,30,10,16,0.414,37,28,false,0,0.000
mixed-002-0,mixed,seed=0xc59afcd9aedf37ac;cycles=6;planted=1;d_b=12;m=2;gap=6;k=4,26348,false,5746,0.276,30,10,32,0.832,30,10,false,0,0.000
mixed-002-0,mixed,seed=0xc59afcd9aedf37ac;cycles=6;planted=1;d_b=12;m=2;gap=6;k=4,26348,false,5746,0.276,30,10,64,0.904,30,10,true,0,0.000
mixed-002-0,mixed,seed=0xc59afcd9aedf37ac;cycles=6;planted=1;d_b=12;m=2;gap=6;k=4,26348,false,5746,0.276,30,10,128,0.855,30,10,true,0,0.000
mixed-002-0,mixed,seed=0xc59afcd9aedf37ac;cycles=6;planted=1;d_b=12;m=2;gap=6;k=4,26348,false,5746,0.276,30,10,256,0.897,30,10,true,0,0.000
mixed-002-0,mixed,seed=0xc59afcd9aedf37ac;cycles=6;planted=1;d_b=12;m=2;gap=6;k=4,26348,false,5746,0.276,30,10,512,0.815,30,10,true,0,0.000
mixed-002-0,mixed,seed=0xc59afcd9aedf37ac;cycles=6;planted=1;d_b=12;m=2;gap=6;k=4,26348,false,5746,0.276,30,10,1024,0.897,30,10,true,0,0.000
mixed-002-0,mixed,seed=0xc59afcd9aedf37ac;cycles=6;planted=1;d_b=12;m=2;gap=6;k=4,26348,false,5746,0.276,30,10,2048,0.986,30,10,true,0,0.000
mixed-002-0,mixed,seed=0xc59afcd9aedf37ac;cycles=6;planted=1;d_b=12;m=2;gap=6;k=4,26348,false,5746,0.276,30,10,4096,0.897,30,10,true,0,0.000
mixed-002-0,mixed,seed=0xc59afcd9aedf37ac;cycles=6;planted=1;d_b=12;m=2;gap=6;k=4,26348,false,5746,0.276,30,10,8192,0.872,30,10,true,0,0.000
mixed-002-0,mixed,seed=0xc59afcd9aedf37ac;cycles=6;planted=1;d_b=12;m=2;gap=6;k=4,26348,false,5746,0.276,30,10,16384,0.889,30,10,true,0,0.000
rand-00-06,rand,seed=0xe69e6a0191287b08;cycles=6,13974,false,3129,0.033,3,2,1,0.039,3,2,true,0,0.000
rand-00-06,rand,seed=0xe69e6a0191287b08;cycles=6,13974,false,3129,0.033,3,2,2,0.024,3,2,true,0,0.000
rand-00-06,rand,seed=0xe69e6a0191287b08;cycles=6,13974,false,3129,0.033,3,2,4,0.022,3,2,true,0,0.000
rand-00-06,rand,seed=0xe69e6a0191287b08;cycles=6,13974,false,3129,0.033,3,2,8,0.020,3,2,true,0,0.000
rand-00-06,rand,seed=0xe69e6a0191287b08;cycles=6,13974,false,3129,0.033,3,2,16,0.020,3,2,true,0,0.000
rand-00-06,rand,seed=0xe69e6a0191287b08;cycles=6,13974,false,3129,0.033,3,2,32,0.020,3,2,true,0,0.000
rand-00-06,rand,seed=0xe69e6a0191287b08;cycles=6,13974,false,3129,0.033,3,2,64,0.029,3,2,true,0,0.000
rand-00-06,rand,seed=0xe69e6a0191287b08;cycles=6,13974,false,3129,0.033,3,2,128,0.022,3,2,true,0,0.000
rand-00-06,rand,seed=0xe69e6a0191287b08;cycles=6,13974,false,3129,0.033,3,2,256,0.021,3,2,true,0,0.000
rand-00-06,rand,seed=0xe69e6a0191287b08;cycles=6,13974,false,3129,0.033,3,2,512,0.021,3,2,true,0,0.000
rand-00-06,rand,seed=0xe69e6a0191287b08;cycles=6,13974,false,3129,0.033,3,2,1024,0.019,3,2,true,0,0.000
rand-00-06,rand,seed=0xe69e6a0191287b08;cycles=6,13974,false,3129,0.033,3,2,2048,0.020,3,2,true,0,0.000
rand-00-06,rand,seed=0xe69e6a0191287b08;cycles=6,13974,false,3129,0.033,3,2,4096,0.029,3,2,true,0,0.000
rand-00-06,rand,seed=0xe69e6a0191287b08;cycles=6,13974,false,3129,0.033,3,2,8192,0.027,3,2,true,0,0.000
rand-00-06,rand,seed=0xe69e6a0191287b08;cycles=6,13974,false,3129,0.033,3,2,16384,0.022,3,2,true,0,0.000
xover-06,xover,d3w4c6,11067,false,3940,0.060,19,8,1,0.061,19,8,false,0,0.000
xover-06,xover,d3w4c6,11067,false,3940,0.060,19,8,2,0.051,19,8,false,0,0.000
xover-06,xover,d3w4c6,11067,false,3940,0.060,19,8,4,0.056,19,8,false,0,0.000
xover-06,xover,d3w4c6,11067,false,3940,0.060,19,8,8,0.068,19,8,true,0,0.000
xover-06,xover,d3w4c6,11067,false,3940,0.060,19,8,16,0.065,19,8,true,0,0.000
xover-06,xover,d3w4c6,11067,false,3940,0.060,19,8,32,0.065,19,8,true,0,0.000
xover-06,xover,d3w4c6,11067,false,3940,0.060,19,8,64,0.063,19,8,true,0,0.000
xover-06,xover,d3w4c6,11067,false,3940,0.060,19,8,128,0.063,19,8,true,0,0.000
xover-06,xover,d3w4c6,11067,false,3940,0.060,19,8,256,0.062,19,8,true,0,0.000
xover-06,xover,d3w4c6,11067,false,3940,0.060,19,8,512,0.062,19,8,true,0,0.000
xover-06,xover,d3w4c6,11067,false,3940,0.060,19,8,1024,0.062,19,8,true,0,0.000
xover-06,xover,d3w4c6,11067,false,3940,0.060,19,8,2048,0.062,19,8,true,0,0.000
xover-06,xover,d3w4c6,11067,false,3940,0.060,19,8,4096,0.062,19,8,true,0,0.000
xover-06,xover,d3w4c6,11067,false,3940,0.060,19,8,8192,0.062,19,8,true,0,0.000
xover-06,xover,d3w4c6,11067,false,3940,0.060,19,8,16384,0.062,19,8,true,0,0.000
width-06,width,d8w32,8192,false,8201,3.211,18,2,1,2.384,18,2,false,0,0.000
width-06,width,d8w32,8192,false,8201,3.211,18,2,2,2.378,18,2,false,0,0.000
width-06,width,d8w32,8192,false,8201,3.211,18,2,4,2.412,18,2,false,0,0.000
width-06,width,d8w32,8192,false,8201,3.211,18,2,8,2.486,18,2,false,0,0.000
width-06,width,d8w32,8192,false,8201,3.211,18,2,16,2.720,18,2,false,0,0.000
width-06,width,d8w32,8192,false,8201,3.211,18,2,32,2.871,18,2,false,0,0.000
width-06,width,d8w32,8192,false,8201,3.211,18,2,64,3.655,18,2,false,0,0.000
width-06,width,d8w32,8192,false,8201,3.211,18,2,128,5.627,18,2,false,0,0.000
width-06,width,d8w32,8192,false,8201,3.211,18,2,256,11.981,18,2,true,0,0.000
width-06,width,d8w32,8192,false,8201,3.211,18,2,512,12.286,18,2,true,0,0.000
width-06,width,d8w32,8192,false,8201,3.211,18,2,1024,12.091,18,2,true,0,0.000
width-06,width,d8w32,8192,false,8201,3.211,18,2,2048,12.082,18,2,true,0,0.000
width-06,width,d8w32,8192,false,8201,3.211,18,2,4096,12.158,18,2,true,0,0.000
width-06,width,d8w32,8192,false,8201,3.211,18,2,8192,12.093,18,2,true,0,0.000
width-06,width,d8w32,8192,false,8201,3.211,18,2,16384,12.058,18,2,true,0,0.000
ac-06,ac,m64c4,4096,false,4625,55.895,7,2,1,148.997,7,2,false,0,0.000
ac-06,ac,m64c4,4096,false,4625,55.895,7,2,2,148.764,7,2,false,0,0.000
ac-06,ac,m64c4,4096,false,4625,55.895,7,2,4,147.587,7,2,false,0,0.000
ac-06,ac,m64c4,4096,false,4625,55.895,7,2,8,148.784,7,2,false,0,0.000
ac-06,ac,m64c4,4096,false,4625,55.895,7,2,16,147.930,7,2,false,0,0.000
ac-06,ac,m64c4,4096,false,4625,55.895,7,2,32,147.890,7,2,false,0,0.000
ac-06,ac,m64c4,4096,false,4625,55.895,7,2,64,158.536,7,2,true,0,0.000
ac-06,ac,m64c4,4096,false,4625,55.895,7,2,128,154.516,7,2,true,0,0.000
ac-06,ac,m64c4,4096,false,4625,55.895,7,2,256,168.177,7,2,true,0,0.000
ac-06,ac,m64c4,4096,false,4625,55.895,7,2,512,152.262,7,2,true,0,0.000
ac-06,ac,m64c4,4096,false,4625,55.895,7,2,1024,152.915,7,2,true,0,0.000
ac-06,ac,m64c4,4096,false,4625,55.895,7,2,2048,155.926,7,2,true,0,0.000
ac-06,ac,m64c4,4096,false,4625,55.895,7,2,4096,152.110,7,2,true,0,0.000
ac-06,ac,m64c4,4096,false,4625,55.895,7,2,8192,151.292,7,2,true,0,0.000
ac-06,ac,m64c4,4096,false,4625,55.895,7,2,16384,160.630,7,2,true,0,0.000
dec-007,dec,d_b=3;m=3;gap=1;k=2;q=1;s=4,9,false,11,0.063,8,2,1,0.036,9,8,false,0,0.000
dec-007,dec,d_b=3;m=3;gap=1;k=2;q=1;s=4,9,false,11,0.063,8,2,2,0.044,9,8,false,0,0.000
dec-007,dec,d_b=3;m=3;gap=1;k=2;q=1;s=4,9,false,11,0.063,8,2,4,0.067,8,2,false,0,0.000
dec-007,dec,d_b=3;m=3;gap=1;k=2;q=1;s=4,9,false,11,0.063,8,2,8,0.089,8,2,true,0,0.000
dec-007,dec,d_b=3;m=3;gap=1;k=2;q=1;s=4,9,false,11,0.063,8,2,16,0.097,8,2,true,0,0.000
dec-007,dec,d_b=3;m=3;gap=1;k=2;q=1;s=4,9,false,11,0.063,8,2,32,0.093,8,2,true,0,0.000
dec-007,dec,d_b=3;m=3;gap=1;k=2;q=1;s=4,9,false,11,0.063,8,2,64,0.184,8,2,true,0,0.000
dec-007,dec,d_b=3;m=3;gap=1;k=2;q=1;s=4,9,false,11,0.063,8,2,128,0.098,8,2,true,0,0.000
dec-007,dec,d_b=3;m=3;gap=1;k=2;q=1;s=4,9,false,11,0.063,8,2,256,0.078,8,2,true,0,0.000
dec-007,dec,d_b=3;m=3;gap=1;k=2;q=1;s=4,9,false,11,0.063,8,2,512,0.075,8,2,true,0,0.000
dec-007,dec,d_b=3;m=3;gap=1;k=2;q=1;s=4,9,false,11,0.063,8,2,1024,0.062,8,2,true,0,0.000
dec-007,dec,d_b=3;m=3;gap=1;k=2;q=1;s=4,9,false,11,0.063,8,2,2048,0.056,8,2,true,0,0.000
dec-007,dec,d_b=3;m=3;gap=1;k=2;q=1;s=4,9,false,11,0.063,8,2,4096,0.056,8,2,true,0,0.000
dec-007,dec,d_b=3;m=3;gap=1;k=2;q=1;s=4,9,false,11,0.063,8,2,8192,0.055,8,2,true,0,0.000
dec-007,dec,d_b=3;m=3;gap=1;k=2;q=1;s=4,9,false,11,0.063,8,2,16384,0.054,8,2,true,0,0.000
wide-007,wide,d4w32;d_b=16;m=5;gap=2;k=4,4176,false,4182,2.986,74,2,1,1.158,77,68,false,0,0.000
wide-007,wide,d4w32;d_b=16;m=5;gap=2;k=4,4176,false,4182,2.986,74,2,2,1.347,77,68,false,0,0.000
wide-007,wide,d4w32;d_b=16;m=5;gap=2;k=4,4176,false,4182,2.986,74,2,4,1.188,77,68,false,0,0.000
wide-007,wide,d4w32;d_b=16;m=5;gap=2;k=4,4176,false,4182,2.986,74,2,8,1.452,77,68,false,0,0.000
wide-007,wide,d4w32;d_b=16;m=5;gap=2;k=4,4176,false,4182,2.986,74,2,16,1.602,77,68,false,0,0.000
wide-007,wide,d4w32;d_b=16;m=5;gap=2;k=4,4176,false,4182,2.986,74,2,32,1.828,77,68,false,0,0.000
wide-007,wide,d4w32;d_b=16;m=5;gap=2;k=4,4176,false,4182,2.986,74,2,64,2.304,77,68,false,0,0.000
wide-007,wide,d4w32;d_b=16;m=5;gap=2;k=4,4176,false,4182,2.986,74,2,128,3.639,77,68,false,0,0.000
wide-007,wide,d4w32;d_b=16;m=5;gap=2;k=4,4176,false,4182,2.986,74,2,256,5.357,77,68,false,0,0.000
wide-007,wide,d4w32;d_b=16;m=5;gap=2;k=4,4176,false,4182,2.986,74,2,512,9.664,77,68,false,0,0.000
wide-007,wide,d4w32;d_b=16;m=5;gap=2;k=4,4176,false,4182,2.986,74,2,1024,19.509,77,68,false,0,0.000
wide-007,wide,d4w32;d_b=16;m=5;gap=2;k=4,4176,false,4182,2.986,74,2,2048,66.412,77,68,false,0,0.000
wide-007,wide,d4w32;d_b=16;m=5;gap=2;k=4,4176,false,4182,2.986,74,2,4096,242.277,77,68,false,0,0.000
wide-007,wide,d4w32;d_b=16;m=5;gap=2;k=4,4176,false,4182,2.986,74,2,8192,258.838,74,2,true,0,0.000
wide-007,wide,d4w32;d_b=16;m=5;gap=2;k=4,4176,false,4182,2.986,74,2,16384,264.001,74,2,true,0,0.000
mixed-002-1,mixed,seed=0x9718edbe7b705f9b;cycles=6;planted=1;d_b=12;m=2;gap=6;k=4,33372,false,6929,0.315,23,8,1,0.182,30,26,false,0,0.000
mixed-002-1,mixed,seed=0x9718edbe7b705f9b;cycles=6;planted=1;d_b=12;m=2;gap=6;k=4,33372,false,6929,0.315,23,8,2,0.190,30,26,false,0,0.000
mixed-002-1,mixed,seed=0x9718edbe7b705f9b;cycles=6;planted=1;d_b=12;m=2;gap=6;k=4,33372,false,6929,0.315,23,8,4,0.233,30,26,false,0,0.000
mixed-002-1,mixed,seed=0x9718edbe7b705f9b;cycles=6;planted=1;d_b=12;m=2;gap=6;k=4,33372,false,6929,0.315,23,8,8,0.309,30,26,false,0,0.000
mixed-002-1,mixed,seed=0x9718edbe7b705f9b;cycles=6;planted=1;d_b=12;m=2;gap=6;k=4,33372,false,6929,0.315,23,8,16,0.499,30,26,false,0,0.000
mixed-002-1,mixed,seed=0x9718edbe7b705f9b;cycles=6;planted=1;d_b=12;m=2;gap=6;k=4,33372,false,6929,0.315,23,8,32,0.976,23,8,true,0,0.000
mixed-002-1,mixed,seed=0x9718edbe7b705f9b;cycles=6;planted=1;d_b=12;m=2;gap=6;k=4,33372,false,6929,0.315,23,8,64,1.014,23,8,true,0,0.000
mixed-002-1,mixed,seed=0x9718edbe7b705f9b;cycles=6;planted=1;d_b=12;m=2;gap=6;k=4,33372,false,6929,0.315,23,8,128,0.926,23,8,true,0,0.000
mixed-002-1,mixed,seed=0x9718edbe7b705f9b;cycles=6;planted=1;d_b=12;m=2;gap=6;k=4,33372,false,6929,0.315,23,8,256,0.916,23,8,true,0,0.000
mixed-002-1,mixed,seed=0x9718edbe7b705f9b;cycles=6;planted=1;d_b=12;m=2;gap=6;k=4,33372,false,6929,0.315,23,8,512,0.913,23,8,true,0,0.000
mixed-002-1,mixed,seed=0x9718edbe7b705f9b;cycles=6;planted=1;d_b=12;m=2;gap=6;k=4,33372,false,6929,0.315,23,8,1024,0.960,23,8,true,0,0.000
mixed-002-1,mixed,seed=0x9718edbe7b705f9b;cycles=6;planted=1;d_b=12;m=2;gap=6;k=4,33372,false,6929,0.315,23,8,2048,0.952,23,8,true,0,0.000
mixed-002-1,mixed,seed=0x9718edbe7b705f9b;cycles=6;planted=1;d_b=12;m=2;gap=6;k=4,33372,false,6929,0.315,23,8,4096,0.930,23,8,true,0,0.000
mixed-002-1,mixed,seed=0x9718edbe7b705f9b;cycles=6;planted=1;d_b=12;m=2;gap=6;k=4,33372,false,6929,0.315,23,8,8192,0.971,23,8,true,0,0.000
mixed-002-1,mixed,seed=0x9718edbe7b705f9b;cycles=6;planted=1;d_b=12;m=2;gap=6;k=4,33372,false,6929,0.315,23,8,16384,0.972,23,8,true,0,0.000
rand-00-07,rand,seed=0x642b681e11941caf;cycles=6,13976,false,3139,0.066,9,6,1,0.070,9,6,false,0,0.000
rand-00-07,rand,seed=0x642b681e11941caf;cycles=6,13976,false,3139,0.066,9,6,2,0.077,9,6,false,0,0.000
rand-00-07,rand,seed=0x642b681e11941caf;cycles=6,13976,false,3139,0.066,9,6,4,0.116,9,6,true,0,0.000
rand-00-07,rand,seed=0x642b681e11941caf;cycles=6,13976,false,3139,0.066,9,6,8,0.110,9,6,true,0,0.000
rand-00-07,rand,seed=0x642b681e11941caf;cycles=6,13976,false,3139,0.066,9,6,16,0.108,9,6,true,0,0.000
rand-00-07,rand,seed=0x642b681e11941caf;cycles=6,13976,false,3139,0.066,9,6,32,0.101,9,6,true,0,0.000
rand-00-07,rand,seed=0x642b681e11941caf;cycles=6,13976,false,3139,0.066,9,6,64,0.113,9,6,true,0,0.000
rand-00-07,rand,seed=0x642b681e11941caf;cycles=6,13976,false,3139,0.066,9,6,128,0.101,9,6,true,0,0.000
rand-00-07,rand,seed=0x642b681e11941caf;cycles=6,13976,false,3139,0.066,9,6,256,0.101,9,6,true,0,0.000
rand-00-07,rand,seed=0x642b681e11941caf;cycles=6,13976,false,3139,0.066,9,6,512,0.097,9,6,true,0,0.000
rand-00-07,rand,seed=0x642b681e11941caf;cycles=6,13976,false,3139,0.066,9,6,1024,0.100,9,6,true,0,0.000
rand-00-07,rand,seed=0x642b681e11941caf;cycles=6,13976,false,3139,0.066,9,6,2048,0.101,9,6,true,0,0.000
rand-00-07,rand,seed=0x642b681e11941caf;cycles=6,13976,false,3139,0.066,9,6,4096,0.098,9,6,true,0,0.000
rand-00-07,rand,seed=0x642b681e11941caf;cycles=6,13976,false,3139,0.066,9,6,8192,0.098,9,6,true,0,0.000
rand-00-07,rand,seed=0x642b681e11941caf;cycles=6,13976,false,3139,0.066,9,6,16384,0.102,9,6,true,0,0.000
xover-07,xover,d3w4c8,181110,false,64418,0.059,19,8,1,0.065,19,8,false,0,0.000
xover-07,xover,d3w4c8,181110,false,64418,0.059,19,8,2,0.052,19,8,false,0,0.000
xover-07,xover,d3w4c8,181110,false,64418,0.059,19,8,4,0.058,19,8,false,0,0.000
xover-07,xover,d3w4c8,181110,false,64418,0.059,19,8,8,0.070,19,8,true,0,0.000
xover-07,xover,d3w4c8,181110,false,64418,0.059,19,8,16,0.066,19,8,true,0,0.000
xover-07,xover,d3w4c8,181110,false,64418,0.059,19,8,32,0.064,19,8,true,0,0.000
xover-07,xover,d3w4c8,181110,false,64418,0.059,19,8,64,0.063,19,8,true,0,0.000
xover-07,xover,d3w4c8,181110,false,64418,0.059,19,8,128,0.063,19,8,true,0,0.000
xover-07,xover,d3w4c8,181110,false,64418,0.059,19,8,256,0.062,19,8,true,0,0.000
xover-07,xover,d3w4c8,181110,false,64418,0.059,19,8,512,0.063,19,8,true,0,0.000
xover-07,xover,d3w4c8,181110,false,64418,0.059,19,8,1024,0.063,19,8,true,0,0.000
xover-07,xover,d3w4c8,181110,false,64418,0.059,19,8,2048,0.082,19,8,true,0,0.000
xover-07,xover,d3w4c8,181110,false,64418,0.059,19,8,4096,0.067,19,8,true,0,0.000
xover-07,xover,d3w4c8,181110,false,64418,0.059,19,8,8192,0.064,19,8,true,0,0.000
xover-07,xover,d3w4c8,181110,false,64418,0.059,19,8,16384,0.064,19,8,true,0,0.000
width-07,width,d8w64,32768,false,32777,11.395,18,2,1,8.770,18,2,false,0,0.000
width-07,width,d8w64,32768,false,32777,11.395,18,2,2,8.983,18,2,false,0,0.000
width-07,width,d8w64,32768,false,32777,11.395,18,2,4,8.777,18,2,false,0,0.000
width-07,width,d8w64,32768,false,32777,11.395,18,2,8,9.176,18,2,false,0,0.000
width-07,width,d8w64,32768,false,32777,11.395,18,2,16,9.483,18,2,false,0,0.000
width-07,width,d8w64,32768,false,32777,11.395,18,2,32,10.259,18,2,false,0,0.000
width-07,width,d8w64,32768,false,32777,11.395,18,2,64,11.084,18,2,false,0,0.000
width-07,width,d8w64,32768,false,32777,11.395,18,2,128,16.691,18,2,false,0,0.000
width-07,width,d8w64,32768,false,32777,11.395,18,2,256,27.509,18,2,false,0,0.000
width-07,width,d8w64,32768,false,32777,11.395,18,2,512,70.760,18,2,true,0,0.000
width-07,width,d8w64,32768,false,32777,11.395,18,2,1024,70.902,18,2,true,0,0.000
width-07,width,d8w64,32768,false,32777,11.395,18,2,2048,70.271,18,2,true,0,0.000
width-07,width,d8w64,32768,false,32777,11.395,18,2,4096,71.458,18,2,true,0,0.000
width-07,width,d8w64,32768,false,32777,11.395,18,2,8192,71.509,18,2,true,0,0.000
width-07,width,d8w64,32768,false,32777,11.395,18,2,16384,71.972,18,2,true,0,0.000
ac-07,ac,m64c8,4096,false,5185,96.404,11,2,1,302.143,11,2,false,0,0.000
ac-07,ac,m64c8,4096,false,5185,96.404,11,2,2,290.409,11,2,false,0,0.000
ac-07,ac,m64c8,4096,false,5185,96.404,11,2,4,297.708,11,2,false,0,0.000
ac-07,ac,m64c8,4096,false,5185,96.404,11,2,8,292.052,11,2,false,0,0.000
ac-07,ac,m64c8,4096,false,5185,96.404,11,2,16,300.866,11,2,false,0,0.000
ac-07,ac,m64c8,4096,false,5185,96.404,11,2,32,291.965,11,2,false,0,0.000
ac-07,ac,m64c8,4096,false,5185,96.404,11,2,64,308.285,11,2,true,0,0.000
ac-07,ac,m64c8,4096,false,5185,96.404,11,2,128,296.937,11,2,true,0,0.000
ac-07,ac,m64c8,4096,false,5185,96.404,11,2,256,299.532,11,2,true,0,0.000
ac-07,ac,m64c8,4096,false,5185,96.404,11,2,512,297.180,11,2,true,0,0.000
ac-07,ac,m64c8,4096,false,5185,96.404,11,2,1024,309.299,11,2,true,0,0.000
ac-07,ac,m64c8,4096,false,5185,96.404,11,2,2048,315.951,11,2,true,0,0.000
ac-07,ac,m64c8,4096,false,5185,96.404,11,2,4096,307.628,11,2,true,0,0.000
ac-07,ac,m64c8,4096,false,5185,96.404,11,2,8192,298.653,11,2,true,0,0.000
ac-07,ac,m64c8,4096,false,5185,96.404,11,2,16384,296.225,11,2,true,0,0.000
dec-008,dec,d_b=3;m=3;gap=1;k=4;q=1;s=4,15,false,17,0.079,8,2,1,0.027,9,8,false,0,0.000
dec-008,dec,d_b=3;m=3;gap=1;k=4;q=1;s=4,15,false,17,0.079,8,2,2,0.028,9,8,false,0,0.000
dec-008,dec,d_b=3;m=3;gap=1;k=4;q=1;s=4,15,false,17,0.079,8,2,4,0.032,9,8,false,0,0.000
dec-008,dec,d_b=3;m=3;gap=1;k=4;q=1;s=4,15,false,17,0.079,8,2,8,0.059,8,2,false,0,0.000
dec-008,dec,d_b=3;m=3;gap=1;k=4;q=1;s=4,15,false,17,0.079,8,2,16,0.080,8,2,true,0,0.000
dec-008,dec,d_b=3;m=3;gap=1;k=4;q=1;s=4,15,false,17,0.079,8,2,32,0.077,8,2,true,0,0.000
dec-008,dec,d_b=3;m=3;gap=1;k=4;q=1;s=4,15,false,17,0.079,8,2,64,0.092,8,2,true,0,0.000
dec-008,dec,d_b=3;m=3;gap=1;k=4;q=1;s=4,15,false,17,0.079,8,2,128,0.093,8,2,true,0,0.000
dec-008,dec,d_b=3;m=3;gap=1;k=4;q=1;s=4,15,false,17,0.079,8,2,256,0.091,8,2,true,0,0.000
dec-008,dec,d_b=3;m=3;gap=1;k=4;q=1;s=4,15,false,17,0.079,8,2,512,0.082,8,2,true,0,0.000
dec-008,dec,d_b=3;m=3;gap=1;k=4;q=1;s=4,15,false,17,0.079,8,2,1024,0.103,8,2,true,0,0.000
dec-008,dec,d_b=3;m=3;gap=1;k=4;q=1;s=4,15,false,17,0.079,8,2,2048,0.079,8,2,true,0,0.000
dec-008,dec,d_b=3;m=3;gap=1;k=4;q=1;s=4,15,false,17,0.079,8,2,4096,0.078,8,2,true,0,0.000
dec-008,dec,d_b=3;m=3;gap=1;k=4;q=1;s=4,15,false,17,0.079,8,2,8192,0.077,8,2,true,0,0.000
dec-008,dec,d_b=3;m=3;gap=1;k=4;q=1;s=4,15,false,17,0.079,8,2,16384,0.083,8,2,true,0,0.000
wide-008,wide,d4w64;d_b=4;m=2;gap=1;k=1,16392,false,16397,8.482,14,2,1,4.695,15,6,false,0,0.000
wide-008,wide,d4w64;d_b=4;m=2;gap=1;k=1,16392,false,16397,8.482,14,2,2,4.712,15,6,false,0,0.000
wide-008,wide,d4w64;d_b=4;m=2;gap=1;k=1,16392,false,16397,8.482,14,2,4,4.745,15,6,false,0,0.000
wide-008,wide,d4w64;d_b=4;m=2;gap=1;k=1,16392,false,16397,8.482,14,2,8,5.019,15,6,false,0,0.000
wide-008,wide,d4w64;d_b=4;m=2;gap=1;k=1,16392,false,16397,8.482,14,2,16,5.416,15,6,false,0,0.000
wide-008,wide,d4w64;d_b=4;m=2;gap=1;k=1,16392,false,16397,8.482,14,2,32,6.437,15,6,false,0,0.000
wide-008,wide,d4w64;d_b=4;m=2;gap=1;k=1,16392,false,16397,8.482,14,2,64,8.024,15,6,false,0,0.000
wide-008,wide,d4w64;d_b=4;m=2;gap=1;k=1,16392,false,16397,8.482,14,2,128,11.550,15,6,false,0,0.000
wide-008,wide,d4w64;d_b=4;m=2;gap=1;k=1,16392,false,16397,8.482,14,2,256,18.216,15,6,false,0,0.000
wide-008,wide,d4w64;d_b=4;m=2;gap=1;k=1,16392,false,16397,8.482,14,2,512,32.445,15,6,false,0,0.000
wide-008,wide,d4w64;d_b=4;m=2;gap=1;k=1,16392,false,16397,8.482,14,2,1024,62.319,15,6,false,0,0.000
wide-008,wide,d4w64;d_b=4;m=2;gap=1;k=1,16392,false,16397,8.482,14,2,2048,136.662,15,6,false,0,0.000
wide-008,wide,d4w64;d_b=4;m=2;gap=1;k=1,16392,false,16397,8.482,14,2,4096,288.749,15,6,false,0,0.000
wide-008,wide,d4w64;d_b=4;m=2;gap=1;k=1,16392,false,16397,8.482,14,2,8192,1275.748,15,6,false,0,0.000
wide-008,wide,d4w64;d_b=4;m=2;gap=1;k=1,16392,false,16397,8.482,14,2,16384,5519.037,15,6,false,0,0.000
mixed-002-2,mixed,seed=0x68d20c8c15a34419;cycles=6;planted=1;d_b=12;m=2;gap=6;k=4,41962,false,8424,0.298,23,6,1,0.099,30,24,false,0,0.000
mixed-002-2,mixed,seed=0x68d20c8c15a34419;cycles=6;planted=1;d_b=12;m=2;gap=6;k=4,41962,false,8424,0.298,23,6,2,0.108,30,24,false,0,0.000
mixed-002-2,mixed,seed=0x68d20c8c15a34419;cycles=6;planted=1;d_b=12;m=2;gap=6;k=4,41962,false,8424,0.298,23,6,4,0.174,30,24,false,0,0.000
mixed-002-2,mixed,seed=0x68d20c8c15a34419;cycles=6;planted=1;d_b=12;m=2;gap=6;k=4,41962,false,8424,0.298,23,6,8,0.234,30,24,false,0,0.000
mixed-002-2,mixed,seed=0x68d20c8c15a34419;cycles=6;planted=1;d_b=12;m=2;gap=6;k=4,41962,false,8424,0.298,23,6,16,0.386,30,24,false,0,0.000
mixed-002-2,mixed,seed=0x68d20c8c15a34419;cycles=6;planted=1;d_b=12;m=2;gap=6;k=4,41962,false,8424,0.298,23,6,32,0.727,23,6,false,0,0.000
mixed-002-2,mixed,seed=0x68d20c8c15a34419;cycles=6;planted=1;d_b=12;m=2;gap=6;k=4,41962,false,8424,0.298,23,6,64,0.793,23,6,true,0,0.000
mixed-002-2,mixed,seed=0x68d20c8c15a34419;cycles=6;planted=1;d_b=12;m=2;gap=6;k=4,41962,false,8424,0.298,23,6,128,0.719,23,6,true,0,0.000
mixed-002-2,mixed,seed=0x68d20c8c15a34419;cycles=6;planted=1;d_b=12;m=2;gap=6;k=4,41962,false,8424,0.298,23,6,256,0.674,23,6,true,0,0.000
mixed-002-2,mixed,seed=0x68d20c8c15a34419;cycles=6;planted=1;d_b=12;m=2;gap=6;k=4,41962,false,8424,0.298,23,6,512,0.674,23,6,true,0,0.000
mixed-002-2,mixed,seed=0x68d20c8c15a34419;cycles=6;planted=1;d_b=12;m=2;gap=6;k=4,41962,false,8424,0.298,23,6,1024,0.730,23,6,true,0,0.000
mixed-002-2,mixed,seed=0x68d20c8c15a34419;cycles=6;planted=1;d_b=12;m=2;gap=6;k=4,41962,false,8424,0.298,23,6,2048,0.669,23,6,true,0,0.000
mixed-002-2,mixed,seed=0x68d20c8c15a34419;cycles=6;planted=1;d_b=12;m=2;gap=6;k=4,41962,false,8424,0.298,23,6,4096,0.673,23,6,true,0,0.000
mixed-002-2,mixed,seed=0x68d20c8c15a34419;cycles=6;planted=1;d_b=12;m=2;gap=6;k=4,41962,false,8424,0.298,23,6,8192,0.704,23,6,true,0,0.000
mixed-002-2,mixed,seed=0x68d20c8c15a34419;cycles=6;planted=1;d_b=12;m=2;gap=6;k=4,41962,false,8424,0.298,23,6,16384,0.711,23,6,true,0,0.000
rand-00-08,rand,seed=0x991d34cf157cbe9c;cycles=6,26161,false,5698,0.147,34,6,1,0.155,34,6,false,0,0.000
rand-00-08,rand,seed=0x991d34cf157cbe9c;cycles=6,26161,false,5698,0.147,34,6,2,0.180,34,6,false,0,0.000
rand-00-08,rand,seed=0x991d34cf157cbe9c;cycles=6,26161,false,5698,0.147,34,6,4,0.244,34,6,false,0,0.000
rand-00-08,rand,seed=0x991d34cf157cbe9c;cycles=6,26161,false,5698,0.147,34,6,8,0.356,34,6,true,0,0.000
rand-00-08,rand,seed=0x991d34cf157cbe9c;cycles=6,26161,false,5698,0.147,34,6,16,0.358,34,6,true,0,0.000
rand-00-08,rand,seed=0x991d34cf157cbe9c;cycles=6,26161,false,5698,0.147,34,6,32,0.349,34,6,true,0,0.000
rand-00-08,rand,seed=0x991d34cf157cbe9c;cycles=6,26161,false,5698,0.147,34,6,64,0.349,34,6,true,0,0.000
rand-00-08,rand,seed=0x991d34cf157cbe9c;cycles=6,26161,false,5698,0.147,34,6,128,0.346,34,6,true,0,0.000
rand-00-08,rand,seed=0x991d34cf157cbe9c;cycles=6,26161,false,5698,0.147,34,6,256,0.392,34,6,true,0,0.000
rand-00-08,rand,seed=0x991d34cf157cbe9c;cycles=6,26161,false,5698,0.147,34,6,512,0.387,34,6,true,0,0.000
rand-00-08,rand,seed=0x991d34cf157cbe9c;cycles=6,26161,false,5698,0.147,34,6,1024,0.355,34,6,true,0,0.000
rand-00-08,rand,seed=0x991d34cf157cbe9c;cycles=6,26161,false,5698,0.147,34,6,2048,0.363,34,6,true,0,0.000
rand-00-08,rand,seed=0x991d34cf157cbe9c;cycles=6,26161,false,5698,0.147,34,6,4096,0.353,34,6,true,0,0.000
rand-00-08,rand,seed=0x991d34cf157cbe9c;cycles=6,26161,false,5698,0.147,34,6,8192,0.371,34,6,true,0,0.000
rand-00-08,rand,seed=0x991d34cf157cbe9c;cycles=6,26161,false,5698,0.147,34,6,16384,0.370,34,6,true,0,0.000
xover-08,xover,d3w4c10,3298200,false,1095511,0.055,19,8,1,0.064,19,8,false,0,0.000
xover-08,xover,d3w4c10,3298200,false,1095511,0.055,19,8,2,0.058,19,8,false,0,0.000
xover-08,xover,d3w4c10,3298200,false,1095511,0.055,19,8,4,0.067,19,8,false,0,0.000
xover-08,xover,d3w4c10,3298200,false,1095511,0.055,19,8,8,0.072,19,8,true,0,0.000
xover-08,xover,d3w4c10,3298200,false,1095511,0.055,19,8,16,0.068,19,8,true,0,0.000
xover-08,xover,d3w4c10,3298200,false,1095511,0.055,19,8,32,0.079,19,8,true,0,0.000
xover-08,xover,d3w4c10,3298200,false,1095511,0.055,19,8,64,0.078,19,8,true,0,0.000
xover-08,xover,d3w4c10,3298200,false,1095511,0.055,19,8,128,0.073,19,8,true,0,0.000
xover-08,xover,d3w4c10,3298200,false,1095511,0.055,19,8,256,0.069,19,8,true,0,0.000
xover-08,xover,d3w4c10,3298200,false,1095511,0.055,19,8,512,0.073,19,8,true,0,0.000
xover-08,xover,d3w4c10,3298200,false,1095511,0.055,19,8,1024,0.072,19,8,true,0,0.000
xover-08,xover,d3w4c10,3298200,false,1095511,0.055,19,8,2048,0.069,19,8,true,0,0.000
xover-08,xover,d3w4c10,3298200,false,1095511,0.055,19,8,4096,0.067,19,8,true,0,0.000
xover-08,xover,d3w4c10,3298200,false,1095511,0.055,19,8,8192,0.068,19,8,true,0,0.000
xover-08,xover,d3w4c10,3298200,false,1095511,0.055,19,8,16384,0.071,19,8,true,0,0.000
width-08,width,d8w128,131072,false,131081,41.434,18,2,1,28.527,18,2,false,0,0.000
width-08,width,d8w128,131072,false,131081,41.434,18,2,2,29.341,18,2,false,0,0.000
width-08,width,d8w128,131072,false,131081,41.434,18,2,4,29.683,18,2,false,0,0.000
width-08,width,d8w128,131072,false,131081,41.434,18,2,8,34.703,18,2,false,0,0.000
width-08,width,d8w128,131072,false,131081,41.434,18,2,16,33.192,18,2,false,0,0.000
width-08,width,d8w128,131072,false,131081,41.434,18,2,32,38.101,18,2,false,0,0.000
width-08,width,d8w128,131072,false,131081,41.434,18,2,64,42.335,18,2,false,0,0.000
width-08,width,d8w128,131072,false,131081,41.434,18,2,128,55.945,18,2,false,0,0.000
width-08,width,d8w128,131072,false,131081,41.434,18,2,256,91.713,18,2,false,0,0.000
width-08,width,d8w128,131072,false,131081,41.434,18,2,512,182.075,18,2,false,0,0.000
width-08,width,d8w128,131072,false,131081,41.434,18,2,1024,574.962,18,2,true,0,0.000
width-08,width,d8w128,131072,false,131081,41.434,18,2,2048,552.087,18,2,true,0,0.000
width-08,width,d8w128,131072,false,131081,41.434,18,2,4096,564.811,18,2,true,0,0.000
width-08,width,d8w128,131072,false,131081,41.434,18,2,8192,562.882,18,2,true,0,0.000
width-08,width,d8w128,131072,false,131081,41.434,18,2,16384,579.450,18,2,true,0,0.000
ac-08,ac,m64c12,4096,false,5777,156.484,15,2,1,588.326,15,2,false,0,0.000
ac-08,ac,m64c12,4096,false,5777,156.484,15,2,2,603.489,15,2,false,0,0.000
ac-08,ac,m64c12,4096,false,5777,156.484,15,2,4,603.266,15,2,false,0,0.000
ac-08,ac,m64c12,4096,false,5777,156.484,15,2,8,607.975,15,2,false,0,0.000
ac-08,ac,m64c12,4096,false,5777,156.484,15,2,16,580.680,15,2,false,0,0.000
ac-08,ac,m64c12,4096,false,5777,156.484,15,2,32,592.477,15,2,false,0,0.000
ac-08,ac,m64c12,4096,false,5777,156.484,15,2,64,596.565,15,2,true,0,0.000
ac-08,ac,m64c12,4096,false,5777,156.484,15,2,128,608.476,15,2,true,0,0.000
ac-08,ac,m64c12,4096,false,5777,156.484,15,2,256,580.038,15,2,true,0,0.000
ac-08,ac,m64c12,4096,false,5777,156.484,15,2,512,599.511,15,2,true,0,0.000
ac-08,ac,m64c12,4096,false,5777,156.484,15,2,1024,580.633,15,2,true,0,0.000
ac-08,ac,m64c12,4096,false,5777,156.484,15,2,2048,573.366,15,2,true,0,0.000
ac-08,ac,m64c12,4096,false,5777,156.484,15,2,4096,595.533,15,2,true,0,0.000
ac-08,ac,m64c12,4096,false,5777,156.484,15,2,8192,579.126,15,2,true,0,0.000
ac-08,ac,m64c12,4096,false,5777,156.484,15,2,16384,597.870,15,2,true,0,0.000
dec-009,dec,d_b=3;m=3;gap=3;k=1;q=1;s=5,6,false,8,0.071,8,2,1,0.028,11,10,false,0,0.000
dec-009,dec,d_b=3;m=3;gap=3;k=1;q=1;s=5,6,false,8,0.071,8,2,2,0.034,8,2,false,0,0.000
dec-009,dec,d_b=3;m=3;gap=3;k=1;q=1;s=5,6,false,8,0.071,8,2,4,0.042,8,2,false,0,0.000
dec-009,dec,d_b=3;m=3;gap=3;k=1;q=1;s=5,6,false,8,0.071,8,2,8,0.043,8,2,true,0,0.000
dec-009,dec,d_b=3;m=3;gap=3;k=1;q=1;s=5,6,false,8,0.071,8,2,16,0.039,8,2,true,0,0.000
dec-009,dec,d_b=3;m=3;gap=3;k=1;q=1;s=5,6,false,8,0.071,8,2,32,0.038,8,2,true,0,0.000
dec-009,dec,d_b=3;m=3;gap=3;k=1;q=1;s=5,6,false,8,0.071,8,2,64,0.037,8,2,true,0,0.000
dec-009,dec,d_b=3;m=3;gap=3;k=1;q=1;s=5,6,false,8,0.071,8,2,128,0.045,8,2,true,0,0.000
dec-009,dec,d_b=3;m=3;gap=3;k=1;q=1;s=5,6,false,8,0.071,8,2,256,0.051,8,2,true,0,0.000
dec-009,dec,d_b=3;m=3;gap=3;k=1;q=1;s=5,6,false,8,0.071,8,2,512,0.040,8,2,true,0,0.000
dec-009,dec,d_b=3;m=3;gap=3;k=1;q=1;s=5,6,false,8,0.071,8,2,1024,0.037,8,2,true,0,0.000
dec-009,dec,d_b=3;m=3;gap=3;k=1;q=1;s=5,6,false,8,0.071,8,2,2048,0.036,8,2,true,0,0.000
dec-009,dec,d_b=3;m=3;gap=3;k=1;q=1;s=5,6,false,8,0.071,8,2,4096,0.036,8,2,true,0,0.000
dec-009,dec,d_b=3;m=3;gap=3;k=1;q=1;s=5,6,false,8,0.071,8,2,8192,0.049,8,2,true,0,0.000
dec-009,dec,d_b=3;m=3;gap=3;k=1;q=1;s=5,6,false,8,0.071,8,2,16384,0.036,8,2,true,0,0.000
wide-009,wide,d4w64;d_b=8;m=2;gap=2;k=2,16408,false,16413,8.778,18,2,1,4.626,21,12,false,0,0.000
wide-009,wide,d4w64;d_b=8;m=2;gap=2;k=2,16408,false,16413,8.778,18,2,2,4.642,21,12,false,0,0.000
wide-009,wide,d4w64;d_b=8;m=2;gap=2;k=2,16408,false,16413,8.778,18,2,4,4.843,21,12,false,0,0.000
wide-009,wide,d4w64;d_b=8;m=2;gap=2;k=2,16408,false,16413,8.778,18,2,8,4.970,21,12,false,0,0.000
wide-009,wide,d4w64;d_b=8;m=2;gap=2;k=2,16408,false,16413,8.778,18,2,16,5.524,21,12,false,0,0.000
wide-009,wide,d4w64;d_b=8;m=2;gap=2;k=2,16408,false,16413,8.778,18,2,32,8.586,21,12,false,0,0.000
wide-009,wide,d4w64;d_b=8;m=2;gap=2;k=2,16408,false,16413,8.778,18,2,64,8.004,21,12,false,0,0.000
wide-009,wide,d4w64;d_b=8;m=2;gap=2;k=2,16408,false,16413,8.778,18,2,128,11.534,21,12,false,0,0.000
wide-009,wide,d4w64;d_b=8;m=2;gap=2;k=2,16408,false,16413,8.778,18,2,256,18.491,21,12,false,0,0.000
wide-009,wide,d4w64;d_b=8;m=2;gap=2;k=2,16408,false,16413,8.778,18,2,512,32.022,21,12,false,0,0.000
wide-009,wide,d4w64;d_b=8;m=2;gap=2;k=2,16408,false,16413,8.778,18,2,1024,61.458,21,12,false,0,0.000
wide-009,wide,d4w64;d_b=8;m=2;gap=2;k=2,16408,false,16413,8.778,18,2,2048,133.000,21,12,false,0,0.000
wide-009,wide,d4w64;d_b=8;m=2;gap=2;k=2,16408,false,16413,8.778,18,2,4096,287.478,21,12,false,0,0.000
wide-009,wide,d4w64;d_b=8;m=2;gap=2;k=2,16408,false,16413,8.778,18,2,8192,1296.126,21,12,false,0,0.000
wide-009,wide,d4w64;d_b=8;m=2;gap=2;k=2,16408,false,16413,8.778,18,2,16384,5677.953,21,12,false,0,0.000
mixed-003-0,mixed,seed=0xeda4528973354436;cycles=6;planted=1;d_b=16;m=5;gap=2;k=1,26320,false,5711,0.359,82,8,1,0.132,85,74,false,0,0.000
mixed-003-0,mixed,seed=0xeda4528973354436;cycles=6;planted=1;d_b=16;m=5;gap=2;k=1,26320,false,5711,0.359,82,8,2,0.157,85,74,false,0,0.000
mixed-003-0,mixed,seed=0xeda4528973354436;cycles=6;planted=1;d_b=16;m=5;gap=2;k=1,26320,false,5711,0.359,82,8,4,0.167,85,74,false,0,0.000
mixed-003-0,mixed,seed=0xeda4528973354436;cycles=6;planted=1;d_b=16;m=5;gap=2;k=1,26320,false,5711,0.359,82,8,8,0.228,85,74,false,0,0.000
mixed-003-0,mixed,seed=0xeda4528973354436;cycles=6;planted=1;d_b=16;m=5;gap=2;k=1,26320,false,5711,0.359,82,8,16,0.415,85,74,false,0,0.000
mixed-003-0,mixed,seed=0xeda4528973354436;cycles=6;planted=1;d_b=16;m=5;gap=2;k=1,26320,false,5711,0.359,82,8,32,0.802,82,8,false,0,0.000
mixed-003-0,mixed,seed=0xeda4528973354436;cycles=6;planted=1;d_b=16;m=5;gap=2;k=1,26320,false,5711,0.359,82,8,64,0.863,82,8,true,0,0.000
mixed-003-0,mixed,seed=0xeda4528973354436;cycles=6;planted=1;d_b=16;m=5;gap=2;k=1,26320,false,5711,0.359,82,8,128,0.894,82,8,true,0,0.000
mixed-003-0,mixed,seed=0xeda4528973354436;cycles=6;planted=1;d_b=16;m=5;gap=2;k=1,26320,false,5711,0.359,82,8,256,0.880,82,8,true,0,0.000
mixed-003-0,mixed,seed=0xeda4528973354436;cycles=6;planted=1;d_b=16;m=5;gap=2;k=1,26320,false,5711,0.359,82,8,512,0.926,82,8,true,0,0.000
mixed-003-0,mixed,seed=0xeda4528973354436;cycles=6;planted=1;d_b=16;m=5;gap=2;k=1,26320,false,5711,0.359,82,8,1024,0.902,82,8,true,0,0.000
mixed-003-0,mixed,seed=0xeda4528973354436;cycles=6;planted=1;d_b=16;m=5;gap=2;k=1,26320,false,5711,0.359,82,8,2048,0.886,82,8,true,0,0.000
mixed-003-0,mixed,seed=0xeda4528973354436;cycles=6;planted=1;d_b=16;m=5;gap=2;k=1,26320,false,5711,0.359,82,8,4096,5.029,82,8,true,0,0.000
mixed-003-0,mixed,seed=0xeda4528973354436;cycles=6;planted=1;d_b=16;m=5;gap=2;k=1,26320,false,5711,0.359,82,8,8192,0.891,82,8,true,0,0.000
mixed-003-0,mixed,seed=0xeda4528973354436;cycles=6;planted=1;d_b=16;m=5;gap=2;k=1,26320,false,5711,0.359,82,8,16384,0.957,82,8,true,0,0.000
rand-00-09,rand,seed=0xf055a24b6377f62e;cycles=6,26161,false,5654,0.085,18,8,1,0.100,18,8,false,0,0.000
rand-00-09,rand,seed=0xf055a24b6377f62e;cycles=6,26161,false,5654,0.085,18,8,2,0.100,18,8,false,0,0.000
rand-00-09,rand,seed=0xf055a24b6377f62e;cycles=6,26161,false,5654,0.085,18,8,4,0.106,18,8,false,0,0.000
rand-00-09,rand,seed=0xf055a24b6377f62e;cycles=6,26161,false,5654,0.085,18,8,8,0.139,18,8,true,0,0.000
rand-00-09,rand,seed=0xf055a24b6377f62e;cycles=6,26161,false,5654,0.085,18,8,16,0.129,18,8,true,0,0.000
rand-00-09,rand,seed=0xf055a24b6377f62e;cycles=6,26161,false,5654,0.085,18,8,32,0.143,18,8,true,0,0.000
rand-00-09,rand,seed=0xf055a24b6377f62e;cycles=6,26161,false,5654,0.085,18,8,64,0.134,18,8,true,0,0.000
rand-00-09,rand,seed=0xf055a24b6377f62e;cycles=6,26161,false,5654,0.085,18,8,128,0.128,18,8,true,0,0.000
rand-00-09,rand,seed=0xf055a24b6377f62e;cycles=6,26161,false,5654,0.085,18,8,256,0.136,18,8,true,0,0.000
rand-00-09,rand,seed=0xf055a24b6377f62e;cycles=6,26161,false,5654,0.085,18,8,512,0.144,18,8,true,0,0.000
rand-00-09,rand,seed=0xf055a24b6377f62e;cycles=6,26161,false,5654,0.085,18,8,1024,0.129,18,8,true,0,0.000
rand-00-09,rand,seed=0xf055a24b6377f62e;cycles=6,26161,false,5654,0.085,18,8,2048,0.126,18,8,true,0,0.000
rand-00-09,rand,seed=0xf055a24b6377f62e;cycles=6,26161,false,5654,0.085,18,8,4096,0.125,18,8,true,0,0.000
rand-00-09,rand,seed=0xf055a24b6377f62e;cycles=6,26161,false,5654,0.085,18,8,8192,0.123,18,8,true,0,0.000
rand-00-09,rand,seed=0xf055a24b6377f62e;cycles=6,26161,false,5654,0.085,18,8,16384,0.122,18,8,true,0,0.000
xover-09,xover,d3w4c12,10934889,true,4000000,0.056,19,8,1,0.062,19,8,false,0,0.000
xover-09,xover,d3w4c12,10934889,true,4000000,0.056,19,8,2,0.067,19,8,false,0,0.000
xover-09,xover,d3w4c12,10934889,true,4000000,0.056,19,8,4,0.073,19,8,false,0,0.000
xover-09,xover,d3w4c12,10934889,true,4000000,0.056,19,8,8,0.068,19,8,true,0,0.000
xover-09,xover,d3w4c12,10934889,true,4000000,0.056,19,8,16,0.078,19,8,true,0,0.000
xover-09,xover,d3w4c12,10934889,true,4000000,0.056,19,8,32,0.078,19,8,true,0,0.000
xover-09,xover,d3w4c12,10934889,true,4000000,0.056,19,8,64,0.073,19,8,true,0,0.000
xover-09,xover,d3w4c12,10934889,true,4000000,0.056,19,8,128,0.075,19,8,true,0,0.000
xover-09,xover,d3w4c12,10934889,true,4000000,0.056,19,8,256,0.071,19,8,true,0,0.000
xover-09,xover,d3w4c12,10934889,true,4000000,0.056,19,8,512,0.070,19,8,true,0,0.000
xover-09,xover,d3w4c12,10934889,true,4000000,0.056,19,8,1024,0.068,19,8,true,0,0.000
xover-09,xover,d3w4c12,10934889,true,4000000,0.056,19,8,2048,0.070,19,8,true,0,0.000
xover-09,xover,d3w4c12,10934889,true,4000000,0.056,19,8,4096,0.070,19,8,true,0,0.000
xover-09,xover,d3w4c12,10934889,true,4000000,0.056,19,8,8192,0.067,19,8,true,0,0.000
xover-09,xover,d3w4c12,10934889,true,4000000,0.056,19,8,16384,0.071,19,8,true,0,0.000
width-09,width,d8w256,524288,false,524297,176.525,18,2,1,113.993,18,2,false,0,0.000
width-09,width,d8w256,524288,false,524297,176.525,18,2,2,116.070,18,2,false,0,0.000
width-09,width,d8w256,524288,false,524297,176.525,18,2,4,119.236,18,2,false,0,0.000
width-09,width,d8w256,524288,false,524297,176.525,18,2,8,121.409,18,2,false,0,0.000
width-09,width,d8w256,524288,false,524297,176.525,18,2,16,125.507,18,2,false,0,0.000
width-09,width,d8w256,524288,false,524297,176.525,18,2,32,140.714,18,2,false,0,0.000
width-09,width,d8w256,524288,false,524297,176.525,18,2,64,163.496,18,2,false,0,0.000
width-09,width,d8w256,524288,false,524297,176.525,18,2,128,214.600,18,2,false,0,0.000
width-09,width,d8w256,524288,false,524297,176.525,18,2,256,329.174,18,2,false,0,0.000
width-09,width,d8w256,524288,false,524297,176.525,18,2,512,696.116,18,2,false,0,0.000
width-09,width,d8w256,524288,false,524297,176.525,18,2,1024,1709.912,18,2,false,0,0.000
width-09,width,d8w256,524288,false,524297,176.525,18,2,2048,5208.622,18,2,true,0,0.000
width-09,width,d8w256,524288,false,524297,176.525,18,2,4096,5107.100,18,2,true,0,0.000
width-09,width,d8w256,524288,false,524297,176.525,18,2,8192,5208.795,18,2,true,0,0.000
width-09,width,d8w256,524288,false,524297,176.525,18,2,16384,5206.158,18,2,true,0,0.000
ac-09,ac,m96c4,9216,false,10001,211.431,7,2,1,538.726,7,2,false,0,0.000
ac-09,ac,m96c4,9216,false,10001,211.431,7,2,2,554.817,7,2,false,0,0.000
ac-09,ac,m96c4,9216,false,10001,211.431,7,2,4,544.418,7,2,false,0,0.000
ac-09,ac,m96c4,9216,false,10001,211.431,7,2,8,545.606,7,2,false,0,0.000
ac-09,ac,m96c4,9216,false,10001,211.431,7,2,16,559.770,7,2,false,0,0.000
ac-09,ac,m96c4,9216,false,10001,211.431,7,2,32,542.940,7,2,false,0,0.000
ac-09,ac,m96c4,9216,false,10001,211.431,7,2,64,568.199,7,2,false,0,0.000
ac-09,ac,m96c4,9216,false,10001,211.431,7,2,128,591.109,7,2,true,0,0.000
ac-09,ac,m96c4,9216,false,10001,211.431,7,2,256,590.656,7,2,true,0,0.000
ac-09,ac,m96c4,9216,false,10001,211.431,7,2,512,617.095,7,2,true,0,0.000
ac-09,ac,m96c4,9216,false,10001,211.431,7,2,1024,620.288,7,2,true,0,0.000
ac-09,ac,m96c4,9216,false,10001,211.431,7,2,2048,588.802,7,2,true,0,0.000
ac-09,ac,m96c4,9216,false,10001,211.431,7,2,4096,566.679,7,2,true,0,0.000
ac-09,ac,m96c4,9216,false,10001,211.431,7,2,8192,557.527,7,2,true,0,0.000
ac-09,ac,m96c4,9216,false,10001,211.431,7,2,16384,557.234,7,2,true,0,0.000
dec-010,dec,d_b=3;m=3;gap=3;k=2;q=1;s=5,9,false,11,0.070,8,2,1,0.026,11,10,false,0,0.000
dec-010,dec,d_b=3;m=3;gap=3;k=2;q=1;s=5,9,false,11,0.070,8,2,2,0.030,11,10,false,0,0.000
dec-010,dec,d_b=3;m=3;gap=3;k=2;q=1;s=5,9,false,11,0.070,8,2,4,0.041,8,2,false,0,0.000
dec-010,dec,d_b=3;m=3;gap=3;k=2;q=1;s=5,9,false,11,0.070,8,2,8,0.048,8,2,true,0,0.000
dec-010,dec,d_b=3;m=3;gap=3;k=2;q=1;s=5,9,false,11,0.070,8,2,16,0.046,8,2,true,0,0.000
dec-010,dec,d_b=3;m=3;gap=3;k=2;q=1;s=5,9,false,11,0.070,8,2,32,0.045,8,2,true,0,0.000
dec-010,dec,d_b=3;m=3;gap=3;k=2;q=1;s=5,9,false,11,0.070,8,2,64,0.053,8,2,true,0,0.000
dec-010,dec,d_b=3;m=3;gap=3;k=2;q=1;s=5,9,false,11,0.070,8,2,128,0.054,8,2,true,0,0.000
dec-010,dec,d_b=3;m=3;gap=3;k=2;q=1;s=5,9,false,11,0.070,8,2,256,0.058,8,2,true,0,0.000
dec-010,dec,d_b=3;m=3;gap=3;k=2;q=1;s=5,9,false,11,0.070,8,2,512,0.047,8,2,true,0,0.000
dec-010,dec,d_b=3;m=3;gap=3;k=2;q=1;s=5,9,false,11,0.070,8,2,1024,0.046,8,2,true,0,0.000
dec-010,dec,d_b=3;m=3;gap=3;k=2;q=1;s=5,9,false,11,0.070,8,2,2048,0.045,8,2,true,0,0.000
dec-010,dec,d_b=3;m=3;gap=3;k=2;q=1;s=5,9,false,11,0.070,8,2,4096,0.044,8,2,true,0,0.000
dec-010,dec,d_b=3;m=3;gap=3;k=2;q=1;s=5,9,false,11,0.070,8,2,8192,0.044,8,2,true,0,0.000
dec-010,dec,d_b=3;m=3;gap=3;k=2;q=1;s=5,9,false,11,0.070,8,2,16384,0.043,8,2,true,0,0.000
wide-010,wide,d4w64;d_b=12;m=3;gap=6;k=2,16420,false,16426,8.958,34,2,1,4.696,41,32,false,0,0.000
wide-010,wide,d4w64;d_b=12;m=3;gap=6;k=2,16420,false,16426,8.958,34,2,2,4.731,41,32,false,0,0.000
wide-010,wide,d4w64;d_b=12;m=3;gap=6;k=2,16420,false,16426,8.958,34,2,4,4.818,41,32,false,0,0.000
wide-010,wide,d4w64;d_b=12;m=3;gap=6;k=2,16420,false,16426,8.958,34,2,8,5.064,41,32,false,0,0.000
wide-010,wide,d4w64;d_b=12;m=3;gap=6;k=2,16420,false,16426,8.958,34,2,16,5.466,41,32,false,0,0.000
wide-010,wide,d4w64;d_b=12;m=3;gap=6;k=2,16420,false,16426,8.958,34,2,32,6.521,41,32,false,0,0.000
wide-010,wide,d4w64;d_b=12;m=3;gap=6;k=2,16420,false,16426,8.958,34,2,64,8.171,41,32,false,0,0.000
wide-010,wide,d4w64;d_b=12;m=3;gap=6;k=2,16420,false,16426,8.958,34,2,128,11.584,41,32,false,0,0.000
wide-010,wide,d4w64;d_b=12;m=3;gap=6;k=2,16420,false,16426,8.958,34,2,256,18.804,41,32,false,0,0.000
wide-010,wide,d4w64;d_b=12;m=3;gap=6;k=2,16420,false,16426,8.958,34,2,512,32.340,41,32,false,0,0.000
wide-010,wide,d4w64;d_b=12;m=3;gap=6;k=2,16420,false,16426,8.958,34,2,1024,61.770,41,32,false,0,0.000
wide-010,wide,d4w64;d_b=12;m=3;gap=6;k=2,16420,false,16426,8.958,34,2,2048,130.117,41,32,false,0,0.000
wide-010,wide,d4w64;d_b=12;m=3;gap=6;k=2,16420,false,16426,8.958,34,2,4096,311.843,41,32,false,0,0.000
wide-010,wide,d4w64;d_b=12;m=3;gap=6;k=2,16420,false,16426,8.958,34,2,8192,1346.872,41,32,false,0,0.000
wide-010,wide,d4w64;d_b=12;m=3;gap=6;k=2,16420,false,16426,8.958,34,2,16384,5557.542,41,32,false,0,0.000
mixed-003-1,mixed,seed=0x5719320715bdd32c;cycles=6;planted=1;d_b=16;m=5;gap=2;k=1,14009,false,3167,0.364,74,6,1,0.090,77,72,false,0,0.000
mixed-003-1,mixed,seed=0x5719320715bdd32c;cycles=6;planted=1;d_b=16;m=5;gap=2;k=1,14009,false,3167,0.364,74,6,2,0.088,77,72,false,0,0.000
mixed-003-1,mixed,seed=0x5719320715bdd32c;cycles=6;planted=1;d_b=16;m=5;gap=2;k=1,14009,false,3167,0.364,74,6,4,0.090,77,72,false,0,0.000
mixed-003-1,mixed,seed=0x5719320715bdd32c;cycles=6;planted=1;d_b=16;m=5;gap=2;k=1,14009,false,3167,0.364,74,6,8,0.153,77,72,false,0,0.000
mixed-003-1,mixed,seed=0x5719320715bdd32c;cycles=6;planted=1;d_b=16;m=5;gap=2;k=1,14009,false,3167,0.364,74,6,16,0.293,77,72,false,0,0.000
mixed-003-1,mixed,seed=0x5719320715bdd32c;cycles=6;planted=1;d_b=16;m=5;gap=2;k=1,14009,false,3167,0.364,74,6,32,0.562,74,6,true,0,0.000
mixed-003-1,mixed,seed=0x5719320715bdd32c;cycles=6;planted=1;d_b=16;m=5;gap=2;k=1,14009,false,3167,0.364,74,6,64,0.572,74,6,true,0,0.000
mixed-003-1,mixed,seed=0x5719320715bdd32c;cycles=6;planted=1;d_b=16;m=5;gap=2;k=1,14009,false,3167,0.364,74,6,128,0.577,74,6,true,0,0.000
mixed-003-1,mixed,seed=0x5719320715bdd32c;cycles=6;planted=1;d_b=16;m=5;gap=2;k=1,14009,false,3167,0.364,74,6,256,0.541,74,6,true,0,0.000
mixed-003-1,mixed,seed=0x5719320715bdd32c;cycles=6;planted=1;d_b=16;m=5;gap=2;k=1,14009,false,3167,0.364,74,6,512,0.555,74,6,true,0,0.000
mixed-003-1,mixed,seed=0x5719320715bdd32c;cycles=6;planted=1;d_b=16;m=5;gap=2;k=1,14009,false,3167,0.364,74,6,1024,0.568,74,6,true,0,0.000
mixed-003-1,mixed,seed=0x5719320715bdd32c;cycles=6;planted=1;d_b=16;m=5;gap=2;k=1,14009,false,3167,0.364,74,6,2048,2.252,74,6,true,0,0.000
mixed-003-1,mixed,seed=0x5719320715bdd32c;cycles=6;planted=1;d_b=16;m=5;gap=2;k=1,14009,false,3167,0.364,74,6,4096,0.559,74,6,true,0,0.000
mixed-003-1,mixed,seed=0x5719320715bdd32c;cycles=6;planted=1;d_b=16;m=5;gap=2;k=1,14009,false,3167,0.364,74,6,8192,0.547,74,6,true,0,0.000
mixed-003-1,mixed,seed=0x5719320715bdd32c;cycles=6;planted=1;d_b=16;m=5;gap=2;k=1,14009,false,3167,0.364,74,6,16384,0.556,74,6,true,0,0.000
rand-00-10,rand,seed=0x54ca5a9ff5123dce;cycles=6,26287,false,5682,0.100,15,8,1,0.099,15,8,false,0,0.000
rand-00-10,rand,seed=0x54ca5a9ff5123dce;cycles=6,26287,false,5682,0.100,15,8,2,0.102,15,8,false,0,0.000
rand-00-10,rand,seed=0x54ca5a9ff5123dce;cycles=6,26287,false,5682,0.100,15,8,4,0.164,15,8,false,0,0.000
rand-00-10,rand,seed=0x54ca5a9ff5123dce;cycles=6,26287,false,5682,0.100,15,8,8,0.207,15,8,true,0,0.000
rand-00-10,rand,seed=0x54ca5a9ff5123dce;cycles=6,26287,false,5682,0.100,15,8,16,0.185,15,8,true,0,0.000
rand-00-10,rand,seed=0x54ca5a9ff5123dce;cycles=6,26287,false,5682,0.100,15,8,32,0.198,15,8,true,0,0.000
rand-00-10,rand,seed=0x54ca5a9ff5123dce;cycles=6,26287,false,5682,0.100,15,8,64,0.207,15,8,true,0,0.000
rand-00-10,rand,seed=0x54ca5a9ff5123dce;cycles=6,26287,false,5682,0.100,15,8,128,0.185,15,8,true,0,0.000
rand-00-10,rand,seed=0x54ca5a9ff5123dce;cycles=6,26287,false,5682,0.100,15,8,256,0.180,15,8,true,0,0.000
rand-00-10,rand,seed=0x54ca5a9ff5123dce;cycles=6,26287,false,5682,0.100,15,8,512,0.198,15,8,true,0,0.000
rand-00-10,rand,seed=0x54ca5a9ff5123dce;cycles=6,26287,false,5682,0.100,15,8,1024,0.210,15,8,true,0,0.000
rand-00-10,rand,seed=0x54ca5a9ff5123dce;cycles=6,26287,false,5682,0.100,15,8,2048,0.198,15,8,true,0,0.000
rand-00-10,rand,seed=0x54ca5a9ff5123dce;cycles=6,26287,false,5682,0.100,15,8,4096,0.183,15,8,true,0,0.000
rand-00-10,rand,seed=0x54ca5a9ff5123dce;cycles=6,26287,false,5682,0.100,15,8,8192,0.198,15,8,true,0,0.000
rand-00-10,rand,seed=0x54ca5a9ff5123dce;cycles=6,26287,false,5682,0.100,15,8,16384,0.186,15,8,true,0,0.000
xover-10,xover,d3w8c4,159,false,98,0.039,19,8,1,0.030,19,8,false,0,0.000
xover-10,xover,d3w8c4,159,false,98,0.039,19,8,2,0.029,19,8,false,0,0.000
xover-10,xover,d3w8c4,159,false,98,0.039,19,8,4,0.045,19,8,true,0,0.000
xover-10,xover,d3w8c4,159,false,98,0.039,19,8,8,0.045,19,8,true,0,0.000
xover-10,xover,d3w8c4,159,false,98,0.039,19,8,16,0.043,19,8,true,0,0.000
xover-10,xover,d3w8c4,159,false,98,0.039,19,8,32,0.039,19,8,true,0,0.000
xover-10,xover,d3w8c4,159,false,98,0.039,19,8,64,0.043,19,8,true,0,0.000
xover-10,xover,d3w8c4,159,false,98,0.039,19,8,128,0.043,19,8,true,0,0.000
xover-10,xover,d3w8c4,159,false,98,0.039,19,8,256,0.039,19,8,true,0,0.000
xover-10,xover,d3w8c4,159,false,98,0.039,19,8,512,0.040,19,8,true,0,0.000
xover-10,xover,d3w8c4,159,false,98,0.039,19,8,1024,0.042,19,8,true,0,0.000
xover-10,xover,d3w8c4,159,false,98,0.039,19,8,2048,0.038,19,8,true,0,0.000
xover-10,xover,d3w8c4,159,false,98,0.039,19,8,4096,0.040,19,8,true,0,0.000
xover-10,xover,d3w8c4,159,false,98,0.039,19,8,8192,0.039,19,8,true,0,0.000
xover-10,xover,d3w8c4,159,false,98,0.039,19,8,16384,0.040,19,8,true,0,0.000
width-10,width,d12w16,3072,false,3085,1.289,26,2,1,0.939,26,2,false,0,0.000
width-10,width,d12w16,3072,false,3085,1.289,26,2,2,0.933,26,2,false,0,0.000
width-10,width,d12w16,3072,false,3085,1.289,26,2,4,0.930,26,2,false,0,0.000
width-10,width,d12w16,3072,false,3085,1.289,26,2,8,1.010,26,2,false,0,0.000
width-10,width,d12w16,3072,false,3085,1.289,26,2,16,1.008,26,2,false,0,0.000
width-10,width,d12w16,3072,false,3085,1.289,26,2,32,1.172,26,2,false,0,0.000
width-10,width,d12w16,3072,false,3085,1.289,26,2,64,1.577,26,2,false,0,0.000
width-10,width,d12w16,3072,false,3085,1.289,26,2,128,2.725,26,2,false,0,0.000
width-10,width,d12w16,3072,false,3085,1.289,26,2,256,4.357,26,2,true,0,0.000
width-10,width,d12w16,3072,false,3085,1.289,26,2,512,4.402,26,2,true,0,0.000
width-10,width,d12w16,3072,false,3085,1.289,26,2,1024,4.372,26,2,true,0,0.000
width-10,width,d12w16,3072,false,3085,1.289,26,2,2048,4.556,26,2,true,0,0.000
width-10,width,d12w16,3072,false,3085,1.289,26,2,4096,4.412,26,2,true,0,0.000
width-10,width,d12w16,3072,false,3085,1.289,26,2,8192,5.998,26,2,true,0,0.000
width-10,width,d12w16,3072,false,3085,1.289,26,2,16384,4.384,26,2,true,0,0.000
ac-10,ac,m96c8,9216,false,10817,307.155,11,2,1,1169.414,11,2,false,0,0.000
ac-10,ac,m96c8,9216,false,10817,307.155,11,2,2,1099.872,11,2,false,0,0.000
ac-10,ac,m96c8,9216,false,10817,307.155,11,2,4,1100.743,11,2,false,0,0.000
ac-10,ac,m96c8,9216,false,10817,307.155,11,2,8,1082.628,11,2,false,0,0.000
ac-10,ac,m96c8,9216,false,10817,307.155,11,2,16,1090.424,11,2,false,0,0.000
ac-10,ac,m96c8,9216,false,10817,307.155,11,2,32,1138.490,11,2,false,0,0.000
ac-10,ac,m96c8,9216,false,10817,307.155,11,2,64,1100.284,11,2,false,0,0.000
ac-10,ac,m96c8,9216,false,10817,307.155,11,2,128,1130.469,11,2,true,0,0.000
ac-10,ac,m96c8,9216,false,10817,307.155,11,2,256,1105.892,11,2,true,0,0.000
ac-10,ac,m96c8,9216,false,10817,307.155,11,2,512,1153.382,11,2,true,0,0.000
ac-10,ac,m96c8,9216,false,10817,307.155,11,2,1024,1110.629,11,2,true,0,0.000
ac-10,ac,m96c8,9216,false,10817,307.155,11,2,2048,1150.436,11,2,true,0,0.000
ac-10,ac,m96c8,9216,false,10817,307.155,11,2,4096,1112.572,11,2,true,0,0.000
ac-10,ac,m96c8,9216,false,10817,307.155,11,2,8192,1084.826,11,2,true,0,0.000
ac-10,ac,m96c8,9216,false,10817,307.155,11,2,16384,1108.736,11,2,true,0,0.000
dec-011,dec,d_b=3;m=3;gap=3;k=4;q=1;s=5,15,false,17,0.086,8,2,1,0.034,11,10,false,0,0.000
dec-011,dec,d_b=3;m=3;gap=3;k=4;q=1;s=5,15,false,17,0.086,8,2,2,0.044,11,10,false,0,0.000
dec-011,dec,d_b=3;m=3;gap=3;k=4;q=1;s=5,15,false,17,0.086,8,2,4,0.052,11,10,false,0,0.000
dec-011,dec,d_b=3;m=3;gap=3;k=4;q=1;s=5,15,false,17,0.086,8,2,8,0.090,8,2,true,0,0.000
dec-011,dec,d_b=3;m=3;gap=3;k=4;q=1;s=5,15,false,17,0.086,8,2,16,0.086,8,2,true,0,0.000
dec-011,dec,d_b=3;m=3;gap=3;k=4;q=1;s=5,15,false,17,0.086,8,2,32,0.110,8,2,true,0,0.000
dec-011,dec,d_b=3;m=3;gap=3;k=4;q=1;s=5,15,false,17,0.086,8,2,64,0.100,8,2,true,0,0.000
dec-011,dec,d_b=3;m=3;gap=3;k=4;q=1;s=5,15,false,17,0.086,8,2,128,0.090,8,2,true,0,0.000
dec-011,dec,d_b=3;m=3;gap=3;k=4;q=1;s=5,15,false,17,0.086,8,2,256,0.091,8,2,true,0,0.000
dec-011,dec,d_b=3;m=3;gap=3;k=4;q=1;s=5,15,false,17,0.086,8,2,512,0.082,8,2,true,0,0.000
dec-011,dec,d_b=3;m=3;gap=3;k=4;q=1;s=5,15,false,17,0.086,8,2,1024,0.092,8,2,true,0,0.000
dec-011,dec,d_b=3;m=3;gap=3;k=4;q=1;s=5,15,false,17,0.086,8,2,2048,0.092,8,2,true,0,0.000
dec-011,dec,d_b=3;m=3;gap=3;k=4;q=1;s=5,15,false,17,0.086,8,2,4096,0.098,8,2,true,0,0.000
dec-011,dec,d_b=3;m=3;gap=3;k=4;q=1;s=5,15,false,17,0.086,8,2,8192,0.091,8,2,true,0,0.000
dec-011,dec,d_b=3;m=3;gap=3;k=4;q=1;s=5,15,false,17,0.086,8,2,16384,0.095,8,2,true,0,0.000
wide-011,wide,d4w64;d_b=16;m=5;gap=2;k=4,16464,false,16470,7.996,74,2,1,4.230,77,68,false,0,0.000
wide-011,wide,d4w64;d_b=16;m=5;gap=2;k=4,16464,false,16470,7.996,74,2,2,4.245,77,68,false,0,0.000
wide-011,wide,d4w64;d_b=16;m=5;gap=2;k=4,16464,false,16470,7.996,74,2,4,4.400,77,68,false,0,0.000
wide-011,wide,d4w64;d_b=16;m=5;gap=2;k=4,16464,false,16470,7.996,74,2,8,4.612,77,68,false,0,0.000
wide-011,wide,d4w64;d_b=16;m=5;gap=2;k=4,16464,false,16470,7.996,74,2,16,10.022,77,68,false,0,0.000
wide-011,wide,d4w64;d_b=16;m=5;gap=2;k=4,16464,false,16470,7.996,74,2,32,5.816,77,68,false,0,0.000
wide-011,wide,d4w64;d_b=16;m=5;gap=2;k=4,16464,false,16470,7.996,74,2,64,7.552,77,68,false,0,0.000
wide-011,wide,d4w64;d_b=16;m=5;gap=2;k=4,16464,false,16470,7.996,74,2,128,10.867,77,68,false,0,0.000
wide-011,wide,d4w64;d_b=16;m=5;gap=2;k=4,16464,false,16470,7.996,74,2,256,19.656,77,68,false,0,0.000
wide-011,wide,d4w64;d_b=16;m=5;gap=2;k=4,16464,false,16470,7.996,74,2,512,43.739,77,68,false,0,0.000
wide-011,wide,d4w64;d_b=16;m=5;gap=2;k=4,16464,false,16470,7.996,74,2,1024,75.251,77,68,false,0,0.000
wide-011,wide,d4w64;d_b=16;m=5;gap=2;k=4,16464,false,16470,7.996,74,2,2048,157.188,77,68,false,0,0.000
wide-011,wide,d4w64;d_b=16;m=5;gap=2;k=4,16464,false,16470,7.996,74,2,4096,375.536,77,68,false,0,0.000
wide-011,wide,d4w64;d_b=16;m=5;gap=2;k=4,16464,false,16470,7.996,74,2,8192,1271.496,77,68,false,0,0.000
wide-011,wide,d4w64;d_b=16;m=5;gap=2;k=4,16464,false,16470,7.996,74,2,16384,4912.698,77,68,false,0,0.000
mixed-003-2,mixed,seed=0xf62f49c1d1777e47;cycles=6;planted=1;d_b=16;m=5;gap=2;k=1,49775,false,9705,0.633,89,10,1,0.186,92,76,false,0,0.000
mixed-003-2,mixed,seed=0xf62f49c1d1777e47;cycles=6;planted=1;d_b=16;m=5;gap=2;k=1,49775,false,9705,0.633,89,10,2,0.241,92,76,false,0,0.000
mixed-003-2,mixed,seed=0xf62f49c1d1777e47;cycles=6;planted=1;d_b=16;m=5;gap=2;k=1,49775,false,9705,0.633,89,10,4,0.248,92,76,false,0,0.000
mixed-003-2,mixed,seed=0xf62f49c1d1777e47;cycles=6;planted=1;d_b=16;m=5;gap=2;k=1,49775,false,9705,0.633,89,10,8,0.440,92,76,false,0,0.000
mixed-003-2,mixed,seed=0xf62f49c1d1777e47;cycles=6;planted=1;d_b=16;m=5;gap=2;k=1,49775,false,9705,0.633,89,10,16,0.469,92,76,false,0,0.000
mixed-003-2,mixed,seed=0xf62f49c1d1777e47;cycles=6;planted=1;d_b=16;m=5;gap=2;k=1,49775,false,9705,0.633,89,10,32,0.904,89,10,false,0,0.000
mixed-003-2,mixed,seed=0xf62f49c1d1777e47;cycles=6;planted=1;d_b=16;m=5;gap=2;k=1,49775,false,9705,0.633,89,10,64,1.573,89,10,true,0,0.000
mixed-003-2,mixed,seed=0xf62f49c1d1777e47;cycles=6;planted=1;d_b=16;m=5;gap=2;k=1,49775,false,9705,0.633,89,10,128,1.245,89,10,true,0,0.000
mixed-003-2,mixed,seed=0xf62f49c1d1777e47;cycles=6;planted=1;d_b=16;m=5;gap=2;k=1,49775,false,9705,0.633,89,10,256,1.206,89,10,true,0,0.000
mixed-003-2,mixed,seed=0xf62f49c1d1777e47;cycles=6;planted=1;d_b=16;m=5;gap=2;k=1,49775,false,9705,0.633,89,10,512,1.368,89,10,true,0,0.000
mixed-003-2,mixed,seed=0xf62f49c1d1777e47;cycles=6;planted=1;d_b=16;m=5;gap=2;k=1,49775,false,9705,0.633,89,10,1024,1.285,89,10,true,0,0.000
mixed-003-2,mixed,seed=0xf62f49c1d1777e47;cycles=6;planted=1;d_b=16;m=5;gap=2;k=1,49775,false,9705,0.633,89,10,2048,1.442,89,10,true,0,0.000
mixed-003-2,mixed,seed=0xf62f49c1d1777e47;cycles=6;planted=1;d_b=16;m=5;gap=2;k=1,49775,false,9705,0.633,89,10,4096,1.218,89,10,true,0,0.000
mixed-003-2,mixed,seed=0xf62f49c1d1777e47;cycles=6;planted=1;d_b=16;m=5;gap=2;k=1,49775,false,9705,0.633,89,10,8192,1.194,89,10,true,0,0.000
mixed-003-2,mixed,seed=0xf62f49c1d1777e47;cycles=6;planted=1;d_b=16;m=5;gap=2;k=1,49775,false,9705,0.633,89,10,16384,1.151,89,10,true,0,0.000
rand-00-11,rand,seed=0x0fa131908ff730f9;cycles=6,26160,false,5660,0.100,23,8,1,0.110,23,8,false,0,0.000
rand-00-11,rand,seed=0x0fa131908ff730f9;cycles=6,26160,false,5660,0.100,23,8,2,0.099,23,8,false,0,0.000
rand-00-11,rand,seed=0x0fa131908ff730f9;cycles=6,26160,false,5660,0.100,23,8,4,0.132,23,8,false,0,0.000
rand-00-11,rand,seed=0x0fa131908ff730f9;cycles=6,26160,false,5660,0.100,23,8,8,0.158,23,8,true,0,0.000
rand-00-11,rand,seed=0x0fa131908ff730f9;cycles=6,26160,false,5660,0.100,23,8,16,0.147,23,8,true,0,0.000
rand-00-11,rand,seed=0x0fa131908ff730f9;cycles=6,26160,false,5660,0.100,23,8,32,0.143,23,8,true,0,0.000
rand-00-11,rand,seed=0x0fa131908ff730f9;cycles=6,26160,false,5660,0.100,23,8,64,0.143,23,8,true,0,0.000
rand-00-11,rand,seed=0x0fa131908ff730f9;cycles=6,26160,false,5660,0.100,23,8,128,0.140,23,8,true,0,0.000
rand-00-11,rand,seed=0x0fa131908ff730f9;cycles=6,26160,false,5660,0.100,23,8,256,0.143,23,8,true,0,0.000
rand-00-11,rand,seed=0x0fa131908ff730f9;cycles=6,26160,false,5660,0.100,23,8,512,0.140,23,8,true,0,0.000
rand-00-11,rand,seed=0x0fa131908ff730f9;cycles=6,26160,false,5660,0.100,23,8,1024,0.141,23,8,true,0,0.000
rand-00-11,rand,seed=0x0fa131908ff730f9;cycles=6,26160,false,5660,0.100,23,8,2048,0.202,23,8,true,0,0.000
rand-00-11,rand,seed=0x0fa131908ff730f9;cycles=6,26160,false,5660,0.100,23,8,4096,0.197,23,8,true,0,0.000
rand-00-11,rand,seed=0x0fa131908ff730f9;cycles=6,26160,false,5660,0.100,23,8,8192,0.174,23,8,true,0,0.000
rand-00-11,rand,seed=0x0fa131908ff730f9;cycles=6,26160,false,5660,0.100,23,8,16384,0.165,23,8,true,0,0.000
xover-11,xover,d3w8c6,26160,false,5648,0.173,19,8,1,0.068,19,8,false,0,0.000
xover-11,xover,d3w8c6,26160,false,5648,0.173,19,8,2,0.075,19,8,false,0,0.000
xover-11,xover,d3w8c6,26160,false,5648,0.173,19,8,4,0.065,19,8,false,0,0.000
xover-11,xover,d3w8c6,26160,false,5648,0.173,19,8,8,0.182,19,8,true,0,0.000
xover-11,xover,d3w8c6,26160,false,5648,0.173,19,8,16,0.108,19,8,true,0,0.000
xover-11,xover,d3w8c6,26160,false,5648,0.173,19,8,32,0.074,19,8,true,0,0.000
xover-11,xover,d3w8c6,26160,false,5648,0.173,19,8,64,0.085,19,8,true,0,0.000
xover-11,xover,d3w8c6,26160,false,5648,0.173,19,8,128,0.073,19,8,true,0,0.000
xover-11,xover,d3w8c6,26160,false,5648,0.173,19,8,256,0.070,19,8,true,0,0.000
xover-11,xover,d3w8c6,26160,false,5648,0.173,19,8,512,0.081,19,8,true,0,0.000
xover-11,xover,d3w8c6,26160,false,5648,0.173,19,8,1024,0.072,19,8,true,0,0.000
xover-11,xover,d3w8c6,26160,false,5648,0.173,19,8,2048,0.069,19,8,true,0,0.000
xover-11,xover,d3w8c6,26160,false,5648,0.173,19,8,4096,0.069,19,8,true,0,0.000
xover-11,xover,d3w8c6,26160,false,5648,0.173,19,8,8192,0.068,19,8,true,0,0.000
xover-11,xover,d3w8c6,26160,false,5648,0.173,19,8,16384,0.067,19,8,true,0,0.000
width-11,width,d12w32,12288,false,12301,4.844,26,2,1,3.484,26,2,false,0,0.000
width-11,width,d12w32,12288,false,12301,4.844,26,2,2,3.575,26,2,false,0,0.000
width-11,width,d12w32,12288,false,12301,4.844,26,2,4,3.644,26,2,false,0,0.000
width-11,width,d12w32,12288,false,12301,4.844,26,2,8,3.799,26,2,false,0,0.000
width-11,width,d12w32,12288,false,12301,4.844,26,2,16,4.148,26,2,false,0,0.000
width-11,width,d12w32,12288,false,12301,4.844,26,2,32,5.585,26,2,false,0,0.000
width-11,width,d12w32,12288,false,12301,4.844,26,2,64,4.948,26,2,false,0,0.000
width-11,width,d12w32,12288,false,12301,4.844,26,2,128,7.384,26,2,false,0,0.000
width-11,width,d12w32,12288,false,12301,4.844,26,2,256,13.536,26,2,false,0,0.000
width-11,width,d12w32,12288,false,12301,4.844,26,2,512,22.685,26,2,true,0,0.000
width-11,width,d12w32,12288,false,12301,4.844,26,2,1024,20.096,26,2,true,0,0.000
width-11,width,d12w32,12288,false,12301,4.844,26,2,2048,22.700,26,2,true,0,0.000
width-11,width,d12w32,12288,false,12301,4.844,26,2,4096,22.899,26,2,true,0,0.000
width-11,width,d12w32,12288,false,12301,4.844,26,2,8192,22.082,26,2,true,0,0.000
width-11,width,d12w32,12288,false,12301,4.844,26,2,16384,22.559,26,2,true,0,0.000
ac-11,ac,m96c12,9216,false,11665,490.418,15,2,1,1452.251,15,2,false,0,0.000
ac-11,ac,m96c12,9216,false,11665,490.418,15,2,2,1409.011,15,2,false,0,0.000
ac-11,ac,m96c12,9216,false,11665,490.418,15,2,4,1430.656,15,2,false,0,0.000
ac-11,ac,m96c12,9216,false,11665,490.418,15,2,8,1284.126,15,2,false,0,0.000
ac-11,ac,m96c12,9216,false,11665,490.418,15,2,16,1096.596,15,2,false,0,0.000
ac-11,ac,m96c12,9216,false,11665,490.418,15,2,32,1076.925,15,2,false,0,0.000
ac-11,ac,m96c12,9216,false,11665,490.418,15,2,64,1020.017,15,2,false,0,0.000
ac-11,ac,m96c12,9216,false,11665,490.418,15,2,128,971.280,15,2,true,0,0.000
ac-11,ac,m96c12,9216,false,11665,490.418,15,2,256,946.976,15,2,true,0,0.000
ac-11,ac,m96c12,9216,false,11665,490.418,15,2,512,889.697,15,2,true,0,0.000
ac-11,ac,m96c12,9216,false,11665,490.418,15,2,1024,881.993,15,2,true,0,0.000
ac-11,ac,m96c12,9216,false,11665,490.418,15,2,2048,879.250,15,2,true,0,0.000
ac-11,ac,m96c12,9216,false,11665,490.418,15,2,4096,893.108,15,2,true,0,0.000
ac-11,ac,m96c12,9216,false,11665,490.418,15,2,8192,879.826,15,2,true,0,0.000
ac-11,ac,m96c12,9216,false,11665,490.418,15,2,16384,892.133,15,2,true,0,0.000
dec-012,dec,d_b=3;m=5;gap=1;k=1;q=3;s=7,6,false,8,0.055,14,2,1,0.021,15,14,false,0,0.000
dec-012,dec,d_b=3;m=5;gap=1;k=1;q=3;s=7,6,false,8,0.055,14,2,2,0.031,14,2,false,0,0.000
dec-012,dec,d_b=3;m=5;gap=1;k=1;q=3;s=7,6,false,8,0.055,14,2,4,0.029,14,2,false,0,0.000
dec-012,dec,d_b=3;m=5;gap=1;k=1;q=3;s=7,6,false,8,0.055,14,2,8,0.042,14,2,true,0,0.000
dec-012,dec,d_b=3;m=5;gap=1;k=1;q=3;s=7,6,false,8,0.055,14,2,16,0.035,14,2,true,0,0.000
dec-012,dec,d_b=3;m=5;gap=1;k=1;q=3;s=7,6,false,8,0.055,14,2,32,0.037,14,2,true,0,0.000
dec-012,dec,d_b=3;m=5;gap=1;k=1;q=3;s=7,6,false,8,0.055,14,2,64,0.033,14,2,true,0,0.000
dec-012,dec,d_b=3;m=5;gap=1;k=1;q=3;s=7,6,false,8,0.055,14,2,128,0.050,14,2,true,0,0.000
dec-012,dec,d_b=3;m=5;gap=1;k=1;q=3;s=7,6,false,8,0.055,14,2,256,0.030,14,2,true,0,0.000
dec-012,dec,d_b=3;m=5;gap=1;k=1;q=3;s=7,6,false,8,0.055,14,2,512,0.039,14,2,true,0,0.000
dec-012,dec,d_b=3;m=5;gap=1;k=1;q=3;s=7,6,false,8,0.055,14,2,1024,0.030,14,2,true,0,0.000
dec-012,dec,d_b=3;m=5;gap=1;k=1;q=3;s=7,6,false,8,0.055,14,2,2048,0.029,14,2,true,0,0.000
dec-012,dec,d_b=3;m=5;gap=1;k=1;q=3;s=7,6,false,8,0.055,14,2,4096,0.034,14,2,true,0,0.000
dec-012,dec,d_b=3;m=5;gap=1;k=1;q=3;s=7,6,false,8,0.055,14,2,8192,0.057,14,2,true,0,0.000
dec-012,dec,d_b=3;m=5;gap=1;k=1;q=3;s=7,6,false,8,0.055,14,2,16384,0.033,14,2,true,0,0.000
wide-012,wide,d8w64;d_b=4;m=2;gap=1;k=1,32776,false,32785,9.719,22,2,1,5.166,23,6,false,0,0.000
wide-012,wide,d8w64;d_b=4;m=2;gap=1;k=1,32776,false,32785,9.719,22,2,2,5.189,23,6,false,0,0.000
wide-012,wide,d8w64;d_b=4;m=2;gap=1;k=1,32776,false,32785,9.719,22,2,4,5.286,23,6,false,0,0.000
wide-012,wide,d8w64;d_b=4;m=2;gap=1;k=1,32776,false,32785,9.719,22,2,8,5.300,23,6,false,0,0.000
wide-012,wide,d8w64;d_b=4;m=2;gap=1;k=1,32776,false,32785,9.719,22,2,16,5.682,23,6,false,0,0.000
wide-012,wide,d8w64;d_b=4;m=2;gap=1;k=1,32776,false,32785,9.719,22,2,32,6.321,23,6,false,0,0.000
wide-012,wide,d8w64;d_b=4;m=2;gap=1;k=1,32776,false,32785,9.719,22,2,64,7.313,23,6,false,0,0.000
wide-012,wide,d8w64;d_b=4;m=2;gap=1;k=1,32776,false,32785,9.719,22,2,128,9.775,23,6,false,0,0.000
wide-012,wide,d8w64;d_b=4;m=2;gap=1;k=1,32776,false,32785,9.719,22,2,256,14.337,23,6,false,0,0.000
wide-012,wide,d8w64;d_b=4;m=2;gap=1;k=1,32776,false,32785,9.719,22,2,512,24.035,23,6,false,0,0.000
wide-012,wide,d8w64;d_b=4;m=2;gap=1;k=1,32776,false,32785,9.719,22,2,1024,44.011,23,6,false,0,0.000
wide-012,wide,d8w64;d_b=4;m=2;gap=1;k=1,32776,false,32785,9.719,22,2,2048,90.996,23,6,false,0,0.000
wide-012,wide,d8w64;d_b=4;m=2;gap=1;k=1,32776,false,32785,9.719,22,2,4096,202.266,23,6,false,0,0.000
wide-012,wide,d8w64;d_b=4;m=2;gap=1;k=1,32776,false,32785,9.719,22,2,8192,703.184,23,6,false,0,0.000
wide-012,wide,d8w64;d_b=4;m=2;gap=1;k=1,32776,false,32785,9.719,22,2,16384,2612.039,23,6,false,0,0.000
mixed-004-0,mixed,seed=0xadd9160fc3327f78;cycles=6;planted=2;d_b=4;m=2;gap=1;k=2,13,false,14,0.047,7,2,1,0.020,8,6,false,0,0.000
mixed-004-0,mixed,seed=0xadd9160fc3327f78;cycles=6;planted=2;d_b=4;m=2;gap=1;k=2,13,false,14,0.047,7,2,2,0.017,8,6,false,0,0.000
mixed-004-0,mixed,seed=0xadd9160fc3327f78;cycles=6;planted=2;d_b=4;m=2;gap=1;k=2,13,false,14,0.047,7,2,4,0.028,8,6,false,0,0.000
mixed-004-0,mixed,seed=0xadd9160fc3327f78;cycles=6;planted=2;d_b=4;m=2;gap=1;k=2,13,false,14,0.047,7,2,8,0.041,7,2,false,0,0.000
mixed-004-0,mixed,seed=0xadd9160fc3327f78;cycles=6;planted=2;d_b=4;m=2;gap=1;k=2,13,false,14,0.047,7,2,16,0.049,7,2,true,0,0.000
mixed-004-0,mixed,seed=0xadd9160fc3327f78;cycles=6;planted=2;d_b=4;m=2;gap=1;k=2,13,false,14,0.047,7,2,32,0.047,7,2,true,0,0.000
mixed-004-0,mixed,seed=0xadd9160fc3327f78;cycles=6;planted=2;d_b=4;m=2;gap=1;k=2,13,false,14,0.047,7,2,64,0.045,7,2,true,0,0.000
mixed-004-0,mixed,seed=0xadd9160fc3327f78;cycles=6;planted=2;d_b=4;m=2;gap=1;k=2,13,false,14,0.047,7,2,128,0.045,7,2,true,0,0.000
mixed-004-0,mixed,seed=0xadd9160fc3327f78;cycles=6;planted=2;d_b=4;m=2;gap=1;k=2,13,false,14,0.047,7,2,256,0.043,7,2,true,0,0.000
mixed-004-0,mixed,seed=0xadd9160fc3327f78;cycles=6;planted=2;d_b=4;m=2;gap=1;k=2,13,false,14,0.047,7,2,512,0.041,7,2,true,0,0.000
mixed-004-0,mixed,seed=0xadd9160fc3327f78;cycles=6;planted=2;d_b=4;m=2;gap=1;k=2,13,false,14,0.047,7,2,1024,0.042,7,2,true,0,0.000
mixed-004-0,mixed,seed=0xadd9160fc3327f78;cycles=6;planted=2;d_b=4;m=2;gap=1;k=2,13,false,14,0.047,7,2,2048,0.040,7,2,true,0,0.000
mixed-004-0,mixed,seed=0xadd9160fc3327f78;cycles=6;planted=2;d_b=4;m=2;gap=1;k=2,13,false,14,0.047,7,2,4096,0.041,7,2,true,0,0.000
mixed-004-0,mixed,seed=0xadd9160fc3327f78;cycles=6;planted=2;d_b=4;m=2;gap=1;k=2,13,false,14,0.047,7,2,8192,0.040,7,2,true,0,0.000
mixed-004-0,mixed,seed=0xadd9160fc3327f78;cycles=6;planted=2;d_b=4;m=2;gap=1;k=2,13,false,14,0.047,7,2,16384,0.040,7,2,true,0,0.000
rand-00-12,rand,seed=0x8264a8fb7e2f98e1;cycles=6,59301,false,11084,0.136,19,4,1,0.100,19,4,false,0,0.000
rand-00-12,rand,seed=0x8264a8fb7e2f98e1;cycles=6,59301,false,11084,0.136,19,4,2,0.097,19,4,false,0,0.000
rand-00-12,rand,seed=0x8264a8fb7e2f98e1;cycles=6,59301,false,11084,0.136,19,4,4,0.105,19,4,false,0,0.000
rand-00-12,rand,seed=0x8264a8fb7e2f98e1;cycles=6,59301,false,11084,0.136,19,4,8,0.269,19,4,true,0,0.000
rand-00-12,rand,seed=0x8264a8fb7e2f98e1;cycles=6,59301,false,11084,0.136,19,4,16,0.254,19,4,true,0,0.000
rand-00-12,rand,seed=0x8264a8fb7e2f98e1;cycles=6,59301,false,11084,0.136,19,4,32,0.247,19,4,true,0,0.000
rand-00-12,rand,seed=0x8264a8fb7e2f98e1;cycles=6,59301,false,11084,0.136,19,4,64,0.243,19,4,true,0,0.000
rand-00-12,rand,seed=0x8264a8fb7e2f98e1;cycles=6,59301,false,11084,0.136,19,4,128,0.243,19,4,true,0,0.000
rand-00-12,rand,seed=0x8264a8fb7e2f98e1;cycles=6,59301,false,11084,0.136,19,4,256,0.236,19,4,true,0,0.000
rand-00-12,rand,seed=0x8264a8fb7e2f98e1;cycles=6,59301,false,11084,0.136,19,4,512,0.237,19,4,true,0,0.000
rand-00-12,rand,seed=0x8264a8fb7e2f98e1;cycles=6,59301,false,11084,0.136,19,4,1024,0.237,19,4,true,0,0.000
rand-00-12,rand,seed=0x8264a8fb7e2f98e1;cycles=6,59301,false,11084,0.136,19,4,2048,0.232,19,4,true,0,0.000
rand-00-12,rand,seed=0x8264a8fb7e2f98e1;cycles=6,59301,false,11084,0.136,19,4,4096,0.234,19,4,true,0,0.000
rand-00-12,rand,seed=0x8264a8fb7e2f98e1;cycles=6,59301,false,11084,0.136,19,4,8192,0.236,19,4,true,0,0.000
rand-00-12,rand,seed=0x8264a8fb7e2f98e1;cycles=6,59301,false,11084,0.136,19,4,16384,0.233,19,4,true,0,0.000
xover-12,xover,d3w8c8,1501016,false,152142,0.054,19,8,1,0.057,19,8,false,0,0.000
xover-12,xover,d3w8c8,1501016,false,152142,0.054,19,8,2,0.052,19,8,false,0,0.000
xover-12,xover,d3w8c8,1501016,false,152142,0.054,19,8,4,0.064,19,8,false,0,0.000
xover-12,xover,d3w8c8,1501016,false,152142,0.054,19,8,8,0.063,19,8,true,0,0.000
xover-12,xover,d3w8c8,1501016,false,152142,0.054,19,8,16,0.062,19,8,true,0,0.000
xover-12,xover,d3w8c8,1501016,false,152142,0.054,19,8,32,0.058,19,8,true,0,0.000
xover-12,xover,d3w8c8,1501016,false,152142,0.054,19,8,64,0.056,19,8,true,0,0.000
xover-12,xover,d3w8c8,1501016,false,152142,0.054,19,8,128,0.056,19,8,true,0,0.000
xover-12,xover,d3w8c8,1501016,false,152142,0.054,19,8,256,0.054,19,8,true,0,0.000
xover-12,xover,d3w8c8,1501016,false,152142,0.054,19,8,512,0.056,19,8,true,0,0.000
xover-12,xover,d3w8c8,1501016,false,152142,0.054,19,8,1024,0.053,19,8,true,0,0.000
xover-12,xover,d3w8c8,1501016,false,152142,0.054,19,8,2048,0.055,19,8,true,0,0.000
xover-12,xover,d3w8c8,1501016,false,152142,0.054,19,8,4096,0.053,19,8,true,0,0.000
xover-12,xover,d3w8c8,1501016,false,152142,0.054,19,8,8192,0.055,19,8,true,0,0.000
xover-12,xover,d3w8c8,1501016,false,152142,0.054,19,8,16384,0.053,19,8,true,0,0.000
width-12,width,d12w64,49152,false,49165,9.875,26,2,1,7.457,26,2,false,0,0.000
width-12,width,d12w64,49152,false,49165,9.875,26,2,2,7.550,26,2,false,0,0.000
width-12,width,d12w64,49152,false,49165,9.875,26,2,4,7.522,26,2,false,0,0.000
width-12,width,d12w64,49152,false,49165,9.875,26,2,8,7.825,26,2,false,0,0.000
width-12,width,d12w64,49152,false,49165,9.875,26,2,16,7.930,26,2,false,0,0.000
width-12,width,d12w64,49152,false,49165,9.875,26,2,32,8.579,26,2,false,0,0.000
width-12,width,d12w64,49152,false,49165,9.875,26,2,64,9.648,26,2,false,0,0.000
width-12,width,d12w64,49152,false,49165,9.875,26,2,128,13.016,26,2,false,0,0.000
width-12,width,d12w64,49152,false,49165,9.875,26,2,256,22.119,26,2,false,0,0.000
width-12,width,d12w64,49152,false,49165,9.875,26,2,512,47.117,26,2,false,0,0.000
width-12,width,d12w64,49152,false,49165,9.875,26,2,1024,86.919,26,2,true,0,0.000
width-12,width,d12w64,49152,false,49165,9.875,26,2,2048,86.814,26,2,true,0,0.000
width-12,width,d12w64,49152,false,49165,9.875,26,2,4096,86.924,26,2,true,0,0.000
width-12,width,d12w64,49152,false,49165,9.875,26,2,8192,87.168,26,2,true,0,0.000
width-12,width,d12w64,49152,false,49165,9.875,26,2,16384,86.711,26,2,true,0,0.000
ac-12,ac,m128c4,16384,false,17425,368.742,7,2,1,842.522,7,2,false,0,0.000
ac-12,ac,m128c4,16384,false,17425,368.742,7,2,2,839.216,7,2,false,0,0.000
ac-12,ac,m128c4,16384,false,17425,368.742,7,2,4,839.490,7,2,false,0,0.000
ac-12,ac,m128c4,16384,false,17425,368.742,7,2,8,845.238,7,2,false,0,0.000
ac-12,ac,m128c4,16384,false,17425,368.742,7,2,16,838.459,7,2,false,0,0.000
ac-12,ac,m128c4,16384,false,17425,368.742,7,2,32,842.283,7,2,false,0,0.000
ac-12,ac,m128c4,16384,false,17425,368.742,7,2,64,844.612,7,2,false,0,0.000
ac-12,ac,m128c4,16384,false,17425,368.742,7,2,128,849.121,7,2,true,0,0.000
ac-12,ac,m128c4,16384,false,17425,368.742,7,2,256,852.418,7,2,true,0,0.000
ac-12,ac,m128c4,16384,false,17425,368.742,7,2,512,847.389,7,2,true,0,0.000
ac-12,ac,m128c4,16384,false,17425,368.742,7,2,1024,850.501,7,2,true,0,0.000
ac-12,ac,m128c4,16384,false,17425,368.742,7,2,2048,846.409,7,2,true,0,0.000
ac-12,ac,m128c4,16384,false,17425,368.742,7,2,4096,849.573,7,2,true,0,0.000
ac-12,ac,m128c4,16384,false,17425,368.742,7,2,8192,846.478,7,2,true,0,0.000
ac-12,ac,m128c4,16384,false,17425,368.742,7,2,16384,854.098,7,2,true,0,0.000
dec-013,dec,d_b=3;m=5;gap=1;k=2;q=3;s=7,9,false,11,0.065,14,2,1,0.019,15,14,false,0,0.000
dec-013,dec,d_b=3;m=5;gap=1;k=2;q=3;s=7,9,false,11,0.065,14,2,2,0.023,15,14,false,0,0.000
dec-013,dec,d_b=3;m=5;gap=1;k=2;q=3;s=7,9,false,11,0.065,14,2,4,0.038,14,2,false,0,0.000
dec-013,dec,d_b=3;m=5;gap=1;k=2;q=3;s=7,9,false,11,0.065,14,2,8,0.051,14,2,true,0,0.000
dec-013,dec,d_b=3;m=5;gap=1;k=2;q=3;s=7,9,false,11,0.065,14,2,16,0.047,14,2,true,0,0.000
dec-013,dec,d_b=3;m=5;gap=1;k=2;q=3;s=7,9,false,11,0.065,14,2,32,0.044,14,2,true,0,0.000
dec-013,dec,d_b=3;m=5;gap=1;k=2;q=3;s=7,9,false,11,0.065,14,2,64,0.042,14,2,true,0,0.000
dec-013,dec,d_b=3;m=5;gap=1;k=2;q=3;s=7,9,false,11,0.065,14,2,128,0.040,14,2,true,0,0.000
dec-013,dec,d_b=3;m=5;gap=1;k=2;q=3;s=7,9,false,11,0.065,14,2,256,0.040,14,2,true,0,0.000
dec-013,dec,d_b=3;m=5;gap=1;k=2;q=3;s=7,9,false,11,0.065,14,2,512,0.039,14,2,true,0,0.000
dec-013,dec,d_b=3;m=5;gap=1;k=2;q=3;s=7,9,false,11,0.065,14,2,1024,0.039,14,2,true,0,0.000
dec-013,dec,d_b=3;m=5;gap=1;k=2;q=3;s=7,9,false,11,0.065,14,2,2048,0.039,14,2,true,0,0.000
dec-013,dec,d_b=3;m=5;gap=1;k=2;q=3;s=7,9,false,11,0.065,14,2,4096,0.039,14,2,true,0,0.000
dec-013,dec,d_b=3;m=5;gap=1;k=2;q=3;s=7,9,false,11,0.065,14,2,8192,0.038,14,2,true,0,0.000
dec-013,dec,d_b=3;m=5;gap=1;k=2;q=3;s=7,9,false,11,0.065,14,2,16384,0.038,14,2,true,0,0.000
wide-013,wide,d8w64;d_b=8;m=2;gap=2;k=2,32792,false,32801,9.762,26,2,1,5.266,29,12,false,0,0.000
wide-013,wide,d8w64;d_b=8;m=2;gap=2;k=2,32792,false,32801,9.762,26,2,2,5.281,29,12,false,0,0.000
wide-013,wide,d8w64;d_b=8;m=2;gap=2;k=2,32792,false,32801,9.762,26,2,4,5.293,29,12,false,0,0.000
wide-013,wide,d8w64;d_b=8;m=2;gap=2;k=2,32792,false,32801,9.762,26,2,8,5.360,29,12,false,0,0.000
wide-013,wide,d8w64;d_b=8;m=2;gap=2;k=2,32792,false,32801,9.762,26,2,16,5.882,29,12,false,0,0.000
wide-013,wide,d8w64;d_b=8;m=2;gap=2;k=2,32792,false,32801,9.762,26,2,32,6.331,29,12,false,0,0.000
wide-013,wide,d8w64;d_b=8;m=2;gap=2;k=2,32792,false,32801,9.762,26,2,64,7.502,29,12,false,0,0.000
wide-013,wide,d8w64;d_b=8;m=2;gap=2;k=2,32792,false,32801,9.762,26,2,128,9.670,29,12,false,0,0.000
wide-013,wide,d8w64;d_b=8;m=2;gap=2;k=2,32792,false,32801,9.762,26,2,256,14.457,29,12,false,0,0.000
wide-013,wide,d8w64;d_b=8;m=2;gap=2;k=2,32792,false,32801,9.762,26,2,512,23.830,29,12,false,0,0.000
wide-013,wide,d8w64;d_b=8;m=2;gap=2;k=2,32792,false,32801,9.762,26,2,1024,44.339,29,12,false,0,0.000
wide-013,wide,d8w64;d_b=8;m=2;gap=2;k=2,32792,false,32801,9.762,26,2,2048,89.101,29,12,false,0,0.000
wide-013,wide,d8w64;d_b=8;m=2;gap=2;k=2,32792,false,32801,9.762,26,2,4096,197.772,29,12,false,0,0.000
wide-013,wide,d8w64;d_b=8;m=2;gap=2;k=2,32792,false,32801,9.762,26,2,8192,699.188,29,12,false,0,0.000
wide-013,wide,d8w64;d_b=8;m=2;gap=2;k=2,32792,false,32801,9.762,26,2,16384,2610.047,29,12,false,0,0.000
mixed-004-1,mixed,seed=0x3d3225a9b5826845;cycles=6;planted=2;d_b=4;m=2;gap=1;k=2,13999,false,3163,0.096,18,8,1,0.057,20,16,false,0,0.000
mixed-004-1,mixed,seed=0x3d3225a9b5826845;cycles=6;planted=2;d_b=4;m=2;gap=1;k=2,13999,false,3163,0.096,18,8,2,0.052,20,16,false,0,0.000
mixed-004-1,mixed,seed=0x3d3225a9b5826845;cycles=6;planted=2;d_b=4;m=2;gap=1;k=2,13999,false,3163,0.096,18,8,4,0.064,20,16,false,0,0.000
mixed-004-1,mixed,seed=0x3d3225a9b5826845;cycles=6;planted=2;d_b=4;m=2;gap=1;k=2,13999,false,3163,0.096,18,8,8,0.085,20,16,false,0,0.000
mixed-004-1,mixed,seed=0x3d3225a9b5826845;cycles=6;planted=2;d_b=4;m=2;gap=1;k=2,13999,false,3163,0.096,18,8,16,0.126,18,8,false,0,0.000
mixed-004-1,mixed,seed=0x3d3225a9b5826845;cycles=6;planted=2;d_b=4;m=2;gap=1;k=2,13999,false,3163,0.096,18,8,32,0.160,18,8,true,0,0.000
mixed-004-1,mixed,seed=0x3d3225a9b5826845;cycles=6;planted=2;d_b=4;m=2;gap=1;k=2,13999,false,3163,0.096,18,8,64,0.155,18,8,true,0,0.000
mixed-004-1,mixed,seed=0x3d3225a9b5826845;cycles=6;planted=2;d_b=4;m=2;gap=1;k=2,13999,false,3163,0.096,18,8,128,0.151,18,8,true,0,0.000
mixed-004-1,mixed,seed=0x3d3225a9b5826845;cycles=6;planted=2;d_b=4;m=2;gap=1;k=2,13999,false,3163,0.096,18,8,256,0.149,18,8,true,0,0.000
mixed-004-1,mixed,seed=0x3d3225a9b5826845;cycles=6;planted=2;d_b=4;m=2;gap=1;k=2,13999,false,3163,0.096,18,8,512,0.148,18,8,true,0,0.000
mixed-004-1,mixed,seed=0x3d3225a9b5826845;cycles=6;planted=2;d_b=4;m=2;gap=1;k=2,13999,false,3163,0.096,18,8,1024,0.147,18,8,true,0,0.000
mixed-004-1,mixed,seed=0x3d3225a9b5826845;cycles=6;planted=2;d_b=4;m=2;gap=1;k=2,13999,false,3163,0.096,18,8,2048,0.146,18,8,true,0,0.000
mixed-004-1,mixed,seed=0x3d3225a9b5826845;cycles=6;planted=2;d_b=4;m=2;gap=1;k=2,13999,false,3163,0.096,18,8,4096,0.146,18,8,true,0,0.000
mixed-004-1,mixed,seed=0x3d3225a9b5826845;cycles=6;planted=2;d_b=4;m=2;gap=1;k=2,13999,false,3163,0.096,18,8,8192,0.149,18,8,true,0,0.000
mixed-004-1,mixed,seed=0x3d3225a9b5826845;cycles=6;planted=2;d_b=4;m=2;gap=1;k=2,13999,false,3163,0.096,18,8,16384,0.146,18,8,true,0,0.000
rand-00-13,rand,seed=0xb1ca508fd2f95fd4;cycles=6,34747,false,7172,0.063,17,6,1,0.058,17,6,false,0,0.000
rand-00-13,rand,seed=0xb1ca508fd2f95fd4;cycles=6,34747,false,7172,0.063,17,6,2,0.064,17,6,false,0,0.000
rand-00-13,rand,seed=0xb1ca508fd2f95fd4;cycles=6,34747,false,7172,0.063,17,6,4,0.093,17,6,false,0,0.000
rand-00-13,rand,seed=0xb1ca508fd2f95fd4;cycles=6,34747,false,7172,0.063,17,6,8,0.128,17,6,true,0,0.000
rand-00-13,rand,seed=0xb1ca508fd2f95fd4;cycles=6,34747,false,7172,0.063,17,6,16,0.124,17,6,true,0,0.000
rand-00-13,rand,seed=0xb1ca508fd2f95fd4;cycles=6,34747,false,7172,0.063,17,6,32,0.122,17,6,true,0,0.000
rand-00-13,rand,seed=0xb1ca508fd2f95fd4;cycles=6,34747,false,7172,0.063,17,6,64,0.119,17,6,true,0,0.000
rand-00-13,rand,seed=0xb1ca508fd2f95fd4;cycles=6,34747,false,7172,0.063,17,6,128,0.119,17,6,true,0,0.000
rand-00-13,rand,seed=0xb1ca508fd2f95fd4;cycles=6,34747,false,7172,0.063,17,6,256,0.118,17,6,true,0,0.000
rand-00-13,rand,seed=0xb1ca508fd2f95fd4;cycles=6,34747,false,7172,0.063,17,6,512,0.118,17,6,true,0,0.000
rand-00-13,rand,seed=0xb1ca508fd2f95fd4;cycles=6,34747,false,7172,0.063,17,6,1024,0.117,17,6,true,0,0.000
rand-00-13,rand,seed=0xb1ca508fd2f95fd4;cycles=6,34747,false,7172,0.063,17,6,2048,0.118,17,6,true,0,0.000
rand-00-13,rand,seed=0xb1ca508fd2f95fd4;cycles=6,34747,false,7172,0.063,17,6,4096,0.116,17,6,true,0,0.000
rand-00-13,rand,seed=0xb1ca508fd2f95fd4;cycles=6,34747,false,7172,0.063,17,6,8192,0.118,17,6,true,0,0.000
rand-00-13,rand,seed=0xb1ca508fd2f95fd4;cycles=6,34747,false,7172,0.063,17,6,16384,0.116,17,6,true,0,0.000
xover-13,xover,d3w8c10,47300070,false,3513134,0.054,19,8,1,0.066,19,8,false,0,0.000
xover-13,xover,d3w8c10,47300070,false,3513134,0.054,19,8,2,0.061,19,8,false,0,0.000
xover-13,xover,d3w8c10,47300070,false,3513134,0.054,19,8,4,0.071,19,8,false,0,0.000
xover-13,xover,d3w8c10,47300070,false,3513134,0.054,19,8,8,0.070,19,8,true,0,0.000
xover-13,xover,d3w8c10,47300070,false,3513134,0.054,19,8,16,0.068,19,8,true,0,0.000
xover-13,xover,d3w8c10,47300070,false,3513134,0.054,19,8,32,0.064,19,8,true,0,0.000
xover-13,xover,d3w8c10,47300070,false,3513134,0.054,19,8,64,0.064,19,8,true,0,0.000
xover-13,xover,d3w8c10,47300070,false,3513134,0.054,19,8,128,0.062,19,8,true,0,0.000
xover-13,xover,d3w8c10,47300070,false,3513134,0.054,19,8,256,0.062,19,8,true,0,0.000
xover-13,xover,d3w8c10,47300070,false,3513134,0.054,19,8,512,0.061,19,8,true,0,0.000
xover-13,xover,d3w8c10,47300070,false,3513134,0.054,19,8,1024,0.062,19,8,true,0,0.000
xover-13,xover,d3w8c10,47300070,false,3513134,0.054,19,8,2048,0.060,19,8,true,0,0.000
xover-13,xover,d3w8c10,47300070,false,3513134,0.054,19,8,4096,0.061,19,8,true,0,0.000
xover-13,xover,d3w8c10,47300070,false,3513134,0.054,19,8,8192,0.060,19,8,true,0,0.000
xover-13,xover,d3w8c10,47300070,false,3513134,0.054,19,8,16384,0.062,19,8,true,0,0.000
width-13,width,d12w128,196608,false,196621,38.816,26,2,1,28.674,26,2,false,0,0.000
width-13,width,d12w128,196608,false,196621,38.816,26,2,2,28.989,26,2,false,0,0.000
width-13,width,d12w128,196608,false,196621,38.816,26,2,4,28.962,26,2,false,0,0.000
width-13,width,d12w128,196608,false,196621,38.816,26,2,8,29.702,26,2,false,0,0.000
width-13,width,d12w128,196608,false,196621,38.816,26,2,16,30.530,26,2,false,0,0.000
width-13,width,d12w128,196608,false,196621,38.816,26,2,32,33.024,26,2,false,0,0.000
width-13,width,d12w128,196608,false,196621,38.816,26,2,64,37.012,26,2,false,0,0.000
width-13,width,d12w128,196608,false,196621,38.816,26,2,128,46.129,26,2,false,0,0.000
width-13,width,d12w128,196608,false,196621,38.816,26,2,256,70.422,26,2,false,0,0.000
width-13,width,d12w128,196608,false,196621,38.816,26,2,512,136.268,26,2,false,0,0.000
width-13,width,d12w128,196608,false,196621,38.816,26,2,1024,334.004,26,2,false,0,0.000
width-13,width,d12w128,196608,false,196621,38.816,26,2,2048,641.337,26,2,true,0,0.000
width-13,width,d12w128,196608,false,196621,38.816,26,2,4096,644.099,26,2,true,0,0.000
width-13,width,d12w128,196608,false,196621,38.816,26,2,8192,641.930,26,2,true,0,0.000
width-13,width,d12w128,196608,false,196621,38.816,26,2,16384,644.243,26,2,true,0,0.000
ac-13,ac,m128c8,16384,false,18497,504.520,11,2,1,1295.746,11,2,false,0,0.000
ac-13,ac,m128c8,16384,false,18497,504.520,11,2,2,1293.510,11,2,false,0,0.000
ac-13,ac,m128c8,16384,false,18497,504.520,11,2,4,1298.927,11,2,false,0,0.000
ac-13,ac,m128c8,16384,false,18497,504.520,11,2,8,1291.820,11,2,false,0,0.000
ac-13,ac,m128c8,16384,false,18497,504.520,11,2,16,1294.187,11,2,false,0,0.000
ac-13,ac,m128c8,16384,false,18497,504.520,11,2,32,1291.029,11,2,false,0,0.000
ac-13,ac,m128c8,16384,false,18497,504.520,11,2,64,1297.568,11,2,false,0,0.000
ac-13,ac,m128c8,16384,false,18497,504.520,11,2,128,1299.724,11,2,true,0,0.000
ac-13,ac,m128c8,16384,false,18497,504.520,11,2,256,1305.136,11,2,true,0,0.000
ac-13,ac,m128c8,16384,false,18497,504.520,11,2,512,1299.142,11,2,true,0,0.000
ac-13,ac,m128c8,16384,false,18497,504.520,11,2,1024,1300.070,11,2,true,0,0.000
ac-13,ac,m128c8,16384,false,18497,504.520,11,2,2048,1317.050,11,2,true,0,0.000
ac-13,ac,m128c8,16384,false,18497,504.520,11,2,4096,1304.912,11,2,true,0,0.000
ac-13,ac,m128c8,16384,false,18497,504.520,11,2,8192,1310.431,11,2,true,0,0.000
ac-13,ac,m128c8,16384,false,18497,504.520,11,2,16384,1308.558,11,2,true,0,0.000
dec-014,dec,d_b=3;m=5;gap=1;k=4;q=3;s=7,15,false,17,0.071,14,2,1,0.020,15,14,false,0,0.000
dec-014,dec,d_b=3;m=5;gap=1;k=4;q=3;s=7,15,false,17,0.071,14,2,2,0.021,15,14,false,0,0.000
dec-014,dec,d_b=3;m=5;gap=1;k=4;q=3;s=7,15,false,17,0.071,14,2,4,0.029,15,14,false,0,0.000
dec-014,dec,d_b=3;m=5;gap=1;k=4;q=3;s=7,15,false,17,0.071,14,2,8,0.050,14,2,false,0,0.000
dec-014,dec,d_b=3;m=5;gap=1;k=4;q=3;s=7,15,false,17,0.071,14,2,16,0.069,14,2,true,0,0.000
dec-014,dec,d_b=3;m=5;gap=1;k=4;q=3;s=7,15,false,17,0.071,14,2,32,0.063,14,2,true,0,0.000
dec-014,dec,d_b=3;m=5;gap=1;k=4;q=3;s=7,15,false,17,0.071,14,2,64,0.060,14,2,true,0,0.000
dec-014,dec,d_b=3;m=5;gap=1;k=4;q=3;s=7,15,false,17,0.071,14,2,128,0.058,14,2,true,0,0.000
dec-014,dec,d_b=3;m=5;gap=1;k=4;q=3;s=7,15,false,17,0.071,14,2,256,0.057,14,2,true,0,0.000
dec-014,dec,d_b=3;m=5;gap=1;k=4;q=3;s=7,15,false,17,0.071,14,2,512,0.056,14,2,true,0,0.000
dec-014,dec,d_b=3;m=5;gap=1;k=4;q=3;s=7,15,false,17,0.071,14,2,1024,0.056,14,2,true,0,0.000
dec-014,dec,d_b=3;m=5;gap=1;k=4;q=3;s=7,15,false,17,0.071,14,2,2048,0.056,14,2,true,0,0.000
dec-014,dec,d_b=3;m=5;gap=1;k=4;q=3;s=7,15,false,17,0.071,14,2,4096,0.056,14,2,true,0,0.000
dec-014,dec,d_b=3;m=5;gap=1;k=4;q=3;s=7,15,false,17,0.071,14,2,8192,0.055,14,2,true,0,0.000
dec-014,dec,d_b=3;m=5;gap=1;k=4;q=3;s=7,15,false,17,0.071,14,2,16384,0.083,14,2,true,0,0.000
wide-014,wide,d8w64;d_b=12;m=3;gap=6;k=2,32804,false,32814,9.753,42,2,1,5.158,49,32,false,0,0.000
wide-014,wide,d8w64;d_b=12;m=3;gap=6;k=2,32804,false,32814,9.753,42,2,2,5.162,49,32,false,0,0.000
wide-014,wide,d8w64;d_b=12;m=3;gap=6;k=2,32804,false,32814,9.753,42,2,4,5.299,49,32,false,0,0.000
wide-014,wide,d8w64;d_b=12;m=3;gap=6;k=2,32804,false,32814,9.753,42,2,8,5.330,49,32,false,0,0.000
wide-014,wide,d8w64;d_b=12;m=3;gap=6;k=2,32804,false,32814,9.753,42,2,16,5.745,49,32,false,0,0.000
wide-014,wide,d8w64;d_b=12;m=3;gap=6;k=2,32804,false,32814,9.753,42,2,32,6.208,49,32,false,0,0.000
wide-014,wide,d8w64;d_b=12;m=3;gap=6;k=2,32804,false,32814,9.753,42,2,64,7.427,49,32,false,0,0.000
wide-014,wide,d8w64;d_b=12;m=3;gap=6;k=2,32804,false,32814,9.753,42,2,128,9.611,49,32,false,0,0.000
wide-014,wide,d8w64;d_b=12;m=3;gap=6;k=2,32804,false,32814,9.753,42,2,256,14.383,49,32,false,0,0.000
wide-014,wide,d8w64;d_b=12;m=3;gap=6;k=2,32804,false,32814,9.753,42,2,512,23.831,49,32,false,0,0.000
wide-014,wide,d8w64;d_b=12;m=3;gap=6;k=2,32804,false,32814,9.753,42,2,1024,44.278,49,32,false,0,0.000
wide-014,wide,d8w64;d_b=12;m=3;gap=6;k=2,32804,false,32814,9.753,42,2,2048,89.314,49,32,false,0,0.000
wide-014,wide,d8w64;d_b=12;m=3;gap=6;k=2,32804,false,32814,9.753,42,2,4096,197.051,49,32,false,0,0.000
wide-014,wide,d8w64;d_b=12;m=3;gap=6;k=2,32804,false,32814,9.753,42,2,8192,694.463,49,32,false,0,0.000
wide-014,wide,d8w64;d_b=12;m=3;gap=6;k=2,32804,false,32814,9.753,42,2,16384,2605.722,49,32,false,0,0.000
mixed-004-2,mixed,seed=0xd6d40eac409a92b0;cycles=6;planted=2;d_b=4;m=2;gap=1;k=2,25,false,29,0.073,13,4,1,0.045,15,12,false,0,0.000
mixed-004-2,mixed,seed=0xd6d40eac409a92b0;cycles=6;planted=2;d_b=4;m=2;gap=1;k=2,25,false,29,0.073,13,4,2,0.042,15,12,false,0,0.000
mixed-004-2,mixed,seed=0xd6d40eac409a92b0;cycles=6;planted=2;d_b=4;m=2;gap=1;k=2,25,false,29,0.073,13,4,4,0.052,15,12,false,0,0.000
mixed-004-2,mixed,seed=0xd6d40eac409a92b0;cycles=6;planted=2;d_b=4;m=2;gap=1;k=2,25,false,29,0.073,13,4,8,0.070,15,12,false,0,0.000
mixed-004-2,mixed,seed=0xd6d40eac409a92b0;cycles=6;planted=2;d_b=4;m=2;gap=1;k=2,25,false,29,0.073,13,4,16,0.118,13,4,false,0,0.000
mixed-004-2,mixed,seed=0xd6d40eac409a92b0;cycles=6;planted=2;d_b=4;m=2;gap=1;k=2,25,false,29,0.073,13,4,32,0.143,13,4,true,0,0.000
mixed-004-2,mixed,seed=0xd6d40eac409a92b0;cycles=6;planted=2;d_b=4;m=2;gap=1;k=2,25,false,29,0.073,13,4,64,0.138,13,4,true,0,0.000
mixed-004-2,mixed,seed=0xd6d40eac409a92b0;cycles=6;planted=2;d_b=4;m=2;gap=1;k=2,25,false,29,0.073,13,4,128,0.135,13,4,true,0,0.000
mixed-004-2,mixed,seed=0xd6d40eac409a92b0;cycles=6;planted=2;d_b=4;m=2;gap=1;k=2,25,false,29,0.073,13,4,256,0.132,13,4,true,0,0.000
mixed-004-2,mixed,seed=0xd6d40eac409a92b0;cycles=6;planted=2;d_b=4;m=2;gap=1;k=2,25,false,29,0.073,13,4,512,0.131,13,4,true,0,0.000
mixed-004-2,mixed,seed=0xd6d40eac409a92b0;cycles=6;planted=2;d_b=4;m=2;gap=1;k=2,25,false,29,0.073,13,4,1024,0.130,13,4,true,0,0.000
mixed-004-2,mixed,seed=0xd6d40eac409a92b0;cycles=6;planted=2;d_b=4;m=2;gap=1;k=2,25,false,29,0.073,13,4,2048,0.133,13,4,true,0,0.000
mixed-004-2,mixed,seed=0xd6d40eac409a92b0;cycles=6;planted=2;d_b=4;m=2;gap=1;k=2,25,false,29,0.073,13,4,4096,0.131,13,4,true,0,0.000
mixed-004-2,mixed,seed=0xd6d40eac409a92b0;cycles=6;planted=2;d_b=4;m=2;gap=1;k=2,25,false,29,0.073,13,4,8192,0.132,13,4,true,0,0.000
mixed-004-2,mixed,seed=0xd6d40eac409a92b0;cycles=6;planted=2;d_b=4;m=2;gap=1;k=2,25,false,29,0.073,13,4,16384,0.129,13,4,true,0,0.000
rand-00-14,rand,seed=0x6780fa5a3794a673;cycles=6,36851,false,7676,0.045,10,6,1,0.043,10,6,false,0,0.000
rand-00-14,rand,seed=0x6780fa5a3794a673;cycles=6,36851,false,7676,0.045,10,6,2,0.053,10,6,false,0,0.000
rand-00-14,rand,seed=0x6780fa5a3794a673;cycles=6,36851,false,7676,0.045,10,6,4,0.072,10,6,true,0,0.000
rand-00-14,rand,seed=0x6780fa5a3794a673;cycles=6,36851,false,7676,0.045,10,6,8,0.068,10,6,true,0,0.000
rand-00-14,rand,seed=0x6780fa5a3794a673;cycles=6,36851,false,7676,0.045,10,6,16,0.066,10,6,true,0,0.000
rand-00-14,rand,seed=0x6780fa5a3794a673;cycles=6,36851,false,7676,0.045,10,6,32,0.063,10,6,true,0,0.000
rand-00-14,rand,seed=0x6780fa5a3794a673;cycles=6,36851,false,7676,0.045,10,6,64,0.064,10,6,true,0,0.000
rand-00-14,rand,seed=0x6780fa5a3794a673;cycles=6,36851,false,7676,0.045,10,6,128,0.063,10,6,true,0,0.000
rand-00-14,rand,seed=0x6780fa5a3794a673;cycles=6,36851,false,7676,0.045,10,6,256,0.063,10,6,true,0,0.000
rand-00-14,rand,seed=0x6780fa5a3794a673;cycles=6,36851,false,7676,0.045,10,6,512,0.062,10,6,true,0,0.000
rand-00-14,rand,seed=0x6780fa5a3794a673;cycles=6,36851,false,7676,0.045,10,6,1024,0.064,10,6,true,0,0.000
rand-00-14,rand,seed=0x6780fa5a3794a673;cycles=6,36851,false,7676,0.045,10,6,2048,0.062,10,6,true,0,0.000
rand-00-14,rand,seed=0x6780fa5a3794a673;cycles=6,36851,false,7676,0.045,10,6,4096,0.063,10,6,true,0,0.000
rand-00-14,rand,seed=0x6780fa5a3794a673;cycles=6,36851,false,7676,0.045,10,6,8192,0.062,10,6,true,0,0.000
rand-00-14,rand,seed=0x6780fa5a3794a673;cycles=6,36851,false,7676,0.045,10,6,16384,0.063,10,6,true,0,0.000
xover-14,xover,d3w8c12,39212064,true,4000000,0.058,19,8,1,0.066,19,8,false,0,0.000
xover-14,xover,d3w8c12,39212064,true,4000000,0.058,19,8,2,0.063,19,8,false,0,0.000
xover-14,xover,d3w8c12,39212064,true,4000000,0.058,19,8,4,0.064,19,8,false,0,0.000
xover-14,xover,d3w8c12,39212064,true,4000000,0.058,19,8,8,0.072,19,8,true,0,0.000
xover-14,xover,d3w8c12,39212064,true,4000000,0.058,19,8,16,0.072,19,8,true,0,0.000
xover-14,xover,d3w8c12,39212064,true,4000000,0.058,19,8,32,0.065,19,8,true,0,0.000
xover-14,xover,d3w8c12,39212064,true,4000000,0.058,19,8,64,0.069,19,8,true,0,0.000
xover-14,xover,d3w8c12,39212064,true,4000000,0.058,19,8,128,0.062,19,8,true,0,0.000
xover-14,xover,d3w8c12,39212064,true,4000000,0.058,19,8,256,0.066,19,8,true,0,0.000
xover-14,xover,d3w8c12,39212064,true,4000000,0.058,19,8,512,0.062,19,8,true,0,0.000
xover-14,xover,d3w8c12,39212064,true,4000000,0.058,19,8,1024,0.062,19,8,true,0,0.000
xover-14,xover,d3w8c12,39212064,true,4000000,0.058,19,8,2048,0.061,19,8,true,0,0.000
xover-14,xover,d3w8c12,39212064,true,4000000,0.058,19,8,4096,0.063,19,8,true,0,0.000
xover-14,xover,d3w8c12,39212064,true,4000000,0.058,19,8,8192,0.061,19,8,true,0,0.000
xover-14,xover,d3w8c12,39212064,true,4000000,0.058,19,8,16384,0.061,19,8,true,0,0.000
width-14,width,d12w256,786432,false,786445,169.339,26,2,1,113.454,26,2,false,0,0.000
width-14,width,d12w256,786432,false,786445,169.339,26,2,2,114.698,26,2,false,0,0.000
width-14,width,d12w256,786432,false,786445,169.339,26,2,4,115.054,26,2,false,0,0.000
width-14,width,d12w256,786432,false,786445,169.339,26,2,8,118.756,26,2,false,0,0.000
width-14,width,d12w256,786432,false,786445,169.339,26,2,16,122.545,26,2,false,0,0.000
width-14,width,d12w256,786432,false,786445,169.339,26,2,32,130.292,26,2,false,0,0.000
width-14,width,d12w256,786432,false,786445,169.339,26,2,64,149.168,26,2,false,0,0.000
width-14,width,d12w256,786432,false,786445,169.339,26,2,128,181.123,26,2,false,0,0.000
width-14,width,d12w256,786432,false,786445,169.339,26,2,256,248.780,26,2,false,0,0.000
width-14,width,d12w256,786432,false,786445,169.339,26,2,512,438.106,26,2,false,0,0.000
width-14,width,d12w256,786432,false,786445,169.339,26,2,1024,929.715,26,2,false,0,0.000
width-14,width,d12w256,786432,false,786445,169.339,26,2,2048,2450.815,26,2,false,0,0.000
width-14,width,d12w256,786432,false,786445,169.339,26,2,4096,4802.909,26,2,true,0,0.000
width-14,width,d12w256,786432,false,786445,169.339,26,2,8192,4860.153,26,2,true,0,0.000
width-14,width,d12w256,786432,false,786445,169.339,26,2,16384,4824.274,26,2,true,0,0.000
ac-14,ac,m128c12,16384,false,19601,650.669,15,2,1,1820.944,15,2,false,0,0.000
ac-14,ac,m128c12,16384,false,19601,650.669,15,2,2,1816.409,15,2,false,0,0.000
ac-14,ac,m128c12,16384,false,19601,650.669,15,2,4,1827.725,15,2,false,0,0.000
ac-14,ac,m128c12,16384,false,19601,650.669,15,2,8,1844.073,15,2,false,0,0.000
ac-14,ac,m128c12,16384,false,19601,650.669,15,2,16,1842.182,15,2,false,0,0.000
ac-14,ac,m128c12,16384,false,19601,650.669,15,2,32,1835.697,15,2,false,0,0.000
ac-14,ac,m128c12,16384,false,19601,650.669,15,2,64,1832.629,15,2,false,0,0.000
ac-14,ac,m128c12,16384,false,19601,650.669,15,2,128,1842.380,15,2,true,0,0.000
ac-14,ac,m128c12,16384,false,19601,650.669,15,2,256,1866.292,15,2,true,0,0.000
ac-14,ac,m128c12,16384,false,19601,650.669,15,2,512,1851.768,15,2,true,0,0.000
ac-14,ac,m128c12,16384,false,19601,650.669,15,2,1024,1854.783,15,2,true,0,0.000
ac-14,ac,m128c12,16384,false,19601,650.669,15,2,2048,1866.554,15,2,true,0,0.000
ac-14,ac,m128c12,16384,false,19601,650.669,15,2,4096,1876.111,15,2,true,0,0.000
ac-14,ac,m128c12,16384,false,19601,650.669,15,2,8192,1850.970,15,2,true,0,0.000
dec-015,dec,d_b=3;m=5;gap=3;k=1;q=3;s=8,6,false,8,0.052,14,2,1,0.020,17,16,false,0,0.000
dec-015,dec,d_b=3;m=5;gap=3;k=1;q=3;s=8,6,false,8,0.052,14,2,2,0.029,14,2,false,0,0.000
dec-015,dec,d_b=3;m=5;gap=3;k=1;q=3;s=8,6,false,8,0.052,14,2,4,0.029,14,2,false,0,0.000
dec-015,dec,d_b=3;m=5;gap=3;k=1;q=3;s=8,6,false,8,0.052,14,2,8,0.040,14,2,true,0,0.000
dec-015,dec,d_b=3;m=5;gap=3;k=1;q=3;s=8,6,false,8,0.052,14,2,16,0.036,14,2,true,0,0.000
dec-015,dec,d_b=3;m=5;gap=3;k=1;q=3;s=8,6,false,8,0.052,14,2,32,0.034,14,2,true,0,0.000
dec-015,dec,d_b=3;m=5;gap=3;k=1;q=3;s=8,6,false,8,0.052,14,2,64,0.032,14,2,true,0,0.000
dec-015,dec,d_b=3;m=5;gap=3;k=1;q=3;s=8,6,false,8,0.052,14,2,128,0.031,14,2,true,0,0.000
dec-015,dec,d_b=3;m=5;gap=3;k=1;q=3;s=8,6,false,8,0.052,14,2,256,0.031,14,2,true,0,0.000
dec-015,dec,d_b=3;m=5;gap=3;k=1;q=3;s=8,6,false,8,0.052,14,2,512,0.030,14,2,true,0,0.000
dec-015,dec,d_b=3;m=5;gap=3;k=1;q=3;s=8,6,false,8,0.052,14,2,1024,0.030,14,2,true,0,0.000
dec-015,dec,d_b=3;m=5;gap=3;k=1;q=3;s=8,6,false,8,0.052,14,2,2048,0.030,14,2,true,0,0.000
dec-015,dec,d_b=3;m=5;gap=3;k=1;q=3;s=8,6,false,8,0.052,14,2,4096,0.030,14,2,true,0,0.000
dec-015,dec,d_b=3;m=5;gap=3;k=1;q=3;s=8,6,false,8,0.052,14,2,8192,0.030,14,2,true,0,0.000
dec-015,dec,d_b=3;m=5;gap=3;k=1;q=3;s=8,6,false,8,0.052,14,2,16384,0.030,14,2,true,0,0.000
wide-015,wide,d8w64;d_b=16;m=5;gap=2;k=4,32848,false,32858,9.825,82,2,1,5.063,85,68,false,0,0.000
wide-015,wide,d8w64;d_b=16;m=5;gap=2;k=4,32848,false,32858,9.825,82,2,2,5.132,85,68,false,0,0.000
wide-015,wide,d8w64;d_b=16;m=5;gap=2;k=4,32848,false,32858,9.825,82,2,4,5.145,85,68,false,0,0.000
wide-015,wide,d8w64;d_b=16;m=5;gap=2;k=4,32848,false,32858,9.825,82,2,8,5.322,85,68,false,0,0.000
wide-015,wide,d8w64;d_b=16;m=5;gap=2;k=4,32848,false,32858,9.825,82,2,16,5.561,85,68,false,0,0.000
wide-015,wide,d8w64;d_b=16;m=5;gap=2;k=4,32848,false,32858,9.825,82,2,32,6.163,85,68,false,0,0.000
wide-015,wide,d8w64;d_b=16;m=5;gap=2;k=4,32848,false,32858,9.825,82,2,64,7.263,85,68,false,0,0.000
wide-015,wide,d8w64;d_b=16;m=5;gap=2;k=4,32848,false,32858,9.825,82,2,128,9.569,85,68,false,0,0.000
wide-015,wide,d8w64;d_b=16;m=5;gap=2;k=4,32848,false,32858,9.825,82,2,256,14.168,85,68,false,0,0.000
wide-015,wide,d8w64;d_b=16;m=5;gap=2;k=4,32848,false,32858,9.825,82,2,512,23.788,85,68,false,0,0.000
wide-015,wide,d8w64;d_b=16;m=5;gap=2;k=4,32848,false,32858,9.825,82,2,1024,43.836,85,68,false,0,0.000
wide-015,wide,d8w64;d_b=16;m=5;gap=2;k=4,32848,false,32858,9.825,82,2,2048,88.751,85,68,false,0,0.000
wide-015,wide,d8w64;d_b=16;m=5;gap=2;k=4,32848,false,32858,9.825,82,2,4096,196.323,85,68,false,0,0.000
wide-015,wide,d8w64;d_b=16;m=5;gap=2;k=4,32848,false,32858,9.825,82,2,8192,694.219,85,68,false,0,0.000
wide-015,wide,d8w64;d_b=16;m=5;gap=2;k=4,32848,false,32858,9.825,82,2,16384,2607.057,85,68,false,0,0.000
mixed-005-0,mixed,seed=0x14a15165be2b2690;cycles=6;planted=2;d_b=8;m=3;gap=2;k=2,14024,false,3183,0.160,41,6,1,0.046,47,42,false,0,0.000
mixed-005-0,mixed,seed=0x14a15165be2b2690;cycles=6;planted=2;d_b=8;m=3;gap=2;k=2,14024,false,3183,0.160,41,6,2,0.045,47,42,false,0,0.000
mixed-005-0,mixed,seed=0x14a15165be2b2690;cycles=6;planted=2;d_b=8;m=3;gap=2;k=2,14024,false,3183,0.160,41,6,4,0.045,47,42,false,0,0.000
mixed-005-0,mixed,seed=0x14a15165be2b2690;cycles=6;planted=2;d_b=8;m=3;gap=2;k=2,14024,false,3183,0.160,41,6,8,0.072,47,42,false,0,0.000
mixed-005-0,mixed,seed=0x14a15165be2b2690;cycles=6;planted=2;d_b=8;m=3;gap=2;k=2,14024,false,3183,0.160,41,6,16,0.111,47,42,false,0,0.000
mixed-005-0,mixed,seed=0x14a15165be2b2690;cycles=6;planted=2;d_b=8;m=3;gap=2;k=2,14024,false,3183,0.160,41,6,32,0.213,41,6,false,0,0.000
mixed-005-0,mixed,seed=0x14a15165be2b2690;cycles=6;planted=2;d_b=8;m=3;gap=2;k=2,14024,false,3183,0.160,41,6,64,0.260,41,6,true,0,0.000
mixed-005-0,mixed,seed=0x14a15165be2b2690;cycles=6;planted=2;d_b=8;m=3;gap=2;k=2,14024,false,3183,0.160,41,6,128,0.253,41,6,true,0,0.000
mixed-005-0,mixed,seed=0x14a15165be2b2690;cycles=6;planted=2;d_b=8;m=3;gap=2;k=2,14024,false,3183,0.160,41,6,256,0.250,41,6,true,0,0.000
mixed-005-0,mixed,seed=0x14a15165be2b2690;cycles=6;planted=2;d_b=8;m=3;gap=2;k=2,14024,false,3183,0.160,41,6,512,0.244,41,6,true,0,0.000
mixed-005-0,mixed,seed=0x14a15165be2b2690;cycles=6;planted=2;d_b=8;m=3;gap=2;k=2,14024,false,3183,0.160,41,6,1024,0.241,41,6,true,0,0.000
mixed-005-0,mixed,seed=0x14a15165be2b2690;cycles=6;planted=2;d_b=8;m=3;gap=2;k=2,14024,false,3183,0.160,41,6,2048,0.241,41,6,true,0,0.000
mixed-005-0,mixed,seed=0x14a15165be2b2690;cycles=6;planted=2;d_b=8;m=3;gap=2;k=2,14024,false,3183,0.160,41,6,4096,0.239,41,6,true,0,0.000
mixed-005-0,mixed,seed=0x14a15165be2b2690;cycles=6;planted=2;d_b=8;m=3;gap=2;k=2,14024,false,3183,0.160,41,6,8192,0.239,41,6,true,0,0.000
mixed-005-0,mixed,seed=0x14a15165be2b2690;cycles=6;planted=2;d_b=8;m=3;gap=2;k=2,14024,false,3183,0.160,41,6,16384,0.237,41,6,true,0,0.000
rand-00-15,rand,seed=0xf31e37247e8c9ccd;cycles=6,13984,false,3160,0.064,27,4,1,0.053,27,4,false,0,0.000
rand-00-15,rand,seed=0xf31e37247e8c9ccd;cycles=6,13984,false,3160,0.064,27,4,2,0.087,27,4,false,0,0.000
rand-00-15,rand,seed=0xf31e37247e8c9ccd;cycles=6,13984,false,3160,0.064,27,4,4,0.094,27,4,false,0,0.000
rand-00-15,rand,seed=0xf31e37247e8c9ccd;cycles=6,13984,false,3160,0.064,27,4,8,0.123,27,4,false,0,0.000
rand-00-15,rand,seed=0xf31e37247e8c9ccd;cycles=6,13984,false,3160,0.064,27,4,16,0.167,27,4,true,0,0.000
rand-00-15,rand,seed=0xf31e37247e8c9ccd;cycles=6,13984,false,3160,0.064,27,4,32,0.163,27,4,true,0,0.000
rand-00-15,rand,seed=0xf31e37247e8c9ccd;cycles=6,13984,false,3160,0.064,27,4,64,0.163,27,4,true,0,0.000
rand-00-15,rand,seed=0xf31e37247e8c9ccd;cycles=6,13984,false,3160,0.064,27,4,128,0.159,27,4,true,0,0.000
rand-00-15,rand,seed=0xf31e37247e8c9ccd;cycles=6,13984,false,3160,0.064,27,4,256,0.159,27,4,true,0,0.000
rand-00-15,rand,seed=0xf31e37247e8c9ccd;cycles=6,13984,false,3160,0.064,27,4,512,0.159,27,4,true,0,0.000
rand-00-15,rand,seed=0xf31e37247e8c9ccd;cycles=6,13984,false,3160,0.064,27,4,1024,0.159,27,4,true,0,0.000
rand-00-15,rand,seed=0xf31e37247e8c9ccd;cycles=6,13984,false,3160,0.064,27,4,2048,0.158,27,4,true,0,0.000
rand-00-15,rand,seed=0xf31e37247e8c9ccd;cycles=6,13984,false,3160,0.064,27,4,4096,0.158,27,4,true,0,0.000
rand-00-15,rand,seed=0xf31e37247e8c9ccd;cycles=6,13984,false,3160,0.064,27,4,8192,0.157,27,4,true,0,0.000
rand-00-15,rand,seed=0xf31e37247e8c9ccd;cycles=6,13984,false,3160,0.064,27,4,16384,0.159,27,4,true,0,0.000
xover-15,xover,d4w2c4,46,false,41,0.023,39,16,1,0.021,39,16,false,0,0.000
xover-15,xover,d4w2c4,46,false,41,0.023,39,16,2,0.024,39,16,false,0,0.000
xover-15,xover,d4w2c4,46,false,41,0.023,39,16,4,0.029,39,16,false,0,0.000
xover-15,xover,d4w2c4,46,false,41,0.023,39,16,8,0.037,39,16,true,0,0.000
xover-15,xover,d4w2c4,46,false,41,0.023,39,16,16,0.033,39,16,true,0,0.000
xover-15,xover,d4w2c4,46,false,41,0.023,39,16,32,0.034,39,16,true,0,0.000
xover-15,xover,d4w2c4,46,false,41,0.023,39,16,64,0.032,39,16,true,0,0.000
xover-15,xover,d4w2c4,46,false,41,0.023,39,16,128,0.034,39,16,true,0,0.000
xover-15,xover,d4w2c4,46,false,41,0.023,39,16,256,0.033,39,16,true,0,0.000
xover-15,xover,d4w2c4,46,false,41,0.023,39,16,512,0.033,39,16,true,0,0.000
xover-15,xover,d4w2c4,46,false,41,0.023,39,16,1024,0.032,39,16,true,0,0.000
xover-15,xover,d4w2c4,46,false,41,0.023,39,16,2048,0.033,39,16,true,0,0.000
xover-15,xover,d4w2c4,46,false,41,0.023,39,16,4096,0.034,39,16,true,0,0.000
xover-15,xover,d4w2c4,46,false,41,0.023,39,16,8192,0.033,39,16,true,0,0.000
xover-15,xover,d4w2c4,46,false,41,0.023,39,16,16384,0.032,39,16,true,0,0.000
dec-016,dec,d_b=3;m=5;gap=3;k=2;q=3;s=8,9,false,11,0.032,14,2,1,0.012,17,16,false,0,0.000
dec-016,dec,d_b=3;m=5;gap=3;k=2;q=3;s=8,9,false,11,0.032,14,2,2,0.017,17,16,false,0,0.000
dec-016,dec,d_b=3;m=5;gap=3;k=2;q=3;s=8,9,false,11,0.032,14,2,4,0.028,14,2,false,0,0.000
dec-016,dec,d_b=3;m=5;gap=3;k=2;q=3;s=8,9,false,11,0.032,14,2,8,0.045,14,2,true,0,0.000
dec-016,dec,d_b=3;m=5;gap=3;k=2;q=3;s=8,9,false,11,0.032,14,2,16,0.044,14,2,true,0,0.000
dec-016,dec,d_b=3;m=5;gap=3;k=2;q=3;s=8,9,false,11,0.032,14,2,32,0.042,14,2,true,0,0.000
dec-016,dec,d_b=3;m=5;gap=3;k=2;q=3;s=8,9,false,11,0.032,14,2,64,0.041,14,2,true,0,0.000
dec-016,dec,d_b=3;m=5;gap=3;k=2;q=3;s=8,9,false,11,0.032,14,2,128,0.040,14,2,true,0,0.000
dec-016,dec,d_b=3;m=5;gap=3;k=2;q=3;s=8,9,false,11,0.032,14,2,256,0.040,14,2,true,0,0.000
dec-016,dec,d_b=3;m=5;gap=3;k=2;q=3;s=8,9,false,11,0.032,14,2,512,0.039,14,2,true,0,0.000
dec-016,dec,d_b=3;m=5;gap=3;k=2;q=3;s=8,9,false,11,0.032,14,2,1024,0.040,14,2,true,0,0.000
dec-016,dec,d_b=3;m=5;gap=3;k=2;q=3;s=8,9,false,11,0.032,14,2,2048,0.040,14,2,true,0,0.000
dec-016,dec,d_b=3;m=5;gap=3;k=2;q=3;s=8,9,false,11,0.032,14,2,4096,0.040,14,2,true,0,0.000
dec-016,dec,d_b=3;m=5;gap=3;k=2;q=3;s=8,9,false,11,0.032,14,2,8192,0.039,14,2,true,0,0.000
dec-016,dec,d_b=3;m=5;gap=3;k=2;q=3;s=8,9,false,11,0.032,14,2,16384,0.040,14,2,true,0,0.000
wide-016,wide,d4w128;d_b=4;m=2;gap=1;k=1,65544,false,65549,18.441,14,2,1,10.060,15,6,false,0,0.000
wide-016,wide,d4w128;d_b=4;m=2;gap=1;k=1,65544,false,65549,18.441,14,2,2,10.177,15,6,false,0,0.000
wide-016,wide,d4w128;d_b=4;m=2;gap=1;k=1,65544,false,65549,18.441,14,2,4,10.489,15,6,false,0,0.000
wide-016,wide,d4w128;d_b=4;m=2;gap=1;k=1,65544,false,65549,18.441,14,2,8,11.063,15,6,false,0,0.000
wide-016,wide,d4w128;d_b=4;m=2;gap=1;k=1,65544,false,65549,18.441,14,2,16,12.262,15,6,false,0,0.000
wide-016,wide,d4w128;d_b=4;m=2;gap=1;k=1,65544,false,65549,18.441,14,2,32,14.575,15,6,false,0,0.000
wide-016,wide,d4w128;d_b=4;m=2;gap=1;k=1,65544,false,65549,18.441,14,2,64,19.198,15,6,false,0,0.000
wide-016,wide,d4w128;d_b=4;m=2;gap=1;k=1,65544,false,65549,18.441,14,2,128,28.147,15,6,false,0,0.000
wide-016,wide,d4w128;d_b=4;m=2;gap=1;k=1,65544,false,65549,18.441,14,2,256,45.403,15,6,false,0,0.000
wide-016,wide,d4w128;d_b=4;m=2;gap=1;k=1,65544,false,65549,18.441,14,2,512,80.961,15,6,false,0,0.000
wide-016,wide,d4w128;d_b=4;m=2;gap=1;k=1,65544,false,65549,18.441,14,2,1024,153.380,15,6,false,0,0.000
wide-016,wide,d4w128;d_b=4;m=2;gap=1;k=1,65544,false,65549,18.441,14,2,2048,304.376,15,6,false,0,0.000
wide-016,wide,d4w128;d_b=4;m=2;gap=1;k=1,65544,false,65549,18.441,14,2,4096,621.740,15,6,false,0,0.000
wide-016,wide,d4w128;d_b=4;m=2;gap=1;k=1,65544,false,65549,18.441,14,2,8192,1329.571,15,6,false,0,0.000
wide-016,wide,d4w128;d_b=4;m=2;gap=1;k=1,65544,false,65549,18.441,14,2,16384,3059.193,15,6,false,0,0.000
mixed-005-1,mixed,seed=0xd7ce4523e1d5f8c1;cycles=6;planted=2;d_b=8;m=3;gap=2;k=2,26465,false,5748,0.220,53,12,1,0.078,59,48,false,0,0.000
mixed-005-1,mixed,seed=0xd7ce4523e1d5f8c1;cycles=6;planted=2;d_b=8;m=3;gap=2;k=2,26465,false,5748,0.220,53,12,2,0.084,59,48,false,0,0.000
mixed-005-1,mixed,seed=0xd7ce4523e1d5f8c1;cycles=6;planted=2;d_b=8;m=3;gap=2;k=2,26465,false,5748,0.220,53,12,4,0.087,59,48,false,0,0.000
mixed-005-1,mixed,seed=0xd7ce4523e1d5f8c1;cycles=6;planted=2;d_b=8;m=3;gap=2;k=2,26465,false,5748,0.220,53,12,8,0.118,59,48,false,0,0.000
mixed-005-1,mixed,seed=0xd7ce4523e1d5f8c1;cycles=6;planted=2;d_b=8;m=3;gap=2;k=2,26465,false,5748,0.220,53,12,16,0.170,59,48,false,0,0.000
mixed-005-1,mixed,seed=0xd7ce4523e1d5f8c1;cycles=6;planted=2;d_b=8;m=3;gap=2;k=2,26465,false,5748,0.220,53,12,32,0.303,53,12,false,0,0.000
mixed-005-1,mixed,seed=0xd7ce4523e1d5f8c1;cycles=6;planted=2;d_b=8;m=3;gap=2;k=2,26465,false,5748,0.220,53,12,64,0.395,53,12,true,0,0.000
mixed-005-1,mixed,seed=0xd7ce4523e1d5f8c1;cycles=6;planted=2;d_b=8;m=3;gap=2;k=2,26465,false,5748,0.220,53,12,128,0.390,53,12,true,0,0.000
mixed-005-1,mixed,seed=0xd7ce4523e1d5f8c1;cycles=6;planted=2;d_b=8;m=3;gap=2;k=2,26465,false,5748,0.220,53,12,256,0.395,53,12,true,0,0.000
mixed-005-1,mixed,seed=0xd7ce4523e1d5f8c1;cycles=6;planted=2;d_b=8;m=3;gap=2;k=2,26465,false,5748,0.220,53,12,512,0.379,53,12,true,0,0.000
mixed-005-1,mixed,seed=0xd7ce4523e1d5f8c1;cycles=6;planted=2;d_b=8;m=3;gap=2;k=2,26465,false,5748,0.220,53,12,1024,0.383,53,12,true,0,0.000
mixed-005-1,mixed,seed=0xd7ce4523e1d5f8c1;cycles=6;planted=2;d_b=8;m=3;gap=2;k=2,26465,false,5748,0.220,53,12,2048,0.375,53,12,true,0,0.000
mixed-005-1,mixed,seed=0xd7ce4523e1d5f8c1;cycles=6;planted=2;d_b=8;m=3;gap=2;k=2,26465,false,5748,0.220,53,12,4096,0.375,53,12,true,0,0.000
mixed-005-1,mixed,seed=0xd7ce4523e1d5f8c1;cycles=6;planted=2;d_b=8;m=3;gap=2;k=2,26465,false,5748,0.220,53,12,8192,0.373,53,12,true,0,0.000
mixed-005-1,mixed,seed=0xd7ce4523e1d5f8c1;cycles=6;planted=2;d_b=8;m=3;gap=2;k=2,26465,false,5748,0.220,53,12,16384,0.371,53,12,true,0,0.000
rand-00-16,rand,seed=0xcfaa34f2aec6c7cf;cycles=6,13975,false,3138,0.036,8,6,1,0.045,8,6,false,0,0.000
rand-00-16,rand,seed=0xcfaa34f2aec6c7cf;cycles=6,13975,false,3138,0.036,8,6,2,0.057,8,6,true,0,0.000
rand-00-16,rand,seed=0xcfaa34f2aec6c7cf;cycles=6,13975,false,3138,0.036,8,6,4,0.053,8,6,true,0,0.000
rand-00-16,rand,seed=0xcfaa34f2aec6c7cf;cycles=6,13975,false,3138,0.036,8,6,8,0.049,8,6,true,0,0.000
rand-00-16,rand,seed=0xcfaa34f2aec6c7cf;cycles=6,13975,false,3138,0.036,8,6,16,0.048,8,6,true,0,0.000
rand-00-16,rand,seed=0xcfaa34f2aec6c7cf;cycles=6,13975,false,3138,0.036,8,6,32,0.047,8,6,true,0,0.000
rand-00-16,rand,seed=0xcfaa34f2aec6c7cf;cycles=6,13975,false,3138,0.036,8,6,64,0.047,8,6,true,0,0.000
rand-00-16,rand,seed=0xcfaa34f2aec6c7cf;cycles=6,13975,false,3138,0.036,8,6,128,0.047,8,6,true,0,0.000
rand-00-16,rand,seed=0xcfaa34f2aec6c7cf;cycles=6,13975,false,3138,0.036,8,6,256,0.047,8,6,true,0,0.000
rand-00-16,rand,seed=0xcfaa34f2aec6c7cf;cycles=6,13975,false,3138,0.036,8,6,512,0.047,8,6,true,0,0.000
rand-00-16,rand,seed=0xcfaa34f2aec6c7cf;cycles=6,13975,false,3138,0.036,8,6,1024,0.046,8,6,true,0,0.000
rand-00-16,rand,seed=0xcfaa34f2aec6c7cf;cycles=6,13975,false,3138,0.036,8,6,2048,0.046,8,6,true,0,0.000
rand-00-16,rand,seed=0xcfaa34f2aec6c7cf;cycles=6,13975,false,3138,0.036,8,6,4096,0.046,8,6,true,0,0.000
rand-00-16,rand,seed=0xcfaa34f2aec6c7cf;cycles=6,13975,false,3138,0.036,8,6,8192,0.047,8,6,true,0,0.000
rand-00-16,rand,seed=0xcfaa34f2aec6c7cf;cycles=6,13975,false,3138,0.036,8,6,16384,0.046,8,6,true,0,0.000
xover-16,xover,d4w2c6,703,false,471,0.037,39,16,1,0.033,39,16,false,0,0.000
xover-16,xover,d4w2c6,703,false,471,0.037,39,16,2,0.038,39,16,false,0,0.000
xover-16,xover,d4w2c6,703,false,471,0.037,39,16,4,0.041,39,16,false,0,0.000
xover-16,xover,d4w2c6,703,false,471,0.037,39,16,8,0.051,39,16,false,0,0.000
xover-16,xover,d4w2c6,703,false,471,0.037,39,16,16,0.062,39,16,true,0,0.000
xover-16,xover,d4w2c6,703,false,471,0.037,39,16,32,0.059,39,16,true,0,0.000
xover-16,xover,d4w2c6,703,false,471,0.037,39,16,64,0.058,39,16,true,0,0.000
xover-16,xover,d4w2c6,703,false,471,0.037,39,16,128,0.059,39,16,true,0,0.000
xover-16,xover,d4w2c6,703,false,471,0.037,39,16,256,0.058,39,16,true,0,0.000
xover-16,xover,d4w2c6,703,false,471,0.037,39,16,512,0.058,39,16,true,0,0.000
xover-16,xover,d4w2c6,703,false,471,0.037,39,16,1024,0.058,39,16,true,0,0.000
xover-16,xover,d4w2c6,703,false,471,0.037,39,16,2048,0.056,39,16,true,0,0.000
xover-16,xover,d4w2c6,703,false,471,0.037,39,16,4096,0.058,39,16,true,0,0.000
xover-16,xover,d4w2c6,703,false,471,0.037,39,16,8192,0.057,39,16,true,0,0.000
xover-16,xover,d4w2c6,703,false,471,0.037,39,16,16384,0.057,39,16,true,0,0.000
dec-017,dec,d_b=3;m=5;gap=3;k=4;q=3;s=8,15,false,17,0.050,14,2,1,0.014,17,16,false,0,0.000
dec-017,dec,d_b=3;m=5;gap=3;k=4;q=3;s=8,15,false,17,0.050,14,2,2,0.018,17,16,false,0,0.000
dec-017,dec,d_b=3;m=5;gap=3;k=4;q=3;s=8,15,false,17,0.050,14,2,4,0.026,17,16,false,0,0.000
dec-017,dec,d_b=3;m=5;gap=3;k=4;q=3;s=8,15,false,17,0.050,14,2,8,0.049,14,2,false,0,0.000
dec-017,dec,d_b=3;m=5;gap=3;k=4;q=3;s=8,15,false,17,0.050,14,2,16,0.064,14,2,true,0,0.000
dec-017,dec,d_b=3;m=5;gap=3;k=4;q=3;s=8,15,false,17,0.050,14,2,32,0.061,14,2,true,0,0.000
dec-017,dec,d_b=3;m=5;gap=3;k=4;q=3;s=8,15,false,17,0.050,14,2,64,0.059,14,2,true,0,0.000
dec-017,dec,d_b=3;m=5;gap=3;k=4;q=3;s=8,15,false,17,0.050,14,2,128,0.059,14,2,true,0,0.000
dec-017,dec,d_b=3;m=5;gap=3;k=4;q=3;s=8,15,false,17,0.050,14,2,256,0.058,14,2,true,0,0.000
dec-017,dec,d_b=3;m=5;gap=3;k=4;q=3;s=8,15,false,17,0.050,14,2,512,0.057,14,2,true,0,0.000
dec-017,dec,d_b=3;m=5;gap=3;k=4;q=3;s=8,15,false,17,0.050,14,2,1024,0.058,14,2,true,0,0.000
dec-017,dec,d_b=3;m=5;gap=3;k=4;q=3;s=8,15,false,17,0.050,14,2,2048,0.057,14,2,true,0,0.000
dec-017,dec,d_b=3;m=5;gap=3;k=4;q=3;s=8,15,false,17,0.050,14,2,4096,0.058,14,2,true,0,0.000
dec-017,dec,d_b=3;m=5;gap=3;k=4;q=3;s=8,15,false,17,0.050,14,2,8192,0.057,14,2,true,0,0.000
dec-017,dec,d_b=3;m=5;gap=3;k=4;q=3;s=8,15,false,17,0.050,14,2,16384,0.058,14,2,true,0,0.000
wide-017,wide,d4w128;d_b=8;m=2;gap=2;k=2,65560,false,65565,18.738,18,2,1,10.084,21,12,false,0,0.000
wide-017,wide,d4w128;d_b=8;m=2;gap=2;k=2,65560,false,65565,18.738,18,2,2,10.316,21,12,false,0,0.000
wide-017,wide,d4w128;d_b=8;m=2;gap=2;k=2,65560,false,65565,18.738,18,2,4,10.570,21,12,false,0,0.000
wide-017,wide,d4w128;d_b=8;m=2;gap=2;k=2,65560,false,65565,18.738,18,2,8,11.151,21,12,false,0,0.000
wide-017,wide,d4w128;d_b=8;m=2;gap=2;k=2,65560,false,65565,18.738,18,2,16,12.146,21,12,false,0,0.000
wide-017,wide,d4w128;d_b=8;m=2;gap=2;k=2,65560,false,65565,18.738,18,2,32,14.390,21,12,false,0,0.000
wide-017,wide,d4w128;d_b=8;m=2;gap=2;k=2,65560,false,65565,18.738,18,2,64,18.754,21,12,false,0,0.000
wide-017,wide,d4w128;d_b=8;m=2;gap=2;k=2,65560,false,65565,18.738,18,2,128,27.577,21,12,false,0,0.000
wide-017,wide,d4w128;d_b=8;m=2;gap=2;k=2,65560,false,65565,18.738,18,2,256,45.180,21,12,false,0,0.000
wide-017,wide,d4w128;d_b=8;m=2;gap=2;k=2,65560,false,65565,18.738,18,2,512,80.752,21,12,false,0,0.000
wide-017,wide,d4w128;d_b=8;m=2;gap=2;k=2,65560,false,65565,18.738,18,2,1024,153.451,21,12,false,0,0.000
wide-017,wide,d4w128;d_b=8;m=2;gap=2;k=2,65560,false,65565,18.738,18,2,2048,303.145,21,12,false,0,0.000
wide-017,wide,d4w128;d_b=8;m=2;gap=2;k=2,65560,false,65565,18.738,18,2,4096,624.300,21,12,false,0,0.000
wide-017,wide,d4w128;d_b=8;m=2;gap=2;k=2,65560,false,65565,18.738,18,2,8192,1330.338,21,12,false,0,0.000
wide-017,wide,d4w128;d_b=8;m=2;gap=2;k=2,65560,false,65565,18.738,18,2,16384,3046.397,21,12,false,0,0.000
mixed-005-2,mixed,seed=0x62a455ca820f081c;cycles=6;planted=2;d_b=8;m=3;gap=2;k=2,26338,false,5770,0.262,63,12,1,0.148,69,48,false,0,0.000
mixed-005-2,mixed,seed=0x62a455ca820f081c;cycles=6;planted=2;d_b=8;m=3;gap=2;k=2,26338,false,5770,0.262,63,12,2,0.155,69,48,false,0,0.000
mixed-005-2,mixed,seed=0x62a455ca820f081c;cycles=6;planted=2;d_b=8;m=3;gap=2;k=2,26338,false,5770,0.262,63,12,4,0.180,69,48,false,0,0.000
mixed-005-2,mixed,seed=0x62a455ca820f081c;cycles=6;planted=2;d_b=8;m=3;gap=2;k=2,26338,false,5770,0.262,63,12,8,0.267,69,48,false,0,0.000
mixed-005-2,mixed,seed=0x62a455ca820f081c;cycles=6;planted=2;d_b=8;m=3;gap=2;k=2,26338,false,5770,0.262,63,12,16,0.450,69,48,false,0,0.000
mixed-005-2,mixed,seed=0x62a455ca820f081c;cycles=6;planted=2;d_b=8;m=3;gap=2;k=2,26338,false,5770,0.262,63,12,32,0.872,63,12,false,0,0.000
mixed-005-2,mixed,seed=0x62a455ca820f081c;cycles=6;planted=2;d_b=8;m=3;gap=2;k=2,26338,false,5770,0.262,63,12,64,1.188,63,12,true,0,0.000
mixed-005-2,mixed,seed=0x62a455ca820f081c;cycles=6;planted=2;d_b=8;m=3;gap=2;k=2,26338,false,5770,0.262,63,12,128,1.191,63,12,true,0,0.000
mixed-005-2,mixed,seed=0x62a455ca820f081c;cycles=6;planted=2;d_b=8;m=3;gap=2;k=2,26338,false,5770,0.262,63,12,256,1.186,63,12,true,0,0.000
mixed-005-2,mixed,seed=0x62a455ca820f081c;cycles=6;planted=2;d_b=8;m=3;gap=2;k=2,26338,false,5770,0.262,63,12,512,1.214,63,12,true,0,0.000
mixed-005-2,mixed,seed=0x62a455ca820f081c;cycles=6;planted=2;d_b=8;m=3;gap=2;k=2,26338,false,5770,0.262,63,12,1024,1.155,63,12,true,0,0.000
mixed-005-2,mixed,seed=0x62a455ca820f081c;cycles=6;planted=2;d_b=8;m=3;gap=2;k=2,26338,false,5770,0.262,63,12,2048,1.168,63,12,true,0,0.000
mixed-005-2,mixed,seed=0x62a455ca820f081c;cycles=6;planted=2;d_b=8;m=3;gap=2;k=2,26338,false,5770,0.262,63,12,4096,1.168,63,12,true,0,0.000
mixed-005-2,mixed,seed=0x62a455ca820f081c;cycles=6;planted=2;d_b=8;m=3;gap=2;k=2,26338,false,5770,0.262,63,12,8192,1.203,63,12,true,0,0.000
mixed-005-2,mixed,seed=0x62a455ca820f081c;cycles=6;planted=2;d_b=8;m=3;gap=2;k=2,26338,false,5770,0.262,63,12,16384,1.198,63,12,true,0,0.000
rand-00-17,rand,seed=0xcfffbb991d4c4900;cycles=6,26287,false,5675,0.053,14,4,1,0.045,14,4,false,0,0.000
rand-00-17,rand,seed=0xcfffbb991d4c4900;cycles=6,26287,false,5675,0.053,14,4,2,0.056,14,4,false,0,0.000
rand-00-17,rand,seed=0xcfffbb991d4c4900;cycles=6,26287,false,5675,0.053,14,4,4,0.077,14,4,false,0,0.000
rand-00-17,rand,seed=0xcfffbb991d4c4900;cycles=6,26287,false,5675,0.053,14,4,8,0.095,14,4,true,0,0.000
rand-00-17,rand,seed=0xcfffbb991d4c4900;cycles=6,26287,false,5675,0.053,14,4,16,0.088,14,4,true,0,0.000
rand-00-17,rand,seed=0xcfffbb991d4c4900;cycles=6,26287,false,5675,0.053,14,4,32,0.093,14,4,true,0,0.000
rand-00-17,rand,seed=0xcfffbb991d4c4900;cycles=6,26287,false,5675,0.053,14,4,64,0.091,14,4,true,0,0.000
rand-00-17,rand,seed=0xcfffbb991d4c4900;cycles=6,26287,false,5675,0.053,14,4,128,0.091,14,4,true,0,0.000
rand-00-17,rand,seed=0xcfffbb991d4c4900;cycles=6,26287,false,5675,0.053,14,4,256,0.090,14,4,true,0,0.000
rand-00-17,rand,seed=0xcfffbb991d4c4900;cycles=6,26287,false,5675,0.053,14,4,512,0.091,14,4,true,0,0.000
rand-00-17,rand,seed=0xcfffbb991d4c4900;cycles=6,26287,false,5675,0.053,14,4,1024,0.083,14,4,true,0,0.000
rand-00-17,rand,seed=0xcfffbb991d4c4900;cycles=6,26287,false,5675,0.053,14,4,2048,0.084,14,4,true,0,0.000
rand-00-17,rand,seed=0xcfffbb991d4c4900;cycles=6,26287,false,5675,0.053,14,4,4096,0.089,14,4,true,0,0.000
rand-00-17,rand,seed=0xcfffbb991d4c4900;cycles=6,26287,false,5675,0.053,14,4,8192,0.090,14,4,true,0,0.000
rand-00-17,rand,seed=0xcfffbb991d4c4900;cycles=6,26287,false,5675,0.053,14,4,16384,0.090,14,4,true,0,0.000
xover-17,xover,d4w2c8,2723,false,1823,0.030,39,16,1,0.029,39,16,false,0,0.000
xover-17,xover,d4w2c8,2723,false,1823,0.030,39,16,2,0.033,39,16,false,0,0.000
xover-17,xover,d4w2c8,2723,false,1823,0.030,39,16,4,0.037,39,16,false,0,0.000
xover-17,xover,d4w2c8,2723,false,1823,0.030,39,16,8,0.049,39,16,true,0,0.000
xover-17,xover,d4w2c8,2723,false,1823,0.030,39,16,16,0.054,39,16,true,0,0.000
xover-17,xover,d4w2c8,2723,false,1823,0.030,39,16,32,0.046,39,16,true,0,0.000
xover-17,xover,d4w2c8,2723,false,1823,0.030,39,16,64,0.045,39,16,true,0,0.000
xover-17,xover,d4w2c8,2723,false,1823,0.030,39,16,128,0.046,39,16,true,0,0.000
xover-17,xover,d4w2c8,2723,false,1823,0.030,39,16,256,0.044,39,16,true,0,0.000
xover-17,xover,d4w2c8,2723,false,1823,0.030,39,16,512,0.045,39,16,true,0,0.000
xover-17,xover,d4w2c8,2723,false,1823,0.030,39,16,1024,0.052,39,16,true,0,0.000
xover-17,xover,d4w2c8,2723,false,1823,0.030,39,16,2048,0.044,39,16,true,0,0.000
xover-17,xover,d4w2c8,2723,false,1823,0.030,39,16,4096,0.044,39,16,true,0,0.000
xover-17,xover,d4w2c8,2723,false,1823,0.030,39,16,8192,0.051,39,16,true,0,0.000
xover-17,xover,d4w2c8,2723,false,1823,0.030,39,16,16384,0.044,39,16,true,0,0.000
dec-018,dec,d_b=3;m=5;gap=7;k=1;q=3;s=10,6,false,8,0.021,14,2,1,0.012,21,20,false,0,0.000
dec-018,dec,d_b=3;m=5;gap=7;k=1;q=3;s=10,6,false,8,0.021,14,2,2,0.019,14,2,false,0,0.000
dec-018,dec,d_b=3;m=5;gap=7;k=1;q=3;s=10,6,false,8,0.021,14,2,4,0.027,14,2,false,0,0.000
dec-018,dec,d_b=3;m=5;gap=7;k=1;q=3;s=10,6,false,8,0.021,14,2,8,0.030,14,2,true,0,0.000
dec-018,dec,d_b=3;m=5;gap=7;k=1;q=3;s=10,6,false,8,0.021,14,2,16,0.029,14,2,true,0,0.000
dec-018,dec,d_b=3;m=5;gap=7;k=1;q=3;s=10,6,false,8,0.021,14,2,32,0.028,14,2,true,0,0.000
dec-018,dec,d_b=3;m=5;gap=7;k=1;q=3;s=10,6,false,8,0.021,14,2,64,0.027,14,2,true,0,0.000
dec-018,dec,d_b=3;m=5;gap=7;k=1;q=3;s=10,6,false,8,0.021,14,2,128,0.027,14,2,true,0,0.000
dec-018,dec,d_b=3;m=5;gap=7;k=1;q=3;s=10,6,false,8,0.021,14,2,256,0.027,14,2,true,0,0.000
dec-018,dec,d_b=3;m=5;gap=7;k=1;q=3;s=10,6,false,8,0.021,14,2,512,0.027,14,2,true,0,0.000
dec-018,dec,d_b=3;m=5;gap=7;k=1;q=3;s=10,6,false,8,0.021,14,2,1024,0.027,14,2,true,0,0.000
dec-018,dec,d_b=3;m=5;gap=7;k=1;q=3;s=10,6,false,8,0.021,14,2,2048,0.027,14,2,true,0,0.000
dec-018,dec,d_b=3;m=5;gap=7;k=1;q=3;s=10,6,false,8,0.021,14,2,4096,0.026,14,2,true,0,0.000
dec-018,dec,d_b=3;m=5;gap=7;k=1;q=3;s=10,6,false,8,0.021,14,2,8192,0.026,14,2,true,0,0.000
dec-018,dec,d_b=3;m=5;gap=7;k=1;q=3;s=10,6,false,8,0.021,14,2,16384,0.032,14,2,true,0,0.000
wide-018,wide,d4w128;d_b=12;m=3;gap=6;k=2,65572,false,65578,18.659,34,2,1,10.195,41,32,false,0,0.000
wide-018,wide,d4w128;d_b=12;m=3;gap=6;k=2,65572,false,65578,18.659,34,2,2,10.420,41,32,false,0,0.000
wide-018,wide,d4w128;d_b=12;m=3;gap=6;k=2,65572,false,65578,18.659,34,2,4,10.548,41,32,false,0,0.000
wide-018,wide,d4w128;d_b=12;m=3;gap=6;k=2,65572,false,65578,18.659,34,2,8,11.251,41,32,false,0,0.000
wide-018,wide,d4w128;d_b=12;m=3;gap=6;k=2,65572,false,65578,18.659,34,2,16,12.497,41,32,false,0,0.000
wide-018,wide,d4w128;d_b=12;m=3;gap=6;k=2,65572,false,65578,18.659,34,2,32,15.109,41,32,false,0,0.000
wide-018,wide,d4w128;d_b=12;m=3;gap=6;k=2,65572,false,65578,18.659,34,2,64,19.712,41,32,false,0,0.000
wide-018,wide,d4w128;d_b=12;m=3;gap=6;k=2,65572,false,65578,18.659,34,2,128,28.698,41,32,false,0,0.000
wide-018,wide,d4w128;d_b=12;m=3;gap=6;k=2,65572,false,65578,18.659,34,2,256,47.696,41,32,false,0,0.000
wide-018,wide,d4w128;d_b=12;m=3;gap=6;k=2,65572,false,65578,18.659,34,2,512,84.097,41,32,false,0,0.000
wide-018,wide,d4w128;d_b=12;m=3;gap=6;k=2,65572,false,65578,18.659,34,2,1024,158.367,41,32,false,0,0.000
wide-018,wide,d4w128;d_b=12;m=3;gap=6;k=2,65572,false,65578,18.659,34,2,2048,309.378,41,32,false,0,0.000
wide-018,wide,d4w128;d_b=12;m=3;gap=6;k=2,65572,false,65578,18.659,34,2,4096,624.162,41,32,false,0,0.000
wide-018,wide,d4w128;d_b=12;m=3;gap=6;k=2,65572,false,65578,18.659,34,2,8192,1333.982,41,32,false,0,0.000
wide-018,wide,d4w128;d_b=12;m=3;gap=6;k=2,65572,false,65578,18.659,34,2,16384,3037.928,41,32,false,0,0.000
mixed-006-0,mixed,seed=0x656577c8c127b0fb;cycles=6;planted=2;d_b=12;m=2;gap=6;k=4,62,false,63,0.143,16,2,1,0.025,23,20,false,0,0.000
mixed-006-0,mixed,seed=0x656577c8c127b0fb;cycles=6;planted=2;d_b=12;m=2;gap=6;k=4,62,false,63,0.143,16,2,2,0.029,23,20,false,0,0.000
mixed-006-0,mixed,seed=0x656577c8c127b0fb;cycles=6;planted=2;d_b=12;m=2;gap=6;k=4,62,false,63,0.143,16,2,4,0.032,23,20,false,0,0.000
mixed-006-0,mixed,seed=0x656577c8c127b0fb;cycles=6;planted=2;d_b=12;m=2;gap=6;k=4,62,false,63,0.143,16,2,8,0.056,23,20,false,0,0.000
mixed-006-0,mixed,seed=0x656577c8c127b0fb;cycles=6;planted=2;d_b=12;m=2;gap=6;k=4,62,false,63,0.143,16,2,16,0.106,23,20,false,0,0.000
mixed-006-0,mixed,seed=0x656577c8c127b0fb;cycles=6;planted=2;d_b=12;m=2;gap=6;k=4,62,false,63,0.143,16,2,32,0.211,16,2,true,0,0.000
mixed-006-0,mixed,seed=0x656577c8c127b0fb;cycles=6;planted=2;d_b=12;m=2;gap=6;k=4,62,false,63,0.143,16,2,64,0.209,16,2,true,0,0.000
mixed-006-0,mixed,seed=0x656577c8c127b0fb;cycles=6;planted=2;d_b=12;m=2;gap=6;k=4,62,false,63,0.143,16,2,128,0.202,16,2,true,0,0.000
mixed-006-0,mixed,seed=0x656577c8c127b0fb;cycles=6;planted=2;d_b=12;m=2;gap=6;k=4,62,false,63,0.143,16,2,256,0.202,16,2,true,0,0.000
mixed-006-0,mixed,seed=0x656577c8c127b0fb;cycles=6;planted=2;d_b=12;m=2;gap=6;k=4,62,false,63,0.143,16,2,512,0.198,16,2,true,0,0.000
mixed-006-0,mixed,seed=0x656577c8c127b0fb;cycles=6;planted=2;d_b=12;m=2;gap=6;k=4,62,false,63,0.143,16,2,1024,0.197,16,2,true,0,0.000
mixed-006-0,mixed,seed=0x656577c8c127b0fb;cycles=6;planted=2;d_b=12;m=2;gap=6;k=4,62,false,63,0.143,16,2,2048,0.196,16,2,true,0,0.000
mixed-006-0,mixed,seed=0x656577c8c127b0fb;cycles=6;planted=2;d_b=12;m=2;gap=6;k=4,62,false,63,0.143,16,2,4096,0.196,16,2,true,0,0.000
mixed-006-0,mixed,seed=0x656577c8c127b0fb;cycles=6;planted=2;d_b=12;m=2;gap=6;k=4,62,false,63,0.143,16,2,8192,0.196,16,2,true,0,0.000
mixed-006-0,mixed,seed=0x656577c8c127b0fb;cycles=6;planted=2;d_b=12;m=2;gap=6;k=4,62,false,63,0.143,16,2,16384,0.196,16,2,true,0,0.000
rand-00-18,rand,seed=0x32236b7a91677250;cycles=6,23768,false,5008,0.044,8,4,1,0.035,8,4,false,0,0.000
rand-00-18,rand,seed=0x32236b7a91677250;cycles=6,23768,false,5008,0.044,8,4,2,0.047,8,4,false,0,0.000
rand-00-18,rand,seed=0x32236b7a91677250;cycles=6,23768,false,5008,0.044,8,4,4,0.061,8,4,true,0,0.000
rand-00-18,rand,seed=0x32236b7a91677250;cycles=6,23768,false,5008,0.044,8,4,8,0.057,8,4,true,0,0.000
rand-00-18,rand,seed=0x32236b7a91677250;cycles=6,23768,false,5008,0.044,8,4,16,0.052,8,4,true,0,0.000
rand-00-18,rand,seed=0x32236b7a91677250;cycles=6,23768,false,5008,0.044,8,4,32,0.051,8,4,true,0,0.000
rand-00-18,rand,seed=0x32236b7a91677250;cycles=6,23768,false,5008,0.044,8,4,64,0.051,8,4,true,0,0.000
rand-00-18,rand,seed=0x32236b7a91677250;cycles=6,23768,false,5008,0.044,8,4,128,0.049,8,4,true,0,0.000
rand-00-18,rand,seed=0x32236b7a91677250;cycles=6,23768,false,5008,0.044,8,4,256,0.050,8,4,true,0,0.000
rand-00-18,rand,seed=0x32236b7a91677250;cycles=6,23768,false,5008,0.044,8,4,512,0.049,8,4,true,0,0.000
rand-00-18,rand,seed=0x32236b7a91677250;cycles=6,23768,false,5008,0.044,8,4,1024,0.050,8,4,true,0,0.000
rand-00-18,rand,seed=0x32236b7a91677250;cycles=6,23768,false,5008,0.044,8,4,2048,0.049,8,4,true,0,0.000
rand-00-18,rand,seed=0x32236b7a91677250;cycles=6,23768,false,5008,0.044,8,4,4096,0.049,8,4,true,0,0.000
rand-00-18,rand,seed=0x32236b7a91677250;cycles=6,23768,false,5008,0.044,8,4,8192,0.049,8,4,true,0,0.000
rand-00-18,rand,seed=0x32236b7a91677250;cycles=6,23768,false,5008,0.044,8,4,16384,0.050,8,4,true,0,0.000
xover-18,xover,d4w2c10,31184,false,20025,0.047,39,16,1,0.038,39,16,false,0,0.000
xover-18,xover,d4w2c10,31184,false,20025,0.047,39,16,2,0.045,39,16,false,0,0.000
xover-18,xover,d4w2c10,31184,false,20025,0.047,39,16,4,0.048,39,16,false,0,0.000
xover-18,xover,d4w2c10,31184,false,20025,0.047,39,16,8,0.056,39,16,false,0,0.000
xover-18,xover,d4w2c10,31184,false,20025,0.047,39,16,16,0.071,39,16,true,0,0.000
xover-18,xover,d4w2c10,31184,false,20025,0.047,39,16,32,0.069,39,16,true,0,0.000
xover-18,xover,d4w2c10,31184,false,20025,0.047,39,16,64,0.068,39,16,true,0,0.000
xover-18,xover,d4w2c10,31184,false,20025,0.047,39,16,128,0.067,39,16,true,0,0.000
xover-18,xover,d4w2c10,31184,false,20025,0.047,39,16,256,0.068,39,16,true,0,0.000
xover-18,xover,d4w2c10,31184,false,20025,0.047,39,16,512,0.066,39,16,true,0,0.000
xover-18,xover,d4w2c10,31184,false,20025,0.047,39,16,1024,0.066,39,16,true,0,0.000
xover-18,xover,d4w2c10,31184,false,20025,0.047,39,16,2048,0.066,39,16,true,0,0.000
xover-18,xover,d4w2c10,31184,false,20025,0.047,39,16,4096,0.066,39,16,true,0,0.000
xover-18,xover,d4w2c10,31184,false,20025,0.047,39,16,8192,0.066,39,16,true,0,0.000
xover-18,xover,d4w2c10,31184,false,20025,0.047,39,16,16384,0.066,39,16,true,0,0.000
dec-019,dec,d_b=3;m=5;gap=7;k=2;q=3;s=10,9,false,11,0.027,14,2,1,0.013,21,20,false,0,0.000
dec-019,dec,d_b=3;m=5;gap=7;k=2;q=3;s=10,9,false,11,0.027,14,2,2,0.018,21,20,false,0,0.000
dec-019,dec,d_b=3;m=5;gap=7;k=2;q=3;s=10,9,false,11,0.027,14,2,4,0.030,14,2,false,0,0.000
dec-019,dec,d_b=3;m=5;gap=7;k=2;q=3;s=10,9,false,11,0.027,14,2,8,0.036,14,2,true,0,0.000
dec-019,dec,d_b=3;m=5;gap=7;k=2;q=3;s=10,9,false,11,0.027,14,2,16,0.035,14,2,true,0,0.000
dec-019,dec,d_b=3;m=5;gap=7;k=2;q=3;s=10,9,false,11,0.027,14,2,32,0.033,14,2,true,0,0.000
dec-019,dec,d_b=3;m=5;gap=7;k=2;q=3;s=10,9,false,11,0.027,14,2,64,0.033,14,2,true,0,0.000
dec-019,dec,d_b=3;m=5;gap=7;k=2;q=3;s=10,9,false,11,0.027,14,2,128,0.032,14,2,true,0,0.000
dec-019,dec,d_b=3;m=5;gap=7;k=2;q=3;s=10,9,false,11,0.027,14,2,256,0.032,14,2,true,0,0.000
dec-019,dec,d_b=3;m=5;gap=7;k=2;q=3;s=10,9,false,11,0.027,14,2,512,0.032,14,2,true,0,0.000
dec-019,dec,d_b=3;m=5;gap=7;k=2;q=3;s=10,9,false,11,0.027,14,2,1024,0.032,14,2,true,0,0.000
dec-019,dec,d_b=3;m=5;gap=7;k=2;q=3;s=10,9,false,11,0.027,14,2,2048,0.032,14,2,true,0,0.000
dec-019,dec,d_b=3;m=5;gap=7;k=2;q=3;s=10,9,false,11,0.027,14,2,4096,0.032,14,2,true,0,0.000
dec-019,dec,d_b=3;m=5;gap=7;k=2;q=3;s=10,9,false,11,0.027,14,2,8192,0.032,14,2,true,0,0.000
dec-019,dec,d_b=3;m=5;gap=7;k=2;q=3;s=10,9,false,11,0.027,14,2,16384,0.032,14,2,true,0,0.000
wide-019,wide,d4w128;d_b=16;m=5;gap=2;k=4,65616,false,65622,18.429,74,2,1,10.115,77,68,false,0,0.000
wide-019,wide,d4w128;d_b=16;m=5;gap=2;k=4,65616,false,65622,18.429,74,2,2,10.296,77,68,false,0,0.000
wide-019,wide,d4w128;d_b=16;m=5;gap=2;k=4,65616,false,65622,18.429,74,2,4,10.603,77,68,false,0,0.000
wide-019,wide,d4w128;d_b=16;m=5;gap=2;k=4,65616,false,65622,18.429,74,2,8,11.064,77,68,false,0,0.000
wide-019,wide,d4w128;d_b=16;m=5;gap=2;k=4,65616,false,65622,18.429,74,2,16,12.280,77,68,false,0,0.000
wide-019,wide,d4w128;d_b=16;m=5;gap=2;k=4,65616,false,65622,18.429,74,2,32,14.438,77,68,false,0,0.000
wide-019,wide,d4w128;d_b=16;m=5;gap=2;k=4,65616,false,65622,18.429,74,2,64,18.829,77,68,false,0,0.000
wide-019,wide,d4w128;d_b=16;m=5;gap=2;k=4,65616,false,65622,18.429,74,2,128,27.779,77,68,false,0,0.000
wide-019,wide,d4w128;d_b=16;m=5;gap=2;k=4,65616,false,65622,18.429,74,2,256,45.445,77,68,false,0,0.000
wide-019,wide,d4w128;d_b=16;m=5;gap=2;k=4,65616,false,65622,18.429,74,2,512,81.199,77,68,false,0,0.000
wide-019,wide,d4w128;d_b=16;m=5;gap=2;k=4,65616,false,65622,18.429,74,2,1024,153.717,77,68,false,0,0.000
wide-019,wide,d4w128;d_b=16;m=5;gap=2;k=4,65616,false,65622,18.429,74,2,2048,303.391,77,68,false,0,0.000
wide-019,wide,d4w128;d_b=16;m=5;gap=2;k=4,65616,false,65622,18.429,74,2,4096,620.534,77,68,false,0,0.000
wide-019,wide,d4w128;d_b=16;m=5;gap=2;k=4,65616,false,65622,18.429,74,2,8192,1337.366,77,68,false,0,0.000
wide-019,wide,d4w128;d_b=16;m=5;gap=2;k=4,65616,false,65622,18.429,74,2,16384,3055.481,77,68,false,0,0.000
mixed-006-1,mixed,seed=0xae94a088492c1244;cycles=6;planted=2;d_b=12;m=2;gap=6;k=4,37081,false,7840,0.308,47,12,1,0.128,61,48,false,0,0.000
mixed-006-1,mixed,seed=0xae94a088492c1244;cycles=6;planted=2;d_b=12;m=2;gap=6;k=4,37081,false,7840,0.308,47,12,2,0.135,61,48,false,0,0.000
mixed-006-1,mixed,seed=0xae94a088492c1244;cycles=6;planted=2;d_b=12;m=2;gap=6;k=4,37081,false,7840,0.308,47,12,4,0.144,61,48,false,0,0.000
mixed-006-1,mixed,seed=0xae94a088492c1244;cycles=6;planted=2;d_b=12;m=2;gap=6;k=4,37081,false,7840,0.308,47,12,8,0.190,61,48,false,0,0.000
mixed-006-1,mixed,seed=0xae94a088492c1244;cycles=6;planted=2;d_b=12;m=2;gap=6;k=4,37081,false,7840,0.308,47,12,16,0.299,61,48,false,0,0.000
mixed-006-1,mixed,seed=0xae94a088492c1244;cycles=6;planted=2;d_b=12;m=2;gap=6;k=4,37081,false,7840,0.308,47,12,32,0.522,61,48,false,0,0.000
mixed-006-1,mixed,seed=0xae94a088492c1244;cycles=6;planted=2;d_b=12;m=2;gap=6;k=4,37081,false,7840,0.308,47,12,64,1.041,47,12,false,0,0.000
mixed-006-1,mixed,seed=0xae94a088492c1244;cycles=6;planted=2;d_b=12;m=2;gap=6;k=4,37081,false,7840,0.308,47,12,128,1.086,47,12,true,0,0.000
mixed-006-1,mixed,seed=0xae94a088492c1244;cycles=6;planted=2;d_b=12;m=2;gap=6;k=4,37081,false,7840,0.308,47,12,256,1.092,47,12,true,0,0.000
mixed-006-1,mixed,seed=0xae94a088492c1244;cycles=6;planted=2;d_b=12;m=2;gap=6;k=4,37081,false,7840,0.308,47,12,512,1.079,47,12,true,0,0.000
mixed-006-1,mixed,seed=0xae94a088492c1244;cycles=6;planted=2;d_b=12;m=2;gap=6;k=4,37081,false,7840,0.308,47,12,1024,1.080,47,12,true,0,0.000
mixed-006-1,mixed,seed=0xae94a088492c1244;cycles=6;planted=2;d_b=12;m=2;gap=6;k=4,37081,false,7840,0.308,47,12,2048,1.075,47,12,true,0,0.000
mixed-006-1,mixed,seed=0xae94a088492c1244;cycles=6;planted=2;d_b=12;m=2;gap=6;k=4,37081,false,7840,0.308,47,12,4096,1.120,47,12,true,0,0.000
mixed-006-1,mixed,seed=0xae94a088492c1244;cycles=6;planted=2;d_b=12;m=2;gap=6;k=4,37081,false,7840,0.308,47,12,8192,1.077,47,12,true,0,0.000
mixed-006-1,mixed,seed=0xae94a088492c1244;cycles=6;planted=2;d_b=12;m=2;gap=6;k=4,37081,false,7840,0.308,47,12,16384,1.074,47,12,true,0,0.000
rand-00-19,rand,seed=0x2bba9023af004427;cycles=6,34873,false,7176,0.049,9,6,1,0.044,9,6,false,0,0.000
rand-00-19,rand,seed=0x2bba9023af004427;cycles=6,34873,false,7176,0.049,9,6,2,0.050,9,6,false,0,0.000
rand-00-19,rand,seed=0x2bba9023af004427;cycles=6,34873,false,7176,0.049,9,6,4,0.061,9,6,true,0,0.000
rand-00-19,rand,seed=0x2bba9023af004427;cycles=6,34873,false,7176,0.049,9,6,8,0.060,9,6,true,0,0.000
rand-00-19,rand,seed=0x2bba9023af004427;cycles=6,34873,false,7176,0.049,9,6,16,0.056,9,6,true,0,0.000
rand-00-19,rand,seed=0x2bba9023af004427;cycles=6,34873,false,7176,0.049,9,6,32,0.055,9,6,true,0,0.000
rand-00-19,rand,seed=0x2bba9023af004427;cycles=6,34873,false,7176,0.049,9,6,64,0.054,9,6,true,0,0.000
rand-00-19,rand,seed=0x2bba9023af004427;cycles=6,34873,false,7176,0.049,9,6,128,0.055,9,6,true,0,0.000
rand-00-19,rand,seed=0x2bba9023af004427;cycles=6,34873,false,7176,0.049,9,6,256,0.054,9,6,true,0,0.000
rand-00-19,rand,seed=0x2bba9023af004427;cycles=6,34873,false,7176,0.049,9,6,512,0.056,9,6,true,0,0.000
rand-00-19,rand,seed=0x2bba9023af004427;cycles=6,34873,false,7176,0.049,9,6,1024,0.053,9,6,true,0,0.000
rand-00-19,rand,seed=0x2bba9023af004427;cycles=6,34873,false,7176,0.049,9,6,2048,0.053,9,6,true,0,0.000
rand-00-19,rand,seed=0x2bba9023af004427;cycles=6,34873,false,7176,0.049,9,6,4096,0.054,9,6,true,0,0.000
rand-00-19,rand,seed=0x2bba9023af004427;cycles=6,34873,false,7176,0.049,9,6,8192,0.053,9,6,true,0,0.000
rand-00-19,rand,seed=0x2bba9023af004427;cycles=6,34873,false,7176,0.049,9,6,16384,0.053,9,6,true,0,0.000
xover-19,xover,d4w2c12,142660,false,93846,0.038,39,16,1,0.036,39,16,false,0,0.000
xover-19,xover,d4w2c12,142660,false,93846,0.038,39,16,2,0.039,39,16,false,0,0.000
xover-19,xover,d4w2c12,142660,false,93846,0.038,39,16,4,0.043,39,16,false,0,0.000
xover-19,xover,d4w2c12,142660,false,93846,0.038,39,16,8,0.053,39,16,false,0,0.000
xover-19,xover,d4w2c12,142660,false,93846,0.038,39,16,16,0.061,39,16,true,0,0.000
xover-19,xover,d4w2c12,142660,false,93846,0.038,39,16,32,0.063,39,16,true,0,0.000
xover-19,xover,d4w2c12,142660,false,93846,0.038,39,16,64,0.058,39,16,true,0,0.000
xover-19,xover,d4w2c12,142660,false,93846,0.038,39,16,128,0.058,39,16,true,0,0.000
xover-19,xover,d4w2c12,142660,false,93846,0.038,39,16,256,0.057,39,16,true,0,0.000
xover-19,xover,d4w2c12,142660,false,93846,0.038,39,16,512,0.058,39,16,true,0,0.000
xover-19,xover,d4w2c12,142660,false,93846,0.038,39,16,1024,0.057,39,16,true,0,0.000
xover-19,xover,d4w2c12,142660,false,93846,0.038,39,16,2048,0.058,39,16,true,0,0.000
xover-19,xover,d4w2c12,142660,false,93846,0.038,39,16,4096,0.057,39,16,true,0,0.000
xover-19,xover,d4w2c12,142660,false,93846,0.038,39,16,8192,0.057,39,16,true,0,0.000
xover-19,xover,d4w2c12,142660,false,93846,0.038,39,16,16384,0.056,39,16,true,0,0.000
dec-020,dec,d_b=3;m=5;gap=7;k=4;q=3;s=10,15,false,17,0.038,14,2,1,0.014,21,20,false,0,0.000
dec-020,dec,d_b=3;m=5;gap=7;k=4;q=3;s=10,15,false,17,0.038,14,2,2,0.029,21,20,false,0,0.000
dec-020,dec,d_b=3;m=5;gap=7;k=4;q=3;s=10,15,false,17,0.038,14,2,4,0.029,21,20,false,0,0.000
dec-020,dec,d_b=3;m=5;gap=7;k=4;q=3;s=10,15,false,17,0.038,14,2,8,0.063,14,2,true,0,0.000
dec-020,dec,d_b=3;m=5;gap=7;k=4;q=3;s=10,15,false,17,0.038,14,2,16,0.050,14,2,true,0,0.000
dec-020,dec,d_b=3;m=5;gap=7;k=4;q=3;s=10,15,false,17,0.038,14,2,32,0.060,14,2,true,0,0.000
dec-020,dec,d_b=3;m=5;gap=7;k=4;q=3;s=10,15,false,17,0.038,14,2,64,0.049,14,2,true,0,0.000
dec-020,dec,d_b=3;m=5;gap=7;k=4;q=3;s=10,15,false,17,0.038,14,2,128,0.051,14,2,true,0,0.000
dec-020,dec,d_b=3;m=5;gap=7;k=4;q=3;s=10,15,false,17,0.038,14,2,256,0.044,14,2,true,0,0.000
dec-020,dec,d_b=3;m=5;gap=7;k=4;q=3;s=10,15,false,17,0.038,14,2,512,0.053,14,2,true,0,0.000
dec-020,dec,d_b=3;m=5;gap=7;k=4;q=3;s=10,15,false,17,0.038,14,2,1024,0.045,14,2,true,0,0.000
dec-020,dec,d_b=3;m=5;gap=7;k=4;q=3;s=10,15,false,17,0.038,14,2,2048,0.047,14,2,true,0,0.000
dec-020,dec,d_b=3;m=5;gap=7;k=4;q=3;s=10,15,false,17,0.038,14,2,4096,0.045,14,2,true,0,0.000
dec-020,dec,d_b=3;m=5;gap=7;k=4;q=3;s=10,15,false,17,0.038,14,2,8192,0.046,14,2,true,0,0.000
dec-020,dec,d_b=3;m=5;gap=7;k=4;q=3;s=10,15,false,17,0.038,14,2,16384,0.044,14,2,true,0,0.000
wide-020,wide,d8w128;d_b=4;m=2;gap=1;k=1,131080,false,131089,36.967,22,2,1,19.155,23,6,false,0,0.000
wide-020,wide,d8w128;d_b=4;m=2;gap=1;k=1,131080,false,131089,36.967,22,2,2,19.295,23,6,false,0,0.000
wide-020,wide,d8w128;d_b=4;m=2;gap=1;k=1,131080,false,131089,36.967,22,2,4,19.492,23,6,false,0,0.000
wide-020,wide,d8w128;d_b=4;m=2;gap=1;k=1,131080,false,131089,36.967,22,2,8,20.330,23,6,false,0,0.000
wide-020,wide,d8w128;d_b=4;m=2;gap=1;k=1,131080,false,131089,36.967,22,2,16,21.303,23,6,false,0,0.000
wide-020,wide,d8w128;d_b=4;m=2;gap=1;k=1,131080,false,131089,36.967,22,2,32,23.475,23,6,false,0,0.000
wide-020,wide,d8w128;d_b=4;m=2;gap=1;k=1,131080,false,131089,36.967,22,2,64,28.003,23,6,false,0,0.000
wide-020,wide,d8w128;d_b=4;m=2;gap=1;k=1,131080,false,131089,36.967,22,2,128,36.595,23,6,false,0,0.000
wide-020,wide,d8w128;d_b=4;m=2;gap=1;k=1,131080,false,131089,36.967,22,2,256,54.407,23,6,false,0,0.000
wide-020,wide,d8w128;d_b=4;m=2;gap=1;k=1,131080,false,131089,36.967,22,2,512,89.955,23,6,false,0,0.000
wide-020,wide,d8w128;d_b=4;m=2;gap=1;k=1,131080,false,131089,36.967,22,2,1024,162.372,23,6,false,0,0.000
wide-020,wide,d8w128;d_b=4;m=2;gap=1;k=1,131080,false,131089,36.967,22,2,2048,312.214,23,6,false,0,0.000
wide-020,wide,d8w128;d_b=4;m=2;gap=1;k=1,131080,false,131089,36.967,22,2,4096,627.636,23,6,false,0,0.000
wide-020,wide,d8w128;d_b=4;m=2;gap=1;k=1,131080,false,131089,36.967,22,2,8192,1352.346,23,6,false,0,0.000
wide-020,wide,d8w128;d_b=4;m=2;gap=1;k=1,131080,false,131089,36.967,22,2,16384,3063.138,23,6,false,0,0.000
mixed-006-2,mixed,seed=0x51f8cc29b80041d4;cycles=6;planted=2;d_b=12;m=2;gap=6;k=4,14098,false,3271,0.277,41,8,1,0.074,55,44,false,0,0.000
mixed-006-2,mixed,seed=0x51f8cc29b80041d4;cycles=6;planted=2;d_b=12;m=2;gap=6;k=4,14098,false,3271,0.277,41,8,2,0.082,55,44,false,0,0.000
mixed-006-2,mixed,seed=0x51f8cc29b80041d4;cycles=6;planted=2;d_b=12;m=2;gap=6;k=4,14098,false,3271,0.277,41,8,4,0.091,55,44,false,0,0.000
mixed-006-2,mixed,seed=0x51f8cc29b80041d4;cycles=6;planted=2;d_b=12;m=2;gap=6;k=4,14098,false,3271,0.277,41,8,8,0.139,55,44,false,0,0.000
mixed-006-2,mixed,seed=0x51f8cc29b80041d4;cycles=6;planted=2;d_b=12;m=2;gap=6;k=4,14098,false,3271,0.277,41,8,16,0.240,55,44,false,0,0.000
mixed-006-2,mixed,seed=0x51f8cc29b80041d4;cycles=6;planted=2;d_b=12;m=2;gap=6;k=4,14098,false,3271,0.277,41,8,32,0.357,48,26,false,0,0.000
mixed-006-2,mixed,seed=0x51f8cc29b80041d4;cycles=6;planted=2;d_b=12;m=2;gap=6;k=4,14098,false,3271,0.277,41,8,64,0.717,41,8,true,0,0.000
mixed-006-2,mixed,seed=0x51f8cc29b80041d4;cycles=6;planted=2;d_b=12;m=2;gap=6;k=4,14098,false,3271,0.277,41,8,128,0.698,41,8,true,0,0.000
mixed-006-2,mixed,seed=0x51f8cc29b80041d4;cycles=6;planted=2;d_b=12;m=2;gap=6;k=4,14098,false,3271,0.277,41,8,256,0.707,41,8,true,0,0.000
mixed-006-2,mixed,seed=0x51f8cc29b80041d4;cycles=6;planted=2;d_b=12;m=2;gap=6;k=4,14098,false,3271,0.277,41,8,512,0.685,41,8,true,0,0.000
mixed-006-2,mixed,seed=0x51f8cc29b80041d4;cycles=6;planted=2;d_b=12;m=2;gap=6;k=4,14098,false,3271,0.277,41,8,1024,0.688,41,8,true,0,0.000
mixed-006-2,mixed,seed=0x51f8cc29b80041d4;cycles=6;planted=2;d_b=12;m=2;gap=6;k=4,14098,false,3271,0.277,41,8,2048,0.680,41,8,true,0,0.000
mixed-006-2,mixed,seed=0x51f8cc29b80041d4;cycles=6;planted=2;d_b=12;m=2;gap=6;k=4,14098,false,3271,0.277,41,8,4096,0.692,41,8,true,0,0.000
mixed-006-2,mixed,seed=0x51f8cc29b80041d4;cycles=6;planted=2;d_b=12;m=2;gap=6;k=4,14098,false,3271,0.277,41,8,8192,0.677,41,8,true,0,0.000
mixed-006-2,mixed,seed=0x51f8cc29b80041d4;cycles=6;planted=2;d_b=12;m=2;gap=6;k=4,14098,false,3271,0.277,41,8,16384,0.693,41,8,true,0,0.000
rand-00-20,rand,seed=0xd130647e196d9a8a;cycles=6,13974,false,3129,0.016,3,2,1,0.015,3,2,true,0,0.000
rand-00-20,rand,seed=0xd130647e196d9a8a;cycles=6,13974,false,3129,0.016,3,2,2,0.015,3,2,true,0,0.000
rand-00-20,rand,seed=0xd130647e196d9a8a;cycles=6,13974,false,3129,0.016,3,2,4,0.014,3,2,true,0,0.000
rand-00-20,rand,seed=0xd130647e196d9a8a;cycles=6,13974,false,3129,0.016,3,2,8,0.014,3,2,true,0,0.000
rand-00-20,rand,seed=0xd130647e196d9a8a;cycles=6,13974,false,3129,0.016,3,2,16,0.013,3,2,true,0,0.000
rand-00-20,rand,seed=0xd130647e196d9a8a;cycles=6,13974,false,3129,0.016,3,2,32,0.012,3,2,true,0,0.000
rand-00-20,rand,seed=0xd130647e196d9a8a;cycles=6,13974,false,3129,0.016,3,2,64,0.012,3,2,true,0,0.000
rand-00-20,rand,seed=0xd130647e196d9a8a;cycles=6,13974,false,3129,0.016,3,2,128,0.012,3,2,true,0,0.000
rand-00-20,rand,seed=0xd130647e196d9a8a;cycles=6,13974,false,3129,0.016,3,2,256,0.012,3,2,true,0,0.000
rand-00-20,rand,seed=0xd130647e196d9a8a;cycles=6,13974,false,3129,0.016,3,2,512,0.012,3,2,true,0,0.000
rand-00-20,rand,seed=0xd130647e196d9a8a;cycles=6,13974,false,3129,0.016,3,2,1024,0.013,3,2,true,0,0.000
rand-00-20,rand,seed=0xd130647e196d9a8a;cycles=6,13974,false,3129,0.016,3,2,2048,0.012,3,2,true,0,0.000
rand-00-20,rand,seed=0xd130647e196d9a8a;cycles=6,13974,false,3129,0.016,3,2,4096,0.012,3,2,true,0,0.000
rand-00-20,rand,seed=0xd130647e196d9a8a;cycles=6,13974,false,3129,0.016,3,2,8192,0.012,3,2,true,0,0.000
rand-00-20,rand,seed=0xd130647e196d9a8a;cycles=6,13974,false,3129,0.016,3,2,16384,0.012,3,2,true,0,0.000
xover-20,xover,d4w4c4,160,false,99,0.026,39,16,1,0.024,39,16,false,0,0.000
xover-20,xover,d4w4c4,160,false,99,0.026,39,16,2,0.028,39,16,false,0,0.000
xover-20,xover,d4w4c4,160,false,99,0.026,39,16,4,0.031,39,16,false,0,0.000
xover-20,xover,d4w4c4,160,false,99,0.026,39,16,8,0.037,39,16,true,0,0.000
xover-20,xover,d4w4c4,160,false,99,0.026,39,16,16,0.036,39,16,true,0,0.000
xover-20,xover,d4w4c4,160,false,99,0.026,39,16,32,0.036,39,16,true,0,0.000
xover-20,xover,d4w4c4,160,false,99,0.026,39,16,64,0.034,39,16,true,0,0.000
xover-20,xover,d4w4c4,160,false,99,0.026,39,16,128,0.035,39,16,true,0,0.000
xover-20,xover,d4w4c4,160,false,99,0.026,39,16,256,0.035,39,16,true,0,0.000
xover-20,xover,d4w4c4,160,false,99,0.026,39,16,512,0.035,39,16,true,0,0.000
xover-20,xover,d4w4c4,160,false,99,0.026,39,16,1024,0.035,39,16,true,0,0.000
xover-20,xover,d4w4c4,160,false,99,0.026,39,16,2048,0.034,39,16,true,0,0.000
xover-20,xover,d4w4c4,160,false,99,0.026,39,16,4096,0.034,39,16,true,0,0.000
xover-20,xover,d4w4c4,160,false,99,0.026,39,16,8192,0.034,39,16,true,0,0.000
xover-20,xover,d4w4c4,160,false,99,0.026,39,16,16384,0.034,39,16,true,0,0.000
dec-021,dec,d_b=3;m=9;gap=1;k=1;q=7;s=13,6,false,8,0.029,26,2,1,0.014,27,26,false,0,0.000
dec-021,dec,d_b=3;m=9;gap=1;k=1;q=7;s=13,6,false,8,0.029,26,2,2,0.026,26,2,false,0,0.000
dec-021,dec,d_b=3;m=9;gap=1;k=1;q=7;s=13,6,false,8,0.029,26,2,4,0.030,26,2,false,0,0.000
dec-021,dec,d_b=3;m=9;gap=1;k=1;q=7;s=13,6,false,8,0.029,26,2,8,0.039,26,2,true,0,0.000
dec-021,dec,d_b=3;m=9;gap=1;k=1;q=7;s=13,6,false,8,0.029,26,2,16,0.038,26,2,true,0,0.000
dec-021,dec,d_b=3;m=9;gap=1;k=1;q=7;s=13,6,false,8,0.029,26,2,32,0.037,26,2,true,0,0.000
dec-021,dec,d_b=3;m=9;gap=1;k=1;q=7;s=13,6,false,8,0.029,26,2,64,0.036,26,2,true,0,0.000
dec-021,dec,d_b=3;m=9;gap=1;k=1;q=7;s=13,6,false,8,0.029,26,2,128,0.035,26,2,true,0,0.000
dec-021,dec,d_b=3;m=9;gap=1;k=1;q=7;s=13,6,false,8,0.029,26,2,256,0.035,26,2,true,0,0.000
dec-021,dec,d_b=3;m=9;gap=1;k=1;q=7;s=13,6,false,8,0.029,26,2,512,0.035,26,2,true,0,0.000
dec-021,dec,d_b=3;m=9;gap=1;k=1;q=7;s=13,6,false,8,0.029,26,2,1024,0.035,26,2,true,0,0.000
dec-021,dec,d_b=3;m=9;gap=1;k=1;q=7;s=13,6,false,8,0.029,26,2,2048,0.035,26,2,true,0,0.000
dec-021,dec,d_b=3;m=9;gap=1;k=1;q=7;s=13,6,false,8,0.029,26,2,4096,0.035,26,2,true,0,0.000
dec-021,dec,d_b=3;m=9;gap=1;k=1;q=7;s=13,6,false,8,0.029,26,2,8192,0.035,26,2,true,0,0.000
dec-021,dec,d_b=3;m=9;gap=1;k=1;q=7;s=13,6,false,8,0.029,26,2,16384,0.035,26,2,true,0,0.000
wide-021,wide,d8w128;d_b=8;m=2;gap=2;k=2,131096,false,131105,36.493,26,2,1,19.486,29,12,false,0,0.000
wide-021,wide,d8w128;d_b=8;m=2;gap=2;k=2,131096,false,131105,36.493,26,2,2,19.390,29,12,false,0,0.000
wide-021,wide,d8w128;d_b=8;m=2;gap=2;k=2,131096,false,131105,36.493,26,2,4,19.753,29,12,false,0,0.000
wide-021,wide,d8w128;d_b=8;m=2;gap=2;k=2,131096,false,131105,36.493,26,2,8,20.484,29,12,false,0,0.000
wide-021,wide,d8w128;d_b=8;m=2;gap=2;k=2,131096,false,131105,36.493,26,2,16,21.327,29,12,false,0,0.000
wide-021,wide,d8w128;d_b=8;m=2;gap=2;k=2,131096,false,131105,36.493,26,2,32,23.626,29,12,false,0,0.000
wide-021,wide,d8w128;d_b=8;m=2;gap=2;k=2,131096,false,131105,36.493,26,2,64,27.912,29,12,false,0,0.000
wide-021,wide,d8w128;d_b=8;m=2;gap=2;k=2,131096,false,131105,36.493,26,2,128,36.761,29,12,false,0,0.000
wide-021,wide,d8w128;d_b=8;m=2;gap=2;k=2,131096,false,131105,36.493,26,2,256,54.403,29,12,false,0,0.000
wide-021,wide,d8w128;d_b=8;m=2;gap=2;k=2,131096,false,131105,36.493,26,2,512,89.982,29,12,false,0,0.000
wide-021,wide,d8w128;d_b=8;m=2;gap=2;k=2,131096,false,131105,36.493,26,2,1024,162.077,29,12,false,0,0.000
wide-021,wide,d8w128;d_b=8;m=2;gap=2;k=2,131096,false,131105,36.493,26,2,2048,311.844,29,12,false,0,0.000
wide-021,wide,d8w128;d_b=8;m=2;gap=2;k=2,131096,false,131105,36.493,26,2,4096,629.488,29,12,false,0,0.000
wide-021,wide,d8w128;d_b=8;m=2;gap=2;k=2,131096,false,131105,36.493,26,2,8192,1343.056,29,12,false,0,0.000
wide-021,wide,d8w128;d_b=8;m=2;gap=2;k=2,131096,false,131105,36.493,26,2,16384,3057.316,29,12,false,0,0.000
mixed-007-0,mixed,seed=0xc4521a2085cbadbd;cycles=6;planted=2;d_b=16;m=5;gap=2;k=1,65,false,69,0.342,133,4,1,0.057,139,136,false,0,0.000
mixed-007-0,mixed,seed=0xc4521a2085cbadbd;cycles=6;planted=2;d_b=16;m=5;gap=2;k=1,65,false,69,0.342,133,4,2,0.052,139,136,false,0,0.000
mixed-007-0,mixed,seed=0xc4521a2085cbadbd;cycles=6;planted=2;d_b=16;m=5;gap=2;k=1,65,false,69,0.342,133,4,4,0.072,139,136,false,0,0.000
mixed-007-0,mixed,seed=0xc4521a2085cbadbd;cycles=6;planted=2;d_b=16;m=5;gap=2;k=1,65,false,69,0.342,133,4,8,0.101,139,136,false,0,0.000
mixed-007-0,mixed,seed=0xc4521a2085cbadbd;cycles=6;planted=2;d_b=16;m=5;gap=2;k=1,65,false,69,0.342,133,4,16,0.178,139,136,false,0,0.000
mixed-007-0,mixed,seed=0xc4521a2085cbadbd;cycles=6;planted=2;d_b=16;m=5;gap=2;k=1,65,false,69,0.342,133,4,32,0.331,136,70,false,0,0.000
mixed-007-0,mixed,seed=0xc4521a2085cbadbd;cycles=6;planted=2;d_b=16;m=5;gap=2;k=1,65,false,69,0.342,133,4,64,0.601,133,4,true,0,0.000
mixed-007-0,mixed,seed=0xc4521a2085cbadbd;cycles=6;planted=2;d_b=16;m=5;gap=2;k=1,65,false,69,0.342,133,4,128,0.593,133,4,true,0,0.000
mixed-007-0,mixed,seed=0xc4521a2085cbadbd;cycles=6;planted=2;d_b=16;m=5;gap=2;k=1,65,false,69,0.342,133,4,256,0.588,133,4,true,0,0.000
mixed-007-0,mixed,seed=0xc4521a2085cbadbd;cycles=6;planted=2;d_b=16;m=5;gap=2;k=1,65,false,69,0.342,133,4,512,0.585,133,4,true,0,0.000
mixed-007-0,mixed,seed=0xc4521a2085cbadbd;cycles=6;planted=2;d_b=16;m=5;gap=2;k=1,65,false,69,0.342,133,4,1024,0.579,133,4,true,0,0.000
mixed-007-0,mixed,seed=0xc4521a2085cbadbd;cycles=6;planted=2;d_b=16;m=5;gap=2;k=1,65,false,69,0.342,133,4,2048,0.580,133,4,true,0,0.000
mixed-007-0,mixed,seed=0xc4521a2085cbadbd;cycles=6;planted=2;d_b=16;m=5;gap=2;k=1,65,false,69,0.342,133,4,4096,0.581,133,4,true,0,0.000
mixed-007-0,mixed,seed=0xc4521a2085cbadbd;cycles=6;planted=2;d_b=16;m=5;gap=2;k=1,65,false,69,0.342,133,4,8192,0.576,133,4,true,0,0.000
mixed-007-0,mixed,seed=0xc4521a2085cbadbd;cycles=6;planted=2;d_b=16;m=5;gap=2;k=1,65,false,69,0.342,133,4,16384,0.574,133,4,true,0,0.000
rand-00-21,rand,seed=0x062807ec5f4b0aa3;cycles=6,13977,false,3181,0.089,17,4,1,0.068,17,4,false,0,0.000
rand-00-21,rand,seed=0x062807ec5f4b0aa3;cycles=6,13977,false,3181,0.089,17,4,2,0.067,17,4,false,0,0.000
rand-00-21,rand,seed=0x062807ec5f4b0aa3;cycles=6,13977,false,3181,0.089,17,4,4,0.166,17,4,true,0,0.000
rand-00-21,rand,seed=0x062807ec5f4b0aa3;cycles=6,13977,false,3181,0.089,17,4,8,0.163,17,4,true,0,0.000
rand-00-21,rand,seed=0x062807ec5f4b0aa3;cycles=6,13977,false,3181,0.089,17,4,16,0.153,17,4,true,0,0.000
rand-00-21,rand,seed=0x062807ec5f4b0aa3;cycles=6,13977,false,3181,0.089,17,4,32,0.153,17,4,true,0,0.000
rand-00-21,rand,seed=0x062807ec5f4b0aa3;cycles=6,13977,false,3181,0.089,17,4,64,0.148,17,4,true,0,0.000
rand-00-21,rand,seed=0x062807ec5f4b0aa3;cycles=6,13977,false,3181,0.089,17,4,128,0.149,17,4,true,0,0.000
rand-00-21,rand,seed=0x062807ec5f4b0aa3;cycles=6,13977,false,3181,0.089,17,4,256,0.150,17,4,true,0,0.000
rand-00-21,rand,seed=0x062807ec5f4b0aa3;cycles=6,13977,false,3181,0.089,17,4,512,0.147,17,4,true,0,0.000
rand-00-21,rand,seed=0x062807ec5f4b0aa3;cycles=6,13977,false,3181,0.089,17,4,1024,0.145,17,4,true,0,0.000
rand-00-21,rand,seed=0x062807ec5f4b0aa3;cycles=6,13977,false,3181,0.089,17,4,2048,0.147,17,4,true,0,0.000
rand-00-21,rand,seed=0x062807ec5f4b0aa3;cycles=6,13977,false,3181,0.089,17,4,4096,0.144,17,4,true,0,0.000
rand-00-21,rand,seed=0x062807ec5f4b0aa3;cycles=6,13977,false,3181,0.089,17,4,8192,0.146,17,4,true,0,0.000
rand-00-21,rand,seed=0x062807ec5f4b0aa3;cycles=6,13977,false,3181,0.089,17,4,16384,0.144,17,4,true,0,0.000
xover-21,xover,d4w4c6,15472,false,5319,0.044,39,16,1,0.046,39,16,false,0,0.000
xover-21,xover,d4w4c6,15472,false,5319,0.044,39,16,2,0.046,39,16,false,0,0.000
xover-21,xover,d4w4c6,15472,false,5319,0.044,39,16,4,0.051,39,16,false,0,0.000
xover-21,xover,d4w4c6,15472,false,5319,0.044,39,16,8,0.061,39,16,false,0,0.000
xover-21,xover,d4w4c6,15472,false,5319,0.044,39,16,16,0.073,39,16,true,0,0.000
xover-21,xover,d4w4c6,15472,false,5319,0.044,39,16,32,0.071,39,16,true,0,0.000
xover-21,xover,d4w4c6,15472,false,5319,0.044,39,16,64,0.070,39,16,true,0,0.000
xover-21,xover,d4w4c6,15472,false,5319,0.044,39,16,128,0.070,39,16,true,0,0.000
xover-21,xover,d4w4c6,15472,false,5319,0.044,39,16,256,0.069,39,16,true,0,0.000
xover-21,xover,d4w4c6,15472,false,5319,0.044,39,16,512,0.069,39,16,true,0,0.000
xover-21,xover,d4w4c6,15472,false,5319,0.044,39,16,1024,0.075,39,16,true,0,0.000
xover-21,xover,d4w4c6,15472,false,5319,0.044,39,16,2048,0.068,39,16,true,0,0.000
xover-21,xover,d4w4c6,15472,false,5319,0.044,39,16,4096,0.068,39,16,true,0,0.000
xover-21,xover,d4w4c6,15472,false,5319,0.044,39,16,8192,0.069,39,16,true,0,0.000
xover-21,xover,d4w4c6,15472,false,5319,0.044,39,16,16384,0.067,39,16,true,0,0.000
dec-022,dec,d_b=3;m=9;gap=1;k=2;q=7;s=13,9,false,11,0.045,26,2,1,0.014,27,26,false,0,0.000
dec-022,dec,d_b=3;m=9;gap=1;k=2;q=7;s=13,9,false,11,0.045,26,2,2,0.021,27,26,false,0,0.000
dec-022,dec,d_b=3;m=9;gap=1;k=2;q=7;s=13,9,false,11,0.045,26,2,4,0.033,26,2,false,0,0.000
dec-022,dec,d_b=3;m=9;gap=1;k=2;q=7;s=13,9,false,11,0.045,26,2,8,0.056,26,2,true,0,0.000
dec-022,dec,d_b=3;m=9;gap=1;k=2;q=7;s=13,9,false,11,0.045,26,2,16,0.053,26,2,true,0,0.000
dec-022,dec,d_b=3;m=9;gap=1;k=2;q=7;s=13,9,false,11,0.045,26,2,32,0.052,26,2,true,0,0.000
dec-022,dec,d_b=3;m=9;gap=1;k=2;q=7;s=13,9,false,11,0.045,26,2,64,0.050,26,2,true,0,0.000
dec-022,dec,d_b=3;m=9;gap=1;k=2;q=7;s=13,9,false,11,0.045,26,2,128,0.051,26,2,true,0,0.000
dec-022,dec,d_b=3;m=9;gap=1;k=2;q=7;s=13,9,false,11,0.045,26,2,256,0.049,26,2,true,0,0.000
dec-022,dec,d_b=3;m=9;gap=1;k=2;q=7;s=13,9,false,11,0.045,26,2,512,0.050,26,2,true,0,0.000
dec-022,dec,d_b=3;m=9;gap=1;k=2;q=7;s=13,9,false,11,0.045,26,2,1024,0.050,26,2,true,0,0.000
dec-022,dec,d_b=3;m=9;gap=1;k=2;q=7;s=13,9,false,11,0.045,26,2,2048,0.050,26,2,true,0,0.000
dec-022,dec,d_b=3;m=9;gap=1;k=2;q=7;s=13,9,false,11,0.045,26,2,4096,0.049,26,2,true,0,0.000
dec-022,dec,d_b=3;m=9;gap=1;k=2;q=7;s=13,9,false,11,0.045,26,2,8192,0.050,26,2,true,0,0.000
dec-022,dec,d_b=3;m=9;gap=1;k=2;q=7;s=13,9,false,11,0.045,26,2,16384,0.049,26,2,true,0,0.000
wide-022,wide,d8w128;d_b=12;m=3;gap=6;k=2,131108,false,131118,35.946,42,2,1,19.307,49,32,false,0,0.000
wide-022,wide,d8w128;d_b=12;m=3;gap=6;k=2,131108,false,131118,35.946,42,2,2,19.285,49,32,false,0,0.000
wide-022,wide,d8w128;d_b=12;m=3;gap=6;k=2,131108,false,131118,35.946,42,2,4,20.068,49,32,false,0,0.000
wide-022,wide,d8w128;d_b=12;m=3;gap=6;k=2,131108,false,131118,35.946,42,2,8,20.134,49,32,false,0,0.000
wide-022,wide,d8w128;d_b=12;m=3;gap=6;k=2,131108,false,131118,35.946,42,2,16,21.475,49,32,false,0,0.000
wide-022,wide,d8w128;d_b=12;m=3;gap=6;k=2,131108,false,131118,35.946,42,2,32,23.355,49,32,false,0,0.000
wide-022,wide,d8w128;d_b=12;m=3;gap=6;k=2,131108,false,131118,35.946,42,2,64,27.982,49,32,false,0,0.000
wide-022,wide,d8w128;d_b=12;m=3;gap=6;k=2,131108,false,131118,35.946,42,2,128,36.804,49,32,false,0,0.000
wide-022,wide,d8w128;d_b=12;m=3;gap=6;k=2,131108,false,131118,35.946,42,2,256,54.886,49,32,false,0,0.000
wide-022,wide,d8w128;d_b=12;m=3;gap=6;k=2,131108,false,131118,35.946,42,2,512,90.316,49,32,false,0,0.000
wide-022,wide,d8w128;d_b=12;m=3;gap=6;k=2,131108,false,131118,35.946,42,2,1024,162.669,49,32,false,0,0.000
wide-022,wide,d8w128;d_b=12;m=3;gap=6;k=2,131108,false,131118,35.946,42,2,2048,311.998,49,32,false,0,0.000
wide-022,wide,d8w128;d_b=12;m=3;gap=6;k=2,131108,false,131118,35.946,42,2,4096,627.501,49,32,false,0,0.000
wide-022,wide,d8w128;d_b=12;m=3;gap=6;k=2,131108,false,131118,35.946,42,2,8192,1343.564,49,32,false,0,0.000
wide-022,wide,d8w128;d_b=12;m=3;gap=6;k=2,131108,false,131118,35.946,42,2,16384,3075.747,49,32,false,0,0.000
mixed-007-1,mixed,seed=0x4f7a9845611bffe7;cycles=6;planted=2;d_b=16;m=5;gap=2;k=1,26355,false,5777,0.441,153,10,1,0.158,159,142,false,0,0.000
mixed-007-1,mixed,seed=0x4f7a9845611bffe7;cycles=6;planted=2;d_b=16;m=5;gap=2;k=1,26355,false,5777,0.441,153,10,2,0.184,159,142,false,0,0.000
mixed-007-1,mixed,seed=0x4f7a9845611bffe7;cycles=6;planted=2;d_b=16;m=5;gap=2;k=1,26355,false,5777,0.441,153,10,4,0.177,159,142,false,0,0.000
mixed-007-1,mixed,seed=0x4f7a9845611bffe7;cycles=6;planted=2;d_b=16;m=5;gap=2;k=1,26355,false,5777,0.441,153,10,8,0.282,159,142,false,0,0.000
mixed-007-1,mixed,seed=0x4f7a9845611bffe7;cycles=6;planted=2;d_b=16;m=5;gap=2;k=1,26355,false,5777,0.441,153,10,16,0.417,159,142,false,0,0.000
mixed-007-1,mixed,seed=0x4f7a9845611bffe7;cycles=6;planted=2;d_b=16;m=5;gap=2;k=1,26355,false,5777,0.441,153,10,32,0.781,159,142,false,0,0.000
mixed-007-1,mixed,seed=0x4f7a9845611bffe7;cycles=6;planted=2;d_b=16;m=5;gap=2;k=1,26355,false,5777,0.441,153,10,64,1.456,153,10,false,0,0.000
mixed-007-1,mixed,seed=0x4f7a9845611bffe7;cycles=6;planted=2;d_b=16;m=5;gap=2;k=1,26355,false,5777,0.441,153,10,128,1.549,153,10,true,0,0.000
mixed-007-1,mixed,seed=0x4f7a9845611bffe7;cycles=6;planted=2;d_b=16;m=5;gap=2;k=1,26355,false,5777,0.441,153,10,256,1.594,153,10,true,0,0.000
mixed-007-1,mixed,seed=0x4f7a9845611bffe7;cycles=6;planted=2;d_b=16;m=5;gap=2;k=1,26355,false,5777,0.441,153,10,512,1.513,153,10,true,0,0.000
mixed-007-1,mixed,seed=0x4f7a9845611bffe7;cycles=6;planted=2;d_b=16;m=5;gap=2;k=1,26355,false,5777,0.441,153,10,1024,1.512,153,10,true,0,0.000
mixed-007-1,mixed,seed=0x4f7a9845611bffe7;cycles=6;planted=2;d_b=16;m=5;gap=2;k=1,26355,false,5777,0.441,153,10,2048,1.492,153,10,true,0,0.000
mixed-007-1,mixed,seed=0x4f7a9845611bffe7;cycles=6;planted=2;d_b=16;m=5;gap=2;k=1,26355,false,5777,0.441,153,10,4096,1.513,153,10,true,0,0.000
mixed-007-1,mixed,seed=0x4f7a9845611bffe7;cycles=6;planted=2;d_b=16;m=5;gap=2;k=1,26355,false,5777,0.441,153,10,8192,1.537,153,10,true,0,0.000
mixed-007-1,mixed,seed=0x4f7a9845611bffe7;cycles=6;planted=2;d_b=16;m=5;gap=2;k=1,26355,false,5777,0.441,153,10,16384,1.487,153,10,true,0,0.000
rand-00-22,rand,seed=0xc05ef53a831abd09;cycles=6,41904,false,8420,0.129,24,6,1,0.152,24,6,false,0,0.000
rand-00-22,rand,seed=0xc05ef53a831abd09;cycles=6,41904,false,8420,0.129,24,6,2,0.170,24,6,false,0,0.000
rand-00-22,rand,seed=0xc05ef53a831abd09;cycles=6,41904,false,8420,0.129,24,6,4,0.223,24,6,false,0,0.000
rand-00-22,rand,seed=0xc05ef53a831abd09;cycles=6,41904,false,8420,0.129,24,6,8,0.282,24,6,true,0,0.000
rand-00-22,rand,seed=0xc05ef53a831abd09;cycles=6,41904,false,8420,0.129,24,6,16,0.281,24,6,true,0,0.000
rand-00-22,rand,seed=0xc05ef53a831abd09;cycles=6,41904,false,8420,0.129,24,6,32,0.277,24,6,true,0,0.000
rand-00-22,rand,seed=0xc05ef53a831abd09;cycles=6,41904,false,8420,0.129,24,6,64,0.273,24,6,true,0,0.000
rand-00-22,rand,seed=0xc05ef53a831abd09;cycles=6,41904,false,8420,0.129,24,6,128,0.273,24,6,true,0,0.000
rand-00-22,rand,seed=0xc05ef53a831abd09;cycles=6,41904,false,8420,0.129,24,6,256,0.271,24,6,true,0,0.000
rand-00-22,rand,seed=0xc05ef53a831abd09;cycles=6,41904,false,8420,0.129,24,6,512,0.263,24,6,true,0,0.000
rand-00-22,rand,seed=0xc05ef53a831abd09;cycles=6,41904,false,8420,0.129,24,6,1024,0.265,24,6,true,0,0.000
rand-00-22,rand,seed=0xc05ef53a831abd09;cycles=6,41904,false,8420,0.129,24,6,2048,0.262,24,6,true,0,0.000
rand-00-22,rand,seed=0xc05ef53a831abd09;cycles=6,41904,false,8420,0.129,24,6,4096,0.264,24,6,true,0,0.000
rand-00-22,rand,seed=0xc05ef53a831abd09;cycles=6,41904,false,8420,0.129,24,6,8192,0.263,24,6,true,0,0.000
rand-00-22,rand,seed=0xc05ef53a831abd09;cycles=6,41904,false,8420,0.129,24,6,16384,0.265,24,6,true,0,0.000
xover-22,xover,d4w4c8,181111,false,64419,0.038,39,16,1,0.042,39,16,false,0,0.000
xover-22,xover,d4w4c8,181111,false,64419,0.038,39,16,2,0.039,39,16,false,0,0.000
xover-22,xover,d4w4c8,181111,false,64419,0.038,39,16,4,0.044,39,16,false,0,0.000
xover-22,xover,d4w4c8,181111,false,64419,0.038,39,16,8,0.056,39,16,true,0,0.000
xover-22,xover,d4w4c8,181111,false,64419,0.038,39,16,16,0.055,39,16,true,0,0.000
xover-22,xover,d4w4c8,181111,false,64419,0.038,39,16,32,0.053,39,16,true,0,0.000
xover-22,xover,d4w4c8,181111,false,64419,0.038,39,16,64,0.051,39,16,true,0,0.000
xover-22,xover,d4w4c8,181111,false,64419,0.038,39,16,128,0.051,39,16,true,0,0.000
xover-22,xover,d4w4c8,181111,false,64419,0.038,39,16,256,0.050,39,16,true,0,0.000
xover-22,xover,d4w4c8,181111,false,64419,0.038,39,16,512,0.052,39,16,true,0,0.000
xover-22,xover,d4w4c8,181111,false,64419,0.038,39,16,1024,0.051,39,16,true,0,0.000
xover-22,xover,d4w4c8,181111,false,64419,0.038,39,16,2048,0.050,39,16,true,0,0.000
xover-22,xover,d4w4c8,181111,false,64419,0.038,39,16,4096,0.050,39,16,true,0,0.000
xover-22,xover,d4w4c8,181111,false,64419,0.038,39,16,8192,0.050,39,16,true,0,0.000
xover-22,xover,d4w4c8,181111,false,64419,0.038,39,16,16384,0.050,39,16,true,0,0.000
dec-023,dec,d_b=3;m=9;gap=1;k=4;q=7;s=13,15,false,17,0.069,26,2,1,0.016,27,26,false,0,0.000
dec-023,dec,d_b=3;m=9;gap=1;k=4;q=7;s=13,15,false,17,0.069,26,2,2,0.023,27,26,false,0,0.000
dec-023,dec,d_b=3;m=9;gap=1;k=4;q=7;s=13,15,false,17,0.069,26,2,4,0.045,27,26,false,0,0.000
dec-023,dec,d_b=3;m=9;gap=1;k=4;q=7;s=13,15,false,17,0.069,26,2,8,0.067,26,2,false,0,0.000
dec-023,dec,d_b=3;m=9;gap=1;k=4;q=7;s=13,15,false,17,0.069,26,2,16,0.094,26,2,true,0,0.000
dec-023,dec,d_b=3;m=9;gap=1;k=4;q=7;s=13,15,false,17,0.069,26,2,32,0.090,26,2,true,0,0.000
dec-023,dec,d_b=3;m=9;gap=1;k=4;q=7;s=13,15,false,17,0.069,26,2,64,0.083,26,2,true,0,0.000
dec-023,dec,d_b=3;m=9;gap=1;k=4;q=7;s=13,15,false,17,0.069,26,2,128,0.080,26,2,true,0,0.000
dec-023,dec,d_b=3;m=9;gap=1;k=4;q=7;s=13,15,false,17,0.069,26,2,256,0.086,26,2,true,0,0.000
dec-023,dec,d_b=3;m=9;gap=1;k=4;q=7;s=13,15,false,17,0.069,26,2,512,0.077,26,2,true,0,0.000
dec-023,dec,d_b=3;m=9;gap=1;k=4;q=7;s=13,15,false,17,0.069,26,2,1024,0.079,26,2,true,0,0.000
dec-023,dec,d_b=3;m=9;gap=1;k=4;q=7;s=13,15,false,17,0.069,26,2,2048,0.077,26,2,true,0,0.000
dec-023,dec,d_b=3;m=9;gap=1;k=4;q=7;s=13,15,false,17,0.069,26,2,4096,0.077,26,2,true,0,0.000
dec-023,dec,d_b=3;m=9;gap=1;k=4;q=7;s=13,15,false,17,0.069,26,2,8192,0.076,26,2,true,0,0.000
dec-023,dec,d_b=3;m=9;gap=1;k=4;q=7;s=13,15,false,17,0.069,26,2,16384,0.076,26,2,true,0,0.000
wide-023,wide,d8w128;d_b=16;m=5;gap=2;k=4,131152,false,131162,36.383,82,2,1,19.491,85,68,false,0,0.000
wide-023,wide,d8w128;d_b=16;m=5;gap=2;k=4,131152,false,131162,36.383,82,2,2,19.721,85,68,false,0,0.000
wide-023,wide,d8w128;d_b=16;m=5;gap=2;k=4,131152,false,131162,36.383,82,2,4,19.872,85,68,false,0,0.000
wide-023,wide,d8w128;d_b=16;m=5;gap=2;k=4,131152,false,131162,36.383,82,2,8,20.514,85,68,false,0,0.000
wide-023,wide,d8w128;d_b=16;m=5;gap=2;k=4,131152,false,131162,36.383,82,2,16,21.534,85,68,false,0,0.000
wide-023,wide,d8w128;d_b=16;m=5;gap=2;k=4,131152,false,131162,36.383,82,2,32,23.800,85,68,false,0,0.000
wide-023,wide,d8w128;d_b=16;m=5;gap=2;k=4,131152,false,131162,36.383,82,2,64,28.129,85,68,false,0,0.000
wide-023,wide,d8w128;d_b=16;m=5;gap=2;k=4,131152,false,131162,36.383,82,2,128,37.061,85,68,false,0,0.000
wide-023,wide,d8w128;d_b=16;m=5;gap=2;k=4,131152,false,131162,36.383,82,2,256,54.796,85,68,false,0,0.000
wide-023,wide,d8w128;d_b=16;m=5;gap=2;k=4,131152,false,131162,36.383,82,2,512,90.503,85,68,false,0,0.000
wide-023,wide,d8w128;d_b=16;m=5;gap=2;k=4,131152,false,131162,36.383,82,2,1024,162.889,85,68,false,0,0.000
wide-023,wide,d8w128;d_b=16;m=5;gap=2;k=4,131152,false,131162,36.383,82,2,2048,312.398,85,68,false,0,0.000
wide-023,wide,d8w128;d_b=16;m=5;gap=2;k=4,131152,false,131162,36.383,82,2,4096,628.392,85,68,false,0,0.000
wide-023,wide,d8w128;d_b=16;m=5;gap=2;k=4,131152,false,131162,36.383,82,2,8192,1335.780,85,68,false,0,0.000
wide-023,wide,d8w128;d_b=16;m=5;gap=2;k=4,131152,false,131162,36.383,82,2,16384,3070.076,85,68,false,0,0.000
mixed-007-2,mixed,seed=0xe6db52fc9f66af20;cycles=6;planted=2;d_b=16;m=5;gap=2;k=1,33381,false,7021,0.479,157,10,1,0.246,163,142,false,0,0.000
mixed-007-2,mixed,seed=0xe6db52fc9f66af20;cycles=6;planted=2;d_b=16;m=5;gap=2;k=1,33381,false,7021,0.479,157,10,2,0.282,163,142,false,0,0.000
mixed-007-2,mixed,seed=0xe6db52fc9f66af20;cycles=6;planted=2;d_b=16;m=5;gap=2;k=1,33381,false,7021,0.479,157,10,4,0.321,163,142,false,0,0.000
mixed-007-2,mixed,seed=0xe6db52fc9f66af20;cycles=6;planted=2;d_b=16;m=5;gap=2;k=1,33381,false,7021,0.479,157,10,8,0.481,163,142,false,0,0.000
mixed-007-2,mixed,seed=0xe6db52fc9f66af20;cycles=6;planted=2;d_b=16;m=5;gap=2;k=1,33381,false,7021,0.479,157,10,16,0.764,163,142,false,0,0.000
mixed-007-2,mixed,seed=0xe6db52fc9f66af20;cycles=6;planted=2;d_b=16;m=5;gap=2;k=1,33381,false,7021,0.479,157,10,32,1.429,160,76,false,0,0.000
mixed-007-2,mixed,seed=0xe6db52fc9f66af20;cycles=6;planted=2;d_b=16;m=5;gap=2;k=1,33381,false,7021,0.479,157,10,64,2.728,157,10,true,0,0.000
mixed-007-2,mixed,seed=0xe6db52fc9f66af20;cycles=6;planted=2;d_b=16;m=5;gap=2;k=1,33381,false,7021,0.479,157,10,128,2.709,157,10,true,0,0.000
mixed-007-2,mixed,seed=0xe6db52fc9f66af20;cycles=6;planted=2;d_b=16;m=5;gap=2;k=1,33381,false,7021,0.479,157,10,256,2.699,157,10,true,0,0.000
mixed-007-2,mixed,seed=0xe6db52fc9f66af20;cycles=6;planted=2;d_b=16;m=5;gap=2;k=1,33381,false,7021,0.479,157,10,512,2.695,157,10,true,0,0.000
mixed-007-2,mixed,seed=0xe6db52fc9f66af20;cycles=6;planted=2;d_b=16;m=5;gap=2;k=1,33381,false,7021,0.479,157,10,1024,2.698,157,10,true,0,0.000
mixed-007-2,mixed,seed=0xe6db52fc9f66af20;cycles=6;planted=2;d_b=16;m=5;gap=2;k=1,33381,false,7021,0.479,157,10,2048,2.696,157,10,true,0,0.000
mixed-007-2,mixed,seed=0xe6db52fc9f66af20;cycles=6;planted=2;d_b=16;m=5;gap=2;k=1,33381,false,7021,0.479,157,10,4096,2.691,157,10,true,0,0.000
mixed-007-2,mixed,seed=0xe6db52fc9f66af20;cycles=6;planted=2;d_b=16;m=5;gap=2;k=1,33381,false,7021,0.479,157,10,8192,2.754,157,10,true,0,0.000
mixed-007-2,mixed,seed=0xe6db52fc9f66af20;cycles=6;planted=2;d_b=16;m=5;gap=2;k=1,33381,false,7021,0.479,157,10,16384,2.674,157,10,true,0,0.000
rand-00-23,rand,seed=0x08c22b88adcb659b;cycles=6,23768,false,5029,0.068,13,4,1,0.075,13,4,false,0,0.000
rand-00-23,rand,seed=0x08c22b88adcb659b;cycles=6,23768,false,5029,0.068,13,4,2,0.087,13,4,false,0,0.000
rand-00-23,rand,seed=0x08c22b88adcb659b;cycles=6,23768,false,5029,0.068,13,4,4,0.113,13,4,true,0,0.000
rand-00-23,rand,seed=0x08c22b88adcb659b;cycles=6,23768,false,5029,0.068,13,4,8,0.112,13,4,true,0,0.000
rand-00-23,rand,seed=0x08c22b88adcb659b;cycles=6,23768,false,5029,0.068,13,4,16,0.108,13,4,true,0,0.000
rand-00-23,rand,seed=0x08c22b88adcb659b;cycles=6,23768,false,5029,0.068,13,4,32,0.107,13,4,true,0,0.000
rand-00-23,rand,seed=0x08c22b88adcb659b;cycles=6,23768,false,5029,0.068,13,4,64,0.105,13,4,true,0,0.000
rand-00-23,rand,seed=0x08c22b88adcb659b;cycles=6,23768,false,5029,0.068,13,4,128,0.106,13,4,true,0,0.000
rand-00-23,rand,seed=0x08c22b88adcb659b;cycles=6,23768,false,5029,0.068,13,4,256,0.105,13,4,true,0,0.000
rand-00-23,rand,seed=0x08c22b88adcb659b;cycles=6,23768,false,5029,0.068,13,4,512,0.105,13,4,true,0,0.000
rand-00-23,rand,seed=0x08c22b88adcb659b;cycles=6,23768,false,5029,0.068,13,4,1024,0.104,13,4,true,0,0.000
rand-00-23,rand,seed=0x08c22b88adcb659b;cycles=6,23768,false,5029,0.068,13,4,2048,0.105,13,4,true,0,0.000
rand-00-23,rand,seed=0x08c22b88adcb659b;cycles=6,23768,false,5029,0.068,13,4,4096,0.104,13,4,true,0,0.000
rand-00-23,rand,seed=0x08c22b88adcb659b;cycles=6,23768,false,5029,0.068,13,4,8192,0.105,13,4,true,0,0.000
rand-00-23,rand,seed=0x08c22b88adcb659b;cycles=6,23768,false,5029,0.068,13,4,16384,0.106,13,4,true,0,0.000
xover-23,xover,d4w4c10,5681926,false,1801428,0.056,39,16,1,0.069,39,16,false,0,0.000
xover-23,xover,d4w4c10,5681926,false,1801428,0.056,39,16,2,0.064,39,16,false,0,0.000
xover-23,xover,d4w4c10,5681926,false,1801428,0.056,39,16,4,0.063,39,16,false,0,0.000
xover-23,xover,d4w4c10,5681926,false,1801428,0.056,39,16,8,0.071,39,16,false,0,0.000
xover-23,xover,d4w4c10,5681926,false,1801428,0.056,39,16,16,0.087,39,16,true,0,0.000
xover-23,xover,d4w4c10,5681926,false,1801428,0.056,39,16,32,0.085,39,16,true,0,0.000
xover-23,xover,d4w4c10,5681926,false,1801428,0.056,39,16,64,0.082,39,16,true,0,0.000
xover-23,xover,d4w4c10,5681926,false,1801428,0.056,39,16,128,0.081,39,16,true,0,0.000
xover-23,xover,d4w4c10,5681926,false,1801428,0.056,39,16,256,0.082,39,16,true,0,0.000
xover-23,xover,d4w4c10,5681926,false,1801428,0.056,39,16,512,0.080,39,16,true,0,0.000
xover-23,xover,d4w4c10,5681926,false,1801428,0.056,39,16,1024,0.080,39,16,true,0,0.000
xover-23,xover,d4w4c10,5681926,false,1801428,0.056,39,16,2048,0.080,39,16,true,0,0.000
xover-23,xover,d4w4c10,5681926,false,1801428,0.056,39,16,4096,0.081,39,16,true,0,0.000
xover-23,xover,d4w4c10,5681926,false,1801428,0.056,39,16,8192,0.083,39,16,true,0,0.000
xover-23,xover,d4w4c10,5681926,false,1801428,0.056,39,16,16384,0.081,39,16,true,0,0.000
dec-024,dec,d_b=3;m=9;gap=3;k=1;q=7;s=14,6,false,8,0.037,26,2,1,0.015,29,28,false,0,0.000
dec-024,dec,d_b=3;m=9;gap=3;k=1;q=7;s=14,6,false,8,0.037,26,2,2,0.028,26,2,false,0,0.000
dec-024,dec,d_b=3;m=9;gap=3;k=1;q=7;s=14,6,false,8,0.037,26,2,4,0.030,26,2,false,0,0.000
dec-024,dec,d_b=3;m=9;gap=3;k=1;q=7;s=14,6,false,8,0.037,26,2,8,0.041,26,2,true,0,0.000
dec-024,dec,d_b=3;m=9;gap=3;k=1;q=7;s=14,6,false,8,0.037,26,2,16,0.039,26,2,true,0,0.000
dec-024,dec,d_b=3;m=9;gap=3;k=1;q=7;s=14,6,false,8,0.037,26,2,32,0.037,26,2,true,0,0.000
dec-024,dec,d_b=3;m=9;gap=3;k=1;q=7;s=14,6,false,8,0.037,26,2,64,0.037,26,2,true,0,0.000
dec-024,dec,d_b=3;m=9;gap=3;k=1;q=7;s=14,6,false,8,0.037,26,2,128,0.036,26,2,true,0,0.000
dec-024,dec,d_b=3;m=9;gap=3;k=1;q=7;s=14,6,false,8,0.037,26,2,256,0.036,26,2,true,0,0.000
dec-024,dec,d_b=3;m=9;gap=3;k=1;q=7;s=14,6,false,8,0.037,26,2,512,0.036,26,2,true,0,0.000
dec-024,dec,d_b=3;m=9;gap=3;k=1;q=7;s=14,6,false,8,0.037,26,2,1024,0.036,26,2,true,0,0.000
dec-024,dec,d_b=3;m=9;gap=3;k=1;q=7;s=14,6,false,8,0.037,26,2,2048,0.036,26,2,true,0,0.000
dec-024,dec,d_b=3;m=9;gap=3;k=1;q=7;s=14,6,false,8,0.037,26,2,4096,0.036,26,2,true,0,0.000
dec-024,dec,d_b=3;m=9;gap=3;k=1;q=7;s=14,6,false,8,0.037,26,2,8192,0.036,26,2,true,0,0.000
dec-024,dec,d_b=3;m=9;gap=3;k=1;q=7;s=14,6,false,8,0.037,26,2,16384,0.035,26,2,true,0,0.000
wide-024,wide,d12w128;d_b=4;m=2;gap=1;k=1,196616,false,196629,54.475,30,2,1,28.545,31,6,false,0,0.000
wide-024,wide,d12w128;d_b=4;m=2;gap=1;k=1,196616,false,196629,54.475,30,2,2,28.829,31,6,false,0,0.000
wide-024,wide,d12w128;d_b=4;m=2;gap=1;k=1,196616,false,196629,54.475,30,2,4,28.759,31,6,false,0,0.000
wide-024,wide,d12w128;d_b=4;m=2;gap=1;k=1,196616,false,196629,54.475,30,2,8,29.396,31,6,false,0,0.000
wide-024,wide,d12w128;d_b=4;m=2;gap=1;k=1,196616,false,196629,54.475,30,2,16,30.387,31,6,false,0,0.000
wide-024,wide,d12w128;d_b=4;m=2;gap=1;k=1,196616,false,196629,54.475,30,2,32,32.824,31,6,false,0,0.000
wide-024,wide,d12w128;d_b=4;m=2;gap=1;k=1,196616,false,196629,54.475,30,2,64,36.771,31,6,false,0,0.000
wide-024,wide,d12w128;d_b=4;m=2;gap=1;k=1,196616,false,196629,54.475,30,2,128,46.122,31,6,false,0,0.000
wide-024,wide,d12w128;d_b=4;m=2;gap=1;k=1,196616,false,196629,54.475,30,2,256,63.321,31,6,false,0,0.000
wide-024,wide,d12w128;d_b=4;m=2;gap=1;k=1,196616,false,196629,54.475,30,2,512,99.500,31,6,false,0,0.000
wide-024,wide,d12w128;d_b=4;m=2;gap=1;k=1,196616,false,196629,54.475,30,2,1024,171.215,31,6,false,0,0.000
wide-024,wide,d12w128;d_b=4;m=2;gap=1;k=1,196616,false,196629,54.475,30,2,2048,321.213,31,6,false,0,0.000
wide-024,wide,d12w128;d_b=4;m=2;gap=1;k=1,196616,false,196629,54.475,30,2,4096,637.870,31,6,false,0,0.000
wide-024,wide,d12w128;d_b=4;m=2;gap=1;k=1,196616,false,196629,54.475,30,2,8192,1355.303,31,6,false,0,0.000
wide-024,wide,d12w128;d_b=4;m=2;gap=1;k=1,196616,false,196629,54.475,30,2,16384,3062.289,31,6,false,0,0.000
mixed-008-0,mixed,seed=0x5304125630d64811;cycles=6;planted=3;d_b=4;m=2;gap=1;k=2,13,false,14,0.056,7,2,1,0.021,8,6,false,0,0.000
mixed-008-0,mixed,seed=0x5304125630d64811;cycles=6;planted=3;d_b=4;m=2;gap=1;k=2,13,false,14,0.056,7,2,2,0.019,8,6,false,0,0.000
mixed-008-0,mixed,seed=0x5304125630d64811;cycles=6;planted=3;d_b=4;m=2;gap=1;k=2,13,false,14,0.056,7,2,4,0.025,8,6,false,0,0.000
mixed-008-0,mixed,seed=0x5304125630d64811;cycles=6;planted=3;d_b=4;m=2;gap=1;k=2,13,false,14,0.056,7,2,8,0.039,7,2,false,0,0.000
mixed-008-0,mixed,seed=0x5304125630d64811;cycles=6;planted=3;d_b=4;m=2;gap=1;k=2,13,false,14,0.056,7,2,16,0.048,7,2,true,0,0.000
mixed-008-0,mixed,seed=0x5304125630d64811;cycles=6;planted=3;d_b=4;m=2;gap=1;k=2,13,false,14,0.056,7,2,32,0.043,7,2,true,0,0.000
mixed-008-0,mixed,seed=0x5304125630d64811;cycles=6;planted=3;d_b=4;m=2;gap=1;k=2,13,false,14,0.056,7,2,64,0.043,7,2,true,0,0.000
mixed-008-0,mixed,seed=0x5304125630d64811;cycles=6;planted=3;d_b=4;m=2;gap=1;k=2,13,false,14,0.056,7,2,128,0.041,7,2,true,0,0.000
mixed-008-0,mixed,seed=0x5304125630d64811;cycles=6;planted=3;d_b=4;m=2;gap=1;k=2,13,false,14,0.056,7,2,256,0.040,7,2,true,0,0.000
mixed-008-0,mixed,seed=0x5304125630d64811;cycles=6;planted=3;d_b=4;m=2;gap=1;k=2,13,false,14,0.056,7,2,512,0.039,7,2,true,0,0.000
mixed-008-0,mixed,seed=0x5304125630d64811;cycles=6;planted=3;d_b=4;m=2;gap=1;k=2,13,false,14,0.056,7,2,1024,0.043,7,2,true,0,0.000
mixed-008-0,mixed,seed=0x5304125630d64811;cycles=6;planted=3;d_b=4;m=2;gap=1;k=2,13,false,14,0.056,7,2,2048,0.039,7,2,true,0,0.000
mixed-008-0,mixed,seed=0x5304125630d64811;cycles=6;planted=3;d_b=4;m=2;gap=1;k=2,13,false,14,0.056,7,2,4096,0.041,7,2,true,0,0.000
mixed-008-0,mixed,seed=0x5304125630d64811;cycles=6;planted=3;d_b=4;m=2;gap=1;k=2,13,false,14,0.056,7,2,8192,0.044,7,2,true,0,0.000
mixed-008-0,mixed,seed=0x5304125630d64811;cycles=6;planted=3;d_b=4;m=2;gap=1;k=2,13,false,14,0.056,7,2,16384,0.040,7,2,true,0,0.000
rand-01-00,rand,seed=0x65fed2fa02898052;cycles=7,210224,false,30067,0.040,9,4,1,0.035,9,4,false,0,0.000
rand-01-00,rand,seed=0x65fed2fa02898052;cycles=7,210224,false,30067,0.040,9,4,2,0.039,9,4,false,0,0.000
rand-01-00,rand,seed=0x65fed2fa02898052;cycles=7,210224,false,30067,0.040,9,4,4,0.047,9,4,true,0,0.000
rand-01-00,rand,seed=0x65fed2fa02898052;cycles=7,210224,false,30067,0.040,9,4,8,0.045,9,4,true,0,0.000
rand-01-00,rand,seed=0x65fed2fa02898052;cycles=7,210224,false,30067,0.040,9,4,16,0.041,9,4,true,0,0.000
rand-01-00,rand,seed=0x65fed2fa02898052;cycles=7,210224,false,30067,0.040,9,4,32,0.041,9,4,true,0,0.000
rand-01-00,rand,seed=0x65fed2fa02898052;cycles=7,210224,false,30067,0.040,9,4,64,0.039,9,4,true,0,0.000
rand-01-00,rand,seed=0x65fed2fa02898052;cycles=7,210224,false,30067,0.040,9,4,128,0.040,9,4,true,0,0.000
rand-01-00,rand,seed=0x65fed2fa02898052;cycles=7,210224,false,30067,0.040,9,4,256,0.039,9,4,true,0,0.000
rand-01-00,rand,seed=0x65fed2fa02898052;cycles=7,210224,false,30067,0.040,9,4,512,0.039,9,4,true,0,0.000
rand-01-00,rand,seed=0x65fed2fa02898052;cycles=7,210224,false,30067,0.040,9,4,1024,0.038,9,4,true,0,0.000
rand-01-00,rand,seed=0x65fed2fa02898052;cycles=7,210224,false,30067,0.040,9,4,2048,0.039,9,4,true,0,0.000
rand-01-00,rand,seed=0x65fed2fa02898052;cycles=7,210224,false,30067,0.040,9,4,4096,0.038,9,4,true,0,0.000
rand-01-00,rand,seed=0x65fed2fa02898052;cycles=7,210224,false,30067,0.040,9,4,8192,0.039,9,4,true,0,0.000
rand-01-00,rand,seed=0x65fed2fa02898052;cycles=7,210224,false,30067,0.040,9,4,16384,0.038,9,4,true,0,0.000
xover-24,xover,d4w4c12,10934889,true,4000000,0.049,39,16,1,0.062,39,16,false,0,0.000
xover-24,xover,d4w4c12,10934889,true,4000000,0.049,39,16,2,0.059,39,16,false,0,0.000
xover-24,xover,d4w4c12,10934889,true,4000000,0.049,39,16,4,0.054,39,16,false,0,0.000
xover-24,xover,d4w4c12,10934889,true,4000000,0.049,39,16,8,0.066,39,16,false,0,0.000
xover-24,xover,d4w4c12,10934889,true,4000000,0.049,39,16,16,0.073,39,16,true,0,0.000
xover-24,xover,d4w4c12,10934889,true,4000000,0.049,39,16,32,0.072,39,16,true,0,0.000
xover-24,xover,d4w4c12,10934889,true,4000000,0.049,39,16,64,0.069,39,16,true,0,0.000
xover-24,xover,d4w4c12,10934889,true,4000000,0.049,39,16,128,0.068,39,16,true,0,0.000
xover-24,xover,d4w4c12,10934889,true,4000000,0.049,39,16,256,0.067,39,16,true,0,0.000
xover-24,xover,d4w4c12,10934889,true,4000000,0.049,39,16,512,0.067,39,16,true,0,0.000
xover-24,xover,d4w4c12,10934889,true,4000000,0.049,39,16,1024,0.066,39,16,true,0,0.000
xover-24,xover,d4w4c12,10934889,true,4000000,0.049,39,16,2048,0.066,39,16,true,0,0.000
xover-24,xover,d4w4c12,10934889,true,4000000,0.049,39,16,4096,0.066,39,16,true,0,0.000
xover-24,xover,d4w4c12,10934889,true,4000000,0.049,39,16,8192,0.065,39,16,true,0,0.000
xover-24,xover,d4w4c12,10934889,true,4000000,0.049,39,16,16384,0.065,39,16,true,0,0.000
dec-025,dec,d_b=3;m=9;gap=3;k=2;q=7;s=14,9,false,11,0.067,26,2,1,0.017,29,28,false,0,0.000
dec-025,dec,d_b=3;m=9;gap=3;k=2;q=7;s=14,9,false,11,0.067,26,2,2,0.023,29,28,false,0,0.000
dec-025,dec,d_b=3;m=9;gap=3;k=2;q=7;s=14,9,false,11,0.067,26,2,4,0.035,26,2,false,0,0.000
dec-025,dec,d_b=3;m=9;gap=3;k=2;q=7;s=14,9,false,11,0.067,26,2,8,0.061,26,2,true,0,0.000
dec-025,dec,d_b=3;m=9;gap=3;k=2;q=7;s=14,9,false,11,0.067,26,2,16,0.057,26,2,true,0,0.000
dec-025,dec,d_b=3;m=9;gap=3;k=2;q=7;s=14,9,false,11,0.067,26,2,32,0.055,26,2,true,0,0.000
dec-025,dec,d_b=3;m=9;gap=3;k=2;q=7;s=14,9,false,11,0.067,26,2,64,0.054,26,2,true,0,0.000
dec-025,dec,d_b=3;m=9;gap=3;k=2;q=7;s=14,9,false,11,0.067,26,2,128,0.053,26,2,true,0,0.000
dec-025,dec,d_b=3;m=9;gap=3;k=2;q=7;s=14,9,false,11,0.067,26,2,256,0.053,26,2,true,0,0.000
dec-025,dec,d_b=3;m=9;gap=3;k=2;q=7;s=14,9,false,11,0.067,26,2,512,0.052,26,2,true,0,0.000
dec-025,dec,d_b=3;m=9;gap=3;k=2;q=7;s=14,9,false,11,0.067,26,2,1024,0.052,26,2,true,0,0.000
dec-025,dec,d_b=3;m=9;gap=3;k=2;q=7;s=14,9,false,11,0.067,26,2,2048,0.052,26,2,true,0,0.000
dec-025,dec,d_b=3;m=9;gap=3;k=2;q=7;s=14,9,false,11,0.067,26,2,4096,0.051,26,2,true,0,0.000
dec-025,dec,d_b=3;m=9;gap=3;k=2;q=7;s=14,9,false,11,0.067,26,2,8192,0.051,26,2,true,0,0.000
dec-025,dec,d_b=3;m=9;gap=3;k=2;q=7;s=14,9,false,11,0.067,26,2,16384,0.051,26,2,true,0,0.000
wide-025,wide,d12w128;d_b=8;m=2;gap=2;k=2,196632,false,196645,54.907,34,2,1,28.712,37,12,false,0,0.000
wide-025,wide,d12w128;d_b=8;m=2;gap=2;k=2,196632,false,196645,54.907,34,2,2,28.601,37,12,false,0,0.000
wide-025,wide,d12w128;d_b=8;m=2;gap=2;k=2,196632,false,196645,54.907,34,2,4,29.165,37,12,false,0,0.000
wide-025,wide,d12w128;d_b=8;m=2;gap=2;k=2,196632,false,196645,54.907,34,2,8,29.443,37,12,false,0,0.000
wide-025,wide,d12w128;d_b=8;m=2;gap=2;k=2,196632,false,196645,54.907,34,2,16,30.672,37,12,false,0,0.000
wide-025,wide,d12w128;d_b=8;m=2;gap=2;k=2,196632,false,196645,54.907,34,2,32,33.706,37,12,false,0,0.000
wide-025,wide,d12w128;d_b=8;m=2;gap=2;k=2,196632,false,196645,54.907,34,2,64,37.290,37,12,false,0,0.000
wide-025,wide,d12w128;d_b=8;m=2;gap=2;k=2,196632,false,196645,54.907,34,2,128,46.708,37,12,false,0,0.000
wide-025,wide,d12w128;d_b=8;m=2;gap=2;k=2,196632,false,196645,54.907,34,2,256,63.906,37,12,false,0,0.000
wide-025,wide,d12w128;d_b=8;m=2;gap=2;k=2,196632,false,196645,54.907,34,2,512,99.589,37,12,false,0,0.000
wide-025,wide,d12w128;d_b=8;m=2;gap=2;k=2,196632,false,196645,54.907,34,2,1024,175.893,37,12,false,0,0.000
wide-025,wide,d12w128;d_b=8;m=2;gap=2;k=2,196632,false,196645,54.907,34,2,2048,323.231,37,12,false,0,0.000
wide-025,wide,d12w128;d_b=8;m=2;gap=2;k=2,196632,false,196645,54.907,34,2,4096,663.508,37,12,false,0,0.000
wide-025,wide,d12w128;d_b=8;m=2;gap=2;k=2,196632,false,196645,54.907,34,2,8192,1353.370,37,12,false,0,0.000
wide-025,wide,d12w128;d_b=8;m=2;gap=2;k=2,196632,false,196645,54.907,34,2,16384,3080.078,37,12,false,0,0.000
mixed-008-1,mixed,seed=0x0cb06a642ee9ac39;cycles=6;planted=3;d_b=4;m=2;gap=1;k=2,14025,false,3226,0.182,41,12,1,0.141,44,24,false,0,0.000
mixed-008-1,mixed,seed=0x0cb06a642ee9ac39;cycles=6;planted=3;d_b=4;m=2;gap=1;k=2,14025,false,3226,0.182,41,12,2,0.146,44,24,false,0,0.000
mixed-008-1,mixed,seed=0x0cb06a642ee9ac39;cycles=6;planted=3;d_b=4;m=2;gap=1;k=2,14025,false,3226,0.182,41,12,4,0.154,44,24,false,0,0.000
mixed-008-1,mixed,seed=0x0cb06a642ee9ac39;cycles=6;planted=3;d_b=4;m=2;gap=1;k=2,14025,false,3226,0.182,41,12,8,0.213,44,24,false,0,0.000
mixed-008-1,mixed,seed=0x0cb06a642ee9ac39;cycles=6;planted=3;d_b=4;m=2;gap=1;k=2,14025,false,3226,0.182,41,12,16,0.310,44,24,false,0,0.000
mixed-008-1,mixed,seed=0x0cb06a642ee9ac39;cycles=6;planted=3;d_b=4;m=2;gap=1;k=2,14025,false,3226,0.182,41,12,32,0.560,43,20,false,0,0.000
mixed-008-1,mixed,seed=0x0cb06a642ee9ac39;cycles=6;planted=3;d_b=4;m=2;gap=1;k=2,14025,false,3226,0.182,41,12,64,0.766,41,12,true,0,0.000
mixed-008-1,mixed,seed=0x0cb06a642ee9ac39;cycles=6;planted=3;d_b=4;m=2;gap=1;k=2,14025,false,3226,0.182,41,12,128,0.764,41,12,true,0,0.000
mixed-008-1,mixed,seed=0x0cb06a642ee9ac39;cycles=6;planted=3;d_b=4;m=2;gap=1;k=2,14025,false,3226,0.182,41,12,256,0.746,41,12,true,0,0.000
mixed-008-1,mixed,seed=0x0cb06a642ee9ac39;cycles=6;planted=3;d_b=4;m=2;gap=1;k=2,14025,false,3226,0.182,41,12,512,0.759,41,12,true,0,0.000
mixed-008-1,mixed,seed=0x0cb06a642ee9ac39;cycles=6;planted=3;d_b=4;m=2;gap=1;k=2,14025,false,3226,0.182,41,12,1024,0.741,41,12,true,0,0.000
mixed-008-1,mixed,seed=0x0cb06a642ee9ac39;cycles=6;planted=3;d_b=4;m=2;gap=1;k=2,14025,false,3226,0.182,41,12,2048,0.748,41,12,true,0,0.000
mixed-008-1,mixed,seed=0x0cb06a642ee9ac39;cycles=6;planted=3;d_b=4;m=2;gap=1;k=2,14025,false,3226,0.182,41,12,4096,0.739,41,12,true,0,0.000
mixed-008-1,mixed,seed=0x0cb06a642ee9ac39;cycles=6;planted=3;d_b=4;m=2;gap=1;k=2,14025,false,3226,0.182,41,12,8192,0.741,41,12,true,0,0.000
mixed-008-1,mixed,seed=0x0cb06a642ee9ac39;cycles=6;planted=3;d_b=4;m=2;gap=1;k=2,14025,false,3226,0.182,41,12,16384,0.736,41,12,true,0,0.000
rand-01-01,rand,seed=0xd2bdcd644b0e75ef;cycles=7,210227,false,30107,0.084,27,8,1,0.079,27,8,false,0,0.000
rand-01-01,rand,seed=0xd2bdcd644b0e75ef;cycles=7,210227,false,30107,0.084,27,8,2,0.104,27,8,false,0,0.000
rand-01-01,rand,seed=0xd2bdcd644b0e75ef;cycles=7,210227,false,30107,0.084,27,8,4,0.144,27,8,false,0,0.000
rand-01-01,rand,seed=0xd2bdcd644b0e75ef;cycles=7,210227,false,30107,0.084,27,8,8,0.250,27,8,true,0,0.000
rand-01-01,rand,seed=0xd2bdcd644b0e75ef;cycles=7,210227,false,30107,0.084,27,8,16,0.209,27,8,true,0,0.000
rand-01-01,rand,seed=0xd2bdcd644b0e75ef;cycles=7,210227,false,30107,0.084,27,8,32,0.214,27,8,true,0,0.000
rand-01-01,rand,seed=0xd2bdcd644b0e75ef;cycles=7,210227,false,30107,0.084,27,8,64,0.203,27,8,true,0,0.000
rand-01-01,rand,seed=0xd2bdcd644b0e75ef;cycles=7,210227,false,30107,0.084,27,8,128,0.208,27,8,true,0,0.000
rand-01-01,rand,seed=0xd2bdcd644b0e75ef;cycles=7,210227,false,30107,0.084,27,8,256,0.199,27,8,true,0,0.000
rand-01-01,rand,seed=0xd2bdcd644b0e75ef;cycles=7,210227,false,30107,0.084,27,8,512,0.202,27,8,true,0,0.000
rand-01-01,rand,seed=0xd2bdcd644b0e75ef;cycles=7,210227,false,30107,0.084,27,8,1024,0.199,27,8,true,0,0.000
rand-01-01,rand,seed=0xd2bdcd644b0e75ef;cycles=7,210227,false,30107,0.084,27,8,2048,0.202,27,8,true,0,0.000
rand-01-01,rand,seed=0xd2bdcd644b0e75ef;cycles=7,210227,false,30107,0.084,27,8,4096,0.199,27,8,true,0,0.000
rand-01-01,rand,seed=0xd2bdcd644b0e75ef;cycles=7,210227,false,30107,0.084,27,8,8192,0.200,27,8,true,0,0.000
rand-01-01,rand,seed=0xd2bdcd644b0e75ef;cycles=7,210227,false,30107,0.084,27,8,16384,0.198,27,8,true,0,0.000
xover-25,xover,d4w8c4,160,false,99,0.029,39,16,1,0.023,39,16,false,0,0.000
xover-25,xover,d4w8c4,160,false,99,0.029,39,16,2,0.025,39,16,false,0,0.000
xover-25,xover,d4w8c4,160,false,99,0.029,39,16,4,0.032,39,16,false,0,0.000
xover-25,xover,d4w8c4,160,false,99,0.029,39,16,8,0.036,39,16,true,0,0.000
xover-25,xover,d4w8c4,160,false,99,0.029,39,16,16,0.035,39,16,true,0,0.000
xover-25,xover,d4w8c4,160,false,99,0.029,39,16,32,0.034,39,16,true,0,0.000
xover-25,xover,d4w8c4,160,false,99,0.029,39,16,64,0.035,39,16,true,0,0.000
xover-25,xover,d4w8c4,160,false,99,0.029,39,16,128,0.034,39,16,true,0,0.000
xover-25,xover,d4w8c4,160,false,99,0.029,39,16,256,0.034,39,16,true,0,0.000
xover-25,xover,d4w8c4,160,false,99,0.029,39,16,512,0.033,39,16,true,0,0.000
xover-25,xover,d4w8c4,160,false,99,0.029,39,16,1024,0.034,39,16,true,0,0.000
xover-25,xover,d4w8c4,160,false,99,0.029,39,16,2048,0.033,39,16,true,0,0.000
xover-25,xover,d4w8c4,160,false,99,0.029,39,16,4096,0.034,39,16,true,0,0.000
xover-25,xover,d4w8c4,160,false,99,0.029,39,16,8192,0.033,39,16,true,0,0.000
xover-25,xover,d4w8c4,160,false,99,0.029,39,16,16384,0.034,39,16,true,0,0.000
dec-026,dec,d_b=3;m=9;gap=3;k=4;q=7;s=14,15,false,17,0.074,26,2,1,0.017,29,28,false,0,0.000
dec-026,dec,d_b=3;m=9;gap=3;k=4;q=7;s=14,15,false,17,0.074,26,2,2,0.024,29,28,false,0,0.000
dec-026,dec,d_b=3;m=9;gap=3;k=4;q=7;s=14,15,false,17,0.074,26,2,4,0.038,29,28,false,0,0.000
dec-026,dec,d_b=3;m=9;gap=3;k=4;q=7;s=14,15,false,17,0.074,26,2,8,0.066,26,2,false,0,0.000
dec-026,dec,d_b=3;m=9;gap=3;k=4;q=7;s=14,15,false,17,0.074,26,2,16,0.090,26,2,true,0,0.000
dec-026,dec,d_b=3;m=9;gap=3;k=4;q=7;s=14,15,false,17,0.074,26,2,32,0.085,26,2,true,0,0.000
dec-026,dec,d_b=3;m=9;gap=3;k=4;q=7;s=14,15,false,17,0.074,26,2,64,0.083,26,2,true,0,0.000
dec-026,dec,d_b=3;m=9;gap=3;k=4;q=7;s=14,15,false,17,0.074,26,2,128,0.081,26,2,true,0,0.000
dec-026,dec,d_b=3;m=9;gap=3;k=4;q=7;s=14,15,false,17,0.074,26,2,256,0.081,26,2,true,0,0.000
dec-026,dec,d_b=3;m=9;gap=3;k=4;q=7;s=14,15,false,17,0.074,26,2,512,0.080,26,2,true,0,0.000
dec-026,dec,d_b=3;m=9;gap=3;k=4;q=7;s=14,15,false,17,0.074,26,2,1024,0.079,26,2,true,0,0.000
dec-026,dec,d_b=3;m=9;gap=3;k=4;q=7;s=14,15,false,17,0.074,26,2,2048,0.079,26,2,true,0,0.000
dec-026,dec,d_b=3;m=9;gap=3;k=4;q=7;s=14,15,false,17,0.074,26,2,4096,0.078,26,2,true,0,0.000
dec-026,dec,d_b=3;m=9;gap=3;k=4;q=7;s=14,15,false,17,0.074,26,2,8192,0.079,26,2,true,0,0.000
dec-026,dec,d_b=3;m=9;gap=3;k=4;q=7;s=14,15,false,17,0.074,26,2,16384,0.078,26,2,true,0,0.000
wide-026,wide,d12w128;d_b=12;m=3;gap=6;k=2,196644,false,196658,54.234,50,2,1,29.177,57,32,false,0,0.000
wide-026,wide,d12w128;d_b=12;m=3;gap=6;k=2,196644,false,196658,54.234,50,2,2,28.664,57,32,false,0,0.000
wide-026,wide,d12w128;d_b=12;m=3;gap=6;k=2,196644,false,196658,54.234,50,2,4,29.118,57,32,false,0,0.000
wide-026,wide,d12w128;d_b=12;m=3;gap=6;k=2,196644,false,196658,54.234,50,2,8,29.857,57,32,false,0,0.000
wide-026,wide,d12w128;d_b=12;m=3;gap=6;k=2,196644,false,196658,54.234,50,2,16,30.970,57,32,false,0,0.000
wide-026,wide,d12w128;d_b=12;m=3;gap=6;k=2,196644,false,196658,54.234,50,2,32,34.211,57,32,false,0,0.000
wide-026,wide,d12w128;d_b=12;m=3;gap=6;k=2,196644,false,196658,54.234,50,2,64,38.368,57,32,false,0,0.000
wide-026,wide,d12w128;d_b=12;m=3;gap=6;k=2,196644,false,196658,54.234,50,2,128,47.250,57,32,false,0,0.000
wide-026,wide,d12w128;d_b=12;m=3;gap=6;k=2,196644,false,196658,54.234,50,2,256,65.209,57,32,false,0,0.000
wide-026,wide,d12w128;d_b=12;m=3;gap=6;k=2,196644,false,196658,54.234,50,2,512,100.270,57,32,false,0,0.000
wide-026,wide,d12w128;d_b=12;m=3;gap=6;k=2,196644,false,196658,54.234,50,2,1024,172.353,57,32,false,0,0.000
wide-026,wide,d12w128;d_b=12;m=3;gap=6;k=2,196644,false,196658,54.234,50,2,2048,322.951,57,32,false,0,0.000
wide-026,wide,d12w128;d_b=12;m=3;gap=6;k=2,196644,false,196658,54.234,50,2,4096,640.885,57,32,false,0,0.000
wide-026,wide,d12w128;d_b=12;m=3;gap=6;k=2,196644,false,196658,54.234,50,2,8192,1357.860,57,32,false,0,0.000
wide-026,wide,d12w128;d_b=12;m=3;gap=6;k=2,196644,false,196658,54.234,50,2,16384,3115.062,57,32,false,0,0.000
mixed-008-2,mixed,seed=0xf80fc51d5325538c;cycles=6;planted=3;d_b=4;m=2;gap=1;k=2,25,false,27,0.081,13,4,1,0.025,15,12,false,0,0.000
mixed-008-2,mixed,seed=0xf80fc51d5325538c;cycles=6;planted=3;d_b=4;m=2;gap=1;k=2,25,false,27,0.081,13,4,2,0.024,15,12,false,0,0.000
mixed-008-2,mixed,seed=0xf80fc51d5325538c;cycles=6;planted=3;d_b=4;m=2;gap=1;k=2,25,false,27,0.081,13,4,4,0.025,15,12,false,0,0.000
mixed-008-2,mixed,seed=0xf80fc51d5325538c;cycles=6;planted=3;d_b=4;m=2;gap=1;k=2,25,false,27,0.081,13,4,8,0.040,15,12,false,0,0.000
mixed-008-2,mixed,seed=0xf80fc51d5325538c;cycles=6;planted=3;d_b=4;m=2;gap=1;k=2,25,false,27,0.081,13,4,16,0.069,13,4,false,0,0.000
mixed-008-2,mixed,seed=0xf80fc51d5325538c;cycles=6;planted=3;d_b=4;m=2;gap=1;k=2,25,false,27,0.081,13,4,32,0.078,13,4,true,0,0.000
mixed-008-2,mixed,seed=0xf80fc51d5325538c;cycles=6;planted=3;d_b=4;m=2;gap=1;k=2,25,false,27,0.081,13,4,64,0.074,13,4,true,0,0.000
mixed-008-2,mixed,seed=0xf80fc51d5325538c;cycles=6;planted=3;d_b=4;m=2;gap=1;k=2,25,false,27,0.081,13,4,128,0.072,13,4,true,0,0.000
mixed-008-2,mixed,seed=0xf80fc51d5325538c;cycles=6;planted=3;d_b=4;m=2;gap=1;k=2,25,false,27,0.081,13,4,256,0.070,13,4,true,0,0.000
mixed-008-2,mixed,seed=0xf80fc51d5325538c;cycles=6;planted=3;d_b=4;m=2;gap=1;k=2,25,false,27,0.081,13,4,512,0.069,13,4,true,0,0.000
mixed-008-2,mixed,seed=0xf80fc51d5325538c;cycles=6;planted=3;d_b=4;m=2;gap=1;k=2,25,false,27,0.081,13,4,1024,0.069,13,4,true,0,0.000
mixed-008-2,mixed,seed=0xf80fc51d5325538c;cycles=6;planted=3;d_b=4;m=2;gap=1;k=2,25,false,27,0.081,13,4,2048,0.068,13,4,true,0,0.000
mixed-008-2,mixed,seed=0xf80fc51d5325538c;cycles=6;planted=3;d_b=4;m=2;gap=1;k=2,25,false,27,0.081,13,4,4096,0.068,13,4,true,0,0.000
mixed-008-2,mixed,seed=0xf80fc51d5325538c;cycles=6;planted=3;d_b=4;m=2;gap=1;k=2,25,false,27,0.081,13,4,8192,0.068,13,4,true,0,0.000
mixed-008-2,mixed,seed=0xf80fc51d5325538c;cycles=6;planted=3;d_b=4;m=2;gap=1;k=2,25,false,27,0.081,13,4,16384,0.068,13,4,true,0,0.000
rand-01-02,rand,seed=0xa03ad1d61c1c1bc6;cycles=7,210933,false,30136,0.035,7,4,1,0.048,7,4,false,0,0.000
rand-01-02,rand,seed=0xa03ad1d61c1c1bc6;cycles=7,210933,false,30136,0.035,7,4,2,0.032,7,4,false,0,0.000
rand-01-02,rand,seed=0xa03ad1d61c1c1bc6;cycles=7,210933,false,30136,0.035,7,4,4,0.044,7,4,true,0,0.000
rand-01-02,rand,seed=0xa03ad1d61c1c1bc6;cycles=7,210933,false,30136,0.035,7,4,8,0.050,7,4,true,0,0.000
rand-01-02,rand,seed=0xa03ad1d61c1c1bc6;cycles=7,210933,false,30136,0.035,7,4,16,0.038,7,4,true,0,0.000
rand-01-02,rand,seed=0xa03ad1d61c1c1bc6;cycles=7,210933,false,30136,0.035,7,4,32,0.040,7,4,true,0,0.000
rand-01-02,rand,seed=0xa03ad1d61c1c1bc6;cycles=7,210933,false,30136,0.035,7,4,64,0.036,7,4,true,0,0.000
rand-01-02,rand,seed=0xa03ad1d61c1c1bc6;cycles=7,210933,false,30136,0.035,7,4,128,0.035,7,4,true,0,0.000
rand-01-02,rand,seed=0xa03ad1d61c1c1bc6;cycles=7,210933,false,30136,0.035,7,4,256,0.035,7,4,true,0,0.000
rand-01-02,rand,seed=0xa03ad1d61c1c1bc6;cycles=7,210933,false,30136,0.035,7,4,512,0.033,7,4,true,0,0.000
rand-01-02,rand,seed=0xa03ad1d61c1c1bc6;cycles=7,210933,false,30136,0.035,7,4,1024,0.034,7,4,true,0,0.000
rand-01-02,rand,seed=0xa03ad1d61c1c1bc6;cycles=7,210933,false,30136,0.035,7,4,2048,0.033,7,4,true,0,0.000
rand-01-02,rand,seed=0xa03ad1d61c1c1bc6;cycles=7,210933,false,30136,0.035,7,4,4096,0.034,7,4,true,0,0.000
rand-01-02,rand,seed=0xa03ad1d61c1c1bc6;cycles=7,210933,false,30136,0.035,7,4,8192,0.033,7,4,true,0,0.000
rand-01-02,rand,seed=0xa03ad1d61c1c1bc6;cycles=7,210933,false,30136,0.035,7,4,16384,0.034,7,4,true,0,0.000
xover-26,xover,d4w8c6,36751,false,7668,0.061,39,16,1,0.047,39,16,false,0,0.000
xover-26,xover,d4w8c6,36751,false,7668,0.061,39,16,2,0.054,39,16,false,0,0.000
xover-26,xover,d4w8c6,36751,false,7668,0.061,39,16,4,0.056,39,16,false,0,0.000
xover-26,xover,d4w8c6,36751,false,7668,0.061,39,16,8,0.069,39,16,false,0,0.000
xover-26,xover,d4w8c6,36751,false,7668,0.061,39,16,16,0.077,39,16,true,0,0.000
xover-26,xover,d4w8c6,36751,false,7668,0.061,39,16,32,0.079,39,16,true,0,0.000
xover-26,xover,d4w8c6,36751,false,7668,0.061,39,16,64,0.074,39,16,true,0,0.000
xover-26,xover,d4w8c6,36751,false,7668,0.061,39,16,128,0.075,39,16,true,0,0.000
xover-26,xover,d4w8c6,36751,false,7668,0.061,39,16,256,0.074,39,16,true,0,0.000
xover-26,xover,d4w8c6,36751,false,7668,0.061,39,16,512,0.074,39,16,true,0,0.000
xover-26,xover,d4w8c6,36751,false,7668,0.061,39,16,1024,0.072,39,16,true,0,0.000
xover-26,xover,d4w8c6,36751,false,7668,0.061,39,16,2048,0.074,39,16,true,0,0.000
xover-26,xover,d4w8c6,36751,false,7668,0.061,39,16,4096,0.072,39,16,true,0,0.000
xover-26,xover,d4w8c6,36751,false,7668,0.061,39,16,8192,0.073,39,16,true,0,0.000
xover-26,xover,d4w8c6,36751,false,7668,0.061,39,16,16384,0.073,39,16,true,0,0.000
dec-027,dec,d_b=3;m=9;gap=7;k=1;q=7;s=16,6,false,8,0.036,26,2,1,0.015,33,32,false,0,0.000
dec-027,dec,d_b=3;m=9;gap=7;k=1;q=7;s=16,6,false,8,0.036,26,2,2,0.029,26,2,false,0,0.000
dec-027,dec,d_b=3;m=9;gap=7;k=1;q=7;s=16,6,false,8,0.036,26,2,4,0.031,26,2,false,0,0.000
dec-027,dec,d_b=3;m=9;gap=7;k=1;q=7;s=16,6,false,8,0.036,26,2,8,0.045,26,2,true,0,0.000
dec-027,dec,d_b=3;m=9;gap=7;k=1;q=7;s=16,6,false,8,0.036,26,2,16,0.042,26,2,true,0,0.000
dec-027,dec,d_b=3;m=9;gap=7;k=1;q=7;s=16,6,false,8,0.036,26,2,32,0.040,26,2,true,0,0.000
dec-027,dec,d_b=3;m=9;gap=7;k=1;q=7;s=16,6,false,8,0.036,26,2,64,0.039,26,2,true,0,0.000
dec-027,dec,d_b=3;m=9;gap=7;k=1;q=7;s=16,6,false,8,0.036,26,2,128,0.039,26,2,true,0,0.000
dec-027,dec,d_b=3;m=9;gap=7;k=1;q=7;s=16,6,false,8,0.036,26,2,256,0.038,26,2,true,0,0.000
dec-027,dec,d_b=3;m=9;gap=7;k=1;q=7;s=16,6,false,8,0.036,26,2,512,0.038,26,2,true,0,0.000
dec-027,dec,d_b=3;m=9;gap=7;k=1;q=7;s=16,6,false,8,0.036,26,2,1024,0.038,26,2,true,0,0.000
dec-027,dec,d_b=3;m=9;gap=7;k=1;q=7;s=16,6,false,8,0.036,26,2,2048,0.038,26,2,true,0,0.000
dec-027,dec,d_b=3;m=9;gap=7;k=1;q=7;s=16,6,false,8,0.036,26,2,4096,0.038,26,2,true,0,0.000
dec-027,dec,d_b=3;m=9;gap=7;k=1;q=7;s=16,6,false,8,0.036,26,2,8192,0.038,26,2,true,0,0.000
dec-027,dec,d_b=3;m=9;gap=7;k=1;q=7;s=16,6,false,8,0.036,26,2,16384,0.038,26,2,true,0,0.000
wide-027,wide,d12w128;d_b=16;m=5;gap=2;k=4,196688,false,196702,54.140,90,2,1,29.062,93,68,false,0,0.000
wide-027,wide,d12w128;d_b=16;m=5;gap=2;k=4,196688,false,196702,54.140,90,2,2,29.268,93,68,false,0,0.000
wide-027,wide,d12w128;d_b=16;m=5;gap=2;k=4,196688,false,196702,54.140,90,2,4,29.702,93,68,false,0,0.000
wide-027,wide,d12w128;d_b=16;m=5;gap=2;k=4,196688,false,196702,54.140,90,2,8,30.344,93,68,false,0,0.000
wide-027,wide,d12w128;d_b=16;m=5;gap=2;k=4,196688,false,196702,54.140,90,2,16,31.246,93,68,false,0,0.000
wide-027,wide,d12w128;d_b=16;m=5;gap=2;k=4,196688,false,196702,54.140,90,2,32,33.263,93,68,false,0,0.000
wide-027,wide,d12w128;d_b=16;m=5;gap=2;k=4,196688,false,196702,54.140,90,2,64,38.066,93,68,false,0,0.000
wide-027,wide,d12w128;d_b=16;m=5;gap=2;k=4,196688,false,196702,54.140,90,2,128,46.910,93,68,false,0,0.000
wide-027,wide,d12w128;d_b=16;m=5;gap=2;k=4,196688,false,196702,54.140,90,2,256,64.323,93,68,false,0,0.000
wide-027,wide,d12w128;d_b=16;m=5;gap=2;k=4,196688,false,196702,54.140,90,2,512,100.234,93,68,false,0,0.000
wide-027,wide,d12w128;d_b=16;m=5;gap=2;k=4,196688,false,196702,54.140,90,2,1024,173.439,93,68,false,0,0.000
wide-027,wide,d12w128;d_b=16;m=5;gap=2;k=4,196688,false,196702,54.140,90,2,2048,323.728,93,68,false,0,0.000
wide-027,wide,d12w128;d_b=16;m=5;gap=2;k=4,196688,false,196702,54.140,90,2,4096,643.079,93,68,false,0,0.000
wide-027,wide,d12w128;d_b=16;m=5;gap=2;k=4,196688,false,196702,54.140,90,2,8192,1356.756,93,68,false,0,0.000
wide-027,wide,d12w128;d_b=16;m=5;gap=2;k=4,196688,false,196702,54.140,90,2,16384,3092.442,93,68,false,0,0.000
mixed-009-0,mixed,seed=0xdbdc79289b5a4f61;cycles=6;planted=3;d_b=8;m=3;gap=2;k=2,74,false,86,0.257,56,6,1,0.059,65,60,false,0,0.000
mixed-009-0,mixed,seed=0xdbdc79289b5a4f61;cycles=6;planted=3;d_b=8;m=3;gap=2;k=2,74,false,86,0.257,56,6,2,0.076,65,60,false,0,0.000
mixed-009-0,mixed,seed=0xdbdc79289b5a4f61;cycles=6;planted=3;d_b=8;m=3;gap=2;k=2,74,false,86,0.257,56,6,4,0.075,65,60,false,0,0.000
mixed-009-0,mixed,seed=0xdbdc79289b5a4f61;cycles=6;planted=3;d_b=8;m=3;gap=2;k=2,74,false,86,0.257,56,6,8,0.112,65,60,false,0,0.000
mixed-009-0,mixed,seed=0xdbdc79289b5a4f61;cycles=6;planted=3;d_b=8;m=3;gap=2;k=2,74,false,86,0.257,56,6,16,0.183,65,60,false,0,0.000
mixed-009-0,mixed,seed=0xdbdc79289b5a4f61;cycles=6;planted=3;d_b=8;m=3;gap=2;k=2,74,false,86,0.257,56,6,32,0.353,56,6,false,0,0.000
mixed-009-0,mixed,seed=0xdbdc79289b5a4f61;cycles=6;planted=3;d_b=8;m=3;gap=2;k=2,74,false,86,0.257,56,6,64,0.586,56,6,true,0,0.000
mixed-009-0,mixed,seed=0xdbdc79289b5a4f61;cycles=6;planted=3;d_b=8;m=3;gap=2;k=2,74,false,86,0.257,56,6,128,0.578,56,6,true,0,0.000
mixed-009-0,mixed,seed=0xdbdc79289b5a4f61;cycles=6;planted=3;d_b=8;m=3;gap=2;k=2,74,false,86,0.257,56,6,256,0.572,56,6,true,0,0.000
mixed-009-0,mixed,seed=0xdbdc79289b5a4f61;cycles=6;planted=3;d_b=8;m=3;gap=2;k=2,74,false,86,0.257,56,6,512,0.566,56,6,true,0,0.000
mixed-009-0,mixed,seed=0xdbdc79289b5a4f61;cycles=6;planted=3;d_b=8;m=3;gap=2;k=2,74,false,86,0.257,56,6,1024,0.576,56,6,true,0,0.000
mixed-009-0,mixed,seed=0xdbdc79289b5a4f61;cycles=6;planted=3;d_b=8;m=3;gap=2;k=2,74,false,86,0.257,56,6,2048,0.562,56,6,true,0,0.000
mixed-009-0,mixed,seed=0xdbdc79289b5a4f61;cycles=6;planted=3;d_b=8;m=3;gap=2;k=2,74,false,86,0.257,56,6,4096,0.566,56,6,true,0,0.000
mixed-009-0,mixed,seed=0xdbdc79289b5a4f61;cycles=6;planted=3;d_b=8;m=3;gap=2;k=2,74,false,86,0.257,56,6,8192,0.565,56,6,true,0,0.000
mixed-009-0,mixed,seed=0xdbdc79289b5a4f61;cycles=6;planted=3;d_b=8;m=3;gap=2;k=2,74,false,86,0.257,56,6,16384,0.560,56,6,true,0,0.000
rand-01-03,rand,seed=0x8876a3a87a96abed;cycles=7,210934,false,30139,0.044,14,4,1,0.038,14,4,false,0,0.000
rand-01-03,rand,seed=0x8876a3a87a96abed;cycles=7,210934,false,30139,0.044,14,4,2,0.038,14,4,false,0,0.000
rand-01-03,rand,seed=0x8876a3a87a96abed;cycles=7,210934,false,30139,0.044,14,4,4,0.046,14,4,true,0,0.000
rand-01-03,rand,seed=0x8876a3a87a96abed;cycles=7,210934,false,30139,0.044,14,4,8,0.044,14,4,true,0,0.000
rand-01-03,rand,seed=0x8876a3a87a96abed;cycles=7,210934,false,30139,0.044,14,4,16,0.040,14,4,true,0,0.000
rand-01-03,rand,seed=0x8876a3a87a96abed;cycles=7,210934,false,30139,0.044,14,4,32,0.046,14,4,true,0,0.000
rand-01-03,rand,seed=0x8876a3a87a96abed;cycles=7,210934,false,30139,0.044,14,4,64,0.039,14,4,true,0,0.000
rand-01-03,rand,seed=0x8876a3a87a96abed;cycles=7,210934,false,30139,0.044,14,4,128,0.039,14,4,true,0,0.000
rand-01-03,rand,seed=0x8876a3a87a96abed;cycles=7,210934,false,30139,0.044,14,4,256,0.038,14,4,true,0,0.000
rand-01-03,rand,seed=0x8876a3a87a96abed;cycles=7,210934,false,30139,0.044,14,4,512,0.038,14,4,true,0,0.000
rand-01-03,rand,seed=0x8876a3a87a96abed;cycles=7,210934,false,30139,0.044,14,4,1024,0.038,14,4,true,0,0.000
rand-01-03,rand,seed=0x8876a3a87a96abed;cycles=7,210934,false,30139,0.044,14,4,2048,0.038,14,4,true,0,0.000
rand-01-03,rand,seed=0x8876a3a87a96abed;cycles=7,210934,false,30139,0.044,14,4,4096,0.038,14,4,true,0,0.000
rand-01-03,rand,seed=0x8876a3a87a96abed;cycles=7,210934,false,30139,0.044,14,4,8192,0.038,14,4,true,0,0.000
rand-01-03,rand,seed=0x8876a3a87a96abed;cycles=7,210934,false,30139,0.044,14,4,16384,0.038,14,4,true,0,0.000
xover-27,xover,d4w8c8,1501017,false,152143,0.056,39,16,1,0.066,39,16,false,0,0.000
xover-27,xover,d4w8c8,1501017,false,152143,0.056,39,16,2,0.060,39,16,false,0,0.000
xover-27,xover,d4w8c8,1501017,false,152143,0.056,39,16,4,0.067,39,16,false,0,0.000
xover-27,xover,d4w8c8,1501017,false,152143,0.056,39,16,8,0.075,39,16,true,0,0.000
xover-27,xover,d4w8c8,1501017,false,152143,0.056,39,16,16,0.074,39,16,true,0,0.000
xover-27,xover,d4w8c8,1501017,false,152143,0.056,39,16,32,0.069,39,16,true,0,0.000
xover-27,xover,d4w8c8,1501017,false,152143,0.056,39,16,64,0.069,39,16,true,0,0.000
xover-27,xover,d4w8c8,1501017,false,152143,0.056,39,16,128,0.067,39,16,true,0,0.000
xover-27,xover,d4w8c8,1501017,false,152143,0.056,39,16,256,0.067,39,16,true,0,0.000
xover-27,xover,d4w8c8,1501017,false,152143,0.056,39,16,512,0.066,39,16,true,0,0.000
xover-27,xover,d4w8c8,1501017,false,152143,0.056,39,16,1024,0.067,39,16,true,0,0.000
xover-27,xover,d4w8c8,1501017,false,152143,0.056,39,16,2048,0.064,39,16,true,0,0.000
xover-27,xover,d4w8c8,1501017,false,152143,0.056,39,16,4096,0.064,39,16,true,0,0.000
xover-27,xover,d4w8c8,1501017,false,152143,0.056,39,16,8192,0.066,39,16,true,0,0.000
xover-27,xover,d4w8c8,1501017,false,152143,0.056,39,16,16384,0.065,39,16,true,0,0.000
dec-028,dec,d_b=3;m=9;gap=7;k=2;q=7;s=16,9,false,11,0.058,26,2,1,0.017,33,32,false,0,0.000
dec-028,dec,d_b=3;m=9;gap=7;k=2;q=7;s=16,9,false,11,0.058,26,2,2,0.026,33,32,false,0,0.000
dec-028,dec,d_b=3;m=9;gap=7;k=2;q=7;s=16,9,false,11,0.058,26,2,4,0.041,26,2,false,0,0.000
dec-028,dec,d_b=3;m=9;gap=7;k=2;q=7;s=16,9,false,11,0.058,26,2,8,0.065,26,2,true,0,0.000
dec-028,dec,d_b=3;m=9;gap=7;k=2;q=7;s=16,9,false,11,0.058,26,2,16,0.061,26,2,true,0,0.000
dec-028,dec,d_b=3;m=9;gap=7;k=2;q=7;s=16,9,false,11,0.058,26,2,32,0.059,26,2,true,0,0.000
dec-028,dec,d_b=3;m=9;gap=7;k=2;q=7;s=16,9,false,11,0.058,26,2,64,0.057,26,2,true,0,0.000
dec-028,dec,d_b=3;m=9;gap=7;k=2;q=7;s=16,9,false,11,0.058,26,2,128,0.057,26,2,true,0,0.000
dec-028,dec,d_b=3;m=9;gap=7;k=2;q=7;s=16,9,false,11,0.058,26,2,256,0.055,26,2,true,0,0.000
dec-028,dec,d_b=3;m=9;gap=7;k=2;q=7;s=16,9,false,11,0.058,26,2,512,0.055,26,2,true,0,0.000
dec-028,dec,d_b=3;m=9;gap=7;k=2;q=7;s=16,9,false,11,0.058,26,2,1024,0.054,26,2,true,0,0.000
dec-028,dec,d_b=3;m=9;gap=7;k=2;q=7;s=16,9,false,11,0.058,26,2,2048,0.055,26,2,true,0,0.000
dec-028,dec,d_b=3;m=9;gap=7;k=2;q=7;s=16,9,false,11,0.058,26,2,4096,0.054,26,2,true,0,0.000
dec-028,dec,d_b=3;m=9;gap=7;k=2;q=7;s=16,9,false,11,0.058,26,2,8192,0.054,26,2,true,0,0.000
dec-028,dec,d_b=3;m=9;gap=7;k=2;q=7;s=16,9,false,11,0.058,26,2,16384,0.054,26,2,true,0,0.000
wide-028,wide,d4w256;d_b=4;m=2;gap=1;k=1,262152,false,262157,73.384,14,2,1,39.841,15,6,false,0,0.000
wide-028,wide,d4w256;d_b=4;m=2;gap=1;k=1,262152,false,262157,73.384,14,2,2,41.289,15,6,false,0,0.000
wide-028,wide,d4w256;d_b=4;m=2;gap=1;k=1,262152,false,262157,73.384,14,2,4,41.206,15,6,false,0,0.000
wide-028,wide,d4w256;d_b=4;m=2;gap=1;k=1,262152,false,262157,73.384,14,2,8,43.872,15,6,false,0,0.000
wide-028,wide,d4w256;d_b=4;m=2;gap=1;k=1,262152,false,262157,73.384,14,2,16,49.048,15,6,false,0,0.000
wide-028,wide,d4w256;d_b=4;m=2;gap=1;k=1,262152,false,262157,73.384,14,2,32,56.339,15,6,false,0,0.000
wide-028,wide,d4w256;d_b=4;m=2;gap=1;k=1,262152,false,262157,73.384,14,2,64,75.743,15,6,false,0,0.000
wide-028,wide,d4w256;d_b=4;m=2;gap=1;k=1,262152,false,262157,73.384,14,2,128,109.846,15,6,false,0,0.000
wide-028,wide,d4w256;d_b=4;m=2;gap=1;k=1,262152,false,262157,73.384,14,2,256,180.018,15,6,false,0,0.000
wide-028,wide,d4w256;d_b=4;m=2;gap=1;k=1,262152,false,262157,73.384,14,2,512,320.537,15,6,false,0,0.000
wide-028,wide,d4w256;d_b=4;m=2;gap=1;k=1,262152,false,262157,73.384,14,2,1024,602.557,15,6,false,0,0.000
wide-028,wide,d4w256;d_b=4;m=2;gap=1;k=1,262152,false,262157,73.384,14,2,2048,1190.249,15,6,false,0,0.000
wide-028,wide,d4w256;d_b=4;m=2;gap=1;k=1,262152,false,262157,73.384,14,2,4096,2344.022,15,6,false,0,0.000
wide-028,wide,d4w256;d_b=4;m=2;gap=1;k=1,262152,false,262157,73.384,14,2,8192,4738.599,15,6,false,0,0.000
wide-028,wide,d4w256;d_b=4;m=2;gap=1;k=1,262152,false,262157,73.384,14,2,16384,9838.636,15,6,false,0,0.000
mixed-009-1,mixed,seed=0x21604319e20d25db;cycles=6;planted=3;d_b=8;m=3;gap=2;k=2,14049,false,3211,0.236,62,10,1,0.062,71,64,false,0,0.000
mixed-009-1,mixed,seed=0x21604319e20d25db;cycles=6;planted=3;d_b=8;m=3;gap=2;k=2,14049,false,3211,0.236,62,10,2,0.055,71,64,false,0,0.000
mixed-009-1,mixed,seed=0x21604319e20d25db;cycles=6;planted=3;d_b=8;m=3;gap=2;k=2,14049,false,3211,0.236,62,10,4,0.061,71,64,false,0,0.000
mixed-009-1,mixed,seed=0x21604319e20d25db;cycles=6;planted=3;d_b=8;m=3;gap=2;k=2,14049,false,3211,0.236,62,10,8,0.082,71,64,false,0,0.000
mixed-009-1,mixed,seed=0x21604319e20d25db;cycles=6;planted=3;d_b=8;m=3;gap=2;k=2,14049,false,3211,0.236,62,10,16,0.122,71,64,false,0,0.000
mixed-009-1,mixed,seed=0x21604319e20d25db;cycles=6;planted=3;d_b=8;m=3;gap=2;k=2,14049,false,3211,0.236,62,10,32,0.212,68,46,false,0,0.000
mixed-009-1,mixed,seed=0x21604319e20d25db;cycles=6;planted=3;d_b=8;m=3;gap=2;k=2,14049,false,3211,0.236,62,10,64,0.380,62,10,true,0,0.000
mixed-009-1,mixed,seed=0x21604319e20d25db;cycles=6;planted=3;d_b=8;m=3;gap=2;k=2,14049,false,3211,0.236,62,10,128,0.369,62,10,true,0,0.000
mixed-009-1,mixed,seed=0x21604319e20d25db;cycles=6;planted=3;d_b=8;m=3;gap=2;k=2,14049,false,3211,0.236,62,10,256,0.364,62,10,true,0,0.000
mixed-009-1,mixed,seed=0x21604319e20d25db;cycles=6;planted=3;d_b=8;m=3;gap=2;k=2,14049,false,3211,0.236,62,10,512,0.360,62,10,true,0,0.000
mixed-009-1,mixed,seed=0x21604319e20d25db;cycles=6;planted=3;d_b=8;m=3;gap=2;k=2,14049,false,3211,0.236,62,10,1024,0.355,62,10,true,0,0.000
mixed-009-1,mixed,seed=0x21604319e20d25db;cycles=6;planted=3;d_b=8;m=3;gap=2;k=2,14049,false,3211,0.236,62,10,2048,0.355,62,10,true,0,0.000
mixed-009-1,mixed,seed=0x21604319e20d25db;cycles=6;planted=3;d_b=8;m=3;gap=2;k=2,14049,false,3211,0.236,62,10,4096,0.354,62,10,true,0,0.000
mixed-009-1,mixed,seed=0x21604319e20d25db;cycles=6;planted=3;d_b=8;m=3;gap=2;k=2,14049,false,3211,0.236,62,10,8192,0.390,62,10,true,0,0.000
mixed-009-1,mixed,seed=0x21604319e20d25db;cycles=6;planted=3;d_b=8;m=3;gap=2;k=2,14049,false,3211,0.236,62,10,16384,0.352,62,10,true,0,0.000
rand-01-04,rand,seed=0xd53dca7bba295f17;cycles=7,112925,false,16712,0.066,18,8,1,0.075,18,8,false,0,0.000
rand-01-04,rand,seed=0xd53dca7bba295f17;cycles=7,112925,false,16712,0.066,18,8,2,0.069,18,8,false,0,0.000
rand-01-04,rand,seed=0xd53dca7bba295f17;cycles=7,112925,false,16712,0.066,18,8,4,0.104,18,8,false,0,0.000
rand-01-04,rand,seed=0xd53dca7bba295f17;cycles=7,112925,false,16712,0.066,18,8,8,0.103,18,8,true,0,0.000
rand-01-04,rand,seed=0xd53dca7bba295f17;cycles=7,112925,false,16712,0.066,18,8,16,0.098,18,8,true,0,0.000
rand-01-04,rand,seed=0xd53dca7bba295f17;cycles=7,112925,false,16712,0.066,18,8,32,0.098,18,8,true,0,0.000
rand-01-04,rand,seed=0xd53dca7bba295f17;cycles=7,112925,false,16712,0.066,18,8,64,0.093,18,8,true,0,0.000
rand-01-04,rand,seed=0xd53dca7bba295f17;cycles=7,112925,false,16712,0.066,18,8,128,0.093,18,8,true,0,0.000
rand-01-04,rand,seed=0xd53dca7bba295f17;cycles=7,112925,false,16712,0.066,18,8,256,0.090,18,8,true,0,0.000
rand-01-04,rand,seed=0xd53dca7bba295f17;cycles=7,112925,false,16712,0.066,18,8,512,0.092,18,8,true,0,0.000
rand-01-04,rand,seed=0xd53dca7bba295f17;cycles=7,112925,false,16712,0.066,18,8,1024,0.117,18,8,true,0,0.000
rand-01-04,rand,seed=0xd53dca7bba295f17;cycles=7,112925,false,16712,0.066,18,8,2048,0.090,18,8,true,0,0.000
rand-01-04,rand,seed=0xd53dca7bba295f17;cycles=7,112925,false,16712,0.066,18,8,4096,0.098,18,8,true,0,0.000
rand-01-04,rand,seed=0xd53dca7bba295f17;cycles=7,112925,false,16712,0.066,18,8,8192,0.091,18,8,true,0,0.000
rand-01-04,rand,seed=0xd53dca7bba295f17;cycles=7,112925,false,16712,0.066,18,8,16384,0.092,18,8,true,0,0.000
xover-28,xover,d4w8c10,47348800,true,3519488,0.103,39,16,1,0.102,39,16,false,0,0.000
xover-28,xover,d4w8c10,47348800,true,3519488,0.103,39,16,2,0.099,39,16,false,0,0.000
xover-28,xover,d4w8c10,47348800,true,3519488,0.103,39,16,4,0.112,39,16,false,0,0.000
xover-28,xover,d4w8c10,47348800,true,3519488,0.103,39,16,8,0.110,39,16,false,0,0.000
xover-28,xover,d4w8c10,47348800,true,3519488,0.103,39,16,16,0.137,39,16,true,0,0.000
xover-28,xover,d4w8c10,47348800,true,3519488,0.103,39,16,32,0.126,39,16,true,0,0.000
xover-28,xover,d4w8c10,47348800,true,3519488,0.103,39,16,64,0.127,39,16,true,0,0.000
xover-28,xover,d4w8c10,47348800,true,3519488,0.103,39,16,128,0.122,39,16,true,0,0.000
xover-28,xover,d4w8c10,47348800,true,3519488,0.103,39,16,256,0.133,39,16,true,0,0.000
xover-28,xover,d4w8c10,47348800,true,3519488,0.103,39,16,512,0.122,39,16,true,0,0.000
xover-28,xover,d4w8c10,47348800,true,3519488,0.103,39,16,1024,0.124,39,16,true,0,0.000
xover-28,xover,d4w8c10,47348800,true,3519488,0.103,39,16,2048,0.121,39,16,true,0,0.000
xover-28,xover,d4w8c10,47348800,true,3519488,0.103,39,16,4096,0.123,39,16,true,0,0.000
xover-28,xover,d4w8c10,47348800,true,3519488,0.103,39,16,8192,0.120,39,16,true,0,0.000
xover-28,xover,d4w8c10,47348800,true,3519488,0.103,39,16,16384,0.122,39,16,true,0,0.000
dec-029,dec,d_b=3;m=9;gap=7;k=4;q=7;s=16,15,false,17,0.103,26,2,1,0.019,33,32,false,0,0.000
dec-029,dec,d_b=3;m=9;gap=7;k=4;q=7;s=16,15,false,17,0.103,26,2,2,0.028,33,32,false,0,0.000
dec-029,dec,d_b=3;m=9;gap=7;k=4;q=7;s=16,15,false,17,0.103,26,2,4,0.040,33,32,false,0,0.000
dec-029,dec,d_b=3;m=9;gap=7;k=4;q=7;s=16,15,false,17,0.103,26,2,8,0.076,26,2,false,0,0.000
dec-029,dec,d_b=3;m=9;gap=7;k=4;q=7;s=16,15,false,17,0.103,26,2,16,0.094,26,2,true,0,0.000
dec-029,dec,d_b=3;m=9;gap=7;k=4;q=7;s=16,15,false,17,0.103,26,2,32,0.091,26,2,true,0,0.000
dec-029,dec,d_b=3;m=9;gap=7;k=4;q=7;s=16,15,false,17,0.103,26,2,64,0.090,26,2,true,0,0.000
dec-029,dec,d_b=3;m=9;gap=7;k=4;q=7;s=16,15,false,17,0.103,26,2,128,0.087,26,2,true,0,0.000
dec-029,dec,d_b=3;m=9;gap=7;k=4;q=7;s=16,15,false,17,0.103,26,2,256,0.086,26,2,true,0,0.000
dec-029,dec,d_b=3;m=9;gap=7;k=4;q=7;s=16,15,false,17,0.103,26,2,512,0.113,26,2,true,0,0.000
dec-029,dec,d_b=3;m=9;gap=7;k=4;q=7;s=16,15,false,17,0.103,26,2,1024,0.085,26,2,true,0,0.000
dec-029,dec,d_b=3;m=9;gap=7;k=4;q=7;s=16,15,false,17,0.103,26,2,2048,0.096,26,2,true,0,0.000
dec-029,dec,d_b=3;m=9;gap=7;k=4;q=7;s=16,15,false,17,0.103,26,2,4096,0.084,26,2,true,0,0.000
dec-029,dec,d_b=3;m=9;gap=7;k=4;q=7;s=16,15,false,17,0.103,26,2,8192,0.088,26,2,true,0,0.000
dec-029,dec,d_b=3;m=9;gap=7;k=4;q=7;s=16,15,false,17,0.103,26,2,16384,0.083,26,2,true,0,0.000
wide-029,wide,d4w256;d_b=8;m=2;gap=2;k=2,262168,false,262173,74.193,18,2,1,41.125,21,12,false,0,0.000
wide-029,wide,d4w256;d_b=8;m=2;gap=2;k=2,262168,false,262173,74.193,18,2,2,40.120,21,12,false,0,0.000
wide-029,wide,d4w256;d_b=8;m=2;gap=2;k=2,262168,false,262173,74.193,18,2,4,41.500,21,12,false,0,0.000
wide-029,wide,d4w256;d_b=8;m=2;gap=2;k=2,262168,false,262173,74.193,18,2,8,43.753,21,12,false,0,0.000
wide-029,wide,d4w256;d_b=8;m=2;gap=2;k=2,262168,false,262173,74.193,18,2,16,48.151,21,12,false,0,0.000
wide-029,wide,d4w256;d_b=8;m=2;gap=2;k=2,262168,false,262173,74.193,18,2,32,56.897,21,12,false,0,0.000
wide-029,wide,d4w256;d_b=8;m=2;gap=2;k=2,262168,false,262173,74.193,18,2,64,74.457,21,12,false,0,0.000
wide-029,wide,d4w256;d_b=8;m=2;gap=2;k=2,262168,false,262173,74.193,18,2,128,109.833,21,12,false,0,0.000
wide-029,wide,d4w256;d_b=8;m=2;gap=2;k=2,262168,false,262173,74.193,18,2,256,180.556,21,12,false,0,0.000
wide-029,wide,d4w256;d_b=8;m=2;gap=2;k=2,262168,false,262173,74.193,18,2,512,325.135,21,12,false,0,0.000
wide-029,wide,d4w256;d_b=8;m=2;gap=2;k=2,262168,false,262173,74.193,18,2,1024,603.045,21,12,false,0,0.000
wide-029,wide,d4w256;d_b=8;m=2;gap=2;k=2,262168,false,262173,74.193,18,2,2048,1176.293,21,12,false,0,0.000
wide-029,wide,d4w256;d_b=8;m=2;gap=2;k=2,262168,false,262173,74.193,18,2,4096,2349.652,21,12,false,0,0.000
wide-029,wide,d4w256;d_b=8;m=2;gap=2;k=2,262168,false,262173,74.193,18,2,8192,4818.609,21,12,false,0,0.000
wide-029,wide,d4w256;d_b=8;m=2;gap=2;k=2,262168,false,262173,74.193,18,2,16384,9847.082,21,12,false,0,0.000
mixed-009-2,mixed,seed=0xbd00808da95a2286;cycles=6;planted=3;d_b=8;m=3;gap=2;k=2,76,false,82,0.237,58,6,1,0.050,67,60,false,0,0.000
mixed-009-2,mixed,seed=0xbd00808da95a2286;cycles=6;planted=3;d_b=8;m=3;gap=2;k=2,76,false,82,0.237,58,6,2,0.052,67,60,false,0,0.000
mixed-009-2,mixed,seed=0xbd00808da95a2286;cycles=6;planted=3;d_b=8;m=3;gap=2;k=2,76,false,82,0.237,58,6,4,0.067,67,60,false,0,0.000
mixed-009-2,mixed,seed=0xbd00808da95a2286;cycles=6;planted=3;d_b=8;m=3;gap=2;k=2,76,false,82,0.237,58,6,8,0.090,67,60,false,0,0.000
mixed-009-2,mixed,seed=0xbd00808da95a2286;cycles=6;planted=3;d_b=8;m=3;gap=2;k=2,76,false,82,0.237,58,6,16,0.115,67,60,false,0,0.000
mixed-009-2,mixed,seed=0xbd00808da95a2286;cycles=6;planted=3;d_b=8;m=3;gap=2;k=2,76,false,82,0.237,58,6,32,0.216,64,42,false,0,0.000
mixed-009-2,mixed,seed=0xbd00808da95a2286;cycles=6;planted=3;d_b=8;m=3;gap=2;k=2,76,false,82,0.237,58,6,64,0.374,58,6,true,0,0.000
mixed-009-2,mixed,seed=0xbd00808da95a2286;cycles=6;planted=3;d_b=8;m=3;gap=2;k=2,76,false,82,0.237,58,6,128,0.372,58,6,true,0,0.000
mixed-009-2,mixed,seed=0xbd00808da95a2286;cycles=6;planted=3;d_b=8;m=3;gap=2;k=2,76,false,82,0.237,58,6,256,0.357,58,6,true,0,0.000
mixed-009-2,mixed,seed=0xbd00808da95a2286;cycles=6;planted=3;d_b=8;m=3;gap=2;k=2,76,false,82,0.237,58,6,512,0.359,58,6,true,0,0.000
mixed-009-2,mixed,seed=0xbd00808da95a2286;cycles=6;planted=3;d_b=8;m=3;gap=2;k=2,76,false,82,0.237,58,6,1024,0.357,58,6,true,0,0.000
mixed-009-2,mixed,seed=0xbd00808da95a2286;cycles=6;planted=3;d_b=8;m=3;gap=2;k=2,76,false,82,0.237,58,6,2048,0.357,58,6,true,0,0.000
mixed-009-2,mixed,seed=0xbd00808da95a2286;cycles=6;planted=3;d_b=8;m=3;gap=2;k=2,76,false,82,0.237,58,6,4096,0.355,58,6,true,0,0.000
mixed-009-2,mixed,seed=0xbd00808da95a2286;cycles=6;planted=3;d_b=8;m=3;gap=2;k=2,76,false,82,0.237,58,6,8192,0.347,58,6,true,0,0.000
mixed-009-2,mixed,seed=0xbd00808da95a2286;cycles=6;planted=3;d_b=8;m=3;gap=2;k=2,76,false,82,0.237,58,6,16384,0.378,58,6,true,0,0.000
rand-01-05,rand,seed=0x69d44cce6d114f46;cycles=7,211649,false,30232,0.089,34,6,1,0.075,34,6,false,0,0.000
rand-01-05,rand,seed=0x69d44cce6d114f46;cycles=7,211649,false,30232,0.089,34,6,2,0.076,34,6,false,0,0.000
rand-01-05,rand,seed=0x69d44cce6d114f46;cycles=7,211649,false,30232,0.089,34,6,4,0.082,34,6,false,0,0.000
rand-01-05,rand,seed=0x69d44cce6d114f46;cycles=7,211649,false,30232,0.089,34,6,8,0.126,34,6,false,0,0.000
rand-01-05,rand,seed=0x69d44cce6d114f46;cycles=7,211649,false,30232,0.089,34,6,16,0.146,34,6,true,0,0.000
rand-01-05,rand,seed=0x69d44cce6d114f46;cycles=7,211649,false,30232,0.089,34,6,32,0.141,34,6,true,0,0.000
rand-01-05,rand,seed=0x69d44cce6d114f46;cycles=7,211649,false,30232,0.089,34,6,64,0.137,34,6,true,0,0.000
rand-01-05,rand,seed=0x69d44cce6d114f46;cycles=7,211649,false,30232,0.089,34,6,128,0.137,34,6,true,0,0.000
rand-01-05,rand,seed=0x69d44cce6d114f46;cycles=7,211649,false,30232,0.089,34,6,256,0.133,34,6,true,0,0.000
rand-01-05,rand,seed=0x69d44cce6d114f46;cycles=7,211649,false,30232,0.089,34,6,512,0.134,34,6,true,0,0.000
rand-01-05,rand,seed=0x69d44cce6d114f46;cycles=7,211649,false,30232,0.089,34,6,1024,0.133,34,6,true,0,0.000
rand-01-05,rand,seed=0x69d44cce6d114f46;cycles=7,211649,false,30232,0.089,34,6,2048,0.133,34,6,true,0,0.000
rand-01-05,rand,seed=0x69d44cce6d114f46;cycles=7,211649,false,30232,0.089,34,6,4096,0.133,34,6,true,0,0.000
rand-01-05,rand,seed=0x69d44cce6d114f46;cycles=7,211649,false,30232,0.089,34,6,8192,0.133,34,6,true,0,0.000
rand-01-05,rand,seed=0x69d44cce6d114f46;cycles=7,211649,false,30232,0.089,34,6,16384,0.131,34,6,true,0,0.000
xover-29,xover,d4w8c12,38880053,true,3956736,0.086,39,16,1,0.090,39,16,false,0,0.000
xover-29,xover,d4w8c12,38880053,true,3956736,0.086,39,16,2,0.085,39,16,false,0,0.000
xover-29,xover,d4w8c12,38880053,true,3956736,0.086,39,16,4,0.082,39,16,false,0,0.000
xover-29,xover,d4w8c12,38880053,true,3956736,0.086,39,16,8,0.110,39,16,false,0,0.000
xover-29,xover,d4w8c12,38880053,true,3956736,0.086,39,16,16,0.111,39,16,true,0,0.000
xover-29,xover,d4w8c12,38880053,true,3956736,0.086,39,16,32,0.112,39,16,true,0,0.000
xover-29,xover,d4w8c12,38880053,true,3956736,0.086,39,16,64,0.103,39,16,true,0,0.000
xover-29,xover,d4w8c12,38880053,true,3956736,0.086,39,16,128,0.105,39,16,true,0,0.000
xover-29,xover,d4w8c12,38880053,true,3956736,0.086,39,16,256,0.099,39,16,true,0,0.000
xover-29,xover,d4w8c12,38880053,true,3956736,0.086,39,16,512,0.103,39,16,true,0,0.000
xover-29,xover,d4w8c12,38880053,true,3956736,0.086,39,16,1024,0.099,39,16,true,0,0.000
xover-29,xover,d4w8c12,38880053,true,3956736,0.086,39,16,2048,0.102,39,16,true,0,0.000
xover-29,xover,d4w8c12,38880053,true,3956736,0.086,39,16,4096,0.099,39,16,true,0,0.000
xover-29,xover,d4w8c12,38880053,true,3956736,0.086,39,16,8192,0.101,39,16,true,0,0.000
xover-29,xover,d4w8c12,38880053,true,3956736,0.086,39,16,16384,0.098,39,16,true,0,0.000
dec-030,dec,d_b=3;m=9;gap=13;k=1;q=7;s=19,6,false,8,0.050,26,2,1,0.017,39,38,false,0,0.000
dec-030,dec,d_b=3;m=9;gap=13;k=1;q=7;s=19,6,false,8,0.050,26,2,2,0.025,26,2,false,0,0.000
dec-030,dec,d_b=3;m=9;gap=13;k=1;q=7;s=19,6,false,8,0.050,26,2,4,0.037,26,2,false,0,0.000
dec-030,dec,d_b=3;m=9;gap=13;k=1;q=7;s=19,6,false,8,0.050,26,2,8,0.039,26,2,true,0,0.000
dec-030,dec,d_b=3;m=9;gap=13;k=1;q=7;s=19,6,false,8,0.050,26,2,16,0.037,26,2,true,0,0.000
dec-030,dec,d_b=3;m=9;gap=13;k=1;q=7;s=19,6,false,8,0.050,26,2,32,0.036,26,2,true,0,0.000
dec-030,dec,d_b=3;m=9;gap=13;k=1;q=7;s=19,6,false,8,0.050,26,2,64,0.034,26,2,true,0,0.000
dec-030,dec,d_b=3;m=9;gap=13;k=1;q=7;s=19,6,false,8,0.050,26,2,128,0.034,26,2,true,0,0.000
dec-030,dec,d_b=3;m=9;gap=13;k=1;q=7;s=19,6,false,8,0.050,26,2,256,0.033,26,2,true,0,0.000
dec-030,dec,d_b=3;m=9;gap=13;k=1;q=7;s=19,6,false,8,0.050,26,2,512,0.034,26,2,true,0,0.000
dec-030,dec,d_b=3;m=9;gap=13;k=1;q=7;s=19,6,false,8,0.050,26,2,1024,0.033,26,2,true,0,0.000
dec-030,dec,d_b=3;m=9;gap=13;k=1;q=7;s=19,6,false,8,0.050,26,2,2048,0.034,26,2,true,0,0.000
dec-030,dec,d_b=3;m=9;gap=13;k=1;q=7;s=19,6,false,8,0.050,26,2,4096,0.032,26,2,true,0,0.000
dec-030,dec,d_b=3;m=9;gap=13;k=1;q=7;s=19,6,false,8,0.050,26,2,8192,0.040,26,2,true,0,0.000
dec-030,dec,d_b=3;m=9;gap=13;k=1;q=7;s=19,6,false,8,0.050,26,2,16384,0.032,26,2,true,0,0.000
wide-030,wide,d4w256;d_b=12;m=3;gap=6;k=2,262180,false,262186,78.413,34,2,1,40.649,41,32,false,0,0.000
wide-030,wide,d4w256;d_b=12;m=3;gap=6;k=2,262180,false,262186,78.413,34,2,2,40.675,41,32,false,0,0.000
wide-030,wide,d4w256;d_b=12;m=3;gap=6;k=2,262180,false,262186,78.413,34,2,4,41.958,41,32,false,0,0.000
wide-030,wide,d4w256;d_b=12;m=3;gap=6;k=2,262180,false,262186,78.413,34,2,8,43.888,41,32,false,0,0.000
wide-030,wide,d4w256;d_b=12;m=3;gap=6;k=2,262180,false,262186,78.413,34,2,16,48.705,41,32,false,0,0.000
wide-030,wide,d4w256;d_b=12;m=3;gap=6;k=2,262180,false,262186,78.413,34,2,32,57.788,41,32,false,0,0.000
wide-030,wide,d4w256;d_b=12;m=3;gap=6;k=2,262180,false,262186,78.413,34,2,64,74.979,41,32,false,0,0.000
wide-030,wide,d4w256;d_b=12;m=3;gap=6;k=2,262180,false,262186,78.413,34,2,128,109.010,41,32,false,0,0.000
wide-030,wide,d4w256;d_b=12;m=3;gap=6;k=2,262180,false,262186,78.413,34,2,256,178.937,41,32,false,0,0.000
wide-030,wide,d4w256;d_b=12;m=3;gap=6;k=2,262180,false,262186,78.413,34,2,512,320.993,41,32,false,0,0.000
wide-030,wide,d4w256;d_b=12;m=3;gap=6;k=2,262180,false,262186,78.413,34,2,1024,602.559,41,32,false,0,0.000
wide-030,wide,d4w256;d_b=12;m=3;gap=6;k=2,262180,false,262186,78.413,34,2,2048,1171.736,41,32,false,0,0.000
wide-030,wide,d4w256;d_b=12;m=3;gap=6;k=2,262180,false,262186,78.413,34,2,4096,2331.956,41,32,false,0,0.000
wide-030,wide,d4w256;d_b=12;m=3;gap=6;k=2,262180,false,262186,78.413,34,2,8192,4770.729,41,32,false,0,0.000
wide-030,wide,d4w256;d_b=12;m=3;gap=6;k=2,262180,false,262186,78.413,34,2,16384,9842.557,41,32,false,0,0.000
mixed-010-0,mixed,seed=0xaadab7c76a34280d;cycles=6;planted=3;d_b=12;m=2;gap=6;k=4,14164,false,3349,0.383,66,10,1,0.137,87,64,false,0,0.000
mixed-010-0,mixed,seed=0xaadab7c76a34280d;cycles=6;planted=3;d_b=12;m=2;gap=6;k=4,14164,false,3349,0.383,66,10,2,0.124,87,64,false,0,0.000
mixed-010-0,mixed,seed=0xaadab7c76a34280d;cycles=6;planted=3;d_b=12;m=2;gap=6;k=4,14164,false,3349,0.383,66,10,4,0.132,87,64,false,0,0.000
mixed-010-0,mixed,seed=0xaadab7c76a34280d;cycles=6;planted=3;d_b=12;m=2;gap=6;k=4,14164,false,3349,0.383,66,10,8,0.167,87,64,false,0,0.000
mixed-010-0,mixed,seed=0xaadab7c76a34280d;cycles=6;planted=3;d_b=12;m=2;gap=6;k=4,14164,false,3349,0.383,66,10,16,0.238,87,64,false,0,0.000
mixed-010-0,mixed,seed=0xaadab7c76a34280d;cycles=6;planted=3;d_b=12;m=2;gap=6;k=4,14164,false,3349,0.383,66,10,32,0.419,87,64,false,0,0.000
mixed-010-0,mixed,seed=0xaadab7c76a34280d;cycles=6;planted=3;d_b=12;m=2;gap=6;k=4,14164,false,3349,0.383,66,10,64,0.820,73,28,false,0,0.000
mixed-010-0,mixed,seed=0xaadab7c76a34280d;cycles=6;planted=3;d_b=12;m=2;gap=6;k=4,14164,false,3349,0.383,66,10,128,1.344,66,10,true,0,0.000
mixed-010-0,mixed,seed=0xaadab7c76a34280d;cycles=6;planted=3;d_b=12;m=2;gap=6;k=4,14164,false,3349,0.383,66,10,256,1.318,66,10,true,0,0.000
mixed-010-0,mixed,seed=0xaadab7c76a34280d;cycles=6;planted=3;d_b=12;m=2;gap=6;k=4,14164,false,3349,0.383,66,10,512,1.400,66,10,true,0,0.000
mixed-010-0,mixed,seed=0xaadab7c76a34280d;cycles=6;planted=3;d_b=12;m=2;gap=6;k=4,14164,false,3349,0.383,66,10,1024,1.321,66,10,true,0,0.000
mixed-010-0,mixed,seed=0xaadab7c76a34280d;cycles=6;planted=3;d_b=12;m=2;gap=6;k=4,14164,false,3349,0.383,66,10,2048,1.361,66,10,true,0,0.000
mixed-010-0,mixed,seed=0xaadab7c76a34280d;cycles=6;planted=3;d_b=12;m=2;gap=6;k=4,14164,false,3349,0.383,66,10,4096,1.331,66,10,true,0,0.000
mixed-010-0,mixed,seed=0xaadab7c76a34280d;cycles=6;planted=3;d_b=12;m=2;gap=6;k=4,14164,false,3349,0.383,66,10,8192,1.312,66,10,true,0,0.000
mixed-010-0,mixed,seed=0xaadab7c76a34280d;cycles=6;planted=3;d_b=12;m=2;gap=6;k=4,14164,false,3349,0.383,66,10,16384,1.320,66,10,true,0,0.000
rand-01-06,rand,seed=0x8511e0778ed7f6cf;cycles=7,314148,false,42159,0.130,37,8,1,0.177,37,8,false,0,0.000
rand-01-06,rand,seed=0x8511e0778ed7f6cf;cycles=7,314148,false,42159,0.130,37,8,2,0.162,37,8,false,0,0.000
rand-01-06,rand,seed=0x8511e0778ed7f6cf;cycles=7,314148,false,42159,0.130,37,8,4,0.188,37,8,false,0,0.000
rand-01-06,rand,seed=0x8511e0778ed7f6cf;cycles=7,314148,false,42159,0.130,37,8,8,0.270,37,8,true,0,0.000
rand-01-06,rand,seed=0x8511e0778ed7f6cf;cycles=7,314148,false,42159,0.130,37,8,16,0.274,37,8,true,0,0.000
rand-01-06,rand,seed=0x8511e0778ed7f6cf;cycles=7,314148,false,42159,0.130,37,8,32,0.261,37,8,true,0,0.000
rand-01-06,rand,seed=0x8511e0778ed7f6cf;cycles=7,314148,false,42159,0.130,37,8,64,0.262,37,8,true,0,0.000
rand-01-06,rand,seed=0x8511e0778ed7f6cf;cycles=7,314148,false,42159,0.130,37,8,128,0.259,37,8,true,0,0.000
rand-01-06,rand,seed=0x8511e0778ed7f6cf;cycles=7,314148,false,42159,0.130,37,8,256,0.258,37,8,true,0,0.000
rand-01-06,rand,seed=0x8511e0778ed7f6cf;cycles=7,314148,false,42159,0.130,37,8,512,0.257,37,8,true,0,0.000
rand-01-06,rand,seed=0x8511e0778ed7f6cf;cycles=7,314148,false,42159,0.130,37,8,1024,0.255,37,8,true,0,0.000
rand-01-06,rand,seed=0x8511e0778ed7f6cf;cycles=7,314148,false,42159,0.130,37,8,2048,0.255,37,8,true,0,0.000
rand-01-06,rand,seed=0x8511e0778ed7f6cf;cycles=7,314148,false,42159,0.130,37,8,4096,0.255,37,8,true,0,0.000
rand-01-06,rand,seed=0x8511e0778ed7f6cf;cycles=7,314148,false,42159,0.130,37,8,8192,0.255,37,8,true,0,0.000
rand-01-06,rand,seed=0x8511e0778ed7f6cf;cycles=7,314148,false,42159,0.130,37,8,16384,0.255,37,8,true,0,0.000
xover-30,xover,d5w2c4,47,false,42,0.033,79,32,1,0.029,79,32,false,0,0.000
xover-30,xover,d5w2c4,47,false,42,0.033,79,32,2,0.034,79,32,false,0,0.000
xover-30,xover,d5w2c4,47,false,42,0.033,79,32,4,0.039,79,32,false,0,0.000
xover-30,xover,d5w2c4,47,false,42,0.033,79,32,8,0.051,79,32,true,0,0.000
xover-30,xover,d5w2c4,47,false,42,0.033,79,32,16,0.048,79,32,true,0,0.000
xover-30,xover,d5w2c4,47,false,42,0.033,79,32,32,0.047,79,32,true,0,0.000
xover-30,xover,d5w2c4,47,false,42,0.033,79,32,64,0.046,79,32,true,0,0.000
xover-30,xover,d5w2c4,47,false,42,0.033,79,32,128,0.048,79,32,true,0,0.000
xover-30,xover,d5w2c4,47,false,42,0.033,79,32,256,0.070,79,32,true,0,0.000
xover-30,xover,d5w2c4,47,false,42,0.033,79,32,512,0.048,79,32,true,0,0.000
xover-30,xover,d5w2c4,47,false,42,0.033,79,32,1024,0.053,79,32,true,0,0.000
xover-30,xover,d5w2c4,47,false,42,0.033,79,32,2048,0.047,79,32,true,0,0.000
xover-30,xover,d5w2c4,47,false,42,0.033,79,32,4096,0.060,79,32,true,0,0.000
xover-30,xover,d5w2c4,47,false,42,0.033,79,32,8192,0.047,79,32,true,0,0.000
xover-30,xover,d5w2c4,47,false,42,0.033,79,32,16384,0.047,79,32,true,0,0.000
dec-031,dec,d_b=3;m=9;gap=13;k=2;q=7;s=19,9,false,11,0.037,26,2,1,0.018,39,38,false,0,0.000
dec-031,dec,d_b=3;m=9;gap=13;k=2;q=7;s=19,9,false,11,0.037,26,2,2,0.026,39,38,false,0,0.000
dec-031,dec,d_b=3;m=9;gap=13;k=2;q=7;s=19,9,false,11,0.037,26,2,4,0.044,26,2,false,0,0.000
dec-031,dec,d_b=3;m=9;gap=13;k=2;q=7;s=19,9,false,11,0.037,26,2,8,0.053,26,2,true,0,0.000
dec-031,dec,d_b=3;m=9;gap=13;k=2;q=7;s=19,9,false,11,0.037,26,2,16,0.048,26,2,true,0,0.000
dec-031,dec,d_b=3;m=9;gap=13;k=2;q=7;s=19,9,false,11,0.037,26,2,32,0.048,26,2,true,0,0.000
dec-031,dec,d_b=3;m=9;gap=13;k=2;q=7;s=19,9,false,11,0.037,26,2,64,0.044,26,2,true,0,0.000
dec-031,dec,d_b=3;m=9;gap=13;k=2;q=7;s=19,9,false,11,0.037,26,2,128,0.045,26,2,true,0,0.000
dec-031,dec,d_b=3;m=9;gap=13;k=2;q=7;s=19,9,false,11,0.037,26,2,256,0.044,26,2,true,0,0.000
dec-031,dec,d_b=3;m=9;gap=13;k=2;q=7;s=19,9,false,11,0.037,26,2,512,0.044,26,2,true,0,0.000
dec-031,dec,d_b=3;m=9;gap=13;k=2;q=7;s=19,9,false,11,0.037,26,2,1024,0.044,26,2,true,0,0.000
dec-031,dec,d_b=3;m=9;gap=13;k=2;q=7;s=19,9,false,11,0.037,26,2,2048,0.044,26,2,true,0,0.000
dec-031,dec,d_b=3;m=9;gap=13;k=2;q=7;s=19,9,false,11,0.037,26,2,4096,0.044,26,2,true,0,0.000
dec-031,dec,d_b=3;m=9;gap=13;k=2;q=7;s=19,9,false,11,0.037,26,2,8192,0.043,26,2,true,0,0.000
dec-031,dec,d_b=3;m=9;gap=13;k=2;q=7;s=19,9,false,11,0.037,26,2,16384,0.044,26,2,true,0,0.000
wide-031,wide,d4w256;d_b=16;m=5;gap=2;k=4,262224,false,262230,71.666,74,2,1,40.363,77,68,false,0,0.000
wide-031,wide,d4w256;d_b=16;m=5;gap=2;k=4,262224,false,262230,71.666,74,2,2,41.107,77,68,false,0,0.000
wide-031,wide,d4w256;d_b=16;m=5;gap=2;k=4,262224,false,262230,71.666,74,2,4,42.085,77,68,false,0,0.000
wide-031,wide,d4w256;d_b=16;m=5;gap=2;k=4,262224,false,262230,71.666,74,2,8,46.011,77,68,false,0,0.000
wide-031,wide,d4w256;d_b=16;m=5;gap=2;k=4,262224,false,262230,71.666,74,2,16,48.458,77,68,false,0,0.000
wide-031,wide,d4w256;d_b=16;m=5;gap=2;k=4,262224,false,262230,71.666,74,2,32,57.201,77,68,false,0,0.000
wide-031,wide,d4w256;d_b=16;m=5;gap=2;k=4,262224,false,262230,71.666,74,2,64,75.349,77,68,false,0,0.000
wide-031,wide,d4w256;d_b=16;m=5;gap=2;k=4,262224,false,262230,71.666,74,2,128,110.887,77,68,false,0,0.000
wide-031,wide,d4w256;d_b=16;m=5;gap=2;k=4,262224,false,262230,71.666,74,2,256,180.692,77,68,false,0,0.000
wide-031,wide,d4w256;d_b=16;m=5;gap=2;k=4,262224,false,262230,71.666,74,2,512,322.617,77,68,false,0,0.000
wide-031,wide,d4w256;d_b=16;m=5;gap=2;k=4,262224,false,262230,71.666,74,2,1024,601.939,77,68,false,0,0.000
wide-031,wide,d4w256;d_b=16;m=5;gap=2;k=4,262224,false,262230,71.666,74,2,2048,1179.951,77,68,false,0,0.000
wide-031,wide,d4w256;d_b=16;m=5;gap=2;k=4,262224,false,262230,71.666,74,2,4096,2342.532,77,68,false,0,0.000
wide-031,wide,d4w256;d_b=16;m=5;gap=2;k=4,262224,false,262230,71.666,74,2,8192,4831.876,77,68,false,0,0.000
wide-031,wide,d4w256;d_b=16;m=5;gap=2;k=4,262224,false,262230,71.666,74,2,16384,9852.395,77,68,false,0,0.000
mixed-010-1,mixed,seed=0x4566f479df2aefe8;cycles=6;planted=3;d_b=12;m=2;gap=6;k=4,49777,false,9833,0.393,62,14,1,0.126,83,68,false,0,0.000
mixed-010-1,mixed,seed=0x4566f479df2aefe8;cycles=6;planted=3;d_b=12;m=2;gap=6;k=4,49777,false,9833,0.393,62,14,2,0.149,83,68,false,0,0.000
mixed-010-1,mixed,seed=0x4566f479df2aefe8;cycles=6;planted=3;d_b=12;m=2;gap=6;k=4,49777,false,9833,0.393,62,14,4,0.160,83,68,false,0,0.000
mixed-010-1,mixed,seed=0x4566f479df2aefe8;cycles=6;planted=3;d_b=12;m=2;gap=6;k=4,49777,false,9833,0.393,62,14,8,0.216,83,68,false,0,0.000
mixed-010-1,mixed,seed=0x4566f479df2aefe8;cycles=6;planted=3;d_b=12;m=2;gap=6;k=4,49777,false,9833,0.393,62,14,16,0.319,83,68,false,0,0.000
mixed-010-1,mixed,seed=0x4566f479df2aefe8;cycles=6;planted=3;d_b=12;m=2;gap=6;k=4,49777,false,9833,0.393,62,14,32,0.531,83,68,false,0,0.000
mixed-010-1,mixed,seed=0x4566f479df2aefe8;cycles=6;planted=3;d_b=12;m=2;gap=6;k=4,49777,false,9833,0.393,62,14,64,1.000,62,14,false,0,0.000
mixed-010-1,mixed,seed=0x4566f479df2aefe8;cycles=6;planted=3;d_b=12;m=2;gap=6;k=4,49777,false,9833,0.393,62,14,128,1.451,62,14,true,0,0.000
mixed-010-1,mixed,seed=0x4566f479df2aefe8;cycles=6;planted=3;d_b=12;m=2;gap=6;k=4,49777,false,9833,0.393,62,14,256,1.438,62,14,true,0,0.000
mixed-010-1,mixed,seed=0x4566f479df2aefe8;cycles=6;planted=3;d_b=12;m=2;gap=6;k=4,49777,false,9833,0.393,62,14,512,1.431,62,14,true,0,0.000
mixed-010-1,mixed,seed=0x4566f479df2aefe8;cycles=6;planted=3;d_b=12;m=2;gap=6;k=4,49777,false,9833,0.393,62,14,1024,1.438,62,14,true,0,0.000
mixed-010-1,mixed,seed=0x4566f479df2aefe8;cycles=6;planted=3;d_b=12;m=2;gap=6;k=4,49777,false,9833,0.393,62,14,2048,1.427,62,14,true,0,0.000
mixed-010-1,mixed,seed=0x4566f479df2aefe8;cycles=6;planted=3;d_b=12;m=2;gap=6;k=4,49777,false,9833,0.393,62,14,4096,1.417,62,14,true,0,0.000
mixed-010-1,mixed,seed=0x4566f479df2aefe8;cycles=6;planted=3;d_b=12;m=2;gap=6;k=4,49777,false,9833,0.393,62,14,8192,1.428,62,14,true,0,0.000
mixed-010-1,mixed,seed=0x4566f479df2aefe8;cycles=6;planted=3;d_b=12;m=2;gap=6;k=4,49777,false,9833,0.393,62,14,16384,1.426,62,14,true,0,0.000
rand-01-07,rand,seed=0x65874cb4704ba398;cycles=7,112929,false,16766,0.132,34,6,1,0.153,34,6,false,0,0.000
rand-01-07,rand,seed=0x65874cb4704ba398;cycles=7,112929,false,16766,0.132,34,6,2,0.162,34,6,false,0,0.000
rand-01-07,rand,seed=0x65874cb4704ba398;cycles=7,112929,false,16766,0.132,34,6,4,0.191,34,6,false,0,0.000
rand-01-07,rand,seed=0x65874cb4704ba398;cycles=7,112929,false,16766,0.132,34,6,8,0.314,34,6,false,0,0.000
rand-01-07,rand,seed=0x65874cb4704ba398;cycles=7,112929,false,16766,0.132,34,6,16,0.394,34,6,true,0,0.000
rand-01-07,rand,seed=0x65874cb4704ba398;cycles=7,112929,false,16766,0.132,34,6,32,0.388,34,6,true,0,0.000
rand-01-07,rand,seed=0x65874cb4704ba398;cycles=7,112929,false,16766,0.132,34,6,64,0.383,34,6,true,0,0.000
rand-01-07,rand,seed=0x65874cb4704ba398;cycles=7,112929,false,16766,0.132,34,6,128,0.391,34,6,true,0,0.000
rand-01-07,rand,seed=0x65874cb4704ba398;cycles=7,112929,false,16766,0.132,34,6,256,0.380,34,6,true,0,0.000
rand-01-07,rand,seed=0x65874cb4704ba398;cycles=7,112929,false,16766,0.132,34,6,512,0.378,34,6,true,0,0.000
rand-01-07,rand,seed=0x65874cb4704ba398;cycles=7,112929,false,16766,0.132,34,6,1024,0.381,34,6,true,0,0.000
rand-01-07,rand,seed=0x65874cb4704ba398;cycles=7,112929,false,16766,0.132,34,6,2048,0.377,34,6,true,0,0.000
rand-01-07,rand,seed=0x65874cb4704ba398;cycles=7,112929,false,16766,0.132,34,6,4096,0.379,34,6,true,0,0.000
rand-01-07,rand,seed=0x65874cb4704ba398;cycles=7,112929,false,16766,0.132,34,6,8192,0.391,34,6,true,0,0.000
rand-01-07,rand,seed=0x65874cb4704ba398;cycles=7,112929,false,16766,0.132,34,6,16384,0.386,34,6,true,0,0.000
xover-31,xover,d5w2c6,706,false,474,0.047,79,32,1,0.045,79,32,false,0,0.000
xover-31,xover,d5w2c6,706,false,474,0.047,79,32,2,0.054,79,32,false,0,0.000
xover-31,xover,d5w2c6,706,false,474,0.047,79,32,4,0.058,79,32,false,0,0.000
xover-31,xover,d5w2c6,706,false,474,0.047,79,32,8,0.067,79,32,false,0,0.000
xover-31,xover,d5w2c6,706,false,474,0.047,79,32,16,0.087,79,32,true,0,0.000
xover-31,xover,d5w2c6,706,false,474,0.047,79,32,32,0.086,79,32,true,0,0.000
xover-31,xover,d5w2c6,706,false,474,0.047,79,32,64,0.085,79,32,true,0,0.000
xover-31,xover,d5w2c6,706,false,474,0.047,79,32,128,0.085,79,32,true,0,0.000
xover-31,xover,d5w2c6,706,false,474,0.047,79,32,256,0.083,79,32,true,0,0.000
xover-31,xover,d5w2c6,706,false,474,0.047,79,32,512,0.084,79,32,true,0,0.000
xover-31,xover,d5w2c6,706,false,474,0.047,79,32,1024,0.083,79,32,true,0,0.000
xover-31,xover,d5w2c6,706,false,474,0.047,79,32,2048,0.084,79,32,true,0,0.000
xover-31,xover,d5w2c6,706,false,474,0.047,79,32,4096,0.083,79,32,true,0,0.000
xover-31,xover,d5w2c6,706,false,474,0.047,79,32,8192,0.083,79,32,true,0,0.000
xover-31,xover,d5w2c6,706,false,474,0.047,79,32,16384,0.082,79,32,true,0,0.000
dec-032,dec,d_b=3;m=9;gap=13;k=4;q=7;s=19,15,false,17,0.057,26,2,1,0.018,39,38,false,0,0.000
dec-032,dec,d_b=3;m=9;gap=13;k=4;q=7;s=19,15,false,17,0.057,26,2,2,0.027,39,38,false,0,0.000
dec-032,dec,d_b=3;m=9;gap=13;k=4;q=7;s=19,15,false,17,0.057,26,2,4,0.043,39,38,false,0,0.000
dec-032,dec,d_b=3;m=9;gap=13;k=4;q=7;s=19,15,false,17,0.057,26,2,8,0.067,26,2,true,0,0.000
dec-032,dec,d_b=3;m=9;gap=13;k=4;q=7;s=19,15,false,17,0.057,26,2,16,0.067,26,2,true,0,0.000
dec-032,dec,d_b=3;m=9;gap=13;k=4;q=7;s=19,15,false,17,0.057,26,2,32,0.062,26,2,true,0,0.000
dec-032,dec,d_b=3;m=9;gap=13;k=4;q=7;s=19,15,false,17,0.057,26,2,64,0.062,26,2,true,0,0.000
dec-032,dec,d_b=3;m=9;gap=13;k=4;q=7;s=19,15,false,17,0.057,26,2,128,0.060,26,2,true,0,0.000
dec-032,dec,d_b=3;m=9;gap=13;k=4;q=7;s=19,15,false,17,0.057,26,2,256,0.060,26,2,true,0,0.000
dec-032,dec,d_b=3;m=9;gap=13;k=4;q=7;s=19,15,false,17,0.057,26,2,512,0.060,26,2,true,0,0.000
dec-032,dec,d_b=3;m=9;gap=13;k=4;q=7;s=19,15,false,17,0.057,26,2,1024,0.061,26,2,true,0,0.000
dec-032,dec,d_b=3;m=9;gap=13;k=4;q=7;s=19,15,false,17,0.057,26,2,2048,0.060,26,2,true,0,0.000
dec-032,dec,d_b=3;m=9;gap=13;k=4;q=7;s=19,15,false,17,0.057,26,2,4096,0.061,26,2,true,0,0.000
dec-032,dec,d_b=3;m=9;gap=13;k=4;q=7;s=19,15,false,17,0.057,26,2,8192,0.060,26,2,true,0,0.000
dec-032,dec,d_b=3;m=9;gap=13;k=4;q=7;s=19,15,false,17,0.057,26,2,16384,0.060,26,2,true,0,0.000
wide-032,wide,d8w256;d_b=4;m=2;gap=1;k=1,524296,false,524305,146.197,22,2,1,77.163,23,6,false,0,0.000
wide-032,wide,d8w256;d_b=4;m=2;gap=1;k=1,524296,false,524305,146.197,22,2,2,77.146,23,6,false,0,0.000
wide-032,wide,d8w256;d_b=4;m=2;gap=1;k=1,524296,false,524305,146.197,22,2,4,78.656,23,6,false,0,0.000
wide-032,wide,d8w256;d_b=4;m=2;gap=1;k=1,524296,false,524305,146.197,22,2,8,80.206,23,6,false,0,0.000
wide-032,wide,d8w256;d_b=4;m=2;gap=1;k=1,524296,false,524305,146.197,22,2,16,85.619,23,6,false,0,0.000
wide-032,wide,d8w256;d_b=4;m=2;gap=1;k=1,524296,false,524305,146.197,22,2,32,95.763,23,6,false,0,0.000
wide-032,wide,d8w256;d_b=4;m=2;gap=1;k=1,524296,false,524305,146.197,22,2,64,111.800,23,6,false,0,0.000
wide-032,wide,d8w256;d_b=4;m=2;gap=1;k=1,524296,false,524305,146.197,22,2,128,147.110,23,6,false,0,0.000
wide-032,wide,d8w256;d_b=4;m=2;gap=1;k=1,524296,false,524305,146.197,22,2,256,216.753,23,6,false,0,0.000
wide-032,wide,d8w256;d_b=4;m=2;gap=1;k=1,524296,false,524305,146.197,22,2,512,357.780,23,6,false,0,0.000
wide-032,wide,d8w256;d_b=4;m=2;gap=1;k=1,524296,false,524305,146.197,22,2,1024,640.171,23,6,false,0,0.000
wide-032,wide,d8w256;d_b=4;m=2;gap=1;k=1,524296,false,524305,146.197,22,2,2048,1210.364,23,6,false,0,0.000
wide-032,wide,d8w256;d_b=4;m=2;gap=1;k=1,524296,false,524305,146.197,22,2,4096,2372.975,23,6,false,0,0.000
wide-032,wide,d8w256;d_b=4;m=2;gap=1;k=1,524296,false,524305,146.197,22,2,8192,4826.171,23,6,false,0,0.000
wide-032,wide,d8w256;d_b=4;m=2;gap=1;k=1,524296,false,524305,146.197,22,2,16384,9881.591,23,6,false,0,0.000
mixed-010-2,mixed,seed=0x5f5939a608fe88c7;cycles=6;planted=3;d_b=12;m=2;gap=6;k=4,26339,false,5828,0.344,51,10,1,0.066,72,64,false,0,0.000
mixed-010-2,mixed,seed=0x5f5939a608fe88c7;cycles=6;planted=3;d_b=12;m=2;gap=6;k=4,26339,false,5828,0.344,51,10,2,0.070,72,64,false,0,0.000
mixed-010-2,mixed,seed=0x5f5939a608fe88c7;cycles=6;planted=3;d_b=12;m=2;gap=6;k=4,26339,false,5828,0.344,51,10,4,0.071,72,64,false,0,0.000
mixed-010-2,mixed,seed=0x5f5939a608fe88c7;cycles=6;planted=3;d_b=12;m=2;gap=6;k=4,26339,false,5828,0.344,51,10,8,0.083,72,64,false,0,0.000
mixed-010-2,mixed,seed=0x5f5939a608fe88c7;cycles=6;planted=3;d_b=12;m=2;gap=6;k=4,26339,false,5828,0.344,51,10,16,0.121,72,64,false,0,0.000
mixed-010-2,mixed,seed=0x5f5939a608fe88c7;cycles=6;planted=3;d_b=12;m=2;gap=6;k=4,26339,false,5828,0.344,51,10,32,0.216,72,64,false,0,0.000
mixed-010-2,mixed,seed=0x5f5939a608fe88c7;cycles=6;planted=3;d_b=12;m=2;gap=6;k=4,26339,false,5828,0.344,51,10,64,0.465,51,10,false,0,0.000
mixed-010-2,mixed,seed=0x5f5939a608fe88c7;cycles=6;planted=3;d_b=12;m=2;gap=6;k=4,26339,false,5828,0.344,51,10,128,0.637,51,10,true,0,0.000
mixed-010-2,mixed,seed=0x5f5939a608fe88c7;cycles=6;planted=3;d_b=12;m=2;gap=6;k=4,26339,false,5828,0.344,51,10,256,0.617,51,10,true,0,0.000
mixed-010-2,mixed,seed=0x5f5939a608fe88c7;cycles=6;planted=3;d_b=12;m=2;gap=6;k=4,26339,false,5828,0.344,51,10,512,0.614,51,10,true,0,0.000
mixed-010-2,mixed,seed=0x5f5939a608fe88c7;cycles=6;planted=3;d_b=12;m=2;gap=6;k=4,26339,false,5828,0.344,51,10,1024,0.621,51,10,true,0,0.000
mixed-010-2,mixed,seed=0x5f5939a608fe88c7;cycles=6;planted=3;d_b=12;m=2;gap=6;k=4,26339,false,5828,0.344,51,10,2048,0.606,51,10,true,0,0.000
mixed-010-2,mixed,seed=0x5f5939a608fe88c7;cycles=6;planted=3;d_b=12;m=2;gap=6;k=4,26339,false,5828,0.344,51,10,4096,0.615,51,10,true,0,0.000
mixed-010-2,mixed,seed=0x5f5939a608fe88c7;cycles=6;planted=3;d_b=12;m=2;gap=6;k=4,26339,false,5828,0.344,51,10,8192,0.617,51,10,true,0,0.000
mixed-010-2,mixed,seed=0x5f5939a608fe88c7;cycles=6;planted=3;d_b=12;m=2;gap=6;k=4,26339,false,5828,0.344,51,10,16384,0.601,51,10,true,0,0.000
rand-01-08,rand,seed=0xda02f398bce05535;cycles=7,187554,false,26391,0.043,10,6,1,0.034,10,6,false,0,0.000
rand-01-08,rand,seed=0xda02f398bce05535;cycles=7,187554,false,26391,0.043,10,6,2,0.037,10,6,false,0,0.000
rand-01-08,rand,seed=0xda02f398bce05535;cycles=7,187554,false,26391,0.043,10,6,4,0.042,10,6,true,0,0.000
rand-01-08,rand,seed=0xda02f398bce05535;cycles=7,187554,false,26391,0.043,10,6,8,0.040,10,6,true,0,0.000
rand-01-08,rand,seed=0xda02f398bce05535;cycles=7,187554,false,26391,0.043,10,6,16,0.038,10,6,true,0,0.000
rand-01-08,rand,seed=0xda02f398bce05535;cycles=7,187554,false,26391,0.043,10,6,32,0.037,10,6,true,0,0.000
rand-01-08,rand,seed=0xda02f398bce05535;cycles=7,187554,false,26391,0.043,10,6,64,0.037,10,6,true,0,0.000
rand-01-08,rand,seed=0xda02f398bce05535;cycles=7,187554,false,26391,0.043,10,6,128,0.036,10,6,true,0,0.000
rand-01-08,rand,seed=0xda02f398bce05535;cycles=7,187554,false,26391,0.043,10,6,256,0.037,10,6,true,0,0.000
rand-01-08,rand,seed=0xda02f398bce05535;cycles=7,187554,false,26391,0.043,10,6,512,0.036,10,6,true,0,0.000
rand-01-08,rand,seed=0xda02f398bce05535;cycles=7,187554,false,26391,0.043,10,6,1024,0.036,10,6,true,0,0.000
rand-01-08,rand,seed=0xda02f398bce05535;cycles=7,187554,false,26391,0.043,10,6,2048,0.035,10,6,true,0,0.000
rand-01-08,rand,seed=0xda02f398bce05535;cycles=7,187554,false,26391,0.043,10,6,4096,0.036,10,6,true,0,0.000
rand-01-08,rand,seed=0xda02f398bce05535;cycles=7,187554,false,26391,0.043,10,6,8192,0.035,10,6,true,0,0.000
rand-01-08,rand,seed=0xda02f398bce05535;cycles=7,187554,false,26391,0.043,10,6,16384,0.036,10,6,true,0,0.000
xover-32,xover,d5w2c8,2724,false,1824,0.037,79,32,1,0.037,79,32,false,0,0.000
xover-32,xover,d5w2c8,2724,false,1824,0.037,79,32,2,0.043,79,32,false,0,0.000
xover-32,xover,d5w2c8,2724,false,1824,0.037,79,32,4,0.047,79,32,false,0,0.000
xover-32,xover,d5w2c8,2724,false,1824,0.037,79,32,8,0.065,79,32,true,0,0.000
xover-32,xover,d5w2c8,2724,false,1824,0.037,79,32,16,0.062,79,32,true,0,0.000
xover-32,xover,d5w2c8,2724,false,1824,0.037,79,32,32,0.061,79,32,true,0,0.000
xover-32,xover,d5w2c8,2724,false,1824,0.037,79,32,64,0.060,79,32,true,0,0.000
xover-32,xover,d5w2c8,2724,false,1824,0.037,79,32,128,0.060,79,32,true,0,0.000
xover-32,xover,d5w2c8,2724,false,1824,0.037,79,32,256,0.058,79,32,true,0,0.000
xover-32,xover,d5w2c8,2724,false,1824,0.037,79,32,512,0.060,79,32,true,0,0.000
xover-32,xover,d5w2c8,2724,false,1824,0.037,79,32,1024,0.059,79,32,true,0,0.000
xover-32,xover,d5w2c8,2724,false,1824,0.037,79,32,2048,0.058,79,32,true,0,0.000
xover-32,xover,d5w2c8,2724,false,1824,0.037,79,32,4096,0.057,79,32,true,0,0.000
xover-32,xover,d5w2c8,2724,false,1824,0.037,79,32,8192,0.059,79,32,true,0,0.000
xover-32,xover,d5w2c8,2724,false,1824,0.037,79,32,16384,0.058,79,32,true,0,0.000
dec-033,dec,d_b=5;m=2;gap=2;k=1;q=0;s=4,10,false,11,0.024,7,2,1,0.010,9,8,false,0,0.000
dec-033,dec,d_b=5;m=2;gap=2;k=1;q=0;s=4,10,false,11,0.024,7,2,2,0.015,9,8,false,0,0.000
dec-033,dec,d_b=5;m=2;gap=2;k=1;q=0;s=4,10,false,11,0.024,7,2,4,0.022,7,2,false,0,0.000
dec-033,dec,d_b=5;m=2;gap=2;k=1;q=0;s=4,10,false,11,0.024,7,2,8,0.036,7,2,false,0,0.000
dec-033,dec,d_b=5;m=2;gap=2;k=1;q=0;s=4,10,false,11,0.024,7,2,16,0.040,7,2,true,0,0.000
dec-033,dec,d_b=5;m=2;gap=2;k=1;q=0;s=4,10,false,11,0.024,7,2,32,0.040,7,2,true,0,0.000
dec-033,dec,d_b=5;m=2;gap=2;k=1;q=0;s=4,10,false,11,0.024,7,2,64,0.037,7,2,true,0,0.000
dec-033,dec,d_b=5;m=2;gap=2;k=1;q=0;s=4,10,false,11,0.024,7,2,128,0.038,7,2,true,0,0.000
dec-033,dec,d_b=5;m=2;gap=2;k=1;q=0;s=4,10,false,11,0.024,7,2,256,0.036,7,2,true,0,0.000
dec-033,dec,d_b=5;m=2;gap=2;k=1;q=0;s=4,10,false,11,0.024,7,2,512,0.037,7,2,true,0,0.000
dec-033,dec,d_b=5;m=2;gap=2;k=1;q=0;s=4,10,false,11,0.024,7,2,1024,0.036,7,2,true,0,0.000
dec-033,dec,d_b=5;m=2;gap=2;k=1;q=0;s=4,10,false,11,0.024,7,2,2048,0.037,7,2,true,0,0.000
dec-033,dec,d_b=5;m=2;gap=2;k=1;q=0;s=4,10,false,11,0.024,7,2,4096,0.036,7,2,true,0,0.000
dec-033,dec,d_b=5;m=2;gap=2;k=1;q=0;s=4,10,false,11,0.024,7,2,8192,0.036,7,2,true,0,0.000
dec-033,dec,d_b=5;m=2;gap=2;k=1;q=0;s=4,10,false,11,0.024,7,2,16384,0.036,7,2,true,0,0.000
wide-033,wide,d8w256;d_b=8;m=2;gap=2;k=2,524312,false,524321,147.619,26,2,1,79.159,29,12,false,0,0.000
wide-033,wide,d8w256;d_b=8;m=2;gap=2;k=2,524312,false,524321,147.619,26,2,2,77.102,29,12,false,0,0.000
wide-033,wide,d8w256;d_b=8;m=2;gap=2;k=2,524312,false,524321,147.619,26,2,4,80.516,29,12,false,0,0.000
wide-033,wide,d8w256;d_b=8;m=2;gap=2;k=2,524312,false,524321,147.619,26,2,8,80.533,29,12,false,0,0.000
wide-033,wide,d8w256;d_b=8;m=2;gap=2;k=2,524312,false,524321,147.619,26,2,16,86.508,29,12,false,0,0.000
wide-033,wide,d8w256;d_b=8;m=2;gap=2;k=2,524312,false,524321,147.619,26,2,32,93.829,29,12,false,0,0.000
wide-033,wide,d8w256;d_b=8;m=2;gap=2;k=2,524312,false,524321,147.619,26,2,64,112.956,29,12,false,0,0.000
wide-033,wide,d8w256;d_b=8;m=2;gap=2;k=2,524312,false,524321,147.619,26,2,128,147.419,29,12,false,0,0.000
wide-033,wide,d8w256;d_b=8;m=2;gap=2;k=2,524312,false,524321,147.619,26,2,256,218.098,29,12,false,0,0.000
wide-033,wide,d8w256;d_b=8;m=2;gap=2;k=2,524312,false,524321,147.619,26,2,512,358.535,29,12,false,0,0.000
wide-033,wide,d8w256;d_b=8;m=2;gap=2;k=2,524312,false,524321,147.619,26,2,1024,641.154,29,12,false,0,0.000
wide-033,wide,d8w256;d_b=8;m=2;gap=2;k=2,524312,false,524321,147.619,26,2,2048,1210.151,29,12,false,0,0.000
wide-033,wide,d8w256;d_b=8;m=2;gap=2;k=2,524312,false,524321,147.619,26,2,4096,2370.710,29,12,false,0,0.000
wide-033,wide,d8w256;d_b=8;m=2;gap=2;k=2,524312,false,524321,147.619,26,2,8192,4761.857,29,12,false,0,0.000
wide-033,wide,d8w256;d_b=8;m=2;gap=2;k=2,524312,false,524321,147.619,26,2,16384,9884.218,29,12,false,0,0.000
mixed-011-0,mixed,seed=0x313c8e67d75c07e1;cycles=6;planted=3;d_b=16;m=5;gap=2;k=1,47205,false,9228,0.570,211,12,1,0.142,220,210,false,0,0.000
mixed-011-0,mixed,seed=0x313c8e67d75c07e1;cycles=6;planted=3;d_b=16;m=5;gap=2;k=1,47205,false,9228,0.570,211,12,2,0.155,220,210,false,0,0.000
mixed-011-0,mixed,seed=0x313c8e67d75c07e1;cycles=6;planted=3;d_b=16;m=5;gap=2;k=1,47205,false,9228,0.570,211,12,4,0.188,220,210,false,0,0.000
mixed-011-0,mixed,seed=0x313c8e67d75c07e1;cycles=6;planted=3;d_b=16;m=5;gap=2;k=1,47205,false,9228,0.570,211,12,8,0.245,220,210,false,0,0.000
mixed-011-0,mixed,seed=0x313c8e67d75c07e1;cycles=6;planted=3;d_b=16;m=5;gap=2;k=1,47205,false,9228,0.570,211,12,16,0.370,220,210,false,0,0.000
mixed-011-0,mixed,seed=0x313c8e67d75c07e1;cycles=6;planted=3;d_b=16;m=5;gap=2;k=1,47205,false,9228,0.570,211,12,32,0.603,220,210,false,0,0.000
mixed-011-0,mixed,seed=0x313c8e67d75c07e1;cycles=6;planted=3;d_b=16;m=5;gap=2;k=1,47205,false,9228,0.570,211,12,64,1.143,214,78,false,0,0.000
mixed-011-0,mixed,seed=0x313c8e67d75c07e1;cycles=6;planted=3;d_b=16;m=5;gap=2;k=1,47205,false,9228,0.570,211,12,128,1.654,211,12,true,0,0.000
mixed-011-0,mixed,seed=0x313c8e67d75c07e1;cycles=6;planted=3;d_b=16;m=5;gap=2;k=1,47205,false,9228,0.570,211,12,256,1.631,211,12,true,0,0.000
mixed-011-0,mixed,seed=0x313c8e67d75c07e1;cycles=6;planted=3;d_b=16;m=5;gap=2;k=1,47205,false,9228,0.570,211,12,512,1.625,211,12,true,0,0.000
mixed-011-0,mixed,seed=0x313c8e67d75c07e1;cycles=6;planted=3;d_b=16;m=5;gap=2;k=1,47205,false,9228,0.570,211,12,1024,1.618,211,12,true,0,0.000
mixed-011-0,mixed,seed=0x313c8e67d75c07e1;cycles=6;planted=3;d_b=16;m=5;gap=2;k=1,47205,false,9228,0.570,211,12,2048,1.723,211,12,true,0,0.000
mixed-011-0,mixed,seed=0x313c8e67d75c07e1;cycles=6;planted=3;d_b=16;m=5;gap=2;k=1,47205,false,9228,0.570,211,12,4096,1.616,211,12,true,0,0.000
mixed-011-0,mixed,seed=0x313c8e67d75c07e1;cycles=6;planted=3;d_b=16;m=5;gap=2;k=1,47205,false,9228,0.570,211,12,8192,1.604,211,12,true,0,0.000
mixed-011-0,mixed,seed=0x313c8e67d75c07e1;cycles=6;planted=3;d_b=16;m=5;gap=2;k=1,47205,false,9228,0.570,211,12,16384,1.607,211,12,true,0,0.000
rand-01-09,rand,seed=0x79f21f0f0876d39a;cycles=7,112924,false,16697,0.041,10,4,1,0.042,10,4,false,0,0.000
rand-01-09,rand,seed=0x79f21f0f0876d39a;cycles=7,112924,false,16697,0.041,10,4,2,0.042,10,4,false,0,0.000
rand-01-09,rand,seed=0x79f21f0f0876d39a;cycles=7,112924,false,16697,0.041,10,4,4,0.062,10,4,true,0,0.000
rand-01-09,rand,seed=0x79f21f0f0876d39a;cycles=7,112924,false,16697,0.041,10,4,8,0.060,10,4,true,0,0.000
rand-01-09,rand,seed=0x79f21f0f0876d39a;cycles=7,112924,false,16697,0.041,10,4,16,0.056,10,4,true,0,0.000
rand-01-09,rand,seed=0x79f21f0f0876d39a;cycles=7,112924,false,16697,0.041,10,4,32,0.055,10,4,true,0,0.000
rand-01-09,rand,seed=0x79f21f0f0876d39a;cycles=7,112924,false,16697,0.041,10,4,64,0.055,10,4,true,0,0.000
rand-01-09,rand,seed=0x79f21f0f0876d39a;cycles=7,112924,false,16697,0.041,10,4,128,0.055,10,4,true,0,0.000
rand-01-09,rand,seed=0x79f21f0f0876d39a;cycles=7,112924,false,16697,0.041,10,4,256,0.055,10,4,true,0,0.000
rand-01-09,rand,seed=0x79f21f0f0876d39a;cycles=7,112924,false,16697,0.041,10,4,512,0.055,10,4,true,0,0.000
rand-01-09,rand,seed=0x79f21f0f0876d39a;cycles=7,112924,false,16697,0.041,10,4,1024,0.055,10,4,true,0,0.000
rand-01-09,rand,seed=0x79f21f0f0876d39a;cycles=7,112924,false,16697,0.041,10,4,2048,0.054,10,4,true,0,0.000
rand-01-09,rand,seed=0x79f21f0f0876d39a;cycles=7,112924,false,16697,0.041,10,4,4096,0.055,10,4,true,0,0.000
rand-01-09,rand,seed=0x79f21f0f0876d39a;cycles=7,112924,false,16697,0.041,10,4,8192,0.054,10,4,true,0,0.000
rand-01-09,rand,seed=0x79f21f0f0876d39a;cycles=7,112924,false,16697,0.041,10,4,16384,0.053,10,4,true,0,0.000
xover-33,xover,d5w2c10,38728,false,24645,0.068,79,32,1,0.056,79,32,false,0,0.000
xover-33,xover,d5w2c10,38728,false,24645,0.068,79,32,2,0.060,79,32,false,0,0.000
xover-33,xover,d5w2c10,38728,false,24645,0.068,79,32,4,0.069,79,32,false,0,0.000
xover-33,xover,d5w2c10,38728,false,24645,0.068,79,32,8,0.077,79,32,false,0,0.000
xover-33,xover,d5w2c10,38728,false,24645,0.068,79,32,16,0.100,79,32,false,0,0.000
xover-33,xover,d5w2c10,38728,false,24645,0.068,79,32,32,0.109,79,32,true,0,0.000
xover-33,xover,d5w2c10,38728,false,24645,0.068,79,32,64,0.110,79,32,true,0,0.000
xover-33,xover,d5w2c10,38728,false,24645,0.068,79,32,128,0.107,79,32,true,0,0.000
xover-33,xover,d5w2c10,38728,false,24645,0.068,79,32,256,0.107,79,32,true,0,0.000
xover-33,xover,d5w2c10,38728,false,24645,0.068,79,32,512,0.106,79,32,true,0,0.000
xover-33,xover,d5w2c10,38728,false,24645,0.068,79,32,1024,0.106,79,32,true,0,0.000
xover-33,xover,d5w2c10,38728,false,24645,0.068,79,32,2048,0.105,79,32,true,0,0.000
xover-33,xover,d5w2c10,38728,false,24645,0.068,79,32,4096,0.106,79,32,true,0,0.000
xover-33,xover,d5w2c10,38728,false,24645,0.068,79,32,8192,0.105,79,32,true,0,0.000
xover-33,xover,d5w2c10,38728,false,24645,0.068,79,32,16384,0.104,79,32,true,0,0.000
dec-034,dec,d_b=5;m=2;gap=2;k=2;q=0;s=4,15,false,16,0.033,7,2,1,0.010,9,8,false,0,0.000
dec-034,dec,d_b=5;m=2;gap=2;k=2;q=0;s=4,15,false,16,0.033,7,2,2,0.013,9,8,false,0,0.000
dec-034,dec,d_b=5;m=2;gap=2;k=2;q=0;s=4,15,false,16,0.033,7,2,4,0.020,9,8,false,0,0.000
dec-034,dec,d_b=5;m=2;gap=2;k=2;q=0;s=4,15,false,16,0.033,7,2,8,0.036,7,2,false,0,0.000
dec-034,dec,d_b=5;m=2;gap=2;k=2;q=0;s=4,15,false,16,0.033,7,2,16,0.047,7,2,true,0,0.000
dec-034,dec,d_b=5;m=2;gap=2;k=2;q=0;s=4,15,false,16,0.033,7,2,32,0.045,7,2,true,0,0.000
dec-034,dec,d_b=5;m=2;gap=2;k=2;q=0;s=4,15,false,16,0.033,7,2,64,0.044,7,2,true,0,0.000
dec-034,dec,d_b=5;m=2;gap=2;k=2;q=0;s=4,15,false,16,0.033,7,2,128,0.043,7,2,true,0,0.000
dec-034,dec,d_b=5;m=2;gap=2;k=2;q=0;s=4,15,false,16,0.033,7,2,256,0.042,7,2,true,0,0.000
dec-034,dec,d_b=5;m=2;gap=2;k=2;q=0;s=4,15,false,16,0.033,7,2,512,0.042,7,2,true,0,0.000
dec-034,dec,d_b=5;m=2;gap=2;k=2;q=0;s=4,15,false,16,0.033,7,2,1024,0.042,7,2,true,0,0.000
dec-034,dec,d_b=5;m=2;gap=2;k=2;q=0;s=4,15,false,16,0.033,7,2,2048,0.042,7,2,true,0,0.000
dec-034,dec,d_b=5;m=2;gap=2;k=2;q=0;s=4,15,false,16,0.033,7,2,4096,0.042,7,2,true,0,0.000
dec-034,dec,d_b=5;m=2;gap=2;k=2;q=0;s=4,15,false,16,0.033,7,2,8192,0.042,7,2,true,0,0.000
dec-034,dec,d_b=5;m=2;gap=2;k=2;q=0;s=4,15,false,16,0.033,7,2,16384,0.041,7,2,true,0,0.000
wide-034,wide,d8w256;d_b=12;m=3;gap=6;k=2,524324,false,524334,143.239,42,2,1,77.234,49,32,false,0,0.000
wide-034,wide,d8w256;d_b=12;m=3;gap=6;k=2,524324,false,524334,143.239,42,2,2,78.203,49,32,false,0,0.000
wide-034,wide,d8w256;d_b=12;m=3;gap=6;k=2,524324,false,524334,143.239,42,2,4,79.252,49,32,false,0,0.000
wide-034,wide,d8w256;d_b=12;m=3;gap=6;k=2,524324,false,524334,143.239,42,2,8,81.237,49,32,false,0,0.000
wide-034,wide,d8w256;d_b=12;m=3;gap=6;k=2,524324,false,524334,143.239,42,2,16,85.345,49,32,false,0,0.000
wide-034,wide,d8w256;d_b=12;m=3;gap=6;k=2,524324,false,524334,143.239,42,2,32,94.253,49,32,false,0,0.000
wide-034,wide,d8w256;d_b=12;m=3;gap=6;k=2,524324,false,524334,143.239,42,2,64,111.542,49,32,false,0,0.000
wide-034,wide,d8w256;d_b=12;m=3;gap=6;k=2,524324,false,524334,143.239,42,2,128,147.286,49,32,false,0,0.000
wide-034,wide,d8w256;d_b=12;m=3;gap=6;k=2,524324,false,524334,143.239,42,2,256,218.414,49,32,false,0,0.000
wide-034,wide,d8w256;d_b=12;m=3;gap=6;k=2,524324,false,524334,143.239,42,2,512,357.437,49,32,false,0,0.000
wide-034,wide,d8w256;d_b=12;m=3;gap=6;k=2,524324,false,524334,143.239,42,2,1024,640.292,49,32,false,0,0.000
wide-034,wide,d8w256;d_b=12;m=3;gap=6;k=2,524324,false,524334,143.239,42,2,2048,1213.020,49,32,false,0,0.000
wide-034,wide,d8w256;d_b=12;m=3;gap=6;k=2,524324,false,524334,143.239,42,2,4096,2369.057,49,32,false,0,0.000
wide-034,wide,d8w256;d_b=12;m=3;gap=6;k=2,524324,false,524334,143.239,42,2,8192,4765.932,49,32,false,0,0.000
wide-034,wide,d8w256;d_b=12;m=3;gap=6;k=2,524324,false,524334,143.239,42,2,16384,10039.287,49,32,false,0,0.000
mixed-011-1,mixed,seed=0xc6b01c2e806d8ec8;cycles=6;planted=3;d_b=16;m=5;gap=2;k=1,65,false,71,0.342,133,4,1,0.080,139,136,false,0,0.000
mixed-011-1,mixed,seed=0xc6b01c2e806d8ec8;cycles=6;planted=3;d_b=16;m=5;gap=2;k=1,65,false,71,0.342,133,4,2,0.074,139,136,false,0,0.000
mixed-011-1,mixed,seed=0xc6b01c2e806d8ec8;cycles=6;planted=3;d_b=16;m=5;gap=2;k=1,65,false,71,0.342,133,4,4,0.102,139,136,false,0,0.000
mixed-011-1,mixed,seed=0xc6b01c2e806d8ec8;cycles=6;planted=3;d_b=16;m=5;gap=2;k=1,65,false,71,0.342,133,4,8,0.135,139,136,false,0,0.000
mixed-011-1,mixed,seed=0xc6b01c2e806d8ec8;cycles=6;planted=3;d_b=16;m=5;gap=2;k=1,65,false,71,0.342,133,4,16,0.223,139,136,false,0,0.000
mixed-011-1,mixed,seed=0xc6b01c2e806d8ec8;cycles=6;planted=3;d_b=16;m=5;gap=2;k=1,65,false,71,0.342,133,4,32,0.443,136,70,false,0,0.000
mixed-011-1,mixed,seed=0xc6b01c2e806d8ec8;cycles=6;planted=3;d_b=16;m=5;gap=2;k=1,65,false,71,0.342,133,4,64,0.744,133,4,true,0,0.000
mixed-011-1,mixed,seed=0xc6b01c2e806d8ec8;cycles=6;planted=3;d_b=16;m=5;gap=2;k=1,65,false,71,0.342,133,4,128,0.746,133,4,true,0,0.000
mixed-011-1,mixed,seed=0xc6b01c2e806d8ec8;cycles=6;planted=3;d_b=16;m=5;gap=2;k=1,65,false,71,0.342,133,4,256,0.732,133,4,true,0,0.000
mixed-011-1,mixed,seed=0xc6b01c2e806d8ec8;cycles=6;planted=3;d_b=16;m=5;gap=2;k=1,65,false,71,0.342,133,4,512,0.733,133,4,true,0,0.000
mixed-011-1,mixed,seed=0xc6b01c2e806d8ec8;cycles=6;planted=3;d_b=16;m=5;gap=2;k=1,65,false,71,0.342,133,4,1024,0.737,133,4,true,0,0.000
mixed-011-1,mixed,seed=0xc6b01c2e806d8ec8;cycles=6;planted=3;d_b=16;m=5;gap=2;k=1,65,false,71,0.342,133,4,2048,0.736,133,4,true,0,0.000
mixed-011-1,mixed,seed=0xc6b01c2e806d8ec8;cycles=6;planted=3;d_b=16;m=5;gap=2;k=1,65,false,71,0.342,133,4,4096,0.727,133,4,true,0,0.000
mixed-011-1,mixed,seed=0xc6b01c2e806d8ec8;cycles=6;planted=3;d_b=16;m=5;gap=2;k=1,65,false,71,0.342,133,4,8192,0.725,133,4,true,0,0.000
mixed-011-1,mixed,seed=0xc6b01c2e806d8ec8;cycles=6;planted=3;d_b=16;m=5;gap=2;k=1,65,false,71,0.342,133,4,16384,0.717,133,4,true,0,0.000
rand-01-10,rand,seed=0x5e6ea9bcc1c13832;cycles=7,112924,false,16695,0.037,12,4,1,0.031,12,4,false,0,0.000
rand-01-10,rand,seed=0x5e6ea9bcc1c13832;cycles=7,112924,false,16695,0.037,12,4,2,0.033,12,4,false,0,0.000
rand-01-10,rand,seed=0x5e6ea9bcc1c13832;cycles=7,112924,false,16695,0.037,12,4,4,0.037,12,4,true,0,0.000
rand-01-10,rand,seed=0x5e6ea9bcc1c13832;cycles=7,112924,false,16695,0.037,12,4,8,0.034,12,4,true,0,0.000
rand-01-10,rand,seed=0x5e6ea9bcc1c13832;cycles=7,112924,false,16695,0.037,12,4,16,0.032,12,4,true,0,0.000
rand-01-10,rand,seed=0x5e6ea9bcc1c13832;cycles=7,112924,false,16695,0.037,12,4,32,0.030,12,4,true,0,0.000
rand-01-10,rand,seed=0x5e6ea9bcc1c13832;cycles=7,112924,false,16695,0.037,12,4,64,0.030,12,4,true,0,0.000
rand-01-10,rand,seed=0x5e6ea9bcc1c13832;cycles=7,112924,false,16695,0.037,12,4,128,0.029,12,4,true,0,0.000
rand-01-10,rand,seed=0x5e6ea9bcc1c13832;cycles=7,112924,false,16695,0.037,12,4,256,0.029,12,4,true,0,0.000
rand-01-10,rand,seed=0x5e6ea9bcc1c13832;cycles=7,112924,false,16695,0.037,12,4,512,0.029,12,4,true,0,0.000
rand-01-10,rand,seed=0x5e6ea9bcc1c13832;cycles=7,112924,false,16695,0.037,12,4,1024,0.029,12,4,true,0,0.000
rand-01-10,rand,seed=0x5e6ea9bcc1c13832;cycles=7,112924,false,16695,0.037,12,4,2048,0.029,12,4,true,0,0.000
rand-01-10,rand,seed=0x5e6ea9bcc1c13832;cycles=7,112924,false,16695,0.037,12,4,4096,0.029,12,4,true,0,0.000
rand-01-10,rand,seed=0x5e6ea9bcc1c13832;cycles=7,112924,false,16695,0.037,12,4,8192,0.028,12,4,true,0,0.000
rand-01-10,rand,seed=0x5e6ea9bcc1c13832;cycles=7,112924,false,16695,0.037,12,4,16384,0.029,12,4,true,0,0.000
xover-34,xover,d5w2c12,142663,false,93849,0.056,79,32,1,0.056,79,32,false,0,0.000
xover-34,xover,d5w2c12,142663,false,93849,0.056,79,32,2,0.056,79,32,false,0,0.000
xover-34,xover,d5w2c12,142663,false,93849,0.056,79,32,4,0.061,79,32,false,0,0.000
xover-34,xover,d5w2c12,142663,false,93849,0.056,79,32,8,0.071,79,32,false,0,0.000
xover-34,xover,d5w2c12,142663,false,93849,0.056,79,32,16,0.092,79,32,true,0,0.000
xover-34,xover,d5w2c12,142663,false,93849,0.056,79,32,32,0.089,79,32,true,0,0.000
xover-34,xover,d5w2c12,142663,false,93849,0.056,79,32,64,0.087,79,32,true,0,0.000
xover-34,xover,d5w2c12,142663,false,93849,0.056,79,32,128,0.087,79,32,true,0,0.000
xover-34,xover,d5w2c12,142663,false,93849,0.056,79,32,256,0.087,79,32,true,0,0.000
xover-34,xover,d5w2c12,142663,false,93849,0.056,79,32,512,0.087,79,32,true,0,0.000
xover-34,xover,d5w2c12,142663,false,93849,0.056,79,32,1024,0.086,79,32,true,0,0.000
xover-34,xover,d5w2c12,142663,false,93849,0.056,79,32,2048,0.086,79,32,true,0,0.000
xover-34,xover,d5w2c12,142663,false,93849,0.056,79,32,4096,0.086,79,32,true,0,0.000
xover-34,xover,d5w2c12,142663,false,93849,0.056,79,32,8192,0.085,79,32,true,0,0.000
xover-34,xover,d5w2c12,142663,false,93849,0.056,79,32,16384,0.086,79,32,true,0,0.000
dec-035,dec,d_b=5;m=2;gap=2;k=4;q=0;s=4,25,false,26,0.046,7,2,1,0.011,9,8,false,0,0.000
dec-035,dec,d_b=5;m=2;gap=2;k=4;q=0;s=4,25,false,26,0.046,7,2,2,0.014,9,8,false,0,0.000
dec-035,dec,d_b=5;m=2;gap=2;k=4;q=0;s=4,25,false,26,0.046,7,2,4,0.019,9,8,false,0,0.000
dec-035,dec,d_b=5;m=2;gap=2;k=4;q=0;s=4,25,false,26,0.046,7,2,8,0.034,9,8,false,0,0.000
dec-035,dec,d_b=5;m=2;gap=2;k=4;q=0;s=4,25,false,26,0.046,7,2,16,0.063,7,2,true,0,0.000
dec-035,dec,d_b=5;m=2;gap=2;k=4;q=0;s=4,25,false,26,0.046,7,2,32,0.061,7,2,true,0,0.000
dec-035,dec,d_b=5;m=2;gap=2;k=4;q=0;s=4,25,false,26,0.046,7,2,64,0.060,7,2,true,0,0.000
dec-035,dec,d_b=5;m=2;gap=2;k=4;q=0;s=4,25,false,26,0.046,7,2,128,0.075,7,2,true,0,0.000
dec-035,dec,d_b=5;m=2;gap=2;k=4;q=0;s=4,25,false,26,0.046,7,2,256,0.059,7,2,true,0,0.000
dec-035,dec,d_b=5;m=2;gap=2;k=4;q=0;s=4,25,false,26,0.046,7,2,512,0.062,7,2,true,0,0.000
dec-035,dec,d_b=5;m=2;gap=2;k=4;q=0;s=4,25,false,26,0.046,7,2,1024,0.056,7,2,true,0,0.000
dec-035,dec,d_b=5;m=2;gap=2;k=4;q=0;s=4,25,false,26,0.046,7,2,2048,0.071,7,2,true,0,0.000
dec-035,dec,d_b=5;m=2;gap=2;k=4;q=0;s=4,25,false,26,0.046,7,2,4096,0.058,7,2,true,0,0.000
dec-035,dec,d_b=5;m=2;gap=2;k=4;q=0;s=4,25,false,26,0.046,7,2,8192,0.064,7,2,true,0,0.000
dec-035,dec,d_b=5;m=2;gap=2;k=4;q=0;s=4,25,false,26,0.046,7,2,16384,0.056,7,2,true,0,0.000
wide-035,wide,d8w256;d_b=16;m=5;gap=2;k=4,524368,false,524378,143.898,82,2,1,79.930,85,68,false,0,0.000
wide-035,wide,d8w256;d_b=16;m=5;gap=2;k=4,524368,false,524378,143.898,82,2,2,79.184,85,68,false,0,0.000
wide-035,wide,d8w256;d_b=16;m=5;gap=2;k=4,524368,false,524378,143.898,82,2,4,80.554,85,68,false,0,0.000
wide-035,wide,d8w256;d_b=16;m=5;gap=2;k=4,524368,false,524378,143.898,82,2,8,83.112,85,68,false,0,0.000
wide-035,wide,d8w256;d_b=16;m=5;gap=2;k=4,524368,false,524378,143.898,82,2,16,87.621,85,68,false,0,0.000
wide-035,wide,d8w256;d_b=16;m=5;gap=2;k=4,524368,false,524378,143.898,82,2,32,96.526,85,68,false,0,0.000
wide-035,wide,d8w256;d_b=16;m=5;gap=2;k=4,524368,false,524378,143.898,82,2,64,113.036,85,68,false,0,0.000
wide-035,wide,d8w256;d_b=16;m=5;gap=2;k=4,524368,false,524378,143.898,82,2,128,149.219,85,68,false,0,0.000
wide-035,wide,d8w256;d_b=16;m=5;gap=2;k=4,524368,false,524378,143.898,82,2,256,218.723,85,68,false,0,0.000
wide-035,wide,d8w256;d_b=16;m=5;gap=2;k=4,524368,false,524378,143.898,82,2,512,359.984,85,68,false,0,0.000
wide-035,wide,d8w256;d_b=16;m=5;gap=2;k=4,524368,false,524378,143.898,82,2,1024,641.475,85,68,false,0,0.000
wide-035,wide,d8w256;d_b=16;m=5;gap=2;k=4,524368,false,524378,143.898,82,2,2048,1213.313,85,68,false,0,0.000
wide-035,wide,d8w256;d_b=16;m=5;gap=2;k=4,524368,false,524378,143.898,82,2,4096,2370.206,85,68,false,0,0.000
wide-035,wide,d8w256;d_b=16;m=5;gap=2;k=4,524368,false,524378,143.898,82,2,8192,5007.254,85,68,false,0,0.000
wide-035,wide,d8w256;d_b=16;m=5;gap=2;k=4,524368,false,524378,143.898,82,2,16384,10545.284,85,68,false,0,0.000
mixed-011-2,mixed,seed=0x2c8ca5bf7f45f92c;cycles=6;planted=3;d_b=16;m=5;gap=2;k=1,33,false,35,0.271,67,2,1,0.053,70,68,false,0,0.000
mixed-011-2,mixed,seed=0x2c8ca5bf7f45f92c;cycles=6;planted=3;d_b=16;m=5;gap=2;k=1,33,false,35,0.271,67,2,2,0.052,70,68,false,0,0.000
mixed-011-2,mixed,seed=0x2c8ca5bf7f45f92c;cycles=6;planted=3;d_b=16;m=5;gap=2;k=1,33,false,35,0.271,67,2,4,0.077,70,68,false,0,0.000
mixed-011-2,mixed,seed=0x2c8ca5bf7f45f92c;cycles=6;planted=3;d_b=16;m=5;gap=2;k=1,33,false,35,0.271,67,2,8,0.130,70,68,false,0,0.000
mixed-011-2,mixed,seed=0x2c8ca5bf7f45f92c;cycles=6;planted=3;d_b=16;m=5;gap=2;k=1,33,false,35,0.271,67,2,16,0.243,70,68,false,0,0.000
mixed-011-2,mixed,seed=0x2c8ca5bf7f45f92c;cycles=6;planted=3;d_b=16;m=5;gap=2;k=1,33,false,35,0.271,67,2,32,0.439,67,2,true,0,0.000
mixed-011-2,mixed,seed=0x2c8ca5bf7f45f92c;cycles=6;planted=3;d_b=16;m=5;gap=2;k=1,33,false,35,0.271,67,2,64,0.436,67,2,true,0,0.000
mixed-011-2,mixed,seed=0x2c8ca5bf7f45f92c;cycles=6;planted=3;d_b=16;m=5;gap=2;k=1,33,false,35,0.271,67,2,128,0.428,67,2,true,0,0.000
mixed-011-2,mixed,seed=0x2c8ca5bf7f45f92c;cycles=6;planted=3;d_b=16;m=5;gap=2;k=1,33,false,35,0.271,67,2,256,0.366,67,2,true,0,0.000
mixed-011-2,mixed,seed=0x2c8ca5bf7f45f92c;cycles=6;planted=3;d_b=16;m=5;gap=2;k=1,33,false,35,0.271,67,2,512,0.368,67,2,true,0,0.000
mixed-011-2,mixed,seed=0x2c8ca5bf7f45f92c;cycles=6;planted=3;d_b=16;m=5;gap=2;k=1,33,false,35,0.271,67,2,1024,0.364,67,2,true,0,0.000
mixed-011-2,mixed,seed=0x2c8ca5bf7f45f92c;cycles=6;planted=3;d_b=16;m=5;gap=2;k=1,33,false,35,0.271,67,2,2048,0.402,67,2,true,0,0.000
mixed-011-2,mixed,seed=0x2c8ca5bf7f45f92c;cycles=6;planted=3;d_b=16;m=5;gap=2;k=1,33,false,35,0.271,67,2,4096,0.361,67,2,true,0,0.000
mixed-011-2,mixed,seed=0x2c8ca5bf7f45f92c;cycles=6;planted=3;d_b=16;m=5;gap=2;k=1,33,false,35,0.271,67,2,8192,0.400,67,2,true,0,0.000
mixed-011-2,mixed,seed=0x2c8ca5bf7f45f92c;cycles=6;planted=3;d_b=16;m=5;gap=2;k=1,33,false,35,0.271,67,2,16384,0.359,67,2,true,0,0.000
rand-01-11,rand,seed=0x4e7a55603ef0cd7c;cycles=7,112926,false,16714,0.089,17,8,1,0.078,17,8,false,0,0.000
rand-01-11,rand,seed=0x4e7a55603ef0cd7c;cycles=7,112926,false,16714,0.089,17,8,2,0.103,17,8,false,0,0.000
rand-01-11,rand,seed=0x4e7a55603ef0cd7c;cycles=7,112926,false,16714,0.089,17,8,4,0.121,17,8,false,0,0.000
rand-01-11,rand,seed=0x4e7a55603ef0cd7c;cycles=7,112926,false,16714,0.089,17,8,8,0.188,17,8,true,0,0.000
rand-01-11,rand,seed=0x4e7a55603ef0cd7c;cycles=7,112926,false,16714,0.089,17,8,16,0.181,17,8,true,0,0.000
rand-01-11,rand,seed=0x4e7a55603ef0cd7c;cycles=7,112926,false,16714,0.089,17,8,32,0.174,17,8,true,0,0.000
rand-01-11,rand,seed=0x4e7a55603ef0cd7c;cycles=7,112926,false,16714,0.089,17,8,64,0.174,17,8,true,0,0.000
rand-01-11,rand,seed=0x4e7a55603ef0cd7c;cycles=7,112926,false,16714,0.089,17,8,128,0.170,17,8,true,0,0.000
rand-01-11,rand,seed=0x4e7a55603ef0cd7c;cycles=7,112926,false,16714,0.089,17,8,256,0.170,17,8,true,0,0.000
rand-01-11,rand,seed=0x4e7a55603ef0cd7c;cycles=7,112926,false,16714,0.089,17,8,512,0.169,17,8,true,0,0.000
rand-01-11,rand,seed=0x4e7a55603ef0cd7c;cycles=7,112926,false,16714,0.089,17,8,1024,0.170,17,8,true,0,0.000
rand-01-11,rand,seed=0x4e7a55603ef0cd7c;cycles=7,112926,false,16714,0.089,17,8,2048,0.168,17,8,true,0,0.000
rand-01-11,rand,seed=0x4e7a55603ef0cd7c;cycles=7,112926,false,16714,0.089,17,8,4096,0.168,17,8,true,0,0.000
rand-01-11,rand,seed=0x4e7a55603ef0cd7c;cycles=7,112926,false,16714,0.089,17,8,8192,0.170,17,8,true,0,0.000
rand-01-11,rand,seed=0x4e7a55603ef0cd7c;cycles=7,112926,false,16714,0.089,17,8,16384,0.168,17,8,true,0,0.000
xover-35,xover,d5w4c4,161,false,100,0.033,79,32,1,0.042,79,32,false,0,0.000
xover-35,xover,d5w4c4,161,false,100,0.033,79,32,2,0.044,79,32,false,0,0.000
xover-35,xover,d5w4c4,161,false,100,0.033,79,32,4,0.052,79,32,false,0,0.000
xover-35,xover,d5w4c4,161,false,100,0.033,79,32,8,0.064,79,32,true,0,0.000
xover-35,xover,d5w4c4,161,false,100,0.033,79,32,16,0.064,79,32,true,0,0.000
xover-35,xover,d5w4c4,161,false,100,0.033,79,32,32,0.061,79,32,true,0,0.000
xover-35,xover,d5w4c4,161,false,100,0.033,79,32,64,0.061,79,32,true,0,0.000
xover-35,xover,d5w4c4,161,false,100,0.033,79,32,128,0.060,79,32,true,0,0.000
xover-35,xover,d5w4c4,161,false,100,0.033,79,32,256,0.062,79,32,true,0,0.000
xover-35,xover,d5w4c4,161,false,100,0.033,79,32,512,0.060,79,32,true,0,0.000
xover-35,xover,d5w4c4,161,false,100,0.033,79,32,1024,0.060,79,32,true,0,0.000
xover-35,xover,d5w4c4,161,false,100,0.033,79,32,2048,0.059,79,32,true,0,0.000
xover-35,xover,d5w4c4,161,false,100,0.033,79,32,4096,0.061,79,32,true,0,0.000
xover-35,xover,d5w4c4,161,false,100,0.033,79,32,8192,0.060,79,32,true,0,0.000
xover-35,xover,d5w4c4,161,false,100,0.033,79,32,16384,0.060,79,32,true,0,0.000
dec-036,dec,d_b=5;m=2;gap=2;k=1;q=0;s=4,10,false,11,0.029,7,2,1,0.011,9,8,false,0,0.000
dec-036,dec,d_b=5;m=2;gap=2;k=1;q=0;s=4,10,false,11,0.029,7,2,2,0.018,9,8,false,0,0.000
dec-036,dec,d_b=5;m=2;gap=2;k=1;q=0;s=4,10,false,11,0.029,7,2,4,0.027,7,2,false,0,0.000
dec-036,dec,d_b=5;m=2;gap=2;k=1;q=0;s=4,10,false,11,0.029,7,2,8,0.045,7,2,false,0,0.000
dec-036,dec,d_b=5;m=2;gap=2;k=1;q=0;s=4,10,false,11,0.029,7,2,16,0.050,7,2,true,0,0.000
dec-036,dec,d_b=5;m=2;gap=2;k=1;q=0;s=4,10,false,11,0.029,7,2,32,0.049,7,2,true,0,0.000
dec-036,dec,d_b=5;m=2;gap=2;k=1;q=0;s=4,10,false,11,0.029,7,2,64,0.047,7,2,true,0,0.000
dec-036,dec,d_b=5;m=2;gap=2;k=1;q=0;s=4,10,false,11,0.029,7,2,128,0.057,7,2,true,0,0.000
dec-036,dec,d_b=5;m=2;gap=2;k=1;q=0;s=4,10,false,11,0.029,7,2,256,0.046,7,2,true,0,0.000
dec-036,dec,d_b=5;m=2;gap=2;k=1;q=0;s=4,10,false,11,0.029,7,2,512,0.050,7,2,true,0,0.000
dec-036,dec,d_b=5;m=2;gap=2;k=1;q=0;s=4,10,false,11,0.029,7,2,1024,0.045,7,2,true,0,0.000
dec-036,dec,d_b=5;m=2;gap=2;k=1;q=0;s=4,10,false,11,0.029,7,2,2048,0.047,7,2,true,0,0.000
dec-036,dec,d_b=5;m=2;gap=2;k=1;q=0;s=4,10,false,11,0.029,7,2,4096,0.045,7,2,true,0,0.000
dec-036,dec,d_b=5;m=2;gap=2;k=1;q=0;s=4,10,false,11,0.029,7,2,8192,0.046,7,2,true,0,0.000
dec-036,dec,d_b=5;m=2;gap=2;k=1;q=0;s=4,10,false,11,0.029,7,2,16384,0.044,7,2,true,0,0.000
wide-036,wide,d12w256;d_b=4;m=2;gap=1;k=1,786440,false,786453,311.668,30,2,1,147.269,31,6,false,0,0.000
wide-036,wide,d12w256;d_b=4;m=2;gap=1;k=1,786440,false,786453,311.668,30,2,2,150.970,31,6,false,0,0.000
wide-036,wide,d12w256;d_b=4;m=2;gap=1;k=1,786440,false,786453,311.668,30,2,4,154.920,31,6,false,0,0.000
wide-036,wide,d12w256;d_b=4;m=2;gap=1;k=1,786440,false,786453,311.668,30,2,8,161.049,31,6,false,0,0.000
wide-036,wide,d12w256;d_b=4;m=2;gap=1;k=1,786440,false,786453,311.668,30,2,16,153.207,31,6,false,0,0.000
wide-036,wide,d12w256;d_b=4;m=2;gap=1;k=1,786440,false,786453,311.668,30,2,32,149.706,31,6,false,0,0.000
wide-036,wide,d12w256;d_b=4;m=2;gap=1;k=1,786440,false,786453,311.668,30,2,64,172.527,31,6,false,0,0.000
wide-036,wide,d12w256;d_b=4;m=2;gap=1;k=1,786440,false,786453,311.668,30,2,128,210.432,31,6,false,0,0.000
wide-036,wide,d12w256;d_b=4;m=2;gap=1;k=1,786440,false,786453,311.668,30,2,256,291.276,31,6,false,0,0.000
wide-036,wide,d12w256;d_b=4;m=2;gap=1;k=1,786440,false,786453,311.668,30,2,512,452.398,31,6,false,0,0.000
wide-036,wide,d12w256;d_b=4;m=2;gap=1;k=1,786440,false,786453,311.668,30,2,1024,773.871,31,6,false,0,0.000
wide-036,wide,d12w256;d_b=4;m=2;gap=1;k=1,786440,false,786453,311.668,30,2,2048,1425.690,31,6,false,0,0.000
wide-036,wide,d12w256;d_b=4;m=2;gap=1;k=1,786440,false,786453,311.668,30,2,4096,2695.411,31,6,false,0,0.000
wide-036,wide,d12w256;d_b=4;m=2;gap=1;k=1,786440,false,786453,311.668,30,2,8192,4836.434,31,6,false,0,0.000
wide-036,wide,d12w256;d_b=4;m=2;gap=1;k=1,786440,false,786453,311.668,30,2,16384,9941.894,31,6,false,0,0.000
mixed-012-0,mixed,seed=0x711d0610236754f3;cycles=7;planted=1;d_b=4;m=2;gap=1;k=2,293855,false,40866,0.208,56,10,1,0.190,57,14,false,0,0.000
mixed-012-0,mixed,seed=0x711d0610236754f3;cycles=7;planted=1;d_b=4;m=2;gap=1;k=2,293855,false,40866,0.208,56,10,2,0.189,57,14,false,0,0.000
mixed-012-0,mixed,seed=0x711d0610236754f3;cycles=7;planted=1;d_b=4;m=2;gap=1;k=2,293855,false,40866,0.208,56,10,4,0.184,57,14,false,0,0.000
mixed-012-0,mixed,seed=0x711d0610236754f3;cycles=7;planted=1;d_b=4;m=2;gap=1;k=2,293855,false,40866,0.208,56,10,8,0.227,57,14,false,0,0.000
mixed-012-0,mixed,seed=0x711d0610236754f3;cycles=7;planted=1;d_b=4;m=2;gap=1;k=2,293855,false,40866,0.208,56,10,16,0.341,57,14,false,0,0.000
mixed-012-0,mixed,seed=0x711d0610236754f3;cycles=7;planted=1;d_b=4;m=2;gap=1;k=2,293855,false,40866,0.208,56,10,32,0.640,56,10,true,0,0.000
mixed-012-0,mixed,seed=0x711d0610236754f3;cycles=7;planted=1;d_b=4;m=2;gap=1;k=2,293855,false,40866,0.208,56,10,64,0.625,56,10,true,0,0.000
mixed-012-0,mixed,seed=0x711d0610236754f3;cycles=7;planted=1;d_b=4;m=2;gap=1;k=2,293855,false,40866,0.208,56,10,128,0.617,56,10,true,0,0.000
mixed-012-0,mixed,seed=0x711d0610236754f3;cycles=7;planted=1;d_b=4;m=2;gap=1;k=2,293855,false,40866,0.208,56,10,256,0.611,56,10,true,0,0.000
mixed-012-0,mixed,seed=0x711d0610236754f3;cycles=7;planted=1;d_b=4;m=2;gap=1;k=2,293855,false,40866,0.208,56,10,512,0.608,56,10,true,0,0.000
mixed-012-0,mixed,seed=0x711d0610236754f3;cycles=7;planted=1;d_b=4;m=2;gap=1;k=2,293855,false,40866,0.208,56,10,1024,0.602,56,10,true,0,0.000
mixed-012-0,mixed,seed=0x711d0610236754f3;cycles=7;planted=1;d_b=4;m=2;gap=1;k=2,293855,false,40866,0.208,56,10,2048,0.606,56,10,true,0,0.000
mixed-012-0,mixed,seed=0x711d0610236754f3;cycles=7;planted=1;d_b=4;m=2;gap=1;k=2,293855,false,40866,0.208,56,10,4096,0.601,56,10,true,0,0.000
mixed-012-0,mixed,seed=0x711d0610236754f3;cycles=7;planted=1;d_b=4;m=2;gap=1;k=2,293855,false,40866,0.208,56,10,8192,0.598,56,10,true,0,0.000
mixed-012-0,mixed,seed=0x711d0610236754f3;cycles=7;planted=1;d_b=4;m=2;gap=1;k=2,293855,false,40866,0.208,56,10,16384,0.601,56,10,true,0,0.000
rand-01-12,rand,seed=0x0a6548c074461e9b;cycles=7,112921,false,16690,0.023,5,4,1,0.020,5,4,true,0,0.000
rand-01-12,rand,seed=0x0a6548c074461e9b;cycles=7,112921,false,16690,0.023,5,4,2,0.020,5,4,true,0,0.000
rand-01-12,rand,seed=0x0a6548c074461e9b;cycles=7,112921,false,16690,0.023,5,4,4,0.018,5,4,true,0,0.000
rand-01-12,rand,seed=0x0a6548c074461e9b;cycles=7,112921,false,16690,0.023,5,4,8,0.017,5,4,true,0,0.000
rand-01-12,rand,seed=0x0a6548c074461e9b;cycles=7,112921,false,16690,0.023,5,4,16,0.016,5,4,true,0,0.000
rand-01-12,rand,seed=0x0a6548c074461e9b;cycles=7,112921,false,16690,0.023,5,4,32,0.016,5,4,true,0,0.000
rand-01-12,rand,seed=0x0a6548c074461e9b;cycles=7,112921,false,16690,0.023,5,4,64,0.016,5,4,true,0,0.000
rand-01-12,rand,seed=0x0a6548c074461e9b;cycles=7,112921,false,16690,0.023,5,4,128,0.016,5,4,true,0,0.000
rand-01-12,rand,seed=0x0a6548c074461e9b;cycles=7,112921,false,16690,0.023,5,4,256,0.015,5,4,true,0,0.000
rand-01-12,rand,seed=0x0a6548c074461e9b;cycles=7,112921,false,16690,0.023,5,4,512,0.015,5,4,true,0,0.000
rand-01-12,rand,seed=0x0a6548c074461e9b;cycles=7,112921,false,16690,0.023,5,4,1024,0.016,5,4,true,0,0.000
rand-01-12,rand,seed=0x0a6548c074461e9b;cycles=7,112921,false,16690,0.023,5,4,2048,0.016,5,4,true,0,0.000
rand-01-12,rand,seed=0x0a6548c074461e9b;cycles=7,112921,false,16690,0.023,5,4,4096,0.015,5,4,true,0,0.000
rand-01-12,rand,seed=0x0a6548c074461e9b;cycles=7,112921,false,16690,0.023,5,4,8192,0.015,5,4,true,0,0.000
rand-01-12,rand,seed=0x0a6548c074461e9b;cycles=7,112921,false,16690,0.023,5,4,16384,0.015,5,4,true,0,0.000
xover-36,xover,d5w4c6,15475,false,5322,0.063,79,32,1,0.056,79,32,false,0,0.000
xover-36,xover,d5w4c6,15475,false,5322,0.063,79,32,2,0.066,79,32,false,0,0.000
xover-36,xover,d5w4c6,15475,false,5322,0.063,79,32,4,0.071,79,32,false,0,0.000
xover-36,xover,d5w4c6,15475,false,5322,0.063,79,32,8,0.079,79,32,false,0,0.000
xover-36,xover,d5w4c6,15475,false,5322,0.063,79,32,16,0.101,79,32,true,0,0.000
xover-36,xover,d5w4c6,15475,false,5322,0.063,79,32,32,0.101,79,32,true,0,0.000
xover-36,xover,d5w4c6,15475,false,5322,0.063,79,32,64,0.101,79,32,true,0,0.000
xover-36,xover,d5w4c6,15475,false,5322,0.063,79,32,128,0.099,79,32,true,0,0.000
xover-36,xover,d5w4c6,15475,false,5322,0.063,79,32,256,0.096,79,32,true,0,0.000
xover-36,xover,d5w4c6,15475,false,5322,0.063,79,32,512,0.097,79,32,true,0,0.000
xover-36,xover,d5w4c6,15475,false,5322,0.063,79,32,1024,0.096,79,32,true,0,0.000
xover-36,xover,d5w4c6,15475,false,5322,0.063,79,32,2048,0.099,79,32,true,0,0.000
xover-36,xover,d5w4c6,15475,false,5322,0.063,79,32,4096,0.097,79,32,true,0,0.000
xover-36,xover,d5w4c6,15475,false,5322,0.063,79,32,8192,0.096,79,32,true,0,0.000
xover-36,xover,d5w4c6,15475,false,5322,0.063,79,32,16384,0.095,79,32,true,0,0.000
dec-037,dec,d_b=5;m=2;gap=2;k=2;q=0;s=4,15,false,16,0.031,7,2,1,0.010,9,8,false,0,0.000
dec-037,dec,d_b=5;m=2;gap=2;k=2;q=0;s=4,15,false,16,0.031,7,2,2,0.013,9,8,false,0,0.000
dec-037,dec,d_b=5;m=2;gap=2;k=2;q=0;s=4,15,false,16,0.031,7,2,4,0.019,9,8,false,0,0.000
dec-037,dec,d_b=5;m=2;gap=2;k=2;q=0;s=4,15,false,16,0.031,7,2,8,0.037,7,2,false,0,0.000
dec-037,dec,d_b=5;m=2;gap=2;k=2;q=0;s=4,15,false,16,0.031,7,2,16,0.047,7,2,true,0,0.000
dec-037,dec,d_b=5;m=2;gap=2;k=2;q=0;s=4,15,false,16,0.031,7,2,32,0.045,7,2,true,0,0.000
dec-037,dec,d_b=5;m=2;gap=2;k=2;q=0;s=4,15,false,16,0.031,7,2,64,0.044,7,2,true,0,0.000
dec-037,dec,d_b=5;m=2;gap=2;k=2;q=0;s=4,15,false,16,0.031,7,2,128,0.044,7,2,true,0,0.000
dec-037,dec,d_b=5;m=2;gap=2;k=2;q=0;s=4,15,false,16,0.031,7,2,256,0.043,7,2,true,0,0.000
dec-037,dec,d_b=5;m=2;gap=2;k=2;q=0;s=4,15,false,16,0.031,7,2,512,0.043,7,2,true,0,0.000
dec-037,dec,d_b=5;m=2;gap=2;k=2;q=0;s=4,15,false,16,0.031,7,2,1024,0.042,7,2,true,0,0.000
dec-037,dec,d_b=5;m=2;gap=2;k=2;q=0;s=4,15,false,16,0.031,7,2,2048,0.042,7,2,true,0,0.000
dec-037,dec,d_b=5;m=2;gap=2;k=2;q=0;s=4,15,false,16,0.031,7,2,4096,0.042,7,2,true,0,0.000
dec-037,dec,d_b=5;m=2;gap=2;k=2;q=0;s=4,15,false,16,0.031,7,2,8192,0.042,7,2,true,0,0.000
dec-037,dec,d_b=5;m=2;gap=2;k=2;q=0;s=4,15,false,16,0.031,7,2,16384,0.042,7,2,true,0,0.000
wide-037,wide,d12w256;d_b=8;m=2;gap=2;k=2,786456,false,786469,214.505,34,2,1,114.233,37,12,false,0,0.000
wide-037,wide,d12w256;d_b=8;m=2;gap=2;k=2,786456,false,786469,214.505,34,2,2,114.882,37,12,false,0,0.000
wide-037,wide,d12w256;d_b=8;m=2;gap=2;k=2,786456,false,786469,214.505,34,2,4,117.153,37,12,false,0,0.000
wide-037,wide,d12w256;d_b=8;m=2;gap=2;k=2,786456,false,786469,214.505,34,2,8,117.456,37,12,false,0,0.000
wide-037,wide,d12w256;d_b=8;m=2;gap=2;k=2,786456,false,786469,214.505,34,2,16,123.755,37,12,false,0,0.000
wide-037,wide,d12w256;d_b=8;m=2;gap=2;k=2,786456,false,786469,214.505,34,2,32,130.906,37,12,false,0,0.000
wide-037,wide,d12w256;d_b=8;m=2;gap=2;k=2,786456,false,786469,214.505,34,2,64,149.219,37,12,false,0,0.000
wide-037,wide,d12w256;d_b=8;m=2;gap=2;k=2,786456,false,786469,214.505,34,2,128,183.206,37,12,false,0,0.000
wide-037,wide,d12w256;d_b=8;m=2;gap=2;k=2,786456,false,786469,214.505,34,2,256,254.191,37,12,false,0,0.000
wide-037,wide,d12w256;d_b=8;m=2;gap=2;k=2,786456,false,786469,214.505,34,2,512,396.872,37,12,false,0,0.000
wide-037,wide,d12w256;d_b=8;m=2;gap=2;k=2,786456,false,786469,214.505,34,2,1024,678.749,37,12,false,0,0.000
wide-037,wide,d12w256;d_b=8;m=2;gap=2;k=2,786456,false,786469,214.505,34,2,2048,1249.070,37,12,false,0,0.000
wide-037,wide,d12w256;d_b=8;m=2;gap=2;k=2,786456,false,786469,214.505,34,2,4096,2408.881,37,12,false,0,0.000
wide-037,wide,d12w256;d_b=8;m=2;gap=2;k=2,786456,false,786469,214.505,34,2,8192,4807.009,37,12,false,0,0.000
wide-037,wide,d12w256;d_b=8;m=2;gap=2;k=2,786456,false,786469,214.505,34,2,16384,9896.484,37,12,false,0,0.000
mixed-012-1,mixed,seed=0xef2431cbb30c016c;cycles=7;planted=1;d_b=4;m=2;gap=1;k=2,211654,false,30226,0.097,14,6,1,0.080,15,10,false,0,0.000
mixed-012-1,mixed,seed=0xef2431cbb30c016c;cycles=7;planted=1;d_b=4;m=2;gap=1;k=2,211654,false,30226,0.097,14,6,2,0.079,15,10,false,0,0.000
mixed-012-1,mixed,seed=0xef2431cbb30c016c;cycles=7;planted=1;d_b=4;m=2;gap=1;k=2,211654,false,30226,0.097,14,6,4,0.078,15,10,false,0,0.000
mixed-012-1,mixed,seed=0xef2431cbb30c016c;cycles=7;planted=1;d_b=4;m=2;gap=1;k=2,211654,false,30226,0.097,14,6,8,0.122,14,6,false,0,0.000
mixed-012-1,mixed,seed=0xef2431cbb30c016c;cycles=7;planted=1;d_b=4;m=2;gap=1;k=2,211654,false,30226,0.097,14,6,16,0.138,14,6,true,0,0.000
mixed-012-1,mixed,seed=0xef2431cbb30c016c;cycles=7;planted=1;d_b=4;m=2;gap=1;k=2,211654,false,30226,0.097,14,6,32,0.136,14,6,true,0,0.000
mixed-012-1,mixed,seed=0xef2431cbb30c016c;cycles=7;planted=1;d_b=4;m=2;gap=1;k=2,211654,false,30226,0.097,14,6,64,0.131,14,6,true,0,0.000
mixed-012-1,mixed,seed=0xef2431cbb30c016c;cycles=7;planted=1;d_b=4;m=2;gap=1;k=2,211654,false,30226,0.097,14,6,128,0.133,14,6,true,0,0.000
mixed-012-1,mixed,seed=0xef2431cbb30c016c;cycles=7;planted=1;d_b=4;m=2;gap=1;k=2,211654,false,30226,0.097,14,6,256,0.127,14,6,true,0,0.000
mixed-012-1,mixed,seed=0xef2431cbb30c016c;cycles=7;planted=1;d_b=4;m=2;gap=1;k=2,211654,false,30226,0.097,14,6,512,0.128,14,6,true,0,0.000
mixed-012-1,mixed,seed=0xef2431cbb30c016c;cycles=7;planted=1;d_b=4;m=2;gap=1;k=2,211654,false,30226,0.097,14,6,1024,0.126,14,6,true,0,0.000
mixed-012-1,mixed,seed=0xef2431cbb30c016c;cycles=7;planted=1;d_b=4;m=2;gap=1;k=2,211654,false,30226,0.097,14,6,2048,0.127,14,6,true,0,0.000
mixed-012-1,mixed,seed=0xef2431cbb30c016c;cycles=7;planted=1;d_b=4;m=2;gap=1;k=2,211654,false,30226,0.097,14,6,4096,0.125,14,6,true,0,0.000
mixed-012-1,mixed,seed=0xef2431cbb30c016c;cycles=7;planted=1;d_b=4;m=2;gap=1;k=2,211654,false,30226,0.097,14,6,8192,0.127,14,6,true,0,0.000
mixed-012-1,mixed,seed=0xef2431cbb30c016c;cycles=7;planted=1;d_b=4;m=2;gap=1;k=2,211654,false,30226,0.097,14,6,16384,0.124,14,6,true,0,0.000
rand-01-13,rand,seed=0xeb446f8cbdcf303a;cycles=7,187556,false,26397,0.048,23,8,1,0.039,23,8,false,0,0.000
rand-01-13,rand,seed=0xeb446f8cbdcf303a;cycles=7,187556,false,26397,0.048,23,8,2,0.042,23,8,false,0,0.000
rand-01-13,rand,seed=0xeb446f8cbdcf303a;cycles=7,187556,false,26397,0.048,23,8,4,0.047,23,8,false,0,0.000
rand-01-13,rand,seed=0xeb446f8cbdcf303a;cycles=7,187556,false,26397,0.048,23,8,8,0.055,23,8,true,0,0.000
rand-01-13,rand,seed=0xeb446f8cbdcf303a;cycles=7,187556,false,26397,0.048,23,8,16,0.053,23,8,true,0,0.000
rand-01-13,rand,seed=0xeb446f8cbdcf303a;cycles=7,187556,false,26397,0.048,23,8,32,0.051,23,8,true,0,0.000
rand-01-13,rand,seed=0xeb446f8cbdcf303a;cycles=7,187556,false,26397,0.048,23,8,64,0.050,23,8,true,0,0.000
rand-01-13,rand,seed=0xeb446f8cbdcf303a;cycles=7,187556,false,26397,0.048,23,8,128,0.051,23,8,true,0,0.000
rand-01-13,rand,seed=0xeb446f8cbdcf303a;cycles=7,187556,false,26397,0.048,23,8,256,0.050,23,8,true,0,0.000
rand-01-13,rand,seed=0xeb446f8cbdcf303a;cycles=7,187556,false,26397,0.048,23,8,512,0.050,23,8,true,0,0.000
rand-01-13,rand,seed=0xeb446f8cbdcf303a;cycles=7,187556,false,26397,0.048,23,8,1024,0.050,23,8,true,0,0.000
rand-01-13,rand,seed=0xeb446f8cbdcf303a;cycles=7,187556,false,26397,0.048,23,8,2048,0.050,23,8,true,0,0.000
rand-01-13,rand,seed=0xeb446f8cbdcf303a;cycles=7,187556,false,26397,0.048,23,8,4096,0.055,23,8,true,0,0.000
rand-01-13,rand,seed=0xeb446f8cbdcf303a;cycles=7,187556,false,26397,0.048,23,8,8192,0.050,23,8,true,0,0.000
rand-01-13,rand,seed=0xeb446f8cbdcf303a;cycles=7,187556,false,26397,0.048,23,8,16384,0.049,23,8,true,0,0.000
xover-37,xover,d5w4c8,181112,false,64420,0.037,79,32,1,0.044,79,32,false,0,0.000
xover-37,xover,d5w4c8,181112,false,64420,0.037,79,32,2,0.046,79,32,false,0,0.000
xover-37,xover,d5w4c8,181112,false,64420,0.037,79,32,4,0.053,79,32,false,0,0.000
xover-37,xover,d5w4c8,181112,false,64420,0.037,79,32,8,0.069,79,32,true,0,0.000
xover-37,xover,d5w4c8,181112,false,64420,0.037,79,32,16,0.067,79,32,true,0,0.000
xover-37,xover,d5w4c8,181112,false,64420,0.037,79,32,32,0.068,79,32,true,0,0.000
xover-37,xover,d5w4c8,181112,false,64420,0.037,79,32,64,0.065,79,32,true,0,0.000
xover-37,xover,d5w4c8,181112,false,64420,0.037,79,32,128,0.067,79,32,true,0,0.000
xover-37,xover,d5w4c8,181112,false,64420,0.037,79,32,256,0.064,79,32,true,0,0.000
xover-37,xover,d5w4c8,181112,false,64420,0.037,79,32,512,0.066,79,32,true,0,0.000
xover-37,xover,d5w4c8,181112,false,64420,0.037,79,32,1024,0.064,79,32,true,0,0.000
xover-37,xover,d5w4c8,181112,false,64420,0.037,79,32,2048,0.064,79,32,true,0,0.000
xover-37,xover,d5w4c8,181112,false,64420,0.037,79,32,4096,0.064,79,32,true,0,0.000
xover-37,xover,d5w4c8,181112,false,64420,0.037,79,32,8192,0.066,79,32,true,0,0.000
xover-37,xover,d5w4c8,181112,false,64420,0.037,79,32,16384,0.065,79,32,true,0,0.000
dec-038,dec,d_b=5;m=2;gap=2;k=4;q=0;s=4,25,false,26,0.041,7,2,1,0.011,9,8,false,0,0.000
dec-038,dec,d_b=5;m=2;gap=2;k=4;q=0;s=4,25,false,26,0.041,7,2,2,0.014,9,8,false,0,0.000
dec-038,dec,d_b=5;m=2;gap=2;k=4;q=0;s=4,25,false,26,0.041,7,2,4,0.019,9,8,false,0,0.000
dec-038,dec,d_b=5;m=2;gap=2;k=4;q=0;s=4,25,false,26,0.041,7,2,8,0.033,9,8,false,0,0.000
dec-038,dec,d_b=5;m=2;gap=2;k=4;q=0;s=4,25,false,26,0.041,7,2,16,0.064,7,2,true,0,0.000
dec-038,dec,d_b=5;m=2;gap=2;k=4;q=0;s=4,25,false,26,0.041,7,2,32,0.061,7,2,true,0,0.000
dec-038,dec,d_b=5;m=2;gap=2;k=4;q=0;s=4,25,false,26,0.041,7,2,64,0.058,7,2,true,0,0.000
dec-038,dec,d_b=5;m=2;gap=2;k=4;q=0;s=4,25,false,26,0.041,7,2,128,0.058,7,2,true,0,0.000
dec-038,dec,d_b=5;m=2;gap=2;k=4;q=0;s=4,25,false,26,0.041,7,2,256,0.061,7,2,true,0,0.000
dec-038,dec,d_b=5;m=2;gap=2;k=4;q=0;s=4,25,false,26,0.041,7,2,512,0.056,7,2,true,0,0.000
dec-038,dec,d_b=5;m=2;gap=2;k=4;q=0;s=4,25,false,26,0.041,7,2,1024,0.056,7,2,true,0,0.000
dec-038,dec,d_b=5;m=2;gap=2;k=4;q=0;s=4,25,false,26,0.041,7,2,2048,0.055,7,2,true,0,0.000
dec-038,dec,d_b=5;m=2;gap=2;k=4;q=0;s=4,25,false,26,0.041,7,2,4096,0.056,7,2,true,0,0.000
dec-038,dec,d_b=5;m=2;gap=2;k=4;q=0;s=4,25,false,26,0.041,7,2,8192,0.055,7,2,true,0,0.000
dec-038,dec,d_b=5;m=2;gap=2;k=4;q=0;s=4,25,false,26,0.041,7,2,16384,0.056,7,2,true,0,0.000
wide-038,wide,d12w256;d_b=12;m=3;gap=6;k=2,786468,false,786482,215.326,50,2,1,114.579,57,32,false,0,0.000
wide-038,wide,d12w256;d_b=12;m=3;gap=6;k=2,786468,false,786482,215.326,50,2,2,114.561,57,32,false,0,0.000
wide-038,wide,d12w256;d_b=12;m=3;gap=6;k=2,786468,false,786482,215.326,50,2,4,115.180,57,32,false,0,0.000
wide-038,wide,d12w256;d_b=12;m=3;gap=6;k=2,786468,false,786482,215.326,50,2,8,117.399,57,32,false,0,0.000
wide-038,wide,d12w256;d_b=12;m=3;gap=6;k=2,786468,false,786482,215.326,50,2,16,122.887,57,32,false,0,0.000
wide-038,wide,d12w256;d_b=12;m=3;gap=6;k=2,786468,false,786482,215.326,50,2,32,131.812,57,32,false,0,0.000
wide-038,wide,d12w256;d_b=12;m=3;gap=6;k=2,786468,false,786482,215.326,50,2,64,148.517,57,32,false,0,0.000
wide-038,wide,d12w256;d_b=12;m=3;gap=6;k=2,786468,false,786482,215.326,50,2,128,183.701,57,32,false,0,0.000
wide-038,wide,d12w256;d_b=12;m=3;gap=6;k=2,786468,false,786482,215.326,50,2,256,254.149,57,32,false,0,0.000
wide-038,wide,d12w256;d_b=12;m=3;gap=6;k=2,786468,false,786482,215.326,50,2,512,393.199,57,32,false,0,0.000
wide-038,wide,d12w256;d_b=12;m=3;gap=6;k=2,786468,false,786482,215.326,50,2,1024,677.494,57,32,false,0,0.000
wide-038,wide,d12w256;d_b=12;m=3;gap=6;k=2,786468,false,786482,215.326,50,2,2048,1246.263,57,32,false,0,0.000
wide-038,wide,d12w256;d_b=12;m=3;gap=6;k=2,786468,false,786482,215.326,50,2,4096,2403.035,57,32,false,0,0.000
wide-038,wide,d12w256;d_b=12;m=3;gap=6;k=2,786468,false,786482,215.326,50,2,8192,6104.425,57,32,false,0,0.000
wide-038,wide,d12w256;d_b=12;m=3;gap=6;k=2,786468,false,786482,215.326,50,2,16384,10351.144,57,32,false,0,0.000
mixed-012-2,mixed,seed=0x9b17b1a8dd457987;cycles=7;planted=1;d_b=4;m=2;gap=1;k=2,187569,false,26425,0.126,28,10,1,0.102,29,14,false,0,0.000
mixed-012-2,mixed,seed=0x9b17b1a8dd457987;cycles=7;planted=1;d_b=4;m=2;gap=1;k=2,187569,false,26425,0.126,28,10,2,0.101,29,14,false,0,0.000
mixed-012-2,mixed,seed=0x9b17b1a8dd457987;cycles=7;planted=1;d_b=4;m=2;gap=1;k=2,187569,false,26425,0.126,28,10,4,0.102,29,14,false,0,0.000
mixed-012-2,mixed,seed=0x9b17b1a8dd457987;cycles=7;planted=1;d_b=4;m=2;gap=1;k=2,187569,false,26425,0.126,28,10,8,0.154,29,14,false,0,0.000
mixed-012-2,mixed,seed=0x9b17b1a8dd457987;cycles=7;planted=1;d_b=4;m=2;gap=1;k=2,187569,false,26425,0.126,28,10,16,0.262,28,10,true,0,0.000
mixed-012-2,mixed,seed=0x9b17b1a8dd457987;cycles=7;planted=1;d_b=4;m=2;gap=1;k=2,187569,false,26425,0.126,28,10,32,0.259,28,10,true,0,0.000
mixed-012-2,mixed,seed=0x9b17b1a8dd457987;cycles=7;planted=1;d_b=4;m=2;gap=1;k=2,187569,false,26425,0.126,28,10,64,0.245,28,10,true,0,0.000
mixed-012-2,mixed,seed=0x9b17b1a8dd457987;cycles=7;planted=1;d_b=4;m=2;gap=1;k=2,187569,false,26425,0.126,28,10,128,0.247,28,10,true,0,0.000
mixed-012-2,mixed,seed=0x9b17b1a8dd457987;cycles=7;planted=1;d_b=4;m=2;gap=1;k=2,187569,false,26425,0.126,28,10,256,0.239,28,10,true,0,0.000
mixed-012-2,mixed,seed=0x9b17b1a8dd457987;cycles=7;planted=1;d_b=4;m=2;gap=1;k=2,187569,false,26425,0.126,28,10,512,0.241,28,10,true,0,0.000
mixed-012-2,mixed,seed=0x9b17b1a8dd457987;cycles=7;planted=1;d_b=4;m=2;gap=1;k=2,187569,false,26425,0.126,28,10,1024,0.239,28,10,true,0,0.000
mixed-012-2,mixed,seed=0x9b17b1a8dd457987;cycles=7;planted=1;d_b=4;m=2;gap=1;k=2,187569,false,26425,0.126,28,10,2048,0.237,28,10,true,0,0.000
mixed-012-2,mixed,seed=0x9b17b1a8dd457987;cycles=7;planted=1;d_b=4;m=2;gap=1;k=2,187569,false,26425,0.126,28,10,4096,0.236,28,10,true,0,0.000
mixed-012-2,mixed,seed=0x9b17b1a8dd457987;cycles=7;planted=1;d_b=4;m=2;gap=1;k=2,187569,false,26425,0.126,28,10,8192,0.237,28,10,true,0,0.000
mixed-012-2,mixed,seed=0x9b17b1a8dd457987;cycles=7;planted=1;d_b=4;m=2;gap=1;k=2,187569,false,26425,0.126,28,10,16384,0.237,28,10,true,0,0.000
rand-01-14,rand,seed=0xdadf5dece2fb1ff0;cycles=7,112928,false,16714,0.058,24,4,1,0.061,24,4,false,0,0.000
rand-01-14,rand,seed=0xdadf5dece2fb1ff0;cycles=7,112928,false,16714,0.058,24,4,2,0.066,24,4,false,0,0.000
rand-01-14,rand,seed=0xdadf5dece2fb1ff0;cycles=7,112928,false,16714,0.058,24,4,4,0.104,24,4,false,0,0.000
rand-01-14,rand,seed=0xdadf5dece2fb1ff0;cycles=7,112928,false,16714,0.058,24,4,8,0.140,24,4,true,0,0.000
rand-01-14,rand,seed=0xdadf5dece2fb1ff0;cycles=7,112928,false,16714,0.058,24,4,16,0.127,24,4,true,0,0.000
rand-01-14,rand,seed=0xdadf5dece2fb1ff0;cycles=7,112928,false,16714,0.058,24,4,32,0.138,24,4,true,0,0.000
rand-01-14,rand,seed=0xdadf5dece2fb1ff0;cycles=7,112928,false,16714,0.058,24,4,64,0.126,24,4,true,0,0.000
rand-01-14,rand,seed=0xdadf5dece2fb1ff0;cycles=7,112928,false,16714,0.058,24,4,128,0.121,24,4,true,0,0.000
rand-01-14,rand,seed=0xdadf5dece2fb1ff0;cycles=7,112928,false,16714,0.058,24,4,256,0.130,24,4,true,0,0.000
rand-01-14,rand,seed=0xdadf5dece2fb1ff0;cycles=7,112928,false,16714,0.058,24,4,512,0.118,24,4,true,0,0.000
rand-01-14,rand,seed=0xdadf5dece2fb1ff0;cycles=7,112928,false,16714,0.058,24,4,1024,0.118,24,4,true,0,0.000
rand-01-14,rand,seed=0xdadf5dece2fb1ff0;cycles=7,112928,false,16714,0.058,24,4,2048,0.120,24,4,true,0,0.000
rand-01-14,rand,seed=0xdadf5dece2fb1ff0;cycles=7,112928,false,16714,0.058,24,4,4096,0.116,24,4,true,0,0.000
rand-01-14,rand,seed=0xdadf5dece2fb1ff0;cycles=7,112928,false,16714,0.058,24,4,8192,0.118,24,4,true,0,0.000
rand-01-14,rand,seed=0xdadf5dece2fb1ff0;cycles=7,112928,false,16714,0.058,24,4,16384,0.117,24,4,true,0,0.000
xover-38,xover,d5w4c10,6649898,false,2068975,0.074,79,32,1,0.099,79,32,false,0,0.000
xover-38,xover,d5w4c10,6649898,false,2068975,0.074,79,32,2,0.085,79,32,false,0,0.000
xover-38,xover,d5w4c10,6649898,false,2068975,0.074,79,32,4,0.094,79,32,false,0,0.000
xover-38,xover,d5w4c10,6649898,false,2068975,0.074,79,32,8,0.098,79,32,false,0,0.000
xover-38,xover,d5w4c10,6649898,false,2068975,0.074,79,32,16,0.121,79,32,false,0,0.000
xover-38,xover,d5w4c10,6649898,false,2068975,0.074,79,32,32,0.132,79,32,true,0,0.000
xover-38,xover,d5w4c10,6649898,false,2068975,0.074,79,32,64,0.130,79,32,true,0,0.000
xover-38,xover,d5w4c10,6649898,false,2068975,0.074,79,32,128,0.129,79,32,true,0,0.000
xover-38,xover,d5w4c10,6649898,false,2068975,0.074,79,32,256,0.127,79,32,true,0,0.000
xover-38,xover,d5w4c10,6649898,false,2068975,0.074,79,32,512,0.126,79,32,true,0,0.000
xover-38,xover,d5w4c10,6649898,false,2068975,0.074,79,32,1024,0.125,79,32,true,0,0.000
xover-38,xover,d5w4c10,6649898,false,2068975,0.074,79,32,2048,0.123,79,32,true,0,0.000
xover-38,xover,d5w4c10,6649898,false,2068975,0.074,79,32,4096,0.125,79,32,true,0,0.000
xover-38,xover,d5w4c10,6649898,false,2068975,0.074,79,32,8192,0.124,79,32,true,0,0.000
xover-38,xover,d5w4c10,6649898,false,2068975,0.074,79,32,16384,0.122,79,32,true,0,0.000
dec-039,dec,d_b=5;m=3;gap=1;k=1;q=1;s=6,10,false,12,0.040,12,2,1,0.011,13,12,false,0,0.000
dec-039,dec,d_b=5;m=3;gap=1;k=1;q=1;s=6,10,false,12,0.040,12,2,2,0.019,13,12,false,0,0.000
dec-039,dec,d_b=5;m=3;gap=1;k=1;q=1;s=6,10,false,12,0.040,12,2,4,0.027,12,2,false,0,0.000
dec-039,dec,d_b=5;m=3;gap=1;k=1;q=1;s=6,10,false,12,0.040,12,2,8,0.041,12,2,false,0,0.000
dec-039,dec,d_b=5;m=3;gap=1;k=1;q=1;s=6,10,false,12,0.040,12,2,16,0.045,12,2,true,0,0.000
dec-039,dec,d_b=5;m=3;gap=1;k=1;q=1;s=6,10,false,12,0.040,12,2,32,0.044,12,2,true,0,0.000
dec-039,dec,d_b=5;m=3;gap=1;k=1;q=1;s=6,10,false,12,0.040,12,2,64,0.043,12,2,true,0,0.000
dec-039,dec,d_b=5;m=3;gap=1;k=1;q=1;s=6,10,false,12,0.040,12,2,128,0.042,12,2,true,0,0.000
dec-039,dec,d_b=5;m=3;gap=1;k=1;q=1;s=6,10,false,12,0.040,12,2,256,0.041,12,2,true,0,0.000
dec-039,dec,d_b=5;m=3;gap=1;k=1;q=1;s=6,10,false,12,0.040,12,2,512,0.041,12,2,true,0,0.000
dec-039,dec,d_b=5;m=3;gap=1;k=1;q=1;s=6,10,false,12,0.040,12,2,1024,0.041,12,2,true,0,0.000
dec-039,dec,d_b=5;m=3;gap=1;k=1;q=1;s=6,10,false,12,0.040,12,2,2048,0.042,12,2,true,0,0.000
dec-039,dec,d_b=5;m=3;gap=1;k=1;q=1;s=6,10,false,12,0.040,12,2,4096,0.055,12,2,true,0,0.000
dec-039,dec,d_b=5;m=3;gap=1;k=1;q=1;s=6,10,false,12,0.040,12,2,8192,0.041,12,2,true,0,0.000
dec-039,dec,d_b=5;m=3;gap=1;k=1;q=1;s=6,10,false,12,0.040,12,2,16384,0.046,12,2,true,0,0.000
wide-039,wide,d12w256;d_b=16;m=5;gap=2;k=4,786512,false,786526,215.375,90,2,1,116.107,93,68,false,0,0.000
wide-039,wide,d12w256;d_b=16;m=5;gap=2;k=4,786512,false,786526,215.375,90,2,2,114.788,93,68,false,0,0.000
wide-039,wide,d12w256;d_b=16;m=5;gap=2;k=4,786512,false,786526,215.375,90,2,4,116.772,93,68,false,0,0.000
wide-039,wide,d12w256;d_b=16;m=5;gap=2;k=4,786512,false,786526,215.375,90,2,8,118.697,93,68,false,0,0.000
wide-039,wide,d12w256;d_b=16;m=5;gap=2;k=4,786512,false,786526,215.375,90,2,16,125.611,93,68,false,0,0.000
wide-039,wide,d12w256;d_b=16;m=5;gap=2;k=4,786512,false,786526,215.375,90,2,32,132.190,93,68,false,0,0.000
wide-039,wide,d12w256;d_b=16;m=5;gap=2;k=4,786512,false,786526,215.375,90,2,64,149.985,93,68,false,0,0.000
wide-039,wide,d12w256;d_b=16;m=5;gap=2;k=4,786512,false,786526,215.375,90,2,128,184.880,93,68,false,0,0.000
wide-039,wide,d12w256;d_b=16;m=5;gap=2;k=4,786512,false,786526,215.375,90,2,256,256.057,93,68,false,0,0.000
wide-039,wide,d12w256;d_b=16;m=5;gap=2;k=4,786512,false,786526,215.375,90,2,512,397.331,93,68,false,0,0.000
wide-039,wide,d12w256;d_b=16;m=5;gap=2;k=4,786512,false,786526,215.375,90,2,1024,676.715,93,68,false,0,0.000
wide-039,wide,d12w256;d_b=16;m=5;gap=2;k=4,786512,false,786526,215.375,90,2,2048,1250.146,93,68,false,0,0.000
wide-039,wide,d12w256;d_b=16;m=5;gap=2;k=4,786512,false,786526,215.375,90,2,4096,2410.254,93,68,false,0,0.000
wide-039,wide,d12w256;d_b=16;m=5;gap=2;k=4,786512,false,786526,215.375,90,2,8192,4820.708,93,68,false,0,0.000
wide-039,wide,d12w256;d_b=16;m=5;gap=2;k=4,786512,false,786526,215.375,90,2,16384,9987.639,93,68,false,0,0.000
mixed-013-0,mixed,seed=0xf8fe6c22d3df3f14;cycles=7;planted=1;d_b=8;m=3;gap=2;k=2,112947,false,16733,0.151,32,6,1,0.095,35,24,false,0,0.000
mixed-013-0,mixed,seed=0xf8fe6c22d3df3f14;cycles=7;planted=1;d_b=8;m=3;gap=2;k=2,112947,false,16733,0.151,32,6,2,0.086,35,24,false,0,0.000
mixed-013-0,mixed,seed=0xf8fe6c22d3df3f14;cycles=7;planted=1;d_b=8;m=3;gap=2;k=2,112947,false,16733,0.151,32,6,4,0.116,35,24,false,0,0.000
mixed-013-0,mixed,seed=0xf8fe6c22d3df3f14;cycles=7;planted=1;d_b=8;m=3;gap=2;k=2,112947,false,16733,0.151,32,6,8,0.148,35,24,false,0,0.000
mixed-013-0,mixed,seed=0xf8fe6c22d3df3f14;cycles=7;planted=1;d_b=8;m=3;gap=2;k=2,112947,false,16733,0.151,32,6,16,0.256,32,6,false,0,0.000
mixed-013-0,mixed,seed=0xf8fe6c22d3df3f14;cycles=7;planted=1;d_b=8;m=3;gap=2;k=2,112947,false,16733,0.151,32,6,32,0.314,32,6,true,0,0.000
mixed-013-0,mixed,seed=0xf8fe6c22d3df3f14;cycles=7;planted=1;d_b=8;m=3;gap=2;k=2,112947,false,16733,0.151,32,6,64,0.315,32,6,true,0,0.000
mixed-013-0,mixed,seed=0xf8fe6c22d3df3f14;cycles=7;planted=1;d_b=8;m=3;gap=2;k=2,112947,false,16733,0.151,32,6,128,0.304,32,6,true,0,0.000
mixed-013-0,mixed,seed=0xf8fe6c22d3df3f14;cycles=7;planted=1;d_b=8;m=3;gap=2;k=2,112947,false,16733,0.151,32,6,256,0.301,32,6,true,0,0.000
mixed-013-0,mixed,seed=0xf8fe6c22d3df3f14;cycles=7;planted=1;d_b=8;m=3;gap=2;k=2,112947,false,16733,0.151,32,6,512,0.300,32,6,true,0,0.000
mixed-013-0,mixed,seed=0xf8fe6c22d3df3f14;cycles=7;planted=1;d_b=8;m=3;gap=2;k=2,112947,false,16733,0.151,32,6,1024,0.298,32,6,true,0,0.000
mixed-013-0,mixed,seed=0xf8fe6c22d3df3f14;cycles=7;planted=1;d_b=8;m=3;gap=2;k=2,112947,false,16733,0.151,32,6,2048,0.299,32,6,true,0,0.000
mixed-013-0,mixed,seed=0xf8fe6c22d3df3f14;cycles=7;planted=1;d_b=8;m=3;gap=2;k=2,112947,false,16733,0.151,32,6,4096,0.301,32,6,true,0,0.000
mixed-013-0,mixed,seed=0xf8fe6c22d3df3f14;cycles=7;planted=1;d_b=8;m=3;gap=2;k=2,112947,false,16733,0.151,32,6,8192,0.296,32,6,true,0,0.000
mixed-013-0,mixed,seed=0xf8fe6c22d3df3f14;cycles=7;planted=1;d_b=8;m=3;gap=2;k=2,112947,false,16733,0.151,32,6,16384,0.291,32,6,true,0,0.000
rand-01-15,rand,seed=0xed4888e6822f9dbd;cycles=7,187553,false,26452,0.107,28,8,1,0.118,28,8,false,0,0.000
rand-01-15,rand,seed=0xed4888e6822f9dbd;cycles=7,187553,false,26452,0.107,28,8,2,0.176,28,8,false,0,0.000
rand-01-15,rand,seed=0xed4888e6822f9dbd;cycles=7,187553,false,26452,0.107,28,8,4,0.208,28,8,true,0,0.000
rand-01-15,rand,seed=0xed4888e6822f9dbd;cycles=7,187553,false,26452,0.107,28,8,8,0.198,28,8,true,0,0.000
rand-01-15,rand,seed=0xed4888e6822f9dbd;cycles=7,187553,false,26452,0.107,28,8,16,0.195,28,8,true,0,0.000
rand-01-15,rand,seed=0xed4888e6822f9dbd;cycles=7,187553,false,26452,0.107,28,8,32,0.191,28,8,true,0,0.000
rand-01-15,rand,seed=0xed4888e6822f9dbd;cycles=7,187553,false,26452,0.107,28,8,64,0.191,28,8,true,0,0.000
rand-01-15,rand,seed=0xed4888e6822f9dbd;cycles=7,187553,false,26452,0.107,28,8,128,0.188,28,8,true,0,0.000
rand-01-15,rand,seed=0xed4888e6822f9dbd;cycles=7,187553,false,26452,0.107,28,8,256,0.191,28,8,true,0,0.000
rand-01-15,rand,seed=0xed4888e6822f9dbd;cycles=7,187553,false,26452,0.107,28,8,512,0.186,28,8,true,0,0.000
rand-01-15,rand,seed=0xed4888e6822f9dbd;cycles=7,187553,false,26452,0.107,28,8,1024,0.189,28,8,true,0,0.000
rand-01-15,rand,seed=0xed4888e6822f9dbd;cycles=7,187553,false,26452,0.107,28,8,2048,0.187,28,8,true,0,0.000
rand-01-15,rand,seed=0xed4888e6822f9dbd;cycles=7,187553,false,26452,0.107,28,8,4096,0.188,28,8,true,0,0.000
rand-01-15,rand,seed=0xed4888e6822f9dbd;cycles=7,187553,false,26452,0.107,28,8,8192,0.185,28,8,true,0,0.000
rand-01-15,rand,seed=0xed4888e6822f9dbd;cycles=7,187553,false,26452,0.107,28,8,16384,0.189,28,8,true,0,0.000
xover-39,xover,d5w4c12,10934888,true,4000000,0.063,79,32,1,0.077,79,32,false,0,0.000
xover-39,xover,d5w4c12,10934888,true,4000000,0.063,79,32,2,0.074,79,32,false,0,0.000
xover-39,xover,d5w4c12,10934888,true,4000000,0.063,79,32,4,0.075,79,32,false,0,0.000
xover-39,xover,d5w4c12,10934888,true,4000000,0.063,79,32,8,0.084,79,32,false,0,0.000
xover-39,xover,d5w4c12,10934888,true,4000000,0.063,79,32,16,0.105,79,32,true,0,0.000
xover-39,xover,d5w4c12,10934888,true,4000000,0.063,79,32,32,0.103,79,32,true,0,0.000
xover-39,xover,d5w4c12,10934888,true,4000000,0.063,79,32,64,0.101,79,32,true,0,0.000
xover-39,xover,d5w4c12,10934888,true,4000000,0.063,79,32,128,0.099,79,32,true,0,0.000
xover-39,xover,d5w4c12,10934888,true,4000000,0.063,79,32,256,0.098,79,32,true,0,0.000
xover-39,xover,d5w4c12,10934888,true,4000000,0.063,79,32,512,0.099,79,32,true,0,0.000
xover-39,xover,d5w4c12,10934888,true,4000000,0.063,79,32,1024,0.099,79,32,true,0,0.000
xover-39,xover,d5w4c12,10934888,true,4000000,0.063,79,32,2048,0.097,79,32,true,0,0.000
xover-39,xover,d5w4c12,10934888,true,4000000,0.063,79,32,4096,0.098,79,32,true,0,0.000
xover-39,xover,d5w4c12,10934888,true,4000000,0.063,79,32,8192,0.098,79,32,true,0,0.000
xover-39,xover,d5w4c12,10934888,true,4000000,0.063,79,32,16384,0.097,79,32,true,0,0.000
dec-040,dec,d_b=5;m=3;gap=1;k=2;q=1;s=6,15,false,17,0.055,12,2,1,0.011,13,12,false,0,0.000
dec-040,dec,d_b=5;m=3;gap=1;k=2;q=1;s=6,15,false,17,0.055,12,2,2,0.016,13,12,false,0,0.000
dec-040,dec,d_b=5;m=3;gap=1;k=2;q=1;s=6,15,false,17,0.055,12,2,4,0.024,13,12,false,0,0.000
dec-040,dec,d_b=5;m=3;gap=1;k=2;q=1;s=6,15,false,17,0.055,12,2,8,0.042,12,2,false,0,0.000
dec-040,dec,d_b=5;m=3;gap=1;k=2;q=1;s=6,15,false,17,0.055,12,2,16,0.060,12,2,true,0,0.000
dec-040,dec,d_b=5;m=3;gap=1;k=2;q=1;s=6,15,false,17,0.055,12,2,32,0.057,12,2,true,0,0.000
dec-040,dec,d_b=5;m=3;gap=1;k=2;q=1;s=6,15,false,17,0.055,12,2,64,0.055,12,2,true,0,0.000
dec-040,dec,d_b=5;m=3;gap=1;k=2;q=1;s=6,15,false,17,0.055,12,2,128,0.055,12,2,true,0,0.000
dec-040,dec,d_b=5;m=3;gap=1;k=2;q=1;s=6,15,false,17,0.055,12,2,256,0.053,12,2,true,0,0.000
dec-040,dec,d_b=5;m=3;gap=1;k=2;q=1;s=6,15,false,17,0.055,12,2,512,0.054,12,2,true,0,0.000
dec-040,dec,d_b=5;m=3;gap=1;k=2;q=1;s=6,15,false,17,0.055,12,2,1024,0.052,12,2,true,0,0.000
dec-040,dec,d_b=5;m=3;gap=1;k=2;q=1;s=6,15,false,17,0.055,12,2,2048,0.053,12,2,true,0,0.000
dec-040,dec,d_b=5;m=3;gap=1;k=2;q=1;s=6,15,false,17,0.055,12,2,4096,0.051,12,2,true,0,0.000
dec-040,dec,d_b=5;m=3;gap=1;k=2;q=1;s=6,15,false,17,0.055,12,2,8192,0.053,12,2,true,0,0.000
dec-040,dec,d_b=5;m=3;gap=1;k=2;q=1;s=6,15,false,17,0.055,12,2,16384,0.052,12,2,true,0,0.000
mixed-013-1,mixed,seed=0x31832866b6e28fc8;cycles=7;planted=1;d_b=8;m=3;gap=2;k=2,112961,false,16822,0.201,55,10,1,0.212,58,28,false,0,0.000
mixed-013-1,mixed,seed=0x31832866b6e28fc8;cycles=7;planted=1;d_b=8;m=3;gap=2;k=2,112961,false,16822,0.201,55,10,2,0.201,58,28,false,0,0.000
mixed-013-1,mixed,seed=0x31832866b6e28fc8;cycles=7;planted=1;d_b=8;m=3;gap=2;k=2,112961,false,16822,0.201,55,10,4,0.257,58,28,false,0,0.000
mixed-013-1,mixed,seed=0x31832866b6e28fc8;cycles=7;planted=1;d_b=8;m=3;gap=2;k=2,112961,false,16822,0.201,55,10,8,0.330,58,28,false,0,0.000
mixed-013-1,mixed,seed=0x31832866b6e28fc8;cycles=7;planted=1;d_b=8;m=3;gap=2;k=2,112961,false,16822,0.201,55,10,16,0.538,58,28,false,0,0.000
mixed-013-1,mixed,seed=0x31832866b6e28fc8;cycles=7;planted=1;d_b=8;m=3;gap=2;k=2,112961,false,16822,0.201,55,10,32,1.001,55,10,false,0,0.000
mixed-013-1,mixed,seed=0x31832866b6e28fc8;cycles=7;planted=1;d_b=8;m=3;gap=2;k=2,112961,false,16822,0.201,55,10,64,1.151,55,10,true,0,0.000
mixed-013-1,mixed,seed=0x31832866b6e28fc8;cycles=7;planted=1;d_b=8;m=3;gap=2;k=2,112961,false,16822,0.201,55,10,128,1.155,55,10,true,0,0.000
mixed-013-1,mixed,seed=0x31832866b6e28fc8;cycles=7;planted=1;d_b=8;m=3;gap=2;k=2,112961,false,16822,0.201,55,10,256,1.136,55,10,true,0,0.000
mixed-013-1,mixed,seed=0x31832866b6e28fc8;cycles=7;planted=1;d_b=8;m=3;gap=2;k=2,112961,false,16822,0.201,55,10,512,1.133,55,10,true,0,0.000
mixed-013-1,mixed,seed=0x31832866b6e28fc8;cycles=7;planted=1;d_b=8;m=3;gap=2;k=2,112961,false,16822,0.201,55,10,1024,1.162,55,10,true,0,0.000
mixed-013-1,mixed,seed=0x31832866b6e28fc8;cycles=7;planted=1;d_b=8;m=3;gap=2;k=2,112961,false,16822,0.201,55,10,2048,1.132,55,10,true,0,0.000
mixed-013-1,mixed,seed=0x31832866b6e28fc8;cycles=7;planted=1;d_b=8;m=3;gap=2;k=2,112961,false,16822,0.201,55,10,4096,1.127,55,10,true,0,0.000
mixed-013-1,mixed,seed=0x31832866b6e28fc8;cycles=7;planted=1;d_b=8;m=3;gap=2;k=2,112961,false,16822,0.201,55,10,8192,1.126,55,10,true,0,0.000
mixed-013-1,mixed,seed=0x31832866b6e28fc8;cycles=7;planted=1;d_b=8;m=3;gap=2;k=2,112961,false,16822,0.201,55,10,16384,1.127,55,10,true,0,0.000
rand-01-16,rand,seed=0x316ca469e13a1d2f;cycles=7,112922,false,16691,0.021,6,4,1,0.019,6,4,false,0,0.000
rand-01-16,rand,seed=0x316ca469e13a1d2f;cycles=7,112922,false,16691,0.021,6,4,2,0.024,6,4,true,0,0.000
rand-01-16,rand,seed=0x316ca469e13a1d2f;cycles=7,112922,false,16691,0.021,6,4,4,0.022,6,4,true,0,0.000
rand-01-16,rand,seed=0x316ca469e13a1d2f;cycles=7,112922,false,16691,0.021,6,4,8,0.021,6,4,true,0,0.000
rand-01-16,rand,seed=0x316ca469e13a1d2f;cycles=7,112922,false,16691,0.021,6,4,16,0.020,6,4,true,0,0.000
rand-01-16,rand,seed=0x316ca469e13a1d2f;cycles=7,112922,false,16691,0.021,6,4,32,0.020,6,4,true,0,0.000
rand-01-16,rand,seed=0x316ca469e13a1d2f;cycles=7,112922,false,16691,0.021,6,4,64,0.019,6,4,true,0,0.000
rand-01-16,rand,seed=0x316ca469e13a1d2f;cycles=7,112922,false,16691,0.021,6,4,128,0.019,6,4,true,0,0.000
rand-01-16,rand,seed=0x316ca469e13a1d2f;cycles=7,112922,false,16691,0.021,6,4,256,0.019,6,4,true,0,0.000
rand-01-16,rand,seed=0x316ca469e13a1d2f;cycles=7,112922,false,16691,0.021,6,4,512,0.019,6,4,true,0,0.000
rand-01-16,rand,seed=0x316ca469e13a1d2f;cycles=7,112922,false,16691,0.021,6,4,1024,0.019,6,4,true,0,0.000
rand-01-16,rand,seed=0x316ca469e13a1d2f;cycles=7,112922,false,16691,0.021,6,4,2048,0.019,6,4,true,0,0.000
rand-01-16,rand,seed=0x316ca469e13a1d2f;cycles=7,112922,false,16691,0.021,6,4,4096,0.019,6,4,true,0,0.000
rand-01-16,rand,seed=0x316ca469e13a1d2f;cycles=7,112922,false,16691,0.021,6,4,8192,0.019,6,4,true,0,0.000
rand-01-16,rand,seed=0x316ca469e13a1d2f;cycles=7,112922,false,16691,0.021,6,4,16384,0.019,6,4,true,0,0.000
xover-40,xover,d5w8c4,161,false,100,0.027,79,32,1,0.032,79,32,false,0,0.000
xover-40,xover,d5w8c4,161,false,100,0.027,79,32,2,0.037,79,32,false,0,0.000
xover-40,xover,d5w8c4,161,false,100,0.027,79,32,4,0.041,79,32,false,0,0.000
xover-40,xover,d5w8c4,161,false,100,0.027,79,32,8,0.052,79,32,true,0,0.000
xover-40,xover,d5w8c4,161,false,100,0.027,79,32,16,0.050,79,32,true,0,0.000
xover-40,xover,d5w8c4,161,false,100,0.027,79,32,32,0.050,79,32,true,0,0.000
xover-40,xover,d5w8c4,161,false,100,0.027,79,32,64,0.049,79,32,true,0,0.000
xover-40,xover,d5w8c4,161,false,100,0.027,79,32,128,0.049,79,32,true,0,0.000
xover-40,xover,d5w8c4,161,false,100,0.027,79,32,256,0.049,79,32,true,0,0.000
xover-40,xover,d5w8c4,161,false,100,0.027,79,32,512,0.049,79,32,true,0,0.000
xover-40,xover,d5w8c4,161,false,100,0.027,79,32,1024,0.049,79,32,true,0,0.000
xover-40,xover,d5w8c4,161,false,100,0.027,79,32,2048,0.049,79,32,true,0,0.000
xover-40,xover,d5w8c4,161,false,100,0.027,79,32,4096,0.048,79,32,true,0,0.000
xover-40,xover,d5w8c4,161,false,100,0.027,79,32,8192,0.049,79,32,true,0,0.000
xover-40,xover,d5w8c4,161,false,100,0.027,79,32,16384,0.049,79,32,true,0,0.000
dec-041,dec,d_b=5;m=3;gap=1;k=4;q=1;s=6,25,false,27,0.062,12,2,1,0.012,13,12,false,0,0.000
dec-041,dec,d_b=5;m=3;gap=1;k=4;q=1;s=6,25,false,27,0.062,12,2,2,0.016,13,12,false,0,0.000
dec-041,dec,d_b=5;m=3;gap=1;k=4;q=1;s=6,25,false,27,0.062,12,2,4,0.023,13,12,false,0,0.000
dec-041,dec,d_b=5;m=3;gap=1;k=4;q=1;s=6,25,false,27,0.062,12,2,8,0.040,13,12,false,0,0.000
dec-041,dec,d_b=5;m=3;gap=1;k=4;q=1;s=6,25,false,27,0.062,12,2,16,0.075,12,2,false,0,0.000
dec-041,dec,d_b=5;m=3;gap=1;k=4;q=1;s=6,25,false,27,0.062,12,2,32,0.085,12,2,true,0,0.000
dec-041,dec,d_b=5;m=3;gap=1;k=4;q=1;s=6,25,false,27,0.062,12,2,64,0.083,12,2,true,0,0.000
dec-041,dec,d_b=5;m=3;gap=1;k=4;q=1;s=6,25,false,27,0.062,12,2,128,0.080,12,2,true,0,0.000
dec-041,dec,d_b=5;m=3;gap=1;k=4;q=1;s=6,25,false,27,0.062,12,2,256,0.080,12,2,true,0,0.000
dec-041,dec,d_b=5;m=3;gap=1;k=4;q=1;s=6,25,false,27,0.062,12,2,512,0.079,12,2,true,0,0.000
dec-041,dec,d_b=5;m=3;gap=1;k=4;q=1;s=6,25,false,27,0.062,12,2,1024,0.079,12,2,true,0,0.000
dec-041,dec,d_b=5;m=3;gap=1;k=4;q=1;s=6,25,false,27,0.062,12,2,2048,0.079,12,2,true,0,0.000
dec-041,dec,d_b=5;m=3;gap=1;k=4;q=1;s=6,25,false,27,0.062,12,2,4096,0.079,12,2,true,0,0.000
dec-041,dec,d_b=5;m=3;gap=1;k=4;q=1;s=6,25,false,27,0.062,12,2,8192,0.078,12,2,true,0,0.000
dec-041,dec,d_b=5;m=3;gap=1;k=4;q=1;s=6,25,false,27,0.062,12,2,16384,0.078,12,2,true,0,0.000
mixed-013-2,mixed,seed=0x762c42d00e48443f;cycles=7;planted=1;d_b=8;m=3;gap=2;k=2,187577,false,26439,0.126,32,8,1,0.075,35,26,false,0,0.000
mixed-013-2,mixed,seed=0x762c42d00e48443f;cycles=7;planted=1;d_b=8;m=3;gap=2;k=2,187577,false,26439,0.126,32,8,2,0.079,35,26,false,0,0.000
mixed-013-2,mixed,seed=0x762c42d00e48443f;cycles=7;planted=1;d_b=8;m=3;gap=2;k=2,187577,false,26439,0.126,32,8,4,0.109,35,26,false,0,0.000
mixed-013-2,mixed,seed=0x762c42d00e48443f;cycles=7;planted=1;d_b=8;m=3;gap=2;k=2,187577,false,26439,0.126,32,8,8,0.168,35,26,false,0,0.000
mixed-013-2,mixed,seed=0x762c42d00e48443f;cycles=7;planted=1;d_b=8;m=3;gap=2;k=2,187577,false,26439,0.126,32,8,16,0.287,32,8,false,0,0.000
mixed-013-2,mixed,seed=0x762c42d00e48443f;cycles=7;planted=1;d_b=8;m=3;gap=2;k=2,187577,false,26439,0.126,32,8,32,0.381,32,8,true,0,0.000
mixed-013-2,mixed,seed=0x762c42d00e48443f;cycles=7;planted=1;d_b=8;m=3;gap=2;k=2,187577,false,26439,0.126,32,8,64,0.376,32,8,true,0,0.000
mixed-013-2,mixed,seed=0x762c42d00e48443f;cycles=7;planted=1;d_b=8;m=3;gap=2;k=2,187577,false,26439,0.126,32,8,128,0.370,32,8,true,0,0.000
mixed-013-2,mixed,seed=0x762c42d00e48443f;cycles=7;planted=1;d_b=8;m=3;gap=2;k=2,187577,false,26439,0.126,32,8,256,0.369,32,8,true,0,0.000
mixed-013-2,mixed,seed=0x762c42d00e48443f;cycles=7;planted=1;d_b=8;m=3;gap=2;k=2,187577,false,26439,0.126,32,8,512,0.370,32,8,true,0,0.000
mixed-013-2,mixed,seed=0x762c42d00e48443f;cycles=7;planted=1;d_b=8;m=3;gap=2;k=2,187577,false,26439,0.126,32,8,1024,0.369,32,8,true,0,0.000
mixed-013-2,mixed,seed=0x762c42d00e48443f;cycles=7;planted=1;d_b=8;m=3;gap=2;k=2,187577,false,26439,0.126,32,8,2048,0.368,32,8,true,0,0.000
mixed-013-2,mixed,seed=0x762c42d00e48443f;cycles=7;planted=1;d_b=8;m=3;gap=2;k=2,187577,false,26439,0.126,32,8,4096,0.370,32,8,true,0,0.000
mixed-013-2,mixed,seed=0x762c42d00e48443f;cycles=7;planted=1;d_b=8;m=3;gap=2;k=2,187577,false,26439,0.126,32,8,8192,0.434,32,8,true,0,0.000
mixed-013-2,mixed,seed=0x762c42d00e48443f;cycles=7;planted=1;d_b=8;m=3;gap=2;k=2,187577,false,26439,0.126,32,8,16384,0.368,32,8,true,0,0.000
rand-01-17,rand,seed=0x9ef10688f80daf25;cycles=7,274183,false,37798,0.040,9,6,1,0.044,9,6,false,0,0.000
rand-01-17,rand,seed=0x9ef10688f80daf25;cycles=7,274183,false,37798,0.040,9,6,2,0.042,9,6,false,0,0.000
rand-01-17,rand,seed=0x9ef10688f80daf25;cycles=7,274183,false,37798,0.040,9,6,4,0.045,9,6,true,0,0.000
rand-01-17,rand,seed=0x9ef10688f80daf25;cycles=7,274183,false,37798,0.040,9,6,8,0.044,9,6,true,0,0.000
rand-01-17,rand,seed=0x9ef10688f80daf25;cycles=7,274183,false,37798,0.040,9,6,16,0.042,9,6,true,0,0.000
rand-01-17,rand,seed=0x9ef10688f80daf25;cycles=7,274183,false,37798,0.040,9,6,32,0.042,9,6,true,0,0.000
rand-01-17,rand,seed=0x9ef10688f80daf25;cycles=7,274183,false,37798,0.040,9,6,64,0.041,9,6,true,0,0.000
rand-01-17,rand,seed=0x9ef10688f80daf25;cycles=7,274183,false,37798,0.040,9,6,128,0.042,9,6,true,0,0.000
rand-01-17,rand,seed=0x9ef10688f80daf25;cycles=7,274183,false,37798,0.040,9,6,256,0.040,9,6,true,0,0.000
rand-01-17,rand,seed=0x9ef10688f80daf25;cycles=7,274183,false,37798,0.040,9,6,512,0.041,9,6,true,0,0.000
rand-01-17,rand,seed=0x9ef10688f80daf25;cycles=7,274183,false,37798,0.040,9,6,1024,0.040,9,6,true,0,0.000
rand-01-17,rand,seed=0x9ef10688f80daf25;cycles=7,274183,false,37798,0.040,9,6,2048,0.041,9,6,true,0,0.000
rand-01-17,rand,seed=0x9ef10688f80daf25;cycles=7,274183,false,37798,0.040,9,6,4096,0.040,9,6,true,0,0.000
rand-01-17,rand,seed=0x9ef10688f80daf25;cycles=7,274183,false,37798,0.040,9,6,8192,0.041,9,6,true,0,0.000
rand-01-17,rand,seed=0x9ef10688f80daf25;cycles=7,274183,false,37798,0.040,9,6,16384,0.040,9,6,true,0,0.000
xover-41,xover,d5w8c6,36754,false,7671,0.069,79,32,1,0.060,79,32,false,0,0.000
xover-41,xover,d5w8c6,36754,false,7671,0.069,79,32,2,0.069,79,32,false,0,0.000
xover-41,xover,d5w8c6,36754,false,7671,0.069,79,32,4,0.075,79,32,false,0,0.000
xover-41,xover,d5w8c6,36754,false,7671,0.069,79,32,8,0.086,79,32,false,0,0.000
xover-41,xover,d5w8c6,36754,false,7671,0.069,79,32,16,0.107,79,32,true,0,0.000
xover-41,xover,d5w8c6,36754,false,7671,0.069,79,32,32,0.106,79,32,true,0,0.000
xover-41,xover,d5w8c6,36754,false,7671,0.069,79,32,64,0.123,79,32,true,0,0.000
xover-41,xover,d5w8c6,36754,false,7671,0.069,79,32,128,0.106,79,32,true,0,0.000
xover-41,xover,d5w8c6,36754,false,7671,0.069,79,32,256,0.104,79,32,true,0,0.000
xover-41,xover,d5w8c6,36754,false,7671,0.069,79,32,512,0.103,79,32,true,0,0.000
xover-41,xover,d5w8c6,36754,false,7671,0.069,79,32,1024,0.102,79,32,true,0,0.000
xover-41,xover,d5w8c6,36754,false,7671,0.069,79,32,2048,0.106,79,32,true,0,0.000
xover-41,xover,d5w8c6,36754,false,7671,0.069,79,32,4096,0.103,79,32,true,0,0.000
xover-41,xover,d5w8c6,36754,false,7671,0.069,79,32,8192,0.103,79,32,true,0,0.000
xover-41,xover,d5w8c6,36754,false,7671,0.069,79,32,16384,0.102,79,32,true,0,0.000
dec-042,dec,d_b=5;m=3;gap=3;k=1;q=1;s=7,10,false,12,0.027,12,2,1,0.011,15,14,false,0,0.000
dec-042,dec,d_b=5;m=3;gap=3;k=1;q=1;s=7,10,false,12,0.027,12,2,2,0.017,15,14,false,0,0.000
dec-042,dec,d_b=5;m=3;gap=3;k=1;q=1;s=7,10,false,12,0.027,12,2,4,0.026,12,2,false,0,0.000
dec-042,dec,d_b=5;m=3;gap=3;k=1;q=1;s=7,10,false,12,0.027,12,2,8,0.041,12,2,false,0,0.000
dec-042,dec,d_b=5;m=3;gap=3;k=1;q=1;s=7,10,false,12,0.027,12,2,16,0.046,12,2,true,0,0.000
dec-042,dec,d_b=5;m=3;gap=3;k=1;q=1;s=7,10,false,12,0.027,12,2,32,0.045,12,2,true,0,0.000
dec-042,dec,d_b=5;m=3;gap=3;k=1;q=1;s=7,10,false,12,0.027,12,2,64,0.044,12,2,true,0,0.000
dec-042,dec,d_b=5;m=3;gap=3;k=1;q=1;s=7,10,false,12,0.027,12,2,128,0.044,12,2,true,0,0.000
dec-042,dec,d_b=5;m=3;gap=3;k=1;q=1;s=7,10,false,12,0.027,12,2,256,0.043,12,2,true,0,0.000
dec-042,dec,d_b=5;m=3;gap=3;k=1;q=1;s=7,10,false,12,0.027,12,2,512,0.042,12,2,true,0,0.000
dec-042,dec,d_b=5;m=3;gap=3;k=1;q=1;s=7,10,false,12,0.027,12,2,1024,0.042,12,2,true,0,0.000
dec-042,dec,d_b=5;m=3;gap=3;k=1;q=1;s=7,10,false,12,0.027,12,2,2048,0.042,12,2,true,0,0.000
dec-042,dec,d_b=5;m=3;gap=3;k=1;q=1;s=7,10,false,12,0.027,12,2,4096,0.043,12,2,true,0,0.000
dec-042,dec,d_b=5;m=3;gap=3;k=1;q=1;s=7,10,false,12,0.027,12,2,8192,0.042,12,2,true,0,0.000
dec-042,dec,d_b=5;m=3;gap=3;k=1;q=1;s=7,10,false,12,0.027,12,2,16384,0.043,12,2,true,0,0.000
mixed-014-0,mixed,seed=0xa9d652b3ac93e62d;cycles=7;planted=1;d_b=12;m=2;gap=6;k=4,61,false,62,0.101,15,2,1,0.017,22,20,false,0,0.000
mixed-014-0,mixed,seed=0xa9d652b3ac93e62d;cycles=7;planted=1;d_b=12;m=2;gap=6;k=4,61,false,62,0.101,15,2,2,0.019,22,20,false,0,0.000
mixed-014-0,mixed,seed=0xa9d652b3ac93e62d;cycles=7;planted=1;d_b=12;m=2;gap=6;k=4,61,false,62,0.101,15,2,4,0.030,22,20,false,0,0.000
mixed-014-0,mixed,seed=0xa9d652b3ac93e62d;cycles=7;planted=1;d_b=12;m=2;gap=6;k=4,61,false,62,0.101,15,2,8,0.053,22,20,false,0,0.000
mixed-014-0,mixed,seed=0xa9d652b3ac93e62d;cycles=7;planted=1;d_b=12;m=2;gap=6;k=4,61,false,62,0.101,15,2,16,0.108,15,2,false,0,0.000
mixed-014-0,mixed,seed=0xa9d652b3ac93e62d;cycles=7;planted=1;d_b=12;m=2;gap=6;k=4,61,false,62,0.101,15,2,32,0.192,15,2,true,0,0.000
mixed-014-0,mixed,seed=0xa9d652b3ac93e62d;cycles=7;planted=1;d_b=12;m=2;gap=6;k=4,61,false,62,0.101,15,2,64,0.186,15,2,true,0,0.000
mixed-014-0,mixed,seed=0xa9d652b3ac93e62d;cycles=7;planted=1;d_b=12;m=2;gap=6;k=4,61,false,62,0.101,15,2,128,0.186,15,2,true,0,0.000
mixed-014-0,mixed,seed=0xa9d652b3ac93e62d;cycles=7;planted=1;d_b=12;m=2;gap=6;k=4,61,false,62,0.101,15,2,256,0.183,15,2,true,0,0.000
mixed-014-0,mixed,seed=0xa9d652b3ac93e62d;cycles=7;planted=1;d_b=12;m=2;gap=6;k=4,61,false,62,0.101,15,2,512,0.184,15,2,true,0,0.000
mixed-014-0,mixed,seed=0xa9d652b3ac93e62d;cycles=7;planted=1;d_b=12;m=2;gap=6;k=4,61,false,62,0.101,15,2,1024,0.181,15,2,true,0,0.000
mixed-014-0,mixed,seed=0xa9d652b3ac93e62d;cycles=7;planted=1;d_b=12;m=2;gap=6;k=4,61,false,62,0.101,15,2,2048,0.181,15,2,true,0,0.000
mixed-014-0,mixed,seed=0xa9d652b3ac93e62d;cycles=7;planted=1;d_b=12;m=2;gap=6;k=4,61,false,62,0.101,15,2,4096,0.180,15,2,true,0,0.000
mixed-014-0,mixed,seed=0xa9d652b3ac93e62d;cycles=7;planted=1;d_b=12;m=2;gap=6;k=4,61,false,62,0.101,15,2,8192,0.181,15,2,true,0,0.000
mixed-014-0,mixed,seed=0xa9d652b3ac93e62d;cycles=7;planted=1;d_b=12;m=2;gap=6;k=4,61,false,62,0.101,15,2,16384,0.179,15,2,true,0,0.000
rand-01-18,rand,seed=0x8a7d0fa6e936af80;cycles=7,262184,false,36124,0.095,26,8,1,0.130,26,8,false,0,0.000
rand-01-18,rand,seed=0x8a7d0fa6e936af80;cycles=7,262184,false,36124,0.095,26,8,2,0.135,26,8,false,0,0.000
rand-01-18,rand,seed=0x8a7d0fa6e936af80;cycles=7,262184,false,36124,0.095,26,8,4,0.201,26,8,true,0,0.000
rand-01-18,rand,seed=0x8a7d0fa6e936af80;cycles=7,262184,false,36124,0.095,26,8,8,0.193,26,8,true,0,0.000
rand-01-18,rand,seed=0x8a7d0fa6e936af80;cycles=7,262184,false,36124,0.095,26,8,16,0.186,26,8,true,0,0.000
rand-01-18,rand,seed=0x8a7d0fa6e936af80;cycles=7,262184,false,36124,0.095,26,8,32,0.185,26,8,true,0,0.000
rand-01-18,rand,seed=0x8a7d0fa6e936af80;cycles=7,262184,false,36124,0.095,26,8,64,0.184,26,8,true,0,0.000
rand-01-18,rand,seed=0x8a7d0fa6e936af80;cycles=7,262184,false,36124,0.095,26,8,128,0.184,26,8,true,0,0.000
rand-01-18,rand,seed=0x8a7d0fa6e936af80;cycles=7,262184,false,36124,0.095,26,8,256,0.182,26,8,true,0,0.000
rand-01-18,rand,seed=0x8a7d0fa6e936af80;cycles=7,262184,false,36124,0.095,26,8,512,0.182,26,8,true,0,0.000
rand-01-18,rand,seed=0x8a7d0fa6e936af80;cycles=7,262184,false,36124,0.095,26,8,1024,0.181,26,8,true,0,0.000
rand-01-18,rand,seed=0x8a7d0fa6e936af80;cycles=7,262184,false,36124,0.095,26,8,2048,0.182,26,8,true,0,0.000
rand-01-18,rand,seed=0x8a7d0fa6e936af80;cycles=7,262184,false,36124,0.095,26,8,4096,0.181,26,8,true,0,0.000
rand-01-18,rand,seed=0x8a7d0fa6e936af80;cycles=7,262184,false,36124,0.095,26,8,8192,0.181,26,8,true,0,0.000
rand-01-18,rand,seed=0x8a7d0fa6e936af80;cycles=7,262184,false,36124,0.095,26,8,16384,0.180,26,8,true,0,0.000
xover-42,xover,d5w8c8,1501018,false,152144,0.051,79,32,1,0.071,79,32,false,0,0.000
xover-42,xover,d5w8c8,1501018,false,152144,0.051,79,32,2,0.069,79,32,false,0,0.000
xover-42,xover,d5w8c8,1501018,false,152144,0.051,79,32,4,0.072,79,32,false,0,0.000
xover-42,xover,d5w8c8,1501018,false,152144,0.051,79,32,8,0.102,79,32,true,0,0.000
xover-42,xover,d5w8c8,1501018,false,152144,0.051,79,32,16,0.088,79,32,true,0,0.000
xover-42,xover,d5w8c8,1501018,false,152144,0.051,79,32,32,0.086,79,32,true,0,0.000
xover-42,xover,d5w8c8,1501018,false,152144,0.051,79,32,64,0.084,79,32,true,0,0.000
xover-42,xover,d5w8c8,1501018,false,152144,0.051,79,32,128,0.084,79,32,true,0,0.000
xover-42,xover,d5w8c8,1501018,false,152144,0.051,79,32,256,0.083,79,32,true,0,0.000
xover-42,xover,d5w8c8,1501018,false,152144,0.051,79,32,512,0.083,79,32,true,0,0.000
xover-42,xover,d5w8c8,1501018,false,152144,0.051,79,32,1024,0.083,79,32,true,0,0.000
xover-42,xover,d5w8c8,1501018,false,152144,0.051,79,32,2048,0.082,79,32,true,0,0.000
xover-42,xover,d5w8c8,1501018,false,152144,0.051,79,32,4096,0.081,79,32,true,0,0.000
xover-42,xover,d5w8c8,1501018,false,152144,0.051,79,32,8192,0.082,79,32,true,0,0.000
xover-42,xover,d5w8c8,1501018,false,152144,0.051,79,32,16384,0.082,79,32,true,0,0.000
dec-043,dec,d_b=5;m=3;gap=3;k=2;q=1;s=7,15,false,17,0.043,12,2,1,0.018,15,14,false,0,0.000
dec-043,dec,d_b=5;m=3;gap=3;k=2;q=1;s=7,15,false,17,0.043,12,2,2,0.017,15,14,false,0,0.000
dec-043,dec,d_b=5;m=3;gap=3;k=2;q=1;s=7,15,false,17,0.043,12,2,4,0.027,15,14,false,0,0.000
dec-043,dec,d_b=5;m=3;gap=3;k=2;q=1;s=7,15,false,17,0.043,12,2,8,0.045,12,2,false,0,0.000
dec-043,dec,d_b=5;m=3;gap=3;k=2;q=1;s=7,15,false,17,0.043,12,2,16,0.063,12,2,true,0,0.000
dec-043,dec,d_b=5;m=3;gap=3;k=2;q=1;s=7,15,false,17,0.043,12,2,32,0.064,12,2,true,0,0.000
dec-043,dec,d_b=5;m=3;gap=3;k=2;q=1;s=7,15,false,17,0.043,12,2,64,0.055,12,2,true,0,0.000
dec-043,dec,d_b=5;m=3;gap=3;k=2;q=1;s=7,15,false,17,0.043,12,2,128,0.055,12,2,true,0,0.000
dec-043,dec,d_b=5;m=3;gap=3;k=2;q=1;s=7,15,false,17,0.043,12,2,256,0.052,12,2,true,0,0.000
dec-043,dec,d_b=5;m=3;gap=3;k=2;q=1;s=7,15,false,17,0.043,12,2,512,0.053,12,2,true,0,0.000
dec-043,dec,d_b=5;m=3;gap=3;k=2;q=1;s=7,15,false,17,0.043,12,2,1024,0.051,12,2,true,0,0.000
dec-043,dec,d_b=5;m=3;gap=3;k=2;q=1;s=7,15,false,17,0.043,12,2,2048,0.052,12,2,true,0,0.000
dec-043,dec,d_b=5;m=3;gap=3;k=2;q=1;s=7,15,false,17,0.043,12,2,4096,0.051,12,2,true,0,0.000
dec-043,dec,d_b=5;m=3;gap=3;k=2;q=1;s=7,15,false,17,0.043,12,2,8192,0.052,12,2,true,0,0.000
dec-043,dec,d_b=5;m=3;gap=3;k=2;q=1;s=7,15,false,17,0.043,12,2,16384,0.050,12,2,true,0,0.000
mixed-014-1,mixed,seed=0xa8485dc4eef3e2c0;cycles=7;planted=1;d_b=12;m=2;gap=6;k=4,112987,false,16783,0.177,35,8,1,0.099,42,26,false,0,0.000
mixed-014-1,mixed,seed=0xa8485dc4eef3e2c0;cycles=7;planted=1;d_b=12;m=2;gap=6;k=4,112987,false,16783,0.177,35,8,2,0.120,42,26,false,0,0.000
mixed-014-1,mixed,seed=0xa8485dc4eef3e2c0;cycles=7;planted=1;d_b=12;m=2;gap=6;k=4,112987,false,16783,0.177,35,8,4,0.124,42,26,false,0,0.000
mixed-014-1,mixed,seed=0xa8485dc4eef3e2c0;cycles=7;planted=1;d_b=12;m=2;gap=6;k=4,112987,false,16783,0.177,35,8,8,0.171,42,26,false,0,0.000
mixed-014-1,mixed,seed=0xa8485dc4eef3e2c0;cycles=7;planted=1;d_b=12;m=2;gap=6;k=4,112987,false,16783,0.177,35,8,16,0.281,42,26,false,0,0.000
mixed-014-1,mixed,seed=0xa8485dc4eef3e2c0;cycles=7;planted=1;d_b=12;m=2;gap=6;k=4,112987,false,16783,0.177,35,8,32,0.505,35,8,false,0,0.000
mixed-014-1,mixed,seed=0xa8485dc4eef3e2c0;cycles=7;planted=1;d_b=12;m=2;gap=6;k=4,112987,false,16783,0.177,35,8,64,0.574,35,8,true,0,0.000
mixed-014-1,mixed,seed=0xa8485dc4eef3e2c0;cycles=7;planted=1;d_b=12;m=2;gap=6;k=4,112987,false,16783,0.177,35,8,128,0.570,35,8,true,0,0.000
mixed-014-1,mixed,seed=0xa8485dc4eef3e2c0;cycles=7;planted=1;d_b=12;m=2;gap=6;k=4,112987,false,16783,0.177,35,8,256,0.568,35,8,true,0,0.000
mixed-014-1,mixed,seed=0xa8485dc4eef3e2c0;cycles=7;planted=1;d_b=12;m=2;gap=6;k=4,112987,false,16783,0.177,35,8,512,0.568,35,8,true,0,0.000
mixed-014-1,mixed,seed=0xa8485dc4eef3e2c0;cycles=7;planted=1;d_b=12;m=2;gap=6;k=4,112987,false,16783,0.177,35,8,1024,0.556,35,8,true,0,0.000
mixed-014-1,mixed,seed=0xa8485dc4eef3e2c0;cycles=7;planted=1;d_b=12;m=2;gap=6;k=4,112987,false,16783,0.177,35,8,2048,0.560,35,8,true,0,0.000
mixed-014-1,mixed,seed=0xa8485dc4eef3e2c0;cycles=7;planted=1;d_b=12;m=2;gap=6;k=4,112987,false,16783,0.177,35,8,4096,0.550,35,8,true,0,0.000
mixed-014-1,mixed,seed=0xa8485dc4eef3e2c0;cycles=7;planted=1;d_b=12;m=2;gap=6;k=4,112987,false,16783,0.177,35,8,8192,0.562,35,8,true,0,0.000
mixed-014-1,mixed,seed=0xa8485dc4eef3e2c0;cycles=7;planted=1;d_b=12;m=2;gap=6;k=4,112987,false,16783,0.177,35,8,16384,0.548,35,8,true,0,0.000
rand-01-19,rand,seed=0x322be8985ca6cfd5;cycles=7,187552,false,26388,0.029,6,4,1,0.027,6,4,false,0,0.000
rand-01-19,rand,seed=0x322be8985ca6cfd5;cycles=7,187552,false,26388,0.029,6,4,2,0.033,6,4,true,0,0.000
rand-01-19,rand,seed=0x322be8985ca6cfd5;cycles=7,187552,false,26388,0.029,6,4,4,0.030,6,4,true,0,0.000
rand-01-19,rand,seed=0x322be8985ca6cfd5;cycles=7,187552,false,26388,0.029,6,4,8,0.029,6,4,true,0,0.000
rand-01-19,rand,seed=0x322be8985ca6cfd5;cycles=7,187552,false,26388,0.029,6,4,16,0.028,6,4,true,0,0.000
rand-01-19,rand,seed=0x322be8985ca6cfd5;cycles=7,187552,false,26388,0.029,6,4,32,0.028,6,4,true,0,0.000
rand-01-19,rand,seed=0x322be8985ca6cfd5;cycles=7,187552,false,26388,0.029,6,4,64,0.027,6,4,true,0,0.000
rand-01-19,rand,seed=0x322be8985ca6cfd5;cycles=7,187552,false,26388,0.029,6,4,128,0.027,6,4,true,0,0.000
rand-01-19,rand,seed=0x322be8985ca6cfd5;cycles=7,187552,false,26388,0.029,6,4,256,0.027,6,4,true,0,0.000
rand-01-19,rand,seed=0x322be8985ca6cfd5;cycles=7,187552,false,26388,0.029,6,4,512,0.027,6,4,true,0,0.000
rand-01-19,rand,seed=0x322be8985ca6cfd5;cycles=7,187552,false,26388,0.029,6,4,1024,0.027,6,4,true,0,0.000
rand-01-19,rand,seed=0x322be8985ca6cfd5;cycles=7,187552,false,26388,0.029,6,4,2048,0.027,6,4,true,0,0.000
rand-01-19,rand,seed=0x322be8985ca6cfd5;cycles=7,187552,false,26388,0.029,6,4,4096,0.027,6,4,true,0,0.000
rand-01-19,rand,seed=0x322be8985ca6cfd5;cycles=7,187552,false,26388,0.029,6,4,8192,0.027,6,4,true,0,0.000
rand-01-19,rand,seed=0x322be8985ca6cfd5;cycles=7,187552,false,26388,0.029,6,4,16384,0.027,6,4,true,0,0.000
xover-43,xover,d5w8c10,49053490,true,3670016,0.128,79,32,1,0.140,79,32,false,0,0.000
xover-43,xover,d5w8c10,49053490,true,3670016,0.128,79,32,2,0.133,79,32,false,0,0.000
xover-43,xover,d5w8c10,49053490,true,3670016,0.128,79,32,4,0.139,79,32,false,0,0.000
xover-43,xover,d5w8c10,49053490,true,3670016,0.128,79,32,8,0.151,79,32,false,0,0.000
xover-43,xover,d5w8c10,49053490,true,3670016,0.128,79,32,16,0.178,79,32,false,0,0.000
xover-43,xover,d5w8c10,49053490,true,3670016,0.128,79,32,32,0.195,79,32,true,0,0.000
xover-43,xover,d5w8c10,49053490,true,3670016,0.128,79,32,64,0.191,79,32,true,0,0.000
xover-43,xover,d5w8c10,49053490,true,3670016,0.128,79,32,128,0.189,79,32,true,0,0.000
xover-43,xover,d5w8c10,49053490,true,3670016,0.128,79,32,256,0.188,79,32,true,0,0.000
xover-43,xover,d5w8c10,49053490,true,3670016,0.128,79,32,512,0.186,79,32,true,0,0.000
xover-43,xover,d5w8c10,49053490,true,3670016,0.128,79,32,1024,0.187,79,32,true,0,0.000
xover-43,xover,d5w8c10,49053490,true,3670016,0.128,79,32,2048,0.186,79,32,true,0,0.000
xover-43,xover,d5w8c10,49053490,true,3670016,0.128,79,32,4096,0.186,79,32,true,0,0.000
xover-43,xover,d5w8c10,49053490,true,3670016,0.128,79,32,8192,0.186,79,32,true,0,0.000
xover-43,xover,d5w8c10,49053490,true,3670016,0.128,79,32,16384,0.186,79,32,true,0,0.000
dec-044,dec,d_b=5;m=3;gap=3;k=4;q=1;s=7,25,false,27,0.079,12,2,1,0.014,15,14,false,0,0.000
dec-044,dec,d_b=5;m=3;gap=3;k=4;q=1;s=7,25,false,27,0.079,12,2,2,0.018,15,14,false,0,0.000
dec-044,dec,d_b=5;m=3;gap=3;k=4;q=1;s=7,25,false,27,0.079,12,2,4,0.026,15,14,false,0,0.000
dec-044,dec,d_b=5;m=3;gap=3;k=4;q=1;s=7,25,false,27,0.079,12,2,8,0.044,15,14,false,0,0.000
dec-044,dec,d_b=5;m=3;gap=3;k=4;q=1;s=7,25,false,27,0.079,12,2,16,0.082,12,2,true,0,0.000
dec-044,dec,d_b=5;m=3;gap=3;k=4;q=1;s=7,25,false,27,0.079,12,2,32,0.097,12,2,true,0,0.000
dec-044,dec,d_b=5;m=3;gap=3;k=4;q=1;s=7,25,false,27,0.079,12,2,64,0.074,12,2,true,0,0.000
dec-044,dec,d_b=5;m=3;gap=3;k=4;q=1;s=7,25,false,27,0.079,12,2,128,0.083,12,2,true,0,0.000
dec-044,dec,d_b=5;m=3;gap=3;k=4;q=1;s=7,25,false,27,0.079,12,2,256,0.072,12,2,true,0,0.000
dec-044,dec,d_b=5;m=3;gap=3;k=4;q=1;s=7,25,false,27,0.079,12,2,512,0.078,12,2,true,0,0.000
dec-044,dec,d_b=5;m=3;gap=3;k=4;q=1;s=7,25,false,27,0.079,12,2,1024,0.071,12,2,true,0,0.000
dec-044,dec,d_b=5;m=3;gap=3;k=4;q=1;s=7,25,false,27,0.079,12,2,2048,0.074,12,2,true,0,0.000
dec-044,dec,d_b=5;m=3;gap=3;k=4;q=1;s=7,25,false,27,0.079,12,2,4096,0.070,12,2,true,0,0.000
dec-044,dec,d_b=5;m=3;gap=3;k=4;q=1;s=7,25,false,27,0.079,12,2,8192,0.072,12,2,true,0,0.000
dec-044,dec,d_b=5;m=3;gap=3;k=4;q=1;s=7,25,false,27,0.079,12,2,16384,0.070,12,2,true,0,0.000
mixed-014-2,mixed,seed=0xfb25a106c763f8a5;cycles=7;planted=1;d_b=12;m=2;gap=6;k=4,112984,false,16767,0.148,24,8,1,0.058,31,26,false,0,0.000
mixed-014-2,mixed,seed=0xfb25a106c763f8a5;cycles=7;planted=1;d_b=12;m=2;gap=6;k=4,112984,false,16767,0.148,24,8,2,0.069,31,26,false,0,0.000
mixed-014-2,mixed,seed=0xfb25a106c763f8a5;cycles=7;planted=1;d_b=12;m=2;gap=6;k=4,112984,false,16767,0.148,24,8,4,0.100,31,26,false,0,0.000
mixed-014-2,mixed,seed=0xfb25a106c763f8a5;cycles=7;planted=1;d_b=12;m=2;gap=6;k=4,112984,false,16767,0.148,24,8,8,0.142,31,26,false,0,0.000
mixed-014-2,mixed,seed=0xfb25a106c763f8a5;cycles=7;planted=1;d_b=12;m=2;gap=6;k=4,112984,false,16767,0.148,24,8,16,0.237,31,26,false,0,0.000
mixed-014-2,mixed,seed=0xfb25a106c763f8a5;cycles=7;planted=1;d_b=12;m=2;gap=6;k=4,112984,false,16767,0.148,24,8,32,0.456,24,8,false,0,0.000
mixed-014-2,mixed,seed=0xfb25a106c763f8a5;cycles=7;planted=1;d_b=12;m=2;gap=6;k=4,112984,false,16767,0.148,24,8,64,0.485,24,8,true,0,0.000
mixed-014-2,mixed,seed=0xfb25a106c763f8a5;cycles=7;planted=1;d_b=12;m=2;gap=6;k=4,112984,false,16767,0.148,24,8,128,0.483,24,8,true,0,0.000
mixed-014-2,mixed,seed=0xfb25a106c763f8a5;cycles=7;planted=1;d_b=12;m=2;gap=6;k=4,112984,false,16767,0.148,24,8,256,0.485,24,8,true,0,0.000
mixed-014-2,mixed,seed=0xfb25a106c763f8a5;cycles=7;planted=1;d_b=12;m=2;gap=6;k=4,112984,false,16767,0.148,24,8,512,0.493,24,8,true,0,0.000
mixed-014-2,mixed,seed=0xfb25a106c763f8a5;cycles=7;planted=1;d_b=12;m=2;gap=6;k=4,112984,false,16767,0.148,24,8,1024,0.472,24,8,true,0,0.000
mixed-014-2,mixed,seed=0xfb25a106c763f8a5;cycles=7;planted=1;d_b=12;m=2;gap=6;k=4,112984,false,16767,0.148,24,8,2048,0.472,24,8,true,0,0.000
mixed-014-2,mixed,seed=0xfb25a106c763f8a5;cycles=7;planted=1;d_b=12;m=2;gap=6;k=4,112984,false,16767,0.148,24,8,4096,0.469,24,8,true,0,0.000
mixed-014-2,mixed,seed=0xfb25a106c763f8a5;cycles=7;planted=1;d_b=12;m=2;gap=6;k=4,112984,false,16767,0.148,24,8,8192,0.472,24,8,true,0,0.000
mixed-014-2,mixed,seed=0xfb25a106c763f8a5;cycles=7;planted=1;d_b=12;m=2;gap=6;k=4,112984,false,16767,0.148,24,8,16384,0.475,24,8,true,0,0.000
rand-01-20,rand,seed=0x3e00f0d5ea196af2;cycles=7,210937,false,30153,0.061,16,4,1,0.069,16,4,false,0,0.000
rand-01-20,rand,seed=0x3e00f0d5ea196af2;cycles=7,210937,false,30153,0.061,16,4,2,0.071,16,4,false,0,0.000
rand-01-20,rand,seed=0x3e00f0d5ea196af2;cycles=7,210937,false,30153,0.061,16,4,4,0.077,16,4,false,0,0.000
rand-01-20,rand,seed=0x3e00f0d5ea196af2;cycles=7,210937,false,30153,0.061,16,4,8,0.109,16,4,true,0,0.000
rand-01-20,rand,seed=0x3e00f0d5ea196af2;cycles=7,210937,false,30153,0.061,16,4,16,0.107,16,4,true,0,0.000
rand-01-20,rand,seed=0x3e00f0d5ea196af2;cycles=7,210937,false,30153,0.061,16,4,32,0.103,16,4,true,0,0.000
rand-01-20,rand,seed=0x3e00f0d5ea196af2;cycles=7,210937,false,30153,0.061,16,4,64,0.103,16,4,true,0,0.000
rand-01-20,rand,seed=0x3e00f0d5ea196af2;cycles=7,210937,false,30153,0.061,16,4,128,0.101,16,4,true,0,0.000
rand-01-20,rand,seed=0x3e00f0d5ea196af2;cycles=7,210937,false,30153,0.061,16,4,256,0.101,16,4,true,0,0.000
rand-01-20,rand,seed=0x3e00f0d5ea196af2;cycles=7,210937,false,30153,0.061,16,4,512,0.101,16,4,true,0,0.000
rand-01-20,rand,seed=0x3e00f0d5ea196af2;cycles=7,210937,false,30153,0.061,16,4,1024,0.100,16,4,true,0,0.000
rand-01-20,rand,seed=0x3e00f0d5ea196af2;cycles=7,210937,false,30153,0.061,16,4,2048,0.100,16,4,true,0,0.000
rand-01-20,rand,seed=0x3e00f0d5ea196af2;cycles=7,210937,false,30153,0.061,16,4,4096,0.102,16,4,true,0,0.000
rand-01-20,rand,seed=0x3e00f0d5ea196af2;cycles=7,210937,false,30153,0.061,16,4,8192,0.100,16,4,true,0,0.000
rand-01-20,rand,seed=0x3e00f0d5ea196af2;cycles=7,210937,false,30153,0.061,16,4,16384,0.100,16,4,true,0,0.000
xover-44,xover,d5w8c12,39188089,true,3996672,0.099,79,32,1,0.109,79,32,false,0,0.000
xover-44,xover,d5w8c12,39188089,true,3996672,0.099,79,32,2,0.111,79,32,false,0,0.000
xover-44,xover,d5w8c12,39188089,true,3996672,0.099,79,32,4,0.111,79,32,false,0,0.000
xover-44,xover,d5w8c12,39188089,true,3996672,0.099,79,32,8,0.120,79,32,false,0,0.000
xover-44,xover,d5w8c12,39188089,true,3996672,0.099,79,32,16,0.148,79,32,true,0,0.000
xover-44,xover,d5w8c12,39188089,true,3996672,0.099,79,32,32,0.145,79,32,true,0,0.000
xover-44,xover,d5w8c12,39188089,true,3996672,0.099,79,32,64,0.143,79,32,true,0,0.000
xover-44,xover,d5w8c12,39188089,true,3996672,0.099,79,32,128,0.138,79,32,true,0,0.000
xover-44,xover,d5w8c12,39188089,true,3996672,0.099,79,32,256,0.152,79,32,true,0,0.000
xover-44,xover,d5w8c12,39188089,true,3996672,0.099,79,32,512,0.151,79,32,true,0,0.000
xover-44,xover,d5w8c12,39188089,true,3996672,0.099,79,32,1024,0.138,79,32,true,0,0.000
xover-44,xover,d5w8c12,39188089,true,3996672,0.099,79,32,2048,0.140,79,32,true,0,0.000
xover-44,xover,d5w8c12,39188089,true,3996672,0.099,79,32,4096,0.136,79,32,true,0,0.000
xover-44,xover,d5w8c12,39188089,true,3996672,0.099,79,32,8192,0.139,79,32,true,0,0.000
xover-44,xover,d5w8c12,39188089,true,3996672,0.099,79,32,16384,0.134,79,32,true,0,0.000
dec-045,dec,d_b=5;m=3;gap=7;k=1;q=1;s=9,10,false,12,0.043,12,2,1,0.013,19,18,false,0,0.000
dec-045,dec,d_b=5;m=3;gap=7;k=1;q=1;s=9,10,false,12,0.043,12,2,2,0.023,12,2,false,0,0.000
dec-045,dec,d_b=5;m=3;gap=7;k=1;q=1;s=9,10,false,12,0.043,12,2,4,0.030,12,2,false,0,0.000
dec-045,dec,d_b=5;m=3;gap=7;k=1;q=1;s=9,10,false,12,0.043,12,2,8,0.049,12,2,true,0,0.000
dec-045,dec,d_b=5;m=3;gap=7;k=1;q=1;s=9,10,false,12,0.043,12,2,16,0.046,12,2,true,0,0.000
dec-045,dec,d_b=5;m=3;gap=7;k=1;q=1;s=9,10,false,12,0.043,12,2,32,0.044,12,2,true,0,0.000
dec-045,dec,d_b=5;m=3;gap=7;k=1;q=1;s=9,10,false,12,0.043,12,2,64,0.042,12,2,true,0,0.000
dec-045,dec,d_b=5;m=3;gap=7;k=1;q=1;s=9,10,false,12,0.043,12,2,128,0.042,12,2,true,0,0.000
dec-045,dec,d_b=5;m=3;gap=7;k=1;q=1;s=9,10,false,12,0.043,12,2,256,0.042,12,2,true,0,0.000
dec-045,dec,d_b=5;m=3;gap=7;k=1;q=1;s=9,10,false,12,0.043,12,2,512,0.041,12,2,true,0,0.000
dec-045,dec,d_b=5;m=3;gap=7;k=1;q=1;s=9,10,false,12,0.043,12,2,1024,0.042,12,2,true,0,0.000
dec-045,dec,d_b=5;m=3;gap=7;k=1;q=1;s=9,10,false,12,0.043,12,2,2048,0.041,12,2,true,0,0.000
dec-045,dec,d_b=5;m=3;gap=7;k=1;q=1;s=9,10,false,12,0.043,12,2,4096,0.041,12,2,true,0,0.000
dec-045,dec,d_b=5;m=3;gap=7;k=1;q=1;s=9,10,false,12,0.043,12,2,8192,0.041,12,2,true,0,0.000
dec-045,dec,d_b=5;m=3;gap=7;k=1;q=1;s=9,10,false,12,0.043,12,2,16384,0.041,12,2,true,0,0.000
mixed-015-0,mixed,seed=0x5f12b3d3fd5095a5;cycles=7;planted=1;d_b=16;m=5;gap=2;k=1,294440,false,40898,0.258,88,10,1,0.133,91,76,false,0,0.000
mixed-015-0,mixed,seed=0x5f12b3d3fd5095a5;cycles=7;planted=1;d_b=16;m=5;gap=2;k=1,294440,false,40898,0.258,88,10,2,0.124,91,76,false,0,0.000
mixed-015-0,mixed,seed=0x5f12b3d3fd5095a5;cycles=7;planted=1;d_b=16;m=5;gap=2;k=1,294440,false,40898,0.258,88,10,4,0.158,91,76,false,0,0.000
mixed-015-0,mixed,seed=0x5f12b3d3fd5095a5;cycles=7;planted=1;d_b=16;m=5;gap=2;k=1,294440,false,40898,0.258,88,10,8,0.202,91,76,false,0,0.000
mixed-015-0,mixed,seed=0x5f12b3d3fd5095a5;cycles=7;planted=1;d_b=16;m=5;gap=2;k=1,294440,false,40898,0.258,88,10,16,0.303,91,76,false,0,0.000
mixed-015-0,mixed,seed=0x5f12b3d3fd5095a5;cycles=7;planted=1;d_b=16;m=5;gap=2;k=1,294440,false,40898,0.258,88,10,32,0.469,88,10,false,0,0.000
mixed-015-0,mixed,seed=0x5f12b3d3fd5095a5;cycles=7;planted=1;d_b=16;m=5;gap=2;k=1,294440,false,40898,0.258,88,10,64,0.499,88,10,true,0,0.000
mixed-015-0,mixed,seed=0x5f12b3d3fd5095a5;cycles=7;planted=1;d_b=16;m=5;gap=2;k=1,294440,false,40898,0.258,88,10,128,0.501,88,10,true,0,0.000
mixed-015-0,mixed,seed=0x5f12b3d3fd5095a5;cycles=7;planted=1;d_b=16;m=5;gap=2;k=1,294440,false,40898,0.258,88,10,256,0.490,88,10,true,0,0.000
mixed-015-0,mixed,seed=0x5f12b3d3fd5095a5;cycles=7;planted=1;d_b=16;m=5;gap=2;k=1,294440,false,40898,0.258,88,10,512,0.487,88,10,true,0,0.000
mixed-015-0,mixed,seed=0x5f12b3d3fd5095a5;cycles=7;planted=1;d_b=16;m=5;gap=2;k=1,294440,false,40898,0.258,88,10,1024,0.483,88,10,true,0,0.000
mixed-015-0,mixed,seed=0x5f12b3d3fd5095a5;cycles=7;planted=1;d_b=16;m=5;gap=2;k=1,294440,false,40898,0.258,88,10,2048,0.502,88,10,true,0,0.000
mixed-015-0,mixed,seed=0x5f12b3d3fd5095a5;cycles=7;planted=1;d_b=16;m=5;gap=2;k=1,294440,false,40898,0.258,88,10,4096,0.482,88,10,true,0,0.000
mixed-015-0,mixed,seed=0x5f12b3d3fd5095a5;cycles=7;planted=1;d_b=16;m=5;gap=2;k=1,294440,false,40898,0.258,88,10,8192,0.501,88,10,true,0,0.000
mixed-015-0,mixed,seed=0x5f12b3d3fd5095a5;cycles=7;planted=1;d_b=16;m=5;gap=2;k=1,294440,false,40898,0.258,88,10,16384,0.481,88,10,true,0,0.000
rand-01-21,rand,seed=0x842174cfedbd30df;cycles=7,112924,false,16695,0.037,14,4,1,0.028,14,4,false,0,0.000
rand-01-21,rand,seed=0x842174cfedbd30df;cycles=7,112924,false,16695,0.037,14,4,2,0.033,14,4,false,0,0.000
rand-01-21,rand,seed=0x842174cfedbd30df;cycles=7,112924,false,16695,0.037,14,4,4,0.039,14,4,true,0,0.000
rand-01-21,rand,seed=0x842174cfedbd30df;cycles=7,112924,false,16695,0.037,14,4,8,0.038,14,4,true,0,0.000
rand-01-21,rand,seed=0x842174cfedbd30df;cycles=7,112924,false,16695,0.037,14,4,16,0.035,14,4,true,0,0.000
rand-01-21,rand,seed=0x842174cfedbd30df;cycles=7,112924,false,16695,0.037,14,4,32,0.034,14,4,true,0,0.000
rand-01-21,rand,seed=0x842174cfedbd30df;cycles=7,112924,false,16695,0.037,14,4,64,0.033,14,4,true,0,0.000
rand-01-21,rand,seed=0x842174cfedbd30df;cycles=7,112924,false,16695,0.037,14,4,128,0.033,14,4,true,0,0.000
rand-01-21,rand,seed=0x842174cfedbd30df;cycles=7,112924,false,16695,0.037,14,4,256,0.033,14,4,true,0,0.000
rand-01-21,rand,seed=0x842174cfedbd30df;cycles=7,112924,false,16695,0.037,14,4,512,0.032,14,4,true,0,0.000
rand-01-21,rand,seed=0x842174cfedbd30df;cycles=7,112924,false,16695,0.037,14,4,1024,0.033,14,4,true,0,0.000
rand-01-21,rand,seed=0x842174cfedbd30df;cycles=7,112924,false,16695,0.037,14,4,2048,0.032,14,4,true,0,0.000
rand-01-21,rand,seed=0x842174cfedbd30df;cycles=7,112924,false,16695,0.037,14,4,4096,0.033,14,4,true,0,0.000
rand-01-21,rand,seed=0x842174cfedbd30df;cycles=7,112924,false,16695,0.037,14,4,8192,0.032,14,4,true,0,0.000
rand-01-21,rand,seed=0x842174cfedbd30df;cycles=7,112924,false,16695,0.037,14,4,16384,0.033,14,4,true,0,0.000
dec-046,dec,d_b=5;m=3;gap=7;k=2;q=1;s=9,15,false,17,0.035,12,2,1,0.013,19,18,false,0,0.000
dec-046,dec,d_b=5;m=3;gap=7;k=2;q=1;s=9,15,false,17,0.035,12,2,2,0.018,19,18,false,0,0.000
dec-046,dec,d_b=5;m=3;gap=7;k=2;q=1;s=9,15,false,17,0.035,12,2,4,0.034,12,2,false,0,0.000
dec-046,dec,d_b=5;m=3;gap=7;k=2;q=1;s=9,15,false,17,0.035,12,2,8,0.048,12,2,false,0,0.000
dec-046,dec,d_b=5;m=3;gap=7;k=2;q=1;s=9,15,false,17,0.035,12,2,16,0.051,12,2,true,0,0.000
dec-046,dec,d_b=5;m=3;gap=7;k=2;q=1;s=9,15,false,17,0.035,12,2,32,0.049,12,2,true,0,0.000
dec-046,dec,d_b=5;m=3;gap=7;k=2;q=1;s=9,15,false,17,0.035,12,2,64,0.049,12,2,true,0,0.000
dec-046,dec,d_b=5;m=3;gap=7;k=2;q=1;s=9,15,false,17,0.035,12,2,128,0.048,12,2,true,0,0.000
dec-046,dec,d_b=5;m=3;gap=7;k=2;q=1;s=9,15,false,17,0.035,12,2,256,0.048,12,2,true,0,0.000
dec-046,dec,d_b=5;m=3;gap=7;k=2;q=1;s=9,15,false,17,0.035,12,2,512,0.048,12,2,true,0,0.000
dec-046,dec,d_b=5;m=3;gap=7;k=2;q=1;s=9,15,false,17,0.035,12,2,1024,0.047,12,2,true,0,0.000
dec-046,dec,d_b=5;m=3;gap=7;k=2;q=1;s=9,15,false,17,0.035,12,2,2048,0.047,12,2,true,0,0.000
dec-046,dec,d_b=5;m=3;gap=7;k=2;q=1;s=9,15,false,17,0.035,12,2,4096,0.047,12,2,true,0,0.000
dec-046,dec,d_b=5;m=3;gap=7;k=2;q=1;s=9,15,false,17,0.035,12,2,8192,0.047,12,2,true,0,0.000
dec-046,dec,d_b=5;m=3;gap=7;k=2;q=1;s=9,15,false,17,0.035,12,2,16384,0.047,12,2,true,0,0.000
mixed-015-1,mixed,seed=0x8842ba36f2d5f139;cycles=7;planted=1;d_b=16;m=5;gap=2;k=1,112961,false,16782,0.233,91,10,1,0.087,94,76,false,0,0.000
mixed-015-1,mixed,seed=0x8842ba36f2d5f139;cycles=7;planted=1;d_b=16;m=5;gap=2;k=1,112961,false,16782,0.233,91,10,2,0.094,94,76,false,0,0.000
mixed-015-1,mixed,seed=0x8842ba36f2d5f139;cycles=7;planted=1;d_b=16;m=5;gap=2;k=1,112961,false,16782,0.233,91,10,4,0.118,94,76,false,0,0.000
mixed-015-1,mixed,seed=0x8842ba36f2d5f139;cycles=7;planted=1;d_b=16;m=5;gap=2;k=1,112961,false,16782,0.233,91,10,8,0.186,94,76,false,0,0.000
mixed-015-1,mixed,seed=0x8842ba36f2d5f139;cycles=7;planted=1;d_b=16;m=5;gap=2;k=1,112961,false,16782,0.233,91,10,16,0.267,94,76,false,0,0.000
mixed-015-1,mixed,seed=0x8842ba36f2d5f139;cycles=7;planted=1;d_b=16;m=5;gap=2;k=1,112961,false,16782,0.233,91,10,32,0.449,91,10,false,0,0.000
mixed-015-1,mixed,seed=0x8842ba36f2d5f139;cycles=7;planted=1;d_b=16;m=5;gap=2;k=1,112961,false,16782,0.233,91,10,64,0.505,91,10,true,0,0.000
mixed-015-1,mixed,seed=0x8842ba36f2d5f139;cycles=7;planted=1;d_b=16;m=5;gap=2;k=1,112961,false,16782,0.233,91,10,128,0.496,91,10,true,0,0.000
mixed-015-1,mixed,seed=0x8842ba36f2d5f139;cycles=7;planted=1;d_b=16;m=5;gap=2;k=1,112961,false,16782,0.233,91,10,256,0.496,91,10,true,0,0.000
mixed-015-1,mixed,seed=0x8842ba36f2d5f139;cycles=7;planted=1;d_b=16;m=5;gap=2;k=1,112961,false,16782,0.233,91,10,512,0.496,91,10,true,0,0.000
mixed-015-1,mixed,seed=0x8842ba36f2d5f139;cycles=7;planted=1;d_b=16;m=5;gap=2;k=1,112961,false,16782,0.233,91,10,1024,0.496,91,10,true,0,0.000
mixed-015-1,mixed,seed=0x8842ba36f2d5f139;cycles=7;planted=1;d_b=16;m=5;gap=2;k=1,112961,false,16782,0.233,91,10,2048,0.497,91,10,true,0,0.000
mixed-015-1,mixed,seed=0x8842ba36f2d5f139;cycles=7;planted=1;d_b=16;m=5;gap=2;k=1,112961,false,16782,0.233,91,10,4096,0.489,91,10,true,0,0.000
mixed-015-1,mixed,seed=0x8842ba36f2d5f139;cycles=7;planted=1;d_b=16;m=5;gap=2;k=1,112961,false,16782,0.233,91,10,8192,0.489,91,10,true,0,0.000
mixed-015-1,mixed,seed=0x8842ba36f2d5f139;cycles=7;planted=1;d_b=16;m=5;gap=2;k=1,112961,false,16782,0.233,91,10,16384,0.490,91,10,true,0,0.000
rand-01-22,rand,seed=0xfe9c1c1ea7680d0a;cycles=7,293828,false,40786,0.079,25,8,1,0.073,25,8,false,0,0.000
rand-01-22,rand,seed=0xfe9c1c1ea7680d0a;cycles=7,293828,false,40786,0.079,25,8,2,0.073,25,8,false,0,0.000
rand-01-22,rand,seed=0xfe9c1c1ea7680d0a;cycles=7,293828,false,40786,0.079,25,8,4,0.086,25,8,false,0,0.000
rand-01-22,rand,seed=0xfe9c1c1ea7680d0a;cycles=7,293828,false,40786,0.079,25,8,8,0.146,25,8,true,0,0.000
rand-01-22,rand,seed=0xfe9c1c1ea7680d0a;cycles=7,293828,false,40786,0.079,25,8,16,0.171,25,8,true,0,0.000
rand-01-22,rand,seed=0xfe9c1c1ea7680d0a;cycles=7,293828,false,40786,0.079,25,8,32,0.133,25,8,true,0,0.000
rand-01-22,rand,seed=0xfe9c1c1ea7680d0a;cycles=7,293828,false,40786,0.079,25,8,64,0.175,25,8,true,0,0.000
rand-01-22,rand,seed=0xfe9c1c1ea7680d0a;cycles=7,293828,false,40786,0.079,25,8,128,0.130,25,8,true,0,0.000
rand-01-22,rand,seed=0xfe9c1c1ea7680d0a;cycles=7,293828,false,40786,0.079,25,8,256,0.139,25,8,true,0,0.000
rand-01-22,rand,seed=0xfe9c1c1ea7680d0a;cycles=7,293828,false,40786,0.079,25,8,512,0.128,25,8,true,0,0.000
rand-01-22,rand,seed=0xfe9c1c1ea7680d0a;cycles=7,293828,false,40786,0.079,25,8,1024,0.129,25,8,true,0,0.000
rand-01-22,rand,seed=0xfe9c1c1ea7680d0a;cycles=7,293828,false,40786,0.079,25,8,2048,0.127,25,8,true,0,0.000
rand-01-22,rand,seed=0xfe9c1c1ea7680d0a;cycles=7,293828,false,40786,0.079,25,8,4096,0.126,25,8,true,0,0.000
rand-01-22,rand,seed=0xfe9c1c1ea7680d0a;cycles=7,293828,false,40786,0.079,25,8,8192,0.127,25,8,true,0,0.000
rand-01-22,rand,seed=0xfe9c1c1ea7680d0a;cycles=7,293828,false,40786,0.079,25,8,16384,0.127,25,8,true,0,0.000
dec-047,dec,d_b=5;m=3;gap=7;k=4;q=1;s=9,25,false,27,0.048,12,2,1,0.014,19,18,false,0,0.000
dec-047,dec,d_b=5;m=3;gap=7;k=4;q=1;s=9,25,false,27,0.048,12,2,2,0.019,19,18,false,0,0.000
dec-047,dec,d_b=5;m=3;gap=7;k=4;q=1;s=9,25,false,27,0.048,12,2,4,0.029,19,18,false,0,0.000
dec-047,dec,d_b=5;m=3;gap=7;k=4;q=1;s=9,25,false,27,0.048,12,2,8,0.059,12,2,false,0,0.000
dec-047,dec,d_b=5;m=3;gap=7;k=4;q=1;s=9,25,false,27,0.048,12,2,16,0.069,12,2,true,0,0.000
dec-047,dec,d_b=5;m=3;gap=7;k=4;q=1;s=9,25,false,27,0.048,12,2,32,0.066,12,2,true,0,0.000
dec-047,dec,d_b=5;m=3;gap=7;k=4;q=1;s=9,25,false,27,0.048,12,2,64,0.063,12,2,true,0,0.000
dec-047,dec,d_b=5;m=3;gap=7;k=4;q=1;s=9,25,false,27,0.048,12,2,128,0.063,12,2,true,0,0.000
dec-047,dec,d_b=5;m=3;gap=7;k=4;q=1;s=9,25,false,27,0.048,12,2,256,0.061,12,2,true,0,0.000
dec-047,dec,d_b=5;m=3;gap=7;k=4;q=1;s=9,25,false,27,0.048,12,2,512,0.062,12,2,true,0,0.000
dec-047,dec,d_b=5;m=3;gap=7;k=4;q=1;s=9,25,false,27,0.048,12,2,1024,0.061,12,2,true,0,0.000
dec-047,dec,d_b=5;m=3;gap=7;k=4;q=1;s=9,25,false,27,0.048,12,2,2048,0.061,12,2,true,0,0.000
dec-047,dec,d_b=5;m=3;gap=7;k=4;q=1;s=9,25,false,27,0.048,12,2,4096,0.060,12,2,true,0,0.000
dec-047,dec,d_b=5;m=3;gap=7;k=4;q=1;s=9,25,false,27,0.048,12,2,8192,0.061,12,2,true,0,0.000
dec-047,dec,d_b=5;m=3;gap=7;k=4;q=1;s=9,25,false,27,0.048,12,2,16384,0.060,12,2,true,0,0.000
mixed-015-2,mixed,seed=0x803c0dc14318a208;cycles=7;planted=1;d_b=16;m=5;gap=2;k=1,112953,false,16725,0.179,69,4,1,0.052,72,70,false,0,0.000
mixed-015-2,mixed,seed=0x803c0dc14318a208;cycles=7;planted=1;d_b=16;m=5;gap=2;k=1,112953,false,16725,0.179,69,4,2,0.055,72,70,false,0,0.000
mixed-015-2,mixed,seed=0x803c0dc14318a208;cycles=7;planted=1;d_b=16;m=5;gap=2;k=1,112953,false,16725,0.179,69,4,4,0.076,72,70,false,0,0.000
mixed-015-2,mixed,seed=0x803c0dc14318a208;cycles=7;planted=1;d_b=16;m=5;gap=2;k=1,112953,false,16725,0.179,69,4,8,0.124,72,70,false,0,0.000
mixed-015-2,mixed,seed=0x803c0dc14318a208;cycles=7;planted=1;d_b=16;m=5;gap=2;k=1,112953,false,16725,0.179,69,4,16,0.222,72,70,false,0,0.000
mixed-015-2,mixed,seed=0x803c0dc14318a208;cycles=7;planted=1;d_b=16;m=5;gap=2;k=1,112953,false,16725,0.179,69,4,32,0.407,69,4,true,0,0.000
mixed-015-2,mixed,seed=0x803c0dc14318a208;cycles=7;planted=1;d_b=16;m=5;gap=2;k=1,112953,false,16725,0.179,69,4,64,0.399,69,4,true,0,0.000
mixed-015-2,mixed,seed=0x803c0dc14318a208;cycles=7;planted=1;d_b=16;m=5;gap=2;k=1,112953,false,16725,0.179,69,4,128,0.398,69,4,true,0,0.000
mixed-015-2,mixed,seed=0x803c0dc14318a208;cycles=7;planted=1;d_b=16;m=5;gap=2;k=1,112953,false,16725,0.179,69,4,256,0.401,69,4,true,0,0.000
mixed-015-2,mixed,seed=0x803c0dc14318a208;cycles=7;planted=1;d_b=16;m=5;gap=2;k=1,112953,false,16725,0.179,69,4,512,0.396,69,4,true,0,0.000
mixed-015-2,mixed,seed=0x803c0dc14318a208;cycles=7;planted=1;d_b=16;m=5;gap=2;k=1,112953,false,16725,0.179,69,4,1024,0.390,69,4,true,0,0.000
mixed-015-2,mixed,seed=0x803c0dc14318a208;cycles=7;planted=1;d_b=16;m=5;gap=2;k=1,112953,false,16725,0.179,69,4,2048,0.391,69,4,true,0,0.000
mixed-015-2,mixed,seed=0x803c0dc14318a208;cycles=7;planted=1;d_b=16;m=5;gap=2;k=1,112953,false,16725,0.179,69,4,4096,0.389,69,4,true,0,0.000
mixed-015-2,mixed,seed=0x803c0dc14318a208;cycles=7;planted=1;d_b=16;m=5;gap=2;k=1,112953,false,16725,0.179,69,4,8192,0.390,69,4,true,0,0.000
mixed-015-2,mixed,seed=0x803c0dc14318a208;cycles=7;planted=1;d_b=16;m=5;gap=2;k=1,112953,false,16725,0.179,69,4,16384,0.388,69,4,true,0,0.000
rand-01-23,rand,seed=0x66e71a628994163b;cycles=7,112924,false,16742,0.077,22,6,1,0.066,22,6,false,0,0.000
rand-01-23,rand,seed=0x66e71a628994163b;cycles=7,112924,false,16742,0.077,22,6,2,0.094,22,6,false,0,0.000
rand-01-23,rand,seed=0x66e71a628994163b;cycles=7,112924,false,16742,0.077,22,6,4,0.184,22,6,true,0,0.000
rand-01-23,rand,seed=0x66e71a628994163b;cycles=7,112924,false,16742,0.077,22,6,8,0.174,22,6,true,0,0.000
rand-01-23,rand,seed=0x66e71a628994163b;cycles=7,112924,false,16742,0.077,22,6,16,0.171,22,6,true,0,0.000
rand-01-23,rand,seed=0x66e71a628994163b;cycles=7,112924,false,16742,0.077,22,6,32,0.174,22,6,true,0,0.000
rand-01-23,rand,seed=0x66e71a628994163b;cycles=7,112924,false,16742,0.077,22,6,64,0.166,22,6,true,0,0.000
rand-01-23,rand,seed=0x66e71a628994163b;cycles=7,112924,false,16742,0.077,22,6,128,0.165,22,6,true,0,0.000
rand-01-23,rand,seed=0x66e71a628994163b;cycles=7,112924,false,16742,0.077,22,6,256,0.163,22,6,true,0,0.000
rand-01-23,rand,seed=0x66e71a628994163b;cycles=7,112924,false,16742,0.077,22,6,512,0.164,22,6,true,0,0.000
rand-01-23,rand,seed=0x66e71a628994163b;cycles=7,112924,false,16742,0.077,22,6,1024,0.164,22,6,true,0,0.000
rand-01-23,rand,seed=0x66e71a628994163b;cycles=7,112924,false,16742,0.077,22,6,2048,0.164,22,6,true,0,0.000
rand-01-23,rand,seed=0x66e71a628994163b;cycles=7,112924,false,16742,0.077,22,6,4096,0.164,22,6,true,0,0.000
rand-01-23,rand,seed=0x66e71a628994163b;cycles=7,112924,false,16742,0.077,22,6,8192,0.164,22,6,true,0,0.000
rand-01-23,rand,seed=0x66e71a628994163b;cycles=7,112924,false,16742,0.077,22,6,16384,0.163,22,6,true,0,0.000
dec-048,dec,d_b=5;m=5;gap=1;k=1;q=3;s=11,10,false,12,0.034,22,2,1,0.012,23,22,false,0,0.000
dec-048,dec,d_b=5;m=5;gap=1;k=1;q=3;s=11,10,false,12,0.034,22,2,2,0.021,23,22,false,0,0.000
dec-048,dec,d_b=5;m=5;gap=1;k=1;q=3;s=11,10,false,12,0.034,22,2,4,0.032,22,2,false,0,0.000
dec-048,dec,d_b=5;m=5;gap=1;k=1;q=3;s=11,10,false,12,0.034,22,2,8,0.048,22,2,false,0,0.000
dec-048,dec,d_b=5;m=5;gap=1;k=1;q=3;s=11,10,false,12,0.034,22,2,16,0.053,22,2,true,0,0.000
dec-048,dec,d_b=5;m=5;gap=1;k=1;q=3;s=11,10,false,12,0.034,22,2,32,0.051,22,2,true,0,0.000
dec-048,dec,d_b=5;m=5;gap=1;k=1;q=3;s=11,10,false,12,0.034,22,2,64,0.051,22,2,true,0,0.000
dec-048,dec,d_b=5;m=5;gap=1;k=1;q=3;s=11,10,false,12,0.034,22,2,128,0.049,22,2,true,0,0.000
dec-048,dec,d_b=5;m=5;gap=1;k=1;q=3;s=11,10,false,12,0.034,22,2,256,0.049,22,2,true,0,0.000
dec-048,dec,d_b=5;m=5;gap=1;k=1;q=3;s=11,10,false,12,0.034,22,2,512,0.049,22,2,true,0,0.000
dec-048,dec,d_b=5;m=5;gap=1;k=1;q=3;s=11,10,false,12,0.034,22,2,1024,0.049,22,2,true,0,0.000
dec-048,dec,d_b=5;m=5;gap=1;k=1;q=3;s=11,10,false,12,0.034,22,2,2048,0.049,22,2,true,0,0.000
dec-048,dec,d_b=5;m=5;gap=1;k=1;q=3;s=11,10,false,12,0.034,22,2,4096,0.049,22,2,true,0,0.000
dec-048,dec,d_b=5;m=5;gap=1;k=1;q=3;s=11,10,false,12,0.034,22,2,8192,0.048,22,2,true,0,0.000
dec-048,dec,d_b=5;m=5;gap=1;k=1;q=3;s=11,10,false,12,0.034,22,2,16384,0.049,22,2,true,0,0.000
mixed-016-0,mixed,seed=0x5f5c059df54fbc37;cycles=7;planted=2;d_b=4;m=2;gap=1;k=2,25,false,27,0.042,13,4,1,0.015,15,12,false,0,0.000
mixed-016-0,mixed,seed=0x5f5c059df54fbc37;cycles=7;planted=2;d_b=4;m=2;gap=1;k=2,25,false,27,0.042,13,4,2,0.016,15,12,false,0,0.000
mixed-016-0,mixed,seed=0x5f5c059df54fbc37;cycles=7;planted=2;d_b=4;m=2;gap=1;k=2,25,false,27,0.042,13,4,4,0.020,15,12,false,0,0.000
mixed-016-0,mixed,seed=0x5f5c059df54fbc37;cycles=7;planted=2;d_b=4;m=2;gap=1;k=2,25,false,27,0.042,13,4,8,0.034,15,12,false,0,0.000
mixed-016-0,mixed,seed=0x5f5c059df54fbc37;cycles=7;planted=2;d_b=4;m=2;gap=1;k=2,25,false,27,0.042,13,4,16,0.062,13,4,false,0,0.000
mixed-016-0,mixed,seed=0x5f5c059df54fbc37;cycles=7;planted=2;d_b=4;m=2;gap=1;k=2,25,false,27,0.042,13,4,32,0.074,13,4,true,0,0.000
mixed-016-0,mixed,seed=0x5f5c059df54fbc37;cycles=7;planted=2;d_b=4;m=2;gap=1;k=2,25,false,27,0.042,13,4,64,0.072,13,4,true,0,0.000
mixed-016-0,mixed,seed=0x5f5c059df54fbc37;cycles=7;planted=2;d_b=4;m=2;gap=1;k=2,25,false,27,0.042,13,4,128,0.070,13,4,true,0,0.000
mixed-016-0,mixed,seed=0x5f5c059df54fbc37;cycles=7;planted=2;d_b=4;m=2;gap=1;k=2,25,false,27,0.042,13,4,256,0.070,13,4,true,0,0.000
mixed-016-0,mixed,seed=0x5f5c059df54fbc37;cycles=7;planted=2;d_b=4;m=2;gap=1;k=2,25,false,27,0.042,13,4,512,0.069,13,4,true,0,0.000
mixed-016-0,mixed,seed=0x5f5c059df54fbc37;cycles=7;planted=2;d_b=4;m=2;gap=1;k=2,25,false,27,0.042,13,4,1024,0.069,13,4,true,0,0.000
mixed-016-0,mixed,seed=0x5f5c059df54fbc37;cycles=7;planted=2;d_b=4;m=2;gap=1;k=2,25,false,27,0.042,13,4,2048,0.068,13,4,true,0,0.000
mixed-016-0,mixed,seed=0x5f5c059df54fbc37;cycles=7;planted=2;d_b=4;m=2;gap=1;k=2,25,false,27,0.042,13,4,4096,0.068,13,4,true,0,0.000
mixed-016-0,mixed,seed=0x5f5c059df54fbc37;cycles=7;planted=2;d_b=4;m=2;gap=1;k=2,25,false,27,0.042,13,4,8192,0.068,13,4,true,0,0.000
mixed-016-0,mixed,seed=0x5f5c059df54fbc37;cycles=7;planted=2;d_b=4;m=2;gap=1;k=2,25,false,27,0.042,13,4,16384,0.069,13,4,true,0,0.000
rand-02-00,rand,seed=0x7577da7752d10738;cycles=8,810541,false,84659,0.028,12,4,1,0.033,12,4,false,0,0.000
rand-02-00,rand,seed=0x7577da7752d10738;cycles=8,810541,false,84659,0.028,12,4,2,0.033,12,4,false,0,0.000
rand-02-00,rand,seed=0x7577da7752d10738;cycles=8,810541,false,84659,0.028,12,4,4,0.038,12,4,true,0,0.000
rand-02-00,rand,seed=0x7577da7752d10738;cycles=8,810541,false,84659,0.028,12,4,8,0.035,12,4,true,0,0.000
rand-02-00,rand,seed=0x7577da7752d10738;cycles=8,810541,false,84659,0.028,12,4,16,0.034,12,4,true,0,0.000
rand-02-00,rand,seed=0x7577da7752d10738;cycles=8,810541,false,84659,0.028,12,4,32,0.033,12,4,true,0,0.000
rand-02-00,rand,seed=0x7577da7752d10738;cycles=8,810541,false,84659,0.028,12,4,64,0.033,12,4,true,0,0.000
rand-02-00,rand,seed=0x7577da7752d10738;cycles=8,810541,false,84659,0.028,12,4,128,0.032,12,4,true,0,0.000
rand-02-00,rand,seed=0x7577da7752d10738;cycles=8,810541,false,84659,0.028,12,4,256,0.032,12,4,true,0,0.000
rand-02-00,rand,seed=0x7577da7752d10738;cycles=8,810541,false,84659,0.028,12,4,512,0.032,12,4,true,0,0.000
rand-02-00,rand,seed=0x7577da7752d10738;cycles=8,810541,false,84659,0.028,12,4,1024,0.032,12,4,true,0,0.000
rand-02-00,rand,seed=0x7577da7752d10738;cycles=8,810541,false,84659,0.028,12,4,2048,0.032,12,4,true,0,0.000
rand-02-00,rand,seed=0x7577da7752d10738;cycles=8,810541,false,84659,0.028,12,4,4096,0.032,12,4,true,0,0.000
rand-02-00,rand,seed=0x7577da7752d10738;cycles=8,810541,false,84659,0.028,12,4,8192,0.032,12,4,true,0,0.000
rand-02-00,rand,seed=0x7577da7752d10738;cycles=8,810541,false,84659,0.028,12,4,16384,0.032,12,4,true,0,0.000
dec-049,dec,d_b=5;m=5;gap=1;k=2;q=3;s=11,15,false,17,0.054,22,2,1,0.019,23,22,false,0,0.000
dec-049,dec,d_b=5;m=5;gap=1;k=2;q=3;s=11,15,false,17,0.054,22,2,2,0.019,23,22,false,0,0.000
dec-049,dec,d_b=5;m=5;gap=1;k=2;q=3;s=11,15,false,17,0.054,22,2,4,0.028,23,22,false,0,0.000
dec-049,dec,d_b=5;m=5;gap=1;k=2;q=3;s=11,15,false,17,0.054,22,2,8,0.055,22,2,false,0,0.000
dec-049,dec,d_b=5;m=5;gap=1;k=2;q=3;s=11,15,false,17,0.054,22,2,16,0.072,22,2,true,0,0.000
dec-049,dec,d_b=5;m=5;gap=1;k=2;q=3;s=11,15,false,17,0.054,22,2,32,0.069,22,2,true,0,0.000
dec-049,dec,d_b=5;m=5;gap=1;k=2;q=3;s=11,15,false,17,0.054,22,2,64,0.069,22,2,true,0,0.000
dec-049,dec,d_b=5;m=5;gap=1;k=2;q=3;s=11,15,false,17,0.054,22,2,128,0.067,22,2,true,0,0.000
dec-049,dec,d_b=5;m=5;gap=1;k=2;q=3;s=11,15,false,17,0.054,22,2,256,0.066,22,2,true,0,0.000
dec-049,dec,d_b=5;m=5;gap=1;k=2;q=3;s=11,15,false,17,0.054,22,2,512,0.066,22,2,true,0,0.000
dec-049,dec,d_b=5;m=5;gap=1;k=2;q=3;s=11,15,false,17,0.054,22,2,1024,0.066,22,2,true,0,0.000
dec-049,dec,d_b=5;m=5;gap=1;k=2;q=3;s=11,15,false,17,0.054,22,2,2048,0.066,22,2,true,0,0.000
dec-049,dec,d_b=5;m=5;gap=1;k=2;q=3;s=11,15,false,17,0.054,22,2,4096,0.065,22,2,true,0,0.000
dec-049,dec,d_b=5;m=5;gap=1;k=2;q=3;s=11,15,false,17,0.054,22,2,8192,0.065,22,2,true,0,0.000
dec-049,dec,d_b=5;m=5;gap=1;k=2;q=3;s=11,15,false,17,0.054,22,2,16384,0.065,22,2,true,0,0.000
mixed-016-1,mixed,seed=0x1d02d638966cdafe;cycles=7;planted=2;d_b=4;m=2;gap=1;k=2,210957,false,30169,0.082,21,10,1,0.072,23,18,false,0,0.000
mixed-016-1,mixed,seed=0x1d02d638966cdafe;cycles=7;planted=2;d_b=4;m=2;gap=1;k=2,210957,false,30169,0.082,21,10,2,0.070,23,18,false,0,0.000
mixed-016-1,mixed,seed=0x1d02d638966cdafe;cycles=7;planted=2;d_b=4;m=2;gap=1;k=2,210957,false,30169,0.082,21,10,4,0.077,23,18,false,0,0.000
mixed-016-1,mixed,seed=0x1d02d638966cdafe;cycles=7;planted=2;d_b=4;m=2;gap=1;k=2,210957,false,30169,0.082,21,10,8,0.105,23,18,false,0,0.000
mixed-016-1,mixed,seed=0x1d02d638966cdafe;cycles=7;planted=2;d_b=4;m=2;gap=1;k=2,210957,false,30169,0.082,21,10,16,0.164,21,10,false,0,0.000
mixed-016-1,mixed,seed=0x1d02d638966cdafe;cycles=7;planted=2;d_b=4;m=2;gap=1;k=2,210957,false,30169,0.082,21,10,32,0.215,21,10,true,0,0.000
mixed-016-1,mixed,seed=0x1d02d638966cdafe;cycles=7;planted=2;d_b=4;m=2;gap=1;k=2,210957,false,30169,0.082,21,10,64,0.207,21,10,true,0,0.000
mixed-016-1,mixed,seed=0x1d02d638966cdafe;cycles=7;planted=2;d_b=4;m=2;gap=1;k=2,210957,false,30169,0.082,21,10,128,0.205,21,10,true,0,0.000
mixed-016-1,mixed,seed=0x1d02d638966cdafe;cycles=7;planted=2;d_b=4;m=2;gap=1;k=2,210957,false,30169,0.082,21,10,256,0.212,21,10,true,0,0.000
mixed-016-1,mixed,seed=0x1d02d638966cdafe;cycles=7;planted=2;d_b=4;m=2;gap=1;k=2,210957,false,30169,0.082,21,10,512,0.202,21,10,true,0,0.000
mixed-016-1,mixed,seed=0x1d02d638966cdafe;cycles=7;planted=2;d_b=4;m=2;gap=1;k=2,210957,false,30169,0.082,21,10,1024,0.202,21,10,true,0,0.000
mixed-016-1,mixed,seed=0x1d02d638966cdafe;cycles=7;planted=2;d_b=4;m=2;gap=1;k=2,210957,false,30169,0.082,21,10,2048,0.207,21,10,true,0,0.000
mixed-016-1,mixed,seed=0x1d02d638966cdafe;cycles=7;planted=2;d_b=4;m=2;gap=1;k=2,210957,false,30169,0.082,21,10,4096,0.201,21,10,true,0,0.000
mixed-016-1,mixed,seed=0x1d02d638966cdafe;cycles=7;planted=2;d_b=4;m=2;gap=1;k=2,210957,false,30169,0.082,21,10,8192,0.198,21,10,true,0,0.000
mixed-016-1,mixed,seed=0x1d02d638966cdafe;cycles=7;planted=2;d_b=4;m=2;gap=1;k=2,210957,false,30169,0.082,21,10,16384,0.200,21,10,true,0,0.000
rand-02-01,rand,seed=0x97289fe851c391e0;cycles=8,1941285,false,190698,0.188,48,8,1,0.239,48,8,false,0,0.000
rand-02-01,rand,seed=0x97289fe851c391e0;cycles=8,1941285,false,190698,0.188,48,8,2,0.263,48,8,false,0,0.000
rand-02-01,rand,seed=0x97289fe851c391e0;cycles=8,1941285,false,190698,0.188,48,8,4,0.296,48,8,false,0,0.000
rand-02-01,rand,seed=0x97289fe851c391e0;cycles=8,1941285,false,190698,0.188,48,8,8,0.415,48,8,false,0,0.000
rand-02-01,rand,seed=0x97289fe851c391e0;cycles=8,1941285,false,190698,0.188,48,8,16,0.656,48,8,false,0,0.000
rand-02-01,rand,seed=0x97289fe851c391e0;cycles=8,1941285,false,190698,0.188,48,8,32,1.034,48,8,true,0,0.000
rand-02-01,rand,seed=0x97289fe851c391e0;cycles=8,1941285,false,190698,0.188,48,8,64,1.039,48,8,true,0,0.000
rand-02-01,rand,seed=0x97289fe851c391e0;cycles=8,1941285,false,190698,0.188,48,8,128,1.035,48,8,true,0,0.000
rand-02-01,rand,seed=0x97289fe851c391e0;cycles=8,1941285,false,190698,0.188,48,8,256,1.029,48,8,true,0,0.000
rand-02-01,rand,seed=0x97289fe851c391e0;cycles=8,1941285,false,190698,0.188,48,8,512,1.028,48,8,true,0,0.000
rand-02-01,rand,seed=0x97289fe851c391e0;cycles=8,1941285,false,190698,0.188,48,8,1024,1.027,48,8,true,0,0.000
rand-02-01,rand,seed=0x97289fe851c391e0;cycles=8,1941285,false,190698,0.188,48,8,2048,1.026,48,8,true,0,0.000
rand-02-01,rand,seed=0x97289fe851c391e0;cycles=8,1941285,false,190698,0.188,48,8,4096,1.024,48,8,true,0,0.000
rand-02-01,rand,seed=0x97289fe851c391e0;cycles=8,1941285,false,190698,0.188,48,8,8192,1.027,48,8,true,0,0.000
rand-02-01,rand,seed=0x97289fe851c391e0;cycles=8,1941285,false,190698,0.188,48,8,16384,1.024,48,8,true,0,0.000
dec-050,dec,d_b=5;m=5;gap=1;k=4;q=3;s=11,25,false,27,0.089,22,2,1,0.015,23,22,false,0,0.000
dec-050,dec,d_b=5;m=5;gap=1;k=4;q=3;s=11,25,false,27,0.089,22,2,2,0.021,23,22,false,0,0.000
dec-050,dec,d_b=5;m=5;gap=1;k=4;q=3;s=11,25,false,27,0.089,22,2,4,0.031,23,22,false,0,0.000
dec-050,dec,d_b=5;m=5;gap=1;k=4;q=3;s=11,25,false,27,0.089,22,2,8,0.055,23,22,false,0,0.000
dec-050,dec,d_b=5;m=5;gap=1;k=4;q=3;s=11,25,false,27,0.089,22,2,16,0.104,22,2,false,0,0.000
dec-050,dec,d_b=5;m=5;gap=1;k=4;q=3;s=11,25,false,27,0.089,22,2,32,0.112,22,2,true,0,0.000
dec-050,dec,d_b=5;m=5;gap=1;k=4;q=3;s=11,25,false,27,0.089,22,2,64,0.108,22,2,true,0,0.000
dec-050,dec,d_b=5;m=5;gap=1;k=4;q=3;s=11,25,false,27,0.089,22,2,128,0.106,22,2,true,0,0.000
dec-050,dec,d_b=5;m=5;gap=1;k=4;q=3;s=11,25,false,27,0.089,22,2,256,0.105,22,2,true,0,0.000
dec-050,dec,d_b=5;m=5;gap=1;k=4;q=3;s=11,25,false,27,0.089,22,2,512,0.104,22,2,true,0,0.000
dec-050,dec,d_b=5;m=5;gap=1;k=4;q=3;s=11,25,false,27,0.089,22,2,1024,0.104,22,2,true,0,0.000
dec-050,dec,d_b=5;m=5;gap=1;k=4;q=3;s=11,25,false,27,0.089,22,2,2048,0.105,22,2,true,0,0.000
dec-050,dec,d_b=5;m=5;gap=1;k=4;q=3;s=11,25,false,27,0.089,22,2,4096,0.104,22,2,true,0,0.000
dec-050,dec,d_b=5;m=5;gap=1;k=4;q=3;s=11,25,false,27,0.089,22,2,8192,0.104,22,2,true,0,0.000
dec-050,dec,d_b=5;m=5;gap=1;k=4;q=3;s=11,25,false,27,0.089,22,2,16384,0.105,22,2,true,0,0.000
mixed-016-2,mixed,seed=0x4e1d17b758cf996a;cycles=7;planted=2;d_b=4;m=2;gap=1;k=2,26,false,28,0.044,14,4,1,0.023,16,12,false,0,0.000
mixed-016-2,mixed,seed=0x4e1d17b758cf996a;cycles=7;planted=2;d_b=4;m=2;gap=1;k=2,26,false,28,0.044,14,4,2,0.019,16,12,false,0,0.000
mixed-016-2,mixed,seed=0x4e1d17b758cf996a;cycles=7;planted=2;d_b=4;m=2;gap=1;k=2,26,false,28,0.044,14,4,4,0.023,16,12,false,0,0.000
mixed-016-2,mixed,seed=0x4e1d17b758cf996a;cycles=7;planted=2;d_b=4;m=2;gap=1;k=2,26,false,28,0.044,14,4,8,0.037,16,12,false,0,0.000
mixed-016-2,mixed,seed=0x4e1d17b758cf996a;cycles=7;planted=2;d_b=4;m=2;gap=1;k=2,26,false,28,0.044,14,4,16,0.066,14,4,false,0,0.000
mixed-016-2,mixed,seed=0x4e1d17b758cf996a;cycles=7;planted=2;d_b=4;m=2;gap=1;k=2,26,false,28,0.044,14,4,32,0.082,14,4,true,0,0.000
mixed-016-2,mixed,seed=0x4e1d17b758cf996a;cycles=7;planted=2;d_b=4;m=2;gap=1;k=2,26,false,28,0.044,14,4,64,0.080,14,4,true,0,0.000
mixed-016-2,mixed,seed=0x4e1d17b758cf996a;cycles=7;planted=2;d_b=4;m=2;gap=1;k=2,26,false,28,0.044,14,4,128,0.079,14,4,true,0,0.000
mixed-016-2,mixed,seed=0x4e1d17b758cf996a;cycles=7;planted=2;d_b=4;m=2;gap=1;k=2,26,false,28,0.044,14,4,256,0.078,14,4,true,0,0.000
mixed-016-2,mixed,seed=0x4e1d17b758cf996a;cycles=7;planted=2;d_b=4;m=2;gap=1;k=2,26,false,28,0.044,14,4,512,0.078,14,4,true,0,0.000
mixed-016-2,mixed,seed=0x4e1d17b758cf996a;cycles=7;planted=2;d_b=4;m=2;gap=1;k=2,26,false,28,0.044,14,4,1024,0.077,14,4,true,0,0.000
mixed-016-2,mixed,seed=0x4e1d17b758cf996a;cycles=7;planted=2;d_b=4;m=2;gap=1;k=2,26,false,28,0.044,14,4,2048,0.087,14,4,true,0,0.000
mixed-016-2,mixed,seed=0x4e1d17b758cf996a;cycles=7;planted=2;d_b=4;m=2;gap=1;k=2,26,false,28,0.044,14,4,4096,0.078,14,4,true,0,0.000
mixed-016-2,mixed,seed=0x4e1d17b758cf996a;cycles=7;planted=2;d_b=4;m=2;gap=1;k=2,26,false,28,0.044,14,4,8192,0.077,14,4,true,0,0.000
mixed-016-2,mixed,seed=0x4e1d17b758cf996a;cycles=7;planted=2;d_b=4;m=2;gap=1;k=2,26,false,28,0.044,14,4,16384,0.078,14,4,true,0,0.000
rand-02-02,rand,seed=0x9b5b509d2603a22b;cycles=8,810541,false,84660,0.037,10,6,1,0.047,10,6,false,0,0.000
rand-02-02,rand,seed=0x9b5b509d2603a22b;cycles=8,810541,false,84660,0.037,10,6,2,0.048,10,6,false,0,0.000
rand-02-02,rand,seed=0x9b5b509d2603a22b;cycles=8,810541,false,84660,0.037,10,6,4,0.064,10,6,true,0,0.000
rand-02-02,rand,seed=0x9b5b509d2603a22b;cycles=8,810541,false,84660,0.037,10,6,8,0.060,10,6,true,0,0.000
rand-02-02,rand,seed=0x9b5b509d2603a22b;cycles=8,810541,false,84660,0.037,10,6,16,0.058,10,6,true,0,0.000
rand-02-02,rand,seed=0x9b5b509d2603a22b;cycles=8,810541,false,84660,0.037,10,6,32,0.057,10,6,true,0,0.000
rand-02-02,rand,seed=0x9b5b509d2603a22b;cycles=8,810541,false,84660,0.037,10,6,64,0.058,10,6,true,0,0.000
rand-02-02,rand,seed=0x9b5b509d2603a22b;cycles=8,810541,false,84660,0.037,10,6,128,0.056,10,6,true,0,0.000
rand-02-02,rand,seed=0x9b5b509d2603a22b;cycles=8,810541,false,84660,0.037,10,6,256,0.056,10,6,true,0,0.000
rand-02-02,rand,seed=0x9b5b509d2603a22b;cycles=8,810541,false,84660,0.037,10,6,512,0.056,10,6,true,0,0.000
rand-02-02,rand,seed=0x9b5b509d2603a22b;cycles=8,810541,false,84660,0.037,10,6,1024,0.056,10,6,true,0,0.000
rand-02-02,rand,seed=0x9b5b509d2603a22b;cycles=8,810541,false,84660,0.037,10,6,2048,0.056,10,6,true,0,0.000
rand-02-02,rand,seed=0x9b5b509d2603a22b;cycles=8,810541,false,84660,0.037,10,6,4096,0.057,10,6,true,0,0.000
rand-02-02,rand,seed=0x9b5b509d2603a22b;cycles=8,810541,false,84660,0.037,10,6,8192,0.056,10,6,true,0,0.000
rand-02-02,rand,seed=0x9b5b509d2603a22b;cycles=8,810541,false,84660,0.037,10,6,16384,0.056,10,6,true,0,0.000
dec-051,dec,d_b=5;m=5;gap=3;k=1;q=3;s=12,10,false,12,0.038,22,2,1,0.013,25,24,false,0,0.000
dec-051,dec,d_b=5;m=5;gap=3;k=1;q=3;s=12,10,false,12,0.038,22,2,2,0.021,25,24,false,0,0.000
dec-051,dec,d_b=5;m=5;gap=3;k=1;q=3;s=12,10,false,12,0.038,22,2,4,0.033,22,2,false,0,0.000
dec-051,dec,d_b=5;m=5;gap=3;k=1;q=3;s=12,10,false,12,0.038,22,2,8,0.051,22,2,false,0,0.000
dec-051,dec,d_b=5;m=5;gap=3;k=1;q=3;s=12,10,false,12,0.038,22,2,16,0.055,22,2,true,0,0.000
dec-051,dec,d_b=5;m=5;gap=3;k=1;q=3;s=12,10,false,12,0.038,22,2,32,0.053,22,2,true,0,0.000
dec-051,dec,d_b=5;m=5;gap=3;k=1;q=3;s=12,10,false,12,0.038,22,2,64,0.053,22,2,true,0,0.000
dec-051,dec,d_b=5;m=5;gap=3;k=1;q=3;s=12,10,false,12,0.038,22,2,128,0.051,22,2,true,0,0.000
dec-051,dec,d_b=5;m=5;gap=3;k=1;q=3;s=12,10,false,12,0.038,22,2,256,0.051,22,2,true,0,0.000
dec-051,dec,d_b=5;m=5;gap=3;k=1;q=3;s=12,10,false,12,0.038,22,2,512,0.051,22,2,true,0,0.000
dec-051,dec,d_b=5;m=5;gap=3;k=1;q=3;s=12,10,false,12,0.038,22,2,1024,0.051,22,2,true,0,0.000
dec-051,dec,d_b=5;m=5;gap=3;k=1;q=3;s=12,10,false,12,0.038,22,2,2048,0.051,22,2,true,0,0.000
dec-051,dec,d_b=5;m=5;gap=3;k=1;q=3;s=12,10,false,12,0.038,22,2,4096,0.051,22,2,true,0,0.000
dec-051,dec,d_b=5;m=5;gap=3;k=1;q=3;s=12,10,false,12,0.038,22,2,8192,0.051,22,2,true,0,0.000
dec-051,dec,d_b=5;m=5;gap=3;k=1;q=3;s=12,10,false,12,0.038,22,2,16384,0.051,22,2,true,0,0.000
mixed-017-0,mixed,seed=0x6a7074260d21122c;cycles=7;planted=2;d_b=8;m=3;gap=2;k=2,382518,false,50459,0.297,60,12,1,0.259,66,48,false,0,0.000
mixed-017-0,mixed,seed=0x6a7074260d21122c;cycles=7;planted=2;d_b=8;m=3;gap=2;k=2,382518,false,50459,0.297,60,12,2,0.262,66,48,false,0,0.000
mixed-017-0,mixed,seed=0x6a7074260d21122c;cycles=7;planted=2;d_b=8;m=3;gap=2;k=2,382518,false,50459,0.297,60,12,4,0.300,66,48,false,0,0.000
mixed-017-0,mixed,seed=0x6a7074260d21122c;cycles=7;planted=2;d_b=8;m=3;gap=2;k=2,382518,false,50459,0.297,60,12,8,0.416,66,48,false,0,0.000
mixed-017-0,mixed,seed=0x6a7074260d21122c;cycles=7;planted=2;d_b=8;m=3;gap=2;k=2,382518,false,50459,0.297,60,12,16,0.684,66,48,false,0,0.000
mixed-017-0,mixed,seed=0x6a7074260d21122c;cycles=7;planted=2;d_b=8;m=3;gap=2;k=2,382518,false,50459,0.297,60,12,32,1.261,60,12,false,0,0.000
mixed-017-0,mixed,seed=0x6a7074260d21122c;cycles=7;planted=2;d_b=8;m=3;gap=2;k=2,382518,false,50459,0.297,60,12,64,1.781,60,12,true,0,0.000
mixed-017-0,mixed,seed=0x6a7074260d21122c;cycles=7;planted=2;d_b=8;m=3;gap=2;k=2,382518,false,50459,0.297,60,12,128,1.780,60,12,true,0,0.000
mixed-017-0,mixed,seed=0x6a7074260d21122c;cycles=7;planted=2;d_b=8;m=3;gap=2;k=2,382518,false,50459,0.297,60,12,256,1.757,60,12,true,0,0.000
mixed-017-0,mixed,seed=0x6a7074260d21122c;cycles=7;planted=2;d_b=8;m=3;gap=2;k=2,382518,false,50459,0.297,60,12,512,1.782,60,12,true,0,0.000
mixed-017-0,mixed,seed=0x6a7074260d21122c;cycles=7;planted=2;d_b=8;m=3;gap=2;k=2,382518,false,50459,0.297,60,12,1024,1.751,60,12,true,0,0.000
mixed-017-0,mixed,seed=0x6a7074260d21122c;cycles=7;planted=2;d_b=8;m=3;gap=2;k=2,382518,false,50459,0.297,60,12,2048,1.904,60,12,true,0,0.000
mixed-017-0,mixed,seed=0x6a7074260d21122c;cycles=7;planted=2;d_b=8;m=3;gap=2;k=2,382518,false,50459,0.297,60,12,4096,1.740,60,12,true,0,0.000
mixed-017-0,mixed,seed=0x6a7074260d21122c;cycles=7;planted=2;d_b=8;m=3;gap=2;k=2,382518,false,50459,0.297,60,12,8192,1.759,60,12,true,0,0.000
mixed-017-0,mixed,seed=0x6a7074260d21122c;cycles=7;planted=2;d_b=8;m=3;gap=2;k=2,382518,false,50459,0.297,60,12,16384,1.741,60,12,true,0,0.000
rand-02-03,rand,seed=0xaa270e2a66aac4da;cycles=8,1501013,false,152137,0.039,7,4,1,0.041,7,4,false,0,0.000
rand-02-03,rand,seed=0xaa270e2a66aac4da;cycles=8,1501013,false,152137,0.039,7,4,2,0.037,7,4,false,0,0.000
rand-02-03,rand,seed=0xaa270e2a66aac4da;cycles=8,1501013,false,152137,0.039,7,4,4,0.041,7,4,true,0,0.000
rand-02-03,rand,seed=0xaa270e2a66aac4da;cycles=8,1501013,false,152137,0.039,7,4,8,0.040,7,4,true,0,0.000
rand-02-03,rand,seed=0xaa270e2a66aac4da;cycles=8,1501013,false,152137,0.039,7,4,16,0.037,7,4,true,0,0.000
rand-02-03,rand,seed=0xaa270e2a66aac4da;cycles=8,1501013,false,152137,0.039,7,4,32,0.038,7,4,true,0,0.000
rand-02-03,rand,seed=0xaa270e2a66aac4da;cycles=8,1501013,false,152137,0.039,7,4,64,0.036,7,4,true,0,0.000
rand-02-03,rand,seed=0xaa270e2a66aac4da;cycles=8,1501013,false,152137,0.039,7,4,128,0.037,7,4,true,0,0.000
rand-02-03,rand,seed=0xaa270e2a66aac4da;cycles=8,1501013,false,152137,0.039,7,4,256,0.036,7,4,true,0,0.000
rand-02-03,rand,seed=0xaa270e2a66aac4da;cycles=8,1501013,false,152137,0.039,7,4,512,0.036,7,4,true,0,0.000
rand-02-03,rand,seed=0xaa270e2a66aac4da;cycles=8,1501013,false,152137,0.039,7,4,1024,0.035,7,4,true,0,0.000
rand-02-03,rand,seed=0xaa270e2a66aac4da;cycles=8,1501013,false,152137,0.039,7,4,2048,0.037,7,4,true,0,0.000
rand-02-03,rand,seed=0xaa270e2a66aac4da;cycles=8,1501013,false,152137,0.039,7,4,4096,0.035,7,4,true,0,0.000
rand-02-03,rand,seed=0xaa270e2a66aac4da;cycles=8,1501013,false,152137,0.039,7,4,8192,0.037,7,4,true,0,0.000
rand-02-03,rand,seed=0xaa270e2a66aac4da;cycles=8,1501013,false,152137,0.039,7,4,16384,0.036,7,4,true,0,0.000
dec-052,dec,d_b=5;m=5;gap=3;k=2;q=3;s=12,15,false,17,0.057,22,2,1,0.014,25,24,false,0,0.000
dec-052,dec,d_b=5;m=5;gap=3;k=2;q=3;s=12,15,false,17,0.057,22,2,2,0.019,25,24,false,0,0.000
dec-052,dec,d_b=5;m=5;gap=3;k=2;q=3;s=12,15,false,17,0.057,22,2,4,0.030,25,24,false,0,0.000
dec-052,dec,d_b=5;m=5;gap=3;k=2;q=3;s=12,15,false,17,0.057,22,2,8,0.056,22,2,false,0,0.000
dec-052,dec,d_b=5;m=5;gap=3;k=2;q=3;s=12,15,false,17,0.057,22,2,16,0.073,22,2,true,0,0.000
dec-052,dec,d_b=5;m=5;gap=3;k=2;q=3;s=12,15,false,17,0.057,22,2,32,0.072,22,2,true,0,0.000
dec-052,dec,d_b=5;m=5;gap=3;k=2;q=3;s=12,15,false,17,0.057,22,2,64,0.069,22,2,true,0,0.000
dec-052,dec,d_b=5;m=5;gap=3;k=2;q=3;s=12,15,false,17,0.057,22,2,128,0.069,22,2,true,0,0.000
dec-052,dec,d_b=5;m=5;gap=3;k=2;q=3;s=12,15,false,17,0.057,22,2,256,0.067,22,2,true,0,0.000
dec-052,dec,d_b=5;m=5;gap=3;k=2;q=3;s=12,15,false,17,0.057,22,2,512,0.068,22,2,true,0,0.000
dec-052,dec,d_b=5;m=5;gap=3;k=2;q=3;s=12,15,false,17,0.057,22,2,1024,0.067,22,2,true,0,0.000
dec-052,dec,d_b=5;m=5;gap=3;k=2;q=3;s=12,15,false,17,0.057,22,2,2048,0.068,22,2,true,0,0.000
dec-052,dec,d_b=5;m=5;gap=3;k=2;q=3;s=12,15,false,17,0.057,22,2,4096,0.066,22,2,true,0,0.000
dec-052,dec,d_b=5;m=5;gap=3;k=2;q=3;s=12,15,false,17,0.057,22,2,8192,0.068,22,2,true,0,0.000
dec-052,dec,d_b=5;m=5;gap=3;k=2;q=3;s=12,15,false,17,0.057,22,2,16384,0.066,22,2,true,0,0.000
mixed-017-1,mixed,seed=0x95572813e7a38c08;cycles=7;planted=2;d_b=8;m=3;gap=2;k=2,210272,false,30124,0.171,44,8,1,0.069,50,44,false,0,0.000
mixed-017-1,mixed,seed=0x95572813e7a38c08;cycles=7;planted=2;d_b=8;m=3;gap=2;k=2,210272,false,30124,0.171,44,8,2,0.074,50,44,false,0,0.000
mixed-017-1,mixed,seed=0x95572813e7a38c08;cycles=7;planted=2;d_b=8;m=3;gap=2;k=2,210272,false,30124,0.171,44,8,4,0.081,50,44,false,0,0.000
mixed-017-1,mixed,seed=0x95572813e7a38c08;cycles=7;planted=2;d_b=8;m=3;gap=2;k=2,210272,false,30124,0.171,44,8,8,0.117,50,44,false,0,0.000
mixed-017-1,mixed,seed=0x95572813e7a38c08;cycles=7;planted=2;d_b=8;m=3;gap=2;k=2,210272,false,30124,0.171,44,8,16,0.186,50,44,false,0,0.000
mixed-017-1,mixed,seed=0x95572813e7a38c08;cycles=7;planted=2;d_b=8;m=3;gap=2;k=2,210272,false,30124,0.171,44,8,32,0.358,44,8,false,0,0.000
mixed-017-1,mixed,seed=0x95572813e7a38c08;cycles=7;planted=2;d_b=8;m=3;gap=2;k=2,210272,false,30124,0.171,44,8,64,0.450,44,8,true,0,0.000
mixed-017-1,mixed,seed=0x95572813e7a38c08;cycles=7;planted=2;d_b=8;m=3;gap=2;k=2,210272,false,30124,0.171,44,8,128,0.442,44,8,true,0,0.000
mixed-017-1,mixed,seed=0x95572813e7a38c08;cycles=7;planted=2;d_b=8;m=3;gap=2;k=2,210272,false,30124,0.171,44,8,256,0.445,44,8,true,0,0.000
mixed-017-1,mixed,seed=0x95572813e7a38c08;cycles=7;planted=2;d_b=8;m=3;gap=2;k=2,210272,false,30124,0.171,44,8,512,0.435,44,8,true,0,0.000
mixed-017-1,mixed,seed=0x95572813e7a38c08;cycles=7;planted=2;d_b=8;m=3;gap=2;k=2,210272,false,30124,0.171,44,8,1024,0.436,44,8,true,0,0.000
mixed-017-1,mixed,seed=0x95572813e7a38c08;cycles=7;planted=2;d_b=8;m=3;gap=2;k=2,210272,false,30124,0.171,44,8,2048,0.431,44,8,true,0,0.000
mixed-017-1,mixed,seed=0x95572813e7a38c08;cycles=7;planted=2;d_b=8;m=3;gap=2;k=2,210272,false,30124,0.171,44,8,4096,0.434,44,8,true,0,0.000
mixed-017-1,mixed,seed=0x95572813e7a38c08;cycles=7;planted=2;d_b=8;m=3;gap=2;k=2,210272,false,30124,0.171,44,8,8192,0.430,44,8,true,0,0.000
mixed-017-1,mixed,seed=0x95572813e7a38c08;cycles=7;planted=2;d_b=8;m=3;gap=2;k=2,210272,false,30124,0.171,44,8,16384,0.440,44,8,true,0,0.000
rand-02-04,rand,seed=0xa8873aa01afe6378;cycles=8,2093836,false,206199,0.048,9,6,1,0.058,9,6,false,0,0.000
rand-02-04,rand,seed=0xa8873aa01afe6378;cycles=8,2093836,false,206199,0.048,9,6,2,0.048,9,6,false,0,0.000
rand-02-04,rand,seed=0xa8873aa01afe6378;cycles=8,2093836,false,206199,0.048,9,6,4,0.059,9,6,true,0,0.000
rand-02-04,rand,seed=0xa8873aa01afe6378;cycles=8,2093836,false,206199,0.048,9,6,8,0.052,9,6,true,0,0.000
rand-02-04,rand,seed=0xa8873aa01afe6378;cycles=8,2093836,false,206199,0.048,9,6,16,0.052,9,6,true,0,0.000
rand-02-04,rand,seed=0xa8873aa01afe6378;cycles=8,2093836,false,206199,0.048,9,6,32,0.049,9,6,true,0,0.000
rand-02-04,rand,seed=0xa8873aa01afe6378;cycles=8,2093836,false,206199,0.048,9,6,64,0.049,9,6,true,0,0.000
rand-02-04,rand,seed=0xa8873aa01afe6378;cycles=8,2093836,false,206199,0.048,9,6,128,0.049,9,6,true,0,0.000
rand-02-04,rand,seed=0xa8873aa01afe6378;cycles=8,2093836,false,206199,0.048,9,6,256,0.048,9,6,true,0,0.000
rand-02-04,rand,seed=0xa8873aa01afe6378;cycles=8,2093836,false,206199,0.048,9,6,512,0.048,9,6,true,0,0.000
rand-02-04,rand,seed=0xa8873aa01afe6378;cycles=8,2093836,false,206199,0.048,9,6,1024,0.048,9,6,true,0,0.000
rand-02-04,rand,seed=0xa8873aa01afe6378;cycles=8,2093836,false,206199,0.048,9,6,2048,0.049,9,6,true,0,0.000
rand-02-04,rand,seed=0xa8873aa01afe6378;cycles=8,2093836,false,206199,0.048,9,6,4096,0.047,9,6,true,0,0.000
rand-02-04,rand,seed=0xa8873aa01afe6378;cycles=8,2093836,false,206199,0.048,9,6,8192,0.049,9,6,true,0,0.000
rand-02-04,rand,seed=0xa8873aa01afe6378;cycles=8,2093836,false,206199,0.048,9,6,16384,0.048,9,6,true,0,0.000
dec-053,dec,d_b=5;m=5;gap=3;k=4;q=3;s=12,25,false,27,0.093,22,2,1,0.017,25,24,false,0,0.000
dec-053,dec,d_b=5;m=5;gap=3;k=4;q=3;s=12,25,false,27,0.093,22,2,2,0.020,25,24,false,0,0.000
dec-053,dec,d_b=5;m=5;gap=3;k=4;q=3;s=12,25,false,27,0.093,22,2,4,0.032,25,24,false,0,0.000
dec-053,dec,d_b=5;m=5;gap=3;k=4;q=3;s=12,25,false,27,0.093,22,2,8,0.054,25,24,false,0,0.000
dec-053,dec,d_b=5;m=5;gap=3;k=4;q=3;s=12,25,false,27,0.093,22,2,16,0.106,22,2,false,0,0.000
dec-053,dec,d_b=5;m=5;gap=3;k=4;q=3;s=12,25,false,27,0.093,22,2,32,0.112,22,2,true,0,0.000
dec-053,dec,d_b=5;m=5;gap=3;k=4;q=3;s=12,25,false,27,0.093,22,2,64,0.110,22,2,true,0,0.000
dec-053,dec,d_b=5;m=5;gap=3;k=4;q=3;s=12,25,false,27,0.093,22,2,128,0.108,22,2,true,0,0.000
dec-053,dec,d_b=5;m=5;gap=3;k=4;q=3;s=12,25,false,27,0.093,22,2,256,0.107,22,2,true,0,0.000
dec-053,dec,d_b=5;m=5;gap=3;k=4;q=3;s=12,25,false,27,0.093,22,2,512,0.106,22,2,true,0,0.000
dec-053,dec,d_b=5;m=5;gap=3;k=4;q=3;s=12,25,false,27,0.093,22,2,1024,0.106,22,2,true,0,0.000
dec-053,dec,d_b=5;m=5;gap=3;k=4;q=3;s=12,25,false,27,0.093,22,2,2048,0.113,22,2,true,0,0.000
dec-053,dec,d_b=5;m=5;gap=3;k=4;q=3;s=12,25,false,27,0.093,22,2,4096,0.107,22,2,true,0,0.000
dec-053,dec,d_b=5;m=5;gap=3;k=4;q=3;s=12,25,false,27,0.093,22,2,8192,0.131,22,2,true,0,0.000
dec-053,dec,d_b=5;m=5;gap=3;k=4;q=3;s=12,25,false,27,0.093,22,2,16384,0.109,22,2,true,0,0.000
mixed-017-2,mixed,seed=0x16bfcd0faed9f741;cycles=7;planted=2;d_b=8;m=3;gap=2;k=2,112974,false,16752,0.164,51,12,1,0.063,57,48,false,0,0.000
mixed-017-2,mixed,seed=0x16bfcd0faed9f741;cycles=7;planted=2;d_b=8;m=3;gap=2;k=2,112974,false,16752,0.164,51,12,2,0.054,57,48,false,0,0.000
mixed-017-2,mixed,seed=0x16bfcd0faed9f741;cycles=7;planted=2;d_b=8;m=3;gap=2;k=2,112974,false,16752,0.164,51,12,4,0.061,57,48,false,0,0.000
mixed-017-2,mixed,seed=0x16bfcd0faed9f741;cycles=7;planted=2;d_b=8;m=3;gap=2;k=2,112974,false,16752,0.164,51,12,8,0.096,57,48,false,0,0.000
mixed-017-2,mixed,seed=0x16bfcd0faed9f741;cycles=7;planted=2;d_b=8;m=3;gap=2;k=2,112974,false,16752,0.164,51,12,16,0.145,57,48,false,0,0.000
mixed-017-2,mixed,seed=0x16bfcd0faed9f741;cycles=7;planted=2;d_b=8;m=3;gap=2;k=2,112974,false,16752,0.164,51,12,32,0.265,51,12,false,0,0.000
mixed-017-2,mixed,seed=0x16bfcd0faed9f741;cycles=7;planted=2;d_b=8;m=3;gap=2;k=2,112974,false,16752,0.164,51,12,64,0.356,51,12,true,0,0.000
mixed-017-2,mixed,seed=0x16bfcd0faed9f741;cycles=7;planted=2;d_b=8;m=3;gap=2;k=2,112974,false,16752,0.164,51,12,128,0.351,51,12,true,0,0.000
mixed-017-2,mixed,seed=0x16bfcd0faed9f741;cycles=7;planted=2;d_b=8;m=3;gap=2;k=2,112974,false,16752,0.164,51,12,256,0.345,51,12,true,0,0.000
mixed-017-2,mixed,seed=0x16bfcd0faed9f741;cycles=7;planted=2;d_b=8;m=3;gap=2;k=2,112974,false,16752,0.164,51,12,512,0.342,51,12,true,0,0.000
mixed-017-2,mixed,seed=0x16bfcd0faed9f741;cycles=7;planted=2;d_b=8;m=3;gap=2;k=2,112974,false,16752,0.164,51,12,1024,0.340,51,12,true,0,0.000
mixed-017-2,mixed,seed=0x16bfcd0faed9f741;cycles=7;planted=2;d_b=8;m=3;gap=2;k=2,112974,false,16752,0.164,51,12,2048,0.346,51,12,true,0,0.000
mixed-017-2,mixed,seed=0x16bfcd0faed9f741;cycles=7;planted=2;d_b=8;m=3;gap=2;k=2,112974,false,16752,0.164,51,12,4096,0.339,51,12,true,0,0.000
mixed-017-2,mixed,seed=0x16bfcd0faed9f741;cycles=7;planted=2;d_b=8;m=3;gap=2;k=2,112974,false,16752,0.164,51,12,8192,0.339,51,12,true,0,0.000
mixed-017-2,mixed,seed=0x16bfcd0faed9f741;cycles=7;planted=2;d_b=8;m=3;gap=2;k=2,112974,false,16752,0.164,51,12,16384,0.343,51,12,true,0,0.000
rand-02-05,rand,seed=0xf535ab59730bb65e;cycles=8,810540,false,84657,0.028,9,4,1,0.036,9,4,false,0,0.000
rand-02-05,rand,seed=0xf535ab59730bb65e;cycles=8,810540,false,84657,0.028,9,4,2,0.029,9,4,false,0,0.000
rand-02-05,rand,seed=0xf535ab59730bb65e;cycles=8,810540,false,84657,0.028,9,4,4,0.037,9,4,true,0,0.000
rand-02-05,rand,seed=0xf535ab59730bb65e;cycles=8,810540,false,84657,0.028,9,4,8,0.032,9,4,true,0,0.000
rand-02-05,rand,seed=0xf535ab59730bb65e;cycles=8,810540,false,84657,0.028,9,4,16,0.030,9,4,true,0,0.000
rand-02-05,rand,seed=0xf535ab59730bb65e;cycles=8,810540,false,84657,0.028,9,4,32,0.030,9,4,true,0,0.000
rand-02-05,rand,seed=0xf535ab59730bb65e;cycles=8,810540,false,84657,0.028,9,4,64,0.029,9,4,true,0,0.000
rand-02-05,rand,seed=0xf535ab59730bb65e;cycles=8,810540,false,84657,0.028,9,4,128,0.029,9,4,true,0,0.000
rand-02-05,rand,seed=0xf535ab59730bb65e;cycles=8,810540,false,84657,0.028,9,4,256,0.028,9,4,true,0,0.000
rand-02-05,rand,seed=0xf535ab59730bb65e;cycles=8,810540,false,84657,0.028,9,4,512,0.029,9,4,true,0,0.000
rand-02-05,rand,seed=0xf535ab59730bb65e;cycles=8,810540,false,84657,0.028,9,4,1024,0.028,9,4,true,0,0.000
rand-02-05,rand,seed=0xf535ab59730bb65e;cycles=8,810540,false,84657,0.028,9,4,2048,0.029,9,4,true,0,0.000
rand-02-05,rand,seed=0xf535ab59730bb65e;cycles=8,810540,false,84657,0.028,9,4,4096,0.028,9,4,true,0,0.000
rand-02-05,rand,seed=0xf535ab59730bb65e;cycles=8,810540,false,84657,0.028,9,4,8192,0.028,9,4,true,0,0.000
rand-02-05,rand,seed=0xf535ab59730bb65e;cycles=8,810540,false,84657,0.028,9,4,16384,0.028,9,4,true,0,0.000
dec-054,dec,d_b=5;m=5;gap=7;k=1;q=3;s=14,10,false,12,0.040,22,2,1,0.014,29,28,false,0,0.000
dec-054,dec,d_b=5;m=5;gap=7;k=1;q=3;s=14,10,false,12,0.040,22,2,2,0.024,29,28,false,0,0.000
dec-054,dec,d_b=5;m=5;gap=7;k=1;q=3;s=14,10,false,12,0.040,22,2,4,0.032,22,2,false,0,0.000
dec-054,dec,d_b=5;m=5;gap=7;k=1;q=3;s=14,10,false,12,0.040,22,2,8,0.055,22,2,false,0,0.000
dec-054,dec,d_b=5;m=5;gap=7;k=1;q=3;s=14,10,false,12,0.040,22,2,16,0.058,22,2,true,0,0.000
dec-054,dec,d_b=5;m=5;gap=7;k=1;q=3;s=14,10,false,12,0.040,22,2,32,0.057,22,2,true,0,0.000
dec-054,dec,d_b=5;m=5;gap=7;k=1;q=3;s=14,10,false,12,0.040,22,2,64,0.055,22,2,true,0,0.000
dec-054,dec,d_b=5;m=5;gap=7;k=1;q=3;s=14,10,false,12,0.040,22,2,128,0.054,22,2,true,0,0.000
dec-054,dec,d_b=5;m=5;gap=7;k=1;q=3;s=14,10,false,12,0.040,22,2,256,0.054,22,2,true,0,0.000
dec-054,dec,d_b=5;m=5;gap=7;k=1;q=3;s=14,10,false,12,0.040,22,2,512,0.053,22,2,true,0,0.000
dec-054,dec,d_b=5;m=5;gap=7;k=1;q=3;s=14,10,false,12,0.040,22,2,1024,0.054,22,2,true,0,0.000
dec-054,dec,d_b=5;m=5;gap=7;k=1;q=3;s=14,10,false,12,0.040,22,2,2048,0.053,22,2,true,0,0.000
dec-054,dec,d_b=5;m=5;gap=7;k=1;q=3;s=14,10,false,12,0.040,22,2,4096,0.054,22,2,true,0,0.000
dec-054,dec,d_b=5;m=5;gap=7;k=1;q=3;s=14,10,false,12,0.040,22,2,8192,0.053,22,2,true,0,0.000
dec-054,dec,d_b=5;m=5;gap=7;k=1;q=3;s=14,10,false,12,0.040,22,2,16384,0.053,22,2,true,0,0.000
mixed-018-0,mixed,seed=0xa2e678f1abf17b10;cycles=7;planted=2;d_b=12;m=2;gap=6;k=4,123,false,125,0.205,31,4,1,0.030,45,40,false,0,0.000
mixed-018-0,mixed,seed=0xa2e678f1abf17b10;cycles=7;planted=2;d_b=12;m=2;gap=6;k=4,123,false,125,0.205,31,4,2,0.031,45,40,false,0,0.000
mixed-018-0,mixed,seed=0xa2e678f1abf17b10;cycles=7;planted=2;d_b=12;m=2;gap=6;k=4,123,false,125,0.205,31,4,4,0.039,45,40,false,0,0.000
mixed-018-0,mixed,seed=0xa2e678f1abf17b10;cycles=7;planted=2;d_b=12;m=2;gap=6;k=4,123,false,125,0.205,31,4,8,0.060,45,40,false,0,0.000
mixed-018-0,mixed,seed=0xa2e678f1abf17b10;cycles=7;planted=2;d_b=12;m=2;gap=6;k=4,123,false,125,0.205,31,4,16,0.124,45,40,false,0,0.000
mixed-018-0,mixed,seed=0xa2e678f1abf17b10;cycles=7;planted=2;d_b=12;m=2;gap=6;k=4,123,false,125,0.205,31,4,32,0.216,38,22,false,0,0.000
mixed-018-0,mixed,seed=0xa2e678f1abf17b10;cycles=7;planted=2;d_b=12;m=2;gap=6;k=4,123,false,125,0.205,31,4,64,0.415,31,4,true,0,0.000
mixed-018-0,mixed,seed=0xa2e678f1abf17b10;cycles=7;planted=2;d_b=12;m=2;gap=6;k=4,123,false,125,0.205,31,4,128,0.404,31,4,true,0,0.000
mixed-018-0,mixed,seed=0xa2e678f1abf17b10;cycles=7;planted=2;d_b=12;m=2;gap=6;k=4,123,false,125,0.205,31,4,256,0.401,31,4,true,0,0.000
mixed-018-0,mixed,seed=0xa2e678f1abf17b10;cycles=7;planted=2;d_b=12;m=2;gap=6;k=4,123,false,125,0.205,31,4,512,0.398,31,4,true,0,0.000
mixed-018-0,mixed,seed=0xa2e678f1abf17b10;cycles=7;planted=2;d_b=12;m=2;gap=6;k=4,123,false,125,0.205,31,4,1024,0.422,31,4,true,0,0.000
mixed-018-0,mixed,seed=0xa2e678f1abf17b10;cycles=7;planted=2;d_b=12;m=2;gap=6;k=4,123,false,125,0.205,31,4,2048,0.394,31,4,true,0,0.000
mixed-018-0,mixed,seed=0xa2e678f1abf17b10;cycles=7;planted=2;d_b=12;m=2;gap=6;k=4,123,false,125,0.205,31,4,4096,0.402,31,4,true,0,0.000
mixed-018-0,mixed,seed=0xa2e678f1abf17b10;cycles=7;planted=2;d_b=12;m=2;gap=6;k=4,123,false,125,0.205,31,4,8192,0.392,31,4,true,0,0.000
mixed-018-0,mixed,seed=0xa2e678f1abf17b10;cycles=7;planted=2;d_b=12;m=2;gap=6;k=4,123,false,125,0.205,31,4,16384,0.398,31,4,true,0,0.000
rand-02-06,rand,seed=0xef3858f77adb5493;cycles=8,810546,false,84706,0.106,26,4,1,0.105,26,4,false,0,0.000
rand-02-06,rand,seed=0xef3858f77adb5493;cycles=8,810546,false,84706,0.106,26,4,2,0.111,26,4,false,0,0.000
rand-02-06,rand,seed=0xef3858f77adb5493;cycles=8,810546,false,84706,0.106,26,4,4,0.145,26,4,false,0,0.000
rand-02-06,rand,seed=0xef3858f77adb5493;cycles=8,810546,false,84706,0.106,26,4,8,0.208,26,4,false,0,0.000
rand-02-06,rand,seed=0xef3858f77adb5493;cycles=8,810546,false,84706,0.106,26,4,16,0.256,26,4,true,0,0.000
rand-02-06,rand,seed=0xef3858f77adb5493;cycles=8,810546,false,84706,0.106,26,4,32,0.252,26,4,true,0,0.000
rand-02-06,rand,seed=0xef3858f77adb5493;cycles=8,810546,false,84706,0.106,26,4,64,0.246,26,4,true,0,0.000
rand-02-06,rand,seed=0xef3858f77adb5493;cycles=8,810546,false,84706,0.106,26,4,128,0.246,26,4,true,0,0.000
rand-02-06,rand,seed=0xef3858f77adb5493;cycles=8,810546,false,84706,0.106,26,4,256,0.243,26,4,true,0,0.000
rand-02-06,rand,seed=0xef3858f77adb5493;cycles=8,810546,false,84706,0.106,26,4,512,0.242,26,4,true,0,0.000
rand-02-06,rand,seed=0xef3858f77adb5493;cycles=8,810546,false,84706,0.106,26,4,1024,0.239,26,4,true,0,0.000
rand-02-06,rand,seed=0xef3858f77adb5493;cycles=8,810546,false,84706,0.106,26,4,2048,0.244,26,4,true,0,0.000
rand-02-06,rand,seed=0xef3858f77adb5493;cycles=8,810546,false,84706,0.106,26,4,4096,0.239,26,4,true,0,0.000
rand-02-06,rand,seed=0xef3858f77adb5493;cycles=8,810546,false,84706,0.106,26,4,8192,0.244,26,4,true,0,0.000
rand-02-06,rand,seed=0xef3858f77adb5493;cycles=8,810546,false,84706,0.106,26,4,16384,0.239,26,4,true,0,0.000
dec-055,dec,d_b=5;m=5;gap=7;k=2;q=3;s=14,15,false,17,0.050,22,2,1,0.015,29,28,false,0,0.000
dec-055,dec,d_b=5;m=5;gap=7;k=2;q=3;s=14,15,false,17,0.050,22,2,2,0.023,29,28,false,0,0.000
dec-055,dec,d_b=5;m=5;gap=7;k=2;q=3;s=14,15,false,17,0.050,22,2,4,0.031,29,28,false,0,0.000
dec-055,dec,d_b=5;m=5;gap=7;k=2;q=3;s=14,15,false,17,0.050,22,2,8,0.060,22,2,false,0,0.000
dec-055,dec,d_b=5;m=5;gap=7;k=2;q=3;s=14,15,false,17,0.050,22,2,16,0.072,22,2,true,0,0.000
dec-055,dec,d_b=5;m=5;gap=7;k=2;q=3;s=14,15,false,17,0.050,22,2,32,0.070,22,2,true,0,0.000
dec-055,dec,d_b=5;m=5;gap=7;k=2;q=3;s=14,15,false,17,0.050,22,2,64,0.068,22,2,true,0,0.000
dec-055,dec,d_b=5;m=5;gap=7;k=2;q=3;s=14,15,false,17,0.050,22,2,128,0.068,22,2,true,0,0.000
dec-055,dec,d_b=5;m=5;gap=7;k=2;q=3;s=14,15,false,17,0.050,22,2,256,0.066,22,2,true,0,0.000
dec-055,dec,d_b=5;m=5;gap=7;k=2;q=3;s=14,15,false,17,0.050,22,2,512,0.075,22,2,true,0,0.000
dec-055,dec,d_b=5;m=5;gap=7;k=2;q=3;s=14,15,false,17,0.050,22,2,1024,0.065,22,2,true,0,0.000
dec-055,dec,d_b=5;m=5;gap=7;k=2;q=3;s=14,15,false,17,0.050,22,2,2048,0.069,22,2,true,0,0.000
dec-055,dec,d_b=5;m=5;gap=7;k=2;q=3;s=14,15,false,17,0.050,22,2,4096,0.066,22,2,true,0,0.000
dec-055,dec,d_b=5;m=5;gap=7;k=2;q=3;s=14,15,false,17,0.050,22,2,8192,0.066,22,2,true,0,0.000
dec-055,dec,d_b=5;m=5;gap=7;k=2;q=3;s=14,15,false,17,0.050,22,2,16384,0.078,22,2,true,0,0.000
mixed-018-1,mixed,seed=0x6eefb8a8d4673c2e;cycles=7;planted=2;d_b=12;m=2;gap=6;k=4,210347,false,30198,0.247,40,8,1,0.076,54,44,false,0,0.000
mixed-018-1,mixed,seed=0x6eefb8a8d4673c2e;cycles=7;planted=2;d_b=12;m=2;gap=6;k=4,210347,false,30198,0.247,40,8,2,0.087,54,44,false,0,0.000
mixed-018-1,mixed,seed=0x6eefb8a8d4673c2e;cycles=7;planted=2;d_b=12;m=2;gap=6;k=4,210347,false,30198,0.247,40,8,4,0.098,54,44,false,0,0.000
mixed-018-1,mixed,seed=0x6eefb8a8d4673c2e;cycles=7;planted=2;d_b=12;m=2;gap=6;k=4,210347,false,30198,0.247,40,8,8,0.124,54,44,false,0,0.000
mixed-018-1,mixed,seed=0x6eefb8a8d4673c2e;cycles=7;planted=2;d_b=12;m=2;gap=6;k=4,210347,false,30198,0.247,40,8,16,0.211,54,44,false,0,0.000
mixed-018-1,mixed,seed=0x6eefb8a8d4673c2e;cycles=7;planted=2;d_b=12;m=2;gap=6;k=4,210347,false,30198,0.247,40,8,32,0.370,54,44,false,0,0.000
mixed-018-1,mixed,seed=0x6eefb8a8d4673c2e;cycles=7;planted=2;d_b=12;m=2;gap=6;k=4,210347,false,30198,0.247,40,8,64,0.728,40,8,false,0,0.000
mixed-018-1,mixed,seed=0x6eefb8a8d4673c2e;cycles=7;planted=2;d_b=12;m=2;gap=6;k=4,210347,false,30198,0.247,40,8,128,0.760,40,8,true,0,0.000
mixed-018-1,mixed,seed=0x6eefb8a8d4673c2e;cycles=7;planted=2;d_b=12;m=2;gap=6;k=4,210347,false,30198,0.247,40,8,256,0.752,40,8,true,0,0.000
mixed-018-1,mixed,seed=0x6eefb8a8d4673c2e;cycles=7;planted=2;d_b=12;m=2;gap=6;k=4,210347,false,30198,0.247,40,8,512,0.753,40,8,true,0,0.000
mixed-018-1,mixed,seed=0x6eefb8a8d4673c2e;cycles=7;planted=2;d_b=12;m=2;gap=6;k=4,210347,false,30198,0.247,40,8,1024,0.742,40,8,true,0,0.000
mixed-018-1,mixed,seed=0x6eefb8a8d4673c2e;cycles=7;planted=2;d_b=12;m=2;gap=6;k=4,210347,false,30198,0.247,40,8,2048,0.747,40,8,true,0,0.000
mixed-018-1,mixed,seed=0x6eefb8a8d4673c2e;cycles=7;planted=2;d_b=12;m=2;gap=6;k=4,210347,false,30198,0.247,40,8,4096,0.752,40,8,true,0,0.000
mixed-018-1,mixed,seed=0x6eefb8a8d4673c2e;cycles=7;planted=2;d_b=12;m=2;gap=6;k=4,210347,false,30198,0.247,40,8,8192,0.744,40,8,true,0,0.000
mixed-018-1,mixed,seed=0x6eefb8a8d4673c2e;cycles=7;planted=2;d_b=12;m=2;gap=6;k=4,210347,false,30198,0.247,40,8,16384,0.739,40,8,true,0,0.000
rand-02-07,rand,seed=0x98a47f7a1502e8a8;cycles=8,810542,false,84664,0.040,15,8,1,0.049,15,8,false,0,0.000
rand-02-07,rand,seed=0x98a47f7a1502e8a8;cycles=8,810542,false,84664,0.040,15,8,2,0.050,15,8,false,0,0.000
rand-02-07,rand,seed=0x98a47f7a1502e8a8;cycles=8,810542,false,84664,0.040,15,8,4,0.061,15,8,false,0,0.000
rand-02-07,rand,seed=0x98a47f7a1502e8a8;cycles=8,810542,false,84664,0.040,15,8,8,0.072,15,8,true,0,0.000
rand-02-07,rand,seed=0x98a47f7a1502e8a8;cycles=8,810542,false,84664,0.040,15,8,16,0.069,15,8,true,0,0.000
rand-02-07,rand,seed=0x98a47f7a1502e8a8;cycles=8,810542,false,84664,0.040,15,8,32,0.067,15,8,true,0,0.000
rand-02-07,rand,seed=0x98a47f7a1502e8a8;cycles=8,810542,false,84664,0.040,15,8,64,0.067,15,8,true,0,0.000
rand-02-07,rand,seed=0x98a47f7a1502e8a8;cycles=8,810542,false,84664,0.040,15,8,128,0.066,15,8,true,0,0.000
rand-02-07,rand,seed=0x98a47f7a1502e8a8;cycles=8,810542,false,84664,0.040,15,8,256,0.067,15,8,true,0,0.000
rand-02-07,rand,seed=0x98a47f7a1502e8a8;cycles=8,810542,false,84664,0.040,15,8,512,0.066,15,8,true,0,0.000
rand-02-07,rand,seed=0x98a47f7a1502e8a8;cycles=8,810542,false,84664,0.040,15,8,1024,0.066,15,8,true,0,0.000
rand-02-07,rand,seed=0x98a47f7a1502e8a8;cycles=8,810542,false,84664,0.040,15,8,2048,0.066,15,8,true,0,0.000
rand-02-07,rand,seed=0x98a47f7a1502e8a8;cycles=8,810542,false,84664,0.040,15,8,4096,0.066,15,8,true,0,0.000
rand-02-07,rand,seed=0x98a47f7a1502e8a8;cycles=8,810542,false,84664,0.040,15,8,8192,0.066,15,8,true,0,0.000
rand-02-07,rand,seed=0x98a47f7a1502e8a8;cycles=8,810542,false,84664,0.040,15,8,16384,0.066,15,8,true,0,0.000
dec-056,dec,d_b=5;m=5;gap=7;k=4;q=3;s=14,25,false,27,0.084,22,2,1,0.018,29,28,false,0,0.000
dec-056,dec,d_b=5;m=5;gap=7;k=4;q=3;s=14,25,false,27,0.084,22,2,2,0.024,29,28,false,0,0.000
dec-056,dec,d_b=5;m=5;gap=7;k=4;q=3;s=14,25,false,27,0.084,22,2,4,0.036,29,28,false,0,0.000
dec-056,dec,d_b=5;m=5;gap=7;k=4;q=3;s=14,25,false,27,0.084,22,2,8,0.060,29,28,false,0,0.000
dec-056,dec,d_b=5;m=5;gap=7;k=4;q=3;s=14,25,false,27,0.084,22,2,16,0.107,22,2,true,0,0.000
dec-056,dec,d_b=5;m=5;gap=7;k=4;q=3;s=14,25,false,27,0.084,22,2,32,0.102,22,2,true,0,0.000
dec-056,dec,d_b=5;m=5;gap=7;k=4;q=3;s=14,25,false,27,0.084,22,2,64,0.102,22,2,true,0,0.000
dec-056,dec,d_b=5;m=5;gap=7;k=4;q=3;s=14,25,false,27,0.084,22,2,128,0.098,22,2,true,0,0.000
dec-056,dec,d_b=5;m=5;gap=7;k=4;q=3;s=14,25,false,27,0.084,22,2,256,0.099,22,2,true,0,0.000
dec-056,dec,d_b=5;m=5;gap=7;k=4;q=3;s=14,25,false,27,0.084,22,2,512,0.097,22,2,true,0,0.000
dec-056,dec,d_b=5;m=5;gap=7;k=4;q=3;s=14,25,false,27,0.084,22,2,1024,0.098,22,2,true,0,0.000
dec-056,dec,d_b=5;m=5;gap=7;k=4;q=3;s=14,25,false,27,0.084,22,2,2048,0.097,22,2,true,0,0.000
dec-056,dec,d_b=5;m=5;gap=7;k=4;q=3;s=14,25,false,27,0.084,22,2,4096,0.098,22,2,true,0,0.000
dec-056,dec,d_b=5;m=5;gap=7;k=4;q=3;s=14,25,false,27,0.084,22,2,8192,0.096,22,2,true,0,0.000
dec-056,dec,d_b=5;m=5;gap=7;k=4;q=3;s=14,25,false,27,0.084,22,2,16384,0.098,22,2,true,0,0.000
mixed-018-2,mixed,seed=0x3f408df1ca9af176;cycles=7;planted=2;d_b=12;m=2;gap=6;k=4,113048,false,16868,0.286,54,8,1,0.137,68,44,false,0,0.000
mixed-018-2,mixed,seed=0x3f408df1ca9af176;cycles=7;planted=2;d_b=12;m=2;gap=6;k=4,113048,false,16868,0.286,54,8,2,0.171,68,44,false,0,0.000
mixed-018-2,mixed,seed=0x3f408df1ca9af176;cycles=7;planted=2;d_b=12;m=2;gap=6;k=4,113048,false,16868,0.286,54,8,4,0.190,68,44,false,0,0.000
mixed-018-2,mixed,seed=0x3f408df1ca9af176;cycles=7;planted=2;d_b=12;m=2;gap=6;k=4,113048,false,16868,0.286,54,8,8,0.271,68,44,false,0,0.000
mixed-018-2,mixed,seed=0x3f408df1ca9af176;cycles=7;planted=2;d_b=12;m=2;gap=6;k=4,113048,false,16868,0.286,54,8,16,0.433,68,44,false,0,0.000
mixed-018-2,mixed,seed=0x3f408df1ca9af176;cycles=7;planted=2;d_b=12;m=2;gap=6;k=4,113048,false,16868,0.286,54,8,32,0.779,68,44,false,0,0.000
mixed-018-2,mixed,seed=0x3f408df1ca9af176;cycles=7;planted=2;d_b=12;m=2;gap=6;k=4,113048,false,16868,0.286,54,8,64,1.508,54,8,false,0,0.000
mixed-018-2,mixed,seed=0x3f408df1ca9af176;cycles=7;planted=2;d_b=12;m=2;gap=6;k=4,113048,false,16868,0.286,54,8,128,1.597,54,8,true,0,0.000
mixed-018-2,mixed,seed=0x3f408df1ca9af176;cycles=7;planted=2;d_b=12;m=2;gap=6;k=4,113048,false,16868,0.286,54,8,256,1.585,54,8,true,0,0.000
mixed-018-2,mixed,seed=0x3f408df1ca9af176;cycles=7;planted=2;d_b=12;m=2;gap=6;k=4,113048,false,16868,0.286,54,8,512,1.582,54,8,true,0,0.000
mixed-018-2,mixed,seed=0x3f408df1ca9af176;cycles=7;planted=2;d_b=12;m=2;gap=6;k=4,113048,false,16868,0.286,54,8,1024,1.585,54,8,true,0,0.000
mixed-018-2,mixed,seed=0x3f408df1ca9af176;cycles=7;planted=2;d_b=12;m=2;gap=6;k=4,113048,false,16868,0.286,54,8,2048,1.579,54,8,true,0,0.000
mixed-018-2,mixed,seed=0x3f408df1ca9af176;cycles=7;planted=2;d_b=12;m=2;gap=6;k=4,113048,false,16868,0.286,54,8,4096,1.762,54,8,true,0,0.000
mixed-018-2,mixed,seed=0x3f408df1ca9af176;cycles=7;planted=2;d_b=12;m=2;gap=6;k=4,113048,false,16868,0.286,54,8,8192,1.573,54,8,true,0,0.000
mixed-018-2,mixed,seed=0x3f408df1ca9af176;cycles=7;planted=2;d_b=12;m=2;gap=6;k=4,113048,false,16868,0.286,54,8,16384,1.575,54,8,true,0,0.000
rand-02-08,rand,seed=0x06e867ce19e906e5;cycles=8,1501022,false,152260,0.169,44,4,1,0.189,44,4,false,0,0.000
rand-02-08,rand,seed=0x06e867ce19e906e5;cycles=8,1501022,false,152260,0.169,44,4,2,0.192,44,4,false,0,0.000
rand-02-08,rand,seed=0x06e867ce19e906e5;cycles=8,1501022,false,152260,0.169,44,4,4,0.190,44,4,false,0,0.000
rand-02-08,rand,seed=0x06e867ce19e906e5;cycles=8,1501022,false,152260,0.169,44,4,8,0.292,44,4,false,0,0.000
rand-02-08,rand,seed=0x06e867ce19e906e5;cycles=8,1501022,false,152260,0.169,44,4,16,0.565,44,4,true,0,0.000
rand-02-08,rand,seed=0x06e867ce19e906e5;cycles=8,1501022,false,152260,0.169,44,4,32,0.548,44,4,true,0,0.000
rand-02-08,rand,seed=0x06e867ce19e906e5;cycles=8,1501022,false,152260,0.169,44,4,64,0.538,44,4,true,0,0.000
rand-02-08,rand,seed=0x06e867ce19e906e5;cycles=8,1501022,false,152260,0.169,44,4,128,0.536,44,4,true,0,0.000
rand-02-08,rand,seed=0x06e867ce19e906e5;cycles=8,1501022,false,152260,0.169,44,4,256,0.530,44,4,true,0,0.000
rand-02-08,rand,seed=0x06e867ce19e906e5;cycles=8,1501022,false,152260,0.169,44,4,512,0.532,44,4,true,0,0.000
rand-02-08,rand,seed=0x06e867ce19e906e5;cycles=8,1501022,false,152260,0.169,44,4,1024,0.529,44,4,true,0,0.000
rand-02-08,rand,seed=0x06e867ce19e906e5;cycles=8,1501022,false,152260,0.169,44,4,2048,0.533,44,4,true,0,0.000
rand-02-08,rand,seed=0x06e867ce19e906e5;cycles=8,1501022,false,152260,0.169,44,4,4096,0.527,44,4,true,0,0.000
rand-02-08,rand,seed=0x06e867ce19e906e5;cycles=8,1501022,false,152260,0.169,44,4,8192,0.536,44,4,true,0,0.000
rand-02-08,rand,seed=0x06e867ce19e906e5;cycles=8,1501022,false,152260,0.169,44,4,16384,0.528,44,4,true,0,0.000
dec-057,dec,d_b=5;m=5;gap=13;k=1;q=3;s=17,10,false,12,0.034,22,2,1,0.016,35,34,false,0,0.000
dec-057,dec,d_b=5;m=5;gap=13;k=1;q=3;s=17,10,false,12,0.034,22,2,2,0.025,22,2,false,0,0.000
dec-057,dec,d_b=5;m=5;gap=13;k=1;q=3;s=17,10,false,12,0.034,22,2,4,0.036,22,2,false,0,0.000
dec-057,dec,d_b=5;m=5;gap=13;k=1;q=3;s=17,10,false,12,0.034,22,2,8,0.058,22,2,true,0,0.000
dec-057,dec,d_b=5;m=5;gap=13;k=1;q=3;s=17,10,false,12,0.034,22,2,16,0.056,22,2,true,0,0.000
dec-057,dec,d_b=5;m=5;gap=13;k=1;q=3;s=17,10,false,12,0.034,22,2,32,0.054,22,2,true,0,0.000
dec-057,dec,d_b=5;m=5;gap=13;k=1;q=3;s=17,10,false,12,0.034,22,2,64,0.052,22,2,true,0,0.000
dec-057,dec,d_b=5;m=5;gap=13;k=1;q=3;s=17,10,false,12,0.034,22,2,128,0.052,22,2,true,0,0.000
dec-057,dec,d_b=5;m=5;gap=13;k=1;q=3;s=17,10,false,12,0.034,22,2,256,0.052,22,2,true,0,0.000
dec-057,dec,d_b=5;m=5;gap=13;k=1;q=3;s=17,10,false,12,0.034,22,2,512,0.052,22,2,true,0,0.000
dec-057,dec,d_b=5;m=5;gap=13;k=1;q=3;s=17,10,false,12,0.034,22,2,1024,0.051,22,2,true,0,0.000
dec-057,dec,d_b=5;m=5;gap=13;k=1;q=3;s=17,10,false,12,0.034,22,2,2048,0.052,22,2,true,0,0.000
dec-057,dec,d_b=5;m=5;gap=13;k=1;q=3;s=17,10,false,12,0.034,22,2,4096,0.051,22,2,true,0,0.000
dec-057,dec,d_b=5;m=5;gap=13;k=1;q=3;s=17,10,false,12,0.034,22,2,8192,0.052,22,2,true,0,0.000
dec-057,dec,d_b=5;m=5;gap=13;k=1;q=3;s=17,10,false,12,0.034,22,2,16384,0.051,22,2,true,0,0.000
mixed-019-0,mixed,seed=0x68c669fc82b2c9f1;cycles=7;planted=2;d_b=16;m=5;gap=2;k=1,210997,false,30206,0.344,139,8,1,0.081,145,140,false,0,0.000
mixed-019-0,mixed,seed=0x68c669fc82b2c9f1;cycles=7;planted=2;d_b=16;m=5;gap=2;k=1,210997,false,30206,0.344,139,8,2,0.087,145,140,false,0,0.000
mixed-019-0,mixed,seed=0x68c669fc82b2c9f1;cycles=7;planted=2;d_b=16;m=5;gap=2;k=1,210997,false,30206,0.344,139,8,4,0.093,145,140,false,0,0.000
mixed-019-0,mixed,seed=0x68c669fc82b2c9f1;cycles=7;planted=2;d_b=16;m=5;gap=2;k=1,210997,false,30206,0.344,139,8,8,0.143,145,140,false,0,0.000
mixed-019-0,mixed,seed=0x68c669fc82b2c9f1;cycles=7;planted=2;d_b=16;m=5;gap=2;k=1,210997,false,30206,0.344,139,8,16,0.236,145,140,false,0,0.000
mixed-019-0,mixed,seed=0x68c669fc82b2c9f1;cycles=7;planted=2;d_b=16;m=5;gap=2;k=1,210997,false,30206,0.344,139,8,32,0.446,145,140,false,0,0.000
mixed-019-0,mixed,seed=0x68c669fc82b2c9f1;cycles=7;planted=2;d_b=16;m=5;gap=2;k=1,210997,false,30206,0.344,139,8,64,0.818,139,8,true,0,0.000
mixed-019-0,mixed,seed=0x68c669fc82b2c9f1;cycles=7;planted=2;d_b=16;m=5;gap=2;k=1,210997,false,30206,0.344,139,8,128,0.812,139,8,true,0,0.000
mixed-019-0,mixed,seed=0x68c669fc82b2c9f1;cycles=7;planted=2;d_b=16;m=5;gap=2;k=1,210997,false,30206,0.344,139,8,256,0.810,139,8,true,0,0.000
mixed-019-0,mixed,seed=0x68c669fc82b2c9f1;cycles=7;planted=2;d_b=16;m=5;gap=2;k=1,210997,false,30206,0.344,139,8,512,0.807,139,8,true,0,0.000
mixed-019-0,mixed,seed=0x68c669fc82b2c9f1;cycles=7;planted=2;d_b=16;m=5;gap=2;k=1,210997,false,30206,0.344,139,8,1024,0.799,139,8,true,0,0.000
mixed-019-0,mixed,seed=0x68c669fc82b2c9f1;cycles=7;planted=2;d_b=16;m=5;gap=2;k=1,210997,false,30206,0.344,139,8,2048,0.796,139,8,true,0,0.000
mixed-019-0,mixed,seed=0x68c669fc82b2c9f1;cycles=7;planted=2;d_b=16;m=5;gap=2;k=1,210997,false,30206,0.344,139,8,4096,0.802,139,8,true,0,0.000
mixed-019-0,mixed,seed=0x68c669fc82b2c9f1;cycles=7;planted=2;d_b=16;m=5;gap=2;k=1,210997,false,30206,0.344,139,8,8192,0.803,139,8,true,0,0.000
mixed-019-0,mixed,seed=0x68c669fc82b2c9f1;cycles=7;planted=2;d_b=16;m=5;gap=2;k=1,210997,false,30206,0.344,139,8,16384,0.802,139,8,true,0,0.000
rand-02-09,rand,seed=0xc207eacf8e0f7927;cycles=8,810538,false,84654,0.021,5,4,1,0.028,5,4,true,0,0.000
rand-02-09,rand,seed=0xc207eacf8e0f7927;cycles=8,810538,false,84654,0.021,5,4,2,0.022,5,4,true,0,0.000
rand-02-09,rand,seed=0xc207eacf8e0f7927;cycles=8,810538,false,84654,0.021,5,4,4,0.020,5,4,true,0,0.000
rand-02-09,rand,seed=0xc207eacf8e0f7927;cycles=8,810538,false,84654,0.021,5,4,8,0.019,5,4,true,0,0.000
rand-02-09,rand,seed=0xc207eacf8e0f7927;cycles=8,810538,false,84654,0.021,5,4,16,0.018,5,4,true,0,0.000
rand-02-09,rand,seed=0xc207eacf8e0f7927;cycles=8,810538,false,84654,0.021,5,4,32,0.018,5,4,true,0,0.000
rand-02-09,rand,seed=0xc207eacf8e0f7927;cycles=8,810538,false,84654,0.021,5,4,64,0.018,5,4,true,0,0.000
rand-02-09,rand,seed=0xc207eacf8e0f7927;cycles=8,810538,false,84654,0.021,5,4,128,0.019,5,4,true,0,0.000
rand-02-09,rand,seed=0xc207eacf8e0f7927;cycles=8,810538,false,84654,0.021,5,4,256,0.042,5,4,true,0,0.000
rand-02-09,rand,seed=0xc207eacf8e0f7927;cycles=8,810538,false,84654,0.021,5,4,512,0.019,5,4,true,0,0.000
rand-02-09,rand,seed=0xc207eacf8e0f7927;cycles=8,810538,false,84654,0.021,5,4,1024,0.018,5,4,true,0,0.000
rand-02-09,rand,seed=0xc207eacf8e0f7927;cycles=8,810538,false,84654,0.021,5,4,2048,0.017,5,4,true,0,0.000
rand-02-09,rand,seed=0xc207eacf8e0f7927;cycles=8,810538,false,84654,0.021,5,4,4096,0.017,5,4,true,0,0.000
rand-02-09,rand,seed=0xc207eacf8e0f7927;cycles=8,810538,false,84654,0.021,5,4,8192,0.018,5,4,true,0,0.000
rand-02-09,rand,seed=0xc207eacf8e0f7927;cycles=8,810538,false,84654,0.021,5,4,16384,0.017,5,4,true,0,0.000
dec-058,dec,d_b=5;m=5;gap=13;k=2;q=3;s=17,15,false,17,0.058,22,2,1,0.016,35,34,false,0,0.000
dec-058,dec,d_b=5;m=5;gap=13;k=2;q=3;s=17,15,false,17,0.058,22,2,2,0.024,35,34,false,0,0.000
dec-058,dec,d_b=5;m=5;gap=13;k=2;q=3;s=17,15,false,17,0.058,22,2,4,0.045,22,2,false,0,0.000
dec-058,dec,d_b=5;m=5;gap=13;k=2;q=3;s=17,15,false,17,0.058,22,2,8,0.060,22,2,false,0,0.000
dec-058,dec,d_b=5;m=5;gap=13;k=2;q=3;s=17,15,false,17,0.058,22,2,16,0.063,22,2,true,0,0.000
dec-058,dec,d_b=5;m=5;gap=13;k=2;q=3;s=17,15,false,17,0.058,22,2,32,0.062,22,2,true,0,0.000
dec-058,dec,d_b=5;m=5;gap=13;k=2;q=3;s=17,15,false,17,0.058,22,2,64,0.060,22,2,true,0,0.000
dec-058,dec,d_b=5;m=5;gap=13;k=2;q=3;s=17,15,false,17,0.058,22,2,128,0.060,22,2,true,0,0.000
dec-058,dec,d_b=5;m=5;gap=13;k=2;q=3;s=17,15,false,17,0.058,22,2,256,0.059,22,2,true,0,0.000
dec-058,dec,d_b=5;m=5;gap=13;k=2;q=3;s=17,15,false,17,0.058,22,2,512,0.059,22,2,true,0,0.000
dec-058,dec,d_b=5;m=5;gap=13;k=2;q=3;s=17,15,false,17,0.058,22,2,1024,0.058,22,2,true,0,0.000
dec-058,dec,d_b=5;m=5;gap=13;k=2;q=3;s=17,15,false,17,0.058,22,2,2048,0.062,22,2,true,0,0.000
dec-058,dec,d_b=5;m=5;gap=13;k=2;q=3;s=17,15,false,17,0.058,22,2,4096,0.059,22,2,true,0,0.000
dec-058,dec,d_b=5;m=5;gap=13;k=2;q=3;s=17,15,false,17,0.058,22,2,8192,0.059,22,2,true,0,0.000
dec-058,dec,d_b=5;m=5;gap=13;k=2;q=3;s=17,15,false,17,0.058,22,2,16384,0.058,22,2,true,0,0.000
mixed-019-1,mixed,seed=0xd4c4e7fc265e9f25;cycles=7;planted=2;d_b=16;m=5;gap=2;k=1,65,false,69,0.315,133,4,1,0.044,139,136,false,0,0.000
mixed-019-1,mixed,seed=0xd4c4e7fc265e9f25;cycles=7;planted=2;d_b=16;m=5;gap=2;k=1,65,false,69,0.315,133,4,2,0.045,139,136,false,0,0.000
mixed-019-1,mixed,seed=0xd4c4e7fc265e9f25;cycles=7;planted=2;d_b=16;m=5;gap=2;k=1,65,false,69,0.315,133,4,4,0.063,139,136,false,0,0.000
mixed-019-1,mixed,seed=0xd4c4e7fc265e9f25;cycles=7;planted=2;d_b=16;m=5;gap=2;k=1,65,false,69,0.315,133,4,8,0.095,139,136,false,0,0.000
mixed-019-1,mixed,seed=0xd4c4e7fc265e9f25;cycles=7;planted=2;d_b=16;m=5;gap=2;k=1,65,false,69,0.315,133,4,16,0.174,139,136,false,0,0.000
mixed-019-1,mixed,seed=0xd4c4e7fc265e9f25;cycles=7;planted=2;d_b=16;m=5;gap=2;k=1,65,false,69,0.315,133,4,32,0.326,136,70,false,0,0.000
mixed-019-1,mixed,seed=0xd4c4e7fc265e9f25;cycles=7;planted=2;d_b=16;m=5;gap=2;k=1,65,false,69,0.315,133,4,64,0.584,133,4,true,0,0.000
mixed-019-1,mixed,seed=0xd4c4e7fc265e9f25;cycles=7;planted=2;d_b=16;m=5;gap=2;k=1,65,false,69,0.315,133,4,128,0.581,133,4,true,0,0.000
mixed-019-1,mixed,seed=0xd4c4e7fc265e9f25;cycles=7;planted=2;d_b=16;m=5;gap=2;k=1,65,false,69,0.315,133,4,256,0.574,133,4,true,0,0.000
mixed-019-1,mixed,seed=0xd4c4e7fc265e9f25;cycles=7;planted=2;d_b=16;m=5;gap=2;k=1,65,false,69,0.315,133,4,512,0.572,133,4,true,0,0.000
mixed-019-1,mixed,seed=0xd4c4e7fc265e9f25;cycles=7;planted=2;d_b=16;m=5;gap=2;k=1,65,false,69,0.315,133,4,1024,0.569,133,4,true,0,0.000
mixed-019-1,mixed,seed=0xd4c4e7fc265e9f25;cycles=7;planted=2;d_b=16;m=5;gap=2;k=1,65,false,69,0.315,133,4,2048,0.570,133,4,true,0,0.000
mixed-019-1,mixed,seed=0xd4c4e7fc265e9f25;cycles=7;planted=2;d_b=16;m=5;gap=2;k=1,65,false,69,0.315,133,4,4096,0.576,133,4,true,0,0.000
mixed-019-1,mixed,seed=0xd4c4e7fc265e9f25;cycles=7;planted=2;d_b=16;m=5;gap=2;k=1,65,false,69,0.315,133,4,8192,0.615,133,4,true,0,0.000
mixed-019-1,mixed,seed=0xd4c4e7fc265e9f25;cycles=7;planted=2;d_b=16;m=5;gap=2;k=1,65,false,69,0.315,133,4,16384,0.568,133,4,true,0,0.000
rand-02-10,rand,seed=0x9c3738de56ca001a;cycles=8,1327425,false,132915,0.058,11,4,1,0.056,11,4,false,0,0.000
rand-02-10,rand,seed=0x9c3738de56ca001a;cycles=8,1327425,false,132915,0.058,11,4,2,0.066,11,4,false,0,0.000
rand-02-10,rand,seed=0x9c3738de56ca001a;cycles=8,1327425,false,132915,0.058,11,4,4,0.083,11,4,true,0,0.000
rand-02-10,rand,seed=0x9c3738de56ca001a;cycles=8,1327425,false,132915,0.058,11,4,8,0.080,11,4,true,0,0.000
rand-02-10,rand,seed=0x9c3738de56ca001a;cycles=8,1327425,false,132915,0.058,11,4,16,0.074,11,4,true,0,0.000
rand-02-10,rand,seed=0x9c3738de56ca001a;cycles=8,1327425,false,132915,0.058,11,4,32,0.074,11,4,true,0,0.000
rand-02-10,rand,seed=0x9c3738de56ca001a;cycles=8,1327425,false,132915,0.058,11,4,64,0.073,11,4,true,0,0.000
rand-02-10,rand,seed=0x9c3738de56ca001a;cycles=8,1327425,false,132915,0.058,11,4,128,0.073,11,4,true,0,0.000
rand-02-10,rand,seed=0x9c3738de56ca001a;cycles=8,1327425,false,132915,0.058,11,4,256,0.072,11,4,true,0,0.000
rand-02-10,rand,seed=0x9c3738de56ca001a;cycles=8,1327425,false,132915,0.058,11,4,512,0.072,11,4,true,0,0.000
rand-02-10,rand,seed=0x9c3738de56ca001a;cycles=8,1327425,false,132915,0.058,11,4,1024,0.072,11,4,true,0,0.000
rand-02-10,rand,seed=0x9c3738de56ca001a;cycles=8,1327425,false,132915,0.058,11,4,2048,0.072,11,4,true,0,0.000
rand-02-10,rand,seed=0x9c3738de56ca001a;cycles=8,1327425,false,132915,0.058,11,4,4096,0.072,11,4,true,0,0.000
rand-02-10,rand,seed=0x9c3738de56ca001a;cycles=8,1327425,false,132915,0.058,11,4,8192,0.072,11,4,true,0,0.000
rand-02-10,rand,seed=0x9c3738de56ca001a;cycles=8,1327425,false,132915,0.058,11,4,16384,0.072,11,4,true,0,0.000
dec-059,dec,d_b=5;m=5;gap=13;k=4;q=3;s=17,25,false,27,0.061,22,2,1,0.018,35,34,false,0,0.000
dec-059,dec,d_b=5;m=5;gap=13;k=4;q=3;s=17,25,false,27,0.061,22,2,2,0.027,35,34,false,0,0.000
dec-059,dec,d_b=5;m=5;gap=13;k=4;q=3;s=17,25,false,27,0.061,22,2,4,0.041,35,34,false,0,0.000
dec-059,dec,d_b=5;m=5;gap=13;k=4;q=3;s=17,25,false,27,0.061,22,2,8,0.075,22,2,false,0,0.000
dec-059,dec,d_b=5;m=5;gap=13;k=4;q=3;s=17,25,false,27,0.061,22,2,16,0.084,22,2,true,0,0.000
dec-059,dec,d_b=5;m=5;gap=13;k=4;q=3;s=17,25,false,27,0.061,22,2,32,0.082,22,2,true,0,0.000
dec-059,dec,d_b=5;m=5;gap=13;k=4;q=3;s=17,25,false,27,0.061,22,2,64,0.079,22,2,true,0,0.000
dec-059,dec,d_b=5;m=5;gap=13;k=4;q=3;s=17,25,false,27,0.061,22,2,128,0.078,22,2,true,0,0.000
dec-059,dec,d_b=5;m=5;gap=13;k=4;q=3;s=17,25,false,27,0.061,22,2,256,0.078,22,2,true,0,0.000
dec-059,dec,d_b=5;m=5;gap=13;k=4;q=3;s=17,25,false,27,0.061,22,2,512,0.077,22,2,true,0,0.000
dec-059,dec,d_b=5;m=5;gap=13;k=4;q=3;s=17,25,false,27,0.061,22,2,1024,0.078,22,2,true,0,0.000
dec-059,dec,d_b=5;m=5;gap=13;k=4;q=3;s=17,25,false,27,0.061,22,2,2048,0.079,22,2,true,0,0.000
dec-059,dec,d_b=5;m=5;gap=13;k=4;q=3;s=17,25,false,27,0.061,22,2,4096,0.094,22,2,true,0,0.000
dec-059,dec,d_b=5;m=5;gap=13;k=4;q=3;s=17,25,false,27,0.061,22,2,8192,0.077,22,2,true,0,0.000
dec-059,dec,d_b=5;m=5;gap=13;k=4;q=3;s=17,25,false,27,0.061,22,2,16384,0.077,22,2,true,0,0.000
mixed-019-2,mixed,seed=0x08abf339b425099c;cycles=7;planted=2;d_b=16;m=5;gap=2;k=1,112993,false,16802,0.376,161,8,1,0.118,167,140,false,0,0.000
mixed-019-2,mixed,seed=0x08abf339b425099c;cycles=7;planted=2;d_b=16;m=5;gap=2;k=1,112993,false,16802,0.376,161,8,2,0.130,167,140,false,0,0.000
mixed-019-2,mixed,seed=0x08abf339b425099c;cycles=7;planted=2;d_b=16;m=5;gap=2;k=1,112993,false,16802,0.376,161,8,4,0.155,167,140,false,0,0.000
mixed-019-2,mixed,seed=0x08abf339b425099c;cycles=7;planted=2;d_b=16;m=5;gap=2;k=1,112993,false,16802,0.376,161,8,8,0.194,167,140,false,0,0.000
mixed-019-2,mixed,seed=0x08abf339b425099c;cycles=7;planted=2;d_b=16;m=5;gap=2;k=1,112993,false,16802,0.376,161,8,16,0.316,167,140,false,0,0.000
mixed-019-2,mixed,seed=0x08abf339b425099c;cycles=7;planted=2;d_b=16;m=5;gap=2;k=1,112993,false,16802,0.376,161,8,32,0.545,167,140,false,0,0.000
mixed-019-2,mixed,seed=0x08abf339b425099c;cycles=7;planted=2;d_b=16;m=5;gap=2;k=1,112993,false,16802,0.376,161,8,64,1.025,161,8,false,0,0.000
mixed-019-2,mixed,seed=0x08abf339b425099c;cycles=7;planted=2;d_b=16;m=5;gap=2;k=1,112993,false,16802,0.376,161,8,128,1.043,161,8,true,0,0.000
mixed-019-2,mixed,seed=0x08abf339b425099c;cycles=7;planted=2;d_b=16;m=5;gap=2;k=1,112993,false,16802,0.376,161,8,256,1.012,161,8,true,0,0.000
mixed-019-2,mixed,seed=0x08abf339b425099c;cycles=7;planted=2;d_b=16;m=5;gap=2;k=1,112993,false,16802,0.376,161,8,512,1.001,161,8,true,0,0.000
mixed-019-2,mixed,seed=0x08abf339b425099c;cycles=7;planted=2;d_b=16;m=5;gap=2;k=1,112993,false,16802,0.376,161,8,1024,1.014,161,8,true,0,0.000
mixed-019-2,mixed,seed=0x08abf339b425099c;cycles=7;planted=2;d_b=16;m=5;gap=2;k=1,112993,false,16802,0.376,161,8,2048,1.093,161,8,true,0,0.000
mixed-019-2,mixed,seed=0x08abf339b425099c;cycles=7;planted=2;d_b=16;m=5;gap=2;k=1,112993,false,16802,0.376,161,8,4096,1.030,161,8,true,0,0.000
mixed-019-2,mixed,seed=0x08abf339b425099c;cycles=7;planted=2;d_b=16;m=5;gap=2;k=1,112993,false,16802,0.376,161,8,8192,1.070,161,8,true,0,0.000
mixed-019-2,mixed,seed=0x08abf339b425099c;cycles=7;planted=2;d_b=16;m=5;gap=2;k=1,112993,false,16802,0.376,161,8,16384,1.031,161,8,true,0,0.000
rand-02-11,rand,seed=0x62d4616d3902f398;cycles=8,810539,false,84655,0.027,6,4,1,0.033,6,4,false,0,0.000
rand-02-11,rand,seed=0x62d4616d3902f398;cycles=8,810539,false,84655,0.027,6,4,2,0.032,6,4,true,0,0.000
rand-02-11,rand,seed=0x62d4616d3902f398;cycles=8,810539,false,84655,0.027,6,4,4,0.027,6,4,true,0,0.000
rand-02-11,rand,seed=0x62d4616d3902f398;cycles=8,810539,false,84655,0.027,6,4,8,0.025,6,4,true,0,0.000
rand-02-11,rand,seed=0x62d4616d3902f398;cycles=8,810539,false,84655,0.027,6,4,16,0.023,6,4,true,0,0.000
rand-02-11,rand,seed=0x62d4616d3902f398;cycles=8,810539,false,84655,0.027,6,4,32,0.022,6,4,true,0,0.000
rand-02-11,rand,seed=0x62d4616d3902f398;cycles=8,810539,false,84655,0.027,6,4,64,0.022,6,4,true,0,0.000
rand-02-11,rand,seed=0x62d4616d3902f398;cycles=8,810539,false,84655,0.027,6,4,128,0.022,6,4,true,0,0.000
rand-02-11,rand,seed=0x62d4616d3902f398;cycles=8,810539,false,84655,0.027,6,4,256,0.021,6,4,true,0,0.000
rand-02-11,rand,seed=0x62d4616d3902f398;cycles=8,810539,false,84655,0.027,6,4,512,0.021,6,4,true,0,0.000
rand-02-11,rand,seed=0x62d4616d3902f398;cycles=8,810539,false,84655,0.027,6,4,1024,0.021,6,4,true,0,0.000
rand-02-11,rand,seed=0x62d4616d3902f398;cycles=8,810539,false,84655,0.027,6,4,2048,0.021,6,4,true,0,0.000
rand-02-11,rand,seed=0x62d4616d3902f398;cycles=8,810539,false,84655,0.027,6,4,4096,0.021,6,4,true,0,0.000
rand-02-11,rand,seed=0x62d4616d3902f398;cycles=8,810539,false,84655,0.027,6,4,8192,0.021,6,4,true,0,0.000
rand-02-11,rand,seed=0x62d4616d3902f398;cycles=8,810539,false,84655,0.027,6,4,16384,0.021,6,4,true,0,0.000
dec-060,dec,d_b=5;m=9;gap=1;k=1;q=7;s=21,10,false,12,0.055,42,2,1,0.017,43,42,false,0,0.000
dec-060,dec,d_b=5;m=9;gap=1;k=1;q=7;s=21,10,false,12,0.055,42,2,2,0.029,43,42,false,0,0.000
dec-060,dec,d_b=5;m=9;gap=1;k=1;q=7;s=21,10,false,12,0.055,42,2,4,0.047,42,2,false,0,0.000
dec-060,dec,d_b=5;m=9;gap=1;k=1;q=7;s=21,10,false,12,0.055,42,2,8,0.065,42,2,false,0,0.000
dec-060,dec,d_b=5;m=9;gap=1;k=1;q=7;s=21,10,false,12,0.055,42,2,16,0.068,42,2,true,0,0.000
dec-060,dec,d_b=5;m=9;gap=1;k=1;q=7;s=21,10,false,12,0.055,42,2,32,0.065,42,2,true,0,0.000
dec-060,dec,d_b=5;m=9;gap=1;k=1;q=7;s=21,10,false,12,0.055,42,2,64,0.064,42,2,true,0,0.000
dec-060,dec,d_b=5;m=9;gap=1;k=1;q=7;s=21,10,false,12,0.055,42,2,128,0.064,42,2,true,0,0.000
dec-060,dec,d_b=5;m=9;gap=1;k=1;q=7;s=21,10,false,12,0.055,42,2,256,0.063,42,2,true,0,0.000
dec-060,dec,d_b=5;m=9;gap=1;k=1;q=7;s=21,10,false,12,0.055,42,2,512,0.062,42,2,true,0,0.000
dec-060,dec,d_b=5;m=9;gap=1;k=1;q=7;s=21,10,false,12,0.055,42,2,1024,0.063,42,2,true,0,0.000
dec-060,dec,d_b=5;m=9;gap=1;k=1;q=7;s=21,10,false,12,0.055,42,2,2048,0.062,42,2,true,0,0.000
dec-060,dec,d_b=5;m=9;gap=1;k=1;q=7;s=21,10,false,12,0.055,42,2,4096,0.063,42,2,true,0,0.000
dec-060,dec,d_b=5;m=9;gap=1;k=1;q=7;s=21,10,false,12,0.055,42,2,8192,0.061,42,2,true,0,0.000
dec-060,dec,d_b=5;m=9;gap=1;k=1;q=7;s=21,10,false,12,0.055,42,2,16384,0.063,42,2,true,0,0.000
mixed-020-0,mixed,seed=0xebb69d8d7262371b;cycles=7;planted=3;d_b=4;m=2;gap=1;k=2,112966,false,16793,0.172,44,10,1,0.129,47,22,false,0,0.000
mixed-020-0,mixed,seed=0xebb69d8d7262371b;cycles=7;planted=3;d_b=4;m=2;gap=1;k=2,112966,false,16793,0.172,44,10,2,0.141,47,22,false,0,0.000
mixed-020-0,mixed,seed=0xebb69d8d7262371b;cycles=7;planted=3;d_b=4;m=2;gap=1;k=2,112966,false,16793,0.172,44,10,4,0.176,47,22,false,0,0.000
mixed-020-0,mixed,seed=0xebb69d8d7262371b;cycles=7;planted=3;d_b=4;m=2;gap=1;k=2,112966,false,16793,0.172,44,10,8,0.220,47,22,false,0,0.000
mixed-020-0,mixed,seed=0xebb69d8d7262371b;cycles=7;planted=3;d_b=4;m=2;gap=1;k=2,112966,false,16793,0.172,44,10,16,0.307,47,22,false,0,0.000
mixed-020-0,mixed,seed=0xebb69d8d7262371b;cycles=7;planted=3;d_b=4;m=2;gap=1;k=2,112966,false,16793,0.172,44,10,32,0.487,44,10,false,0,0.000
mixed-020-0,mixed,seed=0xebb69d8d7262371b;cycles=7;planted=3;d_b=4;m=2;gap=1;k=2,112966,false,16793,0.172,44,10,64,0.592,44,10,true,0,0.000
mixed-020-0,mixed,seed=0xebb69d8d7262371b;cycles=7;planted=3;d_b=4;m=2;gap=1;k=2,112966,false,16793,0.172,44,10,128,0.580,44,10,true,0,0.000
mixed-020-0,mixed,seed=0xebb69d8d7262371b;cycles=7;planted=3;d_b=4;m=2;gap=1;k=2,112966,false,16793,0.172,44,10,256,0.586,44,10,true,0,0.000
mixed-020-0,mixed,seed=0xebb69d8d7262371b;cycles=7;planted=3;d_b=4;m=2;gap=1;k=2,112966,false,16793,0.172,44,10,512,0.660,44,10,true,0,0.000
mixed-020-0,mixed,seed=0xebb69d8d7262371b;cycles=7;planted=3;d_b=4;m=2;gap=1;k=2,112966,false,16793,0.172,44,10,1024,0.593,44,10,true,0,0.000
mixed-020-0,mixed,seed=0xebb69d8d7262371b;cycles=7;planted=3;d_b=4;m=2;gap=1;k=2,112966,false,16793,0.172,44,10,2048,0.580,44,10,true,0,0.000
mixed-020-0,mixed,seed=0xebb69d8d7262371b;cycles=7;planted=3;d_b=4;m=2;gap=1;k=2,112966,false,16793,0.172,44,10,4096,0.575,44,10,true,0,0.000
mixed-020-0,mixed,seed=0xebb69d8d7262371b;cycles=7;planted=3;d_b=4;m=2;gap=1;k=2,112966,false,16793,0.172,44,10,8192,0.580,44,10,true,0,0.000
mixed-020-0,mixed,seed=0xebb69d8d7262371b;cycles=7;planted=3;d_b=4;m=2;gap=1;k=2,112966,false,16793,0.172,44,10,16384,0.588,44,10,true,0,0.000
rand-02-12,rand,seed=0x11062838b012cb95;cycles=8,810539,false,84655,0.025,6,4,1,0.027,6,4,false,0,0.000
rand-02-12,rand,seed=0x11062838b012cb95;cycles=8,810539,false,84655,0.025,6,4,2,0.028,6,4,true,0,0.000
rand-02-12,rand,seed=0x11062838b012cb95;cycles=8,810539,false,84655,0.025,6,4,4,0.024,6,4,true,0,0.000
rand-02-12,rand,seed=0x11062838b012cb95;cycles=8,810539,false,84655,0.025,6,4,8,0.023,6,4,true,0,0.000
rand-02-12,rand,seed=0x11062838b012cb95;cycles=8,810539,false,84655,0.025,6,4,16,0.022,6,4,true,0,0.000
rand-02-12,rand,seed=0x11062838b012cb95;cycles=8,810539,false,84655,0.025,6,4,32,0.022,6,4,true,0,0.000
rand-02-12,rand,seed=0x11062838b012cb95;cycles=8,810539,false,84655,0.025,6,4,64,0.022,6,4,true,0,0.000
rand-02-12,rand,seed=0x11062838b012cb95;cycles=8,810539,false,84655,0.025,6,4,128,0.021,6,4,true,0,0.000
rand-02-12,rand,seed=0x11062838b012cb95;cycles=8,810539,false,84655,0.025,6,4,256,0.021,6,4,true,0,0.000
rand-02-12,rand,seed=0x11062838b012cb95;cycles=8,810539,false,84655,0.025,6,4,512,0.021,6,4,true,0,0.000
rand-02-12,rand,seed=0x11062838b012cb95;cycles=8,810539,false,84655,0.025,6,4,1024,0.021,6,4,true,0,0.000
rand-02-12,rand,seed=0x11062838b012cb95;cycles=8,810539,false,84655,0.025,6,4,2048,0.021,6,4,true,0,0.000
rand-02-12,rand,seed=0x11062838b012cb95;cycles=8,810539,false,84655,0.025,6,4,4096,0.021,6,4,true,0,0.000
rand-02-12,rand,seed=0x11062838b012cb95;cycles=8,810539,false,84655,0.025,6,4,8192,0.021,6,4,true,0,0.000
rand-02-12,rand,seed=0x11062838b012cb95;cycles=8,810539,false,84655,0.025,6,4,16384,0.021,6,4,true,0,0.000
dec-061,dec,d_b=5;m=9;gap=1;k=2;q=7;s=21,15,false,17,0.088,42,2,1,0.018,43,42,false,0,0.000
dec-061,dec,d_b=5;m=9;gap=1;k=2;q=7;s=21,15,false,17,0.088,42,2,2,0.028,43,42,false,0,0.000
dec-061,dec,d_b=5;m=9;gap=1;k=2;q=7;s=21,15,false,17,0.088,42,2,4,0.044,43,42,false,0,0.000
dec-061,dec,d_b=5;m=9;gap=1;k=2;q=7;s=21,15,false,17,0.088,42,2,8,0.081,42,2,false,0,0.000
dec-061,dec,d_b=5;m=9;gap=1;k=2;q=7;s=21,15,false,17,0.088,42,2,16,0.100,42,2,true,0,0.000
dec-061,dec,d_b=5;m=9;gap=1;k=2;q=7;s=21,15,false,17,0.088,42,2,32,0.097,42,2,true,0,0.000
dec-061,dec,d_b=5;m=9;gap=1;k=2;q=7;s=21,15,false,17,0.088,42,2,64,0.094,42,2,true,0,0.000
dec-061,dec,d_b=5;m=9;gap=1;k=2;q=7;s=21,15,false,17,0.088,42,2,128,0.094,42,2,true,0,0.000
dec-061,dec,d_b=5;m=9;gap=1;k=2;q=7;s=21,15,false,17,0.088,42,2,256,0.092,42,2,true,0,0.000
dec-061,dec,d_b=5;m=9;gap=1;k=2;q=7;s=21,15,false,17,0.088,42,2,512,0.092,42,2,true,0,0.000
dec-061,dec,d_b=5;m=9;gap=1;k=2;q=7;s=21,15,false,17,0.088,42,2,1024,0.092,42,2,true,0,0.000
dec-061,dec,d_b=5;m=9;gap=1;k=2;q=7;s=21,15,false,17,0.088,42,2,2048,0.093,42,2,true,0,0.000
dec-061,dec,d_b=5;m=9;gap=1;k=2;q=7;s=21,15,false,17,0.088,42,2,4096,0.091,42,2,true,0,0.000
dec-061,dec,d_b=5;m=9;gap=1;k=2;q=7;s=21,15,false,17,0.088,42,2,8192,0.095,42,2,true,0,0.000
dec-061,dec,d_b=5;m=9;gap=1;k=2;q=7;s=21,15,false,17,0.088,42,2,16384,0.090,42,2,true,0,0.000
mixed-020-1,mixed,seed=0x4ee5e9c1aea51d88;cycles=7;planted=3;d_b=4;m=2;gap=1;k=2,294447,false,40878,0.137,36,14,1,0.094,39,26,false,0,0.000
mixed-020-1,mixed,seed=0x4ee5e9c1aea51d88;cycles=7;planted=3;d_b=4;m=2;gap=1;k=2,294447,false,40878,0.137,36,14,2,0.118,39,26,false,0,0.000
mixed-020-1,mixed,seed=0x4ee5e9c1aea51d88;cycles=7;planted=3;d_b=4;m=2;gap=1;k=2,294447,false,40878,0.137,36,14,4,0.125,39,26,false,0,0.000
mixed-020-1,mixed,seed=0x4ee5e9c1aea51d88;cycles=7;planted=3;d_b=4;m=2;gap=1;k=2,294447,false,40878,0.137,36,14,8,0.154,39,26,false,0,0.000
mixed-020-1,mixed,seed=0x4ee5e9c1aea51d88;cycles=7;planted=3;d_b=4;m=2;gap=1;k=2,294447,false,40878,0.137,36,14,16,0.211,39,26,false,0,0.000
mixed-020-1,mixed,seed=0x4ee5e9c1aea51d88;cycles=7;planted=3;d_b=4;m=2;gap=1;k=2,294447,false,40878,0.137,36,14,32,0.363,36,14,false,0,0.000
mixed-020-1,mixed,seed=0x4ee5e9c1aea51d88;cycles=7;planted=3;d_b=4;m=2;gap=1;k=2,294447,false,40878,0.137,36,14,64,0.422,36,14,true,0,0.000
mixed-020-1,mixed,seed=0x4ee5e9c1aea51d88;cycles=7;planted=3;d_b=4;m=2;gap=1;k=2,294447,false,40878,0.137,36,14,128,0.414,36,14,true,0,0.000
mixed-020-1,mixed,seed=0x4ee5e9c1aea51d88;cycles=7;planted=3;d_b=4;m=2;gap=1;k=2,294447,false,40878,0.137,36,14,256,0.412,36,14,true,0,0.000
mixed-020-1,mixed,seed=0x4ee5e9c1aea51d88;cycles=7;planted=3;d_b=4;m=2;gap=1;k=2,294447,false,40878,0.137,36,14,512,0.409,36,14,true,0,0.000
mixed-020-1,mixed,seed=0x4ee5e9c1aea51d88;cycles=7;planted=3;d_b=4;m=2;gap=1;k=2,294447,false,40878,0.137,36,14,1024,0.410,36,14,true,0,0.000
mixed-020-1,mixed,seed=0x4ee5e9c1aea51d88;cycles=7;planted=3;d_b=4;m=2;gap=1;k=2,294447,false,40878,0.137,36,14,2048,0.408,36,14,true,0,0.000
mixed-020-1,mixed,seed=0x4ee5e9c1aea51d88;cycles=7;planted=3;d_b=4;m=2;gap=1;k=2,294447,false,40878,0.137,36,14,4096,0.406,36,14,true,0,0.000
mixed-020-1,mixed,seed=0x4ee5e9c1aea51d88;cycles=7;planted=3;d_b=4;m=2;gap=1;k=2,294447,false,40878,0.137,36,14,8192,0.408,36,14,true,0,0.000
mixed-020-1,mixed,seed=0x4ee5e9c1aea51d88;cycles=7;planted=3;d_b=4;m=2;gap=1;k=2,294447,false,40878,0.137,36,14,16384,0.407,36,14,true,0,0.000
rand-02-13,rand,seed=0x865f68b28c227dc2;cycles=8,810541,false,84680,0.064,15,4,1,0.085,15,4,false,0,0.000
rand-02-13,rand,seed=0x865f68b28c227dc2;cycles=8,810541,false,84680,0.064,15,4,2,0.111,15,4,false,0,0.000
rand-02-13,rand,seed=0x865f68b28c227dc2;cycles=8,810541,false,84680,0.064,15,4,4,0.147,15,4,true,0,0.000
rand-02-13,rand,seed=0x865f68b28c227dc2;cycles=8,810541,false,84680,0.064,15,4,8,0.147,15,4,true,0,0.000
rand-02-13,rand,seed=0x865f68b28c227dc2;cycles=8,810541,false,84680,0.064,15,4,16,0.131,15,4,true,0,0.000
rand-02-13,rand,seed=0x865f68b28c227dc2;cycles=8,810541,false,84680,0.064,15,4,32,0.150,15,4,true,0,0.000
rand-02-13,rand,seed=0x865f68b28c227dc2;cycles=8,810541,false,84680,0.064,15,4,64,0.131,15,4,true,0,0.000
rand-02-13,rand,seed=0x865f68b28c227dc2;cycles=8,810541,false,84680,0.064,15,4,128,0.136,15,4,true,0,0.000
rand-02-13,rand,seed=0x865f68b28c227dc2;cycles=8,810541,false,84680,0.064,15,4,256,0.130,15,4,true,0,0.000
rand-02-13,rand,seed=0x865f68b28c227dc2;cycles=8,810541,false,84680,0.064,15,4,512,0.130,15,4,true,0,0.000
rand-02-13,rand,seed=0x865f68b28c227dc2;cycles=8,810541,false,84680,0.064,15,4,1024,0.129,15,4,true,0,0.000
rand-02-13,rand,seed=0x865f68b28c227dc2;cycles=8,810541,false,84680,0.064,15,4,2048,0.130,15,4,true,0,0.000
rand-02-13,rand,seed=0x865f68b28c227dc2;cycles=8,810541,false,84680,0.064,15,4,4096,0.129,15,4,true,0,0.000
rand-02-13,rand,seed=0x865f68b28c227dc2;cycles=8,810541,false,84680,0.064,15,4,8192,0.130,15,4,true,0,0.000
rand-02-13,rand,seed=0x865f68b28c227dc2;cycles=8,810541,false,84680,0.064,15,4,16384,0.129,15,4,true,0,0.000
dec-062,dec,d_b=5;m=9;gap=1;k=4;q=7;s=21,25,false,27,0.141,42,2,1,0.021,43,42,false,0,0.000
dec-062,dec,d_b=5;m=9;gap=1;k=4;q=7;s=21,25,false,27,0.141,42,2,2,0.031,43,42,false,0,0.000
dec-062,dec,d_b=5;m=9;gap=1;k=4;q=7;s=21,25,false,27,0.141,42,2,4,0.048,43,42,false,0,0.000
dec-062,dec,d_b=5;m=9;gap=1;k=4;q=7;s=21,25,false,27,0.141,42,2,8,0.086,43,42,false,0,0.000
dec-062,dec,d_b=5;m=9;gap=1;k=4;q=7;s=21,25,false,27,0.141,42,2,16,0.152,42,2,false,0,0.000
dec-062,dec,d_b=5;m=9;gap=1;k=4;q=7;s=21,25,false,27,0.141,42,2,32,0.162,42,2,true,0,0.000
dec-062,dec,d_b=5;m=9;gap=1;k=4;q=7;s=21,25,false,27,0.141,42,2,64,0.158,42,2,true,0,0.000
dec-062,dec,d_b=5;m=9;gap=1;k=4;q=7;s=21,25,false,27,0.141,42,2,128,0.155,42,2,true,0,0.000
dec-062,dec,d_b=5;m=9;gap=1;k=4;q=7;s=21,25,false,27,0.141,42,2,256,0.154,42,2,true,0,0.000
dec-062,dec,d_b=5;m=9;gap=1;k=4;q=7;s=21,25,false,27,0.141,42,2,512,0.153,42,2,true,0,0.000
dec-062,dec,d_b=5;m=9;gap=1;k=4;q=7;s=21,25,false,27,0.141,42,2,1024,0.153,42,2,true,0,0.000
dec-062,dec,d_b=5;m=9;gap=1;k=4;q=7;s=21,25,false,27,0.141,42,2,2048,0.151,42,2,true,0,0.000
dec-062,dec,d_b=5;m=9;gap=1;k=4;q=7;s=21,25,false,27,0.141,42,2,4096,0.152,42,2,true,0,0.000
dec-062,dec,d_b=5;m=9;gap=1;k=4;q=7;s=21,25,false,27,0.141,42,2,8192,0.151,42,2,true,0,0.000
dec-062,dec,d_b=5;m=9;gap=1;k=4;q=7;s=21,25,false,27,0.141,42,2,16384,0.151,42,2,true,0,0.000
mixed-020-2,mixed,seed=0x4db6e7f246926eb2;cycles=7;planted=3;d_b=4;m=2;gap=1;k=2,25,false,29,0.050,13,4,1,0.027,15,12,false,0,0.000
mixed-020-2,mixed,seed=0x4db6e7f246926eb2;cycles=7;planted=3;d_b=4;m=2;gap=1;k=2,25,false,29,0.050,13,4,2,0.033,15,12,false,0,0.000
mixed-020-2,mixed,seed=0x4db6e7f246926eb2;cycles=7;planted=3;d_b=4;m=2;gap=1;k=2,25,false,29,0.050,13,4,4,0.038,15,12,false,0,0.000
mixed-020-2,mixed,seed=0x4db6e7f246926eb2;cycles=7;planted=3;d_b=4;m=2;gap=1;k=2,25,false,29,0.050,13,4,8,0.064,15,12,false,0,0.000
mixed-020-2,mixed,seed=0x4db6e7f246926eb2;cycles=7;planted=3;d_b=4;m=2;gap=1;k=2,25,false,29,0.050,13,4,16,0.109,13,4,false,0,0.000
mixed-020-2,mixed,seed=0x4db6e7f246926eb2;cycles=7;planted=3;d_b=4;m=2;gap=1;k=2,25,false,29,0.050,13,4,32,0.135,13,4,true,0,0.000
mixed-020-2,mixed,seed=0x4db6e7f246926eb2;cycles=7;planted=3;d_b=4;m=2;gap=1;k=2,25,false,29,0.050,13,4,64,0.131,13,4,true,0,0.000
mixed-020-2,mixed,seed=0x4db6e7f246926eb2;cycles=7;planted=3;d_b=4;m=2;gap=1;k=2,25,false,29,0.050,13,4,128,0.131,13,4,true,0,0.000
mixed-020-2,mixed,seed=0x4db6e7f246926eb2;cycles=7;planted=3;d_b=4;m=2;gap=1;k=2,25,false,29,0.050,13,4,256,0.129,13,4,true,0,0.000
mixed-020-2,mixed,seed=0x4db6e7f246926eb2;cycles=7;planted=3;d_b=4;m=2;gap=1;k=2,25,false,29,0.050,13,4,512,0.131,13,4,true,0,0.000
mixed-020-2,mixed,seed=0x4db6e7f246926eb2;cycles=7;planted=3;d_b=4;m=2;gap=1;k=2,25,false,29,0.050,13,4,1024,0.130,13,4,true,0,0.000
mixed-020-2,mixed,seed=0x4db6e7f246926eb2;cycles=7;planted=3;d_b=4;m=2;gap=1;k=2,25,false,29,0.050,13,4,2048,0.132,13,4,true,0,0.000
mixed-020-2,mixed,seed=0x4db6e7f246926eb2;cycles=7;planted=3;d_b=4;m=2;gap=1;k=2,25,false,29,0.050,13,4,4096,0.157,13,4,true,0,0.000
mixed-020-2,mixed,seed=0x4db6e7f246926eb2;cycles=7;planted=3;d_b=4;m=2;gap=1;k=2,25,false,29,0.050,13,4,8192,0.130,13,4,true,0,0.000
mixed-020-2,mixed,seed=0x4db6e7f246926eb2;cycles=7;planted=3;d_b=4;m=2;gap=1;k=2,25,false,29,0.050,13,4,16384,0.131,13,4,true,0,0.000
rand-02-14,rand,seed=0xd3af4f643fd72f94;cycles=8,1327428,false,132928,0.066,25,4,1,0.089,25,4,false,0,0.000
rand-02-14,rand,seed=0xd3af4f643fd72f94;cycles=8,1327428,false,132928,0.066,25,4,2,0.081,25,4,false,0,0.000
rand-02-14,rand,seed=0xd3af4f643fd72f94;cycles=8,1327428,false,132928,0.066,25,4,4,0.099,25,4,false,0,0.000
rand-02-14,rand,seed=0xd3af4f643fd72f94;cycles=8,1327428,false,132928,0.066,25,4,8,0.130,25,4,true,0,0.000
rand-02-14,rand,seed=0xd3af4f643fd72f94;cycles=8,1327428,false,132928,0.066,25,4,16,0.127,25,4,true,0,0.000
rand-02-14,rand,seed=0xd3af4f643fd72f94;cycles=8,1327428,false,132928,0.066,25,4,32,0.126,25,4,true,0,0.000
rand-02-14,rand,seed=0xd3af4f643fd72f94;cycles=8,1327428,false,132928,0.066,25,4,64,0.123,25,4,true,0,0.000
rand-02-14,rand,seed=0xd3af4f643fd72f94;cycles=8,1327428,false,132928,0.066,25,4,128,0.124,25,4,true,0,0.000
rand-02-14,rand,seed=0xd3af4f643fd72f94;cycles=8,1327428,false,132928,0.066,25,4,256,0.123,25,4,true,0,0.000
rand-02-14,rand,seed=0xd3af4f643fd72f94;cycles=8,1327428,false,132928,0.066,25,4,512,0.123,25,4,true,0,0.000
rand-02-14,rand,seed=0xd3af4f643fd72f94;cycles=8,1327428,false,132928,0.066,25,4,1024,0.122,25,4,true,0,0.000
rand-02-14,rand,seed=0xd3af4f643fd72f94;cycles=8,1327428,false,132928,0.066,25,4,2048,0.123,25,4,true,0,0.000
rand-02-14,rand,seed=0xd3af4f643fd72f94;cycles=8,1327428,false,132928,0.066,25,4,4096,0.121,25,4,true,0,0.000
rand-02-14,rand,seed=0xd3af4f643fd72f94;cycles=8,1327428,false,132928,0.066,25,4,8192,0.123,25,4,true,0,0.000
rand-02-14,rand,seed=0xd3af4f643fd72f94;cycles=8,1327428,false,132928,0.066,25,4,16384,0.122,25,4,true,0,0.000
dec-063,dec,d_b=5;m=9;gap=3;k=1;q=7;s=22,10,false,12,0.051,42,2,1,0.017,45,44,false,0,0.000
dec-063,dec,d_b=5;m=9;gap=3;k=1;q=7;s=22,10,false,12,0.051,42,2,2,0.031,45,44,false,0,0.000
dec-063,dec,d_b=5;m=9;gap=3;k=1;q=7;s=22,10,false,12,0.051,42,2,4,0.046,42,2,false,0,0.000
dec-063,dec,d_b=5;m=9;gap=3;k=1;q=7;s=22,10,false,12,0.051,42,2,8,0.075,42,2,false,0,0.000
dec-063,dec,d_b=5;m=9;gap=3;k=1;q=7;s=22,10,false,12,0.051,42,2,16,0.068,42,2,true,0,0.000
dec-063,dec,d_b=5;m=9;gap=3;k=1;q=7;s=22,10,false,12,0.051,42,2,32,0.067,42,2,true,0,0.000
dec-063,dec,d_b=5;m=9;gap=3;k=1;q=7;s=22,10,false,12,0.051,42,2,64,0.066,42,2,true,0,0.000
dec-063,dec,d_b=5;m=9;gap=3;k=1;q=7;s=22,10,false,12,0.051,42,2,128,0.065,42,2,true,0,0.000
dec-063,dec,d_b=5;m=9;gap=3;k=1;q=7;s=22,10,false,12,0.051,42,2,256,0.064,42,2,true,0,0.000
dec-063,dec,d_b=5;m=9;gap=3;k=1;q=7;s=22,10,false,12,0.051,42,2,512,0.064,42,2,true,0,0.000
dec-063,dec,d_b=5;m=9;gap=3;k=1;q=7;s=22,10,false,12,0.051,42,2,1024,0.064,42,2,true,0,0.000
dec-063,dec,d_b=5;m=9;gap=3;k=1;q=7;s=22,10,false,12,0.051,42,2,2048,0.064,42,2,true,0,0.000
dec-063,dec,d_b=5;m=9;gap=3;k=1;q=7;s=22,10,false,12,0.051,42,2,4096,0.063,42,2,true,0,0.000
dec-063,dec,d_b=5;m=9;gap=3;k=1;q=7;s=22,10,false,12,0.051,42,2,8192,0.063,42,2,true,0,0.000
dec-063,dec,d_b=5;m=9;gap=3;k=1;q=7;s=22,10,false,12,0.051,42,2,16384,0.063,42,2,true,0,0.000
mixed-021-0,mixed,seed=0xbd6e3eec95ca787d;cycles=7;planted=3;d_b=8;m=3;gap=2;k=2,74,false,80,0.188,56,6,1,0.037,65,60,false,0,0.000
mixed-021-0,mixed,seed=0xbd6e3eec95ca787d;cycles=7;planted=3;d_b=8;m=3;gap=2;k=2,74,false,80,0.188,56,6,2,0.033,65,60,false,0,0.000
mixed-021-0,mixed,seed=0xbd6e3eec95ca787d;cycles=7;planted=3;d_b=8;m=3;gap=2;k=2,74,false,80,0.188,56,6,4,0.042,65,60,false,0,0.000
mixed-021-0,mixed,seed=0xbd6e3eec95ca787d;cycles=7;planted=3;d_b=8;m=3;gap=2;k=2,74,false,80,0.188,56,6,8,0.054,65,60,false,0,0.000
mixed-021-0,mixed,seed=0xbd6e3eec95ca787d;cycles=7;planted=3;d_b=8;m=3;gap=2;k=2,74,false,80,0.188,56,6,16,0.102,65,60,false,0,0.000
mixed-021-0,mixed,seed=0xbd6e3eec95ca787d;cycles=7;planted=3;d_b=8;m=3;gap=2;k=2,74,false,80,0.188,56,6,32,0.181,62,42,false,0,0.000
mixed-021-0,mixed,seed=0xbd6e3eec95ca787d;cycles=7;planted=3;d_b=8;m=3;gap=2;k=2,74,false,80,0.188,56,6,64,0.326,56,6,true,0,0.000
mixed-021-0,mixed,seed=0xbd6e3eec95ca787d;cycles=7;planted=3;d_b=8;m=3;gap=2;k=2,74,false,80,0.188,56,6,128,0.325,56,6,true,0,0.000
mixed-021-0,mixed,seed=0xbd6e3eec95ca787d;cycles=7;planted=3;d_b=8;m=3;gap=2;k=2,74,false,80,0.188,56,6,256,0.323,56,6,true,0,0.000
mixed-021-0,mixed,seed=0xbd6e3eec95ca787d;cycles=7;planted=3;d_b=8;m=3;gap=2;k=2,74,false,80,0.188,56,6,512,0.317,56,6,true,0,0.000
mixed-021-0,mixed,seed=0xbd6e3eec95ca787d;cycles=7;planted=3;d_b=8;m=3;gap=2;k=2,74,false,80,0.188,56,6,1024,0.316,56,6,true,0,0.000
mixed-021-0,mixed,seed=0xbd6e3eec95ca787d;cycles=7;planted=3;d_b=8;m=3;gap=2;k=2,74,false,80,0.188,56,6,2048,0.314,56,6,true,0,0.000
mixed-021-0,mixed,seed=0xbd6e3eec95ca787d;cycles=7;planted=3;d_b=8;m=3;gap=2;k=2,74,false,80,0.188,56,6,4096,0.313,56,6,true,0,0.000
mixed-021-0,mixed,seed=0xbd6e3eec95ca787d;cycles=7;planted=3;d_b=8;m=3;gap=2;k=2,74,false,80,0.188,56,6,8192,0.313,56,6,true,0,0.000
mixed-021-0,mixed,seed=0xbd6e3eec95ca787d;cycles=7;planted=3;d_b=8;m=3;gap=2;k=2,74,false,80,0.188,56,6,16384,0.311,56,6,true,0,0.000
rand-02-15,rand,seed=0xd912b2df6960d680;cycles=8,1501017,false,152142,0.048,18,4,1,0.047,18,4,false,0,0.000
rand-02-15,rand,seed=0xd912b2df6960d680;cycles=8,1501017,false,152142,0.048,18,4,2,0.045,18,4,false,0,0.000
rand-02-15,rand,seed=0xd912b2df6960d680;cycles=8,1501017,false,152142,0.048,18,4,4,0.047,18,4,false,0,0.000
rand-02-15,rand,seed=0xd912b2df6960d680;cycles=8,1501017,false,152142,0.048,18,4,8,0.063,18,4,true,0,0.000
rand-02-15,rand,seed=0xd912b2df6960d680;cycles=8,1501017,false,152142,0.048,18,4,16,0.059,18,4,true,0,0.000
rand-02-15,rand,seed=0xd912b2df6960d680;cycles=8,1501017,false,152142,0.048,18,4,32,0.059,18,4,true,0,0.000
rand-02-15,rand,seed=0xd912b2df6960d680;cycles=8,1501017,false,152142,0.048,18,4,64,0.057,18,4,true,0,0.000
rand-02-15,rand,seed=0xd912b2df6960d680;cycles=8,1501017,false,152142,0.048,18,4,128,0.056,18,4,true,0,0.000
rand-02-15,rand,seed=0xd912b2df6960d680;cycles=8,1501017,false,152142,0.048,18,4,256,0.056,18,4,true,0,0.000
rand-02-15,rand,seed=0xd912b2df6960d680;cycles=8,1501017,false,152142,0.048,18,4,512,0.056,18,4,true,0,0.000
rand-02-15,rand,seed=0xd912b2df6960d680;cycles=8,1501017,false,152142,0.048,18,4,1024,0.056,18,4,true,0,0.000
rand-02-15,rand,seed=0xd912b2df6960d680;cycles=8,1501017,false,152142,0.048,18,4,2048,0.056,18,4,true,0,0.000
rand-02-15,rand,seed=0xd912b2df6960d680;cycles=8,1501017,false,152142,0.048,18,4,4096,0.055,18,4,true,0,0.000
rand-02-15,rand,seed=0xd912b2df6960d680;cycles=8,1501017,false,152142,0.048,18,4,8192,0.056,18,4,true,0,0.000
rand-02-15,rand,seed=0xd912b2df6960d680;cycles=8,1501017,false,152142,0.048,18,4,16384,0.056,18,4,true,0,0.000
dec-064,dec,d_b=5;m=9;gap=3;k=2;q=7;s=22,15,false,17,0.082,42,2,1,0.018,45,44,false,0,0.000
dec-064,dec,d_b=5;m=9;gap=3;k=2;q=7;s=22,15,false,17,0.082,42,2,2,0.027,45,44,false,0,0.000
dec-064,dec,d_b=5;m=9;gap=3;k=2;q=7;s=22,15,false,17,0.082,42,2,4,0.042,45,44,false,0,0.000
dec-064,dec,d_b=5;m=9;gap=3;k=2;q=7;s=22,15,false,17,0.082,42,2,8,0.078,42,2,false,0,0.000
dec-064,dec,d_b=5;m=9;gap=3;k=2;q=7;s=22,15,false,17,0.082,42,2,16,0.098,42,2,true,0,0.000
dec-064,dec,d_b=5;m=9;gap=3;k=2;q=7;s=22,15,false,17,0.082,42,2,32,0.095,42,2,true,0,0.000
dec-064,dec,d_b=5;m=9;gap=3;k=2;q=7;s=22,15,false,17,0.082,42,2,64,0.093,42,2,true,0,0.000
dec-064,dec,d_b=5;m=9;gap=3;k=2;q=7;s=22,15,false,17,0.082,42,2,128,0.093,42,2,true,0,0.000
dec-064,dec,d_b=5;m=9;gap=3;k=2;q=7;s=22,15,false,17,0.082,42,2,256,0.092,42,2,true,0,0.000
dec-064,dec,d_b=5;m=9;gap=3;k=2;q=7;s=22,15,false,17,0.082,42,2,512,0.092,42,2,true,0,0.000
dec-064,dec,d_b=5;m=9;gap=3;k=2;q=7;s=22,15,false,17,0.082,42,2,1024,0.093,42,2,true,0,0.000
dec-064,dec,d_b=5;m=9;gap=3;k=2;q=7;s=22,15,false,17,0.082,42,2,2048,0.094,42,2,true,0,0.000
dec-064,dec,d_b=5;m=9;gap=3;k=2;q=7;s=22,15,false,17,0.082,42,2,4096,0.092,42,2,true,0,0.000
dec-064,dec,d_b=5;m=9;gap=3;k=2;q=7;s=22,15,false,17,0.082,42,2,8192,0.091,42,2,true,0,0.000
dec-064,dec,d_b=5;m=9;gap=3;k=2;q=7;s=22,15,false,17,0.082,42,2,16384,0.094,42,2,true,0,0.000
mixed-021-1,mixed,seed=0xfe6eddcaea21b5c4;cycles=7;planted=3;d_b=8;m=3;gap=2;k=2,112996,false,16772,0.219,60,8,1,0.057,69,62,false,0,0.000
mixed-021-1,mixed,seed=0xfe6eddcaea21b5c4;cycles=7;planted=3;d_b=8;m=3;gap=2;k=2,112996,false,16772,0.219,60,8,2,0.055,69,62,false,0,0.000
mixed-021-1,mixed,seed=0xfe6eddcaea21b5c4;cycles=7;planted=3;d_b=8;m=3;gap=2;k=2,112996,false,16772,0.219,60,8,4,0.062,69,62,false,0,0.000
mixed-021-1,mixed,seed=0xfe6eddcaea21b5c4;cycles=7;planted=3;d_b=8;m=3;gap=2;k=2,112996,false,16772,0.219,60,8,8,0.097,69,62,false,0,0.000
mixed-021-1,mixed,seed=0xfe6eddcaea21b5c4;cycles=7;planted=3;d_b=8;m=3;gap=2;k=2,112996,false,16772,0.219,60,8,16,0.142,69,62,false,0,0.000
mixed-021-1,mixed,seed=0xfe6eddcaea21b5c4;cycles=7;planted=3;d_b=8;m=3;gap=2;k=2,112996,false,16772,0.219,60,8,32,0.256,66,44,false,0,0.000
mixed-021-1,mixed,seed=0xfe6eddcaea21b5c4;cycles=7;planted=3;d_b=8;m=3;gap=2;k=2,112996,false,16772,0.219,60,8,64,0.496,60,8,true,0,0.000
mixed-021-1,mixed,seed=0xfe6eddcaea21b5c4;cycles=7;planted=3;d_b=8;m=3;gap=2;k=2,112996,false,16772,0.219,60,8,128,0.491,60,8,true,0,0.000
mixed-021-1,mixed,seed=0xfe6eddcaea21b5c4;cycles=7;planted=3;d_b=8;m=3;gap=2;k=2,112996,false,16772,0.219,60,8,256,0.482,60,8,true,0,0.000
mixed-021-1,mixed,seed=0xfe6eddcaea21b5c4;cycles=7;planted=3;d_b=8;m=3;gap=2;k=2,112996,false,16772,0.219,60,8,512,0.481,60,8,true,0,0.000
mixed-021-1,mixed,seed=0xfe6eddcaea21b5c4;cycles=7;planted=3;d_b=8;m=3;gap=2;k=2,112996,false,16772,0.219,60,8,1024,0.481,60,8,true,0,0.000
mixed-021-1,mixed,seed=0xfe6eddcaea21b5c4;cycles=7;planted=3;d_b=8;m=3;gap=2;k=2,112996,false,16772,0.219,60,8,2048,0.476,60,8,true,0,0.000
mixed-021-1,mixed,seed=0xfe6eddcaea21b5c4;cycles=7;planted=3;d_b=8;m=3;gap=2;k=2,112996,false,16772,0.219,60,8,4096,0.476,60,8,true,0,0.000
mixed-021-1,mixed,seed=0xfe6eddcaea21b5c4;cycles=7;planted=3;d_b=8;m=3;gap=2;k=2,112996,false,16772,0.219,60,8,8192,0.473,60,8,true,0,0.000
mixed-021-1,mixed,seed=0xfe6eddcaea21b5c4;cycles=7;planted=3;d_b=8;m=3;gap=2;k=2,112996,false,16772,0.219,60,8,16384,0.476,60,8,true,0,0.000
rand-02-16,rand,seed=0x90439a367fd0df4b;cycles=8,1939038,false,190454,0.092,24,6,1,0.096,24,6,false,0,0.000
rand-02-16,rand,seed=0x90439a367fd0df4b;cycles=8,1939038,false,190454,0.092,24,6,2,0.099,24,6,false,0,0.000
rand-02-16,rand,seed=0x90439a367fd0df4b;cycles=8,1939038,false,190454,0.092,24,6,4,0.129,24,6,false,0,0.000
rand-02-16,rand,seed=0x90439a367fd0df4b;cycles=8,1939038,false,190454,0.092,24,6,8,0.156,24,6,true,0,0.000
rand-02-16,rand,seed=0x90439a367fd0df4b;cycles=8,1939038,false,190454,0.092,24,6,16,0.151,24,6,true,0,0.000
rand-02-16,rand,seed=0x90439a367fd0df4b;cycles=8,1939038,false,190454,0.092,24,6,32,0.148,24,6,true,0,0.000
rand-02-16,rand,seed=0x90439a367fd0df4b;cycles=8,1939038,false,190454,0.092,24,6,64,0.148,24,6,true,0,0.000
rand-02-16,rand,seed=0x90439a367fd0df4b;cycles=8,1939038,false,190454,0.092,24,6,128,0.145,24,6,true,0,0.000
rand-02-16,rand,seed=0x90439a367fd0df4b;cycles=8,1939038,false,190454,0.092,24,6,256,0.145,24,6,true,0,0.000
rand-02-16,rand,seed=0x90439a367fd0df4b;cycles=8,1939038,false,190454,0.092,24,6,512,0.143,24,6,true,0,0.000
rand-02-16,rand,seed=0x90439a367fd0df4b;cycles=8,1939038,false,190454,0.092,24,6,1024,0.144,24,6,true,0,0.000
rand-02-16,rand,seed=0x90439a367fd0df4b;cycles=8,1939038,false,190454,0.092,24,6,2048,0.144,24,6,true,0,0.000
rand-02-16,rand,seed=0x90439a367fd0df4b;cycles=8,1939038,false,190454,0.092,24,6,4096,0.143,24,6,true,0,0.000
rand-02-16,rand,seed=0x90439a367fd0df4b;cycles=8,1939038,false,190454,0.092,24,6,8192,0.142,24,6,true,0,0.000
rand-02-16,rand,seed=0x90439a367fd0df4b;cycles=8,1939038,false,190454,0.092,24,6,16384,0.143,24,6,true,0,0.000
dec-065,dec,d_b=5;m=9;gap=3;k=4;q=7;s=22,25,false,27,0.143,42,2,1,0.025,45,44,false,0,0.000
dec-065,dec,d_b=5;m=9;gap=3;k=4;q=7;s=22,25,false,27,0.143,42,2,2,0.031,45,44,false,0,0.000
dec-065,dec,d_b=5;m=9;gap=3;k=4;q=7;s=22,25,false,27,0.143,42,2,4,0.048,45,44,false,0,0.000
dec-065,dec,d_b=5;m=9;gap=3;k=4;q=7;s=22,25,false,27,0.143,42,2,8,0.085,45,44,false,0,0.000
dec-065,dec,d_b=5;m=9;gap=3;k=4;q=7;s=22,25,false,27,0.143,42,2,16,0.157,42,2,false,0,0.000
dec-065,dec,d_b=5;m=9;gap=3;k=4;q=7;s=22,25,false,27,0.143,42,2,32,0.164,42,2,true,0,0.000
dec-065,dec,d_b=5;m=9;gap=3;k=4;q=7;s=22,25,false,27,0.143,42,2,64,0.162,42,2,true,0,0.000
dec-065,dec,d_b=5;m=9;gap=3;k=4;q=7;s=22,25,false,27,0.143,42,2,128,0.158,42,2,true,0,0.000
dec-065,dec,d_b=5;m=9;gap=3;k=4;q=7;s=22,25,false,27,0.143,42,2,256,0.157,42,2,true,0,0.000
dec-065,dec,d_b=5;m=9;gap=3;k=4;q=7;s=22,25,false,27,0.143,42,2,512,0.156,42,2,true,0,0.000
dec-065,dec,d_b=5;m=9;gap=3;k=4;q=7;s=22,25,false,27,0.143,42,2,1024,0.158,42,2,true,0,0.000
dec-065,dec,d_b=5;m=9;gap=3;k=4;q=7;s=22,25,false,27,0.143,42,2,2048,0.156,42,2,true,0,0.000
dec-065,dec,d_b=5;m=9;gap=3;k=4;q=7;s=22,25,false,27,0.143,42,2,4096,0.157,42,2,true,0,0.000
dec-065,dec,d_b=5;m=9;gap=3;k=4;q=7;s=22,25,false,27,0.143,42,2,8192,0.156,42,2,true,0,0.000
dec-065,dec,d_b=5;m=9;gap=3;k=4;q=7;s=22,25,false,27,0.143,42,2,16384,0.157,42,2,true,0,0.000
mixed-021-2,mixed,seed=0xa75ed732cb8df582;cycles=7;planted=3;d_b=8;m=3;gap=2;k=2,359805,false,47388,0.305,77,14,1,0.134,86,68,false,0,0.000
mixed-021-2,mixed,seed=0xa75ed732cb8df582;cycles=7;planted=3;d_b=8;m=3;gap=2;k=2,359805,false,47388,0.305,77,14,2,0.175,86,68,false,0,0.000
mixed-021-2,mixed,seed=0xa75ed732cb8df582;cycles=7;planted=3;d_b=8;m=3;gap=2;k=2,359805,false,47388,0.305,77,14,4,0.186,86,68,false,0,0.000
mixed-021-2,mixed,seed=0xa75ed732cb8df582;cycles=7;planted=3;d_b=8;m=3;gap=2;k=2,359805,false,47388,0.305,77,14,8,0.233,86,68,false,0,0.000
mixed-021-2,mixed,seed=0xa75ed732cb8df582;cycles=7;planted=3;d_b=8;m=3;gap=2;k=2,359805,false,47388,0.305,77,14,16,0.328,86,68,false,0,0.000
mixed-021-2,mixed,seed=0xa75ed732cb8df582;cycles=7;planted=3;d_b=8;m=3;gap=2;k=2,359805,false,47388,0.305,77,14,32,0.601,86,68,false,0,0.000
mixed-021-2,mixed,seed=0xa75ed732cb8df582;cycles=7;planted=3;d_b=8;m=3;gap=2;k=2,359805,false,47388,0.305,77,14,64,1.093,77,14,false,0,0.000
mixed-021-2,mixed,seed=0xa75ed732cb8df582;cycles=7;planted=3;d_b=8;m=3;gap=2;k=2,359805,false,47388,0.305,77,14,128,1.171,77,14,true,0,0.000
mixed-021-2,mixed,seed=0xa75ed732cb8df582;cycles=7;planted=3;d_b=8;m=3;gap=2;k=2,359805,false,47388,0.305,77,14,256,1.190,77,14,true,0,0.000
mixed-021-2,mixed,seed=0xa75ed732cb8df582;cycles=7;planted=3;d_b=8;m=3;gap=2;k=2,359805,false,47388,0.305,77,14,512,1.172,77,14,true,0,0.000
mixed-021-2,mixed,seed=0xa75ed732cb8df582;cycles=7;planted=3;d_b=8;m=3;gap=2;k=2,359805,false,47388,0.305,77,14,1024,1.157,77,14,true,0,0.000
mixed-021-2,mixed,seed=0xa75ed732cb8df582;cycles=7;planted=3;d_b=8;m=3;gap=2;k=2,359805,false,47388,0.305,77,14,2048,1.147,77,14,true,0,0.000
mixed-021-2,mixed,seed=0xa75ed732cb8df582;cycles=7;planted=3;d_b=8;m=3;gap=2;k=2,359805,false,47388,0.305,77,14,4096,1.161,77,14,true,0,0.000
mixed-021-2,mixed,seed=0xa75ed732cb8df582;cycles=7;planted=3;d_b=8;m=3;gap=2;k=2,359805,false,47388,0.305,77,14,8192,1.141,77,14,true,0,0.000
mixed-021-2,mixed,seed=0xa75ed732cb8df582;cycles=7;planted=3;d_b=8;m=3;gap=2;k=2,359805,false,47388,0.305,77,14,16384,1.142,77,14,true,0,0.000
rand-02-17,rand,seed=0x68527a3b6f2dac2e;cycles=8,1501014,false,152148,0.058,16,8,1,0.071,16,8,false,0,0.000
rand-02-17,rand,seed=0x68527a3b6f2dac2e;cycles=8,1501014,false,152148,0.058,16,8,2,0.078,16,8,false,0,0.000
rand-02-17,rand,seed=0x68527a3b6f2dac2e;cycles=8,1501014,false,152148,0.058,16,8,4,0.098,16,8,true,0,0.000
rand-02-17,rand,seed=0x68527a3b6f2dac2e;cycles=8,1501014,false,152148,0.058,16,8,8,0.096,16,8,true,0,0.000
rand-02-17,rand,seed=0x68527a3b6f2dac2e;cycles=8,1501014,false,152148,0.058,16,8,16,0.086,16,8,true,0,0.000
rand-02-17,rand,seed=0x68527a3b6f2dac2e;cycles=8,1501014,false,152148,0.058,16,8,32,0.086,16,8,true,0,0.000
rand-02-17,rand,seed=0x68527a3b6f2dac2e;cycles=8,1501014,false,152148,0.058,16,8,64,0.083,16,8,true,0,0.000
rand-02-17,rand,seed=0x68527a3b6f2dac2e;cycles=8,1501014,false,152148,0.058,16,8,128,0.082,16,8,true,0,0.000
rand-02-17,rand,seed=0x68527a3b6f2dac2e;cycles=8,1501014,false,152148,0.058,16,8,256,0.082,16,8,true,0,0.000
rand-02-17,rand,seed=0x68527a3b6f2dac2e;cycles=8,1501014,false,152148,0.058,16,8,512,0.082,16,8,true,0,0.000
rand-02-17,rand,seed=0x68527a3b6f2dac2e;cycles=8,1501014,false,152148,0.058,16,8,1024,0.082,16,8,true,0,0.000
rand-02-17,rand,seed=0x68527a3b6f2dac2e;cycles=8,1501014,false,152148,0.058,16,8,2048,0.081,16,8,true,0,0.000
rand-02-17,rand,seed=0x68527a3b6f2dac2e;cycles=8,1501014,false,152148,0.058,16,8,4096,0.081,16,8,true,0,0.000
rand-02-17,rand,seed=0x68527a3b6f2dac2e;cycles=8,1501014,false,152148,0.058,16,8,8192,0.081,16,8,true,0,0.000
rand-02-17,rand,seed=0x68527a3b6f2dac2e;cycles=8,1501014,false,152148,0.058,16,8,16384,0.081,16,8,true,0,0.000
dec-066,dec,d_b=5;m=9;gap=7;k=1;q=7;s=24,10,false,12,0.058,42,2,1,0.019,49,48,false,0,0.000
dec-066,dec,d_b=5;m=9;gap=7;k=1;q=7;s=24,10,false,12,0.058,42,2,2,0.034,49,48,false,0,0.000
dec-066,dec,d_b=5;m=9;gap=7;k=1;q=7;s=24,10,false,12,0.058,42,2,4,0.048,42,2,false,0,0.000
dec-066,dec,d_b=5;m=9;gap=7;k=1;q=7;s=24,10,false,12,0.058,42,2,8,0.071,42,2,false,0,0.000
dec-066,dec,d_b=5;m=9;gap=7;k=1;q=7;s=24,10,false,12,0.058,42,2,16,0.073,42,2,true,0,0.000
dec-066,dec,d_b=5;m=9;gap=7;k=1;q=7;s=24,10,false,12,0.058,42,2,32,0.071,42,2,true,0,0.000
dec-066,dec,d_b=5;m=9;gap=7;k=1;q=7;s=24,10,false,12,0.058,42,2,64,0.068,42,2,true,0,0.000
dec-066,dec,d_b=5;m=9;gap=7;k=1;q=7;s=24,10,false,12,0.058,42,2,128,0.068,42,2,true,0,0.000
dec-066,dec,d_b=5;m=9;gap=7;k=1;q=7;s=24,10,false,12,0.058,42,2,256,0.067,42,2,true,0,0.000
dec-066,dec,d_b=5;m=9;gap=7;k=1;q=7;s=24,10,false,12,0.058,42,2,512,0.067,42,2,true,0,0.000
dec-066,dec,d_b=5;m=9;gap=7;k=1;q=7;s=24,10,false,12,0.058,42,2,1024,0.066,42,2,true,0,0.000
dec-066,dec,d_b=5;m=9;gap=7;k=1;q=7;s=24,10,false,12,0.058,42,2,2048,0.067,42,2,true,0,0.000
dec-066,dec,d_b=5;m=9;gap=7;k=1;q=7;s=24,10,false,12,0.058,42,2,4096,0.066,42,2,true,0,0.000
dec-066,dec,d_b=5;m=9;gap=7;k=1;q=7;s=24,10,false,12,0.058,42,2,8192,0.067,42,2,true,0,0.000
dec-066,dec,d_b=5;m=9;gap=7;k=1;q=7;s=24,10,false,12,0.058,42,2,16384,0.066,42,2,true,0,0.000
mixed-022-0,mixed,seed=0xec79b910dff19f36;cycles=7;planted=3;d_b=12;m=2;gap=6;k=4,187740,false,26614,0.371,64,12,1,0.121,85,66,false,0,0.000
mixed-022-0,mixed,seed=0xec79b910dff19f36;cycles=7;planted=3;d_b=12;m=2;gap=6;k=4,187740,false,26614,0.371,64,12,2,0.171,85,66,false,0,0.000
mixed-022-0,mixed,seed=0xec79b910dff19f36;cycles=7;planted=3;d_b=12;m=2;gap=6;k=4,187740,false,26614,0.371,64,12,4,0.186,85,66,false,0,0.000
mixed-022-0,mixed,seed=0xec79b910dff19f36;cycles=7;planted=3;d_b=12;m=2;gap=6;k=4,187740,false,26614,0.371,64,12,8,0.231,85,66,false,0,0.000
mixed-022-0,mixed,seed=0xec79b910dff19f36;cycles=7;planted=3;d_b=12;m=2;gap=6;k=4,187740,false,26614,0.371,64,12,16,0.357,85,66,false,0,0.000
mixed-022-0,mixed,seed=0xec79b910dff19f36;cycles=7;planted=3;d_b=12;m=2;gap=6;k=4,187740,false,26614,0.371,64,12,32,0.631,85,66,false,0,0.000
mixed-022-0,mixed,seed=0xec79b910dff19f36;cycles=7;planted=3;d_b=12;m=2;gap=6;k=4,187740,false,26614,0.371,64,12,64,1.205,71,30,false,0,0.000
mixed-022-0,mixed,seed=0xec79b910dff19f36;cycles=7;planted=3;d_b=12;m=2;gap=6;k=4,187740,false,26614,0.371,64,12,128,1.827,64,12,true,0,0.000
mixed-022-0,mixed,seed=0xec79b910dff19f36;cycles=7;planted=3;d_b=12;m=2;gap=6;k=4,187740,false,26614,0.371,64,12,256,1.832,64,12,true,0,0.000
mixed-022-0,mixed,seed=0xec79b910dff19f36;cycles=7;planted=3;d_b=12;m=2;gap=6;k=4,187740,false,26614,0.371,64,12,512,1.815,64,12,true,0,0.000
mixed-022-0,mixed,seed=0xec79b910dff19f36;cycles=7;planted=3;d_b=12;m=2;gap=6;k=4,187740,false,26614,0.371,64,12,1024,1.810,64,12,true,0,0.000
mixed-022-0,mixed,seed=0xec79b910dff19f36;cycles=7;planted=3;d_b=12;m=2;gap=6;k=4,187740,false,26614,0.371,64,12,2048,1.889,64,12,true,0,0.000
mixed-022-0,mixed,seed=0xec79b910dff19f36;cycles=7;planted=3;d_b=12;m=2;gap=6;k=4,187740,false,26614,0.371,64,12,4096,1.801,64,12,true,0,0.000
mixed-022-0,mixed,seed=0xec79b910dff19f36;cycles=7;planted=3;d_b=12;m=2;gap=6;k=4,187740,false,26614,0.371,64,12,8192,1.798,64,12,true,0,0.000
mixed-022-0,mixed,seed=0xec79b910dff19f36;cycles=7;planted=3;d_b=12;m=2;gap=6;k=4,187740,false,26614,0.371,64,12,16384,1.800,64,12,true,0,0.000
rand-02-18,rand,seed=0x834729e93a1e8ac2;cycles=8,810538,false,84653,0.023,3,2,1,0.029,3,2,true,0,0.000
rand-02-18,rand,seed=0x834729e93a1e8ac2;cycles=8,810538,false,84653,0.023,3,2,2,0.022,3,2,true,0,0.000
rand-02-18,rand,seed=0x834729e93a1e8ac2;cycles=8,810538,false,84653,0.023,3,2,4,0.019,3,2,true,0,0.000
rand-02-18,rand,seed=0x834729e93a1e8ac2;cycles=8,810538,false,84653,0.023,3,2,8,0.018,3,2,true,0,0.000
rand-02-18,rand,seed=0x834729e93a1e8ac2;cycles=8,810538,false,84653,0.023,3,2,16,0.030,3,2,true,0,0.000
rand-02-18,rand,seed=0x834729e93a1e8ac2;cycles=8,810538,false,84653,0.023,3,2,32,0.017,3,2,true,0,0.000
rand-02-18,rand,seed=0x834729e93a1e8ac2;cycles=8,810538,false,84653,0.023,3,2,64,0.017,3,2,true,0,0.000
rand-02-18,rand,seed=0x834729e93a1e8ac2;cycles=8,810538,false,84653,0.023,3,2,128,0.017,3,2,true,0,0.000
rand-02-18,rand,seed=0x834729e93a1e8ac2;cycles=8,810538,false,84653,0.023,3,2,256,0.017,3,2,true,0,0.000
rand-02-18,rand,seed=0x834729e93a1e8ac2;cycles=8,810538,false,84653,0.023,3,2,512,0.016,3,2,true,0,0.000
rand-02-18,rand,seed=0x834729e93a1e8ac2;cycles=8,810538,false,84653,0.023,3,2,1024,0.017,3,2,true,0,0.000
rand-02-18,rand,seed=0x834729e93a1e8ac2;cycles=8,810538,false,84653,0.023,3,2,2048,0.016,3,2,true,0,0.000
rand-02-18,rand,seed=0x834729e93a1e8ac2;cycles=8,810538,false,84653,0.023,3,2,4096,0.016,3,2,true,0,0.000
rand-02-18,rand,seed=0x834729e93a1e8ac2;cycles=8,810538,false,84653,0.023,3,2,8192,0.016,3,2,true,0,0.000
rand-02-18,rand,seed=0x834729e93a1e8ac2;cycles=8,810538,false,84653,0.023,3,2,16384,0.016,3,2,true,0,0.000
dec-067,dec,d_b=5;m=9;gap=7;k=2;q=7;s=24,15,false,17,0.089,42,2,1,0.019,49,48,false,0,0.000
dec-067,dec,d_b=5;m=9;gap=7;k=2;q=7;s=24,15,false,17,0.089,42,2,2,0.029,49,48,false,0,0.000
dec-067,dec,d_b=5;m=9;gap=7;k=2;q=7;s=24,15,false,17,0.089,42,2,4,0.046,49,48,false,0,0.000
dec-067,dec,d_b=5;m=9;gap=7;k=2;q=7;s=24,15,false,17,0.089,42,2,8,0.085,42,2,false,0,0.000
dec-067,dec,d_b=5;m=9;gap=7;k=2;q=7;s=24,15,false,17,0.089,42,2,16,0.107,42,2,true,0,0.000
dec-067,dec,d_b=5;m=9;gap=7;k=2;q=7;s=24,15,false,17,0.089,42,2,32,0.104,42,2,true,0,0.000
dec-067,dec,d_b=5;m=9;gap=7;k=2;q=7;s=24,15,false,17,0.089,42,2,64,0.100,42,2,true,0,0.000
dec-067,dec,d_b=5;m=9;gap=7;k=2;q=7;s=24,15,false,17,0.089,42,2,128,0.100,42,2,true,0,0.000
dec-067,dec,d_b=5;m=9;gap=7;k=2;q=7;s=24,15,false,17,0.089,42,2,256,0.097,42,2,true,0,0.000
dec-067,dec,d_b=5;m=9;gap=7;k=2;q=7;s=24,15,false,17,0.089,42,2,512,0.097,42,2,true,0,0.000
dec-067,dec,d_b=5;m=9;gap=7;k=2;q=7;s=24,15,false,17,0.089,42,2,1024,0.111,42,2,true,0,0.000
dec-067,dec,d_b=5;m=9;gap=7;k=2;q=7;s=24,15,false,17,0.089,42,2,2048,0.098,42,2,true,0,0.000
dec-067,dec,d_b=5;m=9;gap=7;k=2;q=7;s=24,15,false,17,0.089,42,2,4096,0.115,42,2,true,0,0.000
dec-067,dec,d_b=5;m=9;gap=7;k=2;q=7;s=24,15,false,17,0.089,42,2,8192,0.105,42,2,true,0,0.000
dec-067,dec,d_b=5;m=9;gap=7;k=2;q=7;s=24,15,false,17,0.089,42,2,16384,0.119,42,2,true,0,0.000
mixed-022-1,mixed,seed=0x0432a6800a873f06;cycles=7;planted=3;d_b=12;m=2;gap=6;k=4,123,false,125,0.203,31,4,1,0.033,45,40,false,0,0.000
mixed-022-1,mixed,seed=0x0432a6800a873f06;cycles=7;planted=3;d_b=12;m=2;gap=6;k=4,123,false,125,0.203,31,4,2,0.034,45,40,false,0,0.000
mixed-022-1,mixed,seed=0x0432a6800a873f06;cycles=7;planted=3;d_b=12;m=2;gap=6;k=4,123,false,125,0.203,31,4,4,0.038,45,40,false,0,0.000
mixed-022-1,mixed,seed=0x0432a6800a873f06;cycles=7;planted=3;d_b=12;m=2;gap=6;k=4,123,false,125,0.203,31,4,8,0.059,45,40,false,0,0.000
mixed-022-1,mixed,seed=0x0432a6800a873f06;cycles=7;planted=3;d_b=12;m=2;gap=6;k=4,123,false,125,0.203,31,4,16,0.108,45,40,false,0,0.000
mixed-022-1,mixed,seed=0x0432a6800a873f06;cycles=7;planted=3;d_b=12;m=2;gap=6;k=4,123,false,125,0.203,31,4,32,0.211,38,22,false,0,0.000
mixed-022-1,mixed,seed=0x0432a6800a873f06;cycles=7;planted=3;d_b=12;m=2;gap=6;k=4,123,false,125,0.203,31,4,64,0.400,31,4,true,0,0.000
mixed-022-1,mixed,seed=0x0432a6800a873f06;cycles=7;planted=3;d_b=12;m=2;gap=6;k=4,123,false,125,0.203,31,4,128,0.393,31,4,true,0,0.000
mixed-022-1,mixed,seed=0x0432a6800a873f06;cycles=7;planted=3;d_b=12;m=2;gap=6;k=4,123,false,125,0.203,31,4,256,0.394,31,4,true,0,0.000
mixed-022-1,mixed,seed=0x0432a6800a873f06;cycles=7;planted=3;d_b=12;m=2;gap=6;k=4,123,false,125,0.203,31,4,512,0.389,31,4,true,0,0.000
mixed-022-1,mixed,seed=0x0432a6800a873f06;cycles=7;planted=3;d_b=12;m=2;gap=6;k=4,123,false,125,0.203,31,4,1024,0.421,31,4,true,0,0.000
mixed-022-1,mixed,seed=0x0432a6800a873f06;cycles=7;planted=3;d_b=12;m=2;gap=6;k=4,123,false,125,0.203,31,4,2048,0.419,31,4,true,0,0.000
mixed-022-1,mixed,seed=0x0432a6800a873f06;cycles=7;planted=3;d_b=12;m=2;gap=6;k=4,123,false,125,0.203,31,4,4096,0.384,31,4,true,0,0.000
mixed-022-1,mixed,seed=0x0432a6800a873f06;cycles=7;planted=3;d_b=12;m=2;gap=6;k=4,123,false,125,0.203,31,4,8192,0.381,31,4,true,0,0.000
mixed-022-1,mixed,seed=0x0432a6800a873f06;cycles=7;planted=3;d_b=12;m=2;gap=6;k=4,123,false,125,0.203,31,4,16384,0.382,31,4,true,0,0.000
rand-02-19,rand,seed=0x4c6bf4f8ced9fea4;cycles=8,810542,false,84659,0.035,10,4,1,0.033,10,4,false,0,0.000
rand-02-19,rand,seed=0x4c6bf4f8ced9fea4;cycles=8,810542,false,84659,0.035,10,4,2,0.030,10,4,false,0,0.000
rand-02-19,rand,seed=0x4c6bf4f8ced9fea4;cycles=8,810542,false,84659,0.035,10,4,4,0.035,10,4,false,0,0.000
rand-02-19,rand,seed=0x4c6bf4f8ced9fea4;cycles=8,810542,false,84659,0.035,10,4,8,0.042,10,4,true,0,0.000
rand-02-19,rand,seed=0x4c6bf4f8ced9fea4;cycles=8,810542,false,84659,0.035,10,4,16,0.040,10,4,true,0,0.000
rand-02-19,rand,seed=0x4c6bf4f8ced9fea4;cycles=8,810542,false,84659,0.035,10,4,32,0.039,10,4,true,0,0.000
rand-02-19,rand,seed=0x4c6bf4f8ced9fea4;cycles=8,810542,false,84659,0.035,10,4,64,0.038,10,4,true,0,0.000
rand-02-19,rand,seed=0x4c6bf4f8ced9fea4;cycles=8,810542,false,84659,0.035,10,4,128,0.037,10,4,true,0,0.000
rand-02-19,rand,seed=0x4c6bf4f8ced9fea4;cycles=8,810542,false,84659,0.035,10,4,256,0.037,10,4,true,0,0.000
rand-02-19,rand,seed=0x4c6bf4f8ced9fea4;cycles=8,810542,false,84659,0.035,10,4,512,0.036,10,4,true,0,0.000
rand-02-19,rand,seed=0x4c6bf4f8ced9fea4;cycles=8,810542,false,84659,0.035,10,4,1024,0.037,10,4,true,0,0.000
rand-02-19,rand,seed=0x4c6bf4f8ced9fea4;cycles=8,810542,false,84659,0.035,10,4,2048,0.036,10,4,true,0,0.000
rand-02-19,rand,seed=0x4c6bf4f8ced9fea4;cycles=8,810542,false,84659,0.035,10,4,4096,0.036,10,4,true,0,0.000
rand-02-19,rand,seed=0x4c6bf4f8ced9fea4;cycles=8,810542,false,84659,0.035,10,4,8192,0.036,10,4,true,0,0.000
rand-02-19,rand,seed=0x4c6bf4f8ced9fea4;cycles=8,810542,false,84659,0.035,10,4,16384,0.036,10,4,true,0,0.000
dec-068,dec,d_b=5;m=9;gap=7;k=4;q=7;s=24,25,false,27,0.154,42,2,1,0.021,49,48,false,0,0.000
dec-068,dec,d_b=5;m=9;gap=7;k=4;q=7;s=24,25,false,27,0.154,42,2,2,0.030,49,48,false,0,0.000
dec-068,dec,d_b=5;m=9;gap=7;k=4;q=7;s=24,25,false,27,0.154,42,2,4,0.049,49,48,false,0,0.000
dec-068,dec,d_b=5;m=9;gap=7;k=4;q=7;s=24,25,false,27,0.154,42,2,8,0.087,49,48,false,0,0.000
dec-068,dec,d_b=5;m=9;gap=7;k=4;q=7;s=24,25,false,27,0.154,42,2,16,0.164,42,2,false,0,0.000
dec-068,dec,d_b=5;m=9;gap=7;k=4;q=7;s=24,25,false,27,0.154,42,2,32,0.173,42,2,true,0,0.000
dec-068,dec,d_b=5;m=9;gap=7;k=4;q=7;s=24,25,false,27,0.154,42,2,64,0.169,42,2,true,0,0.000
dec-068,dec,d_b=5;m=9;gap=7;k=4;q=7;s=24,25,false,27,0.154,42,2,128,0.166,42,2,true,0,0.000
dec-068,dec,d_b=5;m=9;gap=7;k=4;q=7;s=24,25,false,27,0.154,42,2,256,0.164,42,2,true,0,0.000
dec-068,dec,d_b=5;m=9;gap=7;k=4;q=7;s=24,25,false,27,0.154,42,2,512,0.165,42,2,true,0,0.000
dec-068,dec,d_b=5;m=9;gap=7;k=4;q=7;s=24,25,false,27,0.154,42,2,1024,0.163,42,2,true,0,0.000
dec-068,dec,d_b=5;m=9;gap=7;k=4;q=7;s=24,25,false,27,0.154,42,2,2048,0.164,42,2,true,0,0.000
dec-068,dec,d_b=5;m=9;gap=7;k=4;q=7;s=24,25,false,27,0.154,42,2,4096,0.162,42,2,true,0,0.000
dec-068,dec,d_b=5;m=9;gap=7;k=4;q=7;s=24,25,false,27,0.154,42,2,8192,0.162,42,2,true,0,0.000
dec-068,dec,d_b=5;m=9;gap=7;k=4;q=7;s=24,25,false,27,0.154,42,2,16384,0.163,42,2,true,0,0.000
mixed-022-2,mixed,seed=0xbf0a7a161af37fb2;cycles=7;planted=3;d_b=12;m=2;gap=6;k=4,113106,false,16957,0.382,57,10,1,0.193,78,64,false,0,0.000
mixed-022-2,mixed,seed=0xbf0a7a161af37fb2;cycles=7;planted=3;d_b=12;m=2;gap=6;k=4,113106,false,16957,0.382,57,10,2,0.217,78,64,false,0,0.000
mixed-022-2,mixed,seed=0xbf0a7a161af37fb2;cycles=7;planted=3;d_b=12;m=2;gap=6;k=4,113106,false,16957,0.382,57,10,4,0.240,78,64,false,0,0.000
mixed-022-2,mixed,seed=0xbf0a7a161af37fb2;cycles=7;planted=3;d_b=12;m=2;gap=6;k=4,113106,false,16957,0.382,57,10,8,0.352,78,64,false,0,0.000
mixed-022-2,mixed,seed=0xbf0a7a161af37fb2;cycles=7;planted=3;d_b=12;m=2;gap=6;k=4,113106,false,16957,0.382,57,10,16,0.575,78,64,false,0,0.000
mixed-022-2,mixed,seed=0xbf0a7a161af37fb2;cycles=7;planted=3;d_b=12;m=2;gap=6;k=4,113106,false,16957,0.382,57,10,32,1.025,78,64,false,0,0.000
mixed-022-2,mixed,seed=0xbf0a7a161af37fb2;cycles=7;planted=3;d_b=12;m=2;gap=6;k=4,113106,false,16957,0.382,57,10,64,2.005,57,10,false,0,0.000
mixed-022-2,mixed,seed=0xbf0a7a161af37fb2;cycles=7;planted=3;d_b=12;m=2;gap=6;k=4,113106,false,16957,0.382,57,10,128,2.904,57,10,true,0,0.000
mixed-022-2,mixed,seed=0xbf0a7a161af37fb2;cycles=7;planted=3;d_b=12;m=2;gap=6;k=4,113106,false,16957,0.382,57,10,256,2.888,57,10,true,0,0.000
mixed-022-2,mixed,seed=0xbf0a7a161af37fb2;cycles=7;planted=3;d_b=12;m=2;gap=6;k=4,113106,false,16957,0.382,57,10,512,2.887,57,10,true,0,0.000
mixed-022-2,mixed,seed=0xbf0a7a161af37fb2;cycles=7;planted=3;d_b=12;m=2;gap=6;k=4,113106,false,16957,0.382,57,10,1024,2.886,57,10,true,0,0.000
mixed-022-2,mixed,seed=0xbf0a7a161af37fb2;cycles=7;planted=3;d_b=12;m=2;gap=6;k=4,113106,false,16957,0.382,57,10,2048,2.898,57,10,true,0,0.000
mixed-022-2,mixed,seed=0xbf0a7a161af37fb2;cycles=7;planted=3;d_b=12;m=2;gap=6;k=4,113106,false,16957,0.382,57,10,4096,2.879,57,10,true,0,0.000
mixed-022-2,mixed,seed=0xbf0a7a161af37fb2;cycles=7;planted=3;d_b=12;m=2;gap=6;k=4,113106,false,16957,0.382,57,10,8192,2.870,57,10,true,0,0.000
mixed-022-2,mixed,seed=0xbf0a7a161af37fb2;cycles=7;planted=3;d_b=12;m=2;gap=6;k=4,113106,false,16957,0.382,57,10,16384,2.879,57,10,true,0,0.000
rand-02-20,rand,seed=0xe3b8bf8f249ee15b;cycles=8,1939036,false,190428,0.056,9,6,1,0.060,9,6,false,0,0.000
rand-02-20,rand,seed=0xe3b8bf8f249ee15b;cycles=8,1939036,false,190428,0.056,9,6,2,0.054,9,6,false,0,0.000
rand-02-20,rand,seed=0xe3b8bf8f249ee15b;cycles=8,1939036,false,190428,0.056,9,6,4,0.057,9,6,true,0,0.000
rand-02-20,rand,seed=0xe3b8bf8f249ee15b;cycles=8,1939036,false,190428,0.056,9,6,8,0.052,9,6,true,0,0.000
rand-02-20,rand,seed=0xe3b8bf8f249ee15b;cycles=8,1939036,false,190428,0.056,9,6,16,0.050,9,6,true,0,0.000
rand-02-20,rand,seed=0xe3b8bf8f249ee15b;cycles=8,1939036,false,190428,0.056,9,6,32,0.048,9,6,true,0,0.000
rand-02-20,rand,seed=0xe3b8bf8f249ee15b;cycles=8,1939036,false,190428,0.056,9,6,64,0.048,9,6,true,0,0.000
rand-02-20,rand,seed=0xe3b8bf8f249ee15b;cycles=8,1939036,false,190428,0.056,9,6,128,0.048,9,6,true,0,0.000
rand-02-20,rand,seed=0xe3b8bf8f249ee15b;cycles=8,1939036,false,190428,0.056,9,6,256,0.048,9,6,true,0,0.000
rand-02-20,rand,seed=0xe3b8bf8f249ee15b;cycles=8,1939036,false,190428,0.056,9,6,512,0.047,9,6,true,0,0.000
rand-02-20,rand,seed=0xe3b8bf8f249ee15b;cycles=8,1939036,false,190428,0.056,9,6,1024,0.047,9,6,true,0,0.000
rand-02-20,rand,seed=0xe3b8bf8f249ee15b;cycles=8,1939036,false,190428,0.056,9,6,2048,0.047,9,6,true,0,0.000
rand-02-20,rand,seed=0xe3b8bf8f249ee15b;cycles=8,1939036,false,190428,0.056,9,6,4096,0.047,9,6,true,0,0.000
rand-02-20,rand,seed=0xe3b8bf8f249ee15b;cycles=8,1939036,false,190428,0.056,9,6,8192,0.047,9,6,true,0,0.000
rand-02-20,rand,seed=0xe3b8bf8f249ee15b;cycles=8,1939036,false,190428,0.056,9,6,16384,0.047,9,6,true,0,0.000
dec-069,dec,d_b=5;m=9;gap=13;k=1;q=7;s=27,10,false,12,0.054,42,2,1,0.020,55,54,false,0,0.000
dec-069,dec,d_b=5;m=9;gap=13;k=1;q=7;s=27,10,false,12,0.054,42,2,2,0.038,55,54,false,0,0.000
dec-069,dec,d_b=5;m=9;gap=13;k=1;q=7;s=27,10,false,12,0.054,42,2,4,0.045,42,2,false,0,0.000
dec-069,dec,d_b=5;m=9;gap=13;k=1;q=7;s=27,10,false,12,0.054,42,2,8,0.080,42,2,false,0,0.000
dec-069,dec,d_b=5;m=9;gap=13;k=1;q=7;s=27,10,false,12,0.054,42,2,16,0.080,42,2,true,0,0.000
dec-069,dec,d_b=5;m=9;gap=13;k=1;q=7;s=27,10,false,12,0.054,42,2,32,0.079,42,2,true,0,0.000
dec-069,dec,d_b=5;m=9;gap=13;k=1;q=7;s=27,10,false,12,0.054,42,2,64,0.076,42,2,true,0,0.000
dec-069,dec,d_b=5;m=9;gap=13;k=1;q=7;s=27,10,false,12,0.054,42,2,128,0.076,42,2,true,0,0.000
dec-069,dec,d_b=5;m=9;gap=13;k=1;q=7;s=27,10,false,12,0.054,42,2,256,0.075,42,2,true,0,0.000
dec-069,dec,d_b=5;m=9;gap=13;k=1;q=7;s=27,10,false,12,0.054,42,2,512,0.090,42,2,true,0,0.000
dec-069,dec,d_b=5;m=9;gap=13;k=1;q=7;s=27,10,false,12,0.054,42,2,1024,0.081,42,2,true,0,0.000
dec-069,dec,d_b=5;m=9;gap=13;k=1;q=7;s=27,10,false,12,0.054,42,2,2048,0.078,42,2,true,0,0.000
dec-069,dec,d_b=5;m=9;gap=13;k=1;q=7;s=27,10,false,12,0.054,42,2,4096,0.090,42,2,true,0,0.000
dec-069,dec,d_b=5;m=9;gap=13;k=1;q=7;s=27,10,false,12,0.054,42,2,8192,0.074,42,2,true,0,0.000
dec-069,dec,d_b=5;m=9;gap=13;k=1;q=7;s=27,10,false,12,0.054,42,2,16384,0.080,42,2,true,0,0.000
mixed-023-0,mixed,seed=0x1d53eb38d023de95;cycles=7;planted=3;d_b=16;m=5;gap=2;k=1,66,false,70,0.308,134,4,1,0.048,140,136,false,0,0.000
mixed-023-0,mixed,seed=0x1d53eb38d023de95;cycles=7;planted=3;d_b=16;m=5;gap=2;k=1,66,false,70,0.308,134,4,2,0.050,140,136,false,0,0.000
mixed-023-0,mixed,seed=0x1d53eb38d023de95;cycles=7;planted=3;d_b=16;m=5;gap=2;k=1,66,false,70,0.308,134,4,4,0.051,140,136,false,0,0.000
mixed-023-0,mixed,seed=0x1d53eb38d023de95;cycles=7;planted=3;d_b=16;m=5;gap=2;k=1,66,false,70,0.308,134,4,8,0.091,140,136,false,0,0.000
mixed-023-0,mixed,seed=0x1d53eb38d023de95;cycles=7;planted=3;d_b=16;m=5;gap=2;k=1,66,false,70,0.308,134,4,16,0.168,140,136,false,0,0.000
mixed-023-0,mixed,seed=0x1d53eb38d023de95;cycles=7;planted=3;d_b=16;m=5;gap=2;k=1,66,false,70,0.308,134,4,32,0.315,140,136,false,0,0.000
mixed-023-0,mixed,seed=0x1d53eb38d023de95;cycles=7;planted=3;d_b=16;m=5;gap=2;k=1,66,false,70,0.308,134,4,64,0.607,134,4,true,0,0.000
mixed-023-0,mixed,seed=0x1d53eb38d023de95;cycles=7;planted=3;d_b=16;m=5;gap=2;k=1,66,false,70,0.308,134,4,128,0.587,134,4,true,0,0.000
mixed-023-0,mixed,seed=0x1d53eb38d023de95;cycles=7;planted=3;d_b=16;m=5;gap=2;k=1,66,false,70,0.308,134,4,256,0.584,134,4,true,0,0.000
mixed-023-0,mixed,seed=0x1d53eb38d023de95;cycles=7;planted=3;d_b=16;m=5;gap=2;k=1,66,false,70,0.308,134,4,512,0.582,134,4,true,0,0.000
mixed-023-0,mixed,seed=0x1d53eb38d023de95;cycles=7;planted=3;d_b=16;m=5;gap=2;k=1,66,false,70,0.308,134,4,1024,0.594,134,4,true,0,0.000
mixed-023-0,mixed,seed=0x1d53eb38d023de95;cycles=7;planted=3;d_b=16;m=5;gap=2;k=1,66,false,70,0.308,134,4,2048,0.604,134,4,true,0,0.000
mixed-023-0,mixed,seed=0x1d53eb38d023de95;cycles=7;planted=3;d_b=16;m=5;gap=2;k=1,66,false,70,0.308,134,4,4096,0.576,134,4,true,0,0.000
mixed-023-0,mixed,seed=0x1d53eb38d023de95;cycles=7;planted=3;d_b=16;m=5;gap=2;k=1,66,false,70,0.308,134,4,8192,0.577,134,4,true,0,0.000
mixed-023-0,mixed,seed=0x1d53eb38d023de95;cycles=7;planted=3;d_b=16;m=5;gap=2;k=1,66,false,70,0.308,134,4,16384,0.579,134,4,true,0,0.000
rand-02-21,rand,seed=0x5c718860e232266b;cycles=8,1504767,false,152402,0.075,15,8,1,0.068,15,8,false,0,0.000
rand-02-21,rand,seed=0x5c718860e232266b;cycles=8,1504767,false,152402,0.075,15,8,2,0.072,15,8,false,0,0.000
rand-02-21,rand,seed=0x5c718860e232266b;cycles=8,1504767,false,152402,0.075,15,8,4,0.083,15,8,false,0,0.000
rand-02-21,rand,seed=0x5c718860e232266b;cycles=8,1504767,false,152402,0.075,15,8,8,0.114,15,8,true,0,0.000
rand-02-21,rand,seed=0x5c718860e232266b;cycles=8,1504767,false,152402,0.075,15,8,16,0.097,15,8,true,0,0.000
rand-02-21,rand,seed=0x5c718860e232266b;cycles=8,1504767,false,152402,0.075,15,8,32,0.094,15,8,true,0,0.000
rand-02-21,rand,seed=0x5c718860e232266b;cycles=8,1504767,false,152402,0.075,15,8,64,0.089,15,8,true,0,0.000
rand-02-21,rand,seed=0x5c718860e232266b;cycles=8,1504767,false,152402,0.075,15,8,128,0.090,15,8,true,0,0.000
rand-02-21,rand,seed=0x5c718860e232266b;cycles=8,1504767,false,152402,0.075,15,8,256,0.086,15,8,true,0,0.000
rand-02-21,rand,seed=0x5c718860e232266b;cycles=8,1504767,false,152402,0.075,15,8,512,0.088,15,8,true,0,0.000
rand-02-21,rand,seed=0x5c718860e232266b;cycles=8,1504767,false,152402,0.075,15,8,1024,0.086,15,8,true,0,0.000
rand-02-21,rand,seed=0x5c718860e232266b;cycles=8,1504767,false,152402,0.075,15,8,2048,0.087,15,8,true,0,0.000
rand-02-21,rand,seed=0x5c718860e232266b;cycles=8,1504767,false,152402,0.075,15,8,4096,0.086,15,8,true,0,0.000
rand-02-21,rand,seed=0x5c718860e232266b;cycles=8,1504767,false,152402,0.075,15,8,8192,0.087,15,8,true,0,0.000
rand-02-21,rand,seed=0x5c718860e232266b;cycles=8,1504767,false,152402,0.075,15,8,16384,0.085,15,8,true,0,0.000
dec-070,dec,d_b=5;m=9;gap=13;k=2;q=7;s=27,15,false,17,0.079,42,2,1,0.022,55,54,false,0,0.000
dec-070,dec,d_b=5;m=9;gap=13;k=2;q=7;s=27,15,false,17,0.079,42,2,2,0.033,55,54,false,0,0.000
dec-070,dec,d_b=5;m=9;gap=13;k=2;q=7;s=27,15,false,17,0.079,42,2,4,0.049,55,54,false,0,0.000
dec-070,dec,d_b=5;m=9;gap=13;k=2;q=7;s=27,15,false,17,0.079,42,2,8,0.084,42,2,false,0,0.000
dec-070,dec,d_b=5;m=9;gap=13;k=2;q=7;s=27,15,false,17,0.079,42,2,16,0.103,42,2,true,0,0.000
dec-070,dec,d_b=5;m=9;gap=13;k=2;q=7;s=27,15,false,17,0.079,42,2,32,0.100,42,2,true,0,0.000
dec-070,dec,d_b=5;m=9;gap=13;k=2;q=7;s=27,15,false,17,0.079,42,2,64,0.097,42,2,true,0,0.000
dec-070,dec,d_b=5;m=9;gap=13;k=2;q=7;s=27,15,false,17,0.079,42,2,128,0.095,42,2,true,0,0.000
dec-070,dec,d_b=5;m=9;gap=13;k=2;q=7;s=27,15,false,17,0.079,42,2,256,0.095,42,2,true,0,0.000
dec-070,dec,d_b=5;m=9;gap=13;k=2;q=7;s=27,15,false,17,0.079,42,2,512,0.094,42,2,true,0,0.000
dec-070,dec,d_b=5;m=9;gap=13;k=2;q=7;s=27,15,false,17,0.079,42,2,1024,0.094,42,2,true,0,0.000
dec-070,dec,d_b=5;m=9;gap=13;k=2;q=7;s=27,15,false,17,0.079,42,2,2048,0.093,42,2,true,0,0.000
dec-070,dec,d_b=5;m=9;gap=13;k=2;q=7;s=27,15,false,17,0.079,42,2,4096,0.094,42,2,true,0,0.000
dec-070,dec,d_b=5;m=9;gap=13;k=2;q=7;s=27,15,false,17,0.079,42,2,8192,0.094,42,2,true,0,0.000
dec-070,dec,d_b=5;m=9;gap=13;k=2;q=7;s=27,15,false,17,0.079,42,2,16384,0.094,42,2,true,0,0.000
mixed-023-1,mixed,seed=0x08f3beceb51e1709;cycles=7;planted=3;d_b=16;m=5;gap=2;k=1,113019,false,16793,0.467,203,8,1,0.081,212,206,false,0,0.000
mixed-023-1,mixed,seed=0x08f3beceb51e1709;cycles=7;planted=3;d_b=16;m=5;gap=2;k=1,113019,false,16793,0.467,203,8,2,0.076,212,206,false,0,0.000
mixed-023-1,mixed,seed=0x08f3beceb51e1709;cycles=7;planted=3;d_b=16;m=5;gap=2;k=1,113019,false,16793,0.467,203,8,4,0.079,212,206,false,0,0.000
mixed-023-1,mixed,seed=0x08f3beceb51e1709;cycles=7;planted=3;d_b=16;m=5;gap=2;k=1,113019,false,16793,0.467,203,8,8,0.100,212,206,false,0,0.000
mixed-023-1,mixed,seed=0x08f3beceb51e1709;cycles=7;planted=3;d_b=16;m=5;gap=2;k=1,113019,false,16793,0.467,203,8,16,0.172,212,206,false,0,0.000
mixed-023-1,mixed,seed=0x08f3beceb51e1709;cycles=7;planted=3;d_b=16;m=5;gap=2;k=1,113019,false,16793,0.467,203,8,32,0.338,212,206,false,0,0.000
mixed-023-1,mixed,seed=0x08f3beceb51e1709;cycles=7;planted=3;d_b=16;m=5;gap=2;k=1,113019,false,16793,0.467,203,8,64,0.669,203,8,false,0,0.000
mixed-023-1,mixed,seed=0x08f3beceb51e1709;cycles=7;planted=3;d_b=16;m=5;gap=2;k=1,113019,false,16793,0.467,203,8,128,0.886,203,8,true,0,0.000
mixed-023-1,mixed,seed=0x08f3beceb51e1709;cycles=7;planted=3;d_b=16;m=5;gap=2;k=1,113019,false,16793,0.467,203,8,256,0.883,203,8,true,0,0.000
mixed-023-1,mixed,seed=0x08f3beceb51e1709;cycles=7;planted=3;d_b=16;m=5;gap=2;k=1,113019,false,16793,0.467,203,8,512,0.860,203,8,true,0,0.000
mixed-023-1,mixed,seed=0x08f3beceb51e1709;cycles=7;planted=3;d_b=16;m=5;gap=2;k=1,113019,false,16793,0.467,203,8,1024,0.865,203,8,true,0,0.000
mixed-023-1,mixed,seed=0x08f3beceb51e1709;cycles=7;planted=3;d_b=16;m=5;gap=2;k=1,113019,false,16793,0.467,203,8,2048,0.854,203,8,true,0,0.000
mixed-023-1,mixed,seed=0x08f3beceb51e1709;cycles=7;planted=3;d_b=16;m=5;gap=2;k=1,113019,false,16793,0.467,203,8,4096,0.857,203,8,true,0,0.000
mixed-023-1,mixed,seed=0x08f3beceb51e1709;cycles=7;planted=3;d_b=16;m=5;gap=2;k=1,113019,false,16793,0.467,203,8,8192,0.855,203,8,true,0,0.000
mixed-023-1,mixed,seed=0x08f3beceb51e1709;cycles=7;planted=3;d_b=16;m=5;gap=2;k=1,113019,false,16793,0.467,203,8,16384,0.856,203,8,true,0,0.000
rand-02-22,rand,seed=0x2fe652b0d60d7a87;cycles=8,2090797,false,206029,0.081,16,8,1,0.089,16,8,false,0,0.000
rand-02-22,rand,seed=0x2fe652b0d60d7a87;cycles=8,2090797,false,206029,0.081,16,8,2,0.065,16,8,false,0,0.000
rand-02-22,rand,seed=0x2fe652b0d60d7a87;cycles=8,2090797,false,206029,0.081,16,8,4,0.094,16,8,false,0,0.000
rand-02-22,rand,seed=0x2fe652b0d60d7a87;cycles=8,2090797,false,206029,0.081,16,8,8,0.121,16,8,true,0,0.000
rand-02-22,rand,seed=0x2fe652b0d60d7a87;cycles=8,2090797,false,206029,0.081,16,8,16,0.123,16,8,true,0,0.000
rand-02-22,rand,seed=0x2fe652b0d60d7a87;cycles=8,2090797,false,206029,0.081,16,8,32,0.112,16,8,true,0,0.000
rand-02-22,rand,seed=0x2fe652b0d60d7a87;cycles=8,2090797,false,206029,0.081,16,8,64,0.115,16,8,true,0,0.000
rand-02-22,rand,seed=0x2fe652b0d60d7a87;cycles=8,2090797,false,206029,0.081,16,8,128,0.110,16,8,true,0,0.000
rand-02-22,rand,seed=0x2fe652b0d60d7a87;cycles=8,2090797,false,206029,0.081,16,8,256,0.111,16,8,true,0,0.000
rand-02-22,rand,seed=0x2fe652b0d60d7a87;cycles=8,2090797,false,206029,0.081,16,8,512,0.108,16,8,true,0,0.000
rand-02-22,rand,seed=0x2fe652b0d60d7a87;cycles=8,2090797,false,206029,0.081,16,8,1024,0.111,16,8,true,0,0.000
rand-02-22,rand,seed=0x2fe652b0d60d7a87;cycles=8,2090797,false,206029,0.081,16,8,2048,0.108,16,8,true,0,0.000
rand-02-22,rand,seed=0x2fe652b0d60d7a87;cycles=8,2090797,false,206029,0.081,16,8,4096,0.110,16,8,true,0,0.000
rand-02-22,rand,seed=0x2fe652b0d60d7a87;cycles=8,2090797,false,206029,0.081,16,8,8192,0.108,16,8,true,0,0.000
rand-02-22,rand,seed=0x2fe652b0d60d7a87;cycles=8,2090797,false,206029,0.081,16,8,16384,0.109,16,8,true,0,0.000
dec-071,dec,d_b=5;m=9;gap=13;k=4;q=7;s=27,25,false,27,0.118,42,2,1,0.023,55,54,false,0,0.000
dec-071,dec,d_b=5;m=9;gap=13;k=4;q=7;s=27,25,false,27,0.118,42,2,2,0.037,55,54,false,0,0.000
dec-071,dec,d_b=5;m=9;gap=13;k=4;q=7;s=27,25,false,27,0.118,42,2,4,0.056,55,54,false,0,0.000
dec-071,dec,d_b=5;m=9;gap=13;k=4;q=7;s=27,25,false,27,0.118,42,2,8,0.097,55,54,false,0,0.000
dec-071,dec,d_b=5;m=9;gap=13;k=4;q=7;s=27,25,false,27,0.118,42,2,16,0.160,42,2,true,0,0.000
dec-071,dec,d_b=5;m=9;gap=13;k=4;q=7;s=27,25,false,27,0.118,42,2,32,0.167,42,2,true,0,0.000
dec-071,dec,d_b=5;m=9;gap=13;k=4;q=7;s=27,25,false,27,0.118,42,2,64,0.153,42,2,true,0,0.000
dec-071,dec,d_b=5;m=9;gap=13;k=4;q=7;s=27,25,false,27,0.118,42,2,128,0.154,42,2,true,0,0.000
dec-071,dec,d_b=5;m=9;gap=13;k=4;q=7;s=27,25,false,27,0.118,42,2,256,0.149,42,2,true,0,0.000
dec-071,dec,d_b=5;m=9;gap=13;k=4;q=7;s=27,25,false,27,0.118,42,2,512,0.149,42,2,true,0,0.000
dec-071,dec,d_b=5;m=9;gap=13;k=4;q=7;s=27,25,false,27,0.118,42,2,1024,0.147,42,2,true,0,0.000
dec-071,dec,d_b=5;m=9;gap=13;k=4;q=7;s=27,25,false,27,0.118,42,2,2048,0.148,42,2,true,0,0.000
dec-071,dec,d_b=5;m=9;gap=13;k=4;q=7;s=27,25,false,27,0.118,42,2,4096,0.148,42,2,true,0,0.000
dec-071,dec,d_b=5;m=9;gap=13;k=4;q=7;s=27,25,false,27,0.118,42,2,8192,0.146,42,2,true,0,0.000
dec-071,dec,d_b=5;m=9;gap=13;k=4;q=7;s=27,25,false,27,0.118,42,2,16384,0.148,42,2,true,0,0.000
mixed-023-2,mixed,seed=0x9f994bcdc321597f;cycles=7;planted=3;d_b=16;m=5;gap=2;k=1,113023,false,16893,0.571,227,10,1,0.201,236,208,false,0,0.000
mixed-023-2,mixed,seed=0x9f994bcdc321597f;cycles=7;planted=3;d_b=16;m=5;gap=2;k=1,113023,false,16893,0.571,227,10,2,0.263,236,208,false,0,0.000
mixed-023-2,mixed,seed=0x9f994bcdc321597f;cycles=7;planted=3;d_b=16;m=5;gap=2;k=1,113023,false,16893,0.571,227,10,4,0.285,236,208,false,0,0.000
mixed-023-2,mixed,seed=0x9f994bcdc321597f;cycles=7;planted=3;d_b=16;m=5;gap=2;k=1,113023,false,16893,0.571,227,10,8,0.358,236,208,false,0,0.000
mixed-023-2,mixed,seed=0x9f994bcdc321597f;cycles=7;planted=3;d_b=16;m=5;gap=2;k=1,113023,false,16893,0.571,227,10,16,0.536,236,208,false,0,0.000
mixed-023-2,mixed,seed=0x9f994bcdc321597f;cycles=7;planted=3;d_b=16;m=5;gap=2;k=1,113023,false,16893,0.571,227,10,32,0.963,236,208,false,0,0.000
mixed-023-2,mixed,seed=0x9f994bcdc321597f;cycles=7;planted=3;d_b=16;m=5;gap=2;k=1,113023,false,16893,0.571,227,10,64,1.767,227,10,false,0,0.000
mixed-023-2,mixed,seed=0x9f994bcdc321597f;cycles=7;planted=3;d_b=16;m=5;gap=2;k=1,113023,false,16893,0.571,227,10,128,2.736,227,10,true,0,0.000
mixed-023-2,mixed,seed=0x9f994bcdc321597f;cycles=7;planted=3;d_b=16;m=5;gap=2;k=1,113023,false,16893,0.571,227,10,256,2.630,227,10,true,0,0.000
mixed-023-2,mixed,seed=0x9f994bcdc321597f;cycles=7;planted=3;d_b=16;m=5;gap=2;k=1,113023,false,16893,0.571,227,10,512,2.658,227,10,true,0,0.000
mixed-023-2,mixed,seed=0x9f994bcdc321597f;cycles=7;planted=3;d_b=16;m=5;gap=2;k=1,113023,false,16893,0.571,227,10,1024,2.627,227,10,true,0,0.000
mixed-023-2,mixed,seed=0x9f994bcdc321597f;cycles=7;planted=3;d_b=16;m=5;gap=2;k=1,113023,false,16893,0.571,227,10,2048,2.645,227,10,true,0,0.000
mixed-023-2,mixed,seed=0x9f994bcdc321597f;cycles=7;planted=3;d_b=16;m=5;gap=2;k=1,113023,false,16893,0.571,227,10,4096,2.683,227,10,true,0,0.000
mixed-023-2,mixed,seed=0x9f994bcdc321597f;cycles=7;planted=3;d_b=16;m=5;gap=2;k=1,113023,false,16893,0.571,227,10,8192,2.671,227,10,true,0,0.000
mixed-023-2,mixed,seed=0x9f994bcdc321597f;cycles=7;planted=3;d_b=16;m=5;gap=2;k=1,113023,false,16893,0.571,227,10,16384,2.610,227,10,true,0,0.000
rand-02-23,rand,seed=0xc39c0a570585649f;cycles=8,1501016,false,152150,0.065,18,6,1,0.067,18,6,false,0,0.000
rand-02-23,rand,seed=0xc39c0a570585649f;cycles=8,1501016,false,152150,0.065,18,6,2,0.067,18,6,false,0,0.000
rand-02-23,rand,seed=0xc39c0a570585649f;cycles=8,1501016,false,152150,0.065,18,6,4,0.087,18,6,false,0,0.000
rand-02-23,rand,seed=0xc39c0a570585649f;cycles=8,1501016,false,152150,0.065,18,6,8,0.097,18,6,true,0,0.000
rand-02-23,rand,seed=0xc39c0a570585649f;cycles=8,1501016,false,152150,0.065,18,6,16,0.094,18,6,true,0,0.000
rand-02-23,rand,seed=0xc39c0a570585649f;cycles=8,1501016,false,152150,0.065,18,6,32,0.092,18,6,true,0,0.000
rand-02-23,rand,seed=0xc39c0a570585649f;cycles=8,1501016,false,152150,0.065,18,6,64,0.091,18,6,true,0,0.000
rand-02-23,rand,seed=0xc39c0a570585649f;cycles=8,1501016,false,152150,0.065,18,6,128,0.088,18,6,true,0,0.000
rand-02-23,rand,seed=0xc39c0a570585649f;cycles=8,1501016,false,152150,0.065,18,6,256,0.088,18,6,true,0,0.000
rand-02-23,rand,seed=0xc39c0a570585649f;cycles=8,1501016,false,152150,0.065,18,6,512,0.087,18,6,true,0,0.000
rand-02-23,rand,seed=0xc39c0a570585649f;cycles=8,1501016,false,152150,0.065,18,6,1024,0.087,18,6,true,0,0.000
rand-02-23,rand,seed=0xc39c0a570585649f;cycles=8,1501016,false,152150,0.065,18,6,2048,0.087,18,6,true,0,0.000
rand-02-23,rand,seed=0xc39c0a570585649f;cycles=8,1501016,false,152150,0.065,18,6,4096,0.088,18,6,true,0,0.000
rand-02-23,rand,seed=0xc39c0a570585649f;cycles=8,1501016,false,152150,0.065,18,6,8192,0.087,18,6,true,0,0.000
rand-02-23,rand,seed=0xc39c0a570585649f;cycles=8,1501016,false,152150,0.065,18,6,16384,0.086,18,6,true,0,0.000
dec-072,dec,d_b=8;m=2;gap=1;k=1;q=0;s=5,16,false,17,0.040,10,2,1,0.010,11,10,false,0,0.000
dec-072,dec,d_b=8;m=2;gap=1;k=1;q=0;s=5,16,false,17,0.040,10,2,2,0.015,11,10,false,0,0.000
dec-072,dec,d_b=8;m=2;gap=1;k=1;q=0;s=5,16,false,17,0.040,10,2,4,0.021,11,10,false,0,0.000
dec-072,dec,d_b=8;m=2;gap=1;k=1;q=0;s=5,16,false,17,0.040,10,2,8,0.039,10,2,false,0,0.000
dec-072,dec,d_b=8;m=2;gap=1;k=1;q=0;s=5,16,false,17,0.040,10,2,16,0.064,10,2,true,0,0.000
dec-072,dec,d_b=8;m=2;gap=1;k=1;q=0;s=5,16,false,17,0.040,10,2,32,0.063,10,2,true,0,0.000
dec-072,dec,d_b=8;m=2;gap=1;k=1;q=0;s=5,16,false,17,0.040,10,2,64,0.061,10,2,true,0,0.000
dec-072,dec,d_b=8;m=2;gap=1;k=1;q=0;s=5,16,false,17,0.040,10,2,128,0.060,10,2,true,0,0.000
dec-072,dec,d_b=8;m=2;gap=1;k=1;q=0;s=5,16,false,17,0.040,10,2,256,0.060,10,2,true,0,0.000
dec-072,dec,d_b=8;m=2;gap=1;k=1;q=0;s=5,16,false,17,0.040,10,2,512,0.059,10,2,true,0,0.000
dec-072,dec,d_b=8;m=2;gap=1;k=1;q=0;s=5,16,false,17,0.040,10,2,1024,0.058,10,2,true,0,0.000
dec-072,dec,d_b=8;m=2;gap=1;k=1;q=0;s=5,16,false,17,0.040,10,2,2048,0.059,10,2,true,0,0.000
dec-072,dec,d_b=8;m=2;gap=1;k=1;q=0;s=5,16,false,17,0.040,10,2,4096,0.059,10,2,true,0,0.000
dec-072,dec,d_b=8;m=2;gap=1;k=1;q=0;s=5,16,false,17,0.040,10,2,8192,0.059,10,2,true,0,0.000
dec-072,dec,d_b=8;m=2;gap=1;k=1;q=0;s=5,16,false,17,0.040,10,2,16384,0.059,10,2,true,0,0.000
mixed-024-0,mixed,seed=0x4dc30c7929287eb5;cycles=8;planted=1;d_b=4;m=2;gap=1;k=2,2379944,false,228973,0.151,27,8,1,0.131,28,12,false,0,0.000
mixed-024-0,mixed,seed=0x4dc30c7929287eb5;cycles=8;planted=1;d_b=4;m=2;gap=1;k=2,2379944,false,228973,0.151,27,8,2,0.120,28,12,false,0,0.000
mixed-024-0,mixed,seed=0x4dc30c7929287eb5;cycles=8;planted=1;d_b=4;m=2;gap=1;k=2,2379944,false,228973,0.151,27,8,4,0.202,28,12,false,0,0.000
mixed-024-0,mixed,seed=0x4dc30c7929287eb5;cycles=8;planted=1;d_b=4;m=2;gap=1;k=2,2379944,false,228973,0.151,27,8,8,0.231,28,12,false,0,0.000
mixed-024-0,mixed,seed=0x4dc30c7929287eb5;cycles=8;planted=1;d_b=4;m=2;gap=1;k=2,2379944,false,228973,0.151,27,8,16,0.303,27,8,true,0,0.000
mixed-024-0,mixed,seed=0x4dc30c7929287eb5;cycles=8;planted=1;d_b=4;m=2;gap=1;k=2,2379944,false,228973,0.151,27,8,32,0.295,27,8,true,0,0.000
mixed-024-0,mixed,seed=0x4dc30c7929287eb5;cycles=8;planted=1;d_b=4;m=2;gap=1;k=2,2379944,false,228973,0.151,27,8,64,0.291,27,8,true,0,0.000
mixed-024-0,mixed,seed=0x4dc30c7929287eb5;cycles=8;planted=1;d_b=4;m=2;gap=1;k=2,2379944,false,228973,0.151,27,8,128,0.287,27,8,true,0,0.000
mixed-024-0,mixed,seed=0x4dc30c7929287eb5;cycles=8;planted=1;d_b=4;m=2;gap=1;k=2,2379944,false,228973,0.151,27,8,256,0.288,27,8,true,0,0.000
mixed-024-0,mixed,seed=0x4dc30c7929287eb5;cycles=8;planted=1;d_b=4;m=2;gap=1;k=2,2379944,false,228973,0.151,27,8,512,0.285,27,8,true,0,0.000
mixed-024-0,mixed,seed=0x4dc30c7929287eb5;cycles=8;planted=1;d_b=4;m=2;gap=1;k=2,2379944,false,228973,0.151,27,8,1024,0.285,27,8,true,0,0.000
mixed-024-0,mixed,seed=0x4dc30c7929287eb5;cycles=8;planted=1;d_b=4;m=2;gap=1;k=2,2379944,false,228973,0.151,27,8,2048,0.282,27,8,true,0,0.000
mixed-024-0,mixed,seed=0x4dc30c7929287eb5;cycles=8;planted=1;d_b=4;m=2;gap=1;k=2,2379944,false,228973,0.151,27,8,4096,0.294,27,8,true,0,0.000
mixed-024-0,mixed,seed=0x4dc30c7929287eb5;cycles=8;planted=1;d_b=4;m=2;gap=1;k=2,2379944,false,228973,0.151,27,8,8192,0.293,27,8,true,0,0.000
mixed-024-0,mixed,seed=0x4dc30c7929287eb5;cycles=8;planted=1;d_b=4;m=2;gap=1;k=2,2379944,false,228973,0.151,27,8,16384,0.284,27,8,true,0,0.000
rand-03-00,rand,seed=0x0e7933d5ab486c7b;cycles=9,9831501,false,743421,0.075,16,6,1,0.109,16,6,false,0,0.000
rand-03-00,rand,seed=0x0e7933d5ab486c7b;cycles=9,9831501,false,743421,0.075,16,6,2,0.112,16,6,false,0,0.000
rand-03-00,rand,seed=0x0e7933d5ab486c7b;cycles=9,9831501,false,743421,0.075,16,6,4,0.105,16,6,false,0,0.000
rand-03-00,rand,seed=0x0e7933d5ab486c7b;cycles=9,9831501,false,743421,0.075,16,6,8,0.132,16,6,true,0,0.000
rand-03-00,rand,seed=0x0e7933d5ab486c7b;cycles=9,9831501,false,743421,0.075,16,6,16,0.124,16,6,true,0,0.000
rand-03-00,rand,seed=0x0e7933d5ab486c7b;cycles=9,9831501,false,743421,0.075,16,6,32,0.124,16,6,true,0,0.000
rand-03-00,rand,seed=0x0e7933d5ab486c7b;cycles=9,9831501,false,743421,0.075,16,6,64,0.121,16,6,true,0,0.000
rand-03-00,rand,seed=0x0e7933d5ab486c7b;cycles=9,9831501,false,743421,0.075,16,6,128,0.121,16,6,true,0,0.000
rand-03-00,rand,seed=0x0e7933d5ab486c7b;cycles=9,9831501,false,743421,0.075,16,6,256,0.119,16,6,true,0,0.000
rand-03-00,rand,seed=0x0e7933d5ab486c7b;cycles=9,9831501,false,743421,0.075,16,6,512,0.119,16,6,true,0,0.000
rand-03-00,rand,seed=0x0e7933d5ab486c7b;cycles=9,9831501,false,743421,0.075,16,6,1024,0.118,16,6,true,0,0.000
rand-03-00,rand,seed=0x0e7933d5ab486c7b;cycles=9,9831501,false,743421,0.075,16,6,2048,0.118,16,6,true,0,0.000
rand-03-00,rand,seed=0x0e7933d5ab486c7b;cycles=9,9831501,false,743421,0.075,16,6,4096,0.118,16,6,true,0,0.000
rand-03-00,rand,seed=0x0e7933d5ab486c7b;cycles=9,9831501,false,743421,0.075,16,6,8192,0.118,16,6,true,0,0.000
rand-03-00,rand,seed=0x0e7933d5ab486c7b;cycles=9,9831501,false,743421,0.075,16,6,16384,0.118,16,6,true,0,0.000
dec-073,dec,d_b=8;m=2;gap=1;k=2;q=0;s=5,24,false,25,0.069,10,2,1,0.012,11,10,false,0,0.000
dec-073,dec,d_b=8;m=2;gap=1;k=2;q=0;s=5,24,false,25,0.069,10,2,2,0.015,11,10,false,0,0.000
dec-073,dec,d_b=8;m=2;gap=1;k=2;q=0;s=5,24,false,25,0.069,10,2,4,0.022,11,10,false,0,0.000
dec-073,dec,d_b=8;m=2;gap=1;k=2;q=0;s=5,24,false,25,0.069,10,2,8,0.038,11,10,false,0,0.000
dec-073,dec,d_b=8;m=2;gap=1;k=2;q=0;s=5,24,false,25,0.069,10,2,16,0.074,10,2,false,0,0.000
dec-073,dec,d_b=8;m=2;gap=1;k=2;q=0;s=5,24,false,25,0.069,10,2,32,0.085,10,2,true,0,0.000
dec-073,dec,d_b=8;m=2;gap=1;k=2;q=0;s=5,24,false,25,0.069,10,2,64,0.082,10,2,true,0,0.000
dec-073,dec,d_b=8;m=2;gap=1;k=2;q=0;s=5,24,false,25,0.069,10,2,128,0.081,10,2,true,0,0.000
dec-073,dec,d_b=8;m=2;gap=1;k=2;q=0;s=5,24,false,25,0.069,10,2,256,0.078,10,2,true,0,0.000
dec-073,dec,d_b=8;m=2;gap=1;k=2;q=0;s=5,24,false,25,0.069,10,2,512,0.078,10,2,true,0,0.000
dec-073,dec,d_b=8;m=2;gap=1;k=2;q=0;s=5,24,false,25,0.069,10,2,1024,0.078,10,2,true,0,0.000
dec-073,dec,d_b=8;m=2;gap=1;k=2;q=0;s=5,24,false,25,0.069,10,2,2048,0.078,10,2,true,0,0.000
dec-073,dec,d_b=8;m=2;gap=1;k=2;q=0;s=5,24,false,25,0.069,10,2,4096,0.077,10,2,true,0,0.000
dec-073,dec,d_b=8;m=2;gap=1;k=2;q=0;s=5,24,false,25,0.069,10,2,8192,0.077,10,2,true,0,0.000
dec-073,dec,d_b=8;m=2;gap=1;k=2;q=0;s=5,24,false,25,0.069,10,2,16384,0.077,10,2,true,0,0.000
mixed-024-1,mixed,seed=0xdb2148c53f9bf97b;cycles=8;planted=1;d_b=4;m=2;gap=1;k=2,810550,false,84666,0.041,9,4,1,0.033,10,8,false,0,0.000
mixed-024-1,mixed,seed=0xdb2148c53f9bf97b;cycles=8;planted=1;d_b=4;m=2;gap=1;k=2,810550,false,84666,0.041,9,4,2,0.030,10,8,false,0,0.000
mixed-024-1,mixed,seed=0xdb2148c53f9bf97b;cycles=8;planted=1;d_b=4;m=2;gap=1;k=2,810550,false,84666,0.041,9,4,4,0.034,10,8,false,0,0.000
mixed-024-1,mixed,seed=0xdb2148c53f9bf97b;cycles=8;planted=1;d_b=4;m=2;gap=1;k=2,810550,false,84666,0.041,9,4,8,0.051,9,4,false,0,0.000
mixed-024-1,mixed,seed=0xdb2148c53f9bf97b;cycles=8;planted=1;d_b=4;m=2;gap=1;k=2,810550,false,84666,0.041,9,4,16,0.055,9,4,true,0,0.000
mixed-024-1,mixed,seed=0xdb2148c53f9bf97b;cycles=8;planted=1;d_b=4;m=2;gap=1;k=2,810550,false,84666,0.041,9,4,32,0.055,9,4,true,0,0.000
mixed-024-1,mixed,seed=0xdb2148c53f9bf97b;cycles=8;planted=1;d_b=4;m=2;gap=1;k=2,810550,false,84666,0.041,9,4,64,0.051,9,4,true,0,0.000
mixed-024-1,mixed,seed=0xdb2148c53f9bf97b;cycles=8;planted=1;d_b=4;m=2;gap=1;k=2,810550,false,84666,0.041,9,4,128,0.051,9,4,true,0,0.000
mixed-024-1,mixed,seed=0xdb2148c53f9bf97b;cycles=8;planted=1;d_b=4;m=2;gap=1;k=2,810550,false,84666,0.041,9,4,256,0.050,9,4,true,0,0.000
mixed-024-1,mixed,seed=0xdb2148c53f9bf97b;cycles=8;planted=1;d_b=4;m=2;gap=1;k=2,810550,false,84666,0.041,9,4,512,0.050,9,4,true,0,0.000
mixed-024-1,mixed,seed=0xdb2148c53f9bf97b;cycles=8;planted=1;d_b=4;m=2;gap=1;k=2,810550,false,84666,0.041,9,4,1024,0.049,9,4,true,0,0.000
mixed-024-1,mixed,seed=0xdb2148c53f9bf97b;cycles=8;planted=1;d_b=4;m=2;gap=1;k=2,810550,false,84666,0.041,9,4,2048,0.050,9,4,true,0,0.000
mixed-024-1,mixed,seed=0xdb2148c53f9bf97b;cycles=8;planted=1;d_b=4;m=2;gap=1;k=2,810550,false,84666,0.041,9,4,4096,0.049,9,4,true,0,0.000
mixed-024-1,mixed,seed=0xdb2148c53f9bf97b;cycles=8;planted=1;d_b=4;m=2;gap=1;k=2,810550,false,84666,0.041,9,4,8192,0.050,9,4,true,0,0.000
mixed-024-1,mixed,seed=0xdb2148c53f9bf97b;cycles=8;planted=1;d_b=4;m=2;gap=1;k=2,810550,false,84666,0.041,9,4,16384,0.049,9,4,true,0,0.000
rand-03-01,rand,seed=0xa1b8f9e481ad2edc;cycles=9,5335246,false,414699,0.052,9,4,1,0.079,9,4,false,0,0.000
rand-03-01,rand,seed=0xa1b8f9e481ad2edc;cycles=9,5335246,false,414699,0.052,9,4,2,0.078,9,4,true,0,0.000
rand-03-01,rand,seed=0xa1b8f9e481ad2edc;cycles=9,5335246,false,414699,0.052,9,4,4,0.068,9,4,true,0,0.000
rand-03-01,rand,seed=0xa1b8f9e481ad2edc;cycles=9,5335246,false,414699,0.052,9,4,8,0.062,9,4,true,0,0.000
rand-03-01,rand,seed=0xa1b8f9e481ad2edc;cycles=9,5335246,false,414699,0.052,9,4,16,0.059,9,4,true,0,0.000
rand-03-01,rand,seed=0xa1b8f9e481ad2edc;cycles=9,5335246,false,414699,0.052,9,4,32,0.058,9,4,true,0,0.000
rand-03-01,rand,seed=0xa1b8f9e481ad2edc;cycles=9,5335246,false,414699,0.052,9,4,64,0.056,9,4,true,0,0.000
rand-03-01,rand,seed=0xa1b8f9e481ad2edc;cycles=9,5335246,false,414699,0.052,9,4,128,0.055,9,4,true,0,0.000
rand-03-01,rand,seed=0xa1b8f9e481ad2edc;cycles=9,5335246,false,414699,0.052,9,4,256,0.056,9,4,true,0,0.000
rand-03-01,rand,seed=0xa1b8f9e481ad2edc;cycles=9,5335246,false,414699,0.052,9,4,512,0.055,9,4,true,0,0.000
rand-03-01,rand,seed=0xa1b8f9e481ad2edc;cycles=9,5335246,false,414699,0.052,9,4,1024,0.055,9,4,true,0,0.000
rand-03-01,rand,seed=0xa1b8f9e481ad2edc;cycles=9,5335246,false,414699,0.052,9,4,2048,0.054,9,4,true,0,0.000
rand-03-01,rand,seed=0xa1b8f9e481ad2edc;cycles=9,5335246,false,414699,0.052,9,4,4096,0.055,9,4,true,0,0.000
rand-03-01,rand,seed=0xa1b8f9e481ad2edc;cycles=9,5335246,false,414699,0.052,9,4,8192,0.055,9,4,true,0,0.000
rand-03-01,rand,seed=0xa1b8f9e481ad2edc;cycles=9,5335246,false,414699,0.052,9,4,16384,0.055,9,4,true,0,0.000
dec-074,dec,d_b=8;m=2;gap=1;k=4;q=0;s=5,40,false,41,0.082,10,2,1,0.013,11,10,false,0,0.000
dec-074,dec,d_b=8;m=2;gap=1;k=4;q=0;s=5,40,false,41,0.082,10,2,2,0.017,11,10,false,0,0.000
dec-074,dec,d_b=8;m=2;gap=1;k=4;q=0;s=5,40,false,41,0.082,10,2,4,0.030,11,10,false,0,0.000
dec-074,dec,d_b=8;m=2;gap=1;k=4;q=0;s=5,40,false,41,0.082,10,2,8,0.037,11,10,false,0,0.000
dec-074,dec,d_b=8;m=2;gap=1;k=4;q=0;s=5,40,false,41,0.082,10,2,16,0.067,11,10,false,0,0.000
dec-074,dec,d_b=8;m=2;gap=1;k=4;q=0;s=5,40,false,41,0.082,10,2,32,0.119,10,2,true,0,0.000
dec-074,dec,d_b=8;m=2;gap=1;k=4;q=0;s=5,40,false,41,0.082,10,2,64,0.122,10,2,true,0,0.000
dec-074,dec,d_b=8;m=2;gap=1;k=4;q=0;s=5,40,false,41,0.082,10,2,128,0.113,10,2,true,0,0.000
dec-074,dec,d_b=8;m=2;gap=1;k=4;q=0;s=5,40,false,41,0.082,10,2,256,0.112,10,2,true,0,0.000
dec-074,dec,d_b=8;m=2;gap=1;k=4;q=0;s=5,40,false,41,0.082,10,2,512,0.109,10,2,true,0,0.000
dec-074,dec,d_b=8;m=2;gap=1;k=4;q=0;s=5,40,false,41,0.082,10,2,1024,0.109,10,2,true,0,0.000
dec-074,dec,d_b=8;m=2;gap=1;k=4;q=0;s=5,40,false,41,0.082,10,2,2048,0.131,10,2,true,0,0.000
dec-074,dec,d_b=8;m=2;gap=1;k=4;q=0;s=5,40,false,41,0.082,10,2,4096,0.113,10,2,true,0,0.000
dec-074,dec,d_b=8;m=2;gap=1;k=4;q=0;s=5,40,false,41,0.082,10,2,8192,0.117,10,2,true,0,0.000
dec-074,dec,d_b=8;m=2;gap=1;k=4;q=0;s=5,40,false,41,0.082,10,2,16384,0.108,10,2,true,0,0.000
mixed-024-2,mixed,seed=0x2d7092a3bcfd2331;cycles=8;planted=1;d_b=4;m=2;gap=1;k=2,1939052,false,190447,0.082,22,10,1,0.066,23,14,false,0,0.000
mixed-024-2,mixed,seed=0x2d7092a3bcfd2331;cycles=8;planted=1;d_b=4;m=2;gap=1;k=2,1939052,false,190447,0.082,22,10,2,0.064,23,14,false,0,0.000
mixed-024-2,mixed,seed=0x2d7092a3bcfd2331;cycles=8;planted=1;d_b=4;m=2;gap=1;k=2,1939052,false,190447,0.082,22,10,4,0.067,23,14,false,0,0.000
mixed-024-2,mixed,seed=0x2d7092a3bcfd2331;cycles=8;planted=1;d_b=4;m=2;gap=1;k=2,1939052,false,190447,0.082,22,10,8,0.079,23,14,false,0,0.000
mixed-024-2,mixed,seed=0x2d7092a3bcfd2331;cycles=8;planted=1;d_b=4;m=2;gap=1;k=2,1939052,false,190447,0.082,22,10,16,0.116,22,10,true,0,0.000
mixed-024-2,mixed,seed=0x2d7092a3bcfd2331;cycles=8;planted=1;d_b=4;m=2;gap=1;k=2,1939052,false,190447,0.082,22,10,32,0.112,22,10,true,0,0.000
mixed-024-2,mixed,seed=0x2d7092a3bcfd2331;cycles=8;planted=1;d_b=4;m=2;gap=1;k=2,1939052,false,190447,0.082,22,10,64,0.109,22,10,true,0,0.000
mixed-024-2,mixed,seed=0x2d7092a3bcfd2331;cycles=8;planted=1;d_b=4;m=2;gap=1;k=2,1939052,false,190447,0.082,22,10,128,0.107,22,10,true,0,0.000
mixed-024-2,mixed,seed=0x2d7092a3bcfd2331;cycles=8;planted=1;d_b=4;m=2;gap=1;k=2,1939052,false,190447,0.082,22,10,256,0.104,22,10,true,0,0.000
mixed-024-2,mixed,seed=0x2d7092a3bcfd2331;cycles=8;planted=1;d_b=4;m=2;gap=1;k=2,1939052,false,190447,0.082,22,10,512,0.103,22,10,true,0,0.000
mixed-024-2,mixed,seed=0x2d7092a3bcfd2331;cycles=8;planted=1;d_b=4;m=2;gap=1;k=2,1939052,false,190447,0.082,22,10,1024,0.103,22,10,true,0,0.000
mixed-024-2,mixed,seed=0x2d7092a3bcfd2331;cycles=8;planted=1;d_b=4;m=2;gap=1;k=2,1939052,false,190447,0.082,22,10,2048,0.102,22,10,true,0,0.000
mixed-024-2,mixed,seed=0x2d7092a3bcfd2331;cycles=8;planted=1;d_b=4;m=2;gap=1;k=2,1939052,false,190447,0.082,22,10,4096,0.102,22,10,true,0,0.000
mixed-024-2,mixed,seed=0x2d7092a3bcfd2331;cycles=8;planted=1;d_b=4;m=2;gap=1;k=2,1939052,false,190447,0.082,22,10,8192,0.109,22,10,true,0,0.000
mixed-024-2,mixed,seed=0x2d7092a3bcfd2331;cycles=8;planted=1;d_b=4;m=2;gap=1;k=2,1939052,false,190447,0.082,22,10,16384,0.104,22,10,true,0,0.000
rand-03-02,rand,seed=0xd4f7f4f0b36aa129;cycles=9,9850571,false,744355,0.102,25,6,1,0.124,25,6,false,0,0.000
rand-03-02,rand,seed=0xd4f7f4f0b36aa129;cycles=9,9850571,false,744355,0.102,25,6,2,0.115,25,6,false,0,0.000
rand-03-02,rand,seed=0xd4f7f4f0b36aa129;cycles=9,9850571,false,744355,0.102,25,6,4,0.119,25,6,false,0,0.000
rand-03-02,rand,seed=0xd4f7f4f0b36aa129;cycles=9,9850571,false,744355,0.102,25,6,8,0.203,25,6,true,0,0.000
rand-03-02,rand,seed=0xd4f7f4f0b36aa129;cycles=9,9850571,false,744355,0.102,25,6,16,0.198,25,6,true,0,0.000
rand-03-02,rand,seed=0xd4f7f4f0b36aa129;cycles=9,9850571,false,744355,0.102,25,6,32,0.187,25,6,true,0,0.000
rand-03-02,rand,seed=0xd4f7f4f0b36aa129;cycles=9,9850571,false,744355,0.102,25,6,64,0.189,25,6,true,0,0.000
rand-03-02,rand,seed=0xd4f7f4f0b36aa129;cycles=9,9850571,false,744355,0.102,25,6,128,0.181,25,6,true,0,0.000
rand-03-02,rand,seed=0xd4f7f4f0b36aa129;cycles=9,9850571,false,744355,0.102,25,6,256,0.185,25,6,true,0,0.000
rand-03-02,rand,seed=0xd4f7f4f0b36aa129;cycles=9,9850571,false,744355,0.102,25,6,512,0.180,25,6,true,0,0.000
rand-03-02,rand,seed=0xd4f7f4f0b36aa129;cycles=9,9850571,false,744355,0.102,25,6,1024,0.183,25,6,true,0,0.000
rand-03-02,rand,seed=0xd4f7f4f0b36aa129;cycles=9,9850571,false,744355,0.102,25,6,2048,0.182,25,6,true,0,0.000
rand-03-02,rand,seed=0xd4f7f4f0b36aa129;cycles=9,9850571,false,744355,0.102,25,6,4096,0.183,25,6,true,0,0.000
rand-03-02,rand,seed=0xd4f7f4f0b36aa129;cycles=9,9850571,false,744355,0.102,25,6,8192,0.180,25,6,true,0,0.000
rand-03-02,rand,seed=0xd4f7f4f0b36aa129;cycles=9,9850571,false,744355,0.102,25,6,16384,0.182,25,6,true,0,0.000
dec-075,dec,d_b=8;m=2;gap=3;k=1;q=0;s=6,16,false,17,0.059,10,2,1,0.012,13,12,false,0,0.000
dec-075,dec,d_b=8;m=2;gap=3;k=1;q=0;s=6,16,false,17,0.059,10,2,2,0.017,13,12,false,0,0.000
dec-075,dec,d_b=8;m=2;gap=3;k=1;q=0;s=6,16,false,17,0.059,10,2,4,0.022,13,12,false,0,0.000
dec-075,dec,d_b=8;m=2;gap=3;k=1;q=0;s=6,16,false,17,0.059,10,2,8,0.049,10,2,false,0,0.000
dec-075,dec,d_b=8;m=2;gap=3;k=1;q=0;s=6,16,false,17,0.059,10,2,16,0.070,10,2,true,0,0.000
dec-075,dec,d_b=8;m=2;gap=3;k=1;q=0;s=6,16,false,17,0.059,10,2,32,0.068,10,2,true,0,0.000
dec-075,dec,d_b=8;m=2;gap=3;k=1;q=0;s=6,16,false,17,0.059,10,2,64,0.066,10,2,true,0,0.000
dec-075,dec,d_b=8;m=2;gap=3;k=1;q=0;s=6,16,false,17,0.059,10,2,128,0.065,10,2,true,0,0.000
dec-075,dec,d_b=8;m=2;gap=3;k=1;q=0;s=6,16,false,17,0.059,10,2,256,0.063,10,2,true,0,0.000
dec-075,dec,d_b=8;m=2;gap=3;k=1;q=0;s=6,16,false,17,0.059,10,2,512,0.064,10,2,true,0,0.000
dec-075,dec,d_b=8;m=2;gap=3;k=1;q=0;s=6,16,false,17,0.059,10,2,1024,0.062,10,2,true,0,0.000
dec-075,dec,d_b=8;m=2;gap=3;k=1;q=0;s=6,16,false,17,0.059,10,2,2048,0.063,10,2,true,0,0.000
dec-075,dec,d_b=8;m=2;gap=3;k=1;q=0;s=6,16,false,17,0.059,10,2,4096,0.062,10,2,true,0,0.000
dec-075,dec,d_b=8;m=2;gap=3;k=1;q=0;s=6,16,false,17,0.059,10,2,8192,0.063,10,2,true,0,0.000
dec-075,dec,d_b=8;m=2;gap=3;k=1;q=0;s=6,16,false,17,0.059,10,2,16384,0.061,10,2,true,0,0.000
mixed-025-0,mixed,seed=0x1a6e8540bd0e44b3;cycles=8;planted=1;d_b=8;m=3;gap=2;k=2,810568,false,84719,0.144,36,6,1,0.119,39,24,false,0,0.000
mixed-025-0,mixed,seed=0x1a6e8540bd0e44b3;cycles=8;planted=1;d_b=8;m=3;gap=2;k=2,810568,false,84719,0.144,36,6,2,0.122,39,24,false,0,0.000
mixed-025-0,mixed,seed=0x1a6e8540bd0e44b3;cycles=8;planted=1;d_b=8;m=3;gap=2;k=2,810568,false,84719,0.144,36,6,4,0.131,39,24,false,0,0.000
mixed-025-0,mixed,seed=0x1a6e8540bd0e44b3;cycles=8;planted=1;d_b=8;m=3;gap=2;k=2,810568,false,84719,0.144,36,6,8,0.185,39,24,false,0,0.000
mixed-025-0,mixed,seed=0x1a6e8540bd0e44b3;cycles=8;planted=1;d_b=8;m=3;gap=2;k=2,810568,false,84719,0.144,36,6,16,0.328,36,6,false,0,0.000
mixed-025-0,mixed,seed=0x1a6e8540bd0e44b3;cycles=8;planted=1;d_b=8;m=3;gap=2;k=2,810568,false,84719,0.144,36,6,32,0.518,36,6,true,0,0.000
mixed-025-0,mixed,seed=0x1a6e8540bd0e44b3;cycles=8;planted=1;d_b=8;m=3;gap=2;k=2,810568,false,84719,0.144,36,6,64,0.503,36,6,true,0,0.000
mixed-025-0,mixed,seed=0x1a6e8540bd0e44b3;cycles=8;planted=1;d_b=8;m=3;gap=2;k=2,810568,false,84719,0.144,36,6,128,0.505,36,6,true,0,0.000
mixed-025-0,mixed,seed=0x1a6e8540bd0e44b3;cycles=8;planted=1;d_b=8;m=3;gap=2;k=2,810568,false,84719,0.144,36,6,256,0.493,36,6,true,0,0.000
mixed-025-0,mixed,seed=0x1a6e8540bd0e44b3;cycles=8;planted=1;d_b=8;m=3;gap=2;k=2,810568,false,84719,0.144,36,6,512,0.496,36,6,true,0,0.000
mixed-025-0,mixed,seed=0x1a6e8540bd0e44b3;cycles=8;planted=1;d_b=8;m=3;gap=2;k=2,810568,false,84719,0.144,36,6,1024,0.487,36,6,true,0,0.000
mixed-025-0,mixed,seed=0x1a6e8540bd0e44b3;cycles=8;planted=1;d_b=8;m=3;gap=2;k=2,810568,false,84719,0.144,36,6,2048,0.492,36,6,true,0,0.000
mixed-025-0,mixed,seed=0x1a6e8540bd0e44b3;cycles=8;planted=1;d_b=8;m=3;gap=2;k=2,810568,false,84719,0.144,36,6,4096,0.487,36,6,true,0,0.000
mixed-025-0,mixed,seed=0x1a6e8540bd0e44b3;cycles=8;planted=1;d_b=8;m=3;gap=2;k=2,810568,false,84719,0.144,36,6,8192,0.490,36,6,true,0,0.000
mixed-025-0,mixed,seed=0x1a6e8540bd0e44b3;cycles=8;planted=1;d_b=8;m=3;gap=2;k=2,810568,false,84719,0.144,36,6,16384,0.489,36,6,true,0,0.000
rand-03-03,rand,seed=0xe052239202074348;cycles=9,5335245,false,414689,0.029,3,2,1,0.042,3,2,true,0,0.000
rand-03-03,rand,seed=0xe052239202074348;cycles=9,5335245,false,414689,0.029,3,2,2,0.029,3,2,true,0,0.000
rand-03-03,rand,seed=0xe052239202074348;cycles=9,5335245,false,414689,0.029,3,2,4,0.025,3,2,true,0,0.000
rand-03-03,rand,seed=0xe052239202074348;cycles=9,5335245,false,414689,0.029,3,2,8,0.024,3,2,true,0,0.000
rand-03-03,rand,seed=0xe052239202074348;cycles=9,5335245,false,414689,0.029,3,2,16,0.022,3,2,true,0,0.000
rand-03-03,rand,seed=0xe052239202074348;cycles=9,5335245,false,414689,0.029,3,2,32,0.021,3,2,true,0,0.000
rand-03-03,rand,seed=0xe052239202074348;cycles=9,5335245,false,414689,0.029,3,2,64,0.021,3,2,true,0,0.000
rand-03-03,rand,seed=0xe052239202074348;cycles=9,5335245,false,414689,0.029,3,2,128,0.021,3,2,true,0,0.000
rand-03-03,rand,seed=0xe052239202074348;cycles=9,5335245,false,414689,0.029,3,2,256,0.021,3,2,true,0,0.000
rand-03-03,rand,seed=0xe052239202074348;cycles=9,5335245,false,414689,0.029,3,2,512,0.020,3,2,true,0,0.000
rand-03-03,rand,seed=0xe052239202074348;cycles=9,5335245,false,414689,0.029,3,2,1024,0.021,3,2,true,0,0.000
rand-03-03,rand,seed=0xe052239202074348;cycles=9,5335245,false,414689,0.029,3,2,2048,0.020,3,2,true,0,0.000
rand-03-03,rand,seed=0xe052239202074348;cycles=9,5335245,false,414689,0.029,3,2,4096,0.020,3,2,true,0,0.000
rand-03-03,rand,seed=0xe052239202074348;cycles=9,5335245,false,414689,0.029,3,2,8192,0.020,3,2,true,0,0.000
rand-03-03,rand,seed=0xe052239202074348;cycles=9,5335245,false,414689,0.029,3,2,16384,0.020,3,2,true,0,0.000
dec-076,dec,d_b=8;m=2;gap=3;k=2;q=0;s=6,24,false,25,0.056,10,2,1,0.011,13,12,false,0,0.000
dec-076,dec,d_b=8;m=2;gap=3;k=2;q=0;s=6,24,false,25,0.056,10,2,2,0.016,13,12,false,0,0.000
dec-076,dec,d_b=8;m=2;gap=3;k=2;q=0;s=6,24,false,25,0.056,10,2,4,0.022,13,12,false,0,0.000
dec-076,dec,d_b=8;m=2;gap=3;k=2;q=0;s=6,24,false,25,0.056,10,2,8,0.041,13,12,false,0,0.000
dec-076,dec,d_b=8;m=2;gap=3;k=2;q=0;s=6,24,false,25,0.056,10,2,16,0.077,10,2,false,0,0.000
dec-076,dec,d_b=8;m=2;gap=3;k=2;q=0;s=6,24,false,25,0.056,10,2,32,0.085,10,2,true,0,0.000
dec-076,dec,d_b=8;m=2;gap=3;k=2;q=0;s=6,24,false,25,0.056,10,2,64,0.081,10,2,true,0,0.000
dec-076,dec,d_b=8;m=2;gap=3;k=2;q=0;s=6,24,false,25,0.056,10,2,128,0.081,10,2,true,0,0.000
dec-076,dec,d_b=8;m=2;gap=3;k=2;q=0;s=6,24,false,25,0.056,10,2,256,0.078,10,2,true,0,0.000
dec-076,dec,d_b=8;m=2;gap=3;k=2;q=0;s=6,24,false,25,0.056,10,2,512,0.079,10,2,true,0,0.000
dec-076,dec,d_b=8;m=2;gap=3;k=2;q=0;s=6,24,false,25,0.056,10,2,1024,0.077,10,2,true,0,0.000
dec-076,dec,d_b=8;m=2;gap=3;k=2;q=0;s=6,24,false,25,0.056,10,2,2048,0.078,10,2,true,0,0.000
dec-076,dec,d_b=8;m=2;gap=3;k=2;q=0;s=6,24,false,25,0.056,10,2,4096,0.076,10,2,true,0,0.000
dec-076,dec,d_b=8;m=2;gap=3;k=2;q=0;s=6,24,false,25,0.056,10,2,8192,0.078,10,2,true,0,0.000
dec-076,dec,d_b=8;m=2;gap=3;k=2;q=0;s=6,24,false,25,0.056,10,2,16384,0.076,10,2,true,0,0.000
mixed-025-1,mixed,seed=0xeb2b10d8259f7d44;cycles=8;planted=1;d_b=8;m=3;gap=2;k=2,810562,false,84679,0.087,21,4,1,0.038,24,22,false,0,0.000
mixed-025-1,mixed,seed=0xeb2b10d8259f7d44;cycles=8;planted=1;d_b=8;m=3;gap=2;k=2,810562,false,84679,0.087,21,4,2,0.031,24,22,false,0,0.000
mixed-025-1,mixed,seed=0xeb2b10d8259f7d44;cycles=8;planted=1;d_b=8;m=3;gap=2;k=2,810562,false,84679,0.087,21,4,4,0.046,24,22,false,0,0.000
mixed-025-1,mixed,seed=0xeb2b10d8259f7d44;cycles=8;planted=1;d_b=8;m=3;gap=2;k=2,810562,false,84679,0.087,21,4,8,0.062,24,22,false,0,0.000
mixed-025-1,mixed,seed=0xeb2b10d8259f7d44;cycles=8;planted=1;d_b=8;m=3;gap=2;k=2,810562,false,84679,0.087,21,4,16,0.116,21,4,false,0,0.000
mixed-025-1,mixed,seed=0xeb2b10d8259f7d44;cycles=8;planted=1;d_b=8;m=3;gap=2;k=2,810562,false,84679,0.087,21,4,32,0.129,21,4,true,0,0.000
mixed-025-1,mixed,seed=0xeb2b10d8259f7d44;cycles=8;planted=1;d_b=8;m=3;gap=2;k=2,810562,false,84679,0.087,21,4,64,0.125,21,4,true,0,0.000
mixed-025-1,mixed,seed=0xeb2b10d8259f7d44;cycles=8;planted=1;d_b=8;m=3;gap=2;k=2,810562,false,84679,0.087,21,4,128,0.123,21,4,true,0,0.000
mixed-025-1,mixed,seed=0xeb2b10d8259f7d44;cycles=8;planted=1;d_b=8;m=3;gap=2;k=2,810562,false,84679,0.087,21,4,256,0.122,21,4,true,0,0.000
mixed-025-1,mixed,seed=0xeb2b10d8259f7d44;cycles=8;planted=1;d_b=8;m=3;gap=2;k=2,810562,false,84679,0.087,21,4,512,0.120,21,4,true,0,0.000
mixed-025-1,mixed,seed=0xeb2b10d8259f7d44;cycles=8;planted=1;d_b=8;m=3;gap=2;k=2,810562,false,84679,0.087,21,4,1024,0.120,21,4,true,0,0.000
mixed-025-1,mixed,seed=0xeb2b10d8259f7d44;cycles=8;planted=1;d_b=8;m=3;gap=2;k=2,810562,false,84679,0.087,21,4,2048,0.123,21,4,true,0,0.000
mixed-025-1,mixed,seed=0xeb2b10d8259f7d44;cycles=8;planted=1;d_b=8;m=3;gap=2;k=2,810562,false,84679,0.087,21,4,4096,0.120,21,4,true,0,0.000
mixed-025-1,mixed,seed=0xeb2b10d8259f7d44;cycles=8;planted=1;d_b=8;m=3;gap=2;k=2,810562,false,84679,0.087,21,4,8192,0.149,21,4,true,0,0.000
mixed-025-1,mixed,seed=0xeb2b10d8259f7d44;cycles=8;planted=1;d_b=8;m=3;gap=2;k=2,810562,false,84679,0.087,21,4,16384,0.119,21,4,true,0,0.000
rand-03-04,rand,seed=0x44f24b91340ae90a;cycles=9,5335254,false,414722,0.080,24,4,1,0.089,24,4,false,0,0.000
rand-03-04,rand,seed=0x44f24b91340ae90a;cycles=9,5335254,false,414722,0.080,24,4,2,0.110,24,4,false,0,0.000
rand-03-04,rand,seed=0x44f24b91340ae90a;cycles=9,5335254,false,414722,0.080,24,4,4,0.113,24,4,false,0,0.000
rand-03-04,rand,seed=0x44f24b91340ae90a;cycles=9,5335254,false,414722,0.080,24,4,8,0.143,24,4,false,0,0.000
rand-03-04,rand,seed=0x44f24b91340ae90a;cycles=9,5335254,false,414722,0.080,24,4,16,0.177,24,4,true,0,0.000
rand-03-04,rand,seed=0x44f24b91340ae90a;cycles=9,5335254,false,414722,0.080,24,4,32,0.173,24,4,true,0,0.000
rand-03-04,rand,seed=0x44f24b91340ae90a;cycles=9,5335254,false,414722,0.080,24,4,64,0.169,24,4,true,0,0.000
rand-03-04,rand,seed=0x44f24b91340ae90a;cycles=9,5335254,false,414722,0.080,24,4,128,0.169,24,4,true,0,0.000
rand-03-04,rand,seed=0x44f24b91340ae90a;cycles=9,5335254,false,414722,0.080,24,4,256,0.166,24,4,true,0,0.000
rand-03-04,rand,seed=0x44f24b91340ae90a;cycles=9,5335254,false,414722,0.080,24,4,512,0.167,24,4,true,0,0.000
rand-03-04,rand,seed=0x44f24b91340ae90a;cycles=9,5335254,false,414722,0.080,24,4,1024,0.165,24,4,true,0,0.000
rand-03-04,rand,seed=0x44f24b91340ae90a;cycles=9,5335254,false,414722,0.080,24,4,2048,0.167,24,4,true,0,0.000
rand-03-04,rand,seed=0x44f24b91340ae90a;cycles=9,5335254,false,414722,0.080,24,4,4096,0.165,24,4,true,0,0.000
rand-03-04,rand,seed=0x44f24b91340ae90a;cycles=9,5335254,false,414722,0.080,24,4,8192,0.165,24,4,true,0,0.000
rand-03-04,rand,seed=0x44f24b91340ae90a;cycles=9,5335254,false,414722,0.080,24,4,16384,0.164,24,4,true,0,0.000
dec-077,dec,d_b=8;m=2;gap=3;k=4;q=0;s=6,40,false,41,0.079,10,2,1,0.015,13,12,false,0,0.000
dec-077,dec,d_b=8;m=2;gap=3;k=4;q=0;s=6,40,false,41,0.079,10,2,2,0.017,13,12,false,0,0.000
dec-077,dec,d_b=8;m=2;gap=3;k=4;q=0;s=6,40,false,41,0.079,10,2,4,0.025,13,12,false,0,0.000
dec-077,dec,d_b=8;m=2;gap=3;k=4;q=0;s=6,40,false,41,0.079,10,2,8,0.040,13,12,false,0,0.000
dec-077,dec,d_b=8;m=2;gap=3;k=4;q=0;s=6,40,false,41,0.079,10,2,16,0.079,10,2,false,0,0.000
dec-077,dec,d_b=8;m=2;gap=3;k=4;q=0;s=6,40,false,41,0.079,10,2,32,0.115,10,2,true,0,0.000
dec-077,dec,d_b=8;m=2;gap=3;k=4;q=0;s=6,40,false,41,0.079,10,2,64,0.112,10,2,true,0,0.000
dec-077,dec,d_b=8;m=2;gap=3;k=4;q=0;s=6,40,false,41,0.079,10,2,128,0.108,10,2,true,0,0.000
dec-077,dec,d_b=8;m=2;gap=3;k=4;q=0;s=6,40,false,41,0.079,10,2,256,0.107,10,2,true,0,0.000
dec-077,dec,d_b=8;m=2;gap=3;k=4;q=0;s=6,40,false,41,0.079,10,2,512,0.106,10,2,true,0,0.000
dec-077,dec,d_b=8;m=2;gap=3;k=4;q=0;s=6,40,false,41,0.079,10,2,1024,0.105,10,2,true,0,0.000
dec-077,dec,d_b=8;m=2;gap=3;k=4;q=0;s=6,40,false,41,0.079,10,2,2048,0.104,10,2,true,0,0.000
dec-077,dec,d_b=8;m=2;gap=3;k=4;q=0;s=6,40,false,41,0.079,10,2,4096,0.103,10,2,true,0,0.000
dec-077,dec,d_b=8;m=2;gap=3;k=4;q=0;s=6,40,false,41,0.079,10,2,8192,0.105,10,2,true,0,0.000
dec-077,dec,d_b=8;m=2;gap=3;k=4;q=0;s=6,40,false,41,0.079,10,2,16384,0.102,10,2,true,0,0.000
mixed-025-2,mixed,seed=0x6cd8c59b64c072d0;cycles=8;planted=1;d_b=8;m=3;gap=2;k=2,810566,false,84714,0.133,35,6,1,0.100,38,24,false,0,0.000
mixed-025-2,mixed,seed=0x6cd8c59b64c072d0;cycles=8;planted=1;d_b=8;m=3;gap=2;k=2,810566,false,84714,0.133,35,6,2,0.119,38,24,false,0,0.000
mixed-025-2,mixed,seed=0x6cd8c59b64c072d0;cycles=8;planted=1;d_b=8;m=3;gap=2;k=2,810566,false,84714,0.133,35,6,4,0.134,38,24,false,0,0.000
mixed-025-2,mixed,seed=0x6cd8c59b64c072d0;cycles=8;planted=1;d_b=8;m=3;gap=2;k=2,810566,false,84714,0.133,35,6,8,0.206,38,24,false,0,0.000
mixed-025-2,mixed,seed=0x6cd8c59b64c072d0;cycles=8;planted=1;d_b=8;m=3;gap=2;k=2,810566,false,84714,0.133,35,6,16,0.304,35,6,false,0,0.000
mixed-025-2,mixed,seed=0x6cd8c59b64c072d0;cycles=8;planted=1;d_b=8;m=3;gap=2;k=2,810566,false,84714,0.133,35,6,32,0.408,35,6,true,0,0.000
mixed-025-2,mixed,seed=0x6cd8c59b64c072d0;cycles=8;planted=1;d_b=8;m=3;gap=2;k=2,810566,false,84714,0.133,35,6,64,0.407,35,6,true,0,0.000
mixed-025-2,mixed,seed=0x6cd8c59b64c072d0;cycles=8;planted=1;d_b=8;m=3;gap=2;k=2,810566,false,84714,0.133,35,6,128,0.397,35,6,true,0,0.000
mixed-025-2,mixed,seed=0x6cd8c59b64c072d0;cycles=8;planted=1;d_b=8;m=3;gap=2;k=2,810566,false,84714,0.133,35,6,256,0.394,35,6,true,0,0.000
mixed-025-2,mixed,seed=0x6cd8c59b64c072d0;cycles=8;planted=1;d_b=8;m=3;gap=2;k=2,810566,false,84714,0.133,35,6,512,0.392,35,6,true,0,0.000
mixed-025-2,mixed,seed=0x6cd8c59b64c072d0;cycles=8;planted=1;d_b=8;m=3;gap=2;k=2,810566,false,84714,0.133,35,6,1024,0.395,35,6,true,0,0.000
mixed-025-2,mixed,seed=0x6cd8c59b64c072d0;cycles=8;planted=1;d_b=8;m=3;gap=2;k=2,810566,false,84714,0.133,35,6,2048,0.391,35,6,true,0,0.000
mixed-025-2,mixed,seed=0x6cd8c59b64c072d0;cycles=8;planted=1;d_b=8;m=3;gap=2;k=2,810566,false,84714,0.133,35,6,4096,0.392,35,6,true,0,0.000
mixed-025-2,mixed,seed=0x6cd8c59b64c072d0;cycles=8;planted=1;d_b=8;m=3;gap=2;k=2,810566,false,84714,0.133,35,6,8192,0.390,35,6,true,0,0.000
mixed-025-2,mixed,seed=0x6cd8c59b64c072d0;cycles=8;planted=1;d_b=8;m=3;gap=2;k=2,810566,false,84714,0.133,35,6,16384,0.388,35,6,true,0,0.000
rand-03-05,rand,seed=0x8791144c106d91d5;cycles=9,11965891,false,880541,0.067,9,6,1,0.066,9,6,false,0,0.000
rand-03-05,rand,seed=0x8791144c106d91d5;cycles=9,11965891,false,880541,0.067,9,6,2,0.071,9,6,false,0,0.000
rand-03-05,rand,seed=0x8791144c106d91d5;cycles=9,11965891,false,880541,0.067,9,6,4,0.066,9,6,true,0,0.000
rand-03-05,rand,seed=0x8791144c106d91d5;cycles=9,11965891,false,880541,0.067,9,6,8,0.065,9,6,true,0,0.000
rand-03-05,rand,seed=0x8791144c106d91d5;cycles=9,11965891,false,880541,0.067,9,6,16,0.060,9,6,true,0,0.000
rand-03-05,rand,seed=0x8791144c106d91d5;cycles=9,11965891,false,880541,0.067,9,6,32,0.060,9,6,true,0,0.000
rand-03-05,rand,seed=0x8791144c106d91d5;cycles=9,11965891,false,880541,0.067,9,6,64,0.058,9,6,true,0,0.000
rand-03-05,rand,seed=0x8791144c106d91d5;cycles=9,11965891,false,880541,0.067,9,6,128,0.059,9,6,true,0,0.000
rand-03-05,rand,seed=0x8791144c106d91d5;cycles=9,11965891,false,880541,0.067,9,6,256,0.058,9,6,true,0,0.000
rand-03-05,rand,seed=0x8791144c106d91d5;cycles=9,11965891,false,880541,0.067,9,6,512,0.059,9,6,true,0,0.000
rand-03-05,rand,seed=0x8791144c106d91d5;cycles=9,11965891,false,880541,0.067,9,6,1024,0.057,9,6,true,0,0.000
rand-03-05,rand,seed=0x8791144c106d91d5;cycles=9,11965891,false,880541,0.067,9,6,2048,0.070,9,6,true,0,0.000
rand-03-05,rand,seed=0x8791144c106d91d5;cycles=9,11965891,false,880541,0.067,9,6,4096,0.057,9,6,true,0,0.000
rand-03-05,rand,seed=0x8791144c106d91d5;cycles=9,11965891,false,880541,0.067,9,6,8192,0.058,9,6,true,0,0.000
rand-03-05,rand,seed=0x8791144c106d91d5;cycles=9,11965891,false,880541,0.067,9,6,16384,0.073,9,6,true,0,0.000
dec-078,dec,d_b=8;m=2;gap=7;k=1;q=0;s=8,16,false,17,0.048,10,2,1,0.013,17,16,false,0,0.000
dec-078,dec,d_b=8;m=2;gap=7;k=1;q=0;s=8,16,false,17,0.048,10,2,2,0.024,10,2,false,0,0.000
dec-078,dec,d_b=8;m=2;gap=7;k=1;q=0;s=8,16,false,17,0.048,10,2,4,0.032,10,2,false,0,0.000
dec-078,dec,d_b=8;m=2;gap=7;k=1;q=0;s=8,16,false,17,0.048,10,2,8,0.049,10,2,false,0,0.000
dec-078,dec,d_b=8;m=2;gap=7;k=1;q=0;s=8,16,false,17,0.048,10,2,16,0.068,10,2,true,0,0.000
dec-078,dec,d_b=8;m=2;gap=7;k=1;q=0;s=8,16,false,17,0.048,10,2,32,0.069,10,2,true,0,0.000
dec-078,dec,d_b=8;m=2;gap=7;k=1;q=0;s=8,16,false,17,0.048,10,2,64,0.065,10,2,true,0,0.000
dec-078,dec,d_b=8;m=2;gap=7;k=1;q=0;s=8,16,false,17,0.048,10,2,128,0.065,10,2,true,0,0.000
dec-078,dec,d_b=8;m=2;gap=7;k=1;q=0;s=8,16,false,17,0.048,10,2,256,0.063,10,2,true,0,0.000
dec-078,dec,d_b=8;m=2;gap=7;k=1;q=0;s=8,16,false,17,0.048,10,2,512,0.064,10,2,true,0,0.000
dec-078,dec,d_b=8;m=2;gap=7;k=1;q=0;s=8,16,false,17,0.048,10,2,1024,0.062,10,2,true,0,0.000
dec-078,dec,d_b=8;m=2;gap=7;k=1;q=0;s=8,16,false,17,0.048,10,2,2048,0.064,10,2,true,0,0.000
dec-078,dec,d_b=8;m=2;gap=7;k=1;q=0;s=8,16,false,17,0.048,10,2,4096,0.062,10,2,true,0,0.000
dec-078,dec,d_b=8;m=2;gap=7;k=1;q=0;s=8,16,false,17,0.048,10,2,8192,0.063,10,2,true,0,0.000
dec-078,dec,d_b=8;m=2;gap=7;k=1;q=0;s=8,16,false,17,0.048,10,2,16384,0.062,10,2,true,0,0.000
mixed-026-0,mixed,seed=0x0d34ce020c164f1d;cycles=8;planted=1;d_b=12;m=2;gap=6;k=4,2670061,false,251870,0.196,24,10,1,0.097,31,28,false,0,0.000
mixed-026-0,mixed,seed=0x0d34ce020c164f1d;cycles=8;planted=1;d_b=12;m=2;gap=6;k=4,2670061,false,251870,0.196,24,10,2,0.136,31,28,false,0,0.000
mixed-026-0,mixed,seed=0x0d34ce020c164f1d;cycles=8;planted=1;d_b=12;m=2;gap=6;k=4,2670061,false,251870,0.196,24,10,4,0.143,31,28,false,0,0.000
mixed-026-0,mixed,seed=0x0d34ce020c164f1d;cycles=8;planted=1;d_b=12;m=2;gap=6;k=4,2670061,false,251870,0.196,24,10,8,0.195,31,28,false,0,0.000
mixed-026-0,mixed,seed=0x0d34ce020c164f1d;cycles=8;planted=1;d_b=12;m=2;gap=6;k=4,2670061,false,251870,0.196,24,10,16,0.286,31,28,false,0,0.000
mixed-026-0,mixed,seed=0x0d34ce020c164f1d;cycles=8;planted=1;d_b=12;m=2;gap=6;k=4,2670061,false,251870,0.196,24,10,32,0.505,24,10,true,0,0.000
mixed-026-0,mixed,seed=0x0d34ce020c164f1d;cycles=8;planted=1;d_b=12;m=2;gap=6;k=4,2670061,false,251870,0.196,24,10,64,0.507,24,10,true,0,0.000
mixed-026-0,mixed,seed=0x0d34ce020c164f1d;cycles=8;planted=1;d_b=12;m=2;gap=6;k=4,2670061,false,251870,0.196,24,10,128,0.490,24,10,true,0,0.000
mixed-026-0,mixed,seed=0x0d34ce020c164f1d;cycles=8;planted=1;d_b=12;m=2;gap=6;k=4,2670061,false,251870,0.196,24,10,256,0.488,24,10,true,0,0.000
mixed-026-0,mixed,seed=0x0d34ce020c164f1d;cycles=8;planted=1;d_b=12;m=2;gap=6;k=4,2670061,false,251870,0.196,24,10,512,0.480,24,10,true,0,0.000
mixed-026-0,mixed,seed=0x0d34ce020c164f1d;cycles=8;planted=1;d_b=12;m=2;gap=6;k=4,2670061,false,251870,0.196,24,10,1024,0.487,24,10,true,0,0.000
mixed-026-0,mixed,seed=0x0d34ce020c164f1d;cycles=8;planted=1;d_b=12;m=2;gap=6;k=4,2670061,false,251870,0.196,24,10,2048,0.479,24,10,true,0,0.000
mixed-026-0,mixed,seed=0x0d34ce020c164f1d;cycles=8;planted=1;d_b=12;m=2;gap=6;k=4,2670061,false,251870,0.196,24,10,4096,0.481,24,10,true,0,0.000
mixed-026-0,mixed,seed=0x0d34ce020c164f1d;cycles=8;planted=1;d_b=12;m=2;gap=6;k=4,2670061,false,251870,0.196,24,10,8192,0.477,24,10,true,0,0.000
mixed-026-0,mixed,seed=0x0d34ce020c164f1d;cycles=8;planted=1;d_b=12;m=2;gap=6;k=4,2670061,false,251870,0.196,24,10,16384,0.480,24,10,true,0,0.000
rand-03-06,rand,seed=0xf162abb44734d189;cycles=9,5335250,false,414698,0.046,14,4,1,0.049,14,4,false,0,0.000
rand-03-06,rand,seed=0xf162abb44734d189;cycles=9,5335250,false,414698,0.046,14,4,2,0.048,14,4,false,0,0.000
rand-03-06,rand,seed=0xf162abb44734d189;cycles=9,5335250,false,414698,0.046,14,4,4,0.048,14,4,false,0,0.000
rand-03-06,rand,seed=0xf162abb44734d189;cycles=9,5335250,false,414698,0.046,14,4,8,0.055,14,4,true,0,0.000
rand-03-06,rand,seed=0xf162abb44734d189;cycles=9,5335250,false,414698,0.046,14,4,16,0.052,14,4,true,0,0.000
rand-03-06,rand,seed=0xf162abb44734d189;cycles=9,5335250,false,414698,0.046,14,4,32,0.049,14,4,true,0,0.000
rand-03-06,rand,seed=0xf162abb44734d189;cycles=9,5335250,false,414698,0.046,14,4,64,0.048,14,4,true,0,0.000
rand-03-06,rand,seed=0xf162abb44734d189;cycles=9,5335250,false,414698,0.046,14,4,128,0.047,14,4,true,0,0.000
rand-03-06,rand,seed=0xf162abb44734d189;cycles=9,5335250,false,414698,0.046,14,4,256,0.047,14,4,true,0,0.000
rand-03-06,rand,seed=0xf162abb44734d189;cycles=9,5335250,false,414698,0.046,14,4,512,0.046,14,4,true,0,0.000
rand-03-06,rand,seed=0xf162abb44734d189;cycles=9,5335250,false,414698,0.046,14,4,1024,0.047,14,4,true,0,0.000
rand-03-06,rand,seed=0xf162abb44734d189;cycles=9,5335250,false,414698,0.046,14,4,2048,0.046,14,4,true,0,0.000
rand-03-06,rand,seed=0xf162abb44734d189;cycles=9,5335250,false,414698,0.046,14,4,4096,0.046,14,4,true,0,0.000
rand-03-06,rand,seed=0xf162abb44734d189;cycles=9,5335250,false,414698,0.046,14,4,8192,0.045,14,4,true,0,0.000
rand-03-06,rand,seed=0xf162abb44734d189;cycles=9,5335250,false,414698,0.046,14,4,16384,0.046,14,4,true,0,0.000
dec-079,dec,d_b=8;m=2;gap=7;k=2;q=0;s=8,24,false,25,0.048,10,2,1,0.013,17,16,false,0,0.000
dec-079,dec,d_b=8;m=2;gap=7;k=2;q=0;s=8,24,false,25,0.048,10,2,2,0.019,17,16,false,0,0.000
dec-079,dec,d_b=8;m=2;gap=7;k=2;q=0;s=8,24,false,25,0.048,10,2,4,0.034,10,2,false,0,0.000
dec-079,dec,d_b=8;m=2;gap=7;k=2;q=0;s=8,24,false,25,0.048,10,2,8,0.053,10,2,false,0,0.000
dec-079,dec,d_b=8;m=2;gap=7;k=2;q=0;s=8,24,false,25,0.048,10,2,16,0.078,10,2,true,0,0.000
dec-079,dec,d_b=8;m=2;gap=7;k=2;q=0;s=8,24,false,25,0.048,10,2,32,0.076,10,2,true,0,0.000
dec-079,dec,d_b=8;m=2;gap=7;k=2;q=0;s=8,24,false,25,0.048,10,2,64,0.074,10,2,true,0,0.000
dec-079,dec,d_b=8;m=2;gap=7;k=2;q=0;s=8,24,false,25,0.048,10,2,128,0.072,10,2,true,0,0.000
dec-079,dec,d_b=8;m=2;gap=7;k=2;q=0;s=8,24,false,25,0.048,10,2,256,0.071,10,2,true,0,0.000
dec-079,dec,d_b=8;m=2;gap=7;k=2;q=0;s=8,24,false,25,0.048,10,2,512,0.072,10,2,true,0,0.000
dec-079,dec,d_b=8;m=2;gap=7;k=2;q=0;s=8,24,false,25,0.048,10,2,1024,0.070,10,2,true,0,0.000
dec-079,dec,d_b=8;m=2;gap=7;k=2;q=0;s=8,24,false,25,0.048,10,2,2048,0.071,10,2,true,0,0.000
dec-079,dec,d_b=8;m=2;gap=7;k=2;q=0;s=8,24,false,25,0.048,10,2,4096,0.071,10,2,true,0,0.000
dec-079,dec,d_b=8;m=2;gap=7;k=2;q=0;s=8,24,false,25,0.048,10,2,8192,0.071,10,2,true,0,0.000
dec-079,dec,d_b=8;m=2;gap=7;k=2;q=0;s=8,24,false,25,0.048,10,2,16384,0.070,10,2,true,0,0.000
mixed-026-1,mixed,seed=0x4b2d5425dbfe78d4;cycles=8;planted=1;d_b=12;m=2;gap=6;k=4,1504832,false,152480,0.184,46,8,1,0.097,53,26,false,0,0.000
mixed-026-1,mixed,seed=0x4b2d5425dbfe78d4;cycles=8;planted=1;d_b=12;m=2;gap=6;k=4,1504832,false,152480,0.184,46,8,2,0.090,53,26,false,0,0.000
mixed-026-1,mixed,seed=0x4b2d5425dbfe78d4;cycles=8;planted=1;d_b=12;m=2;gap=6;k=4,1504832,false,152480,0.184,46,8,4,0.113,53,26,false,0,0.000
mixed-026-1,mixed,seed=0x4b2d5425dbfe78d4;cycles=8;planted=1;d_b=12;m=2;gap=6;k=4,1504832,false,152480,0.184,46,8,8,0.146,53,26,false,0,0.000
mixed-026-1,mixed,seed=0x4b2d5425dbfe78d4;cycles=8;planted=1;d_b=12;m=2;gap=6;k=4,1504832,false,152480,0.184,46,8,16,0.188,53,26,false,0,0.000
mixed-026-1,mixed,seed=0x4b2d5425dbfe78d4;cycles=8;planted=1;d_b=12;m=2;gap=6;k=4,1504832,false,152480,0.184,46,8,32,0.356,46,8,false,0,0.000
mixed-026-1,mixed,seed=0x4b2d5425dbfe78d4;cycles=8;planted=1;d_b=12;m=2;gap=6;k=4,1504832,false,152480,0.184,46,8,64,0.377,46,8,true,0,0.000
mixed-026-1,mixed,seed=0x4b2d5425dbfe78d4;cycles=8;planted=1;d_b=12;m=2;gap=6;k=4,1504832,false,152480,0.184,46,8,128,0.388,46,8,true,0,0.000
mixed-026-1,mixed,seed=0x4b2d5425dbfe78d4;cycles=8;planted=1;d_b=12;m=2;gap=6;k=4,1504832,false,152480,0.184,46,8,256,0.365,46,8,true,0,0.000
mixed-026-1,mixed,seed=0x4b2d5425dbfe78d4;cycles=8;planted=1;d_b=12;m=2;gap=6;k=4,1504832,false,152480,0.184,46,8,512,0.367,46,8,true,0,0.000
mixed-026-1,mixed,seed=0x4b2d5425dbfe78d4;cycles=8;planted=1;d_b=12;m=2;gap=6;k=4,1504832,false,152480,0.184,46,8,1024,0.359,46,8,true,0,0.000
mixed-026-1,mixed,seed=0x4b2d5425dbfe78d4;cycles=8;planted=1;d_b=12;m=2;gap=6;k=4,1504832,false,152480,0.184,46,8,2048,0.359,46,8,true,0,0.000
mixed-026-1,mixed,seed=0x4b2d5425dbfe78d4;cycles=8;planted=1;d_b=12;m=2;gap=6;k=4,1504832,false,152480,0.184,46,8,4096,0.354,46,8,true,0,0.000
mixed-026-1,mixed,seed=0x4b2d5425dbfe78d4;cycles=8;planted=1;d_b=12;m=2;gap=6;k=4,1504832,false,152480,0.184,46,8,8192,0.356,46,8,true,0,0.000
mixed-026-1,mixed,seed=0x4b2d5425dbfe78d4;cycles=8;planted=1;d_b=12;m=2;gap=6;k=4,1504832,false,152480,0.184,46,8,16384,0.354,46,8,true,0,0.000
rand-03-07,rand,seed=0xcea70ae8ac5cbe2d;cycles=9,5335250,false,414700,0.053,14,6,1,0.070,14,6,false,0,0.000
rand-03-07,rand,seed=0xcea70ae8ac5cbe2d;cycles=9,5335250,false,414700,0.053,14,6,2,0.050,14,6,false,0,0.000
rand-03-07,rand,seed=0xcea70ae8ac5cbe2d;cycles=9,5335250,false,414700,0.053,14,6,4,0.065,14,6,false,0,0.000
rand-03-07,rand,seed=0xcea70ae8ac5cbe2d;cycles=9,5335250,false,414700,0.053,14,6,8,0.077,14,6,true,0,0.000
rand-03-07,rand,seed=0xcea70ae8ac5cbe2d;cycles=9,5335250,false,414700,0.053,14,6,16,0.078,14,6,true,0,0.000
rand-03-07,rand,seed=0xcea70ae8ac5cbe2d;cycles=9,5335250,false,414700,0.053,14,6,32,0.071,14,6,true,0,0.000
rand-03-07,rand,seed=0xcea70ae8ac5cbe2d;cycles=9,5335250,false,414700,0.053,14,6,64,0.072,14,6,true,0,0.000
rand-03-07,rand,seed=0xcea70ae8ac5cbe2d;cycles=9,5335250,false,414700,0.053,14,6,128,0.070,14,6,true,0,0.000
rand-03-07,rand,seed=0xcea70ae8ac5cbe2d;cycles=9,5335250,false,414700,0.053,14,6,256,0.069,14,6,true,0,0.000
rand-03-07,rand,seed=0xcea70ae8ac5cbe2d;cycles=9,5335250,false,414700,0.053,14,6,512,0.068,14,6,true,0,0.000
rand-03-07,rand,seed=0xcea70ae8ac5cbe2d;cycles=9,5335250,false,414700,0.053,14,6,1024,0.070,14,6,true,0,0.000
rand-03-07,rand,seed=0xcea70ae8ac5cbe2d;cycles=9,5335250,false,414700,0.053,14,6,2048,0.068,14,6,true,0,0.000
rand-03-07,rand,seed=0xcea70ae8ac5cbe2d;cycles=9,5335250,false,414700,0.053,14,6,4096,0.068,14,6,true,0,0.000
rand-03-07,rand,seed=0xcea70ae8ac5cbe2d;cycles=9,5335250,false,414700,0.053,14,6,8192,0.069,14,6,true,0,0.000
rand-03-07,rand,seed=0xcea70ae8ac5cbe2d;cycles=9,5335250,false,414700,0.053,14,6,16384,0.068,14,6,true,0,0.000
dec-080,dec,d_b=8;m=2;gap=7;k=4;q=0;s=8,40,false,41,0.062,10,2,1,0.016,17,16,false,0,0.000
dec-080,dec,d_b=8;m=2;gap=7;k=4;q=0;s=8,40,false,41,0.062,10,2,2,0.019,17,16,false,0,0.000
dec-080,dec,d_b=8;m=2;gap=7;k=4;q=0;s=8,40,false,41,0.062,10,2,4,0.034,17,16,false,0,0.000
dec-080,dec,d_b=8;m=2;gap=7;k=4;q=0;s=8,40,false,41,0.062,10,2,8,0.073,10,2,false,0,0.000
dec-080,dec,d_b=8;m=2;gap=7;k=4;q=0;s=8,40,false,41,0.062,10,2,16,0.097,10,2,true,0,0.000
dec-080,dec,d_b=8;m=2;gap=7;k=4;q=0;s=8,40,false,41,0.062,10,2,32,0.093,10,2,true,0,0.000
dec-080,dec,d_b=8;m=2;gap=7;k=4;q=0;s=8,40,false,41,0.062,10,2,64,0.088,10,2,true,0,0.000
dec-080,dec,d_b=8;m=2;gap=7;k=4;q=0;s=8,40,false,41,0.062,10,2,128,0.088,10,2,true,0,0.000
dec-080,dec,d_b=8;m=2;gap=7;k=4;q=0;s=8,40,false,41,0.062,10,2,256,0.084,10,2,true,0,0.000
dec-080,dec,d_b=8;m=2;gap=7;k=4;q=0;s=8,40,false,41,0.062,10,2,512,0.086,10,2,true,0,0.000
dec-080,dec,d_b=8;m=2;gap=7;k=4;q=0;s=8,40,false,41,0.062,10,2,1024,0.085,10,2,true,0,0.000
dec-080,dec,d_b=8;m=2;gap=7;k=4;q=0;s=8,40,false,41,0.062,10,2,2048,0.085,10,2,true,0,0.000
dec-080,dec,d_b=8;m=2;gap=7;k=4;q=0;s=8,40,false,41,0.062,10,2,4096,0.084,10,2,true,0,0.000
dec-080,dec,d_b=8;m=2;gap=7;k=4;q=0;s=8,40,false,41,0.062,10,2,8192,0.085,10,2,true,0,0.000
dec-080,dec,d_b=8;m=2;gap=7;k=4;q=0;s=8,40,false,41,0.062,10,2,16384,0.084,10,2,true,0,0.000
mixed-026-2,mixed,seed=0x195afdffdaa88f0c;cycles=8;planted=1;d_b=12;m=2;gap=6;k=4,1501075,false,152229,0.183,33,6,1,0.111,40,24,false,0,0.000
mixed-026-2,mixed,seed=0x195afdffdaa88f0c;cycles=8;planted=1;d_b=12;m=2;gap=6;k=4,1501075,false,152229,0.183,33,6,2,0.139,40,24,false,0,0.000
mixed-026-2,mixed,seed=0x195afdffdaa88f0c;cycles=8;planted=1;d_b=12;m=2;gap=6;k=4,1501075,false,152229,0.183,33,6,4,0.162,40,24,false,0,0.000
mixed-026-2,mixed,seed=0x195afdffdaa88f0c;cycles=8;planted=1;d_b=12;m=2;gap=6;k=4,1501075,false,152229,0.183,33,6,8,0.237,40,24,false,0,0.000
mixed-026-2,mixed,seed=0x195afdffdaa88f0c;cycles=8;planted=1;d_b=12;m=2;gap=6;k=4,1501075,false,152229,0.183,33,6,16,0.323,40,24,false,0,0.000
mixed-026-2,mixed,seed=0x195afdffdaa88f0c;cycles=8;planted=1;d_b=12;m=2;gap=6;k=4,1501075,false,152229,0.183,33,6,32,0.551,33,6,false,0,0.000
mixed-026-2,mixed,seed=0x195afdffdaa88f0c;cycles=8;planted=1;d_b=12;m=2;gap=6;k=4,1501075,false,152229,0.183,33,6,64,0.601,33,6,true,0,0.000
mixed-026-2,mixed,seed=0x195afdffdaa88f0c;cycles=8;planted=1;d_b=12;m=2;gap=6;k=4,1501075,false,152229,0.183,33,6,128,0.591,33,6,true,0,0.000
mixed-026-2,mixed,seed=0x195afdffdaa88f0c;cycles=8;planted=1;d_b=12;m=2;gap=6;k=4,1501075,false,152229,0.183,33,6,256,0.587,33,6,true,0,0.000
mixed-026-2,mixed,seed=0x195afdffdaa88f0c;cycles=8;planted=1;d_b=12;m=2;gap=6;k=4,1501075,false,152229,0.183,33,6,512,0.582,33,6,true,0,0.000
mixed-026-2,mixed,seed=0x195afdffdaa88f0c;cycles=8;planted=1;d_b=12;m=2;gap=6;k=4,1501075,false,152229,0.183,33,6,1024,0.589,33,6,true,0,0.000
mixed-026-2,mixed,seed=0x195afdffdaa88f0c;cycles=8;planted=1;d_b=12;m=2;gap=6;k=4,1501075,false,152229,0.183,33,6,2048,0.650,33,6,true,0,0.000
mixed-026-2,mixed,seed=0x195afdffdaa88f0c;cycles=8;planted=1;d_b=12;m=2;gap=6;k=4,1501075,false,152229,0.183,33,6,4096,0.575,33,6,true,0,0.000
mixed-026-2,mixed,seed=0x195afdffdaa88f0c;cycles=8;planted=1;d_b=12;m=2;gap=6;k=4,1501075,false,152229,0.183,33,6,8192,0.588,33,6,true,0,0.000
mixed-026-2,mixed,seed=0x195afdffdaa88f0c;cycles=8;planted=1;d_b=12;m=2;gap=6;k=4,1501075,false,152229,0.183,33,6,16384,0.575,33,6,true,0,0.000
rand-03-08,rand,seed=0x9b8d91922f9df1d1;cycles=9,9831502,false,743408,0.068,14,6,1,0.078,14,6,false,0,0.000
rand-03-08,rand,seed=0x9b8d91922f9df1d1;cycles=9,9831502,false,743408,0.068,14,6,2,0.069,14,6,false,0,0.000
rand-03-08,rand,seed=0x9b8d91922f9df1d1;cycles=9,9831502,false,743408,0.068,14,6,4,0.087,14,6,false,0,0.000
rand-03-08,rand,seed=0x9b8d91922f9df1d1;cycles=9,9831502,false,743408,0.068,14,6,8,0.099,14,6,true,0,0.000
rand-03-08,rand,seed=0x9b8d91922f9df1d1;cycles=9,9831502,false,743408,0.068,14,6,16,0.090,14,6,true,0,0.000
rand-03-08,rand,seed=0x9b8d91922f9df1d1;cycles=9,9831502,false,743408,0.068,14,6,32,0.088,14,6,true,0,0.000
rand-03-08,rand,seed=0x9b8d91922f9df1d1;cycles=9,9831502,false,743408,0.068,14,6,64,0.085,14,6,true,0,0.000
rand-03-08,rand,seed=0x9b8d91922f9df1d1;cycles=9,9831502,false,743408,0.068,14,6,128,0.083,14,6,true,0,0.000
rand-03-08,rand,seed=0x9b8d91922f9df1d1;cycles=9,9831502,false,743408,0.068,14,6,256,0.082,14,6,true,0,0.000
rand-03-08,rand,seed=0x9b8d91922f9df1d1;cycles=9,9831502,false,743408,0.068,14,6,512,0.082,14,6,true,0,0.000
rand-03-08,rand,seed=0x9b8d91922f9df1d1;cycles=9,9831502,false,743408,0.068,14,6,1024,0.081,14,6,true,0,0.000
rand-03-08,rand,seed=0x9b8d91922f9df1d1;cycles=9,9831502,false,743408,0.068,14,6,2048,0.082,14,6,true,0,0.000
rand-03-08,rand,seed=0x9b8d91922f9df1d1;cycles=9,9831502,false,743408,0.068,14,6,4096,0.081,14,6,true,0,0.000
rand-03-08,rand,seed=0x9b8d91922f9df1d1;cycles=9,9831502,false,743408,0.068,14,6,8192,0.081,14,6,true,0,0.000
rand-03-08,rand,seed=0x9b8d91922f9df1d1;cycles=9,9831502,false,743408,0.068,14,6,16384,0.080,14,6,true,0,0.000
dec-081,dec,d_b=8;m=3;gap=1;k=1;q=1;s=9,16,false,18,0.058,18,2,1,0.013,19,18,false,0,0.000
dec-081,dec,d_b=8;m=3;gap=1;k=1;q=1;s=9,16,false,18,0.058,18,2,2,0.021,19,18,false,0,0.000
dec-081,dec,d_b=8;m=3;gap=1;k=1;q=1;s=9,16,false,18,0.058,18,2,4,0.029,19,18,false,0,0.000
dec-081,dec,d_b=8;m=3;gap=1;k=1;q=1;s=9,16,false,18,0.058,18,2,8,0.050,18,2,false,0,0.000
dec-081,dec,d_b=8;m=3;gap=1;k=1;q=1;s=9,16,false,18,0.058,18,2,16,0.081,18,2,true,0,0.000
dec-081,dec,d_b=8;m=3;gap=1;k=1;q=1;s=9,16,false,18,0.058,18,2,32,0.078,18,2,true,0,0.000
dec-081,dec,d_b=8;m=3;gap=1;k=1;q=1;s=9,16,false,18,0.058,18,2,64,0.076,18,2,true,0,0.000
dec-081,dec,d_b=8;m=3;gap=1;k=1;q=1;s=9,16,false,18,0.058,18,2,128,0.074,18,2,true,0,0.000
dec-081,dec,d_b=8;m=3;gap=1;k=1;q=1;s=9,16,false,18,0.058,18,2,256,0.073,18,2,true,0,0.000
dec-081,dec,d_b=8;m=3;gap=1;k=1;q=1;s=9,16,false,18,0.058,18,2,512,0.073,18,2,true,0,0.000
dec-081,dec,d_b=8;m=3;gap=1;k=1;q=1;s=9,16,false,18,0.058,18,2,1024,0.077,18,2,true,0,0.000
dec-081,dec,d_b=8;m=3;gap=1;k=1;q=1;s=9,16,false,18,0.058,18,2,2048,0.074,18,2,true,0,0.000
dec-081,dec,d_b=8;m=3;gap=1;k=1;q=1;s=9,16,false,18,0.058,18,2,4096,0.073,18,2,true,0,0.000
dec-081,dec,d_b=8;m=3;gap=1;k=1;q=1;s=9,16,false,18,0.058,18,2,8192,0.073,18,2,true,0,0.000
dec-081,dec,d_b=8;m=3;gap=1;k=1;q=1;s=9,16,false,18,0.058,18,2,16384,0.072,18,2,true,0,0.000
mixed-027-0,mixed,seed=0x4ca2ad15a90d3f32;cycles=8;planted=1;d_b=16;m=5;gap=2;k=1,2093872,false,206243,0.237,81,8,1,0.103,84,74,false,0,0.000
mixed-027-0,mixed,seed=0x4ca2ad15a90d3f32;cycles=8;planted=1;d_b=16;m=5;gap=2;k=1,2093872,false,206243,0.237,81,8,2,0.109,84,74,false,0,0.000
mixed-027-0,mixed,seed=0x4ca2ad15a90d3f32;cycles=8;planted=1;d_b=16;m=5;gap=2;k=1,2093872,false,206243,0.237,81,8,4,0.114,84,74,false,0,0.000
mixed-027-0,mixed,seed=0x4ca2ad15a90d3f32;cycles=8;planted=1;d_b=16;m=5;gap=2;k=1,2093872,false,206243,0.237,81,8,8,0.155,84,74,false,0,0.000
mixed-027-0,mixed,seed=0x4ca2ad15a90d3f32;cycles=8;planted=1;d_b=16;m=5;gap=2;k=1,2093872,false,206243,0.237,81,8,16,0.240,84,74,false,0,0.000
mixed-027-0,mixed,seed=0x4ca2ad15a90d3f32;cycles=8;planted=1;d_b=16;m=5;gap=2;k=1,2093872,false,206243,0.237,81,8,32,0.463,81,8,false,0,0.000
mixed-027-0,mixed,seed=0x4ca2ad15a90d3f32;cycles=8;planted=1;d_b=16;m=5;gap=2;k=1,2093872,false,206243,0.237,81,8,64,0.506,81,8,true,0,0.000
mixed-027-0,mixed,seed=0x4ca2ad15a90d3f32;cycles=8;planted=1;d_b=16;m=5;gap=2;k=1,2093872,false,206243,0.237,81,8,128,0.498,81,8,true,0,0.000
mixed-027-0,mixed,seed=0x4ca2ad15a90d3f32;cycles=8;planted=1;d_b=16;m=5;gap=2;k=1,2093872,false,206243,0.237,81,8,256,0.506,81,8,true,0,0.000
mixed-027-0,mixed,seed=0x4ca2ad15a90d3f32;cycles=8;planted=1;d_b=16;m=5;gap=2;k=1,2093872,false,206243,0.237,81,8,512,0.488,81,8,true,0,0.000
mixed-027-0,mixed,seed=0x4ca2ad15a90d3f32;cycles=8;planted=1;d_b=16;m=5;gap=2;k=1,2093872,false,206243,0.237,81,8,1024,0.490,81,8,true,0,0.000
mixed-027-0,mixed,seed=0x4ca2ad15a90d3f32;cycles=8;planted=1;d_b=16;m=5;gap=2;k=1,2093872,false,206243,0.237,81,8,2048,0.483,81,8,true,0,0.000
mixed-027-0,mixed,seed=0x4ca2ad15a90d3f32;cycles=8;planted=1;d_b=16;m=5;gap=2;k=1,2093872,false,206243,0.237,81,8,4096,0.489,81,8,true,0,0.000
mixed-027-0,mixed,seed=0x4ca2ad15a90d3f32;cycles=8;planted=1;d_b=16;m=5;gap=2;k=1,2093872,false,206243,0.237,81,8,8192,0.484,81,8,true,0,0.000
mixed-027-0,mixed,seed=0x4ca2ad15a90d3f32;cycles=8;planted=1;d_b=16;m=5;gap=2;k=1,2093872,false,206243,0.237,81,8,16384,0.490,81,8,true,0,0.000
rand-03-09,rand,seed=0xe628c27746c1db14;cycles=9,5335245,false,414689,0.029,3,2,1,0.035,3,2,true,0,0.000
rand-03-09,rand,seed=0xe628c27746c1db14;cycles=9,5335245,false,414689,0.029,3,2,2,0.027,3,2,true,0,0.000
rand-03-09,rand,seed=0xe628c27746c1db14;cycles=9,5335245,false,414689,0.029,3,2,4,0.024,3,2,true,0,0.000
rand-03-09,rand,seed=0xe628c27746c1db14;cycles=9,5335245,false,414689,0.029,3,2,8,0.030,3,2,true,0,0.000
rand-03-09,rand,seed=0xe628c27746c1db14;cycles=9,5335245,false,414689,0.029,3,2,16,0.021,3,2,true,0,0.000
rand-03-09,rand,seed=0xe628c27746c1db14;cycles=9,5335245,false,414689,0.029,3,2,32,0.021,3,2,true,0,0.000
rand-03-09,rand,seed=0xe628c27746c1db14;cycles=9,5335245,false,414689,0.029,3,2,64,0.021,3,2,true,0,0.000
rand-03-09,rand,seed=0xe628c27746c1db14;cycles=9,5335245,false,414689,0.029,3,2,128,0.020,3,2,true,0,0.000
rand-03-09,rand,seed=0xe628c27746c1db14;cycles=9,5335245,false,414689,0.029,3,2,256,0.020,3,2,true,0,0.000
rand-03-09,rand,seed=0xe628c27746c1db14;cycles=9,5335245,false,414689,0.029,3,2,512,0.020,3,2,true,0,0.000
rand-03-09,rand,seed=0xe628c27746c1db14;cycles=9,5335245,false,414689,0.029,3,2,1024,0.020,3,2,true,0,0.000
rand-03-09,rand,seed=0xe628c27746c1db14;cycles=9,5335245,false,414689,0.029,3,2,2048,0.020,3,2,true,0,0.000
rand-03-09,rand,seed=0xe628c27746c1db14;cycles=9,5335245,false,414689,0.029,3,2,4096,0.020,3,2,true,0,0.000
rand-03-09,rand,seed=0xe628c27746c1db14;cycles=9,5335245,false,414689,0.029,3,2,8192,0.020,3,2,true,0,0.000
rand-03-09,rand,seed=0xe628c27746c1db14;cycles=9,5335245,false,414689,0.029,3,2,16384,0.020,3,2,true,0,0.000
dec-082,dec,d_b=8;m=3;gap=1;k=2;q=1;s=9,24,false,26,0.083,18,2,1,0.013,19,18,false,0,0.000
dec-082,dec,d_b=8;m=3;gap=1;k=2;q=1;s=9,24,false,26,0.083,18,2,2,0.019,19,18,false,0,0.000
dec-082,dec,d_b=8;m=3;gap=1;k=2;q=1;s=9,24,false,26,0.083,18,2,4,0.029,19,18,false,0,0.000
dec-082,dec,d_b=8;m=3;gap=1;k=2;q=1;s=9,24,false,26,0.083,18,2,8,0.051,19,18,false,0,0.000
dec-082,dec,d_b=8;m=3;gap=1;k=2;q=1;s=9,24,false,26,0.083,18,2,16,0.094,18,2,false,0,0.000
dec-082,dec,d_b=8;m=3;gap=1;k=2;q=1;s=9,24,false,26,0.083,18,2,32,0.106,18,2,true,0,0.000
dec-082,dec,d_b=8;m=3;gap=1;k=2;q=1;s=9,24,false,26,0.083,18,2,64,0.101,18,2,true,0,0.000
dec-082,dec,d_b=8;m=3;gap=1;k=2;q=1;s=9,24,false,26,0.083,18,2,128,0.101,18,2,true,0,0.000
dec-082,dec,d_b=8;m=3;gap=1;k=2;q=1;s=9,24,false,26,0.083,18,2,256,0.098,18,2,true,0,0.000
dec-082,dec,d_b=8;m=3;gap=1;k=2;q=1;s=9,24,false,26,0.083,18,2,512,0.097,18,2,true,0,0.000
dec-082,dec,d_b=8;m=3;gap=1;k=2;q=1;s=9,24,false,26,0.083,18,2,1024,0.097,18,2,true,0,0.000
dec-082,dec,d_b=8;m=3;gap=1;k=2;q=1;s=9,24,false,26,0.083,18,2,2048,0.096,18,2,true,0,0.000
dec-082,dec,d_b=8;m=3;gap=1;k=2;q=1;s=9,24,false,26,0.083,18,2,4096,0.096,18,2,true,0,0.000
dec-082,dec,d_b=8;m=3;gap=1;k=2;q=1;s=9,24,false,26,0.083,18,2,8192,0.096,18,2,true,0,0.000
dec-082,dec,d_b=8;m=3;gap=1;k=2;q=1;s=9,24,false,26,0.083,18,2,16384,0.096,18,2,true,0,0.000
mixed-027-1,mixed,seed=0xbab4389904d1dc7d;cycles=8;planted=1;d_b=16;m=5;gap=2;k=1,33,false,35,0.159,67,2,1,0.035,70,68,false,0,0.000
mixed-027-1,mixed,seed=0xbab4389904d1dc7d;cycles=8;planted=1;d_b=16;m=5;gap=2;k=1,33,false,35,0.159,67,2,2,0.027,70,68,false,0,0.000
mixed-027-1,mixed,seed=0xbab4389904d1dc7d;cycles=8;planted=1;d_b=16;m=5;gap=2;k=1,33,false,35,0.159,67,2,4,0.047,70,68,false,0,0.000
mixed-027-1,mixed,seed=0xbab4389904d1dc7d;cycles=8;planted=1;d_b=16;m=5;gap=2;k=1,33,false,35,0.159,67,2,8,0.083,70,68,false,0,0.000
mixed-027-1,mixed,seed=0xbab4389904d1dc7d;cycles=8;planted=1;d_b=16;m=5;gap=2;k=1,33,false,35,0.159,67,2,16,0.160,70,68,false,0,0.000
mixed-027-1,mixed,seed=0xbab4389904d1dc7d;cycles=8;planted=1;d_b=16;m=5;gap=2;k=1,33,false,35,0.159,67,2,32,0.301,67,2,true,0,0.000
mixed-027-1,mixed,seed=0xbab4389904d1dc7d;cycles=8;planted=1;d_b=16;m=5;gap=2;k=1,33,false,35,0.159,67,2,64,0.301,67,2,true,0,0.000
mixed-027-1,mixed,seed=0xbab4389904d1dc7d;cycles=8;planted=1;d_b=16;m=5;gap=2;k=1,33,false,35,0.159,67,2,128,0.305,67,2,true,0,0.000
mixed-027-1,mixed,seed=0xbab4389904d1dc7d;cycles=8;planted=1;d_b=16;m=5;gap=2;k=1,33,false,35,0.159,67,2,256,0.302,67,2,true,0,0.000
mixed-027-1,mixed,seed=0xbab4389904d1dc7d;cycles=8;planted=1;d_b=16;m=5;gap=2;k=1,33,false,35,0.159,67,2,512,0.291,67,2,true,0,0.000
mixed-027-1,mixed,seed=0xbab4389904d1dc7d;cycles=8;planted=1;d_b=16;m=5;gap=2;k=1,33,false,35,0.159,67,2,1024,0.289,67,2,true,0,0.000
mixed-027-1,mixed,seed=0xbab4389904d1dc7d;cycles=8;planted=1;d_b=16;m=5;gap=2;k=1,33,false,35,0.159,67,2,2048,0.288,67,2,true,0,0.000
mixed-027-1,mixed,seed=0xbab4389904d1dc7d;cycles=8;planted=1;d_b=16;m=5;gap=2;k=1,33,false,35,0.159,67,2,4096,0.287,67,2,true,0,0.000
mixed-027-1,mixed,seed=0xbab4389904d1dc7d;cycles=8;planted=1;d_b=16;m=5;gap=2;k=1,33,false,35,0.159,67,2,8192,0.290,67,2,true,0,0.000
mixed-027-1,mixed,seed=0xbab4389904d1dc7d;cycles=8;planted=1;d_b=16;m=5;gap=2;k=1,33,false,35,0.159,67,2,16384,0.287,67,2,true,0,0.000
rand-03-10,rand,seed=0xc7bb5d3a8323205b;cycles=9,13658524,false,1005576,0.072,13,8,1,0.076,13,8,false,0,0.000
rand-03-10,rand,seed=0xc7bb5d3a8323205b;cycles=9,13658524,false,1005576,0.072,13,8,2,0.066,13,8,false,0,0.000
rand-03-10,rand,seed=0xc7bb5d3a8323205b;cycles=9,13658524,false,1005576,0.072,13,8,4,0.081,13,8,true,0,0.000
rand-03-10,rand,seed=0xc7bb5d3a8323205b;cycles=9,13658524,false,1005576,0.072,13,8,8,0.075,13,8,true,0,0.000
rand-03-10,rand,seed=0xc7bb5d3a8323205b;cycles=9,13658524,false,1005576,0.072,13,8,16,0.073,13,8,true,0,0.000
rand-03-10,rand,seed=0xc7bb5d3a8323205b;cycles=9,13658524,false,1005576,0.072,13,8,32,0.069,13,8,true,0,0.000
rand-03-10,rand,seed=0xc7bb5d3a8323205b;cycles=9,13658524,false,1005576,0.072,13,8,64,0.070,13,8,true,0,0.000
rand-03-10,rand,seed=0xc7bb5d3a8323205b;cycles=9,13658524,false,1005576,0.072,13,8,128,0.069,13,8,true,0,0.000
rand-03-10,rand,seed=0xc7bb5d3a8323205b;cycles=9,13658524,false,1005576,0.072,13,8,256,0.070,13,8,true,0,0.000
rand-03-10,rand,seed=0xc7bb5d3a8323205b;cycles=9,13658524,false,1005576,0.072,13,8,512,0.069,13,8,true,0,0.000
rand-03-10,rand,seed=0xc7bb5d3a8323205b;cycles=9,13658524,false,1005576,0.072,13,8,1024,0.070,13,8,true,0,0.000
rand-03-10,rand,seed=0xc7bb5d3a8323205b;cycles=9,13658524,false,1005576,0.072,13,8,2048,0.069,13,8,true,0,0.000
rand-03-10,rand,seed=0xc7bb5d3a8323205b;cycles=9,13658524,false,1005576,0.072,13,8,4096,0.068,13,8,true,0,0.000
rand-03-10,rand,seed=0xc7bb5d3a8323205b;cycles=9,13658524,false,1005576,0.072,13,8,8192,0.067,13,8,true,0,0.000
rand-03-10,rand,seed=0xc7bb5d3a8323205b;cycles=9,13658524,false,1005576,0.072,13,8,16384,0.068,13,8,true,0,0.000
dec-083,dec,d_b=8;m=3;gap=1;k=4;q=1;s=9,40,false,42,0.107,18,2,1,0.022,19,18,false,0,0.000
dec-083,dec,d_b=8;m=3;gap=1;k=4;q=1;s=9,40,false,42,0.107,18,2,2,0.029,19,18,false,0,0.000
dec-083,dec,d_b=8;m=3;gap=1;k=4;q=1;s=9,40,false,42,0.107,18,2,4,0.032,19,18,false,0,0.000
dec-083,dec,d_b=8;m=3;gap=1;k=4;q=1;s=9,40,false,42,0.107,18,2,8,0.057,19,18,false,0,0.000
dec-083,dec,d_b=8;m=3;gap=1;k=4;q=1;s=9,40,false,42,0.107,18,2,16,0.093,19,18,false,0,0.000
dec-083,dec,d_b=8;m=3;gap=1;k=4;q=1;s=9,40,false,42,0.107,18,2,32,0.153,18,2,true,0,0.000
dec-083,dec,d_b=8;m=3;gap=1;k=4;q=1;s=9,40,false,42,0.107,18,2,64,0.144,18,2,true,0,0.000
dec-083,dec,d_b=8;m=3;gap=1;k=4;q=1;s=9,40,false,42,0.107,18,2,128,0.142,18,2,true,0,0.000
dec-083,dec,d_b=8;m=3;gap=1;k=4;q=1;s=9,40,false,42,0.107,18,2,256,0.139,18,2,true,0,0.000
dec-083,dec,d_b=8;m=3;gap=1;k=4;q=1;s=9,40,false,42,0.107,18,2,512,0.137,18,2,true,0,0.000
dec-083,dec,d_b=8;m=3;gap=1;k=4;q=1;s=9,40,false,42,0.107,18,2,1024,0.140,18,2,true,0,0.000
dec-083,dec,d_b=8;m=3;gap=1;k=4;q=1;s=9,40,false,42,0.107,18,2,2048,0.137,18,2,true,0,0.000
dec-083,dec,d_b=8;m=3;gap=1;k=4;q=1;s=9,40,false,42,0.107,18,2,4096,0.137,18,2,true,0,0.000
dec-083,dec,d_b=8;m=3;gap=1;k=4;q=1;s=9,40,false,42,0.107,18,2,8192,0.137,18,2,true,0,0.000
dec-083,dec,d_b=8;m=3;gap=1;k=4;q=1;s=9,40,false,42,0.107,18,2,16384,0.136,18,2,true,0,0.000
mixed-027-2,mixed,seed=0x196e51ed5d668e58;cycles=8;planted=1;d_b=16;m=5;gap=2;k=1,2087787,false,205879,0.237,80,10,1,0.109,83,76,false,0,0.000
mixed-027-2,mixed,seed=0x196e51ed5d668e58;cycles=8;planted=1;d_b=16;m=5;gap=2;k=1,2087787,false,205879,0.237,80,10,2,0.110,83,76,false,0,0.000
mixed-027-2,mixed,seed=0x196e51ed5d668e58;cycles=8;planted=1;d_b=16;m=5;gap=2;k=1,2087787,false,205879,0.237,80,10,4,0.114,83,76,false,0,0.000
mixed-027-2,mixed,seed=0x196e51ed5d668e58;cycles=8;planted=1;d_b=16;m=5;gap=2;k=1,2087787,false,205879,0.237,80,10,8,0.155,83,76,false,0,0.000
mixed-027-2,mixed,seed=0x196e51ed5d668e58;cycles=8;planted=1;d_b=16;m=5;gap=2;k=1,2087787,false,205879,0.237,80,10,16,0.261,83,76,false,0,0.000
mixed-027-2,mixed,seed=0x196e51ed5d668e58;cycles=8;planted=1;d_b=16;m=5;gap=2;k=1,2087787,false,205879,0.237,80,10,32,0.500,80,10,false,0,0.000
mixed-027-2,mixed,seed=0x196e51ed5d668e58;cycles=8;planted=1;d_b=16;m=5;gap=2;k=1,2087787,false,205879,0.237,80,10,64,0.530,80,10,true,0,0.000
mixed-027-2,mixed,seed=0x196e51ed5d668e58;cycles=8;planted=1;d_b=16;m=5;gap=2;k=1,2087787,false,205879,0.237,80,10,128,0.531,80,10,true,0,0.000
mixed-027-2,mixed,seed=0x196e51ed5d668e58;cycles=8;planted=1;d_b=16;m=5;gap=2;k=1,2087787,false,205879,0.237,80,10,256,0.518,80,10,true,0,0.000
mixed-027-2,mixed,seed=0x196e51ed5d668e58;cycles=8;planted=1;d_b=16;m=5;gap=2;k=1,2087787,false,205879,0.237,80,10,512,0.518,80,10,true,0,0.000
mixed-027-2,mixed,seed=0x196e51ed5d668e58;cycles=8;planted=1;d_b=16;m=5;gap=2;k=1,2087787,false,205879,0.237,80,10,1024,0.514,80,10,true,0,0.000
mixed-027-2,mixed,seed=0x196e51ed5d668e58;cycles=8;planted=1;d_b=16;m=5;gap=2;k=1,2087787,false,205879,0.237,80,10,2048,0.516,80,10,true,0,0.000
mixed-027-2,mixed,seed=0x196e51ed5d668e58;cycles=8;planted=1;d_b=16;m=5;gap=2;k=1,2087787,false,205879,0.237,80,10,4096,0.509,80,10,true,0,0.000
mixed-027-2,mixed,seed=0x196e51ed5d668e58;cycles=8;planted=1;d_b=16;m=5;gap=2;k=1,2087787,false,205879,0.237,80,10,8192,0.512,80,10,true,0,0.000
mixed-027-2,mixed,seed=0x196e51ed5d668e58;cycles=8;planted=1;d_b=16;m=5;gap=2;k=1,2087787,false,205879,0.237,80,10,16384,0.508,80,10,true,0,0.000
rand-03-11,rand,seed=0xf41fd158dd4dfd28;cycles=9,17192909,false,1219747,0.118,9,6,1,0.087,9,6,false,0,0.000
rand-03-11,rand,seed=0xf41fd158dd4dfd28;cycles=9,17192909,false,1219747,0.118,9,6,2,0.084,9,6,false,0,0.000
rand-03-11,rand,seed=0xf41fd158dd4dfd28;cycles=9,17192909,false,1219747,0.118,9,6,4,0.123,9,6,true,0,0.000
rand-03-11,rand,seed=0xf41fd158dd4dfd28;cycles=9,17192909,false,1219747,0.118,9,6,8,0.116,9,6,true,0,0.000
rand-03-11,rand,seed=0xf41fd158dd4dfd28;cycles=9,17192909,false,1219747,0.118,9,6,16,0.115,9,6,true,0,0.000
rand-03-11,rand,seed=0xf41fd158dd4dfd28;cycles=9,17192909,false,1219747,0.118,9,6,32,0.111,9,6,true,0,0.000
rand-03-11,rand,seed=0xf41fd158dd4dfd28;cycles=9,17192909,false,1219747,0.118,9,6,64,0.107,9,6,true,0,0.000
rand-03-11,rand,seed=0xf41fd158dd4dfd28;cycles=9,17192909,false,1219747,0.118,9,6,128,0.106,9,6,true,0,0.000
rand-03-11,rand,seed=0xf41fd158dd4dfd28;cycles=9,17192909,false,1219747,0.118,9,6,256,0.105,9,6,true,0,0.000
rand-03-11,rand,seed=0xf41fd158dd4dfd28;cycles=9,17192909,false,1219747,0.118,9,6,512,0.104,9,6,true,0,0.000
rand-03-11,rand,seed=0xf41fd158dd4dfd28;cycles=9,17192909,false,1219747,0.118,9,6,1024,0.105,9,6,true,0,0.000
rand-03-11,rand,seed=0xf41fd158dd4dfd28;cycles=9,17192909,false,1219747,0.118,9,6,2048,0.103,9,6,true,0,0.000
rand-03-11,rand,seed=0xf41fd158dd4dfd28;cycles=9,17192909,false,1219747,0.118,9,6,4096,0.104,9,6,true,0,0.000
rand-03-11,rand,seed=0xf41fd158dd4dfd28;cycles=9,17192909,false,1219747,0.118,9,6,8192,0.103,9,6,true,0,0.000
rand-03-11,rand,seed=0xf41fd158dd4dfd28;cycles=9,17192909,false,1219747,0.118,9,6,16384,0.104,9,6,true,0,0.000
dec-084,dec,d_b=8;m=3;gap=3;k=1;q=1;s=10,16,false,18,0.076,18,2,1,0.014,21,20,false,0,0.000
dec-084,dec,d_b=8;m=3;gap=3;k=1;q=1;s=10,16,false,18,0.076,18,2,2,0.023,21,20,false,0,0.000
dec-084,dec,d_b=8;m=3;gap=3;k=1;q=1;s=10,16,false,18,0.076,18,2,4,0.030,21,20,false,0,0.000
dec-084,dec,d_b=8;m=3;gap=3;k=1;q=1;s=10,16,false,18,0.076,18,2,8,0.056,18,2,false,0,0.000
dec-084,dec,d_b=8;m=3;gap=3;k=1;q=1;s=10,16,false,18,0.076,18,2,16,0.086,18,2,true,0,0.000
dec-084,dec,d_b=8;m=3;gap=3;k=1;q=1;s=10,16,false,18,0.076,18,2,32,0.083,18,2,true,0,0.000
dec-084,dec,d_b=8;m=3;gap=3;k=1;q=1;s=10,16,false,18,0.076,18,2,64,0.079,18,2,true,0,0.000
dec-084,dec,d_b=8;m=3;gap=3;k=1;q=1;s=10,16,false,18,0.076,18,2,128,0.078,18,2,true,0,0.000
dec-084,dec,d_b=8;m=3;gap=3;k=1;q=1;s=10,16,false,18,0.076,18,2,256,0.076,18,2,true,0,0.000
dec-084,dec,d_b=8;m=3;gap=3;k=1;q=1;s=10,16,false,18,0.076,18,2,512,0.076,18,2,true,0,0.000
dec-084,dec,d_b=8;m=3;gap=3;k=1;q=1;s=10,16,false,18,0.076,18,2,1024,0.075,18,2,true,0,0.000
dec-084,dec,d_b=8;m=3;gap=3;k=1;q=1;s=10,16,false,18,0.076,18,2,2048,0.083,18,2,true,0,0.000
dec-084,dec,d_b=8;m=3;gap=3;k=1;q=1;s=10,16,false,18,0.076,18,2,4096,0.075,18,2,true,0,0.000
dec-084,dec,d_b=8;m=3;gap=3;k=1;q=1;s=10,16,false,18,0.076,18,2,8192,0.079,18,2,true,0,0.000
dec-084,dec,d_b=8;m=3;gap=3;k=1;q=1;s=10,16,false,18,0.076,18,2,16384,0.074,18,2,true,0,0.000
mixed-028-0,mixed,seed=0xd0cd8d47a65957a7;cycles=8;planted=2;d_b=4;m=2;gap=1;k=2,810566,false,84686,0.079,21,8,1,0.054,23,16,false,0,0.000
mixed-028-0,mixed,seed=0xd0cd8d47a65957a7;cycles=8;planted=2;d_b=4;m=2;gap=1;k=2,810566,false,84686,0.079,21,8,2,0.048,23,16,false,0,0.000
mixed-028-0,mixed,seed=0xd0cd8d47a65957a7;cycles=8;planted=2;d_b=4;m=2;gap=1;k=2,810566,false,84686,0.079,21,8,4,0.055,23,16,false,0,0.000
mixed-028-0,mixed,seed=0xd0cd8d47a65957a7;cycles=8;planted=2;d_b=4;m=2;gap=1;k=2,810566,false,84686,0.079,21,8,8,0.077,23,16,false,0,0.000
mixed-028-0,mixed,seed=0xd0cd8d47a65957a7;cycles=8;planted=2;d_b=4;m=2;gap=1;k=2,810566,false,84686,0.079,21,8,16,0.114,22,12,false,0,0.000
mixed-028-0,mixed,seed=0xd0cd8d47a65957a7;cycles=8;planted=2;d_b=4;m=2;gap=1;k=2,810566,false,84686,0.079,21,8,32,0.158,21,8,true,0,0.000
mixed-028-0,mixed,seed=0xd0cd8d47a65957a7;cycles=8;planted=2;d_b=4;m=2;gap=1;k=2,810566,false,84686,0.079,21,8,64,0.154,21,8,true,0,0.000
mixed-028-0,mixed,seed=0xd0cd8d47a65957a7;cycles=8;planted=2;d_b=4;m=2;gap=1;k=2,810566,false,84686,0.079,21,8,128,0.150,21,8,true,0,0.000
mixed-028-0,mixed,seed=0xd0cd8d47a65957a7;cycles=8;planted=2;d_b=4;m=2;gap=1;k=2,810566,false,84686,0.079,21,8,256,0.148,21,8,true,0,0.000
mixed-028-0,mixed,seed=0xd0cd8d47a65957a7;cycles=8;planted=2;d_b=4;m=2;gap=1;k=2,810566,false,84686,0.079,21,8,512,0.147,21,8,true,0,0.000
mixed-028-0,mixed,seed=0xd0cd8d47a65957a7;cycles=8;planted=2;d_b=4;m=2;gap=1;k=2,810566,false,84686,0.079,21,8,1024,0.146,21,8,true,0,0.000
mixed-028-0,mixed,seed=0xd0cd8d47a65957a7;cycles=8;planted=2;d_b=4;m=2;gap=1;k=2,810566,false,84686,0.079,21,8,2048,0.145,21,8,true,0,0.000
mixed-028-0,mixed,seed=0xd0cd8d47a65957a7;cycles=8;planted=2;d_b=4;m=2;gap=1;k=2,810566,false,84686,0.079,21,8,4096,0.146,21,8,true,0,0.000
mixed-028-0,mixed,seed=0xd0cd8d47a65957a7;cycles=8;planted=2;d_b=4;m=2;gap=1;k=2,810566,false,84686,0.079,21,8,8192,0.145,21,8,true,0,0.000
mixed-028-0,mixed,seed=0xd0cd8d47a65957a7;cycles=8;planted=2;d_b=4;m=2;gap=1;k=2,810566,false,84686,0.079,21,8,16384,0.144,21,8,true,0,0.000
rand-03-12,rand,seed=0x703c59806bf81511;cycles=9,5335247,false,414693,0.034,9,6,1,0.050,9,6,false,0,0.000
rand-03-12,rand,seed=0x703c59806bf81511;cycles=9,5335247,false,414693,0.034,9,6,2,0.041,9,6,false,0,0.000
rand-03-12,rand,seed=0x703c59806bf81511;cycles=9,5335247,false,414693,0.034,9,6,4,0.041,9,6,true,0,0.000
rand-03-12,rand,seed=0x703c59806bf81511;cycles=9,5335247,false,414693,0.034,9,6,8,0.038,9,6,true,0,0.000
rand-03-12,rand,seed=0x703c59806bf81511;cycles=9,5335247,false,414693,0.034,9,6,16,0.035,9,6,true,0,0.000
rand-03-12,rand,seed=0x703c59806bf81511;cycles=9,5335247,false,414693,0.034,9,6,32,0.034,9,6,true,0,0.000
rand-03-12,rand,seed=0x703c59806bf81511;cycles=9,5335247,false,414693,0.034,9,6,64,0.032,9,6,true,0,0.000
rand-03-12,rand,seed=0x703c59806bf81511;cycles=9,5335247,false,414693,0.034,9,6,128,0.031,9,6,true,0,0.000
rand-03-12,rand,seed=0x703c59806bf81511;cycles=9,5335247,false,414693,0.034,9,6,256,0.031,9,6,true,0,0.000
rand-03-12,rand,seed=0x703c59806bf81511;cycles=9,5335247,false,414693,0.034,9,6,512,0.030,9,6,true,0,0.000
rand-03-12,rand,seed=0x703c59806bf81511;cycles=9,5335247,false,414693,0.034,9,6,1024,0.031,9,6,true,0,0.000
rand-03-12,rand,seed=0x703c59806bf81511;cycles=9,5335247,false,414693,0.034,9,6,2048,0.030,9,6,true,0,0.000
rand-03-12,rand,seed=0x703c59806bf81511;cycles=9,5335247,false,414693,0.034,9,6,4096,0.030,9,6,true,0,0.000
rand-03-12,rand,seed=0x703c59806bf81511;cycles=9,5335247,false,414693,0.034,9,6,8192,0.030,9,6,true,0,0.000
rand-03-12,rand,seed=0x703c59806bf81511;cycles=9,5335247,false,414693,0.034,9,6,16384,0.031,9,6,true,0,0.000
dec-085,dec,d_b=8;m=3;gap=3;k=2;q=1;s=10,24,false,26,0.081,18,2,1,0.014,21,20,false,0,0.000
dec-085,dec,d_b=8;m=3;gap=3;k=2;q=1;s=10,24,false,26,0.081,18,2,2,0.021,21,20,false,0,0.000
dec-085,dec,d_b=8;m=3;gap=3;k=2;q=1;s=10,24,false,26,0.081,18,2,4,0.029,21,20,false,0,0.000
dec-085,dec,d_b=8;m=3;gap=3;k=2;q=1;s=10,24,false,26,0.081,18,2,8,0.052,21,20,false,0,0.000
dec-085,dec,d_b=8;m=3;gap=3;k=2;q=1;s=10,24,false,26,0.081,18,2,16,0.098,18,2,false,0,0.000
dec-085,dec,d_b=8;m=3;gap=3;k=2;q=1;s=10,24,false,26,0.081,18,2,32,0.111,18,2,true,0,0.000
dec-085,dec,d_b=8;m=3;gap=3;k=2;q=1;s=10,24,false,26,0.081,18,2,64,0.106,18,2,true,0,0.000
dec-085,dec,d_b=8;m=3;gap=3;k=2;q=1;s=10,24,false,26,0.081,18,2,128,0.104,18,2,true,0,0.000
dec-085,dec,d_b=8;m=3;gap=3;k=2;q=1;s=10,24,false,26,0.081,18,2,256,0.128,18,2,true,0,0.000
dec-085,dec,d_b=8;m=3;gap=3;k=2;q=1;s=10,24,false,26,0.081,18,2,512,0.105,18,2,true,0,0.000
dec-085,dec,d_b=8;m=3;gap=3;k=2;q=1;s=10,24,false,26,0.081,18,2,1024,0.116,18,2,true,0,0.000
dec-085,dec,d_b=8;m=3;gap=3;k=2;q=1;s=10,24,false,26,0.081,18,2,2048,0.110,18,2,true,0,0.000
dec-085,dec,d_b=8;m=3;gap=3;k=2;q=1;s=10,24,false,26,0.081,18,2,4096,0.101,18,2,true,0,0.000
dec-085,dec,d_b=8;m=3;gap=3;k=2;q=1;s=10,24,false,26,0.081,18,2,8192,0.104,18,2,true,0,0.000
dec-085,dec,d_b=8;m=3;gap=3;k=2;q=1;s=10,24,false,26,0.081,18,2,16384,0.100,18,2,true,0,0.000
mixed-028-1,mixed,seed=0x2d7527bc1320e6fe;cycles=8;planted=2;d_b=4;m=2;gap=1;k=2,1939065,false,190552,0.218,44,12,1,0.244,46,20,false,0,0.000
mixed-028-1,mixed,seed=0x2d7527bc1320e6fe;cycles=8;planted=2;d_b=4;m=2;gap=1;k=2,1939065,false,190552,0.218,44,12,2,0.250,46,20,false,0,0.000
mixed-028-1,mixed,seed=0x2d7527bc1320e6fe;cycles=8;planted=2;d_b=4;m=2;gap=1;k=2,1939065,false,190552,0.218,44,12,4,0.298,46,20,false,0,0.000
mixed-028-1,mixed,seed=0x2d7527bc1320e6fe;cycles=8;planted=2;d_b=4;m=2;gap=1;k=2,1939065,false,190552,0.218,44,12,8,0.412,46,20,false,0,0.000
mixed-028-1,mixed,seed=0x2d7527bc1320e6fe;cycles=8;planted=2;d_b=4;m=2;gap=1;k=2,1939065,false,190552,0.218,44,12,16,0.614,45,16,false,0,0.000
mixed-028-1,mixed,seed=0x2d7527bc1320e6fe;cycles=8;planted=2;d_b=4;m=2;gap=1;k=2,1939065,false,190552,0.218,44,12,32,1.029,44,12,true,0,0.000
mixed-028-1,mixed,seed=0x2d7527bc1320e6fe;cycles=8;planted=2;d_b=4;m=2;gap=1;k=2,1939065,false,190552,0.218,44,12,64,1.015,44,12,true,0,0.000
mixed-028-1,mixed,seed=0x2d7527bc1320e6fe;cycles=8;planted=2;d_b=4;m=2;gap=1;k=2,1939065,false,190552,0.218,44,12,128,1.013,44,12,true,0,0.000
mixed-028-1,mixed,seed=0x2d7527bc1320e6fe;cycles=8;planted=2;d_b=4;m=2;gap=1;k=2,1939065,false,190552,0.218,44,12,256,1.007,44,12,true,0,0.000
mixed-028-1,mixed,seed=0x2d7527bc1320e6fe;cycles=8;planted=2;d_b=4;m=2;gap=1;k=2,1939065,false,190552,0.218,44,12,512,1.009,44,12,true,0,0.000
mixed-028-1,mixed,seed=0x2d7527bc1320e6fe;cycles=8;planted=2;d_b=4;m=2;gap=1;k=2,1939065,false,190552,0.218,44,12,1024,0.990,44,12,true,0,0.000
mixed-028-1,mixed,seed=0x2d7527bc1320e6fe;cycles=8;planted=2;d_b=4;m=2;gap=1;k=2,1939065,false,190552,0.218,44,12,2048,0.988,44,12,true,0,0.000
mixed-028-1,mixed,seed=0x2d7527bc1320e6fe;cycles=8;planted=2;d_b=4;m=2;gap=1;k=2,1939065,false,190552,0.218,44,12,4096,0.986,44,12,true,0,0.000
mixed-028-1,mixed,seed=0x2d7527bc1320e6fe;cycles=8;planted=2;d_b=4;m=2;gap=1;k=2,1939065,false,190552,0.218,44,12,8192,0.992,44,12,true,0,0.000
mixed-028-1,mixed,seed=0x2d7527bc1320e6fe;cycles=8;planted=2;d_b=4;m=2;gap=1;k=2,1939065,false,190552,0.218,44,12,16384,0.985,44,12,true,0,0.000
rand-03-13,rand,seed=0x67f5e18159b6212a;cycles=9,12653828,false,929201,0.077,13,6,1,0.080,13,6,false,0,0.000
rand-03-13,rand,seed=0x67f5e18159b6212a;cycles=9,12653828,false,929201,0.077,13,6,2,0.075,13,6,false,0,0.000
rand-03-13,rand,seed=0x67f5e18159b6212a;cycles=9,12653828,false,929201,0.077,13,6,4,0.077,13,6,false,0,0.000
rand-03-13,rand,seed=0x67f5e18159b6212a;cycles=9,12653828,false,929201,0.077,13,6,8,0.087,13,6,true,0,0.000
rand-03-13,rand,seed=0x67f5e18159b6212a;cycles=9,12653828,false,929201,0.077,13,6,16,0.083,13,6,true,0,0.000
rand-03-13,rand,seed=0x67f5e18159b6212a;cycles=9,12653828,false,929201,0.077,13,6,32,0.080,13,6,true,0,0.000
rand-03-13,rand,seed=0x67f5e18159b6212a;cycles=9,12653828,false,929201,0.077,13,6,64,0.078,13,6,true,0,0.000
rand-03-13,rand,seed=0x67f5e18159b6212a;cycles=9,12653828,false,929201,0.077,13,6,128,0.076,13,6,true,0,0.000
rand-03-13,rand,seed=0x67f5e18159b6212a;cycles=9,12653828,false,929201,0.077,13,6,256,0.076,13,6,true,0,0.000
rand-03-13,rand,seed=0x67f5e18159b6212a;cycles=9,12653828,false,929201,0.077,13,6,512,0.076,13,6,true,0,0.000
rand-03-13,rand,seed=0x67f5e18159b6212a;cycles=9,12653828,false,929201,0.077,13,6,1024,0.075,13,6,true,0,0.000
rand-03-13,rand,seed=0x67f5e18159b6212a;cycles=9,12653828,false,929201,0.077,13,6,2048,0.075,13,6,true,0,0.000
rand-03-13,rand,seed=0x67f5e18159b6212a;cycles=9,12653828,false,929201,0.077,13,6,4096,0.076,13,6,true,0,0.000
rand-03-13,rand,seed=0x67f5e18159b6212a;cycles=9,12653828,false,929201,0.077,13,6,8192,0.075,13,6,true,0,0.000
rand-03-13,rand,seed=0x67f5e18159b6212a;cycles=9,12653828,false,929201,0.077,13,6,16384,0.075,13,6,true,0,0.000
dec-086,dec,d_b=8;m=3;gap=3;k=4;q=1;s=10,40,false,42,0.127,18,2,1,0.017,21,20,false,0,0.000
dec-086,dec,d_b=8;m=3;gap=3;k=4;q=1;s=10,40,false,42,0.127,18,2,2,0.023,21,20,false,0,0.000
dec-086,dec,d_b=8;m=3;gap=3;k=4;q=1;s=10,40,false,42,0.127,18,2,4,0.033,21,20,false,0,0.000
dec-086,dec,d_b=8;m=3;gap=3;k=4;q=1;s=10,40,false,42,0.127,18,2,8,0.055,21,20,false,0,0.000
dec-086,dec,d_b=8;m=3;gap=3;k=4;q=1;s=10,40,false,42,0.127,18,2,16,0.105,18,2,false,0,0.000
dec-086,dec,d_b=8;m=3;gap=3;k=4;q=1;s=10,40,false,42,0.127,18,2,32,0.160,18,2,true,0,0.000
dec-086,dec,d_b=8;m=3;gap=3;k=4;q=1;s=10,40,false,42,0.127,18,2,64,0.156,18,2,true,0,0.000
dec-086,dec,d_b=8;m=3;gap=3;k=4;q=1;s=10,40,false,42,0.127,18,2,128,0.152,18,2,true,0,0.000
dec-086,dec,d_b=8;m=3;gap=3;k=4;q=1;s=10,40,false,42,0.127,18,2,256,0.150,18,2,true,0,0.000
dec-086,dec,d_b=8;m=3;gap=3;k=4;q=1;s=10,40,false,42,0.127,18,2,512,0.148,18,2,true,0,0.000
dec-086,dec,d_b=8;m=3;gap=3;k=4;q=1;s=10,40,false,42,0.127,18,2,1024,0.148,18,2,true,0,0.000
dec-086,dec,d_b=8;m=3;gap=3;k=4;q=1;s=10,40,false,42,0.127,18,2,2048,0.148,18,2,true,0,0.000
dec-086,dec,d_b=8;m=3;gap=3;k=4;q=1;s=10,40,false,42,0.127,18,2,4096,0.147,18,2,true,0,0.000
dec-086,dec,d_b=8;m=3;gap=3;k=4;q=1;s=10,40,false,42,0.127,18,2,8192,0.146,18,2,true,0,0.000
dec-086,dec,d_b=8;m=3;gap=3;k=4;q=1;s=10,40,false,42,0.127,18,2,16384,0.146,18,2,true,0,0.000
mixed-028-2,mixed,seed=0xa642ebc833a15f84;cycles=8;planted=2;d_b=4;m=2;gap=1;k=2,810566,false,84688,0.085,25,12,1,0.065,27,20,false,0,0.000
mixed-028-2,mixed,seed=0xa642ebc833a15f84;cycles=8;planted=2;d_b=4;m=2;gap=1;k=2,810566,false,84688,0.085,25,12,2,0.057,27,20,false,0,0.000
mixed-028-2,mixed,seed=0xa642ebc833a15f84;cycles=8;planted=2;d_b=4;m=2;gap=1;k=2,810566,false,84688,0.085,25,12,4,0.058,27,20,false,0,0.000
mixed-028-2,mixed,seed=0xa642ebc833a15f84;cycles=8;planted=2;d_b=4;m=2;gap=1;k=2,810566,false,84688,0.085,25,12,8,0.083,27,20,false,0,0.000
mixed-028-2,mixed,seed=0xa642ebc833a15f84;cycles=8;planted=2;d_b=4;m=2;gap=1;k=2,810566,false,84688,0.085,25,12,16,0.121,26,16,false,0,0.000
mixed-028-2,mixed,seed=0xa642ebc833a15f84;cycles=8;planted=2;d_b=4;m=2;gap=1;k=2,810566,false,84688,0.085,25,12,32,0.174,25,12,true,0,0.000
mixed-028-2,mixed,seed=0xa642ebc833a15f84;cycles=8;planted=2;d_b=4;m=2;gap=1;k=2,810566,false,84688,0.085,25,12,64,0.164,25,12,true,0,0.000
mixed-028-2,mixed,seed=0xa642ebc833a15f84;cycles=8;planted=2;d_b=4;m=2;gap=1;k=2,810566,false,84688,0.085,25,12,128,0.161,25,12,true,0,0.000
mixed-028-2,mixed,seed=0xa642ebc833a15f84;cycles=8;planted=2;d_b=4;m=2;gap=1;k=2,810566,false,84688,0.085,25,12,256,0.157,25,12,true,0,0.000
mixed-028-2,mixed,seed=0xa642ebc833a15f84;cycles=8;planted=2;d_b=4;m=2;gap=1;k=2,810566,false,84688,0.085,25,12,512,0.157,25,12,true,0,0.000
mixed-028-2,mixed,seed=0xa642ebc833a15f84;cycles=8;planted=2;d_b=4;m=2;gap=1;k=2,810566,false,84688,0.085,25,12,1024,0.155,25,12,true,0,0.000
mixed-028-2,mixed,seed=0xa642ebc833a15f84;cycles=8;planted=2;d_b=4;m=2;gap=1;k=2,810566,false,84688,0.085,25,12,2048,0.156,25,12,true,0,0.000
mixed-028-2,mixed,seed=0xa642ebc833a15f84;cycles=8;planted=2;d_b=4;m=2;gap=1;k=2,810566,false,84688,0.085,25,12,4096,0.154,25,12,true,0,0.000
mixed-028-2,mixed,seed=0xa642ebc833a15f84;cycles=8;planted=2;d_b=4;m=2;gap=1;k=2,810566,false,84688,0.085,25,12,8192,0.155,25,12,true,0,0.000
mixed-028-2,mixed,seed=0xa642ebc833a15f84;cycles=8;planted=2;d_b=4;m=2;gap=1;k=2,810566,false,84688,0.085,25,12,16384,0.164,25,12,true,0,0.000
rand-03-14,rand,seed=0x8a461a174d5401e4;cycles=9,11965898,false,880606,0.155,24,8,1,0.198,24,8,false,0,0.000
rand-03-14,rand,seed=0x8a461a174d5401e4;cycles=9,11965898,false,880606,0.155,24,8,2,0.189,24,8,false,0,0.000
rand-03-14,rand,seed=0x8a461a174d5401e4;cycles=9,11965898,false,880606,0.155,24,8,4,0.192,24,8,false,0,0.000
rand-03-14,rand,seed=0x8a461a174d5401e4;cycles=9,11965898,false,880606,0.155,24,8,8,0.245,24,8,false,0,0.000
rand-03-14,rand,seed=0x8a461a174d5401e4;cycles=9,11965898,false,880606,0.155,24,8,16,0.356,24,8,true,0,0.000
rand-03-14,rand,seed=0x8a461a174d5401e4;cycles=9,11965898,false,880606,0.155,24,8,32,0.346,24,8,true,0,0.000
rand-03-14,rand,seed=0x8a461a174d5401e4;cycles=9,11965898,false,880606,0.155,24,8,64,0.344,24,8,true,0,0.000
rand-03-14,rand,seed=0x8a461a174d5401e4;cycles=9,11965898,false,880606,0.155,24,8,128,0.337,24,8,true,0,0.000
rand-03-14,rand,seed=0x8a461a174d5401e4;cycles=9,11965898,false,880606,0.155,24,8,256,0.405,24,8,true,0,0.000
rand-03-14,rand,seed=0x8a461a174d5401e4;cycles=9,11965898,false,880606,0.155,24,8,512,0.341,24,8,true,0,0.000
rand-03-14,rand,seed=0x8a461a174d5401e4;cycles=9,11965898,false,880606,0.155,24,8,1024,0.342,24,8,true,0,0.000
rand-03-14,rand,seed=0x8a461a174d5401e4;cycles=9,11965898,false,880606,0.155,24,8,2048,0.333,24,8,true,0,0.000
rand-03-14,rand,seed=0x8a461a174d5401e4;cycles=9,11965898,false,880606,0.155,24,8,4096,0.340,24,8,true,0,0.000
rand-03-14,rand,seed=0x8a461a174d5401e4;cycles=9,11965898,false,880606,0.155,24,8,8192,0.332,24,8,true,0,0.000
rand-03-14,rand,seed=0x8a461a174d5401e4;cycles=9,11965898,false,880606,0.155,24,8,16384,0.337,24,8,true,0,0.000
dec-087,dec,d_b=8;m=3;gap=7;k=1;q=1;s=12,16,false,18,0.055,18,2,1,0.015,25,24,false,0,0.000
dec-087,dec,d_b=8;m=3;gap=7;k=1;q=1;s=12,16,false,18,0.055,18,2,2,0.026,25,24,false,0,0.000
dec-087,dec,d_b=8;m=3;gap=7;k=1;q=1;s=12,16,false,18,0.055,18,2,4,0.038,18,2,false,0,0.000
dec-087,dec,d_b=8;m=3;gap=7;k=1;q=1;s=12,16,false,18,0.055,18,2,8,0.060,18,2,false,0,0.000
dec-087,dec,d_b=8;m=3;gap=7;k=1;q=1;s=12,16,false,18,0.055,18,2,16,0.089,18,2,true,0,0.000
dec-087,dec,d_b=8;m=3;gap=7;k=1;q=1;s=12,16,false,18,0.055,18,2,32,0.087,18,2,true,0,0.000
dec-087,dec,d_b=8;m=3;gap=7;k=1;q=1;s=12,16,false,18,0.055,18,2,64,0.083,18,2,true,0,0.000
dec-087,dec,d_b=8;m=3;gap=7;k=1;q=1;s=12,16,false,18,0.055,18,2,128,0.082,18,2,true,0,0.000
dec-087,dec,d_b=8;m=3;gap=7;k=1;q=1;s=12,16,false,18,0.055,18,2,256,0.082,18,2,true,0,0.000
dec-087,dec,d_b=8;m=3;gap=7;k=1;q=1;s=12,16,false,18,0.055,18,2,512,0.081,18,2,true,0,0.000
dec-087,dec,d_b=8;m=3;gap=7;k=1;q=1;s=12,16,false,18,0.055,18,2,1024,0.081,18,2,true,0,0.000
dec-087,dec,d_b=8;m=3;gap=7;k=1;q=1;s=12,16,false,18,0.055,18,2,2048,0.081,18,2,true,0,0.000
dec-087,dec,d_b=8;m=3;gap=7;k=1;q=1;s=12,16,false,18,0.055,18,2,4096,0.081,18,2,true,0,0.000
dec-087,dec,d_b=8;m=3;gap=7;k=1;q=1;s=12,16,false,18,0.055,18,2,8192,0.080,18,2,true,0,0.000
dec-087,dec,d_b=8;m=3;gap=7;k=1;q=1;s=12,16,false,18,0.055,18,2,16384,0.080,18,2,true,0,0.000
mixed-029-0,mixed,seed=0x9a3850cfde5c4678;cycles=8;planted=2;d_b=8;m=3;gap=2;k=2,25,false,27,0.073,19,2,1,0.016,22,20,false,0,0.000
mixed-029-0,mixed,seed=0x9a3850cfde5c4678;cycles=8;planted=2;d_b=8;m=3;gap=2;k=2,25,false,27,0.073,19,2,2,0.017,22,20,false,0,0.000
mixed-029-0,mixed,seed=0x9a3850cfde5c4678;cycles=8;planted=2;d_b=8;m=3;gap=2;k=2,25,false,27,0.073,19,2,4,0.031,22,20,false,0,0.000
mixed-029-0,mixed,seed=0x9a3850cfde5c4678;cycles=8;planted=2;d_b=8;m=3;gap=2;k=2,25,false,27,0.073,19,2,8,0.050,22,20,false,0,0.000
mixed-029-0,mixed,seed=0x9a3850cfde5c4678;cycles=8;planted=2;d_b=8;m=3;gap=2;k=2,25,false,27,0.073,19,2,16,0.100,19,2,false,0,0.000
mixed-029-0,mixed,seed=0x9a3850cfde5c4678;cycles=8;planted=2;d_b=8;m=3;gap=2;k=2,25,false,27,0.073,19,2,32,0.117,19,2,true,0,0.000
mixed-029-0,mixed,seed=0x9a3850cfde5c4678;cycles=8;planted=2;d_b=8;m=3;gap=2;k=2,25,false,27,0.073,19,2,64,0.114,19,2,true,0,0.000
mixed-029-0,mixed,seed=0x9a3850cfde5c4678;cycles=8;planted=2;d_b=8;m=3;gap=2;k=2,25,false,27,0.073,19,2,128,0.113,19,2,true,0,0.000
mixed-029-0,mixed,seed=0x9a3850cfde5c4678;cycles=8;planted=2;d_b=8;m=3;gap=2;k=2,25,false,27,0.073,19,2,256,0.112,19,2,true,0,0.000
mixed-029-0,mixed,seed=0x9a3850cfde5c4678;cycles=8;planted=2;d_b=8;m=3;gap=2;k=2,25,false,27,0.073,19,2,512,0.112,19,2,true,0,0.000
mixed-029-0,mixed,seed=0x9a3850cfde5c4678;cycles=8;planted=2;d_b=8;m=3;gap=2;k=2,25,false,27,0.073,19,2,1024,0.110,19,2,true,0,0.000
mixed-029-0,mixed,seed=0x9a3850cfde5c4678;cycles=8;planted=2;d_b=8;m=3;gap=2;k=2,25,false,27,0.073,19,2,2048,0.110,19,2,true,0,0.000
mixed-029-0,mixed,seed=0x9a3850cfde5c4678;cycles=8;planted=2;d_b=8;m=3;gap=2;k=2,25,false,27,0.073,19,2,4096,0.110,19,2,true,0,0.000
mixed-029-0,mixed,seed=0x9a3850cfde5c4678;cycles=8;planted=2;d_b=8;m=3;gap=2;k=2,25,false,27,0.073,19,2,8192,0.110,19,2,true,0,0.000
mixed-029-0,mixed,seed=0x9a3850cfde5c4678;cycles=8;planted=2;d_b=8;m=3;gap=2;k=2,25,false,27,0.073,19,2,16384,0.110,19,2,true,0,0.000
rand-03-15,rand,seed=0xd7a5810bfe140428;cycles=9,13627895,false,1004250,0.095,22,8,1,0.101,22,8,false,0,0.000
rand-03-15,rand,seed=0xd7a5810bfe140428;cycles=9,13627895,false,1004250,0.095,22,8,2,0.101,22,8,false,0,0.000
rand-03-15,rand,seed=0xd7a5810bfe140428;cycles=9,13627895,false,1004250,0.095,22,8,4,0.098,22,8,false,0,0.000
rand-03-15,rand,seed=0xd7a5810bfe140428;cycles=9,13627895,false,1004250,0.095,22,8,8,0.179,22,8,true,0,0.000
rand-03-15,rand,seed=0xd7a5810bfe140428;cycles=9,13627895,false,1004250,0.095,22,8,16,0.159,22,8,true,0,0.000
rand-03-15,rand,seed=0xd7a5810bfe140428;cycles=9,13627895,false,1004250,0.095,22,8,32,0.156,22,8,true,0,0.000
rand-03-15,rand,seed=0xd7a5810bfe140428;cycles=9,13627895,false,1004250,0.095,22,8,64,0.149,22,8,true,0,0.000
rand-03-15,rand,seed=0xd7a5810bfe140428;cycles=9,13627895,false,1004250,0.095,22,8,128,0.151,22,8,true,0,0.000
rand-03-15,rand,seed=0xd7a5810bfe140428;cycles=9,13627895,false,1004250,0.095,22,8,256,0.146,22,8,true,0,0.000
rand-03-15,rand,seed=0xd7a5810bfe140428;cycles=9,13627895,false,1004250,0.095,22,8,512,0.148,22,8,true,0,0.000
rand-03-15,rand,seed=0xd7a5810bfe140428;cycles=9,13627895,false,1004250,0.095,22,8,1024,0.146,22,8,true,0,0.000
rand-03-15,rand,seed=0xd7a5810bfe140428;cycles=9,13627895,false,1004250,0.095,22,8,2048,0.147,22,8,true,0,0.000
rand-03-15,rand,seed=0xd7a5810bfe140428;cycles=9,13627895,false,1004250,0.095,22,8,4096,0.145,22,8,true,0,0.000
rand-03-15,rand,seed=0xd7a5810bfe140428;cycles=9,13627895,false,1004250,0.095,22,8,8192,0.148,22,8,true,0,0.000
rand-03-15,rand,seed=0xd7a5810bfe140428;cycles=9,13627895,false,1004250,0.095,22,8,16384,0.144,22,8,true,0,0.000
dec-088,dec,d_b=8;m=3;gap=7;k=2;q=1;s=12,24,false,26,0.086,18,2,1,0.016,25,24,false,0,0.000
dec-088,dec,d_b=8;m=3;gap=7;k=2;q=1;s=12,24,false,26,0.086,18,2,2,0.022,25,24,false,0,0.000
dec-088,dec,d_b=8;m=3;gap=7;k=2;q=1;s=12,24,false,26,0.086,18,2,4,0.032,25,24,false,0,0.000
dec-088,dec,d_b=8;m=3;gap=7;k=2;q=1;s=12,24,false,26,0.086,18,2,8,0.061,18,2,false,0,0.000
dec-088,dec,d_b=8;m=3;gap=7;k=2;q=1;s=12,24,false,26,0.086,18,2,16,0.108,18,2,false,0,0.000
dec-088,dec,d_b=8;m=3;gap=7;k=2;q=1;s=12,24,false,26,0.086,18,2,32,0.113,18,2,true,0,0.000
dec-088,dec,d_b=8;m=3;gap=7;k=2;q=1;s=12,24,false,26,0.086,18,2,64,0.109,18,2,true,0,0.000
dec-088,dec,d_b=8;m=3;gap=7;k=2;q=1;s=12,24,false,26,0.086,18,2,128,0.107,18,2,true,0,0.000
dec-088,dec,d_b=8;m=3;gap=7;k=2;q=1;s=12,24,false,26,0.086,18,2,256,0.105,18,2,true,0,0.000
dec-088,dec,d_b=8;m=3;gap=7;k=2;q=1;s=12,24,false,26,0.086,18,2,512,0.105,18,2,true,0,0.000
dec-088,dec,d_b=8;m=3;gap=7;k=2;q=1;s=12,24,false,26,0.086,18,2,1024,0.105,18,2,true,0,0.000
dec-088,dec,d_b=8;m=3;gap=7;k=2;q=1;s=12,24,false,26,0.086,18,2,2048,0.105,18,2,true,0,0.000
dec-088,dec,d_b=8;m=3;gap=7;k=2;q=1;s=12,24,false,26,0.086,18,2,4096,0.104,18,2,true,0,0.000
dec-088,dec,d_b=8;m=3;gap=7;k=2;q=1;s=12,24,false,26,0.086,18,2,8192,0.104,18,2,true,0,0.000
dec-088,dec,d_b=8;m=3;gap=7;k=2;q=1;s=12,24,false,26,0.086,18,2,16384,0.103,18,2,true,0,0.000
mixed-029-1,mixed,seed=0xc049ee76ccb092c7;cycles=8;planted=2;d_b=8;m=3;gap=2;k=2,49,false,53,0.128,37,4,1,0.023,43,40,false,0,0.000
mixed-029-1,mixed,seed=0xc049ee76ccb092c7;cycles=8;planted=2;d_b=8;m=3;gap=2;k=2,49,false,53,0.128,37,4,2,0.025,43,40,false,0,0.000
mixed-029-1,mixed,seed=0xc049ee76ccb092c7;cycles=8;planted=2;d_b=8;m=3;gap=2;k=2,49,false,53,0.128,37,4,4,0.031,43,40,false,0,0.000
mixed-029-1,mixed,seed=0xc049ee76ccb092c7;cycles=8;planted=2;d_b=8;m=3;gap=2;k=2,49,false,53,0.128,37,4,8,0.059,43,40,false,0,0.000
mixed-029-1,mixed,seed=0xc049ee76ccb092c7;cycles=8;planted=2;d_b=8;m=3;gap=2;k=2,49,false,53,0.128,37,4,16,0.094,43,40,false,0,0.000
mixed-029-1,mixed,seed=0xc049ee76ccb092c7;cycles=8;planted=2;d_b=8;m=3;gap=2;k=2,49,false,53,0.128,37,4,32,0.195,37,4,false,0,0.000
mixed-029-1,mixed,seed=0xc049ee76ccb092c7;cycles=8;planted=2;d_b=8;m=3;gap=2;k=2,49,false,53,0.128,37,4,64,0.241,37,4,true,0,0.000
mixed-029-1,mixed,seed=0xc049ee76ccb092c7;cycles=8;planted=2;d_b=8;m=3;gap=2;k=2,49,false,53,0.128,37,4,128,0.216,37,4,true,0,0.000
mixed-029-1,mixed,seed=0xc049ee76ccb092c7;cycles=8;planted=2;d_b=8;m=3;gap=2;k=2,49,false,53,0.128,37,4,256,0.218,37,4,true,0,0.000
mixed-029-1,mixed,seed=0xc049ee76ccb092c7;cycles=8;planted=2;d_b=8;m=3;gap=2;k=2,49,false,53,0.128,37,4,512,0.210,37,4,true,0,0.000
mixed-029-1,mixed,seed=0xc049ee76ccb092c7;cycles=8;planted=2;d_b=8;m=3;gap=2;k=2,49,false,53,0.128,37,4,1024,0.212,37,4,true,0,0.000
mixed-029-1,mixed,seed=0xc049ee76ccb092c7;cycles=8;planted=2;d_b=8;m=3;gap=2;k=2,49,false,53,0.128,37,4,2048,0.208,37,4,true,0,0.000
mixed-029-1,mixed,seed=0xc049ee76ccb092c7;cycles=8;planted=2;d_b=8;m=3;gap=2;k=2,49,false,53,0.128,37,4,4096,0.211,37,4,true,0,0.000
mixed-029-1,mixed,seed=0xc049ee76ccb092c7;cycles=8;planted=2;d_b=8;m=3;gap=2;k=2,49,false,53,0.128,37,4,8192,0.206,37,4,true,0,0.000
mixed-029-1,mixed,seed=0xc049ee76ccb092c7;cycles=8;planted=2;d_b=8;m=3;gap=2;k=2,49,false,53,0.128,37,4,16384,0.208,37,4,true,0,0.000
rand-03-16,rand,seed=0x282c50fe8168e49b;cycles=9,5335253,false,414703,0.050,21,6,1,0.061,21,6,false,0,0.000
rand-03-16,rand,seed=0x282c50fe8168e49b;cycles=9,5335253,false,414703,0.050,21,6,2,0.047,21,6,false,0,0.000
rand-03-16,rand,seed=0x282c50fe8168e49b;cycles=9,5335253,false,414703,0.050,21,6,4,0.053,21,6,false,0,0.000
rand-03-16,rand,seed=0x282c50fe8168e49b;cycles=9,5335253,false,414703,0.050,21,6,8,0.065,21,6,false,0,0.000
rand-03-16,rand,seed=0x282c50fe8168e49b;cycles=9,5335253,false,414703,0.050,21,6,16,0.074,21,6,true,0,0.000
rand-03-16,rand,seed=0x282c50fe8168e49b;cycles=9,5335253,false,414703,0.050,21,6,32,0.066,21,6,true,0,0.000
rand-03-16,rand,seed=0x282c50fe8168e49b;cycles=9,5335253,false,414703,0.050,21,6,64,0.079,21,6,true,0,0.000
rand-03-16,rand,seed=0x282c50fe8168e49b;cycles=9,5335253,false,414703,0.050,21,6,128,0.062,21,6,true,0,0.000
rand-03-16,rand,seed=0x282c50fe8168e49b;cycles=9,5335253,false,414703,0.050,21,6,256,0.067,21,6,true,0,0.000
rand-03-16,rand,seed=0x282c50fe8168e49b;cycles=9,5335253,false,414703,0.050,21,6,512,0.062,21,6,true,0,0.000
rand-03-16,rand,seed=0x282c50fe8168e49b;cycles=9,5335253,false,414703,0.050,21,6,1024,0.064,21,6,true,0,0.000
rand-03-16,rand,seed=0x282c50fe8168e49b;cycles=9,5335253,false,414703,0.050,21,6,2048,0.061,21,6,true,0,0.000
rand-03-16,rand,seed=0x282c50fe8168e49b;cycles=9,5335253,false,414703,0.050,21,6,4096,0.063,21,6,true,0,0.000
rand-03-16,rand,seed=0x282c50fe8168e49b;cycles=9,5335253,false,414703,0.050,21,6,8192,0.061,21,6,true,0,0.000
rand-03-16,rand,seed=0x282c50fe8168e49b;cycles=9,5335253,false,414703,0.050,21,6,16384,0.062,21,6,true,0,0.000
dec-089,dec,d_b=8;m=3;gap=7;k=4;q=1;s=12,40,false,42,0.108,18,2,1,0.017,25,24,false,0,0.000
dec-089,dec,d_b=8;m=3;gap=7;k=4;q=1;s=12,40,false,42,0.108,18,2,2,0.025,25,24,false,0,0.000
dec-089,dec,d_b=8;m=3;gap=7;k=4;q=1;s=12,40,false,42,0.108,18,2,4,0.034,25,24,false,0,0.000
dec-089,dec,d_b=8;m=3;gap=7;k=4;q=1;s=12,40,false,42,0.108,18,2,8,0.060,25,24,false,0,0.000
dec-089,dec,d_b=8;m=3;gap=7;k=4;q=1;s=12,40,false,42,0.108,18,2,16,0.116,18,2,false,0,0.000
dec-089,dec,d_b=8;m=3;gap=7;k=4;q=1;s=12,40,false,42,0.108,18,2,32,0.152,18,2,true,0,0.000
dec-089,dec,d_b=8;m=3;gap=7;k=4;q=1;s=12,40,false,42,0.108,18,2,64,0.147,18,2,true,0,0.000
dec-089,dec,d_b=8;m=3;gap=7;k=4;q=1;s=12,40,false,42,0.108,18,2,128,0.145,18,2,true,0,0.000
dec-089,dec,d_b=8;m=3;gap=7;k=4;q=1;s=12,40,false,42,0.108,18,2,256,0.143,18,2,true,0,0.000
dec-089,dec,d_b=8;m=3;gap=7;k=4;q=1;s=12,40,false,42,0.108,18,2,512,0.142,18,2,true,0,0.000
dec-089,dec,d_b=8;m=3;gap=7;k=4;q=1;s=12,40,false,42,0.108,18,2,1024,0.141,18,2,true,0,0.000
dec-089,dec,d_b=8;m=3;gap=7;k=4;q=1;s=12,40,false,42,0.108,18,2,2048,0.140,18,2,true,0,0.000
dec-089,dec,d_b=8;m=3;gap=7;k=4;q=1;s=12,40,false,42,0.108,18,2,4096,0.139,18,2,true,0,0.000
dec-089,dec,d_b=8;m=3;gap=7;k=4;q=1;s=12,40,false,42,0.108,18,2,8192,0.141,18,2,true,0,0.000
dec-089,dec,d_b=8;m=3;gap=7;k=4;q=1;s=12,40,false,42,0.108,18,2,16384,0.139,18,2,true,0,0.000
mixed-029-2,mixed,seed=0xe2c10fc7321769eb;cycles=8;planted=2;d_b=8;m=3;gap=2;k=2,49,false,55,0.139,37,4,1,0.039,43,40,false,0,0.000
mixed-029-2,mixed,seed=0xe2c10fc7321769eb;cycles=8;planted=2;d_b=8;m=3;gap=2;k=2,49,false,55,0.139,37,4,2,0.044,43,40,false,0,0.000
mixed-029-2,mixed,seed=0xe2c10fc7321769eb;cycles=8;planted=2;d_b=8;m=3;gap=2;k=2,49,false,55,0.139,37,4,4,0.051,43,40,false,0,0.000
mixed-029-2,mixed,seed=0xe2c10fc7321769eb;cycles=8;planted=2;d_b=8;m=3;gap=2;k=2,49,false,55,0.139,37,4,8,0.103,43,40,false,0,0.000
mixed-029-2,mixed,seed=0xe2c10fc7321769eb;cycles=8;planted=2;d_b=8;m=3;gap=2;k=2,49,false,55,0.139,37,4,16,0.146,43,40,false,0,0.000
mixed-029-2,mixed,seed=0xe2c10fc7321769eb;cycles=8;planted=2;d_b=8;m=3;gap=2;k=2,49,false,55,0.139,37,4,32,0.289,37,4,false,0,0.000
mixed-029-2,mixed,seed=0xe2c10fc7321769eb;cycles=8;planted=2;d_b=8;m=3;gap=2;k=2,49,false,55,0.139,37,4,64,0.329,37,4,true,0,0.000
mixed-029-2,mixed,seed=0xe2c10fc7321769eb;cycles=8;planted=2;d_b=8;m=3;gap=2;k=2,49,false,55,0.139,37,4,128,0.334,37,4,true,0,0.000
mixed-029-2,mixed,seed=0xe2c10fc7321769eb;cycles=8;planted=2;d_b=8;m=3;gap=2;k=2,49,false,55,0.139,37,4,256,0.321,37,4,true,0,0.000
mixed-029-2,mixed,seed=0xe2c10fc7321769eb;cycles=8;planted=2;d_b=8;m=3;gap=2;k=2,49,false,55,0.139,37,4,512,0.318,37,4,true,0,0.000
mixed-029-2,mixed,seed=0xe2c10fc7321769eb;cycles=8;planted=2;d_b=8;m=3;gap=2;k=2,49,false,55,0.139,37,4,1024,0.319,37,4,true,0,0.000
mixed-029-2,mixed,seed=0xe2c10fc7321769eb;cycles=8;planted=2;d_b=8;m=3;gap=2;k=2,49,false,55,0.139,37,4,2048,0.317,37,4,true,0,0.000
mixed-029-2,mixed,seed=0xe2c10fc7321769eb;cycles=8;planted=2;d_b=8;m=3;gap=2;k=2,49,false,55,0.139,37,4,4096,0.317,37,4,true,0,0.000
mixed-029-2,mixed,seed=0xe2c10fc7321769eb;cycles=8;planted=2;d_b=8;m=3;gap=2;k=2,49,false,55,0.139,37,4,8192,0.333,37,4,true,0,0.000
mixed-029-2,mixed,seed=0xe2c10fc7321769eb;cycles=8;planted=2;d_b=8;m=3;gap=2;k=2,49,false,55,0.139,37,4,16384,0.319,37,4,true,0,0.000
rand-03-17,rand,seed=0xc11258cc9f1da709;cycles=9,9831504,false,743472,0.135,34,6,1,0.173,34,6,false,0,0.000
rand-03-17,rand,seed=0xc11258cc9f1da709;cycles=9,9831504,false,743472,0.135,34,6,2,0.190,34,6,false,0,0.000
rand-03-17,rand,seed=0xc11258cc9f1da709;cycles=9,9831504,false,743472,0.135,34,6,4,0.185,34,6,false,0,0.000
rand-03-17,rand,seed=0xc11258cc9f1da709;cycles=9,9831504,false,743472,0.135,34,6,8,0.353,34,6,true,0,0.000
rand-03-17,rand,seed=0xc11258cc9f1da709;cycles=9,9831504,false,743472,0.135,34,6,16,0.330,34,6,true,0,0.000
rand-03-17,rand,seed=0xc11258cc9f1da709;cycles=9,9831504,false,743472,0.135,34,6,32,0.335,34,6,true,0,0.000
rand-03-17,rand,seed=0xc11258cc9f1da709;cycles=9,9831504,false,743472,0.135,34,6,64,0.313,34,6,true,0,0.000
rand-03-17,rand,seed=0xc11258cc9f1da709;cycles=9,9831504,false,743472,0.135,34,6,128,0.314,34,6,true,0,0.000
rand-03-17,rand,seed=0xc11258cc9f1da709;cycles=9,9831504,false,743472,0.135,34,6,256,0.311,34,6,true,0,0.000
rand-03-17,rand,seed=0xc11258cc9f1da709;cycles=9,9831504,false,743472,0.135,34,6,512,0.309,34,6,true,0,0.000
rand-03-17,rand,seed=0xc11258cc9f1da709;cycles=9,9831504,false,743472,0.135,34,6,1024,0.306,34,6,true,0,0.000
rand-03-17,rand,seed=0xc11258cc9f1da709;cycles=9,9831504,false,743472,0.135,34,6,2048,0.307,34,6,true,0,0.000
rand-03-17,rand,seed=0xc11258cc9f1da709;cycles=9,9831504,false,743472,0.135,34,6,4096,0.306,34,6,true,0,0.000
rand-03-17,rand,seed=0xc11258cc9f1da709;cycles=9,9831504,false,743472,0.135,34,6,8192,0.306,34,6,true,0,0.000
rand-03-17,rand,seed=0xc11258cc9f1da709;cycles=9,9831504,false,743472,0.135,34,6,16384,0.306,34,6,true,0,0.000
dec-090,dec,d_b=8;m=3;gap=13;k=1;q=1;s=15,16,false,18,0.051,18,2,1,0.017,31,30,false,0,0.000
dec-090,dec,d_b=8;m=3;gap=13;k=1;q=1;s=15,16,false,18,0.051,18,2,2,0.029,18,2,false,0,0.000
dec-090,dec,d_b=8;m=3;gap=13;k=1;q=1;s=15,16,false,18,0.051,18,2,4,0.039,18,2,false,0,0.000
dec-090,dec,d_b=8;m=3;gap=13;k=1;q=1;s=15,16,false,18,0.051,18,2,8,0.062,18,2,false,0,0.000
dec-090,dec,d_b=8;m=3;gap=13;k=1;q=1;s=15,16,false,18,0.051,18,2,16,0.086,18,2,true,0,0.000
dec-090,dec,d_b=8;m=3;gap=13;k=1;q=1;s=15,16,false,18,0.051,18,2,32,0.083,18,2,true,0,0.000
dec-090,dec,d_b=8;m=3;gap=13;k=1;q=1;s=15,16,false,18,0.051,18,2,64,0.081,18,2,true,0,0.000
dec-090,dec,d_b=8;m=3;gap=13;k=1;q=1;s=15,16,false,18,0.051,18,2,128,0.081,18,2,true,0,0.000
dec-090,dec,d_b=8;m=3;gap=13;k=1;q=1;s=15,16,false,18,0.051,18,2,256,0.078,18,2,true,0,0.000
dec-090,dec,d_b=8;m=3;gap=13;k=1;q=1;s=15,16,false,18,0.051,18,2,512,0.079,18,2,true,0,0.000
dec-090,dec,d_b=8;m=3;gap=13;k=1;q=1;s=15,16,false,18,0.051,18,2,1024,0.078,18,2,true,0,0.000
dec-090,dec,d_b=8;m=3;gap=13;k=1;q=1;s=15,16,false,18,0.051,18,2,2048,0.080,18,2,true,0,0.000
dec-090,dec,d_b=8;m=3;gap=13;k=1;q=1;s=15,16,false,18,0.051,18,2,4096,0.077,18,2,true,0,0.000
dec-090,dec,d_b=8;m=3;gap=13;k=1;q=1;s=15,16,false,18,0.051,18,2,8192,0.079,18,2,true,0,0.000
dec-090,dec,d_b=8;m=3;gap=13;k=1;q=1;s=15,16,false,18,0.051,18,2,16384,0.077,18,2,true,0,0.000
mixed-030-0,mixed,seed=0x7ff40fcf8d4c7a50;cycles=8;planted=2;d_b=12;m=2;gap=6;k=4,61,false,62,0.116,15,2,1,0.020,22,20,false,0,0.000
mixed-030-0,mixed,seed=0x7ff40fcf8d4c7a50;cycles=8;planted=2;d_b=12;m=2;gap=6;k=4,61,false,62,0.116,15,2,2,0.022,22,20,false,0,0.000
mixed-030-0,mixed,seed=0x7ff40fcf8d4c7a50;cycles=8;planted=2;d_b=12;m=2;gap=6;k=4,61,false,62,0.116,15,2,4,0.033,22,20,false,0,0.000
mixed-030-0,mixed,seed=0x7ff40fcf8d4c7a50;cycles=8;planted=2;d_b=12;m=2;gap=6;k=4,61,false,62,0.116,15,2,8,0.057,22,20,false,0,0.000
mixed-030-0,mixed,seed=0x7ff40fcf8d4c7a50;cycles=8;planted=2;d_b=12;m=2;gap=6;k=4,61,false,62,0.116,15,2,16,0.115,15,2,false,0,0.000
mixed-030-0,mixed,seed=0x7ff40fcf8d4c7a50;cycles=8;planted=2;d_b=12;m=2;gap=6;k=4,61,false,62,0.116,15,2,32,0.198,15,2,true,0,0.000
mixed-030-0,mixed,seed=0x7ff40fcf8d4c7a50;cycles=8;planted=2;d_b=12;m=2;gap=6;k=4,61,false,62,0.116,15,2,64,0.193,15,2,true,0,0.000
mixed-030-0,mixed,seed=0x7ff40fcf8d4c7a50;cycles=8;planted=2;d_b=12;m=2;gap=6;k=4,61,false,62,0.116,15,2,128,0.189,15,2,true,0,0.000
mixed-030-0,mixed,seed=0x7ff40fcf8d4c7a50;cycles=8;planted=2;d_b=12;m=2;gap=6;k=4,61,false,62,0.116,15,2,256,0.188,15,2,true,0,0.000
mixed-030-0,mixed,seed=0x7ff40fcf8d4c7a50;cycles=8;planted=2;d_b=12;m=2;gap=6;k=4,61,false,62,0.116,15,2,512,0.186,15,2,true,0,0.000
mixed-030-0,mixed,seed=0x7ff40fcf8d4c7a50;cycles=8;planted=2;d_b=12;m=2;gap=6;k=4,61,false,62,0.116,15,2,1024,0.187,15,2,true,0,0.000
mixed-030-0,mixed,seed=0x7ff40fcf8d4c7a50;cycles=8;planted=2;d_b=12;m=2;gap=6;k=4,61,false,62,0.116,15,2,2048,0.185,15,2,true,0,0.000
mixed-030-0,mixed,seed=0x7ff40fcf8d4c7a50;cycles=8;planted=2;d_b=12;m=2;gap=6;k=4,61,false,62,0.116,15,2,4096,0.186,15,2,true,0,0.000
mixed-030-0,mixed,seed=0x7ff40fcf8d4c7a50;cycles=8;planted=2;d_b=12;m=2;gap=6;k=4,61,false,62,0.116,15,2,8192,0.185,15,2,true,0,0.000
mixed-030-0,mixed,seed=0x7ff40fcf8d4c7a50;cycles=8;planted=2;d_b=12;m=2;gap=6;k=4,61,false,62,0.116,15,2,16384,0.184,15,2,true,0,0.000
rand-03-18,rand,seed=0x693eaf153dadf318;cycles=9,9850565,false,744324,0.042,5,4,1,0.054,5,4,true,0,0.000
rand-03-18,rand,seed=0x693eaf153dadf318;cycles=9,9850565,false,744324,0.042,5,4,2,0.046,5,4,true,0,0.000
rand-03-18,rand,seed=0x693eaf153dadf318;cycles=9,9850565,false,744324,0.042,5,4,4,0.038,5,4,true,0,0.000
rand-03-18,rand,seed=0x693eaf153dadf318;cycles=9,9850565,false,744324,0.042,5,4,8,0.038,5,4,true,0,0.000
rand-03-18,rand,seed=0x693eaf153dadf318;cycles=9,9850565,false,744324,0.042,5,4,16,0.035,5,4,true,0,0.000
rand-03-18,rand,seed=0x693eaf153dadf318;cycles=9,9850565,false,744324,0.042,5,4,32,0.035,5,4,true,0,0.000
rand-03-18,rand,seed=0x693eaf153dadf318;cycles=9,9850565,false,744324,0.042,5,4,64,0.034,5,4,true,0,0.000
rand-03-18,rand,seed=0x693eaf153dadf318;cycles=9,9850565,false,744324,0.042,5,4,128,0.034,5,4,true,0,0.000
rand-03-18,rand,seed=0x693eaf153dadf318;cycles=9,9850565,false,744324,0.042,5,4,256,0.034,5,4,true,0,0.000
rand-03-18,rand,seed=0x693eaf153dadf318;cycles=9,9850565,false,744324,0.042,5,4,512,0.034,5,4,true,0,0.000
rand-03-18,rand,seed=0x693eaf153dadf318;cycles=9,9850565,false,744324,0.042,5,4,1024,0.034,5,4,true,0,0.000
rand-03-18,rand,seed=0x693eaf153dadf318;cycles=9,9850565,false,744324,0.042,5,4,2048,0.034,5,4,true,0,0.000
rand-03-18,rand,seed=0x693eaf153dadf318;cycles=9,9850565,false,744324,0.042,5,4,4096,0.034,5,4,true,0,0.000
rand-03-18,rand,seed=0x693eaf153dadf318;cycles=9,9850565,false,744324,0.042,5,4,8192,0.034,5,4,true,0,0.000
rand-03-18,rand,seed=0x693eaf153dadf318;cycles=9,9850565,false,744324,0.042,5,4,16384,0.033,5,4,true,0,0.000
dec-091,dec,d_b=8;m=3;gap=13;k=2;q=1;s=15,24,false,26,0.057,18,2,1,0.017,31,30,false,0,0.000
dec-091,dec,d_b=8;m=3;gap=13;k=2;q=1;s=15,24,false,26,0.057,18,2,2,0.025,31,30,false,0,0.000
dec-091,dec,d_b=8;m=3;gap=13;k=2;q=1;s=15,24,false,26,0.057,18,2,4,0.047,18,2,false,0,0.000
dec-091,dec,d_b=8;m=3;gap=13;k=2;q=1;s=15,24,false,26,0.057,18,2,8,0.069,18,2,false,0,0.000
dec-091,dec,d_b=8;m=3;gap=13;k=2;q=1;s=15,24,false,26,0.057,18,2,16,0.100,18,2,true,0,0.000
dec-091,dec,d_b=8;m=3;gap=13;k=2;q=1;s=15,24,false,26,0.057,18,2,32,0.097,18,2,true,0,0.000
dec-091,dec,d_b=8;m=3;gap=13;k=2;q=1;s=15,24,false,26,0.057,18,2,64,0.093,18,2,true,0,0.000
dec-091,dec,d_b=8;m=3;gap=13;k=2;q=1;s=15,24,false,26,0.057,18,2,128,0.092,18,2,true,0,0.000
dec-091,dec,d_b=8;m=3;gap=13;k=2;q=1;s=15,24,false,26,0.057,18,2,256,0.090,18,2,true,0,0.000
dec-091,dec,d_b=8;m=3;gap=13;k=2;q=1;s=15,24,false,26,0.057,18,2,512,0.091,18,2,true,0,0.000
dec-091,dec,d_b=8;m=3;gap=13;k=2;q=1;s=15,24,false,26,0.057,18,2,1024,0.090,18,2,true,0,0.000
dec-091,dec,d_b=8;m=3;gap=13;k=2;q=1;s=15,24,false,26,0.057,18,2,2048,0.091,18,2,true,0,0.000
dec-091,dec,d_b=8;m=3;gap=13;k=2;q=1;s=15,24,false,26,0.057,18,2,4096,0.090,18,2,true,0,0.000
dec-091,dec,d_b=8;m=3;gap=13;k=2;q=1;s=15,24,false,26,0.057,18,2,8192,0.090,18,2,true,0,0.000
dec-091,dec,d_b=8;m=3;gap=13;k=2;q=1;s=15,24,false,26,0.057,18,2,16384,0.089,18,2,true,0,0.000
mixed-030-1,mixed,seed=0xdcc5e958760a06dd;cycles=8;planted=2;d_b=12;m=2;gap=6;k=4,810663,false,84815,0.268,44,12,1,0.134,58,48,false,0,0.000
mixed-030-1,mixed,seed=0xdcc5e958760a06dd;cycles=8;planted=2;d_b=12;m=2;gap=6;k=4,810663,false,84815,0.268,44,12,2,0.138,58,48,false,0,0.000
mixed-030-1,mixed,seed=0xdcc5e958760a06dd;cycles=8;planted=2;d_b=12;m=2;gap=6;k=4,810663,false,84815,0.268,44,12,4,0.142,58,48,false,0,0.000
mixed-030-1,mixed,seed=0xdcc5e958760a06dd;cycles=8;planted=2;d_b=12;m=2;gap=6;k=4,810663,false,84815,0.268,44,12,8,0.201,58,48,false,0,0.000
mixed-030-1,mixed,seed=0xdcc5e958760a06dd;cycles=8;planted=2;d_b=12;m=2;gap=6;k=4,810663,false,84815,0.268,44,12,16,0.327,58,48,false,0,0.000
mixed-030-1,mixed,seed=0xdcc5e958760a06dd;cycles=8;planted=2;d_b=12;m=2;gap=6;k=4,810663,false,84815,0.268,44,12,32,0.605,58,48,false,0,0.000
mixed-030-1,mixed,seed=0xdcc5e958760a06dd;cycles=8;planted=2;d_b=12;m=2;gap=6;k=4,810663,false,84815,0.268,44,12,64,1.226,44,12,true,0,0.000
mixed-030-1,mixed,seed=0xdcc5e958760a06dd;cycles=8;planted=2;d_b=12;m=2;gap=6;k=4,810663,false,84815,0.268,44,12,128,1.231,44,12,true,0,0.000
mixed-030-1,mixed,seed=0xdcc5e958760a06dd;cycles=8;planted=2;d_b=12;m=2;gap=6;k=4,810663,false,84815,0.268,44,12,256,1.220,44,12,true,0,0.000
mixed-030-1,mixed,seed=0xdcc5e958760a06dd;cycles=8;planted=2;d_b=12;m=2;gap=6;k=4,810663,false,84815,0.268,44,12,512,1.210,44,12,true,0,0.000
mixed-030-1,mixed,seed=0xdcc5e958760a06dd;cycles=8;planted=2;d_b=12;m=2;gap=6;k=4,810663,false,84815,0.268,44,12,1024,1.225,44,12,true,0,0.000
mixed-030-1,mixed,seed=0xdcc5e958760a06dd;cycles=8;planted=2;d_b=12;m=2;gap=6;k=4,810663,false,84815,0.268,44,12,2048,1.197,44,12,true,0,0.000
mixed-030-1,mixed,seed=0xdcc5e958760a06dd;cycles=8;planted=2;d_b=12;m=2;gap=6;k=4,810663,false,84815,0.268,44,12,4096,1.201,44,12,true,0,0.000
mixed-030-1,mixed,seed=0xdcc5e958760a06dd;cycles=8;planted=2;d_b=12;m=2;gap=6;k=4,810663,false,84815,0.268,44,12,8192,1.197,44,12,true,0,0.000
mixed-030-1,mixed,seed=0xdcc5e958760a06dd;cycles=8;planted=2;d_b=12;m=2;gap=6;k=4,810663,false,84815,0.268,44,12,16384,1.198,44,12,true,0,0.000
rand-03-19,rand,seed=0x907c76e4bf225d19;cycles=9,9831499,false,743425,0.085,13,8,1,0.097,13,8,false,0,0.000
rand-03-19,rand,seed=0x907c76e4bf225d19;cycles=9,9831499,false,743425,0.085,13,8,2,0.111,13,8,false,0,0.000
rand-03-19,rand,seed=0x907c76e4bf225d19;cycles=9,9831499,false,743425,0.085,13,8,4,0.157,13,8,true,0,0.000
rand-03-19,rand,seed=0x907c76e4bf225d19;cycles=9,9831499,false,743425,0.085,13,8,8,0.141,13,8,true,0,0.000
rand-03-19,rand,seed=0x907c76e4bf225d19;cycles=9,9831499,false,743425,0.085,13,8,16,0.138,13,8,true,0,0.000
rand-03-19,rand,seed=0x907c76e4bf225d19;cycles=9,9831499,false,743425,0.085,13,8,32,0.130,13,8,true,0,0.000
rand-03-19,rand,seed=0x907c76e4bf225d19;cycles=9,9831499,false,743425,0.085,13,8,64,0.136,13,8,true,0,0.000
rand-03-19,rand,seed=0x907c76e4bf225d19;cycles=9,9831499,false,743425,0.085,13,8,128,0.126,13,8,true,0,0.000
rand-03-19,rand,seed=0x907c76e4bf225d19;cycles=9,9831499,false,743425,0.085,13,8,256,0.126,13,8,true,0,0.000
rand-03-19,rand,seed=0x907c76e4bf225d19;cycles=9,9831499,false,743425,0.085,13,8,512,0.123,13,8,true,0,0.000
rand-03-19,rand,seed=0x907c76e4bf225d19;cycles=9,9831499,false,743425,0.085,13,8,1024,0.125,13,8,true,0,0.000
rand-03-19,rand,seed=0x907c76e4bf225d19;cycles=9,9831499,false,743425,0.085,13,8,2048,0.122,13,8,true,0,0.000
rand-03-19,rand,seed=0x907c76e4bf225d19;cycles=9,9831499,false,743425,0.085,13,8,4096,0.124,13,8,true,0,0.000
rand-03-19,rand,seed=0x907c76e4bf225d19;cycles=9,9831499,false,743425,0.085,13,8,8192,0.123,13,8,true,0,0.000
rand-03-19,rand,seed=0x907c76e4bf225d19;cycles=9,9831499,false,743425,0.085,13,8,16384,0.123,13,8,true,0,0.000
dec-092,dec,d_b=8;m=3;gap=13;k=4;q=1;s=15,40,false,42,0.084,18,2,1,0.020,31,30,false,0,0.000
dec-092,dec,d_b=8;m=3;gap=13;k=4;q=1;s=15,40,false,42,0.084,18,2,2,0.028,31,30,false,0,0.000
dec-092,dec,d_b=8;m=3;gap=13;k=4;q=1;s=15,40,false,42,0.084,18,2,4,0.039,31,30,false,0,0.000
dec-092,dec,d_b=8;m=3;gap=13;k=4;q=1;s=15,40,false,42,0.084,18,2,8,0.076,18,2,false,0,0.000
dec-092,dec,d_b=8;m=3;gap=13;k=4;q=1;s=15,40,false,42,0.084,18,2,16,0.122,18,2,true,0,0.000
dec-092,dec,d_b=8;m=3;gap=13;k=4;q=1;s=15,40,false,42,0.084,18,2,32,0.130,18,2,true,0,0.000
dec-092,dec,d_b=8;m=3;gap=13;k=4;q=1;s=15,40,false,42,0.084,18,2,64,0.115,18,2,true,0,0.000
dec-092,dec,d_b=8;m=3;gap=13;k=4;q=1;s=15,40,false,42,0.084,18,2,128,0.114,18,2,true,0,0.000
dec-092,dec,d_b=8;m=3;gap=13;k=4;q=1;s=15,40,false,42,0.084,18,2,256,0.112,18,2,true,0,0.000
dec-092,dec,d_b=8;m=3;gap=13;k=4;q=1;s=15,40,false,42,0.084,18,2,512,0.111,18,2,true,0,0.000
dec-092,dec,d_b=8;m=3;gap=13;k=4;q=1;s=15,40,false,42,0.084,18,2,1024,0.111,18,2,true,0,0.000
dec-092,dec,d_b=8;m=3;gap=13;k=4;q=1;s=15,40,false,42,0.084,18,2,2048,0.110,18,2,true,0,0.000
dec-092,dec,d_b=8;m=3;gap=13;k=4;q=1;s=15,40,false,42,0.084,18,2,4096,0.110,18,2,true,0,0.000
dec-092,dec,d_b=8;m=3;gap=13;k=4;q=1;s=15,40,false,42,0.084,18,2,8192,0.110,18,2,true,0,0.000
dec-092,dec,d_b=8;m=3;gap=13;k=4;q=1;s=15,40,false,42,0.084,18,2,16384,0.110,18,2,true,0,0.000
mixed-030-2,mixed,seed=0xe5e70e85e1278103;cycles=8;planted=2;d_b=12;m=2;gap=6;k=4,61,false,62,0.109,15,2,1,0.029,22,20,false,0,0.000
mixed-030-2,mixed,seed=0xe5e70e85e1278103;cycles=8;planted=2;d_b=12;m=2;gap=6;k=4,61,false,62,0.109,15,2,2,0.021,22,20,false,0,0.000
mixed-030-2,mixed,seed=0xe5e70e85e1278103;cycles=8;planted=2;d_b=12;m=2;gap=6;k=4,61,false,62,0.109,15,2,4,0.035,22,20,false,0,0.000
mixed-030-2,mixed,seed=0xe5e70e85e1278103;cycles=8;planted=2;d_b=12;m=2;gap=6;k=4,61,false,62,0.109,15,2,8,0.056,22,20,false,0,0.000
mixed-030-2,mixed,seed=0xe5e70e85e1278103;cycles=8;planted=2;d_b=12;m=2;gap=6;k=4,61,false,62,0.109,15,2,16,0.118,15,2,false,0,0.000
mixed-030-2,mixed,seed=0xe5e70e85e1278103;cycles=8;planted=2;d_b=12;m=2;gap=6;k=4,61,false,62,0.109,15,2,32,0.213,15,2,true,0,0.000
mixed-030-2,mixed,seed=0xe5e70e85e1278103;cycles=8;planted=2;d_b=12;m=2;gap=6;k=4,61,false,62,0.109,15,2,64,0.197,15,2,true,0,0.000
mixed-030-2,mixed,seed=0xe5e70e85e1278103;cycles=8;planted=2;d_b=12;m=2;gap=6;k=4,61,false,62,0.109,15,2,128,0.189,15,2,true,0,0.000
mixed-030-2,mixed,seed=0xe5e70e85e1278103;cycles=8;planted=2;d_b=12;m=2;gap=6;k=4,61,false,62,0.109,15,2,256,0.189,15,2,true,0,0.000
mixed-030-2,mixed,seed=0xe5e70e85e1278103;cycles=8;planted=2;d_b=12;m=2;gap=6;k=4,61,false,62,0.109,15,2,512,0.187,15,2,true,0,0.000
mixed-030-2,mixed,seed=0xe5e70e85e1278103;cycles=8;planted=2;d_b=12;m=2;gap=6;k=4,61,false,62,0.109,15,2,1024,0.187,15,2,true,0,0.000
mixed-030-2,mixed,seed=0xe5e70e85e1278103;cycles=8;planted=2;d_b=12;m=2;gap=6;k=4,61,false,62,0.109,15,2,2048,0.186,15,2,true,0,0.000
mixed-030-2,mixed,seed=0xe5e70e85e1278103;cycles=8;planted=2;d_b=12;m=2;gap=6;k=4,61,false,62,0.109,15,2,4096,0.186,15,2,true,0,0.000
mixed-030-2,mixed,seed=0xe5e70e85e1278103;cycles=8;planted=2;d_b=12;m=2;gap=6;k=4,61,false,62,0.109,15,2,8192,0.188,15,2,true,0,0.000
mixed-030-2,mixed,seed=0xe5e70e85e1278103;cycles=8;planted=2;d_b=12;m=2;gap=6;k=4,61,false,62,0.109,15,2,16384,0.186,15,2,true,0,0.000
rand-03-20,rand,seed=0xf15523874ddc2c77;cycles=9,5335245,false,414689,0.032,3,2,1,0.038,3,2,true,0,0.000
rand-03-20,rand,seed=0xf15523874ddc2c77;cycles=9,5335245,false,414689,0.032,3,2,2,0.030,3,2,true,0,0.000
rand-03-20,rand,seed=0xf15523874ddc2c77;cycles=9,5335245,false,414689,0.032,3,2,4,0.024,3,2,true,0,0.000
rand-03-20,rand,seed=0xf15523874ddc2c77;cycles=9,5335245,false,414689,0.032,3,2,8,0.024,3,2,true,0,0.000
rand-03-20,rand,seed=0xf15523874ddc2c77;cycles=9,5335245,false,414689,0.032,3,2,16,0.021,3,2,true,0,0.000
rand-03-20,rand,seed=0xf15523874ddc2c77;cycles=9,5335245,false,414689,0.032,3,2,32,0.021,3,2,true,0,0.000
rand-03-20,rand,seed=0xf15523874ddc2c77;cycles=9,5335245,false,414689,0.032,3,2,64,0.020,3,2,true,0,0.000
rand-03-20,rand,seed=0xf15523874ddc2c77;cycles=9,5335245,false,414689,0.032,3,2,128,0.020,3,2,true,0,0.000
rand-03-20,rand,seed=0xf15523874ddc2c77;cycles=9,5335245,false,414689,0.032,3,2,256,0.020,3,2,true,0,0.000
rand-03-20,rand,seed=0xf15523874ddc2c77;cycles=9,5335245,false,414689,0.032,3,2,512,0.020,3,2,true,0,0.000
rand-03-20,rand,seed=0xf15523874ddc2c77;cycles=9,5335245,false,414689,0.032,3,2,1024,0.020,3,2,true,0,0.000
rand-03-20,rand,seed=0xf15523874ddc2c77;cycles=9,5335245,false,414689,0.032,3,2,2048,0.020,3,2,true,0,0.000
rand-03-20,rand,seed=0xf15523874ddc2c77;cycles=9,5335245,false,414689,0.032,3,2,4096,0.020,3,2,true,0,0.000
rand-03-20,rand,seed=0xf15523874ddc2c77;cycles=9,5335245,false,414689,0.032,3,2,8192,0.020,3,2,true,0,0.000
rand-03-20,rand,seed=0xf15523874ddc2c77;cycles=9,5335245,false,414689,0.032,3,2,16384,0.020,3,2,true,0,0.000
dec-093,dec,d_b=8;m=5;gap=1;k=1;q=3;s=17,16,false,18,0.072,34,2,1,0.017,35,34,false,0,0.000
dec-093,dec,d_b=8;m=5;gap=1;k=1;q=3;s=17,16,false,18,0.072,34,2,2,0.028,35,34,false,0,0.000
dec-093,dec,d_b=8;m=5;gap=1;k=1;q=3;s=17,16,false,18,0.072,34,2,4,0.039,35,34,false,0,0.000
dec-093,dec,d_b=8;m=5;gap=1;k=1;q=3;s=17,16,false,18,0.072,34,2,8,0.061,34,2,false,0,0.000
dec-093,dec,d_b=8;m=5;gap=1;k=1;q=3;s=17,16,false,18,0.072,34,2,16,0.103,34,2,true,0,0.000
dec-093,dec,d_b=8;m=5;gap=1;k=1;q=3;s=17,16,false,18,0.072,34,2,32,0.099,34,2,true,0,0.000
dec-093,dec,d_b=8;m=5;gap=1;k=1;q=3;s=17,16,false,18,0.072,34,2,64,0.096,34,2,true,0,0.000
dec-093,dec,d_b=8;m=5;gap=1;k=1;q=3;s=17,16,false,18,0.072,34,2,128,0.095,34,2,true,0,0.000
dec-093,dec,d_b=8;m=5;gap=1;k=1;q=3;s=17,16,false,18,0.072,34,2,256,0.093,34,2,true,0,0.000
dec-093,dec,d_b=8;m=5;gap=1;k=1;q=3;s=17,16,false,18,0.072,34,2,512,0.093,34,2,true,0,0.000
dec-093,dec,d_b=8;m=5;gap=1;k=1;q=3;s=17,16,false,18,0.072,34,2,1024,0.092,34,2,true,0,0.000
dec-093,dec,d_b=8;m=5;gap=1;k=1;q=3;s=17,16,false,18,0.072,34,2,2048,0.093,34,2,true,0,0.000
dec-093,dec,d_b=8;m=5;gap=1;k=1;q=3;s=17,16,false,18,0.072,34,2,4096,0.099,34,2,true,0,0.000
dec-093,dec,d_b=8;m=5;gap=1;k=1;q=3;s=17,16,false,18,0.072,34,2,8192,0.094,34,2,true,0,0.000
dec-093,dec,d_b=8;m=5;gap=1;k=1;q=3;s=17,16,false,18,0.072,34,2,16384,0.092,34,2,true,0,0.000
mixed-031-0,mixed,seed=0x7b03a46173a7c4d1;cycles=8;planted=2;d_b=16;m=5;gap=2;k=1,1501077,false,152205,0.339,139,8,1,0.084,145,140,false,0,0.000
mixed-031-0,mixed,seed=0x7b03a46173a7c4d1;cycles=8;planted=2;d_b=16;m=5;gap=2;k=1,1501077,false,152205,0.339,139,8,2,0.077,145,140,false,0,0.000
mixed-031-0,mixed,seed=0x7b03a46173a7c4d1;cycles=8;planted=2;d_b=16;m=5;gap=2;k=1,1501077,false,152205,0.339,139,8,4,0.095,145,140,false,0,0.000
mixed-031-0,mixed,seed=0x7b03a46173a7c4d1;cycles=8;planted=2;d_b=16;m=5;gap=2;k=1,1501077,false,152205,0.339,139,8,8,0.120,145,140,false,0,0.000
mixed-031-0,mixed,seed=0x7b03a46173a7c4d1;cycles=8;planted=2;d_b=16;m=5;gap=2;k=1,1501077,false,152205,0.339,139,8,16,0.192,145,140,false,0,0.000
mixed-031-0,mixed,seed=0x7b03a46173a7c4d1;cycles=8;planted=2;d_b=16;m=5;gap=2;k=1,1501077,false,152205,0.339,139,8,32,0.354,142,74,false,0,0.000
mixed-031-0,mixed,seed=0x7b03a46173a7c4d1;cycles=8;planted=2;d_b=16;m=5;gap=2;k=1,1501077,false,152205,0.339,139,8,64,0.655,139,8,true,0,0.000
mixed-031-0,mixed,seed=0x7b03a46173a7c4d1;cycles=8;planted=2;d_b=16;m=5;gap=2;k=1,1501077,false,152205,0.339,139,8,128,0.647,139,8,true,0,0.000
mixed-031-0,mixed,seed=0x7b03a46173a7c4d1;cycles=8;planted=2;d_b=16;m=5;gap=2;k=1,1501077,false,152205,0.339,139,8,256,0.640,139,8,true,0,0.000
mixed-031-0,mixed,seed=0x7b03a46173a7c4d1;cycles=8;planted=2;d_b=16;m=5;gap=2;k=1,1501077,false,152205,0.339,139,8,512,0.680,139,8,true,0,0.000
mixed-031-0,mixed,seed=0x7b03a46173a7c4d1;cycles=8;planted=2;d_b=16;m=5;gap=2;k=1,1501077,false,152205,0.339,139,8,1024,0.632,139,8,true,0,0.000
mixed-031-0,mixed,seed=0x7b03a46173a7c4d1;cycles=8;planted=2;d_b=16;m=5;gap=2;k=1,1501077,false,152205,0.339,139,8,2048,0.637,139,8,true,0,0.000
mixed-031-0,mixed,seed=0x7b03a46173a7c4d1;cycles=8;planted=2;d_b=16;m=5;gap=2;k=1,1501077,false,152205,0.339,139,8,4096,0.627,139,8,true,0,0.000
mixed-031-0,mixed,seed=0x7b03a46173a7c4d1;cycles=8;planted=2;d_b=16;m=5;gap=2;k=1,1501077,false,152205,0.339,139,8,8192,0.629,139,8,true,0,0.000
mixed-031-0,mixed,seed=0x7b03a46173a7c4d1;cycles=8;planted=2;d_b=16;m=5;gap=2;k=1,1501077,false,152205,0.339,139,8,16384,0.623,139,8,true,0,0.000
rand-03-21,rand,seed=0xa622a37d7a84dad8;cycles=9,13627890,false,1004228,0.065,8,6,1,0.072,8,6,false,0,0.000
rand-03-21,rand,seed=0xa622a37d7a84dad8;cycles=9,13627890,false,1004228,0.065,8,6,2,0.072,8,6,true,0,0.000
rand-03-21,rand,seed=0xa622a37d7a84dad8;cycles=9,13627890,false,1004228,0.065,8,6,4,0.061,8,6,true,0,0.000
rand-03-21,rand,seed=0xa622a37d7a84dad8;cycles=9,13627890,false,1004228,0.065,8,6,8,0.059,8,6,true,0,0.000
rand-03-21,rand,seed=0xa622a37d7a84dad8;cycles=9,13627890,false,1004228,0.065,8,6,16,0.056,8,6,true,0,0.000
rand-03-21,rand,seed=0xa622a37d7a84dad8;cycles=9,13627890,false,1004228,0.065,8,6,32,0.055,8,6,true,0,0.000
rand-03-21,rand,seed=0xa622a37d7a84dad8;cycles=9,13627890,false,1004228,0.065,8,6,64,0.054,8,6,true,0,0.000
rand-03-21,rand,seed=0xa622a37d7a84dad8;cycles=9,13627890,false,1004228,0.065,8,6,128,0.054,8,6,true,0,0.000
rand-03-21,rand,seed=0xa622a37d7a84dad8;cycles=9,13627890,false,1004228,0.065,8,6,256,0.053,8,6,true,0,0.000
rand-03-21,rand,seed=0xa622a37d7a84dad8;cycles=9,13627890,false,1004228,0.065,8,6,512,0.054,8,6,true,0,0.000
rand-03-21,rand,seed=0xa622a37d7a84dad8;cycles=9,13627890,false,1004228,0.065,8,6,1024,0.055,8,6,true,0,0.000
rand-03-21,rand,seed=0xa622a37d7a84dad8;cycles=9,13627890,false,1004228,0.065,8,6,2048,0.055,8,6,true,0,0.000
rand-03-21,rand,seed=0xa622a37d7a84dad8;cycles=9,13627890,false,1004228,0.065,8,6,4096,0.053,8,6,true,0,0.000
rand-03-21,rand,seed=0xa622a37d7a84dad8;cycles=9,13627890,false,1004228,0.065,8,6,8192,0.053,8,6,true,0,0.000
rand-03-21,rand,seed=0xa622a37d7a84dad8;cycles=9,13627890,false,1004228,0.065,8,6,16384,0.052,8,6,true,0,0.000
dec-094,dec,d_b=8;m=5;gap=1;k=2;q=3;s=17,24,false,26,0.112,34,2,1,0.019,35,34,false,0,0.000
dec-094,dec,d_b=8;m=5;gap=1;k=2;q=3;s=17,24,false,26,0.112,34,2,2,0.027,35,34,false,0,0.000
dec-094,dec,d_b=8;m=5;gap=1;k=2;q=3;s=17,24,false,26,0.112,34,2,4,0.038,35,34,false,0,0.000
dec-094,dec,d_b=8;m=5;gap=1;k=2;q=3;s=17,24,false,26,0.112,34,2,8,0.068,35,34,false,0,0.000
dec-094,dec,d_b=8;m=5;gap=1;k=2;q=3;s=17,24,false,26,0.112,34,2,16,0.121,34,2,false,0,0.000
dec-094,dec,d_b=8;m=5;gap=1;k=2;q=3;s=17,24,false,26,0.112,34,2,32,0.129,34,2,true,0,0.000
dec-094,dec,d_b=8;m=5;gap=1;k=2;q=3;s=17,24,false,26,0.112,34,2,64,0.135,34,2,true,0,0.000
dec-094,dec,d_b=8;m=5;gap=1;k=2;q=3;s=17,24,false,26,0.112,34,2,128,0.131,34,2,true,0,0.000
dec-094,dec,d_b=8;m=5;gap=1;k=2;q=3;s=17,24,false,26,0.112,34,2,256,0.124,34,2,true,0,0.000
dec-094,dec,d_b=8;m=5;gap=1;k=2;q=3;s=17,24,false,26,0.112,34,2,512,0.124,34,2,true,0,0.000
dec-094,dec,d_b=8;m=5;gap=1;k=2;q=3;s=17,24,false,26,0.112,34,2,1024,0.123,34,2,true,0,0.000
dec-094,dec,d_b=8;m=5;gap=1;k=2;q=3;s=17,24,false,26,0.112,34,2,2048,0.122,34,2,true,0,0.000
dec-094,dec,d_b=8;m=5;gap=1;k=2;q=3;s=17,24,false,26,0.112,34,2,4096,0.122,34,2,true,0,0.000
dec-094,dec,d_b=8;m=5;gap=1;k=2;q=3;s=17,24,false,26,0.112,34,2,8192,0.122,34,2,true,0,0.000
dec-094,dec,d_b=8;m=5;gap=1;k=2;q=3;s=17,24,false,26,0.112,34,2,16384,0.122,34,2,true,0,0.000
mixed-031-1,mixed,seed=0x81d64a28ca8dd9c1;cycles=8;planted=2;d_b=16;m=5;gap=2;k=1,66,false,70,0.311,134,4,1,0.048,140,136,false,0,0.000
mixed-031-1,mixed,seed=0x81d64a28ca8dd9c1;cycles=8;planted=2;d_b=16;m=5;gap=2;k=1,66,false,70,0.311,134,4,2,0.047,140,136,false,0,0.000
mixed-031-1,mixed,seed=0x81d64a28ca8dd9c1;cycles=8;planted=2;d_b=16;m=5;gap=2;k=1,66,false,70,0.311,134,4,4,0.067,140,136,false,0,0.000
mixed-031-1,mixed,seed=0x81d64a28ca8dd9c1;cycles=8;planted=2;d_b=16;m=5;gap=2;k=1,66,false,70,0.311,134,4,8,0.099,140,136,false,0,0.000
mixed-031-1,mixed,seed=0x81d64a28ca8dd9c1;cycles=8;planted=2;d_b=16;m=5;gap=2;k=1,66,false,70,0.311,134,4,16,0.173,140,136,false,0,0.000
mixed-031-1,mixed,seed=0x81d64a28ca8dd9c1;cycles=8;planted=2;d_b=16;m=5;gap=2;k=1,66,false,70,0.311,134,4,32,0.331,137,70,false,0,0.000
mixed-031-1,mixed,seed=0x81d64a28ca8dd9c1;cycles=8;planted=2;d_b=16;m=5;gap=2;k=1,66,false,70,0.311,134,4,64,0.605,134,4,true,0,0.000
mixed-031-1,mixed,seed=0x81d64a28ca8dd9c1;cycles=8;planted=2;d_b=16;m=5;gap=2;k=1,66,false,70,0.311,134,4,128,0.599,134,4,true,0,0.000
mixed-031-1,mixed,seed=0x81d64a28ca8dd9c1;cycles=8;planted=2;d_b=16;m=5;gap=2;k=1,66,false,70,0.311,134,4,256,0.596,134,4,true,0,0.000
mixed-031-1,mixed,seed=0x81d64a28ca8dd9c1;cycles=8;planted=2;d_b=16;m=5;gap=2;k=1,66,false,70,0.311,134,4,512,0.593,134,4,true,0,0.000
mixed-031-1,mixed,seed=0x81d64a28ca8dd9c1;cycles=8;planted=2;d_b=16;m=5;gap=2;k=1,66,false,70,0.311,134,4,1024,0.590,134,4,true,0,0.000
mixed-031-1,mixed,seed=0x81d64a28ca8dd9c1;cycles=8;planted=2;d_b=16;m=5;gap=2;k=1,66,false,70,0.311,134,4,2048,0.598,134,4,true,0,0.000
mixed-031-1,mixed,seed=0x81d64a28ca8dd9c1;cycles=8;planted=2;d_b=16;m=5;gap=2;k=1,66,false,70,0.311,134,4,4096,0.594,134,4,true,0,0.000
mixed-031-1,mixed,seed=0x81d64a28ca8dd9c1;cycles=8;planted=2;d_b=16;m=5;gap=2;k=1,66,false,70,0.311,134,4,8192,0.588,134,4,true,0,0.000
mixed-031-1,mixed,seed=0x81d64a28ca8dd9c1;cycles=8;planted=2;d_b=16;m=5;gap=2;k=1,66,false,70,0.311,134,4,16384,0.583,134,4,true,0,0.000
rand-03-22,rand,seed=0x76fb09c40785edc8;cycles=9,5335246,false,414692,0.032,7,4,1,0.041,7,4,false,0,0.000
rand-03-22,rand,seed=0x76fb09c40785edc8;cycles=9,5335246,false,414692,0.032,7,4,2,0.040,7,4,true,0,0.000
rand-03-22,rand,seed=0x76fb09c40785edc8;cycles=9,5335246,false,414692,0.032,7,4,4,0.035,7,4,true,0,0.000
rand-03-22,rand,seed=0x76fb09c40785edc8;cycles=9,5335246,false,414692,0.032,7,4,8,0.032,7,4,true,0,0.000
rand-03-22,rand,seed=0x76fb09c40785edc8;cycles=9,5335246,false,414692,0.032,7,4,16,0.030,7,4,true,0,0.000
rand-03-22,rand,seed=0x76fb09c40785edc8;cycles=9,5335246,false,414692,0.032,7,4,32,0.029,7,4,true,0,0.000
rand-03-22,rand,seed=0x76fb09c40785edc8;cycles=9,5335246,false,414692,0.032,7,4,64,0.028,7,4,true,0,0.000
rand-03-22,rand,seed=0x76fb09c40785edc8;cycles=9,5335246,false,414692,0.032,7,4,128,0.028,7,4,true,0,0.000
rand-03-22,rand,seed=0x76fb09c40785edc8;cycles=9,5335246,false,414692,0.032,7,4,256,0.028,7,4,true,0,0.000
rand-03-22,rand,seed=0x76fb09c40785edc8;cycles=9,5335246,false,414692,0.032,7,4,512,0.027,7,4,true,0,0.000
rand-03-22,rand,seed=0x76fb09c40785edc8;cycles=9,5335246,false,414692,0.032,7,4,1024,0.027,7,4,true,0,0.000
rand-03-22,rand,seed=0x76fb09c40785edc8;cycles=9,5335246,false,414692,0.032,7,4,2048,0.027,7,4,true,0,0.000
rand-03-22,rand,seed=0x76fb09c40785edc8;cycles=9,5335246,false,414692,0.032,7,4,4096,0.027,7,4,true,0,0.000
rand-03-22,rand,seed=0x76fb09c40785edc8;cycles=9,5335246,false,414692,0.032,7,4,8192,0.027,7,4,true,0,0.000
rand-03-22,rand,seed=0x76fb09c40785edc8;cycles=9,5335246,false,414692,0.032,7,4,16384,0.027,7,4,true,0,0.000
dec-095,dec,d_b=8;m=5;gap=1;k=4;q=3;s=17,40,false,42,0.163,34,2,1,0.021,35,34,false,0,0.000
dec-095,dec,d_b=8;m=5;gap=1;k=4;q=3;s=17,40,false,42,0.163,34,2,2,0.029,35,34,false,0,0.000
dec-095,dec,d_b=8;m=5;gap=1;k=4;q=3;s=17,40,false,42,0.163,34,2,4,0.045,35,34,false,0,0.000
dec-095,dec,d_b=8;m=5;gap=1;k=4;q=3;s=17,40,false,42,0.163,34,2,8,0.076,35,34,false,0,0.000
dec-095,dec,d_b=8;m=5;gap=1;k=4;q=3;s=17,40,false,42,0.163,34,2,16,0.138,35,34,false,0,0.000
dec-095,dec,d_b=8;m=5;gap=1;k=4;q=3;s=17,40,false,42,0.163,34,2,32,0.205,34,2,true,0,0.000
dec-095,dec,d_b=8;m=5;gap=1;k=4;q=3;s=17,40,false,42,0.163,34,2,64,0.203,34,2,true,0,0.000
dec-095,dec,d_b=8;m=5;gap=1;k=4;q=3;s=17,40,false,42,0.163,34,2,128,0.197,34,2,true,0,0.000
dec-095,dec,d_b=8;m=5;gap=1;k=4;q=3;s=17,40,false,42,0.163,34,2,256,0.196,34,2,true,0,0.000
dec-095,dec,d_b=8;m=5;gap=1;k=4;q=3;s=17,40,false,42,0.163,34,2,512,0.193,34,2,true,0,0.000
dec-095,dec,d_b=8;m=5;gap=1;k=4;q=3;s=17,40,false,42,0.163,34,2,1024,0.195,34,2,true,0,0.000
dec-095,dec,d_b=8;m=5;gap=1;k=4;q=3;s=17,40,false,42,0.163,34,2,2048,0.193,34,2,true,0,0.000
dec-095,dec,d_b=8;m=5;gap=1;k=4;q=3;s=17,40,false,42,0.163,34,2,4096,0.194,34,2,true,0,0.000
dec-095,dec,d_b=8;m=5;gap=1;k=4;q=3;s=17,40,false,42,0.163,34,2,8192,0.193,34,2,true,0,0.000
dec-095,dec,d_b=8;m=5;gap=1;k=4;q=3;s=17,40,false,42,0.163,34,2,16384,0.192,34,2,true,0,0.000
mixed-031-2,mixed,seed=0x5e36d17445fb1a34;cycles=8;planted=2;d_b=16;m=5;gap=2;k=1,2187670,false,210242,0.378,138,8,1,0.135,144,140,false,0,0.000
mixed-031-2,mixed,seed=0x5e36d17445fb1a34;cycles=8;planted=2;d_b=16;m=5;gap=2;k=1,2187670,false,210242,0.378,138,8,2,0.137,144,140,false,0,0.000
mixed-031-2,mixed,seed=0x5e36d17445fb1a34;cycles=8;planted=2;d_b=16;m=5;gap=2;k=1,2187670,false,210242,0.378,138,8,4,0.129,144,140,false,0,0.000
mixed-031-2,mixed,seed=0x5e36d17445fb1a34;cycles=8;planted=2;d_b=16;m=5;gap=2;k=1,2187670,false,210242,0.378,138,8,8,0.183,144,140,false,0,0.000
mixed-031-2,mixed,seed=0x5e36d17445fb1a34;cycles=8;planted=2;d_b=16;m=5;gap=2;k=1,2187670,false,210242,0.378,138,8,16,0.300,144,140,false,0,0.000
mixed-031-2,mixed,seed=0x5e36d17445fb1a34;cycles=8;planted=2;d_b=16;m=5;gap=2;k=1,2187670,false,210242,0.378,138,8,32,0.508,144,140,false,0,0.000
mixed-031-2,mixed,seed=0x5e36d17445fb1a34;cycles=8;planted=2;d_b=16;m=5;gap=2;k=1,2187670,false,210242,0.378,138,8,64,0.911,138,8,true,0,0.000
mixed-031-2,mixed,seed=0x5e36d17445fb1a34;cycles=8;planted=2;d_b=16;m=5;gap=2;k=1,2187670,false,210242,0.378,138,8,128,0.899,138,8,true,0,0.000
mixed-031-2,mixed,seed=0x5e36d17445fb1a34;cycles=8;planted=2;d_b=16;m=5;gap=2;k=1,2187670,false,210242,0.378,138,8,256,0.898,138,8,true,0,0.000
mixed-031-2,mixed,seed=0x5e36d17445fb1a34;cycles=8;planted=2;d_b=16;m=5;gap=2;k=1,2187670,false,210242,0.378,138,8,512,0.895,138,8,true,0,0.000
mixed-031-2,mixed,seed=0x5e36d17445fb1a34;cycles=8;planted=2;d_b=16;m=5;gap=2;k=1,2187670,false,210242,0.378,138,8,1024,0.889,138,8,true,0,0.000
mixed-031-2,mixed,seed=0x5e36d17445fb1a34;cycles=8;planted=2;d_b=16;m=5;gap=2;k=1,2187670,false,210242,0.378,138,8,2048,0.887,138,8,true,0,0.000
mixed-031-2,mixed,seed=0x5e36d17445fb1a34;cycles=8;planted=2;d_b=16;m=5;gap=2;k=1,2187670,false,210242,0.378,138,8,4096,0.887,138,8,true,0,0.000
mixed-031-2,mixed,seed=0x5e36d17445fb1a34;cycles=8;planted=2;d_b=16;m=5;gap=2;k=1,2187670,false,210242,0.378,138,8,8192,0.882,138,8,true,0,0.000
mixed-031-2,mixed,seed=0x5e36d17445fb1a34;cycles=8;planted=2;d_b=16;m=5;gap=2;k=1,2187670,false,210242,0.378,138,8,16384,0.882,138,8,true,0,0.000
rand-03-23,rand,seed=0x6a1f40dfcbe77caa;cycles=9,9850570,false,744409,0.134,25,6,1,0.199,25,6,false,0,0.000
rand-03-23,rand,seed=0x6a1f40dfcbe77caa;cycles=9,9850570,false,744409,0.134,25,6,2,0.215,25,6,false,0,0.000
rand-03-23,rand,seed=0x6a1f40dfcbe77caa;cycles=9,9850570,false,744409,0.134,25,6,4,0.235,25,6,false,0,0.000
rand-03-23,rand,seed=0x6a1f40dfcbe77caa;cycles=9,9850570,false,744409,0.134,25,6,8,0.332,25,6,true,0,0.000
rand-03-23,rand,seed=0x6a1f40dfcbe77caa;cycles=9,9850570,false,744409,0.134,25,6,16,0.325,25,6,true,0,0.000
rand-03-23,rand,seed=0x6a1f40dfcbe77caa;cycles=9,9850570,false,744409,0.134,25,6,32,0.327,25,6,true,0,0.000
rand-03-23,rand,seed=0x6a1f40dfcbe77caa;cycles=9,9850570,false,744409,0.134,25,6,64,0.319,25,6,true,0,0.000
rand-03-23,rand,seed=0x6a1f40dfcbe77caa;cycles=9,9850570,false,744409,0.134,25,6,128,0.314,25,6,true,0,0.000
rand-03-23,rand,seed=0x6a1f40dfcbe77caa;cycles=9,9850570,false,744409,0.134,25,6,256,0.319,25,6,true,0,0.000
rand-03-23,rand,seed=0x6a1f40dfcbe77caa;cycles=9,9850570,false,744409,0.134,25,6,512,0.314,25,6,true,0,0.000
rand-03-23,rand,seed=0x6a1f40dfcbe77caa;cycles=9,9850570,false,744409,0.134,25,6,1024,0.316,25,6,true,0,0.000
rand-03-23,rand,seed=0x6a1f40dfcbe77caa;cycles=9,9850570,false,744409,0.134,25,6,2048,0.313,25,6,true,0,0.000
rand-03-23,rand,seed=0x6a1f40dfcbe77caa;cycles=9,9850570,false,744409,0.134,25,6,4096,0.316,25,6,true,0,0.000
rand-03-23,rand,seed=0x6a1f40dfcbe77caa;cycles=9,9850570,false,744409,0.134,25,6,8192,0.313,25,6,true,0,0.000
rand-03-23,rand,seed=0x6a1f40dfcbe77caa;cycles=9,9850570,false,744409,0.134,25,6,16384,0.316,25,6,true,0,0.000
dec-096,dec,d_b=8;m=5;gap=3;k=1;q=3;s=18,16,false,18,0.083,34,2,1,0.017,37,36,false,0,0.000
dec-096,dec,d_b=8;m=5;gap=3;k=1;q=3;s=18,16,false,18,0.083,34,2,2,0.028,37,36,false,0,0.000
dec-096,dec,d_b=8;m=5;gap=3;k=1;q=3;s=18,16,false,18,0.083,34,2,4,0.041,37,36,false,0,0.000
dec-096,dec,d_b=8;m=5;gap=3;k=1;q=3;s=18,16,false,18,0.083,34,2,8,0.060,34,2,false,0,0.000
dec-096,dec,d_b=8;m=5;gap=3;k=1;q=3;s=18,16,false,18,0.083,34,2,16,0.104,34,2,true,0,0.000
dec-096,dec,d_b=8;m=5;gap=3;k=1;q=3;s=18,16,false,18,0.083,34,2,32,0.103,34,2,true,0,0.000
dec-096,dec,d_b=8;m=5;gap=3;k=1;q=3;s=18,16,false,18,0.083,34,2,64,0.096,34,2,true,0,0.000
dec-096,dec,d_b=8;m=5;gap=3;k=1;q=3;s=18,16,false,18,0.083,34,2,128,0.097,34,2,true,0,0.000
dec-096,dec,d_b=8;m=5;gap=3;k=1;q=3;s=18,16,false,18,0.083,34,2,256,0.094,34,2,true,0,0.000
dec-096,dec,d_b=8;m=5;gap=3;k=1;q=3;s=18,16,false,18,0.083,34,2,512,0.095,34,2,true,0,0.000
dec-096,dec,d_b=8;m=5;gap=3;k=1;q=3;s=18,16,false,18,0.083,34,2,1024,0.094,34,2,true,0,0.000
dec-096,dec,d_b=8;m=5;gap=3;k=1;q=3;s=18,16,false,18,0.083,34,2,2048,0.094,34,2,true,0,0.000
dec-096,dec,d_b=8;m=5;gap=3;k=1;q=3;s=18,16,false,18,0.083,34,2,4096,0.093,34,2,true,0,0.000
dec-096,dec,d_b=8;m=5;gap=3;k=1;q=3;s=18,16,false,18,0.083,34,2,8192,0.093,34,2,true,0,0.000
dec-096,dec,d_b=8;m=5;gap=3;k=1;q=3;s=18,16,false,18,0.083,34,2,16384,0.093,34,2,true,0,0.000
mixed-032-0,mixed,seed=0x386d639a1a9f5d15;cycles=8;planted=3;d_b=4;m=2;gap=1;k=2,1327463,false,132979,0.132,29,12,1,0.119,32,24,false,0,0.000
mixed-032-0,mixed,seed=0x386d639a1a9f5d15;cycles=8;planted=3;d_b=4;m=2;gap=1;k=2,1327463,false,132979,0.132,29,12,2,0.159,32,24,false,0,0.000
mixed-032-0,mixed,seed=0x386d639a1a9f5d15;cycles=8;planted=3;d_b=4;m=2;gap=1;k=2,1327463,false,132979,0.132,29,12,4,0.164,32,24,false,0,0.000
mixed-032-0,mixed,seed=0x386d639a1a9f5d15;cycles=8;planted=3;d_b=4;m=2;gap=1;k=2,1327463,false,132979,0.132,29,12,8,0.203,32,24,false,0,0.000
mixed-032-0,mixed,seed=0x386d639a1a9f5d15;cycles=8;planted=3;d_b=4;m=2;gap=1;k=2,1327463,false,132979,0.132,29,12,16,0.328,32,24,false,0,0.000
mixed-032-0,mixed,seed=0x386d639a1a9f5d15;cycles=8;planted=3;d_b=4;m=2;gap=1;k=2,1327463,false,132979,0.132,29,12,32,0.649,29,12,true,0,0.000
mixed-032-0,mixed,seed=0x386d639a1a9f5d15;cycles=8;planted=3;d_b=4;m=2;gap=1;k=2,1327463,false,132979,0.132,29,12,64,0.583,29,12,true,0,0.000
mixed-032-0,mixed,seed=0x386d639a1a9f5d15;cycles=8;planted=3;d_b=4;m=2;gap=1;k=2,1327463,false,132979,0.132,29,12,128,0.599,29,12,true,0,0.000
mixed-032-0,mixed,seed=0x386d639a1a9f5d15;cycles=8;planted=3;d_b=4;m=2;gap=1;k=2,1327463,false,132979,0.132,29,12,256,0.573,29,12,true,0,0.000
mixed-032-0,mixed,seed=0x386d639a1a9f5d15;cycles=8;planted=3;d_b=4;m=2;gap=1;k=2,1327463,false,132979,0.132,29,12,512,0.590,29,12,true,0,0.000
mixed-032-0,mixed,seed=0x386d639a1a9f5d15;cycles=8;planted=3;d_b=4;m=2;gap=1;k=2,1327463,false,132979,0.132,29,12,1024,0.563,29,12,true,0,0.000
mixed-032-0,mixed,seed=0x386d639a1a9f5d15;cycles=8;planted=3;d_b=4;m=2;gap=1;k=2,1327463,false,132979,0.132,29,12,2048,0.583,29,12,true,0,0.000
mixed-032-0,mixed,seed=0x386d639a1a9f5d15;cycles=8;planted=3;d_b=4;m=2;gap=1;k=2,1327463,false,132979,0.132,29,12,4096,0.564,29,12,true,0,0.000
mixed-032-0,mixed,seed=0x386d639a1a9f5d15;cycles=8;planted=3;d_b=4;m=2;gap=1;k=2,1327463,false,132979,0.132,29,12,8192,0.581,29,12,true,0,0.000
mixed-032-0,mixed,seed=0x386d639a1a9f5d15;cycles=8;planted=3;d_b=4;m=2;gap=1;k=2,1327463,false,132979,0.132,29,12,16384,0.562,29,12,true,0,0.000
rand-04-00,rand,seed=0x6955c0a72ba07434;cycles=10,49984595,true,3048448,0.059,8,6,1,0.062,8,6,false,0,0.000
rand-04-00,rand,seed=0x6955c0a72ba07434;cycles=10,49984595,true,3048448,0.059,8,6,2,0.067,8,6,true,0,0.000
rand-04-00,rand,seed=0x6955c0a72ba07434;cycles=10,49984595,true,3048448,0.059,8,6,4,0.056,8,6,true,0,0.000
rand-04-00,rand,seed=0x6955c0a72ba07434;cycles=10,49984595,true,3048448,0.059,8,6,8,0.054,8,6,true,0,0.000
rand-04-00,rand,seed=0x6955c0a72ba07434;cycles=10,49984595,true,3048448,0.059,8,6,16,0.050,8,6,true,0,0.000
rand-04-00,rand,seed=0x6955c0a72ba07434;cycles=10,49984595,true,3048448,0.059,8,6,32,0.050,8,6,true,0,0.000
rand-04-00,rand,seed=0x6955c0a72ba07434;cycles=10,49984595,true,3048448,0.059,8,6,64,0.048,8,6,true,0,0.000
rand-04-00,rand,seed=0x6955c0a72ba07434;cycles=10,49984595,true,3048448,0.059,8,6,128,0.049,8,6,true,0,0.000
rand-04-00,rand,seed=0x6955c0a72ba07434;cycles=10,49984595,true,3048448,0.059,8,6,256,0.048,8,6,true,0,0.000
rand-04-00,rand,seed=0x6955c0a72ba07434;cycles=10,49984595,true,3048448,0.059,8,6,512,0.048,8,6,true,0,0.000
rand-04-00,rand,seed=0x6955c0a72ba07434;cycles=10,49984595,true,3048448,0.059,8,6,1024,0.047,8,6,true,0,0.000
rand-04-00,rand,seed=0x6955c0a72ba07434;cycles=10,49984595,true,3048448,0.059,8,6,2048,0.048,8,6,true,0,0.000
rand-04-00,rand,seed=0x6955c0a72ba07434;cycles=10,49984595,true,3048448,0.059,8,6,4096,0.047,8,6,true,0,0.000
rand-04-00,rand,seed=0x6955c0a72ba07434;cycles=10,49984595,true,3048448,0.059,8,6,8192,0.047,8,6,true,0,0.000
rand-04-00,rand,seed=0x6955c0a72ba07434;cycles=10,49984595,true,3048448,0.059,8,6,16384,0.046,8,6,true,0,0.000
dec-097,dec,d_b=8;m=5;gap=3;k=2;q=3;s=18,24,false,26,0.110,34,2,1,0.019,37,36,false,0,0.000
dec-097,dec,d_b=8;m=5;gap=3;k=2;q=3;s=18,24,false,26,0.110,34,2,2,0.028,37,36,false,0,0.000
dec-097,dec,d_b=8;m=5;gap=3;k=2;q=3;s=18,24,false,26,0.110,34,2,4,0.040,37,36,false,0,0.000
dec-097,dec,d_b=8;m=5;gap=3;k=2;q=3;s=18,24,false,26,0.110,34,2,8,0.071,37,36,false,0,0.000
dec-097,dec,d_b=8;m=5;gap=3;k=2;q=3;s=18,24,false,26,0.110,34,2,16,0.122,34,2,false,0,0.000
dec-097,dec,d_b=8;m=5;gap=3;k=2;q=3;s=18,24,false,26,0.110,34,2,32,0.133,34,2,true,0,0.000
dec-097,dec,d_b=8;m=5;gap=3;k=2;q=3;s=18,24,false,26,0.110,34,2,64,0.130,34,2,true,0,0.000
dec-097,dec,d_b=8;m=5;gap=3;k=2;q=3;s=18,24,false,26,0.110,34,2,128,0.128,34,2,true,0,0.000
dec-097,dec,d_b=8;m=5;gap=3;k=2;q=3;s=18,24,false,26,0.110,34,2,256,0.126,34,2,true,0,0.000
dec-097,dec,d_b=8;m=5;gap=3;k=2;q=3;s=18,24,false,26,0.110,34,2,512,0.125,34,2,true,0,0.000
dec-097,dec,d_b=8;m=5;gap=3;k=2;q=3;s=18,24,false,26,0.110,34,2,1024,0.125,34,2,true,0,0.000
dec-097,dec,d_b=8;m=5;gap=3;k=2;q=3;s=18,24,false,26,0.110,34,2,2048,0.124,34,2,true,0,0.000
dec-097,dec,d_b=8;m=5;gap=3;k=2;q=3;s=18,24,false,26,0.110,34,2,4096,0.124,34,2,true,0,0.000
dec-097,dec,d_b=8;m=5;gap=3;k=2;q=3;s=18,24,false,26,0.110,34,2,8192,0.124,34,2,true,0,0.000
dec-097,dec,d_b=8;m=5;gap=3;k=2;q=3;s=18,24,false,26,0.110,34,2,16384,0.124,34,2,true,0,0.000
mixed-032-1,mixed,seed=0x61f2e8b302ff90ca;cycles=8;planted=3;d_b=4;m=2;gap=1;k=2,13,false,14,0.026,7,2,1,0.011,8,6,false,0,0.000
mixed-032-1,mixed,seed=0x61f2e8b302ff90ca;cycles=8;planted=3;d_b=4;m=2;gap=1;k=2,13,false,14,0.026,7,2,2,0.012,8,6,false,0,0.000
mixed-032-1,mixed,seed=0x61f2e8b302ff90ca;cycles=8;planted=3;d_b=4;m=2;gap=1;k=2,13,false,14,0.026,7,2,4,0.020,8,6,false,0,0.000
mixed-032-1,mixed,seed=0x61f2e8b302ff90ca;cycles=8;planted=3;d_b=4;m=2;gap=1;k=2,13,false,14,0.026,7,2,8,0.034,7,2,false,0,0.000
mixed-032-1,mixed,seed=0x61f2e8b302ff90ca;cycles=8;planted=3;d_b=4;m=2;gap=1;k=2,13,false,14,0.026,7,2,16,0.043,7,2,true,0,0.000
mixed-032-1,mixed,seed=0x61f2e8b302ff90ca;cycles=8;planted=3;d_b=4;m=2;gap=1;k=2,13,false,14,0.026,7,2,32,0.041,7,2,true,0,0.000
mixed-032-1,mixed,seed=0x61f2e8b302ff90ca;cycles=8;planted=3;d_b=4;m=2;gap=1;k=2,13,false,14,0.026,7,2,64,0.040,7,2,true,0,0.000
mixed-032-1,mixed,seed=0x61f2e8b302ff90ca;cycles=8;planted=3;d_b=4;m=2;gap=1;k=2,13,false,14,0.026,7,2,128,0.039,7,2,true,0,0.000
mixed-032-1,mixed,seed=0x61f2e8b302ff90ca;cycles=8;planted=3;d_b=4;m=2;gap=1;k=2,13,false,14,0.026,7,2,256,0.039,7,2,true,0,0.000
mixed-032-1,mixed,seed=0x61f2e8b302ff90ca;cycles=8;planted=3;d_b=4;m=2;gap=1;k=2,13,false,14,0.026,7,2,512,0.039,7,2,true,0,0.000
mixed-032-1,mixed,seed=0x61f2e8b302ff90ca;cycles=8;planted=3;d_b=4;m=2;gap=1;k=2,13,false,14,0.026,7,2,1024,0.039,7,2,true,0,0.000
mixed-032-1,mixed,seed=0x61f2e8b302ff90ca;cycles=8;planted=3;d_b=4;m=2;gap=1;k=2,13,false,14,0.026,7,2,2048,0.039,7,2,true,0,0.000
mixed-032-1,mixed,seed=0x61f2e8b302ff90ca;cycles=8;planted=3;d_b=4;m=2;gap=1;k=2,13,false,14,0.026,7,2,4096,0.038,7,2,true,0,0.000
mixed-032-1,mixed,seed=0x61f2e8b302ff90ca;cycles=8;planted=3;d_b=4;m=2;gap=1;k=2,13,false,14,0.026,7,2,8192,0.038,7,2,true,0,0.000
mixed-032-1,mixed,seed=0x61f2e8b302ff90ca;cycles=8;planted=3;d_b=4;m=2;gap=1;k=2,13,false,14,0.026,7,2,16384,0.038,7,2,true,0,0.000
rand-04-01,rand,seed=0x2b511c1506e51d46;cycles=10,49131097,true,3014656,0.095,18,8,1,0.109,18,8,false,0,0.000
rand-04-01,rand,seed=0x2b511c1506e51d46;cycles=10,49131097,true,3014656,0.095,18,8,2,0.129,18,8,false,0,0.000
rand-04-01,rand,seed=0x2b511c1506e51d46;cycles=10,49131097,true,3014656,0.095,18,8,4,0.125,18,8,false,0,0.000
rand-04-01,rand,seed=0x2b511c1506e51d46;cycles=10,49131097,true,3014656,0.095,18,8,8,0.182,18,8,true,0,0.000
rand-04-01,rand,seed=0x2b511c1506e51d46;cycles=10,49131097,true,3014656,0.095,18,8,16,0.174,18,8,true,0,0.000
rand-04-01,rand,seed=0x2b511c1506e51d46;cycles=10,49131097,true,3014656,0.095,18,8,32,0.168,18,8,true,0,0.000
rand-04-01,rand,seed=0x2b511c1506e51d46;cycles=10,49131097,true,3014656,0.095,18,8,64,0.165,18,8,true,0,0.000
rand-04-01,rand,seed=0x2b511c1506e51d46;cycles=10,49131097,true,3014656,0.095,18,8,128,0.164,18,8,true,0,0.000
rand-04-01,rand,seed=0x2b511c1506e51d46;cycles=10,49131097,true,3014656,0.095,18,8,256,0.161,18,8,true,0,0.000
rand-04-01,rand,seed=0x2b511c1506e51d46;cycles=10,49131097,true,3014656,0.095,18,8,512,0.162,18,8,true,0,0.000
rand-04-01,rand,seed=0x2b511c1506e51d46;cycles=10,49131097,true,3014656,0.095,18,8,1024,0.161,18,8,true,0,0.000
rand-04-01,rand,seed=0x2b511c1506e51d46;cycles=10,49131097,true,3014656,0.095,18,8,2048,0.161,18,8,true,0,0.000
rand-04-01,rand,seed=0x2b511c1506e51d46;cycles=10,49131097,true,3014656,0.095,18,8,4096,0.160,18,8,true,0,0.000
rand-04-01,rand,seed=0x2b511c1506e51d46;cycles=10,49131097,true,3014656,0.095,18,8,8192,0.162,18,8,true,0,0.000
rand-04-01,rand,seed=0x2b511c1506e51d46;cycles=10,49131097,true,3014656,0.095,18,8,16384,0.160,18,8,true,0,0.000
dec-098,dec,d_b=8;m=5;gap=3;k=4;q=3;s=18,40,false,42,0.176,34,2,1,0.022,37,36,false,0,0.000
dec-098,dec,d_b=8;m=5;gap=3;k=4;q=3;s=18,40,false,42,0.176,34,2,2,0.030,37,36,false,0,0.000
dec-098,dec,d_b=8;m=5;gap=3;k=4;q=3;s=18,40,false,42,0.176,34,2,4,0.046,37,36,false,0,0.000
dec-098,dec,d_b=8;m=5;gap=3;k=4;q=3;s=18,40,false,42,0.176,34,2,8,0.077,37,36,false,0,0.000
dec-098,dec,d_b=8;m=5;gap=3;k=4;q=3;s=18,40,false,42,0.176,34,2,16,0.137,37,36,false,0,0.000
dec-098,dec,d_b=8;m=5;gap=3;k=4;q=3;s=18,40,false,42,0.176,34,2,32,0.210,34,2,true,0,0.000
dec-098,dec,d_b=8;m=5;gap=3;k=4;q=3;s=18,40,false,42,0.176,34,2,64,0.205,34,2,true,0,0.000
dec-098,dec,d_b=8;m=5;gap=3;k=4;q=3;s=18,40,false,42,0.176,34,2,128,0.201,34,2,true,0,0.000
dec-098,dec,d_b=8;m=5;gap=3;k=4;q=3;s=18,40,false,42,0.176,34,2,256,0.197,34,2,true,0,0.000
dec-098,dec,d_b=8;m=5;gap=3;k=4;q=3;s=18,40,false,42,0.176,34,2,512,0.196,34,2,true,0,0.000
dec-098,dec,d_b=8;m=5;gap=3;k=4;q=3;s=18,40,false,42,0.176,34,2,1024,0.197,34,2,true,0,0.000
dec-098,dec,d_b=8;m=5;gap=3;k=4;q=3;s=18,40,false,42,0.176,34,2,2048,0.198,34,2,true,0,0.000
dec-098,dec,d_b=8;m=5;gap=3;k=4;q=3;s=18,40,false,42,0.176,34,2,4096,0.196,34,2,true,0,0.000
dec-098,dec,d_b=8;m=5;gap=3;k=4;q=3;s=18,40,false,42,0.176,34,2,8192,0.196,34,2,true,0,0.000
dec-098,dec,d_b=8;m=5;gap=3;k=4;q=3;s=18,40,false,42,0.176,34,2,16384,0.194,34,2,true,0,0.000
mixed-032-2,mixed,seed=0x99cae54220100e3f;cycles=8;planted=3;d_b=4;m=2;gap=1;k=2,810576,false,84755,0.143,30,10,1,0.119,33,22,false,0,0.000
mixed-032-2,mixed,seed=0x99cae54220100e3f;cycles=8;planted=3;d_b=4;m=2;gap=1;k=2,810576,false,84755,0.143,30,10,2,0.188,33,22,false,0,0.000
mixed-032-2,mixed,seed=0x99cae54220100e3f;cycles=8;planted=3;d_b=4;m=2;gap=1;k=2,810576,false,84755,0.143,30,10,4,0.206,33,22,false,0,0.000
mixed-032-2,mixed,seed=0x99cae54220100e3f;cycles=8;planted=3;d_b=4;m=2;gap=1;k=2,810576,false,84755,0.143,30,10,8,0.285,33,22,false,0,0.000
mixed-032-2,mixed,seed=0x99cae54220100e3f;cycles=8;planted=3;d_b=4;m=2;gap=1;k=2,810576,false,84755,0.143,30,10,16,0.448,33,22,false,0,0.000
mixed-032-2,mixed,seed=0x99cae54220100e3f;cycles=8;planted=3;d_b=4;m=2;gap=1;k=2,810576,false,84755,0.143,30,10,32,0.818,30,10,true,0,0.000
mixed-032-2,mixed,seed=0x99cae54220100e3f;cycles=8;planted=3;d_b=4;m=2;gap=1;k=2,810576,false,84755,0.143,30,10,64,0.814,30,10,true,0,0.000
mixed-032-2,mixed,seed=0x99cae54220100e3f;cycles=8;planted=3;d_b=4;m=2;gap=1;k=2,810576,false,84755,0.143,30,10,128,0.809,30,10,true,0,0.000
mixed-032-2,mixed,seed=0x99cae54220100e3f;cycles=8;planted=3;d_b=4;m=2;gap=1;k=2,810576,false,84755,0.143,30,10,256,0.809,30,10,true,0,0.000
mixed-032-2,mixed,seed=0x99cae54220100e3f;cycles=8;planted=3;d_b=4;m=2;gap=1;k=2,810576,false,84755,0.143,30,10,512,0.801,30,10,true,0,0.000
mixed-032-2,mixed,seed=0x99cae54220100e3f;cycles=8;planted=3;d_b=4;m=2;gap=1;k=2,810576,false,84755,0.143,30,10,1024,0.804,30,10,true,0,0.000
mixed-032-2,mixed,seed=0x99cae54220100e3f;cycles=8;planted=3;d_b=4;m=2;gap=1;k=2,810576,false,84755,0.143,30,10,2048,0.796,30,10,true,0,0.000
mixed-032-2,mixed,seed=0x99cae54220100e3f;cycles=8;planted=3;d_b=4;m=2;gap=1;k=2,810576,false,84755,0.143,30,10,4096,0.800,30,10,true,0,0.000
mixed-032-2,mixed,seed=0x99cae54220100e3f;cycles=8;planted=3;d_b=4;m=2;gap=1;k=2,810576,false,84755,0.143,30,10,8192,0.796,30,10,true,0,0.000
mixed-032-2,mixed,seed=0x99cae54220100e3f;cycles=8;planted=3;d_b=4;m=2;gap=1;k=2,810576,false,84755,0.143,30,10,16384,0.800,30,10,true,0,0.000
rand-04-02,rand,seed=0x314a30504feddadb;cycles=10,49707761,true,3045376,0.104,24,8,1,0.122,24,8,false,0,0.000
rand-04-02,rand,seed=0x314a30504feddadb;cycles=10,49707761,true,3045376,0.104,24,8,2,0.138,24,8,false,0,0.000
rand-04-02,rand,seed=0x314a30504feddadb;cycles=10,49707761,true,3045376,0.104,24,8,4,0.143,24,8,false,0,0.000
rand-04-02,rand,seed=0x314a30504feddadb;cycles=10,49707761,true,3045376,0.104,24,8,8,0.214,24,8,true,0,0.000
rand-04-02,rand,seed=0x314a30504feddadb;cycles=10,49707761,true,3045376,0.104,24,8,16,0.205,24,8,true,0,0.000
rand-04-02,rand,seed=0x314a30504feddadb;cycles=10,49707761,true,3045376,0.104,24,8,32,0.193,24,8,true,0,0.000
rand-04-02,rand,seed=0x314a30504feddadb;cycles=10,49707761,true,3045376,0.104,24,8,64,0.189,24,8,true,0,0.000
rand-04-02,rand,seed=0x314a30504feddadb;cycles=10,49707761,true,3045376,0.104,24,8,128,0.187,24,8,true,0,0.000
rand-04-02,rand,seed=0x314a30504feddadb;cycles=10,49707761,true,3045376,0.104,24,8,256,0.198,24,8,true,0,0.000
rand-04-02,rand,seed=0x314a30504feddadb;cycles=10,49707761,true,3045376,0.104,24,8,512,0.196,24,8,true,0,0.000
rand-04-02,rand,seed=0x314a30504feddadb;cycles=10,49707761,true,3045376,0.104,24,8,1024,0.184,24,8,true,0,0.000
rand-04-02,rand,seed=0x314a30504feddadb;cycles=10,49707761,true,3045376,0.104,24,8,2048,0.185,24,8,true,0,0.000
rand-04-02,rand,seed=0x314a30504feddadb;cycles=10,49707761,true,3045376,0.104,24,8,4096,0.183,24,8,true,0,0.000
rand-04-02,rand,seed=0x314a30504feddadb;cycles=10,49707761,true,3045376,0.104,24,8,8192,0.186,24,8,true,0,0.000
rand-04-02,rand,seed=0x314a30504feddadb;cycles=10,49707761,true,3045376,0.104,24,8,16384,0.192,24,8,true,0,0.000
dec-099,dec,d_b=8;m=5;gap=7;k=1;q=3;s=20,16,false,18,0.089,34,2,1,0.018,41,40,false,0,0.000
dec-099,dec,d_b=8;m=5;gap=7;k=1;q=3;s=20,16,false,18,0.089,34,2,2,0.030,41,40,false,0,0.000
dec-099,dec,d_b=8;m=5;gap=7;k=1;q=3;s=20,16,false,18,0.089,34,2,4,0.043,41,40,false,0,0.000
dec-099,dec,d_b=8;m=5;gap=7;k=1;q=3;s=20,16,false,18,0.089,34,2,8,0.066,34,2,false,0,0.000
dec-099,dec,d_b=8;m=5;gap=7;k=1;q=3;s=20,16,false,18,0.089,34,2,16,0.107,34,2,true,0,0.000
dec-099,dec,d_b=8;m=5;gap=7;k=1;q=3;s=20,16,false,18,0.089,34,2,32,0.104,34,2,true,0,0.000
dec-099,dec,d_b=8;m=5;gap=7;k=1;q=3;s=20,16,false,18,0.089,34,2,64,0.101,34,2,true,0,0.000
dec-099,dec,d_b=8;m=5;gap=7;k=1;q=3;s=20,16,false,18,0.089,34,2,128,0.107,34,2,true,0,0.000
dec-099,dec,d_b=8;m=5;gap=7;k=1;q=3;s=20,16,false,18,0.089,34,2,256,0.098,34,2,true,0,0.000
dec-099,dec,d_b=8;m=5;gap=7;k=1;q=3;s=20,16,false,18,0.089,34,2,512,0.121,34,2,true,0,0.000
dec-099,dec,d_b=8;m=5;gap=7;k=1;q=3;s=20,16,false,18,0.089,34,2,1024,0.098,34,2,true,0,0.000
dec-099,dec,d_b=8;m=5;gap=7;k=1;q=3;s=20,16,false,18,0.089,34,2,2048,0.111,34,2,true,0,0.000
dec-099,dec,d_b=8;m=5;gap=7;k=1;q=3;s=20,16,false,18,0.089,34,2,4096,0.098,34,2,true,0,0.000
dec-099,dec,d_b=8;m=5;gap=7;k=1;q=3;s=20,16,false,18,0.089,34,2,8192,0.101,34,2,true,0,0.000
dec-099,dec,d_b=8;m=5;gap=7;k=1;q=3;s=20,16,false,18,0.089,34,2,16384,0.098,34,2,true,0,0.000
mixed-033-0,mixed,seed=0xa240eeafea0d26bf;cycles=8;planted=3;d_b=8;m=3;gap=2;k=2,25,false,27,0.072,19,2,1,0.017,22,20,false,0,0.000
mixed-033-0,mixed,seed=0xa240eeafea0d26bf;cycles=8;planted=3;d_b=8;m=3;gap=2;k=2,25,false,27,0.072,19,2,2,0.018,22,20,false,0,0.000
mixed-033-0,mixed,seed=0xa240eeafea0d26bf;cycles=8;planted=3;d_b=8;m=3;gap=2;k=2,25,false,27,0.072,19,2,4,0.032,22,20,false,0,0.000
mixed-033-0,mixed,seed=0xa240eeafea0d26bf;cycles=8;planted=3;d_b=8;m=3;gap=2;k=2,25,false,27,0.072,19,2,8,0.050,22,20,false,0,0.000
mixed-033-0,mixed,seed=0xa240eeafea0d26bf;cycles=8;planted=3;d_b=8;m=3;gap=2;k=2,25,false,27,0.072,19,2,16,0.103,19,2,false,0,0.000
mixed-033-0,mixed,seed=0xa240eeafea0d26bf;cycles=8;planted=3;d_b=8;m=3;gap=2;k=2,25,false,27,0.072,19,2,32,0.120,19,2,true,0,0.000
mixed-033-0,mixed,seed=0xa240eeafea0d26bf;cycles=8;planted=3;d_b=8;m=3;gap=2;k=2,25,false,27,0.072,19,2,64,0.116,19,2,true,0,0.000
mixed-033-0,mixed,seed=0xa240eeafea0d26bf;cycles=8;planted=3;d_b=8;m=3;gap=2;k=2,25,false,27,0.072,19,2,128,0.114,19,2,true,0,0.000
mixed-033-0,mixed,seed=0xa240eeafea0d26bf;cycles=8;planted=3;d_b=8;m=3;gap=2;k=2,25,false,27,0.072,19,2,256,0.113,19,2,true,0,0.000
mixed-033-0,mixed,seed=0xa240eeafea0d26bf;cycles=8;planted=3;d_b=8;m=3;gap=2;k=2,25,false,27,0.072,19,2,512,0.113,19,2,true,0,0.000
mixed-033-0,mixed,seed=0xa240eeafea0d26bf;cycles=8;planted=3;d_b=8;m=3;gap=2;k=2,25,false,27,0.072,19,2,1024,0.113,19,2,true,0,0.000
mixed-033-0,mixed,seed=0xa240eeafea0d26bf;cycles=8;planted=3;d_b=8;m=3;gap=2;k=2,25,false,27,0.072,19,2,2048,0.112,19,2,true,0,0.000
mixed-033-0,mixed,seed=0xa240eeafea0d26bf;cycles=8;planted=3;d_b=8;m=3;gap=2;k=2,25,false,27,0.072,19,2,4096,0.111,19,2,true,0,0.000
mixed-033-0,mixed,seed=0xa240eeafea0d26bf;cycles=8;planted=3;d_b=8;m=3;gap=2;k=2,25,false,27,0.072,19,2,8192,0.111,19,2,true,0,0.000
mixed-033-0,mixed,seed=0xa240eeafea0d26bf;cycles=8;planted=3;d_b=8;m=3;gap=2;k=2,25,false,27,0.072,19,2,16384,0.111,19,2,true,0,0.000
rand-04-03,rand,seed=0x97cdf788de5f3696;cycles=10,32963139,false,1981105,0.057,11,6,1,0.083,11,6,false,0,0.000
rand-04-03,rand,seed=0x97cdf788de5f3696;cycles=10,32963139,false,1981105,0.057,11,6,2,0.116,11,6,true,0,0.000
rand-04-03,rand,seed=0x97cdf788de5f3696;cycles=10,32963139,false,1981105,0.057,11,6,4,0.097,11,6,true,0,0.000
rand-04-03,rand,seed=0x97cdf788de5f3696;cycles=10,32963139,false,1981105,0.057,11,6,8,0.096,11,6,true,0,0.000
rand-04-03,rand,seed=0x97cdf788de5f3696;cycles=10,32963139,false,1981105,0.057,11,6,16,0.086,11,6,true,0,0.000
rand-04-03,rand,seed=0x97cdf788de5f3696;cycles=10,32963139,false,1981105,0.057,11,6,32,0.090,11,6,true,0,0.000
rand-04-03,rand,seed=0x97cdf788de5f3696;cycles=10,32963139,false,1981105,0.057,11,6,64,0.081,11,6,true,0,0.000
rand-04-03,rand,seed=0x97cdf788de5f3696;cycles=10,32963139,false,1981105,0.057,11,6,128,0.090,11,6,true,0,0.000
rand-04-03,rand,seed=0x97cdf788de5f3696;cycles=10,32963139,false,1981105,0.057,11,6,256,0.080,11,6,true,0,0.000
rand-04-03,rand,seed=0x97cdf788de5f3696;cycles=10,32963139,false,1981105,0.057,11,6,512,0.079,11,6,true,0,0.000
rand-04-03,rand,seed=0x97cdf788de5f3696;cycles=10,32963139,false,1981105,0.057,11,6,1024,0.079,11,6,true,0,0.000
rand-04-03,rand,seed=0x97cdf788de5f3696;cycles=10,32963139,false,1981105,0.057,11,6,2048,0.080,11,6,true,0,0.000
rand-04-03,rand,seed=0x97cdf788de5f3696;cycles=10,32963139,false,1981105,0.057,11,6,4096,0.079,11,6,true,0,0.000
rand-04-03,rand,seed=0x97cdf788de5f3696;cycles=10,32963139,false,1981105,0.057,11,6,8192,0.078,11,6,true,0,0.000
rand-04-03,rand,seed=0x97cdf788de5f3696;cycles=10,32963139,false,1981105,0.057,11,6,16384,0.079,11,6,true,0,0.000
dec-100,dec,d_b=8;m=5;gap=7;k=2;q=3;s=20,24,false,26,0.118,34,2,1,0.020,41,40,false,0,0.000
dec-100,dec,d_b=8;m=5;gap=7;k=2;q=3;s=20,24,false,26,0.118,34,2,2,0.030,41,40,false,0,0.000
dec-100,dec,d_b=8;m=5;gap=7;k=2;q=3;s=20,24,false,26,0.118,34,2,4,0.045,41,40,false,0,0.000
dec-100,dec,d_b=8;m=5;gap=7;k=2;q=3;s=20,24,false,26,0.118,34,2,8,0.079,41,40,false,0,0.000
dec-100,dec,d_b=8;m=5;gap=7;k=2;q=3;s=20,24,false,26,0.118,34,2,16,0.137,34,2,false,0,0.000
dec-100,dec,d_b=8;m=5;gap=7;k=2;q=3;s=20,24,false,26,0.118,34,2,32,0.149,34,2,true,0,0.000
dec-100,dec,d_b=8;m=5;gap=7;k=2;q=3;s=20,24,false,26,0.118,34,2,64,0.142,34,2,true,0,0.000
dec-100,dec,d_b=8;m=5;gap=7;k=2;q=3;s=20,24,false,26,0.118,34,2,128,0.141,34,2,true,0,0.000
dec-100,dec,d_b=8;m=5;gap=7;k=2;q=3;s=20,24,false,26,0.118,34,2,256,0.138,34,2,true,0,0.000
dec-100,dec,d_b=8;m=5;gap=7;k=2;q=3;s=20,24,false,26,0.118,34,2,512,0.138,34,2,true,0,0.000
dec-100,dec,d_b=8;m=5;gap=7;k=2;q=3;s=20,24,false,26,0.118,34,2,1024,0.137,34,2,true,0,0.000
dec-100,dec,d_b=8;m=5;gap=7;k=2;q=3;s=20,24,false,26,0.118,34,2,2048,0.138,34,2,true,0,0.000
dec-100,dec,d_b=8;m=5;gap=7;k=2;q=3;s=20,24,false,26,0.118,34,2,4096,0.136,34,2,true,0,0.000
dec-100,dec,d_b=8;m=5;gap=7;k=2;q=3;s=20,24,false,26,0.118,34,2,8192,0.136,34,2,true,0,0.000
dec-100,dec,d_b=8;m=5;gap=7;k=2;q=3;s=20,24,false,26,0.118,34,2,16384,0.135,34,2,true,0,0.000
mixed-033-1,mixed,seed=0xbc1d25d35bcf50be;cycles=8;planted=3;d_b=8;m=3;gap=2;k=2,1941345,false,190662,0.274,79,14,1,0.120,88,68,false,0,0.000
mixed-033-1,mixed,seed=0xbc1d25d35bcf50be;cycles=8;planted=3;d_b=8;m=3;gap=2;k=2,1941345,false,190662,0.274,79,14,2,0.149,88,68,false,0,0.000
mixed-033-1,mixed,seed=0xbc1d25d35bcf50be;cycles=8;planted=3;d_b=8;m=3;gap=2;k=2,1941345,false,190662,0.274,79,14,4,0.140,88,68,false,0,0.000
mixed-033-1,mixed,seed=0xbc1d25d35bcf50be;cycles=8;planted=3;d_b=8;m=3;gap=2;k=2,1941345,false,190662,0.274,79,14,8,0.169,88,68,false,0,0.000
mixed-033-1,mixed,seed=0xbc1d25d35bcf50be;cycles=8;planted=3;d_b=8;m=3;gap=2;k=2,1941345,false,190662,0.274,79,14,16,0.233,88,68,false,0,0.000
mixed-033-1,mixed,seed=0xbc1d25d35bcf50be;cycles=8;planted=3;d_b=8;m=3;gap=2;k=2,1941345,false,190662,0.274,79,14,32,0.429,85,50,false,0,0.000
mixed-033-1,mixed,seed=0xbc1d25d35bcf50be;cycles=8;planted=3;d_b=8;m=3;gap=2;k=2,1941345,false,190662,0.274,79,14,64,0.839,79,14,false,0,0.000
mixed-033-1,mixed,seed=0xbc1d25d35bcf50be;cycles=8;planted=3;d_b=8;m=3;gap=2;k=2,1941345,false,190662,0.274,79,14,128,0.908,79,14,true,0,0.000
mixed-033-1,mixed,seed=0xbc1d25d35bcf50be;cycles=8;planted=3;d_b=8;m=3;gap=2;k=2,1941345,false,190662,0.274,79,14,256,0.893,79,14,true,0,0.000
mixed-033-1,mixed,seed=0xbc1d25d35bcf50be;cycles=8;planted=3;d_b=8;m=3;gap=2;k=2,1941345,false,190662,0.274,79,14,512,0.893,79,14,true,0,0.000
mixed-033-1,mixed,seed=0xbc1d25d35bcf50be;cycles=8;planted=3;d_b=8;m=3;gap=2;k=2,1941345,false,190662,0.274,79,14,1024,0.891,79,14,true,0,0.000
mixed-033-1,mixed,seed=0xbc1d25d35bcf50be;cycles=8;planted=3;d_b=8;m=3;gap=2;k=2,1941345,false,190662,0.274,79,14,2048,0.892,79,14,true,0,0.000
mixed-033-1,mixed,seed=0xbc1d25d35bcf50be;cycles=8;planted=3;d_b=8;m=3;gap=2;k=2,1941345,false,190662,0.274,79,14,4096,0.910,79,14,true,0,0.000
mixed-033-1,mixed,seed=0xbc1d25d35bcf50be;cycles=8;planted=3;d_b=8;m=3;gap=2;k=2,1941345,false,190662,0.274,79,14,8192,0.884,79,14,true,0,0.000
mixed-033-1,mixed,seed=0xbc1d25d35bcf50be;cycles=8;planted=3;d_b=8;m=3;gap=2;k=2,1941345,false,190662,0.274,79,14,16384,0.881,79,14,true,0,0.000
rand-04-04,rand,seed=0x1ec5a94f2475fb3f;cycles=10,32963154,false,1981198,0.162,37,6,1,0.228,37,6,false,0,0.000
rand-04-04,rand,seed=0x1ec5a94f2475fb3f;cycles=10,32963154,false,1981198,0.162,37,6,2,0.209,37,6,false,0,0.000
rand-04-04,rand,seed=0x1ec5a94f2475fb3f;cycles=10,32963154,false,1981198,0.162,37,6,4,0.296,37,6,false,0,0.000
rand-04-04,rand,seed=0x1ec5a94f2475fb3f;cycles=10,32963154,false,1981198,0.162,37,6,8,0.356,37,6,false,0,0.000
rand-04-04,rand,seed=0x1ec5a94f2475fb3f;cycles=10,32963154,false,1981198,0.162,37,6,16,0.593,37,6,false,0,0.000
rand-04-04,rand,seed=0x1ec5a94f2475fb3f;cycles=10,32963154,false,1981198,0.162,37,6,32,0.668,37,6,true,0,0.000
rand-04-04,rand,seed=0x1ec5a94f2475fb3f;cycles=10,32963154,false,1981198,0.162,37,6,64,0.663,37,6,true,0,0.000
rand-04-04,rand,seed=0x1ec5a94f2475fb3f;cycles=10,32963154,false,1981198,0.162,37,6,128,0.649,37,6,true,0,0.000
rand-04-04,rand,seed=0x1ec5a94f2475fb3f;cycles=10,32963154,false,1981198,0.162,37,6,256,0.664,37,6,true,0,0.000
rand-04-04,rand,seed=0x1ec5a94f2475fb3f;cycles=10,32963154,false,1981198,0.162,37,6,512,0.645,37,6,true,0,0.000
rand-04-04,rand,seed=0x1ec5a94f2475fb3f;cycles=10,32963154,false,1981198,0.162,37,6,1024,0.648,37,6,true,0,0.000
rand-04-04,rand,seed=0x1ec5a94f2475fb3f;cycles=10,32963154,false,1981198,0.162,37,6,2048,0.640,37,6,true,0,0.000
rand-04-04,rand,seed=0x1ec5a94f2475fb3f;cycles=10,32963154,false,1981198,0.162,37,6,4096,0.634,37,6,true,0,0.000
rand-04-04,rand,seed=0x1ec5a94f2475fb3f;cycles=10,32963154,false,1981198,0.162,37,6,8192,0.642,37,6,true,0,0.000
rand-04-04,rand,seed=0x1ec5a94f2475fb3f;cycles=10,32963154,false,1981198,0.162,37,6,16384,0.632,37,6,true,0,0.000
dec-101,dec,d_b=8;m=5;gap=7;k=4;q=3;s=20,40,false,42,0.182,34,2,1,0.023,41,40,false,0,0.000
dec-101,dec,d_b=8;m=5;gap=7;k=4;q=3;s=20,40,false,42,0.182,34,2,2,0.033,41,40,false,0,0.000
dec-101,dec,d_b=8;m=5;gap=7;k=4;q=3;s=20,40,false,42,0.182,34,2,4,0.047,41,40,false,0,0.000
dec-101,dec,d_b=8;m=5;gap=7;k=4;q=3;s=20,40,false,42,0.182,34,2,8,0.085,41,40,false,0,0.000
dec-101,dec,d_b=8;m=5;gap=7;k=4;q=3;s=20,40,false,42,0.182,34,2,16,0.149,34,2,false,0,0.000
dec-101,dec,d_b=8;m=5;gap=7;k=4;q=3;s=20,40,false,42,0.182,34,2,32,0.223,34,2,true,0,0.000
dec-101,dec,d_b=8;m=5;gap=7;k=4;q=3;s=20,40,false,42,0.182,34,2,64,0.216,34,2,true,0,0.000
dec-101,dec,d_b=8;m=5;gap=7;k=4;q=3;s=20,40,false,42,0.182,34,2,128,0.219,34,2,true,0,0.000
dec-101,dec,d_b=8;m=5;gap=7;k=4;q=3;s=20,40,false,42,0.182,34,2,256,0.219,34,2,true,0,0.000
dec-101,dec,d_b=8;m=5;gap=7;k=4;q=3;s=20,40,false,42,0.182,34,2,512,0.239,34,2,true,0,0.000
dec-101,dec,d_b=8;m=5;gap=7;k=4;q=3;s=20,40,false,42,0.182,34,2,1024,0.210,34,2,true,0,0.000
dec-101,dec,d_b=8;m=5;gap=7;k=4;q=3;s=20,40,false,42,0.182,34,2,2048,0.210,34,2,true,0,0.000
dec-101,dec,d_b=8;m=5;gap=7;k=4;q=3;s=20,40,false,42,0.182,34,2,4096,0.209,34,2,true,0,0.000
dec-101,dec,d_b=8;m=5;gap=7;k=4;q=3;s=20,40,false,42,0.182,34,2,8192,0.219,34,2,true,0,0.000
dec-101,dec,d_b=8;m=5;gap=7;k=4;q=3;s=20,40,false,42,0.182,34,2,16384,0.207,34,2,true,0,0.000
mixed-033-2,mixed,seed=0xa1da444764c86fe3;cycles=8;planted=3;d_b=8;m=3;gap=2;k=2,74,false,82,0.191,56,6,1,0.046,65,60,false,0,0.000
mixed-033-2,mixed,seed=0xa1da444764c86fe3;cycles=8;planted=3;d_b=8;m=3;gap=2;k=2,74,false,82,0.191,56,6,2,0.050,65,60,false,0,0.000
mixed-033-2,mixed,seed=0xa1da444764c86fe3;cycles=8;planted=3;d_b=8;m=3;gap=2;k=2,74,false,82,0.191,56,6,4,0.059,65,60,false,0,0.000
mixed-033-2,mixed,seed=0xa1da444764c86fe3;cycles=8;planted=3;d_b=8;m=3;gap=2;k=2,74,false,82,0.191,56,6,8,0.082,65,60,false,0,0.000
mixed-033-2,mixed,seed=0xa1da444764c86fe3;cycles=8;planted=3;d_b=8;m=3;gap=2;k=2,74,false,82,0.191,56,6,16,0.148,65,60,false,0,0.000
mixed-033-2,mixed,seed=0xa1da444764c86fe3;cycles=8;planted=3;d_b=8;m=3;gap=2;k=2,74,false,82,0.191,56,6,32,0.271,62,42,false,0,0.000
mixed-033-2,mixed,seed=0xa1da444764c86fe3;cycles=8;planted=3;d_b=8;m=3;gap=2;k=2,74,false,82,0.191,56,6,64,0.497,56,6,true,0,0.000
mixed-033-2,mixed,seed=0xa1da444764c86fe3;cycles=8;planted=3;d_b=8;m=3;gap=2;k=2,74,false,82,0.191,56,6,128,0.477,56,6,true,0,0.000
mixed-033-2,mixed,seed=0xa1da444764c86fe3;cycles=8;planted=3;d_b=8;m=3;gap=2;k=2,74,false,82,0.191,56,6,256,0.483,56,6,true,0,0.000
mixed-033-2,mixed,seed=0xa1da444764c86fe3;cycles=8;planted=3;d_b=8;m=3;gap=2;k=2,74,false,82,0.191,56,6,512,0.481,56,6,true,0,0.000
mixed-033-2,mixed,seed=0xa1da444764c86fe3;cycles=8;planted=3;d_b=8;m=3;gap=2;k=2,74,false,82,0.191,56,6,1024,0.471,56,6,true,0,0.000
mixed-033-2,mixed,seed=0xa1da444764c86fe3;cycles=8;planted=3;d_b=8;m=3;gap=2;k=2,74,false,82,0.191,56,6,2048,0.476,56,6,true,0,0.000
mixed-033-2,mixed,seed=0xa1da444764c86fe3;cycles=8;planted=3;d_b=8;m=3;gap=2;k=2,74,false,82,0.191,56,6,4096,0.468,56,6,true,0,0.000
mixed-033-2,mixed,seed=0xa1da444764c86fe3;cycles=8;planted=3;d_b=8;m=3;gap=2;k=2,74,false,82,0.191,56,6,8192,0.467,56,6,true,0,0.000
mixed-033-2,mixed,seed=0xa1da444764c86fe3;cycles=8;planted=3;d_b=8;m=3;gap=2;k=2,74,false,82,0.191,56,6,16384,0.465,56,6,true,0,0.000
rand-04-05,rand,seed=0x44b0bcd81c34f87b;cycles=10,32963141,false,1981121,0.080,18,4,1,0.117,18,4,false,0,0.000
rand-04-05,rand,seed=0x44b0bcd81c34f87b;cycles=10,32963141,false,1981121,0.080,18,4,2,0.113,18,4,false,0,0.000
rand-04-05,rand,seed=0x44b0bcd81c34f87b;cycles=10,32963141,false,1981121,0.080,18,4,4,0.161,18,4,true,0,0.000
rand-04-05,rand,seed=0x44b0bcd81c34f87b;cycles=10,32963141,false,1981121,0.080,18,4,8,0.153,18,4,true,0,0.000
rand-04-05,rand,seed=0x44b0bcd81c34f87b;cycles=10,32963141,false,1981121,0.080,18,4,16,0.143,18,4,true,0,0.000
rand-04-05,rand,seed=0x44b0bcd81c34f87b;cycles=10,32963141,false,1981121,0.080,18,4,32,0.141,18,4,true,0,0.000
rand-04-05,rand,seed=0x44b0bcd81c34f87b;cycles=10,32963141,false,1981121,0.080,18,4,64,0.131,18,4,true,0,0.000
rand-04-05,rand,seed=0x44b0bcd81c34f87b;cycles=10,32963141,false,1981121,0.080,18,4,128,0.131,18,4,true,0,0.000
rand-04-05,rand,seed=0x44b0bcd81c34f87b;cycles=10,32963141,false,1981121,0.080,18,4,256,0.127,18,4,true,0,0.000
rand-04-05,rand,seed=0x44b0bcd81c34f87b;cycles=10,32963141,false,1981121,0.080,18,4,512,0.129,18,4,true,0,0.000
rand-04-05,rand,seed=0x44b0bcd81c34f87b;cycles=10,32963141,false,1981121,0.080,18,4,1024,0.127,18,4,true,0,0.000
rand-04-05,rand,seed=0x44b0bcd81c34f87b;cycles=10,32963141,false,1981121,0.080,18,4,2048,0.126,18,4,true,0,0.000
rand-04-05,rand,seed=0x44b0bcd81c34f87b;cycles=10,32963141,false,1981121,0.080,18,4,4096,0.126,18,4,true,0,0.000
rand-04-05,rand,seed=0x44b0bcd81c34f87b;cycles=10,32963141,false,1981121,0.080,18,4,8192,0.124,18,4,true,0,0.000
rand-04-05,rand,seed=0x44b0bcd81c34f87b;cycles=10,32963141,false,1981121,0.080,18,4,16384,0.126,18,4,true,0,0.000
dec-102,dec,d_b=8;m=5;gap=13;k=1;q=3;s=23,16,false,18,0.082,34,2,1,0.020,47,46,false,0,0.000
dec-102,dec,d_b=8;m=5;gap=13;k=1;q=3;s=23,16,false,18,0.082,34,2,2,0.033,47,46,false,0,0.000
dec-102,dec,d_b=8;m=5;gap=13;k=1;q=3;s=23,16,false,18,0.082,34,2,4,0.051,34,2,false,0,0.000
dec-102,dec,d_b=8;m=5;gap=13;k=1;q=3;s=23,16,false,18,0.082,34,2,8,0.077,34,2,false,0,0.000
dec-102,dec,d_b=8;m=5;gap=13;k=1;q=3;s=23,16,false,18,0.082,34,2,16,0.113,34,2,true,0,0.000
dec-102,dec,d_b=8;m=5;gap=13;k=1;q=3;s=23,16,false,18,0.082,34,2,32,0.111,34,2,true,0,0.000
dec-102,dec,d_b=8;m=5;gap=13;k=1;q=3;s=23,16,false,18,0.082,34,2,64,0.107,34,2,true,0,0.000
dec-102,dec,d_b=8;m=5;gap=13;k=1;q=3;s=23,16,false,18,0.082,34,2,128,0.106,34,2,true,0,0.000
dec-102,dec,d_b=8;m=5;gap=13;k=1;q=3;s=23,16,false,18,0.082,34,2,256,0.104,34,2,true,0,0.000
dec-102,dec,d_b=8;m=5;gap=13;k=1;q=3;s=23,16,false,18,0.082,34,2,512,0.104,34,2,true,0,0.000
dec-102,dec,d_b=8;m=5;gap=13;k=1;q=3;s=23,16,false,18,0.082,34,2,1024,0.103,34,2,true,0,0.000
dec-102,dec,d_b=8;m=5;gap=13;k=1;q=3;s=23,16,false,18,0.082,34,2,2048,0.105,34,2,true,0,0.000
dec-102,dec,d_b=8;m=5;gap=13;k=1;q=3;s=23,16,false,18,0.082,34,2,4096,0.103,34,2,true,0,0.000
dec-102,dec,d_b=8;m=5;gap=13;k=1;q=3;s=23,16,false,18,0.082,34,2,8192,0.103,34,2,true,0,0.000
dec-102,dec,d_b=8;m=5;gap=13;k=1;q=3;s=23,16,false,18,0.082,34,2,16384,0.103,34,2,true,0,0.000
mixed-034-0,mixed,seed=0xa70f32f70b2f1bf2;cycles=8;planted=3;d_b=12;m=2;gap=6;k=4,121,false,123,0.197,29,4,1,0.040,43,40,false,0,0.000
mixed-034-0,mixed,seed=0xa70f32f70b2f1bf2;cycles=8;planted=3;d_b=12;m=2;gap=6;k=4,121,false,123,0.197,29,4,2,0.032,43,40,false,0,0.000
mixed-034-0,mixed,seed=0xa70f32f70b2f1bf2;cycles=8;planted=3;d_b=12;m=2;gap=6;k=4,121,false,123,0.197,29,4,4,0.042,43,40,false,0,0.000
mixed-034-0,mixed,seed=0xa70f32f70b2f1bf2;cycles=8;planted=3;d_b=12;m=2;gap=6;k=4,121,false,123,0.197,29,4,8,0.060,43,40,false,0,0.000
mixed-034-0,mixed,seed=0xa70f32f70b2f1bf2;cycles=8;planted=3;d_b=12;m=2;gap=6;k=4,121,false,123,0.197,29,4,16,0.101,43,40,false,0,0.000
mixed-034-0,mixed,seed=0xa70f32f70b2f1bf2;cycles=8;planted=3;d_b=12;m=2;gap=6;k=4,121,false,123,0.197,29,4,32,0.209,29,4,false,0,0.000
mixed-034-0,mixed,seed=0xa70f32f70b2f1bf2;cycles=8;planted=3;d_b=12;m=2;gap=6;k=4,121,false,123,0.197,29,4,64,0.361,29,4,true,0,0.000
mixed-034-0,mixed,seed=0xa70f32f70b2f1bf2;cycles=8;planted=3;d_b=12;m=2;gap=6;k=4,121,false,123,0.197,29,4,128,0.354,29,4,true,0,0.000
mixed-034-0,mixed,seed=0xa70f32f70b2f1bf2;cycles=8;planted=3;d_b=12;m=2;gap=6;k=4,121,false,123,0.197,29,4,256,0.351,29,4,true,0,0.000
mixed-034-0,mixed,seed=0xa70f32f70b2f1bf2;cycles=8;planted=3;d_b=12;m=2;gap=6;k=4,121,false,123,0.197,29,4,512,0.348,29,4,true,0,0.000
mixed-034-0,mixed,seed=0xa70f32f70b2f1bf2;cycles=8;planted=3;d_b=12;m=2;gap=6;k=4,121,false,123,0.197,29,4,1024,0.348,29,4,true,0,0.000
mixed-034-0,mixed,seed=0xa70f32f70b2f1bf2;cycles=8;planted=3;d_b=12;m=2;gap=6;k=4,121,false,123,0.197,29,4,2048,0.345,29,4,true,0,0.000
mixed-034-0,mixed,seed=0xa70f32f70b2f1bf2;cycles=8;planted=3;d_b=12;m=2;gap=6;k=4,121,false,123,0.197,29,4,4096,0.344,29,4,true,0,0.000
mixed-034-0,mixed,seed=0xa70f32f70b2f1bf2;cycles=8;planted=3;d_b=12;m=2;gap=6;k=4,121,false,123,0.197,29,4,8192,0.351,29,4,true,0,0.000
mixed-034-0,mixed,seed=0xa70f32f70b2f1bf2;cycles=8;planted=3;d_b=12;m=2;gap=6;k=4,121,false,123,0.197,29,4,16384,0.343,29,4,true,0,0.000
rand-04-06,rand,seed=0xfca89f60a3b979d5;cycles=10,50221705,true,3063808,0.152,18,8,1,0.133,18,8,false,0,0.000
rand-04-06,rand,seed=0xfca89f60a3b979d5;cycles=10,50221705,true,3063808,0.152,18,8,2,0.131,18,8,false,0,0.000
rand-04-06,rand,seed=0xfca89f60a3b979d5;cycles=10,50221705,true,3063808,0.152,18,8,4,0.156,18,8,false,0,0.000
rand-04-06,rand,seed=0xfca89f60a3b979d5;cycles=10,50221705,true,3063808,0.152,18,8,8,0.230,18,8,true,0,0.000
rand-04-06,rand,seed=0xfca89f60a3b979d5;cycles=10,50221705,true,3063808,0.152,18,8,16,0.220,18,8,true,0,0.000
rand-04-06,rand,seed=0xfca89f60a3b979d5;cycles=10,50221705,true,3063808,0.152,18,8,32,0.236,18,8,true,0,0.000
rand-04-06,rand,seed=0xfca89f60a3b979d5;cycles=10,50221705,true,3063808,0.152,18,8,64,0.210,18,8,true,0,0.000
rand-04-06,rand,seed=0xfca89f60a3b979d5;cycles=10,50221705,true,3063808,0.152,18,8,128,0.207,18,8,true,0,0.000
rand-04-06,rand,seed=0xfca89f60a3b979d5;cycles=10,50221705,true,3063808,0.152,18,8,256,0.207,18,8,true,0,0.000
rand-04-06,rand,seed=0xfca89f60a3b979d5;cycles=10,50221705,true,3063808,0.152,18,8,512,0.206,18,8,true,0,0.000
rand-04-06,rand,seed=0xfca89f60a3b979d5;cycles=10,50221705,true,3063808,0.152,18,8,1024,0.226,18,8,true,0,0.000
rand-04-06,rand,seed=0xfca89f60a3b979d5;cycles=10,50221705,true,3063808,0.152,18,8,2048,0.204,18,8,true,0,0.000
rand-04-06,rand,seed=0xfca89f60a3b979d5;cycles=10,50221705,true,3063808,0.152,18,8,4096,0.207,18,8,true,0,0.000
rand-04-06,rand,seed=0xfca89f60a3b979d5;cycles=10,50221705,true,3063808,0.152,18,8,8192,0.204,18,8,true,0,0.000
rand-04-06,rand,seed=0xfca89f60a3b979d5;cycles=10,50221705,true,3063808,0.152,18,8,16384,0.206,18,8,true,0,0.000
dec-103,dec,d_b=8;m=5;gap=13;k=2;q=3;s=23,24,false,26,0.109,34,2,1,0.021,47,46,false,0,0.000
dec-103,dec,d_b=8;m=5;gap=13;k=2;q=3;s=23,24,false,26,0.109,34,2,2,0.032,47,46,false,0,0.000
dec-103,dec,d_b=8;m=5;gap=13;k=2;q=3;s=23,24,false,26,0.109,34,2,4,0.047,47,46,false,0,0.000
dec-103,dec,d_b=8;m=5;gap=13;k=2;q=3;s=23,24,false,26,0.109,34,2,8,0.092,34,2,false,0,0.000
dec-103,dec,d_b=8;m=5;gap=13;k=2;q=3;s=23,24,false,26,0.109,34,2,16,0.150,34,2,false,0,0.000
dec-103,dec,d_b=8;m=5;gap=13;k=2;q=3;s=23,24,false,26,0.109,34,2,32,0.149,34,2,true,0,0.000
dec-103,dec,d_b=8;m=5;gap=13;k=2;q=3;s=23,24,false,26,0.109,34,2,64,0.145,34,2,true,0,0.000
dec-103,dec,d_b=8;m=5;gap=13;k=2;q=3;s=23,24,false,26,0.109,34,2,128,0.143,34,2,true,0,0.000
dec-103,dec,d_b=8;m=5;gap=13;k=2;q=3;s=23,24,false,26,0.109,34,2,256,0.141,34,2,true,0,0.000
dec-103,dec,d_b=8;m=5;gap=13;k=2;q=3;s=23,24,false,26,0.109,34,2,512,0.141,34,2,true,0,0.000
dec-103,dec,d_b=8;m=5;gap=13;k=2;q=3;s=23,24,false,26,0.109,34,2,1024,0.140,34,2,true,0,0.000
dec-103,dec,d_b=8;m=5;gap=13;k=2;q=3;s=23,24,false,26,0.109,34,2,2048,0.140,34,2,true,0,0.000
dec-103,dec,d_b=8;m=5;gap=13;k=2;q=3;s=23,24,false,26,0.109,34,2,4096,0.139,34,2,true,0,0.000
dec-103,dec,d_b=8;m=5;gap=13;k=2;q=3;s=23,24,false,26,0.109,34,2,8192,0.140,34,2,true,0,0.000
dec-103,dec,d_b=8;m=5;gap=13;k=2;q=3;s=23,24,false,26,0.109,34,2,16384,0.139,34,2,true,0,0.000
mixed-034-1,mixed,seed=0x1aafaa32293d1131;cycles=8;planted=3;d_b=12;m=2;gap=6;k=4,810722,false,84855,0.331,53,10,1,0.095,74,64,false,0,0.000
mixed-034-1,mixed,seed=0x1aafaa32293d1131;cycles=8;planted=3;d_b=12;m=2;gap=6;k=4,810722,false,84855,0.331,53,10,2,0.086,74,64,false,0,0.000
mixed-034-1,mixed,seed=0x1aafaa32293d1131;cycles=8;planted=3;d_b=12;m=2;gap=6;k=4,810722,false,84855,0.331,53,10,4,0.097,74,64,false,0,0.000
mixed-034-1,mixed,seed=0x1aafaa32293d1131;cycles=8;planted=3;d_b=12;m=2;gap=6;k=4,810722,false,84855,0.331,53,10,8,0.131,74,64,false,0,0.000
mixed-034-1,mixed,seed=0x1aafaa32293d1131;cycles=8;planted=3;d_b=12;m=2;gap=6;k=4,810722,false,84855,0.331,53,10,16,0.220,74,64,false,0,0.000
mixed-034-1,mixed,seed=0x1aafaa32293d1131;cycles=8;planted=3;d_b=12;m=2;gap=6;k=4,810722,false,84855,0.331,53,10,32,0.314,67,46,false,0,0.000
mixed-034-1,mixed,seed=0x1aafaa32293d1131;cycles=8;planted=3;d_b=12;m=2;gap=6;k=4,810722,false,84855,0.331,53,10,64,0.573,60,28,false,0,0.000
mixed-034-1,mixed,seed=0x1aafaa32293d1131;cycles=8;planted=3;d_b=12;m=2;gap=6;k=4,810722,false,84855,0.331,53,10,128,0.865,53,10,true,0,0.000
mixed-034-1,mixed,seed=0x1aafaa32293d1131;cycles=8;planted=3;d_b=12;m=2;gap=6;k=4,810722,false,84855,0.331,53,10,256,0.859,53,10,true,0,0.000
mixed-034-1,mixed,seed=0x1aafaa32293d1131;cycles=8;planted=3;d_b=12;m=2;gap=6;k=4,810722,false,84855,0.331,53,10,512,0.850,53,10,true,0,0.000
mixed-034-1,mixed,seed=0x1aafaa32293d1131;cycles=8;planted=3;d_b=12;m=2;gap=6;k=4,810722,false,84855,0.331,53,10,1024,0.919,53,10,true,0,0.000
mixed-034-1,mixed,seed=0x1aafaa32293d1131;cycles=8;planted=3;d_b=12;m=2;gap=6;k=4,810722,false,84855,0.331,53,10,2048,0.857,53,10,true,0,0.000
mixed-034-1,mixed,seed=0x1aafaa32293d1131;cycles=8;planted=3;d_b=12;m=2;gap=6;k=4,810722,false,84855,0.331,53,10,4096,0.865,53,10,true,0,0.000
mixed-034-1,mixed,seed=0x1aafaa32293d1131;cycles=8;planted=3;d_b=12;m=2;gap=6;k=4,810722,false,84855,0.331,53,10,8192,0.845,53,10,true,0,0.000
mixed-034-1,mixed,seed=0x1aafaa32293d1131;cycles=8;planted=3;d_b=12;m=2;gap=6;k=4,810722,false,84855,0.331,53,10,16384,0.838,53,10,true,0,0.000
rand-04-07,rand,seed=0x5b88b616060c60e2;cycles=10,42798051,true,2599936,0.086,20,8,1,0.147,20,8,false,0,0.000
rand-04-07,rand,seed=0x5b88b616060c60e2;cycles=10,42798051,true,2599936,0.086,20,8,2,0.151,20,8,false,0,0.000
rand-04-07,rand,seed=0x5b88b616060c60e2;cycles=10,42798051,true,2599936,0.086,20,8,4,0.153,20,8,false,0,0.000
rand-04-07,rand,seed=0x5b88b616060c60e2;cycles=10,42798051,true,2599936,0.086,20,8,8,0.169,20,8,true,0,0.000
rand-04-07,rand,seed=0x5b88b616060c60e2;cycles=10,42798051,true,2599936,0.086,20,8,16,0.162,20,8,true,0,0.000
rand-04-07,rand,seed=0x5b88b616060c60e2;cycles=10,42798051,true,2599936,0.086,20,8,32,0.159,20,8,true,0,0.000
rand-04-07,rand,seed=0x5b88b616060c60e2;cycles=10,42798051,true,2599936,0.086,20,8,64,0.153,20,8,true,0,0.000
rand-04-07,rand,seed=0x5b88b616060c60e2;cycles=10,42798051,true,2599936,0.086,20,8,128,0.154,20,8,true,0,0.000
rand-04-07,rand,seed=0x5b88b616060c60e2;cycles=10,42798051,true,2599936,0.086,20,8,256,0.152,20,8,true,0,0.000
rand-04-07,rand,seed=0x5b88b616060c60e2;cycles=10,42798051,true,2599936,0.086,20,8,512,0.153,20,8,true,0,0.000
rand-04-07,rand,seed=0x5b88b616060c60e2;cycles=10,42798051,true,2599936,0.086,20,8,1024,0.152,20,8,true,0,0.000
rand-04-07,rand,seed=0x5b88b616060c60e2;cycles=10,42798051,true,2599936,0.086,20,8,2048,0.152,20,8,true,0,0.000
rand-04-07,rand,seed=0x5b88b616060c60e2;cycles=10,42798051,true,2599936,0.086,20,8,4096,0.151,20,8,true,0,0.000
rand-04-07,rand,seed=0x5b88b616060c60e2;cycles=10,42798051,true,2599936,0.086,20,8,8192,0.159,20,8,true,0,0.000
rand-04-07,rand,seed=0x5b88b616060c60e2;cycles=10,42798051,true,2599936,0.086,20,8,16384,0.158,20,8,true,0,0.000
dec-104,dec,d_b=8;m=5;gap=13;k=4;q=3;s=23,40,false,42,0.277,34,2,1,0.048,47,46,false,0,0.000
dec-104,dec,d_b=8;m=5;gap=13;k=4;q=3;s=23,40,false,42,0.277,34,2,2,0.073,47,46,false,0,0.000
dec-104,dec,d_b=8;m=5;gap=13;k=4;q=3;s=23,40,false,42,0.277,34,2,4,0.096,47,46,false,0,0.000
dec-104,dec,d_b=8;m=5;gap=13;k=4;q=3;s=23,40,false,42,0.277,34,2,8,0.150,47,46,false,0,0.000
dec-104,dec,d_b=8;m=5;gap=13;k=4;q=3;s=23,40,false,42,0.277,34,2,16,0.286,34,2,false,0,0.000
dec-104,dec,d_b=8;m=5;gap=13;k=4;q=3;s=23,40,false,42,0.277,34,2,32,0.323,34,2,true,0,0.000
dec-104,dec,d_b=8;m=5;gap=13;k=4;q=3;s=23,40,false,42,0.277,34,2,64,0.311,34,2,true,0,0.000
dec-104,dec,d_b=8;m=5;gap=13;k=4;q=3;s=23,40,false,42,0.277,34,2,128,0.301,34,2,true,0,0.000
dec-104,dec,d_b=8;m=5;gap=13;k=4;q=3;s=23,40,false,42,0.277,34,2,256,0.303,34,2,true,0,0.000
dec-104,dec,d_b=8;m=5;gap=13;k=4;q=3;s=23,40,false,42,0.277,34,2,512,0.296,34,2,true,0,0.000
dec-104,dec,d_b=8;m=5;gap=13;k=4;q=3;s=23,40,false,42,0.277,34,2,1024,0.296,34,2,true,0,0.000
dec-104,dec,d_b=8;m=5;gap=13;k=4;q=3;s=23,40,false,42,0.277,34,2,2048,0.288,34,2,true,0,0.000
dec-104,dec,d_b=8;m=5;gap=13;k=4;q=3;s=23,40,false,42,0.277,34,2,4096,0.285,34,2,true,0,0.000
dec-104,dec,d_b=8;m=5;gap=13;k=4;q=3;s=23,40,false,42,0.277,34,2,8192,0.282,34,2,true,0,0.000
dec-104,dec,d_b=8;m=5;gap=13;k=4;q=3;s=23,40,false,42,0.277,34,2,16384,0.283,34,2,true,0,0.000
mixed-034-2,mixed,seed=0x6e3294452869ed51;cycles=8;planted=3;d_b=12;m=2;gap=6;k=4,183,false,186,0.420,45,6,1,0.064,66,60,false,0,0.000
mixed-034-2,mixed,seed=0x6e3294452869ed51;cycles=8;planted=3;d_b=12;m=2;gap=6;k=4,183,false,186,0.420,45,6,2,0.059,66,60,false,0,0.000
mixed-034-2,mixed,seed=0x6e3294452869ed51;cycles=8;planted=3;d_b=12;m=2;gap=6;k=4,183,false,186,0.420,45,6,4,0.069,66,60,false,0,0.000
mixed-034-2,mixed,seed=0x6e3294452869ed51;cycles=8;planted=3;d_b=12;m=2;gap=6;k=4,183,false,186,0.420,45,6,8,0.147,66,60,false,0,0.000
mixed-034-2,mixed,seed=0x6e3294452869ed51;cycles=8;planted=3;d_b=12;m=2;gap=6;k=4,183,false,186,0.420,45,6,16,0.215,66,60,false,0,0.000
mixed-034-2,mixed,seed=0x6e3294452869ed51;cycles=8;planted=3;d_b=12;m=2;gap=6;k=4,183,false,186,0.420,45,6,32,0.336,59,42,false,0,0.000
mixed-034-2,mixed,seed=0x6e3294452869ed51;cycles=8;planted=3;d_b=12;m=2;gap=6;k=4,183,false,186,0.420,45,6,64,0.628,45,6,false,0,0.000
mixed-034-2,mixed,seed=0x6e3294452869ed51;cycles=8;planted=3;d_b=12;m=2;gap=6;k=4,183,false,186,0.420,45,6,128,0.851,45,6,true,0,0.000
mixed-034-2,mixed,seed=0x6e3294452869ed51;cycles=8;planted=3;d_b=12;m=2;gap=6;k=4,183,false,186,0.420,45,6,256,0.912,45,6,true,0,0.000
mixed-034-2,mixed,seed=0x6e3294452869ed51;cycles=8;planted=3;d_b=12;m=2;gap=6;k=4,183,false,186,0.420,45,6,512,1.504,45,6,true,0,0.000
mixed-034-2,mixed,seed=0x6e3294452869ed51;cycles=8;planted=3;d_b=12;m=2;gap=6;k=4,183,false,186,0.420,45,6,1024,0.866,45,6,true,0,0.000
mixed-034-2,mixed,seed=0x6e3294452869ed51;cycles=8;planted=3;d_b=12;m=2;gap=6;k=4,183,false,186,0.420,45,6,2048,0.835,45,6,true,0,0.000
mixed-034-2,mixed,seed=0x6e3294452869ed51;cycles=8;planted=3;d_b=12;m=2;gap=6;k=4,183,false,186,0.420,45,6,4096,0.911,45,6,true,0,0.000
mixed-034-2,mixed,seed=0x6e3294452869ed51;cycles=8;planted=3;d_b=12;m=2;gap=6;k=4,183,false,186,0.420,45,6,8192,0.879,45,6,true,0,0.000
mixed-034-2,mixed,seed=0x6e3294452869ed51;cycles=8;planted=3;d_b=12;m=2;gap=6;k=4,183,false,186,0.420,45,6,16384,0.884,45,6,true,0,0.000
rand-04-08,rand,seed=0x82da994affd1f97d;cycles=10,32963138,false,1981089,0.047,3,2,1,0.044,3,2,true,0,0.000
rand-04-08,rand,seed=0x82da994affd1f97d;cycles=10,32963138,false,1981089,0.047,3,2,2,0.035,3,2,true,0,0.000
rand-04-08,rand,seed=0x82da994affd1f97d;cycles=10,32963138,false,1981089,0.047,3,2,4,0.028,3,2,true,0,0.000
rand-04-08,rand,seed=0x82da994affd1f97d;cycles=10,32963138,false,1981089,0.047,3,2,8,0.027,3,2,true,0,0.000
rand-04-08,rand,seed=0x82da994affd1f97d;cycles=10,32963138,false,1981089,0.047,3,2,16,0.026,3,2,true,0,0.000
rand-04-08,rand,seed=0x82da994affd1f97d;cycles=10,32963138,false,1981089,0.047,3,2,32,0.024,3,2,true,0,0.000
rand-04-08,rand,seed=0x82da994affd1f97d;cycles=10,32963138,false,1981089,0.047,3,2,64,0.024,3,2,true,0,0.000
rand-04-08,rand,seed=0x82da994affd1f97d;cycles=10,32963138,false,1981089,0.047,3,2,128,0.024,3,2,true,0,0.000
rand-04-08,rand,seed=0x82da994affd1f97d;cycles=10,32963138,false,1981089,0.047,3,2,256,0.024,3,2,true,0,0.000
rand-04-08,rand,seed=0x82da994affd1f97d;cycles=10,32963138,false,1981089,0.047,3,2,512,0.023,3,2,true,0,0.000
rand-04-08,rand,seed=0x82da994affd1f97d;cycles=10,32963138,false,1981089,0.047,3,2,1024,0.023,3,2,true,0,0.000
rand-04-08,rand,seed=0x82da994affd1f97d;cycles=10,32963138,false,1981089,0.047,3,2,2048,0.023,3,2,true,0,0.000
rand-04-08,rand,seed=0x82da994affd1f97d;cycles=10,32963138,false,1981089,0.047,3,2,4096,0.023,3,2,true,0,0.000
rand-04-08,rand,seed=0x82da994affd1f97d;cycles=10,32963138,false,1981089,0.047,3,2,8192,0.023,3,2,true,0,0.000
rand-04-08,rand,seed=0x82da994affd1f97d;cycles=10,32963138,false,1981089,0.047,3,2,16384,0.023,3,2,true,0,0.000
dec-105,dec,d_b=8;m=9;gap=1;k=1;q=7;s=33,16,false,18,0.105,66,2,1,0.024,67,66,false,0,0.000
dec-105,dec,d_b=8;m=9;gap=1;k=1;q=7;s=33,16,false,18,0.105,66,2,2,0.042,67,66,false,0,0.000
dec-105,dec,d_b=8;m=9;gap=1;k=1;q=7;s=33,16,false,18,0.105,66,2,4,0.057,67,66,false,0,0.000
dec-105,dec,d_b=8;m=9;gap=1;k=1;q=7;s=33,16,false,18,0.105,66,2,8,0.088,66,2,false,0,0.000
dec-105,dec,d_b=8;m=9;gap=1;k=1;q=7;s=33,16,false,18,0.105,66,2,16,0.136,66,2,true,0,0.000
dec-105,dec,d_b=8;m=9;gap=1;k=1;q=7;s=33,16,false,18,0.105,66,2,32,0.134,66,2,true,0,0.000
dec-105,dec,d_b=8;m=9;gap=1;k=1;q=7;s=33,16,false,18,0.105,66,2,64,0.129,66,2,true,0,0.000
dec-105,dec,d_b=8;m=9;gap=1;k=1;q=7;s=33,16,false,18,0.105,66,2,128,0.137,66,2,true,0,0.000
dec-105,dec,d_b=8;m=9;gap=1;k=1;q=7;s=33,16,false,18,0.105,66,2,256,0.127,66,2,true,0,0.000
dec-105,dec,d_b=8;m=9;gap=1;k=1;q=7;s=33,16,false,18,0.105,66,2,512,0.127,66,2,true,0,0.000
dec-105,dec,d_b=8;m=9;gap=1;k=1;q=7;s=33,16,false,18,0.105,66,2,1024,0.126,66,2,true,0,0.000
dec-105,dec,d_b=8;m=9;gap=1;k=1;q=7;s=33,16,false,18,0.105,66,2,2048,0.127,66,2,true,0,0.000
dec-105,dec,d_b=8;m=9;gap=1;k=1;q=7;s=33,16,false,18,0.105,66,2,4096,0.124,66,2,true,0,0.000
dec-105,dec,d_b=8;m=9;gap=1;k=1;q=7;s=33,16,false,18,0.105,66,2,8192,0.126,66,2,true,0,0.000
dec-105,dec,d_b=8;m=9;gap=1;k=1;q=7;s=33,16,false,18,0.105,66,2,16384,0.125,66,2,true,0,0.000
mixed-035-0,mixed,seed=0x8ff528db1ae67c2c;cycles=8;planted=3;d_b=16;m=5;gap=2;k=1,2187706,false,210340,0.600,220,10,1,0.213,229,208,false,0,0.000
mixed-035-0,mixed,seed=0x8ff528db1ae67c2c;cycles=8;planted=3;d_b=16;m=5;gap=2;k=1,2187706,false,210340,0.600,220,10,2,0.285,229,208,false,0,0.000
mixed-035-0,mixed,seed=0x8ff528db1ae67c2c;cycles=8;planted=3;d_b=16;m=5;gap=2;k=1,2187706,false,210340,0.600,220,10,4,0.286,229,208,false,0,0.000
mixed-035-0,mixed,seed=0x8ff528db1ae67c2c;cycles=8;planted=3;d_b=16;m=5;gap=2;k=1,2187706,false,210340,0.600,220,10,8,0.347,229,208,false,0,0.000
mixed-035-0,mixed,seed=0x8ff528db1ae67c2c;cycles=8;planted=3;d_b=16;m=5;gap=2;k=1,2187706,false,210340,0.600,220,10,16,0.515,229,208,false,0,0.000
mixed-035-0,mixed,seed=0x8ff528db1ae67c2c;cycles=8;planted=3;d_b=16;m=5;gap=2;k=1,2187706,false,210340,0.600,220,10,32,0.907,229,208,false,0,0.000
mixed-035-0,mixed,seed=0x8ff528db1ae67c2c;cycles=8;planted=3;d_b=16;m=5;gap=2;k=1,2187706,false,210340,0.600,220,10,64,1.564,226,142,false,0,0.000
mixed-035-0,mixed,seed=0x8ff528db1ae67c2c;cycles=8;planted=3;d_b=16;m=5;gap=2;k=1,2187706,false,210340,0.600,220,10,128,2.411,220,10,true,0,0.000
mixed-035-0,mixed,seed=0x8ff528db1ae67c2c;cycles=8;planted=3;d_b=16;m=5;gap=2;k=1,2187706,false,210340,0.600,220,10,256,2.363,220,10,true,0,0.000
mixed-035-0,mixed,seed=0x8ff528db1ae67c2c;cycles=8;planted=3;d_b=16;m=5;gap=2;k=1,2187706,false,210340,0.600,220,10,512,2.357,220,10,true,0,0.000
mixed-035-0,mixed,seed=0x8ff528db1ae67c2c;cycles=8;planted=3;d_b=16;m=5;gap=2;k=1,2187706,false,210340,0.600,220,10,1024,2.313,220,10,true,0,0.000
mixed-035-0,mixed,seed=0x8ff528db1ae67c2c;cycles=8;planted=3;d_b=16;m=5;gap=2;k=1,2187706,false,210340,0.600,220,10,2048,2.327,220,10,true,0,0.000
mixed-035-0,mixed,seed=0x8ff528db1ae67c2c;cycles=8;planted=3;d_b=16;m=5;gap=2;k=1,2187706,false,210340,0.600,220,10,4096,2.352,220,10,true,0,0.000
mixed-035-0,mixed,seed=0x8ff528db1ae67c2c;cycles=8;planted=3;d_b=16;m=5;gap=2;k=1,2187706,false,210340,0.600,220,10,8192,2.352,220,10,true,0,0.000
mixed-035-0,mixed,seed=0x8ff528db1ae67c2c;cycles=8;planted=3;d_b=16;m=5;gap=2;k=1,2187706,false,210340,0.600,220,10,16384,2.342,220,10,true,0,0.000
rand-04-09,rand,seed=0x7b4ef358bee3d68e;cycles=10,50359140,true,3073024,0.108,22,4,1,0.129,22,4,false,0,0.000
rand-04-09,rand,seed=0x7b4ef358bee3d68e;cycles=10,50359140,true,3073024,0.108,22,4,2,0.129,22,4,false,0,0.000
rand-04-09,rand,seed=0x7b4ef358bee3d68e;cycles=10,50359140,true,3073024,0.108,22,4,4,0.138,22,4,false,0,0.000
rand-04-09,rand,seed=0x7b4ef358bee3d68e;cycles=10,50359140,true,3073024,0.108,22,4,8,0.216,22,4,true,0,0.000
rand-04-09,rand,seed=0x7b4ef358bee3d68e;cycles=10,50359140,true,3073024,0.108,22,4,16,0.208,22,4,true,0,0.000
rand-04-09,rand,seed=0x7b4ef358bee3d68e;cycles=10,50359140,true,3073024,0.108,22,4,32,0.202,22,4,true,0,0.000
rand-04-09,rand,seed=0x7b4ef358bee3d68e;cycles=10,50359140,true,3073024,0.108,22,4,64,0.197,22,4,true,0,0.000
rand-04-09,rand,seed=0x7b4ef358bee3d68e;cycles=10,50359140,true,3073024,0.108,22,4,128,0.207,22,4,true,0,0.000
rand-04-09,rand,seed=0x7b4ef358bee3d68e;cycles=10,50359140,true,3073024,0.108,22,4,256,0.195,22,4,true,0,0.000
rand-04-09,rand,seed=0x7b4ef358bee3d68e;cycles=10,50359140,true,3073024,0.108,22,4,512,0.193,22,4,true,0,0.000
rand-04-09,rand,seed=0x7b4ef358bee3d68e;cycles=10,50359140,true,3073024,0.108,22,4,1024,0.193,22,4,true,0,0.000
rand-04-09,rand,seed=0x7b4ef358bee3d68e;cycles=10,50359140,true,3073024,0.108,22,4,2048,0.191,22,4,true,0,0.000
rand-04-09,rand,seed=0x7b4ef358bee3d68e;cycles=10,50359140,true,3073024,0.108,22,4,4096,0.190,22,4,true,0,0.000
rand-04-09,rand,seed=0x7b4ef358bee3d68e;cycles=10,50359140,true,3073024,0.108,22,4,8192,0.191,22,4,true,0,0.000
rand-04-09,rand,seed=0x7b4ef358bee3d68e;cycles=10,50359140,true,3073024,0.108,22,4,16384,0.191,22,4,true,0,0.000
dec-106,dec,d_b=8;m=9;gap=1;k=2;q=7;s=33,24,false,26,0.160,66,2,1,0.026,67,66,false,0,0.000
dec-106,dec,d_b=8;m=9;gap=1;k=2;q=7;s=33,24,false,26,0.160,66,2,2,0.042,67,66,false,0,0.000
dec-106,dec,d_b=8;m=9;gap=1;k=2;q=7;s=33,24,false,26,0.160,66,2,4,0.055,67,66,false,0,0.000
dec-106,dec,d_b=8;m=9;gap=1;k=2;q=7;s=33,24,false,26,0.160,66,2,8,0.104,67,66,false,0,0.000
dec-106,dec,d_b=8;m=9;gap=1;k=2;q=7;s=33,24,false,26,0.160,66,2,16,0.179,66,2,false,0,0.000
dec-106,dec,d_b=8;m=9;gap=1;k=2;q=7;s=33,24,false,26,0.160,66,2,32,0.195,66,2,true,0,0.000
dec-106,dec,d_b=8;m=9;gap=1;k=2;q=7;s=33,24,false,26,0.160,66,2,64,0.187,66,2,true,0,0.000
dec-106,dec,d_b=8;m=9;gap=1;k=2;q=7;s=33,24,false,26,0.160,66,2,128,0.187,66,2,true,0,0.000
dec-106,dec,d_b=8;m=9;gap=1;k=2;q=7;s=33,24,false,26,0.160,66,2,256,0.183,66,2,true,0,0.000
dec-106,dec,d_b=8;m=9;gap=1;k=2;q=7;s=33,24,false,26,0.160,66,2,512,0.184,66,2,true,0,0.000
dec-106,dec,d_b=8;m=9;gap=1;k=2;q=7;s=33,24,false,26,0.160,66,2,1024,0.182,66,2,true,0,0.000
dec-106,dec,d_b=8;m=9;gap=1;k=2;q=7;s=33,24,false,26,0.160,66,2,2048,0.183,66,2,true,0,0.000
dec-106,dec,d_b=8;m=9;gap=1;k=2;q=7;s=33,24,false,26,0.160,66,2,4096,0.181,66,2,true,0,0.000
dec-106,dec,d_b=8;m=9;gap=1;k=2;q=7;s=33,24,false,26,0.160,66,2,8192,0.182,66,2,true,0,0.000
dec-106,dec,d_b=8;m=9;gap=1;k=2;q=7;s=33,24,false,26,0.160,66,2,16384,0.180,66,2,true,0,0.000
mixed-035-1,mixed,seed=0x00aff4116f0e7a9d;cycles=8;planted=3;d_b=16;m=5;gap=2;k=1,2093935,false,206304,0.497,210,12,1,0.113,219,210,false,0,0.000
mixed-035-1,mixed,seed=0x00aff4116f0e7a9d;cycles=8;planted=3;d_b=16;m=5;gap=2;k=1,2093935,false,206304,0.497,210,12,2,0.105,219,210,false,0,0.000
mixed-035-1,mixed,seed=0x00aff4116f0e7a9d;cycles=8;planted=3;d_b=16;m=5;gap=2;k=1,2093935,false,206304,0.497,210,12,4,0.106,219,210,false,0,0.000
mixed-035-1,mixed,seed=0x00aff4116f0e7a9d;cycles=8;planted=3;d_b=16;m=5;gap=2;k=1,2093935,false,206304,0.497,210,12,8,0.137,219,210,false,0,0.000
mixed-035-1,mixed,seed=0x00aff4116f0e7a9d;cycles=8;planted=3;d_b=16;m=5;gap=2;k=1,2093935,false,206304,0.497,210,12,16,0.199,219,210,false,0,0.000
mixed-035-1,mixed,seed=0x00aff4116f0e7a9d;cycles=8;planted=3;d_b=16;m=5;gap=2;k=1,2093935,false,206304,0.497,210,12,32,0.355,216,144,false,0,0.000
mixed-035-1,mixed,seed=0x00aff4116f0e7a9d;cycles=8;planted=3;d_b=16;m=5;gap=2;k=1,2093935,false,206304,0.497,210,12,64,0.678,216,144,false,0,0.000
mixed-035-1,mixed,seed=0x00aff4116f0e7a9d;cycles=8;planted=3;d_b=16;m=5;gap=2;k=1,2093935,false,206304,0.497,210,12,128,0.938,210,12,true,0,0.000
mixed-035-1,mixed,seed=0x00aff4116f0e7a9d;cycles=8;planted=3;d_b=16;m=5;gap=2;k=1,2093935,false,206304,0.497,210,12,256,0.928,210,12,true,0,0.000
mixed-035-1,mixed,seed=0x00aff4116f0e7a9d;cycles=8;planted=3;d_b=16;m=5;gap=2;k=1,2093935,false,206304,0.497,210,12,512,0.958,210,12,true,0,0.000
mixed-035-1,mixed,seed=0x00aff4116f0e7a9d;cycles=8;planted=3;d_b=16;m=5;gap=2;k=1,2093935,false,206304,0.497,210,12,1024,0.911,210,12,true,0,0.000
mixed-035-1,mixed,seed=0x00aff4116f0e7a9d;cycles=8;planted=3;d_b=16;m=5;gap=2;k=1,2093935,false,206304,0.497,210,12,2048,0.925,210,12,true,0,0.000
mixed-035-1,mixed,seed=0x00aff4116f0e7a9d;cycles=8;planted=3;d_b=16;m=5;gap=2;k=1,2093935,false,206304,0.497,210,12,4096,0.910,210,12,true,0,0.000
mixed-035-1,mixed,seed=0x00aff4116f0e7a9d;cycles=8;planted=3;d_b=16;m=5;gap=2;k=1,2093935,false,206304,0.497,210,12,8192,0.917,210,12,true,0,0.000
mixed-035-1,mixed,seed=0x00aff4116f0e7a9d;cycles=8;planted=3;d_b=16;m=5;gap=2;k=1,2093935,false,206304,0.497,210,12,16384,0.907,210,12,true,0,0.000
rand-04-10,rand,seed=0xde896d57e9ab38b6;cycles=10,49903537,true,2961408,0.111,9,6,1,0.088,9,6,false,0,0.000
rand-04-10,rand,seed=0xde896d57e9ab38b6;cycles=10,49903537,true,2961408,0.111,9,6,2,0.132,9,6,false,0,0.000
rand-04-10,rand,seed=0xde896d57e9ab38b6;cycles=10,49903537,true,2961408,0.111,9,6,4,0.129,9,6,true,0,0.000
rand-04-10,rand,seed=0xde896d57e9ab38b6;cycles=10,49903537,true,2961408,0.111,9,6,8,0.123,9,6,true,0,0.000
rand-04-10,rand,seed=0xde896d57e9ab38b6;cycles=10,49903537,true,2961408,0.111,9,6,16,0.117,9,6,true,0,0.000
rand-04-10,rand,seed=0xde896d57e9ab38b6;cycles=10,49903537,true,2961408,0.111,9,6,32,0.116,9,6,true,0,0.000
rand-04-10,rand,seed=0xde896d57e9ab38b6;cycles=10,49903537,true,2961408,0.111,9,6,64,0.112,9,6,true,0,0.000
rand-04-10,rand,seed=0xde896d57e9ab38b6;cycles=10,49903537,true,2961408,0.111,9,6,128,0.113,9,6,true,0,0.000
rand-04-10,rand,seed=0xde896d57e9ab38b6;cycles=10,49903537,true,2961408,0.111,9,6,256,0.113,9,6,true,0,0.000
rand-04-10,rand,seed=0xde896d57e9ab38b6;cycles=10,49903537,true,2961408,0.111,9,6,512,0.112,9,6,true,0,0.000
rand-04-10,rand,seed=0xde896d57e9ab38b6;cycles=10,49903537,true,2961408,0.111,9,6,1024,0.111,9,6,true,0,0.000
rand-04-10,rand,seed=0xde896d57e9ab38b6;cycles=10,49903537,true,2961408,0.111,9,6,2048,0.111,9,6,true,0,0.000
rand-04-10,rand,seed=0xde896d57e9ab38b6;cycles=10,49903537,true,2961408,0.111,9,6,4096,0.112,9,6,true,0,0.000
rand-04-10,rand,seed=0xde896d57e9ab38b6;cycles=10,49903537,true,2961408,0.111,9,6,8192,0.111,9,6,true,0,0.000
rand-04-10,rand,seed=0xde896d57e9ab38b6;cycles=10,49903537,true,2961408,0.111,9,6,16384,0.118,9,6,true,0,0.000
dec-107,dec,d_b=8;m=9;gap=1;k=4;q=7;s=33,40,false,42,0.272,66,2,1,0.029,67,66,false,0,0.000
dec-107,dec,d_b=8;m=9;gap=1;k=4;q=7;s=33,40,false,42,0.272,66,2,2,0.046,67,66,false,0,0.000
dec-107,dec,d_b=8;m=9;gap=1;k=4;q=7;s=33,40,false,42,0.272,66,2,4,0.069,67,66,false,0,0.000
dec-107,dec,d_b=8;m=9;gap=1;k=4;q=7;s=33,40,false,42,0.272,66,2,8,0.122,67,66,false,0,0.000
dec-107,dec,d_b=8;m=9;gap=1;k=4;q=7;s=33,40,false,42,0.272,66,2,16,0.211,67,66,false,0,0.000
dec-107,dec,d_b=8;m=9;gap=1;k=4;q=7;s=33,40,false,42,0.272,66,2,32,0.311,66,2,true,0,0.000
dec-107,dec,d_b=8;m=9;gap=1;k=4;q=7;s=33,40,false,42,0.272,66,2,64,0.307,66,2,true,0,0.000
dec-107,dec,d_b=8;m=9;gap=1;k=4;q=7;s=33,40,false,42,0.272,66,2,128,0.304,66,2,true,0,0.000
dec-107,dec,d_b=8;m=9;gap=1;k=4;q=7;s=33,40,false,42,0.272,66,2,256,0.307,66,2,true,0,0.000
dec-107,dec,d_b=8;m=9;gap=1;k=4;q=7;s=33,40,false,42,0.272,66,2,512,0.297,66,2,true,0,0.000
dec-107,dec,d_b=8;m=9;gap=1;k=4;q=7;s=33,40,false,42,0.272,66,2,1024,0.296,66,2,true,0,0.000
dec-107,dec,d_b=8;m=9;gap=1;k=4;q=7;s=33,40,false,42,0.272,66,2,2048,0.298,66,2,true,0,0.000
dec-107,dec,d_b=8;m=9;gap=1;k=4;q=7;s=33,40,false,42,0.272,66,2,4096,0.305,66,2,true,0,0.000
dec-107,dec,d_b=8;m=9;gap=1;k=4;q=7;s=33,40,false,42,0.272,66,2,8192,0.297,66,2,true,0,0.000
dec-107,dec,d_b=8;m=9;gap=1;k=4;q=7;s=33,40,false,42,0.272,66,2,16384,0.296,66,2,true,0,0.000
mixed-035-2,mixed,seed=0x3db16341fc4bd254;cycles=8;planted=3;d_b=16;m=5;gap=2;k=1,66,false,70,0.303,134,4,1,0.046,140,136,false,0,0.000
mixed-035-2,mixed,seed=0x3db16341fc4bd254;cycles=8;planted=3;d_b=16;m=5;gap=2;k=1,66,false,70,0.303,134,4,2,0.050,140,136,false,0,0.000
mixed-035-2,mixed,seed=0x3db16341fc4bd254;cycles=8;planted=3;d_b=16;m=5;gap=2;k=1,66,false,70,0.303,134,4,4,0.050,140,136,false,0,0.000
mixed-035-2,mixed,seed=0x3db16341fc4bd254;cycles=8;planted=3;d_b=16;m=5;gap=2;k=1,66,false,70,0.303,134,4,8,0.095,140,136,false,0,0.000
mixed-035-2,mixed,seed=0x3db16341fc4bd254;cycles=8;planted=3;d_b=16;m=5;gap=2;k=1,66,false,70,0.303,134,4,16,0.162,140,136,false,0,0.000
mixed-035-2,mixed,seed=0x3db16341fc4bd254;cycles=8;planted=3;d_b=16;m=5;gap=2;k=1,66,false,70,0.303,134,4,32,0.318,140,136,false,0,0.000
mixed-035-2,mixed,seed=0x3db16341fc4bd254;cycles=8;planted=3;d_b=16;m=5;gap=2;k=1,66,false,70,0.303,134,4,64,0.598,134,4,true,0,0.000
mixed-035-2,mixed,seed=0x3db16341fc4bd254;cycles=8;planted=3;d_b=16;m=5;gap=2;k=1,66,false,70,0.303,134,4,128,0.588,134,4,true,0,0.000
mixed-035-2,mixed,seed=0x3db16341fc4bd254;cycles=8;planted=3;d_b=16;m=5;gap=2;k=1,66,false,70,0.303,134,4,256,0.579,134,4,true,0,0.000
mixed-035-2,mixed,seed=0x3db16341fc4bd254;cycles=8;planted=3;d_b=16;m=5;gap=2;k=1,66,false,70,0.303,134,4,512,0.582,134,4,true,0,0.000
mixed-035-2,mixed,seed=0x3db16341fc4bd254;cycles=8;planted=3;d_b=16;m=5;gap=2;k=1,66,false,70,0.303,134,4,1024,0.574,134,4,true,0,0.000
mixed-035-2,mixed,seed=0x3db16341fc4bd254;cycles=8;planted=3;d_b=16;m=5;gap=2;k=1,66,false,70,0.303,134,4,2048,0.577,134,4,true,0,0.000
mixed-035-2,mixed,seed=0x3db16341fc4bd254;cycles=8;planted=3;d_b=16;m=5;gap=2;k=1,66,false,70,0.303,134,4,4096,0.571,134,4,true,0,0.000
mixed-035-2,mixed,seed=0x3db16341fc4bd254;cycles=8;planted=3;d_b=16;m=5;gap=2;k=1,66,false,70,0.303,134,4,8192,0.575,134,4,true,0,0.000
mixed-035-2,mixed,seed=0x3db16341fc4bd254;cycles=8;planted=3;d_b=16;m=5;gap=2;k=1,66,false,70,0.303,134,4,16384,0.569,134,4,true,0,0.000
rand-04-11,rand,seed=0xe8c197cd5be3d0fe;cycles=10,32963142,false,1981108,0.064,11,6,1,0.105,11,6,false,0,0.000
rand-04-11,rand,seed=0xe8c197cd5be3d0fe;cycles=10,32963142,false,1981108,0.064,11,6,2,0.100,11,6,false,0,0.000
rand-04-11,rand,seed=0xe8c197cd5be3d0fe;cycles=10,32963142,false,1981108,0.064,11,6,4,0.098,11,6,false,0,0.000
rand-04-11,rand,seed=0xe8c197cd5be3d0fe;cycles=10,32963142,false,1981108,0.064,11,6,8,0.116,11,6,true,0,0.000
rand-04-11,rand,seed=0xe8c197cd5be3d0fe;cycles=10,32963142,false,1981108,0.064,11,6,16,0.111,11,6,true,0,0.000
rand-04-11,rand,seed=0xe8c197cd5be3d0fe;cycles=10,32963142,false,1981108,0.064,11,6,32,0.107,11,6,true,0,0.000
rand-04-11,rand,seed=0xe8c197cd5be3d0fe;cycles=10,32963142,false,1981108,0.064,11,6,64,0.107,11,6,true,0,0.000
rand-04-11,rand,seed=0xe8c197cd5be3d0fe;cycles=10,32963142,false,1981108,0.064,11,6,128,0.105,11,6,true,0,0.000
rand-04-11,rand,seed=0xe8c197cd5be3d0fe;cycles=10,32963142,false,1981108,0.064,11,6,256,0.106,11,6,true,0,0.000
rand-04-11,rand,seed=0xe8c197cd5be3d0fe;cycles=10,32963142,false,1981108,0.064,11,6,512,0.103,11,6,true,0,0.000
rand-04-11,rand,seed=0xe8c197cd5be3d0fe;cycles=10,32963142,false,1981108,0.064,11,6,1024,0.105,11,6,true,0,0.000
rand-04-11,rand,seed=0xe8c197cd5be3d0fe;cycles=10,32963142,false,1981108,0.064,11,6,2048,0.104,11,6,true,0,0.000
rand-04-11,rand,seed=0xe8c197cd5be3d0fe;cycles=10,32963142,false,1981108,0.064,11,6,4096,0.104,11,6,true,0,0.000
rand-04-11,rand,seed=0xe8c197cd5be3d0fe;cycles=10,32963142,false,1981108,0.064,11,6,8192,0.102,11,6,true,0,0.000
rand-04-11,rand,seed=0xe8c197cd5be3d0fe;cycles=10,32963142,false,1981108,0.064,11,6,16384,0.104,11,6,true,0,0.000
dec-108,dec,d_b=8;m=9;gap=3;k=1;q=7;s=34,16,false,18,0.099,66,2,1,0.024,69,68,false,0,0.000
dec-108,dec,d_b=8;m=9;gap=3;k=1;q=7;s=34,16,false,18,0.099,66,2,2,0.043,69,68,false,0,0.000
dec-108,dec,d_b=8;m=9;gap=3;k=1;q=7;s=34,16,false,18,0.099,66,2,4,0.058,69,68,false,0,0.000
dec-108,dec,d_b=8;m=9;gap=3;k=1;q=7;s=34,16,false,18,0.099,66,2,8,0.087,66,2,false,0,0.000
dec-108,dec,d_b=8;m=9;gap=3;k=1;q=7;s=34,16,false,18,0.099,66,2,16,0.138,66,2,true,0,0.000
dec-108,dec,d_b=8;m=9;gap=3;k=1;q=7;s=34,16,false,18,0.099,66,2,32,0.137,66,2,true,0,0.000
dec-108,dec,d_b=8;m=9;gap=3;k=1;q=7;s=34,16,false,18,0.099,66,2,64,0.133,66,2,true,0,0.000
dec-108,dec,d_b=8;m=9;gap=3;k=1;q=7;s=34,16,false,18,0.099,66,2,128,0.132,66,2,true,0,0.000
dec-108,dec,d_b=8;m=9;gap=3;k=1;q=7;s=34,16,false,18,0.099,66,2,256,0.129,66,2,true,0,0.000
dec-108,dec,d_b=8;m=9;gap=3;k=1;q=7;s=34,16,false,18,0.099,66,2,512,0.130,66,2,true,0,0.000
dec-108,dec,d_b=8;m=9;gap=3;k=1;q=7;s=34,16,false,18,0.099,66,2,1024,0.127,66,2,true,0,0.000
dec-108,dec,d_b=8;m=9;gap=3;k=1;q=7;s=34,16,false,18,0.099,66,2,2048,0.127,66,2,true,0,0.000
dec-108,dec,d_b=8;m=9;gap=3;k=1;q=7;s=34,16,false,18,0.099,66,2,4096,0.126,66,2,true,0,0.000
dec-108,dec,d_b=8;m=9;gap=3;k=1;q=7;s=34,16,false,18,0.099,66,2,8192,0.127,66,2,true,0,0.000
dec-108,dec,d_b=8;m=9;gap=3;k=1;q=7;s=34,16,false,18,0.099,66,2,16384,0.127,66,2,true,0,0.000
mixed-036-0,mixed,seed=0x0c1585ba89fdd6b1;cycles=9;planted=1;d_b=4;m=2;gap=1;k=2,5335257,false,414702,0.050,9,4,1,0.040,10,8,false,0,0.000
mixed-036-0,mixed,seed=0x0c1585ba89fdd6b1;cycles=9;planted=1;d_b=4;m=2;gap=1;k=2,5335257,false,414702,0.050,9,4,2,0.037,10,8,false,0,0.000
mixed-036-0,mixed,seed=0x0c1585ba89fdd6b1;cycles=9;planted=1;d_b=4;m=2;gap=1;k=2,5335257,false,414702,0.050,9,4,4,0.041,10,8,false,0,0.000
mixed-036-0,mixed,seed=0x0c1585ba89fdd6b1;cycles=9;planted=1;d_b=4;m=2;gap=1;k=2,5335257,false,414702,0.050,9,4,8,0.063,9,4,false,0,0.000
mixed-036-0,mixed,seed=0x0c1585ba89fdd6b1;cycles=9;planted=1;d_b=4;m=2;gap=1;k=2,5335257,false,414702,0.050,9,4,16,0.067,9,4,true,0,0.000
mixed-036-0,mixed,seed=0x0c1585ba89fdd6b1;cycles=9;planted=1;d_b=4;m=2;gap=1;k=2,5335257,false,414702,0.050,9,4,32,0.084,9,4,true,0,0.000
mixed-036-0,mixed,seed=0x0c1585ba89fdd6b1;cycles=9;planted=1;d_b=4;m=2;gap=1;k=2,5335257,false,414702,0.050,9,4,64,0.065,9,4,true,0,0.000
mixed-036-0,mixed,seed=0x0c1585ba89fdd6b1;cycles=9;planted=1;d_b=4;m=2;gap=1;k=2,5335257,false,414702,0.050,9,4,128,0.056,9,4,true,0,0.000
mixed-036-0,mixed,seed=0x0c1585ba89fdd6b1;cycles=9;planted=1;d_b=4;m=2;gap=1;k=2,5335257,false,414702,0.050,9,4,256,0.057,9,4,true,0,0.000
mixed-036-0,mixed,seed=0x0c1585ba89fdd6b1;cycles=9;planted=1;d_b=4;m=2;gap=1;k=2,5335257,false,414702,0.050,9,4,512,0.055,9,4,true,0,0.000
mixed-036-0,mixed,seed=0x0c1585ba89fdd6b1;cycles=9;planted=1;d_b=4;m=2;gap=1;k=2,5335257,false,414702,0.050,9,4,1024,0.055,9,4,true,0,0.000
mixed-036-0,mixed,seed=0x0c1585ba89fdd6b1;cycles=9;planted=1;d_b=4;m=2;gap=1;k=2,5335257,false,414702,0.050,9,4,2048,0.054,9,4,true,0,0.000
mixed-036-0,mixed,seed=0x0c1585ba89fdd6b1;cycles=9;planted=1;d_b=4;m=2;gap=1;k=2,5335257,false,414702,0.050,9,4,4096,0.054,9,4,true,0,0.000
mixed-036-0,mixed,seed=0x0c1585ba89fdd6b1;cycles=9;planted=1;d_b=4;m=2;gap=1;k=2,5335257,false,414702,0.050,9,4,8192,0.054,9,4,true,0,0.000
mixed-036-0,mixed,seed=0x0c1585ba89fdd6b1;cycles=9;planted=1;d_b=4;m=2;gap=1;k=2,5335257,false,414702,0.050,9,4,16384,0.053,9,4,true,0,0.000
rand-04-12,rand,seed=0xb6e50128cd4fa800;cycles=10,49886478,true,2960384,0.180,46,6,1,0.212,46,6,false,0,0.000
rand-04-12,rand,seed=0xb6e50128cd4fa800;cycles=10,49886478,true,2960384,0.180,46,6,2,0.211,46,6,false,0,0.000
rand-04-12,rand,seed=0xb6e50128cd4fa800;cycles=10,49886478,true,2960384,0.180,46,6,4,0.219,46,6,false,0,0.000
rand-04-12,rand,seed=0xb6e50128cd4fa800;cycles=10,49886478,true,2960384,0.180,46,6,8,0.272,46,6,false,0,0.000
rand-04-12,rand,seed=0xb6e50128cd4fa800;cycles=10,49886478,true,2960384,0.180,46,6,16,0.404,46,6,false,0,0.000
rand-04-12,rand,seed=0xb6e50128cd4fa800;cycles=10,49886478,true,2960384,0.180,46,6,32,0.565,46,6,true,0,0.000
rand-04-12,rand,seed=0xb6e50128cd4fa800;cycles=10,49886478,true,2960384,0.180,46,6,64,0.556,46,6,true,0,0.000
rand-04-12,rand,seed=0xb6e50128cd4fa800;cycles=10,49886478,true,2960384,0.180,46,6,128,0.553,46,6,true,0,0.000
rand-04-12,rand,seed=0xb6e50128cd4fa800;cycles=10,49886478,true,2960384,0.180,46,6,256,0.558,46,6,true,0,0.000
rand-04-12,rand,seed=0xb6e50128cd4fa800;cycles=10,49886478,true,2960384,0.180,46,6,512,0.550,46,6,true,0,0.000
rand-04-12,rand,seed=0xb6e50128cd4fa800;cycles=10,49886478,true,2960384,0.180,46,6,1024,0.546,46,6,true,0,0.000
rand-04-12,rand,seed=0xb6e50128cd4fa800;cycles=10,49886478,true,2960384,0.180,46,6,2048,0.548,46,6,true,0,0.000
rand-04-12,rand,seed=0xb6e50128cd4fa800;cycles=10,49886478,true,2960384,0.180,46,6,4096,0.543,46,6,true,0,0.000
rand-04-12,rand,seed=0xb6e50128cd4fa800;cycles=10,49886478,true,2960384,0.180,46,6,8192,0.546,46,6,true,0,0.000
rand-04-12,rand,seed=0xb6e50128cd4fa800;cycles=10,49886478,true,2960384,0.180,46,6,16384,0.552,46,6,true,0,0.000
dec-109,dec,d_b=8;m=9;gap=3;k=2;q=7;s=34,24,false,26,0.171,66,2,1,0.028,69,68,false,0,0.000
dec-109,dec,d_b=8;m=9;gap=3;k=2;q=7;s=34,24,false,26,0.171,66,2,2,0.043,69,68,false,0,0.000
dec-109,dec,d_b=8;m=9;gap=3;k=2;q=7;s=34,24,false,26,0.171,66,2,4,0.057,69,68,false,0,0.000
dec-109,dec,d_b=8;m=9;gap=3;k=2;q=7;s=34,24,false,26,0.171,66,2,8,0.105,69,68,false,0,0.000
dec-109,dec,d_b=8;m=9;gap=3;k=2;q=7;s=34,24,false,26,0.171,66,2,16,0.179,66,2,false,0,0.000
dec-109,dec,d_b=8;m=9;gap=3;k=2;q=7;s=34,24,false,26,0.171,66,2,32,0.190,66,2,true,0,0.000
dec-109,dec,d_b=8;m=9;gap=3;k=2;q=7;s=34,24,false,26,0.171,66,2,64,0.188,66,2,true,0,0.000
dec-109,dec,d_b=8;m=9;gap=3;k=2;q=7;s=34,24,false,26,0.171,66,2,128,0.184,66,2,true,0,0.000
dec-109,dec,d_b=8;m=9;gap=3;k=2;q=7;s=34,24,false,26,0.171,66,2,256,0.182,66,2,true,0,0.000
dec-109,dec,d_b=8;m=9;gap=3;k=2;q=7;s=34,24,false,26,0.171,66,2,512,0.183,66,2,true,0,0.000
dec-109,dec,d_b=8;m=9;gap=3;k=2;q=7;s=34,24,false,26,0.171,66,2,1024,0.182,66,2,true,0,0.000
dec-109,dec,d_b=8;m=9;gap=3;k=2;q=7;s=34,24,false,26,0.171,66,2,2048,0.181,66,2,true,0,0.000
dec-109,dec,d_b=8;m=9;gap=3;k=2;q=7;s=34,24,false,26,0.171,66,2,4096,0.181,66,2,true,0,0.000
dec-109,dec,d_b=8;m=9;gap=3;k=2;q=7;s=34,24,false,26,0.171,66,2,8192,0.181,66,2,true,0,0.000
dec-109,dec,d_b=8;m=9;gap=3;k=2;q=7;s=34,24,false,26,0.171,66,2,16384,0.183,66,2,true,0,0.000
mixed-036-1,mixed,seed=0xf6234467df3846d2;cycles=9;planted=1;d_b=4;m=2;gap=1;k=2,12612679,false,927371,0.106,20,10,1,0.127,21,14,false,0,0.000
mixed-036-1,mixed,seed=0xf6234467df3846d2;cycles=9;planted=1;d_b=4;m=2;gap=1;k=2,12612679,false,927371,0.106,20,10,2,0.112,21,14,false,0,0.000
mixed-036-1,mixed,seed=0xf6234467df3846d2;cycles=9;planted=1;d_b=4;m=2;gap=1;k=2,12612679,false,927371,0.106,20,10,4,0.110,21,14,false,0,0.000
mixed-036-1,mixed,seed=0xf6234467df3846d2;cycles=9;planted=1;d_b=4;m=2;gap=1;k=2,12612679,false,927371,0.106,20,10,8,0.140,21,14,false,0,0.000
mixed-036-1,mixed,seed=0xf6234467df3846d2;cycles=9;planted=1;d_b=4;m=2;gap=1;k=2,12612679,false,927371,0.106,20,10,16,0.192,20,10,true,0,0.000
mixed-036-1,mixed,seed=0xf6234467df3846d2;cycles=9;planted=1;d_b=4;m=2;gap=1;k=2,12612679,false,927371,0.106,20,10,32,0.187,20,10,true,0,0.000
mixed-036-1,mixed,seed=0xf6234467df3846d2;cycles=9;planted=1;d_b=4;m=2;gap=1;k=2,12612679,false,927371,0.106,20,10,64,0.184,20,10,true,0,0.000
mixed-036-1,mixed,seed=0xf6234467df3846d2;cycles=9;planted=1;d_b=4;m=2;gap=1;k=2,12612679,false,927371,0.106,20,10,128,0.180,20,10,true,0,0.000
mixed-036-1,mixed,seed=0xf6234467df3846d2;cycles=9;planted=1;d_b=4;m=2;gap=1;k=2,12612679,false,927371,0.106,20,10,256,0.179,20,10,true,0,0.000
mixed-036-1,mixed,seed=0xf6234467df3846d2;cycles=9;planted=1;d_b=4;m=2;gap=1;k=2,12612679,false,927371,0.106,20,10,512,0.188,20,10,true,0,0.000
mixed-036-1,mixed,seed=0xf6234467df3846d2;cycles=9;planted=1;d_b=4;m=2;gap=1;k=2,12612679,false,927371,0.106,20,10,1024,0.180,20,10,true,0,0.000
mixed-036-1,mixed,seed=0xf6234467df3846d2;cycles=9;planted=1;d_b=4;m=2;gap=1;k=2,12612679,false,927371,0.106,20,10,2048,0.175,20,10,true,0,0.000
mixed-036-1,mixed,seed=0xf6234467df3846d2;cycles=9;planted=1;d_b=4;m=2;gap=1;k=2,12612679,false,927371,0.106,20,10,4096,0.178,20,10,true,0,0.000
mixed-036-1,mixed,seed=0xf6234467df3846d2;cycles=9;planted=1;d_b=4;m=2;gap=1;k=2,12612679,false,927371,0.106,20,10,8192,0.175,20,10,true,0,0.000
mixed-036-1,mixed,seed=0xf6234467df3846d2;cycles=9;planted=1;d_b=4;m=2;gap=1;k=2,12612679,false,927371,0.106,20,10,16384,0.177,20,10,true,0,0.000
rand-04-13,rand,seed=0x573bc1142cf34876;cycles=10,49124518,true,3014656,0.071,16,8,1,0.075,16,8,false,0,0.000
rand-04-13,rand,seed=0x573bc1142cf34876;cycles=10,49124518,true,3014656,0.071,16,8,2,0.070,16,8,false,0,0.000
rand-04-13,rand,seed=0x573bc1142cf34876;cycles=10,49124518,true,3014656,0.071,16,8,4,0.070,16,8,false,0,0.000
rand-04-13,rand,seed=0x573bc1142cf34876;cycles=10,49124518,true,3014656,0.071,16,8,8,0.083,16,8,true,0,0.000
rand-04-13,rand,seed=0x573bc1142cf34876;cycles=10,49124518,true,3014656,0.071,16,8,16,0.080,16,8,true,0,0.000
rand-04-13,rand,seed=0x573bc1142cf34876;cycles=10,49124518,true,3014656,0.071,16,8,32,0.076,16,8,true,0,0.000
rand-04-13,rand,seed=0x573bc1142cf34876;cycles=10,49124518,true,3014656,0.071,16,8,64,0.075,16,8,true,0,0.000
rand-04-13,rand,seed=0x573bc1142cf34876;cycles=10,49124518,true,3014656,0.071,16,8,128,0.074,16,8,true,0,0.000
rand-04-13,rand,seed=0x573bc1142cf34876;cycles=10,49124518,true,3014656,0.071,16,8,256,0.074,16,8,true,0,0.000
rand-04-13,rand,seed=0x573bc1142cf34876;cycles=10,49124518,true,3014656,0.071,16,8,512,0.072,16,8,true,0,0.000
rand-04-13,rand,seed=0x573bc1142cf34876;cycles=10,49124518,true,3014656,0.071,16,8,1024,0.073,16,8,true,0,0.000
rand-04-13,rand,seed=0x573bc1142cf34876;cycles=10,49124518,true,3014656,0.071,16,8,2048,0.071,16,8,true,0,0.000
rand-04-13,rand,seed=0x573bc1142cf34876;cycles=10,49124518,true,3014656,0.071,16,8,4096,0.082,16,8,true,0,0.000
rand-04-13,rand,seed=0x573bc1142cf34876;cycles=10,49124518,true,3014656,0.071,16,8,8192,0.071,16,8,true,0,0.000
rand-04-13,rand,seed=0x573bc1142cf34876;cycles=10,49124518,true,3014656,0.071,16,8,16384,0.072,16,8,true,0,0.000
dec-110,dec,d_b=8;m=9;gap=3;k=4;q=7;s=34,40,false,42,0.286,66,2,1,0.031,69,68,false,0,0.000
dec-110,dec,d_b=8;m=9;gap=3;k=4;q=7;s=34,40,false,42,0.286,66,2,2,0.044,69,68,false,0,0.000
dec-110,dec,d_b=8;m=9;gap=3;k=4;q=7;s=34,40,false,42,0.286,66,2,4,0.072,69,68,false,0,0.000
dec-110,dec,d_b=8;m=9;gap=3;k=4;q=7;s=34,40,false,42,0.286,66,2,8,0.120,69,68,false,0,0.000
dec-110,dec,d_b=8;m=9;gap=3;k=4;q=7;s=34,40,false,42,0.286,66,2,16,0.223,69,68,false,0,0.000
dec-110,dec,d_b=8;m=9;gap=3;k=4;q=7;s=34,40,false,42,0.286,66,2,32,0.316,66,2,true,0,0.000
dec-110,dec,d_b=8;m=9;gap=3;k=4;q=7;s=34,40,false,42,0.286,66,2,64,0.311,66,2,true,0,0.000
dec-110,dec,d_b=8;m=9;gap=3;k=4;q=7;s=34,40,false,42,0.286,66,2,128,0.305,66,2,true,0,0.000
dec-110,dec,d_b=8;m=9;gap=3;k=4;q=7;s=34,40,false,42,0.286,66,2,256,0.305,66,2,true,0,0.000
dec-110,dec,d_b=8;m=9;gap=3;k=4;q=7;s=34,40,false,42,0.286,66,2,512,0.300,66,2,true,0,0.000
dec-110,dec,d_b=8;m=9;gap=3;k=4;q=7;s=34,40,false,42,0.286,66,2,1024,0.301,66,2,true,0,0.000
dec-110,dec,d_b=8;m=9;gap=3;k=4;q=7;s=34,40,false,42,0.286,66,2,2048,0.303,66,2,true,0,0.000
dec-110,dec,d_b=8;m=9;gap=3;k=4;q=7;s=34,40,false,42,0.286,66,2,4096,0.299,66,2,true,0,0.000
dec-110,dec,d_b=8;m=9;gap=3;k=4;q=7;s=34,40,false,42,0.286,66,2,8192,0.302,66,2,true,0,0.000
dec-110,dec,d_b=8;m=9;gap=3;k=4;q=7;s=34,40,false,42,0.286,66,2,16384,0.299,66,2,true,0,0.000
mixed-036-2,mixed,seed=0x0d0ffc0004d6ee97;cycles=9;planted=1;d_b=4;m=2;gap=1;k=2,5335266,false,414731,0.107,27,6,1,0.110,28,10,false,0,0.000
mixed-036-2,mixed,seed=0x0d0ffc0004d6ee97;cycles=9;planted=1;d_b=4;m=2;gap=1;k=2,5335266,false,414731,0.107,27,6,2,0.104,28,10,false,0,0.000
mixed-036-2,mixed,seed=0x0d0ffc0004d6ee97;cycles=9;planted=1;d_b=4;m=2;gap=1;k=2,5335266,false,414731,0.107,27,6,4,0.096,28,10,false,0,0.000
mixed-036-2,mixed,seed=0x0d0ffc0004d6ee97;cycles=9;planted=1;d_b=4;m=2;gap=1;k=2,5335266,false,414731,0.107,27,6,8,0.137,28,10,false,0,0.000
mixed-036-2,mixed,seed=0x0d0ffc0004d6ee97;cycles=9;planted=1;d_b=4;m=2;gap=1;k=2,5335266,false,414731,0.107,27,6,16,0.218,27,6,false,0,0.000
mixed-036-2,mixed,seed=0x0d0ffc0004d6ee97;cycles=9;planted=1;d_b=4;m=2;gap=1;k=2,5335266,false,414731,0.107,27,6,32,0.255,27,6,true,0,0.000
mixed-036-2,mixed,seed=0x0d0ffc0004d6ee97;cycles=9;planted=1;d_b=4;m=2;gap=1;k=2,5335266,false,414731,0.107,27,6,64,0.251,27,6,true,0,0.000
mixed-036-2,mixed,seed=0x0d0ffc0004d6ee97;cycles=9;planted=1;d_b=4;m=2;gap=1;k=2,5335266,false,414731,0.107,27,6,128,0.245,27,6,true,0,0.000
mixed-036-2,mixed,seed=0x0d0ffc0004d6ee97;cycles=9;planted=1;d_b=4;m=2;gap=1;k=2,5335266,false,414731,0.107,27,6,256,0.244,27,6,true,0,0.000
mixed-036-2,mixed,seed=0x0d0ffc0004d6ee97;cycles=9;planted=1;d_b=4;m=2;gap=1;k=2,5335266,false,414731,0.107,27,6,512,0.237,27,6,true,0,0.000
mixed-036-2,mixed,seed=0x0d0ffc0004d6ee97;cycles=9;planted=1;d_b=4;m=2;gap=1;k=2,5335266,false,414731,0.107,27,6,1024,0.240,27,6,true,0,0.000
mixed-036-2,mixed,seed=0x0d0ffc0004d6ee97;cycles=9;planted=1;d_b=4;m=2;gap=1;k=2,5335266,false,414731,0.107,27,6,2048,0.249,27,6,true,0,0.000
mixed-036-2,mixed,seed=0x0d0ffc0004d6ee97;cycles=9;planted=1;d_b=4;m=2;gap=1;k=2,5335266,false,414731,0.107,27,6,4096,0.302,27,6,true,0,0.000
mixed-036-2,mixed,seed=0x0d0ffc0004d6ee97;cycles=9;planted=1;d_b=4;m=2;gap=1;k=2,5335266,false,414731,0.107,27,6,8192,0.240,27,6,true,0,0.000
mixed-036-2,mixed,seed=0x0d0ffc0004d6ee97;cycles=9;planted=1;d_b=4;m=2;gap=1;k=2,5335266,false,414731,0.107,27,6,16384,0.301,27,6,true,0,0.000
rand-04-14,rand,seed=0x6d77aa8b3a2e8be1;cycles=10,32963145,false,1981120,0.092,29,6,1,0.111,29,6,false,0,0.000
rand-04-14,rand,seed=0x6d77aa8b3a2e8be1;cycles=10,32963145,false,1981120,0.092,29,6,2,0.115,29,6,false,0,0.000
rand-04-14,rand,seed=0x6d77aa8b3a2e8be1;cycles=10,32963145,false,1981120,0.092,29,6,4,0.121,29,6,false,0,0.000
rand-04-14,rand,seed=0x6d77aa8b3a2e8be1;cycles=10,32963145,false,1981120,0.092,29,6,8,0.214,29,6,true,0,0.000
rand-04-14,rand,seed=0x6d77aa8b3a2e8be1;cycles=10,32963145,false,1981120,0.092,29,6,16,0.203,29,6,true,0,0.000
rand-04-14,rand,seed=0x6d77aa8b3a2e8be1;cycles=10,32963145,false,1981120,0.092,29,6,32,0.196,29,6,true,0,0.000
rand-04-14,rand,seed=0x6d77aa8b3a2e8be1;cycles=10,32963145,false,1981120,0.092,29,6,64,0.234,29,6,true,0,0.000
rand-04-14,rand,seed=0x6d77aa8b3a2e8be1;cycles=10,32963145,false,1981120,0.092,29,6,128,0.234,29,6,true,0,0.000
rand-04-14,rand,seed=0x6d77aa8b3a2e8be1;cycles=10,32963145,false,1981120,0.092,29,6,256,0.198,29,6,true,0,0.000
rand-04-14,rand,seed=0x6d77aa8b3a2e8be1;cycles=10,32963145,false,1981120,0.092,29,6,512,0.205,29,6,true,0,0.000
rand-04-14,rand,seed=0x6d77aa8b3a2e8be1;cycles=10,32963145,false,1981120,0.092,29,6,1024,0.259,29,6,true,0,0.000
rand-04-14,rand,seed=0x6d77aa8b3a2e8be1;cycles=10,32963145,false,1981120,0.092,29,6,2048,0.204,29,6,true,0,0.000
rand-04-14,rand,seed=0x6d77aa8b3a2e8be1;cycles=10,32963145,false,1981120,0.092,29,6,4096,0.188,29,6,true,0,0.000
rand-04-14,rand,seed=0x6d77aa8b3a2e8be1;cycles=10,32963145,false,1981120,0.092,29,6,8192,0.189,29,6,true,0,0.000
rand-04-14,rand,seed=0x6d77aa8b3a2e8be1;cycles=10,32963145,false,1981120,0.092,29,6,16384,0.185,29,6,true,0,0.000
dec-111,dec,d_b=8;m=9;gap=7;k=1;q=7;s=36,16,false,18,0.116,66,2,1,0.025,73,72,false,0,0.000
dec-111,dec,d_b=8;m=9;gap=7;k=1;q=7;s=36,16,false,18,0.116,66,2,2,0.043,73,72,false,0,0.000
dec-111,dec,d_b=8;m=9;gap=7;k=1;q=7;s=36,16,false,18,0.116,66,2,4,0.059,73,72,false,0,0.000
dec-111,dec,d_b=8;m=9;gap=7;k=1;q=7;s=36,16,false,18,0.116,66,2,8,0.098,66,2,false,0,0.000
dec-111,dec,d_b=8;m=9;gap=7;k=1;q=7;s=36,16,false,18,0.116,66,2,16,0.142,66,2,true,0,0.000
dec-111,dec,d_b=8;m=9;gap=7;k=1;q=7;s=36,16,false,18,0.116,66,2,32,0.140,66,2,true,0,0.000
dec-111,dec,d_b=8;m=9;gap=7;k=1;q=7;s=36,16,false,18,0.116,66,2,64,0.136,66,2,true,0,0.000
dec-111,dec,d_b=8;m=9;gap=7;k=1;q=7;s=36,16,false,18,0.116,66,2,128,0.135,66,2,true,0,0.000
dec-111,dec,d_b=8;m=9;gap=7;k=1;q=7;s=36,16,false,18,0.116,66,2,256,0.132,66,2,true,0,0.000
dec-111,dec,d_b=8;m=9;gap=7;k=1;q=7;s=36,16,false,18,0.116,66,2,512,0.132,66,2,true,0,0.000
dec-111,dec,d_b=8;m=9;gap=7;k=1;q=7;s=36,16,false,18,0.116,66,2,1024,0.131,66,2,true,0,0.000
dec-111,dec,d_b=8;m=9;gap=7;k=1;q=7;s=36,16,false,18,0.116,66,2,2048,0.132,66,2,true,0,0.000
dec-111,dec,d_b=8;m=9;gap=7;k=1;q=7;s=36,16,false,18,0.116,66,2,4096,0.131,66,2,true,0,0.000
dec-111,dec,d_b=8;m=9;gap=7;k=1;q=7;s=36,16,false,18,0.116,66,2,8192,0.131,66,2,true,0,0.000
dec-111,dec,d_b=8;m=9;gap=7;k=1;q=7;s=36,16,false,18,0.116,66,2,16384,0.131,66,2,true,0,0.000
mixed-037-0,mixed,seed=0x0eed9046a13fa5c2;cycles=9;planted=1;d_b=8;m=3;gap=2;k=2,5335271,false,414724,0.110,25,6,1,0.071,28,24,false,0,0.000
mixed-037-0,mixed,seed=0x0eed9046a13fa5c2;cycles=9;planted=1;d_b=8;m=3;gap=2;k=2,5335271,false,414724,0.110,25,6,2,0.072,28,24,false,0,0.000
mixed-037-0,mixed,seed=0x0eed9046a13fa5c2;cycles=9;planted=1;d_b=8;m=3;gap=2;k=2,5335271,false,414724,0.110,25,6,4,0.087,28,24,false,0,0.000
mixed-037-0,mixed,seed=0x0eed9046a13fa5c2;cycles=9;planted=1;d_b=8;m=3;gap=2;k=2,5335271,false,414724,0.110,25,6,8,0.130,28,24,false,0,0.000
mixed-037-0,mixed,seed=0x0eed9046a13fa5c2;cycles=9;planted=1;d_b=8;m=3;gap=2;k=2,5335271,false,414724,0.110,25,6,16,0.214,25,6,false,0,0.000
mixed-037-0,mixed,seed=0x0eed9046a13fa5c2;cycles=9;planted=1;d_b=8;m=3;gap=2;k=2,5335271,false,414724,0.110,25,6,32,0.269,25,6,true,0,0.000
mixed-037-0,mixed,seed=0x0eed9046a13fa5c2;cycles=9;planted=1;d_b=8;m=3;gap=2;k=2,5335271,false,414724,0.110,25,6,64,0.293,25,6,true,0,0.000
mixed-037-0,mixed,seed=0x0eed9046a13fa5c2;cycles=9;planted=1;d_b=8;m=3;gap=2;k=2,5335271,false,414724,0.110,25,6,128,0.258,25,6,true,0,0.000
mixed-037-0,mixed,seed=0x0eed9046a13fa5c2;cycles=9;planted=1;d_b=8;m=3;gap=2;k=2,5335271,false,414724,0.110,25,6,256,0.271,25,6,true,0,0.000
mixed-037-0,mixed,seed=0x0eed9046a13fa5c2;cycles=9;planted=1;d_b=8;m=3;gap=2;k=2,5335271,false,414724,0.110,25,6,512,0.248,25,6,true,0,0.000
mixed-037-0,mixed,seed=0x0eed9046a13fa5c2;cycles=9;planted=1;d_b=8;m=3;gap=2;k=2,5335271,false,414724,0.110,25,6,1024,0.253,25,6,true,0,0.000
mixed-037-0,mixed,seed=0x0eed9046a13fa5c2;cycles=9;planted=1;d_b=8;m=3;gap=2;k=2,5335271,false,414724,0.110,25,6,2048,0.247,25,6,true,0,0.000
mixed-037-0,mixed,seed=0x0eed9046a13fa5c2;cycles=9;planted=1;d_b=8;m=3;gap=2;k=2,5335271,false,414724,0.110,25,6,4096,0.248,25,6,true,0,0.000
mixed-037-0,mixed,seed=0x0eed9046a13fa5c2;cycles=9;planted=1;d_b=8;m=3;gap=2;k=2,5335271,false,414724,0.110,25,6,8192,0.250,25,6,true,0,0.000
mixed-037-0,mixed,seed=0x0eed9046a13fa5c2;cycles=9;planted=1;d_b=8;m=3;gap=2;k=2,5335271,false,414724,0.110,25,6,16384,0.246,25,6,true,0,0.000
rand-04-15,rand,seed=0x5c83982ddb67b3ce;cycles=10,50392230,true,2982912,0.064,13,6,1,0.070,13,6,false,0,0.000
rand-04-15,rand,seed=0x5c83982ddb67b3ce;cycles=10,50392230,true,2982912,0.064,13,6,2,0.064,13,6,false,0,0.000
rand-04-15,rand,seed=0x5c83982ddb67b3ce;cycles=10,50392230,true,2982912,0.064,13,6,4,0.068,13,6,true,0,0.000
rand-04-15,rand,seed=0x5c83982ddb67b3ce;cycles=10,50392230,true,2982912,0.064,13,6,8,0.067,13,6,true,0,0.000
rand-04-15,rand,seed=0x5c83982ddb67b3ce;cycles=10,50392230,true,2982912,0.064,13,6,16,0.076,13,6,true,0,0.000
rand-04-15,rand,seed=0x5c83982ddb67b3ce;cycles=10,50392230,true,2982912,0.064,13,6,32,0.060,13,6,true,0,0.000
rand-04-15,rand,seed=0x5c83982ddb67b3ce;cycles=10,50392230,true,2982912,0.064,13,6,64,0.062,13,6,true,0,0.000
rand-04-15,rand,seed=0x5c83982ddb67b3ce;cycles=10,50392230,true,2982912,0.064,13,6,128,0.058,13,6,true,0,0.000
rand-04-15,rand,seed=0x5c83982ddb67b3ce;cycles=10,50392230,true,2982912,0.064,13,6,256,0.057,13,6,true,0,0.000
rand-04-15,rand,seed=0x5c83982ddb67b3ce;cycles=10,50392230,true,2982912,0.064,13,6,512,0.056,13,6,true,0,0.000
rand-04-15,rand,seed=0x5c83982ddb67b3ce;cycles=10,50392230,true,2982912,0.064,13,6,1024,0.056,13,6,true,0,0.000
rand-04-15,rand,seed=0x5c83982ddb67b3ce;cycles=10,50392230,true,2982912,0.064,13,6,2048,0.056,13,6,true,0,0.000
rand-04-15,rand,seed=0x5c83982ddb67b3ce;cycles=10,50392230,true,2982912,0.064,13,6,4096,0.056,13,6,true,0,0.000
rand-04-15,rand,seed=0x5c83982ddb67b3ce;cycles=10,50392230,true,2982912,0.064,13,6,8192,0.056,13,6,true,0,0.000
rand-04-15,rand,seed=0x5c83982ddb67b3ce;cycles=10,50392230,true,2982912,0.064,13,6,16384,0.056,13,6,true,0,0.000
dec-112,dec,d_b=8;m=9;gap=7;k=2;q=7;s=36,24,false,26,0.177,66,2,1,0.027,73,72,false,0,0.000
dec-112,dec,d_b=8;m=9;gap=7;k=2;q=7;s=36,24,false,26,0.177,66,2,2,0.043,73,72,false,0,0.000
dec-112,dec,d_b=8;m=9;gap=7;k=2;q=7;s=36,24,false,26,0.177,66,2,4,0.061,73,72,false,0,0.000
dec-112,dec,d_b=8;m=9;gap=7;k=2;q=7;s=36,24,false,26,0.177,66,2,8,0.113,73,72,false,0,0.000
dec-112,dec,d_b=8;m=9;gap=7;k=2;q=7;s=36,24,false,26,0.177,66,2,16,0.187,66,2,false,0,0.000
dec-112,dec,d_b=8;m=9;gap=7;k=2;q=7;s=36,24,false,26,0.177,66,2,32,0.202,66,2,true,0,0.000
dec-112,dec,d_b=8;m=9;gap=7;k=2;q=7;s=36,24,false,26,0.177,66,2,64,0.193,66,2,true,0,0.000
dec-112,dec,d_b=8;m=9;gap=7;k=2;q=7;s=36,24,false,26,0.177,66,2,128,0.201,66,2,true,0,0.000
dec-112,dec,d_b=8;m=9;gap=7;k=2;q=7;s=36,24,false,26,0.177,66,2,256,0.188,66,2,true,0,0.000
dec-112,dec,d_b=8;m=9;gap=7;k=2;q=7;s=36,24,false,26,0.177,66,2,512,0.191,66,2,true,0,0.000
dec-112,dec,d_b=8;m=9;gap=7;k=2;q=7;s=36,24,false,26,0.177,66,2,1024,0.188,66,2,true,0,0.000
dec-112,dec,d_b=8;m=9;gap=7;k=2;q=7;s=36,24,false,26,0.177,66,2,2048,0.190,66,2,true,0,0.000
dec-112,dec,d_b=8;m=9;gap=7;k=2;q=7;s=36,24,false,26,0.177,66,2,4096,0.187,66,2,true,0,0.000
dec-112,dec,d_b=8;m=9;gap=7;k=2;q=7;s=36,24,false,26,0.177,66,2,8192,0.188,66,2,true,0,0.000
dec-112,dec,d_b=8;m=9;gap=7;k=2;q=7;s=36,24,false,26,0.177,66,2,16384,0.187,66,2,true,0,0.000
mixed-037-1,mixed,seed=0xfd7775436da039bb;cycles=9;planted=1;d_b=8;m=3;gap=2;k=2,5335273,false,414731,0.130,30,6,1,0.078,33,24,false,0,0.000
mixed-037-1,mixed,seed=0xfd7775436da039bb;cycles=9;planted=1;d_b=8;m=3;gap=2;k=2,5335273,false,414731,0.130,30,6,2,0.088,33,24,false,0,0.000
mixed-037-1,mixed,seed=0xfd7775436da039bb;cycles=9;planted=1;d_b=8;m=3;gap=2;k=2,5335273,false,414731,0.130,30,6,4,0.100,33,24,false,0,0.000
mixed-037-1,mixed,seed=0xfd7775436da039bb;cycles=9;planted=1;d_b=8;m=3;gap=2;k=2,5335273,false,414731,0.130,30,6,8,0.148,33,24,false,0,0.000
mixed-037-1,mixed,seed=0xfd7775436da039bb;cycles=9;planted=1;d_b=8;m=3;gap=2;k=2,5335273,false,414731,0.130,30,6,16,0.214,30,6,false,0,0.000
mixed-037-1,mixed,seed=0xfd7775436da039bb;cycles=9;planted=1;d_b=8;m=3;gap=2;k=2,5335273,false,414731,0.130,30,6,32,0.300,30,6,true,0,0.000
mixed-037-1,mixed,seed=0xfd7775436da039bb;cycles=9;planted=1;d_b=8;m=3;gap=2;k=2,5335273,false,414731,0.130,30,6,64,0.289,30,6,true,0,0.000
mixed-037-1,mixed,seed=0xfd7775436da039bb;cycles=9;planted=1;d_b=8;m=3;gap=2;k=2,5335273,false,414731,0.130,30,6,128,0.287,30,6,true,0,0.000
mixed-037-1,mixed,seed=0xfd7775436da039bb;cycles=9;planted=1;d_b=8;m=3;gap=2;k=2,5335273,false,414731,0.130,30,6,256,0.278,30,6,true,0,0.000
mixed-037-1,mixed,seed=0xfd7775436da039bb;cycles=9;planted=1;d_b=8;m=3;gap=2;k=2,5335273,false,414731,0.130,30,6,512,0.279,30,6,true,0,0.000
mixed-037-1,mixed,seed=0xfd7775436da039bb;cycles=9;planted=1;d_b=8;m=3;gap=2;k=2,5335273,false,414731,0.130,30,6,1024,0.274,30,6,true,0,0.000
mixed-037-1,mixed,seed=0xfd7775436da039bb;cycles=9;planted=1;d_b=8;m=3;gap=2;k=2,5335273,false,414731,0.130,30,6,2048,0.278,30,6,true,0,0.000
mixed-037-1,mixed,seed=0xfd7775436da039bb;cycles=9;planted=1;d_b=8;m=3;gap=2;k=2,5335273,false,414731,0.130,30,6,4096,0.272,30,6,true,0,0.000
mixed-037-1,mixed,seed=0xfd7775436da039bb;cycles=9;planted=1;d_b=8;m=3;gap=2;k=2,5335273,false,414731,0.130,30,6,8192,0.275,30,6,true,0,0.000
mixed-037-1,mixed,seed=0xfd7775436da039bb;cycles=9;planted=1;d_b=8;m=3;gap=2;k=2,5335273,false,414731,0.130,30,6,16384,0.272,30,6,true,0,0.000
rand-04-16,rand,seed=0x2e9b611543c29b4c;cycles=10,50062004,true,2968576,0.056,7,4,1,0.066,7,4,false,0,0.000
rand-04-16,rand,seed=0x2e9b611543c29b4c;cycles=10,50062004,true,2968576,0.056,7,4,2,0.064,7,4,true,0,0.000
rand-04-16,rand,seed=0x2e9b611543c29b4c;cycles=10,50062004,true,2968576,0.056,7,4,4,0.054,7,4,true,0,0.000
rand-04-16,rand,seed=0x2e9b611543c29b4c;cycles=10,50062004,true,2968576,0.056,7,4,8,0.051,7,4,true,0,0.000
rand-04-16,rand,seed=0x2e9b611543c29b4c;cycles=10,50062004,true,2968576,0.056,7,4,16,0.048,7,4,true,0,0.000
rand-04-16,rand,seed=0x2e9b611543c29b4c;cycles=10,50062004,true,2968576,0.056,7,4,32,0.046,7,4,true,0,0.000
rand-04-16,rand,seed=0x2e9b611543c29b4c;cycles=10,50062004,true,2968576,0.056,7,4,64,0.046,7,4,true,0,0.000
rand-04-16,rand,seed=0x2e9b611543c29b4c;cycles=10,50062004,true,2968576,0.056,7,4,128,0.046,7,4,true,0,0.000
rand-04-16,rand,seed=0x2e9b611543c29b4c;cycles=10,50062004,true,2968576,0.056,7,4,256,0.046,7,4,true,0,0.000
rand-04-16,rand,seed=0x2e9b611543c29b4c;cycles=10,50062004,true,2968576,0.056,7,4,512,0.050,7,4,true,0,0.000
rand-04-16,rand,seed=0x2e9b611543c29b4c;cycles=10,50062004,true,2968576,0.056,7,4,1024,0.046,7,4,true,0,0.000
rand-04-16,rand,seed=0x2e9b611543c29b4c;cycles=10,50062004,true,2968576,0.056,7,4,2048,0.045,7,4,true,0,0.000
rand-04-16,rand,seed=0x2e9b611543c29b4c;cycles=10,50062004,true,2968576,0.056,7,4,4096,0.045,7,4,true,0,0.000
rand-04-16,rand,seed=0x2e9b611543c29b4c;cycles=10,50062004,true,2968576,0.056,7,4,8192,0.045,7,4,true,0,0.000
rand-04-16,rand,seed=0x2e9b611543c29b4c;cycles=10,50062004,true,2968576,0.056,7,4,16384,0.045,7,4,true,0,0.000
dec-113,dec,d_b=8;m=9;gap=7;k=4;q=7;s=36,40,false,42,0.287,66,2,1,0.032,73,72,false,0,0.000
dec-113,dec,d_b=8;m=9;gap=7;k=4;q=7;s=36,40,false,42,0.287,66,2,2,0.046,73,72,false,0,0.000
dec-113,dec,d_b=8;m=9;gap=7;k=4;q=7;s=36,40,false,42,0.287,66,2,4,0.076,73,72,false,0,0.000
dec-113,dec,d_b=8;m=9;gap=7;k=4;q=7;s=36,40,false,42,0.287,66,2,8,0.131,73,72,false,0,0.000
dec-113,dec,d_b=8;m=9;gap=7;k=4;q=7;s=36,40,false,42,0.287,66,2,16,0.237,73,72,false,0,0.000
dec-113,dec,d_b=8;m=9;gap=7;k=4;q=7;s=36,40,false,42,0.287,66,2,32,0.336,66,2,true,0,0.000
dec-113,dec,d_b=8;m=9;gap=7;k=4;q=7;s=36,40,false,42,0.287,66,2,64,0.326,66,2,true,0,0.000
dec-113,dec,d_b=8;m=9;gap=7;k=4;q=7;s=36,40,false,42,0.287,66,2,128,0.329,66,2,true,0,0.000
dec-113,dec,d_b=8;m=9;gap=7;k=4;q=7;s=36,40,false,42,0.287,66,2,256,0.321,66,2,true,0,0.000
dec-113,dec,d_b=8;m=9;gap=7;k=4;q=7;s=36,40,false,42,0.287,66,2,512,0.319,66,2,true,0,0.000
dec-113,dec,d_b=8;m=9;gap=7;k=4;q=7;s=36,40,false,42,0.287,66,2,1024,0.322,66,2,true,0,0.000
dec-113,dec,d_b=8;m=9;gap=7;k=4;q=7;s=36,40,false,42,0.287,66,2,2048,0.319,66,2,true,0,0.000
dec-113,dec,d_b=8;m=9;gap=7;k=4;q=7;s=36,40,false,42,0.287,66,2,4096,0.322,66,2,true,0,0.000
dec-113,dec,d_b=8;m=9;gap=7;k=4;q=7;s=36,40,false,42,0.287,66,2,8192,0.318,66,2,true,0,0.000
dec-113,dec,d_b=8;m=9;gap=7;k=4;q=7;s=36,40,false,42,0.287,66,2,16384,0.349,66,2,true,0,0.000
mixed-037-2,mixed,seed=0x05aa77ef74c2d76c;cycles=9;planted=1;d_b=8;m=3;gap=2;k=2,5335274,false,414745,0.148,34,8,1,0.110,37,26,false,0,0.000
mixed-037-2,mixed,seed=0x05aa77ef74c2d76c;cycles=9;planted=1;d_b=8;m=3;gap=2;k=2,5335274,false,414745,0.148,34,8,2,0.112,37,26,false,0,0.000
mixed-037-2,mixed,seed=0x05aa77ef74c2d76c;cycles=9;planted=1;d_b=8;m=3;gap=2;k=2,5335274,false,414745,0.148,34,8,4,0.138,37,26,false,0,0.000
mixed-037-2,mixed,seed=0x05aa77ef74c2d76c;cycles=9;planted=1;d_b=8;m=3;gap=2;k=2,5335274,false,414745,0.148,34,8,8,0.191,37,26,false,0,0.000
mixed-037-2,mixed,seed=0x05aa77ef74c2d76c;cycles=9;planted=1;d_b=8;m=3;gap=2;k=2,5335274,false,414745,0.148,34,8,16,0.239,34,8,false,0,0.000
mixed-037-2,mixed,seed=0x05aa77ef74c2d76c;cycles=9;planted=1;d_b=8;m=3;gap=2;k=2,5335274,false,414745,0.148,34,8,32,0.290,34,8,true,0,0.000
mixed-037-2,mixed,seed=0x05aa77ef74c2d76c;cycles=9;planted=1;d_b=8;m=3;gap=2;k=2,5335274,false,414745,0.148,34,8,64,0.273,34,8,true,0,0.000
mixed-037-2,mixed,seed=0x05aa77ef74c2d76c;cycles=9;planted=1;d_b=8;m=3;gap=2;k=2,5335274,false,414745,0.148,34,8,128,0.266,34,8,true,0,0.000
mixed-037-2,mixed,seed=0x05aa77ef74c2d76c;cycles=9;planted=1;d_b=8;m=3;gap=2;k=2,5335274,false,414745,0.148,34,8,256,0.255,34,8,true,0,0.000
mixed-037-2,mixed,seed=0x05aa77ef74c2d76c;cycles=9;planted=1;d_b=8;m=3;gap=2;k=2,5335274,false,414745,0.148,34,8,512,0.252,34,8,true,0,0.000
mixed-037-2,mixed,seed=0x05aa77ef74c2d76c;cycles=9;planted=1;d_b=8;m=3;gap=2;k=2,5335274,false,414745,0.148,34,8,1024,0.257,34,8,true,0,0.000
mixed-037-2,mixed,seed=0x05aa77ef74c2d76c;cycles=9;planted=1;d_b=8;m=3;gap=2;k=2,5335274,false,414745,0.148,34,8,2048,0.280,34,8,true,0,0.000
mixed-037-2,mixed,seed=0x05aa77ef74c2d76c;cycles=9;planted=1;d_b=8;m=3;gap=2;k=2,5335274,false,414745,0.148,34,8,4096,0.264,34,8,true,0,0.000
mixed-037-2,mixed,seed=0x05aa77ef74c2d76c;cycles=9;planted=1;d_b=8;m=3;gap=2;k=2,5335274,false,414745,0.148,34,8,8192,0.253,34,8,true,0,0.000
mixed-037-2,mixed,seed=0x05aa77ef74c2d76c;cycles=9;planted=1;d_b=8;m=3;gap=2;k=2,5335274,false,414745,0.148,34,8,16384,0.258,34,8,true,0,0.000
rand-04-17,rand,seed=0xb32ebe8e8f4effb7;cycles=10,47666920,true,2935808,0.092,12,6,1,0.116,12,6,false,0,0.000
rand-04-17,rand,seed=0xb32ebe8e8f4effb7;cycles=10,47666920,true,2935808,0.092,12,6,2,0.112,12,6,false,0,0.000
rand-04-17,rand,seed=0xb32ebe8e8f4effb7;cycles=10,47666920,true,2935808,0.092,12,6,4,0.140,12,6,true,0,0.000
rand-04-17,rand,seed=0xb32ebe8e8f4effb7;cycles=10,47666920,true,2935808,0.092,12,6,8,0.136,12,6,true,0,0.000
rand-04-17,rand,seed=0xb32ebe8e8f4effb7;cycles=10,47666920,true,2935808,0.092,12,6,16,0.130,12,6,true,0,0.000
rand-04-17,rand,seed=0xb32ebe8e8f4effb7;cycles=10,47666920,true,2935808,0.092,12,6,32,0.127,12,6,true,0,0.000
rand-04-17,rand,seed=0xb32ebe8e8f4effb7;cycles=10,47666920,true,2935808,0.092,12,6,64,0.124,12,6,true,0,0.000
rand-04-17,rand,seed=0xb32ebe8e8f4effb7;cycles=10,47666920,true,2935808,0.092,12,6,128,0.124,12,6,true,0,0.000
rand-04-17,rand,seed=0xb32ebe8e8f4effb7;cycles=10,47666920,true,2935808,0.092,12,6,256,0.123,12,6,true,0,0.000
rand-04-17,rand,seed=0xb32ebe8e8f4effb7;cycles=10,47666920,true,2935808,0.092,12,6,512,0.122,12,6,true,0,0.000
rand-04-17,rand,seed=0xb32ebe8e8f4effb7;cycles=10,47666920,true,2935808,0.092,12,6,1024,0.123,12,6,true,0,0.000
rand-04-17,rand,seed=0xb32ebe8e8f4effb7;cycles=10,47666920,true,2935808,0.092,12,6,2048,0.122,12,6,true,0,0.000
rand-04-17,rand,seed=0xb32ebe8e8f4effb7;cycles=10,47666920,true,2935808,0.092,12,6,4096,0.123,12,6,true,0,0.000
rand-04-17,rand,seed=0xb32ebe8e8f4effb7;cycles=10,47666920,true,2935808,0.092,12,6,8192,0.122,12,6,true,0,0.000
rand-04-17,rand,seed=0xb32ebe8e8f4effb7;cycles=10,47666920,true,2935808,0.092,12,6,16384,0.122,12,6,true,0,0.000
dec-114,dec,d_b=8;m=9;gap=13;k=1;q=7;s=39,16,false,18,0.111,66,2,1,0.026,79,78,false,0,0.000
dec-114,dec,d_b=8;m=9;gap=13;k=1;q=7;s=39,16,false,18,0.111,66,2,2,0.046,79,78,false,0,0.000
dec-114,dec,d_b=8;m=9;gap=13;k=1;q=7;s=39,16,false,18,0.111,66,2,4,0.066,79,78,false,0,0.000
dec-114,dec,d_b=8;m=9;gap=13;k=1;q=7;s=39,16,false,18,0.111,66,2,8,0.095,66,2,false,0,0.000
dec-114,dec,d_b=8;m=9;gap=13;k=1;q=7;s=39,16,false,18,0.111,66,2,16,0.161,66,2,true,0,0.000
dec-114,dec,d_b=8;m=9;gap=13;k=1;q=7;s=39,16,false,18,0.111,66,2,32,0.154,66,2,true,0,0.000
dec-114,dec,d_b=8;m=9;gap=13;k=1;q=7;s=39,16,false,18,0.111,66,2,64,0.146,66,2,true,0,0.000
dec-114,dec,d_b=8;m=9;gap=13;k=1;q=7;s=39,16,false,18,0.111,66,2,128,0.147,66,2,true,0,0.000
dec-114,dec,d_b=8;m=9;gap=13;k=1;q=7;s=39,16,false,18,0.111,66,2,256,0.144,66,2,true,0,0.000
dec-114,dec,d_b=8;m=9;gap=13;k=1;q=7;s=39,16,false,18,0.111,66,2,512,0.143,66,2,true,0,0.000
dec-114,dec,d_b=8;m=9;gap=13;k=1;q=7;s=39,16,false,18,0.111,66,2,1024,0.142,66,2,true,0,0.000
dec-114,dec,d_b=8;m=9;gap=13;k=1;q=7;s=39,16,false,18,0.111,66,2,2048,0.143,66,2,true,0,0.000
dec-114,dec,d_b=8;m=9;gap=13;k=1;q=7;s=39,16,false,18,0.111,66,2,4096,0.142,66,2,true,0,0.000
dec-114,dec,d_b=8;m=9;gap=13;k=1;q=7;s=39,16,false,18,0.111,66,2,8192,0.142,66,2,true,0,0.000
dec-114,dec,d_b=8;m=9;gap=13;k=1;q=7;s=39,16,false,18,0.111,66,2,16384,0.142,66,2,true,0,0.000
mixed-038-0,mixed,seed=0x67ea1e2f0b2716bb;cycles=9;planted=1;d_b=12;m=2;gap=6;k=4,9831560,false,743467,0.158,26,10,1,0.091,33,28,false,0,0.000
mixed-038-0,mixed,seed=0x67ea1e2f0b2716bb;cycles=9;planted=1;d_b=12;m=2;gap=6;k=4,9831560,false,743467,0.158,26,10,2,0.088,33,28,false,0,0.000
mixed-038-0,mixed,seed=0x67ea1e2f0b2716bb;cycles=9;planted=1;d_b=12;m=2;gap=6;k=4,9831560,false,743467,0.158,26,10,4,0.087,33,28,false,0,0.000
mixed-038-0,mixed,seed=0x67ea1e2f0b2716bb;cycles=9;planted=1;d_b=12;m=2;gap=6;k=4,9831560,false,743467,0.158,26,10,8,0.124,33,28,false,0,0.000
mixed-038-0,mixed,seed=0x67ea1e2f0b2716bb;cycles=9;planted=1;d_b=12;m=2;gap=6;k=4,9831560,false,743467,0.158,26,10,16,0.168,33,28,false,0,0.000
mixed-038-0,mixed,seed=0x67ea1e2f0b2716bb;cycles=9;planted=1;d_b=12;m=2;gap=6;k=4,9831560,false,743467,0.158,26,10,32,0.280,26,10,false,0,0.000
mixed-038-0,mixed,seed=0x67ea1e2f0b2716bb;cycles=9;planted=1;d_b=12;m=2;gap=6;k=4,9831560,false,743467,0.158,26,10,64,0.296,26,10,true,0,0.000
mixed-038-0,mixed,seed=0x67ea1e2f0b2716bb;cycles=9;planted=1;d_b=12;m=2;gap=6;k=4,9831560,false,743467,0.158,26,10,128,0.288,26,10,true,0,0.000
mixed-038-0,mixed,seed=0x67ea1e2f0b2716bb;cycles=9;planted=1;d_b=12;m=2;gap=6;k=4,9831560,false,743467,0.158,26,10,256,0.284,26,10,true,0,0.000
mixed-038-0,mixed,seed=0x67ea1e2f0b2716bb;cycles=9;planted=1;d_b=12;m=2;gap=6;k=4,9831560,false,743467,0.158,26,10,512,0.288,26,10,true,0,0.000
mixed-038-0,mixed,seed=0x67ea1e2f0b2716bb;cycles=9;planted=1;d_b=12;m=2;gap=6;k=4,9831560,false,743467,0.158,26,10,1024,0.278,26,10,true,0,0.000
mixed-038-0,mixed,seed=0x67ea1e2f0b2716bb;cycles=9;planted=1;d_b=12;m=2;gap=6;k=4,9831560,false,743467,0.158,26,10,2048,0.286,26,10,true,0,0.000
mixed-038-0,mixed,seed=0x67ea1e2f0b2716bb;cycles=9;planted=1;d_b=12;m=2;gap=6;k=4,9831560,false,743467,0.158,26,10,4096,0.285,26,10,true,0,0.000
mixed-038-0,mixed,seed=0x67ea1e2f0b2716bb;cycles=9;planted=1;d_b=12;m=2;gap=6;k=4,9831560,false,743467,0.158,26,10,8192,0.274,26,10,true,0,0.000
mixed-038-0,mixed,seed=0x67ea1e2f0b2716bb;cycles=9;planted=1;d_b=12;m=2;gap=6;k=4,9831560,false,743467,0.158,26,10,16384,0.280,26,10,true,0,0.000
rand-04-18,rand,seed=0x2ae53cfed98acc1b;cycles=10,32963140,false,1981094,0.041,11,8,1,0.049,11,8,false,0,0.000
rand-04-18,rand,seed=0x2ae53cfed98acc1b;cycles=10,32963140,false,1981094,0.041,11,8,2,0.044,11,8,false,0,0.000
rand-04-18,rand,seed=0x2ae53cfed98acc1b;cycles=10,32963140,false,1981094,0.041,11,8,4,0.046,11,8,true,0,0.000
rand-04-18,rand,seed=0x2ae53cfed98acc1b;cycles=10,32963140,false,1981094,0.041,11,8,8,0.043,11,8,true,0,0.000
rand-04-18,rand,seed=0x2ae53cfed98acc1b;cycles=10,32963140,false,1981094,0.041,11,8,16,0.040,11,8,true,0,0.000
rand-04-18,rand,seed=0x2ae53cfed98acc1b;cycles=10,32963140,false,1981094,0.041,11,8,32,0.038,11,8,true,0,0.000
rand-04-18,rand,seed=0x2ae53cfed98acc1b;cycles=10,32963140,false,1981094,0.041,11,8,64,0.037,11,8,true,0,0.000
rand-04-18,rand,seed=0x2ae53cfed98acc1b;cycles=10,32963140,false,1981094,0.041,11,8,128,0.036,11,8,true,0,0.000
rand-04-18,rand,seed=0x2ae53cfed98acc1b;cycles=10,32963140,false,1981094,0.041,11,8,256,0.036,11,8,true,0,0.000
rand-04-18,rand,seed=0x2ae53cfed98acc1b;cycles=10,32963140,false,1981094,0.041,11,8,512,0.035,11,8,true,0,0.000
rand-04-18,rand,seed=0x2ae53cfed98acc1b;cycles=10,32963140,false,1981094,0.041,11,8,1024,0.036,11,8,true,0,0.000
rand-04-18,rand,seed=0x2ae53cfed98acc1b;cycles=10,32963140,false,1981094,0.041,11,8,2048,0.035,11,8,true,0,0.000
rand-04-18,rand,seed=0x2ae53cfed98acc1b;cycles=10,32963140,false,1981094,0.041,11,8,4096,0.036,11,8,true,0,0.000
rand-04-18,rand,seed=0x2ae53cfed98acc1b;cycles=10,32963140,false,1981094,0.041,11,8,8192,0.035,11,8,true,0,0.000
rand-04-18,rand,seed=0x2ae53cfed98acc1b;cycles=10,32963140,false,1981094,0.041,11,8,16384,0.035,11,8,true,0,0.000
dec-115,dec,d_b=8;m=9;gap=13;k=2;q=7;s=39,24,false,26,0.179,66,2,1,0.027,79,78,false,0,0.000
dec-115,dec,d_b=8;m=9;gap=13;k=2;q=7;s=39,24,false,26,0.179,66,2,2,0.044,79,78,false,0,0.000
dec-115,dec,d_b=8;m=9;gap=13;k=2;q=7;s=39,24,false,26,0.179,66,2,4,0.064,79,78,false,0,0.000
dec-115,dec,d_b=8;m=9;gap=13;k=2;q=7;s=39,24,false,26,0.179,66,2,8,0.122,79,78,false,0,0.000
dec-115,dec,d_b=8;m=9;gap=13;k=2;q=7;s=39,24,false,26,0.179,66,2,16,0.201,66,2,false,0,0.000
dec-115,dec,d_b=8;m=9;gap=13;k=2;q=7;s=39,24,false,26,0.179,66,2,32,0.213,66,2,true,0,0.000
dec-115,dec,d_b=8;m=9;gap=13;k=2;q=7;s=39,24,false,26,0.179,66,2,64,0.207,66,2,true,0,0.000
dec-115,dec,d_b=8;m=9;gap=13;k=2;q=7;s=39,24,false,26,0.179,66,2,128,0.204,66,2,true,0,0.000
dec-115,dec,d_b=8;m=9;gap=13;k=2;q=7;s=39,24,false,26,0.179,66,2,256,0.206,66,2,true,0,0.000
dec-115,dec,d_b=8;m=9;gap=13;k=2;q=7;s=39,24,false,26,0.179,66,2,512,0.200,66,2,true,0,0.000
dec-115,dec,d_b=8;m=9;gap=13;k=2;q=7;s=39,24,false,26,0.179,66,2,1024,0.200,66,2,true,0,0.000
dec-115,dec,d_b=8;m=9;gap=13;k=2;q=7;s=39,24,false,26,0.179,66,2,2048,0.200,66,2,true,0,0.000
dec-115,dec,d_b=8;m=9;gap=13;k=2;q=7;s=39,24,false,26,0.179,66,2,4096,0.199,66,2,true,0,0.000
dec-115,dec,d_b=8;m=9;gap=13;k=2;q=7;s=39,24,false,26,0.179,66,2,8192,0.200,66,2,true,0,0.000
dec-115,dec,d_b=8;m=9;gap=13;k=2;q=7;s=39,24,false,26,0.179,66,2,16384,0.199,66,2,true,0,0.000
mixed-038-1,mixed,seed=0x1681638394e0a770;cycles=9;planted=1;d_b=12;m=2;gap=6;k=4,17175151,false,1219147,0.261,32,10,1,0.211,39,28,false,0,0.000
mixed-038-1,mixed,seed=0x1681638394e0a770;cycles=9;planted=1;d_b=12;m=2;gap=6;k=4,17175151,false,1219147,0.261,32,10,2,0.229,39,28,false,0,0.000
mixed-038-1,mixed,seed=0x1681638394e0a770;cycles=9;planted=1;d_b=12;m=2;gap=6;k=4,17175151,false,1219147,0.261,32,10,4,0.283,39,28,false,0,0.000
mixed-038-1,mixed,seed=0x1681638394e0a770;cycles=9;planted=1;d_b=12;m=2;gap=6;k=4,17175151,false,1219147,0.261,32,10,8,0.314,39,28,false,0,0.000
mixed-038-1,mixed,seed=0x1681638394e0a770;cycles=9;planted=1;d_b=12;m=2;gap=6;k=4,17175151,false,1219147,0.261,32,10,16,0.500,39,28,false,0,0.000
mixed-038-1,mixed,seed=0x1681638394e0a770;cycles=9;planted=1;d_b=12;m=2;gap=6;k=4,17175151,false,1219147,0.261,32,10,32,0.852,32,10,false,0,0.000
mixed-038-1,mixed,seed=0x1681638394e0a770;cycles=9;planted=1;d_b=12;m=2;gap=6;k=4,17175151,false,1219147,0.261,32,10,64,0.978,32,10,true,0,0.000
mixed-038-1,mixed,seed=0x1681638394e0a770;cycles=9;planted=1;d_b=12;m=2;gap=6;k=4,17175151,false,1219147,0.261,32,10,128,0.971,32,10,true,0,0.000
mixed-038-1,mixed,seed=0x1681638394e0a770;cycles=9;planted=1;d_b=12;m=2;gap=6;k=4,17175151,false,1219147,0.261,32,10,256,0.957,32,10,true,0,0.000
mixed-038-1,mixed,seed=0x1681638394e0a770;cycles=9;planted=1;d_b=12;m=2;gap=6;k=4,17175151,false,1219147,0.261,32,10,512,1.044,32,10,true,0,0.000
mixed-038-1,mixed,seed=0x1681638394e0a770;cycles=9;planted=1;d_b=12;m=2;gap=6;k=4,17175151,false,1219147,0.261,32,10,1024,0.983,32,10,true,0,0.000
mixed-038-1,mixed,seed=0x1681638394e0a770;cycles=9;planted=1;d_b=12;m=2;gap=6;k=4,17175151,false,1219147,0.261,32,10,2048,0.967,32,10,true,0,0.000
mixed-038-1,mixed,seed=0x1681638394e0a770;cycles=9;planted=1;d_b=12;m=2;gap=6;k=4,17175151,false,1219147,0.261,32,10,4096,0.955,32,10,true,0,0.000
mixed-038-1,mixed,seed=0x1681638394e0a770;cycles=9;planted=1;d_b=12;m=2;gap=6;k=4,17175151,false,1219147,0.261,32,10,8192,0.971,32,10,true,0,0.000
mixed-038-1,mixed,seed=0x1681638394e0a770;cycles=9;planted=1;d_b=12;m=2;gap=6;k=4,17175151,false,1219147,0.261,32,10,16384,0.956,32,10,true,0,0.000
rand-04-19,rand,seed=0x8207d87afcfbf16f;cycles=10,48895075,true,2917376,0.081,18,4,1,0.103,18,4,false,0,0.000
rand-04-19,rand,seed=0x8207d87afcfbf16f;cycles=10,48895075,true,2917376,0.081,18,4,2,0.098,18,4,false,0,0.000
rand-04-19,rand,seed=0x8207d87afcfbf16f;cycles=10,48895075,true,2917376,0.081,18,4,4,0.109,18,4,true,0,0.000
rand-04-19,rand,seed=0x8207d87afcfbf16f;cycles=10,48895075,true,2917376,0.081,18,4,8,0.103,18,4,true,0,0.000
rand-04-19,rand,seed=0x8207d87afcfbf16f;cycles=10,48895075,true,2917376,0.081,18,4,16,0.098,18,4,true,0,0.000
rand-04-19,rand,seed=0x8207d87afcfbf16f;cycles=10,48895075,true,2917376,0.081,18,4,32,0.095,18,4,true,0,0.000
rand-04-19,rand,seed=0x8207d87afcfbf16f;cycles=10,48895075,true,2917376,0.081,18,4,64,0.095,18,4,true,0,0.000
rand-04-19,rand,seed=0x8207d87afcfbf16f;cycles=10,48895075,true,2917376,0.081,18,4,128,0.093,18,4,true,0,0.000
rand-04-19,rand,seed=0x8207d87afcfbf16f;cycles=10,48895075,true,2917376,0.081,18,4,256,0.093,18,4,true,0,0.000
rand-04-19,rand,seed=0x8207d87afcfbf16f;cycles=10,48895075,true,2917376,0.081,18,4,512,0.092,18,4,true,0,0.000
rand-04-19,rand,seed=0x8207d87afcfbf16f;cycles=10,48895075,true,2917376,0.081,18,4,1024,0.093,18,4,true,0,0.000
rand-04-19,rand,seed=0x8207d87afcfbf16f;cycles=10,48895075,true,2917376,0.081,18,4,2048,0.095,18,4,true,0,0.000
rand-04-19,rand,seed=0x8207d87afcfbf16f;cycles=10,48895075,true,2917376,0.081,18,4,4096,0.128,18,4,true,0,0.000
rand-04-19,rand,seed=0x8207d87afcfbf16f;cycles=10,48895075,true,2917376,0.081,18,4,8192,0.093,18,4,true,0,0.000
rand-04-19,rand,seed=0x8207d87afcfbf16f;cycles=10,48895075,true,2917376,0.081,18,4,16384,0.092,18,4,true,0,0.000
dec-116,dec,d_b=8;m=9;gap=13;k=4;q=7;s=39,40,false,42,0.301,66,2,1,0.033,79,78,false,0,0.000
dec-116,dec,d_b=8;m=9;gap=13;k=4;q=7;s=39,40,false,42,0.301,66,2,2,0.049,79,78,false,0,0.000
dec-116,dec,d_b=8;m=9;gap=13;k=4;q=7;s=39,40,false,42,0.301,66,2,4,0.076,79,78,false,0,0.000
dec-116,dec,d_b=8;m=9;gap=13;k=4;q=7;s=39,40,false,42,0.301,66,2,8,0.134,79,78,false,0,0.000
dec-116,dec,d_b=8;m=9;gap=13;k=4;q=7;s=39,40,false,42,0.301,66,2,16,0.246,66,2,false,0,0.000
dec-116,dec,d_b=8;m=9;gap=13;k=4;q=7;s=39,40,false,42,0.301,66,2,32,0.347,66,2,true,0,0.000
dec-116,dec,d_b=8;m=9;gap=13;k=4;q=7;s=39,40,false,42,0.301,66,2,64,0.357,66,2,true,0,0.000
dec-116,dec,d_b=8;m=9;gap=13;k=4;q=7;s=39,40,false,42,0.301,66,2,128,0.344,66,2,true,0,0.000
dec-116,dec,d_b=8;m=9;gap=13;k=4;q=7;s=39,40,false,42,0.301,66,2,256,0.343,66,2,true,0,0.000
dec-116,dec,d_b=8;m=9;gap=13;k=4;q=7;s=39,40,false,42,0.301,66,2,512,0.330,66,2,true,0,0.000
dec-116,dec,d_b=8;m=9;gap=13;k=4;q=7;s=39,40,false,42,0.301,66,2,1024,0.334,66,2,true,0,0.000
dec-116,dec,d_b=8;m=9;gap=13;k=4;q=7;s=39,40,false,42,0.301,66,2,2048,0.351,66,2,true,0,0.000
dec-116,dec,d_b=8;m=9;gap=13;k=4;q=7;s=39,40,false,42,0.301,66,2,4096,0.329,66,2,true,0,0.000
dec-116,dec,d_b=8;m=9;gap=13;k=4;q=7;s=39,40,false,42,0.301,66,2,8192,0.355,66,2,true,0,0.000
dec-116,dec,d_b=8;m=9;gap=13;k=4;q=7;s=39,40,false,42,0.301,66,2,16384,0.331,66,2,true,0,0.000
mixed-038-2,mixed,seed=0xdd6b64f1b984bbf3;cycles=9;planted=1;d_b=12;m=2;gap=6;k=4,62,false,63,0.107,16,2,1,0.020,23,20,false,0,0.000
mixed-038-2,mixed,seed=0xdd6b64f1b984bbf3;cycles=9;planted=1;d_b=12;m=2;gap=6;k=4,62,false,63,0.107,16,2,2,0.023,23,20,false,0,0.000
mixed-038-2,mixed,seed=0xdd6b64f1b984bbf3;cycles=9;planted=1;d_b=12;m=2;gap=6;k=4,62,false,63,0.107,16,2,4,0.028,23,20,false,0,0.000
mixed-038-2,mixed,seed=0xdd6b64f1b984bbf3;cycles=9;planted=1;d_b=12;m=2;gap=6;k=4,62,false,63,0.107,16,2,8,0.054,23,20,false,0,0.000
mixed-038-2,mixed,seed=0xdd6b64f1b984bbf3;cycles=9;planted=1;d_b=12;m=2;gap=6;k=4,62,false,63,0.107,16,2,16,0.102,23,20,false,0,0.000
mixed-038-2,mixed,seed=0xdd6b64f1b984bbf3;cycles=9;planted=1;d_b=12;m=2;gap=6;k=4,62,false,63,0.107,16,2,32,0.203,16,2,true,0,0.000
mixed-038-2,mixed,seed=0xdd6b64f1b984bbf3;cycles=9;planted=1;d_b=12;m=2;gap=6;k=4,62,false,63,0.107,16,2,64,0.200,16,2,true,0,0.000
mixed-038-2,mixed,seed=0xdd6b64f1b984bbf3;cycles=9;planted=1;d_b=12;m=2;gap=6;k=4,62,false,63,0.107,16,2,128,0.196,16,2,true,0,0.000
mixed-038-2,mixed,seed=0xdd6b64f1b984bbf3;cycles=9;planted=1;d_b=12;m=2;gap=6;k=4,62,false,63,0.107,16,2,256,0.197,16,2,true,0,0.000
mixed-038-2,mixed,seed=0xdd6b64f1b984bbf3;cycles=9;planted=1;d_b=12;m=2;gap=6;k=4,62,false,63,0.107,16,2,512,0.192,16,2,true,0,0.000
mixed-038-2,mixed,seed=0xdd6b64f1b984bbf3;cycles=9;planted=1;d_b=12;m=2;gap=6;k=4,62,false,63,0.107,16,2,1024,0.193,16,2,true,0,0.000
mixed-038-2,mixed,seed=0xdd6b64f1b984bbf3;cycles=9;planted=1;d_b=12;m=2;gap=6;k=4,62,false,63,0.107,16,2,2048,0.190,16,2,true,0,0.000
mixed-038-2,mixed,seed=0xdd6b64f1b984bbf3;cycles=9;planted=1;d_b=12;m=2;gap=6;k=4,62,false,63,0.107,16,2,4096,0.193,16,2,true,0,0.000
mixed-038-2,mixed,seed=0xdd6b64f1b984bbf3;cycles=9;planted=1;d_b=12;m=2;gap=6;k=4,62,false,63,0.107,16,2,8192,0.200,16,2,true,0,0.000
mixed-038-2,mixed,seed=0xdd6b64f1b984bbf3;cycles=9;planted=1;d_b=12;m=2;gap=6;k=4,62,false,63,0.107,16,2,16384,0.193,16,2,true,0,0.000
rand-04-20,rand,seed=0x2e03f3cad33e9433;cycles=10,32963138,false,1981089,0.030,3,2,1,0.046,3,2,true,0,0.000
rand-04-20,rand,seed=0x2e03f3cad33e9433;cycles=10,32963138,false,1981089,0.030,3,2,2,0.035,3,2,true,0,0.000
rand-04-20,rand,seed=0x2e03f3cad33e9433;cycles=10,32963138,false,1981089,0.030,3,2,4,0.028,3,2,true,0,0.000
rand-04-20,rand,seed=0x2e03f3cad33e9433;cycles=10,32963138,false,1981089,0.030,3,2,8,0.027,3,2,true,0,0.000
rand-04-20,rand,seed=0x2e03f3cad33e9433;cycles=10,32963138,false,1981089,0.030,3,2,16,0.024,3,2,true,0,0.000
rand-04-20,rand,seed=0x2e03f3cad33e9433;cycles=10,32963138,false,1981089,0.030,3,2,32,0.024,3,2,true,0,0.000
rand-04-20,rand,seed=0x2e03f3cad33e9433;cycles=10,32963138,false,1981089,0.030,3,2,64,0.023,3,2,true,0,0.000
rand-04-20,rand,seed=0x2e03f3cad33e9433;cycles=10,32963138,false,1981089,0.030,3,2,128,0.023,3,2,true,0,0.000
rand-04-20,rand,seed=0x2e03f3cad33e9433;cycles=10,32963138,false,1981089,0.030,3,2,256,0.023,3,2,true,0,0.000
rand-04-20,rand,seed=0x2e03f3cad33e9433;cycles=10,32963138,false,1981089,0.030,3,2,512,0.023,3,2,true,0,0.000
rand-04-20,rand,seed=0x2e03f3cad33e9433;cycles=10,32963138,false,1981089,0.030,3,2,1024,0.023,3,2,true,0,0.000
rand-04-20,rand,seed=0x2e03f3cad33e9433;cycles=10,32963138,false,1981089,0.030,3,2,2048,0.023,3,2,true,0,0.000
rand-04-20,rand,seed=0x2e03f3cad33e9433;cycles=10,32963138,false,1981089,0.030,3,2,4096,0.023,3,2,true,0,0.000
rand-04-20,rand,seed=0x2e03f3cad33e9433;cycles=10,32963138,false,1981089,0.030,3,2,8192,0.023,3,2,true,0,0.000
rand-04-20,rand,seed=0x2e03f3cad33e9433;cycles=10,32963138,false,1981089,0.030,3,2,16384,0.023,3,2,true,0,0.000
dec-117,dec,d_b=12;m=2;gap=1;k=1;q=0;s=7,24,false,25,0.073,14,2,1,0.012,15,14,false,0,0.000
dec-117,dec,d_b=12;m=2;gap=1;k=1;q=0;s=7,24,false,25,0.073,14,2,2,0.020,15,14,false,0,0.000
dec-117,dec,d_b=12;m=2;gap=1;k=1;q=0;s=7,24,false,25,0.073,14,2,4,0.027,15,14,false,0,0.000
dec-117,dec,d_b=12;m=2;gap=1;k=1;q=0;s=7,24,false,25,0.073,14,2,8,0.044,15,14,false,0,0.000
dec-117,dec,d_b=12;m=2;gap=1;k=1;q=0;s=7,24,false,25,0.073,14,2,16,0.084,14,2,false,0,0.000
dec-117,dec,d_b=12;m=2;gap=1;k=1;q=0;s=7,24,false,25,0.073,14,2,32,0.126,14,2,true,0,0.000
dec-117,dec,d_b=12;m=2;gap=1;k=1;q=0;s=7,24,false,25,0.073,14,2,64,0.107,14,2,true,0,0.000
dec-117,dec,d_b=12;m=2;gap=1;k=1;q=0;s=7,24,false,25,0.073,14,2,128,0.116,14,2,true,0,0.000
dec-117,dec,d_b=12;m=2;gap=1;k=1;q=0;s=7,24,false,25,0.073,14,2,256,0.105,14,2,true,0,0.000
dec-117,dec,d_b=12;m=2;gap=1;k=1;q=0;s=7,24,false,25,0.073,14,2,512,0.108,14,2,true,0,0.000
dec-117,dec,d_b=12;m=2;gap=1;k=1;q=0;s=7,24,false,25,0.073,14,2,1024,0.103,14,2,true,0,0.000
dec-117,dec,d_b=12;m=2;gap=1;k=1;q=0;s=7,24,false,25,0.073,14,2,2048,0.105,14,2,true,0,0.000
dec-117,dec,d_b=12;m=2;gap=1;k=1;q=0;s=7,24,false,25,0.073,14,2,4096,0.102,14,2,true,0,0.000
dec-117,dec,d_b=12;m=2;gap=1;k=1;q=0;s=7,24,false,25,0.073,14,2,8192,0.104,14,2,true,0,0.000
dec-117,dec,d_b=12;m=2;gap=1;k=1;q=0;s=7,24,false,25,0.073,14,2,16384,0.103,14,2,true,0,0.000
mixed-039-0,mixed,seed=0xb146caa949c3e3cb;cycles=9;planted=1;d_b=16;m=5;gap=2;k=1,9831530,false,743434,0.201,72,6,1,0.076,75,72,false,0,0.000
mixed-039-0,mixed,seed=0xb146caa949c3e3cb;cycles=9;planted=1;d_b=16;m=5;gap=2;k=1,9831530,false,743434,0.201,72,6,2,0.070,75,72,false,0,0.000
mixed-039-0,mixed,seed=0xb146caa949c3e3cb;cycles=9;planted=1;d_b=16;m=5;gap=2;k=1,9831530,false,743434,0.201,72,6,4,0.099,75,72,false,0,0.000
mixed-039-0,mixed,seed=0xb146caa949c3e3cb;cycles=9;planted=1;d_b=16;m=5;gap=2;k=1,9831530,false,743434,0.201,72,6,8,0.127,75,72,false,0,0.000
mixed-039-0,mixed,seed=0xb146caa949c3e3cb;cycles=9;planted=1;d_b=16;m=5;gap=2;k=1,9831530,false,743434,0.201,72,6,16,0.205,75,72,false,0,0.000
mixed-039-0,mixed,seed=0xb146caa949c3e3cb;cycles=9;planted=1;d_b=16;m=5;gap=2;k=1,9831530,false,743434,0.201,72,6,32,0.354,72,6,true,0,0.000
mixed-039-0,mixed,seed=0xb146caa949c3e3cb;cycles=9;planted=1;d_b=16;m=5;gap=2;k=1,9831530,false,743434,0.201,72,6,64,0.341,72,6,true,0,0.000
mixed-039-0,mixed,seed=0xb146caa949c3e3cb;cycles=9;planted=1;d_b=16;m=5;gap=2;k=1,9831530,false,743434,0.201,72,6,128,0.356,72,6,true,0,0.000
mixed-039-0,mixed,seed=0xb146caa949c3e3cb;cycles=9;planted=1;d_b=16;m=5;gap=2;k=1,9831530,false,743434,0.201,72,6,256,0.332,72,6,true,0,0.000
mixed-039-0,mixed,seed=0xb146caa949c3e3cb;cycles=9;planted=1;d_b=16;m=5;gap=2;k=1,9831530,false,743434,0.201,72,6,512,0.340,72,6,true,0,0.000
mixed-039-0,mixed,seed=0xb146caa949c3e3cb;cycles=9;planted=1;d_b=16;m=5;gap=2;k=1,9831530,false,743434,0.201,72,6,1024,0.327,72,6,true,0,0.000
mixed-039-0,mixed,seed=0xb146caa949c3e3cb;cycles=9;planted=1;d_b=16;m=5;gap=2;k=1,9831530,false,743434,0.201,72,6,2048,0.323,72,6,true,0,0.000
mixed-039-0,mixed,seed=0xb146caa949c3e3cb;cycles=9;planted=1;d_b=16;m=5;gap=2;k=1,9831530,false,743434,0.201,72,6,4096,0.351,72,6,true,0,0.000
mixed-039-0,mixed,seed=0xb146caa949c3e3cb;cycles=9;planted=1;d_b=16;m=5;gap=2;k=1,9831530,false,743434,0.201,72,6,8192,0.322,72,6,true,0,0.000
mixed-039-0,mixed,seed=0xb146caa949c3e3cb;cycles=9;planted=1;d_b=16;m=5;gap=2;k=1,9831530,false,743434,0.201,72,6,16384,0.338,72,6,true,0,0.000
rand-04-21,rand,seed=0x26b2ac12fedcbe54;cycles=10,47720982,true,2917376,0.108,21,4,1,0.104,21,4,false,0,0.000
rand-04-21,rand,seed=0x26b2ac12fedcbe54;cycles=10,47720982,true,2917376,0.108,21,4,2,0.099,21,4,false,0,0.000
rand-04-21,rand,seed=0x26b2ac12fedcbe54;cycles=10,47720982,true,2917376,0.108,21,4,4,0.108,21,4,false,0,0.000
rand-04-21,rand,seed=0x26b2ac12fedcbe54;cycles=10,47720982,true,2917376,0.108,21,4,8,0.168,21,4,true,0,0.000
rand-04-21,rand,seed=0x26b2ac12fedcbe54;cycles=10,47720982,true,2917376,0.108,21,4,16,0.175,21,4,true,0,0.000
rand-04-21,rand,seed=0x26b2ac12fedcbe54;cycles=10,47720982,true,2917376,0.108,21,4,32,0.155,21,4,true,0,0.000
rand-04-21,rand,seed=0x26b2ac12fedcbe54;cycles=10,47720982,true,2917376,0.108,21,4,64,0.162,21,4,true,0,0.000
rand-04-21,rand,seed=0x26b2ac12fedcbe54;cycles=10,47720982,true,2917376,0.108,21,4,128,0.148,21,4,true,0,0.000
rand-04-21,rand,seed=0x26b2ac12fedcbe54;cycles=10,47720982,true,2917376,0.108,21,4,256,0.153,21,4,true,0,0.000
rand-04-21,rand,seed=0x26b2ac12fedcbe54;cycles=10,47720982,true,2917376,0.108,21,4,512,0.144,21,4,true,0,0.000
rand-04-21,rand,seed=0x26b2ac12fedcbe54;cycles=10,47720982,true,2917376,0.108,21,4,1024,0.144,21,4,true,0,0.000
rand-04-21,rand,seed=0x26b2ac12fedcbe54;cycles=10,47720982,true,2917376,0.108,21,4,2048,0.142,21,4,true,0,0.000
rand-04-21,rand,seed=0x26b2ac12fedcbe54;cycles=10,47720982,true,2917376,0.108,21,4,4096,0.146,21,4,true,0,0.000
rand-04-21,rand,seed=0x26b2ac12fedcbe54;cycles=10,47720982,true,2917376,0.108,21,4,8192,0.150,21,4,true,0,0.000
rand-04-21,rand,seed=0x26b2ac12fedcbe54;cycles=10,47720982,true,2917376,0.108,21,4,16384,0.144,21,4,true,0,0.000
dec-118,dec,d_b=12;m=2;gap=1;k=2;q=0;s=7,36,false,37,0.098,14,2,1,0.013,15,14,false,0,0.000
dec-118,dec,d_b=12;m=2;gap=1;k=2;q=0;s=7,36,false,37,0.098,14,2,2,0.018,15,14,false,0,0.000
dec-118,dec,d_b=12;m=2;gap=1;k=2;q=0;s=7,36,false,37,0.098,14,2,4,0.025,15,14,false,0,0.000
dec-118,dec,d_b=12;m=2;gap=1;k=2;q=0;s=7,36,false,37,0.098,14,2,8,0.042,15,14,false,0,0.000
dec-118,dec,d_b=12;m=2;gap=1;k=2;q=0;s=7,36,false,37,0.098,14,2,16,0.078,15,14,false,0,0.000
dec-118,dec,d_b=12;m=2;gap=1;k=2;q=0;s=7,36,false,37,0.098,14,2,32,0.147,14,2,true,0,0.000
dec-118,dec,d_b=12;m=2;gap=1;k=2;q=0;s=7,36,false,37,0.098,14,2,64,0.159,14,2,true,0,0.000
dec-118,dec,d_b=12;m=2;gap=1;k=2;q=0;s=7,36,false,37,0.098,14,2,128,0.140,14,2,true,0,0.000
dec-118,dec,d_b=12;m=2;gap=1;k=2;q=0;s=7,36,false,37,0.098,14,2,256,0.143,14,2,true,0,0.000
dec-118,dec,d_b=12;m=2;gap=1;k=2;q=0;s=7,36,false,37,0.098,14,2,512,0.137,14,2,true,0,0.000
dec-118,dec,d_b=12;m=2;gap=1;k=2;q=0;s=7,36,false,37,0.098,14,2,1024,0.137,14,2,true,0,0.000
dec-118,dec,d_b=12;m=2;gap=1;k=2;q=0;s=7,36,false,37,0.098,14,2,2048,0.139,14,2,true,0,0.000
dec-118,dec,d_b=12;m=2;gap=1;k=2;q=0;s=7,36,false,37,0.098,14,2,4096,0.134,14,2,true,0,0.000
dec-118,dec,d_b=12;m=2;gap=1;k=2;q=0;s=7,36,false,37,0.098,14,2,8192,0.135,14,2,true,0,0.000
dec-118,dec,d_b=12;m=2;gap=1;k=2;q=0;s=7,36,false,37,0.098,14,2,16384,0.133,14,2,true,0,0.000
mixed-039-1,mixed,seed=0xcefea4d6dfec9077;cycles=9;planted=1;d_b=16;m=5;gap=2;k=1,9831531,false,743437,0.210,73,6,1,0.095,76,72,false,0,0.000
mixed-039-1,mixed,seed=0xcefea4d6dfec9077;cycles=9;planted=1;d_b=16;m=5;gap=2;k=1,9831531,false,743437,0.210,73,6,2,0.102,76,72,false,0,0.000
mixed-039-1,mixed,seed=0xcefea4d6dfec9077;cycles=9;planted=1;d_b=16;m=5;gap=2;k=1,9831531,false,743437,0.210,73,6,4,0.095,76,72,false,0,0.000
mixed-039-1,mixed,seed=0xcefea4d6dfec9077;cycles=9;planted=1;d_b=16;m=5;gap=2;k=1,9831531,false,743437,0.210,73,6,8,0.143,76,72,false,0,0.000
mixed-039-1,mixed,seed=0xcefea4d6dfec9077;cycles=9;planted=1;d_b=16;m=5;gap=2;k=1,9831531,false,743437,0.210,73,6,16,0.243,76,72,false,0,0.000
mixed-039-1,mixed,seed=0xcefea4d6dfec9077;cycles=9;planted=1;d_b=16;m=5;gap=2;k=1,9831531,false,743437,0.210,73,6,32,0.451,73,6,true,0,0.000
mixed-039-1,mixed,seed=0xcefea4d6dfec9077;cycles=9;planted=1;d_b=16;m=5;gap=2;k=1,9831531,false,743437,0.210,73,6,64,0.449,73,6,true,0,0.000
mixed-039-1,mixed,seed=0xcefea4d6dfec9077;cycles=9;planted=1;d_b=16;m=5;gap=2;k=1,9831531,false,743437,0.210,73,6,128,0.440,73,6,true,0,0.000
mixed-039-1,mixed,seed=0xcefea4d6dfec9077;cycles=9;planted=1;d_b=16;m=5;gap=2;k=1,9831531,false,743437,0.210,73,6,256,0.436,73,6,true,0,0.000
mixed-039-1,mixed,seed=0xcefea4d6dfec9077;cycles=9;planted=1;d_b=16;m=5;gap=2;k=1,9831531,false,743437,0.210,73,6,512,0.430,73,6,true,0,0.000
mixed-039-1,mixed,seed=0xcefea4d6dfec9077;cycles=9;planted=1;d_b=16;m=5;gap=2;k=1,9831531,false,743437,0.210,73,6,1024,0.432,73,6,true,0,0.000
mixed-039-1,mixed,seed=0xcefea4d6dfec9077;cycles=9;planted=1;d_b=16;m=5;gap=2;k=1,9831531,false,743437,0.210,73,6,2048,0.426,73,6,true,0,0.000
mixed-039-1,mixed,seed=0xcefea4d6dfec9077;cycles=9;planted=1;d_b=16;m=5;gap=2;k=1,9831531,false,743437,0.210,73,6,4096,0.428,73,6,true,0,0.000
mixed-039-1,mixed,seed=0xcefea4d6dfec9077;cycles=9;planted=1;d_b=16;m=5;gap=2;k=1,9831531,false,743437,0.210,73,6,8192,0.424,73,6,true,0,0.000
mixed-039-1,mixed,seed=0xcefea4d6dfec9077;cycles=9;planted=1;d_b=16;m=5;gap=2;k=1,9831531,false,743437,0.210,73,6,16384,0.432,73,6,true,0,0.000
rand-04-22,rand,seed=0x432072c1623a5bb2;cycles=10,32963143,false,1981160,0.126,26,4,1,0.184,26,4,false,0,0.000
rand-04-22,rand,seed=0x432072c1623a5bb2;cycles=10,32963143,false,1981160,0.126,26,4,2,0.195,26,4,false,0,0.000
rand-04-22,rand,seed=0x432072c1623a5bb2;cycles=10,32963143,false,1981160,0.126,26,4,4,0.204,26,4,false,0,0.000
rand-04-22,rand,seed=0x432072c1623a5bb2;cycles=10,32963143,false,1981160,0.126,26,4,8,0.299,26,4,true,0,0.000
rand-04-22,rand,seed=0x432072c1623a5bb2;cycles=10,32963143,false,1981160,0.126,26,4,16,0.272,26,4,true,0,0.000
rand-04-22,rand,seed=0x432072c1623a5bb2;cycles=10,32963143,false,1981160,0.126,26,4,32,0.287,26,4,true,0,0.000
rand-04-22,rand,seed=0x432072c1623a5bb2;cycles=10,32963143,false,1981160,0.126,26,4,64,0.263,26,4,true,0,0.000
rand-04-22,rand,seed=0x432072c1623a5bb2;cycles=10,32963143,false,1981160,0.126,26,4,128,0.276,26,4,true,0,0.000
rand-04-22,rand,seed=0x432072c1623a5bb2;cycles=10,32963143,false,1981160,0.126,26,4,256,0.262,26,4,true,0,0.000
rand-04-22,rand,seed=0x432072c1623a5bb2;cycles=10,32963143,false,1981160,0.126,26,4,512,0.273,26,4,true,0,0.000
rand-04-22,rand,seed=0x432072c1623a5bb2;cycles=10,32963143,false,1981160,0.126,26,4,1024,0.260,26,4,true,0,0.000
rand-04-22,rand,seed=0x432072c1623a5bb2;cycles=10,32963143,false,1981160,0.126,26,4,2048,0.268,26,4,true,0,0.000
rand-04-22,rand,seed=0x432072c1623a5bb2;cycles=10,32963143,false,1981160,0.126,26,4,4096,0.261,26,4,true,0,0.000
rand-04-22,rand,seed=0x432072c1623a5bb2;cycles=10,32963143,false,1981160,0.126,26,4,8192,0.265,26,4,true,0,0.000
rand-04-22,rand,seed=0x432072c1623a5bb2;cycles=10,32963143,false,1981160,0.126,26,4,16384,0.260,26,4,true,0,0.000
dec-119,dec,d_b=12;m=2;gap=1;k=4;q=0;s=7,60,false,61,0.141,14,2,1,0.022,15,14,false,0,0.000
dec-119,dec,d_b=12;m=2;gap=1;k=4;q=0;s=7,60,false,61,0.141,14,2,2,0.021,15,14,false,0,0.000
dec-119,dec,d_b=12;m=2;gap=1;k=4;q=0;s=7,60,false,61,0.141,14,2,4,0.030,15,14,false,0,0.000
dec-119,dec,d_b=12;m=2;gap=1;k=4;q=0;s=7,60,false,61,0.141,14,2,8,0.049,15,14,false,0,0.000
dec-119,dec,d_b=12;m=2;gap=1;k=4;q=0;s=7,60,false,61,0.141,14,2,16,0.080,15,14,false,0,0.000
dec-119,dec,d_b=12;m=2;gap=1;k=4;q=0;s=7,60,false,61,0.141,14,2,32,0.169,14,2,false,0,0.000
dec-119,dec,d_b=12;m=2;gap=1;k=4;q=0;s=7,60,false,61,0.141,14,2,64,0.208,14,2,true,0,0.000
dec-119,dec,d_b=12;m=2;gap=1;k=4;q=0;s=7,60,false,61,0.141,14,2,128,0.227,14,2,true,0,0.000
dec-119,dec,d_b=12;m=2;gap=1;k=4;q=0;s=7,60,false,61,0.141,14,2,256,0.201,14,2,true,0,0.000
dec-119,dec,d_b=12;m=2;gap=1;k=4;q=0;s=7,60,false,61,0.141,14,2,512,0.210,14,2,true,0,0.000
dec-119,dec,d_b=12;m=2;gap=1;k=4;q=0;s=7,60,false,61,0.141,14,2,1024,0.208,14,2,true,0,0.000
dec-119,dec,d_b=12;m=2;gap=1;k=4;q=0;s=7,60,false,61,0.141,14,2,2048,0.202,14,2,true,0,0.000
dec-119,dec,d_b=12;m=2;gap=1;k=4;q=0;s=7,60,false,61,0.141,14,2,4096,0.206,14,2,true,0,0.000
dec-119,dec,d_b=12;m=2;gap=1;k=4;q=0;s=7,60,false,61,0.141,14,2,8192,0.198,14,2,true,0,0.000
dec-119,dec,d_b=12;m=2;gap=1;k=4;q=0;s=7,60,false,61,0.141,14,2,16384,0.201,14,2,true,0,0.000
mixed-039-2,mixed,seed=0xee901649610a9c90;cycles=9;planted=1;d_b=16;m=5;gap=2;k=1,5335286,false,414830,0.304,95,6,1,0.241,98,72,false,0,0.000
mixed-039-2,mixed,seed=0xee901649610a9c90;cycles=9;planted=1;d_b=16;m=5;gap=2;k=1,5335286,false,414830,0.304,95,6,2,0.262,98,72,false,0,0.000
mixed-039-2,mixed,seed=0xee901649610a9c90;cycles=9;planted=1;d_b=16;m=5;gap=2;k=1,5335286,false,414830,0.304,95,6,4,0.285,98,72,false,0,0.000
mixed-039-2,mixed,seed=0xee901649610a9c90;cycles=9;planted=1;d_b=16;m=5;gap=2;k=1,5335286,false,414830,0.304,95,6,8,0.402,98,72,false,0,0.000
mixed-039-2,mixed,seed=0xee901649610a9c90;cycles=9;planted=1;d_b=16;m=5;gap=2;k=1,5335286,false,414830,0.304,95,6,16,0.688,98,72,false,0,0.000
mixed-039-2,mixed,seed=0xee901649610a9c90;cycles=9;planted=1;d_b=16;m=5;gap=2;k=1,5335286,false,414830,0.304,95,6,32,1.396,95,6,false,0,0.000
mixed-039-2,mixed,seed=0xee901649610a9c90;cycles=9;planted=1;d_b=16;m=5;gap=2;k=1,5335286,false,414830,0.304,95,6,64,1.673,95,6,true,0,0.000
mixed-039-2,mixed,seed=0xee901649610a9c90;cycles=9;planted=1;d_b=16;m=5;gap=2;k=1,5335286,false,414830,0.304,95,6,128,1.626,95,6,true,0,0.000
mixed-039-2,mixed,seed=0xee901649610a9c90;cycles=9;planted=1;d_b=16;m=5;gap=2;k=1,5335286,false,414830,0.304,95,6,256,1.692,95,6,true,0,0.000
mixed-039-2,mixed,seed=0xee901649610a9c90;cycles=9;planted=1;d_b=16;m=5;gap=2;k=1,5335286,false,414830,0.304,95,6,512,1.646,95,6,true,0,0.000
mixed-039-2,mixed,seed=0xee901649610a9c90;cycles=9;planted=1;d_b=16;m=5;gap=2;k=1,5335286,false,414830,0.304,95,6,1024,1.590,95,6,true,0,0.000
mixed-039-2,mixed,seed=0xee901649610a9c90;cycles=9;planted=1;d_b=16;m=5;gap=2;k=1,5335286,false,414830,0.304,95,6,2048,1.637,95,6,true,0,0.000
mixed-039-2,mixed,seed=0xee901649610a9c90;cycles=9;planted=1;d_b=16;m=5;gap=2;k=1,5335286,false,414830,0.304,95,6,4096,1.602,95,6,true,0,0.000
mixed-039-2,mixed,seed=0xee901649610a9c90;cycles=9;planted=1;d_b=16;m=5;gap=2;k=1,5335286,false,414830,0.304,95,6,8192,1.608,95,6,true,0,0.000
mixed-039-2,mixed,seed=0xee901649610a9c90;cycles=9;planted=1;d_b=16;m=5;gap=2;k=1,5335286,false,414830,0.304,95,6,16384,1.591,95,6,true,0,0.000
rand-04-23,rand,seed=0x02885c7ff1104f97;cycles=10,46523276,true,2863104,0.065,9,4,1,0.066,9,4,false,0,0.000
rand-04-23,rand,seed=0x02885c7ff1104f97;cycles=10,46523276,true,2863104,0.065,9,4,2,0.063,9,4,false,0,0.000
rand-04-23,rand,seed=0x02885c7ff1104f97;cycles=10,46523276,true,2863104,0.065,9,4,4,0.062,9,4,true,0,0.000
rand-04-23,rand,seed=0x02885c7ff1104f97;cycles=10,46523276,true,2863104,0.065,9,4,8,0.058,9,4,true,0,0.000
rand-04-23,rand,seed=0x02885c7ff1104f97;cycles=10,46523276,true,2863104,0.065,9,4,16,0.055,9,4,true,0,0.000
rand-04-23,rand,seed=0x02885c7ff1104f97;cycles=10,46523276,true,2863104,0.065,9,4,32,0.054,9,4,true,0,0.000
rand-04-23,rand,seed=0x02885c7ff1104f97;cycles=10,46523276,true,2863104,0.065,9,4,64,0.051,9,4,true,0,0.000
rand-04-23,rand,seed=0x02885c7ff1104f97;cycles=10,46523276,true,2863104,0.065,9,4,128,0.051,9,4,true,0,0.000
rand-04-23,rand,seed=0x02885c7ff1104f97;cycles=10,46523276,true,2863104,0.065,9,4,256,0.051,9,4,true,0,0.000
rand-04-23,rand,seed=0x02885c7ff1104f97;cycles=10,46523276,true,2863104,0.065,9,4,512,0.051,9,4,true,0,0.000
rand-04-23,rand,seed=0x02885c7ff1104f97;cycles=10,46523276,true,2863104,0.065,9,4,1024,0.050,9,4,true,0,0.000
rand-04-23,rand,seed=0x02885c7ff1104f97;cycles=10,46523276,true,2863104,0.065,9,4,2048,0.050,9,4,true,0,0.000
rand-04-23,rand,seed=0x02885c7ff1104f97;cycles=10,46523276,true,2863104,0.065,9,4,4096,0.051,9,4,true,0,0.000
rand-04-23,rand,seed=0x02885c7ff1104f97;cycles=10,46523276,true,2863104,0.065,9,4,8192,0.050,9,4,true,0,0.000
rand-04-23,rand,seed=0x02885c7ff1104f97;cycles=10,46523276,true,2863104,0.065,9,4,16384,0.059,9,4,true,0,0.000
dec-120,dec,d_b=12;m=2;gap=3;k=1;q=0;s=8,24,false,25,0.073,14,2,1,0.014,17,16,false,0,0.000
dec-120,dec,d_b=12;m=2;gap=3;k=1;q=0;s=8,24,false,25,0.073,14,2,2,0.020,17,16,false,0,0.000
dec-120,dec,d_b=12;m=2;gap=3;k=1;q=0;s=8,24,false,25,0.073,14,2,4,0.029,17,16,false,0,0.000
dec-120,dec,d_b=12;m=2;gap=3;k=1;q=0;s=8,24,false,25,0.073,14,2,8,0.044,17,16,false,0,0.000
dec-120,dec,d_b=12;m=2;gap=3;k=1;q=0;s=8,24,false,25,0.073,14,2,16,0.089,14,2,false,0,0.000
dec-120,dec,d_b=12;m=2;gap=3;k=1;q=0;s=8,24,false,25,0.073,14,2,32,0.115,14,2,true,0,0.000
dec-120,dec,d_b=12;m=2;gap=3;k=1;q=0;s=8,24,false,25,0.073,14,2,64,0.114,14,2,true,0,0.000
dec-120,dec,d_b=12;m=2;gap=3;k=1;q=0;s=8,24,false,25,0.073,14,2,128,0.111,14,2,true,0,0.000
dec-120,dec,d_b=12;m=2;gap=3;k=1;q=0;s=8,24,false,25,0.073,14,2,256,0.110,14,2,true,0,0.000
dec-120,dec,d_b=12;m=2;gap=3;k=1;q=0;s=8,24,false,25,0.073,14,2,512,0.108,14,2,true,0,0.000
dec-120,dec,d_b=12;m=2;gap=3;k=1;q=0;s=8,24,false,25,0.073,14,2,1024,0.109,14,2,true,0,0.000
dec-120,dec,d_b=12;m=2;gap=3;k=1;q=0;s=8,24,false,25,0.073,14,2,2048,0.107,14,2,true,0,0.000
dec-120,dec,d_b=12;m=2;gap=3;k=1;q=0;s=8,24,false,25,0.073,14,2,4096,0.108,14,2,true,0,0.000
dec-120,dec,d_b=12;m=2;gap=3;k=1;q=0;s=8,24,false,25,0.073,14,2,8192,0.107,14,2,true,0,0.000
dec-120,dec,d_b=12;m=2;gap=3;k=1;q=0;s=8,24,false,25,0.073,14,2,16384,0.110,14,2,true,0,0.000
mixed-040-0,mixed,seed=0xa04bbea7cf185589;cycles=9;planted=2;d_b=4;m=2;gap=1;k=2,8650595,false,647647,0.104,21,8,1,0.082,23,16,false,0,0.000
mixed-040-0,mixed,seed=0xa04bbea7cf185589;cycles=9;planted=2;d_b=4;m=2;gap=1;k=2,8650595,false,647647,0.104,21,8,2,0.084,23,16,false,0,0.000
mixed-040-0,mixed,seed=0xa04bbea7cf185589;cycles=9;planted=2;d_b=4;m=2;gap=1;k=2,8650595,false,647647,0.104,21,8,4,0.088,23,16,false,0,0.000
mixed-040-0,mixed,seed=0xa04bbea7cf185589;cycles=9;planted=2;d_b=4;m=2;gap=1;k=2,8650595,false,647647,0.104,21,8,8,0.124,23,16,false,0,0.000
mixed-040-0,mixed,seed=0xa04bbea7cf185589;cycles=9;planted=2;d_b=4;m=2;gap=1;k=2,8650595,false,647647,0.104,21,8,16,0.168,22,12,false,0,0.000
mixed-040-0,mixed,seed=0xa04bbea7cf185589;cycles=9;planted=2;d_b=4;m=2;gap=1;k=2,8650595,false,647647,0.104,21,8,32,0.232,21,8,true,0,0.000
mixed-040-0,mixed,seed=0xa04bbea7cf185589;cycles=9;planted=2;d_b=4;m=2;gap=1;k=2,8650595,false,647647,0.104,21,8,64,0.217,21,8,true,0,0.000
mixed-040-0,mixed,seed=0xa04bbea7cf185589;cycles=9;planted=2;d_b=4;m=2;gap=1;k=2,8650595,false,647647,0.104,21,8,128,0.216,21,8,true,0,0.000
mixed-040-0,mixed,seed=0xa04bbea7cf185589;cycles=9;planted=2;d_b=4;m=2;gap=1;k=2,8650595,false,647647,0.104,21,8,256,0.221,21,8,true,0,0.000
mixed-040-0,mixed,seed=0xa04bbea7cf185589;cycles=9;planted=2;d_b=4;m=2;gap=1;k=2,8650595,false,647647,0.104,21,8,512,0.211,21,8,true,0,0.000
mixed-040-0,mixed,seed=0xa04bbea7cf185589;cycles=9;planted=2;d_b=4;m=2;gap=1;k=2,8650595,false,647647,0.104,21,8,1024,0.210,21,8,true,0,0.000
mixed-040-0,mixed,seed=0xa04bbea7cf185589;cycles=9;planted=2;d_b=4;m=2;gap=1;k=2,8650595,false,647647,0.104,21,8,2048,0.209,21,8,true,0,0.000
mixed-040-0,mixed,seed=0xa04bbea7cf185589;cycles=9;planted=2;d_b=4;m=2;gap=1;k=2,8650595,false,647647,0.104,21,8,4096,0.208,21,8,true,0,0.000
mixed-040-0,mixed,seed=0xa04bbea7cf185589;cycles=9;planted=2;d_b=4;m=2;gap=1;k=2,8650595,false,647647,0.104,21,8,8192,0.209,21,8,true,0,0.000
mixed-040-0,mixed,seed=0xa04bbea7cf185589;cycles=9;planted=2;d_b=4;m=2;gap=1;k=2,8650595,false,647647,0.104,21,8,16384,0.208,21,8,true,0,0.000
dec-121,dec,d_b=12;m=2;gap=3;k=2;q=0;s=8,36,false,37,0.086,14,2,1,0.013,17,16,false,0,0.000
dec-121,dec,d_b=12;m=2;gap=3;k=2;q=0;s=8,36,false,37,0.086,14,2,2,0.018,17,16,false,0,0.000
dec-121,dec,d_b=12;m=2;gap=3;k=2;q=0;s=8,36,false,37,0.086,14,2,4,0.025,17,16,false,0,0.000
dec-121,dec,d_b=12;m=2;gap=3;k=2;q=0;s=8,36,false,37,0.086,14,2,8,0.045,17,16,false,0,0.000
dec-121,dec,d_b=12;m=2;gap=3;k=2;q=0;s=8,36,false,37,0.086,14,2,16,0.090,14,2,false,0,0.000
dec-121,dec,d_b=12;m=2;gap=3;k=2;q=0;s=8,36,false,37,0.086,14,2,32,0.150,14,2,true,0,0.000
dec-121,dec,d_b=12;m=2;gap=3;k=2;q=0;s=8,36,false,37,0.086,14,2,64,0.160,14,2,true,0,0.000
dec-121,dec,d_b=12;m=2;gap=3;k=2;q=0;s=8,36,false,37,0.086,14,2,128,0.143,14,2,true,0,0.000
dec-121,dec,d_b=12;m=2;gap=3;k=2;q=0;s=8,36,false,37,0.086,14,2,256,0.141,14,2,true,0,0.000
dec-121,dec,d_b=12;m=2;gap=3;k=2;q=0;s=8,36,false,37,0.086,14,2,512,0.139,14,2,true,0,0.000
dec-121,dec,d_b=12;m=2;gap=3;k=2;q=0;s=8,36,false,37,0.086,14,2,1024,0.138,14,2,true,0,0.000
dec-121,dec,d_b=12;m=2;gap=3;k=2;q=0;s=8,36,false,37,0.086,14,2,2048,0.137,14,2,true,0,0.000
dec-121,dec,d_b=12;m=2;gap=3;k=2;q=0;s=8,36,false,37,0.086,14,2,4096,0.137,14,2,true,0,0.000
dec-121,dec,d_b=12;m=2;gap=3;k=2;q=0;s=8,36,false,37,0.086,14,2,8192,0.136,14,2,true,0,0.000
dec-121,dec,d_b=12;m=2;gap=3;k=2;q=0;s=8,36,false,37,0.086,14,2,16384,0.136,14,2,true,0,0.000
mixed-040-1,mixed,seed=0xd684de76f3d375f3;cycles=9;planted=2;d_b=4;m=2;gap=1;k=2,5335273,false,414724,0.084,19,8,1,0.079,21,16,false,0,0.000
mixed-040-1,mixed,seed=0xd684de76f3d375f3;cycles=9;planted=2;d_b=4;m=2;gap=1;k=2,5335273,false,414724,0.084,19,8,2,0.074,21,16,false,0,0.000
mixed-040-1,mixed,seed=0xd684de76f3d375f3;cycles=9;planted=2;d_b=4;m=2;gap=1;k=2,5335273,false,414724,0.084,19,8,4,0.081,21,16,false,0,0.000
mixed-040-1,mixed,seed=0xd684de76f3d375f3;cycles=9;planted=2;d_b=4;m=2;gap=1;k=2,5335273,false,414724,0.084,19,8,8,0.093,21,16,false,0,0.000
mixed-040-1,mixed,seed=0xd684de76f3d375f3;cycles=9;planted=2;d_b=4;m=2;gap=1;k=2,5335273,false,414724,0.084,19,8,16,0.145,20,12,false,0,0.000
mixed-040-1,mixed,seed=0xd684de76f3d375f3;cycles=9;planted=2;d_b=4;m=2;gap=1;k=2,5335273,false,414724,0.084,19,8,32,0.199,19,8,true,0,0.000
mixed-040-1,mixed,seed=0xd684de76f3d375f3;cycles=9;planted=2;d_b=4;m=2;gap=1;k=2,5335273,false,414724,0.084,19,8,64,0.191,19,8,true,0,0.000
mixed-040-1,mixed,seed=0xd684de76f3d375f3;cycles=9;planted=2;d_b=4;m=2;gap=1;k=2,5335273,false,414724,0.084,19,8,128,0.186,19,8,true,0,0.000
mixed-040-1,mixed,seed=0xd684de76f3d375f3;cycles=9;planted=2;d_b=4;m=2;gap=1;k=2,5335273,false,414724,0.084,19,8,256,0.185,19,8,true,0,0.000
mixed-040-1,mixed,seed=0xd684de76f3d375f3;cycles=9;planted=2;d_b=4;m=2;gap=1;k=2,5335273,false,414724,0.084,19,8,512,0.190,19,8,true,0,0.000
mixed-040-1,mixed,seed=0xd684de76f3d375f3;cycles=9;planted=2;d_b=4;m=2;gap=1;k=2,5335273,false,414724,0.084,19,8,1024,0.180,19,8,true,0,0.000
mixed-040-1,mixed,seed=0xd684de76f3d375f3;cycles=9;planted=2;d_b=4;m=2;gap=1;k=2,5335273,false,414724,0.084,19,8,2048,0.178,19,8,true,0,0.000
mixed-040-1,mixed,seed=0xd684de76f3d375f3;cycles=9;planted=2;d_b=4;m=2;gap=1;k=2,5335273,false,414724,0.084,19,8,4096,0.181,19,8,true,0,0.000
mixed-040-1,mixed,seed=0xd684de76f3d375f3;cycles=9;planted=2;d_b=4;m=2;gap=1;k=2,5335273,false,414724,0.084,19,8,8192,0.186,19,8,true,0,0.000
mixed-040-1,mixed,seed=0xd684de76f3d375f3;cycles=9;planted=2;d_b=4;m=2;gap=1;k=2,5335273,false,414724,0.084,19,8,16384,0.175,19,8,true,0,0.000
dec-122,dec,d_b=12;m=2;gap=3;k=4;q=0;s=8,60,false,61,0.140,14,2,1,0.016,17,16,false,0,0.000
dec-122,dec,d_b=12;m=2;gap=3;k=4;q=0;s=8,60,false,61,0.140,14,2,2,0.021,17,16,false,0,0.000
dec-122,dec,d_b=12;m=2;gap=3;k=4;q=0;s=8,60,false,61,0.140,14,2,4,0.031,17,16,false,0,0.000
dec-122,dec,d_b=12;m=2;gap=3;k=4;q=0;s=8,60,false,61,0.140,14,2,8,0.051,17,16,false,0,0.000
dec-122,dec,d_b=12;m=2;gap=3;k=4;q=0;s=8,60,false,61,0.140,14,2,16,0.086,17,16,false,0,0.000
dec-122,dec,d_b=12;m=2;gap=3;k=4;q=0;s=8,60,false,61,0.140,14,2,32,0.179,14,2,false,0,0.000
dec-122,dec,d_b=12;m=2;gap=3;k=4;q=0;s=8,60,false,61,0.140,14,2,64,0.207,14,2,true,0,0.000
dec-122,dec,d_b=12;m=2;gap=3;k=4;q=0;s=8,60,false,61,0.140,14,2,128,0.205,14,2,true,0,0.000
dec-122,dec,d_b=12;m=2;gap=3;k=4;q=0;s=8,60,false,61,0.140,14,2,256,0.201,14,2,true,0,0.000
dec-122,dec,d_b=12;m=2;gap=3;k=4;q=0;s=8,60,false,61,0.140,14,2,512,0.198,14,2,true,0,0.000
dec-122,dec,d_b=12;m=2;gap=3;k=4;q=0;s=8,60,false,61,0.140,14,2,1024,0.196,14,2,true,0,0.000
dec-122,dec,d_b=12;m=2;gap=3;k=4;q=0;s=8,60,false,61,0.140,14,2,2048,0.195,14,2,true,0,0.000
dec-122,dec,d_b=12;m=2;gap=3;k=4;q=0;s=8,60,false,61,0.140,14,2,4096,0.195,14,2,true,0,0.000
dec-122,dec,d_b=12;m=2;gap=3;k=4;q=0;s=8,60,false,61,0.140,14,2,8192,0.194,14,2,true,0,0.000
dec-122,dec,d_b=12;m=2;gap=3;k=4;q=0;s=8,60,false,61,0.140,14,2,16384,0.193,14,2,true,0,0.000
mixed-040-2,mixed,seed=0x190f2ebbbd6db7b1;cycles=9;planted=2;d_b=4;m=2;gap=1;k=2,5335272,false,414721,0.082,20,8,1,0.075,22,16,false,0,0.000
mixed-040-2,mixed,seed=0x190f2ebbbd6db7b1;cycles=9;planted=2;d_b=4;m=2;gap=1;k=2,5335272,false,414721,0.082,20,8,2,0.074,22,16,false,0,0.000
mixed-040-2,mixed,seed=0x190f2ebbbd6db7b1;cycles=9;planted=2;d_b=4;m=2;gap=1;k=2,5335272,false,414721,0.082,20,8,4,0.072,22,16,false,0,0.000
mixed-040-2,mixed,seed=0x190f2ebbbd6db7b1;cycles=9;planted=2;d_b=4;m=2;gap=1;k=2,5335272,false,414721,0.082,20,8,8,0.093,22,16,false,0,0.000
mixed-040-2,mixed,seed=0x190f2ebbbd6db7b1;cycles=9;planted=2;d_b=4;m=2;gap=1;k=2,5335272,false,414721,0.082,20,8,16,0.143,21,12,false,0,0.000
mixed-040-2,mixed,seed=0x190f2ebbbd6db7b1;cycles=9;planted=2;d_b=4;m=2;gap=1;k=2,5335272,false,414721,0.082,20,8,32,0.183,20,8,true,0,0.000
mixed-040-2,mixed,seed=0x190f2ebbbd6db7b1;cycles=9;planted=2;d_b=4;m=2;gap=1;k=2,5335272,false,414721,0.082,20,8,64,0.183,20,8,true,0,0.000
mixed-040-2,mixed,seed=0x190f2ebbbd6db7b1;cycles=9;planted=2;d_b=4;m=2;gap=1;k=2,5335272,false,414721,0.082,20,8,128,0.184,20,8,true,0,0.000
mixed-040-2,mixed,seed=0x190f2ebbbd6db7b1;cycles=9;planted=2;d_b=4;m=2;gap=1;k=2,5335272,false,414721,0.082,20,8,256,0.177,20,8,true,0,0.000
mixed-040-2,mixed,seed=0x190f2ebbbd6db7b1;cycles=9;planted=2;d_b=4;m=2;gap=1;k=2,5335272,false,414721,0.082,20,8,512,0.174,20,8,true,0,0.000
mixed-040-2,mixed,seed=0x190f2ebbbd6db7b1;cycles=9;planted=2;d_b=4;m=2;gap=1;k=2,5335272,false,414721,0.082,20,8,1024,0.174,20,8,true,0,0.000
mixed-040-2,mixed,seed=0x190f2ebbbd6db7b1;cycles=9;planted=2;d_b=4;m=2;gap=1;k=2,5335272,false,414721,0.082,20,8,2048,0.171,20,8,true,0,0.000
mixed-040-2,mixed,seed=0x190f2ebbbd6db7b1;cycles=9;planted=2;d_b=4;m=2;gap=1;k=2,5335272,false,414721,0.082,20,8,4096,0.172,20,8,true,0,0.000
mixed-040-2,mixed,seed=0x190f2ebbbd6db7b1;cycles=9;planted=2;d_b=4;m=2;gap=1;k=2,5335272,false,414721,0.082,20,8,8192,0.170,20,8,true,0,0.000
mixed-040-2,mixed,seed=0x190f2ebbbd6db7b1;cycles=9;planted=2;d_b=4;m=2;gap=1;k=2,5335272,false,414721,0.082,20,8,16384,0.172,20,8,true,0,0.000
dec-123,dec,d_b=12;m=2;gap=7;k=1;q=0;s=10,24,false,25,0.055,14,2,1,0.013,21,20,false,0,0.000
dec-123,dec,d_b=12;m=2;gap=7;k=1;q=0;s=10,24,false,25,0.055,14,2,2,0.020,21,20,false,0,0.000
dec-123,dec,d_b=12;m=2;gap=7;k=1;q=0;s=10,24,false,25,0.055,14,2,4,0.028,21,20,false,0,0.000
dec-123,dec,d_b=12;m=2;gap=7;k=1;q=0;s=10,24,false,25,0.055,14,2,8,0.055,14,2,false,0,0.000
dec-123,dec,d_b=12;m=2;gap=7;k=1;q=0;s=10,24,false,25,0.055,14,2,16,0.097,14,2,false,0,0.000
dec-123,dec,d_b=12;m=2;gap=7;k=1;q=0;s=10,24,false,25,0.055,14,2,32,0.119,14,2,true,0,0.000
dec-123,dec,d_b=12;m=2;gap=7;k=1;q=0;s=10,24,false,25,0.055,14,2,64,0.116,14,2,true,0,0.000
dec-123,dec,d_b=12;m=2;gap=7;k=1;q=0;s=10,24,false,25,0.055,14,2,128,0.116,14,2,true,0,0.000
dec-123,dec,d_b=12;m=2;gap=7;k=1;q=0;s=10,24,false,25,0.055,14,2,256,0.113,14,2,true,0,0.000
dec-123,dec,d_b=12;m=2;gap=7;k=1;q=0;s=10,24,false,25,0.055,14,2,512,0.113,14,2,true,0,0.000
dec-123,dec,d_b=12;m=2;gap=7;k=1;q=0;s=10,24,false,25,0.055,14,2,1024,0.112,14,2,true,0,0.000
dec-123,dec,d_b=12;m=2;gap=7;k=1;q=0;s=10,24,false,25,0.055,14,2,2048,0.113,14,2,true,0,0.000
dec-123,dec,d_b=12;m=2;gap=7;k=1;q=0;s=10,24,false,25,0.055,14,2,4096,0.112,14,2,true,0,0.000
dec-123,dec,d_b=12;m=2;gap=7;k=1;q=0;s=10,24,false,25,0.055,14,2,8192,0.113,14,2,true,0,0.000
dec-123,dec,d_b=12;m=2;gap=7;k=1;q=0;s=10,24,false,25,0.055,14,2,16384,0.112,14,2,true,0,0.000
mixed-041-0,mixed,seed=0x9d2adb5ca2149cee;cycles=9;planted=2;d_b=8;m=3;gap=2;k=2,9831547,false,743487,0.226,48,8,1,0.135,54,44,false,0,0.000
mixed-041-0,mixed,seed=0x9d2adb5ca2149cee;cycles=9;planted=2;d_b=8;m=3;gap=2;k=2,9831547,false,743487,0.226,48,8,2,0.170,54,44,false,0,0.000
mixed-041-0,mixed,seed=0x9d2adb5ca2149cee;cycles=9;planted=2;d_b=8;m=3;gap=2;k=2,9831547,false,743487,0.226,48,8,4,0.173,54,44,false,0,0.000
mixed-041-0,mixed,seed=0x9d2adb5ca2149cee;cycles=9;planted=2;d_b=8;m=3;gap=2;k=2,9831547,false,743487,0.226,48,8,8,0.238,54,44,false,0,0.000
mixed-041-0,mixed,seed=0x9d2adb5ca2149cee;cycles=9;planted=2;d_b=8;m=3;gap=2;k=2,9831547,false,743487,0.226,48,8,16,0.368,54,44,false,0,0.000
mixed-041-0,mixed,seed=0x9d2adb5ca2149cee;cycles=9;planted=2;d_b=8;m=3;gap=2;k=2,9831547,false,743487,0.226,48,8,32,0.659,48,8,false,0,0.000
mixed-041-0,mixed,seed=0x9d2adb5ca2149cee;cycles=9;planted=2;d_b=8;m=3;gap=2;k=2,9831547,false,743487,0.226,48,8,64,0.811,48,8,true,0,0.000
mixed-041-0,mixed,seed=0x9d2adb5ca2149cee;cycles=9;planted=2;d_b=8;m=3;gap=2;k=2,9831547,false,743487,0.226,48,8,128,0.789,48,8,true,0,0.000
mixed-041-0,mixed,seed=0x9d2adb5ca2149cee;cycles=9;planted=2;d_b=8;m=3;gap=2;k=2,9831547,false,743487,0.226,48,8,256,0.791,48,8,true,0,0.000
mixed-041-0,mixed,seed=0x9d2adb5ca2149cee;cycles=9;planted=2;d_b=8;m=3;gap=2;k=2,9831547,false,743487,0.226,48,8,512,0.779,48,8,true,0,0.000
mixed-041-0,mixed,seed=0x9d2adb5ca2149cee;cycles=9;planted=2;d_b=8;m=3;gap=2;k=2,9831547,false,743487,0.226,48,8,1024,0.775,48,8,true,0,0.000
mixed-041-0,mixed,seed=0x9d2adb5ca2149cee;cycles=9;planted=2;d_b=8;m=3;gap=2;k=2,9831547,false,743487,0.226,48,8,2048,0.818,48,8,true,0,0.000
mixed-041-0,mixed,seed=0x9d2adb5ca2149cee;cycles=9;planted=2;d_b=8;m=3;gap=2;k=2,9831547,false,743487,0.226,48,8,4096,0.764,48,8,true,0,0.000
mixed-041-0,mixed,seed=0x9d2adb5ca2149cee;cycles=9;planted=2;d_b=8;m=3;gap=2;k=2,9831547,false,743487,0.226,48,8,8192,0.777,48,8,true,0,0.000
mixed-041-0,mixed,seed=0x9d2adb5ca2149cee;cycles=9;planted=2;d_b=8;m=3;gap=2;k=2,9831547,false,743487,0.226,48,8,16384,0.765,48,8,true,0,0.000
dec-124,dec,d_b=12;m=2;gap=7;k=2;q=0;s=10,36,false,37,0.087,14,2,1,0.014,21,20,false,0,0.000
dec-124,dec,d_b=12;m=2;gap=7;k=2;q=0;s=10,36,false,37,0.087,14,2,2,0.019,21,20,false,0,0.000
dec-124,dec,d_b=12;m=2;gap=7;k=2;q=0;s=10,36,false,37,0.087,14,2,4,0.041,21,20,false,0,0.000
dec-124,dec,d_b=12;m=2;gap=7;k=2;q=0;s=10,36,false,37,0.087,14,2,8,0.052,21,20,false,0,0.000
dec-124,dec,d_b=12;m=2;gap=7;k=2;q=0;s=10,36,false,37,0.087,14,2,16,0.112,14,2,false,0,0.000
dec-124,dec,d_b=12;m=2;gap=7;k=2;q=0;s=10,36,false,37,0.087,14,2,32,0.145,14,2,true,0,0.000
dec-124,dec,d_b=12;m=2;gap=7;k=2;q=0;s=10,36,false,37,0.087,14,2,64,0.143,14,2,true,0,0.000
dec-124,dec,d_b=12;m=2;gap=7;k=2;q=0;s=10,36,false,37,0.087,14,2,128,0.137,14,2,true,0,0.000
dec-124,dec,d_b=12;m=2;gap=7;k=2;q=0;s=10,36,false,37,0.087,14,2,256,0.136,14,2,true,0,0.000
dec-124,dec,d_b=12;m=2;gap=7;k=2;q=0;s=10,36,false,37,0.087,14,2,512,0.135,14,2,true,0,0.000
dec-124,dec,d_b=12;m=2;gap=7;k=2;q=0;s=10,36,false,37,0.087,14,2,1024,0.133,14,2,true,0,0.000
dec-124,dec,d_b=12;m=2;gap=7;k=2;q=0;s=10,36,false,37,0.087,14,2,2048,0.133,14,2,true,0,0.000
dec-124,dec,d_b=12;m=2;gap=7;k=2;q=0;s=10,36,false,37,0.087,14,2,4096,0.132,14,2,true,0,0.000
dec-124,dec,d_b=12;m=2;gap=7;k=2;q=0;s=10,36,false,37,0.087,14,2,8192,0.133,14,2,true,0,0.000
dec-124,dec,d_b=12;m=2;gap=7;k=2;q=0;s=10,36,false,37,0.087,14,2,16384,0.132,14,2,true,0,0.000
mixed-041-1,mixed,seed=0x8c35ea541b047646;cycles=9;planted=2;d_b=8;m=3;gap=2;k=2,8650625,false,647746,0.278,69,8,1,0.190,75,44,false,0,0.000
mixed-041-1,mixed,seed=0x8c35ea541b047646;cycles=9;planted=2;d_b=8;m=3;gap=2;k=2,8650625,false,647746,0.278,69,8,2,0.271,75,44,false,0,0.000
mixed-041-1,mixed,seed=0x8c35ea541b047646;cycles=9;planted=2;d_b=8;m=3;gap=2;k=2,8650625,false,647746,0.278,69,8,4,0.262,75,44,false,0,0.000
mixed-041-1,mixed,seed=0x8c35ea541b047646;cycles=9;planted=2;d_b=8;m=3;gap=2;k=2,8650625,false,647746,0.278,69,8,8,0.350,75,44,false,0,0.000
mixed-041-1,mixed,seed=0x8c35ea541b047646;cycles=9;planted=2;d_b=8;m=3;gap=2;k=2,8650625,false,647746,0.278,69,8,16,0.574,75,44,false,0,0.000
mixed-041-1,mixed,seed=0x8c35ea541b047646;cycles=9;planted=2;d_b=8;m=3;gap=2;k=2,8650625,false,647746,0.278,69,8,32,1.136,69,8,false,0,0.000
mixed-041-1,mixed,seed=0x8c35ea541b047646;cycles=9;planted=2;d_b=8;m=3;gap=2;k=2,8650625,false,647746,0.278,69,8,64,1.615,69,8,true,0,0.000
mixed-041-1,mixed,seed=0x8c35ea541b047646;cycles=9;planted=2;d_b=8;m=3;gap=2;k=2,8650625,false,647746,0.278,69,8,128,1.614,69,8,true,0,0.000
mixed-041-1,mixed,seed=0x8c35ea541b047646;cycles=9;planted=2;d_b=8;m=3;gap=2;k=2,8650625,false,647746,0.278,69,8,256,1.627,69,8,true,0,0.000
mixed-041-1,mixed,seed=0x8c35ea541b047646;cycles=9;planted=2;d_b=8;m=3;gap=2;k=2,8650625,false,647746,0.278,69,8,512,1.597,69,8,true,0,0.000
mixed-041-1,mixed,seed=0x8c35ea541b047646;cycles=9;planted=2;d_b=8;m=3;gap=2;k=2,8650625,false,647746,0.278,69,8,1024,1.595,69,8,true,0,0.000
mixed-041-1,mixed,seed=0x8c35ea541b047646;cycles=9;planted=2;d_b=8;m=3;gap=2;k=2,8650625,false,647746,0.278,69,8,2048,1.683,69,8,true,0,0.000
mixed-041-1,mixed,seed=0x8c35ea541b047646;cycles=9;planted=2;d_b=8;m=3;gap=2;k=2,8650625,false,647746,0.278,69,8,4096,1.580,69,8,true,0,0.000
mixed-041-1,mixed,seed=0x8c35ea541b047646;cycles=9;planted=2;d_b=8;m=3;gap=2;k=2,8650625,false,647746,0.278,69,8,8192,1.574,69,8,true,0,0.000
mixed-041-1,mixed,seed=0x8c35ea541b047646;cycles=9;planted=2;d_b=8;m=3;gap=2;k=2,8650625,false,647746,0.278,69,8,16384,1.563,69,8,true,0,0.000
dec-125,dec,d_b=12;m=2;gap=7;k=4;q=0;s=10,60,false,61,0.107,14,2,1,0.017,21,20,false,0,0.000
dec-125,dec,d_b=12;m=2;gap=7;k=4;q=0;s=10,60,false,61,0.107,14,2,2,0.023,21,20,false,0,0.000
dec-125,dec,d_b=12;m=2;gap=7;k=4;q=0;s=10,60,false,61,0.107,14,2,4,0.031,21,20,false,0,0.000
dec-125,dec,d_b=12;m=2;gap=7;k=4;q=0;s=10,60,false,61,0.107,14,2,8,0.055,21,20,false,0,0.000
dec-125,dec,d_b=12;m=2;gap=7;k=4;q=0;s=10,60,false,61,0.107,14,2,16,0.107,14,2,false,0,0.000
dec-125,dec,d_b=12;m=2;gap=7;k=4;q=0;s=10,60,false,61,0.107,14,2,32,0.181,14,2,true,0,0.000
dec-125,dec,d_b=12;m=2;gap=7;k=4;q=0;s=10,60,false,61,0.107,14,2,64,0.176,14,2,true,0,0.000
dec-125,dec,d_b=12;m=2;gap=7;k=4;q=0;s=10,60,false,61,0.107,14,2,128,0.173,14,2,true,0,0.000
dec-125,dec,d_b=12;m=2;gap=7;k=4;q=0;s=10,60,false,61,0.107,14,2,256,0.195,14,2,true,0,0.000
dec-125,dec,d_b=12;m=2;gap=7;k=4;q=0;s=10,60,false,61,0.107,14,2,512,0.169,14,2,true,0,0.000
dec-125,dec,d_b=12;m=2;gap=7;k=4;q=0;s=10,60,false,61,0.107,14,2,1024,0.181,14,2,true,0,0.000
dec-125,dec,d_b=12;m=2;gap=7;k=4;q=0;s=10,60,false,61,0.107,14,2,2048,0.170,14,2,true,0,0.000
dec-125,dec,d_b=12;m=2;gap=7;k=4;q=0;s=10,60,false,61,0.107,14,2,4096,0.175,14,2,true,0,0.000
dec-125,dec,d_b=12;m=2;gap=7;k=4;q=0;s=10,60,false,61,0.107,14,2,8192,0.168,14,2,true,0,0.000
dec-125,dec,d_b=12;m=2;gap=7;k=4;q=0;s=10,60,false,61,0.107,14,2,16384,0.169,14,2,true,0,0.000
mixed-041-2,mixed,seed=0xc24d33e622e97f64;cycles=9;planted=2;d_b=8;m=3;gap=2;k=2,9831551,false,743503,0.243,59,8,1,0.150,65,44,false,0,0.000
mixed-041-2,mixed,seed=0xc24d33e622e97f64;cycles=9;planted=2;d_b=8;m=3;gap=2;k=2,9831551,false,743503,0.243,59,8,2,0.141,65,44,false,0,0.000
mixed-041-2,mixed,seed=0xc24d33e622e97f64;cycles=9;planted=2;d_b=8;m=3;gap=2;k=2,9831551,false,743503,0.243,59,8,4,0.163,65,44,false,0,0.000
mixed-041-2,mixed,seed=0xc24d33e622e97f64;cycles=9;planted=2;d_b=8;m=3;gap=2;k=2,9831551,false,743503,0.243,59,8,8,0.223,65,44,false,0,0.000
mixed-041-2,mixed,seed=0xc24d33e622e97f64;cycles=9;planted=2;d_b=8;m=3;gap=2;k=2,9831551,false,743503,0.243,59,8,16,0.325,62,26,false,0,0.000
mixed-041-2,mixed,seed=0xc24d33e622e97f64;cycles=9;planted=2;d_b=8;m=3;gap=2;k=2,9831551,false,743503,0.243,59,8,32,0.532,62,26,false,0,0.000
mixed-041-2,mixed,seed=0xc24d33e622e97f64;cycles=9;planted=2;d_b=8;m=3;gap=2;k=2,9831551,false,743503,0.243,59,8,64,0.856,59,8,true,0,0.000
mixed-041-2,mixed,seed=0xc24d33e622e97f64;cycles=9;planted=2;d_b=8;m=3;gap=2;k=2,9831551,false,743503,0.243,59,8,128,0.857,59,8,true,0,0.000
mixed-041-2,mixed,seed=0xc24d33e622e97f64;cycles=9;planted=2;d_b=8;m=3;gap=2;k=2,9831551,false,743503,0.243,59,8,256,0.834,59,8,true,0,0.000
mixed-041-2,mixed,seed=0xc24d33e622e97f64;cycles=9;planted=2;d_b=8;m=3;gap=2;k=2,9831551,false,743503,0.243,59,8,512,0.833,59,8,true,0,0.000
mixed-041-2,mixed,seed=0xc24d33e622e97f64;cycles=9;planted=2;d_b=8;m=3;gap=2;k=2,9831551,false,743503,0.243,59,8,1024,0.826,59,8,true,0,0.000
mixed-041-2,mixed,seed=0xc24d33e622e97f64;cycles=9;planted=2;d_b=8;m=3;gap=2;k=2,9831551,false,743503,0.243,59,8,2048,0.820,59,8,true,0,0.000
mixed-041-2,mixed,seed=0xc24d33e622e97f64;cycles=9;planted=2;d_b=8;m=3;gap=2;k=2,9831551,false,743503,0.243,59,8,4096,0.820,59,8,true,0,0.000
mixed-041-2,mixed,seed=0xc24d33e622e97f64;cycles=9;planted=2;d_b=8;m=3;gap=2;k=2,9831551,false,743503,0.243,59,8,8192,0.815,59,8,true,0,0.000
mixed-041-2,mixed,seed=0xc24d33e622e97f64;cycles=9;planted=2;d_b=8;m=3;gap=2;k=2,9831551,false,743503,0.243,59,8,16384,0.818,59,8,true,0,0.000
dec-126,dec,d_b=12;m=3;gap=1;k=1;q=1;s=13,24,false,26,0.092,26,2,1,0.015,27,26,false,0,0.000
dec-126,dec,d_b=12;m=3;gap=1;k=1;q=1;s=13,24,false,26,0.092,26,2,2,0.025,27,26,false,0,0.000
dec-126,dec,d_b=12;m=3;gap=1;k=1;q=1;s=13,24,false,26,0.092,26,2,4,0.033,27,26,false,0,0.000
dec-126,dec,d_b=12;m=3;gap=1;k=1;q=1;s=13,24,false,26,0.092,26,2,8,0.056,27,26,false,0,0.000
dec-126,dec,d_b=12;m=3;gap=1;k=1;q=1;s=13,24,false,26,0.092,26,2,16,0.108,26,2,false,0,0.000
dec-126,dec,d_b=12;m=3;gap=1;k=1;q=1;s=13,24,false,26,0.092,26,2,32,0.137,26,2,true,0,0.000
dec-126,dec,d_b=12;m=3;gap=1;k=1;q=1;s=13,24,false,26,0.092,26,2,64,0.139,26,2,true,0,0.000
dec-126,dec,d_b=12;m=3;gap=1;k=1;q=1;s=13,24,false,26,0.092,26,2,128,0.132,26,2,true,0,0.000
dec-126,dec,d_b=12;m=3;gap=1;k=1;q=1;s=13,24,false,26,0.092,26,2,256,0.134,26,2,true,0,0.000
dec-126,dec,d_b=12;m=3;gap=1;k=1;q=1;s=13,24,false,26,0.092,26,2,512,0.131,26,2,true,0,0.000
dec-126,dec,d_b=12;m=3;gap=1;k=1;q=1;s=13,24,false,26,0.092,26,2,1024,0.132,26,2,true,0,0.000
dec-126,dec,d_b=12;m=3;gap=1;k=1;q=1;s=13,24,false,26,0.092,26,2,2048,0.131,26,2,true,0,0.000
dec-126,dec,d_b=12;m=3;gap=1;k=1;q=1;s=13,24,false,26,0.092,26,2,4096,0.132,26,2,true,0,0.000
dec-126,dec,d_b=12;m=3;gap=1;k=1;q=1;s=13,24,false,26,0.092,26,2,8192,0.130,26,2,true,0,0.000
dec-126,dec,d_b=12;m=3;gap=1;k=1;q=1;s=13,24,false,26,0.092,26,2,16384,0.131,26,2,true,0,0.000
mixed-042-0,mixed,seed=0x469f6cca6797f85a;cycles=9;planted=2;d_b=12;m=2;gap=6;k=4,122,false,124,0.199,30,4,1,0.030,44,40,false,0,0.000
mixed-042-0,mixed,seed=0x469f6cca6797f85a;cycles=9;planted=2;d_b=12;m=2;gap=6;k=4,122,false,124,0.199,30,4,2,0.031,44,40,false,0,0.000
mixed-042-0,mixed,seed=0x469f6cca6797f85a;cycles=9;planted=2;d_b=12;m=2;gap=6;k=4,122,false,124,0.199,30,4,4,0.037,44,40,false,0,0.000
mixed-042-0,mixed,seed=0x469f6cca6797f85a;cycles=9;planted=2;d_b=12;m=2;gap=6;k=4,122,false,124,0.199,30,4,8,0.058,44,40,false,0,0.000
mixed-042-0,mixed,seed=0x469f6cca6797f85a;cycles=9;planted=2;d_b=12;m=2;gap=6;k=4,122,false,124,0.199,30,4,16,0.101,44,40,false,0,0.000
mixed-042-0,mixed,seed=0x469f6cca6797f85a;cycles=9;planted=2;d_b=12;m=2;gap=6;k=4,122,false,124,0.199,30,4,32,0.204,37,22,false,0,0.000
mixed-042-0,mixed,seed=0x469f6cca6797f85a;cycles=9;planted=2;d_b=12;m=2;gap=6;k=4,122,false,124,0.199,30,4,64,0.382,30,4,true,0,0.000
mixed-042-0,mixed,seed=0x469f6cca6797f85a;cycles=9;planted=2;d_b=12;m=2;gap=6;k=4,122,false,124,0.199,30,4,128,0.378,30,4,true,0,0.000
mixed-042-0,mixed,seed=0x469f6cca6797f85a;cycles=9;planted=2;d_b=12;m=2;gap=6;k=4,122,false,124,0.199,30,4,256,0.377,30,4,true,0,0.000
mixed-042-0,mixed,seed=0x469f6cca6797f85a;cycles=9;planted=2;d_b=12;m=2;gap=6;k=4,122,false,124,0.199,30,4,512,0.422,30,4,true,0,0.000
mixed-042-0,mixed,seed=0x469f6cca6797f85a;cycles=9;planted=2;d_b=12;m=2;gap=6;k=4,122,false,124,0.199,30,4,1024,0.371,30,4,true,0,0.000
mixed-042-0,mixed,seed=0x469f6cca6797f85a;cycles=9;planted=2;d_b=12;m=2;gap=6;k=4,122,false,124,0.199,30,4,2048,0.390,30,4,true,0,0.000
mixed-042-0,mixed,seed=0x469f6cca6797f85a;cycles=9;planted=2;d_b=12;m=2;gap=6;k=4,122,false,124,0.199,30,4,4096,0.369,30,4,true,0,0.000
mixed-042-0,mixed,seed=0x469f6cca6797f85a;cycles=9;planted=2;d_b=12;m=2;gap=6;k=4,122,false,124,0.199,30,4,8192,0.374,30,4,true,0,0.000
mixed-042-0,mixed,seed=0x469f6cca6797f85a;cycles=9;planted=2;d_b=12;m=2;gap=6;k=4,122,false,124,0.199,30,4,16384,0.376,30,4,true,0,0.000
dec-127,dec,d_b=12;m=3;gap=1;k=2;q=1;s=13,36,false,38,0.110,26,2,1,0.016,27,26,false,0,0.000
dec-127,dec,d_b=12;m=3;gap=1;k=2;q=1;s=13,36,false,38,0.110,26,2,2,0.022,27,26,false,0,0.000
dec-127,dec,d_b=12;m=3;gap=1;k=2;q=1;s=13,36,false,38,0.110,26,2,4,0.033,27,26,false,0,0.000
dec-127,dec,d_b=12;m=3;gap=1;k=2;q=1;s=13,36,false,38,0.110,26,2,8,0.056,27,26,false,0,0.000
dec-127,dec,d_b=12;m=3;gap=1;k=2;q=1;s=13,36,false,38,0.110,26,2,16,0.104,27,26,false,0,0.000
dec-127,dec,d_b=12;m=3;gap=1;k=2;q=1;s=13,36,false,38,0.110,26,2,32,0.182,26,2,true,0,0.000
dec-127,dec,d_b=12;m=3;gap=1;k=2;q=1;s=13,36,false,38,0.110,26,2,64,0.180,26,2,true,0,0.000
dec-127,dec,d_b=12;m=3;gap=1;k=2;q=1;s=13,36,false,38,0.110,26,2,128,0.175,26,2,true,0,0.000
dec-127,dec,d_b=12;m=3;gap=1;k=2;q=1;s=13,36,false,38,0.110,26,2,256,0.176,26,2,true,0,0.000
dec-127,dec,d_b=12;m=3;gap=1;k=2;q=1;s=13,36,false,38,0.110,26,2,512,0.172,26,2,true,0,0.000
dec-127,dec,d_b=12;m=3;gap=1;k=2;q=1;s=13,36,false,38,0.110,26,2,1024,0.174,26,2,true,0,0.000
dec-127,dec,d_b=12;m=3;gap=1;k=2;q=1;s=13,36,false,38,0.110,26,2,2048,0.172,26,2,true,0,0.000
dec-127,dec,d_b=12;m=3;gap=1;k=2;q=1;s=13,36,false,38,0.110,26,2,4096,0.173,26,2,true,0,0.000
dec-127,dec,d_b=12;m=3;gap=1;k=2;q=1;s=13,36,false,38,0.110,26,2,8192,0.172,26,2,true,0,0.000
dec-127,dec,d_b=12;m=3;gap=1;k=2;q=1;s=13,36,false,38,0.110,26,2,16384,0.171,26,2,true,0,0.000
mixed-042-1,mixed,seed=0x39bd23f936639891;cycles=9;planted=2;d_b=12;m=2;gap=6;k=4,5335366,false,414819,0.238,34,8,1,0.101,48,44,false,0,0.000
mixed-042-1,mixed,seed=0x39bd23f936639891;cycles=9;planted=2;d_b=12;m=2;gap=6;k=4,5335366,false,414819,0.238,34,8,2,0.098,48,44,false,0,0.000
mixed-042-1,mixed,seed=0x39bd23f936639891;cycles=9;planted=2;d_b=12;m=2;gap=6;k=4,5335366,false,414819,0.238,34,8,4,0.120,48,44,false,0,0.000
mixed-042-1,mixed,seed=0x39bd23f936639891;cycles=9;planted=2;d_b=12;m=2;gap=6;k=4,5335366,false,414819,0.238,34,8,8,0.132,48,44,false,0,0.000
mixed-042-1,mixed,seed=0x39bd23f936639891;cycles=9;planted=2;d_b=12;m=2;gap=6;k=4,5335366,false,414819,0.238,34,8,16,0.230,48,44,false,0,0.000
mixed-042-1,mixed,seed=0x39bd23f936639891;cycles=9;planted=2;d_b=12;m=2;gap=6;k=4,5335366,false,414819,0.238,34,8,32,0.375,41,26,false,0,0.000
mixed-042-1,mixed,seed=0x39bd23f936639891;cycles=9;planted=2;d_b=12;m=2;gap=6;k=4,5335366,false,414819,0.238,34,8,64,0.679,34,8,true,0,0.000
mixed-042-1,mixed,seed=0x39bd23f936639891;cycles=9;planted=2;d_b=12;m=2;gap=6;k=4,5335366,false,414819,0.238,34,8,128,0.707,34,8,true,0,0.000
mixed-042-1,mixed,seed=0x39bd23f936639891;cycles=9;planted=2;d_b=12;m=2;gap=6;k=4,5335366,false,414819,0.238,34,8,256,0.679,34,8,true,0,0.000
mixed-042-1,mixed,seed=0x39bd23f936639891;cycles=9;planted=2;d_b=12;m=2;gap=6;k=4,5335366,false,414819,0.238,34,8,512,0.660,34,8,true,0,0.000
mixed-042-1,mixed,seed=0x39bd23f936639891;cycles=9;planted=2;d_b=12;m=2;gap=6;k=4,5335366,false,414819,0.238,34,8,1024,0.662,34,8,true,0,0.000
mixed-042-1,mixed,seed=0x39bd23f936639891;cycles=9;planted=2;d_b=12;m=2;gap=6;k=4,5335366,false,414819,0.238,34,8,2048,0.650,34,8,true,0,0.000
mixed-042-1,mixed,seed=0x39bd23f936639891;cycles=9;planted=2;d_b=12;m=2;gap=6;k=4,5335366,false,414819,0.238,34,8,4096,0.656,34,8,true,0,0.000
mixed-042-1,mixed,seed=0x39bd23f936639891;cycles=9;planted=2;d_b=12;m=2;gap=6;k=4,5335366,false,414819,0.238,34,8,8192,0.652,34,8,true,0,0.000
mixed-042-1,mixed,seed=0x39bd23f936639891;cycles=9;planted=2;d_b=12;m=2;gap=6;k=4,5335366,false,414819,0.238,34,8,16384,0.652,34,8,true,0,0.000
dec-128,dec,d_b=12;m=3;gap=1;k=4;q=1;s=13,60,false,62,0.186,26,2,1,0.020,27,26,false,0,0.000
dec-128,dec,d_b=12;m=3;gap=1;k=4;q=1;s=13,60,false,62,0.186,26,2,2,0.025,27,26,false,0,0.000
dec-128,dec,d_b=12;m=3;gap=1;k=4;q=1;s=13,60,false,62,0.186,26,2,4,0.038,27,26,false,0,0.000
dec-128,dec,d_b=12;m=3;gap=1;k=4;q=1;s=13,60,false,62,0.186,26,2,8,0.061,27,26,false,0,0.000
dec-128,dec,d_b=12;m=3;gap=1;k=4;q=1;s=13,60,false,62,0.186,26,2,16,0.108,27,26,false,0,0.000
dec-128,dec,d_b=12;m=3;gap=1;k=4;q=1;s=13,60,false,62,0.186,26,2,32,0.223,26,2,false,0,0.000
dec-128,dec,d_b=12;m=3;gap=1;k=4;q=1;s=13,60,false,62,0.186,26,2,64,0.269,26,2,true,0,0.000
dec-128,dec,d_b=12;m=3;gap=1;k=4;q=1;s=13,60,false,62,0.186,26,2,128,0.266,26,2,true,0,0.000
dec-128,dec,d_b=12;m=3;gap=1;k=4;q=1;s=13,60,false,62,0.186,26,2,256,0.265,26,2,true,0,0.000
dec-128,dec,d_b=12;m=3;gap=1;k=4;q=1;s=13,60,false,62,0.186,26,2,512,0.260,26,2,true,0,0.000
dec-128,dec,d_b=12;m=3;gap=1;k=4;q=1;s=13,60,false,62,0.186,26,2,1024,0.262,26,2,true,0,0.000
dec-128,dec,d_b=12;m=3;gap=1;k=4;q=1;s=13,60,false,62,0.186,26,2,2048,0.260,26,2,true,0,0.000
dec-128,dec,d_b=12;m=3;gap=1;k=4;q=1;s=13,60,false,62,0.186,26,2,4096,0.259,26,2,true,0,0.000
dec-128,dec,d_b=12;m=3;gap=1;k=4;q=1;s=13,60,false,62,0.186,26,2,8192,0.262,26,2,true,0,0.000
dec-128,dec,d_b=12;m=3;gap=1;k=4;q=1;s=13,60,false,62,0.186,26,2,16384,0.260,26,2,true,0,0.000
mixed-042-2,mixed,seed=0x281ba4b0a146daf3;cycles=9;planted=2;d_b=12;m=2;gap=6;k=4,17193033,false,1219902,0.343,50,12,1,0.163,64,48,false,0,0.000
mixed-042-2,mixed,seed=0x281ba4b0a146daf3;cycles=9;planted=2;d_b=12;m=2;gap=6;k=4,17193033,false,1219902,0.343,50,12,2,0.159,64,48,false,0,0.000
mixed-042-2,mixed,seed=0x281ba4b0a146daf3;cycles=9;planted=2;d_b=12;m=2;gap=6;k=4,17193033,false,1219902,0.343,50,12,4,0.208,64,48,false,0,0.000
mixed-042-2,mixed,seed=0x281ba4b0a146daf3;cycles=9;planted=2;d_b=12;m=2;gap=6;k=4,17193033,false,1219902,0.343,50,12,8,0.260,64,48,false,0,0.000
mixed-042-2,mixed,seed=0x281ba4b0a146daf3;cycles=9;planted=2;d_b=12;m=2;gap=6;k=4,17193033,false,1219902,0.343,50,12,16,0.365,64,48,false,0,0.000
mixed-042-2,mixed,seed=0x281ba4b0a146daf3;cycles=9;planted=2;d_b=12;m=2;gap=6;k=4,17193033,false,1219902,0.343,50,12,32,0.545,64,48,false,0,0.000
mixed-042-2,mixed,seed=0x281ba4b0a146daf3;cycles=9;planted=2;d_b=12;m=2;gap=6;k=4,17193033,false,1219902,0.343,50,12,64,1.064,50,12,false,0,0.000
mixed-042-2,mixed,seed=0x281ba4b0a146daf3;cycles=9;planted=2;d_b=12;m=2;gap=6;k=4,17193033,false,1219902,0.343,50,12,128,1.049,50,12,true,0,0.000
mixed-042-2,mixed,seed=0x281ba4b0a146daf3;cycles=9;planted=2;d_b=12;m=2;gap=6;k=4,17193033,false,1219902,0.343,50,12,256,1.030,50,12,true,0,0.000
mixed-042-2,mixed,seed=0x281ba4b0a146daf3;cycles=9;planted=2;d_b=12;m=2;gap=6;k=4,17193033,false,1219902,0.343,50,12,512,1.026,50,12,true,0,0.000
mixed-042-2,mixed,seed=0x281ba4b0a146daf3;cycles=9;planted=2;d_b=12;m=2;gap=6;k=4,17193033,false,1219902,0.343,50,12,1024,1.021,50,12,true,0,0.000
mixed-042-2,mixed,seed=0x281ba4b0a146daf3;cycles=9;planted=2;d_b=12;m=2;gap=6;k=4,17193033,false,1219902,0.343,50,12,2048,1.030,50,12,true,0,0.000
mixed-042-2,mixed,seed=0x281ba4b0a146daf3;cycles=9;planted=2;d_b=12;m=2;gap=6;k=4,17193033,false,1219902,0.343,50,12,4096,1.006,50,12,true,0,0.000
mixed-042-2,mixed,seed=0x281ba4b0a146daf3;cycles=9;planted=2;d_b=12;m=2;gap=6;k=4,17193033,false,1219902,0.343,50,12,8192,1.008,50,12,true,0,0.000
mixed-042-2,mixed,seed=0x281ba4b0a146daf3;cycles=9;planted=2;d_b=12;m=2;gap=6;k=4,17193033,false,1219902,0.343,50,12,16384,0.998,50,12,true,0,0.000
dec-129,dec,d_b=12;m=3;gap=3;k=1;q=1;s=14,24,false,26,0.099,26,2,1,0.017,29,28,false,0,0.000
dec-129,dec,d_b=12;m=3;gap=3;k=1;q=1;s=14,24,false,26,0.099,26,2,2,0.027,29,28,false,0,0.000
dec-129,dec,d_b=12;m=3;gap=3;k=1;q=1;s=14,24,false,26,0.099,26,2,4,0.035,29,28,false,0,0.000
dec-129,dec,d_b=12;m=3;gap=3;k=1;q=1;s=14,24,false,26,0.099,26,2,8,0.057,29,28,false,0,0.000
dec-129,dec,d_b=12;m=3;gap=3;k=1;q=1;s=14,24,false,26,0.099,26,2,16,0.116,26,2,false,0,0.000
dec-129,dec,d_b=12;m=3;gap=3;k=1;q=1;s=14,24,false,26,0.099,26,2,32,0.147,26,2,true,0,0.000
dec-129,dec,d_b=12;m=3;gap=3;k=1;q=1;s=14,24,false,26,0.099,26,2,64,0.159,26,2,true,0,0.000
dec-129,dec,d_b=12;m=3;gap=3;k=1;q=1;s=14,24,false,26,0.099,26,2,128,0.148,26,2,true,0,0.000
dec-129,dec,d_b=12;m=3;gap=3;k=1;q=1;s=14,24,false,26,0.099,26,2,256,0.143,26,2,true,0,0.000
dec-129,dec,d_b=12;m=3;gap=3;k=1;q=1;s=14,24,false,26,0.099,26,2,512,0.159,26,2,true,0,0.000
dec-129,dec,d_b=12;m=3;gap=3;k=1;q=1;s=14,24,false,26,0.099,26,2,1024,0.137,26,2,true,0,0.000
dec-129,dec,d_b=12;m=3;gap=3;k=1;q=1;s=14,24,false,26,0.099,26,2,2048,0.149,26,2,true,0,0.000
dec-129,dec,d_b=12;m=3;gap=3;k=1;q=1;s=14,24,false,26,0.099,26,2,4096,0.137,26,2,true,0,0.000
dec-129,dec,d_b=12;m=3;gap=3;k=1;q=1;s=14,24,false,26,0.099,26,2,8192,0.144,26,2,true,0,0.000
dec-129,dec,d_b=12;m=3;gap=3;k=1;q=1;s=14,24,false,26,0.099,26,2,16384,0.135,26,2,true,0,0.000
mixed-043-0,mixed,seed=0x2b64a5f9719858c5;cycles=9;planted=2;d_b=16;m=5;gap=2;k=1,9869701,false,745337,0.402,150,10,1,0.130,156,142,false,0,0.000
mixed-043-0,mixed,seed=0x2b64a5f9719858c5;cycles=9;planted=2;d_b=16;m=5;gap=2;k=1,9869701,false,745337,0.402,150,10,2,0.130,156,142,false,0,0.000
mixed-043-0,mixed,seed=0x2b64a5f9719858c5;cycles=9;planted=2;d_b=16;m=5;gap=2;k=1,9869701,false,745337,0.402,150,10,4,0.122,156,142,false,0,0.000
mixed-043-0,mixed,seed=0x2b64a5f9719858c5;cycles=9;planted=2;d_b=16;m=5;gap=2;k=1,9869701,false,745337,0.402,150,10,8,0.186,156,142,false,0,0.000
mixed-043-0,mixed,seed=0x2b64a5f9719858c5;cycles=9;planted=2;d_b=16;m=5;gap=2;k=1,9869701,false,745337,0.402,150,10,16,0.323,156,142,false,0,0.000
mixed-043-0,mixed,seed=0x2b64a5f9719858c5;cycles=9;planted=2;d_b=16;m=5;gap=2;k=1,9869701,false,745337,0.402,150,10,32,0.493,153,76,false,0,0.000
mixed-043-0,mixed,seed=0x2b64a5f9719858c5;cycles=9;planted=2;d_b=16;m=5;gap=2;k=1,9869701,false,745337,0.402,150,10,64,0.975,150,10,true,0,0.000
mixed-043-0,mixed,seed=0x2b64a5f9719858c5;cycles=9;planted=2;d_b=16;m=5;gap=2;k=1,9869701,false,745337,0.402,150,10,128,0.918,150,10,true,0,0.000
mixed-043-0,mixed,seed=0x2b64a5f9719858c5;cycles=9;planted=2;d_b=16;m=5;gap=2;k=1,9869701,false,745337,0.402,150,10,256,0.947,150,10,true,0,0.000
mixed-043-0,mixed,seed=0x2b64a5f9719858c5;cycles=9;planted=2;d_b=16;m=5;gap=2;k=1,9869701,false,745337,0.402,150,10,512,0.906,150,10,true,0,0.000
mixed-043-0,mixed,seed=0x2b64a5f9719858c5;cycles=9;planted=2;d_b=16;m=5;gap=2;k=1,9869701,false,745337,0.402,150,10,1024,0.904,150,10,true,0,0.000
mixed-043-0,mixed,seed=0x2b64a5f9719858c5;cycles=9;planted=2;d_b=16;m=5;gap=2;k=1,9869701,false,745337,0.402,150,10,2048,0.898,150,10,true,0,0.000
mixed-043-0,mixed,seed=0x2b64a5f9719858c5;cycles=9;planted=2;d_b=16;m=5;gap=2;k=1,9869701,false,745337,0.402,150,10,4096,0.897,150,10,true,0,0.000
mixed-043-0,mixed,seed=0x2b64a5f9719858c5;cycles=9;planted=2;d_b=16;m=5;gap=2;k=1,9869701,false,745337,0.402,150,10,8192,0.893,150,10,true,0,0.000
mixed-043-0,mixed,seed=0x2b64a5f9719858c5;cycles=9;planted=2;d_b=16;m=5;gap=2;k=1,9869701,false,745337,0.402,150,10,16384,0.898,150,10,true,0,0.000
dec-130,dec,d_b=12;m=3;gap=3;k=2;q=1;s=14,36,false,38,0.120,26,2,1,0.017,29,28,false,0,0.000
dec-130,dec,d_b=12;m=3;gap=3;k=2;q=1;s=14,36,false,38,0.120,26,2,2,0.026,29,28,false,0,0.000
dec-130,dec,d_b=12;m=3;gap=3;k=2;q=1;s=14,36,false,38,0.120,26,2,4,0.035,29,28,false,0,0.000
dec-130,dec,d_b=12;m=3;gap=3;k=2;q=1;s=14,36,false,38,0.120,26,2,8,0.062,29,28,false,0,0.000
dec-130,dec,d_b=12;m=3;gap=3;k=2;q=1;s=14,36,false,38,0.120,26,2,16,0.120,26,2,false,0,0.000
dec-130,dec,d_b=12;m=3;gap=3;k=2;q=1;s=14,36,false,38,0.120,26,2,32,0.195,26,2,true,0,0.000
dec-130,dec,d_b=12;m=3;gap=3;k=2;q=1;s=14,36,false,38,0.120,26,2,64,0.196,26,2,true,0,0.000
dec-130,dec,d_b=12;m=3;gap=3;k=2;q=1;s=14,36,false,38,0.120,26,2,128,0.194,26,2,true,0,0.000
dec-130,dec,d_b=12;m=3;gap=3;k=2;q=1;s=14,36,false,38,0.120,26,2,256,0.188,26,2,true,0,0.000
dec-130,dec,d_b=12;m=3;gap=3;k=2;q=1;s=14,36,false,38,0.120,26,2,512,0.185,26,2,true,0,0.000
dec-130,dec,d_b=12;m=3;gap=3;k=2;q=1;s=14,36,false,38,0.120,26,2,1024,0.183,26,2,true,0,0.000
dec-130,dec,d_b=12;m=3;gap=3;k=2;q=1;s=14,36,false,38,0.120,26,2,2048,0.185,26,2,true,0,0.000
dec-130,dec,d_b=12;m=3;gap=3;k=2;q=1;s=14,36,false,38,0.120,26,2,4096,0.183,26,2,true,0,0.000
dec-130,dec,d_b=12;m=3;gap=3;k=2;q=1;s=14,36,false,38,0.120,26,2,8192,0.180,26,2,true,0,0.000
dec-130,dec,d_b=12;m=3;gap=3;k=2;q=1;s=14,36,false,38,0.120,26,2,16384,0.182,26,2,true,0,0.000
mixed-043-1,mixed,seed=0x0a9211983ff2b5ec;cycles=9;planted=2;d_b=16;m=5;gap=2;k=1,9850632,false,744397,0.358,140,8,1,0.115,146,140,false,0,0.000
mixed-043-1,mixed,seed=0x0a9211983ff2b5ec;cycles=9;planted=2;d_b=16;m=5;gap=2;k=1,9850632,false,744397,0.358,140,8,2,0.109,146,140,false,0,0.000
mixed-043-1,mixed,seed=0x0a9211983ff2b5ec;cycles=9;planted=2;d_b=16;m=5;gap=2;k=1,9850632,false,744397,0.358,140,8,4,0.125,146,140,false,0,0.000
mixed-043-1,mixed,seed=0x0a9211983ff2b5ec;cycles=9;planted=2;d_b=16;m=5;gap=2;k=1,9850632,false,744397,0.358,140,8,8,0.179,146,140,false,0,0.000
mixed-043-1,mixed,seed=0x0a9211983ff2b5ec;cycles=9;planted=2;d_b=16;m=5;gap=2;k=1,9850632,false,744397,0.358,140,8,16,0.245,146,140,false,0,0.000
mixed-043-1,mixed,seed=0x0a9211983ff2b5ec;cycles=9;planted=2;d_b=16;m=5;gap=2;k=1,9850632,false,744397,0.358,140,8,32,0.435,143,74,false,0,0.000
mixed-043-1,mixed,seed=0x0a9211983ff2b5ec;cycles=9;planted=2;d_b=16;m=5;gap=2;k=1,9850632,false,744397,0.358,140,8,64,0.781,140,8,true,0,0.000
mixed-043-1,mixed,seed=0x0a9211983ff2b5ec;cycles=9;planted=2;d_b=16;m=5;gap=2;k=1,9850632,false,744397,0.358,140,8,128,0.767,140,8,true,0,0.000
mixed-043-1,mixed,seed=0x0a9211983ff2b5ec;cycles=9;planted=2;d_b=16;m=5;gap=2;k=1,9850632,false,744397,0.358,140,8,256,0.775,140,8,true,0,0.000
mixed-043-1,mixed,seed=0x0a9211983ff2b5ec;cycles=9;planted=2;d_b=16;m=5;gap=2;k=1,9850632,false,744397,0.358,140,8,512,0.760,140,8,true,0,0.000
mixed-043-1,mixed,seed=0x0a9211983ff2b5ec;cycles=9;planted=2;d_b=16;m=5;gap=2;k=1,9850632,false,744397,0.358,140,8,1024,0.754,140,8,true,0,0.000
mixed-043-1,mixed,seed=0x0a9211983ff2b5ec;cycles=9;planted=2;d_b=16;m=5;gap=2;k=1,9850632,false,744397,0.358,140,8,2048,0.755,140,8,true,0,0.000
mixed-043-1,mixed,seed=0x0a9211983ff2b5ec;cycles=9;planted=2;d_b=16;m=5;gap=2;k=1,9850632,false,744397,0.358,140,8,4096,0.758,140,8,true,0,0.000
mixed-043-1,mixed,seed=0x0a9211983ff2b5ec;cycles=9;planted=2;d_b=16;m=5;gap=2;k=1,9850632,false,744397,0.358,140,8,8192,0.747,140,8,true,0,0.000
mixed-043-1,mixed,seed=0x0a9211983ff2b5ec;cycles=9;planted=2;d_b=16;m=5;gap=2;k=1,9850632,false,744397,0.358,140,8,16384,0.748,140,8,true,0,0.000
dec-131,dec,d_b=12;m=3;gap=3;k=4;q=1;s=14,60,false,62,0.207,26,2,1,0.020,29,28,false,0,0.000
dec-131,dec,d_b=12;m=3;gap=3;k=4;q=1;s=14,60,false,62,0.207,26,2,2,0.026,29,28,false,0,0.000
dec-131,dec,d_b=12;m=3;gap=3;k=4;q=1;s=14,60,false,62,0.207,26,2,4,0.043,29,28,false,0,0.000
dec-131,dec,d_b=12;m=3;gap=3;k=4;q=1;s=14,60,false,62,0.207,26,2,8,0.064,29,28,false,0,0.000
dec-131,dec,d_b=12;m=3;gap=3;k=4;q=1;s=14,60,false,62,0.207,26,2,16,0.113,29,28,false,0,0.000
dec-131,dec,d_b=12;m=3;gap=3;k=4;q=1;s=14,60,false,62,0.207,26,2,32,0.237,26,2,false,0,0.000
dec-131,dec,d_b=12;m=3;gap=3;k=4;q=1;s=14,60,false,62,0.207,26,2,64,0.279,26,2,true,0,0.000
dec-131,dec,d_b=12;m=3;gap=3;k=4;q=1;s=14,60,false,62,0.207,26,2,128,0.280,26,2,true,0,0.000
dec-131,dec,d_b=12;m=3;gap=3;k=4;q=1;s=14,60,false,62,0.207,26,2,256,0.271,26,2,true,0,0.000
dec-131,dec,d_b=12;m=3;gap=3;k=4;q=1;s=14,60,false,62,0.207,26,2,512,0.274,26,2,true,0,0.000
dec-131,dec,d_b=12;m=3;gap=3;k=4;q=1;s=14,60,false,62,0.207,26,2,1024,0.275,26,2,true,0,0.000
dec-131,dec,d_b=12;m=3;gap=3;k=4;q=1;s=14,60,false,62,0.207,26,2,2048,0.271,26,2,true,0,0.000
dec-131,dec,d_b=12;m=3;gap=3;k=4;q=1;s=14,60,false,62,0.207,26,2,4096,0.271,26,2,true,0,0.000
dec-131,dec,d_b=12;m=3;gap=3;k=4;q=1;s=14,60,false,62,0.207,26,2,8192,0.273,26,2,true,0,0.000
dec-131,dec,d_b=12;m=3;gap=3;k=4;q=1;s=14,60,false,62,0.207,26,2,16384,0.268,26,2,true,0,0.000
mixed-043-2,mixed,seed=0xd75272ca94a4bfb3;cycles=9;planted=2;d_b=16;m=5;gap=2;k=1,68,false,74,0.324,136,4,1,0.060,142,136,false,0,0.000
mixed-043-2,mixed,seed=0xd75272ca94a4bfb3;cycles=9;planted=2;d_b=16;m=5;gap=2;k=1,68,false,74,0.324,136,4,2,0.068,142,136,false,0,0.000
mixed-043-2,mixed,seed=0xd75272ca94a4bfb3;cycles=9;planted=2;d_b=16;m=5;gap=2;k=1,68,false,74,0.324,136,4,4,0.075,142,136,false,0,0.000
mixed-043-2,mixed,seed=0xd75272ca94a4bfb3;cycles=9;planted=2;d_b=16;m=5;gap=2;k=1,68,false,74,0.324,136,4,8,0.112,142,136,false,0,0.000
mixed-043-2,mixed,seed=0xd75272ca94a4bfb3;cycles=9;planted=2;d_b=16;m=5;gap=2;k=1,68,false,74,0.324,136,4,16,0.216,142,136,false,0,0.000
mixed-043-2,mixed,seed=0xd75272ca94a4bfb3;cycles=9;planted=2;d_b=16;m=5;gap=2;k=1,68,false,74,0.324,136,4,32,0.427,139,70,false,0,0.000
mixed-043-2,mixed,seed=0xd75272ca94a4bfb3;cycles=9;planted=2;d_b=16;m=5;gap=2;k=1,68,false,74,0.324,136,4,64,0.814,136,4,true,0,0.000
mixed-043-2,mixed,seed=0xd75272ca94a4bfb3;cycles=9;planted=2;d_b=16;m=5;gap=2;k=1,68,false,74,0.324,136,4,128,0.817,136,4,true,0,0.000
mixed-043-2,mixed,seed=0xd75272ca94a4bfb3;cycles=9;planted=2;d_b=16;m=5;gap=2;k=1,68,false,74,0.324,136,4,256,0.805,136,4,true,0,0.000
mixed-043-2,mixed,seed=0xd75272ca94a4bfb3;cycles=9;planted=2;d_b=16;m=5;gap=2;k=1,68,false,74,0.324,136,4,512,0.801,136,4,true,0,0.000
mixed-043-2,mixed,seed=0xd75272ca94a4bfb3;cycles=9;planted=2;d_b=16;m=5;gap=2;k=1,68,false,74,0.324,136,4,1024,0.804,136,4,true,0,0.000
mixed-043-2,mixed,seed=0xd75272ca94a4bfb3;cycles=9;planted=2;d_b=16;m=5;gap=2;k=1,68,false,74,0.324,136,4,2048,0.795,136,4,true,0,0.000
mixed-043-2,mixed,seed=0xd75272ca94a4bfb3;cycles=9;planted=2;d_b=16;m=5;gap=2;k=1,68,false,74,0.324,136,4,4096,0.798,136,4,true,0,0.000
mixed-043-2,mixed,seed=0xd75272ca94a4bfb3;cycles=9;planted=2;d_b=16;m=5;gap=2;k=1,68,false,74,0.324,136,4,8192,0.798,136,4,true,0,0.000
mixed-043-2,mixed,seed=0xd75272ca94a4bfb3;cycles=9;planted=2;d_b=16;m=5;gap=2;k=1,68,false,74,0.324,136,4,16384,0.793,136,4,true,0,0.000
dec-132,dec,d_b=12;m=3;gap=7;k=1;q=1;s=16,24,false,26,0.079,26,2,1,0.016,33,32,false,0,0.000
dec-132,dec,d_b=12;m=3;gap=7;k=1;q=1;s=16,24,false,26,0.079,26,2,2,0.027,33,32,false,0,0.000
dec-132,dec,d_b=12;m=3;gap=7;k=1;q=1;s=16,24,false,26,0.079,26,2,4,0.039,33,32,false,0,0.000
dec-132,dec,d_b=12;m=3;gap=7;k=1;q=1;s=16,24,false,26,0.079,26,2,8,0.067,26,2,false,0,0.000
dec-132,dec,d_b=12;m=3;gap=7;k=1;q=1;s=16,24,false,26,0.079,26,2,16,0.120,26,2,false,0,0.000
dec-132,dec,d_b=12;m=3;gap=7;k=1;q=1;s=16,24,false,26,0.079,26,2,32,0.151,26,2,true,0,0.000
dec-132,dec,d_b=12;m=3;gap=7;k=1;q=1;s=16,24,false,26,0.079,26,2,64,0.146,26,2,true,0,0.000
dec-132,dec,d_b=12;m=3;gap=7;k=1;q=1;s=16,24,false,26,0.079,26,2,128,0.145,26,2,true,0,0.000
dec-132,dec,d_b=12;m=3;gap=7;k=1;q=1;s=16,24,false,26,0.079,26,2,256,0.147,26,2,true,0,0.000
dec-132,dec,d_b=12;m=3;gap=7;k=1;q=1;s=16,24,false,26,0.079,26,2,512,0.143,26,2,true,0,0.000
dec-132,dec,d_b=12;m=3;gap=7;k=1;q=1;s=16,24,false,26,0.079,26,2,1024,0.142,26,2,true,0,0.000
dec-132,dec,d_b=12;m=3;gap=7;k=1;q=1;s=16,24,false,26,0.079,26,2,2048,0.145,26,2,true,0,0.000
dec-132,dec,d_b=12;m=3;gap=7;k=1;q=1;s=16,24,false,26,0.079,26,2,4096,0.142,26,2,true,0,0.000
dec-132,dec,d_b=12;m=3;gap=7;k=1;q=1;s=16,24,false,26,0.079,26,2,8192,0.144,26,2,true,0,0.000
dec-132,dec,d_b=12;m=3;gap=7;k=1;q=1;s=16,24,false,26,0.079,26,2,16384,0.142,26,2,true,0,0.000
mixed-044-0,mixed,seed=0x786641bb0993fd1f;cycles=9;planted=3;d_b=4;m=2;gap=1;k=2,13612620,false,1003618,0.158,42,14,1,0.137,45,26,false,0,0.000
mixed-044-0,mixed,seed=0x786641bb0993fd1f;cycles=9;planted=3;d_b=4;m=2;gap=1;k=2,13612620,false,1003618,0.158,42,14,2,0.134,45,26,false,0,0.000
mixed-044-0,mixed,seed=0x786641bb0993fd1f;cycles=9;planted=3;d_b=4;m=2;gap=1;k=2,13612620,false,1003618,0.158,42,14,4,0.131,45,26,false,0,0.000
mixed-044-0,mixed,seed=0x786641bb0993fd1f;cycles=9;planted=3;d_b=4;m=2;gap=1;k=2,13612620,false,1003618,0.158,42,14,8,0.175,45,26,false,0,0.000
mixed-044-0,mixed,seed=0x786641bb0993fd1f;cycles=9;planted=3;d_b=4;m=2;gap=1;k=2,13612620,false,1003618,0.158,42,14,16,0.240,45,26,false,0,0.000
mixed-044-0,mixed,seed=0x786641bb0993fd1f;cycles=9;planted=3;d_b=4;m=2;gap=1;k=2,13612620,false,1003618,0.158,42,14,32,0.355,43,18,false,0,0.000
mixed-044-0,mixed,seed=0x786641bb0993fd1f;cycles=9;planted=3;d_b=4;m=2;gap=1;k=2,13612620,false,1003618,0.158,42,14,64,0.417,42,14,true,0,0.000
mixed-044-0,mixed,seed=0x786641bb0993fd1f;cycles=9;planted=3;d_b=4;m=2;gap=1;k=2,13612620,false,1003618,0.158,42,14,128,0.412,42,14,true,0,0.000
mixed-044-0,mixed,seed=0x786641bb0993fd1f;cycles=9;planted=3;d_b=4;m=2;gap=1;k=2,13612620,false,1003618,0.158,42,14,256,0.414,42,14,true,0,0.000
mixed-044-0,mixed,seed=0x786641bb0993fd1f;cycles=9;planted=3;d_b=4;m=2;gap=1;k=2,13612620,false,1003618,0.158,42,14,512,0.403,42,14,true,0,0.000
mixed-044-0,mixed,seed=0x786641bb0993fd1f;cycles=9;planted=3;d_b=4;m=2;gap=1;k=2,13612620,false,1003618,0.158,42,14,1024,0.399,42,14,true,0,0.000
mixed-044-0,mixed,seed=0x786641bb0993fd1f;cycles=9;planted=3;d_b=4;m=2;gap=1;k=2,13612620,false,1003618,0.158,42,14,2048,0.400,42,14,true,0,0.000
mixed-044-0,mixed,seed=0x786641bb0993fd1f;cycles=9;planted=3;d_b=4;m=2;gap=1;k=2,13612620,false,1003618,0.158,42,14,4096,0.396,42,14,true,0,0.000
mixed-044-0,mixed,seed=0x786641bb0993fd1f;cycles=9;planted=3;d_b=4;m=2;gap=1;k=2,13612620,false,1003618,0.158,42,14,8192,0.397,42,14,true,0,0.000
mixed-044-0,mixed,seed=0x786641bb0993fd1f;cycles=9;planted=3;d_b=4;m=2;gap=1;k=2,13612620,false,1003618,0.158,42,14,16384,0.448,42,14,true,0,0.000
dec-133,dec,d_b=12;m=3;gap=7;k=2;q=1;s=16,36,false,38,0.133,26,2,1,0.020,33,32,false,0,0.000
dec-133,dec,d_b=12;m=3;gap=7;k=2;q=1;s=16,36,false,38,0.133,26,2,2,0.028,33,32,false,0,0.000
dec-133,dec,d_b=12;m=3;gap=7;k=2;q=1;s=16,36,false,38,0.133,26,2,4,0.039,33,32,false,0,0.000
dec-133,dec,d_b=12;m=3;gap=7;k=2;q=1;s=16,36,false,38,0.133,26,2,8,0.068,33,32,false,0,0.000
dec-133,dec,d_b=12;m=3;gap=7;k=2;q=1;s=16,36,false,38,0.133,26,2,16,0.133,26,2,false,0,0.000
dec-133,dec,d_b=12;m=3;gap=7;k=2;q=1;s=16,36,false,38,0.133,26,2,32,0.206,26,2,true,0,0.000
dec-133,dec,d_b=12;m=3;gap=7;k=2;q=1;s=16,36,false,38,0.133,26,2,64,0.198,26,2,true,0,0.000
dec-133,dec,d_b=12;m=3;gap=7;k=2;q=1;s=16,36,false,38,0.133,26,2,128,0.195,26,2,true,0,0.000
dec-133,dec,d_b=12;m=3;gap=7;k=2;q=1;s=16,36,false,38,0.133,26,2,256,0.193,26,2,true,0,0.000
dec-133,dec,d_b=12;m=3;gap=7;k=2;q=1;s=16,36,false,38,0.133,26,2,512,0.198,26,2,true,0,0.000
dec-133,dec,d_b=12;m=3;gap=7;k=2;q=1;s=16,36,false,38,0.133,26,2,1024,0.192,26,2,true,0,0.000
dec-133,dec,d_b=12;m=3;gap=7;k=2;q=1;s=16,36,false,38,0.133,26,2,2048,0.205,26,2,true,0,0.000
dec-133,dec,d_b=12;m=3;gap=7;k=2;q=1;s=16,36,false,38,0.133,26,2,4096,0.192,26,2,true,0,0.000
dec-133,dec,d_b=12;m=3;gap=7;k=2;q=1;s=16,36,false,38,0.133,26,2,8192,0.189,26,2,true,0,0.000
dec-133,dec,d_b=12;m=3;gap=7;k=2;q=1;s=16,36,false,38,0.133,26,2,16384,0.189,26,2,true,0,0.000
mixed-044-1,mixed,seed=0xf455af5bf6893eba;cycles=9;planted=3;d_b=4;m=2;gap=1;k=2,5335287,false,414745,0.112,33,10,1,0.093,36,22,false,0,0.000
mixed-044-1,mixed,seed=0xf455af5bf6893eba;cycles=9;planted=3;d_b=4;m=2;gap=1;k=2,5335287,false,414745,0.112,33,10,2,0.103,36,22,false,0,0.000
mixed-044-1,mixed,seed=0xf455af5bf6893eba;cycles=9;planted=3;d_b=4;m=2;gap=1;k=2,5335287,false,414745,0.112,33,10,4,0.094,36,22,false,0,0.000
mixed-044-1,mixed,seed=0xf455af5bf6893eba;cycles=9;planted=3;d_b=4;m=2;gap=1;k=2,5335287,false,414745,0.112,33,10,8,0.108,36,22,false,0,0.000
mixed-044-1,mixed,seed=0xf455af5bf6893eba;cycles=9;planted=3;d_b=4;m=2;gap=1;k=2,5335287,false,414745,0.112,33,10,16,0.147,36,22,false,0,0.000
mixed-044-1,mixed,seed=0xf455af5bf6893eba;cycles=9;planted=3;d_b=4;m=2;gap=1;k=2,5335287,false,414745,0.112,33,10,32,0.260,33,10,false,0,0.000
mixed-044-1,mixed,seed=0xf455af5bf6893eba;cycles=9;planted=3;d_b=4;m=2;gap=1;k=2,5335287,false,414745,0.112,33,10,64,0.287,33,10,true,0,0.000
mixed-044-1,mixed,seed=0xf455af5bf6893eba;cycles=9;planted=3;d_b=4;m=2;gap=1;k=2,5335287,false,414745,0.112,33,10,128,0.281,33,10,true,0,0.000
mixed-044-1,mixed,seed=0xf455af5bf6893eba;cycles=9;planted=3;d_b=4;m=2;gap=1;k=2,5335287,false,414745,0.112,33,10,256,0.277,33,10,true,0,0.000
mixed-044-1,mixed,seed=0xf455af5bf6893eba;cycles=9;planted=3;d_b=4;m=2;gap=1;k=2,5335287,false,414745,0.112,33,10,512,0.289,33,10,true,0,0.000
mixed-044-1,mixed,seed=0xf455af5bf6893eba;cycles=9;planted=3;d_b=4;m=2;gap=1;k=2,5335287,false,414745,0.112,33,10,1024,0.274,33,10,true,0,0.000
mixed-044-1,mixed,seed=0xf455af5bf6893eba;cycles=9;planted=3;d_b=4;m=2;gap=1;k=2,5335287,false,414745,0.112,33,10,2048,0.276,33,10,true,0,0.000
mixed-044-1,mixed,seed=0xf455af5bf6893eba;cycles=9;planted=3;d_b=4;m=2;gap=1;k=2,5335287,false,414745,0.112,33,10,4096,0.272,33,10,true,0,0.000
mixed-044-1,mixed,seed=0xf455af5bf6893eba;cycles=9;planted=3;d_b=4;m=2;gap=1;k=2,5335287,false,414745,0.112,33,10,8192,0.274,33,10,true,0,0.000
mixed-044-1,mixed,seed=0xf455af5bf6893eba;cycles=9;planted=3;d_b=4;m=2;gap=1;k=2,5335287,false,414745,0.112,33,10,16384,0.301,33,10,true,0,0.000
dec-134,dec,d_b=12;m=3;gap=7;k=4;q=1;s=16,60,false,62,0.190,26,2,1,0.022,33,32,false,0,0.000
dec-134,dec,d_b=12;m=3;gap=7;k=4;q=1;s=16,60,false,62,0.190,26,2,2,0.029,33,32,false,0,0.000
dec-134,dec,d_b=12;m=3;gap=7;k=4;q=1;s=16,60,false,62,0.190,26,2,4,0.055,33,32,false,0,0.000
dec-134,dec,d_b=12;m=3;gap=7;k=4;q=1;s=16,60,false,62,0.190,26,2,8,0.075,33,32,false,0,0.000
dec-134,dec,d_b=12;m=3;gap=7;k=4;q=1;s=16,60,false,62,0.190,26,2,16,0.127,33,32,false,0,0.000
dec-134,dec,d_b=12;m=3;gap=7;k=4;q=1;s=16,60,false,62,0.190,26,2,32,0.248,26,2,false,0,0.000
dec-134,dec,d_b=12;m=3;gap=7;k=4;q=1;s=16,60,false,62,0.190,26,2,64,0.274,26,2,true,0,0.000
dec-134,dec,d_b=12;m=3;gap=7;k=4;q=1;s=16,60,false,62,0.190,26,2,128,0.269,26,2,true,0,0.000
dec-134,dec,d_b=12;m=3;gap=7;k=4;q=1;s=16,60,false,62,0.190,26,2,256,0.268,26,2,true,0,0.000
dec-134,dec,d_b=12;m=3;gap=7;k=4;q=1;s=16,60,false,62,0.190,26,2,512,0.265,26,2,true,0,0.000
dec-134,dec,d_b=12;m=3;gap=7;k=4;q=1;s=16,60,false,62,0.190,26,2,1024,0.266,26,2,true,0,0.000
dec-134,dec,d_b=12;m=3;gap=7;k=4;q=1;s=16,60,false,62,0.190,26,2,2048,0.275,26,2,true,0,0.000
dec-134,dec,d_b=12;m=3;gap=7;k=4;q=1;s=16,60,false,62,0.190,26,2,4096,0.265,26,2,true,0,0.000
dec-134,dec,d_b=12;m=3;gap=7;k=4;q=1;s=16,60,false,62,0.190,26,2,8192,0.263,26,2,true,0,0.000
dec-134,dec,d_b=12;m=3;gap=7;k=4;q=1;s=16,60,false,62,0.190,26,2,16384,0.265,26,2,true,0,0.000
mixed-044-2,mixed,seed=0x9367b0f5c7ea6e74;cycles=9;planted=3;d_b=4;m=2;gap=1;k=2,9831540,false,743495,0.176,43,12,1,0.155,46,24,false,0,0.000
mixed-044-2,mixed,seed=0x9367b0f5c7ea6e74;cycles=9;planted=3;d_b=4;m=2;gap=1;k=2,9831540,false,743495,0.176,43,12,2,0.193,46,24,false,0,0.000
mixed-044-2,mixed,seed=0x9367b0f5c7ea6e74;cycles=9;planted=3;d_b=4;m=2;gap=1;k=2,9831540,false,743495,0.176,43,12,4,0.207,46,24,false,0,0.000
mixed-044-2,mixed,seed=0x9367b0f5c7ea6e74;cycles=9;planted=3;d_b=4;m=2;gap=1;k=2,9831540,false,743495,0.176,43,12,8,0.260,46,24,false,0,0.000
mixed-044-2,mixed,seed=0x9367b0f5c7ea6e74;cycles=9;planted=3;d_b=4;m=2;gap=1;k=2,9831540,false,743495,0.176,43,12,16,0.399,46,24,false,0,0.000
mixed-044-2,mixed,seed=0x9367b0f5c7ea6e74;cycles=9;planted=3;d_b=4;m=2;gap=1;k=2,9831540,false,743495,0.176,43,12,32,0.685,43,12,false,0,0.000
mixed-044-2,mixed,seed=0x9367b0f5c7ea6e74;cycles=9;planted=3;d_b=4;m=2;gap=1;k=2,9831540,false,743495,0.176,43,12,64,0.795,43,12,true,0,0.000
mixed-044-2,mixed,seed=0x9367b0f5c7ea6e74;cycles=9;planted=3;d_b=4;m=2;gap=1;k=2,9831540,false,743495,0.176,43,12,128,0.767,43,12,true,0,0.000
mixed-044-2,mixed,seed=0x9367b0f5c7ea6e74;cycles=9;planted=3;d_b=4;m=2;gap=1;k=2,9831540,false,743495,0.176,43,12,256,0.766,43,12,true,0,0.000
mixed-044-2,mixed,seed=0x9367b0f5c7ea6e74;cycles=9;planted=3;d_b=4;m=2;gap=1;k=2,9831540,false,743495,0.176,43,12,512,0.765,43,12,true,0,0.000
mixed-044-2,mixed,seed=0x9367b0f5c7ea6e74;cycles=9;planted=3;d_b=4;m=2;gap=1;k=2,9831540,false,743495,0.176,43,12,1024,0.760,43,12,true,0,0.000
mixed-044-2,mixed,seed=0x9367b0f5c7ea6e74;cycles=9;planted=3;d_b=4;m=2;gap=1;k=2,9831540,false,743495,0.176,43,12,2048,0.759,43,12,true,0,0.000
mixed-044-2,mixed,seed=0x9367b0f5c7ea6e74;cycles=9;planted=3;d_b=4;m=2;gap=1;k=2,9831540,false,743495,0.176,43,12,4096,0.757,43,12,true,0,0.000
mixed-044-2,mixed,seed=0x9367b0f5c7ea6e74;cycles=9;planted=3;d_b=4;m=2;gap=1;k=2,9831540,false,743495,0.176,43,12,8192,0.757,43,12,true,0,0.000
mixed-044-2,mixed,seed=0x9367b0f5c7ea6e74;cycles=9;planted=3;d_b=4;m=2;gap=1;k=2,9831540,false,743495,0.176,43,12,16384,0.759,43,12,true,0,0.000
dec-135,dec,d_b=12;m=3;gap=13;k=1;q=1;s=19,24,false,26,0.080,26,2,1,0.025,39,38,false,0,0.000
dec-135,dec,d_b=12;m=3;gap=13;k=1;q=1;s=19,24,false,26,0.080,26,2,2,0.029,39,38,false,0,0.000
dec-135,dec,d_b=12;m=3;gap=13;k=1;q=1;s=19,24,false,26,0.080,26,2,4,0.043,39,38,false,0,0.000
dec-135,dec,d_b=12;m=3;gap=13;k=1;q=1;s=19,24,false,26,0.080,26,2,8,0.071,26,2,false,0,0.000
dec-135,dec,d_b=12;m=3;gap=13;k=1;q=1;s=19,24,false,26,0.080,26,2,16,0.127,26,2,false,0,0.000
dec-135,dec,d_b=12;m=3;gap=13;k=1;q=1;s=19,24,false,26,0.080,26,2,32,0.150,26,2,true,0,0.000
dec-135,dec,d_b=12;m=3;gap=13;k=1;q=1;s=19,24,false,26,0.080,26,2,64,0.147,26,2,true,0,0.000
dec-135,dec,d_b=12;m=3;gap=13;k=1;q=1;s=19,24,false,26,0.080,26,2,128,0.145,26,2,true,0,0.000
dec-135,dec,d_b=12;m=3;gap=13;k=1;q=1;s=19,24,false,26,0.080,26,2,256,0.143,26,2,true,0,0.000
dec-135,dec,d_b=12;m=3;gap=13;k=1;q=1;s=19,24,false,26,0.080,26,2,512,0.144,26,2,true,0,0.000
dec-135,dec,d_b=12;m=3;gap=13;k=1;q=1;s=19,24,false,26,0.080,26,2,1024,0.143,26,2,true,0,0.000
dec-135,dec,d_b=12;m=3;gap=13;k=1;q=1;s=19,24,false,26,0.080,26,2,2048,0.153,26,2,true,0,0.000
dec-135,dec,d_b=12;m=3;gap=13;k=1;q=1;s=19,24,false,26,0.080,26,2,4096,0.143,26,2,true,0,0.000
dec-135,dec,d_b=12;m=3;gap=13;k=1;q=1;s=19,24,false,26,0.080,26,2,8192,0.143,26,2,true,0,0.000
dec-135,dec,d_b=12;m=3;gap=13;k=1;q=1;s=19,24,false,26,0.080,26,2,16384,0.142,26,2,true,0,0.000
mixed-045-0,mixed,seed=0xac359547f2202738;cycles=9;planted=3;d_b=8;m=3;gap=2;k=2,5335319,false,414771,0.222,59,8,1,0.081,68,62,false,0,0.000
mixed-045-0,mixed,seed=0xac359547f2202738;cycles=9;planted=3;d_b=8;m=3;gap=2;k=2,5335319,false,414771,0.222,59,8,2,0.072,68,62,false,0,0.000
mixed-045-0,mixed,seed=0xac359547f2202738;cycles=9;planted=3;d_b=8;m=3;gap=2;k=2,5335319,false,414771,0.222,59,8,4,0.079,68,62,false,0,0.000
mixed-045-0,mixed,seed=0xac359547f2202738;cycles=9;planted=3;d_b=8;m=3;gap=2;k=2,5335319,false,414771,0.222,59,8,8,0.103,68,62,false,0,0.000
mixed-045-0,mixed,seed=0xac359547f2202738;cycles=9;planted=3;d_b=8;m=3;gap=2;k=2,5335319,false,414771,0.222,59,8,16,0.150,68,62,false,0,0.000
mixed-045-0,mixed,seed=0xac359547f2202738;cycles=9;planted=3;d_b=8;m=3;gap=2;k=2,5335319,false,414771,0.222,59,8,32,0.247,65,44,false,0,0.000
mixed-045-0,mixed,seed=0xac359547f2202738;cycles=9;planted=3;d_b=8;m=3;gap=2;k=2,5335319,false,414771,0.222,59,8,64,0.441,59,8,true,0,0.000
mixed-045-0,mixed,seed=0xac359547f2202738;cycles=9;planted=3;d_b=8;m=3;gap=2;k=2,5335319,false,414771,0.222,59,8,128,0.428,59,8,true,0,0.000
mixed-045-0,mixed,seed=0xac359547f2202738;cycles=9;planted=3;d_b=8;m=3;gap=2;k=2,5335319,false,414771,0.222,59,8,256,0.426,59,8,true,0,0.000
mixed-045-0,mixed,seed=0xac359547f2202738;cycles=9;planted=3;d_b=8;m=3;gap=2;k=2,5335319,false,414771,0.222,59,8,512,0.418,59,8,true,0,0.000
mixed-045-0,mixed,seed=0xac359547f2202738;cycles=9;planted=3;d_b=8;m=3;gap=2;k=2,5335319,false,414771,0.222,59,8,1024,0.422,59,8,true,0,0.000
mixed-045-0,mixed,seed=0xac359547f2202738;cycles=9;planted=3;d_b=8;m=3;gap=2;k=2,5335319,false,414771,0.222,59,8,2048,0.467,59,8,true,0,0.000
mixed-045-0,mixed,seed=0xac359547f2202738;cycles=9;planted=3;d_b=8;m=3;gap=2;k=2,5335319,false,414771,0.222,59,8,4096,0.419,59,8,true,0,0.000
mixed-045-0,mixed,seed=0xac359547f2202738;cycles=9;planted=3;d_b=8;m=3;gap=2;k=2,5335319,false,414771,0.222,59,8,8192,0.416,59,8,true,0,0.000
mixed-045-0,mixed,seed=0xac359547f2202738;cycles=9;planted=3;d_b=8;m=3;gap=2;k=2,5335319,false,414771,0.222,59,8,16384,0.413,59,8,true,0,0.000
dec-136,dec,d_b=12;m=3;gap=13;k=2;q=1;s=19,36,false,38,0.097,26,2,1,0.019,39,38,false,0,0.000
dec-136,dec,d_b=12;m=3;gap=13;k=2;q=1;s=19,36,false,38,0.097,26,2,2,0.027,39,38,false,0,0.000
dec-136,dec,d_b=12;m=3;gap=13;k=2;q=1;s=19,36,false,38,0.097,26,2,4,0.040,39,38,false,0,0.000
dec-136,dec,d_b=12;m=3;gap=13;k=2;q=1;s=19,36,false,38,0.097,26,2,8,0.073,39,38,false,0,0.000
dec-136,dec,d_b=12;m=3;gap=13;k=2;q=1;s=19,36,false,38,0.097,26,2,16,0.142,26,2,false,0,0.000
dec-136,dec,d_b=12;m=3;gap=13;k=2;q=1;s=19,36,false,38,0.097,26,2,32,0.184,26,2,true,0,0.000
dec-136,dec,d_b=12;m=3;gap=13;k=2;q=1;s=19,36,false,38,0.097,26,2,64,0.182,26,2,true,0,0.000
dec-136,dec,d_b=12;m=3;gap=13;k=2;q=1;s=19,36,false,38,0.097,26,2,128,0.178,26,2,true,0,0.000
dec-136,dec,d_b=12;m=3;gap=13;k=2;q=1;s=19,36,false,38,0.097,26,2,256,0.178,26,2,true,0,0.000
dec-136,dec,d_b=12;m=3;gap=13;k=2;q=1;s=19,36,false,38,0.097,26,2,512,0.175,26,2,true,0,0.000
dec-136,dec,d_b=12;m=3;gap=13;k=2;q=1;s=19,36,false,38,0.097,26,2,1024,0.179,26,2,true,0,0.000
dec-136,dec,d_b=12;m=3;gap=13;k=2;q=1;s=19,36,false,38,0.097,26,2,2048,0.206,26,2,true,0,0.000
dec-136,dec,d_b=12;m=3;gap=13;k=2;q=1;s=19,36,false,38,0.097,26,2,4096,0.177,26,2,true,0,0.000
dec-136,dec,d_b=12;m=3;gap=13;k=2;q=1;s=19,36,false,38,0.097,26,2,8192,0.176,26,2,true,0,0.000
dec-136,dec,d_b=12;m=3;gap=13;k=2;q=1;s=19,36,false,38,0.097,26,2,16384,0.177,26,2,true,0,0.000
mixed-045-1,mixed,seed=0x9c6378710b0f38e1;cycles=9;planted=3;d_b=8;m=3;gap=2;k=2,49,false,53,0.127,37,4,1,0.033,43,40,false,0,0.000
mixed-045-1,mixed,seed=0x9c6378710b0f38e1;cycles=9;planted=3;d_b=8;m=3;gap=2;k=2,49,false,53,0.127,37,4,2,0.025,43,40,false,0,0.000
mixed-045-1,mixed,seed=0x9c6378710b0f38e1;cycles=9;planted=3;d_b=8;m=3;gap=2;k=2,49,false,53,0.127,37,4,4,0.033,43,40,false,0,0.000
mixed-045-1,mixed,seed=0x9c6378710b0f38e1;cycles=9;planted=3;d_b=8;m=3;gap=2;k=2,49,false,53,0.127,37,4,8,0.056,43,40,false,0,0.000
mixed-045-1,mixed,seed=0x9c6378710b0f38e1;cycles=9;planted=3;d_b=8;m=3;gap=2;k=2,49,false,53,0.127,37,4,16,0.095,43,40,false,0,0.000
mixed-045-1,mixed,seed=0x9c6378710b0f38e1;cycles=9;planted=3;d_b=8;m=3;gap=2;k=2,49,false,53,0.127,37,4,32,0.193,37,4,false,0,0.000
mixed-045-1,mixed,seed=0x9c6378710b0f38e1;cycles=9;planted=3;d_b=8;m=3;gap=2;k=2,49,false,53,0.127,37,4,64,0.217,37,4,true,0,0.000
mixed-045-1,mixed,seed=0x9c6378710b0f38e1;cycles=9;planted=3;d_b=8;m=3;gap=2;k=2,49,false,53,0.127,37,4,128,0.215,37,4,true,0,0.000
mixed-045-1,mixed,seed=0x9c6378710b0f38e1;cycles=9;planted=3;d_b=8;m=3;gap=2;k=2,49,false,53,0.127,37,4,256,0.212,37,4,true,0,0.000
mixed-045-1,mixed,seed=0x9c6378710b0f38e1;cycles=9;planted=3;d_b=8;m=3;gap=2;k=2,49,false,53,0.127,37,4,512,0.212,37,4,true,0,0.000
mixed-045-1,mixed,seed=0x9c6378710b0f38e1;cycles=9;planted=3;d_b=8;m=3;gap=2;k=2,49,false,53,0.127,37,4,1024,0.209,37,4,true,0,0.000
mixed-045-1,mixed,seed=0x9c6378710b0f38e1;cycles=9;planted=3;d_b=8;m=3;gap=2;k=2,49,false,53,0.127,37,4,2048,0.213,37,4,true,0,0.000
mixed-045-1,mixed,seed=0x9c6378710b0f38e1;cycles=9;planted=3;d_b=8;m=3;gap=2;k=2,49,false,53,0.127,37,4,4096,0.208,37,4,true,0,0.000
mixed-045-1,mixed,seed=0x9c6378710b0f38e1;cycles=9;planted=3;d_b=8;m=3;gap=2;k=2,49,false,53,0.127,37,4,8192,0.215,37,4,true,0,0.000
mixed-045-1,mixed,seed=0x9c6378710b0f38e1;cycles=9;planted=3;d_b=8;m=3;gap=2;k=2,49,false,53,0.127,37,4,16384,0.246,37,4,true,0,0.000
dec-137,dec,d_b=12;m=3;gap=13;k=4;q=1;s=19,60,false,62,0.153,26,2,1,0.024,39,38,false,0,0.000
dec-137,dec,d_b=12;m=3;gap=13;k=4;q=1;s=19,60,false,62,0.153,26,2,2,0.029,39,38,false,0,0.000
dec-137,dec,d_b=12;m=3;gap=13;k=4;q=1;s=19,60,false,62,0.153,26,2,4,0.049,39,38,false,0,0.000
dec-137,dec,d_b=12;m=3;gap=13;k=4;q=1;s=19,60,false,62,0.153,26,2,8,0.078,39,38,false,0,0.000
dec-137,dec,d_b=12;m=3;gap=13;k=4;q=1;s=19,60,false,62,0.153,26,2,16,0.162,26,2,false,0,0.000
dec-137,dec,d_b=12;m=3;gap=13;k=4;q=1;s=19,60,false,62,0.153,26,2,32,0.246,26,2,true,0,0.000
dec-137,dec,d_b=12;m=3;gap=13;k=4;q=1;s=19,60,false,62,0.153,26,2,64,0.243,26,2,true,0,0.000
dec-137,dec,d_b=12;m=3;gap=13;k=4;q=1;s=19,60,false,62,0.153,26,2,128,0.239,26,2,true,0,0.000
dec-137,dec,d_b=12;m=3;gap=13;k=4;q=1;s=19,60,false,62,0.153,26,2,256,0.241,26,2,true,0,0.000
dec-137,dec,d_b=12;m=3;gap=13;k=4;q=1;s=19,60,false,62,0.153,26,2,512,0.237,26,2,true,0,0.000
dec-137,dec,d_b=12;m=3;gap=13;k=4;q=1;s=19,60,false,62,0.153,26,2,1024,0.235,26,2,true,0,0.000
dec-137,dec,d_b=12;m=3;gap=13;k=4;q=1;s=19,60,false,62,0.153,26,2,2048,0.237,26,2,true,0,0.000
dec-137,dec,d_b=12;m=3;gap=13;k=4;q=1;s=19,60,false,62,0.153,26,2,4096,0.234,26,2,true,0,0.000
dec-137,dec,d_b=12;m=3;gap=13;k=4;q=1;s=19,60,false,62,0.153,26,2,8192,0.236,26,2,true,0,0.000
dec-137,dec,d_b=12;m=3;gap=13;k=4;q=1;s=19,60,false,62,0.153,26,2,16384,0.234,26,2,true,0,0.000
mixed-045-2,mixed,seed=0x638a0bf58124945f;cycles=9;planted=3;d_b=8;m=3;gap=2;k=2,9831577,false,743504,0.266,71,10,1,0.132,80,64,false,0,0.000
mixed-045-2,mixed,seed=0x638a0bf58124945f;cycles=9;planted=3;d_b=8;m=3;gap=2;k=2,9831577,false,743504,0.266,71,10,2,0.156,80,64,false,0,0.000
mixed-045-2,mixed,seed=0x638a0bf58124945f;cycles=9;planted=3;d_b=8;m=3;gap=2;k=2,9831577,false,743504,0.266,71,10,4,0.147,80,64,false,0,0.000
mixed-045-2,mixed,seed=0x638a0bf58124945f;cycles=9;planted=3;d_b=8;m=3;gap=2;k=2,9831577,false,743504,0.266,71,10,8,0.181,80,64,false,0,0.000
mixed-045-2,mixed,seed=0x638a0bf58124945f;cycles=9;planted=3;d_b=8;m=3;gap=2;k=2,9831577,false,743504,0.266,71,10,16,0.268,80,64,false,0,0.000
mixed-045-2,mixed,seed=0x638a0bf58124945f;cycles=9;planted=3;d_b=8;m=3;gap=2;k=2,9831577,false,743504,0.266,71,10,32,0.462,77,46,false,0,0.000
mixed-045-2,mixed,seed=0x638a0bf58124945f;cycles=9;planted=3;d_b=8;m=3;gap=2;k=2,9831577,false,743504,0.266,71,10,64,0.884,71,10,true,0,0.000
mixed-045-2,mixed,seed=0x638a0bf58124945f;cycles=9;planted=3;d_b=8;m=3;gap=2;k=2,9831577,false,743504,0.266,71,10,128,0.876,71,10,true,0,0.000
mixed-045-2,mixed,seed=0x638a0bf58124945f;cycles=9;planted=3;d_b=8;m=3;gap=2;k=2,9831577,false,743504,0.266,71,10,256,0.932,71,10,true,0,0.000
mixed-045-2,mixed,seed=0x638a0bf58124945f;cycles=9;planted=3;d_b=8;m=3;gap=2;k=2,9831577,false,743504,0.266,71,10,512,0.865,71,10,true,0,0.000
mixed-045-2,mixed,seed=0x638a0bf58124945f;cycles=9;planted=3;d_b=8;m=3;gap=2;k=2,9831577,false,743504,0.266,71,10,1024,0.883,71,10,true,0,0.000
mixed-045-2,mixed,seed=0x638a0bf58124945f;cycles=9;planted=3;d_b=8;m=3;gap=2;k=2,9831577,false,743504,0.266,71,10,2048,0.856,71,10,true,0,0.000
mixed-045-2,mixed,seed=0x638a0bf58124945f;cycles=9;planted=3;d_b=8;m=3;gap=2;k=2,9831577,false,743504,0.266,71,10,4096,0.884,71,10,true,0,0.000
mixed-045-2,mixed,seed=0x638a0bf58124945f;cycles=9;planted=3;d_b=8;m=3;gap=2;k=2,9831577,false,743504,0.266,71,10,8192,0.855,71,10,true,0,0.000
mixed-045-2,mixed,seed=0x638a0bf58124945f;cycles=9;planted=3;d_b=8;m=3;gap=2;k=2,9831577,false,743504,0.266,71,10,16384,0.940,71,10,true,0,0.000
dec-138,dec,d_b=12;m=5;gap=1;k=1;q=3;s=25,24,false,26,0.118,50,2,1,0.022,51,50,false,0,0.000
dec-138,dec,d_b=12;m=5;gap=1;k=1;q=3;s=25,24,false,26,0.118,50,2,2,0.035,51,50,false,0,0.000
dec-138,dec,d_b=12;m=5;gap=1;k=1;q=3;s=25,24,false,26,0.118,50,2,4,0.051,51,50,false,0,0.000
dec-138,dec,d_b=12;m=5;gap=1;k=1;q=3;s=25,24,false,26,0.118,50,2,8,0.083,51,50,false,0,0.000
dec-138,dec,d_b=12;m=5;gap=1;k=1;q=3;s=25,24,false,26,0.118,50,2,16,0.144,50,2,false,0,0.000
dec-138,dec,d_b=12;m=5;gap=1;k=1;q=3;s=25,24,false,26,0.118,50,2,32,0.185,50,2,true,0,0.000
dec-138,dec,d_b=12;m=5;gap=1;k=1;q=3;s=25,24,false,26,0.118,50,2,64,0.184,50,2,true,0,0.000
dec-138,dec,d_b=12;m=5;gap=1;k=1;q=3;s=25,24,false,26,0.118,50,2,128,0.180,50,2,true,0,0.000
dec-138,dec,d_b=12;m=5;gap=1;k=1;q=3;s=25,24,false,26,0.118,50,2,256,0.178,50,2,true,0,0.000
dec-138,dec,d_b=12;m=5;gap=1;k=1;q=3;s=25,24,false,26,0.118,50,2,512,0.177,50,2,true,0,0.000
dec-138,dec,d_b=12;m=5;gap=1;k=1;q=3;s=25,24,false,26,0.118,50,2,1024,0.175,50,2,true,0,0.000
dec-138,dec,d_b=12;m=5;gap=1;k=1;q=3;s=25,24,false,26,0.118,50,2,2048,0.174,50,2,true,0,0.000
dec-138,dec,d_b=12;m=5;gap=1;k=1;q=3;s=25,24,false,26,0.118,50,2,4096,0.175,50,2,true,0,0.000
dec-138,dec,d_b=12;m=5;gap=1;k=1;q=3;s=25,24,false,26,0.118,50,2,8192,0.172,50,2,true,0,0.000
dec-138,dec,d_b=12;m=5;gap=1;k=1;q=3;s=25,24,false,26,0.118,50,2,16384,0.174,50,2,true,0,0.000
mixed-046-0,mixed,seed=0x6a0cc3ab229fa6f9;cycles=9;planted=3;d_b=12;m=2;gap=6;k=4,9831682,false,743651,0.401,57,10,1,0.220,78,64,false,0,0.000
mixed-046-0,mixed,seed=0x6a0cc3ab229fa6f9;cycles=9;planted=3;d_b=12;m=2;gap=6;k=4,9831682,false,743651,0.401,57,10,2,0.240,78,64,false,0,0.000
mixed-046-0,mixed,seed=0x6a0cc3ab229fa6f9;cycles=9;planted=3;d_b=12;m=2;gap=6;k=4,9831682,false,743651,0.401,57,10,4,0.278,78,64,false,0,0.000
mixed-046-0,mixed,seed=0x6a0cc3ab229fa6f9;cycles=9;planted=3;d_b=12;m=2;gap=6;k=4,9831682,false,743651,0.401,57,10,8,0.328,78,64,false,0,0.000
mixed-046-0,mixed,seed=0x6a0cc3ab229fa6f9;cycles=9;planted=3;d_b=12;m=2;gap=6;k=4,9831682,false,743651,0.401,57,10,16,0.505,78,64,false,0,0.000
mixed-046-0,mixed,seed=0x6a0cc3ab229fa6f9;cycles=9;planted=3;d_b=12;m=2;gap=6;k=4,9831682,false,743651,0.401,57,10,32,0.910,78,64,false,0,0.000
mixed-046-0,mixed,seed=0x6a0cc3ab229fa6f9;cycles=9;planted=3;d_b=12;m=2;gap=6;k=4,9831682,false,743651,0.401,57,10,64,1.841,57,10,false,0,0.000
mixed-046-0,mixed,seed=0x6a0cc3ab229fa6f9;cycles=9;planted=3;d_b=12;m=2;gap=6;k=4,9831682,false,743651,0.401,57,10,128,2.612,57,10,true,0,0.000
mixed-046-0,mixed,seed=0x6a0cc3ab229fa6f9;cycles=9;planted=3;d_b=12;m=2;gap=6;k=4,9831682,false,743651,0.401,57,10,256,2.542,57,10,true,0,0.000
mixed-046-0,mixed,seed=0x6a0cc3ab229fa6f9;cycles=9;planted=3;d_b=12;m=2;gap=6;k=4,9831682,false,743651,0.401,57,10,512,2.582,57,10,true,0,0.000
mixed-046-0,mixed,seed=0x6a0cc3ab229fa6f9;cycles=9;planted=3;d_b=12;m=2;gap=6;k=4,9831682,false,743651,0.401,57,10,1024,2.534,57,10,true,0,0.000
mixed-046-0,mixed,seed=0x6a0cc3ab229fa6f9;cycles=9;planted=3;d_b=12;m=2;gap=6;k=4,9831682,false,743651,0.401,57,10,2048,2.513,57,10,true,0,0.000
mixed-046-0,mixed,seed=0x6a0cc3ab229fa6f9;cycles=9;planted=3;d_b=12;m=2;gap=6;k=4,9831682,false,743651,0.401,57,10,4096,2.574,57,10,true,0,0.000
mixed-046-0,mixed,seed=0x6a0cc3ab229fa6f9;cycles=9;planted=3;d_b=12;m=2;gap=6;k=4,9831682,false,743651,0.401,57,10,8192,2.517,57,10,true,0,0.000
mixed-046-0,mixed,seed=0x6a0cc3ab229fa6f9;cycles=9;planted=3;d_b=12;m=2;gap=6;k=4,9831682,false,743651,0.401,57,10,16384,2.599,57,10,true,0,0.000
dec-139,dec,d_b=12;m=5;gap=1;k=2;q=3;s=25,36,false,38,0.174,50,2,1,0.025,51,50,false,0,0.000
dec-139,dec,d_b=12;m=5;gap=1;k=2;q=3;s=25,36,false,38,0.174,50,2,2,0.034,51,50,false,0,0.000
dec-139,dec,d_b=12;m=5;gap=1;k=2;q=3;s=25,36,false,38,0.174,50,2,4,0.050,51,50,false,0,0.000
dec-139,dec,d_b=12;m=5;gap=1;k=2;q=3;s=25,36,false,38,0.174,50,2,8,0.087,51,50,false,0,0.000
dec-139,dec,d_b=12;m=5;gap=1;k=2;q=3;s=25,36,false,38,0.174,50,2,16,0.158,51,50,false,0,0.000
dec-139,dec,d_b=12;m=5;gap=1;k=2;q=3;s=25,36,false,38,0.174,50,2,32,0.248,50,2,true,0,0.000
dec-139,dec,d_b=12;m=5;gap=1;k=2;q=3;s=25,36,false,38,0.174,50,2,64,0.245,50,2,true,0,0.000
dec-139,dec,d_b=12;m=5;gap=1;k=2;q=3;s=25,36,false,38,0.174,50,2,128,0.262,50,2,true,0,0.000
dec-139,dec,d_b=12;m=5;gap=1;k=2;q=3;s=25,36,false,38,0.174,50,2,256,0.239,50,2,true,0,0.000
dec-139,dec,d_b=12;m=5;gap=1;k=2;q=3;s=25,36,false,38,0.174,50,2,512,0.243,50,2,true,0,0.000
dec-139,dec,d_b=12;m=5;gap=1;k=2;q=3;s=25,36,false,38,0.174,50,2,1024,0.242,50,2,true,0,0.000
dec-139,dec,d_b=12;m=5;gap=1;k=2;q=3;s=25,36,false,38,0.174,50,2,2048,0.256,50,2,true,0,0.000
dec-139,dec,d_b=12;m=5;gap=1;k=2;q=3;s=25,36,false,38,0.174,50,2,4096,0.255,50,2,true,0,0.000
dec-139,dec,d_b=12;m=5;gap=1;k=2;q=3;s=25,36,false,38,0.174,50,2,8192,0.242,50,2,true,0,0.000
dec-139,dec,d_b=12;m=5;gap=1;k=2;q=3;s=25,36,false,38,0.174,50,2,16384,0.232,50,2,true,0,0.000
mixed-046-1,mixed,seed=0x04cd867166454dc4;cycles=9;planted=3;d_b=12;m=2;gap=6;k=4,5335428,false,414875,0.294,48,8,1,0.068,69,62,false,0,0.000
mixed-046-1,mixed,seed=0x04cd867166454dc4;cycles=9;planted=3;d_b=12;m=2;gap=6;k=4,5335428,false,414875,0.294,48,8,2,0.069,69,62,false,0,0.000
mixed-046-1,mixed,seed=0x04cd867166454dc4;cycles=9;planted=3;d_b=12;m=2;gap=6;k=4,5335428,false,414875,0.294,48,8,4,0.069,69,62,false,0,0.000
mixed-046-1,mixed,seed=0x04cd867166454dc4;cycles=9;planted=3;d_b=12;m=2;gap=6;k=4,5335428,false,414875,0.294,48,8,8,0.090,69,62,false,0,0.000
mixed-046-1,mixed,seed=0x04cd867166454dc4;cycles=9;planted=3;d_b=12;m=2;gap=6;k=4,5335428,false,414875,0.294,48,8,16,0.127,69,62,false,0,0.000
mixed-046-1,mixed,seed=0x04cd867166454dc4;cycles=9;planted=3;d_b=12;m=2;gap=6;k=4,5335428,false,414875,0.294,48,8,32,0.226,62,44,false,0,0.000
mixed-046-1,mixed,seed=0x04cd867166454dc4;cycles=9;planted=3;d_b=12;m=2;gap=6;k=4,5335428,false,414875,0.294,48,8,64,0.434,48,8,false,0,0.000
mixed-046-1,mixed,seed=0x04cd867166454dc4;cycles=9;planted=3;d_b=12;m=2;gap=6;k=4,5335428,false,414875,0.294,48,8,128,0.597,48,8,true,0,0.000
mixed-046-1,mixed,seed=0x04cd867166454dc4;cycles=9;planted=3;d_b=12;m=2;gap=6;k=4,5335428,false,414875,0.294,48,8,256,0.626,48,8,true,0,0.000
mixed-046-1,mixed,seed=0x04cd867166454dc4;cycles=9;planted=3;d_b=12;m=2;gap=6;k=4,5335428,false,414875,0.294,48,8,512,0.596,48,8,true,0,0.000
mixed-046-1,mixed,seed=0x04cd867166454dc4;cycles=9;planted=3;d_b=12;m=2;gap=6;k=4,5335428,false,414875,0.294,48,8,1024,0.626,48,8,true,0,0.000
mixed-046-1,mixed,seed=0x04cd867166454dc4;cycles=9;planted=3;d_b=12;m=2;gap=6;k=4,5335428,false,414875,0.294,48,8,2048,0.582,48,8,true,0,0.000
mixed-046-1,mixed,seed=0x04cd867166454dc4;cycles=9;planted=3;d_b=12;m=2;gap=6;k=4,5335428,false,414875,0.294,48,8,4096,0.579,48,8,true,0,0.000
mixed-046-1,mixed,seed=0x04cd867166454dc4;cycles=9;planted=3;d_b=12;m=2;gap=6;k=4,5335428,false,414875,0.294,48,8,8192,0.594,48,8,true,0,0.000
mixed-046-1,mixed,seed=0x04cd867166454dc4;cycles=9;planted=3;d_b=12;m=2;gap=6;k=4,5335428,false,414875,0.294,48,8,16384,0.577,48,8,true,0,0.000
dec-140,dec,d_b=12;m=5;gap=1;k=4;q=3;s=25,60,false,62,0.302,50,2,1,0.025,51,50,false,0,0.000
dec-140,dec,d_b=12;m=5;gap=1;k=4;q=3;s=25,60,false,62,0.302,50,2,2,0.036,51,50,false,0,0.000
dec-140,dec,d_b=12;m=5;gap=1;k=4;q=3;s=25,60,false,62,0.302,50,2,4,0.054,51,50,false,0,0.000
dec-140,dec,d_b=12;m=5;gap=1;k=4;q=3;s=25,60,false,62,0.302,50,2,8,0.099,51,50,false,0,0.000
dec-140,dec,d_b=12;m=5;gap=1;k=4;q=3;s=25,60,false,62,0.302,50,2,16,0.163,51,50,false,0,0.000
dec-140,dec,d_b=12;m=5;gap=1;k=4;q=3;s=25,60,false,62,0.302,50,2,32,0.328,50,2,false,0,0.000
dec-140,dec,d_b=12;m=5;gap=1;k=4;q=3;s=25,60,false,62,0.302,50,2,64,0.383,50,2,true,0,0.000
dec-140,dec,d_b=12;m=5;gap=1;k=4;q=3;s=25,60,false,62,0.302,50,2,128,0.379,50,2,true,0,0.000
dec-140,dec,d_b=12;m=5;gap=1;k=4;q=3;s=25,60,false,62,0.302,50,2,256,0.378,50,2,true,0,0.000
dec-140,dec,d_b=12;m=5;gap=1;k=4;q=3;s=25,60,false,62,0.302,50,2,512,0.379,50,2,true,0,0.000
dec-140,dec,d_b=12;m=5;gap=1;k=4;q=3;s=25,60,false,62,0.302,50,2,1024,0.408,50,2,true,0,0.000
dec-140,dec,d_b=12;m=5;gap=1;k=4;q=3;s=25,60,false,62,0.302,50,2,2048,0.376,50,2,true,0,0.000
dec-140,dec,d_b=12;m=5;gap=1;k=4;q=3;s=25,60,false,62,0.302,50,2,4096,0.375,50,2,true,0,0.000
dec-140,dec,d_b=12;m=5;gap=1;k=4;q=3;s=25,60,false,62,0.302,50,2,8192,0.376,50,2,true,0,0.000
dec-140,dec,d_b=12;m=5;gap=1;k=4;q=3;s=25,60,false,62,0.302,50,2,16384,0.376,50,2,true,0,0.000
mixed-046-2,mixed,seed=0xcd6f2bd41e7877a6;cycles=9;planted=3;d_b=12;m=2;gap=6;k=4,5335427,false,414874,0.293,47,8,1,0.072,68,62,false,0,0.000
mixed-046-2,mixed,seed=0xcd6f2bd41e7877a6;cycles=9;planted=3;d_b=12;m=2;gap=6;k=4,5335427,false,414874,0.293,47,8,2,0.076,68,62,false,0,0.000
mixed-046-2,mixed,seed=0xcd6f2bd41e7877a6;cycles=9;planted=3;d_b=12;m=2;gap=6;k=4,5335427,false,414874,0.293,47,8,4,0.080,68,62,false,0,0.000
mixed-046-2,mixed,seed=0xcd6f2bd41e7877a6;cycles=9;planted=3;d_b=12;m=2;gap=6;k=4,5335427,false,414874,0.293,47,8,8,0.091,68,62,false,0,0.000
mixed-046-2,mixed,seed=0xcd6f2bd41e7877a6;cycles=9;planted=3;d_b=12;m=2;gap=6;k=4,5335427,false,414874,0.293,47,8,16,0.132,68,62,false,0,0.000
mixed-046-2,mixed,seed=0xcd6f2bd41e7877a6;cycles=9;planted=3;d_b=12;m=2;gap=6;k=4,5335427,false,414874,0.293,47,8,32,0.222,61,44,false,0,0.000
mixed-046-2,mixed,seed=0xcd6f2bd41e7877a6;cycles=9;planted=3;d_b=12;m=2;gap=6;k=4,5335427,false,414874,0.293,47,8,64,0.426,47,8,false,0,0.000
mixed-046-2,mixed,seed=0xcd6f2bd41e7877a6;cycles=9;planted=3;d_b=12;m=2;gap=6;k=4,5335427,false,414874,0.293,47,8,128,0.584,47,8,true,0,0.000
mixed-046-2,mixed,seed=0xcd6f2bd41e7877a6;cycles=9;planted=3;d_b=12;m=2;gap=6;k=4,5335427,false,414874,0.293,47,8,256,0.580,47,8,true,0,0.000
mixed-046-2,mixed,seed=0xcd6f2bd41e7877a6;cycles=9;planted=3;d_b=12;m=2;gap=6;k=4,5335427,false,414874,0.293,47,8,512,0.569,47,8,true,0,0.000
mixed-046-2,mixed,seed=0xcd6f2bd41e7877a6;cycles=9;planted=3;d_b=12;m=2;gap=6;k=4,5335427,false,414874,0.293,47,8,1024,0.563,47,8,true,0,0.000
mixed-046-2,mixed,seed=0xcd6f2bd41e7877a6;cycles=9;planted=3;d_b=12;m=2;gap=6;k=4,5335427,false,414874,0.293,47,8,2048,0.563,47,8,true,0,0.000
mixed-046-2,mixed,seed=0xcd6f2bd41e7877a6;cycles=9;planted=3;d_b=12;m=2;gap=6;k=4,5335427,false,414874,0.293,47,8,4096,0.563,47,8,true,0,0.000
mixed-046-2,mixed,seed=0xcd6f2bd41e7877a6;cycles=9;planted=3;d_b=12;m=2;gap=6;k=4,5335427,false,414874,0.293,47,8,8192,0.573,47,8,true,0,0.000
mixed-046-2,mixed,seed=0xcd6f2bd41e7877a6;cycles=9;planted=3;d_b=12;m=2;gap=6;k=4,5335427,false,414874,0.293,47,8,16384,0.560,47,8,true,0,0.000
dec-141,dec,d_b=12;m=5;gap=3;k=1;q=3;s=26,24,false,26,0.108,50,2,1,0.022,53,52,false,0,0.000
dec-141,dec,d_b=12;m=5;gap=3;k=1;q=3;s=26,24,false,26,0.108,50,2,2,0.036,53,52,false,0,0.000
dec-141,dec,d_b=12;m=5;gap=3;k=1;q=3;s=26,24,false,26,0.108,50,2,4,0.050,53,52,false,0,0.000
dec-141,dec,d_b=12;m=5;gap=3;k=1;q=3;s=26,24,false,26,0.108,50,2,8,0.081,53,52,false,0,0.000
dec-141,dec,d_b=12;m=5;gap=3;k=1;q=3;s=26,24,false,26,0.108,50,2,16,0.144,50,2,false,0,0.000
dec-141,dec,d_b=12;m=5;gap=3;k=1;q=3;s=26,24,false,26,0.108,50,2,32,0.184,50,2,true,0,0.000
dec-141,dec,d_b=12;m=5;gap=3;k=1;q=3;s=26,24,false,26,0.108,50,2,64,0.181,50,2,true,0,0.000
dec-141,dec,d_b=12;m=5;gap=3;k=1;q=3;s=26,24,false,26,0.108,50,2,128,0.178,50,2,true,0,0.000
dec-141,dec,d_b=12;m=5;gap=3;k=1;q=3;s=26,24,false,26,0.108,50,2,256,0.176,50,2,true,0,0.000
dec-141,dec,d_b=12;m=5;gap=3;k=1;q=3;s=26,24,false,26,0.108,50,2,512,0.175,50,2,true,0,0.000
dec-141,dec,d_b=12;m=5;gap=3;k=1;q=3;s=26,24,false,26,0.108,50,2,1024,0.175,50,2,true,0,0.000
dec-141,dec,d_b=12;m=5;gap=3;k=1;q=3;s=26,24,false,26,0.108,50,2,2048,0.193,50,2,true,0,0.000
dec-141,dec,d_b=12;m=5;gap=3;k=1;q=3;s=26,24,false,26,0.108,50,2,4096,0.175,50,2,true,0,0.000
dec-141,dec,d_b=12;m=5;gap=3;k=1;q=3;s=26,24,false,26,0.108,50,2,8192,0.175,50,2,true,0,0.000
dec-141,dec,d_b=12;m=5;gap=3;k=1;q=3;s=26,24,false,26,0.108,50,2,16384,0.175,50,2,true,0,0.000
mixed-047-0,mixed,seed=0x1d5b03eacda58bfb;cycles=9;planted=3;d_b=16;m=5;gap=2;k=1,5335345,false,414801,0.485,205,8,1,0.117,214,206,false,0,0.000
mixed-047-0,mixed,seed=0x1d5b03eacda58bfb;cycles=9;planted=3;d_b=16;m=5;gap=2;k=1,5335345,false,414801,0.485,205,8,2,0.119,214,206,false,0,0.000
mixed-047-0,mixed,seed=0x1d5b03eacda58bfb;cycles=9;planted=3;d_b=16;m=5;gap=2;k=1,5335345,false,414801,0.485,205,8,4,0.136,214,206,false,0,0.000
mixed-047-0,mixed,seed=0x1d5b03eacda58bfb;cycles=9;planted=3;d_b=16;m=5;gap=2;k=1,5335345,false,414801,0.485,205,8,8,0.158,214,206,false,0,0.000
mixed-047-0,mixed,seed=0x1d5b03eacda58bfb;cycles=9;planted=3;d_b=16;m=5;gap=2;k=1,5335345,false,414801,0.485,205,8,16,0.286,214,206,false,0,0.000
mixed-047-0,mixed,seed=0x1d5b03eacda58bfb;cycles=9;planted=3;d_b=16;m=5;gap=2;k=1,5335345,false,414801,0.485,205,8,32,0.492,214,206,false,0,0.000
mixed-047-0,mixed,seed=0x1d5b03eacda58bfb;cycles=9;planted=3;d_b=16;m=5;gap=2;k=1,5335345,false,414801,0.485,205,8,64,0.978,208,74,false,0,0.000
mixed-047-0,mixed,seed=0x1d5b03eacda58bfb;cycles=9;planted=3;d_b=16;m=5;gap=2;k=1,5335345,false,414801,0.485,205,8,128,1.313,205,8,true,0,0.000
mixed-047-0,mixed,seed=0x1d5b03eacda58bfb;cycles=9;planted=3;d_b=16;m=5;gap=2;k=1,5335345,false,414801,0.485,205,8,256,1.322,205,8,true,0,0.000
mixed-047-0,mixed,seed=0x1d5b03eacda58bfb;cycles=9;planted=3;d_b=16;m=5;gap=2;k=1,5335345,false,414801,0.485,205,8,512,1.292,205,8,true,0,0.000
mixed-047-0,mixed,seed=0x1d5b03eacda58bfb;cycles=9;planted=3;d_b=16;m=5;gap=2;k=1,5335345,false,414801,0.485,205,8,1024,1.315,205,8,true,0,0.000
mixed-047-0,mixed,seed=0x1d5b03eacda58bfb;cycles=9;planted=3;d_b=16;m=5;gap=2;k=1,5335345,false,414801,0.485,205,8,2048,1.283,205,8,true,0,0.000
mixed-047-0,mixed,seed=0x1d5b03eacda58bfb;cycles=9;planted=3;d_b=16;m=5;gap=2;k=1,5335345,false,414801,0.485,205,8,4096,1.291,205,8,true,0,0.000
mixed-047-0,mixed,seed=0x1d5b03eacda58bfb;cycles=9;planted=3;d_b=16;m=5;gap=2;k=1,5335345,false,414801,0.485,205,8,8192,1.287,205,8,true,0,0.000
mixed-047-0,mixed,seed=0x1d5b03eacda58bfb;cycles=9;planted=3;d_b=16;m=5;gap=2;k=1,5335345,false,414801,0.485,205,8,16384,1.355,205,8,true,0,0.000
dec-142,dec,d_b=12;m=5;gap=3;k=2;q=3;s=26,36,false,38,0.167,50,2,1,0.025,53,52,false,0,0.000
dec-142,dec,d_b=12;m=5;gap=3;k=2;q=3;s=26,36,false,38,0.167,50,2,2,0.033,53,52,false,0,0.000
dec-142,dec,d_b=12;m=5;gap=3;k=2;q=3;s=26,36,false,38,0.167,50,2,4,0.052,53,52,false,0,0.000
dec-142,dec,d_b=12;m=5;gap=3;k=2;q=3;s=26,36,false,38,0.167,50,2,8,0.090,53,52,false,0,0.000
dec-142,dec,d_b=12;m=5;gap=3;k=2;q=3;s=26,36,false,38,0.167,50,2,16,0.162,53,52,false,0,0.000
dec-142,dec,d_b=12;m=5;gap=3;k=2;q=3;s=26,36,false,38,0.167,50,2,32,0.256,50,2,true,0,0.000
dec-142,dec,d_b=12;m=5;gap=3;k=2;q=3;s=26,36,false,38,0.167,50,2,64,0.260,50,2,true,0,0.000
dec-142,dec,d_b=12;m=5;gap=3;k=2;q=3;s=26,36,false,38,0.167,50,2,128,0.263,50,2,true,0,0.000
dec-142,dec,d_b=12;m=5;gap=3;k=2;q=3;s=26,36,false,38,0.167,50,2,256,0.248,50,2,true,0,0.000
dec-142,dec,d_b=12;m=5;gap=3;k=2;q=3;s=26,36,false,38,0.167,50,2,512,0.241,50,2,true,0,0.000
dec-142,dec,d_b=12;m=5;gap=3;k=2;q=3;s=26,36,false,38,0.167,50,2,1024,0.239,50,2,true,0,0.000
dec-142,dec,d_b=12;m=5;gap=3;k=2;q=3;s=26,36,false,38,0.167,50,2,2048,0.243,50,2,true,0,0.000
dec-142,dec,d_b=12;m=5;gap=3;k=2;q=3;s=26,36,false,38,0.167,50,2,4096,0.265,50,2,true,0,0.000
dec-142,dec,d_b=12;m=5;gap=3;k=2;q=3;s=26,36,false,38,0.167,50,2,8192,0.273,50,2,true,0,0.000
dec-142,dec,d_b=12;m=5;gap=3;k=2;q=3;s=26,36,false,38,0.167,50,2,16384,0.249,50,2,true,0,0.000
mixed-047-1,mixed,seed=0x6b6256cbc0366a31;cycles=9;planted=3;d_b=16;m=5;gap=2;k=1,8650664,false,647733,0.524,204,10,1,0.148,213,208,false,0,0.000
mixed-047-1,mixed,seed=0x6b6256cbc0366a31;cycles=9;planted=3;d_b=16;m=5;gap=2;k=1,8650664,false,647733,0.524,204,10,2,0.177,213,208,false,0,0.000
mixed-047-1,mixed,seed=0x6b6256cbc0366a31;cycles=9;planted=3;d_b=16;m=5;gap=2;k=1,8650664,false,647733,0.524,204,10,4,0.170,213,208,false,0,0.000
mixed-047-1,mixed,seed=0x6b6256cbc0366a31;cycles=9;planted=3;d_b=16;m=5;gap=2;k=1,8650664,false,647733,0.524,204,10,8,0.257,213,208,false,0,0.000
mixed-047-1,mixed,seed=0x6b6256cbc0366a31;cycles=9;planted=3;d_b=16;m=5;gap=2;k=1,8650664,false,647733,0.524,204,10,16,0.364,213,208,false,0,0.000
mixed-047-1,mixed,seed=0x6b6256cbc0366a31;cycles=9;planted=3;d_b=16;m=5;gap=2;k=1,8650664,false,647733,0.524,204,10,32,0.672,213,208,false,0,0.000
mixed-047-1,mixed,seed=0x6b6256cbc0366a31;cycles=9;planted=3;d_b=16;m=5;gap=2;k=1,8650664,false,647733,0.524,204,10,64,1.331,204,10,false,0,0.000
mixed-047-1,mixed,seed=0x6b6256cbc0366a31;cycles=9;planted=3;d_b=16;m=5;gap=2;k=1,8650664,false,647733,0.524,204,10,128,1.614,204,10,true,0,0.000
mixed-047-1,mixed,seed=0x6b6256cbc0366a31;cycles=9;planted=3;d_b=16;m=5;gap=2;k=1,8650664,false,647733,0.524,204,10,256,1.604,204,10,true,0,0.000
mixed-047-1,mixed,seed=0x6b6256cbc0366a31;cycles=9;planted=3;d_b=16;m=5;gap=2;k=1,8650664,false,647733,0.524,204,10,512,1.602,204,10,true,0,0.000
mixed-047-1,mixed,seed=0x6b6256cbc0366a31;cycles=9;planted=3;d_b=16;m=5;gap=2;k=1,8650664,false,647733,0.524,204,10,1024,1.629,204,10,true,0,0.000
mixed-047-1,mixed,seed=0x6b6256cbc0366a31;cycles=9;planted=3;d_b=16;m=5;gap=2;k=1,8650664,false,647733,0.524,204,10,2048,1.582,204,10,true,0,0.000
mixed-047-1,mixed,seed=0x6b6256cbc0366a31;cycles=9;planted=3;d_b=16;m=5;gap=2;k=1,8650664,false,647733,0.524,204,10,4096,1.584,204,10,true,0,0.000
mixed-047-1,mixed,seed=0x6b6256cbc0366a31;cycles=9;planted=3;d_b=16;m=5;gap=2;k=1,8650664,false,647733,0.524,204,10,8192,1.604,204,10,true,0,0.000
mixed-047-1,mixed,seed=0x6b6256cbc0366a31;cycles=9;planted=3;d_b=16;m=5;gap=2;k=1,8650664,false,647733,0.524,204,10,16384,1.612,204,10,true,0,0.000
dec-143,dec,d_b=12;m=5;gap=3;k=4;q=3;s=26,60,false,62,0.310,50,2,1,0.026,53,52,false,0,0.000
dec-143,dec,d_b=12;m=5;gap=3;k=4;q=3;s=26,60,false,62,0.310,50,2,2,0.037,53,52,false,0,0.000
dec-143,dec,d_b=12;m=5;gap=3;k=4;q=3;s=26,60,false,62,0.310,50,2,4,0.057,53,52,false,0,0.000
dec-143,dec,d_b=12;m=5;gap=3;k=4;q=3;s=26,60,false,62,0.310,50,2,8,0.098,53,52,false,0,0.000
dec-143,dec,d_b=12;m=5;gap=3;k=4;q=3;s=26,60,false,62,0.310,50,2,16,0.169,53,52,false,0,0.000
dec-143,dec,d_b=12;m=5;gap=3;k=4;q=3;s=26,60,false,62,0.310,50,2,32,0.341,50,2,false,0,0.000
dec-143,dec,d_b=12;m=5;gap=3;k=4;q=3;s=26,60,false,62,0.310,50,2,64,0.390,50,2,true,0,0.000
dec-143,dec,d_b=12;m=5;gap=3;k=4;q=3;s=26,60,false,62,0.310,50,2,128,0.393,50,2,true,0,0.000
dec-143,dec,d_b=12;m=5;gap=3;k=4;q=3;s=26,60,false,62,0.310,50,2,256,0.382,50,2,true,0,0.000
dec-143,dec,d_b=12;m=5;gap=3;k=4;q=3;s=26,60,false,62,0.310,50,2,512,0.389,50,2,true,0,0.000
dec-143,dec,d_b=12;m=5;gap=3;k=4;q=3;s=26,60,false,62,0.310,50,2,1024,0.379,50,2,true,0,0.000
dec-143,dec,d_b=12;m=5;gap=3;k=4;q=3;s=26,60,false,62,0.310,50,2,2048,0.391,50,2,true,0,0.000
dec-143,dec,d_b=12;m=5;gap=3;k=4;q=3;s=26,60,false,62,0.310,50,2,4096,0.383,50,2,true,0,0.000
dec-143,dec,d_b=12;m=5;gap=3;k=4;q=3;s=26,60,false,62,0.310,50,2,8192,0.422,50,2,true,0,0.000
dec-143,dec,d_b=12;m=5;gap=3;k=4;q=3;s=26,60,false,62,0.310,50,2,16384,0.383,50,2,true,0,0.000
mixed-047-2,mixed,seed=0x03ea5038e67a1103;cycles=9;planted=3;d_b=16;m=5;gap=2;k=1,8650672,false,647764,0.580,224,14,1,0.199,233,212,false,0,0.000
mixed-047-2,mixed,seed=0x03ea5038e67a1103;cycles=9;planted=3;d_b=16;m=5;gap=2;k=1,8650672,false,647764,0.580,224,14,2,0.202,233,212,false,0,0.000
mixed-047-2,mixed,seed=0x03ea5038e67a1103;cycles=9;planted=3;d_b=16;m=5;gap=2;k=1,8650672,false,647764,0.580,224,14,4,0.229,233,212,false,0,0.000
mixed-047-2,mixed,seed=0x03ea5038e67a1103;cycles=9;planted=3;d_b=16;m=5;gap=2;k=1,8650672,false,647764,0.580,224,14,8,0.279,233,212,false,0,0.000
mixed-047-2,mixed,seed=0x03ea5038e67a1103;cycles=9;planted=3;d_b=16;m=5;gap=2;k=1,8650672,false,647764,0.580,224,14,16,0.380,233,212,false,0,0.000
mixed-047-2,mixed,seed=0x03ea5038e67a1103;cycles=9;planted=3;d_b=16;m=5;gap=2;k=1,8650672,false,647764,0.580,224,14,32,0.651,233,212,false,0,0.000
mixed-047-2,mixed,seed=0x03ea5038e67a1103;cycles=9;planted=3;d_b=16;m=5;gap=2;k=1,8650672,false,647764,0.580,224,14,64,1.232,230,146,false,0,0.000
mixed-047-2,mixed,seed=0x03ea5038e67a1103;cycles=9;planted=3;d_b=16;m=5;gap=2;k=1,8650672,false,647764,0.580,224,14,128,1.838,224,14,true,0,0.000
mixed-047-2,mixed,seed=0x03ea5038e67a1103;cycles=9;planted=3;d_b=16;m=5;gap=2;k=1,8650672,false,647764,0.580,224,14,256,1.837,224,14,true,0,0.000
mixed-047-2,mixed,seed=0x03ea5038e67a1103;cycles=9;planted=3;d_b=16;m=5;gap=2;k=1,8650672,false,647764,0.580,224,14,512,1.810,224,14,true,0,0.000
mixed-047-2,mixed,seed=0x03ea5038e67a1103;cycles=9;planted=3;d_b=16;m=5;gap=2;k=1,8650672,false,647764,0.580,224,14,1024,1.831,224,14,true,0,0.000
mixed-047-2,mixed,seed=0x03ea5038e67a1103;cycles=9;planted=3;d_b=16;m=5;gap=2;k=1,8650672,false,647764,0.580,224,14,2048,1.802,224,14,true,0,0.000
mixed-047-2,mixed,seed=0x03ea5038e67a1103;cycles=9;planted=3;d_b=16;m=5;gap=2;k=1,8650672,false,647764,0.580,224,14,4096,1.973,224,14,true,0,0.000
mixed-047-2,mixed,seed=0x03ea5038e67a1103;cycles=9;planted=3;d_b=16;m=5;gap=2;k=1,8650672,false,647764,0.580,224,14,8192,1.898,224,14,true,0,0.000
mixed-047-2,mixed,seed=0x03ea5038e67a1103;cycles=9;planted=3;d_b=16;m=5;gap=2;k=1,8650672,false,647764,0.580,224,14,16384,1.829,224,14,true,0,0.000
dec-144,dec,d_b=12;m=5;gap=7;k=1;q=3;s=28,24,false,26,0.124,50,2,1,0.055,57,56,false,0,0.000
dec-144,dec,d_b=12;m=5;gap=7;k=1;q=3;s=28,24,false,26,0.124,50,2,2,0.051,57,56,false,0,0.000
dec-144,dec,d_b=12;m=5;gap=7;k=1;q=3;s=28,24,false,26,0.124,50,2,4,0.055,57,56,false,0,0.000
dec-144,dec,d_b=12;m=5;gap=7;k=1;q=3;s=28,24,false,26,0.124,50,2,8,0.084,57,56,false,0,0.000
dec-144,dec,d_b=12;m=5;gap=7;k=1;q=3;s=28,24,false,26,0.124,50,2,16,0.159,50,2,false,0,0.000
dec-144,dec,d_b=12;m=5;gap=7;k=1;q=3;s=28,24,false,26,0.124,50,2,32,0.193,50,2,true,0,0.000
dec-144,dec,d_b=12;m=5;gap=7;k=1;q=3;s=28,24,false,26,0.124,50,2,64,0.223,50,2,true,0,0.000
dec-144,dec,d_b=12;m=5;gap=7;k=1;q=3;s=28,24,false,26,0.124,50,2,128,0.206,50,2,true,0,0.000
dec-144,dec,d_b=12;m=5;gap=7;k=1;q=3;s=28,24,false,26,0.124,50,2,256,0.192,50,2,true,0,0.000
dec-144,dec,d_b=12;m=5;gap=7;k=1;q=3;s=28,24,false,26,0.124,50,2,512,0.187,50,2,true,0,0.000
dec-144,dec,d_b=12;m=5;gap=7;k=1;q=3;s=28,24,false,26,0.124,50,2,1024,0.185,50,2,true,0,0.000
dec-144,dec,d_b=12;m=5;gap=7;k=1;q=3;s=28,24,false,26,0.124,50,2,2048,0.183,50,2,true,0,0.000
dec-144,dec,d_b=12;m=5;gap=7;k=1;q=3;s=28,24,false,26,0.124,50,2,4096,0.202,50,2,true,0,0.000
dec-144,dec,d_b=12;m=5;gap=7;k=1;q=3;s=28,24,false,26,0.124,50,2,8192,0.335,50,2,true,0,0.000
dec-144,dec,d_b=12;m=5;gap=7;k=1;q=3;s=28,24,false,26,0.124,50,2,16384,0.290,50,2,true,0,0.000
mixed-048-0,mixed,seed=0x2018ff077d48b09a;cycles=10;planted=1;d_b=4;m=2;gap=1;k=2,15,false,16,0.037,9,2,1,0.017,10,6,false,0,0.000
mixed-048-0,mixed,seed=0x2018ff077d48b09a;cycles=10;planted=1;d_b=4;m=2;gap=1;k=2,15,false,16,0.037,9,2,2,0.015,10,6,false,0,0.000
mixed-048-0,mixed,seed=0x2018ff077d48b09a;cycles=10;planted=1;d_b=4;m=2;gap=1;k=2,15,false,16,0.037,9,2,4,0.019,10,6,false,0,0.000
mixed-048-0,mixed,seed=0x2018ff077d48b09a;cycles=10;planted=1;d_b=4;m=2;gap=1;k=2,15,false,16,0.037,9,2,8,0.046,10,6,false,0,0.000
mixed-048-0,mixed,seed=0x2018ff077d48b09a;cycles=10;planted=1;d_b=4;m=2;gap=1;k=2,15,false,16,0.037,9,2,16,0.063,9,2,true,0,0.000
mixed-048-0,mixed,seed=0x2018ff077d48b09a;cycles=10;planted=1;d_b=4;m=2;gap=1;k=2,15,false,16,0.037,9,2,32,0.097,9,2,true,0,0.000
mixed-048-0,mixed,seed=0x2018ff077d48b09a;cycles=10;planted=1;d_b=4;m=2;gap=1;k=2,15,false,16,0.037,9,2,64,0.094,9,2,true,0,0.000
mixed-048-0,mixed,seed=0x2018ff077d48b09a;cycles=10;planted=1;d_b=4;m=2;gap=1;k=2,15,false,16,0.037,9,2,128,0.081,9,2,true,0,0.000
mixed-048-0,mixed,seed=0x2018ff077d48b09a;cycles=10;planted=1;d_b=4;m=2;gap=1;k=2,15,false,16,0.037,9,2,256,0.066,9,2,true,0,0.000
mixed-048-0,mixed,seed=0x2018ff077d48b09a;cycles=10;planted=1;d_b=4;m=2;gap=1;k=2,15,false,16,0.037,9,2,512,0.062,9,2,true,0,0.000
mixed-048-0,mixed,seed=0x2018ff077d48b09a;cycles=10;planted=1;d_b=4;m=2;gap=1;k=2,15,false,16,0.037,9,2,1024,0.095,9,2,true,0,0.000
mixed-048-0,mixed,seed=0x2018ff077d48b09a;cycles=10;planted=1;d_b=4;m=2;gap=1;k=2,15,false,16,0.037,9,2,2048,0.054,9,2,true,0,0.000
mixed-048-0,mixed,seed=0x2018ff077d48b09a;cycles=10;planted=1;d_b=4;m=2;gap=1;k=2,15,false,16,0.037,9,2,4096,0.051,9,2,true,0,0.000
mixed-048-0,mixed,seed=0x2018ff077d48b09a;cycles=10;planted=1;d_b=4;m=2;gap=1;k=2,15,false,16,0.037,9,2,8192,0.087,9,2,true,0,0.000
mixed-048-0,mixed,seed=0x2018ff077d48b09a;cycles=10;planted=1;d_b=4;m=2;gap=1;k=2,15,false,16,0.037,9,2,16384,0.079,9,2,true,0,0.000
dec-145,dec,d_b=12;m=5;gap=7;k=2;q=3;s=28,36,false,38,0.174,50,2,1,0.024,57,56,false,0,0.000
dec-145,dec,d_b=12;m=5;gap=7;k=2;q=3;s=28,36,false,38,0.174,50,2,2,0.040,57,56,false,0,0.000
dec-145,dec,d_b=12;m=5;gap=7;k=2;q=3;s=28,36,false,38,0.174,50,2,4,0.051,57,56,false,0,0.000
dec-145,dec,d_b=12;m=5;gap=7;k=2;q=3;s=28,36,false,38,0.174,50,2,8,0.169,57,56,false,0,0.000
dec-145,dec,d_b=12;m=5;gap=7;k=2;q=3;s=28,36,false,38,0.174,50,2,16,0.177,50,2,false,0,0.000
dec-145,dec,d_b=12;m=5;gap=7;k=2;q=3;s=28,36,false,38,0.174,50,2,32,0.287,50,2,true,0,0.000
dec-145,dec,d_b=12;m=5;gap=7;k=2;q=3;s=28,36,false,38,0.174,50,2,64,0.288,50,2,true,0,0.000
dec-145,dec,d_b=12;m=5;gap=7;k=2;q=3;s=28,36,false,38,0.174,50,2,128,0.276,50,2,true,0,0.000
dec-145,dec,d_b=12;m=5;gap=7;k=2;q=3;s=28,36,false,38,0.174,50,2,256,0.280,50,2,true,0,0.000
dec-145,dec,d_b=12;m=5;gap=7;k=2;q=3;s=28,36,false,38,0.174,50,2,512,0.270,50,2,true,0,0.000
dec-145,dec,d_b=12;m=5;gap=7;k=2;q=3;s=28,36,false,38,0.174,50,2,1024,0.304,50,2,true,0,0.000
dec-145,dec,d_b=12;m=5;gap=7;k=2;q=3;s=28,36,false,38,0.174,50,2,2048,0.298,50,2,true,0,0.000
dec-145,dec,d_b=12;m=5;gap=7;k=2;q=3;s=28,36,false,38,0.174,50,2,4096,0.299,50,2,true,0,0.000
dec-145,dec,d_b=12;m=5;gap=7;k=2;q=3;s=28,36,false,38,0.174,50,2,8192,0.291,50,2,true,0,0.000
dec-145,dec,d_b=12;m=5;gap=7;k=2;q=3;s=28,36,false,38,0.174,50,2,16384,0.279,50,2,true,0,0.000
mixed-048-1,mixed,seed=0x1fbd2cbe4ab0f94d;cycles=10;planted=1;d_b=4;m=2;gap=1;k=2,32963152,false,1981104,0.074,11,4,1,0.051,12,8,false,0,0.000
mixed-048-1,mixed,seed=0x1fbd2cbe4ab0f94d;cycles=10;planted=1;d_b=4;m=2;gap=1;k=2,32963152,false,1981104,0.074,11,4,2,0.045,12,8,false,0,0.000
mixed-048-1,mixed,seed=0x1fbd2cbe4ab0f94d;cycles=10;planted=1;d_b=4;m=2;gap=1;k=2,32963152,false,1981104,0.074,11,4,4,0.048,12,8,false,0,0.000
mixed-048-1,mixed,seed=0x1fbd2cbe4ab0f94d;cycles=10;planted=1;d_b=4;m=2;gap=1;k=2,32963152,false,1981104,0.074,11,4,8,0.065,12,8,false,0,0.000
mixed-048-1,mixed,seed=0x1fbd2cbe4ab0f94d;cycles=10;planted=1;d_b=4;m=2;gap=1;k=2,32963152,false,1981104,0.074,11,4,16,0.082,11,4,true,0,0.000
mixed-048-1,mixed,seed=0x1fbd2cbe4ab0f94d;cycles=10;planted=1;d_b=4;m=2;gap=1;k=2,32963152,false,1981104,0.074,11,4,32,0.079,11,4,true,0,0.000
mixed-048-1,mixed,seed=0x1fbd2cbe4ab0f94d;cycles=10;planted=1;d_b=4;m=2;gap=1;k=2,32963152,false,1981104,0.074,11,4,64,0.075,11,4,true,0,0.000
mixed-048-1,mixed,seed=0x1fbd2cbe4ab0f94d;cycles=10;planted=1;d_b=4;m=2;gap=1;k=2,32963152,false,1981104,0.074,11,4,128,0.072,11,4,true,0,0.000
mixed-048-1,mixed,seed=0x1fbd2cbe4ab0f94d;cycles=10;planted=1;d_b=4;m=2;gap=1;k=2,32963152,false,1981104,0.074,11,4,256,0.071,11,4,true,0,0.000
mixed-048-1,mixed,seed=0x1fbd2cbe4ab0f94d;cycles=10;planted=1;d_b=4;m=2;gap=1;k=2,32963152,false,1981104,0.074,11,4,512,0.071,11,4,true,0,0.000
mixed-048-1,mixed,seed=0x1fbd2cbe4ab0f94d;cycles=10;planted=1;d_b=4;m=2;gap=1;k=2,32963152,false,1981104,0.074,11,4,1024,0.071,11,4,true,0,0.000
mixed-048-1,mixed,seed=0x1fbd2cbe4ab0f94d;cycles=10;planted=1;d_b=4;m=2;gap=1;k=2,32963152,false,1981104,0.074,11,4,2048,0.070,11,4,true,0,0.000
mixed-048-1,mixed,seed=0x1fbd2cbe4ab0f94d;cycles=10;planted=1;d_b=4;m=2;gap=1;k=2,32963152,false,1981104,0.074,11,4,4096,0.070,11,4,true,0,0.000
mixed-048-1,mixed,seed=0x1fbd2cbe4ab0f94d;cycles=10;planted=1;d_b=4;m=2;gap=1;k=2,32963152,false,1981104,0.074,11,4,8192,0.070,11,4,true,0,0.000
mixed-048-1,mixed,seed=0x1fbd2cbe4ab0f94d;cycles=10;planted=1;d_b=4;m=2;gap=1;k=2,32963152,false,1981104,0.074,11,4,16384,0.070,11,4,true,0,0.000
dec-146,dec,d_b=12;m=5;gap=7;k=4;q=3;s=28,60,false,62,0.318,50,2,1,0.030,57,56,false,0,0.000
dec-146,dec,d_b=12;m=5;gap=7;k=4;q=3;s=28,60,false,62,0.318,50,2,2,0.040,57,56,false,0,0.000
dec-146,dec,d_b=12;m=5;gap=7;k=4;q=3;s=28,60,false,62,0.318,50,2,4,0.064,57,56,false,0,0.000
dec-146,dec,d_b=12;m=5;gap=7;k=4;q=3;s=28,60,false,62,0.318,50,2,8,0.103,57,56,false,0,0.000
dec-146,dec,d_b=12;m=5;gap=7;k=4;q=3;s=28,60,false,62,0.318,50,2,16,0.182,57,56,false,0,0.000
dec-146,dec,d_b=12;m=5;gap=7;k=4;q=3;s=28,60,false,62,0.318,50,2,32,0.353,50,2,false,0,0.000
dec-146,dec,d_b=12;m=5;gap=7;k=4;q=3;s=28,60,false,62,0.318,50,2,64,0.408,50,2,true,0,0.000
dec-146,dec,d_b=12;m=5;gap=7;k=4;q=3;s=28,60,false,62,0.318,50,2,128,0.403,50,2,true,0,0.000
dec-146,dec,d_b=12;m=5;gap=7;k=4;q=3;s=28,60,false,62,0.318,50,2,256,0.421,50,2,true,0,0.000
dec-146,dec,d_b=12;m=5;gap=7;k=4;q=3;s=28,60,false,62,0.318,50,2,512,0.403,50,2,true,0,0.000
dec-146,dec,d_b=12;m=5;gap=7;k=4;q=3;s=28,60,false,62,0.318,50,2,1024,0.392,50,2,true,0,0.000
dec-146,dec,d_b=12;m=5;gap=7;k=4;q=3;s=28,60,false,62,0.318,50,2,2048,0.398,50,2,true,0,0.000
dec-146,dec,d_b=12;m=5;gap=7;k=4;q=3;s=28,60,false,62,0.318,50,2,4096,0.400,50,2,true,0,0.000
dec-146,dec,d_b=12;m=5;gap=7;k=4;q=3;s=28,60,false,62,0.318,50,2,8192,0.425,50,2,true,0,0.000
dec-146,dec,d_b=12;m=5;gap=7;k=4;q=3;s=28,60,false,62,0.318,50,2,16384,0.389,50,2,true,0,0.000
mixed-048-2,mixed,seed=0x2a15c12a787bf765;cycles=10;planted=1;d_b=4;m=2;gap=1;k=2,47732411,true,2860032,0.135,12,6,1,0.089,13,10,false,0,0.000
mixed-048-2,mixed,seed=0x2a15c12a787bf765;cycles=10;planted=1;d_b=4;m=2;gap=1;k=2,47732411,true,2860032,0.135,12,6,2,0.135,13,10,false,0,0.000
mixed-048-2,mixed,seed=0x2a15c12a787bf765;cycles=10;planted=1;d_b=4;m=2;gap=1;k=2,47732411,true,2860032,0.135,12,6,4,0.141,13,10,false,0,0.000
mixed-048-2,mixed,seed=0x2a15c12a787bf765;cycles=10;planted=1;d_b=4;m=2;gap=1;k=2,47732411,true,2860032,0.135,12,6,8,0.161,12,6,false,0,0.000
mixed-048-2,mixed,seed=0x2a15c12a787bf765;cycles=10;planted=1;d_b=4;m=2;gap=1;k=2,47732411,true,2860032,0.135,12,6,16,0.188,12,6,true,0,0.000
mixed-048-2,mixed,seed=0x2a15c12a787bf765;cycles=10;planted=1;d_b=4;m=2;gap=1;k=2,47732411,true,2860032,0.135,12,6,32,0.186,12,6,true,0,0.000
mixed-048-2,mixed,seed=0x2a15c12a787bf765;cycles=10;planted=1;d_b=4;m=2;gap=1;k=2,47732411,true,2860032,0.135,12,6,64,0.178,12,6,true,0,0.000
mixed-048-2,mixed,seed=0x2a15c12a787bf765;cycles=10;planted=1;d_b=4;m=2;gap=1;k=2,47732411,true,2860032,0.135,12,6,128,0.179,12,6,true,0,0.000
mixed-048-2,mixed,seed=0x2a15c12a787bf765;cycles=10;planted=1;d_b=4;m=2;gap=1;k=2,47732411,true,2860032,0.135,12,6,256,0.175,12,6,true,0,0.000
mixed-048-2,mixed,seed=0x2a15c12a787bf765;cycles=10;planted=1;d_b=4;m=2;gap=1;k=2,47732411,true,2860032,0.135,12,6,512,0.178,12,6,true,0,0.000
mixed-048-2,mixed,seed=0x2a15c12a787bf765;cycles=10;planted=1;d_b=4;m=2;gap=1;k=2,47732411,true,2860032,0.135,12,6,1024,0.175,12,6,true,0,0.000
mixed-048-2,mixed,seed=0x2a15c12a787bf765;cycles=10;planted=1;d_b=4;m=2;gap=1;k=2,47732411,true,2860032,0.135,12,6,2048,0.177,12,6,true,0,0.000
mixed-048-2,mixed,seed=0x2a15c12a787bf765;cycles=10;planted=1;d_b=4;m=2;gap=1;k=2,47732411,true,2860032,0.135,12,6,4096,0.173,12,6,true,0,0.000
mixed-048-2,mixed,seed=0x2a15c12a787bf765;cycles=10;planted=1;d_b=4;m=2;gap=1;k=2,47732411,true,2860032,0.135,12,6,8192,0.176,12,6,true,0,0.000
mixed-048-2,mixed,seed=0x2a15c12a787bf765;cycles=10;planted=1;d_b=4;m=2;gap=1;k=2,47732411,true,2860032,0.135,12,6,16384,0.173,12,6,true,0,0.000
dec-147,dec,d_b=12;m=5;gap=13;k=1;q=3;s=31,24,false,26,0.119,50,2,1,0.025,63,62,false,0,0.000
dec-147,dec,d_b=12;m=5;gap=13;k=1;q=3;s=31,24,false,26,0.119,50,2,2,0.042,63,62,false,0,0.000
dec-147,dec,d_b=12;m=5;gap=13;k=1;q=3;s=31,24,false,26,0.119,50,2,4,0.055,63,62,false,0,0.000
dec-147,dec,d_b=12;m=5;gap=13;k=1;q=3;s=31,24,false,26,0.119,50,2,8,0.094,50,2,false,0,0.000
dec-147,dec,d_b=12;m=5;gap=13;k=1;q=3;s=31,24,false,26,0.119,50,2,16,0.167,50,2,false,0,0.000
dec-147,dec,d_b=12;m=5;gap=13;k=1;q=3;s=31,24,false,26,0.119,50,2,32,0.200,50,2,true,0,0.000
dec-147,dec,d_b=12;m=5;gap=13;k=1;q=3;s=31,24,false,26,0.119,50,2,64,0.197,50,2,true,0,0.000
dec-147,dec,d_b=12;m=5;gap=13;k=1;q=3;s=31,24,false,26,0.119,50,2,128,0.192,50,2,true,0,0.000
dec-147,dec,d_b=12;m=5;gap=13;k=1;q=3;s=31,24,false,26,0.119,50,2,256,0.192,50,2,true,0,0.000
dec-147,dec,d_b=12;m=5;gap=13;k=1;q=3;s=31,24,false,26,0.119,50,2,512,0.191,50,2,true,0,0.000
dec-147,dec,d_b=12;m=5;gap=13;k=1;q=3;s=31,24,false,26,0.119,50,2,1024,0.190,50,2,true,0,0.000
dec-147,dec,d_b=12;m=5;gap=13;k=1;q=3;s=31,24,false,26,0.119,50,2,2048,0.189,50,2,true,0,0.000
dec-147,dec,d_b=12;m=5;gap=13;k=1;q=3;s=31,24,false,26,0.119,50,2,4096,0.189,50,2,true,0,0.000
dec-147,dec,d_b=12;m=5;gap=13;k=1;q=3;s=31,24,false,26,0.119,50,2,8192,0.189,50,2,true,0,0.000
dec-147,dec,d_b=12;m=5;gap=13;k=1;q=3;s=31,24,false,26,0.119,50,2,16384,0.189,50,2,true,0,0.000
mixed-049-0,mixed,seed=0x3ba73db41c458e04;cycles=10;planted=1;d_b=8;m=3;gap=2;k=2,42506708,true,2625536,0.153,31,10,1,0.108,34,28,false,0,0.000
mixed-049-0,mixed,seed=0x3ba73db41c458e04;cycles=10;planted=1;d_b=8;m=3;gap=2;k=2,42506708,true,2625536,0.153,31,10,2,0.109,34,28,false,0,0.000
mixed-049-0,mixed,seed=0x3ba73db41c458e04;cycles=10;planted=1;d_b=8;m=3;gap=2;k=2,42506708,true,2625536,0.153,31,10,4,0.109,34,28,false,0,0.000
mixed-049-0,mixed,seed=0x3ba73db41c458e04;cycles=10;planted=1;d_b=8;m=3;gap=2;k=2,42506708,true,2625536,0.153,31,10,8,0.161,34,28,false,0,0.000
mixed-049-0,mixed,seed=0x3ba73db41c458e04;cycles=10;planted=1;d_b=8;m=3;gap=2;k=2,42506708,true,2625536,0.153,31,10,16,0.204,31,10,false,0,0.000
mixed-049-0,mixed,seed=0x3ba73db41c458e04;cycles=10;planted=1;d_b=8;m=3;gap=2;k=2,42506708,true,2625536,0.153,31,10,32,0.251,31,10,true,0,0.000
mixed-049-0,mixed,seed=0x3ba73db41c458e04;cycles=10;planted=1;d_b=8;m=3;gap=2;k=2,42506708,true,2625536,0.153,31,10,64,0.276,31,10,true,0,0.000
mixed-049-0,mixed,seed=0x3ba73db41c458e04;cycles=10;planted=1;d_b=8;m=3;gap=2;k=2,42506708,true,2625536,0.153,31,10,128,0.236,31,10,true,0,0.000
mixed-049-0,mixed,seed=0x3ba73db41c458e04;cycles=10;planted=1;d_b=8;m=3;gap=2;k=2,42506708,true,2625536,0.153,31,10,256,0.254,31,10,true,0,0.000
mixed-049-0,mixed,seed=0x3ba73db41c458e04;cycles=10;planted=1;d_b=8;m=3;gap=2;k=2,42506708,true,2625536,0.153,31,10,512,0.229,31,10,true,0,0.000
mixed-049-0,mixed,seed=0x3ba73db41c458e04;cycles=10;planted=1;d_b=8;m=3;gap=2;k=2,42506708,true,2625536,0.153,31,10,1024,0.253,31,10,true,0,0.000
mixed-049-0,mixed,seed=0x3ba73db41c458e04;cycles=10;planted=1;d_b=8;m=3;gap=2;k=2,42506708,true,2625536,0.153,31,10,2048,0.226,31,10,true,0,0.000
mixed-049-0,mixed,seed=0x3ba73db41c458e04;cycles=10;planted=1;d_b=8;m=3;gap=2;k=2,42506708,true,2625536,0.153,31,10,4096,0.235,31,10,true,0,0.000
mixed-049-0,mixed,seed=0x3ba73db41c458e04;cycles=10;planted=1;d_b=8;m=3;gap=2;k=2,42506708,true,2625536,0.153,31,10,8192,0.226,31,10,true,0,0.000
mixed-049-0,mixed,seed=0x3ba73db41c458e04;cycles=10;planted=1;d_b=8;m=3;gap=2;k=2,42506708,true,2625536,0.153,31,10,16384,0.228,31,10,true,0,0.000
dec-148,dec,d_b=12;m=5;gap=13;k=2;q=3;s=31,36,false,38,0.185,50,2,1,0.027,63,62,false,0,0.000
dec-148,dec,d_b=12;m=5;gap=13;k=2;q=3;s=31,36,false,38,0.185,50,2,2,0.041,63,62,false,0,0.000
dec-148,dec,d_b=12;m=5;gap=13;k=2;q=3;s=31,36,false,38,0.185,50,2,4,0.068,63,62,false,0,0.000
dec-148,dec,d_b=12;m=5;gap=13;k=2;q=3;s=31,36,false,38,0.185,50,2,8,0.096,63,62,false,0,0.000
dec-148,dec,d_b=12;m=5;gap=13;k=2;q=3;s=31,36,false,38,0.185,50,2,16,0.189,50,2,false,0,0.000
dec-148,dec,d_b=12;m=5;gap=13;k=2;q=3;s=31,36,false,38,0.185,50,2,32,0.287,50,2,true,0,0.000
dec-148,dec,d_b=12;m=5;gap=13;k=2;q=3;s=31,36,false,38,0.185,50,2,64,0.281,50,2,true,0,0.000
dec-148,dec,d_b=12;m=5;gap=13;k=2;q=3;s=31,36,false,38,0.185,50,2,128,0.276,50,2,true,0,0.000
dec-148,dec,d_b=12;m=5;gap=13;k=2;q=3;s=31,36,false,38,0.185,50,2,256,0.270,50,2,true,0,0.000
dec-148,dec,d_b=12;m=5;gap=13;k=2;q=3;s=31,36,false,38,0.185,50,2,512,0.412,50,2,true,0,0.000
dec-148,dec,d_b=12;m=5;gap=13;k=2;q=3;s=31,36,false,38,0.185,50,2,1024,0.278,50,2,true,0,0.000
dec-148,dec,d_b=12;m=5;gap=13;k=2;q=3;s=31,36,false,38,0.185,50,2,2048,0.277,50,2,true,0,0.000
dec-148,dec,d_b=12;m=5;gap=13;k=2;q=3;s=31,36,false,38,0.185,50,2,4096,0.268,50,2,true,0,0.000
dec-148,dec,d_b=12;m=5;gap=13;k=2;q=3;s=31,36,false,38,0.185,50,2,8192,0.269,50,2,true,0,0.000
dec-148,dec,d_b=12;m=5;gap=13;k=2;q=3;s=31,36,false,38,0.185,50,2,16384,0.265,50,2,true,0,0.000
mixed-049-1,mixed,seed=0x05b68cbc7a2b2eca;cycles=10;planted=1;d_b=8;m=3;gap=2;k=2,32963165,false,1981120,0.106,28,8,1,0.059,31,26,false,0,0.000
mixed-049-1,mixed,seed=0x05b68cbc7a2b2eca;cycles=10;planted=1;d_b=8;m=3;gap=2;k=2,32963165,false,1981120,0.106,28,8,2,0.056,31,26,false,0,0.000
mixed-049-1,mixed,seed=0x05b68cbc7a2b2eca;cycles=10;planted=1;d_b=8;m=3;gap=2;k=2,32963165,false,1981120,0.106,28,8,4,0.052,31,26,false,0,0.000
mixed-049-1,mixed,seed=0x05b68cbc7a2b2eca;cycles=10;planted=1;d_b=8;m=3;gap=2;k=2,32963165,false,1981120,0.106,28,8,8,0.078,31,26,false,0,0.000
mixed-049-1,mixed,seed=0x05b68cbc7a2b2eca;cycles=10;planted=1;d_b=8;m=3;gap=2;k=2,32963165,false,1981120,0.106,28,8,16,0.132,28,8,false,0,0.000
mixed-049-1,mixed,seed=0x05b68cbc7a2b2eca;cycles=10;planted=1;d_b=8;m=3;gap=2;k=2,32963165,false,1981120,0.106,28,8,32,0.166,28,8,true,0,0.000
mixed-049-1,mixed,seed=0x05b68cbc7a2b2eca;cycles=10;planted=1;d_b=8;m=3;gap=2;k=2,32963165,false,1981120,0.106,28,8,64,0.163,28,8,true,0,0.000
mixed-049-1,mixed,seed=0x05b68cbc7a2b2eca;cycles=10;planted=1;d_b=8;m=3;gap=2;k=2,32963165,false,1981120,0.106,28,8,128,0.156,28,8,true,0,0.000
mixed-049-1,mixed,seed=0x05b68cbc7a2b2eca;cycles=10;planted=1;d_b=8;m=3;gap=2;k=2,32963165,false,1981120,0.106,28,8,256,0.154,28,8,true,0,0.000
mixed-049-1,mixed,seed=0x05b68cbc7a2b2eca;cycles=10;planted=1;d_b=8;m=3;gap=2;k=2,32963165,false,1981120,0.106,28,8,512,0.150,28,8,true,0,0.000
mixed-049-1,mixed,seed=0x05b68cbc7a2b2eca;cycles=10;planted=1;d_b=8;m=3;gap=2;k=2,32963165,false,1981120,0.106,28,8,1024,0.151,28,8,true,0,0.000
mixed-049-1,mixed,seed=0x05b68cbc7a2b2eca;cycles=10;planted=1;d_b=8;m=3;gap=2;k=2,32963165,false,1981120,0.106,28,8,2048,0.148,28,8,true,0,0.000
mixed-049-1,mixed,seed=0x05b68cbc7a2b2eca;cycles=10;planted=1;d_b=8;m=3;gap=2;k=2,32963165,false,1981120,0.106,28,8,4096,0.150,28,8,true,0,0.000
mixed-049-1,mixed,seed=0x05b68cbc7a2b2eca;cycles=10;planted=1;d_b=8;m=3;gap=2;k=2,32963165,false,1981120,0.106,28,8,8192,0.147,28,8,true,0,0.000
mixed-049-1,mixed,seed=0x05b68cbc7a2b2eca;cycles=10;planted=1;d_b=8;m=3;gap=2;k=2,32963165,false,1981120,0.106,28,8,16384,0.148,28,8,true,0,0.000
dec-149,dec,d_b=12;m=5;gap=13;k=4;q=3;s=31,60,false,62,0.292,50,2,1,0.030,63,62,false,0,0.000
dec-149,dec,d_b=12;m=5;gap=13;k=4;q=3;s=31,60,false,62,0.292,50,2,2,0.041,63,62,false,0,0.000
dec-149,dec,d_b=12;m=5;gap=13;k=4;q=3;s=31,60,false,62,0.292,50,2,4,0.067,63,62,false,0,0.000
dec-149,dec,d_b=12;m=5;gap=13;k=4;q=3;s=31,60,false,62,0.292,50,2,8,0.105,63,62,false,0,0.000
dec-149,dec,d_b=12;m=5;gap=13;k=4;q=3;s=31,60,false,62,0.292,50,2,16,0.182,63,62,false,0,0.000
dec-149,dec,d_b=12;m=5;gap=13;k=4;q=3;s=31,60,false,62,0.292,50,2,32,0.356,50,2,false,0,0.000
dec-149,dec,d_b=12;m=5;gap=13;k=4;q=3;s=31,60,false,62,0.292,50,2,64,0.383,50,2,true,0,0.000
dec-149,dec,d_b=12;m=5;gap=13;k=4;q=3;s=31,60,false,62,0.292,50,2,128,0.379,50,2,true,0,0.000
dec-149,dec,d_b=12;m=5;gap=13;k=4;q=3;s=31,60,false,62,0.292,50,2,256,0.374,50,2,true,0,0.000
dec-149,dec,d_b=12;m=5;gap=13;k=4;q=3;s=31,60,false,62,0.292,50,2,512,0.374,50,2,true,0,0.000
dec-149,dec,d_b=12;m=5;gap=13;k=4;q=3;s=31,60,false,62,0.292,50,2,1024,0.372,50,2,true,0,0.000
dec-149,dec,d_b=12;m=5;gap=13;k=4;q=3;s=31,60,false,62,0.292,50,2,2048,0.372,50,2,true,0,0.000
dec-149,dec,d_b=12;m=5;gap=13;k=4;q=3;s=31,60,false,62,0.292,50,2,4096,0.373,50,2,true,0,0.000
dec-149,dec,d_b=12;m=5;gap=13;k=4;q=3;s=31,60,false,62,0.292,50,2,8192,0.372,50,2,true,0,0.000
dec-149,dec,d_b=12;m=5;gap=13;k=4;q=3;s=31,60,false,62,0.292,50,2,16384,0.373,50,2,true,0,0.000
mixed-049-2,mixed,seed=0x90cc04bbe445667b;cycles=10;planted=1;d_b=8;m=3;gap=2;k=2,32963168,false,1981130,0.129,34,8,1,0.098,37,26,false,0,0.000
mixed-049-2,mixed,seed=0x90cc04bbe445667b;cycles=10;planted=1;d_b=8;m=3;gap=2;k=2,32963168,false,1981130,0.129,34,8,2,0.091,37,26,false,0,0.000
mixed-049-2,mixed,seed=0x90cc04bbe445667b;cycles=10;planted=1;d_b=8;m=3;gap=2;k=2,32963168,false,1981130,0.129,34,8,4,0.109,37,26,false,0,0.000
mixed-049-2,mixed,seed=0x90cc04bbe445667b;cycles=10;planted=1;d_b=8;m=3;gap=2;k=2,32963168,false,1981130,0.129,34,8,8,0.128,37,26,false,0,0.000
mixed-049-2,mixed,seed=0x90cc04bbe445667b;cycles=10;planted=1;d_b=8;m=3;gap=2;k=2,32963168,false,1981130,0.129,34,8,16,0.222,34,8,false,0,0.000
mixed-049-2,mixed,seed=0x90cc04bbe445667b;cycles=10;planted=1;d_b=8;m=3;gap=2;k=2,32963168,false,1981130,0.129,34,8,32,0.294,34,8,true,0,0.000
mixed-049-2,mixed,seed=0x90cc04bbe445667b;cycles=10;planted=1;d_b=8;m=3;gap=2;k=2,32963168,false,1981130,0.129,34,8,64,0.285,34,8,true,0,0.000
mixed-049-2,mixed,seed=0x90cc04bbe445667b;cycles=10;planted=1;d_b=8;m=3;gap=2;k=2,32963168,false,1981130,0.129,34,8,128,0.282,34,8,true,0,0.000
mixed-049-2,mixed,seed=0x90cc04bbe445667b;cycles=10;planted=1;d_b=8;m=3;gap=2;k=2,32963168,false,1981130,0.129,34,8,256,0.276,34,8,true,0,0.000
mixed-049-2,mixed,seed=0x90cc04bbe445667b;cycles=10;planted=1;d_b=8;m=3;gap=2;k=2,32963168,false,1981130,0.129,34,8,512,0.274,34,8,true,0,0.000
mixed-049-2,mixed,seed=0x90cc04bbe445667b;cycles=10;planted=1;d_b=8;m=3;gap=2;k=2,32963168,false,1981130,0.129,34,8,1024,0.271,34,8,true,0,0.000
mixed-049-2,mixed,seed=0x90cc04bbe445667b;cycles=10;planted=1;d_b=8;m=3;gap=2;k=2,32963168,false,1981130,0.129,34,8,2048,0.274,34,8,true,0,0.000
mixed-049-2,mixed,seed=0x90cc04bbe445667b;cycles=10;planted=1;d_b=8;m=3;gap=2;k=2,32963168,false,1981130,0.129,34,8,4096,0.317,34,8,true,0,0.000
mixed-049-2,mixed,seed=0x90cc04bbe445667b;cycles=10;planted=1;d_b=8;m=3;gap=2;k=2,32963168,false,1981130,0.129,34,8,8192,0.271,34,8,true,0,0.000
mixed-049-2,mixed,seed=0x90cc04bbe445667b;cycles=10;planted=1;d_b=8;m=3;gap=2;k=2,32963168,false,1981130,0.129,34,8,16384,0.270,34,8,true,0,0.000
dec-150,dec,d_b=12;m=9;gap=1;k=1;q=7;s=49,24,false,26,0.176,98,2,1,0.030,99,98,false,0,0.000
dec-150,dec,d_b=12;m=9;gap=1;k=1;q=7;s=49,24,false,26,0.176,98,2,2,0.052,99,98,false,0,0.000
dec-150,dec,d_b=12;m=9;gap=1;k=1;q=7;s=49,24,false,26,0.176,98,2,4,0.076,99,98,false,0,0.000
dec-150,dec,d_b=12;m=9;gap=1;k=1;q=7;s=49,24,false,26,0.176,98,2,8,0.125,99,98,false,0,0.000
dec-150,dec,d_b=12;m=9;gap=1;k=1;q=7;s=49,24,false,26,0.176,98,2,16,0.204,98,2,false,0,0.000
dec-150,dec,d_b=12;m=9;gap=1;k=1;q=7;s=49,24,false,26,0.176,98,2,32,0.260,98,2,true,0,0.000
dec-150,dec,d_b=12;m=9;gap=1;k=1;q=7;s=49,24,false,26,0.176,98,2,64,0.259,98,2,true,0,0.000
dec-150,dec,d_b=12;m=9;gap=1;k=1;q=7;s=49,24,false,26,0.176,98,2,128,0.257,98,2,true,0,0.000
dec-150,dec,d_b=12;m=9;gap=1;k=1;q=7;s=49,24,false,26,0.176,98,2,256,0.265,98,2,true,0,0.000
dec-150,dec,d_b=12;m=9;gap=1;k=1;q=7;s=49,24,false,26,0.176,98,2,512,0.251,98,2,true,0,0.000
dec-150,dec,d_b=12;m=9;gap=1;k=1;q=7;s=49,24,false,26,0.176,98,2,1024,0.255,98,2,true,0,0.000
dec-150,dec,d_b=12;m=9;gap=1;k=1;q=7;s=49,24,false,26,0.176,98,2,2048,0.252,98,2,true,0,0.000
dec-150,dec,d_b=12;m=9;gap=1;k=1;q=7;s=49,24,false,26,0.176,98,2,4096,0.252,98,2,true,0,0.000
dec-150,dec,d_b=12;m=9;gap=1;k=1;q=7;s=49,24,false,26,0.176,98,2,8192,0.268,98,2,true,0,0.000
dec-150,dec,d_b=12;m=9;gap=1;k=1;q=7;s=49,24,false,26,0.176,98,2,16384,0.263,98,2,true,0,0.000
mixed-050-0,mixed,seed=0x617669b11fbd2581;cycles=10;planted=1;d_b=12;m=2;gap=6;k=4,48651431,true,2989056,0.227,49,8,1,0.154,56,26,false,0,0.000
mixed-050-0,mixed,seed=0x617669b11fbd2581;cycles=10;planted=1;d_b=12;m=2;gap=6;k=4,48651431,true,2989056,0.227,49,8,2,0.188,56,26,false,0,0.000
mixed-050-0,mixed,seed=0x617669b11fbd2581;cycles=10;planted=1;d_b=12;m=2;gap=6;k=4,48651431,true,2989056,0.227,49,8,4,0.179,56,26,false,0,0.000
mixed-050-0,mixed,seed=0x617669b11fbd2581;cycles=10;planted=1;d_b=12;m=2;gap=6;k=4,48651431,true,2989056,0.227,49,8,8,0.254,56,26,false,0,0.000
mixed-050-0,mixed,seed=0x617669b11fbd2581;cycles=10;planted=1;d_b=12;m=2;gap=6;k=4,48651431,true,2989056,0.227,49,8,16,0.393,56,26,false,0,0.000
mixed-050-0,mixed,seed=0x617669b11fbd2581;cycles=10;planted=1;d_b=12;m=2;gap=6;k=4,48651431,true,2989056,0.227,49,8,32,0.713,49,8,false,0,0.000
mixed-050-0,mixed,seed=0x617669b11fbd2581;cycles=10;planted=1;d_b=12;m=2;gap=6;k=4,48651431,true,2989056,0.227,49,8,64,0.909,49,8,true,0,0.000
mixed-050-0,mixed,seed=0x617669b11fbd2581;cycles=10;planted=1;d_b=12;m=2;gap=6;k=4,48651431,true,2989056,0.227,49,8,128,0.921,49,8,true,0,0.000
mixed-050-0,mixed,seed=0x617669b11fbd2581;cycles=10;planted=1;d_b=12;m=2;gap=6;k=4,48651431,true,2989056,0.227,49,8,256,0.891,49,8,true,0,0.000
mixed-050-0,mixed,seed=0x617669b11fbd2581;cycles=10;planted=1;d_b=12;m=2;gap=6;k=4,48651431,true,2989056,0.227,49,8,512,0.917,49,8,true,0,0.000
mixed-050-0,mixed,seed=0x617669b11fbd2581;cycles=10;planted=1;d_b=12;m=2;gap=6;k=4,48651431,true,2989056,0.227,49,8,1024,0.884,49,8,true,0,0.000
mixed-050-0,mixed,seed=0x617669b11fbd2581;cycles=10;planted=1;d_b=12;m=2;gap=6;k=4,48651431,true,2989056,0.227,49,8,2048,0.893,49,8,true,0,0.000
mixed-050-0,mixed,seed=0x617669b11fbd2581;cycles=10;planted=1;d_b=12;m=2;gap=6;k=4,48651431,true,2989056,0.227,49,8,4096,0.885,49,8,true,0,0.000
mixed-050-0,mixed,seed=0x617669b11fbd2581;cycles=10;planted=1;d_b=12;m=2;gap=6;k=4,48651431,true,2989056,0.227,49,8,8192,0.891,49,8,true,0,0.000
mixed-050-0,mixed,seed=0x617669b11fbd2581;cycles=10;planted=1;d_b=12;m=2;gap=6;k=4,48651431,true,2989056,0.227,49,8,16384,0.878,49,8,true,0,0.000
dec-151,dec,d_b=12;m=9;gap=1;k=2;q=7;s=49,36,false,38,0.287,98,2,1,0.032,99,98,false,0,0.000
dec-151,dec,d_b=12;m=9;gap=1;k=2;q=7;s=49,36,false,38,0.287,98,2,2,0.051,99,98,false,0,0.000
dec-151,dec,d_b=12;m=9;gap=1;k=2;q=7;s=49,36,false,38,0.287,98,2,4,0.077,99,98,false,0,0.000
dec-151,dec,d_b=12;m=9;gap=1;k=2;q=7;s=49,36,false,38,0.287,98,2,8,0.140,99,98,false,0,0.000
dec-151,dec,d_b=12;m=9;gap=1;k=2;q=7;s=49,36,false,38,0.287,98,2,16,0.256,99,98,false,0,0.000
dec-151,dec,d_b=12;m=9;gap=1;k=2;q=7;s=49,36,false,38,0.287,98,2,32,0.375,98,2,true,0,0.000
dec-151,dec,d_b=12;m=9;gap=1;k=2;q=7;s=49,36,false,38,0.287,98,2,64,0.371,98,2,true,0,0.000
dec-151,dec,d_b=12;m=9;gap=1;k=2;q=7;s=49,36,false,38,0.287,98,2,128,0.362,98,2,true,0,0.000
dec-151,dec,d_b=12;m=9;gap=1;k=2;q=7;s=49,36,false,38,0.287,98,2,256,0.366,98,2,true,0,0.000
dec-151,dec,d_b=12;m=9;gap=1;k=2;q=7;s=49,36,false,38,0.287,98,2,512,0.361,98,2,true,0,0.000
dec-151,dec,d_b=12;m=9;gap=1;k=2;q=7;s=49,36,false,38,0.287,98,2,1024,0.365,98,2,true,0,0.000
dec-151,dec,d_b=12;m=9;gap=1;k=2;q=7;s=49,36,false,38,0.287,98,2,2048,0.368,98,2,true,0,0.000
dec-151,dec,d_b=12;m=9;gap=1;k=2;q=7;s=49,36,false,38,0.287,98,2,4096,0.400,98,2,true,0,0.000
dec-151,dec,d_b=12;m=9;gap=1;k=2;q=7;s=49,36,false,38,0.287,98,2,8192,0.369,98,2,true,0,0.000
dec-151,dec,d_b=12;m=9;gap=1;k=2;q=7;s=49,36,false,38,0.287,98,2,16384,0.380,98,2,true,0,0.000
mixed-050-1,mixed,seed=0x03d28bac925590c7;cycles=10;planted=1;d_b=12;m=2;gap=6;k=4,32963201,false,1981196,0.189,37,6,1,0.125,44,24,false,0,0.000
mixed-050-1,mixed,seed=0x03d28bac925590c7;cycles=10;planted=1;d_b=12;m=2;gap=6;k=4,32963201,false,1981196,0.189,37,6,2,0.149,44,24,false,0,0.000
mixed-050-1,mixed,seed=0x03d28bac925590c7;cycles=10;planted=1;d_b=12;m=2;gap=6;k=4,32963201,false,1981196,0.189,37,6,4,0.220,44,24,false,0,0.000
mixed-050-1,mixed,seed=0x03d28bac925590c7;cycles=10;planted=1;d_b=12;m=2;gap=6;k=4,32963201,false,1981196,0.189,37,6,8,0.276,44,24,false,0,0.000
mixed-050-1,mixed,seed=0x03d28bac925590c7;cycles=10;planted=1;d_b=12;m=2;gap=6;k=4,32963201,false,1981196,0.189,37,6,16,0.459,44,24,false,0,0.000
mixed-050-1,mixed,seed=0x03d28bac925590c7;cycles=10;planted=1;d_b=12;m=2;gap=6;k=4,32963201,false,1981196,0.189,37,6,32,0.802,37,6,false,0,0.000
mixed-050-1,mixed,seed=0x03d28bac925590c7;cycles=10;planted=1;d_b=12;m=2;gap=6;k=4,32963201,false,1981196,0.189,37,6,64,0.865,37,6,true,0,0.000
mixed-050-1,mixed,seed=0x03d28bac925590c7;cycles=10;planted=1;d_b=12;m=2;gap=6;k=4,32963201,false,1981196,0.189,37,6,128,0.853,37,6,true,0,0.000
mixed-050-1,mixed,seed=0x03d28bac925590c7;cycles=10;planted=1;d_b=12;m=2;gap=6;k=4,32963201,false,1981196,0.189,37,6,256,0.854,37,6,true,0,0.000
mixed-050-1,mixed,seed=0x03d28bac925590c7;cycles=10;planted=1;d_b=12;m=2;gap=6;k=4,32963201,false,1981196,0.189,37,6,512,0.838,37,6,true,0,0.000
mixed-050-1,mixed,seed=0x03d28bac925590c7;cycles=10;planted=1;d_b=12;m=2;gap=6;k=4,32963201,false,1981196,0.189,37,6,1024,0.835,37,6,true,0,0.000
mixed-050-1,mixed,seed=0x03d28bac925590c7;cycles=10;planted=1;d_b=12;m=2;gap=6;k=4,32963201,false,1981196,0.189,37,6,2048,0.826,37,6,true,0,0.000
mixed-050-1,mixed,seed=0x03d28bac925590c7;cycles=10;planted=1;d_b=12;m=2;gap=6;k=4,32963201,false,1981196,0.189,37,6,4096,0.821,37,6,true,0,0.000
mixed-050-1,mixed,seed=0x03d28bac925590c7;cycles=10;planted=1;d_b=12;m=2;gap=6;k=4,32963201,false,1981196,0.189,37,6,8192,0.831,37,6,true,0,0.000
mixed-050-1,mixed,seed=0x03d28bac925590c7;cycles=10;planted=1;d_b=12;m=2;gap=6;k=4,32963201,false,1981196,0.189,37,6,16384,0.897,37,6,true,0,0.000
dec-152,dec,d_b=12;m=9;gap=1;k=4;q=7;s=49,60,false,62,0.508,98,2,1,0.037,99,98,false,0,0.000
dec-152,dec,d_b=12;m=9;gap=1;k=4;q=7;s=49,60,false,62,0.508,98,2,2,0.055,99,98,false,0,0.000
dec-152,dec,d_b=12;m=9;gap=1;k=4;q=7;s=49,60,false,62,0.508,98,2,4,0.088,99,98,false,0,0.000
dec-152,dec,d_b=12;m=9;gap=1;k=4;q=7;s=49,60,false,62,0.508,98,2,8,0.150,99,98,false,0,0.000
dec-152,dec,d_b=12;m=9;gap=1;k=4;q=7;s=49,60,false,62,0.508,98,2,16,0.269,99,98,false,0,0.000
dec-152,dec,d_b=12;m=9;gap=1;k=4;q=7;s=49,60,false,62,0.508,98,2,32,0.525,98,2,false,0,0.000
dec-152,dec,d_b=12;m=9;gap=1;k=4;q=7;s=49,60,false,62,0.508,98,2,64,0.594,98,2,true,0,0.000
dec-152,dec,d_b=12;m=9;gap=1;k=4;q=7;s=49,60,false,62,0.508,98,2,128,0.588,98,2,true,0,0.000
dec-152,dec,d_b=12;m=9;gap=1;k=4;q=7;s=49,60,false,62,0.508,98,2,256,0.595,98,2,true,0,0.000
dec-152,dec,d_b=12;m=9;gap=1;k=4;q=7;s=49,60,false,62,0.508,98,2,512,0.583,98,2,true,0,0.000
dec-152,dec,d_b=12;m=9;gap=1;k=4;q=7;s=49,60,false,62,0.508,98,2,1024,0.588,98,2,true,0,0.000
dec-152,dec,d_b=12;m=9;gap=1;k=4;q=7;s=49,60,false,62,0.508,98,2,2048,0.578,98,2,true,0,0.000
dec-152,dec,d_b=12;m=9;gap=1;k=4;q=7;s=49,60,false,62,0.508,98,2,4096,0.583,98,2,true,0,0.000
dec-152,dec,d_b=12;m=9;gap=1;k=4;q=7;s=49,60,false,62,0.508,98,2,8192,0.577,98,2,true,0,0.000
dec-152,dec,d_b=12;m=9;gap=1;k=4;q=7;s=49,60,false,62,0.508,98,2,16384,0.585,98,2,true,0,0.000
mixed-050-2,mixed,seed=0x556dd73d8b6b8b85;cycles=10;planted=1;d_b=12;m=2;gap=6;k=4,32963200,false,1981153,0.131,21,6,1,0.056,28,24,false,0,0.000
mixed-050-2,mixed,seed=0x556dd73d8b6b8b85;cycles=10;planted=1;d_b=12;m=2;gap=6;k=4,32963200,false,1981153,0.131,21,6,2,0.059,28,24,false,0,0.000
mixed-050-2,mixed,seed=0x556dd73d8b6b8b85;cycles=10;planted=1;d_b=12;m=2;gap=6;k=4,32963200,false,1981153,0.131,21,6,4,0.054,28,24,false,0,0.000
mixed-050-2,mixed,seed=0x556dd73d8b6b8b85;cycles=10;planted=1;d_b=12;m=2;gap=6;k=4,32963200,false,1981153,0.131,21,6,8,0.083,28,24,false,0,0.000
mixed-050-2,mixed,seed=0x556dd73d8b6b8b85;cycles=10;planted=1;d_b=12;m=2;gap=6;k=4,32963200,false,1981153,0.131,21,6,16,0.123,28,24,false,0,0.000
mixed-050-2,mixed,seed=0x556dd73d8b6b8b85;cycles=10;planted=1;d_b=12;m=2;gap=6;k=4,32963200,false,1981153,0.131,21,6,32,0.235,21,6,true,0,0.000
mixed-050-2,mixed,seed=0x556dd73d8b6b8b85;cycles=10;planted=1;d_b=12;m=2;gap=6;k=4,32963200,false,1981153,0.131,21,6,64,0.231,21,6,true,0,0.000
mixed-050-2,mixed,seed=0x556dd73d8b6b8b85;cycles=10;planted=1;d_b=12;m=2;gap=6;k=4,32963200,false,1981153,0.131,21,6,128,0.225,21,6,true,0,0.000
mixed-050-2,mixed,seed=0x556dd73d8b6b8b85;cycles=10;planted=1;d_b=12;m=2;gap=6;k=4,32963200,false,1981153,0.131,21,6,256,0.221,21,6,true,0,0.000
mixed-050-2,mixed,seed=0x556dd73d8b6b8b85;cycles=10;planted=1;d_b=12;m=2;gap=6;k=4,32963200,false,1981153,0.131,21,6,512,0.224,21,6,true,0,0.000
mixed-050-2,mixed,seed=0x556dd73d8b6b8b85;cycles=10;planted=1;d_b=12;m=2;gap=6;k=4,32963200,false,1981153,0.131,21,6,1024,0.259,21,6,true,0,0.000
mixed-050-2,mixed,seed=0x556dd73d8b6b8b85;cycles=10;planted=1;d_b=12;m=2;gap=6;k=4,32963200,false,1981153,0.131,21,6,2048,0.254,21,6,true,0,0.000
mixed-050-2,mixed,seed=0x556dd73d8b6b8b85;cycles=10;planted=1;d_b=12;m=2;gap=6;k=4,32963200,false,1981153,0.131,21,6,4096,0.217,21,6,true,0,0.000
mixed-050-2,mixed,seed=0x556dd73d8b6b8b85;cycles=10;planted=1;d_b=12;m=2;gap=6;k=4,32963200,false,1981153,0.131,21,6,8192,0.217,21,6,true,0,0.000
mixed-050-2,mixed,seed=0x556dd73d8b6b8b85;cycles=10;planted=1;d_b=12;m=2;gap=6;k=4,32963200,false,1981153,0.131,21,6,16384,0.215,21,6,true,0,0.000
dec-153,dec,d_b=12;m=9;gap=3;k=1;q=7;s=50,24,false,26,0.171,98,2,1,0.036,101,100,false,0,0.000
dec-153,dec,d_b=12;m=9;gap=3;k=1;q=7;s=50,24,false,26,0.171,98,2,2,0.052,101,100,false,0,0.000
dec-153,dec,d_b=12;m=9;gap=3;k=1;q=7;s=50,24,false,26,0.171,98,2,4,0.078,101,100,false,0,0.000
dec-153,dec,d_b=12;m=9;gap=3;k=1;q=7;s=50,24,false,26,0.171,98,2,8,0.127,101,100,false,0,0.000
dec-153,dec,d_b=12;m=9;gap=3;k=1;q=7;s=50,24,false,26,0.171,98,2,16,0.207,98,2,false,0,0.000
dec-153,dec,d_b=12;m=9;gap=3;k=1;q=7;s=50,24,false,26,0.171,98,2,32,0.283,98,2,true,0,0.000
dec-153,dec,d_b=12;m=9;gap=3;k=1;q=7;s=50,24,false,26,0.171,98,2,64,0.284,98,2,true,0,0.000
dec-153,dec,d_b=12;m=9;gap=3;k=1;q=7;s=50,24,false,26,0.171,98,2,128,0.267,98,2,true,0,0.000
dec-153,dec,d_b=12;m=9;gap=3;k=1;q=7;s=50,24,false,26,0.171,98,2,256,0.279,98,2,true,0,0.000
dec-153,dec,d_b=12;m=9;gap=3;k=1;q=7;s=50,24,false,26,0.171,98,2,512,0.263,98,2,true,0,0.000
dec-153,dec,d_b=12;m=9;gap=3;k=1;q=7;s=50,24,false,26,0.171,98,2,1024,0.276,98,2,true,0,0.000
dec-153,dec,d_b=12;m=9;gap=3;k=1;q=7;s=50,24,false,26,0.171,98,2,2048,0.257,98,2,true,0,0.000
dec-153,dec,d_b=12;m=9;gap=3;k=1;q=7;s=50,24,false,26,0.171,98,2,4096,0.258,98,2,true,0,0.000
dec-153,dec,d_b=12;m=9;gap=3;k=1;q=7;s=50,24,false,26,0.171,98,2,8192,0.256,98,2,true,0,0.000
dec-153,dec,d_b=12;m=9;gap=3;k=1;q=7;s=50,24,false,26,0.171,98,2,16384,0.258,98,2,true,0,0.000
mixed-051-0,mixed,seed=0x4607bb0a0f29634f;cycles=10;planted=1;d_b=16;m=5;gap=2;k=1,32963176,false,1981168,0.251,89,6,1,0.128,92,72,false,0,0.000
mixed-051-0,mixed,seed=0x4607bb0a0f29634f;cycles=10;planted=1;d_b=16;m=5;gap=2;k=1,32963176,false,1981168,0.251,89,6,2,0.158,92,72,false,0,0.000
mixed-051-0,mixed,seed=0x4607bb0a0f29634f;cycles=10;planted=1;d_b=16;m=5;gap=2;k=1,32963176,false,1981168,0.251,89,6,4,0.198,92,72,false,0,0.000
mixed-051-0,mixed,seed=0x4607bb0a0f29634f;cycles=10;planted=1;d_b=16;m=5;gap=2;k=1,32963176,false,1981168,0.251,89,6,8,0.245,92,72,false,0,0.000
mixed-051-0,mixed,seed=0x4607bb0a0f29634f;cycles=10;planted=1;d_b=16;m=5;gap=2;k=1,32963176,false,1981168,0.251,89,6,16,0.378,92,72,false,0,0.000
mixed-051-0,mixed,seed=0x4607bb0a0f29634f;cycles=10;planted=1;d_b=16;m=5;gap=2;k=1,32963176,false,1981168,0.251,89,6,32,0.722,89,6,false,0,0.000
mixed-051-0,mixed,seed=0x4607bb0a0f29634f;cycles=10;planted=1;d_b=16;m=5;gap=2;k=1,32963176,false,1981168,0.251,89,6,64,0.808,89,6,true,0,0.000
mixed-051-0,mixed,seed=0x4607bb0a0f29634f;cycles=10;planted=1;d_b=16;m=5;gap=2;k=1,32963176,false,1981168,0.251,89,6,128,0.775,89,6,true,0,0.000
mixed-051-0,mixed,seed=0x4607bb0a0f29634f;cycles=10;planted=1;d_b=16;m=5;gap=2;k=1,32963176,false,1981168,0.251,89,6,256,0.775,89,6,true,0,0.000
mixed-051-0,mixed,seed=0x4607bb0a0f29634f;cycles=10;planted=1;d_b=16;m=5;gap=2;k=1,32963176,false,1981168,0.251,89,6,512,0.778,89,6,true,0,0.000
mixed-051-0,mixed,seed=0x4607bb0a0f29634f;cycles=10;planted=1;d_b=16;m=5;gap=2;k=1,32963176,false,1981168,0.251,89,6,1024,0.775,89,6,true,0,0.000
mixed-051-0,mixed,seed=0x4607bb0a0f29634f;cycles=10;planted=1;d_b=16;m=5;gap=2;k=1,32963176,false,1981168,0.251,89,6,2048,0.767,89,6,true,0,0.000
mixed-051-0,mixed,seed=0x4607bb0a0f29634f;cycles=10;planted=1;d_b=16;m=5;gap=2;k=1,32963176,false,1981168,0.251,89,6,4096,0.763,89,6,true,0,0.000
mixed-051-0,mixed,seed=0x4607bb0a0f29634f;cycles=10;planted=1;d_b=16;m=5;gap=2;k=1,32963176,false,1981168,0.251,89,6,8192,0.755,89,6,true,0,0.000
mixed-051-0,mixed,seed=0x4607bb0a0f29634f;cycles=10;planted=1;d_b=16;m=5;gap=2;k=1,32963176,false,1981168,0.251,89,6,16384,0.773,89,6,true,0,0.000
dec-154,dec,d_b=12;m=9;gap=3;k=2;q=7;s=50,36,false,38,0.283,98,2,1,0.033,101,100,false,0,0.000
dec-154,dec,d_b=12;m=9;gap=3;k=2;q=7;s=50,36,false,38,0.283,98,2,2,0.052,101,100,false,0,0.000
dec-154,dec,d_b=12;m=9;gap=3;k=2;q=7;s=50,36,false,38,0.283,98,2,4,0.076,101,100,false,0,0.000
dec-154,dec,d_b=12;m=9;gap=3;k=2;q=7;s=50,36,false,38,0.283,98,2,8,0.140,101,100,false,0,0.000
dec-154,dec,d_b=12;m=9;gap=3;k=2;q=7;s=50,36,false,38,0.283,98,2,16,0.263,101,100,false,0,0.000
dec-154,dec,d_b=12;m=9;gap=3;k=2;q=7;s=50,36,false,38,0.283,98,2,32,0.377,98,2,true,0,0.000
dec-154,dec,d_b=12;m=9;gap=3;k=2;q=7;s=50,36,false,38,0.283,98,2,64,0.368,98,2,true,0,0.000
dec-154,dec,d_b=12;m=9;gap=3;k=2;q=7;s=50,36,false,38,0.283,98,2,128,0.366,98,2,true,0,0.000
dec-154,dec,d_b=12;m=9;gap=3;k=2;q=7;s=50,36,false,38,0.283,98,2,256,0.362,98,2,true,0,0.000
dec-154,dec,d_b=12;m=9;gap=3;k=2;q=7;s=50,36,false,38,0.283,98,2,512,0.363,98,2,true,0,0.000
dec-154,dec,d_b=12;m=9;gap=3;k=2;q=7;s=50,36,false,38,0.283,98,2,1024,0.370,98,2,true,0,0.000
dec-154,dec,d_b=12;m=9;gap=3;k=2;q=7;s=50,36,false,38,0.283,98,2,2048,0.362,98,2,true,0,0.000
dec-154,dec,d_b=12;m=9;gap=3;k=2;q=7;s=50,36,false,38,0.283,98,2,4096,0.360,98,2,true,0,0.000
dec-154,dec,d_b=12;m=9;gap=3;k=2;q=7;s=50,36,false,38,0.283,98,2,8192,0.361,98,2,true,0,0.000
dec-154,dec,d_b=12;m=9;gap=3;k=2;q=7;s=50,36,false,38,0.283,98,2,16384,0.356,98,2,true,0,0.000
mixed-051-1,mixed,seed=0x0eaec03ffe00c03c;cycles=10;planted=1;d_b=16;m=5;gap=2;k=1,33,false,35,0.157,67,2,1,0.035,70,68,false,0,0.000
mixed-051-1,mixed,seed=0x0eaec03ffe00c03c;cycles=10;planted=1;d_b=16;m=5;gap=2;k=1,33,false,35,0.157,67,2,2,0.027,70,68,false,0,0.000
mixed-051-1,mixed,seed=0x0eaec03ffe00c03c;cycles=10;planted=1;d_b=16;m=5;gap=2;k=1,33,false,35,0.157,67,2,4,0.047,70,68,false,0,0.000
mixed-051-1,mixed,seed=0x0eaec03ffe00c03c;cycles=10;planted=1;d_b=16;m=5;gap=2;k=1,33,false,35,0.157,67,2,8,0.088,70,68,false,0,0.000
mixed-051-1,mixed,seed=0x0eaec03ffe00c03c;cycles=10;planted=1;d_b=16;m=5;gap=2;k=1,33,false,35,0.157,67,2,16,0.162,70,68,false,0,0.000
mixed-051-1,mixed,seed=0x0eaec03ffe00c03c;cycles=10;planted=1;d_b=16;m=5;gap=2;k=1,33,false,35,0.157,67,2,32,0.299,67,2,true,0,0.000
mixed-051-1,mixed,seed=0x0eaec03ffe00c03c;cycles=10;planted=1;d_b=16;m=5;gap=2;k=1,33,false,35,0.157,67,2,64,0.298,67,2,true,0,0.000
mixed-051-1,mixed,seed=0x0eaec03ffe00c03c;cycles=10;planted=1;d_b=16;m=5;gap=2;k=1,33,false,35,0.157,67,2,128,0.293,67,2,true,0,0.000
mixed-051-1,mixed,seed=0x0eaec03ffe00c03c;cycles=10;planted=1;d_b=16;m=5;gap=2;k=1,33,false,35,0.157,67,2,256,0.291,67,2,true,0,0.000
mixed-051-1,mixed,seed=0x0eaec03ffe00c03c;cycles=10;planted=1;d_b=16;m=5;gap=2;k=1,33,false,35,0.157,67,2,512,0.291,67,2,true,0,0.000
mixed-051-1,mixed,seed=0x0eaec03ffe00c03c;cycles=10;planted=1;d_b=16;m=5;gap=2;k=1,33,false,35,0.157,67,2,1024,0.289,67,2,true,0,0.000
mixed-051-1,mixed,seed=0x0eaec03ffe00c03c;cycles=10;planted=1;d_b=16;m=5;gap=2;k=1,33,false,35,0.157,67,2,2048,0.290,67,2,true,0,0.000
mixed-051-1,mixed,seed=0x0eaec03ffe00c03c;cycles=10;planted=1;d_b=16;m=5;gap=2;k=1,33,false,35,0.157,67,2,4096,0.286,67,2,true,0,0.000
mixed-051-1,mixed,seed=0x0eaec03ffe00c03c;cycles=10;planted=1;d_b=16;m=5;gap=2;k=1,33,false,35,0.157,67,2,8192,0.320,67,2,true,0,0.000
mixed-051-1,mixed,seed=0x0eaec03ffe00c03c;cycles=10;planted=1;d_b=16;m=5;gap=2;k=1,33,false,35,0.157,67,2,16384,0.287,67,2,true,0,0.000
dec-155,dec,d_b=12;m=9;gap=3;k=4;q=7;s=50,60,false,62,0.484,98,2,1,0.040,101,100,false,0,0.000
dec-155,dec,d_b=12;m=9;gap=3;k=4;q=7;s=50,60,false,62,0.484,98,2,2,0.055,101,100,false,0,0.000
dec-155,dec,d_b=12;m=9;gap=3;k=4;q=7;s=50,60,false,62,0.484,98,2,4,0.090,101,100,false,0,0.000
dec-155,dec,d_b=12;m=9;gap=3;k=4;q=7;s=50,60,false,62,0.484,98,2,8,0.151,101,100,false,0,0.000
dec-155,dec,d_b=12;m=9;gap=3;k=4;q=7;s=50,60,false,62,0.484,98,2,16,0.269,101,100,false,0,0.000
dec-155,dec,d_b=12;m=9;gap=3;k=4;q=7;s=50,60,false,62,0.484,98,2,32,0.529,98,2,false,0,0.000
dec-155,dec,d_b=12;m=9;gap=3;k=4;q=7;s=50,60,false,62,0.484,98,2,64,0.599,98,2,true,0,0.000
dec-155,dec,d_b=12;m=9;gap=3;k=4;q=7;s=50,60,false,62,0.484,98,2,128,0.595,98,2,true,0,0.000
dec-155,dec,d_b=12;m=9;gap=3;k=4;q=7;s=50,60,false,62,0.484,98,2,256,0.617,98,2,true,0,0.000
dec-155,dec,d_b=12;m=9;gap=3;k=4;q=7;s=50,60,false,62,0.484,98,2,512,0.625,98,2,true,0,0.000
dec-155,dec,d_b=12;m=9;gap=3;k=4;q=7;s=50,60,false,62,0.484,98,2,1024,0.607,98,2,true,0,0.000
dec-155,dec,d_b=12;m=9;gap=3;k=4;q=7;s=50,60,false,62,0.484,98,2,2048,0.586,98,2,true,0,0.000
dec-155,dec,d_b=12;m=9;gap=3;k=4;q=7;s=50,60,false,62,0.484,98,2,4096,0.615,98,2,true,0,0.000
dec-155,dec,d_b=12;m=9;gap=3;k=4;q=7;s=50,60,false,62,0.484,98,2,8192,0.583,98,2,true,0,0.000
dec-155,dec,d_b=12;m=9;gap=3;k=4;q=7;s=50,60,false,62,0.484,98,2,16384,0.593,98,2,true,0,0.000
mixed-051-2,mixed,seed=0x585ccf9b261fb100;cycles=10;planted=1;d_b=16;m=5;gap=2;k=1,49166174,true,3015680,0.295,90,6,1,0.221,93,72,false,0,0.000
mixed-051-2,mixed,seed=0x585ccf9b261fb100;cycles=10;planted=1;d_b=16;m=5;gap=2;k=1,49166174,true,3015680,0.295,90,6,2,0.229,93,72,false,0,0.000
mixed-051-2,mixed,seed=0x585ccf9b261fb100;cycles=10;planted=1;d_b=16;m=5;gap=2;k=1,49166174,true,3015680,0.295,90,6,4,0.269,93,72,false,0,0.000
mixed-051-2,mixed,seed=0x585ccf9b261fb100;cycles=10;planted=1;d_b=16;m=5;gap=2;k=1,49166174,true,3015680,0.295,90,6,8,0.400,93,72,false,0,0.000
mixed-051-2,mixed,seed=0x585ccf9b261fb100;cycles=10;planted=1;d_b=16;m=5;gap=2;k=1,49166174,true,3015680,0.295,90,6,16,0.691,93,72,false,0,0.000
mixed-051-2,mixed,seed=0x585ccf9b261fb100;cycles=10;planted=1;d_b=16;m=5;gap=2;k=1,49166174,true,3015680,0.295,90,6,32,1.255,90,6,false,0,0.000
mixed-051-2,mixed,seed=0x585ccf9b261fb100;cycles=10;planted=1;d_b=16;m=5;gap=2;k=1,49166174,true,3015680,0.295,90,6,64,1.402,90,6,true,0,0.000
mixed-051-2,mixed,seed=0x585ccf9b261fb100;cycles=10;planted=1;d_b=16;m=5;gap=2;k=1,49166174,true,3015680,0.295,90,6,128,1.365,90,6,true,0,0.000
mixed-051-2,mixed,seed=0x585ccf9b261fb100;cycles=10;planted=1;d_b=16;m=5;gap=2;k=1,49166174,true,3015680,0.295,90,6,256,1.405,90,6,true,0,0.000
mixed-051-2,mixed,seed=0x585ccf9b261fb100;cycles=10;planted=1;d_b=16;m=5;gap=2;k=1,49166174,true,3015680,0.295,90,6,512,1.377,90,6,true,0,0.000
mixed-051-2,mixed,seed=0x585ccf9b261fb100;cycles=10;planted=1;d_b=16;m=5;gap=2;k=1,49166174,true,3015680,0.295,90,6,1024,1.365,90,6,true,0,0.000
mixed-051-2,mixed,seed=0x585ccf9b261fb100;cycles=10;planted=1;d_b=16;m=5;gap=2;k=1,49166174,true,3015680,0.295,90,6,2048,1.348,90,6,true,0,0.000
mixed-051-2,mixed,seed=0x585ccf9b261fb100;cycles=10;planted=1;d_b=16;m=5;gap=2;k=1,49166174,true,3015680,0.295,90,6,4096,1.363,90,6,true,0,0.000
mixed-051-2,mixed,seed=0x585ccf9b261fb100;cycles=10;planted=1;d_b=16;m=5;gap=2;k=1,49166174,true,3015680,0.295,90,6,8192,1.380,90,6,true,0,0.000
mixed-051-2,mixed,seed=0x585ccf9b261fb100;cycles=10;planted=1;d_b=16;m=5;gap=2;k=1,49166174,true,3015680,0.295,90,6,16384,1.347,90,6,true,0,0.000
