instance,family,params,sum_a,sum_a_capped,or_states,exact_ms,exact_size,exact_vmass,playouts,mcgs_ms,mcgs_size,mcgs_vmass,certified,hybrid_calls,hybrid_ms
dec-000,dec,d_b=3;m=2;gap=2;k=1;q=0;s=3,6,false,7,0.032,5,2,1,0.028,5,2,true,1,0.013
dec-000,dec,d_b=3;m=2;gap=2;k=1;q=0;s=3,6,false,7,0.032,5,2,2,0.025,5,2,true,1,0.015
dec-000,dec,d_b=3;m=2;gap=2;k=1;q=0;s=3,6,false,7,0.032,5,2,4,0.018,5,2,true,1,0.011
dec-000,dec,d_b=3;m=2;gap=2;k=1;q=0;s=3,6,false,7,0.032,5,2,8,0.020,5,2,true,1,0.013
dec-000,dec,d_b=3;m=2;gap=2;k=1;q=0;s=3,6,false,7,0.032,5,2,16,0.017,5,2,true,1,0.009
dec-000,dec,d_b=3;m=2;gap=2;k=1;q=0;s=3,6,false,7,0.032,5,2,32,0.015,5,2,true,1,0.009
dec-000,dec,d_b=3;m=2;gap=2;k=1;q=0;s=3,6,false,7,0.032,5,2,64,0.013,5,2,true,1,0.008
dec-000,dec,d_b=3;m=2;gap=2;k=1;q=0;s=3,6,false,7,0.032,5,2,128,0.015,5,2,true,1,0.008
dec-000,dec,d_b=3;m=2;gap=2;k=1;q=0;s=3,6,false,7,0.032,5,2,256,0.016,5,2,true,1,0.008
dec-000,dec,d_b=3;m=2;gap=2;k=1;q=0;s=3,6,false,7,0.032,5,2,512,0.025,5,2,true,1,0.014
dec-000,dec,d_b=3;m=2;gap=2;k=1;q=0;s=3,6,false,7,0.032,5,2,1024,0.013,5,2,true,1,0.008
dec-000,dec,d_b=3;m=2;gap=2;k=1;q=0;s=3,6,false,7,0.032,5,2,2048,0.013,5,2,true,1,0.008
dec-000,dec,d_b=3;m=2;gap=2;k=1;q=0;s=3,6,false,7,0.032,5,2,4096,0.017,5,2,true,1,0.010
dec-000,dec,d_b=3;m=2;gap=2;k=1;q=0;s=3,6,false,7,0.032,5,2,8192,0.012,5,2,true,1,0.008
dec-000,dec,d_b=3;m=2;gap=2;k=1;q=0;s=3,6,false,7,0.032,5,2,16384,0.014,5,2,true,1,0.008
mixed-000-0,mixed,seed=0x6831f9b62d8166c8;cycles=6;planted=1;d_b=4;m=2;gap=1;k=2,13989,false,3154,0.068,17,8,1,0.070,17,8,true,1,0.059
mixed-000-0,mixed,seed=0x6831f9b62d8166c8;cycles=6;planted=1;d_b=4;m=2;gap=1;k=2,13989,false,3154,0.068,17,8,2,0.067,17,8,true,1,0.056
mixed-000-0,mixed,seed=0x6831f9b62d8166c8;cycles=6;planted=1;d_b=4;m=2;gap=1;k=2,13989,false,3154,0.068,17,8,4,0.051,17,8,true,1,0.042
mixed-000-0,mixed,seed=0x6831f9b62d8166c8;cycles=6;planted=1;d_b=4;m=2;gap=1;k=2,13989,false,3154,0.068,17,8,8,0.053,17,8,true,1,0.044
mixed-000-0,mixed,seed=0x6831f9b62d8166c8;cycles=6;planted=1;d_b=4;m=2;gap=1;k=2,13989,false,3154,0.068,17,8,16,0.046,17,8,true,1,0.038
mixed-000-0,mixed,seed=0x6831f9b62d8166c8;cycles=6;planted=1;d_b=4;m=2;gap=1;k=2,13989,false,3154,0.068,17,8,32,0.054,17,8,true,1,0.044
mixed-000-0,mixed,seed=0x6831f9b62d8166c8;cycles=6;planted=1;d_b=4;m=2;gap=1;k=2,13989,false,3154,0.068,17,8,64,0.044,17,8,true,1,0.037
mixed-000-0,mixed,seed=0x6831f9b62d8166c8;cycles=6;planted=1;d_b=4;m=2;gap=1;k=2,13989,false,3154,0.068,17,8,128,0.043,17,8,true,1,0.036
mixed-000-0,mixed,seed=0x6831f9b62d8166c8;cycles=6;planted=1;d_b=4;m=2;gap=1;k=2,13989,false,3154,0.068,17,8,256,0.045,17,8,true,1,0.037
mixed-000-0,mixed,seed=0x6831f9b62d8166c8;cycles=6;planted=1;d_b=4;m=2;gap=1;k=2,13989,false,3154,0.068,17,8,512,0.042,17,8,true,1,0.035
mixed-000-0,mixed,seed=0x6831f9b62d8166c8;cycles=6;planted=1;d_b=4;m=2;gap=1;k=2,13989,false,3154,0.068,17,8,1024,0.044,17,8,true,1,0.036
mixed-000-0,mixed,seed=0x6831f9b62d8166c8;cycles=6;planted=1;d_b=4;m=2;gap=1;k=2,13989,false,3154,0.068,17,8,2048,0.043,17,8,true,1,0.035
mixed-000-0,mixed,seed=0x6831f9b62d8166c8;cycles=6;planted=1;d_b=4;m=2;gap=1;k=2,13989,false,3154,0.068,17,8,4096,0.042,17,8,true,1,0.034
mixed-000-0,mixed,seed=0x6831f9b62d8166c8;cycles=6;planted=1;d_b=4;m=2;gap=1;k=2,13989,false,3154,0.068,17,8,8192,0.042,17,8,true,1,0.034
mixed-000-0,mixed,seed=0x6831f9b62d8166c8;cycles=6;planted=1;d_b=4;m=2;gap=1;k=2,13989,false,3154,0.068,17,8,16384,0.042,17,8,true,1,0.034
dec-001,dec,d_b=3;m=2;gap=2;k=2;q=0;s=3,9,false,10,0.015,5,2,1,0.017,5,2,true,1,0.011
dec-001,dec,d_b=3;m=2;gap=2;k=2;q=0;s=3,9,false,10,0.015,5,2,2,0.017,5,2,true,1,0.011
dec-001,dec,d_b=3;m=2;gap=2;k=2;q=0;s=3,9,false,10,0.015,5,2,4,0.018,5,2,true,1,0.011
dec-001,dec,d_b=3;m=2;gap=2;k=2;q=0;s=3,9,false,10,0.015,5,2,8,0.015,5,2,true,1,0.010
dec-001,dec,d_b=3;m=2;gap=2;k=2;q=0;s=3,9,false,10,0.015,5,2,16,0.015,5,2,true,1,0.010
dec-001,dec,d_b=3;m=2;gap=2;k=2;q=0;s=3,9,false,10,0.015,5,2,32,0.015,5,2,true,1,0.010
dec-001,dec,d_b=3;m=2;gap=2;k=2;q=0;s=3,9,false,10,0.015,5,2,64,0.015,5,2,true,1,0.010
dec-001,dec,d_b=3;m=2;gap=2;k=2;q=0;s=3,9,false,10,0.015,5,2,128,0.015,5,2,true,1,0.010
dec-001,dec,d_b=3;m=2;gap=2;k=2;q=0;s=3,9,false,10,0.015,5,2,256,0.015,5,2,true,1,0.010
dec-001,dec,d_b=3;m=2;gap=2;k=2;q=0;s=3,9,false,10,0.015,5,2,512,0.014,5,2,true,1,0.009
dec-001,dec,d_b=3;m=2;gap=2;k=2;q=0;s=3,9,false,10,0.015,5,2,1024,0.015,5,2,true,1,0.010
dec-001,dec,d_b=3;m=2;gap=2;k=2;q=0;s=3,9,false,10,0.015,5,2,2048,0.015,5,2,true,1,0.009
dec-001,dec,d_b=3;m=2;gap=2;k=2;q=0;s=3,9,false,10,0.015,5,2,4096,0.014,5,2,true,1,0.009
dec-001,dec,d_b=3;m=2;gap=2;k=2;q=0;s=3,9,false,10,0.015,5,2,8192,0.015,5,2,true,1,0.009
dec-001,dec,d_b=3;m=2;gap=2;k=2;q=0;s=3,9,false,10,0.015,5,2,16384,0.015,5,2,true,1,0.009
mixed-000-1,mixed,seed=0xda19217c7f37389d;cycles=6;planted=1;d_b=4;m=2;gap=1;k=2,26302,false,5761,0.139,38,6,1,0.150,38,6,true,1,0.116
mixed-000-1,mixed,seed=0xda19217c7f37389d;cycles=6;planted=1;d_b=4;m=2;gap=1;k=2,26302,false,5761,0.139,38,6,2,0.140,38,6,true,1,0.111
mixed-000-1,mixed,seed=0xda19217c7f37389d;cycles=6;planted=1;d_b=4;m=2;gap=1;k=2,26302,false,5761,0.139,38,6,4,0.143,38,6,true,1,0.099
mixed-000-1,mixed,seed=0xda19217c7f37389d;cycles=6;planted=1;d_b=4;m=2;gap=1;k=2,26302,false,5761,0.139,38,6,8,0.125,38,6,true,1,0.100
mixed-000-1,mixed,seed=0xda19217c7f37389d;cycles=6;planted=1;d_b=4;m=2;gap=1;k=2,26302,false,5761,0.139,38,6,16,0.116,38,6,true,1,0.092
mixed-000-1,mixed,seed=0xda19217c7f37389d;cycles=6;planted=1;d_b=4;m=2;gap=1;k=2,26302,false,5761,0.139,38,6,32,0.115,38,6,true,1,0.091
mixed-000-1,mixed,seed=0xda19217c7f37389d;cycles=6;planted=1;d_b=4;m=2;gap=1;k=2,26302,false,5761,0.139,38,6,64,0.114,38,6,true,1,0.091
mixed-000-1,mixed,seed=0xda19217c7f37389d;cycles=6;planted=1;d_b=4;m=2;gap=1;k=2,26302,false,5761,0.139,38,6,128,0.131,38,6,true,1,0.103
mixed-000-1,mixed,seed=0xda19217c7f37389d;cycles=6;planted=1;d_b=4;m=2;gap=1;k=2,26302,false,5761,0.139,38,6,256,0.113,38,6,true,1,0.091
mixed-000-1,mixed,seed=0xda19217c7f37389d;cycles=6;planted=1;d_b=4;m=2;gap=1;k=2,26302,false,5761,0.139,38,6,512,0.118,38,6,true,1,0.093
mixed-000-1,mixed,seed=0xda19217c7f37389d;cycles=6;planted=1;d_b=4;m=2;gap=1;k=2,26302,false,5761,0.139,38,6,1024,0.111,38,6,true,1,0.089
mixed-000-1,mixed,seed=0xda19217c7f37389d;cycles=6;planted=1;d_b=4;m=2;gap=1;k=2,26302,false,5761,0.139,38,6,2048,0.113,38,6,true,1,0.090
mixed-000-1,mixed,seed=0xda19217c7f37389d;cycles=6;planted=1;d_b=4;m=2;gap=1;k=2,26302,false,5761,0.139,38,6,4096,0.110,38,6,true,1,0.087
mixed-000-1,mixed,seed=0xda19217c7f37389d;cycles=6;planted=1;d_b=4;m=2;gap=1;k=2,26302,false,5761,0.139,38,6,8192,0.112,38,6,true,1,0.089
mixed-000-1,mixed,seed=0xda19217c7f37389d;cycles=6;planted=1;d_b=4;m=2;gap=1;k=2,26302,false,5761,0.139,38,6,16384,0.112,38,6,true,1,0.089
dec-002,dec,d_b=3;m=2;gap=2;k=4;q=0;s=3,15,false,16,0.021,5,2,1,0.035,5,2,true,1,0.022
dec-002,dec,d_b=3;m=2;gap=2;k=4;q=0;s=3,15,false,16,0.021,5,2,2,0.024,5,2,true,1,0.017
dec-002,dec,d_b=3;m=2;gap=2;k=4;q=0;s=3,15,false,16,0.021,5,2,4,0.021,5,2,true,1,0.015
dec-002,dec,d_b=3;m=2;gap=2;k=4;q=0;s=3,15,false,16,0.021,5,2,8,0.021,5,2,true,1,0.015
dec-002,dec,d_b=3;m=2;gap=2;k=4;q=0;s=3,15,false,16,0.021,5,2,16,0.020,5,2,true,1,0.014
dec-002,dec,d_b=3;m=2;gap=2;k=4;q=0;s=3,15,false,16,0.021,5,2,32,0.020,5,2,true,1,0.015
dec-002,dec,d_b=3;m=2;gap=2;k=4;q=0;s=3,15,false,16,0.021,5,2,64,0.020,5,2,true,1,0.014
dec-002,dec,d_b=3;m=2;gap=2;k=4;q=0;s=3,15,false,16,0.021,5,2,128,0.020,5,2,true,1,0.014
dec-002,dec,d_b=3;m=2;gap=2;k=4;q=0;s=3,15,false,16,0.021,5,2,256,0.019,5,2,true,1,0.014
dec-002,dec,d_b=3;m=2;gap=2;k=4;q=0;s=3,15,false,16,0.021,5,2,512,0.020,5,2,true,1,0.014
dec-002,dec,d_b=3;m=2;gap=2;k=4;q=0;s=3,15,false,16,0.021,5,2,1024,0.019,5,2,true,1,0.014
dec-002,dec,d_b=3;m=2;gap=2;k=4;q=0;s=3,15,false,16,0.021,5,2,2048,0.024,5,2,true,1,0.017
dec-002,dec,d_b=3;m=2;gap=2;k=4;q=0;s=3,15,false,16,0.021,5,2,4096,0.023,5,2,true,1,0.017
dec-002,dec,d_b=3;m=2;gap=2;k=4;q=0;s=3,15,false,16,0.021,5,2,8192,0.019,5,2,true,1,0.014
dec-002,dec,d_b=3;m=2;gap=2;k=4;q=0;s=3,15,false,16,0.021,5,2,16384,0.021,5,2,true,1,0.015
mixed-000-2,mixed,seed=0x4c32cce1c3051888;cycles=6;planted=1;d_b=4;m=2;gap=1;k=2,47124,false,9184,0.146,35,10,1,0.197,35,10,true,2,0.120
mixed-000-2,mixed,seed=0x4c32cce1c3051888;cycles=6;planted=1;d_b=4;m=2;gap=1;k=2,47124,false,9184,0.146,35,10,2,0.200,35,10,true,2,0.124
mixed-000-2,mixed,seed=0x4c32cce1c3051888;cycles=6;planted=1;d_b=4;m=2;gap=1;k=2,47124,false,9184,0.146,35,10,4,0.176,35,10,true,2,0.112
mixed-000-2,mixed,seed=0x4c32cce1c3051888;cycles=6;planted=1;d_b=4;m=2;gap=1;k=2,47124,false,9184,0.146,35,10,8,0.172,35,10,true,2,0.109
mixed-000-2,mixed,seed=0x4c32cce1c3051888;cycles=6;planted=1;d_b=4;m=2;gap=1;k=2,47124,false,9184,0.146,35,10,16,0.167,35,10,true,2,0.107
mixed-000-2,mixed,seed=0x4c32cce1c3051888;cycles=6;planted=1;d_b=4;m=2;gap=1;k=2,47124,false,9184,0.146,35,10,32,0.169,35,10,true,2,0.108
mixed-000-2,mixed,seed=0x4c32cce1c3051888;cycles=6;planted=1;d_b=4;m=2;gap=1;k=2,47124,false,9184,0.146,35,10,64,0.164,35,10,true,2,0.105
mixed-000-2,mixed,seed=0x4c32cce1c3051888;cycles=6;planted=1;d_b=4;m=2;gap=1;k=2,47124,false,9184,0.146,35,10,128,0.163,35,10,true,2,0.104
mixed-000-2,mixed,seed=0x4c32cce1c3051888;cycles=6;planted=1;d_b=4;m=2;gap=1;k=2,47124,false,9184,0.146,35,10,256,0.226,35,10,true,2,0.134
mixed-000-2,mixed,seed=0x4c32cce1c3051888;cycles=6;planted=1;d_b=4;m=2;gap=1;k=2,47124,false,9184,0.146,35,10,512,0.163,35,10,true,2,0.104
mixed-000-2,mixed,seed=0x4c32cce1c3051888;cycles=6;planted=1;d_b=4;m=2;gap=1;k=2,47124,false,9184,0.146,35,10,1024,0.186,35,10,true,2,0.116
mixed-000-2,mixed,seed=0x4c32cce1c3051888;cycles=6;planted=1;d_b=4;m=2;gap=1;k=2,47124,false,9184,0.146,35,10,2048,0.161,35,10,true,2,0.103
mixed-000-2,mixed,seed=0x4c32cce1c3051888;cycles=6;planted=1;d_b=4;m=2;gap=1;k=2,47124,false,9184,0.146,35,10,4096,0.170,35,10,true,2,0.108
mixed-000-2,mixed,seed=0x4c32cce1c3051888;cycles=6;planted=1;d_b=4;m=2;gap=1;k=2,47124,false,9184,0.146,35,10,8192,0.162,35,10,true,2,0.104
mixed-000-2,mixed,seed=0x4c32cce1c3051888;cycles=6;planted=1;d_b=4;m=2;gap=1;k=2,47124,false,9184,0.146,35,10,16384,0.165,35,10,true,2,0.105
dec-003,dec,d_b=3;m=2;gap=2;k=1;q=0;s=3,6,false,7,0.012,5,2,1,0.014,5,2,true,1,0.008
dec-003,dec,d_b=3;m=2;gap=2;k=1;q=0;s=3,6,false,7,0.012,5,2,2,0.016,5,2,true,1,0.010
dec-003,dec,d_b=3;m=2;gap=2;k=1;q=0;s=3,6,false,7,0.012,5,2,4,0.013,5,2,true,1,0.008
dec-003,dec,d_b=3;m=2;gap=2;k=1;q=0;s=3,6,false,7,0.012,5,2,8,0.013,5,2,true,1,0.008
dec-003,dec,d_b=3;m=2;gap=2;k=1;q=0;s=3,6,false,7,0.012,5,2,16,0.013,5,2,true,1,0.008
dec-003,dec,d_b=3;m=2;gap=2;k=1;q=0;s=3,6,false,7,0.012,5,2,32,0.013,5,2,true,1,0.008
dec-003,dec,d_b=3;m=2;gap=2;k=1;q=0;s=3,6,false,7,0.012,5,2,64,0.013,5,2,true,1,0.008
dec-003,dec,d_b=3;m=2;gap=2;k=1;q=0;s=3,6,false,7,0.012,5,2,128,0.013,5,2,true,1,0.008
dec-003,dec,d_b=3;m=2;gap=2;k=1;q=0;s=3,6,false,7,0.012,5,2,256,0.012,5,2,true,1,0.007
dec-003,dec,d_b=3;m=2;gap=2;k=1;q=0;s=3,6,false,7,0.012,5,2,512,0.013,5,2,true,1,0.008
dec-003,dec,d_b=3;m=2;gap=2;k=1;q=0;s=3,6,false,7,0.012,5,2,1024,0.013,5,2,true,1,0.007
dec-003,dec,d_b=3;m=2;gap=2;k=1;q=0;s=3,6,false,7,0.012,5,2,2048,0.012,5,2,true,1,0.008
dec-003,dec,d_b=3;m=2;gap=2;k=1;q=0;s=3,6,false,7,0.012,5,2,4096,0.012,5,2,true,1,0.008
dec-003,dec,d_b=3;m=2;gap=2;k=1;q=0;s=3,6,false,7,0.012,5,2,8192,0.013,5,2,true,1,0.008
dec-003,dec,d_b=3;m=2;gap=2;k=1;q=0;s=3,6,false,7,0.012,5,2,16384,0.012,5,2,true,1,0.008
mixed-001-0,mixed,seed=0x33332f51a27d79fa;cycles=6;planted=1;d_b=8;m=3;gap=2;k=2,34981,false,7310,0.189,38,10,1,0.205,41,28,false,5,0.032
mixed-001-0,mixed,seed=0x33332f51a27d79fa;cycles=6;planted=1;d_b=8;m=3;gap=2;k=2,34981,false,7310,0.189,38,10,2,0.229,41,28,false,5,0.030
mixed-001-0,mixed,seed=0x33332f51a27d79fa;cycles=6;planted=1;d_b=8;m=3;gap=2;k=2,34981,false,7310,0.189,38,10,4,0.277,41,28,false,5,0.029
mixed-001-0,mixed,seed=0x33332f51a27d79fa;cycles=6;planted=1;d_b=8;m=3;gap=2;k=2,34981,false,7310,0.189,38,10,8,0.403,41,28,false,5,0.031
mixed-001-0,mixed,seed=0x33332f51a27d79fa;cycles=6;planted=1;d_b=8;m=3;gap=2;k=2,34981,false,7310,0.189,38,10,16,0.666,38,10,false,5,0.028
mixed-001-0,mixed,seed=0x33332f51a27d79fa;cycles=6;planted=1;d_b=8;m=3;gap=2;k=2,34981,false,7310,0.189,38,10,32,0.864,38,10,true,6,0.035
mixed-001-0,mixed,seed=0x33332f51a27d79fa;cycles=6;planted=1;d_b=8;m=3;gap=2;k=2,34981,false,7310,0.189,38,10,64,0.816,38,10,true,6,0.033
mixed-001-0,mixed,seed=0x33332f51a27d79fa;cycles=6;planted=1;d_b=8;m=3;gap=2;k=2,34981,false,7310,0.189,38,10,128,0.826,38,10,true,6,0.033
mixed-001-0,mixed,seed=0x33332f51a27d79fa;cycles=6;planted=1;d_b=8;m=3;gap=2;k=2,34981,false,7310,0.189,38,10,256,0.863,38,10,true,6,0.035
mixed-001-0,mixed,seed=0x33332f51a27d79fa;cycles=6;planted=1;d_b=8;m=3;gap=2;k=2,34981,false,7310,0.189,38,10,512,0.839,38,10,true,6,0.033
mixed-001-0,mixed,seed=0x33332f51a27d79fa;cycles=6;planted=1;d_b=8;m=3;gap=2;k=2,34981,false,7310,0.189,38,10,1024,0.890,38,10,true,6,0.039
mixed-001-0,mixed,seed=0x33332f51a27d79fa;cycles=6;planted=1;d_b=8;m=3;gap=2;k=2,34981,false,7310,0.189,38,10,2048,0.828,38,10,true,6,0.033
mixed-001-0,mixed,seed=0x33332f51a27d79fa;cycles=6;planted=1;d_b=8;m=3;gap=2;k=2,34981,false,7310,0.189,38,10,4096,0.824,38,10,true,6,0.033
mixed-001-0,mixed,seed=0x33332f51a27d79fa;cycles=6;planted=1;d_b=8;m=3;gap=2;k=2,34981,false,7310,0.189,38,10,8192,0.811,38,10,true,6,0.032
mixed-001-0,mixed,seed=0x33332f51a27d79fa;cycles=6;planted=1;d_b=8;m=3;gap=2;k=2,34981,false,7310,0.189,38,10,16384,0.834,38,10,true,6,0.034
dec-004,dec,d_b=3;m=2;gap=2;k=2;q=0;s=3,9,false,10,0.016,5,2,1,0.018,5,2,true,1,0.012
dec-004,dec,d_b=3;m=2;gap=2;k=2;q=0;s=3,9,false,10,0.016,5,2,2,0.017,5,2,true,1,0.011
dec-004,dec,d_b=3;m=2;gap=2;k=2;q=0;s=3,9,false,10,0.016,5,2,4,0.015,5,2,true,1,0.010
dec-004,dec,d_b=3;m=2;gap=2;k=2;q=0;s=3,9,false,10,0.016,5,2,8,0.015,5,2,true,1,0.010
dec-004,dec,d_b=3;m=2;gap=2;k=2;q=0;s=3,9,false,10,0.016,5,2,16,0.015,5,2,true,1,0.010
dec-004,dec,d_b=3;m=2;gap=2;k=2;q=0;s=3,9,false,10,0.016,5,2,32,0.015,5,2,true,1,0.010
dec-004,dec,d_b=3;m=2;gap=2;k=2;q=0;s=3,9,false,10,0.016,5,2,64,0.015,5,2,true,1,0.010
dec-004,dec,d_b=3;m=2;gap=2;k=2;q=0;s=3,9,false,10,0.016,5,2,128,0.015,5,2,true,1,0.010
dec-004,dec,d_b=3;m=2;gap=2;k=2;q=0;s=3,9,false,10,0.016,5,2,256,0.014,5,2,true,1,0.009
dec-004,dec,d_b=3;m=2;gap=2;k=2;q=0;s=3,9,false,10,0.016,5,2,512,0.015,5,2,true,1,0.010
dec-004,dec,d_b=3;m=2;gap=2;k=2;q=0;s=3,9,false,10,0.016,5,2,1024,0.014,5,2,true,1,0.009
dec-004,dec,d_b=3;m=2;gap=2;k=2;q=0;s=3,9,false,10,0.016,5,2,2048,0.015,5,2,true,1,0.010
dec-004,dec,d_b=3;m=2;gap=2;k=2;q=0;s=3,9,false,10,0.016,5,2,4096,0.014,5,2,true,1,0.009
dec-004,dec,d_b=3;m=2;gap=2;k=2;q=0;s=3,9,false,10,0.016,5,2,8192,0.015,5,2,true,1,0.010
dec-004,dec,d_b=3;m=2;gap=2;k=2;q=0;s=3,9,false,10,0.016,5,2,16384,0.014,5,2,true,1,0.009
mixed-001-1,mixed,seed=0x133ddb65df1f958e;cycles=6;planted=1;d_b=8;m=3;gap=2;k=2,14001,false,3161,0.083,28,6,1,0.038,31,24,false,1,0.009
mixed-001-1,mixed,seed=0x133ddb65df1f958e;cycles=6;planted=1;d_b=8;m=3;gap=2;k=2,14001,false,3161,0.083,28,6,2,0.039,31,24,false,1,0.009
mixed-001-1,mixed,seed=0x133ddb65df1f958e;cycles=6;planted=1;d_b=8;m=3;gap=2;k=2,14001,false,3161,0.083,28,6,4,0.041,31,24,false,1,0.009
mixed-001-1,mixed,seed=0x133ddb65df1f958e;cycles=6;planted=1;d_b=8;m=3;gap=2;k=2,14001,false,3161,0.083,28,6,8,0.064,31,24,false,1,0.009
mixed-001-1,mixed,seed=0x133ddb65df1f958e;cycles=6;planted=1;d_b=8;m=3;gap=2;k=2,14001,false,3161,0.083,28,6,16,0.123,28,6,false,1,0.009
mixed-001-1,mixed,seed=0x133ddb65df1f958e;cycles=6;planted=1;d_b=8;m=3;gap=2;k=2,14001,false,3161,0.083,28,6,32,0.157,28,6,true,2,0.013
mixed-001-1,mixed,seed=0x133ddb65df1f958e;cycles=6;planted=1;d_b=8;m=3;gap=2;k=2,14001,false,3161,0.083,28,6,64,0.154,28,6,true,2,0.013
mixed-001-1,mixed,seed=0x133ddb65df1f958e;cycles=6;planted=1;d_b=8;m=3;gap=2;k=2,14001,false,3161,0.083,28,6,128,0.158,28,6,true,2,0.013
mixed-001-1,mixed,seed=0x133ddb65df1f958e;cycles=6;planted=1;d_b=8;m=3;gap=2;k=2,14001,false,3161,0.083,28,6,256,0.149,28,6,true,2,0.012
mixed-001-1,mixed,seed=0x133ddb65df1f958e;cycles=6;planted=1;d_b=8;m=3;gap=2;k=2,14001,false,3161,0.083,28,6,512,0.151,28,6,true,2,0.013
mixed-001-1,mixed,seed=0x133ddb65df1f958e;cycles=6;planted=1;d_b=8;m=3;gap=2;k=2,14001,false,3161,0.083,28,6,1024,0.149,28,6,true,2,0.015
mixed-001-1,mixed,seed=0x133ddb65df1f958e;cycles=6;planted=1;d_b=8;m=3;gap=2;k=2,14001,false,3161,0.083,28,6,2048,0.152,28,6,true,2,0.013
mixed-001-1,mixed,seed=0x133ddb65df1f958e;cycles=6;planted=1;d_b=8;m=3;gap=2;k=2,14001,false,3161,0.083,28,6,4096,0.146,28,6,true,2,0.012
mixed-001-1,mixed,seed=0x133ddb65df1f958e;cycles=6;planted=1;d_b=8;m=3;gap=2;k=2,14001,false,3161,0.083,28,6,8192,0.148,28,6,true,2,0.013
mixed-001-1,mixed,seed=0x133ddb65df1f958e;cycles=6;planted=1;d_b=8;m=3;gap=2;k=2,14001,false,3161,0.083,28,6,16384,0.147,28,6,true,2,0.012
dec-005,dec,d_b=3;m=2;gap=2;k=4;q=0;s=3,15,false,16,0.020,5,2,1,0.022,5,2,true,1,0.015
dec-005,dec,d_b=3;m=2;gap=2;k=4;q=0;s=3,15,false,16,0.020,5,2,2,0.023,5,2,true,1,0.016
dec-005,dec,d_b=3;m=2;gap=2;k=4;q=0;s=3,15,false,16,0.020,5,2,4,0.020,5,2,true,1,0.014
dec-005,dec,d_b=3;m=2;gap=2;k=4;q=0;s=3,15,false,16,0.020,5,2,8,0.021,5,2,true,1,0.015
dec-005,dec,d_b=3;m=2;gap=2;k=4;q=0;s=3,15,false,16,0.020,5,2,16,0.020,5,2,true,1,0.014
dec-005,dec,d_b=3;m=2;gap=2;k=4;q=0;s=3,15,false,16,0.020,5,2,32,0.020,5,2,true,1,0.015
dec-005,dec,d_b=3;m=2;gap=2;k=4;q=0;s=3,15,false,16,0.020,5,2,64,0.020,5,2,true,1,0.014
dec-005,dec,d_b=3;m=2;gap=2;k=4;q=0;s=3,15,false,16,0.020,5,2,128,0.020,5,2,true,1,0.014
dec-005,dec,d_b=3;m=2;gap=2;k=4;q=0;s=3,15,false,16,0.020,5,2,256,0.019,5,2,true,1,0.014
dec-005,dec,d_b=3;m=2;gap=2;k=4;q=0;s=3,15,false,16,0.020,5,2,512,0.020,5,2,true,1,0.014
dec-005,dec,d_b=3;m=2;gap=2;k=4;q=0;s=3,15,false,16,0.020,5,2,1024,0.019,5,2,true,1,0.014
dec-005,dec,d_b=3;m=2;gap=2;k=4;q=0;s=3,15,false,16,0.020,5,2,2048,0.019,5,2,true,1,0.014
dec-005,dec,d_b=3;m=2;gap=2;k=4;q=0;s=3,15,false,16,0.020,5,2,4096,0.023,5,2,true,1,0.017
dec-005,dec,d_b=3;m=2;gap=2;k=4;q=0;s=3,15,false,16,0.020,5,2,8192,0.019,5,2,true,1,0.014
dec-005,dec,d_b=3;m=2;gap=2;k=4;q=0;s=3,15,false,16,0.020,5,2,16384,0.020,5,2,true,1,0.014
mixed-001-2,mixed,seed=0x6d976279d4866e0b;cycles=6;planted=1;d_b=8;m=3;gap=2;k=2,26185,false,5691,0.116,35,8,1,0.096,38,26,false,4,0.025
mixed-001-2,mixed,seed=0x6d976279d4866e0b;cycles=6;planted=1;d_b=8;m=3;gap=2;k=2,26185,false,5691,0.116,35,8,2,0.098,38,26,false,4,0.025
mixed-001-2,mixed,seed=0x6d976279d4866e0b;cycles=6;planted=1;d_b=8;m=3;gap=2;k=2,26185,false,5691,0.116,35,8,4,0.111,38,26,false,4,0.023
mixed-001-2,mixed,seed=0x6d976279d4866e0b;cycles=6;planted=1;d_b=8;m=3;gap=2;k=2,26185,false,5691,0.116,35,8,8,0.155,38,26,false,4,0.023
mixed-001-2,mixed,seed=0x6d976279d4866e0b;cycles=6;planted=1;d_b=8;m=3;gap=2;k=2,26185,false,5691,0.116,35,8,16,0.268,35,8,false,4,0.024
mixed-001-2,mixed,seed=0x6d976279d4866e0b;cycles=6;planted=1;d_b=8;m=3;gap=2;k=2,26185,false,5691,0.116,35,8,32,0.319,35,8,true,5,0.027
mixed-001-2,mixed,seed=0x6d976279d4866e0b;cycles=6;planted=1;d_b=8;m=3;gap=2;k=2,26185,false,5691,0.116,35,8,64,0.331,35,8,true,5,0.027
mixed-001-2,mixed,seed=0x6d976279d4866e0b;cycles=6;planted=1;d_b=8;m=3;gap=2;k=2,26185,false,5691,0.116,35,8,128,0.323,35,8,true,5,0.027
mixed-001-2,mixed,seed=0x6d976279d4866e0b;cycles=6;planted=1;d_b=8;m=3;gap=2;k=2,26185,false,5691,0.116,35,8,256,0.314,35,8,true,5,0.027
mixed-001-2,mixed,seed=0x6d976279d4866e0b;cycles=6;planted=1;d_b=8;m=3;gap=2;k=2,26185,false,5691,0.116,35,8,512,0.325,35,8,true,5,0.027
mixed-001-2,mixed,seed=0x6d976279d4866e0b;cycles=6;planted=1;d_b=8;m=3;gap=2;k=2,26185,false,5691,0.116,35,8,1024,0.314,35,8,true,5,0.026
mixed-001-2,mixed,seed=0x6d976279d4866e0b;cycles=6;planted=1;d_b=8;m=3;gap=2;k=2,26185,false,5691,0.116,35,8,2048,0.315,35,8,true,5,0.027
mixed-001-2,mixed,seed=0x6d976279d4866e0b;cycles=6;planted=1;d_b=8;m=3;gap=2;k=2,26185,false,5691,0.116,35,8,4096,0.345,35,8,true,5,0.029
mixed-001-2,mixed,seed=0x6d976279d4866e0b;cycles=6;planted=1;d_b=8;m=3;gap=2;k=2,26185,false,5691,0.116,35,8,8192,0.316,35,8,true,5,0.026
mixed-001-2,mixed,seed=0x6d976279d4866e0b;cycles=6;planted=1;d_b=8;m=3;gap=2;k=2,26185,false,5691,0.116,35,8,16384,0.310,35,8,true,5,0.026
dec-006,dec,d_b=3;m=3;gap=1;k=1;q=1;s=4,6,false,8,0.017,8,2,1,0.019,8,2,true,1,0.012
dec-006,dec,d_b=3;m=3;gap=1;k=1;q=1;s=4,6,false,8,0.017,8,2,2,0.019,8,2,true,1,0.013
dec-006,dec,d_b=3;m=3;gap=1;k=1;q=1;s=4,6,false,8,0.017,8,2,4,0.017,8,2,true,1,0.011
dec-006,dec,d_b=3;m=3;gap=1;k=1;q=1;s=4,6,false,8,0.017,8,2,8,0.017,8,2,true,1,0.011
dec-006,dec,d_b=3;m=3;gap=1;k=1;q=1;s=4,6,false,8,0.017,8,2,16,0.016,8,2,true,1,0.011
dec-006,dec,d_b=3;m=3;gap=1;k=1;q=1;s=4,6,false,8,0.017,8,2,32,0.016,8,2,true,1,0.011
dec-006,dec,d_b=3;m=3;gap=1;k=1;q=1;s=4,6,false,8,0.017,8,2,64,0.016,8,2,true,1,0.010
dec-006,dec,d_b=3;m=3;gap=1;k=1;q=1;s=4,6,false,8,0.017,8,2,128,0.016,8,2,true,1,0.010
dec-006,dec,d_b=3;m=3;gap=1;k=1;q=1;s=4,6,false,8,0.017,8,2,256,0.016,8,2,true,1,0.010
dec-006,dec,d_b=3;m=3;gap=1;k=1;q=1;s=4,6,false,8,0.017,8,2,512,0.016,8,2,true,1,0.010
dec-006,dec,d_b=3;m=3;gap=1;k=1;q=1;s=4,6,false,8,0.017,8,2,1024,0.016,8,2,true,1,0.010
dec-006,dec,d_b=3;m=3;gap=1;k=1;q=1;s=4,6,false,8,0.017,8,2,2048,0.016,8,2,true,1,0.010
dec-006,dec,d_b=3;m=3;gap=1;k=1;q=1;s=4,6,false,8,0.017,8,2,4096,0.016,8,2,true,1,0.010
dec-006,dec,d_b=3;m=3;gap=1;k=1;q=1;s=4,6,false,8,0.017,8,2,8192,0.015,8,2,true,1,0.010
dec-006,dec,d_b=3;m=3;gap=1;k=1;q=1;s=4,6,false,8,0.017,8,2,16384,0.015,8,2,true,1,0.010
mixed-002-0,mixed,seed=0xc59afcd9aedf37ac;cycles=6;planted=1;d_b=12;m=2;gap=6;k=4,26348,false,5746,0.144,30,10,1,0.086,37,28,false,4,0.016
mixed-002-0,mixed,seed=0xc59afcd9aedf37ac;cycles=6;planted=1;d_b=12;m=2;gap=6;k=4,26348,false,5746,0.144,30,10,2,0.102,37,28,false,5,0.024
mixed-002-0,mixed,seed=0xc59afcd9aedf37ac;cycles=6;planted=1;d_b=12;m=2;gap=6;k=4,26348,false,5746,0.144,30,10,4,0.122,37,28,false,5,0.024
mixed-002-0,mixed,seed=0xc59afcd9aedf37ac;cycles=6;planted=1;d_b=12;m=2;gap=6;k=4,26348,false,5746,0.144,30,10,8,0.160,37,28,false,5,0.023
mixed-002-0,mixed,seed=0xc59afcd9aedf37ac;cycles=6;planted=1;d_b=12;m=2;gap=6;k=4,26348,false,5746,0.144,30,10,16,0.260,37,28,false,5,0.022
mixed-002-0,mixed,seed=0xc59afcd9aedf37ac;cycles=6;planted=1;d_b=12;m=2;gap=6;k=4,26348,false,5746,0.144,30,10,32,0.487,30,10,false,5,0.023
mixed-002-0,mixed,seed=0xc59afcd9aedf37ac;cycles=6;planted=1;d_b=12;m=2;gap=6;k=4,26348,false,5746,0.144,30,10,64,0.855,30,10,true,6,0.027
mixed-002-0,mixed,seed=0xc59afcd9aedf37ac;cycles=6;planted=1;d_b=12;m=2;gap=6;k=4,26348,false,5746,0.144,30,10,128,0.860,30,10,true,6,0.027
mixed-002-0,mixed,seed=0xc59afcd9aedf37ac;cycles=6;planted=1;d_b=12;m=2;gap=6;k=4,26348,false,5746,0.144,30,10,256,0.899,30,10,true,6,0.029
mixed-002-0,mixed,seed=0xc59afcd9aedf37ac;cycles=6;planted=1;d_b=12;m=2;gap=6;k=4,26348,false,5746,0.144,30,10,512,0.856,30,10,true,6,0.027
mixed-002-0,mixed,seed=0xc59afcd9aedf37ac;cycles=6;planted=1;d_b=12;m=2;gap=6;k=4,26348,false,5746,0.144,30,10,1024,0.877,30,10,true,6,0.029
mixed-002-0,mixed,seed=0xc59afcd9aedf37ac;cycles=6;planted=1;d_b=12;m=2;gap=6;k=4,26348,false,5746,0.144,30,10,2048,0.846,30,10,true,6,0.026
mixed-002-0,mixed,seed=0xc59afcd9aedf37ac;cycles=6;planted=1;d_b=12;m=2;gap=6;k=4,26348,false,5746,0.144,30,10,4096,0.849,30,10,true,6,0.026
mixed-002-0,mixed,seed=0xc59afcd9aedf37ac;cycles=6;planted=1;d_b=12;m=2;gap=6;k=4,26348,false,5746,0.144,30,10,8192,0.836,30,10,true,6,0.026
mixed-002-0,mixed,seed=0xc59afcd9aedf37ac;cycles=6;planted=1;d_b=12;m=2;gap=6;k=4,26348,false,5746,0.144,30,10,16384,0.845,30,10,true,6,0.027
dec-007,dec,d_b=3;m=3;gap=1;k=2;q=1;s=4,9,false,11,0.023,8,2,1,0.025,8,2,true,1,0.018
dec-007,dec,d_b=3;m=3;gap=1;k=2;q=1;s=4,9,false,11,0.023,8,2,2,0.024,8,2,true,1,0.017
dec-007,dec,d_b=3;m=3;gap=1;k=2;q=1;s=4,9,false,11,0.023,8,2,4,0.022,8,2,true,1,0.016
dec-007,dec,d_b=3;m=3;gap=1;k=2;q=1;s=4,9,false,11,0.023,8,2,8,0.021,8,2,true,1,0.015
dec-007,dec,d_b=3;m=3;gap=1;k=2;q=1;s=4,9,false,11,0.023,8,2,16,0.021,8,2,true,1,0.015
dec-007,dec,d_b=3;m=3;gap=1;k=2;q=1;s=4,9,false,11,0.023,8,2,32,0.021,8,2,true,1,0.015
dec-007,dec,d_b=3;m=3;gap=1;k=2;q=1;s=4,9,false,11,0.023,8,2,64,0.021,8,2,true,1,0.015
dec-007,dec,d_b=3;m=3;gap=1;k=2;q=1;s=4,9,false,11,0.023,8,2,128,0.021,8,2,true,1,0.015
dec-007,dec,d_b=3;m=3;gap=1;k=2;q=1;s=4,9,false,11,0.023,8,2,256,0.026,8,2,true,1,0.019
dec-007,dec,d_b=3;m=3;gap=1;k=2;q=1;s=4,9,false,11,0.023,8,2,512,0.020,8,2,true,1,0.015
dec-007,dec,d_b=3;m=3;gap=1;k=2;q=1;s=4,9,false,11,0.023,8,2,1024,0.022,8,2,true,1,0.015
dec-007,dec,d_b=3;m=3;gap=1;k=2;q=1;s=4,9,false,11,0.023,8,2,2048,0.021,8,2,true,1,0.015
dec-007,dec,d_b=3;m=3;gap=1;k=2;q=1;s=4,9,false,11,0.023,8,2,4096,0.026,8,2,true,1,0.019
dec-007,dec,d_b=3;m=3;gap=1;k=2;q=1;s=4,9,false,11,0.023,8,2,8192,0.021,8,2,true,1,0.015
dec-007,dec,d_b=3;m=3;gap=1;k=2;q=1;s=4,9,false,11,0.023,8,2,16384,0.022,8,2,true,1,0.016
mixed-002-1,mixed,seed=0x9718edbe7b705f9b;cycles=6;planted=1;d_b=12;m=2;gap=6;k=4,33372,false,6929,0.145,23,8,1,0.109,30,26,false,4,0.024
mixed-002-1,mixed,seed=0x9718edbe7b705f9b;cycles=6;planted=1;d_b=12;m=2;gap=6;k=4,33372,false,6929,0.145,23,8,2,0.122,30,26,false,4,0.023
mixed-002-1,mixed,seed=0x9718edbe7b705f9b;cycles=6;planted=1;d_b=12;m=2;gap=6;k=4,33372,false,6929,0.145,23,8,4,0.133,30,26,false,4,0.022
mixed-002-1,mixed,seed=0x9718edbe7b705f9b;cycles=6;planted=1;d_b=12;m=2;gap=6;k=4,33372,false,6929,0.145,23,8,8,0.189,30,26,false,4,0.023
mixed-002-1,mixed,seed=0x9718edbe7b705f9b;cycles=6;planted=1;d_b=12;m=2;gap=6;k=4,33372,false,6929,0.145,23,8,16,0.311,23,8,false,4,0.022
mixed-002-1,mixed,seed=0x9718edbe7b705f9b;cycles=6;planted=1;d_b=12;m=2;gap=6;k=4,33372,false,6929,0.145,23,8,32,0.556,23,8,false,4,0.023
mixed-002-1,mixed,seed=0x9718edbe7b705f9b;cycles=6;planted=1;d_b=12;m=2;gap=6;k=4,33372,false,6929,0.145,23,8,64,0.998,23,8,true,5,0.028
mixed-002-1,mixed,seed=0x9718edbe7b705f9b;cycles=6;planted=1;d_b=12;m=2;gap=6;k=4,33372,false,6929,0.145,23,8,128,0.971,23,8,true,5,0.026
mixed-002-1,mixed,seed=0x9718edbe7b705f9b;cycles=6;planted=1;d_b=12;m=2;gap=6;k=4,33372,false,6929,0.145,23,8,256,0.970,23,8,true,5,0.026
mixed-002-1,mixed,seed=0x9718edbe7b705f9b;cycles=6;planted=1;d_b=12;m=2;gap=6;k=4,33372,false,6929,0.145,23,8,512,0.961,23,8,true,5,0.026
mixed-002-1,mixed,seed=0x9718edbe7b705f9b;cycles=6;planted=1;d_b=12;m=2;gap=6;k=4,33372,false,6929,0.145,23,8,1024,0.961,23,8,true,5,0.026
mixed-002-1,mixed,seed=0x9718edbe7b705f9b;cycles=6;planted=1;d_b=12;m=2;gap=6;k=4,33372,false,6929,0.145,23,8,2048,0.956,23,8,true,5,0.026
mixed-002-1,mixed,seed=0x9718edbe7b705f9b;cycles=6;planted=1;d_b=12;m=2;gap=6;k=4,33372,false,6929,0.145,23,8,4096,0.962,23,8,true,5,0.025
mixed-002-1,mixed,seed=0x9718edbe7b705f9b;cycles=6;planted=1;d_b=12;m=2;gap=6;k=4,33372,false,6929,0.145,23,8,8192,0.994,23,8,true,5,0.027
mixed-002-1,mixed,seed=0x9718edbe7b705f9b;cycles=6;planted=1;d_b=12;m=2;gap=6;k=4,33372,false,6929,0.145,23,8,16384,0.960,23,8,true,5,0.025
dec-008,dec,d_b=3;m=3;gap=1;k=4;q=1;s=4,15,false,17,0.035,8,2,1,0.035,8,2,true,1,0.027
dec-008,dec,d_b=3;m=3;gap=1;k=4;q=1;s=4,15,false,17,0.035,8,2,2,0.036,8,2,true,1,0.027
dec-008,dec,d_b=3;m=3;gap=1;k=4;q=1;s=4,15,false,17,0.035,8,2,4,0.031,8,2,true,1,0.024
dec-008,dec,d_b=3;m=3;gap=1;k=4;q=1;s=4,15,false,17,0.035,8,2,8,0.032,8,2,true,1,0.025
dec-008,dec,d_b=3;m=3;gap=1;k=4;q=1;s=4,15,false,17,0.035,8,2,16,0.031,8,2,true,1,0.024
dec-008,dec,d_b=3;m=3;gap=1;k=4;q=1;s=4,15,false,17,0.035,8,2,32,0.033,8,2,true,1,0.026
dec-008,dec,d_b=3;m=3;gap=1;k=4;q=1;s=4,15,false,17,0.035,8,2,64,0.036,8,2,true,1,0.028
dec-008,dec,d_b=3;m=3;gap=1;k=4;q=1;s=4,15,false,17,0.035,8,2,128,0.035,8,2,true,1,0.027
dec-008,dec,d_b=3;m=3;gap=1;k=4;q=1;s=4,15,false,17,0.035,8,2,256,0.030,8,2,true,1,0.023
dec-008,dec,d_b=3;m=3;gap=1;k=4;q=1;s=4,15,false,17,0.035,8,2,512,0.031,8,2,true,1,0.024
dec-008,dec,d_b=3;m=3;gap=1;k=4;q=1;s=4,15,false,17,0.035,8,2,1024,0.030,8,2,true,1,0.024
dec-008,dec,d_b=3;m=3;gap=1;k=4;q=1;s=4,15,false,17,0.035,8,2,2048,0.030,8,2,true,1,0.024
dec-008,dec,d_b=3;m=3;gap=1;k=4;q=1;s=4,15,false,17,0.035,8,2,4096,0.030,8,2,true,1,0.023
dec-008,dec,d_b=3;m=3;gap=1;k=4;q=1;s=4,15,false,17,0.035,8,2,8192,0.030,8,2,true,1,0.023
dec-008,dec,d_b=3;m=3;gap=1;k=4;q=1;s=4,15,false,17,0.035,8,2,16384,0.030,8,2,true,1,0.024
mixed-002-2,mixed,seed=0x68d20c8c15a34419;cycles=6;planted=1;d_b=12;m=2;gap=6;k=4,41962,false,8424,0.140,23,6,1,0.047,30,24,false,0,0.000
mixed-002-2,mixed,seed=0x68d20c8c15a34419;cycles=6;planted=1;d_b=12;m=2;gap=6;k=4,41962,false,8424,0.140,23,6,2,0.054,30,24,false,0,0.000
mixed-002-2,mixed,seed=0x68d20c8c15a34419;cycles=6;planted=1;d_b=12;m=2;gap=6;k=4,41962,false,8424,0.140,23,6,4,0.115,30,24,false,4,0.029
mixed-002-2,mixed,seed=0x68d20c8c15a34419;cycles=6;planted=1;d_b=12;m=2;gap=6;k=4,41962,false,8424,0.140,23,6,8,0.157,30,24,false,4,0.028
mixed-002-2,mixed,seed=0x68d20c8c15a34419;cycles=6;planted=1;d_b=12;m=2;gap=6;k=4,41962,false,8424,0.140,23,6,16,0.231,30,24,false,4,0.028
mixed-002-2,mixed,seed=0x68d20c8c15a34419;cycles=6;planted=1;d_b=12;m=2;gap=6;k=4,41962,false,8424,0.140,23,6,32,0.408,23,6,false,4,0.027
mixed-002-2,mixed,seed=0x68d20c8c15a34419;cycles=6;planted=1;d_b=12;m=2;gap=6;k=4,41962,false,8424,0.140,23,6,64,0.746,23,6,true,5,0.031
mixed-002-2,mixed,seed=0x68d20c8c15a34419;cycles=6;planted=1;d_b=12;m=2;gap=6;k=4,41962,false,8424,0.140,23,6,128,0.746,23,6,true,5,0.032
mixed-002-2,mixed,seed=0x68d20c8c15a34419;cycles=6;planted=1;d_b=12;m=2;gap=6;k=4,41962,false,8424,0.140,23,6,256,0.740,23,6,true,5,0.030
mixed-002-2,mixed,seed=0x68d20c8c15a34419;cycles=6;planted=1;d_b=12;m=2;gap=6;k=4,41962,false,8424,0.140,23,6,512,0.753,23,6,true,5,0.031
mixed-002-2,mixed,seed=0x68d20c8c15a34419;cycles=6;planted=1;d_b=12;m=2;gap=6;k=4,41962,false,8424,0.140,23,6,1024,0.732,23,6,true,5,0.030
mixed-002-2,mixed,seed=0x68d20c8c15a34419;cycles=6;planted=1;d_b=12;m=2;gap=6;k=4,41962,false,8424,0.140,23,6,2048,0.738,23,6,true,5,0.031
mixed-002-2,mixed,seed=0x68d20c8c15a34419;cycles=6;planted=1;d_b=12;m=2;gap=6;k=4,41962,false,8424,0.140,23,6,4096,0.753,23,6,true,5,0.034
mixed-002-2,mixed,seed=0x68d20c8c15a34419;cycles=6;planted=1;d_b=12;m=2;gap=6;k=4,41962,false,8424,0.140,23,6,8192,0.729,23,6,true,5,0.030
mixed-002-2,mixed,seed=0x68d20c8c15a34419;cycles=6;planted=1;d_b=12;m=2;gap=6;k=4,41962,false,8424,0.140,23,6,16384,0.736,23,6,true,5,0.031
dec-009,dec,d_b=3;m=3;gap=3;k=1;q=1;s=5,6,false,8,0.016,8,2,1,0.017,8,2,true,1,0.010
dec-009,dec,d_b=3;m=3;gap=3;k=1;q=1;s=5,6,false,8,0.016,8,2,2,0.017,8,2,true,1,0.010
dec-009,dec,d_b=3;m=3;gap=3;k=1;q=1;s=5,6,false,8,0.016,8,2,4,0.015,8,2,true,1,0.009
dec-009,dec,d_b=3;m=3;gap=3;k=1;q=1;s=5,6,false,8,0.016,8,2,8,0.015,8,2,true,1,0.009
dec-009,dec,d_b=3;m=3;gap=3;k=1;q=1;s=5,6,false,8,0.016,8,2,16,0.014,8,2,true,1,0.008
dec-009,dec,d_b=3;m=3;gap=3;k=1;q=1;s=5,6,false,8,0.016,8,2,32,0.014,8,2,true,1,0.008
dec-009,dec,d_b=3;m=3;gap=3;k=1;q=1;s=5,6,false,8,0.016,8,2,64,0.014,8,2,true,1,0.008
dec-009,dec,d_b=3;m=3;gap=3;k=1;q=1;s=5,6,false,8,0.016,8,2,128,0.014,8,2,true,1,0.008
dec-009,dec,d_b=3;m=3;gap=3;k=1;q=1;s=5,6,false,8,0.016,8,2,256,0.014,8,2,true,1,0.008
dec-009,dec,d_b=3;m=3;gap=3;k=1;q=1;s=5,6,false,8,0.016,8,2,512,0.014,8,2,true,1,0.008
dec-009,dec,d_b=3;m=3;gap=3;k=1;q=1;s=5,6,false,8,0.016,8,2,1024,0.014,8,2,true,1,0.008
dec-009,dec,d_b=3;m=3;gap=3;k=1;q=1;s=5,6,false,8,0.016,8,2,2048,0.013,8,2,true,1,0.008
dec-009,dec,d_b=3;m=3;gap=3;k=1;q=1;s=5,6,false,8,0.016,8,2,4096,0.014,8,2,true,1,0.008
dec-009,dec,d_b=3;m=3;gap=3;k=1;q=1;s=5,6,false,8,0.016,8,2,8192,0.014,8,2,true,1,0.008
dec-009,dec,d_b=3;m=3;gap=3;k=1;q=1;s=5,6,false,8,0.016,8,2,16384,0.013,8,2,true,1,0.008
mixed-003-0,mixed,seed=0xeda4528973354436;cycles=6;planted=1;d_b=16;m=5;gap=2;k=1,26320,false,5711,0.196,82,8,1,0.070,85,74,false,1,0.009
mixed-003-0,mixed,seed=0xeda4528973354436;cycles=6;planted=1;d_b=16;m=5;gap=2;k=1,26320,false,5711,0.196,82,8,2,0.087,85,74,false,2,0.016
mixed-003-0,mixed,seed=0xeda4528973354436;cycles=6;planted=1;d_b=16;m=5;gap=2;k=1,26320,false,5711,0.196,82,8,4,0.103,85,74,false,2,0.015
mixed-003-0,mixed,seed=0xeda4528973354436;cycles=6;planted=1;d_b=16;m=5;gap=2;k=1,26320,false,5711,0.196,82,8,8,0.143,85,74,false,2,0.015
mixed-003-0,mixed,seed=0xeda4528973354436;cycles=6;planted=1;d_b=16;m=5;gap=2;k=1,26320,false,5711,0.196,82,8,16,0.257,85,74,false,2,0.015
mixed-003-0,mixed,seed=0xeda4528973354436;cycles=6;planted=1;d_b=16;m=5;gap=2;k=1,26320,false,5711,0.196,82,8,32,0.543,82,8,false,2,0.016
mixed-003-0,mixed,seed=0xeda4528973354436;cycles=6;planted=1;d_b=16;m=5;gap=2;k=1,26320,false,5711,0.196,82,8,64,0.611,82,8,true,3,0.019
mixed-003-0,mixed,seed=0xeda4528973354436;cycles=6;planted=1;d_b=16;m=5;gap=2;k=1,26320,false,5711,0.196,82,8,128,0.616,82,8,true,3,0.021
mixed-003-0,mixed,seed=0xeda4528973354436;cycles=6;planted=1;d_b=16;m=5;gap=2;k=1,26320,false,5711,0.196,82,8,256,0.585,82,8,true,3,0.018
mixed-003-0,mixed,seed=0xeda4528973354436;cycles=6;planted=1;d_b=16;m=5;gap=2;k=1,26320,false,5711,0.196,82,8,512,0.592,82,8,true,3,0.019
mixed-003-0,mixed,seed=0xeda4528973354436;cycles=6;planted=1;d_b=16;m=5;gap=2;k=1,26320,false,5711,0.196,82,8,1024,0.578,82,8,true,3,0.018
mixed-003-0,mixed,seed=0xeda4528973354436;cycles=6;planted=1;d_b=16;m=5;gap=2;k=1,26320,false,5711,0.196,82,8,2048,0.580,82,8,true,3,0.018
mixed-003-0,mixed,seed=0xeda4528973354436;cycles=6;planted=1;d_b=16;m=5;gap=2;k=1,26320,false,5711,0.196,82,8,4096,0.575,82,8,true,3,0.018
mixed-003-0,mixed,seed=0xeda4528973354436;cycles=6;planted=1;d_b=16;m=5;gap=2;k=1,26320,false,5711,0.196,82,8,8192,0.589,82,8,true,3,0.018
mixed-003-0,mixed,seed=0xeda4528973354436;cycles=6;planted=1;d_b=16;m=5;gap=2;k=1,26320,false,5711,0.196,82,8,16384,0.573,82,8,true,3,0.017
dec-010,dec,d_b=3;m=3;gap=3;k=2;q=1;s=5,9,false,11,0.019,8,2,1,0.021,8,2,true,1,0.014
dec-010,dec,d_b=3;m=3;gap=3;k=2;q=1;s=5,9,false,11,0.019,8,2,2,0.020,8,2,true,1,0.013
dec-010,dec,d_b=3;m=3;gap=3;k=2;q=1;s=5,9,false,11,0.019,8,2,4,0.021,8,2,true,1,0.013
dec-010,dec,d_b=3;m=3;gap=3;k=2;q=1;s=5,9,false,11,0.019,8,2,8,0.019,8,2,true,1,0.012
dec-010,dec,d_b=3;m=3;gap=3;k=2;q=1;s=5,9,false,11,0.019,8,2,16,0.018,8,2,true,1,0.012
dec-010,dec,d_b=3;m=3;gap=3;k=2;q=1;s=5,9,false,11,0.019,8,2,32,0.017,8,2,true,1,0.011
dec-010,dec,d_b=3;m=3;gap=3;k=2;q=1;s=5,9,false,11,0.019,8,2,64,0.018,8,2,true,1,0.012
dec-010,dec,d_b=3;m=3;gap=3;k=2;q=1;s=5,9,false,11,0.019,8,2,128,0.018,8,2,true,1,0.011
dec-010,dec,d_b=3;m=3;gap=3;k=2;q=1;s=5,9,false,11,0.019,8,2,256,0.017,8,2,true,1,0.011
dec-010,dec,d_b=3;m=3;gap=3;k=2;q=1;s=5,9,false,11,0.019,8,2,512,0.018,8,2,true,1,0.012
dec-010,dec,d_b=3;m=3;gap=3;k=2;q=1;s=5,9,false,11,0.019,8,2,1024,0.017,8,2,true,1,0.011
dec-010,dec,d_b=3;m=3;gap=3;k=2;q=1;s=5,9,false,11,0.019,8,2,2048,0.017,8,2,true,1,0.011
dec-010,dec,d_b=3;m=3;gap=3;k=2;q=1;s=5,9,false,11,0.019,8,2,4096,0.017,8,2,true,1,0.011
dec-010,dec,d_b=3;m=3;gap=3;k=2;q=1;s=5,9,false,11,0.019,8,2,8192,0.017,8,2,true,1,0.011
dec-010,dec,d_b=3;m=3;gap=3;k=2;q=1;s=5,9,false,11,0.019,8,2,16384,0.017,8,2,true,1,0.011
mixed-003-1,mixed,seed=0x5719320715bdd32c;cycles=6;planted=1;d_b=16;m=5;gap=2;k=1,14009,false,3167,0.169,74,6,1,0.036,77,72,false,0,0.000
mixed-003-1,mixed,seed=0x5719320715bdd32c;cycles=6;planted=1;d_b=16;m=5;gap=2;k=1,14009,false,3167,0.169,74,6,2,0.037,77,72,false,0,0.000
mixed-003-1,mixed,seed=0x5719320715bdd32c;cycles=6;planted=1;d_b=16;m=5;gap=2;k=1,14009,false,3167,0.169,74,6,4,0.052,77,72,false,1,0.008
mixed-003-1,mixed,seed=0x5719320715bdd32c;cycles=6;planted=1;d_b=16;m=5;gap=2;k=1,14009,false,3167,0.169,74,6,8,0.090,77,72,false,1,0.007
mixed-003-1,mixed,seed=0x5719320715bdd32c;cycles=6;planted=1;d_b=16;m=5;gap=2;k=1,14009,false,3167,0.169,74,6,16,0.174,77,72,false,1,0.008
mixed-003-1,mixed,seed=0x5719320715bdd32c;cycles=6;planted=1;d_b=16;m=5;gap=2;k=1,14009,false,3167,0.169,74,6,32,0.355,74,6,false,1,0.007
mixed-003-1,mixed,seed=0x5719320715bdd32c;cycles=6;planted=1;d_b=16;m=5;gap=2;k=1,14009,false,3167,0.169,74,6,64,0.401,74,6,true,2,0.011
mixed-003-1,mixed,seed=0x5719320715bdd32c;cycles=6;planted=1;d_b=16;m=5;gap=2;k=1,14009,false,3167,0.169,74,6,128,0.388,74,6,true,2,0.010
mixed-003-1,mixed,seed=0x5719320715bdd32c;cycles=6;planted=1;d_b=16;m=5;gap=2;k=1,14009,false,3167,0.169,74,6,256,0.393,74,6,true,2,0.010
mixed-003-1,mixed,seed=0x5719320715bdd32c;cycles=6;planted=1;d_b=16;m=5;gap=2;k=1,14009,false,3167,0.169,74,6,512,0.383,74,6,true,2,0.010
mixed-003-1,mixed,seed=0x5719320715bdd32c;cycles=6;planted=1;d_b=16;m=5;gap=2;k=1,14009,false,3167,0.169,74,6,1024,0.402,74,6,true,2,0.010
mixed-003-1,mixed,seed=0x5719320715bdd32c;cycles=6;planted=1;d_b=16;m=5;gap=2;k=1,14009,false,3167,0.169,74,6,2048,0.398,74,6,true,2,0.010
mixed-003-1,mixed,seed=0x5719320715bdd32c;cycles=6;planted=1;d_b=16;m=5;gap=2;k=1,14009,false,3167,0.169,74,6,4096,0.385,74,6,true,2,0.010
mixed-003-1,mixed,seed=0x5719320715bdd32c;cycles=6;planted=1;d_b=16;m=5;gap=2;k=1,14009,false,3167,0.169,74,6,8192,0.392,74,6,true,2,0.010
mixed-003-1,mixed,seed=0x5719320715bdd32c;cycles=6;planted=1;d_b=16;m=5;gap=2;k=1,14009,false,3167,0.169,74,6,16384,0.380,74,6,true,2,0.010
dec-011,dec,d_b=3;m=3;gap=3;k=4;q=1;s=5,15,false,17,0.027,8,2,1,0.011,11,10,false,0,0.000
dec-011,dec,d_b=3;m=3;gap=3;k=4;q=1;s=5,15,false,17,0.027,8,2,2,0.013,11,10,false,0,0.000
dec-011,dec,d_b=3;m=3;gap=3;k=4;q=1;s=5,15,false,17,0.027,8,2,4,0.020,11,10,false,0,0.000
dec-011,dec,d_b=3;m=3;gap=3;k=4;q=1;s=5,15,false,17,0.027,8,2,8,0.033,8,2,true,1,0.006
dec-011,dec,d_b=3;m=3;gap=3;k=4;q=1;s=5,15,false,17,0.027,8,2,16,0.032,8,2,true,1,0.006
dec-011,dec,d_b=3;m=3;gap=3;k=4;q=1;s=5,15,false,17,0.027,8,2,32,0.030,8,2,true,1,0.006
dec-011,dec,d_b=3;m=3;gap=3;k=4;q=1;s=5,15,false,17,0.027,8,2,64,0.030,8,2,true,1,0.006
dec-011,dec,d_b=3;m=3;gap=3;k=4;q=1;s=5,15,false,17,0.027,8,2,128,0.029,8,2,true,1,0.006
dec-011,dec,d_b=3;m=3;gap=3;k=4;q=1;s=5,15,false,17,0.027,8,2,256,0.032,8,2,true,1,0.006
dec-011,dec,d_b=3;m=3;gap=3;k=4;q=1;s=5,15,false,17,0.027,8,2,512,0.035,8,2,true,1,0.006
dec-011,dec,d_b=3;m=3;gap=3;k=4;q=1;s=5,15,false,17,0.027,8,2,1024,0.029,8,2,true,1,0.005
dec-011,dec,d_b=3;m=3;gap=3;k=4;q=1;s=5,15,false,17,0.027,8,2,2048,0.029,8,2,true,1,0.005
dec-011,dec,d_b=3;m=3;gap=3;k=4;q=1;s=5,15,false,17,0.027,8,2,4096,0.028,8,2,true,1,0.005
dec-011,dec,d_b=3;m=3;gap=3;k=4;q=1;s=5,15,false,17,0.027,8,2,8192,0.029,8,2,true,1,0.005
dec-011,dec,d_b=3;m=3;gap=3;k=4;q=1;s=5,15,false,17,0.027,8,2,16384,0.028,8,2,true,1,0.005
mixed-003-2,mixed,seed=0xf62f49c1d1777e47;cycles=6;planted=1;d_b=16;m=5;gap=2;k=1,49775,false,9705,0.244,89,10,1,0.107,92,76,false,1,0.020
mixed-003-2,mixed,seed=0xf62f49c1d1777e47;cycles=6;planted=1;d_b=16;m=5;gap=2;k=1,49775,false,9705,0.244,89,10,2,0.143,92,76,false,3,0.024
mixed-003-2,mixed,seed=0xf62f49c1d1777e47;cycles=6;planted=1;d_b=16;m=5;gap=2;k=1,49775,false,9705,0.244,89,10,4,0.177,92,76,false,5,0.038
mixed-003-2,mixed,seed=0xf62f49c1d1777e47;cycles=6;planted=1;d_b=16;m=5;gap=2;k=1,49775,false,9705,0.244,89,10,8,0.214,92,76,false,7,0.049
mixed-003-2,mixed,seed=0xf62f49c1d1777e47;cycles=6;planted=1;d_b=16;m=5;gap=2;k=1,49775,false,9705,0.244,89,10,16,0.339,92,76,false,7,0.049
mixed-003-2,mixed,seed=0xf62f49c1d1777e47;cycles=6;planted=1;d_b=16;m=5;gap=2;k=1,49775,false,9705,0.244,89,10,32,0.646,89,10,false,7,0.048
mixed-003-2,mixed,seed=0xf62f49c1d1777e47;cycles=6;planted=1;d_b=16;m=5;gap=2;k=1,49775,false,9705,0.244,89,10,64,0.781,89,10,true,8,0.056
mixed-003-2,mixed,seed=0xf62f49c1d1777e47;cycles=6;planted=1;d_b=16;m=5;gap=2;k=1,49775,false,9705,0.244,89,10,128,0.749,89,10,true,8,0.050
mixed-003-2,mixed,seed=0xf62f49c1d1777e47;cycles=6;planted=1;d_b=16;m=5;gap=2;k=1,49775,false,9705,0.244,89,10,256,0.756,89,10,true,8,0.052
mixed-003-2,mixed,seed=0xf62f49c1d1777e47;cycles=6;planted=1;d_b=16;m=5;gap=2;k=1,49775,false,9705,0.244,89,10,512,0.759,89,10,true,8,0.053
mixed-003-2,mixed,seed=0xf62f49c1d1777e47;cycles=6;planted=1;d_b=16;m=5;gap=2;k=1,49775,false,9705,0.244,89,10,1024,0.750,89,10,true,8,0.051
mixed-003-2,mixed,seed=0xf62f49c1d1777e47;cycles=6;planted=1;d_b=16;m=5;gap=2;k=1,49775,false,9705,0.244,89,10,2048,0.741,89,10,true,8,0.050
mixed-003-2,mixed,seed=0xf62f49c1d1777e47;cycles=6;planted=1;d_b=16;m=5;gap=2;k=1,49775,false,9705,0.244,89,10,4096,0.751,89,10,true,8,0.051
mixed-003-2,mixed,seed=0xf62f49c1d1777e47;cycles=6;planted=1;d_b=16;m=5;gap=2;k=1,49775,false,9705,0.244,89,10,8192,0.768,89,10,true,8,0.052
mixed-003-2,mixed,seed=0xf62f49c1d1777e47;cycles=6;planted=1;d_b=16;m=5;gap=2;k=1,49775,false,9705,0.244,89,10,16384,0.742,89,10,true,8,0.050
dec-012,dec,d_b=3;m=5;gap=1;k=1;q=3;s=7,6,false,8,0.020,14,2,1,0.022,14,2,true,1,0.013
dec-012,dec,d_b=3;m=5;gap=1;k=1;q=3;s=7,6,false,8,0.020,14,2,2,0.022,14,2,true,1,0.014
dec-012,dec,d_b=3;m=5;gap=1;k=1;q=3;s=7,6,false,8,0.020,14,2,4,0.019,14,2,true,1,0.012
dec-012,dec,d_b=3;m=5;gap=1;k=1;q=3;s=7,6,false,8,0.020,14,2,8,0.020,14,2,true,1,0.012
dec-012,dec,d_b=3;m=5;gap=1;k=1;q=3;s=7,6,false,8,0.020,14,2,16,0.019,14,2,true,1,0.012
dec-012,dec,d_b=3;m=5;gap=1;k=1;q=3;s=7,6,false,8,0.020,14,2,32,0.019,14,2,true,1,0.012
dec-012,dec,d_b=3;m=5;gap=1;k=1;q=3;s=7,6,false,8,0.020,14,2,64,0.018,14,2,true,1,0.011
dec-012,dec,d_b=3;m=5;gap=1;k=1;q=3;s=7,6,false,8,0.020,14,2,128,0.019,14,2,true,1,0.012
dec-012,dec,d_b=3;m=5;gap=1;k=1;q=3;s=7,6,false,8,0.020,14,2,256,0.019,14,2,true,1,0.011
dec-012,dec,d_b=3;m=5;gap=1;k=1;q=3;s=7,6,false,8,0.020,14,2,512,0.018,14,2,true,1,0.011
dec-012,dec,d_b=3;m=5;gap=1;k=1;q=3;s=7,6,false,8,0.020,14,2,1024,0.019,14,2,true,1,0.012
dec-012,dec,d_b=3;m=5;gap=1;k=1;q=3;s=7,6,false,8,0.020,14,2,2048,0.018,14,2,true,1,0.011
dec-012,dec,d_b=3;m=5;gap=1;k=1;q=3;s=7,6,false,8,0.020,14,2,4096,0.018,14,2,true,1,0.011
dec-012,dec,d_b=3;m=5;gap=1;k=1;q=3;s=7,6,false,8,0.020,14,2,8192,0.018,14,2,true,1,0.011
dec-012,dec,d_b=3;m=5;gap=1;k=1;q=3;s=7,6,false,8,0.020,14,2,16384,0.018,14,2,true,1,0.011
mixed-004-0,mixed,seed=0xadd9160fc3327f78;cycles=6;planted=2;d_b=4;m=2;gap=1;k=2,13,false,14,0.025,7,2,1,0.026,7,2,true,1,0.019
mixed-004-0,mixed,seed=0xadd9160fc3327f78;cycles=6;planted=2;d_b=4;m=2;gap=1;k=2,13,false,14,0.025,7,2,2,0.025,7,2,true,1,0.018
mixed-004-0,mixed,seed=0xadd9160fc3327f78;cycles=6;planted=2;d_b=4;m=2;gap=1;k=2,13,false,14,0.025,7,2,4,0.027,7,2,true,1,0.020
mixed-004-0,mixed,seed=0xadd9160fc3327f78;cycles=6;planted=2;d_b=4;m=2;gap=1;k=2,13,false,14,0.025,7,2,8,0.023,7,2,true,1,0.017
mixed-004-0,mixed,seed=0xadd9160fc3327f78;cycles=6;planted=2;d_b=4;m=2;gap=1;k=2,13,false,14,0.025,7,2,16,0.023,7,2,true,1,0.017
mixed-004-0,mixed,seed=0xadd9160fc3327f78;cycles=6;planted=2;d_b=4;m=2;gap=1;k=2,13,false,14,0.025,7,2,32,0.022,7,2,true,1,0.017
mixed-004-0,mixed,seed=0xadd9160fc3327f78;cycles=6;planted=2;d_b=4;m=2;gap=1;k=2,13,false,14,0.025,7,2,64,0.023,7,2,true,1,0.017
mixed-004-0,mixed,seed=0xadd9160fc3327f78;cycles=6;planted=2;d_b=4;m=2;gap=1;k=2,13,false,14,0.025,7,2,128,0.022,7,2,true,1,0.016
mixed-004-0,mixed,seed=0xadd9160fc3327f78;cycles=6;planted=2;d_b=4;m=2;gap=1;k=2,13,false,14,0.025,7,2,256,0.022,7,2,true,1,0.017
mixed-004-0,mixed,seed=0xadd9160fc3327f78;cycles=6;planted=2;d_b=4;m=2;gap=1;k=2,13,false,14,0.025,7,2,512,0.022,7,2,true,1,0.016
mixed-004-0,mixed,seed=0xadd9160fc3327f78;cycles=6;planted=2;d_b=4;m=2;gap=1;k=2,13,false,14,0.025,7,2,1024,0.022,7,2,true,1,0.016
mixed-004-0,mixed,seed=0xadd9160fc3327f78;cycles=6;planted=2;d_b=4;m=2;gap=1;k=2,13,false,14,0.025,7,2,2048,0.022,7,2,true,1,0.016
mixed-004-0,mixed,seed=0xadd9160fc3327f78;cycles=6;planted=2;d_b=4;m=2;gap=1;k=2,13,false,14,0.025,7,2,4096,0.025,7,2,true,1,0.019
mixed-004-0,mixed,seed=0xadd9160fc3327f78;cycles=6;planted=2;d_b=4;m=2;gap=1;k=2,13,false,14,0.025,7,2,8192,0.023,7,2,true,1,0.017
mixed-004-0,mixed,seed=0xadd9160fc3327f78;cycles=6;planted=2;d_b=4;m=2;gap=1;k=2,13,false,14,0.025,7,2,16384,0.022,7,2,true,1,0.016
dec-013,dec,d_b=3;m=5;gap=1;k=2;q=3;s=7,9,false,11,0.028,14,2,1,0.028,14,2,true,1,0.021
dec-013,dec,d_b=3;m=5;gap=1;k=2;q=3;s=7,9,false,11,0.028,14,2,2,0.030,14,2,true,1,0.022
dec-013,dec,d_b=3;m=5;gap=1;k=2;q=3;s=7,9,false,11,0.028,14,2,4,0.026,14,2,true,1,0.019
dec-013,dec,d_b=3;m=5;gap=1;k=2;q=3;s=7,9,false,11,0.028,14,2,8,0.028,14,2,true,1,0.020
dec-013,dec,d_b=3;m=5;gap=1;k=2;q=3;s=7,9,false,11,0.028,14,2,16,0.026,14,2,true,1,0.019
dec-013,dec,d_b=3;m=5;gap=1;k=2;q=3;s=7,9,false,11,0.028,14,2,32,0.026,14,2,true,1,0.019
dec-013,dec,d_b=3;m=5;gap=1;k=2;q=3;s=7,9,false,11,0.028,14,2,64,0.026,14,2,true,1,0.019
dec-013,dec,d_b=3;m=5;gap=1;k=2;q=3;s=7,9,false,11,0.028,14,2,128,0.026,14,2,true,1,0.019
dec-013,dec,d_b=3;m=5;gap=1;k=2;q=3;s=7,9,false,11,0.028,14,2,256,0.026,14,2,true,1,0.019
dec-013,dec,d_b=3;m=5;gap=1;k=2;q=3;s=7,9,false,11,0.028,14,2,512,0.026,14,2,true,1,0.019
dec-013,dec,d_b=3;m=5;gap=1;k=2;q=3;s=7,9,false,11,0.028,14,2,1024,0.030,14,2,true,1,0.023
dec-013,dec,d_b=3;m=5;gap=1;k=2;q=3;s=7,9,false,11,0.028,14,2,2048,0.030,14,2,true,1,0.022
dec-013,dec,d_b=3;m=5;gap=1;k=2;q=3;s=7,9,false,11,0.028,14,2,4096,0.028,14,2,true,1,0.021
dec-013,dec,d_b=3;m=5;gap=1;k=2;q=3;s=7,9,false,11,0.028,14,2,8192,0.030,14,2,true,1,0.022
dec-013,dec,d_b=3;m=5;gap=1;k=2;q=3;s=7,9,false,11,0.028,14,2,16384,0.028,14,2,true,1,0.020
mixed-004-1,mixed,seed=0x3d3225a9b5826845;cycles=6;planted=2;d_b=4;m=2;gap=1;k=2,13999,false,3163,0.062,18,8,1,0.090,18,8,true,2,0.055
mixed-004-1,mixed,seed=0x3d3225a9b5826845;cycles=6;planted=2;d_b=4;m=2;gap=1;k=2,13999,false,3163,0.062,18,8,2,0.083,18,8,true,2,0.051
mixed-004-1,mixed,seed=0x3d3225a9b5826845;cycles=6;planted=2;d_b=4;m=2;gap=1;k=2,13999,false,3163,0.062,18,8,4,0.078,18,8,true,2,0.049
mixed-004-1,mixed,seed=0x3d3225a9b5826845;cycles=6;planted=2;d_b=4;m=2;gap=1;k=2,13999,false,3163,0.062,18,8,8,0.074,18,8,true,2,0.047
mixed-004-1,mixed,seed=0x3d3225a9b5826845;cycles=6;planted=2;d_b=4;m=2;gap=1;k=2,13999,false,3163,0.062,18,8,16,0.077,18,8,true,2,0.049
mixed-004-1,mixed,seed=0x3d3225a9b5826845;cycles=6;planted=2;d_b=4;m=2;gap=1;k=2,13999,false,3163,0.062,18,8,32,0.085,18,8,true,2,0.053
mixed-004-1,mixed,seed=0x3d3225a9b5826845;cycles=6;planted=2;d_b=4;m=2;gap=1;k=2,13999,false,3163,0.062,18,8,64,0.072,18,8,true,2,0.045
mixed-004-1,mixed,seed=0x3d3225a9b5826845;cycles=6;planted=2;d_b=4;m=2;gap=1;k=2,13999,false,3163,0.062,18,8,128,0.074,18,8,true,2,0.046
mixed-004-1,mixed,seed=0x3d3225a9b5826845;cycles=6;planted=2;d_b=4;m=2;gap=1;k=2,13999,false,3163,0.062,18,8,256,0.072,18,8,true,2,0.045
mixed-004-1,mixed,seed=0x3d3225a9b5826845;cycles=6;planted=2;d_b=4;m=2;gap=1;k=2,13999,false,3163,0.062,18,8,512,0.072,18,8,true,2,0.045
mixed-004-1,mixed,seed=0x3d3225a9b5826845;cycles=6;planted=2;d_b=4;m=2;gap=1;k=2,13999,false,3163,0.062,18,8,1024,0.071,18,8,true,2,0.044
mixed-004-1,mixed,seed=0x3d3225a9b5826845;cycles=6;planted=2;d_b=4;m=2;gap=1;k=2,13999,false,3163,0.062,18,8,2048,0.071,18,8,true,2,0.044
mixed-004-1,mixed,seed=0x3d3225a9b5826845;cycles=6;planted=2;d_b=4;m=2;gap=1;k=2,13999,false,3163,0.062,18,8,4096,0.071,18,8,true,2,0.045
mixed-004-1,mixed,seed=0x3d3225a9b5826845;cycles=6;planted=2;d_b=4;m=2;gap=1;k=2,13999,false,3163,0.062,18,8,8192,0.071,18,8,true,2,0.045
mixed-004-1,mixed,seed=0x3d3225a9b5826845;cycles=6;planted=2;d_b=4;m=2;gap=1;k=2,13999,false,3163,0.062,18,8,16384,0.071,18,8,true,2,0.044
dec-014,dec,d_b=3;m=5;gap=1;k=4;q=3;s=7,15,false,17,0.045,14,2,1,0.011,15,14,false,0,0.000
dec-014,dec,d_b=3;m=5;gap=1;k=4;q=3;s=7,15,false,17,0.045,14,2,2,0.014,15,14,false,0,0.000
dec-014,dec,d_b=3;m=5;gap=1;k=4;q=3;s=7,15,false,17,0.045,14,2,4,0.024,15,14,false,0,0.000
dec-014,dec,d_b=3;m=5;gap=1;k=4;q=3;s=7,15,false,17,0.045,14,2,8,0.052,14,2,true,1,0.020
dec-014,dec,d_b=3;m=5;gap=1;k=4;q=3;s=7,15,false,17,0.045,14,2,16,0.050,14,2,true,1,0.020
dec-014,dec,d_b=3;m=5;gap=1;k=4;q=3;s=7,15,false,17,0.045,14,2,32,0.047,14,2,true,1,0.018
dec-014,dec,d_b=3;m=5;gap=1;k=4;q=3;s=7,15,false,17,0.045,14,2,64,0.047,14,2,true,1,0.018
dec-014,dec,d_b=3;m=5;gap=1;k=4;q=3;s=7,15,false,17,0.045,14,2,128,0.045,14,2,true,1,0.017
dec-014,dec,d_b=3;m=5;gap=1;k=4;q=3;s=7,15,false,17,0.045,14,2,256,0.045,14,2,true,1,0.018
dec-014,dec,d_b=3;m=5;gap=1;k=4;q=3;s=7,15,false,17,0.045,14,2,512,0.044,14,2,true,1,0.017
dec-014,dec,d_b=3;m=5;gap=1;k=4;q=3;s=7,15,false,17,0.045,14,2,1024,0.044,14,2,true,1,0.017
dec-014,dec,d_b=3;m=5;gap=1;k=4;q=3;s=7,15,false,17,0.045,14,2,2048,0.044,14,2,true,1,0.017
dec-014,dec,d_b=3;m=5;gap=1;k=4;q=3;s=7,15,false,17,0.045,14,2,4096,0.050,14,2,true,1,0.020
dec-014,dec,d_b=3;m=5;gap=1;k=4;q=3;s=7,15,false,17,0.045,14,2,8192,0.044,14,2,true,1,0.017
dec-014,dec,d_b=3;m=5;gap=1;k=4;q=3;s=7,15,false,17,0.045,14,2,16384,0.046,14,2,true,1,0.018
mixed-004-2,mixed,seed=0xd6d40eac409a92b0;cycles=6;planted=2;d_b=4;m=2;gap=1;k=2,25,false,29,0.049,13,4,1,0.047,13,4,true,1,0.037
mixed-004-2,mixed,seed=0xd6d40eac409a92b0;cycles=6;planted=2;d_b=4;m=2;gap=1;k=2,25,false,29,0.049,13,4,2,0.046,13,4,true,1,0.035
mixed-004-2,mixed,seed=0xd6d40eac409a92b0;cycles=6;planted=2;d_b=4;m=2;gap=1;k=2,25,false,29,0.049,13,4,4,0.043,13,4,true,1,0.033
mixed-004-2,mixed,seed=0xd6d40eac409a92b0;cycles=6;planted=2;d_b=4;m=2;gap=1;k=2,25,false,29,0.049,13,4,8,0.043,13,4,true,1,0.034
mixed-004-2,mixed,seed=0xd6d40eac409a92b0;cycles=6;planted=2;d_b=4;m=2;gap=1;k=2,25,false,29,0.049,13,4,16,0.046,13,4,true,1,0.036
mixed-004-2,mixed,seed=0xd6d40eac409a92b0;cycles=6;planted=2;d_b=4;m=2;gap=1;k=2,25,false,29,0.049,13,4,32,0.048,13,4,true,1,0.037
mixed-004-2,mixed,seed=0xd6d40eac409a92b0;cycles=6;planted=2;d_b=4;m=2;gap=1;k=2,25,false,29,0.049,13,4,64,0.041,13,4,true,1,0.032
mixed-004-2,mixed,seed=0xd6d40eac409a92b0;cycles=6;planted=2;d_b=4;m=2;gap=1;k=2,25,false,29,0.049,13,4,128,0.043,13,4,true,1,0.033
mixed-004-2,mixed,seed=0xd6d40eac409a92b0;cycles=6;planted=2;d_b=4;m=2;gap=1;k=2,25,false,29,0.049,13,4,256,0.042,13,4,true,1,0.032
mixed-004-2,mixed,seed=0xd6d40eac409a92b0;cycles=6;planted=2;d_b=4;m=2;gap=1;k=2,25,false,29,0.049,13,4,512,0.041,13,4,true,1,0.032
mixed-004-2,mixed,seed=0xd6d40eac409a92b0;cycles=6;planted=2;d_b=4;m=2;gap=1;k=2,25,false,29,0.049,13,4,1024,0.041,13,4,true,1,0.032
mixed-004-2,mixed,seed=0xd6d40eac409a92b0;cycles=6;planted=2;d_b=4;m=2;gap=1;k=2,25,false,29,0.049,13,4,2048,0.041,13,4,true,1,0.032
mixed-004-2,mixed,seed=0xd6d40eac409a92b0;cycles=6;planted=2;d_b=4;m=2;gap=1;k=2,25,false,29,0.049,13,4,4096,0.041,13,4,true,1,0.032
mixed-004-2,mixed,seed=0xd6d40eac409a92b0;cycles=6;planted=2;d_b=4;m=2;gap=1;k=2,25,false,29,0.049,13,4,8192,0.041,13,4,true,1,0.032
mixed-004-2,mixed,seed=0xd6d40eac409a92b0;cycles=6;planted=2;d_b=4;m=2;gap=1;k=2,25,false,29,0.049,13,4,16384,0.041,13,4,true,1,0.032
dec-015,dec,d_b=3;m=5;gap=3;k=1;q=3;s=8,6,false,8,0.019,14,2,1,0.021,14,2,true,1,0.012
dec-015,dec,d_b=3;m=5;gap=3;k=1;q=3;s=8,6,false,8,0.019,14,2,2,0.021,14,2,true,1,0.013
dec-015,dec,d_b=3;m=5;gap=3;k=1;q=3;s=8,6,false,8,0.019,14,2,4,0.019,14,2,true,1,0.012
dec-015,dec,d_b=3;m=5;gap=3;k=1;q=3;s=8,6,false,8,0.019,14,2,8,0.020,14,2,true,1,0.012
dec-015,dec,d_b=3;m=5;gap=3;k=1;q=3;s=8,6,false,8,0.019,14,2,16,0.019,14,2,true,1,0.011
dec-015,dec,d_b=3;m=5;gap=3;k=1;q=3;s=8,6,false,8,0.019,14,2,32,0.019,14,2,true,1,0.012
dec-015,dec,d_b=3;m=5;gap=3;k=1;q=3;s=8,6,false,8,0.019,14,2,64,0.019,14,2,true,1,0.011
dec-015,dec,d_b=3;m=5;gap=3;k=1;q=3;s=8,6,false,8,0.019,14,2,128,0.019,14,2,true,1,0.011
dec-015,dec,d_b=3;m=5;gap=3;k=1;q=3;s=8,6,false,8,0.019,14,2,256,0.019,14,2,true,1,0.011
dec-015,dec,d_b=3;m=5;gap=3;k=1;q=3;s=8,6,false,8,0.019,14,2,512,0.019,14,2,true,1,0.011
dec-015,dec,d_b=3;m=5;gap=3;k=1;q=3;s=8,6,false,8,0.019,14,2,1024,0.019,14,2,true,1,0.011
dec-015,dec,d_b=3;m=5;gap=3;k=1;q=3;s=8,6,false,8,0.019,14,2,2048,0.018,14,2,true,1,0.011
dec-015,dec,d_b=3;m=5;gap=3;k=1;q=3;s=8,6,false,8,0.019,14,2,4096,0.019,14,2,true,1,0.011
dec-015,dec,d_b=3;m=5;gap=3;k=1;q=3;s=8,6,false,8,0.019,14,2,8192,0.019,14,2,true,1,0.011
dec-015,dec,d_b=3;m=5;gap=3;k=1;q=3;s=8,6,false,8,0.019,14,2,16384,0.019,14,2,true,1,0.011
mixed-005-0,mixed,seed=0x14a15165be2b2690;cycles=6;planted=2;d_b=8;m=3;gap=2;k=2,14024,false,3183,0.130,41,6,1,0.040,47,42,false,1,0.008
mixed-005-0,mixed,seed=0x14a15165be2b2690;cycles=6;planted=2;d_b=8;m=3;gap=2;k=2,14024,false,3183,0.130,41,6,2,0.047,47,42,false,1,0.008
mixed-005-0,mixed,seed=0x14a15165be2b2690;cycles=6;planted=2;d_b=8;m=3;gap=2;k=2,14024,false,3183,0.130,41,6,4,0.048,47,42,false,1,0.008
mixed-005-0,mixed,seed=0x14a15165be2b2690;cycles=6;planted=2;d_b=8;m=3;gap=2;k=2,14024,false,3183,0.130,41,6,8,0.068,47,42,false,1,0.007
mixed-005-0,mixed,seed=0x14a15165be2b2690;cycles=6;planted=2;d_b=8;m=3;gap=2;k=2,14024,false,3183,0.130,41,6,16,0.110,47,42,false,1,0.008
mixed-005-0,mixed,seed=0x14a15165be2b2690;cycles=6;planted=2;d_b=8;m=3;gap=2;k=2,14024,false,3183,0.130,41,6,32,0.206,41,6,false,1,0.007
mixed-005-0,mixed,seed=0x14a15165be2b2690;cycles=6;planted=2;d_b=8;m=3;gap=2;k=2,14024,false,3183,0.130,41,6,64,0.264,41,6,true,3,0.017
mixed-005-0,mixed,seed=0x14a15165be2b2690;cycles=6;planted=2;d_b=8;m=3;gap=2;k=2,14024,false,3183,0.130,41,6,128,0.258,41,6,true,3,0.016
mixed-005-0,mixed,seed=0x14a15165be2b2690;cycles=6;planted=2;d_b=8;m=3;gap=2;k=2,14024,false,3183,0.130,41,6,256,0.267,41,6,true,3,0.016
mixed-005-0,mixed,seed=0x14a15165be2b2690;cycles=6;planted=2;d_b=8;m=3;gap=2;k=2,14024,false,3183,0.130,41,6,512,0.254,41,6,true,3,0.016
mixed-005-0,mixed,seed=0x14a15165be2b2690;cycles=6;planted=2;d_b=8;m=3;gap=2;k=2,14024,false,3183,0.130,41,6,1024,0.256,41,6,true,3,0.015
mixed-005-0,mixed,seed=0x14a15165be2b2690;cycles=6;planted=2;d_b=8;m=3;gap=2;k=2,14024,false,3183,0.130,41,6,2048,0.252,41,6,true,3,0.015
mixed-005-0,mixed,seed=0x14a15165be2b2690;cycles=6;planted=2;d_b=8;m=3;gap=2;k=2,14024,false,3183,0.130,41,6,4096,0.273,41,6,true,3,0.017
mixed-005-0,mixed,seed=0x14a15165be2b2690;cycles=6;planted=2;d_b=8;m=3;gap=2;k=2,14024,false,3183,0.130,41,6,8192,0.262,41,6,true,3,0.016
mixed-005-0,mixed,seed=0x14a15165be2b2690;cycles=6;planted=2;d_b=8;m=3;gap=2;k=2,14024,false,3183,0.130,41,6,16384,0.251,41,6,true,3,0.015
dec-016,dec,d_b=3;m=5;gap=3;k=2;q=3;s=8,9,false,11,0.029,14,2,1,0.030,14,2,true,1,0.021
dec-016,dec,d_b=3;m=5;gap=3;k=2;q=3;s=8,9,false,11,0.029,14,2,2,0.031,14,2,true,1,0.022
dec-016,dec,d_b=3;m=5;gap=3;k=2;q=3;s=8,9,false,11,0.029,14,2,4,0.028,14,2,true,1,0.020
dec-016,dec,d_b=3;m=5;gap=3;k=2;q=3;s=8,9,false,11,0.029,14,2,8,0.029,14,2,true,1,0.021
dec-016,dec,d_b=3;m=5;gap=3;k=2;q=3;s=8,9,false,11,0.029,14,2,16,0.027,14,2,true,1,0.020
dec-016,dec,d_b=3;m=5;gap=3;k=2;q=3;s=8,9,false,11,0.029,14,2,32,0.028,14,2,true,1,0.020
dec-016,dec,d_b=3;m=5;gap=3;k=2;q=3;s=8,9,false,11,0.029,14,2,64,0.027,14,2,true,1,0.020
dec-016,dec,d_b=3;m=5;gap=3;k=2;q=3;s=8,9,false,11,0.029,14,2,128,0.027,14,2,true,1,0.020
dec-016,dec,d_b=3;m=5;gap=3;k=2;q=3;s=8,9,false,11,0.029,14,2,256,0.030,14,2,true,1,0.022
dec-016,dec,d_b=3;m=5;gap=3;k=2;q=3;s=8,9,false,11,0.029,14,2,512,0.027,14,2,true,1,0.019
dec-016,dec,d_b=3;m=5;gap=3;k=2;q=3;s=8,9,false,11,0.029,14,2,1024,0.030,14,2,true,1,0.021
dec-016,dec,d_b=3;m=5;gap=3;k=2;q=3;s=8,9,false,11,0.029,14,2,2048,0.027,14,2,true,1,0.019
dec-016,dec,d_b=3;m=5;gap=3;k=2;q=3;s=8,9,false,11,0.029,14,2,4096,0.028,14,2,true,1,0.020
dec-016,dec,d_b=3;m=5;gap=3;k=2;q=3;s=8,9,false,11,0.029,14,2,8192,0.031,14,2,true,1,0.022
dec-016,dec,d_b=3;m=5;gap=3;k=2;q=3;s=8,9,false,11,0.029,14,2,16384,0.027,14,2,true,1,0.019
mixed-005-1,mixed,seed=0xd7ce4523e1d5f8c1;cycles=6;planted=2;d_b=8;m=3;gap=2;k=2,26465,false,5748,0.161,53,12,1,0.070,59,48,false,1,0.009
mixed-005-1,mixed,seed=0xd7ce4523e1d5f8c1;cycles=6;planted=2;d_b=8;m=3;gap=2;k=2,26465,false,5748,0.161,53,12,2,0.080,59,48,false,1,0.009
mixed-005-1,mixed,seed=0xd7ce4523e1d5f8c1;cycles=6;planted=2;d_b=8;m=3;gap=2;k=2,26465,false,5748,0.161,53,12,4,0.093,59,48,false,1,0.009
mixed-005-1,mixed,seed=0xd7ce4523e1d5f8c1;cycles=6;planted=2;d_b=8;m=3;gap=2;k=2,26465,false,5748,0.161,53,12,8,0.131,59,48,false,2,0.016
mixed-005-1,mixed,seed=0xd7ce4523e1d5f8c1;cycles=6;planted=2;d_b=8;m=3;gap=2;k=2,26465,false,5748,0.161,53,12,16,0.179,59,48,false,2,0.015
mixed-005-1,mixed,seed=0xd7ce4523e1d5f8c1;cycles=6;planted=2;d_b=8;m=3;gap=2;k=2,26465,false,5748,0.161,53,12,32,0.303,53,12,false,2,0.015
mixed-005-1,mixed,seed=0xd7ce4523e1d5f8c1;cycles=6;planted=2;d_b=8;m=3;gap=2;k=2,26465,false,5748,0.161,53,12,64,0.396,53,12,true,4,0.024
mixed-005-1,mixed,seed=0xd7ce4523e1d5f8c1;cycles=6;planted=2;d_b=8;m=3;gap=2;k=2,26465,false,5748,0.161,53,12,128,0.405,53,12,true,4,0.024
mixed-005-1,mixed,seed=0xd7ce4523e1d5f8c1;cycles=6;planted=2;d_b=8;m=3;gap=2;k=2,26465,false,5748,0.161,53,12,256,0.393,53,12,true,4,0.023
mixed-005-1,mixed,seed=0xd7ce4523e1d5f8c1;cycles=6;planted=2;d_b=8;m=3;gap=2;k=2,26465,false,5748,0.161,53,12,512,0.393,53,12,true,4,0.024
mixed-005-1,mixed,seed=0xd7ce4523e1d5f8c1;cycles=6;planted=2;d_b=8;m=3;gap=2;k=2,26465,false,5748,0.161,53,12,1024,0.388,53,12,true,4,0.023
mixed-005-1,mixed,seed=0xd7ce4523e1d5f8c1;cycles=6;planted=2;d_b=8;m=3;gap=2;k=2,26465,false,5748,0.161,53,12,2048,0.400,53,12,true,4,0.024
mixed-005-1,mixed,seed=0xd7ce4523e1d5f8c1;cycles=6;planted=2;d_b=8;m=3;gap=2;k=2,26465,false,5748,0.161,53,12,4096,0.410,53,12,true,4,0.024
mixed-005-1,mixed,seed=0xd7ce4523e1d5f8c1;cycles=6;planted=2;d_b=8;m=3;gap=2;k=2,26465,false,5748,0.161,53,12,8192,0.394,53,12,true,4,0.023
mixed-005-1,mixed,seed=0xd7ce4523e1d5f8c1;cycles=6;planted=2;d_b=8;m=3;gap=2;k=2,26465,false,5748,0.161,53,12,16384,0.385,53,12,true,4,0.023
dec-017,dec,d_b=3;m=5;gap=3;k=4;q=3;s=8,15,false,17,0.044,14,2,1,0.011,17,16,false,0,0.000
dec-017,dec,d_b=3;m=5;gap=3;k=4;q=3;s=8,15,false,17,0.044,14,2,2,0.016,17,16,false,0,0.000
dec-017,dec,d_b=3;m=5;gap=3;k=4;q=3;s=8,15,false,17,0.044,14,2,4,0.024,17,16,false,0,0.000
dec-017,dec,d_b=3;m=5;gap=3;k=4;q=3;s=8,15,false,17,0.044,14,2,8,0.046,14,2,false,0,0.000
dec-017,dec,d_b=3;m=5;gap=3;k=4;q=3;s=8,15,false,17,0.044,14,2,16,0.059,14,2,true,1,0.004
dec-017,dec,d_b=3;m=5;gap=3;k=4;q=3;s=8,15,false,17,0.044,14,2,32,0.056,14,2,true,1,0.004
dec-017,dec,d_b=3;m=5;gap=3;k=4;q=3;s=8,15,false,17,0.044,14,2,64,0.055,14,2,true,1,0.004
dec-017,dec,d_b=3;m=5;gap=3;k=4;q=3;s=8,15,false,17,0.044,14,2,128,0.055,14,2,true,1,0.004
dec-017,dec,d_b=3;m=5;gap=3;k=4;q=3;s=8,15,false,17,0.044,14,2,256,0.054,14,2,true,1,0.004
dec-017,dec,d_b=3;m=5;gap=3;k=4;q=3;s=8,15,false,17,0.044,14,2,512,0.053,14,2,true,1,0.003
dec-017,dec,d_b=3;m=5;gap=3;k=4;q=3;s=8,15,false,17,0.044,14,2,1024,0.053,14,2,true,1,0.003
dec-017,dec,d_b=3;m=5;gap=3;k=4;q=3;s=8,15,false,17,0.044,14,2,2048,0.053,14,2,true,1,0.003
dec-017,dec,d_b=3;m=5;gap=3;k=4;q=3;s=8,15,false,17,0.044,14,2,4096,0.054,14,2,true,1,0.003
dec-017,dec,d_b=3;m=5;gap=3;k=4;q=3;s=8,15,false,17,0.044,14,2,8192,0.053,14,2,true,1,0.003
dec-017,dec,d_b=3;m=5;gap=3;k=4;q=3;s=8,15,false,17,0.044,14,2,16384,0.060,14,2,true,1,0.004
mixed-005-2,mixed,seed=0x62a455ca820f081c;cycles=6;planted=2;d_b=8;m=3;gap=2;k=2,26338,false,5770,0.208,63,12,1,0.145,69,48,false,2,0.013
mixed-005-2,mixed,seed=0x62a455ca820f081c;cycles=6;planted=2;d_b=8;m=3;gap=2;k=2,26338,false,5770,0.208,63,12,2,0.139,69,48,false,2,0.011
mixed-005-2,mixed,seed=0x62a455ca820f081c;cycles=6;planted=2;d_b=8;m=3;gap=2;k=2,26338,false,5770,0.208,63,12,4,0.170,69,48,false,2,0.011
mixed-005-2,mixed,seed=0x62a455ca820f081c;cycles=6;planted=2;d_b=8;m=3;gap=2;k=2,26338,false,5770,0.208,63,12,8,0.271,69,48,false,3,0.018
mixed-005-2,mixed,seed=0x62a455ca820f081c;cycles=6;planted=2;d_b=8;m=3;gap=2;k=2,26338,false,5770,0.208,63,12,16,0.460,69,48,false,3,0.017
mixed-005-2,mixed,seed=0x62a455ca820f081c;cycles=6;planted=2;d_b=8;m=3;gap=2;k=2,26338,false,5770,0.208,63,12,32,0.864,63,12,false,3,0.017
mixed-005-2,mixed,seed=0x62a455ca820f081c;cycles=6;planted=2;d_b=8;m=3;gap=2;k=2,26338,false,5770,0.208,63,12,64,1.152,63,12,true,5,0.027
mixed-005-2,mixed,seed=0x62a455ca820f081c;cycles=6;planted=2;d_b=8;m=3;gap=2;k=2,26338,false,5770,0.208,63,12,128,1.154,63,12,true,5,0.026
mixed-005-2,mixed,seed=0x62a455ca820f081c;cycles=6;planted=2;d_b=8;m=3;gap=2;k=2,26338,false,5770,0.208,63,12,256,1.142,63,12,true,5,0.026
mixed-005-2,mixed,seed=0x62a455ca820f081c;cycles=6;planted=2;d_b=8;m=3;gap=2;k=2,26338,false,5770,0.208,63,12,512,1.216,63,12,true,5,0.027
mixed-005-2,mixed,seed=0x62a455ca820f081c;cycles=6;planted=2;d_b=8;m=3;gap=2;k=2,26338,false,5770,0.208,63,12,1024,1.136,63,12,true,5,0.026
mixed-005-2,mixed,seed=0x62a455ca820f081c;cycles=6;planted=2;d_b=8;m=3;gap=2;k=2,26338,false,5770,0.208,63,12,2048,1.189,63,12,true,5,0.028
mixed-005-2,mixed,seed=0x62a455ca820f081c;cycles=6;planted=2;d_b=8;m=3;gap=2;k=2,26338,false,5770,0.208,63,12,4096,1.160,63,12,true,5,0.026
mixed-005-2,mixed,seed=0x62a455ca820f081c;cycles=6;planted=2;d_b=8;m=3;gap=2;k=2,26338,false,5770,0.208,63,12,8192,1.233,63,12,true,5,0.033
mixed-005-2,mixed,seed=0x62a455ca820f081c;cycles=6;planted=2;d_b=8;m=3;gap=2;k=2,26338,false,5770,0.208,63,12,16384,1.155,63,12,true,5,0.029
dec-018,dec,d_b=3;m=5;gap=7;k=1;q=3;s=10,6,false,8,0.018,14,2,1,0.022,14,2,true,1,0.012
dec-018,dec,d_b=3;m=5;gap=7;k=1;q=3;s=10,6,false,8,0.018,14,2,2,0.019,14,2,true,1,0.010
dec-018,dec,d_b=3;m=5;gap=7;k=1;q=3;s=10,6,false,8,0.018,14,2,4,0.019,14,2,true,1,0.010
dec-018,dec,d_b=3;m=5;gap=7;k=1;q=3;s=10,6,false,8,0.018,14,2,8,0.017,14,2,true,1,0.009
dec-018,dec,d_b=3;m=5;gap=7;k=1;q=3;s=10,6,false,8,0.018,14,2,16,0.017,14,2,true,1,0.009
dec-018,dec,d_b=3;m=5;gap=7;k=1;q=3;s=10,6,false,8,0.018,14,2,32,0.017,14,2,true,1,0.009
dec-018,dec,d_b=3;m=5;gap=7;k=1;q=3;s=10,6,false,8,0.018,14,2,64,0.017,14,2,true,1,0.009
dec-018,dec,d_b=3;m=5;gap=7;k=1;q=3;s=10,6,false,8,0.018,14,2,128,0.017,14,2,true,1,0.009
dec-018,dec,d_b=3;m=5;gap=7;k=1;q=3;s=10,6,false,8,0.018,14,2,256,0.017,14,2,true,1,0.009
dec-018,dec,d_b=3;m=5;gap=7;k=1;q=3;s=10,6,false,8,0.018,14,2,512,0.016,14,2,true,1,0.008
dec-018,dec,d_b=3;m=5;gap=7;k=1;q=3;s=10,6,false,8,0.018,14,2,1024,0.016,14,2,true,1,0.009
dec-018,dec,d_b=3;m=5;gap=7;k=1;q=3;s=10,6,false,8,0.018,14,2,2048,0.016,14,2,true,1,0.009
dec-018,dec,d_b=3;m=5;gap=7;k=1;q=3;s=10,6,false,8,0.018,14,2,4096,0.016,14,2,true,1,0.009
dec-018,dec,d_b=3;m=5;gap=7;k=1;q=3;s=10,6,false,8,0.018,14,2,8192,0.021,14,2,true,1,0.011
dec-018,dec,d_b=3;m=5;gap=7;k=1;q=3;s=10,6,false,8,0.018,14,2,16384,0.022,14,2,true,1,0.012
mixed-006-0,mixed,seed=0x656577c8c127b0fb;cycles=6;planted=2;d_b=12;m=2;gap=6;k=4,62,false,63,0.110,16,2,1,0.021,23,20,false,0,0.000
mixed-006-0,mixed,seed=0x656577c8c127b0fb;cycles=6;planted=2;d_b=12;m=2;gap=6;k=4,62,false,63,0.110,16,2,2,0.023,23,20,false,0,0.000
mixed-006-0,mixed,seed=0x656577c8c127b0fb;cycles=6;planted=2;d_b=12;m=2;gap=6;k=4,62,false,63,0.110,16,2,4,0.032,23,20,false,0,0.000
mixed-006-0,mixed,seed=0x656577c8c127b0fb;cycles=6;planted=2;d_b=12;m=2;gap=6;k=4,62,false,63,0.110,16,2,8,0.056,23,20,false,0,0.000
mixed-006-0,mixed,seed=0x656577c8c127b0fb;cycles=6;planted=2;d_b=12;m=2;gap=6;k=4,62,false,63,0.110,16,2,16,0.110,23,20,false,0,0.000
mixed-006-0,mixed,seed=0x656577c8c127b0fb;cycles=6;planted=2;d_b=12;m=2;gap=6;k=4,62,false,63,0.110,16,2,32,0.224,16,2,false,0,0.000
mixed-006-0,mixed,seed=0x656577c8c127b0fb;cycles=6;planted=2;d_b=12;m=2;gap=6;k=4,62,false,63,0.110,16,2,64,0.439,16,2,true,1,0.011
mixed-006-0,mixed,seed=0x656577c8c127b0fb;cycles=6;planted=2;d_b=12;m=2;gap=6;k=4,62,false,63,0.110,16,2,128,0.424,16,2,true,1,0.006
mixed-006-0,mixed,seed=0x656577c8c127b0fb;cycles=6;planted=2;d_b=12;m=2;gap=6;k=4,62,false,63,0.110,16,2,256,0.415,16,2,true,1,0.005
mixed-006-0,mixed,seed=0x656577c8c127b0fb;cycles=6;planted=2;d_b=12;m=2;gap=6;k=4,62,false,63,0.110,16,2,512,0.394,16,2,true,1,0.004
mixed-006-0,mixed,seed=0x656577c8c127b0fb;cycles=6;planted=2;d_b=12;m=2;gap=6;k=4,62,false,63,0.110,16,2,1024,0.394,16,2,true,1,0.004
mixed-006-0,mixed,seed=0x656577c8c127b0fb;cycles=6;planted=2;d_b=12;m=2;gap=6;k=4,62,false,63,0.110,16,2,2048,0.405,16,2,true,1,0.004
mixed-006-0,mixed,seed=0x656577c8c127b0fb;cycles=6;planted=2;d_b=12;m=2;gap=6;k=4,62,false,63,0.110,16,2,4096,0.397,16,2,true,1,0.004
mixed-006-0,mixed,seed=0x656577c8c127b0fb;cycles=6;planted=2;d_b=12;m=2;gap=6;k=4,62,false,63,0.110,16,2,8192,0.421,16,2,true,1,0.005
mixed-006-0,mixed,seed=0x656577c8c127b0fb;cycles=6;planted=2;d_b=12;m=2;gap=6;k=4,62,false,63,0.110,16,2,16384,0.412,16,2,true,1,0.007
dec-019,dec,d_b=3;m=5;gap=7;k=2;q=3;s=10,9,false,11,0.025,14,2,1,0.012,21,20,false,0,0.000
dec-019,dec,d_b=3;m=5;gap=7;k=2;q=3;s=10,9,false,11,0.025,14,2,2,0.020,21,20,false,0,0.000
dec-019,dec,d_b=3;m=5;gap=7;k=2;q=3;s=10,9,false,11,0.025,14,2,4,0.030,14,2,true,1,0.006
dec-019,dec,d_b=3;m=5;gap=7;k=2;q=3;s=10,9,false,11,0.025,14,2,8,0.056,14,2,true,1,0.018
dec-019,dec,d_b=3;m=5;gap=7;k=2;q=3;s=10,9,false,11,0.025,14,2,16,0.033,14,2,true,1,0.007
dec-019,dec,d_b=3;m=5;gap=7;k=2;q=3;s=10,9,false,11,0.025,14,2,32,0.033,14,2,true,1,0.006
dec-019,dec,d_b=3;m=5;gap=7;k=2;q=3;s=10,9,false,11,0.025,14,2,64,0.026,14,2,true,1,0.005
dec-019,dec,d_b=3;m=5;gap=7;k=2;q=3;s=10,9,false,11,0.025,14,2,128,0.032,14,2,true,1,0.006
dec-019,dec,d_b=3;m=5;gap=7;k=2;q=3;s=10,9,false,11,0.025,14,2,256,0.025,14,2,true,1,0.005
dec-019,dec,d_b=3;m=5;gap=7;k=2;q=3;s=10,9,false,11,0.025,14,2,512,0.025,14,2,true,1,0.005
dec-019,dec,d_b=3;m=5;gap=7;k=2;q=3;s=10,9,false,11,0.025,14,2,1024,0.026,14,2,true,1,0.005
dec-019,dec,d_b=3;m=5;gap=7;k=2;q=3;s=10,9,false,11,0.025,14,2,2048,0.029,14,2,true,1,0.005
dec-019,dec,d_b=3;m=5;gap=7;k=2;q=3;s=10,9,false,11,0.025,14,2,4096,0.024,14,2,true,1,0.005
dec-019,dec,d_b=3;m=5;gap=7;k=2;q=3;s=10,9,false,11,0.025,14,2,8192,0.025,14,2,true,1,0.005
dec-019,dec,d_b=3;m=5;gap=7;k=2;q=3;s=10,9,false,11,0.025,14,2,16384,0.024,14,2,true,1,0.004
mixed-006-1,mixed,seed=0xae94a088492c1244;cycles=6;planted=2;d_b=12;m=2;gap=6;k=4,37081,false,7840,0.263,47,12,1,0.131,61,48,false,1,0.023
mixed-006-1,mixed,seed=0xae94a088492c1244;cycles=6;planted=2;d_b=12;m=2;gap=6;k=4,37081,false,7840,0.263,47,12,2,0.139,61,48,false,1,0.022
mixed-006-1,mixed,seed=0xae94a088492c1244;cycles=6;planted=2;d_b=12;m=2;gap=6;k=4,37081,false,7840,0.263,47,12,4,0.160,61,48,false,1,0.021
mixed-006-1,mixed,seed=0xae94a088492c1244;cycles=6;planted=2;d_b=12;m=2;gap=6;k=4,37081,false,7840,0.263,47,12,8,0.206,61,48,false,2,0.027
mixed-006-1,mixed,seed=0xae94a088492c1244;cycles=6;planted=2;d_b=12;m=2;gap=6;k=4,37081,false,7840,0.263,47,12,16,0.343,61,48,false,2,0.030
mixed-006-1,mixed,seed=0xae94a088492c1244;cycles=6;planted=2;d_b=12;m=2;gap=6;k=4,37081,false,7840,0.263,47,12,32,0.558,54,30,false,2,0.026
mixed-006-1,mixed,seed=0xae94a088492c1244;cycles=6;planted=2;d_b=12;m=2;gap=6;k=4,37081,false,7840,0.263,47,12,64,1.086,47,12,false,2,0.028
mixed-006-1,mixed,seed=0xae94a088492c1244;cycles=6;planted=2;d_b=12;m=2;gap=6;k=4,37081,false,7840,0.263,47,12,128,1.957,47,12,true,4,0.033
mixed-006-1,mixed,seed=0xae94a088492c1244;cycles=6;planted=2;d_b=12;m=2;gap=6;k=4,37081,false,7840,0.263,47,12,256,2.004,47,12,true,4,0.034
mixed-006-1,mixed,seed=0xae94a088492c1244;cycles=6;planted=2;d_b=12;m=2;gap=6;k=4,37081,false,7840,0.263,47,12,512,1.929,47,12,true,4,0.032
mixed-006-1,mixed,seed=0xae94a088492c1244;cycles=6;planted=2;d_b=12;m=2;gap=6;k=4,37081,false,7840,0.263,47,12,1024,1.984,47,12,true,4,0.035
mixed-006-1,mixed,seed=0xae94a088492c1244;cycles=6;planted=2;d_b=12;m=2;gap=6;k=4,37081,false,7840,0.263,47,12,2048,2.006,47,12,true,4,0.037
mixed-006-1,mixed,seed=0xae94a088492c1244;cycles=6;planted=2;d_b=12;m=2;gap=6;k=4,37081,false,7840,0.263,47,12,4096,2.002,47,12,true,4,0.036
mixed-006-1,mixed,seed=0xae94a088492c1244;cycles=6;planted=2;d_b=12;m=2;gap=6;k=4,37081,false,7840,0.263,47,12,8192,1.924,47,12,true,4,0.032
mixed-006-1,mixed,seed=0xae94a088492c1244;cycles=6;planted=2;d_b=12;m=2;gap=6;k=4,37081,false,7840,0.263,47,12,16384,2.000,47,12,true,4,0.034
dec-020,dec,d_b=3;m=5;gap=7;k=4;q=3;s=10,15,false,17,0.036,14,2,1,0.013,21,20,false,0,0.000
dec-020,dec,d_b=3;m=5;gap=7;k=4;q=3;s=10,15,false,17,0.036,14,2,2,0.018,21,20,false,0,0.000
dec-020,dec,d_b=3;m=5;gap=7;k=4;q=3;s=10,15,false,17,0.036,14,2,4,0.027,21,20,false,0,0.000
dec-020,dec,d_b=3;m=5;gap=7;k=4;q=3;s=10,15,false,17,0.036,14,2,8,0.053,14,2,false,0,0.000
dec-020,dec,d_b=3;m=5;gap=7;k=4;q=3;s=10,15,false,17,0.036,14,2,16,0.066,14,2,true,1,0.004
dec-020,dec,d_b=3;m=5;gap=7;k=4;q=3;s=10,15,false,17,0.036,14,2,32,0.067,14,2,true,1,0.004
dec-020,dec,d_b=3;m=5;gap=7;k=4;q=3;s=10,15,false,17,0.036,14,2,64,0.060,14,2,true,1,0.004
dec-020,dec,d_b=3;m=5;gap=7;k=4;q=3;s=10,15,false,17,0.036,14,2,128,0.062,14,2,true,1,0.004
dec-020,dec,d_b=3;m=5;gap=7;k=4;q=3;s=10,15,false,17,0.036,14,2,256,0.059,14,2,true,1,0.003
dec-020,dec,d_b=3;m=5;gap=7;k=4;q=3;s=10,15,false,17,0.036,14,2,512,0.060,14,2,true,1,0.004
dec-020,dec,d_b=3;m=5;gap=7;k=4;q=3;s=10,15,false,17,0.036,14,2,1024,0.063,14,2,true,1,0.004
dec-020,dec,d_b=3;m=5;gap=7;k=4;q=3;s=10,15,false,17,0.036,14,2,2048,0.059,14,2,true,1,0.004
dec-020,dec,d_b=3;m=5;gap=7;k=4;q=3;s=10,15,false,17,0.036,14,2,4096,0.060,14,2,true,1,0.004
dec-020,dec,d_b=3;m=5;gap=7;k=4;q=3;s=10,15,false,17,0.036,14,2,8192,0.058,14,2,true,1,0.003
dec-020,dec,d_b=3;m=5;gap=7;k=4;q=3;s=10,15,false,17,0.036,14,2,16384,0.058,14,2,true,1,0.003
mixed-006-2,mixed,seed=0x51f8cc29b80041d4;cycles=6;planted=2;d_b=12;m=2;gap=6;k=4,14098,false,3271,0.231,41,8,1,0.063,55,44,false,0,0.000
mixed-006-2,mixed,seed=0x51f8cc29b80041d4;cycles=6;planted=2;d_b=12;m=2;gap=6;k=4,14098,false,3271,0.231,41,8,2,0.074,55,44,false,0,0.000
mixed-006-2,mixed,seed=0x51f8cc29b80041d4;cycles=6;planted=2;d_b=12;m=2;gap=6;k=4,14098,false,3271,0.231,41,8,4,0.092,55,44,false,0,0.000
mixed-006-2,mixed,seed=0x51f8cc29b80041d4;cycles=6;planted=2;d_b=12;m=2;gap=6;k=4,14098,false,3271,0.231,41,8,8,0.133,55,44,false,1,0.008
mixed-006-2,mixed,seed=0x51f8cc29b80041d4;cycles=6;planted=2;d_b=12;m=2;gap=6;k=4,14098,false,3271,0.231,41,8,16,0.205,55,44,false,1,0.008
mixed-006-2,mixed,seed=0x51f8cc29b80041d4;cycles=6;planted=2;d_b=12;m=2;gap=6;k=4,14098,false,3271,0.231,41,8,32,0.353,48,26,false,1,0.008
mixed-006-2,mixed,seed=0x51f8cc29b80041d4;cycles=6;planted=2;d_b=12;m=2;gap=6;k=4,14098,false,3271,0.231,41,8,64,0.662,41,8,false,1,0.008
mixed-006-2,mixed,seed=0x51f8cc29b80041d4;cycles=6;planted=2;d_b=12;m=2;gap=6;k=4,14098,false,3271,0.231,41,8,128,1.321,41,8,true,3,0.015
mixed-006-2,mixed,seed=0x51f8cc29b80041d4;cycles=6;planted=2;d_b=12;m=2;gap=6;k=4,14098,false,3271,0.231,41,8,256,1.291,41,8,true,3,0.015
mixed-006-2,mixed,seed=0x51f8cc29b80041d4;cycles=6;planted=2;d_b=12;m=2;gap=6;k=4,14098,false,3271,0.231,41,8,512,1.305,41,8,true,3,0.015
mixed-006-2,mixed,seed=0x51f8cc29b80041d4;cycles=6;planted=2;d_b=12;m=2;gap=6;k=4,14098,false,3271,0.231,41,8,1024,1.328,41,8,true,3,0.015
mixed-006-2,mixed,seed=0x51f8cc29b80041d4;cycles=6;planted=2;d_b=12;m=2;gap=6;k=4,14098,false,3271,0.231,41,8,2048,1.279,41,8,true,3,0.014
mixed-006-2,mixed,seed=0x51f8cc29b80041d4;cycles=6;planted=2;d_b=12;m=2;gap=6;k=4,14098,false,3271,0.231,41,8,4096,1.279,41,8,true,3,0.016
mixed-006-2,mixed,seed=0x51f8cc29b80041d4;cycles=6;planted=2;d_b=12;m=2;gap=6;k=4,14098,false,3271,0.231,41,8,8192,1.338,41,8,true,3,0.014
mixed-006-2,mixed,seed=0x51f8cc29b80041d4;cycles=6;planted=2;d_b=12;m=2;gap=6;k=4,14098,false,3271,0.231,41,8,16384,1.280,41,8,true,3,0.014
dec-021,dec,d_b=3;m=9;gap=1;k=1;q=7;s=13,6,false,8,0.027,26,2,1,0.029,26,2,true,1,0.018
dec-021,dec,d_b=3;m=9;gap=1;k=1;q=7;s=13,6,false,8,0.027,26,2,2,0.028,26,2,true,1,0.016
dec-021,dec,d_b=3;m=9;gap=1;k=1;q=7;s=13,6,false,8,0.027,26,2,4,0.026,26,2,true,1,0.016
dec-021,dec,d_b=3;m=9;gap=1;k=1;q=7;s=13,6,false,8,0.027,26,2,8,0.025,26,2,true,1,0.015
dec-021,dec,d_b=3;m=9;gap=1;k=1;q=7;s=13,6,false,8,0.027,26,2,16,0.024,26,2,true,1,0.015
dec-021,dec,d_b=3;m=9;gap=1;k=1;q=7;s=13,6,false,8,0.027,26,2,32,0.024,26,2,true,1,0.015
dec-021,dec,d_b=3;m=9;gap=1;k=1;q=7;s=13,6,false,8,0.027,26,2,64,0.030,26,2,true,1,0.015
dec-021,dec,d_b=3;m=9;gap=1;k=1;q=7;s=13,6,false,8,0.027,26,2,128,0.029,26,2,true,1,0.018
dec-021,dec,d_b=3;m=9;gap=1;k=1;q=7;s=13,6,false,8,0.027,26,2,256,0.030,26,2,true,1,0.018
dec-021,dec,d_b=3;m=9;gap=1;k=1;q=7;s=13,6,false,8,0.027,26,2,512,0.025,26,2,true,1,0.015
dec-021,dec,d_b=3;m=9;gap=1;k=1;q=7;s=13,6,false,8,0.027,26,2,1024,0.026,26,2,true,1,0.016
dec-021,dec,d_b=3;m=9;gap=1;k=1;q=7;s=13,6,false,8,0.027,26,2,2048,0.024,26,2,true,1,0.015
dec-021,dec,d_b=3;m=9;gap=1;k=1;q=7;s=13,6,false,8,0.027,26,2,4096,0.025,26,2,true,1,0.015
dec-021,dec,d_b=3;m=9;gap=1;k=1;q=7;s=13,6,false,8,0.027,26,2,8192,0.024,26,2,true,1,0.015
dec-021,dec,d_b=3;m=9;gap=1;k=1;q=7;s=13,6,false,8,0.027,26,2,16384,0.027,26,2,true,1,0.015
mixed-007-0,mixed,seed=0xc4521a2085cbadbd;cycles=6;planted=2;d_b=16;m=5;gap=2;k=1,65,false,69,0.301,133,4,1,0.044,139,136,false,0,0.000
mixed-007-0,mixed,seed=0xc4521a2085cbadbd;cycles=6;planted=2;d_b=16;m=5;gap=2;k=1,65,false,69,0.301,133,4,2,0.044,139,136,false,0,0.000
mixed-007-0,mixed,seed=0xc4521a2085cbadbd;cycles=6;planted=2;d_b=16;m=5;gap=2;k=1,65,false,69,0.301,133,4,4,0.059,139,136,false,0,0.000
mixed-007-0,mixed,seed=0xc4521a2085cbadbd;cycles=6;planted=2;d_b=16;m=5;gap=2;k=1,65,false,69,0.301,133,4,8,0.098,139,136,false,0,0.000
mixed-007-0,mixed,seed=0xc4521a2085cbadbd;cycles=6;planted=2;d_b=16;m=5;gap=2;k=1,65,false,69,0.301,133,4,16,0.170,139,136,false,0,0.000
mixed-007-0,mixed,seed=0xc4521a2085cbadbd;cycles=6;planted=2;d_b=16;m=5;gap=2;k=1,65,false,69,0.301,133,4,32,0.339,136,70,false,0,0.000
mixed-007-0,mixed,seed=0xc4521a2085cbadbd;cycles=6;planted=2;d_b=16;m=5;gap=2;k=1,65,false,69,0.301,133,4,64,0.700,133,4,true,2,0.009
mixed-007-0,mixed,seed=0xc4521a2085cbadbd;cycles=6;planted=2;d_b=16;m=5;gap=2;k=1,65,false,69,0.301,133,4,128,0.680,133,4,true,2,0.006
mixed-007-0,mixed,seed=0xc4521a2085cbadbd;cycles=6;planted=2;d_b=16;m=5;gap=2;k=1,65,false,69,0.301,133,4,256,0.686,133,4,true,2,0.007
mixed-007-0,mixed,seed=0xc4521a2085cbadbd;cycles=6;planted=2;d_b=16;m=5;gap=2;k=1,65,false,69,0.301,133,4,512,0.671,133,4,true,2,0.006
mixed-007-0,mixed,seed=0xc4521a2085cbadbd;cycles=6;planted=2;d_b=16;m=5;gap=2;k=1,65,false,69,0.301,133,4,1024,0.691,133,4,true,2,0.007
mixed-007-0,mixed,seed=0xc4521a2085cbadbd;cycles=6;planted=2;d_b=16;m=5;gap=2;k=1,65,false,69,0.301,133,4,2048,0.681,133,4,true,2,0.006
mixed-007-0,mixed,seed=0xc4521a2085cbadbd;cycles=6;planted=2;d_b=16;m=5;gap=2;k=1,65,false,69,0.301,133,4,4096,0.697,133,4,true,2,0.007
mixed-007-0,mixed,seed=0xc4521a2085cbadbd;cycles=6;planted=2;d_b=16;m=5;gap=2;k=1,65,false,69,0.301,133,4,8192,0.688,133,4,true,2,0.006
mixed-007-0,mixed,seed=0xc4521a2085cbadbd;cycles=6;planted=2;d_b=16;m=5;gap=2;k=1,65,false,69,0.301,133,4,16384,0.691,133,4,true,2,0.007
dec-022,dec,d_b=3;m=9;gap=1;k=2;q=7;s=13,9,false,11,0.041,26,2,1,0.013,27,26,false,0,0.000
dec-022,dec,d_b=3;m=9;gap=1;k=2;q=7;s=13,9,false,11,0.041,26,2,2,0.020,27,26,false,0,0.000
dec-022,dec,d_b=3;m=9;gap=1;k=2;q=7;s=13,9,false,11,0.041,26,2,4,0.051,26,2,true,1,0.020
dec-022,dec,d_b=3;m=9;gap=1;k=2;q=7;s=13,9,false,11,0.041,26,2,8,0.046,26,2,true,1,0.016
dec-022,dec,d_b=3;m=9;gap=1;k=2;q=7;s=13,9,false,11,0.041,26,2,16,0.043,26,2,true,1,0.016
dec-022,dec,d_b=3;m=9;gap=1;k=2;q=7;s=13,9,false,11,0.041,26,2,32,0.042,26,2,true,1,0.014
dec-022,dec,d_b=3;m=9;gap=1;k=2;q=7;s=13,9,false,11,0.041,26,2,64,0.040,26,2,true,1,0.014
dec-022,dec,d_b=3;m=9;gap=1;k=2;q=7;s=13,9,false,11,0.041,26,2,128,0.040,26,2,true,1,0.014
dec-022,dec,d_b=3;m=9;gap=1;k=2;q=7;s=13,9,false,11,0.041,26,2,256,0.039,26,2,true,1,0.014
dec-022,dec,d_b=3;m=9;gap=1;k=2;q=7;s=13,9,false,11,0.041,26,2,512,0.039,26,2,true,1,0.014
dec-022,dec,d_b=3;m=9;gap=1;k=2;q=7;s=13,9,false,11,0.041,26,2,1024,0.040,26,2,true,1,0.014
dec-022,dec,d_b=3;m=9;gap=1;k=2;q=7;s=13,9,false,11,0.041,26,2,2048,0.039,26,2,true,1,0.014
dec-022,dec,d_b=3;m=9;gap=1;k=2;q=7;s=13,9,false,11,0.041,26,2,4096,0.039,26,2,true,1,0.014
dec-022,dec,d_b=3;m=9;gap=1;k=2;q=7;s=13,9,false,11,0.041,26,2,8192,0.039,26,2,true,1,0.014
dec-022,dec,d_b=3;m=9;gap=1;k=2;q=7;s=13,9,false,11,0.041,26,2,16384,0.039,26,2,true,1,0.014
mixed-007-1,mixed,seed=0x4f7a9845611bffe7;cycles=6;planted=2;d_b=16;m=5;gap=2;k=1,26355,false,5777,0.380,153,10,1,0.164,159,142,false,1,0.015
mixed-007-1,mixed,seed=0x4f7a9845611bffe7;cycles=6;planted=2;d_b=16;m=5;gap=2;k=1,26355,false,5777,0.380,153,10,2,0.169,159,142,false,1,0.014
mixed-007-1,mixed,seed=0x4f7a9845611bffe7;cycles=6;planted=2;d_b=16;m=5;gap=2;k=1,26355,false,5777,0.380,153,10,4,0.176,159,142,false,1,0.012
mixed-007-1,mixed,seed=0x4f7a9845611bffe7;cycles=6;planted=2;d_b=16;m=5;gap=2;k=1,26355,false,5777,0.380,153,10,8,0.273,159,142,false,2,0.021
mixed-007-1,mixed,seed=0x4f7a9845611bffe7;cycles=6;planted=2;d_b=16;m=5;gap=2;k=1,26355,false,5777,0.380,153,10,16,0.434,159,142,false,2,0.021
mixed-007-1,mixed,seed=0x4f7a9845611bffe7;cycles=6;planted=2;d_b=16;m=5;gap=2;k=1,26355,false,5777,0.380,153,10,32,0.788,159,142,false,2,0.020
mixed-007-1,mixed,seed=0x4f7a9845611bffe7;cycles=6;planted=2;d_b=16;m=5;gap=2;k=1,26355,false,5777,0.380,153,10,64,1.670,153,10,false,3,0.047
mixed-007-1,mixed,seed=0x4f7a9845611bffe7;cycles=6;planted=2;d_b=16;m=5;gap=2;k=1,26355,false,5777,0.380,153,10,128,1.639,153,10,true,4,0.027
mixed-007-1,mixed,seed=0x4f7a9845611bffe7;cycles=6;planted=2;d_b=16;m=5;gap=2;k=1,26355,false,5777,0.380,153,10,256,1.647,153,10,true,4,0.024
mixed-007-1,mixed,seed=0x4f7a9845611bffe7;cycles=6;planted=2;d_b=16;m=5;gap=2;k=1,26355,false,5777,0.380,153,10,512,1.624,153,10,true,4,0.024
mixed-007-1,mixed,seed=0x4f7a9845611bffe7;cycles=6;planted=2;d_b=16;m=5;gap=2;k=1,26355,false,5777,0.380,153,10,1024,1.671,153,10,true,4,0.028
mixed-007-1,mixed,seed=0x4f7a9845611bffe7;cycles=6;planted=2;d_b=16;m=5;gap=2;k=1,26355,false,5777,0.380,153,10,2048,1.691,153,10,true,4,0.028
mixed-007-1,mixed,seed=0x4f7a9845611bffe7;cycles=6;planted=2;d_b=16;m=5;gap=2;k=1,26355,false,5777,0.380,153,10,4096,1.634,153,10,true,4,0.024
mixed-007-1,mixed,seed=0x4f7a9845611bffe7;cycles=6;planted=2;d_b=16;m=5;gap=2;k=1,26355,false,5777,0.380,153,10,8192,1.658,153,10,true,4,0.027
mixed-007-1,mixed,seed=0x4f7a9845611bffe7;cycles=6;planted=2;d_b=16;m=5;gap=2;k=1,26355,false,5777,0.380,153,10,16384,1.622,153,10,true,4,0.024
dec-023,dec,d_b=3;m=9;gap=1;k=4;q=7;s=13,15,false,17,0.064,26,2,1,0.015,27,26,false,0,0.000
dec-023,dec,d_b=3;m=9;gap=1;k=4;q=7;s=13,15,false,17,0.064,26,2,2,0.024,27,26,false,0,0.000
dec-023,dec,d_b=3;m=9;gap=1;k=4;q=7;s=13,15,false,17,0.064,26,2,4,0.033,27,26,false,0,0.000
dec-023,dec,d_b=3;m=9;gap=1;k=4;q=7;s=13,15,false,17,0.064,26,2,8,0.059,26,2,false,0,0.000
dec-023,dec,d_b=3;m=9;gap=1;k=4;q=7;s=13,15,false,17,0.064,26,2,16,0.075,26,2,true,1,0.004
dec-023,dec,d_b=3;m=9;gap=1;k=4;q=7;s=13,15,false,17,0.064,26,2,32,0.073,26,2,true,1,0.004
dec-023,dec,d_b=3;m=9;gap=1;k=4;q=7;s=13,15,false,17,0.064,26,2,64,0.071,26,2,true,1,0.004
dec-023,dec,d_b=3;m=9;gap=1;k=4;q=7;s=13,15,false,17,0.064,26,2,128,0.080,26,2,true,1,0.004
dec-023,dec,d_b=3;m=9;gap=1;k=4;q=7;s=13,15,false,17,0.064,26,2,256,0.069,26,2,true,1,0.004
dec-023,dec,d_b=3;m=9;gap=1;k=4;q=7;s=13,15,false,17,0.064,26,2,512,0.072,26,2,true,1,0.004
dec-023,dec,d_b=3;m=9;gap=1;k=4;q=7;s=13,15,false,17,0.064,26,2,1024,0.068,26,2,true,1,0.003
dec-023,dec,d_b=3;m=9;gap=1;k=4;q=7;s=13,15,false,17,0.064,26,2,2048,0.083,26,2,true,1,0.016
dec-023,dec,d_b=3;m=9;gap=1;k=4;q=7;s=13,15,false,17,0.064,26,2,4096,0.068,26,2,true,1,0.003
dec-023,dec,d_b=3;m=9;gap=1;k=4;q=7;s=13,15,false,17,0.064,26,2,8192,0.069,26,2,true,1,0.004
dec-023,dec,d_b=3;m=9;gap=1;k=4;q=7;s=13,15,false,17,0.064,26,2,16384,0.068,26,2,true,1,0.003
mixed-007-2,mixed,seed=0xe6db52fc9f66af20;cycles=6;planted=2;d_b=16;m=5;gap=2;k=1,33381,false,7021,0.437,157,10,1,0.257,163,142,false,3,0.030
mixed-007-2,mixed,seed=0xe6db52fc9f66af20;cycles=6;planted=2;d_b=16;m=5;gap=2;k=1,33381,false,7021,0.437,157,10,2,0.269,163,142,false,3,0.025
mixed-007-2,mixed,seed=0xe6db52fc9f66af20;cycles=6;planted=2;d_b=16;m=5;gap=2;k=1,33381,false,7021,0.437,157,10,4,0.320,163,142,false,3,0.022
mixed-007-2,mixed,seed=0xe6db52fc9f66af20;cycles=6;planted=2;d_b=16;m=5;gap=2;k=1,33381,false,7021,0.437,157,10,8,0.459,163,142,false,3,0.022
mixed-007-2,mixed,seed=0xe6db52fc9f66af20;cycles=6;planted=2;d_b=16;m=5;gap=2;k=1,33381,false,7021,0.437,157,10,16,0.753,163,142,false,3,0.021
mixed-007-2,mixed,seed=0xe6db52fc9f66af20;cycles=6;planted=2;d_b=16;m=5;gap=2;k=1,33381,false,7021,0.437,157,10,32,1.434,160,76,false,3,0.023
mixed-007-2,mixed,seed=0xe6db52fc9f66af20;cycles=6;planted=2;d_b=16;m=5;gap=2;k=1,33381,false,7021,0.437,157,10,64,2.775,157,10,false,4,0.026
mixed-007-2,mixed,seed=0xe6db52fc9f66af20;cycles=6;planted=2;d_b=16;m=5;gap=2;k=1,33381,false,7021,0.437,157,10,128,2.976,157,10,true,5,0.033
mixed-007-2,mixed,seed=0xe6db52fc9f66af20;cycles=6;planted=2;d_b=16;m=5;gap=2;k=1,33381,false,7021,0.437,157,10,256,2.988,157,10,true,5,0.030
mixed-007-2,mixed,seed=0xe6db52fc9f66af20;cycles=6;planted=2;d_b=16;m=5;gap=2;k=1,33381,false,7021,0.437,157,10,512,2.953,157,10,true,5,0.029
mixed-007-2,mixed,seed=0xe6db52fc9f66af20;cycles=6;planted=2;d_b=16;m=5;gap=2;k=1,33381,false,7021,0.437,157,10,1024,2.909,157,10,true,5,0.028
mixed-007-2,mixed,seed=0xe6db52fc9f66af20;cycles=6;planted=2;d_b=16;m=5;gap=2;k=1,33381,false,7021,0.437,157,10,2048,2.910,157,10,true,5,0.028
mixed-007-2,mixed,seed=0xe6db52fc9f66af20;cycles=6;planted=2;d_b=16;m=5;gap=2;k=1,33381,false,7021,0.437,157,10,4096,2.910,157,10,true,5,0.027
mixed-007-2,mixed,seed=0xe6db52fc9f66af20;cycles=6;planted=2;d_b=16;m=5;gap=2;k=1,33381,false,7021,0.437,157,10,8192,3.003,157,10,true,5,0.028
mixed-007-2,mixed,seed=0xe6db52fc9f66af20;cycles=6;planted=2;d_b=16;m=5;gap=2;k=1,33381,false,7021,0.437,157,10,16384,2.897,157,10,true,5,0.027
dec-024,dec,d_b=3;m=9;gap=3;k=1;q=7;s=14,6,false,8,0.028,26,2,1,0.030,26,2,true,1,0.018
dec-024,dec,d_b=3;m=9;gap=3;k=1;q=7;s=14,6,false,8,0.028,26,2,2,0.030,26,2,true,1,0.018
dec-024,dec,d_b=3;m=9;gap=3;k=1;q=7;s=14,6,false,8,0.028,26,2,4,0.027,26,2,true,1,0.017
dec-024,dec,d_b=3;m=9;gap=3;k=1;q=7;s=14,6,false,8,0.028,26,2,8,0.029,26,2,true,1,0.017
dec-024,dec,d_b=3;m=9;gap=3;k=1;q=7;s=14,6,false,8,0.028,26,2,16,0.026,26,2,true,1,0.016
dec-024,dec,d_b=3;m=9;gap=3;k=1;q=7;s=14,6,false,8,0.028,26,2,32,0.025,26,2,true,1,0.015
dec-024,dec,d_b=3;m=9;gap=3;k=1;q=7;s=14,6,false,8,0.028,26,2,64,0.026,26,2,true,1,0.015
dec-024,dec,d_b=3;m=9;gap=3;k=1;q=7;s=14,6,false,8,0.028,26,2,128,0.025,26,2,true,1,0.015
dec-024,dec,d_b=3;m=9;gap=3;k=1;q=7;s=14,6,false,8,0.028,26,2,256,0.025,26,2,true,1,0.015
dec-024,dec,d_b=3;m=9;gap=3;k=1;q=7;s=14,6,false,8,0.028,26,2,512,0.025,26,2,true,1,0.015
dec-024,dec,d_b=3;m=9;gap=3;k=1;q=7;s=14,6,false,8,0.028,26,2,1024,0.025,26,2,true,1,0.015
dec-024,dec,d_b=3;m=9;gap=3;k=1;q=7;s=14,6,false,8,0.028,26,2,2048,0.025,26,2,true,1,0.015
dec-024,dec,d_b=3;m=9;gap=3;k=1;q=7;s=14,6,false,8,0.028,26,2,4096,0.025,26,2,true,1,0.015
dec-024,dec,d_b=3;m=9;gap=3;k=1;q=7;s=14,6,false,8,0.028,26,2,8192,0.025,26,2,true,1,0.015
dec-024,dec,d_b=3;m=9;gap=3;k=1;q=7;s=14,6,false,8,0.028,26,2,16384,0.024,26,2,true,1,0.014
mixed-008-0,mixed,seed=0x5304125630d64811;cycles=6;planted=3;d_b=4;m=2;gap=1;k=2,13,false,14,0.026,7,2,1,0.027,7,2,true,1,0.020
mixed-008-0,mixed,seed=0x5304125630d64811;cycles=6;planted=3;d_b=4;m=2;gap=1;k=2,13,false,14,0.026,7,2,2,0.027,7,2,true,1,0.020
mixed-008-0,mixed,seed=0x5304125630d64811;cycles=6;planted=3;d_b=4;m=2;gap=1;k=2,13,false,14,0.026,7,2,4,0.023,7,2,true,1,0.018
mixed-008-0,mixed,seed=0x5304125630d64811;cycles=6;planted=3;d_b=4;m=2;gap=1;k=2,13,false,14,0.026,7,2,8,0.023,7,2,true,1,0.017
mixed-008-0,mixed,seed=0x5304125630d64811;cycles=6;planted=3;d_b=4;m=2;gap=1;k=2,13,false,14,0.026,7,2,16,0.025,7,2,true,1,0.019
mixed-008-0,mixed,seed=0x5304125630d64811;cycles=6;planted=3;d_b=4;m=2;gap=1;k=2,13,false,14,0.026,7,2,32,0.023,7,2,true,1,0.017
mixed-008-0,mixed,seed=0x5304125630d64811;cycles=6;planted=3;d_b=4;m=2;gap=1;k=2,13,false,14,0.026,7,2,64,0.022,7,2,true,1,0.017
mixed-008-0,mixed,seed=0x5304125630d64811;cycles=6;planted=3;d_b=4;m=2;gap=1;k=2,13,false,14,0.026,7,2,128,0.023,7,2,true,1,0.017
mixed-008-0,mixed,seed=0x5304125630d64811;cycles=6;planted=3;d_b=4;m=2;gap=1;k=2,13,false,14,0.026,7,2,256,0.023,7,2,true,1,0.017
mixed-008-0,mixed,seed=0x5304125630d64811;cycles=6;planted=3;d_b=4;m=2;gap=1;k=2,13,false,14,0.026,7,2,512,0.023,7,2,true,1,0.017
mixed-008-0,mixed,seed=0x5304125630d64811;cycles=6;planted=3;d_b=4;m=2;gap=1;k=2,13,false,14,0.026,7,2,1024,0.022,7,2,true,1,0.016
mixed-008-0,mixed,seed=0x5304125630d64811;cycles=6;planted=3;d_b=4;m=2;gap=1;k=2,13,false,14,0.026,7,2,2048,0.022,7,2,true,1,0.016
mixed-008-0,mixed,seed=0x5304125630d64811;cycles=6;planted=3;d_b=4;m=2;gap=1;k=2,13,false,14,0.026,7,2,4096,0.022,7,2,true,1,0.016
mixed-008-0,mixed,seed=0x5304125630d64811;cycles=6;planted=3;d_b=4;m=2;gap=1;k=2,13,false,14,0.026,7,2,8192,0.022,7,2,true,1,0.016
mixed-008-0,mixed,seed=0x5304125630d64811;cycles=6;planted=3;d_b=4;m=2;gap=1;k=2,13,false,14,0.026,7,2,16384,0.023,7,2,true,1,0.017
dec-025,dec,d_b=3;m=9;gap=3;k=2;q=7;s=14,9,false,11,0.040,26,2,1,0.016,29,28,false,0,0.000
dec-025,dec,d_b=3;m=9;gap=3;k=2;q=7;s=14,9,false,11,0.040,26,2,2,0.020,29,28,false,0,0.000
dec-025,dec,d_b=3;m=9;gap=3;k=2;q=7;s=14,9,false,11,0.040,26,2,4,0.033,26,2,false,0,0.000
dec-025,dec,d_b=3;m=9;gap=3;k=2;q=7;s=14,9,false,11,0.040,26,2,8,0.050,26,2,true,1,0.003
dec-025,dec,d_b=3;m=9;gap=3;k=2;q=7;s=14,9,false,11,0.040,26,2,16,0.048,26,2,true,1,0.003
dec-025,dec,d_b=3;m=9;gap=3;k=2;q=7;s=14,9,false,11,0.040,26,2,32,0.045,26,2,true,1,0.003
dec-025,dec,d_b=3;m=9;gap=3;k=2;q=7;s=14,9,false,11,0.040,26,2,64,0.045,26,2,true,1,0.003
dec-025,dec,d_b=3;m=9;gap=3;k=2;q=7;s=14,9,false,11,0.040,26,2,128,0.044,26,2,true,1,0.003
dec-025,dec,d_b=3;m=9;gap=3;k=2;q=7;s=14,9,false,11,0.040,26,2,256,0.045,26,2,true,1,0.003
dec-025,dec,d_b=3;m=9;gap=3;k=2;q=7;s=14,9,false,11,0.040,26,2,512,0.044,26,2,true,1,0.003
dec-025,dec,d_b=3;m=9;gap=3;k=2;q=7;s=14,9,false,11,0.040,26,2,1024,0.045,26,2,true,1,0.003
dec-025,dec,d_b=3;m=9;gap=3;k=2;q=7;s=14,9,false,11,0.040,26,2,2048,0.054,26,2,true,1,0.004
dec-025,dec,d_b=3;m=9;gap=3;k=2;q=7;s=14,9,false,11,0.040,26,2,4096,0.043,26,2,true,1,0.003
dec-025,dec,d_b=3;m=9;gap=3;k=2;q=7;s=14,9,false,11,0.040,26,2,8192,0.044,26,2,true,1,0.003
dec-025,dec,d_b=3;m=9;gap=3;k=2;q=7;s=14,9,false,11,0.040,26,2,16384,0.048,26,2,true,1,0.003
mixed-008-1,mixed,seed=0x0cb06a642ee9ac39;cycles=6;planted=3;d_b=4;m=2;gap=1;k=2,14025,false,3226,0.137,41,12,1,0.192,41,12,false,10,0.085
mixed-008-1,mixed,seed=0x0cb06a642ee9ac39;cycles=6;planted=3;d_b=4;m=2;gap=1;k=2,14025,false,3226,0.137,41,12,2,0.205,41,12,false,10,0.086
mixed-008-1,mixed,seed=0x0cb06a642ee9ac39;cycles=6;planted=3;d_b=4;m=2;gap=1;k=2,14025,false,3226,0.137,41,12,4,0.233,41,12,true,10,0.082
mixed-008-1,mixed,seed=0x0cb06a642ee9ac39;cycles=6;planted=3;d_b=4;m=2;gap=1;k=2,14025,false,3226,0.137,41,12,8,0.219,41,12,true,10,0.076
mixed-008-1,mixed,seed=0x0cb06a642ee9ac39;cycles=6;planted=3;d_b=4;m=2;gap=1;k=2,14025,false,3226,0.137,41,12,16,0.213,41,12,true,10,0.075
mixed-008-1,mixed,seed=0x0cb06a642ee9ac39;cycles=6;planted=3;d_b=4;m=2;gap=1;k=2,14025,false,3226,0.137,41,12,32,0.210,41,12,true,10,0.073
mixed-008-1,mixed,seed=0x0cb06a642ee9ac39;cycles=6;planted=3;d_b=4;m=2;gap=1;k=2,14025,false,3226,0.137,41,12,64,0.215,41,12,true,10,0.076
mixed-008-1,mixed,seed=0x0cb06a642ee9ac39;cycles=6;planted=3;d_b=4;m=2;gap=1;k=2,14025,false,3226,0.137,41,12,128,0.206,41,12,true,10,0.073
mixed-008-1,mixed,seed=0x0cb06a642ee9ac39;cycles=6;planted=3;d_b=4;m=2;gap=1;k=2,14025,false,3226,0.137,41,12,256,0.206,41,12,true,10,0.073
mixed-008-1,mixed,seed=0x0cb06a642ee9ac39;cycles=6;planted=3;d_b=4;m=2;gap=1;k=2,14025,false,3226,0.137,41,12,512,0.204,41,12,true,10,0.072
mixed-008-1,mixed,seed=0x0cb06a642ee9ac39;cycles=6;planted=3;d_b=4;m=2;gap=1;k=2,14025,false,3226,0.137,41,12,1024,0.205,41,12,true,10,0.072
mixed-008-1,mixed,seed=0x0cb06a642ee9ac39;cycles=6;planted=3;d_b=4;m=2;gap=1;k=2,14025,false,3226,0.137,41,12,2048,0.212,41,12,true,10,0.073
mixed-008-1,mixed,seed=0x0cb06a642ee9ac39;cycles=6;planted=3;d_b=4;m=2;gap=1;k=2,14025,false,3226,0.137,41,12,4096,0.236,41,12,true,10,0.082
mixed-008-1,mixed,seed=0x0cb06a642ee9ac39;cycles=6;planted=3;d_b=4;m=2;gap=1;k=2,14025,false,3226,0.137,41,12,8192,0.204,41,12,true,10,0.072
mixed-008-1,mixed,seed=0x0cb06a642ee9ac39;cycles=6;planted=3;d_b=4;m=2;gap=1;k=2,14025,false,3226,0.137,41,12,16384,0.216,41,12,true,10,0.075
dec-026,dec,d_b=3;m=9;gap=3;k=4;q=7;s=14,15,false,17,0.066,26,2,1,0.015,29,28,false,0,0.000
dec-026,dec,d_b=3;m=9;gap=3;k=4;q=7;s=14,15,false,17,0.066,26,2,2,0.021,29,28,false,0,0.000
dec-026,dec,d_b=3;m=9;gap=3;k=4;q=7;s=14,15,false,17,0.066,26,2,4,0.034,29,28,false,0,0.000
dec-026,dec,d_b=3;m=9;gap=3;k=4;q=7;s=14,15,false,17,0.066,26,2,8,0.062,26,2,false,0,0.000
dec-026,dec,d_b=3;m=9;gap=3;k=4;q=7;s=14,15,false,17,0.066,26,2,16,0.103,26,2,true,0,0.000
dec-026,dec,d_b=3;m=9;gap=3;k=4;q=7;s=14,15,false,17,0.066,26,2,32,0.099,26,2,true,0,0.000
dec-026,dec,d_b=3;m=9;gap=3;k=4;q=7;s=14,15,false,17,0.066,26,2,64,0.105,26,2,true,0,0.000
dec-026,dec,d_b=3;m=9;gap=3;k=4;q=7;s=14,15,false,17,0.066,26,2,128,0.106,26,2,true,0,0.000
dec-026,dec,d_b=3;m=9;gap=3;k=4;q=7;s=14,15,false,17,0.066,26,2,256,0.097,26,2,true,0,0.000
dec-026,dec,d_b=3;m=9;gap=3;k=4;q=7;s=14,15,false,17,0.066,26,2,512,0.099,26,2,true,0,0.000
dec-026,dec,d_b=3;m=9;gap=3;k=4;q=7;s=14,15,false,17,0.066,26,2,1024,0.094,26,2,true,0,0.000
dec-026,dec,d_b=3;m=9;gap=3;k=4;q=7;s=14,15,false,17,0.066,26,2,2048,0.096,26,2,true,0,0.000
dec-026,dec,d_b=3;m=9;gap=3;k=4;q=7;s=14,15,false,17,0.066,26,2,4096,0.095,26,2,true,0,0.000
dec-026,dec,d_b=3;m=9;gap=3;k=4;q=7;s=14,15,false,17,0.066,26,2,8192,0.097,26,2,true,0,0.000
dec-026,dec,d_b=3;m=9;gap=3;k=4;q=7;s=14,15,false,17,0.066,26,2,16384,0.094,26,2,true,0,0.000
mixed-008-2,mixed,seed=0xf80fc51d5325538c;cycles=6;planted=3;d_b=4;m=2;gap=1;k=2,25,false,27,0.038,13,4,1,0.041,13,4,true,1,0.032
mixed-008-2,mixed,seed=0xf80fc51d5325538c;cycles=6;planted=3;d_b=4;m=2;gap=1;k=2,25,false,27,0.038,13,4,2,0.039,13,4,true,1,0.030
mixed-008-2,mixed,seed=0xf80fc51d5325538c;cycles=6;planted=3;d_b=4;m=2;gap=1;k=2,25,false,27,0.038,13,4,4,0.038,13,4,true,1,0.030
mixed-008-2,mixed,seed=0xf80fc51d5325538c;cycles=6;planted=3;d_b=4;m=2;gap=1;k=2,25,false,27,0.038,13,4,8,0.036,13,4,true,1,0.029
mixed-008-2,mixed,seed=0xf80fc51d5325538c;cycles=6;planted=3;d_b=4;m=2;gap=1;k=2,25,false,27,0.038,13,4,16,0.041,13,4,true,1,0.032
mixed-008-2,mixed,seed=0xf80fc51d5325538c;cycles=6;planted=3;d_b=4;m=2;gap=1;k=2,25,false,27,0.038,13,4,32,0.036,13,4,true,1,0.028
mixed-008-2,mixed,seed=0xf80fc51d5325538c;cycles=6;planted=3;d_b=4;m=2;gap=1;k=2,25,false,27,0.038,13,4,64,0.038,13,4,true,1,0.030
mixed-008-2,mixed,seed=0xf80fc51d5325538c;cycles=6;planted=3;d_b=4;m=2;gap=1;k=2,25,false,27,0.038,13,4,128,0.035,13,4,true,1,0.028
mixed-008-2,mixed,seed=0xf80fc51d5325538c;cycles=6;planted=3;d_b=4;m=2;gap=1;k=2,25,false,27,0.038,13,4,256,0.037,13,4,true,1,0.030
mixed-008-2,mixed,seed=0xf80fc51d5325538c;cycles=6;planted=3;d_b=4;m=2;gap=1;k=2,25,false,27,0.038,13,4,512,0.036,13,4,true,1,0.028
mixed-008-2,mixed,seed=0xf80fc51d5325538c;cycles=6;planted=3;d_b=4;m=2;gap=1;k=2,25,false,27,0.038,13,4,1024,0.045,13,4,true,1,0.035
mixed-008-2,mixed,seed=0xf80fc51d5325538c;cycles=6;planted=3;d_b=4;m=2;gap=1;k=2,25,false,27,0.038,13,4,2048,0.041,13,4,true,1,0.032
mixed-008-2,mixed,seed=0xf80fc51d5325538c;cycles=6;planted=3;d_b=4;m=2;gap=1;k=2,25,false,27,0.038,13,4,4096,0.045,13,4,true,1,0.035
mixed-008-2,mixed,seed=0xf80fc51d5325538c;cycles=6;planted=3;d_b=4;m=2;gap=1;k=2,25,false,27,0.038,13,4,8192,0.037,13,4,true,1,0.029
mixed-008-2,mixed,seed=0xf80fc51d5325538c;cycles=6;planted=3;d_b=4;m=2;gap=1;k=2,25,false,27,0.038,13,4,16384,0.037,13,4,true,1,0.029
dec-027,dec,d_b=3;m=9;gap=7;k=1;q=7;s=16,6,false,8,0.027,26,2,1,0.029,26,2,true,1,0.017
dec-027,dec,d_b=3;m=9;gap=7;k=1;q=7;s=16,6,false,8,0.027,26,2,2,0.028,26,2,true,1,0.016
dec-027,dec,d_b=3;m=9;gap=7;k=1;q=7;s=16,6,false,8,0.027,26,2,4,0.027,26,2,true,1,0.016
dec-027,dec,d_b=3;m=9;gap=7;k=1;q=7;s=16,6,false,8,0.027,26,2,8,0.026,26,2,true,1,0.015
dec-027,dec,d_b=3;m=9;gap=7;k=1;q=7;s=16,6,false,8,0.027,26,2,16,0.026,26,2,true,1,0.015
dec-027,dec,d_b=3;m=9;gap=7;k=1;q=7;s=16,6,false,8,0.027,26,2,32,0.026,26,2,true,1,0.015
dec-027,dec,d_b=3;m=9;gap=7;k=1;q=7;s=16,6,false,8,0.027,26,2,64,0.026,26,2,true,1,0.015
dec-027,dec,d_b=3;m=9;gap=7;k=1;q=7;s=16,6,false,8,0.027,26,2,128,0.025,26,2,true,1,0.015
dec-027,dec,d_b=3;m=9;gap=7;k=1;q=7;s=16,6,false,8,0.027,26,2,256,0.025,26,2,true,1,0.015
dec-027,dec,d_b=3;m=9;gap=7;k=1;q=7;s=16,6,false,8,0.027,26,2,512,0.026,26,2,true,1,0.015
dec-027,dec,d_b=3;m=9;gap=7;k=1;q=7;s=16,6,false,8,0.027,26,2,1024,0.029,26,2,true,1,0.016
dec-027,dec,d_b=3;m=9;gap=7;k=1;q=7;s=16,6,false,8,0.027,26,2,2048,0.026,26,2,true,1,0.015
dec-027,dec,d_b=3;m=9;gap=7;k=1;q=7;s=16,6,false,8,0.027,26,2,4096,0.027,26,2,true,1,0.015
dec-027,dec,d_b=3;m=9;gap=7;k=1;q=7;s=16,6,false,8,0.027,26,2,8192,0.026,26,2,true,1,0.015
dec-027,dec,d_b=3;m=9;gap=7;k=1;q=7;s=16,6,false,8,0.027,26,2,16384,0.026,26,2,true,1,0.015
mixed-009-0,mixed,seed=0xdbdc79289b5a4f61;cycles=6;planted=3;d_b=8;m=3;gap=2;k=2,74,false,86,0.205,56,6,1,0.044,65,60,false,0,0.000
mixed-009-0,mixed,seed=0xdbdc79289b5a4f61;cycles=6;planted=3;d_b=8;m=3;gap=2;k=2,74,false,86,0.205,56,6,2,0.076,65,60,false,0,0.000
mixed-009-0,mixed,seed=0xdbdc79289b5a4f61;cycles=6;planted=3;d_b=8;m=3;gap=2;k=2,74,false,86,0.205,56,6,4,0.075,65,60,false,0,0.000
mixed-009-0,mixed,seed=0xdbdc79289b5a4f61;cycles=6;planted=3;d_b=8;m=3;gap=2;k=2,74,false,86,0.205,56,6,8,0.110,65,60,false,0,0.000
mixed-009-0,mixed,seed=0xdbdc79289b5a4f61;cycles=6;planted=3;d_b=8;m=3;gap=2;k=2,74,false,86,0.205,56,6,16,0.173,65,60,false,0,0.000
mixed-009-0,mixed,seed=0xdbdc79289b5a4f61;cycles=6;planted=3;d_b=8;m=3;gap=2;k=2,74,false,86,0.205,56,6,32,0.343,56,6,false,0,0.000
mixed-009-0,mixed,seed=0xdbdc79289b5a4f61;cycles=6;planted=3;d_b=8;m=3;gap=2;k=2,74,false,86,0.205,56,6,64,0.629,56,6,true,3,0.015
mixed-009-0,mixed,seed=0xdbdc79289b5a4f61;cycles=6;planted=3;d_b=8;m=3;gap=2;k=2,74,false,86,0.205,56,6,128,0.617,56,6,true,3,0.014
mixed-009-0,mixed,seed=0xdbdc79289b5a4f61;cycles=6;planted=3;d_b=8;m=3;gap=2;k=2,74,false,86,0.205,56,6,256,0.601,56,6,true,3,0.014
mixed-009-0,mixed,seed=0xdbdc79289b5a4f61;cycles=6;planted=3;d_b=8;m=3;gap=2;k=2,74,false,86,0.205,56,6,512,0.587,56,6,true,3,0.013
mixed-009-0,mixed,seed=0xdbdc79289b5a4f61;cycles=6;planted=3;d_b=8;m=3;gap=2;k=2,74,false,86,0.205,56,6,1024,0.606,56,6,true,3,0.013
mixed-009-0,mixed,seed=0xdbdc79289b5a4f61;cycles=6;planted=3;d_b=8;m=3;gap=2;k=2,74,false,86,0.205,56,6,2048,0.585,56,6,true,3,0.013
mixed-009-0,mixed,seed=0xdbdc79289b5a4f61;cycles=6;planted=3;d_b=8;m=3;gap=2;k=2,74,false,86,0.205,56,6,4096,0.589,56,6,true,3,0.013
mixed-009-0,mixed,seed=0xdbdc79289b5a4f61;cycles=6;planted=3;d_b=8;m=3;gap=2;k=2,74,false,86,0.205,56,6,8192,0.589,56,6,true,3,0.013
mixed-009-0,mixed,seed=0xdbdc79289b5a4f61;cycles=6;planted=3;d_b=8;m=3;gap=2;k=2,74,false,86,0.205,56,6,16384,0.607,56,6,true,3,0.015
dec-028,dec,d_b=3;m=9;gap=7;k=2;q=7;s=16,9,false,11,0.043,26,2,1,0.015,33,32,false,0,0.000
dec-028,dec,d_b=3;m=9;gap=7;k=2;q=7;s=16,9,false,11,0.043,26,2,2,0.022,33,32,false,0,0.000
dec-028,dec,d_b=3;m=9;gap=7;k=2;q=7;s=16,9,false,11,0.043,26,2,4,0.039,26,2,false,0,0.000
dec-028,dec,d_b=3;m=9;gap=7;k=2;q=7;s=16,9,false,11,0.043,26,2,8,0.052,26,2,true,1,0.004
dec-028,dec,d_b=3;m=9;gap=7;k=2;q=7;s=16,9,false,11,0.043,26,2,16,0.051,26,2,true,1,0.003
dec-028,dec,d_b=3;m=9;gap=7;k=2;q=7;s=16,9,false,11,0.043,26,2,32,0.049,26,2,true,1,0.003
dec-028,dec,d_b=3;m=9;gap=7;k=2;q=7;s=16,9,false,11,0.043,26,2,64,0.048,26,2,true,1,0.003
dec-028,dec,d_b=3;m=9;gap=7;k=2;q=7;s=16,9,false,11,0.043,26,2,128,0.047,26,2,true,1,0.003
dec-028,dec,d_b=3;m=9;gap=7;k=2;q=7;s=16,9,false,11,0.043,26,2,256,0.053,26,2,true,1,0.003
dec-028,dec,d_b=3;m=9;gap=7;k=2;q=7;s=16,9,false,11,0.043,26,2,512,0.049,26,2,true,1,0.004
dec-028,dec,d_b=3;m=9;gap=7;k=2;q=7;s=16,9,false,11,0.043,26,2,1024,0.056,26,2,true,1,0.003
dec-028,dec,d_b=3;m=9;gap=7;k=2;q=7;s=16,9,false,11,0.043,26,2,2048,0.046,26,2,true,1,0.003
dec-028,dec,d_b=3;m=9;gap=7;k=2;q=7;s=16,9,false,11,0.043,26,2,4096,0.050,26,2,true,1,0.003
dec-028,dec,d_b=3;m=9;gap=7;k=2;q=7;s=16,9,false,11,0.043,26,2,8192,0.046,26,2,true,1,0.003
dec-028,dec,d_b=3;m=9;gap=7;k=2;q=7;s=16,9,false,11,0.043,26,2,16384,0.048,26,2,true,1,0.003
mixed-009-1,mixed,seed=0x21604319e20d25db;cycles=6;planted=3;d_b=8;m=3;gap=2;k=2,14049,false,3211,0.193,62,10,1,0.041,71,64,false,0,0.000
mixed-009-1,mixed,seed=0x21604319e20d25db;cycles=6;planted=3;d_b=8;m=3;gap=2;k=2,14049,false,3211,0.193,62,10,2,0.045,71,64,false,0,0.000
mixed-009-1,mixed,seed=0x21604319e20d25db;cycles=6;planted=3;d_b=8;m=3;gap=2;k=2,14049,false,3211,0.193,62,10,4,0.047,71,64,false,0,0.000
mixed-009-1,mixed,seed=0x21604319e20d25db;cycles=6;planted=3;d_b=8;m=3;gap=2;k=2,14049,false,3211,0.193,62,10,8,0.078,71,64,false,1,0.009
mixed-009-1,mixed,seed=0x21604319e20d25db;cycles=6;planted=3;d_b=8;m=3;gap=2;k=2,14049,false,3211,0.193,62,10,16,0.120,71,64,false,1,0.009
mixed-009-1,mixed,seed=0x21604319e20d25db;cycles=6;planted=3;d_b=8;m=3;gap=2;k=2,14049,false,3211,0.193,62,10,32,0.205,68,46,false,1,0.008
mixed-009-1,mixed,seed=0x21604319e20d25db;cycles=6;planted=3;d_b=8;m=3;gap=2;k=2,14049,false,3211,0.193,62,10,64,0.399,62,10,true,4,0.021
mixed-009-1,mixed,seed=0x21604319e20d25db;cycles=6;planted=3;d_b=8;m=3;gap=2;k=2,14049,false,3211,0.193,62,10,128,0.405,62,10,true,4,0.022
mixed-009-1,mixed,seed=0x21604319e20d25db;cycles=6;planted=3;d_b=8;m=3;gap=2;k=2,14049,false,3211,0.193,62,10,256,0.419,62,10,true,4,0.021
mixed-009-1,mixed,seed=0x21604319e20d25db;cycles=6;planted=3;d_b=8;m=3;gap=2;k=2,14049,false,3211,0.193,62,10,512,0.404,62,10,true,4,0.022
mixed-009-1,mixed,seed=0x21604319e20d25db;cycles=6;planted=3;d_b=8;m=3;gap=2;k=2,14049,false,3211,0.193,62,10,1024,0.407,62,10,true,4,0.021
mixed-009-1,mixed,seed=0x21604319e20d25db;cycles=6;planted=3;d_b=8;m=3;gap=2;k=2,14049,false,3211,0.193,62,10,2048,0.391,62,10,true,4,0.020
mixed-009-1,mixed,seed=0x21604319e20d25db;cycles=6;planted=3;d_b=8;m=3;gap=2;k=2,14049,false,3211,0.193,62,10,4096,0.395,62,10,true,4,0.020
mixed-009-1,mixed,seed=0x21604319e20d25db;cycles=6;planted=3;d_b=8;m=3;gap=2;k=2,14049,false,3211,0.193,62,10,8192,0.387,62,10,true,4,0.020
mixed-009-1,mixed,seed=0x21604319e20d25db;cycles=6;planted=3;d_b=8;m=3;gap=2;k=2,14049,false,3211,0.193,62,10,16384,0.396,62,10,true,4,0.020
dec-029,dec,d_b=3;m=9;gap=7;k=4;q=7;s=16,15,false,17,0.072,26,2,1,0.016,33,32,false,0,0.000
dec-029,dec,d_b=3;m=9;gap=7;k=4;q=7;s=16,15,false,17,0.072,26,2,2,0.024,33,32,false,0,0.000
dec-029,dec,d_b=3;m=9;gap=7;k=4;q=7;s=16,15,false,17,0.072,26,2,4,0.037,33,32,false,0,0.000
dec-029,dec,d_b=3;m=9;gap=7;k=4;q=7;s=16,15,false,17,0.072,26,2,8,0.071,26,2,false,0,0.000
dec-029,dec,d_b=3;m=9;gap=7;k=4;q=7;s=16,15,false,17,0.072,26,2,16,0.110,26,2,true,0,0.000
dec-029,dec,d_b=3;m=9;gap=7;k=4;q=7;s=16,15,false,17,0.072,26,2,32,0.108,26,2,true,0,0.000
dec-029,dec,d_b=3;m=9;gap=7;k=4;q=7;s=16,15,false,17,0.072,26,2,64,0.105,26,2,true,0,0.000
dec-029,dec,d_b=3;m=9;gap=7;k=4;q=7;s=16,15,false,17,0.072,26,2,128,0.105,26,2,true,0,0.000
dec-029,dec,d_b=3;m=9;gap=7;k=4;q=7;s=16,15,false,17,0.072,26,2,256,0.103,26,2,true,0,0.000
dec-029,dec,d_b=3;m=9;gap=7;k=4;q=7;s=16,15,false,17,0.072,26,2,512,0.105,26,2,true,0,0.000
dec-029,dec,d_b=3;m=9;gap=7;k=4;q=7;s=16,15,false,17,0.072,26,2,1024,0.113,26,2,true,0,0.000
dec-029,dec,d_b=3;m=9;gap=7;k=4;q=7;s=16,15,false,17,0.072,26,2,2048,0.112,26,2,true,0,0.000
dec-029,dec,d_b=3;m=9;gap=7;k=4;q=7;s=16,15,false,17,0.072,26,2,4096,0.106,26,2,true,0,0.000
dec-029,dec,d_b=3;m=9;gap=7;k=4;q=7;s=16,15,false,17,0.072,26,2,8192,0.105,26,2,true,0,0.000
dec-029,dec,d_b=3;m=9;gap=7;k=4;q=7;s=16,15,false,17,0.072,26,2,16384,0.103,26,2,true,0,0.000
mixed-009-2,mixed,seed=0xbd00808da95a2286;cycles=6;planted=3;d_b=8;m=3;gap=2;k=2,76,false,82,0.183,58,6,1,0.032,67,60,false,0,0.000
mixed-009-2,mixed,seed=0xbd00808da95a2286;cycles=6;planted=3;d_b=8;m=3;gap=2;k=2,76,false,82,0.183,58,6,2,0.035,67,60,false,0,0.000
mixed-009-2,mixed,seed=0xbd00808da95a2286;cycles=6;planted=3;d_b=8;m=3;gap=2;k=2,76,false,82,0.183,58,6,4,0.041,67,60,false,0,0.000
mixed-009-2,mixed,seed=0xbd00808da95a2286;cycles=6;planted=3;d_b=8;m=3;gap=2;k=2,76,false,82,0.183,58,6,8,0.056,67,60,false,0,0.000
mixed-009-2,mixed,seed=0xbd00808da95a2286;cycles=6;planted=3;d_b=8;m=3;gap=2;k=2,76,false,82,0.183,58,6,16,0.097,67,60,false,0,0.000
mixed-009-2,mixed,seed=0xbd00808da95a2286;cycles=6;planted=3;d_b=8;m=3;gap=2;k=2,76,false,82,0.183,58,6,32,0.192,64,42,false,0,0.000
mixed-009-2,mixed,seed=0xbd00808da95a2286;cycles=6;planted=3;d_b=8;m=3;gap=2;k=2,76,false,82,0.183,58,6,64,0.390,58,6,true,3,0.014
mixed-009-2,mixed,seed=0xbd00808da95a2286;cycles=6;planted=3;d_b=8;m=3;gap=2;k=2,76,false,82,0.183,58,6,128,0.375,58,6,true,3,0.014
mixed-009-2,mixed,seed=0xbd00808da95a2286;cycles=6;planted=3;d_b=8;m=3;gap=2;k=2,76,false,82,0.183,58,6,256,0.389,58,6,true,3,0.013
mixed-009-2,mixed,seed=0xbd00808da95a2286;cycles=6;planted=3;d_b=8;m=3;gap=2;k=2,76,false,82,0.183,58,6,512,0.370,58,6,true,3,0.013
mixed-009-2,mixed,seed=0xbd00808da95a2286;cycles=6;planted=3;d_b=8;m=3;gap=2;k=2,76,false,82,0.183,58,6,1024,0.383,58,6,true,3,0.013
mixed-009-2,mixed,seed=0xbd00808da95a2286;cycles=6;planted=3;d_b=8;m=3;gap=2;k=2,76,false,82,0.183,58,6,2048,0.375,58,6,true,3,0.013
mixed-009-2,mixed,seed=0xbd00808da95a2286;cycles=6;planted=3;d_b=8;m=3;gap=2;k=2,76,false,82,0.183,58,6,4096,0.367,58,6,true,3,0.013
mixed-009-2,mixed,seed=0xbd00808da95a2286;cycles=6;planted=3;d_b=8;m=3;gap=2;k=2,76,false,82,0.183,58,6,8192,0.369,58,6,true,3,0.013
mixed-009-2,mixed,seed=0xbd00808da95a2286;cycles=6;planted=3;d_b=8;m=3;gap=2;k=2,76,false,82,0.183,58,6,16384,0.363,58,6,true,3,0.012
dec-030,dec,d_b=3;m=9;gap=13;k=1;q=7;s=19,6,false,8,0.022,26,2,1,0.014,39,38,false,0,0.000
dec-030,dec,d_b=3;m=9;gap=13;k=1;q=7;s=19,6,false,8,0.022,26,2,2,0.025,26,2,true,1,0.005
dec-030,dec,d_b=3;m=9;gap=13;k=1;q=7;s=19,6,false,8,0.022,26,2,4,0.024,26,2,true,1,0.005
dec-030,dec,d_b=3;m=9;gap=13;k=1;q=7;s=19,6,false,8,0.022,26,2,8,0.023,26,2,true,1,0.004
dec-030,dec,d_b=3;m=9;gap=13;k=1;q=7;s=19,6,false,8,0.022,26,2,16,0.023,26,2,true,1,0.004
dec-030,dec,d_b=3;m=9;gap=13;k=1;q=7;s=19,6,false,8,0.022,26,2,32,0.022,26,2,true,1,0.004
dec-030,dec,d_b=3;m=9;gap=13;k=1;q=7;s=19,6,false,8,0.022,26,2,64,0.022,26,2,true,1,0.004
dec-030,dec,d_b=3;m=9;gap=13;k=1;q=7;s=19,6,false,8,0.022,26,2,128,0.022,26,2,true,1,0.004
dec-030,dec,d_b=3;m=9;gap=13;k=1;q=7;s=19,6,false,8,0.022,26,2,256,0.022,26,2,true,1,0.004
dec-030,dec,d_b=3;m=9;gap=13;k=1;q=7;s=19,6,false,8,0.022,26,2,512,0.022,26,2,true,1,0.004
dec-030,dec,d_b=3;m=9;gap=13;k=1;q=7;s=19,6,false,8,0.022,26,2,1024,0.022,26,2,true,1,0.004
dec-030,dec,d_b=3;m=9;gap=13;k=1;q=7;s=19,6,false,8,0.022,26,2,2048,0.021,26,2,true,1,0.004
dec-030,dec,d_b=3;m=9;gap=13;k=1;q=7;s=19,6,false,8,0.022,26,2,4096,0.021,26,2,true,1,0.004
dec-030,dec,d_b=3;m=9;gap=13;k=1;q=7;s=19,6,false,8,0.022,26,2,8192,0.021,26,2,true,1,0.004
dec-030,dec,d_b=3;m=9;gap=13;k=1;q=7;s=19,6,false,8,0.022,26,2,16384,0.021,26,2,true,1,0.004
mixed-010-0,mixed,seed=0xaadab7c76a34280d;cycles=6;planted=3;d_b=12;m=2;gap=6;k=4,14164,false,3349,0.343,66,10,1,0.117,87,64,false,1,0.010
mixed-010-0,mixed,seed=0xaadab7c76a34280d;cycles=6;planted=3;d_b=12;m=2;gap=6;k=4,14164,false,3349,0.343,66,10,2,0.119,87,64,false,1,0.013
mixed-010-0,mixed,seed=0xaadab7c76a34280d;cycles=6;planted=3;d_b=12;m=2;gap=6;k=4,14164,false,3349,0.343,66,10,4,0.135,87,64,false,2,0.018
mixed-010-0,mixed,seed=0xaadab7c76a34280d;cycles=6;planted=3;d_b=12;m=2;gap=6;k=4,14164,false,3349,0.343,66,10,8,0.173,87,64,false,2,0.018
mixed-010-0,mixed,seed=0xaadab7c76a34280d;cycles=6;planted=3;d_b=12;m=2;gap=6;k=4,14164,false,3349,0.343,66,10,16,0.254,87,64,false,2,0.017
mixed-010-0,mixed,seed=0xaadab7c76a34280d;cycles=6;planted=3;d_b=12;m=2;gap=6;k=4,14164,false,3349,0.343,66,10,32,0.435,87,64,false,2,0.017
mixed-010-0,mixed,seed=0xaadab7c76a34280d;cycles=6;planted=3;d_b=12;m=2;gap=6;k=4,14164,false,3349,0.343,66,10,64,0.881,73,28,false,2,0.022
mixed-010-0,mixed,seed=0xaadab7c76a34280d;cycles=6;planted=3;d_b=12;m=2;gap=6;k=4,14164,false,3349,0.343,66,10,128,1.707,66,10,false,3,0.023
mixed-010-0,mixed,seed=0xaadab7c76a34280d;cycles=6;planted=3;d_b=12;m=2;gap=6;k=4,14164,false,3349,0.343,66,10,256,2.395,66,10,true,5,0.029
mixed-010-0,mixed,seed=0xaadab7c76a34280d;cycles=6;planted=3;d_b=12;m=2;gap=6;k=4,14164,false,3349,0.343,66,10,512,2.407,66,10,true,5,0.028
mixed-010-0,mixed,seed=0xaadab7c76a34280d;cycles=6;planted=3;d_b=12;m=2;gap=6;k=4,14164,false,3349,0.343,66,10,1024,2.409,66,10,true,5,0.032
mixed-010-0,mixed,seed=0xaadab7c76a34280d;cycles=6;planted=3;d_b=12;m=2;gap=6;k=4,14164,false,3349,0.343,66,10,2048,2.385,66,10,true,5,0.027
mixed-010-0,mixed,seed=0xaadab7c76a34280d;cycles=6;planted=3;d_b=12;m=2;gap=6;k=4,14164,false,3349,0.343,66,10,4096,2.388,66,10,true,5,0.028
mixed-010-0,mixed,seed=0xaadab7c76a34280d;cycles=6;planted=3;d_b=12;m=2;gap=6;k=4,14164,false,3349,0.343,66,10,8192,2.381,66,10,true,5,0.028
mixed-010-0,mixed,seed=0xaadab7c76a34280d;cycles=6;planted=3;d_b=12;m=2;gap=6;k=4,14164,false,3349,0.343,66,10,16384,2.374,66,10,true,5,0.028
dec-031,dec,d_b=3;m=9;gap=13;k=2;q=7;s=19,9,false,11,0.031,26,2,1,0.017,39,38,false,0,0.000
dec-031,dec,d_b=3;m=9;gap=13;k=2;q=7;s=19,9,false,11,0.031,26,2,2,0.024,39,38,false,0,0.000
dec-031,dec,d_b=3;m=9;gap=13;k=2;q=7;s=19,9,false,11,0.031,26,2,4,0.042,26,2,false,0,0.000
dec-031,dec,d_b=3;m=9;gap=13;k=2;q=7;s=19,9,false,11,0.031,26,2,8,0.057,26,2,true,1,0.004
dec-031,dec,d_b=3;m=9;gap=13;k=2;q=7;s=19,9,false,11,0.031,26,2,16,0.053,26,2,true,1,0.003
dec-031,dec,d_b=3;m=9;gap=13;k=2;q=7;s=19,9,false,11,0.031,26,2,32,0.051,26,2,true,1,0.003
dec-031,dec,d_b=3;m=9;gap=13;k=2;q=7;s=19,9,false,11,0.031,26,2,64,0.051,26,2,true,1,0.003
dec-031,dec,d_b=3;m=9;gap=13;k=2;q=7;s=19,9,false,11,0.031,26,2,128,0.050,26,2,true,1,0.003
dec-031,dec,d_b=3;m=9;gap=13;k=2;q=7;s=19,9,false,11,0.031,26,2,256,0.050,26,2,true,1,0.003
dec-031,dec,d_b=3;m=9;gap=13;k=2;q=7;s=19,9,false,11,0.031,26,2,512,0.050,26,2,true,1,0.003
dec-031,dec,d_b=3;m=9;gap=13;k=2;q=7;s=19,9,false,11,0.031,26,2,1024,0.049,26,2,true,1,0.003
dec-031,dec,d_b=3;m=9;gap=13;k=2;q=7;s=19,9,false,11,0.031,26,2,2048,0.049,26,2,true,1,0.003
dec-031,dec,d_b=3;m=9;gap=13;k=2;q=7;s=19,9,false,11,0.031,26,2,4096,0.049,26,2,true,1,0.003
dec-031,dec,d_b=3;m=9;gap=13;k=2;q=7;s=19,9,false,11,0.031,26,2,8192,0.049,26,2,true,1,0.003
dec-031,dec,d_b=3;m=9;gap=13;k=2;q=7;s=19,9,false,11,0.031,26,2,16384,0.049,26,2,true,1,0.003
mixed-010-1,mixed,seed=0x4566f479df2aefe8;cycles=6;planted=3;d_b=12;m=2;gap=6;k=4,49777,false,9833,0.345,62,14,1,0.093,83,68,false,0,0.000
mixed-010-1,mixed,seed=0x4566f479df2aefe8;cycles=6;planted=3;d_b=12;m=2;gap=6;k=4,49777,false,9833,0.345,62,14,2,0.137,83,68,false,1,0.012
mixed-010-1,mixed,seed=0x4566f479df2aefe8;cycles=6;planted=3;d_b=12;m=2;gap=6;k=4,49777,false,9833,0.345,62,14,4,0.149,83,68,false,1,0.008
mixed-010-1,mixed,seed=0x4566f479df2aefe8;cycles=6;planted=3;d_b=12;m=2;gap=6;k=4,49777,false,9833,0.345,62,14,8,0.248,83,68,false,5,0.038
mixed-010-1,mixed,seed=0x4566f479df2aefe8;cycles=6;planted=3;d_b=12;m=2;gap=6;k=4,49777,false,9833,0.345,62,14,16,0.339,83,68,false,5,0.036
mixed-010-1,mixed,seed=0x4566f479df2aefe8;cycles=6;planted=3;d_b=12;m=2;gap=6;k=4,49777,false,9833,0.345,62,14,32,0.561,83,68,false,5,0.037
mixed-010-1,mixed,seed=0x4566f479df2aefe8;cycles=6;planted=3;d_b=12;m=2;gap=6;k=4,49777,false,9833,0.345,62,14,64,1.049,62,14,false,5,0.037
mixed-010-1,mixed,seed=0x4566f479df2aefe8;cycles=6;planted=3;d_b=12;m=2;gap=6;k=4,49777,false,9833,0.345,62,14,128,1.954,62,14,false,5,0.038
mixed-010-1,mixed,seed=0x4566f479df2aefe8;cycles=6;planted=3;d_b=12;m=2;gap=6;k=4,49777,false,9833,0.345,62,14,256,2.687,62,14,true,8,0.045
mixed-010-1,mixed,seed=0x4566f479df2aefe8;cycles=6;planted=3;d_b=12;m=2;gap=6;k=4,49777,false,9833,0.345,62,14,512,2.680,62,14,true,8,0.049
mixed-010-1,mixed,seed=0x4566f479df2aefe8;cycles=6;planted=3;d_b=12;m=2;gap=6;k=4,49777,false,9833,0.345,62,14,1024,2.769,62,14,true,8,0.048
mixed-010-1,mixed,seed=0x4566f479df2aefe8;cycles=6;planted=3;d_b=12;m=2;gap=6;k=4,49777,false,9833,0.345,62,14,2048,2.646,62,14,true,8,0.045
mixed-010-1,mixed,seed=0x4566f479df2aefe8;cycles=6;planted=3;d_b=12;m=2;gap=6;k=4,49777,false,9833,0.345,62,14,4096,2.677,62,14,true,8,0.046
mixed-010-1,mixed,seed=0x4566f479df2aefe8;cycles=6;planted=3;d_b=12;m=2;gap=6;k=4,49777,false,9833,0.345,62,14,8192,2.693,62,14,true,8,0.046
mixed-010-1,mixed,seed=0x4566f479df2aefe8;cycles=6;planted=3;d_b=12;m=2;gap=6;k=4,49777,false,9833,0.345,62,14,16384,2.659,62,14,true,8,0.045
dec-032,dec,d_b=3;m=9;gap=13;k=4;q=7;s=19,15,false,17,0.051,26,2,1,0.017,39,38,false,0,0.000
dec-032,dec,d_b=3;m=9;gap=13;k=4;q=7;s=19,15,false,17,0.051,26,2,2,0.026,39,38,false,0,0.000
dec-032,dec,d_b=3;m=9;gap=13;k=4;q=7;s=19,15,false,17,0.051,26,2,4,0.042,39,38,false,0,0.000
dec-032,dec,d_b=3;m=9;gap=13;k=4;q=7;s=19,15,false,17,0.051,26,2,8,0.077,26,2,false,0,0.000
dec-032,dec,d_b=3;m=9;gap=13;k=4;q=7;s=19,15,false,17,0.051,26,2,16,0.133,26,2,true,0,0.000
dec-032,dec,d_b=3;m=9;gap=13;k=4;q=7;s=19,15,false,17,0.051,26,2,32,0.128,26,2,true,0,0.000
dec-032,dec,d_b=3;m=9;gap=13;k=4;q=7;s=19,15,false,17,0.051,26,2,64,0.127,26,2,true,0,0.000
dec-032,dec,d_b=3;m=9;gap=13;k=4;q=7;s=19,15,false,17,0.051,26,2,128,0.130,26,2,true,0,0.000
dec-032,dec,d_b=3;m=9;gap=13;k=4;q=7;s=19,15,false,17,0.051,26,2,256,0.131,26,2,true,0,0.000
dec-032,dec,d_b=3;m=9;gap=13;k=4;q=7;s=19,15,false,17,0.051,26,2,512,0.138,26,2,true,0,0.000
dec-032,dec,d_b=3;m=9;gap=13;k=4;q=7;s=19,15,false,17,0.051,26,2,1024,0.125,26,2,true,0,0.000
dec-032,dec,d_b=3;m=9;gap=13;k=4;q=7;s=19,15,false,17,0.051,26,2,2048,0.126,26,2,true,0,0.000
dec-032,dec,d_b=3;m=9;gap=13;k=4;q=7;s=19,15,false,17,0.051,26,2,4096,0.123,26,2,true,0,0.000
dec-032,dec,d_b=3;m=9;gap=13;k=4;q=7;s=19,15,false,17,0.051,26,2,8192,0.126,26,2,true,0,0.000
dec-032,dec,d_b=3;m=9;gap=13;k=4;q=7;s=19,15,false,17,0.051,26,2,16384,0.127,26,2,true,0,0.000
mixed-010-2,mixed,seed=0x5f5939a608fe88c7;cycles=6;planted=3;d_b=12;m=2;gap=6;k=4,26339,false,5828,0.295,51,10,1,0.065,72,64,false,1,0.009
mixed-010-2,mixed,seed=0x5f5939a608fe88c7;cycles=6;planted=3;d_b=12;m=2;gap=6;k=4,26339,false,5828,0.295,51,10,2,0.065,72,64,false,1,0.008
mixed-010-2,mixed,seed=0x5f5939a608fe88c7;cycles=6;planted=3;d_b=12;m=2;gap=6;k=4,26339,false,5828,0.295,51,10,4,0.082,72,64,false,2,0.015
mixed-010-2,mixed,seed=0x5f5939a608fe88c7;cycles=6;planted=3;d_b=12;m=2;gap=6;k=4,26339,false,5828,0.295,51,10,8,0.090,72,64,false,2,0.015
mixed-010-2,mixed,seed=0x5f5939a608fe88c7;cycles=6;planted=3;d_b=12;m=2;gap=6;k=4,26339,false,5828,0.295,51,10,16,0.132,72,64,false,2,0.015
mixed-010-2,mixed,seed=0x5f5939a608fe88c7;cycles=6;planted=3;d_b=12;m=2;gap=6;k=4,26339,false,5828,0.295,51,10,32,0.230,72,64,false,2,0.016
mixed-010-2,mixed,seed=0x5f5939a608fe88c7;cycles=6;planted=3;d_b=12;m=2;gap=6;k=4,26339,false,5828,0.295,51,10,64,0.454,58,28,false,2,0.015
mixed-010-2,mixed,seed=0x5f5939a608fe88c7;cycles=6;planted=3;d_b=12;m=2;gap=6;k=4,26339,false,5828,0.295,51,10,128,0.900,51,10,false,3,0.019
mixed-010-2,mixed,seed=0x5f5939a608fe88c7;cycles=6;planted=3;d_b=12;m=2;gap=6;k=4,26339,false,5828,0.295,51,10,256,1.215,51,10,true,5,0.025
mixed-010-2,mixed,seed=0x5f5939a608fe88c7;cycles=6;planted=3;d_b=12;m=2;gap=6;k=4,26339,false,5828,0.295,51,10,512,1.200,51,10,true,5,0.024
mixed-010-2,mixed,seed=0x5f5939a608fe88c7;cycles=6;planted=3;d_b=12;m=2;gap=6;k=4,26339,false,5828,0.295,51,10,1024,1.192,51,10,true,5,0.027
mixed-010-2,mixed,seed=0x5f5939a608fe88c7;cycles=6;planted=3;d_b=12;m=2;gap=6;k=4,26339,false,5828,0.295,51,10,2048,1.234,51,10,true,5,0.029
mixed-010-2,mixed,seed=0x5f5939a608fe88c7;cycles=6;planted=3;d_b=12;m=2;gap=6;k=4,26339,false,5828,0.295,51,10,4096,1.211,51,10,true,5,0.025
mixed-010-2,mixed,seed=0x5f5939a608fe88c7;cycles=6;planted=3;d_b=12;m=2;gap=6;k=4,26339,false,5828,0.295,51,10,8192,1.216,51,10,true,5,0.025
mixed-010-2,mixed,seed=0x5f5939a608fe88c7;cycles=6;planted=3;d_b=12;m=2;gap=6;k=4,26339,false,5828,0.295,51,10,16384,1.194,51,10,true,5,0.024
dec-033,dec,d_b=5;m=2;gap=2;k=1;q=0;s=4,10,false,11,0.022,7,2,1,0.023,7,2,true,1,0.016
dec-033,dec,d_b=5;m=2;gap=2;k=1;q=0;s=4,10,false,11,0.022,7,2,2,0.023,7,2,true,1,0.016
dec-033,dec,d_b=5;m=2;gap=2;k=1;q=0;s=4,10,false,11,0.022,7,2,4,0.020,7,2,true,1,0.014
dec-033,dec,d_b=5;m=2;gap=2;k=1;q=0;s=4,10,false,11,0.022,7,2,8,0.020,7,2,true,1,0.014
dec-033,dec,d_b=5;m=2;gap=2;k=1;q=0;s=4,10,false,11,0.022,7,2,16,0.020,7,2,true,1,0.014
dec-033,dec,d_b=5;m=2;gap=2;k=1;q=0;s=4,10,false,11,0.022,7,2,32,0.019,7,2,true,1,0.014
dec-033,dec,d_b=5;m=2;gap=2;k=1;q=0;s=4,10,false,11,0.022,7,2,64,0.019,7,2,true,1,0.013
dec-033,dec,d_b=5;m=2;gap=2;k=1;q=0;s=4,10,false,11,0.022,7,2,128,0.019,7,2,true,1,0.013
dec-033,dec,d_b=5;m=2;gap=2;k=1;q=0;s=4,10,false,11,0.022,7,2,256,0.019,7,2,true,1,0.013
dec-033,dec,d_b=5;m=2;gap=2;k=1;q=0;s=4,10,false,11,0.022,7,2,512,0.019,7,2,true,1,0.013
dec-033,dec,d_b=5;m=2;gap=2;k=1;q=0;s=4,10,false,11,0.022,7,2,1024,0.019,7,2,true,1,0.013
dec-033,dec,d_b=5;m=2;gap=2;k=1;q=0;s=4,10,false,11,0.022,7,2,2048,0.019,7,2,true,1,0.013
dec-033,dec,d_b=5;m=2;gap=2;k=1;q=0;s=4,10,false,11,0.022,7,2,4096,0.019,7,2,true,1,0.013
dec-033,dec,d_b=5;m=2;gap=2;k=1;q=0;s=4,10,false,11,0.022,7,2,8192,0.019,7,2,true,1,0.013
dec-033,dec,d_b=5;m=2;gap=2;k=1;q=0;s=4,10,false,11,0.022,7,2,16384,0.019,7,2,true,1,0.013
mixed-011-0,mixed,seed=0x313c8e67d75c07e1;cycles=6;planted=3;d_b=16;m=5;gap=2;k=1,47205,false,9228,0.510,211,12,1,0.139,220,210,false,1,0.008
mixed-011-0,mixed,seed=0x313c8e67d75c07e1;cycles=6;planted=3;d_b=16;m=5;gap=2;k=1,47205,false,9228,0.510,211,12,2,0.157,220,210,false,1,0.009
mixed-011-0,mixed,seed=0x313c8e67d75c07e1;cycles=6;planted=3;d_b=16;m=5;gap=2;k=1,47205,false,9228,0.510,211,12,4,0.185,220,210,false,1,0.008
mixed-011-0,mixed,seed=0x313c8e67d75c07e1;cycles=6;planted=3;d_b=16;m=5;gap=2;k=1,47205,false,9228,0.510,211,12,8,0.278,220,210,false,5,0.037
mixed-011-0,mixed,seed=0x313c8e67d75c07e1;cycles=6;planted=3;d_b=16;m=5;gap=2;k=1,47205,false,9228,0.510,211,12,16,0.410,220,210,false,5,0.038
mixed-011-0,mixed,seed=0x313c8e67d75c07e1;cycles=6;planted=3;d_b=16;m=5;gap=2;k=1,47205,false,9228,0.510,211,12,32,0.644,220,210,false,5,0.036
mixed-011-0,mixed,seed=0x313c8e67d75c07e1;cycles=6;planted=3;d_b=16;m=5;gap=2;k=1,47205,false,9228,0.510,211,12,64,1.172,217,144,false,6,0.038
mixed-011-0,mixed,seed=0x313c8e67d75c07e1;cycles=6;planted=3;d_b=16;m=5;gap=2;k=1,47205,false,9228,0.510,211,12,128,1.895,211,12,true,8,0.046
mixed-011-0,mixed,seed=0x313c8e67d75c07e1;cycles=6;planted=3;d_b=16;m=5;gap=2;k=1,47205,false,9228,0.510,211,12,256,1.873,211,12,true,8,0.046
mixed-011-0,mixed,seed=0x313c8e67d75c07e1;cycles=6;planted=3;d_b=16;m=5;gap=2;k=1,47205,false,9228,0.510,211,12,512,1.839,211,12,true,8,0.044
mixed-011-0,mixed,seed=0x313c8e67d75c07e1;cycles=6;planted=3;d_b=16;m=5;gap=2;k=1,47205,false,9228,0.510,211,12,1024,1.835,211,12,true,8,0.044
mixed-011-0,mixed,seed=0x313c8e67d75c07e1;cycles=6;planted=3;d_b=16;m=5;gap=2;k=1,47205,false,9228,0.510,211,12,2048,1.825,211,12,true,8,0.043
mixed-011-0,mixed,seed=0x313c8e67d75c07e1;cycles=6;planted=3;d_b=16;m=5;gap=2;k=1,47205,false,9228,0.510,211,12,4096,1.881,211,12,true,8,0.046
mixed-011-0,mixed,seed=0x313c8e67d75c07e1;cycles=6;planted=3;d_b=16;m=5;gap=2;k=1,47205,false,9228,0.510,211,12,8192,1.857,211,12,true,8,0.045
mixed-011-0,mixed,seed=0x313c8e67d75c07e1;cycles=6;planted=3;d_b=16;m=5;gap=2;k=1,47205,false,9228,0.510,211,12,16384,1.857,211,12,true,8,0.043
dec-034,dec,d_b=5;m=2;gap=2;k=2;q=0;s=4,15,false,16,0.027,7,2,1,0.028,7,2,true,1,0.021
dec-034,dec,d_b=5;m=2;gap=2;k=2;q=0;s=4,15,false,16,0.027,7,2,2,0.033,7,2,true,1,0.025
dec-034,dec,d_b=5;m=2;gap=2;k=2;q=0;s=4,15,false,16,0.027,7,2,4,0.030,7,2,true,1,0.023
dec-034,dec,d_b=5;m=2;gap=2;k=2;q=0;s=4,15,false,16,0.027,7,2,8,0.026,7,2,true,1,0.020
dec-034,dec,d_b=5;m=2;gap=2;k=2;q=0;s=4,15,false,16,0.027,7,2,16,0.026,7,2,true,1,0.020
dec-034,dec,d_b=5;m=2;gap=2;k=2;q=0;s=4,15,false,16,0.027,7,2,32,0.025,7,2,true,1,0.019
dec-034,dec,d_b=5;m=2;gap=2;k=2;q=0;s=4,15,false,16,0.027,7,2,64,0.025,7,2,true,1,0.019
dec-034,dec,d_b=5;m=2;gap=2;k=2;q=0;s=4,15,false,16,0.027,7,2,128,0.028,7,2,true,1,0.021
dec-034,dec,d_b=5;m=2;gap=2;k=2;q=0;s=4,15,false,16,0.027,7,2,256,0.025,7,2,true,1,0.019
dec-034,dec,d_b=5;m=2;gap=2;k=2;q=0;s=4,15,false,16,0.027,7,2,512,0.024,7,2,true,1,0.018
dec-034,dec,d_b=5;m=2;gap=2;k=2;q=0;s=4,15,false,16,0.027,7,2,1024,0.024,7,2,true,1,0.018
dec-034,dec,d_b=5;m=2;gap=2;k=2;q=0;s=4,15,false,16,0.027,7,2,2048,0.024,7,2,true,1,0.018
dec-034,dec,d_b=5;m=2;gap=2;k=2;q=0;s=4,15,false,16,0.027,7,2,4096,0.024,7,2,true,1,0.018
dec-034,dec,d_b=5;m=2;gap=2;k=2;q=0;s=4,15,false,16,0.027,7,2,8192,0.024,7,2,true,1,0.018
dec-034,dec,d_b=5;m=2;gap=2;k=2;q=0;s=4,15,false,16,0.027,7,2,16384,0.024,7,2,true,1,0.018
mixed-011-1,mixed,seed=0xc6b01c2e806d8ec8;cycles=6;planted=3;d_b=16;m=5;gap=2;k=1,65,false,71,0.296,133,4,1,0.058,139,136,false,0,0.000
mixed-011-1,mixed,seed=0xc6b01c2e806d8ec8;cycles=6;planted=3;d_b=16;m=5;gap=2;k=1,65,false,71,0.296,133,4,2,0.066,139,136,false,0,0.000
mixed-011-1,mixed,seed=0xc6b01c2e806d8ec8;cycles=6;planted=3;d_b=16;m=5;gap=2;k=1,65,false,71,0.296,133,4,4,0.087,139,136,false,0,0.000
mixed-011-1,mixed,seed=0xc6b01c2e806d8ec8;cycles=6;planted=3;d_b=16;m=5;gap=2;k=1,65,false,71,0.296,133,4,8,0.130,139,136,false,0,0.000
mixed-011-1,mixed,seed=0xc6b01c2e806d8ec8;cycles=6;planted=3;d_b=16;m=5;gap=2;k=1,65,false,71,0.296,133,4,16,0.221,139,136,false,0,0.000
mixed-011-1,mixed,seed=0xc6b01c2e806d8ec8;cycles=6;planted=3;d_b=16;m=5;gap=2;k=1,65,false,71,0.296,133,4,32,0.410,136,70,false,0,0.000
mixed-011-1,mixed,seed=0xc6b01c2e806d8ec8;cycles=6;planted=3;d_b=16;m=5;gap=2;k=1,65,false,71,0.296,133,4,64,0.842,133,4,true,2,0.006
mixed-011-1,mixed,seed=0xc6b01c2e806d8ec8;cycles=6;planted=3;d_b=16;m=5;gap=2;k=1,65,false,71,0.296,133,4,128,0.831,133,4,true,2,0.006
mixed-011-1,mixed,seed=0xc6b01c2e806d8ec8;cycles=6;planted=3;d_b=16;m=5;gap=2;k=1,65,false,71,0.296,133,4,256,0.834,133,4,true,2,0.006
mixed-011-1,mixed,seed=0xc6b01c2e806d8ec8;cycles=6;planted=3;d_b=16;m=5;gap=2;k=1,65,false,71,0.296,133,4,512,0.847,133,4,true,2,0.009
mixed-011-1,mixed,seed=0xc6b01c2e806d8ec8;cycles=6;planted=3;d_b=16;m=5;gap=2;k=1,65,false,71,0.296,133,4,1024,0.846,133,4,true,2,0.007
mixed-011-1,mixed,seed=0xc6b01c2e806d8ec8;cycles=6;planted=3;d_b=16;m=5;gap=2;k=1,65,false,71,0.296,133,4,2048,0.834,133,4,true,2,0.005
mixed-011-1,mixed,seed=0xc6b01c2e806d8ec8;cycles=6;planted=3;d_b=16;m=5;gap=2;k=1,65,false,71,0.296,133,4,4096,0.828,133,4,true,2,0.006
mixed-011-1,mixed,seed=0xc6b01c2e806d8ec8;cycles=6;planted=3;d_b=16;m=5;gap=2;k=1,65,false,71,0.296,133,4,8192,0.834,133,4,true,2,0.007
mixed-011-1,mixed,seed=0xc6b01c2e806d8ec8;cycles=6;planted=3;d_b=16;m=5;gap=2;k=1,65,false,71,0.296,133,4,16384,0.830,133,4,true,2,0.006
dec-035,dec,d_b=5;m=2;gap=2;k=4;q=0;s=4,25,false,26,0.037,7,2,1,0.010,9,8,false,0,0.000
dec-035,dec,d_b=5;m=2;gap=2;k=4;q=0;s=4,25,false,26,0.037,7,2,2,0.013,9,8,false,0,0.000
dec-035,dec,d_b=5;m=2;gap=2;k=4;q=0;s=4,25,false,26,0.037,7,2,4,0.019,9,8,false,0,0.000
dec-035,dec,d_b=5;m=2;gap=2;k=4;q=0;s=4,25,false,26,0.037,7,2,8,0.032,9,8,false,0,0.000
dec-035,dec,d_b=5;m=2;gap=2;k=4;q=0;s=4,25,false,26,0.037,7,2,16,0.048,7,2,true,1,0.008
dec-035,dec,d_b=5;m=2;gap=2;k=4;q=0;s=4,25,false,26,0.037,7,2,32,0.047,7,2,true,1,0.008
dec-035,dec,d_b=5;m=2;gap=2;k=4;q=0;s=4,25,false,26,0.037,7,2,64,0.045,7,2,true,1,0.007
dec-035,dec,d_b=5;m=2;gap=2;k=4;q=0;s=4,25,false,26,0.037,7,2,128,0.045,7,2,true,1,0.007
dec-035,dec,d_b=5;m=2;gap=2;k=4;q=0;s=4,25,false,26,0.037,7,2,256,0.044,7,2,true,1,0.007
dec-035,dec,d_b=5;m=2;gap=2;k=4;q=0;s=4,25,false,26,0.037,7,2,512,0.044,7,2,true,1,0.007
dec-035,dec,d_b=5;m=2;gap=2;k=4;q=0;s=4,25,false,26,0.037,7,2,1024,0.044,7,2,true,1,0.007
dec-035,dec,d_b=5;m=2;gap=2;k=4;q=0;s=4,25,false,26,0.037,7,2,2048,0.049,7,2,true,1,0.007
dec-035,dec,d_b=5;m=2;gap=2;k=4;q=0;s=4,25,false,26,0.037,7,2,4096,0.051,7,2,true,1,0.008
dec-035,dec,d_b=5;m=2;gap=2;k=4;q=0;s=4,25,false,26,0.037,7,2,8192,0.043,7,2,true,1,0.007
dec-035,dec,d_b=5;m=2;gap=2;k=4;q=0;s=4,25,false,26,0.037,7,2,16384,0.046,7,2,true,1,0.007
mixed-011-2,mixed,seed=0x2c8ca5bf7f45f92c;cycles=6;planted=3;d_b=16;m=5;gap=2;k=1,33,false,35,0.162,67,2,1,0.029,70,68,false,0,0.000
mixed-011-2,mixed,seed=0x2c8ca5bf7f45f92c;cycles=6;planted=3;d_b=16;m=5;gap=2;k=1,33,false,35,0.162,67,2,2,0.030,70,68,false,0,0.000
mixed-011-2,mixed,seed=0x2c8ca5bf7f45f92c;cycles=6;planted=3;d_b=16;m=5;gap=2;k=1,33,false,35,0.162,67,2,4,0.050,70,68,false,0,0.000
mixed-011-2,mixed,seed=0x2c8ca5bf7f45f92c;cycles=6;planted=3;d_b=16;m=5;gap=2;k=1,33,false,35,0.162,67,2,8,0.086,70,68,false,0,0.000
mixed-011-2,mixed,seed=0x2c8ca5bf7f45f92c;cycles=6;planted=3;d_b=16;m=5;gap=2;k=1,33,false,35,0.162,67,2,16,0.166,70,68,false,0,0.000
mixed-011-2,mixed,seed=0x2c8ca5bf7f45f92c;cycles=6;planted=3;d_b=16;m=5;gap=2;k=1,33,false,35,0.162,67,2,32,0.346,67,2,true,1,0.003
mixed-011-2,mixed,seed=0x2c8ca5bf7f45f92c;cycles=6;planted=3;d_b=16;m=5;gap=2;k=1,33,false,35,0.162,67,2,64,0.347,67,2,true,1,0.004
mixed-011-2,mixed,seed=0x2c8ca5bf7f45f92c;cycles=6;planted=3;d_b=16;m=5;gap=2;k=1,33,false,35,0.162,67,2,128,0.338,67,2,true,1,0.003
mixed-011-2,mixed,seed=0x2c8ca5bf7f45f92c;cycles=6;planted=3;d_b=16;m=5;gap=2;k=1,33,false,35,0.162,67,2,256,0.348,67,2,true,1,0.003
mixed-011-2,mixed,seed=0x2c8ca5bf7f45f92c;cycles=6;planted=3;d_b=16;m=5;gap=2;k=1,33,false,35,0.162,67,2,512,0.336,67,2,true,1,0.003
mixed-011-2,mixed,seed=0x2c8ca5bf7f45f92c;cycles=6;planted=3;d_b=16;m=5;gap=2;k=1,33,false,35,0.162,67,2,1024,0.345,67,2,true,1,0.003
mixed-011-2,mixed,seed=0x2c8ca5bf7f45f92c;cycles=6;planted=3;d_b=16;m=5;gap=2;k=1,33,false,35,0.162,67,2,2048,0.349,67,2,true,1,0.004
mixed-011-2,mixed,seed=0x2c8ca5bf7f45f92c;cycles=6;planted=3;d_b=16;m=5;gap=2;k=1,33,false,35,0.162,67,2,4096,0.346,67,2,true,1,0.004
mixed-011-2,mixed,seed=0x2c8ca5bf7f45f92c;cycles=6;planted=3;d_b=16;m=5;gap=2;k=1,33,false,35,0.162,67,2,8192,0.341,67,2,true,1,0.003
mixed-011-2,mixed,seed=0x2c8ca5bf7f45f92c;cycles=6;planted=3;d_b=16;m=5;gap=2;k=1,33,false,35,0.162,67,2,16384,0.338,67,2,true,1,0.003
dec-036,dec,d_b=5;m=2;gap=2;k=1;q=0;s=4,10,false,11,0.021,7,2,1,0.022,7,2,true,1,0.015
dec-036,dec,d_b=5;m=2;gap=2;k=1;q=0;s=4,10,false,11,0.021,7,2,2,0.023,7,2,true,1,0.016
dec-036,dec,d_b=5;m=2;gap=2;k=1;q=0;s=4,10,false,11,0.021,7,2,4,0.020,7,2,true,1,0.014
dec-036,dec,d_b=5;m=2;gap=2;k=1;q=0;s=4,10,false,11,0.021,7,2,8,0.021,7,2,true,1,0.015
dec-036,dec,d_b=5;m=2;gap=2;k=1;q=0;s=4,10,false,11,0.021,7,2,16,0.024,7,2,true,1,0.017
dec-036,dec,d_b=5;m=2;gap=2;k=1;q=0;s=4,10,false,11,0.021,7,2,32,0.020,7,2,true,1,0.014
dec-036,dec,d_b=5;m=2;gap=2;k=1;q=0;s=4,10,false,11,0.021,7,2,64,0.019,7,2,true,1,0.014
dec-036,dec,d_b=5;m=2;gap=2;k=1;q=0;s=4,10,false,11,0.021,7,2,128,0.019,7,2,true,1,0.013
dec-036,dec,d_b=5;m=2;gap=2;k=1;q=0;s=4,10,false,11,0.021,7,2,256,0.019,7,2,true,1,0.013
dec-036,dec,d_b=5;m=2;gap=2;k=1;q=0;s=4,10,false,11,0.021,7,2,512,0.019,7,2,true,1,0.013
dec-036,dec,d_b=5;m=2;gap=2;k=1;q=0;s=4,10,false,11,0.021,7,2,1024,0.020,7,2,true,1,0.014
dec-036,dec,d_b=5;m=2;gap=2;k=1;q=0;s=4,10,false,11,0.021,7,2,2048,0.025,7,2,true,1,0.018
dec-036,dec,d_b=5;m=2;gap=2;k=1;q=0;s=4,10,false,11,0.021,7,2,4096,0.019,7,2,true,1,0.013
dec-036,dec,d_b=5;m=2;gap=2;k=1;q=0;s=4,10,false,11,0.021,7,2,8192,0.021,7,2,true,1,0.015
dec-036,dec,d_b=5;m=2;gap=2;k=1;q=0;s=4,10,false,11,0.021,7,2,16384,0.019,7,2,true,1,0.013
mixed-012-0,mixed,seed=0x711d0610236754f3;cycles=7;planted=1;d_b=4;m=2;gap=1;k=2,293855,false,40866,0.170,56,10,1,0.276,56,10,true,12,0.129
mixed-012-0,mixed,seed=0x711d0610236754f3;cycles=7;planted=1;d_b=4;m=2;gap=1;k=2,293855,false,40866,0.170,56,10,2,0.273,56,10,true,12,0.128
mixed-012-0,mixed,seed=0x711d0610236754f3;cycles=7;planted=1;d_b=4;m=2;gap=1;k=2,293855,false,40866,0.170,56,10,4,0.252,56,10,true,12,0.125
mixed-012-0,mixed,seed=0x711d0610236754f3;cycles=7;planted=1;d_b=4;m=2;gap=1;k=2,293855,false,40866,0.170,56,10,8,0.276,56,10,true,12,0.128
mixed-012-0,mixed,seed=0x711d0610236754f3;cycles=7;planted=1;d_b=4;m=2;gap=1;k=2,293855,false,40866,0.170,56,10,16,0.233,56,10,true,12,0.112
mixed-012-0,mixed,seed=0x711d0610236754f3;cycles=7;planted=1;d_b=4;m=2;gap=1;k=2,293855,false,40866,0.170,56,10,32,0.244,56,10,true,12,0.117
mixed-012-0,mixed,seed=0x711d0610236754f3;cycles=7;planted=1;d_b=4;m=2;gap=1;k=2,293855,false,40866,0.170,56,10,64,0.229,56,10,true,12,0.111
mixed-012-0,mixed,seed=0x711d0610236754f3;cycles=7;planted=1;d_b=4;m=2;gap=1;k=2,293855,false,40866,0.170,56,10,128,0.235,56,10,true,12,0.113
mixed-012-0,mixed,seed=0x711d0610236754f3;cycles=7;planted=1;d_b=4;m=2;gap=1;k=2,293855,false,40866,0.170,56,10,256,0.244,56,10,true,12,0.117
mixed-012-0,mixed,seed=0x711d0610236754f3;cycles=7;planted=1;d_b=4;m=2;gap=1;k=2,293855,false,40866,0.170,56,10,512,0.230,56,10,true,12,0.112
mixed-012-0,mixed,seed=0x711d0610236754f3;cycles=7;planted=1;d_b=4;m=2;gap=1;k=2,293855,false,40866,0.170,56,10,1024,0.234,56,10,true,12,0.113
mixed-012-0,mixed,seed=0x711d0610236754f3;cycles=7;planted=1;d_b=4;m=2;gap=1;k=2,293855,false,40866,0.170,56,10,2048,0.228,56,10,true,12,0.110
mixed-012-0,mixed,seed=0x711d0610236754f3;cycles=7;planted=1;d_b=4;m=2;gap=1;k=2,293855,false,40866,0.170,56,10,4096,0.233,56,10,true,12,0.112
mixed-012-0,mixed,seed=0x711d0610236754f3;cycles=7;planted=1;d_b=4;m=2;gap=1;k=2,293855,false,40866,0.170,56,10,8192,0.228,56,10,true,12,0.110
mixed-012-0,mixed,seed=0x711d0610236754f3;cycles=7;planted=1;d_b=4;m=2;gap=1;k=2,293855,false,40866,0.170,56,10,16384,0.226,56,10,true,12,0.109
dec-037,dec,d_b=5;m=2;gap=2;k=2;q=0;s=4,15,false,16,0.026,7,2,1,0.029,7,2,true,1,0.021
dec-037,dec,d_b=5;m=2;gap=2;k=2;q=0;s=4,15,false,16,0.026,7,2,2,0.027,7,2,true,1,0.020
dec-037,dec,d_b=5;m=2;gap=2;k=2;q=0;s=4,15,false,16,0.026,7,2,4,0.028,7,2,true,1,0.021
dec-037,dec,d_b=5;m=2;gap=2;k=2;q=0;s=4,15,false,16,0.026,7,2,8,0.026,7,2,true,1,0.019
dec-037,dec,d_b=5;m=2;gap=2;k=2;q=0;s=4,15,false,16,0.026,7,2,16,0.026,7,2,true,1,0.020
dec-037,dec,d_b=5;m=2;gap=2;k=2;q=0;s=4,15,false,16,0.026,7,2,32,0.025,7,2,true,1,0.019
dec-037,dec,d_b=5;m=2;gap=2;k=2;q=0;s=4,15,false,16,0.026,7,2,64,0.025,7,2,true,1,0.019
dec-037,dec,d_b=5;m=2;gap=2;k=2;q=0;s=4,15,false,16,0.026,7,2,128,0.025,7,2,true,1,0.019
dec-037,dec,d_b=5;m=2;gap=2;k=2;q=0;s=4,15,false,16,0.026,7,2,256,0.025,7,2,true,1,0.018
dec-037,dec,d_b=5;m=2;gap=2;k=2;q=0;s=4,15,false,16,0.026,7,2,512,0.024,7,2,true,1,0.019
dec-037,dec,d_b=5;m=2;gap=2;k=2;q=0;s=4,15,false,16,0.026,7,2,1024,0.024,7,2,true,1,0.018
dec-037,dec,d_b=5;m=2;gap=2;k=2;q=0;s=4,15,false,16,0.026,7,2,2048,0.024,7,2,true,1,0.018
dec-037,dec,d_b=5;m=2;gap=2;k=2;q=0;s=4,15,false,16,0.026,7,2,4096,0.024,7,2,true,1,0.018
dec-037,dec,d_b=5;m=2;gap=2;k=2;q=0;s=4,15,false,16,0.026,7,2,8192,0.024,7,2,true,1,0.018
dec-037,dec,d_b=5;m=2;gap=2;k=2;q=0;s=4,15,false,16,0.026,7,2,16384,0.024,7,2,true,1,0.018
mixed-012-1,mixed,seed=0xef2431cbb30c016c;cycles=7;planted=1;d_b=4;m=2;gap=1;k=2,211654,false,30226,0.060,14,6,1,0.072,14,6,true,1,0.057
mixed-012-1,mixed,seed=0xef2431cbb30c016c;cycles=7;planted=1;d_b=4;m=2;gap=1;k=2,211654,false,30226,0.060,14,6,2,0.078,14,6,true,1,0.060
mixed-012-1,mixed,seed=0xef2431cbb30c016c;cycles=7;planted=1;d_b=4;m=2;gap=1;k=2,211654,false,30226,0.060,14,6,4,0.073,14,6,true,1,0.059
mixed-012-1,mixed,seed=0xef2431cbb30c016c;cycles=7;planted=1;d_b=4;m=2;gap=1;k=2,211654,false,30226,0.060,14,6,8,0.063,14,6,true,1,0.051
mixed-012-1,mixed,seed=0xef2431cbb30c016c;cycles=7;planted=1;d_b=4;m=2;gap=1;k=2,211654,false,30226,0.060,14,6,16,0.058,14,6,true,1,0.048
mixed-012-1,mixed,seed=0xef2431cbb30c016c;cycles=7;planted=1;d_b=4;m=2;gap=1;k=2,211654,false,30226,0.060,14,6,32,0.067,14,6,true,1,0.054
mixed-012-1,mixed,seed=0xef2431cbb30c016c;cycles=7;planted=1;d_b=4;m=2;gap=1;k=2,211654,false,30226,0.060,14,6,64,0.055,14,6,true,1,0.045
mixed-012-1,mixed,seed=0xef2431cbb30c016c;cycles=7;planted=1;d_b=4;m=2;gap=1;k=2,211654,false,30226,0.060,14,6,128,0.058,14,6,true,1,0.047
mixed-012-1,mixed,seed=0xef2431cbb30c016c;cycles=7;planted=1;d_b=4;m=2;gap=1;k=2,211654,false,30226,0.060,14,6,256,0.053,14,6,true,1,0.043
mixed-012-1,mixed,seed=0xef2431cbb30c016c;cycles=7;planted=1;d_b=4;m=2;gap=1;k=2,211654,false,30226,0.060,14,6,512,0.055,14,6,true,1,0.045
mixed-012-1,mixed,seed=0xef2431cbb30c016c;cycles=7;planted=1;d_b=4;m=2;gap=1;k=2,211654,false,30226,0.060,14,6,1024,0.053,14,6,true,1,0.043
mixed-012-1,mixed,seed=0xef2431cbb30c016c;cycles=7;planted=1;d_b=4;m=2;gap=1;k=2,211654,false,30226,0.060,14,6,2048,0.054,14,6,true,1,0.044
mixed-012-1,mixed,seed=0xef2431cbb30c016c;cycles=7;planted=1;d_b=4;m=2;gap=1;k=2,211654,false,30226,0.060,14,6,4096,0.053,14,6,true,1,0.043
mixed-012-1,mixed,seed=0xef2431cbb30c016c;cycles=7;planted=1;d_b=4;m=2;gap=1;k=2,211654,false,30226,0.060,14,6,8192,0.053,14,6,true,1,0.044
mixed-012-1,mixed,seed=0xef2431cbb30c016c;cycles=7;planted=1;d_b=4;m=2;gap=1;k=2,211654,false,30226,0.060,14,6,16384,0.056,14,6,true,1,0.046
dec-038,dec,d_b=5;m=2;gap=2;k=4;q=0;s=4,25,false,26,0.037,7,2,1,0.012,9,8,false,0,0.000
dec-038,dec,d_b=5;m=2;gap=2;k=4;q=0;s=4,25,false,26,0.037,7,2,2,0.013,9,8,false,0,0.000
dec-038,dec,d_b=5;m=2;gap=2;k=4;q=0;s=4,25,false,26,0.037,7,2,4,0.019,9,8,false,0,0.000
dec-038,dec,d_b=5;m=2;gap=2;k=4;q=0;s=4,25,false,26,0.037,7,2,8,0.032,9,8,false,0,0.000
dec-038,dec,d_b=5;m=2;gap=2;k=4;q=0;s=4,25,false,26,0.037,7,2,16,0.049,7,2,true,1,0.008
dec-038,dec,d_b=5;m=2;gap=2;k=4;q=0;s=4,25,false,26,0.037,7,2,32,0.048,7,2,true,1,0.008
dec-038,dec,d_b=5;m=2;gap=2;k=4;q=0;s=4,25,false,26,0.037,7,2,64,0.045,7,2,true,1,0.007
dec-038,dec,d_b=5;m=2;gap=2;k=4;q=0;s=4,25,false,26,0.037,7,2,128,0.052,7,2,true,1,0.008
dec-038,dec,d_b=5;m=2;gap=2;k=4;q=0;s=4,25,false,26,0.037,7,2,256,0.051,7,2,true,1,0.008
dec-038,dec,d_b=5;m=2;gap=2;k=4;q=0;s=4,25,false,26,0.037,7,2,512,0.045,7,2,true,1,0.007
dec-038,dec,d_b=5;m=2;gap=2;k=4;q=0;s=4,25,false,26,0.037,7,2,1024,0.046,7,2,true,1,0.007
dec-038,dec,d_b=5;m=2;gap=2;k=4;q=0;s=4,25,false,26,0.037,7,2,2048,0.045,7,2,true,1,0.007
dec-038,dec,d_b=5;m=2;gap=2;k=4;q=0;s=4,25,false,26,0.037,7,2,4096,0.045,7,2,true,1,0.007
dec-038,dec,d_b=5;m=2;gap=2;k=4;q=0;s=4,25,false,26,0.037,7,2,8192,0.047,7,2,true,1,0.008
dec-038,dec,d_b=5;m=2;gap=2;k=4;q=0;s=4,25,false,26,0.037,7,2,16384,0.045,7,2,true,1,0.007
mixed-012-2,mixed,seed=0x9b17b1a8dd457987;cycles=7;planted=1;d_b=4;m=2;gap=1;k=2,187569,false,26425,0.089,28,10,1,0.102,28,10,true,1,0.086
mixed-012-2,mixed,seed=0x9b17b1a8dd457987;cycles=7;planted=1;d_b=4;m=2;gap=1;k=2,187569,false,26425,0.089,28,10,2,0.105,28,10,true,1,0.087
mixed-012-2,mixed,seed=0x9b17b1a8dd457987;cycles=7;planted=1;d_b=4;m=2;gap=1;k=2,187569,false,26425,0.089,28,10,4,0.107,28,10,true,1,0.089
mixed-012-2,mixed,seed=0x9b17b1a8dd457987;cycles=7;planted=1;d_b=4;m=2;gap=1;k=2,187569,false,26425,0.089,28,10,8,0.091,28,10,true,1,0.076
mixed-012-2,mixed,seed=0x9b17b1a8dd457987;cycles=7;planted=1;d_b=4;m=2;gap=1;k=2,187569,false,26425,0.089,28,10,16,0.100,28,10,true,1,0.083
mixed-012-2,mixed,seed=0x9b17b1a8dd457987;cycles=7;planted=1;d_b=4;m=2;gap=1;k=2,187569,false,26425,0.089,28,10,32,0.082,28,10,true,1,0.069
mixed-012-2,mixed,seed=0x9b17b1a8dd457987;cycles=7;planted=1;d_b=4;m=2;gap=1;k=2,187569,false,26425,0.089,28,10,64,0.079,28,10,true,1,0.067
mixed-012-2,mixed,seed=0x9b17b1a8dd457987;cycles=7;planted=1;d_b=4;m=2;gap=1;k=2,187569,false,26425,0.089,28,10,128,0.085,28,10,true,1,0.070
mixed-012-2,mixed,seed=0x9b17b1a8dd457987;cycles=7;planted=1;d_b=4;m=2;gap=1;k=2,187569,false,26425,0.089,28,10,256,0.073,28,10,true,1,0.062
mixed-012-2,mixed,seed=0x9b17b1a8dd457987;cycles=7;planted=1;d_b=4;m=2;gap=1;k=2,187569,false,26425,0.089,28,10,512,0.076,28,10,true,1,0.064
mixed-012-2,mixed,seed=0x9b17b1a8dd457987;cycles=7;planted=1;d_b=4;m=2;gap=1;k=2,187569,false,26425,0.089,28,10,1024,0.072,28,10,true,1,0.061
mixed-012-2,mixed,seed=0x9b17b1a8dd457987;cycles=7;planted=1;d_b=4;m=2;gap=1;k=2,187569,false,26425,0.089,28,10,2048,0.073,28,10,true,1,0.062
mixed-012-2,mixed,seed=0x9b17b1a8dd457987;cycles=7;planted=1;d_b=4;m=2;gap=1;k=2,187569,false,26425,0.089,28,10,4096,0.070,28,10,true,1,0.059
mixed-012-2,mixed,seed=0x9b17b1a8dd457987;cycles=7;planted=1;d_b=4;m=2;gap=1;k=2,187569,false,26425,0.089,28,10,8192,0.071,28,10,true,1,0.060
mixed-012-2,mixed,seed=0x9b17b1a8dd457987;cycles=7;planted=1;d_b=4;m=2;gap=1;k=2,187569,false,26425,0.089,28,10,16384,0.070,28,10,true,1,0.060
dec-039,dec,d_b=5;m=3;gap=1;k=1;q=1;s=6,10,false,12,0.030,12,2,1,0.036,12,2,true,1,0.026
dec-039,dec,d_b=5;m=3;gap=1;k=1;q=1;s=6,10,false,12,0.030,12,2,2,0.031,12,2,true,1,0.023
dec-039,dec,d_b=5;m=3;gap=1;k=1;q=1;s=6,10,false,12,0.030,12,2,4,0.029,12,2,true,1,0.021
dec-039,dec,d_b=5;m=3;gap=1;k=1;q=1;s=6,10,false,12,0.030,12,2,8,0.027,12,2,true,1,0.020
dec-039,dec,d_b=5;m=3;gap=1;k=1;q=1;s=6,10,false,12,0.030,12,2,16,0.027,12,2,true,1,0.020
dec-039,dec,d_b=5;m=3;gap=1;k=1;q=1;s=6,10,false,12,0.030,12,2,32,0.025,12,2,true,1,0.019
dec-039,dec,d_b=5;m=3;gap=1;k=1;q=1;s=6,10,false,12,0.030,12,2,64,0.034,12,2,true,1,0.025
dec-039,dec,d_b=5;m=3;gap=1;k=1;q=1;s=6,10,false,12,0.030,12,2,128,0.025,12,2,true,1,0.019
dec-039,dec,d_b=5;m=3;gap=1;k=1;q=1;s=6,10,false,12,0.030,12,2,256,0.029,12,2,true,1,0.021
dec-039,dec,d_b=5;m=3;gap=1;k=1;q=1;s=6,10,false,12,0.030,12,2,512,0.025,12,2,true,1,0.019
dec-039,dec,d_b=5;m=3;gap=1;k=1;q=1;s=6,10,false,12,0.030,12,2,1024,0.028,12,2,true,1,0.021
dec-039,dec,d_b=5;m=3;gap=1;k=1;q=1;s=6,10,false,12,0.030,12,2,2048,0.025,12,2,true,1,0.019
dec-039,dec,d_b=5;m=3;gap=1;k=1;q=1;s=6,10,false,12,0.030,12,2,4096,0.026,12,2,true,1,0.019
dec-039,dec,d_b=5;m=3;gap=1;k=1;q=1;s=6,10,false,12,0.030,12,2,8192,0.027,12,2,true,1,0.020
dec-039,dec,d_b=5;m=3;gap=1;k=1;q=1;s=6,10,false,12,0.030,12,2,16384,0.025,12,2,true,1,0.019
mixed-013-0,mixed,seed=0xf8fe6c22d3df3f14;cycles=7;planted=1;d_b=8;m=3;gap=2;k=2,112947,false,16733,0.109,32,6,1,0.104,35,24,false,1,0.018
mixed-013-0,mixed,seed=0xf8fe6c22d3df3f14;cycles=7;planted=1;d_b=8;m=3;gap=2;k=2,112947,false,16733,0.109,32,6,2,0.095,35,24,false,1,0.016
mixed-013-0,mixed,seed=0xf8fe6c22d3df3f14;cycles=7;planted=1;d_b=8;m=3;gap=2;k=2,112947,false,16733,0.109,32,6,4,0.117,35,24,false,1,0.015
mixed-013-0,mixed,seed=0xf8fe6c22d3df3f14;cycles=7;planted=1;d_b=8;m=3;gap=2;k=2,112947,false,16733,0.109,32,6,8,0.150,35,24,false,1,0.013
mixed-013-0,mixed,seed=0xf8fe6c22d3df3f14;cycles=7;planted=1;d_b=8;m=3;gap=2;k=2,112947,false,16733,0.109,32,6,16,0.268,32,6,false,1,0.015
mixed-013-0,mixed,seed=0xf8fe6c22d3df3f14;cycles=7;planted=1;d_b=8;m=3;gap=2;k=2,112947,false,16733,0.109,32,6,32,0.304,32,6,true,2,0.018
mixed-013-0,mixed,seed=0xf8fe6c22d3df3f14;cycles=7;planted=1;d_b=8;m=3;gap=2;k=2,112947,false,16733,0.109,32,6,64,0.306,32,6,true,2,0.019
mixed-013-0,mixed,seed=0xf8fe6c22d3df3f14;cycles=7;planted=1;d_b=8;m=3;gap=2;k=2,112947,false,16733,0.109,32,6,128,0.314,32,6,true,2,0.019
mixed-013-0,mixed,seed=0xf8fe6c22d3df3f14;cycles=7;planted=1;d_b=8;m=3;gap=2;k=2,112947,false,16733,0.109,32,6,256,0.298,32,6,true,2,0.018
mixed-013-0,mixed,seed=0xf8fe6c22d3df3f14;cycles=7;planted=1;d_b=8;m=3;gap=2;k=2,112947,false,16733,0.109,32,6,512,0.302,32,6,true,2,0.018
mixed-013-0,mixed,seed=0xf8fe6c22d3df3f14;cycles=7;planted=1;d_b=8;m=3;gap=2;k=2,112947,false,16733,0.109,32,6,1024,0.296,32,6,true,2,0.017
mixed-013-0,mixed,seed=0xf8fe6c22d3df3f14;cycles=7;planted=1;d_b=8;m=3;gap=2;k=2,112947,false,16733,0.109,32,6,2048,0.360,32,6,true,2,0.029
mixed-013-0,mixed,seed=0xf8fe6c22d3df3f14;cycles=7;planted=1;d_b=8;m=3;gap=2;k=2,112947,false,16733,0.109,32,6,4096,0.302,32,6,true,2,0.018
mixed-013-0,mixed,seed=0xf8fe6c22d3df3f14;cycles=7;planted=1;d_b=8;m=3;gap=2;k=2,112947,false,16733,0.109,32,6,8192,0.329,32,6,true,2,0.020
mixed-013-0,mixed,seed=0xf8fe6c22d3df3f14;cycles=7;planted=1;d_b=8;m=3;gap=2;k=2,112947,false,16733,0.109,32,6,16384,0.289,32,6,true,2,0.017
dec-040,dec,d_b=5;m=3;gap=1;k=2;q=1;s=6,15,false,17,0.037,12,2,1,0.011,13,12,false,0,0.000
dec-040,dec,d_b=5;m=3;gap=1;k=2;q=1;s=6,15,false,17,0.037,12,2,2,0.017,13,12,false,0,0.000
dec-040,dec,d_b=5;m=3;gap=1;k=2;q=1;s=6,15,false,17,0.037,12,2,4,0.044,12,2,true,1,0.023
dec-040,dec,d_b=5;m=3;gap=1;k=2;q=1;s=6,15,false,17,0.037,12,2,8,0.042,12,2,true,1,0.023
dec-040,dec,d_b=5;m=3;gap=1;k=2;q=1;s=6,15,false,17,0.037,12,2,16,0.039,12,2,true,1,0.020
dec-040,dec,d_b=5;m=3;gap=1;k=2;q=1;s=6,15,false,17,0.037,12,2,32,0.038,12,2,true,1,0.020
dec-040,dec,d_b=5;m=3;gap=1;k=2;q=1;s=6,15,false,17,0.037,12,2,64,0.042,12,2,true,1,0.021
dec-040,dec,d_b=5;m=3;gap=1;k=2;q=1;s=6,15,false,17,0.037,12,2,128,0.045,12,2,true,1,0.022
dec-040,dec,d_b=5;m=3;gap=1;k=2;q=1;s=6,15,false,17,0.037,12,2,256,0.037,12,2,true,1,0.019
dec-040,dec,d_b=5;m=3;gap=1;k=2;q=1;s=6,15,false,17,0.037,12,2,512,0.038,12,2,true,1,0.020
dec-040,dec,d_b=5;m=3;gap=1;k=2;q=1;s=6,15,false,17,0.037,12,2,1024,0.036,12,2,true,1,0.019
dec-040,dec,d_b=5;m=3;gap=1;k=2;q=1;s=6,15,false,17,0.037,12,2,2048,0.036,12,2,true,1,0.018
dec-040,dec,d_b=5;m=3;gap=1;k=2;q=1;s=6,15,false,17,0.037,12,2,4096,0.042,12,2,true,1,0.022
dec-040,dec,d_b=5;m=3;gap=1;k=2;q=1;s=6,15,false,17,0.037,12,2,8192,0.036,12,2,true,1,0.018
dec-040,dec,d_b=5;m=3;gap=1;k=2;q=1;s=6,15,false,17,0.037,12,2,16384,0.038,12,2,true,1,0.019
mixed-013-1,mixed,seed=0x31832866b6e28fc8;cycles=7;planted=1;d_b=8;m=3;gap=2;k=2,112961,false,16822,0.188,55,10,1,0.215,58,28,false,11,0.045
mixed-013-1,mixed,seed=0x31832866b6e28fc8;cycles=7;planted=1;d_b=8;m=3;gap=2;k=2,112961,false,16822,0.188,55,10,2,0.224,58,28,false,11,0.042
mixed-013-1,mixed,seed=0x31832866b6e28fc8;cycles=7;planted=1;d_b=8;m=3;gap=2;k=2,112961,false,16822,0.188,55,10,4,0.289,58,28,false,11,0.043
mixed-013-1,mixed,seed=0x31832866b6e28fc8;cycles=7;planted=1;d_b=8;m=3;gap=2;k=2,112961,false,16822,0.188,55,10,8,0.368,58,28,false,11,0.038
mixed-013-1,mixed,seed=0x31832866b6e28fc8;cycles=7;planted=1;d_b=8;m=3;gap=2;k=2,112961,false,16822,0.188,55,10,16,0.622,55,10,false,11,0.038
mixed-013-1,mixed,seed=0x31832866b6e28fc8;cycles=7;planted=1;d_b=8;m=3;gap=2;k=2,112961,false,16822,0.188,55,10,32,0.784,55,10,true,12,0.043
mixed-013-1,mixed,seed=0x31832866b6e28fc8;cycles=7;planted=1;d_b=8;m=3;gap=2;k=2,112961,false,16822,0.188,55,10,64,0.828,55,10,true,12,0.046
mixed-013-1,mixed,seed=0x31832866b6e28fc8;cycles=7;planted=1;d_b=8;m=3;gap=2;k=2,112961,false,16822,0.188,55,10,128,0.840,55,10,true,12,0.055
mixed-013-1,mixed,seed=0x31832866b6e28fc8;cycles=7;planted=1;d_b=8;m=3;gap=2;k=2,112961,false,16822,0.188,55,10,256,0.814,55,10,true,12,0.045
mixed-013-1,mixed,seed=0x31832866b6e28fc8;cycles=7;planted=1;d_b=8;m=3;gap=2;k=2,112961,false,16822,0.188,55,10,512,0.800,55,10,true,12,0.043
mixed-013-1,mixed,seed=0x31832866b6e28fc8;cycles=7;planted=1;d_b=8;m=3;gap=2;k=2,112961,false,16822,0.188,55,10,1024,0.808,55,10,true,12,0.043
mixed-013-1,mixed,seed=0x31832866b6e28fc8;cycles=7;planted=1;d_b=8;m=3;gap=2;k=2,112961,false,16822,0.188,55,10,2048,0.802,55,10,true,12,0.042
mixed-013-1,mixed,seed=0x31832866b6e28fc8;cycles=7;planted=1;d_b=8;m=3;gap=2;k=2,112961,false,16822,0.188,55,10,4096,0.770,55,10,true,12,0.042
mixed-013-1,mixed,seed=0x31832866b6e28fc8;cycles=7;planted=1;d_b=8;m=3;gap=2;k=2,112961,false,16822,0.188,55,10,8192,0.784,55,10,true,12,0.042
mixed-013-1,mixed,seed=0x31832866b6e28fc8;cycles=7;planted=1;d_b=8;m=3;gap=2;k=2,112961,false,16822,0.188,55,10,16384,0.769,55,10,true,12,0.041
dec-041,dec,d_b=5;m=3;gap=1;k=4;q=1;s=6,25,false,27,0.059,12,2,1,0.012,13,12,false,0,0.000
dec-041,dec,d_b=5;m=3;gap=1;k=4;q=1;s=6,25,false,27,0.059,12,2,2,0.017,13,12,false,0,0.000
dec-041,dec,d_b=5;m=3;gap=1;k=4;q=1;s=6,25,false,27,0.059,12,2,4,0.022,13,12,false,0,0.000
dec-041,dec,d_b=5;m=3;gap=1;k=4;q=1;s=6,25,false,27,0.059,12,2,8,0.040,13,12,false,0,0.000
dec-041,dec,d_b=5;m=3;gap=1;k=4;q=1;s=6,25,false,27,0.059,12,2,16,0.079,12,2,true,1,0.006
dec-041,dec,d_b=5;m=3;gap=1;k=4;q=1;s=6,25,false,27,0.059,12,2,32,0.082,12,2,true,1,0.007
dec-041,dec,d_b=5;m=3;gap=1;k=4;q=1;s=6,25,false,27,0.059,12,2,64,0.073,12,2,true,1,0.006
dec-041,dec,d_b=5;m=3;gap=1;k=4;q=1;s=6,25,false,27,0.059,12,2,128,0.073,12,2,true,1,0.006
dec-041,dec,d_b=5;m=3;gap=1;k=4;q=1;s=6,25,false,27,0.059,12,2,256,0.072,12,2,true,1,0.005
dec-041,dec,d_b=5;m=3;gap=1;k=4;q=1;s=6,25,false,27,0.059,12,2,512,0.071,12,2,true,1,0.005
dec-041,dec,d_b=5;m=3;gap=1;k=4;q=1;s=6,25,false,27,0.059,12,2,1024,0.071,12,2,true,1,0.005
dec-041,dec,d_b=5;m=3;gap=1;k=4;q=1;s=6,25,false,27,0.059,12,2,2048,0.071,12,2,true,1,0.005
dec-041,dec,d_b=5;m=3;gap=1;k=4;q=1;s=6,25,false,27,0.059,12,2,4096,0.070,12,2,true,1,0.005
dec-041,dec,d_b=5;m=3;gap=1;k=4;q=1;s=6,25,false,27,0.059,12,2,8192,0.070,12,2,true,1,0.005
dec-041,dec,d_b=5;m=3;gap=1;k=4;q=1;s=6,25,false,27,0.059,12,2,16384,0.070,12,2,true,1,0.005
mixed-013-2,mixed,seed=0x762c42d00e48443f;cycles=7;planted=1;d_b=8;m=3;gap=2;k=2,187577,false,26439,0.129,32,8,1,0.103,35,26,false,1,0.015
mixed-013-2,mixed,seed=0x762c42d00e48443f;cycles=7;planted=1;d_b=8;m=3;gap=2;k=2,187577,false,26439,0.129,32,8,2,0.129,35,26,false,2,0.024
mixed-013-2,mixed,seed=0x762c42d00e48443f;cycles=7;planted=1;d_b=8;m=3;gap=2;k=2,187577,false,26439,0.129,32,8,4,0.143,35,26,false,2,0.022
mixed-013-2,mixed,seed=0x762c42d00e48443f;cycles=7;planted=1;d_b=8;m=3;gap=2;k=2,187577,false,26439,0.129,32,8,8,0.200,35,26,false,2,0.021
mixed-013-2,mixed,seed=0x762c42d00e48443f;cycles=7;planted=1;d_b=8;m=3;gap=2;k=2,187577,false,26439,0.129,32,8,16,0.316,32,8,false,2,0.020
mixed-013-2,mixed,seed=0x762c42d00e48443f;cycles=7;planted=1;d_b=8;m=3;gap=2;k=2,187577,false,26439,0.129,32,8,32,0.406,32,8,true,3,0.026
mixed-013-2,mixed,seed=0x762c42d00e48443f;cycles=7;planted=1;d_b=8;m=3;gap=2;k=2,187577,false,26439,0.129,32,8,64,0.419,32,8,true,3,0.028
mixed-013-2,mixed,seed=0x762c42d00e48443f;cycles=7;planted=1;d_b=8;m=3;gap=2;k=2,187577,false,26439,0.129,32,8,128,0.390,32,8,true,3,0.025
mixed-013-2,mixed,seed=0x762c42d00e48443f;cycles=7;planted=1;d_b=8;m=3;gap=2;k=2,187577,false,26439,0.129,32,8,256,0.396,32,8,true,3,0.025
mixed-013-2,mixed,seed=0x762c42d00e48443f;cycles=7;planted=1;d_b=8;m=3;gap=2;k=2,187577,false,26439,0.129,32,8,512,0.392,32,8,true,3,0.026
mixed-013-2,mixed,seed=0x762c42d00e48443f;cycles=7;planted=1;d_b=8;m=3;gap=2;k=2,187577,false,26439,0.129,32,8,1024,0.387,32,8,true,3,0.025
mixed-013-2,mixed,seed=0x762c42d00e48443f;cycles=7;planted=1;d_b=8;m=3;gap=2;k=2,187577,false,26439,0.129,32,8,2048,0.407,32,8,true,3,0.029
mixed-013-2,mixed,seed=0x762c42d00e48443f;cycles=7;planted=1;d_b=8;m=3;gap=2;k=2,187577,false,26439,0.129,32,8,4096,0.386,32,8,true,3,0.025
mixed-013-2,mixed,seed=0x762c42d00e48443f;cycles=7;planted=1;d_b=8;m=3;gap=2;k=2,187577,false,26439,0.129,32,8,8192,0.392,32,8,true,3,0.027
mixed-013-2,mixed,seed=0x762c42d00e48443f;cycles=7;planted=1;d_b=8;m=3;gap=2;k=2,187577,false,26439,0.129,32,8,16384,0.392,32,8,true,3,0.025
dec-042,dec,d_b=5;m=3;gap=3;k=1;q=1;s=7,10,false,12,0.025,12,2,1,0.026,12,2,true,1,0.017
dec-042,dec,d_b=5;m=3;gap=3;k=1;q=1;s=7,10,false,12,0.025,12,2,2,0.027,12,2,true,1,0.018
dec-042,dec,d_b=5;m=3;gap=3;k=1;q=1;s=7,10,false,12,0.025,12,2,4,0.022,12,2,true,1,0.015
dec-042,dec,d_b=5;m=3;gap=3;k=1;q=1;s=7,10,false,12,0.025,12,2,8,0.024,12,2,true,1,0.016
dec-042,dec,d_b=5;m=3;gap=3;k=1;q=1;s=7,10,false,12,0.025,12,2,16,0.022,12,2,true,1,0.015
dec-042,dec,d_b=5;m=3;gap=3;k=1;q=1;s=7,10,false,12,0.025,12,2,32,0.031,12,2,true,1,0.024
dec-042,dec,d_b=5;m=3;gap=3;k=1;q=1;s=7,10,false,12,0.025,12,2,64,0.022,12,2,true,1,0.015
dec-042,dec,d_b=5;m=3;gap=3;k=1;q=1;s=7,10,false,12,0.025,12,2,128,0.023,12,2,true,1,0.015
dec-042,dec,d_b=5;m=3;gap=3;k=1;q=1;s=7,10,false,12,0.025,12,2,256,0.028,12,2,true,1,0.019
dec-042,dec,d_b=5;m=3;gap=3;k=1;q=1;s=7,10,false,12,0.025,12,2,512,0.022,12,2,true,1,0.015
dec-042,dec,d_b=5;m=3;gap=3;k=1;q=1;s=7,10,false,12,0.025,12,2,1024,0.028,12,2,true,1,0.019
dec-042,dec,d_b=5;m=3;gap=3;k=1;q=1;s=7,10,false,12,0.025,12,2,2048,0.031,12,2,true,1,0.024
dec-042,dec,d_b=5;m=3;gap=3;k=1;q=1;s=7,10,false,12,0.025,12,2,4096,0.022,12,2,true,1,0.015
dec-042,dec,d_b=5;m=3;gap=3;k=1;q=1;s=7,10,false,12,0.025,12,2,8192,0.024,12,2,true,1,0.016
dec-042,dec,d_b=5;m=3;gap=3;k=1;q=1;s=7,10,false,12,0.025,12,2,16384,0.022,12,2,true,1,0.015
mixed-014-0,mixed,seed=0xa9d652b3ac93e62d;cycles=7;planted=1;d_b=12;m=2;gap=6;k=4,61,false,62,0.098,15,2,1,0.017,22,20,false,0,0.000
mixed-014-0,mixed,seed=0xa9d652b3ac93e62d;cycles=7;planted=1;d_b=12;m=2;gap=6;k=4,61,false,62,0.098,15,2,2,0.017,22,20,false,0,0.000
mixed-014-0,mixed,seed=0xa9d652b3ac93e62d;cycles=7;planted=1;d_b=12;m=2;gap=6;k=4,61,false,62,0.098,15,2,4,0.031,22,20,false,0,0.000
mixed-014-0,mixed,seed=0xa9d652b3ac93e62d;cycles=7;planted=1;d_b=12;m=2;gap=6;k=4,61,false,62,0.098,15,2,8,0.054,22,20,false,0,0.000
mixed-014-0,mixed,seed=0xa9d652b3ac93e62d;cycles=7;planted=1;d_b=12;m=2;gap=6;k=4,61,false,62,0.098,15,2,16,0.106,15,2,false,0,0.000
mixed-014-0,mixed,seed=0xa9d652b3ac93e62d;cycles=7;planted=1;d_b=12;m=2;gap=6;k=4,61,false,62,0.098,15,2,32,0.203,15,2,false,0,0.000
mixed-014-0,mixed,seed=0xa9d652b3ac93e62d;cycles=7;planted=1;d_b=12;m=2;gap=6;k=4,61,false,62,0.098,15,2,64,0.388,15,2,true,1,0.005
mixed-014-0,mixed,seed=0xa9d652b3ac93e62d;cycles=7;planted=1;d_b=12;m=2;gap=6;k=4,61,false,62,0.098,15,2,128,0.379,15,2,true,1,0.005
mixed-014-0,mixed,seed=0xa9d652b3ac93e62d;cycles=7;planted=1;d_b=12;m=2;gap=6;k=4,61,false,62,0.098,15,2,256,0.378,15,2,true,1,0.004
mixed-014-0,mixed,seed=0xa9d652b3ac93e62d;cycles=7;planted=1;d_b=12;m=2;gap=6;k=4,61,false,62,0.098,15,2,512,0.379,15,2,true,1,0.004
mixed-014-0,mixed,seed=0xa9d652b3ac93e62d;cycles=7;planted=1;d_b=12;m=2;gap=6;k=4,61,false,62,0.098,15,2,1024,0.380,15,2,true,1,0.004
mixed-014-0,mixed,seed=0xa9d652b3ac93e62d;cycles=7;planted=1;d_b=12;m=2;gap=6;k=4,61,false,62,0.098,15,2,2048,0.374,15,2,true,1,0.004
mixed-014-0,mixed,seed=0xa9d652b3ac93e62d;cycles=7;planted=1;d_b=12;m=2;gap=6;k=4,61,false,62,0.098,15,2,4096,0.376,15,2,true,1,0.004
mixed-014-0,mixed,seed=0xa9d652b3ac93e62d;cycles=7;planted=1;d_b=12;m=2;gap=6;k=4,61,false,62,0.098,15,2,8192,0.372,15,2,true,1,0.004
mixed-014-0,mixed,seed=0xa9d652b3ac93e62d;cycles=7;planted=1;d_b=12;m=2;gap=6;k=4,61,false,62,0.098,15,2,16384,0.371,15,2,true,1,0.004
dec-043,dec,d_b=5;m=3;gap=3;k=2;q=1;s=7,15,false,17,0.033,12,2,1,0.011,15,14,false,0,0.000
dec-043,dec,d_b=5;m=3;gap=3;k=2;q=1;s=7,15,false,17,0.033,12,2,2,0.015,15,14,false,0,0.000
dec-043,dec,d_b=5;m=3;gap=3;k=2;q=1;s=7,15,false,17,0.033,12,2,4,0.036,12,2,true,1,0.015
dec-043,dec,d_b=5;m=3;gap=3;k=2;q=1;s=7,15,false,17,0.033,12,2,8,0.036,12,2,true,1,0.016
dec-043,dec,d_b=5;m=3;gap=3;k=2;q=1;s=7,15,false,17,0.033,12,2,16,0.033,12,2,true,1,0.014
dec-043,dec,d_b=5;m=3;gap=3;k=2;q=1;s=7,15,false,17,0.033,12,2,32,0.033,12,2,true,1,0.014
dec-043,dec,d_b=5;m=3;gap=3;k=2;q=1;s=7,15,false,17,0.033,12,2,64,0.038,12,2,true,1,0.016
dec-043,dec,d_b=5;m=3;gap=3;k=2;q=1;s=7,15,false,17,0.033,12,2,128,0.032,12,2,true,1,0.014
dec-043,dec,d_b=5;m=3;gap=3;k=2;q=1;s=7,15,false,17,0.033,12,2,256,0.033,12,2,true,1,0.014
dec-043,dec,d_b=5;m=3;gap=3;k=2;q=1;s=7,15,false,17,0.033,12,2,512,0.032,12,2,true,1,0.014
dec-043,dec,d_b=5;m=3;gap=3;k=2;q=1;s=7,15,false,17,0.033,12,2,1024,0.032,12,2,true,1,0.014
dec-043,dec,d_b=5;m=3;gap=3;k=2;q=1;s=7,15,false,17,0.033,12,2,2048,0.032,12,2,true,1,0.014
dec-043,dec,d_b=5;m=3;gap=3;k=2;q=1;s=7,15,false,17,0.033,12,2,4096,0.032,12,2,true,1,0.013
dec-043,dec,d_b=5;m=3;gap=3;k=2;q=1;s=7,15,false,17,0.033,12,2,8192,0.031,12,2,true,1,0.013
dec-043,dec,d_b=5;m=3;gap=3;k=2;q=1;s=7,15,false,17,0.033,12,2,16384,0.032,12,2,true,1,0.013
mixed-014-1,mixed,seed=0xa8485dc4eef3e2c0;cycles=7;planted=1;d_b=12;m=2;gap=6;k=4,112987,false,16783,0.164,35,8,1,0.108,42,26,false,1,0.023
mixed-014-1,mixed,seed=0xa8485dc4eef3e2c0;cycles=7;planted=1;d_b=12;m=2;gap=6;k=4,112987,false,16783,0.164,35,8,2,0.144,42,26,false,2,0.039
mixed-014-1,mixed,seed=0xa8485dc4eef3e2c0;cycles=7;planted=1;d_b=12;m=2;gap=6;k=4,112987,false,16783,0.164,35,8,4,0.157,42,26,false,2,0.036
mixed-014-1,mixed,seed=0xa8485dc4eef3e2c0;cycles=7;planted=1;d_b=12;m=2;gap=6;k=4,112987,false,16783,0.164,35,8,8,0.222,42,26,false,2,0.038
mixed-014-1,mixed,seed=0xa8485dc4eef3e2c0;cycles=7;planted=1;d_b=12;m=2;gap=6;k=4,112987,false,16783,0.164,35,8,16,0.288,42,26,false,2,0.032
mixed-014-1,mixed,seed=0xa8485dc4eef3e2c0;cycles=7;planted=1;d_b=12;m=2;gap=6;k=4,112987,false,16783,0.164,35,8,32,0.515,35,8,false,2,0.034
mixed-014-1,mixed,seed=0xa8485dc4eef3e2c0;cycles=7;planted=1;d_b=12;m=2;gap=6;k=4,112987,false,16783,0.164,35,8,64,0.891,35,8,true,3,0.036
mixed-014-1,mixed,seed=0xa8485dc4eef3e2c0;cycles=7;planted=1;d_b=12;m=2;gap=6;k=4,112987,false,16783,0.164,35,8,128,0.886,35,8,true,3,0.038
mixed-014-1,mixed,seed=0xa8485dc4eef3e2c0;cycles=7;planted=1;d_b=12;m=2;gap=6;k=4,112987,false,16783,0.164,35,8,256,0.871,35,8,true,3,0.035
mixed-014-1,mixed,seed=0xa8485dc4eef3e2c0;cycles=7;planted=1;d_b=12;m=2;gap=6;k=4,112987,false,16783,0.164,35,8,512,0.863,35,8,true,3,0.035
mixed-014-1,mixed,seed=0xa8485dc4eef3e2c0;cycles=7;planted=1;d_b=12;m=2;gap=6;k=4,112987,false,16783,0.164,35,8,1024,0.853,35,8,true,3,0.033
mixed-014-1,mixed,seed=0xa8485dc4eef3e2c0;cycles=7;planted=1;d_b=12;m=2;gap=6;k=4,112987,false,16783,0.164,35,8,2048,0.888,35,8,true,3,0.036
mixed-014-1,mixed,seed=0xa8485dc4eef3e2c0;cycles=7;planted=1;d_b=12;m=2;gap=6;k=4,112987,false,16783,0.164,35,8,4096,0.850,35,8,true,3,0.033
mixed-014-1,mixed,seed=0xa8485dc4eef3e2c0;cycles=7;planted=1;d_b=12;m=2;gap=6;k=4,112987,false,16783,0.164,35,8,8192,0.885,35,8,true,3,0.034
mixed-014-1,mixed,seed=0xa8485dc4eef3e2c0;cycles=7;planted=1;d_b=12;m=2;gap=6;k=4,112987,false,16783,0.164,35,8,16384,0.879,35,8,true,3,0.034
dec-044,dec,d_b=5;m=3;gap=3;k=4;q=1;s=7,25,false,27,0.051,12,2,1,0.012,15,14,false,0,0.000
dec-044,dec,d_b=5;m=3;gap=3;k=4;q=1;s=7,25,false,27,0.051,12,2,2,0.016,15,14,false,0,0.000
dec-044,dec,d_b=5;m=3;gap=3;k=4;q=1;s=7,25,false,27,0.051,12,2,4,0.024,15,14,false,0,0.000
dec-044,dec,d_b=5;m=3;gap=3;k=4;q=1;s=7,25,false,27,0.051,12,2,8,0.045,15,14,false,0,0.000
dec-044,dec,d_b=5;m=3;gap=3;k=4;q=1;s=7,25,false,27,0.051,12,2,16,0.085,12,2,true,1,0.007
dec-044,dec,d_b=5;m=3;gap=3;k=4;q=1;s=7,25,false,27,0.051,12,2,32,0.084,12,2,true,1,0.007
dec-044,dec,d_b=5;m=3;gap=3;k=4;q=1;s=7,25,false,27,0.051,12,2,64,0.082,12,2,true,1,0.006
dec-044,dec,d_b=5;m=3;gap=3;k=4;q=1;s=7,25,false,27,0.051,12,2,128,0.077,12,2,true,1,0.006
dec-044,dec,d_b=5;m=3;gap=3;k=4;q=1;s=7,25,false,27,0.051,12,2,256,0.082,12,2,true,1,0.006
dec-044,dec,d_b=5;m=3;gap=3;k=4;q=1;s=7,25,false,27,0.051,12,2,512,0.075,12,2,true,1,0.005
dec-044,dec,d_b=5;m=3;gap=3;k=4;q=1;s=7,25,false,27,0.051,12,2,1024,0.082,12,2,true,1,0.006
dec-044,dec,d_b=5;m=3;gap=3;k=4;q=1;s=7,25,false,27,0.051,12,2,2048,0.083,12,2,true,1,0.006
dec-044,dec,d_b=5;m=3;gap=3;k=4;q=1;s=7,25,false,27,0.051,12,2,4096,0.075,12,2,true,1,0.005
dec-044,dec,d_b=5;m=3;gap=3;k=4;q=1;s=7,25,false,27,0.051,12,2,8192,0.076,12,2,true,1,0.006
dec-044,dec,d_b=5;m=3;gap=3;k=4;q=1;s=7,25,false,27,0.051,12,2,16384,0.075,12,2,true,1,0.005
mixed-014-2,mixed,seed=0xfb25a106c763f8a5;cycles=7;planted=1;d_b=12;m=2;gap=6;k=4,112984,false,16767,0.131,24,8,1,0.051,31,26,false,0,0.000
mixed-014-2,mixed,seed=0xfb25a106c763f8a5;cycles=7;planted=1;d_b=12;m=2;gap=6;k=4,112984,false,16767,0.131,24,8,2,0.062,31,26,false,0,0.000
mixed-014-2,mixed,seed=0xfb25a106c763f8a5;cycles=7;planted=1;d_b=12;m=2;gap=6;k=4,112984,false,16767,0.131,24,8,4,0.102,31,26,false,2,0.015
mixed-014-2,mixed,seed=0xfb25a106c763f8a5;cycles=7;planted=1;d_b=12;m=2;gap=6;k=4,112984,false,16767,0.131,24,8,8,0.160,31,26,false,2,0.014
mixed-014-2,mixed,seed=0xfb25a106c763f8a5;cycles=7;planted=1;d_b=12;m=2;gap=6;k=4,112984,false,16767,0.131,24,8,16,0.247,31,26,false,2,0.013
mixed-014-2,mixed,seed=0xfb25a106c763f8a5;cycles=7;planted=1;d_b=12;m=2;gap=6;k=4,112984,false,16767,0.131,24,8,32,0.465,24,8,false,2,0.012
mixed-014-2,mixed,seed=0xfb25a106c763f8a5;cycles=7;planted=1;d_b=12;m=2;gap=6;k=4,112984,false,16767,0.131,24,8,64,0.882,24,8,true,3,0.018
mixed-014-2,mixed,seed=0xfb25a106c763f8a5;cycles=7;planted=1;d_b=12;m=2;gap=6;k=4,112984,false,16767,0.131,24,8,128,0.865,24,8,true,3,0.016
mixed-014-2,mixed,seed=0xfb25a106c763f8a5;cycles=7;planted=1;d_b=12;m=2;gap=6;k=4,112984,false,16767,0.131,24,8,256,0.843,24,8,true,3,0.015
mixed-014-2,mixed,seed=0xfb25a106c763f8a5;cycles=7;planted=1;d_b=12;m=2;gap=6;k=4,112984,false,16767,0.131,24,8,512,0.891,24,8,true,3,0.018
mixed-014-2,mixed,seed=0xfb25a106c763f8a5;cycles=7;planted=1;d_b=12;m=2;gap=6;k=4,112984,false,16767,0.131,24,8,1024,0.843,24,8,true,3,0.016
mixed-014-2,mixed,seed=0xfb25a106c763f8a5;cycles=7;planted=1;d_b=12;m=2;gap=6;k=4,112984,false,16767,0.131,24,8,2048,0.858,24,8,true,3,0.016
mixed-014-2,mixed,seed=0xfb25a106c763f8a5;cycles=7;planted=1;d_b=12;m=2;gap=6;k=4,112984,false,16767,0.131,24,8,4096,0.849,24,8,true,3,0.016
mixed-014-2,mixed,seed=0xfb25a106c763f8a5;cycles=7;planted=1;d_b=12;m=2;gap=6;k=4,112984,false,16767,0.131,24,8,8192,0.865,24,8,true,3,0.016
mixed-014-2,mixed,seed=0xfb25a106c763f8a5;cycles=7;planted=1;d_b=12;m=2;gap=6;k=4,112984,false,16767,0.131,24,8,16384,0.855,24,8,true,3,0.015
dec-045,dec,d_b=5;m=3;gap=7;k=1;q=1;s=9,10,false,12,0.023,12,2,1,0.025,12,2,true,1,0.015
dec-045,dec,d_b=5;m=3;gap=7;k=1;q=1;s=9,10,false,12,0.023,12,2,2,0.024,12,2,true,1,0.014
dec-045,dec,d_b=5;m=3;gap=7;k=1;q=1;s=9,10,false,12,0.023,12,2,4,0.021,12,2,true,1,0.013
dec-045,dec,d_b=5;m=3;gap=7;k=1;q=1;s=9,10,false,12,0.023,12,2,8,0.021,12,2,true,1,0.012
dec-045,dec,d_b=5;m=3;gap=7;k=1;q=1;s=9,10,false,12,0.023,12,2,16,0.025,12,2,true,1,0.015
dec-045,dec,d_b=5;m=3;gap=7;k=1;q=1;s=9,10,false,12,0.023,12,2,32,0.025,12,2,true,1,0.016
dec-045,dec,d_b=5;m=3;gap=7;k=1;q=1;s=9,10,false,12,0.023,12,2,64,0.021,12,2,true,1,0.013
dec-045,dec,d_b=5;m=3;gap=7;k=1;q=1;s=9,10,false,12,0.023,12,2,128,0.022,12,2,true,1,0.013
dec-045,dec,d_b=5;m=3;gap=7;k=1;q=1;s=9,10,false,12,0.023,12,2,256,0.020,12,2,true,1,0.012
dec-045,dec,d_b=5;m=3;gap=7;k=1;q=1;s=9,10,false,12,0.023,12,2,512,0.021,12,2,true,1,0.012
dec-045,dec,d_b=5;m=3;gap=7;k=1;q=1;s=9,10,false,12,0.023,12,2,1024,0.020,12,2,true,1,0.012
dec-045,dec,d_b=5;m=3;gap=7;k=1;q=1;s=9,10,false,12,0.023,12,2,2048,0.020,12,2,true,1,0.013
dec-045,dec,d_b=5;m=3;gap=7;k=1;q=1;s=9,10,false,12,0.023,12,2,4096,0.019,12,2,true,1,0.012
dec-045,dec,d_b=5;m=3;gap=7;k=1;q=1;s=9,10,false,12,0.023,12,2,8192,0.020,12,2,true,1,0.012
dec-045,dec,d_b=5;m=3;gap=7;k=1;q=1;s=9,10,false,12,0.023,12,2,16384,0.020,12,2,true,1,0.012
mixed-015-0,mixed,seed=0x5f12b3d3fd5095a5;cycles=7;planted=1;d_b=16;m=5;gap=2;k=1,294440,false,40898,0.246,88,10,1,0.165,91,76,false,1,0.068
mixed-015-0,mixed,seed=0x5f12b3d3fd5095a5;cycles=7;planted=1;d_b=16;m=5;gap=2;k=1,294440,false,40898,0.246,88,10,2,0.160,91,76,false,1,0.065
mixed-015-0,mixed,seed=0x5f12b3d3fd5095a5;cycles=7;planted=1;d_b=16;m=5;gap=2;k=1,294440,false,40898,0.246,88,10,4,0.175,91,76,false,2,0.074
mixed-015-0,mixed,seed=0x5f12b3d3fd5095a5;cycles=7;planted=1;d_b=16;m=5;gap=2;k=1,294440,false,40898,0.246,88,10,8,0.202,91,76,false,2,0.069
mixed-015-0,mixed,seed=0x5f12b3d3fd5095a5;cycles=7;planted=1;d_b=16;m=5;gap=2;k=1,294440,false,40898,0.246,88,10,16,0.286,91,76,false,2,0.074
mixed-015-0,mixed,seed=0x5f12b3d3fd5095a5;cycles=7;planted=1;d_b=16;m=5;gap=2;k=1,294440,false,40898,0.246,88,10,32,0.477,88,10,false,2,0.069
mixed-015-0,mixed,seed=0x5f12b3d3fd5095a5;cycles=7;planted=1;d_b=16;m=5;gap=2;k=1,294440,false,40898,0.246,88,10,64,0.518,88,10,true,3,0.080
mixed-015-0,mixed,seed=0x5f12b3d3fd5095a5;cycles=7;planted=1;d_b=16;m=5;gap=2;k=1,294440,false,40898,0.246,88,10,128,0.484,88,10,true,3,0.070
mixed-015-0,mixed,seed=0x5f12b3d3fd5095a5;cycles=7;planted=1;d_b=16;m=5;gap=2;k=1,294440,false,40898,0.246,88,10,256,0.487,88,10,true,3,0.072
mixed-015-0,mixed,seed=0x5f12b3d3fd5095a5;cycles=7;planted=1;d_b=16;m=5;gap=2;k=1,294440,false,40898,0.246,88,10,512,0.480,88,10,true,3,0.069
mixed-015-0,mixed,seed=0x5f12b3d3fd5095a5;cycles=7;planted=1;d_b=16;m=5;gap=2;k=1,294440,false,40898,0.246,88,10,1024,0.477,88,10,true,3,0.069
mixed-015-0,mixed,seed=0x5f12b3d3fd5095a5;cycles=7;planted=1;d_b=16;m=5;gap=2;k=1,294440,false,40898,0.246,88,10,2048,0.501,88,10,true,3,0.075
mixed-015-0,mixed,seed=0x5f12b3d3fd5095a5;cycles=7;planted=1;d_b=16;m=5;gap=2;k=1,294440,false,40898,0.246,88,10,4096,0.486,88,10,true,3,0.070
mixed-015-0,mixed,seed=0x5f12b3d3fd5095a5;cycles=7;planted=1;d_b=16;m=5;gap=2;k=1,294440,false,40898,0.246,88,10,8192,0.482,88,10,true,3,0.069
mixed-015-0,mixed,seed=0x5f12b3d3fd5095a5;cycles=7;planted=1;d_b=16;m=5;gap=2;k=1,294440,false,40898,0.246,88,10,16384,0.473,88,10,true,3,0.068
dec-046,dec,d_b=5;m=3;gap=7;k=2;q=1;s=9,15,false,17,0.029,12,2,1,0.011,19,18,false,0,0.000
dec-046,dec,d_b=5;m=3;gap=7;k=2;q=1;s=9,15,false,17,0.029,12,2,2,0.017,19,18,false,0,0.000
dec-046,dec,d_b=5;m=3;gap=7;k=2;q=1;s=9,15,false,17,0.029,12,2,4,0.032,12,2,false,0,0.000
dec-046,dec,d_b=5;m=3;gap=7;k=2;q=1;s=9,15,false,17,0.029,12,2,8,0.047,12,2,true,1,0.008
dec-046,dec,d_b=5;m=3;gap=7;k=2;q=1;s=9,15,false,17,0.029,12,2,16,0.044,12,2,true,1,0.008
dec-046,dec,d_b=5;m=3;gap=7;k=2;q=1;s=9,15,false,17,0.029,12,2,32,0.043,12,2,true,1,0.007
dec-046,dec,d_b=5;m=3;gap=7;k=2;q=1;s=9,15,false,17,0.029,12,2,64,0.042,12,2,true,1,0.007
dec-046,dec,d_b=5;m=3;gap=7;k=2;q=1;s=9,15,false,17,0.029,12,2,128,0.050,12,2,true,1,0.008
dec-046,dec,d_b=5;m=3;gap=7;k=2;q=1;s=9,15,false,17,0.029,12,2,256,0.041,12,2,true,1,0.006
dec-046,dec,d_b=5;m=3;gap=7;k=2;q=1;s=9,15,false,17,0.029,12,2,512,0.043,12,2,true,1,0.007
dec-046,dec,d_b=5;m=3;gap=7;k=2;q=1;s=9,15,false,17,0.029,12,2,1024,0.041,12,2,true,1,0.006
dec-046,dec,d_b=5;m=3;gap=7;k=2;q=1;s=9,15,false,17,0.029,12,2,2048,0.042,12,2,true,1,0.007
dec-046,dec,d_b=5;m=3;gap=7;k=2;q=1;s=9,15,false,17,0.029,12,2,4096,0.041,12,2,true,1,0.006
dec-046,dec,d_b=5;m=3;gap=7;k=2;q=1;s=9,15,false,17,0.029,12,2,8192,0.041,12,2,true,1,0.006
dec-046,dec,d_b=5;m=3;gap=7;k=2;q=1;s=9,15,false,17,0.029,12,2,16384,0.041,12,2,true,1,0.006
mixed-015-1,mixed,seed=0x8842ba36f2d5f139;cycles=7;planted=1;d_b=16;m=5;gap=2;k=1,112961,false,16782,0.229,91,10,1,0.147,94,76,false,1,0.060
mixed-015-1,mixed,seed=0x8842ba36f2d5f139;cycles=7;planted=1;d_b=16;m=5;gap=2;k=1,112961,false,16782,0.229,91,10,2,0.148,94,76,false,2,0.065
mixed-015-1,mixed,seed=0x8842ba36f2d5f139;cycles=7;planted=1;d_b=16;m=5;gap=2;k=1,112961,false,16782,0.229,91,10,4,0.150,94,76,false,2,0.064
mixed-015-1,mixed,seed=0x8842ba36f2d5f139;cycles=7;planted=1;d_b=16;m=5;gap=2;k=1,112961,false,16782,0.229,91,10,8,0.174,94,76,false,2,0.056
mixed-015-1,mixed,seed=0x8842ba36f2d5f139;cycles=7;planted=1;d_b=16;m=5;gap=2;k=1,112961,false,16782,0.229,91,10,16,0.246,94,76,false,2,0.052
mixed-015-1,mixed,seed=0x8842ba36f2d5f139;cycles=7;planted=1;d_b=16;m=5;gap=2;k=1,112961,false,16782,0.229,91,10,32,0.463,91,10,false,2,0.056
mixed-015-1,mixed,seed=0x8842ba36f2d5f139;cycles=7;planted=1;d_b=16;m=5;gap=2;k=1,112961,false,16782,0.229,91,10,64,0.480,91,10,true,3,0.061
mixed-015-1,mixed,seed=0x8842ba36f2d5f139;cycles=7;planted=1;d_b=16;m=5;gap=2;k=1,112961,false,16782,0.229,91,10,128,0.506,91,10,true,3,0.069
mixed-015-1,mixed,seed=0x8842ba36f2d5f139;cycles=7;planted=1;d_b=16;m=5;gap=2;k=1,112961,false,16782,0.229,91,10,256,0.470,91,10,true,3,0.058
mixed-015-1,mixed,seed=0x8842ba36f2d5f139;cycles=7;planted=1;d_b=16;m=5;gap=2;k=1,112961,false,16782,0.229,91,10,512,0.470,91,10,true,3,0.062
mixed-015-1,mixed,seed=0x8842ba36f2d5f139;cycles=7;planted=1;d_b=16;m=5;gap=2;k=1,112961,false,16782,0.229,91,10,1024,0.453,91,10,true,3,0.056
mixed-015-1,mixed,seed=0x8842ba36f2d5f139;cycles=7;planted=1;d_b=16;m=5;gap=2;k=1,112961,false,16782,0.229,91,10,2048,0.453,91,10,true,3,0.055
mixed-015-1,mixed,seed=0x8842ba36f2d5f139;cycles=7;planted=1;d_b=16;m=5;gap=2;k=1,112961,false,16782,0.229,91,10,4096,0.451,91,10,true,3,0.056
mixed-015-1,mixed,seed=0x8842ba36f2d5f139;cycles=7;planted=1;d_b=16;m=5;gap=2;k=1,112961,false,16782,0.229,91,10,8192,0.453,91,10,true,3,0.055
mixed-015-1,mixed,seed=0x8842ba36f2d5f139;cycles=7;planted=1;d_b=16;m=5;gap=2;k=1,112961,false,16782,0.229,91,10,16384,0.444,91,10,true,3,0.054
dec-047,dec,d_b=5;m=3;gap=7;k=4;q=1;s=9,25,false,27,0.048,12,2,1,0.013,19,18,false,0,0.000
dec-047,dec,d_b=5;m=3;gap=7;k=4;q=1;s=9,25,false,27,0.048,12,2,2,0.020,19,18,false,0,0.000
dec-047,dec,d_b=5;m=3;gap=7;k=4;q=1;s=9,25,false,27,0.048,12,2,4,0.028,19,18,false,0,0.000
dec-047,dec,d_b=5;m=3;gap=7;k=4;q=1;s=9,25,false,27,0.048,12,2,8,0.057,12,2,false,0,0.000
dec-047,dec,d_b=5;m=3;gap=7;k=4;q=1;s=9,25,false,27,0.048,12,2,16,0.093,12,2,false,0,0.000
dec-047,dec,d_b=5;m=3;gap=7;k=4;q=1;s=9,25,false,27,0.048,12,2,32,0.124,12,2,true,1,0.004
dec-047,dec,d_b=5;m=3;gap=7;k=4;q=1;s=9,25,false,27,0.048,12,2,64,0.128,12,2,true,1,0.004
dec-047,dec,d_b=5;m=3;gap=7;k=4;q=1;s=9,25,false,27,0.048,12,2,128,0.112,12,2,true,1,0.004
dec-047,dec,d_b=5;m=3;gap=7;k=4;q=1;s=9,25,false,27,0.048,12,2,256,0.120,12,2,true,1,0.004
dec-047,dec,d_b=5;m=3;gap=7;k=4;q=1;s=9,25,false,27,0.048,12,2,512,0.117,12,2,true,1,0.005
dec-047,dec,d_b=5;m=3;gap=7;k=4;q=1;s=9,25,false,27,0.048,12,2,1024,0.110,12,2,true,1,0.003
dec-047,dec,d_b=5;m=3;gap=7;k=4;q=1;s=9,25,false,27,0.048,12,2,2048,0.111,12,2,true,1,0.004
dec-047,dec,d_b=5;m=3;gap=7;k=4;q=1;s=9,25,false,27,0.048,12,2,4096,0.110,12,2,true,1,0.004
dec-047,dec,d_b=5;m=3;gap=7;k=4;q=1;s=9,25,false,27,0.048,12,2,8192,0.108,12,2,true,1,0.003
dec-047,dec,d_b=5;m=3;gap=7;k=4;q=1;s=9,25,false,27,0.048,12,2,16384,0.111,12,2,true,1,0.004
mixed-015-2,mixed,seed=0x803c0dc14318a208;cycles=7;planted=1;d_b=16;m=5;gap=2;k=1,112953,false,16725,0.175,69,4,1,0.070,72,70,false,1,0.012
mixed-015-2,mixed,seed=0x803c0dc14318a208;cycles=7;planted=1;d_b=16;m=5;gap=2;k=1,112953,false,16725,0.175,69,4,2,0.067,72,70,false,1,0.012
mixed-015-2,mixed,seed=0x803c0dc14318a208;cycles=7;planted=1;d_b=16;m=5;gap=2;k=1,112953,false,16725,0.175,69,4,4,0.089,72,70,false,1,0.011
mixed-015-2,mixed,seed=0x803c0dc14318a208;cycles=7;planted=1;d_b=16;m=5;gap=2;k=1,112953,false,16725,0.175,69,4,8,0.131,72,70,false,1,0.010
mixed-015-2,mixed,seed=0x803c0dc14318a208;cycles=7;planted=1;d_b=16;m=5;gap=2;k=1,112953,false,16725,0.175,69,4,16,0.227,72,70,false,1,0.010
mixed-015-2,mixed,seed=0x803c0dc14318a208;cycles=7;planted=1;d_b=16;m=5;gap=2;k=1,112953,false,16725,0.175,69,4,32,0.471,69,4,true,2,0.015
mixed-015-2,mixed,seed=0x803c0dc14318a208;cycles=7;planted=1;d_b=16;m=5;gap=2;k=1,112953,false,16725,0.175,69,4,64,0.456,69,4,true,2,0.013
mixed-015-2,mixed,seed=0x803c0dc14318a208;cycles=7;planted=1;d_b=16;m=5;gap=2;k=1,112953,false,16725,0.175,69,4,128,0.457,69,4,true,2,0.013
mixed-015-2,mixed,seed=0x803c0dc14318a208;cycles=7;planted=1;d_b=16;m=5;gap=2;k=1,112953,false,16725,0.175,69,4,256,0.467,69,4,true,2,0.014
mixed-015-2,mixed,seed=0x803c0dc14318a208;cycles=7;planted=1;d_b=16;m=5;gap=2;k=1,112953,false,16725,0.175,69,4,512,0.454,69,4,true,2,0.012
mixed-015-2,mixed,seed=0x803c0dc14318a208;cycles=7;planted=1;d_b=16;m=5;gap=2;k=1,112953,false,16725,0.175,69,4,1024,0.445,69,4,true,2,0.012
mixed-015-2,mixed,seed=0x803c0dc14318a208;cycles=7;planted=1;d_b=16;m=5;gap=2;k=1,112953,false,16725,0.175,69,4,2048,0.463,69,4,true,2,0.013
mixed-015-2,mixed,seed=0x803c0dc14318a208;cycles=7;planted=1;d_b=16;m=5;gap=2;k=1,112953,false,16725,0.175,69,4,4096,0.478,69,4,true,2,0.017
mixed-015-2,mixed,seed=0x803c0dc14318a208;cycles=7;planted=1;d_b=16;m=5;gap=2;k=1,112953,false,16725,0.175,69,4,8192,0.456,69,4,true,2,0.013
mixed-015-2,mixed,seed=0x803c0dc14318a208;cycles=7;planted=1;d_b=16;m=5;gap=2;k=1,112953,false,16725,0.175,69,4,16384,0.454,69,4,true,2,0.013
dec-048,dec,d_b=5;m=5;gap=1;k=1;q=3;s=11,10,false,12,0.034,22,2,1,0.035,22,2,true,1,0.024
dec-048,dec,d_b=5;m=5;gap=1;k=1;q=3;s=11,10,false,12,0.034,22,2,2,0.036,22,2,true,1,0.026
dec-048,dec,d_b=5;m=5;gap=1;k=1;q=3;s=11,10,false,12,0.034,22,2,4,0.032,22,2,true,1,0.023
dec-048,dec,d_b=5;m=5;gap=1;k=1;q=3;s=11,10,false,12,0.034,22,2,8,0.036,22,2,true,1,0.026
dec-048,dec,d_b=5;m=5;gap=1;k=1;q=3;s=11,10,false,12,0.034,22,2,16,0.032,22,2,true,1,0.023
dec-048,dec,d_b=5;m=5;gap=1;k=1;q=3;s=11,10,false,12,0.034,22,2,32,0.032,22,2,true,1,0.023
dec-048,dec,d_b=5;m=5;gap=1;k=1;q=3;s=11,10,false,12,0.034,22,2,64,0.031,22,2,true,1,0.022
dec-048,dec,d_b=5;m=5;gap=1;k=1;q=3;s=11,10,false,12,0.034,22,2,128,0.031,22,2,true,1,0.023
dec-048,dec,d_b=5;m=5;gap=1;k=1;q=3;s=11,10,false,12,0.034,22,2,256,0.030,22,2,true,1,0.022
dec-048,dec,d_b=5;m=5;gap=1;k=1;q=3;s=11,10,false,12,0.034,22,2,512,0.031,22,2,true,1,0.022
dec-048,dec,d_b=5;m=5;gap=1;k=1;q=3;s=11,10,false,12,0.034,22,2,1024,0.030,22,2,true,1,0.021
dec-048,dec,d_b=5;m=5;gap=1;k=1;q=3;s=11,10,false,12,0.034,22,2,2048,0.030,22,2,true,1,0.022
dec-048,dec,d_b=5;m=5;gap=1;k=1;q=3;s=11,10,false,12,0.034,22,2,4096,0.030,22,2,true,1,0.021
dec-048,dec,d_b=5;m=5;gap=1;k=1;q=3;s=11,10,false,12,0.034,22,2,8192,0.030,22,2,true,1,0.022
dec-048,dec,d_b=5;m=5;gap=1;k=1;q=3;s=11,10,false,12,0.034,22,2,16384,0.031,22,2,true,1,0.022
mixed-016-0,mixed,seed=0x5f5c059df54fbc37;cycles=7;planted=2;d_b=4;m=2;gap=1;k=2,25,false,27,0.042,13,4,1,0.039,13,4,true,1,0.031
mixed-016-0,mixed,seed=0x5f5c059df54fbc37;cycles=7;planted=2;d_b=4;m=2;gap=1;k=2,25,false,27,0.042,13,4,2,0.045,13,4,true,1,0.035
mixed-016-0,mixed,seed=0x5f5c059df54fbc37;cycles=7;planted=2;d_b=4;m=2;gap=1;k=2,25,false,27,0.042,13,4,4,0.037,13,4,true,1,0.030
mixed-016-0,mixed,seed=0x5f5c059df54fbc37;cycles=7;planted=2;d_b=4;m=2;gap=1;k=2,25,false,27,0.042,13,4,8,0.044,13,4,true,1,0.034
mixed-016-0,mixed,seed=0x5f5c059df54fbc37;cycles=7;planted=2;d_b=4;m=2;gap=1;k=2,25,false,27,0.042,13,4,16,0.037,13,4,true,1,0.029
mixed-016-0,mixed,seed=0x5f5c059df54fbc37;cycles=7;planted=2;d_b=4;m=2;gap=1;k=2,25,false,27,0.042,13,4,32,0.038,13,4,true,1,0.030
mixed-016-0,mixed,seed=0x5f5c059df54fbc37;cycles=7;planted=2;d_b=4;m=2;gap=1;k=2,25,false,27,0.042,13,4,64,0.037,13,4,true,1,0.029
mixed-016-0,mixed,seed=0x5f5c059df54fbc37;cycles=7;planted=2;d_b=4;m=2;gap=1;k=2,25,false,27,0.042,13,4,128,0.037,13,4,true,1,0.029
mixed-016-0,mixed,seed=0x5f5c059df54fbc37;cycles=7;planted=2;d_b=4;m=2;gap=1;k=2,25,false,27,0.042,13,4,256,0.036,13,4,true,1,0.029
mixed-016-0,mixed,seed=0x5f5c059df54fbc37;cycles=7;planted=2;d_b=4;m=2;gap=1;k=2,25,false,27,0.042,13,4,512,0.036,13,4,true,1,0.029
mixed-016-0,mixed,seed=0x5f5c059df54fbc37;cycles=7;planted=2;d_b=4;m=2;gap=1;k=2,25,false,27,0.042,13,4,1024,0.040,13,4,true,1,0.032
mixed-016-0,mixed,seed=0x5f5c059df54fbc37;cycles=7;planted=2;d_b=4;m=2;gap=1;k=2,25,false,27,0.042,13,4,2048,0.036,13,4,true,1,0.029
mixed-016-0,mixed,seed=0x5f5c059df54fbc37;cycles=7;planted=2;d_b=4;m=2;gap=1;k=2,25,false,27,0.042,13,4,4096,0.036,13,4,true,1,0.029
mixed-016-0,mixed,seed=0x5f5c059df54fbc37;cycles=7;planted=2;d_b=4;m=2;gap=1;k=2,25,false,27,0.042,13,4,8192,0.036,13,4,true,1,0.028
mixed-016-0,mixed,seed=0x5f5c059df54fbc37;cycles=7;planted=2;d_b=4;m=2;gap=1;k=2,25,false,27,0.042,13,4,16384,0.036,13,4,true,1,0.029
dec-049,dec,d_b=5;m=5;gap=1;k=2;q=3;s=11,15,false,17,0.048,22,2,1,0.012,23,22,false,0,0.000
dec-049,dec,d_b=5;m=5;gap=1;k=2;q=3;s=11,15,false,17,0.048,22,2,2,0.017,23,22,false,0,0.000
dec-049,dec,d_b=5;m=5;gap=1;k=2;q=3;s=11,15,false,17,0.048,22,2,4,0.028,23,22,false,0,0.000
dec-049,dec,d_b=5;m=5;gap=1;k=2;q=3;s=11,15,false,17,0.048,22,2,8,0.052,22,2,false,0,0.000
dec-049,dec,d_b=5;m=5;gap=1;k=2;q=3;s=11,15,false,17,0.048,22,2,16,0.066,22,2,true,1,0.008
dec-049,dec,d_b=5;m=5;gap=1;k=2;q=3;s=11,15,false,17,0.048,22,2,32,0.060,22,2,true,1,0.005
dec-049,dec,d_b=5;m=5;gap=1;k=2;q=3;s=11,15,false,17,0.048,22,2,64,0.059,22,2,true,1,0.005
dec-049,dec,d_b=5;m=5;gap=1;k=2;q=3;s=11,15,false,17,0.048,22,2,128,0.058,22,2,true,1,0.005
dec-049,dec,d_b=5;m=5;gap=1;k=2;q=3;s=11,15,false,17,0.048,22,2,256,0.058,22,2,true,1,0.004
dec-049,dec,d_b=5;m=5;gap=1;k=2;q=3;s=11,15,false,17,0.048,22,2,512,0.057,22,2,true,1,0.004
dec-049,dec,d_b=5;m=5;gap=1;k=2;q=3;s=11,15,false,17,0.048,22,2,1024,0.057,22,2,true,1,0.004
dec-049,dec,d_b=5;m=5;gap=1;k=2;q=3;s=11,15,false,17,0.048,22,2,2048,0.063,22,2,true,1,0.005
dec-049,dec,d_b=5;m=5;gap=1;k=2;q=3;s=11,15,false,17,0.048,22,2,4096,0.057,22,2,true,1,0.004
dec-049,dec,d_b=5;m=5;gap=1;k=2;q=3;s=11,15,false,17,0.048,22,2,8192,0.058,22,2,true,1,0.004
dec-049,dec,d_b=5;m=5;gap=1;k=2;q=3;s=11,15,false,17,0.048,22,2,16384,0.057,22,2,true,1,0.004
mixed-016-1,mixed,seed=0x1d02d638966cdafe;cycles=7;planted=2;d_b=4;m=2;gap=1;k=2,210957,false,30169,0.082,21,10,1,0.127,21,10,true,2,0.057
mixed-016-1,mixed,seed=0x1d02d638966cdafe;cycles=7;planted=2;d_b=4;m=2;gap=1;k=2,210957,false,30169,0.082,21,10,2,0.119,21,10,true,2,0.054
mixed-016-1,mixed,seed=0x1d02d638966cdafe;cycles=7;planted=2;d_b=4;m=2;gap=1;k=2,210957,false,30169,0.082,21,10,4,0.109,21,10,true,2,0.052
mixed-016-1,mixed,seed=0x1d02d638966cdafe;cycles=7;planted=2;d_b=4;m=2;gap=1;k=2,210957,false,30169,0.082,21,10,8,0.109,21,10,true,2,0.053
mixed-016-1,mixed,seed=0x1d02d638966cdafe;cycles=7;planted=2;d_b=4;m=2;gap=1;k=2,210957,false,30169,0.082,21,10,16,0.123,21,10,true,2,0.056
mixed-016-1,mixed,seed=0x1d02d638966cdafe;cycles=7;planted=2;d_b=4;m=2;gap=1;k=2,210957,false,30169,0.082,21,10,32,0.104,21,10,true,2,0.049
mixed-016-1,mixed,seed=0x1d02d638966cdafe;cycles=7;planted=2;d_b=4;m=2;gap=1;k=2,210957,false,30169,0.082,21,10,64,0.102,21,10,true,2,0.049
mixed-016-1,mixed,seed=0x1d02d638966cdafe;cycles=7;planted=2;d_b=4;m=2;gap=1;k=2,210957,false,30169,0.082,21,10,128,0.102,21,10,true,2,0.048
mixed-016-1,mixed,seed=0x1d02d638966cdafe;cycles=7;planted=2;d_b=4;m=2;gap=1;k=2,210957,false,30169,0.082,21,10,256,0.101,21,10,true,2,0.048
mixed-016-1,mixed,seed=0x1d02d638966cdafe;cycles=7;planted=2;d_b=4;m=2;gap=1;k=2,210957,false,30169,0.082,21,10,512,0.100,21,10,true,2,0.048
mixed-016-1,mixed,seed=0x1d02d638966cdafe;cycles=7;planted=2;d_b=4;m=2;gap=1;k=2,210957,false,30169,0.082,21,10,1024,0.101,21,10,true,2,0.048
mixed-016-1,mixed,seed=0x1d02d638966cdafe;cycles=7;planted=2;d_b=4;m=2;gap=1;k=2,210957,false,30169,0.082,21,10,2048,0.101,21,10,true,2,0.048
mixed-016-1,mixed,seed=0x1d02d638966cdafe;cycles=7;planted=2;d_b=4;m=2;gap=1;k=2,210957,false,30169,0.082,21,10,4096,0.100,21,10,true,2,0.048
mixed-016-1,mixed,seed=0x1d02d638966cdafe;cycles=7;planted=2;d_b=4;m=2;gap=1;k=2,210957,false,30169,0.082,21,10,8192,0.101,21,10,true,2,0.048
mixed-016-1,mixed,seed=0x1d02d638966cdafe;cycles=7;planted=2;d_b=4;m=2;gap=1;k=2,210957,false,30169,0.082,21,10,16384,0.100,21,10,true,2,0.048
dec-050,dec,d_b=5;m=5;gap=1;k=4;q=3;s=11,25,false,27,0.080,22,2,1,0.013,23,22,false,0,0.000
dec-050,dec,d_b=5;m=5;gap=1;k=4;q=3;s=11,25,false,27,0.080,22,2,2,0.019,23,22,false,0,0.000
dec-050,dec,d_b=5;m=5;gap=1;k=4;q=3;s=11,25,false,27,0.080,22,2,4,0.032,23,22,false,0,0.000
dec-050,dec,d_b=5;m=5;gap=1;k=4;q=3;s=11,25,false,27,0.080,22,2,8,0.056,23,22,false,0,0.000
dec-050,dec,d_b=5;m=5;gap=1;k=4;q=3;s=11,25,false,27,0.080,22,2,16,0.095,22,2,false,0,0.000
dec-050,dec,d_b=5;m=5;gap=1;k=4;q=3;s=11,25,false,27,0.080,22,2,32,0.128,22,2,true,1,0.005
dec-050,dec,d_b=5;m=5;gap=1;k=4;q=3;s=11,25,false,27,0.080,22,2,64,0.119,22,2,true,1,0.004
dec-050,dec,d_b=5;m=5;gap=1;k=4;q=3;s=11,25,false,27,0.080,22,2,128,0.121,22,2,true,1,0.004
dec-050,dec,d_b=5;m=5;gap=1;k=4;q=3;s=11,25,false,27,0.080,22,2,256,0.116,22,2,true,1,0.004
dec-050,dec,d_b=5;m=5;gap=1;k=4;q=3;s=11,25,false,27,0.080,22,2,512,0.119,22,2,true,1,0.004
dec-050,dec,d_b=5;m=5;gap=1;k=4;q=3;s=11,25,false,27,0.080,22,2,1024,0.115,22,2,true,1,0.004
dec-050,dec,d_b=5;m=5;gap=1;k=4;q=3;s=11,25,false,27,0.080,22,2,2048,0.116,22,2,true,1,0.004
dec-050,dec,d_b=5;m=5;gap=1;k=4;q=3;s=11,25,false,27,0.080,22,2,4096,0.115,22,2,true,1,0.004
dec-050,dec,d_b=5;m=5;gap=1;k=4;q=3;s=11,25,false,27,0.080,22,2,8192,0.130,22,2,true,1,0.005
dec-050,dec,d_b=5;m=5;gap=1;k=4;q=3;s=11,25,false,27,0.080,22,2,16384,0.114,22,2,true,1,0.003
mixed-016-2,mixed,seed=0x4e1d17b758cf996a;cycles=7;planted=2;d_b=4;m=2;gap=1;k=2,26,false,28,0.041,14,4,1,0.040,14,4,true,1,0.031
mixed-016-2,mixed,seed=0x4e1d17b758cf996a;cycles=7;planted=2;d_b=4;m=2;gap=1;k=2,26,false,28,0.041,14,4,2,0.041,14,4,true,1,0.033
mixed-016-2,mixed,seed=0x4e1d17b758cf996a;cycles=7;planted=2;d_b=4;m=2;gap=1;k=2,26,false,28,0.041,14,4,4,0.038,14,4,true,1,0.030
mixed-016-2,mixed,seed=0x4e1d17b758cf996a;cycles=7;planted=2;d_b=4;m=2;gap=1;k=2,26,false,28,0.041,14,4,8,0.038,14,4,true,1,0.030
mixed-016-2,mixed,seed=0x4e1d17b758cf996a;cycles=7;planted=2;d_b=4;m=2;gap=1;k=2,26,false,28,0.041,14,4,16,0.037,14,4,true,1,0.029
mixed-016-2,mixed,seed=0x4e1d17b758cf996a;cycles=7;planted=2;d_b=4;m=2;gap=1;k=2,26,false,28,0.041,14,4,32,0.037,14,4,true,1,0.029
mixed-016-2,mixed,seed=0x4e1d17b758cf996a;cycles=7;planted=2;d_b=4;m=2;gap=1;k=2,26,false,28,0.041,14,4,64,0.037,14,4,true,1,0.029
mixed-016-2,mixed,seed=0x4e1d17b758cf996a;cycles=7;planted=2;d_b=4;m=2;gap=1;k=2,26,false,28,0.041,14,4,128,0.037,14,4,true,1,0.029
mixed-016-2,mixed,seed=0x4e1d17b758cf996a;cycles=7;planted=2;d_b=4;m=2;gap=1;k=2,26,false,28,0.041,14,4,256,0.036,14,4,true,1,0.029
mixed-016-2,mixed,seed=0x4e1d17b758cf996a;cycles=7;planted=2;d_b=4;m=2;gap=1;k=2,26,false,28,0.041,14,4,512,0.042,14,4,true,1,0.033
mixed-016-2,mixed,seed=0x4e1d17b758cf996a;cycles=7;planted=2;d_b=4;m=2;gap=1;k=2,26,false,28,0.041,14,4,1024,0.037,14,4,true,1,0.029
mixed-016-2,mixed,seed=0x4e1d17b758cf996a;cycles=7;planted=2;d_b=4;m=2;gap=1;k=2,26,false,28,0.041,14,4,2048,0.038,14,4,true,1,0.030
mixed-016-2,mixed,seed=0x4e1d17b758cf996a;cycles=7;planted=2;d_b=4;m=2;gap=1;k=2,26,false,28,0.041,14,4,4096,0.037,14,4,true,1,0.029
mixed-016-2,mixed,seed=0x4e1d17b758cf996a;cycles=7;planted=2;d_b=4;m=2;gap=1;k=2,26,false,28,0.041,14,4,8192,0.037,14,4,true,1,0.029
mixed-016-2,mixed,seed=0x4e1d17b758cf996a;cycles=7;planted=2;d_b=4;m=2;gap=1;k=2,26,false,28,0.041,14,4,16384,0.037,14,4,true,1,0.029
dec-051,dec,d_b=5;m=5;gap=3;k=1;q=3;s=12,10,false,12,0.033,22,2,1,0.011,25,24,false,0,0.000
dec-051,dec,d_b=5;m=5;gap=3;k=1;q=3;s=12,10,false,12,0.033,22,2,2,0.037,22,2,true,1,0.017
dec-051,dec,d_b=5;m=5;gap=3;k=1;q=3;s=12,10,false,12,0.033,22,2,4,0.035,22,2,true,1,0.016
dec-051,dec,d_b=5;m=5;gap=3;k=1;q=3;s=12,10,false,12,0.033,22,2,8,0.033,22,2,true,1,0.016
dec-051,dec,d_b=5;m=5;gap=3;k=1;q=3;s=12,10,false,12,0.033,22,2,16,0.032,22,2,true,1,0.015
dec-051,dec,d_b=5;m=5;gap=3;k=1;q=3;s=12,10,false,12,0.033,22,2,32,0.032,22,2,true,1,0.015
dec-051,dec,d_b=5;m=5;gap=3;k=1;q=3;s=12,10,false,12,0.033,22,2,64,0.032,22,2,true,1,0.015
dec-051,dec,d_b=5;m=5;gap=3;k=1;q=3;s=12,10,false,12,0.033,22,2,128,0.032,22,2,true,1,0.015
dec-051,dec,d_b=5;m=5;gap=3;k=1;q=3;s=12,10,false,12,0.033,22,2,256,0.032,22,2,true,1,0.015
dec-051,dec,d_b=5;m=5;gap=3;k=1;q=3;s=12,10,false,12,0.033,22,2,512,0.037,22,2,true,1,0.017
dec-051,dec,d_b=5;m=5;gap=3;k=1;q=3;s=12,10,false,12,0.033,22,2,1024,0.031,22,2,true,1,0.015
dec-051,dec,d_b=5;m=5;gap=3;k=1;q=3;s=12,10,false,12,0.033,22,2,2048,0.031,22,2,true,1,0.015
dec-051,dec,d_b=5;m=5;gap=3;k=1;q=3;s=12,10,false,12,0.033,22,2,4096,0.032,22,2,true,1,0.015
dec-051,dec,d_b=5;m=5;gap=3;k=1;q=3;s=12,10,false,12,0.033,22,2,8192,0.031,22,2,true,1,0.015
dec-051,dec,d_b=5;m=5;gap=3;k=1;q=3;s=12,10,false,12,0.033,22,2,16384,0.032,22,2,true,1,0.015
mixed-017-0,mixed,seed=0x6a7074260d21122c;cycles=7;planted=2;d_b=8;m=3;gap=2;k=2,382518,false,50459,0.289,60,12,1,0.304,66,48,false,10,0.080
mixed-017-0,mixed,seed=0x6a7074260d21122c;cycles=7;planted=2;d_b=8;m=3;gap=2;k=2,382518,false,50459,0.289,60,12,2,0.321,66,48,false,10,0.076
mixed-017-0,mixed,seed=0x6a7074260d21122c;cycles=7;planted=2;d_b=8;m=3;gap=2;k=2,382518,false,50459,0.289,60,12,4,0.351,66,48,false,10,0.071
mixed-017-0,mixed,seed=0x6a7074260d21122c;cycles=7;planted=2;d_b=8;m=3;gap=2;k=2,382518,false,50459,0.289,60,12,8,0.483,66,48,false,10,0.071
mixed-017-0,mixed,seed=0x6a7074260d21122c;cycles=7;planted=2;d_b=8;m=3;gap=2;k=2,382518,false,50459,0.289,60,12,16,0.751,66,48,false,10,0.069
mixed-017-0,mixed,seed=0x6a7074260d21122c;cycles=7;planted=2;d_b=8;m=3;gap=2;k=2,382518,false,50459,0.289,60,12,32,1.354,60,12,false,10,0.081
mixed-017-0,mixed,seed=0x6a7074260d21122c;cycles=7;planted=2;d_b=8;m=3;gap=2;k=2,382518,false,50459,0.289,60,12,64,1.572,60,12,true,12,0.080
mixed-017-0,mixed,seed=0x6a7074260d21122c;cycles=7;planted=2;d_b=8;m=3;gap=2;k=2,382518,false,50459,0.289,60,12,128,1.582,60,12,true,12,0.085
mixed-017-0,mixed,seed=0x6a7074260d21122c;cycles=7;planted=2;d_b=8;m=3;gap=2;k=2,382518,false,50459,0.289,60,12,256,1.577,60,12,true,12,0.081
mixed-017-0,mixed,seed=0x6a7074260d21122c;cycles=7;planted=2;d_b=8;m=3;gap=2;k=2,382518,false,50459,0.289,60,12,512,1.559,60,12,true,12,0.081
mixed-017-0,mixed,seed=0x6a7074260d21122c;cycles=7;planted=2;d_b=8;m=3;gap=2;k=2,382518,false,50459,0.289,60,12,1024,1.564,60,12,true,12,0.079
mixed-017-0,mixed,seed=0x6a7074260d21122c;cycles=7;planted=2;d_b=8;m=3;gap=2;k=2,382518,false,50459,0.289,60,12,2048,1.650,60,12,true,12,0.089
mixed-017-0,mixed,seed=0x6a7074260d21122c;cycles=7;planted=2;d_b=8;m=3;gap=2;k=2,382518,false,50459,0.289,60,12,4096,1.565,60,12,true,12,0.078
mixed-017-0,mixed,seed=0x6a7074260d21122c;cycles=7;planted=2;d_b=8;m=3;gap=2;k=2,382518,false,50459,0.289,60,12,8192,1.549,60,12,true,12,0.078
mixed-017-0,mixed,seed=0x6a7074260d21122c;cycles=7;planted=2;d_b=8;m=3;gap=2;k=2,382518,false,50459,0.289,60,12,16384,1.555,60,12,true,12,0.077
dec-052,dec,d_b=5;m=5;gap=3;k=2;q=3;s=12,15,false,17,0.050,22,2,1,0.013,25,24,false,0,0.000
dec-052,dec,d_b=5;m=5;gap=3;k=2;q=3;s=12,15,false,17,0.050,22,2,2,0.018,25,24,false,0,0.000
dec-052,dec,d_b=5;m=5;gap=3;k=2;q=3;s=12,15,false,17,0.050,22,2,4,0.029,25,24,false,0,0.000
dec-052,dec,d_b=5;m=5;gap=3;k=2;q=3;s=12,15,false,17,0.050,22,2,8,0.053,22,2,false,0,0.000
dec-052,dec,d_b=5;m=5;gap=3;k=2;q=3;s=12,15,false,17,0.050,22,2,16,0.062,22,2,true,1,0.005
dec-052,dec,d_b=5;m=5;gap=3;k=2;q=3;s=12,15,false,17,0.050,22,2,32,0.061,22,2,true,1,0.005
dec-052,dec,d_b=5;m=5;gap=3;k=2;q=3;s=12,15,false,17,0.050,22,2,64,0.060,22,2,true,1,0.005
dec-052,dec,d_b=5;m=5;gap=3;k=2;q=3;s=12,15,false,17,0.050,22,2,128,0.059,22,2,true,1,0.004
dec-052,dec,d_b=5;m=5;gap=3;k=2;q=3;s=12,15,false,17,0.050,22,2,256,0.058,22,2,true,1,0.004
dec-052,dec,d_b=5;m=5;gap=3;k=2;q=3;s=12,15,false,17,0.050,22,2,512,0.058,22,2,true,1,0.004
dec-052,dec,d_b=5;m=5;gap=3;k=2;q=3;s=12,15,false,17,0.050,22,2,1024,0.058,22,2,true,1,0.004
dec-052,dec,d_b=5;m=5;gap=3;k=2;q=3;s=12,15,false,17,0.050,22,2,2048,0.058,22,2,true,1,0.004
dec-052,dec,d_b=5;m=5;gap=3;k=2;q=3;s=12,15,false,17,0.050,22,2,4096,0.058,22,2,true,1,0.004
dec-052,dec,d_b=5;m=5;gap=3;k=2;q=3;s=12,15,false,17,0.050,22,2,8192,0.057,22,2,true,1,0.004
dec-052,dec,d_b=5;m=5;gap=3;k=2;q=3;s=12,15,false,17,0.050,22,2,16384,0.059,22,2,true,1,0.004
mixed-017-1,mixed,seed=0x95572813e7a38c08;cycles=7;planted=2;d_b=8;m=3;gap=2;k=2,210272,false,30124,0.158,44,8,1,0.087,50,44,false,2,0.022
mixed-017-1,mixed,seed=0x95572813e7a38c08;cycles=7;planted=2;d_b=8;m=3;gap=2;k=2,210272,false,30124,0.158,44,8,2,0.094,50,44,false,2,0.022
mixed-017-1,mixed,seed=0x95572813e7a38c08;cycles=7;planted=2;d_b=8;m=3;gap=2;k=2,210272,false,30124,0.158,44,8,4,0.095,50,44,false,2,0.020
mixed-017-1,mixed,seed=0x95572813e7a38c08;cycles=7;planted=2;d_b=8;m=3;gap=2;k=2,210272,false,30124,0.158,44,8,8,0.143,50,44,false,2,0.021
mixed-017-1,mixed,seed=0x95572813e7a38c08;cycles=7;planted=2;d_b=8;m=3;gap=2;k=2,210272,false,30124,0.158,44,8,16,0.204,50,44,false,2,0.020
mixed-017-1,mixed,seed=0x95572813e7a38c08;cycles=7;planted=2;d_b=8;m=3;gap=2;k=2,210272,false,30124,0.158,44,8,32,0.378,44,8,false,2,0.020
mixed-017-1,mixed,seed=0x95572813e7a38c08;cycles=7;planted=2;d_b=8;m=3;gap=2;k=2,210272,false,30124,0.158,44,8,64,0.469,44,8,true,4,0.029
mixed-017-1,mixed,seed=0x95572813e7a38c08;cycles=7;planted=2;d_b=8;m=3;gap=2;k=2,210272,false,30124,0.158,44,8,128,0.486,44,8,true,4,0.035
mixed-017-1,mixed,seed=0x95572813e7a38c08;cycles=7;planted=2;d_b=8;m=3;gap=2;k=2,210272,false,30124,0.158,44,8,256,0.464,44,8,true,4,0.029
mixed-017-1,mixed,seed=0x95572813e7a38c08;cycles=7;planted=2;d_b=8;m=3;gap=2;k=2,210272,false,30124,0.158,44,8,512,0.471,44,8,true,4,0.029
mixed-017-1,mixed,seed=0x95572813e7a38c08;cycles=7;planted=2;d_b=8;m=3;gap=2;k=2,210272,false,30124,0.158,44,8,1024,0.460,44,8,true,4,0.028
mixed-017-1,mixed,seed=0x95572813e7a38c08;cycles=7;planted=2;d_b=8;m=3;gap=2;k=2,210272,false,30124,0.158,44,8,2048,0.459,44,8,true,4,0.029
mixed-017-1,mixed,seed=0x95572813e7a38c08;cycles=7;planted=2;d_b=8;m=3;gap=2;k=2,210272,false,30124,0.158,44,8,4096,0.457,44,8,true,4,0.029
mixed-017-1,mixed,seed=0x95572813e7a38c08;cycles=7;planted=2;d_b=8;m=3;gap=2;k=2,210272,false,30124,0.158,44,8,8192,0.455,44,8,true,4,0.028
mixed-017-1,mixed,seed=0x95572813e7a38c08;cycles=7;planted=2;d_b=8;m=3;gap=2;k=2,210272,false,30124,0.158,44,8,16384,0.445,44,8,true,4,0.027
dec-053,dec,d_b=5;m=5;gap=3;k=4;q=3;s=12,25,false,27,0.081,22,2,1,0.015,25,24,false,0,0.000
dec-053,dec,d_b=5;m=5;gap=3;k=4;q=3;s=12,25,false,27,0.081,22,2,2,0.019,25,24,false,0,0.000
dec-053,dec,d_b=5;m=5;gap=3;k=4;q=3;s=12,25,false,27,0.081,22,2,4,0.030,25,24,false,0,0.000
dec-053,dec,d_b=5;m=5;gap=3;k=4;q=3;s=12,25,false,27,0.081,22,2,8,0.051,25,24,false,0,0.000
dec-053,dec,d_b=5;m=5;gap=3;k=4;q=3;s=12,25,false,27,0.081,22,2,16,0.100,22,2,false,0,0.000
dec-053,dec,d_b=5;m=5;gap=3;k=4;q=3;s=12,25,false,27,0.081,22,2,32,0.128,22,2,true,1,0.004
dec-053,dec,d_b=5;m=5;gap=3;k=4;q=3;s=12,25,false,27,0.081,22,2,64,0.132,22,2,true,1,0.005
dec-053,dec,d_b=5;m=5;gap=3;k=4;q=3;s=12,25,false,27,0.081,22,2,128,0.129,22,2,true,1,0.004
dec-053,dec,d_b=5;m=5;gap=3;k=4;q=3;s=12,25,false,27,0.081,22,2,256,0.125,22,2,true,1,0.004
dec-053,dec,d_b=5;m=5;gap=3;k=4;q=3;s=12,25,false,27,0.081,22,2,512,0.123,22,2,true,1,0.004
dec-053,dec,d_b=5;m=5;gap=3;k=4;q=3;s=12,25,false,27,0.081,22,2,1024,0.122,22,2,true,1,0.004
dec-053,dec,d_b=5;m=5;gap=3;k=4;q=3;s=12,25,false,27,0.081,22,2,2048,0.121,22,2,true,1,0.004
dec-053,dec,d_b=5;m=5;gap=3;k=4;q=3;s=12,25,false,27,0.081,22,2,4096,0.126,22,2,true,1,0.004
dec-053,dec,d_b=5;m=5;gap=3;k=4;q=3;s=12,25,false,27,0.081,22,2,8192,0.125,22,2,true,1,0.004
dec-053,dec,d_b=5;m=5;gap=3;k=4;q=3;s=12,25,false,27,0.081,22,2,16384,0.134,22,2,true,1,0.005
mixed-017-2,mixed,seed=0x16bfcd0faed9f741;cycles=7;planted=2;d_b=8;m=3;gap=2;k=2,112974,false,16752,0.158,51,12,1,0.056,57,48,false,0,0.000
mixed-017-2,mixed,seed=0x16bfcd0faed9f741;cycles=7;planted=2;d_b=8;m=3;gap=2;k=2,112974,false,16752,0.158,51,12,2,0.055,57,48,false,0,0.000
mixed-017-2,mixed,seed=0x16bfcd0faed9f741;cycles=7;planted=2;d_b=8;m=3;gap=2;k=2,112974,false,16752,0.158,51,12,4,0.057,57,48,false,0,0.000
mixed-017-2,mixed,seed=0x16bfcd0faed9f741;cycles=7;planted=2;d_b=8;m=3;gap=2;k=2,112974,false,16752,0.158,51,12,8,0.123,57,48,false,2,0.017
mixed-017-2,mixed,seed=0x16bfcd0faed9f741;cycles=7;planted=2;d_b=8;m=3;gap=2;k=2,112974,false,16752,0.158,51,12,16,0.149,57,48,false,2,0.013
mixed-017-2,mixed,seed=0x16bfcd0faed9f741;cycles=7;planted=2;d_b=8;m=3;gap=2;k=2,112974,false,16752,0.158,51,12,32,0.276,51,12,false,2,0.013
mixed-017-2,mixed,seed=0x16bfcd0faed9f741;cycles=7;planted=2;d_b=8;m=3;gap=2;k=2,112974,false,16752,0.158,51,12,64,0.391,51,12,true,4,0.022
mixed-017-2,mixed,seed=0x16bfcd0faed9f741;cycles=7;planted=2;d_b=8;m=3;gap=2;k=2,112974,false,16752,0.158,51,12,128,0.393,51,12,true,4,0.022
mixed-017-2,mixed,seed=0x16bfcd0faed9f741;cycles=7;planted=2;d_b=8;m=3;gap=2;k=2,112974,false,16752,0.158,51,12,256,0.356,51,12,true,4,0.021
mixed-017-2,mixed,seed=0x16bfcd0faed9f741;cycles=7;planted=2;d_b=8;m=3;gap=2;k=2,112974,false,16752,0.158,51,12,512,0.356,51,12,true,4,0.020
mixed-017-2,mixed,seed=0x16bfcd0faed9f741;cycles=7;planted=2;d_b=8;m=3;gap=2;k=2,112974,false,16752,0.158,51,12,1024,0.365,51,12,true,4,0.020
mixed-017-2,mixed,seed=0x16bfcd0faed9f741;cycles=7;planted=2;d_b=8;m=3;gap=2;k=2,112974,false,16752,0.158,51,12,2048,0.351,51,12,true,4,0.020
mixed-017-2,mixed,seed=0x16bfcd0faed9f741;cycles=7;planted=2;d_b=8;m=3;gap=2;k=2,112974,false,16752,0.158,51,12,4096,0.352,51,12,true,4,0.020
mixed-017-2,mixed,seed=0x16bfcd0faed9f741;cycles=7;planted=2;d_b=8;m=3;gap=2;k=2,112974,false,16752,0.158,51,12,8192,0.348,51,12,true,4,0.020
mixed-017-2,mixed,seed=0x16bfcd0faed9f741;cycles=7;planted=2;d_b=8;m=3;gap=2;k=2,112974,false,16752,0.158,51,12,16384,0.350,51,12,true,4,0.020
dec-054,dec,d_b=5;m=5;gap=7;k=1;q=3;s=14,10,false,12,0.030,22,2,1,0.013,29,28,false,0,0.000
dec-054,dec,d_b=5;m=5;gap=7;k=1;q=3;s=14,10,false,12,0.030,22,2,2,0.034,22,2,true,1,0.012
dec-054,dec,d_b=5;m=5;gap=7;k=1;q=3;s=14,10,false,12,0.030,22,2,4,0.032,22,2,true,1,0.012
dec-054,dec,d_b=5;m=5;gap=7;k=1;q=3;s=14,10,false,12,0.030,22,2,8,0.030,22,2,true,1,0.011
dec-054,dec,d_b=5;m=5;gap=7;k=1;q=3;s=14,10,false,12,0.030,22,2,16,0.029,22,2,true,1,0.010
dec-054,dec,d_b=5;m=5;gap=7;k=1;q=3;s=14,10,false,12,0.030,22,2,32,0.029,22,2,true,1,0.010
dec-054,dec,d_b=5;m=5;gap=7;k=1;q=3;s=14,10,false,12,0.030,22,2,64,0.029,22,2,true,1,0.010
dec-054,dec,d_b=5;m=5;gap=7;k=1;q=3;s=14,10,false,12,0.030,22,2,128,0.029,22,2,true,1,0.010
dec-054,dec,d_b=5;m=5;gap=7;k=1;q=3;s=14,10,false,12,0.030,22,2,256,0.028,22,2,true,1,0.010
dec-054,dec,d_b=5;m=5;gap=7;k=1;q=3;s=14,10,false,12,0.030,22,2,512,0.029,22,2,true,1,0.010
dec-054,dec,d_b=5;m=5;gap=7;k=1;q=3;s=14,10,false,12,0.030,22,2,1024,0.028,22,2,true,1,0.010
dec-054,dec,d_b=5;m=5;gap=7;k=1;q=3;s=14,10,false,12,0.030,22,2,2048,0.029,22,2,true,1,0.010
dec-054,dec,d_b=5;m=5;gap=7;k=1;q=3;s=14,10,false,12,0.030,22,2,4096,0.028,22,2,true,1,0.010
dec-054,dec,d_b=5;m=5;gap=7;k=1;q=3;s=14,10,false,12,0.030,22,2,8192,0.032,22,2,true,1,0.010
dec-054,dec,d_b=5;m=5;gap=7;k=1;q=3;s=14,10,false,12,0.030,22,2,16384,0.036,22,2,true,1,0.013
mixed-018-0,mixed,seed=0xa2e678f1abf17b10;cycles=7;planted=2;d_b=12;m=2;gap=6;k=4,123,false,125,0.198,31,4,1,0.030,45,40,false,0,0.000
mixed-018-0,mixed,seed=0xa2e678f1abf17b10;cycles=7;planted=2;d_b=12;m=2;gap=6;k=4,123,false,125,0.198,31,4,2,0.031,45,40,false,0,0.000
mixed-018-0,mixed,seed=0xa2e678f1abf17b10;cycles=7;planted=2;d_b=12;m=2;gap=6;k=4,123,false,125,0.198,31,4,4,0.035,45,40,false,0,0.000
mixed-018-0,mixed,seed=0xa2e678f1abf17b10;cycles=7;planted=2;d_b=12;m=2;gap=6;k=4,123,false,125,0.198,31,4,8,0.056,45,40,false,0,0.000
mixed-018-0,mixed,seed=0xa2e678f1abf17b10;cycles=7;planted=2;d_b=12;m=2;gap=6;k=4,123,false,125,0.198,31,4,16,0.103,45,40,false,0,0.000
mixed-018-0,mixed,seed=0xa2e678f1abf17b10;cycles=7;planted=2;d_b=12;m=2;gap=6;k=4,123,false,125,0.198,31,4,32,0.218,38,22,false,0,0.000
mixed-018-0,mixed,seed=0xa2e678f1abf17b10;cycles=7;planted=2;d_b=12;m=2;gap=6;k=4,123,false,125,0.198,31,4,64,0.440,31,4,false,0,0.000
mixed-018-0,mixed,seed=0xa2e678f1abf17b10;cycles=7;planted=2;d_b=12;m=2;gap=6;k=4,123,false,125,0.198,31,4,128,0.834,31,4,true,2,0.009
mixed-018-0,mixed,seed=0xa2e678f1abf17b10;cycles=7;planted=2;d_b=12;m=2;gap=6;k=4,123,false,125,0.198,31,4,256,0.822,31,4,true,2,0.008
mixed-018-0,mixed,seed=0xa2e678f1abf17b10;cycles=7;planted=2;d_b=12;m=2;gap=6;k=4,123,false,125,0.198,31,4,512,0.821,31,4,true,2,0.008
mixed-018-0,mixed,seed=0xa2e678f1abf17b10;cycles=7;planted=2;d_b=12;m=2;gap=6;k=4,123,false,125,0.198,31,4,1024,0.836,31,4,true,2,0.008
mixed-018-0,mixed,seed=0xa2e678f1abf17b10;cycles=7;planted=2;d_b=12;m=2;gap=6;k=4,123,false,125,0.198,31,4,2048,0.811,31,4,true,2,0.008
mixed-018-0,mixed,seed=0xa2e678f1abf17b10;cycles=7;planted=2;d_b=12;m=2;gap=6;k=4,123,false,125,0.198,31,4,4096,0.829,31,4,true,2,0.008
mixed-018-0,mixed,seed=0xa2e678f1abf17b10;cycles=7;planted=2;d_b=12;m=2;gap=6;k=4,123,false,125,0.198,31,4,8192,0.814,31,4,true,2,0.007
mixed-018-0,mixed,seed=0xa2e678f1abf17b10;cycles=7;planted=2;d_b=12;m=2;gap=6;k=4,123,false,125,0.198,31,4,16384,0.820,31,4,true,2,0.007
dec-055,dec,d_b=5;m=5;gap=7;k=2;q=3;s=14,15,false,17,0.047,22,2,1,0.014,29,28,false,0,0.000
dec-055,dec,d_b=5;m=5;gap=7;k=2;q=3;s=14,15,false,17,0.047,22,2,2,0.021,29,28,false,0,0.000
dec-055,dec,d_b=5;m=5;gap=7;k=2;q=3;s=14,15,false,17,0.047,22,2,4,0.030,29,28,false,0,0.000
dec-055,dec,d_b=5;m=5;gap=7;k=2;q=3;s=14,15,false,17,0.047,22,2,8,0.058,22,2,false,0,0.000
dec-055,dec,d_b=5;m=5;gap=7;k=2;q=3;s=14,15,false,17,0.047,22,2,16,0.067,22,2,true,1,0.005
dec-055,dec,d_b=5;m=5;gap=7;k=2;q=3;s=14,15,false,17,0.047,22,2,32,0.066,22,2,true,1,0.005
dec-055,dec,d_b=5;m=5;gap=7;k=2;q=3;s=14,15,false,17,0.047,22,2,64,0.063,22,2,true,1,0.005
dec-055,dec,d_b=5;m=5;gap=7;k=2;q=3;s=14,15,false,17,0.047,22,2,128,0.063,22,2,true,1,0.005
dec-055,dec,d_b=5;m=5;gap=7;k=2;q=3;s=14,15,false,17,0.047,22,2,256,0.062,22,2,true,1,0.004
dec-055,dec,d_b=5;m=5;gap=7;k=2;q=3;s=14,15,false,17,0.047,22,2,512,0.062,22,2,true,1,0.005
dec-055,dec,d_b=5;m=5;gap=7;k=2;q=3;s=14,15,false,17,0.047,22,2,1024,0.070,22,2,true,1,0.005
dec-055,dec,d_b=5;m=5;gap=7;k=2;q=3;s=14,15,false,17,0.047,22,2,2048,0.071,22,2,true,1,0.005
dec-055,dec,d_b=5;m=5;gap=7;k=2;q=3;s=14,15,false,17,0.047,22,2,4096,0.063,22,2,true,1,0.005
dec-055,dec,d_b=5;m=5;gap=7;k=2;q=3;s=14,15,false,17,0.047,22,2,8192,0.065,22,2,true,1,0.005
dec-055,dec,d_b=5;m=5;gap=7;k=2;q=3;s=14,15,false,17,0.047,22,2,16384,0.061,22,2,true,1,0.004
mixed-018-1,mixed,seed=0x6eefb8a8d4673c2e;cycles=7;planted=2;d_b=12;m=2;gap=6;k=4,210347,false,30198,0.237,40,8,1,0.079,54,44,false,0,0.000
mixed-018-1,mixed,seed=0x6eefb8a8d4673c2e;cycles=7;planted=2;d_b=12;m=2;gap=6;k=4,210347,false,30198,0.237,40,8,2,0.113,54,44,false,1,0.017
mixed-018-1,mixed,seed=0x6eefb8a8d4673c2e;cycles=7;planted=2;d_b=12;m=2;gap=6;k=4,210347,false,30198,0.237,40,8,4,0.120,54,44,false,1,0.014
mixed-018-1,mixed,seed=0x6eefb8a8d4673c2e;cycles=7;planted=2;d_b=12;m=2;gap=6;k=4,210347,false,30198,0.237,40,8,8,0.157,54,44,false,2,0.024
mixed-018-1,mixed,seed=0x6eefb8a8d4673c2e;cycles=7;planted=2;d_b=12;m=2;gap=6;k=4,210347,false,30198,0.237,40,8,16,0.224,54,44,false,2,0.022
mixed-018-1,mixed,seed=0x6eefb8a8d4673c2e;cycles=7;planted=2;d_b=12;m=2;gap=6;k=4,210347,false,30198,0.237,40,8,32,0.387,54,44,false,2,0.021
mixed-018-1,mixed,seed=0x6eefb8a8d4673c2e;cycles=7;planted=2;d_b=12;m=2;gap=6;k=4,210347,false,30198,0.237,40,8,64,0.772,40,8,false,2,0.021
mixed-018-1,mixed,seed=0x6eefb8a8d4673c2e;cycles=7;planted=2;d_b=12;m=2;gap=6;k=4,210347,false,30198,0.237,40,8,128,1.431,40,8,true,4,0.029
mixed-018-1,mixed,seed=0x6eefb8a8d4673c2e;cycles=7;planted=2;d_b=12;m=2;gap=6;k=4,210347,false,30198,0.237,40,8,256,1.401,40,8,true,4,0.028
mixed-018-1,mixed,seed=0x6eefb8a8d4673c2e;cycles=7;planted=2;d_b=12;m=2;gap=6;k=4,210347,false,30198,0.237,40,8,512,1.443,40,8,true,4,0.030
mixed-018-1,mixed,seed=0x6eefb8a8d4673c2e;cycles=7;planted=2;d_b=12;m=2;gap=6;k=4,210347,false,30198,0.237,40,8,1024,1.422,40,8,true,4,0.028
mixed-018-1,mixed,seed=0x6eefb8a8d4673c2e;cycles=7;planted=2;d_b=12;m=2;gap=6;k=4,210347,false,30198,0.237,40,8,2048,1.468,40,8,true,4,0.036
mixed-018-1,mixed,seed=0x6eefb8a8d4673c2e;cycles=7;planted=2;d_b=12;m=2;gap=6;k=4,210347,false,30198,0.237,40,8,4096,1.409,40,8,true,4,0.027
mixed-018-1,mixed,seed=0x6eefb8a8d4673c2e;cycles=7;planted=2;d_b=12;m=2;gap=6;k=4,210347,false,30198,0.237,40,8,8192,1.423,40,8,true,4,0.029
mixed-018-1,mixed,seed=0x6eefb8a8d4673c2e;cycles=7;planted=2;d_b=12;m=2;gap=6;k=4,210347,false,30198,0.237,40,8,16384,1.408,40,8,true,4,0.028
dec-056,dec,d_b=5;m=5;gap=7;k=4;q=3;s=14,25,false,27,0.074,22,2,1,0.017,29,28,false,0,0.000
dec-056,dec,d_b=5;m=5;gap=7;k=4;q=3;s=14,25,false,27,0.074,22,2,2,0.023,29,28,false,0,0.000
dec-056,dec,d_b=5;m=5;gap=7;k=4;q=3;s=14,25,false,27,0.074,22,2,4,0.037,29,28,false,0,0.000
dec-056,dec,d_b=5;m=5;gap=7;k=4;q=3;s=14,25,false,27,0.074,22,2,8,0.059,29,28,false,0,0.000
dec-056,dec,d_b=5;m=5;gap=7;k=4;q=3;s=14,25,false,27,0.074,22,2,16,0.109,22,2,false,0,0.000
dec-056,dec,d_b=5;m=5;gap=7;k=4;q=3;s=14,25,false,27,0.074,22,2,32,0.147,22,2,true,1,0.004
dec-056,dec,d_b=5;m=5;gap=7;k=4;q=3;s=14,25,false,27,0.074,22,2,64,0.144,22,2,true,1,0.004
dec-056,dec,d_b=5;m=5;gap=7;k=4;q=3;s=14,25,false,27,0.074,22,2,128,0.142,22,2,true,1,0.004
dec-056,dec,d_b=5;m=5;gap=7;k=4;q=3;s=14,25,false,27,0.074,22,2,256,0.140,22,2,true,1,0.004
dec-056,dec,d_b=5;m=5;gap=7;k=4;q=3;s=14,25,false,27,0.074,22,2,512,0.140,22,2,true,1,0.004
dec-056,dec,d_b=5;m=5;gap=7;k=4;q=3;s=14,25,false,27,0.074,22,2,1024,0.139,22,2,true,1,0.004
dec-056,dec,d_b=5;m=5;gap=7;k=4;q=3;s=14,25,false,27,0.074,22,2,2048,0.141,22,2,true,1,0.004
dec-056,dec,d_b=5;m=5;gap=7;k=4;q=3;s=14,25,false,27,0.074,22,2,4096,0.154,22,2,true,1,0.005
dec-056,dec,d_b=5;m=5;gap=7;k=4;q=3;s=14,25,false,27,0.074,22,2,8192,0.173,22,2,true,1,0.011
dec-056,dec,d_b=5;m=5;gap=7;k=4;q=3;s=14,25,false,27,0.074,22,2,16384,0.151,22,2,true,1,0.004
mixed-018-2,mixed,seed=0x3f408df1ca9af176;cycles=7;planted=2;d_b=12;m=2;gap=6;k=4,113048,false,16868,0.303,54,8,1,0.139,68,44,false,0,0.000
mixed-018-2,mixed,seed=0x3f408df1ca9af176;cycles=7;planted=2;d_b=12;m=2;gap=6;k=4,113048,false,16868,0.303,54,8,2,0.191,68,44,false,1,0.014
mixed-018-2,mixed,seed=0x3f408df1ca9af176;cycles=7;planted=2;d_b=12;m=2;gap=6;k=4,113048,false,16868,0.303,54,8,4,0.194,68,44,false,1,0.013
mixed-018-2,mixed,seed=0x3f408df1ca9af176;cycles=7;planted=2;d_b=12;m=2;gap=6;k=4,113048,false,16868,0.303,54,8,8,0.294,68,44,false,1,0.017
mixed-018-2,mixed,seed=0x3f408df1ca9af176;cycles=7;planted=2;d_b=12;m=2;gap=6;k=4,113048,false,16868,0.303,54,8,16,0.441,68,44,false,1,0.011
mixed-018-2,mixed,seed=0x3f408df1ca9af176;cycles=7;planted=2;d_b=12;m=2;gap=6;k=4,113048,false,16868,0.303,54,8,32,0.783,68,44,false,1,0.011
mixed-018-2,mixed,seed=0x3f408df1ca9af176;cycles=7;planted=2;d_b=12;m=2;gap=6;k=4,113048,false,16868,0.303,54,8,64,1.548,54,8,false,1,0.012
mixed-018-2,mixed,seed=0x3f408df1ca9af176;cycles=7;planted=2;d_b=12;m=2;gap=6;k=4,113048,false,16868,0.303,54,8,128,2.861,54,8,true,3,0.018
mixed-018-2,mixed,seed=0x3f408df1ca9af176;cycles=7;planted=2;d_b=12;m=2;gap=6;k=4,113048,false,16868,0.303,54,8,256,2.882,54,8,true,3,0.018
mixed-018-2,mixed,seed=0x3f408df1ca9af176;cycles=7;planted=2;d_b=12;m=2;gap=6;k=4,113048,false,16868,0.303,54,8,512,2.859,54,8,true,3,0.022
mixed-018-2,mixed,seed=0x3f408df1ca9af176;cycles=7;planted=2;d_b=12;m=2;gap=6;k=4,113048,false,16868,0.303,54,8,1024,2.875,54,8,true,3,0.019
mixed-018-2,mixed,seed=0x3f408df1ca9af176;cycles=7;planted=2;d_b=12;m=2;gap=6;k=4,113048,false,16868,0.303,54,8,2048,2.854,54,8,true,3,0.018
mixed-018-2,mixed,seed=0x3f408df1ca9af176;cycles=7;planted=2;d_b=12;m=2;gap=6;k=4,113048,false,16868,0.303,54,8,4096,2.895,54,8,true,3,0.021
mixed-018-2,mixed,seed=0x3f408df1ca9af176;cycles=7;planted=2;d_b=12;m=2;gap=6;k=4,113048,false,16868,0.303,54,8,8192,2.842,54,8,true,3,0.017
mixed-018-2,mixed,seed=0x3f408df1ca9af176;cycles=7;planted=2;d_b=12;m=2;gap=6;k=4,113048,false,16868,0.303,54,8,16384,2.834,54,8,true,3,0.018
dec-057,dec,d_b=5;m=5;gap=13;k=1;q=3;s=17,10,false,12,0.029,22,2,1,0.017,35,34,false,0,0.000
dec-057,dec,d_b=5;m=5;gap=13;k=1;q=3;s=17,10,false,12,0.029,22,2,2,0.025,22,2,false,0,0.000
dec-057,dec,d_b=5;m=5;gap=13;k=1;q=3;s=17,10,false,12,0.029,22,2,4,0.044,22,2,true,1,0.008
dec-057,dec,d_b=5;m=5;gap=13;k=1;q=3;s=17,10,false,12,0.029,22,2,8,0.042,22,2,true,1,0.008
dec-057,dec,d_b=5;m=5;gap=13;k=1;q=3;s=17,10,false,12,0.029,22,2,16,0.040,22,2,true,1,0.006
dec-057,dec,d_b=5;m=5;gap=13;k=1;q=3;s=17,10,false,12,0.029,22,2,32,0.038,22,2,true,1,0.006
dec-057,dec,d_b=5;m=5;gap=13;k=1;q=3;s=17,10,false,12,0.029,22,2,64,0.038,22,2,true,1,0.006
dec-057,dec,d_b=5;m=5;gap=13;k=1;q=3;s=17,10,false,12,0.029,22,2,128,0.037,22,2,true,1,0.006
dec-057,dec,d_b=5;m=5;gap=13;k=1;q=3;s=17,10,false,12,0.029,22,2,256,0.037,22,2,true,1,0.006
dec-057,dec,d_b=5;m=5;gap=13;k=1;q=3;s=17,10,false,12,0.029,22,2,512,0.037,22,2,true,1,0.006
dec-057,dec,d_b=5;m=5;gap=13;k=1;q=3;s=17,10,false,12,0.029,22,2,1024,0.036,22,2,true,1,0.006
dec-057,dec,d_b=5;m=5;gap=13;k=1;q=3;s=17,10,false,12,0.029,22,2,2048,0.036,22,2,true,1,0.006
dec-057,dec,d_b=5;m=5;gap=13;k=1;q=3;s=17,10,false,12,0.029,22,2,4096,0.036,22,2,true,1,0.006
dec-057,dec,d_b=5;m=5;gap=13;k=1;q=3;s=17,10,false,12,0.029,22,2,8192,0.036,22,2,true,1,0.006
dec-057,dec,d_b=5;m=5;gap=13;k=1;q=3;s=17,10,false,12,0.029,22,2,16384,0.036,22,2,true,1,0.006
mixed-019-0,mixed,seed=0x68c669fc82b2c9f1;cycles=7;planted=2;d_b=16;m=5;gap=2;k=1,210997,false,30206,0.349,139,8,1,0.094,145,140,false,1,0.014
mixed-019-0,mixed,seed=0x68c669fc82b2c9f1;cycles=7;planted=2;d_b=16;m=5;gap=2;k=1,210997,false,30206,0.349,139,8,2,0.099,145,140,false,1,0.012
mixed-019-0,mixed,seed=0x68c669fc82b2c9f1;cycles=7;planted=2;d_b=16;m=5;gap=2;k=1,210997,false,30206,0.349,139,8,4,0.131,145,140,false,2,0.024
mixed-019-0,mixed,seed=0x68c669fc82b2c9f1;cycles=7;planted=2;d_b=16;m=5;gap=2;k=1,210997,false,30206,0.349,139,8,8,0.161,145,140,false,2,0.021
mixed-019-0,mixed,seed=0x68c669fc82b2c9f1;cycles=7;planted=2;d_b=16;m=5;gap=2;k=1,210997,false,30206,0.349,139,8,16,0.258,145,140,false,2,0.021
mixed-019-0,mixed,seed=0x68c669fc82b2c9f1;cycles=7;planted=2;d_b=16;m=5;gap=2;k=1,210997,false,30206,0.349,139,8,32,0.472,145,140,false,2,0.022
mixed-019-0,mixed,seed=0x68c669fc82b2c9f1;cycles=7;planted=2;d_b=16;m=5;gap=2;k=1,210997,false,30206,0.349,139,8,64,0.938,139,8,true,4,0.027
mixed-019-0,mixed,seed=0x68c669fc82b2c9f1;cycles=7;planted=2;d_b=16;m=5;gap=2;k=1,210997,false,30206,0.349,139,8,128,0.976,139,8,true,4,0.027
mixed-019-0,mixed,seed=0x68c669fc82b2c9f1;cycles=7;planted=2;d_b=16;m=5;gap=2;k=1,210997,false,30206,0.349,139,8,256,0.920,139,8,true,4,0.025
mixed-019-0,mixed,seed=0x68c669fc82b2c9f1;cycles=7;planted=2;d_b=16;m=5;gap=2;k=1,210997,false,30206,0.349,139,8,512,0.948,139,8,true,4,0.027
mixed-019-0,mixed,seed=0x68c669fc82b2c9f1;cycles=7;planted=2;d_b=16;m=5;gap=2;k=1,210997,false,30206,0.349,139,8,1024,0.941,139,8,true,4,0.026
mixed-019-0,mixed,seed=0x68c669fc82b2c9f1;cycles=7;planted=2;d_b=16;m=5;gap=2;k=1,210997,false,30206,0.349,139,8,2048,0.925,139,8,true,4,0.025
mixed-019-0,mixed,seed=0x68c669fc82b2c9f1;cycles=7;planted=2;d_b=16;m=5;gap=2;k=1,210997,false,30206,0.349,139,8,4096,0.908,139,8,true,4,0.024
mixed-019-0,mixed,seed=0x68c669fc82b2c9f1;cycles=7;planted=2;d_b=16;m=5;gap=2;k=1,210997,false,30206,0.349,139,8,8192,0.939,139,8,true,4,0.025
mixed-019-0,mixed,seed=0x68c669fc82b2c9f1;cycles=7;planted=2;d_b=16;m=5;gap=2;k=1,210997,false,30206,0.349,139,8,16384,0.930,139,8,true,4,0.025
dec-058,dec,d_b=5;m=5;gap=13;k=2;q=3;s=17,15,false,17,0.036,22,2,1,0.016,35,34,false,0,0.000
dec-058,dec,d_b=5;m=5;gap=13;k=2;q=3;s=17,15,false,17,0.036,22,2,2,0.024,35,34,false,0,0.000
dec-058,dec,d_b=5;m=5;gap=13;k=2;q=3;s=17,15,false,17,0.036,22,2,4,0.043,22,2,false,0,0.000
dec-058,dec,d_b=5;m=5;gap=13;k=2;q=3;s=17,15,false,17,0.036,22,2,8,0.070,22,2,false,0,0.000
dec-058,dec,d_b=5;m=5;gap=13;k=2;q=3;s=17,15,false,17,0.036,22,2,16,0.096,22,2,true,1,0.004
dec-058,dec,d_b=5;m=5;gap=13;k=2;q=3;s=17,15,false,17,0.036,22,2,32,0.093,22,2,true,1,0.004
dec-058,dec,d_b=5;m=5;gap=13;k=2;q=3;s=17,15,false,17,0.036,22,2,64,0.092,22,2,true,1,0.003
dec-058,dec,d_b=5;m=5;gap=13;k=2;q=3;s=17,15,false,17,0.036,22,2,128,0.098,22,2,true,1,0.004
dec-058,dec,d_b=5;m=5;gap=13;k=2;q=3;s=17,15,false,17,0.036,22,2,256,0.090,22,2,true,1,0.003
dec-058,dec,d_b=5;m=5;gap=13;k=2;q=3;s=17,15,false,17,0.036,22,2,512,0.091,22,2,true,1,0.003
dec-058,dec,d_b=5;m=5;gap=13;k=2;q=3;s=17,15,false,17,0.036,22,2,1024,0.098,22,2,true,1,0.004
dec-058,dec,d_b=5;m=5;gap=13;k=2;q=3;s=17,15,false,17,0.036,22,2,2048,0.089,22,2,true,1,0.003
dec-058,dec,d_b=5;m=5;gap=13;k=2;q=3;s=17,15,false,17,0.036,22,2,4096,0.089,22,2,true,1,0.003
dec-058,dec,d_b=5;m=5;gap=13;k=2;q=3;s=17,15,false,17,0.036,22,2,8192,0.092,22,2,true,1,0.006
dec-058,dec,d_b=5;m=5;gap=13;k=2;q=3;s=17,15,false,17,0.036,22,2,16384,0.088,22,2,true,1,0.003
mixed-019-1,mixed,seed=0xd4c4e7fc265e9f25;cycles=7;planted=2;d_b=16;m=5;gap=2;k=1,65,false,69,0.299,133,4,1,0.042,139,136,false,0,0.000
mixed-019-1,mixed,seed=0xd4c4e7fc265e9f25;cycles=7;planted=2;d_b=16;m=5;gap=2;k=1,65,false,69,0.299,133,4,2,0.043,139,136,false,0,0.000
mixed-019-1,mixed,seed=0xd4c4e7fc265e9f25;cycles=7;planted=2;d_b=16;m=5;gap=2;k=1,65,false,69,0.299,133,4,4,0.058,139,136,false,0,0.000
mixed-019-1,mixed,seed=0xd4c4e7fc265e9f25;cycles=7;planted=2;d_b=16;m=5;gap=2;k=1,65,false,69,0.299,133,4,8,0.093,139,136,false,0,0.000
mixed-019-1,mixed,seed=0xd4c4e7fc265e9f25;cycles=7;planted=2;d_b=16;m=5;gap=2;k=1,65,false,69,0.299,133,4,16,0.166,139,136,false,0,0.000
mixed-019-1,mixed,seed=0xd4c4e7fc265e9f25;cycles=7;planted=2;d_b=16;m=5;gap=2;k=1,65,false,69,0.299,133,4,32,0.317,136,70,false,0,0.000
mixed-019-1,mixed,seed=0xd4c4e7fc265e9f25;cycles=7;planted=2;d_b=16;m=5;gap=2;k=1,65,false,69,0.299,133,4,64,0.680,133,4,true,2,0.006
mixed-019-1,mixed,seed=0xd4c4e7fc265e9f25;cycles=7;planted=2;d_b=16;m=5;gap=2;k=1,65,false,69,0.299,133,4,128,0.660,133,4,true,2,0.006
mixed-019-1,mixed,seed=0xd4c4e7fc265e9f25;cycles=7;planted=2;d_b=16;m=5;gap=2;k=1,65,false,69,0.299,133,4,256,0.679,133,4,true,2,0.006
mixed-019-1,mixed,seed=0xd4c4e7fc265e9f25;cycles=7;planted=2;d_b=16;m=5;gap=2;k=1,65,false,69,0.299,133,4,512,0.676,133,4,true,2,0.006
mixed-019-1,mixed,seed=0xd4c4e7fc265e9f25;cycles=7;planted=2;d_b=16;m=5;gap=2;k=1,65,false,69,0.299,133,4,1024,0.670,133,4,true,2,0.006
mixed-019-1,mixed,seed=0xd4c4e7fc265e9f25;cycles=7;planted=2;d_b=16;m=5;gap=2;k=1,65,false,69,0.299,133,4,2048,0.675,133,4,true,2,0.005
mixed-019-1,mixed,seed=0xd4c4e7fc265e9f25;cycles=7;planted=2;d_b=16;m=5;gap=2;k=1,65,false,69,0.299,133,4,4096,0.665,133,4,true,2,0.005
mixed-019-1,mixed,seed=0xd4c4e7fc265e9f25;cycles=7;planted=2;d_b=16;m=5;gap=2;k=1,65,false,69,0.299,133,4,8192,0.663,133,4,true,2,0.005
mixed-019-1,mixed,seed=0xd4c4e7fc265e9f25;cycles=7;planted=2;d_b=16;m=5;gap=2;k=1,65,false,69,0.299,133,4,16384,0.653,133,4,true,2,0.006
dec-059,dec,d_b=5;m=5;gap=13;k=4;q=3;s=17,25,false,27,0.054,22,2,1,0.017,35,34,false,0,0.000
dec-059,dec,d_b=5;m=5;gap=13;k=4;q=3;s=17,25,false,27,0.054,22,2,2,0.027,35,34,false,0,0.000
dec-059,dec,d_b=5;m=5;gap=13;k=4;q=3;s=17,25,false,27,0.054,22,2,4,0.039,35,34,false,0,0.000
dec-059,dec,d_b=5;m=5;gap=13;k=4;q=3;s=17,25,false,27,0.054,22,2,8,0.075,22,2,false,0,0.000
dec-059,dec,d_b=5;m=5;gap=13;k=4;q=3;s=17,25,false,27,0.054,22,2,16,0.130,22,2,false,0,0.000
dec-059,dec,d_b=5;m=5;gap=13;k=4;q=3;s=17,25,false,27,0.054,22,2,32,0.193,22,2,true,0,0.000
dec-059,dec,d_b=5;m=5;gap=13;k=4;q=3;s=17,25,false,27,0.054,22,2,64,0.192,22,2,true,0,0.000
dec-059,dec,d_b=5;m=5;gap=13;k=4;q=3;s=17,25,false,27,0.054,22,2,128,0.194,22,2,true,0,0.000
dec-059,dec,d_b=5;m=5;gap=13;k=4;q=3;s=17,25,false,27,0.054,22,2,256,0.183,22,2,true,0,0.000
dec-059,dec,d_b=5;m=5;gap=13;k=4;q=3;s=17,25,false,27,0.054,22,2,512,0.184,22,2,true,0,0.000
dec-059,dec,d_b=5;m=5;gap=13;k=4;q=3;s=17,25,false,27,0.054,22,2,1024,0.183,22,2,true,0,0.000
dec-059,dec,d_b=5;m=5;gap=13;k=4;q=3;s=17,25,false,27,0.054,22,2,2048,0.182,22,2,true,0,0.000
dec-059,dec,d_b=5;m=5;gap=13;k=4;q=3;s=17,25,false,27,0.054,22,2,4096,0.184,22,2,true,0,0.000
dec-059,dec,d_b=5;m=5;gap=13;k=4;q=3;s=17,25,false,27,0.054,22,2,8192,0.181,22,2,true,0,0.000
dec-059,dec,d_b=5;m=5;gap=13;k=4;q=3;s=17,25,false,27,0.054,22,2,16384,0.183,22,2,true,0,0.000
mixed-019-2,mixed,seed=0x08abf339b425099c;cycles=7;planted=2;d_b=16;m=5;gap=2;k=1,112993,false,16802,0.374,161,8,1,0.122,167,140,false,0,0.000
mixed-019-2,mixed,seed=0x08abf339b425099c;cycles=7;planted=2;d_b=16;m=5;gap=2;k=1,112993,false,16802,0.374,161,8,2,0.133,167,140,false,1,0.005
mixed-019-2,mixed,seed=0x08abf339b425099c;cycles=7;planted=2;d_b=16;m=5;gap=2;k=1,112993,false,16802,0.374,161,8,4,0.148,167,140,false,2,0.008
mixed-019-2,mixed,seed=0x08abf339b425099c;cycles=7;planted=2;d_b=16;m=5;gap=2;k=1,112993,false,16802,0.374,161,8,8,0.226,167,140,false,4,0.048
mixed-019-2,mixed,seed=0x08abf339b425099c;cycles=7;planted=2;d_b=16;m=5;gap=2;k=1,112993,false,16802,0.374,161,8,16,0.323,167,140,false,4,0.042
mixed-019-2,mixed,seed=0x08abf339b425099c;cycles=7;planted=2;d_b=16;m=5;gap=2;k=1,112993,false,16802,0.374,161,8,32,0.541,167,140,false,4,0.040
mixed-019-2,mixed,seed=0x08abf339b425099c;cycles=7;planted=2;d_b=16;m=5;gap=2;k=1,112993,false,16802,0.374,161,8,64,1.072,161,8,false,5,0.046
mixed-019-2,mixed,seed=0x08abf339b425099c;cycles=7;planted=2;d_b=16;m=5;gap=2;k=1,112993,false,16802,0.374,161,8,128,1.093,161,8,true,6,0.045
mixed-019-2,mixed,seed=0x08abf339b425099c;cycles=7;planted=2;d_b=16;m=5;gap=2;k=1,112993,false,16802,0.374,161,8,256,1.079,161,8,true,6,0.043
mixed-019-2,mixed,seed=0x08abf339b425099c;cycles=7;planted=2;d_b=16;m=5;gap=2;k=1,112993,false,16802,0.374,161,8,512,1.122,161,8,true,6,0.050
mixed-019-2,mixed,seed=0x08abf339b425099c;cycles=7;planted=2;d_b=16;m=5;gap=2;k=1,112993,false,16802,0.374,161,8,1024,1.101,161,8,true,6,0.044
mixed-019-2,mixed,seed=0x08abf339b425099c;cycles=7;planted=2;d_b=16;m=5;gap=2;k=1,112993,false,16802,0.374,161,8,2048,1.078,161,8,true,6,0.046
mixed-019-2,mixed,seed=0x08abf339b425099c;cycles=7;planted=2;d_b=16;m=5;gap=2;k=1,112993,false,16802,0.374,161,8,4096,1.093,161,8,true,6,0.044
mixed-019-2,mixed,seed=0x08abf339b425099c;cycles=7;planted=2;d_b=16;m=5;gap=2;k=1,112993,false,16802,0.374,161,8,8192,1.059,161,8,true,6,0.041
mixed-019-2,mixed,seed=0x08abf339b425099c;cycles=7;planted=2;d_b=16;m=5;gap=2;k=1,112993,false,16802,0.374,161,8,16384,1.082,161,8,true,6,0.042
dec-060,dec,d_b=5;m=9;gap=1;k=1;q=7;s=21,10,false,12,0.047,42,2,1,0.016,43,42,false,0,0.000
dec-060,dec,d_b=5;m=9;gap=1;k=1;q=7;s=21,10,false,12,0.047,42,2,2,0.028,43,42,false,0,0.000
dec-060,dec,d_b=5;m=9;gap=1;k=1;q=7;s=21,10,false,12,0.047,42,2,4,0.044,42,2,false,0,0.000
dec-060,dec,d_b=5;m=9;gap=1;k=1;q=7;s=21,10,false,12,0.047,42,2,8,0.058,42,2,true,1,0.005
dec-060,dec,d_b=5;m=9;gap=1;k=1;q=7;s=21,10,false,12,0.047,42,2,16,0.053,42,2,true,1,0.005
dec-060,dec,d_b=5;m=9;gap=1;k=1;q=7;s=21,10,false,12,0.047,42,2,32,0.051,42,2,true,1,0.004
dec-060,dec,d_b=5;m=9;gap=1;k=1;q=7;s=21,10,false,12,0.047,42,2,64,0.051,42,2,true,1,0.004
dec-060,dec,d_b=5;m=9;gap=1;k=1;q=7;s=21,10,false,12,0.047,42,2,128,0.050,42,2,true,1,0.004
dec-060,dec,d_b=5;m=9;gap=1;k=1;q=7;s=21,10,false,12,0.047,42,2,256,0.050,42,2,true,1,0.004
dec-060,dec,d_b=5;m=9;gap=1;k=1;q=7;s=21,10,false,12,0.047,42,2,512,0.052,42,2,true,1,0.007
dec-060,dec,d_b=5;m=9;gap=1;k=1;q=7;s=21,10,false,12,0.047,42,2,1024,0.049,42,2,true,1,0.004
dec-060,dec,d_b=5;m=9;gap=1;k=1;q=7;s=21,10,false,12,0.047,42,2,2048,0.050,42,2,true,1,0.004
dec-060,dec,d_b=5;m=9;gap=1;k=1;q=7;s=21,10,false,12,0.047,42,2,4096,0.050,42,2,true,1,0.004
dec-060,dec,d_b=5;m=9;gap=1;k=1;q=7;s=21,10,false,12,0.047,42,2,8192,0.048,42,2,true,1,0.004
dec-060,dec,d_b=5;m=9;gap=1;k=1;q=7;s=21,10,false,12,0.047,42,2,16384,0.049,42,2,true,1,0.004
mixed-020-0,mixed,seed=0xebb69d8d7262371b;cycles=7;planted=3;d_b=4;m=2;gap=1;k=2,112966,false,16793,0.158,44,10,1,0.166,46,18,false,1,0.058
mixed-020-0,mixed,seed=0xebb69d8d7262371b;cycles=7;planted=3;d_b=4;m=2;gap=1;k=2,112966,false,16793,0.158,44,10,2,0.242,44,10,true,3,0.133
mixed-020-0,mixed,seed=0xebb69d8d7262371b;cycles=7;planted=3;d_b=4;m=2;gap=1;k=2,112966,false,16793,0.158,44,10,4,0.215,44,10,true,3,0.123
mixed-020-0,mixed,seed=0xebb69d8d7262371b;cycles=7;planted=3;d_b=4;m=2;gap=1;k=2,112966,false,16793,0.158,44,10,8,0.237,44,10,true,3,0.128
mixed-020-0,mixed,seed=0xebb69d8d7262371b;cycles=7;planted=3;d_b=4;m=2;gap=1;k=2,112966,false,16793,0.158,44,10,16,0.201,44,10,true,3,0.114
mixed-020-0,mixed,seed=0xebb69d8d7262371b;cycles=7;planted=3;d_b=4;m=2;gap=1;k=2,112966,false,16793,0.158,44,10,32,0.208,44,10,true,3,0.116
mixed-020-0,mixed,seed=0xebb69d8d7262371b;cycles=7;planted=3;d_b=4;m=2;gap=1;k=2,112966,false,16793,0.158,44,10,64,0.195,44,10,true,3,0.110
mixed-020-0,mixed,seed=0xebb69d8d7262371b;cycles=7;planted=3;d_b=4;m=2;gap=1;k=2,112966,false,16793,0.158,44,10,128,0.201,44,10,true,3,0.113
mixed-020-0,mixed,seed=0xebb69d8d7262371b;cycles=7;planted=3;d_b=4;m=2;gap=1;k=2,112966,false,16793,0.158,44,10,256,0.191,44,10,true,3,0.108
mixed-020-0,mixed,seed=0xebb69d8d7262371b;cycles=7;planted=3;d_b=4;m=2;gap=1;k=2,112966,false,16793,0.158,44,10,512,0.199,44,10,true,3,0.112
mixed-020-0,mixed,seed=0xebb69d8d7262371b;cycles=7;planted=3;d_b=4;m=2;gap=1;k=2,112966,false,16793,0.158,44,10,1024,0.191,44,10,true,3,0.107
mixed-020-0,mixed,seed=0xebb69d8d7262371b;cycles=7;planted=3;d_b=4;m=2;gap=1;k=2,112966,false,16793,0.158,44,10,2048,0.195,44,10,true,3,0.109
mixed-020-0,mixed,seed=0xebb69d8d7262371b;cycles=7;planted=3;d_b=4;m=2;gap=1;k=2,112966,false,16793,0.158,44,10,4096,0.190,44,10,true,3,0.107
mixed-020-0,mixed,seed=0xebb69d8d7262371b;cycles=7;planted=3;d_b=4;m=2;gap=1;k=2,112966,false,16793,0.158,44,10,8192,0.194,44,10,true,3,0.109
mixed-020-0,mixed,seed=0xebb69d8d7262371b;cycles=7;planted=3;d_b=4;m=2;gap=1;k=2,112966,false,16793,0.158,44,10,16384,0.190,44,10,true,3,0.107
dec-061,dec,d_b=5;m=9;gap=1;k=2;q=7;s=21,15,false,17,0.075,42,2,1,0.016,43,42,false,0,0.000
dec-061,dec,d_b=5;m=9;gap=1;k=2;q=7;s=21,15,false,17,0.075,42,2,2,0.026,43,42,false,0,0.000
dec-061,dec,d_b=5;m=9;gap=1;k=2;q=7;s=21,15,false,17,0.075,42,2,4,0.040,43,42,false,0,0.000
dec-061,dec,d_b=5;m=9;gap=1;k=2;q=7;s=21,15,false,17,0.075,42,2,8,0.077,42,2,false,0,0.000
dec-061,dec,d_b=5;m=9;gap=1;k=2;q=7;s=21,15,false,17,0.075,42,2,16,0.105,42,2,true,1,0.004
dec-061,dec,d_b=5;m=9;gap=1;k=2;q=7;s=21,15,false,17,0.075,42,2,32,0.102,42,2,true,1,0.004
dec-061,dec,d_b=5;m=9;gap=1;k=2;q=7;s=21,15,false,17,0.075,42,2,64,0.100,42,2,true,1,0.003
dec-061,dec,d_b=5;m=9;gap=1;k=2;q=7;s=21,15,false,17,0.075,42,2,128,0.099,42,2,true,1,0.003
dec-061,dec,d_b=5;m=9;gap=1;k=2;q=7;s=21,15,false,17,0.075,42,2,256,0.099,42,2,true,1,0.003
dec-061,dec,d_b=5;m=9;gap=1;k=2;q=7;s=21,15,false,17,0.075,42,2,512,0.098,42,2,true,1,0.003
dec-061,dec,d_b=5;m=9;gap=1;k=2;q=7;s=21,15,false,17,0.075,42,2,1024,0.098,42,2,true,1,0.003
dec-061,dec,d_b=5;m=9;gap=1;k=2;q=7;s=21,15,false,17,0.075,42,2,2048,0.097,42,2,true,1,0.003
dec-061,dec,d_b=5;m=9;gap=1;k=2;q=7;s=21,15,false,17,0.075,42,2,4096,0.097,42,2,true,1,0.003
dec-061,dec,d_b=5;m=9;gap=1;k=2;q=7;s=21,15,false,17,0.075,42,2,8192,0.096,42,2,true,1,0.003
dec-061,dec,d_b=5;m=9;gap=1;k=2;q=7;s=21,15,false,17,0.075,42,2,16384,0.097,42,2,true,1,0.003
mixed-020-1,mixed,seed=0x4ee5e9c1aea51d88;cycles=7;planted=3;d_b=4;m=2;gap=1;k=2,294447,false,40878,0.130,36,14,1,0.133,38,22,false,1,0.043
mixed-020-1,mixed,seed=0x4ee5e9c1aea51d88;cycles=7;planted=3;d_b=4;m=2;gap=1;k=2,294447,false,40878,0.130,36,14,2,0.211,36,14,true,6,0.095
mixed-020-1,mixed,seed=0x4ee5e9c1aea51d88;cycles=7;planted=3;d_b=4;m=2;gap=1;k=2,294447,false,40878,0.130,36,14,4,0.206,36,14,true,6,0.094
mixed-020-1,mixed,seed=0x4ee5e9c1aea51d88;cycles=7;planted=3;d_b=4;m=2;gap=1;k=2,294447,false,40878,0.130,36,14,8,0.192,36,14,true,6,0.088
mixed-020-1,mixed,seed=0x4ee5e9c1aea51d88;cycles=7;planted=3;d_b=4;m=2;gap=1;k=2,294447,false,40878,0.130,36,14,16,0.193,36,14,true,6,0.089
mixed-020-1,mixed,seed=0x4ee5e9c1aea51d88;cycles=7;planted=3;d_b=4;m=2;gap=1;k=2,294447,false,40878,0.130,36,14,32,0.194,36,14,true,6,0.091
mixed-020-1,mixed,seed=0x4ee5e9c1aea51d88;cycles=7;planted=3;d_b=4;m=2;gap=1;k=2,294447,false,40878,0.130,36,14,64,0.214,36,14,true,6,0.096
mixed-020-1,mixed,seed=0x4ee5e9c1aea51d88;cycles=7;planted=3;d_b=4;m=2;gap=1;k=2,294447,false,40878,0.130,36,14,128,0.184,36,14,true,6,0.084
mixed-020-1,mixed,seed=0x4ee5e9c1aea51d88;cycles=7;planted=3;d_b=4;m=2;gap=1;k=2,294447,false,40878,0.130,36,14,256,0.191,36,14,true,6,0.087
mixed-020-1,mixed,seed=0x4ee5e9c1aea51d88;cycles=7;planted=3;d_b=4;m=2;gap=1;k=2,294447,false,40878,0.130,36,14,512,0.183,36,14,true,6,0.084
mixed-020-1,mixed,seed=0x4ee5e9c1aea51d88;cycles=7;planted=3;d_b=4;m=2;gap=1;k=2,294447,false,40878,0.130,36,14,1024,0.184,36,14,true,6,0.085
mixed-020-1,mixed,seed=0x4ee5e9c1aea51d88;cycles=7;planted=3;d_b=4;m=2;gap=1;k=2,294447,false,40878,0.130,36,14,2048,0.182,36,14,true,6,0.084
mixed-020-1,mixed,seed=0x4ee5e9c1aea51d88;cycles=7;planted=3;d_b=4;m=2;gap=1;k=2,294447,false,40878,0.130,36,14,4096,0.183,36,14,true,6,0.084
mixed-020-1,mixed,seed=0x4ee5e9c1aea51d88;cycles=7;planted=3;d_b=4;m=2;gap=1;k=2,294447,false,40878,0.130,36,14,8192,0.182,36,14,true,6,0.084
mixed-020-1,mixed,seed=0x4ee5e9c1aea51d88;cycles=7;planted=3;d_b=4;m=2;gap=1;k=2,294447,false,40878,0.130,36,14,16384,0.190,36,14,true,6,0.088
dec-062,dec,d_b=5;m=9;gap=1;k=4;q=7;s=21,25,false,27,0.126,42,2,1,0.018,43,42,false,0,0.000
dec-062,dec,d_b=5;m=9;gap=1;k=4;q=7;s=21,25,false,27,0.126,42,2,2,0.028,43,42,false,0,0.000
dec-062,dec,d_b=5;m=9;gap=1;k=4;q=7;s=21,25,false,27,0.126,42,2,4,0.044,43,42,false,0,0.000
dec-062,dec,d_b=5;m=9;gap=1;k=4;q=7;s=21,25,false,27,0.126,42,2,8,0.082,43,42,false,0,0.000
dec-062,dec,d_b=5;m=9;gap=1;k=4;q=7;s=21,25,false,27,0.126,42,2,16,0.146,42,2,false,0,0.000
dec-062,dec,d_b=5;m=9;gap=1;k=4;q=7;s=21,25,false,27,0.126,42,2,32,0.232,42,2,true,0,0.000
dec-062,dec,d_b=5;m=9;gap=1;k=4;q=7;s=21,25,false,27,0.126,42,2,64,0.218,42,2,true,0,0.000
dec-062,dec,d_b=5;m=9;gap=1;k=4;q=7;s=21,25,false,27,0.126,42,2,128,0.219,42,2,true,0,0.000
dec-062,dec,d_b=5;m=9;gap=1;k=4;q=7;s=21,25,false,27,0.126,42,2,256,0.215,42,2,true,0,0.000
dec-062,dec,d_b=5;m=9;gap=1;k=4;q=7;s=21,25,false,27,0.126,42,2,512,0.215,42,2,true,0,0.000
dec-062,dec,d_b=5;m=9;gap=1;k=4;q=7;s=21,25,false,27,0.126,42,2,1024,0.214,42,2,true,0,0.000
dec-062,dec,d_b=5;m=9;gap=1;k=4;q=7;s=21,25,false,27,0.126,42,2,2048,0.214,42,2,true,0,0.000
dec-062,dec,d_b=5;m=9;gap=1;k=4;q=7;s=21,25,false,27,0.126,42,2,4096,0.227,42,2,true,0,0.000
dec-062,dec,d_b=5;m=9;gap=1;k=4;q=7;s=21,25,false,27,0.126,42,2,8192,0.214,42,2,true,0,0.000
dec-062,dec,d_b=5;m=9;gap=1;k=4;q=7;s=21,25,false,27,0.126,42,2,16384,0.219,42,2,true,0,0.000
mixed-020-2,mixed,seed=0x4db6e7f246926eb2;cycles=7;planted=3;d_b=4;m=2;gap=1;k=2,25,false,29,0.050,13,4,1,0.053,13,4,true,1,0.041
mixed-020-2,mixed,seed=0x4db6e7f246926eb2;cycles=7;planted=3;d_b=4;m=2;gap=1;k=2,25,false,29,0.050,13,4,2,0.048,13,4,true,1,0.037
mixed-020-2,mixed,seed=0x4db6e7f246926eb2;cycles=7;planted=3;d_b=4;m=2;gap=1;k=2,25,false,29,0.050,13,4,4,0.048,13,4,true,1,0.037
mixed-020-2,mixed,seed=0x4db6e7f246926eb2;cycles=7;planted=3;d_b=4;m=2;gap=1;k=2,25,false,29,0.050,13,4,8,0.044,13,4,true,1,0.034
mixed-020-2,mixed,seed=0x4db6e7f246926eb2;cycles=7;planted=3;d_b=4;m=2;gap=1;k=2,25,false,29,0.050,13,4,16,0.047,13,4,true,1,0.037
mixed-020-2,mixed,seed=0x4db6e7f246926eb2;cycles=7;planted=3;d_b=4;m=2;gap=1;k=2,25,false,29,0.050,13,4,32,0.048,13,4,true,1,0.037
mixed-020-2,mixed,seed=0x4db6e7f246926eb2;cycles=7;planted=3;d_b=4;m=2;gap=1;k=2,25,false,29,0.050,13,4,64,0.044,13,4,true,1,0.034
mixed-020-2,mixed,seed=0x4db6e7f246926eb2;cycles=7;planted=3;d_b=4;m=2;gap=1;k=2,25,false,29,0.050,13,4,128,0.044,13,4,true,1,0.034
mixed-020-2,mixed,seed=0x4db6e7f246926eb2;cycles=7;planted=3;d_b=4;m=2;gap=1;k=2,25,false,29,0.050,13,4,256,0.043,13,4,true,1,0.033
mixed-020-2,mixed,seed=0x4db6e7f246926eb2;cycles=7;planted=3;d_b=4;m=2;gap=1;k=2,25,false,29,0.050,13,4,512,0.048,13,4,true,1,0.037
mixed-020-2,mixed,seed=0x4db6e7f246926eb2;cycles=7;planted=3;d_b=4;m=2;gap=1;k=2,25,false,29,0.050,13,4,1024,0.043,13,4,true,1,0.033
mixed-020-2,mixed,seed=0x4db6e7f246926eb2;cycles=7;planted=3;d_b=4;m=2;gap=1;k=2,25,false,29,0.050,13,4,2048,0.044,13,4,true,1,0.034
mixed-020-2,mixed,seed=0x4db6e7f246926eb2;cycles=7;planted=3;d_b=4;m=2;gap=1;k=2,25,false,29,0.050,13,4,4096,0.043,13,4,true,1,0.033
mixed-020-2,mixed,seed=0x4db6e7f246926eb2;cycles=7;planted=3;d_b=4;m=2;gap=1;k=2,25,false,29,0.050,13,4,8192,0.042,13,4,true,1,0.033
mixed-020-2,mixed,seed=0x4db6e7f246926eb2;cycles=7;planted=3;d_b=4;m=2;gap=1;k=2,25,false,29,0.050,13,4,16384,0.042,13,4,true,1,0.033
dec-063,dec,d_b=5;m=9;gap=3;k=1;q=7;s=22,10,false,12,0.045,42,2,1,0.016,45,44,false,0,0.000
dec-063,dec,d_b=5;m=9;gap=3;k=1;q=7;s=22,10,false,12,0.045,42,2,2,0.028,45,44,false,0,0.000
dec-063,dec,d_b=5;m=9;gap=3;k=1;q=7;s=22,10,false,12,0.045,42,2,4,0.043,42,2,false,0,0.000
dec-063,dec,d_b=5;m=9;gap=3;k=1;q=7;s=22,10,false,12,0.045,42,2,8,0.056,42,2,true,1,0.005
dec-063,dec,d_b=5;m=9;gap=3;k=1;q=7;s=22,10,false,12,0.045,42,2,16,0.052,42,2,true,1,0.005
dec-063,dec,d_b=5;m=9;gap=3;k=1;q=7;s=22,10,false,12,0.045,42,2,32,0.053,42,2,true,1,0.004
dec-063,dec,d_b=5;m=9;gap=3;k=1;q=7;s=22,10,false,12,0.045,42,2,64,0.050,42,2,true,1,0.004
dec-063,dec,d_b=5;m=9;gap=3;k=1;q=7;s=22,10,false,12,0.045,42,2,128,0.051,42,2,true,1,0.004
dec-063,dec,d_b=5;m=9;gap=3;k=1;q=7;s=22,10,false,12,0.045,42,2,256,0.055,42,2,true,1,0.004
dec-063,dec,d_b=5;m=9;gap=3;k=1;q=7;s=22,10,false,12,0.045,42,2,512,0.058,42,2,true,1,0.005
dec-063,dec,d_b=5;m=9;gap=3;k=1;q=7;s=22,10,false,12,0.045,42,2,1024,0.049,42,2,true,1,0.004
dec-063,dec,d_b=5;m=9;gap=3;k=1;q=7;s=22,10,false,12,0.045,42,2,2048,0.053,42,2,true,1,0.004
dec-063,dec,d_b=5;m=9;gap=3;k=1;q=7;s=22,10,false,12,0.045,42,2,4096,0.049,42,2,true,1,0.004
dec-063,dec,d_b=5;m=9;gap=3;k=1;q=7;s=22,10,false,12,0.045,42,2,8192,0.051,42,2,true,1,0.004
dec-063,dec,d_b=5;m=9;gap=3;k=1;q=7;s=22,10,false,12,0.045,42,2,16384,0.049,42,2,true,1,0.004
mixed-021-0,mixed,seed=0xbd6e3eec95ca787d;cycles=7;planted=3;d_b=8;m=3;gap=2;k=2,74,false,80,0.181,56,6,1,0.030,65,60,false,0,0.000
mixed-021-0,mixed,seed=0xbd6e3eec95ca787d;cycles=7;planted=3;d_b=8;m=3;gap=2;k=2,74,false,80,0.181,56,6,2,0.031,65,60,false,0,0.000
mixed-021-0,mixed,seed=0xbd6e3eec95ca787d;cycles=7;planted=3;d_b=8;m=3;gap=2;k=2,74,false,80,0.181,56,6,4,0.040,65,60,false,0,0.000
mixed-021-0,mixed,seed=0xbd6e3eec95ca787d;cycles=7;planted=3;d_b=8;m=3;gap=2;k=2,74,false,80,0.181,56,6,8,0.051,65,60,false,0,0.000
mixed-021-0,mixed,seed=0xbd6e3eec95ca787d;cycles=7;planted=3;d_b=8;m=3;gap=2;k=2,74,false,80,0.181,56,6,16,0.098,65,60,false,0,0.000
mixed-021-0,mixed,seed=0xbd6e3eec95ca787d;cycles=7;planted=3;d_b=8;m=3;gap=2;k=2,74,false,80,0.181,56,6,32,0.186,62,42,false,0,0.000
mixed-021-0,mixed,seed=0xbd6e3eec95ca787d;cycles=7;planted=3;d_b=8;m=3;gap=2;k=2,74,false,80,0.181,56,6,64,0.361,56,6,true,3,0.016
mixed-021-0,mixed,seed=0xbd6e3eec95ca787d;cycles=7;planted=3;d_b=8;m=3;gap=2;k=2,74,false,80,0.181,56,6,128,0.350,56,6,true,3,0.014
mixed-021-0,mixed,seed=0xbd6e3eec95ca787d;cycles=7;planted=3;d_b=8;m=3;gap=2;k=2,74,false,80,0.181,56,6,256,0.342,56,6,true,3,0.013
mixed-021-0,mixed,seed=0xbd6e3eec95ca787d;cycles=7;planted=3;d_b=8;m=3;gap=2;k=2,74,false,80,0.181,56,6,512,0.342,56,6,true,3,0.013
mixed-021-0,mixed,seed=0xbd6e3eec95ca787d;cycles=7;planted=3;d_b=8;m=3;gap=2;k=2,74,false,80,0.181,56,6,1024,0.337,56,6,true,3,0.013
mixed-021-0,mixed,seed=0xbd6e3eec95ca787d;cycles=7;planted=3;d_b=8;m=3;gap=2;k=2,74,false,80,0.181,56,6,2048,0.338,56,6,true,3,0.013
mixed-021-0,mixed,seed=0xbd6e3eec95ca787d;cycles=7;planted=3;d_b=8;m=3;gap=2;k=2,74,false,80,0.181,56,6,4096,0.355,56,6,true,3,0.014
mixed-021-0,mixed,seed=0xbd6e3eec95ca787d;cycles=7;planted=3;d_b=8;m=3;gap=2;k=2,74,false,80,0.181,56,6,8192,0.335,56,6,true,3,0.013
mixed-021-0,mixed,seed=0xbd6e3eec95ca787d;cycles=7;planted=3;d_b=8;m=3;gap=2;k=2,74,false,80,0.181,56,6,16384,0.354,56,6,true,3,0.014
dec-064,dec,d_b=5;m=9;gap=3;k=2;q=7;s=22,15,false,17,0.073,42,2,1,0.016,45,44,false,0,0.000
dec-064,dec,d_b=5;m=9;gap=3;k=2;q=7;s=22,15,false,17,0.073,42,2,2,0.025,45,44,false,0,0.000
dec-064,dec,d_b=5;m=9;gap=3;k=2;q=7;s=22,15,false,17,0.073,42,2,4,0.040,45,44,false,0,0.000
dec-064,dec,d_b=5;m=9;gap=3;k=2;q=7;s=22,15,false,17,0.073,42,2,8,0.078,42,2,false,0,0.000
dec-064,dec,d_b=5;m=9;gap=3;k=2;q=7;s=22,15,false,17,0.073,42,2,16,0.103,42,2,true,1,0.003
dec-064,dec,d_b=5;m=9;gap=3;k=2;q=7;s=22,15,false,17,0.073,42,2,32,0.103,42,2,true,1,0.003
dec-064,dec,d_b=5;m=9;gap=3;k=2;q=7;s=22,15,false,17,0.073,42,2,64,0.100,42,2,true,1,0.003
dec-064,dec,d_b=5;m=9;gap=3;k=2;q=7;s=22,15,false,17,0.073,42,2,128,0.101,42,2,true,1,0.003
dec-064,dec,d_b=5;m=9;gap=3;k=2;q=7;s=22,15,false,17,0.073,42,2,256,0.100,42,2,true,1,0.003
dec-064,dec,d_b=5;m=9;gap=3;k=2;q=7;s=22,15,false,17,0.073,42,2,512,0.100,42,2,true,1,0.003
dec-064,dec,d_b=5;m=9;gap=3;k=2;q=7;s=22,15,false,17,0.073,42,2,1024,0.099,42,2,true,1,0.003
dec-064,dec,d_b=5;m=9;gap=3;k=2;q=7;s=22,15,false,17,0.073,42,2,2048,0.100,42,2,true,1,0.003
dec-064,dec,d_b=5;m=9;gap=3;k=2;q=7;s=22,15,false,17,0.073,42,2,4096,0.098,42,2,true,1,0.003
dec-064,dec,d_b=5;m=9;gap=3;k=2;q=7;s=22,15,false,17,0.073,42,2,8192,0.099,42,2,true,1,0.003
dec-064,dec,d_b=5;m=9;gap=3;k=2;q=7;s=22,15,false,17,0.073,42,2,16384,0.098,42,2,true,1,0.003
mixed-021-1,mixed,seed=0xfe6eddcaea21b5c4;cycles=7;planted=3;d_b=8;m=3;gap=2;k=2,112996,false,16772,0.202,60,8,1,0.053,69,62,false,0,0.000
mixed-021-1,mixed,seed=0xfe6eddcaea21b5c4;cycles=7;planted=3;d_b=8;m=3;gap=2;k=2,112996,false,16772,0.202,60,8,2,0.051,69,62,false,0,0.000
mixed-021-1,mixed,seed=0xfe6eddcaea21b5c4;cycles=7;planted=3;d_b=8;m=3;gap=2;k=2,112996,false,16772,0.202,60,8,4,0.061,69,62,false,0,0.000
mixed-021-1,mixed,seed=0xfe6eddcaea21b5c4;cycles=7;planted=3;d_b=8;m=3;gap=2;k=2,112996,false,16772,0.202,60,8,8,0.102,69,62,false,1,0.012
mixed-021-1,mixed,seed=0xfe6eddcaea21b5c4;cycles=7;planted=3;d_b=8;m=3;gap=2;k=2,112996,false,16772,0.202,60,8,16,0.155,69,62,false,1,0.020
mixed-021-1,mixed,seed=0xfe6eddcaea21b5c4;cycles=7;planted=3;d_b=8;m=3;gap=2;k=2,112996,false,16772,0.202,60,8,32,0.278,66,44,false,1,0.011
mixed-021-1,mixed,seed=0xfe6eddcaea21b5c4;cycles=7;planted=3;d_b=8;m=3;gap=2;k=2,112996,false,16772,0.202,60,8,64,0.532,60,8,true,4,0.024
mixed-021-1,mixed,seed=0xfe6eddcaea21b5c4;cycles=7;planted=3;d_b=8;m=3;gap=2;k=2,112996,false,16772,0.202,60,8,128,0.521,60,8,true,4,0.023
mixed-021-1,mixed,seed=0xfe6eddcaea21b5c4;cycles=7;planted=3;d_b=8;m=3;gap=2;k=2,112996,false,16772,0.202,60,8,256,0.516,60,8,true,4,0.023
mixed-021-1,mixed,seed=0xfe6eddcaea21b5c4;cycles=7;planted=3;d_b=8;m=3;gap=2;k=2,112996,false,16772,0.202,60,8,512,0.512,60,8,true,4,0.022
mixed-021-1,mixed,seed=0xfe6eddcaea21b5c4;cycles=7;planted=3;d_b=8;m=3;gap=2;k=2,112996,false,16772,0.202,60,8,1024,0.509,60,8,true,4,0.022
mixed-021-1,mixed,seed=0xfe6eddcaea21b5c4;cycles=7;planted=3;d_b=8;m=3;gap=2;k=2,112996,false,16772,0.202,60,8,2048,0.526,60,8,true,4,0.024
mixed-021-1,mixed,seed=0xfe6eddcaea21b5c4;cycles=7;planted=3;d_b=8;m=3;gap=2;k=2,112996,false,16772,0.202,60,8,4096,0.506,60,8,true,4,0.022
mixed-021-1,mixed,seed=0xfe6eddcaea21b5c4;cycles=7;planted=3;d_b=8;m=3;gap=2;k=2,112996,false,16772,0.202,60,8,8192,0.516,60,8,true,4,0.023
mixed-021-1,mixed,seed=0xfe6eddcaea21b5c4;cycles=7;planted=3;d_b=8;m=3;gap=2;k=2,112996,false,16772,0.202,60,8,16384,0.504,60,8,true,4,0.022
dec-065,dec,d_b=5;m=9;gap=3;k=4;q=7;s=22,25,false,27,0.131,42,2,1,0.019,45,44,false,0,0.000
dec-065,dec,d_b=5;m=9;gap=3;k=4;q=7;s=22,25,false,27,0.131,42,2,2,0.027,45,44,false,0,0.000
dec-065,dec,d_b=5;m=9;gap=3;k=4;q=7;s=22,25,false,27,0.131,42,2,4,0.046,45,44,false,0,0.000
dec-065,dec,d_b=5;m=9;gap=3;k=4;q=7;s=22,25,false,27,0.131,42,2,8,0.080,45,44,false,0,0.000
dec-065,dec,d_b=5;m=9;gap=3;k=4;q=7;s=22,25,false,27,0.131,42,2,16,0.152,42,2,false,0,0.000
dec-065,dec,d_b=5;m=9;gap=3;k=4;q=7;s=22,25,false,27,0.131,42,2,32,0.238,42,2,true,0,0.000
dec-065,dec,d_b=5;m=9;gap=3;k=4;q=7;s=22,25,false,27,0.131,42,2,64,0.234,42,2,true,0,0.000
dec-065,dec,d_b=5;m=9;gap=3;k=4;q=7;s=22,25,false,27,0.131,42,2,128,0.230,42,2,true,0,0.000
dec-065,dec,d_b=5;m=9;gap=3;k=4;q=7;s=22,25,false,27,0.131,42,2,256,0.229,42,2,true,0,0.000
dec-065,dec,d_b=5;m=9;gap=3;k=4;q=7;s=22,25,false,27,0.131,42,2,512,0.227,42,2,true,0,0.000
dec-065,dec,d_b=5;m=9;gap=3;k=4;q=7;s=22,25,false,27,0.131,42,2,1024,0.241,42,2,true,0,0.000
dec-065,dec,d_b=5;m=9;gap=3;k=4;q=7;s=22,25,false,27,0.131,42,2,2048,0.226,42,2,true,0,0.000
dec-065,dec,d_b=5;m=9;gap=3;k=4;q=7;s=22,25,false,27,0.131,42,2,4096,0.232,42,2,true,0,0.000
dec-065,dec,d_b=5;m=9;gap=3;k=4;q=7;s=22,25,false,27,0.131,42,2,8192,0.227,42,2,true,0,0.000
dec-065,dec,d_b=5;m=9;gap=3;k=4;q=7;s=22,25,false,27,0.131,42,2,16384,0.229,42,2,true,0,0.000
mixed-021-2,mixed,seed=0xa75ed732cb8df582;cycles=7;planted=3;d_b=8;m=3;gap=2;k=2,359805,false,47388,0.307,77,14,1,0.159,86,68,false,1,0.031
mixed-021-2,mixed,seed=0xa75ed732cb8df582;cycles=7;planted=3;d_b=8;m=3;gap=2;k=2,359805,false,47388,0.307,77,14,2,0.185,86,68,false,1,0.026
mixed-021-2,mixed,seed=0xa75ed732cb8df582;cycles=7;planted=3;d_b=8;m=3;gap=2;k=2,359805,false,47388,0.307,77,14,4,0.198,86,68,false,1,0.024
mixed-021-2,mixed,seed=0xa75ed732cb8df582;cycles=7;planted=3;d_b=8;m=3;gap=2;k=2,359805,false,47388,0.307,77,14,8,0.262,86,68,false,1,0.028
mixed-021-2,mixed,seed=0xa75ed732cb8df582;cycles=7;planted=3;d_b=8;m=3;gap=2;k=2,359805,false,47388,0.307,77,14,16,0.389,86,68,false,2,0.071
mixed-021-2,mixed,seed=0xa75ed732cb8df582;cycles=7;planted=3;d_b=8;m=3;gap=2;k=2,359805,false,47388,0.307,77,14,32,0.632,86,68,false,2,0.070
mixed-021-2,mixed,seed=0xa75ed732cb8df582;cycles=7;planted=3;d_b=8;m=3;gap=2;k=2,359805,false,47388,0.307,77,14,64,1.172,77,14,true,5,0.082
mixed-021-2,mixed,seed=0xa75ed732cb8df582;cycles=7;planted=3;d_b=8;m=3;gap=2;k=2,359805,false,47388,0.307,77,14,128,1.223,77,14,true,5,0.089
mixed-021-2,mixed,seed=0xa75ed732cb8df582;cycles=7;planted=3;d_b=8;m=3;gap=2;k=2,359805,false,47388,0.307,77,14,256,1.250,77,14,true,5,0.093
mixed-021-2,mixed,seed=0xa75ed732cb8df582;cycles=7;planted=3;d_b=8;m=3;gap=2;k=2,359805,false,47388,0.307,77,14,512,1.159,77,14,true,5,0.081
mixed-021-2,mixed,seed=0xa75ed732cb8df582;cycles=7;planted=3;d_b=8;m=3;gap=2;k=2,359805,false,47388,0.307,77,14,1024,1.197,77,14,true,5,0.083
mixed-021-2,mixed,seed=0xa75ed732cb8df582;cycles=7;planted=3;d_b=8;m=3;gap=2;k=2,359805,false,47388,0.307,77,14,2048,1.216,77,14,true,5,0.086
mixed-021-2,mixed,seed=0xa75ed732cb8df582;cycles=7;planted=3;d_b=8;m=3;gap=2;k=2,359805,false,47388,0.307,77,14,4096,1.184,77,14,true,5,0.084
mixed-021-2,mixed,seed=0xa75ed732cb8df582;cycles=7;planted=3;d_b=8;m=3;gap=2;k=2,359805,false,47388,0.307,77,14,8192,1.183,77,14,true,5,0.081
mixed-021-2,mixed,seed=0xa75ed732cb8df582;cycles=7;planted=3;d_b=8;m=3;gap=2;k=2,359805,false,47388,0.307,77,14,16384,1.198,77,14,true,5,0.083
dec-066,dec,d_b=5;m=9;gap=7;k=1;q=7;s=24,10,false,12,0.052,42,2,1,0.018,49,48,false,0,0.000
dec-066,dec,d_b=5;m=9;gap=7;k=1;q=7;s=24,10,false,12,0.052,42,2,2,0.031,49,48,false,0,0.000
dec-066,dec,d_b=5;m=9;gap=7;k=1;q=7;s=24,10,false,12,0.052,42,2,4,0.047,42,2,false,0,0.000
dec-066,dec,d_b=5;m=9;gap=7;k=1;q=7;s=24,10,false,12,0.052,42,2,8,0.057,42,2,true,1,0.005
dec-066,dec,d_b=5;m=9;gap=7;k=1;q=7;s=24,10,false,12,0.052,42,2,16,0.056,42,2,true,1,0.005
dec-066,dec,d_b=5;m=9;gap=7;k=1;q=7;s=24,10,false,12,0.052,42,2,32,0.053,42,2,true,1,0.004
dec-066,dec,d_b=5;m=9;gap=7;k=1;q=7;s=24,10,false,12,0.052,42,2,64,0.054,42,2,true,1,0.004
dec-066,dec,d_b=5;m=9;gap=7;k=1;q=7;s=24,10,false,12,0.052,42,2,128,0.052,42,2,true,1,0.004
dec-066,dec,d_b=5;m=9;gap=7;k=1;q=7;s=24,10,false,12,0.052,42,2,256,0.053,42,2,true,1,0.004
dec-066,dec,d_b=5;m=9;gap=7;k=1;q=7;s=24,10,false,12,0.052,42,2,512,0.051,42,2,true,1,0.004
dec-066,dec,d_b=5;m=9;gap=7;k=1;q=7;s=24,10,false,12,0.052,42,2,1024,0.052,42,2,true,1,0.004
dec-066,dec,d_b=5;m=9;gap=7;k=1;q=7;s=24,10,false,12,0.052,42,2,2048,0.053,42,2,true,1,0.004
dec-066,dec,d_b=5;m=9;gap=7;k=1;q=7;s=24,10,false,12,0.052,42,2,4096,0.051,42,2,true,1,0.004
dec-066,dec,d_b=5;m=9;gap=7;k=1;q=7;s=24,10,false,12,0.052,42,2,8192,0.052,42,2,true,1,0.004
dec-066,dec,d_b=5;m=9;gap=7;k=1;q=7;s=24,10,false,12,0.052,42,2,16384,0.050,42,2,true,1,0.004
mixed-022-0,mixed,seed=0xec79b910dff19f36;cycles=7;planted=3;d_b=12;m=2;gap=6;k=4,187740,false,26614,0.373,64,12,1,0.122,85,66,false,0,0.000
mixed-022-0,mixed,seed=0xec79b910dff19f36;cycles=7;planted=3;d_b=12;m=2;gap=6;k=4,187740,false,26614,0.373,64,12,2,0.198,85,66,false,2,0.019
mixed-022-0,mixed,seed=0xec79b910dff19f36;cycles=7;planted=3;d_b=12;m=2;gap=6;k=4,187740,false,26614,0.373,64,12,4,0.201,85,66,false,2,0.015
mixed-022-0,mixed,seed=0xec79b910dff19f36;cycles=7;planted=3;d_b=12;m=2;gap=6;k=4,187740,false,26614,0.373,64,12,8,0.269,85,66,false,2,0.015
mixed-022-0,mixed,seed=0xec79b910dff19f36;cycles=7;planted=3;d_b=12;m=2;gap=6;k=4,187740,false,26614,0.373,64,12,16,0.412,85,66,false,3,0.034
mixed-022-0,mixed,seed=0xec79b910dff19f36;cycles=7;planted=3;d_b=12;m=2;gap=6;k=4,187740,false,26614,0.373,64,12,32,0.705,85,66,false,3,0.033
mixed-022-0,mixed,seed=0xec79b910dff19f36;cycles=7;planted=3;d_b=12;m=2;gap=6;k=4,187740,false,26614,0.373,64,12,64,1.351,71,30,false,3,0.037
mixed-022-0,mixed,seed=0xec79b910dff19f36;cycles=7;planted=3;d_b=12;m=2;gap=6;k=4,187740,false,26614,0.373,64,12,128,2.516,64,12,false,3,0.032
mixed-022-0,mixed,seed=0xec79b910dff19f36;cycles=7;planted=3;d_b=12;m=2;gap=6;k=4,187740,false,26614,0.373,64,12,256,3.375,64,12,true,6,0.041
mixed-022-0,mixed,seed=0xec79b910dff19f36;cycles=7;planted=3;d_b=12;m=2;gap=6;k=4,187740,false,26614,0.373,64,12,512,3.436,64,12,true,6,0.042
mixed-022-0,mixed,seed=0xec79b910dff19f36;cycles=7;planted=3;d_b=12;m=2;gap=6;k=4,187740,false,26614,0.373,64,12,1024,3.333,64,12,true,6,0.045
mixed-022-0,mixed,seed=0xec79b910dff19f36;cycles=7;planted=3;d_b=12;m=2;gap=6;k=4,187740,false,26614,0.373,64,12,2048,3.364,64,12,true,6,0.040
mixed-022-0,mixed,seed=0xec79b910dff19f36;cycles=7;planted=3;d_b=12;m=2;gap=6;k=4,187740,false,26614,0.373,64,12,4096,3.409,64,12,true,6,0.042
mixed-022-0,mixed,seed=0xec79b910dff19f36;cycles=7;planted=3;d_b=12;m=2;gap=6;k=4,187740,false,26614,0.373,64,12,8192,3.316,64,12,true,6,0.042
mixed-022-0,mixed,seed=0xec79b910dff19f36;cycles=7;planted=3;d_b=12;m=2;gap=6;k=4,187740,false,26614,0.373,64,12,16384,3.373,64,12,true,6,0.039
dec-067,dec,d_b=5;m=9;gap=7;k=2;q=7;s=24,15,false,17,0.088,42,2,1,0.029,49,48,false,0,0.000
dec-067,dec,d_b=5;m=9;gap=7;k=2;q=7;s=24,15,false,17,0.088,42,2,2,0.031,49,48,false,0,0.000
dec-067,dec,d_b=5;m=9;gap=7;k=2;q=7;s=24,15,false,17,0.088,42,2,4,0.056,49,48,false,0,0.000
dec-067,dec,d_b=5;m=9;gap=7;k=2;q=7;s=24,15,false,17,0.088,42,2,8,0.086,42,2,false,0,0.000
dec-067,dec,d_b=5;m=9;gap=7;k=2;q=7;s=24,15,false,17,0.088,42,2,16,0.117,42,2,true,1,0.004
dec-067,dec,d_b=5;m=9;gap=7;k=2;q=7;s=24,15,false,17,0.088,42,2,32,0.117,42,2,true,1,0.004
dec-067,dec,d_b=5;m=9;gap=7;k=2;q=7;s=24,15,false,17,0.088,42,2,64,0.112,42,2,true,1,0.004
dec-067,dec,d_b=5;m=9;gap=7;k=2;q=7;s=24,15,false,17,0.088,42,2,128,0.109,42,2,true,1,0.003
dec-067,dec,d_b=5;m=9;gap=7;k=2;q=7;s=24,15,false,17,0.088,42,2,256,0.110,42,2,true,1,0.003
dec-067,dec,d_b=5;m=9;gap=7;k=2;q=7;s=24,15,false,17,0.088,42,2,512,0.121,42,2,true,1,0.004
dec-067,dec,d_b=5;m=9;gap=7;k=2;q=7;s=24,15,false,17,0.088,42,2,1024,0.107,42,2,true,1,0.003
dec-067,dec,d_b=5;m=9;gap=7;k=2;q=7;s=24,15,false,17,0.088,42,2,2048,0.106,42,2,true,1,0.003
dec-067,dec,d_b=5;m=9;gap=7;k=2;q=7;s=24,15,false,17,0.088,42,2,4096,0.105,42,2,true,1,0.003
dec-067,dec,d_b=5;m=9;gap=7;k=2;q=7;s=24,15,false,17,0.088,42,2,8192,0.104,42,2,true,1,0.003
dec-067,dec,d_b=5;m=9;gap=7;k=2;q=7;s=24,15,false,17,0.088,42,2,16384,0.112,42,2,true,1,0.003
mixed-022-1,mixed,seed=0x0432a6800a873f06;cycles=7;planted=3;d_b=12;m=2;gap=6;k=4,123,false,125,0.206,31,4,1,0.030,45,40,false,0,0.000
mixed-022-1,mixed,seed=0x0432a6800a873f06;cycles=7;planted=3;d_b=12;m=2;gap=6;k=4,123,false,125,0.206,31,4,2,0.034,45,40,false,0,0.000
mixed-022-1,mixed,seed=0x0432a6800a873f06;cycles=7;planted=3;d_b=12;m=2;gap=6;k=4,123,false,125,0.206,31,4,4,0.041,45,40,false,0,0.000
mixed-022-1,mixed,seed=0x0432a6800a873f06;cycles=7;planted=3;d_b=12;m=2;gap=6;k=4,123,false,125,0.206,31,4,8,0.064,45,40,false,0,0.000
mixed-022-1,mixed,seed=0x0432a6800a873f06;cycles=7;planted=3;d_b=12;m=2;gap=6;k=4,123,false,125,0.206,31,4,16,0.111,45,40,false,0,0.000
mixed-022-1,mixed,seed=0x0432a6800a873f06;cycles=7;planted=3;d_b=12;m=2;gap=6;k=4,123,false,125,0.206,31,4,32,0.218,38,22,false,0,0.000
mixed-022-1,mixed,seed=0x0432a6800a873f06;cycles=7;planted=3;d_b=12;m=2;gap=6;k=4,123,false,125,0.206,31,4,64,0.458,31,4,false,0,0.000
mixed-022-1,mixed,seed=0x0432a6800a873f06;cycles=7;planted=3;d_b=12;m=2;gap=6;k=4,123,false,125,0.206,31,4,128,0.823,31,4,true,2,0.011
mixed-022-1,mixed,seed=0x0432a6800a873f06;cycles=7;planted=3;d_b=12;m=2;gap=6;k=4,123,false,125,0.206,31,4,256,0.824,31,4,true,2,0.008
mixed-022-1,mixed,seed=0x0432a6800a873f06;cycles=7;planted=3;d_b=12;m=2;gap=6;k=4,123,false,125,0.206,31,4,512,0.827,31,4,true,2,0.009
mixed-022-1,mixed,seed=0x0432a6800a873f06;cycles=7;planted=3;d_b=12;m=2;gap=6;k=4,123,false,125,0.206,31,4,1024,0.818,31,4,true,2,0.008
mixed-022-1,mixed,seed=0x0432a6800a873f06;cycles=7;planted=3;d_b=12;m=2;gap=6;k=4,123,false,125,0.206,31,4,2048,0.809,31,4,true,2,0.007
mixed-022-1,mixed,seed=0x0432a6800a873f06;cycles=7;planted=3;d_b=12;m=2;gap=6;k=4,123,false,125,0.206,31,4,4096,0.820,31,4,true,2,0.013
mixed-022-1,mixed,seed=0x0432a6800a873f06;cycles=7;planted=3;d_b=12;m=2;gap=6;k=4,123,false,125,0.206,31,4,8192,0.807,31,4,true,2,0.007
mixed-022-1,mixed,seed=0x0432a6800a873f06;cycles=7;planted=3;d_b=12;m=2;gap=6;k=4,123,false,125,0.206,31,4,16384,0.813,31,4,true,2,0.007
dec-068,dec,d_b=5;m=9;gap=7;k=4;q=7;s=24,25,false,27,0.141,42,2,1,0.020,49,48,false,0,0.000
dec-068,dec,d_b=5;m=9;gap=7;k=4;q=7;s=24,25,false,27,0.141,42,2,2,0.032,49,48,false,0,0.000
dec-068,dec,d_b=5;m=9;gap=7;k=4;q=7;s=24,25,false,27,0.141,42,2,4,0.048,49,48,false,0,0.000
dec-068,dec,d_b=5;m=9;gap=7;k=4;q=7;s=24,25,false,27,0.141,42,2,8,0.084,49,48,false,0,0.000
dec-068,dec,d_b=5;m=9;gap=7;k=4;q=7;s=24,25,false,27,0.141,42,2,16,0.158,42,2,false,0,0.000
dec-068,dec,d_b=5;m=9;gap=7;k=4;q=7;s=24,25,false,27,0.141,42,2,32,0.260,42,2,true,0,0.000
dec-068,dec,d_b=5;m=9;gap=7;k=4;q=7;s=24,25,false,27,0.141,42,2,64,0.246,42,2,true,0,0.000
dec-068,dec,d_b=5;m=9;gap=7;k=4;q=7;s=24,25,false,27,0.141,42,2,128,0.251,42,2,true,0,0.000
dec-068,dec,d_b=5;m=9;gap=7;k=4;q=7;s=24,25,false,27,0.141,42,2,256,0.241,42,2,true,0,0.000
dec-068,dec,d_b=5;m=9;gap=7;k=4;q=7;s=24,25,false,27,0.141,42,2,512,0.242,42,2,true,0,0.000
dec-068,dec,d_b=5;m=9;gap=7;k=4;q=7;s=24,25,false,27,0.141,42,2,1024,0.241,42,2,true,0,0.000
dec-068,dec,d_b=5;m=9;gap=7;k=4;q=7;s=24,25,false,27,0.141,42,2,2048,0.238,42,2,true,0,0.000
dec-068,dec,d_b=5;m=9;gap=7;k=4;q=7;s=24,25,false,27,0.141,42,2,4096,0.239,42,2,true,0,0.000
dec-068,dec,d_b=5;m=9;gap=7;k=4;q=7;s=24,25,false,27,0.141,42,2,8192,0.257,42,2,true,0,0.000
dec-068,dec,d_b=5;m=9;gap=7;k=4;q=7;s=24,25,false,27,0.141,42,2,16384,0.254,42,2,true,0,0.000
mixed-022-2,mixed,seed=0xbf0a7a161af37fb2;cycles=7;planted=3;d_b=12;m=2;gap=6;k=4,113106,false,16957,0.407,57,10,1,0.193,78,64,false,1,0.014
mixed-022-2,mixed,seed=0xbf0a7a161af37fb2;cycles=7;planted=3;d_b=12;m=2;gap=6;k=4,113106,false,16957,0.407,57,10,2,0.228,78,64,false,1,0.014
mixed-022-2,mixed,seed=0xbf0a7a161af37fb2;cycles=7;planted=3;d_b=12;m=2;gap=6;k=4,113106,false,16957,0.407,57,10,4,0.255,78,64,false,1,0.014
mixed-022-2,mixed,seed=0xbf0a7a161af37fb2;cycles=7;planted=3;d_b=12;m=2;gap=6;k=4,113106,false,16957,0.407,57,10,8,0.372,78,64,false,1,0.012
mixed-022-2,mixed,seed=0xbf0a7a161af37fb2;cycles=7;planted=3;d_b=12;m=2;gap=6;k=4,113106,false,16957,0.407,57,10,16,0.570,78,64,false,1,0.010
mixed-022-2,mixed,seed=0xbf0a7a161af37fb2;cycles=7;planted=3;d_b=12;m=2;gap=6;k=4,113106,false,16957,0.407,57,10,32,1.064,78,64,false,1,0.013
mixed-022-2,mixed,seed=0xbf0a7a161af37fb2;cycles=7;planted=3;d_b=12;m=2;gap=6;k=4,113106,false,16957,0.407,57,10,64,2.026,57,10,false,1,0.011
mixed-022-2,mixed,seed=0xbf0a7a161af37fb2;cycles=7;planted=3;d_b=12;m=2;gap=6;k=4,113106,false,16957,0.407,57,10,128,3.951,57,10,false,1,0.012
mixed-022-2,mixed,seed=0xbf0a7a161af37fb2;cycles=7;planted=3;d_b=12;m=2;gap=6;k=4,113106,false,16957,0.407,57,10,256,5.414,57,10,true,4,0.025
mixed-022-2,mixed,seed=0xbf0a7a161af37fb2;cycles=7;planted=3;d_b=12;m=2;gap=6;k=4,113106,false,16957,0.407,57,10,512,5.443,57,10,true,4,0.025
mixed-022-2,mixed,seed=0xbf0a7a161af37fb2;cycles=7;planted=3;d_b=12;m=2;gap=6;k=4,113106,false,16957,0.407,57,10,1024,5.463,57,10,true,4,0.025
mixed-022-2,mixed,seed=0xbf0a7a161af37fb2;cycles=7;planted=3;d_b=12;m=2;gap=6;k=4,113106,false,16957,0.407,57,10,2048,5.330,57,10,true,4,0.024
mixed-022-2,mixed,seed=0xbf0a7a161af37fb2;cycles=7;planted=3;d_b=12;m=2;gap=6;k=4,113106,false,16957,0.407,57,10,4096,5.371,57,10,true,4,0.021
mixed-022-2,mixed,seed=0xbf0a7a161af37fb2;cycles=7;planted=3;d_b=12;m=2;gap=6;k=4,113106,false,16957,0.407,57,10,8192,5.355,57,10,true,4,0.022
mixed-022-2,mixed,seed=0xbf0a7a161af37fb2;cycles=7;planted=3;d_b=12;m=2;gap=6;k=4,113106,false,16957,0.407,57,10,16384,5.325,57,10,true,4,0.023
dec-069,dec,d_b=5;m=9;gap=13;k=1;q=7;s=27,10,false,12,0.045,42,2,1,0.019,55,54,false,0,0.000
dec-069,dec,d_b=5;m=9;gap=13;k=1;q=7;s=27,10,false,12,0.045,42,2,2,0.034,55,54,false,0,0.000
dec-069,dec,d_b=5;m=9;gap=13;k=1;q=7;s=27,10,false,12,0.045,42,2,4,0.043,42,2,false,0,0.000
dec-069,dec,d_b=5;m=9;gap=13;k=1;q=7;s=27,10,false,12,0.045,42,2,8,0.062,42,2,true,1,0.006
dec-069,dec,d_b=5;m=9;gap=13;k=1;q=7;s=27,10,false,12,0.045,42,2,16,0.060,42,2,true,1,0.005
dec-069,dec,d_b=5;m=9;gap=13;k=1;q=7;s=27,10,false,12,0.045,42,2,32,0.058,42,2,true,1,0.005
dec-069,dec,d_b=5;m=9;gap=13;k=1;q=7;s=27,10,false,12,0.045,42,2,64,0.057,42,2,true,1,0.004
dec-069,dec,d_b=5;m=9;gap=13;k=1;q=7;s=27,10,false,12,0.045,42,2,128,0.055,42,2,true,1,0.004
dec-069,dec,d_b=5;m=9;gap=13;k=1;q=7;s=27,10,false,12,0.045,42,2,256,0.055,42,2,true,1,0.004
dec-069,dec,d_b=5;m=9;gap=13;k=1;q=7;s=27,10,false,12,0.045,42,2,512,0.054,42,2,true,1,0.004
dec-069,dec,d_b=5;m=9;gap=13;k=1;q=7;s=27,10,false,12,0.045,42,2,1024,0.055,42,2,true,1,0.004
dec-069,dec,d_b=5;m=9;gap=13;k=1;q=7;s=27,10,false,12,0.045,42,2,2048,0.054,42,2,true,1,0.004
dec-069,dec,d_b=5;m=9;gap=13;k=1;q=7;s=27,10,false,12,0.045,42,2,4096,0.055,42,2,true,1,0.004
dec-069,dec,d_b=5;m=9;gap=13;k=1;q=7;s=27,10,false,12,0.045,42,2,8192,0.054,42,2,true,1,0.004
dec-069,dec,d_b=5;m=9;gap=13;k=1;q=7;s=27,10,false,12,0.045,42,2,16384,0.055,42,2,true,1,0.004
mixed-023-0,mixed,seed=0x1d53eb38d023de95;cycles=7;planted=3;d_b=16;m=5;gap=2;k=1,66,false,70,0.296,134,4,1,0.047,140,136,false,0,0.000
mixed-023-0,mixed,seed=0x1d53eb38d023de95;cycles=7;planted=3;d_b=16;m=5;gap=2;k=1,66,false,70,0.296,134,4,2,0.050,140,136,false,0,0.000
mixed-023-0,mixed,seed=0x1d53eb38d023de95;cycles=7;planted=3;d_b=16;m=5;gap=2;k=1,66,false,70,0.296,134,4,4,0.054,140,136,false,0,0.000
mixed-023-0,mixed,seed=0x1d53eb38d023de95;cycles=7;planted=3;d_b=16;m=5;gap=2;k=1,66,false,70,0.296,134,4,8,0.093,140,136,false,0,0.000
mixed-023-0,mixed,seed=0x1d53eb38d023de95;cycles=7;planted=3;d_b=16;m=5;gap=2;k=1,66,false,70,0.296,134,4,16,0.163,140,136,false,0,0.000
mixed-023-0,mixed,seed=0x1d53eb38d023de95;cycles=7;planted=3;d_b=16;m=5;gap=2;k=1,66,false,70,0.296,134,4,32,0.332,140,136,false,0,0.000
mixed-023-0,mixed,seed=0x1d53eb38d023de95;cycles=7;planted=3;d_b=16;m=5;gap=2;k=1,66,false,70,0.296,134,4,64,0.693,134,4,true,2,0.009
mixed-023-0,mixed,seed=0x1d53eb38d023de95;cycles=7;planted=3;d_b=16;m=5;gap=2;k=1,66,false,70,0.296,134,4,128,0.677,134,4,true,2,0.006
mixed-023-0,mixed,seed=0x1d53eb38d023de95;cycles=7;planted=3;d_b=16;m=5;gap=2;k=1,66,false,70,0.296,134,4,256,0.669,134,4,true,2,0.006
mixed-023-0,mixed,seed=0x1d53eb38d023de95;cycles=7;planted=3;d_b=16;m=5;gap=2;k=1,66,false,70,0.296,134,4,512,0.692,134,4,true,2,0.007
mixed-023-0,mixed,seed=0x1d53eb38d023de95;cycles=7;planted=3;d_b=16;m=5;gap=2;k=1,66,false,70,0.296,134,4,1024,0.684,134,4,true,2,0.006
mixed-023-0,mixed,seed=0x1d53eb38d023de95;cycles=7;planted=3;d_b=16;m=5;gap=2;k=1,66,false,70,0.296,134,4,2048,0.676,134,4,true,2,0.006
mixed-023-0,mixed,seed=0x1d53eb38d023de95;cycles=7;planted=3;d_b=16;m=5;gap=2;k=1,66,false,70,0.296,134,4,4096,0.686,134,4,true,2,0.007
mixed-023-0,mixed,seed=0x1d53eb38d023de95;cycles=7;planted=3;d_b=16;m=5;gap=2;k=1,66,false,70,0.296,134,4,8192,0.667,134,4,true,2,0.005
mixed-023-0,mixed,seed=0x1d53eb38d023de95;cycles=7;planted=3;d_b=16;m=5;gap=2;k=1,66,false,70,0.296,134,4,16384,0.685,134,4,true,2,0.007
dec-070,dec,d_b=5;m=9;gap=13;k=2;q=7;s=27,15,false,17,0.069,42,2,1,0.021,55,54,false,0,0.000
dec-070,dec,d_b=5;m=9;gap=13;k=2;q=7;s=27,15,false,17,0.069,42,2,2,0.030,55,54,false,0,0.000
dec-070,dec,d_b=5;m=9;gap=13;k=2;q=7;s=27,15,false,17,0.069,42,2,4,0.048,55,54,false,0,0.000
dec-070,dec,d_b=5;m=9;gap=13;k=2;q=7;s=27,15,false,17,0.069,42,2,8,0.088,42,2,false,0,0.000
dec-070,dec,d_b=5;m=9;gap=13;k=2;q=7;s=27,15,false,17,0.069,42,2,16,0.128,42,2,true,1,0.004
dec-070,dec,d_b=5;m=9;gap=13;k=2;q=7;s=27,15,false,17,0.069,42,2,32,0.129,42,2,true,1,0.004
dec-070,dec,d_b=5;m=9;gap=13;k=2;q=7;s=27,15,false,17,0.069,42,2,64,0.125,42,2,true,1,0.004
dec-070,dec,d_b=5;m=9;gap=13;k=2;q=7;s=27,15,false,17,0.069,42,2,128,0.122,42,2,true,1,0.003
dec-070,dec,d_b=5;m=9;gap=13;k=2;q=7;s=27,15,false,17,0.069,42,2,256,0.124,42,2,true,1,0.003
dec-070,dec,d_b=5;m=9;gap=13;k=2;q=7;s=27,15,false,17,0.069,42,2,512,0.121,42,2,true,1,0.003
dec-070,dec,d_b=5;m=9;gap=13;k=2;q=7;s=27,15,false,17,0.069,42,2,1024,0.120,42,2,true,1,0.003
dec-070,dec,d_b=5;m=9;gap=13;k=2;q=7;s=27,15,false,17,0.069,42,2,2048,0.121,42,2,true,1,0.003
dec-070,dec,d_b=5;m=9;gap=13;k=2;q=7;s=27,15,false,17,0.069,42,2,4096,0.119,42,2,true,1,0.003
dec-070,dec,d_b=5;m=9;gap=13;k=2;q=7;s=27,15,false,17,0.069,42,2,8192,0.120,42,2,true,1,0.003
dec-070,dec,d_b=5;m=9;gap=13;k=2;q=7;s=27,15,false,17,0.069,42,2,16384,0.129,42,2,true,1,0.004
mixed-023-1,mixed,seed=0x08f3beceb51e1709;cycles=7;planted=3;d_b=16;m=5;gap=2;k=1,113019,false,16793,0.455,203,8,1,0.077,212,206,false,0,0.000
mixed-023-1,mixed,seed=0x08f3beceb51e1709;cycles=7;planted=3;d_b=16;m=5;gap=2;k=1,113019,false,16793,0.455,203,8,2,0.081,212,206,false,0,0.000
mixed-023-1,mixed,seed=0x08f3beceb51e1709;cycles=7;planted=3;d_b=16;m=5;gap=2;k=1,113019,false,16793,0.455,203,8,4,0.094,212,206,false,1,0.015
mixed-023-1,mixed,seed=0x08f3beceb51e1709;cycles=7;planted=3;d_b=16;m=5;gap=2;k=1,113019,false,16793,0.455,203,8,8,0.119,212,206,false,1,0.013
mixed-023-1,mixed,seed=0x08f3beceb51e1709;cycles=7;planted=3;d_b=16;m=5;gap=2;k=1,113019,false,16793,0.455,203,8,16,0.201,212,206,false,1,0.013
mixed-023-1,mixed,seed=0x08f3beceb51e1709;cycles=7;planted=3;d_b=16;m=5;gap=2;k=1,113019,false,16793,0.455,203,8,32,0.374,212,206,false,1,0.017
mixed-023-1,mixed,seed=0x08f3beceb51e1709;cycles=7;planted=3;d_b=16;m=5;gap=2;k=1,113019,false,16793,0.455,203,8,64,0.683,206,74,false,2,0.015
mixed-023-1,mixed,seed=0x08f3beceb51e1709;cycles=7;planted=3;d_b=16;m=5;gap=2;k=1,113019,false,16793,0.455,203,8,128,1.011,203,8,true,4,0.021
mixed-023-1,mixed,seed=0x08f3beceb51e1709;cycles=7;planted=3;d_b=16;m=5;gap=2;k=1,113019,false,16793,0.455,203,8,256,0.991,203,8,true,4,0.020
mixed-023-1,mixed,seed=0x08f3beceb51e1709;cycles=7;planted=3;d_b=16;m=5;gap=2;k=1,113019,false,16793,0.455,203,8,512,1.002,203,8,true,4,0.019
mixed-023-1,mixed,seed=0x08f3beceb51e1709;cycles=7;planted=3;d_b=16;m=5;gap=2;k=1,113019,false,16793,0.455,203,8,1024,1.109,203,8,true,4,0.028
mixed-023-1,mixed,seed=0x08f3beceb51e1709;cycles=7;planted=3;d_b=16;m=5;gap=2;k=1,113019,false,16793,0.455,203,8,2048,0.994,203,8,true,4,0.020
mixed-023-1,mixed,seed=0x08f3beceb51e1709;cycles=7;planted=3;d_b=16;m=5;gap=2;k=1,113019,false,16793,0.455,203,8,4096,0.985,203,8,true,4,0.018
mixed-023-1,mixed,seed=0x08f3beceb51e1709;cycles=7;planted=3;d_b=16;m=5;gap=2;k=1,113019,false,16793,0.455,203,8,8192,0.972,203,8,true,4,0.018
mixed-023-1,mixed,seed=0x08f3beceb51e1709;cycles=7;planted=3;d_b=16;m=5;gap=2;k=1,113019,false,16793,0.455,203,8,16384,0.978,203,8,true,4,0.019
dec-071,dec,d_b=5;m=9;gap=13;k=4;q=7;s=27,25,false,27,0.113,42,2,1,0.021,55,54,false,0,0.000
dec-071,dec,d_b=5;m=9;gap=13;k=4;q=7;s=27,25,false,27,0.113,42,2,2,0.036,55,54,false,0,0.000
dec-071,dec,d_b=5;m=9;gap=13;k=4;q=7;s=27,25,false,27,0.113,42,2,4,0.057,55,54,false,0,0.000
dec-071,dec,d_b=5;m=9;gap=13;k=4;q=7;s=27,25,false,27,0.113,42,2,8,0.092,55,54,false,0,0.000
dec-071,dec,d_b=5;m=9;gap=13;k=4;q=7;s=27,25,false,27,0.113,42,2,16,0.183,42,2,false,0,0.000
dec-071,dec,d_b=5;m=9;gap=13;k=4;q=7;s=27,25,false,27,0.113,42,2,32,0.273,42,2,true,0,0.000
dec-071,dec,d_b=5;m=9;gap=13;k=4;q=7;s=27,25,false,27,0.113,42,2,64,0.267,42,2,true,0,0.000
dec-071,dec,d_b=5;m=9;gap=13;k=4;q=7;s=27,25,false,27,0.113,42,2,128,0.267,42,2,true,0,0.000
dec-071,dec,d_b=5;m=9;gap=13;k=4;q=7;s=27,25,false,27,0.113,42,2,256,0.266,42,2,true,0,0.000
dec-071,dec,d_b=5;m=9;gap=13;k=4;q=7;s=27,25,false,27,0.113,42,2,512,0.260,42,2,true,0,0.000
dec-071,dec,d_b=5;m=9;gap=13;k=4;q=7;s=27,25,false,27,0.113,42,2,1024,0.262,42,2,true,0,0.000
dec-071,dec,d_b=5;m=9;gap=13;k=4;q=7;s=27,25,false,27,0.113,42,2,2048,0.261,42,2,true,0,0.000
dec-071,dec,d_b=5;m=9;gap=13;k=4;q=7;s=27,25,false,27,0.113,42,2,4096,0.257,42,2,true,0,0.000
dec-071,dec,d_b=5;m=9;gap=13;k=4;q=7;s=27,25,false,27,0.113,42,2,8192,0.260,42,2,true,0,0.000
dec-071,dec,d_b=5;m=9;gap=13;k=4;q=7;s=27,25,false,27,0.113,42,2,16384,0.258,42,2,true,0,0.000
mixed-023-2,mixed,seed=0x9f994bcdc321597f;cycles=7;planted=3;d_b=16;m=5;gap=2;k=1,113023,false,16893,0.557,227,10,1,0.190,236,208,false,0,0.000
mixed-023-2,mixed,seed=0x9f994bcdc321597f;cycles=7;planted=3;d_b=16;m=5;gap=2;k=1,113023,false,16893,0.557,227,10,2,0.258,236,208,false,0,0.000
mixed-023-2,mixed,seed=0x9f994bcdc321597f;cycles=7;planted=3;d_b=16;m=5;gap=2;k=1,113023,false,16893,0.557,227,10,4,0.289,236,208,false,1,0.015
mixed-023-2,mixed,seed=0x9f994bcdc321597f;cycles=7;planted=3;d_b=16;m=5;gap=2;k=1,113023,false,16893,0.557,227,10,8,0.388,236,208,false,1,0.017
mixed-023-2,mixed,seed=0x9f994bcdc321597f;cycles=7;planted=3;d_b=16;m=5;gap=2;k=1,113023,false,16893,0.557,227,10,16,0.552,236,208,false,1,0.015
mixed-023-2,mixed,seed=0x9f994bcdc321597f;cycles=7;planted=3;d_b=16;m=5;gap=2;k=1,113023,false,16893,0.557,227,10,32,0.940,236,208,false,1,0.013
mixed-023-2,mixed,seed=0x9f994bcdc321597f;cycles=7;planted=3;d_b=16;m=5;gap=2;k=1,113023,false,16893,0.557,227,10,64,1.770,227,10,false,1,0.013
mixed-023-2,mixed,seed=0x9f994bcdc321597f;cycles=7;planted=3;d_b=16;m=5;gap=2;k=1,113023,false,16893,0.557,227,10,128,2.875,227,10,true,4,0.021
mixed-023-2,mixed,seed=0x9f994bcdc321597f;cycles=7;planted=3;d_b=16;m=5;gap=2;k=1,113023,false,16893,0.557,227,10,256,2.878,227,10,true,4,0.022
mixed-023-2,mixed,seed=0x9f994bcdc321597f;cycles=7;planted=3;d_b=16;m=5;gap=2;k=1,113023,false,16893,0.557,227,10,512,2.855,227,10,true,4,0.020
mixed-023-2,mixed,seed=0x9f994bcdc321597f;cycles=7;planted=3;d_b=16;m=5;gap=2;k=1,113023,false,16893,0.557,227,10,1024,2.837,227,10,true,4,0.020
mixed-023-2,mixed,seed=0x9f994bcdc321597f;cycles=7;planted=3;d_b=16;m=5;gap=2;k=1,113023,false,16893,0.557,227,10,2048,2.897,227,10,true,4,0.019
mixed-023-2,mixed,seed=0x9f994bcdc321597f;cycles=7;planted=3;d_b=16;m=5;gap=2;k=1,113023,false,16893,0.557,227,10,4096,2.846,227,10,true,4,0.019
mixed-023-2,mixed,seed=0x9f994bcdc321597f;cycles=7;planted=3;d_b=16;m=5;gap=2;k=1,113023,false,16893,0.557,227,10,8192,2.833,227,10,true,4,0.019
mixed-023-2,mixed,seed=0x9f994bcdc321597f;cycles=7;planted=3;d_b=16;m=5;gap=2;k=1,113023,false,16893,0.557,227,10,16384,2.840,227,10,true,4,0.018
dec-072,dec,d_b=8;m=2;gap=1;k=1;q=0;s=5,16,false,17,0.035,10,2,1,0.036,10,2,true,1,0.027
dec-072,dec,d_b=8;m=2;gap=1;k=1;q=0;s=5,16,false,17,0.035,10,2,2,0.040,10,2,true,1,0.031
dec-072,dec,d_b=8;m=2;gap=1;k=1;q=0;s=5,16,false,17,0.035,10,2,4,0.037,10,2,true,1,0.029
dec-072,dec,d_b=8;m=2;gap=1;k=1;q=0;s=5,16,false,17,0.035,10,2,8,0.037,10,2,true,1,0.029
dec-072,dec,d_b=8;m=2;gap=1;k=1;q=0;s=5,16,false,17,0.035,10,2,16,0.032,10,2,true,1,0.026
dec-072,dec,d_b=8;m=2;gap=1;k=1;q=0;s=5,16,false,17,0.035,10,2,32,0.037,10,2,true,1,0.029
dec-072,dec,d_b=8;m=2;gap=1;k=1;q=0;s=5,16,false,17,0.035,10,2,64,0.031,10,2,true,1,0.025
dec-072,dec,d_b=8;m=2;gap=1;k=1;q=0;s=5,16,false,17,0.035,10,2,128,0.032,10,2,true,1,0.026
dec-072,dec,d_b=8;m=2;gap=1;k=1;q=0;s=5,16,false,17,0.035,10,2,256,0.032,10,2,true,1,0.026
dec-072,dec,d_b=8;m=2;gap=1;k=1;q=0;s=5,16,false,17,0.035,10,2,512,0.030,10,2,true,1,0.025
dec-072,dec,d_b=8;m=2;gap=1;k=1;q=0;s=5,16,false,17,0.035,10,2,1024,0.031,10,2,true,1,0.025
dec-072,dec,d_b=8;m=2;gap=1;k=1;q=0;s=5,16,false,17,0.035,10,2,2048,0.030,10,2,true,1,0.024
dec-072,dec,d_b=8;m=2;gap=1;k=1;q=0;s=5,16,false,17,0.035,10,2,4096,0.030,10,2,true,1,0.024
dec-072,dec,d_b=8;m=2;gap=1;k=1;q=0;s=5,16,false,17,0.035,10,2,8192,0.029,10,2,true,1,0.024
dec-072,dec,d_b=8;m=2;gap=1;k=1;q=0;s=5,16,false,17,0.035,10,2,16384,0.030,10,2,true,1,0.024
mixed-024-0,mixed,seed=0x4dc30c7929287eb5;cycles=8;planted=1;d_b=4;m=2;gap=1;k=2,2379944,false,228973,0.150,27,8,1,0.253,27,8,true,2,0.141
mixed-024-0,mixed,seed=0x4dc30c7929287eb5;cycles=8;planted=1;d_b=4;m=2;gap=1;k=2,2379944,false,228973,0.150,27,8,2,0.228,27,8,true,2,0.131
mixed-024-0,mixed,seed=0x4dc30c7929287eb5;cycles=8;planted=1;d_b=4;m=2;gap=1;k=2,2379944,false,228973,0.150,27,8,4,0.196,27,8,true,2,0.119
mixed-024-0,mixed,seed=0x4dc30c7929287eb5;cycles=8;planted=1;d_b=4;m=2;gap=1;k=2,2379944,false,228973,0.150,27,8,8,0.190,27,8,true,2,0.116
mixed-024-0,mixed,seed=0x4dc30c7929287eb5;cycles=8;planted=1;d_b=4;m=2;gap=1;k=2,2379944,false,228973,0.150,27,8,16,0.178,27,8,true,2,0.111
mixed-024-0,mixed,seed=0x4dc30c7929287eb5;cycles=8;planted=1;d_b=4;m=2;gap=1;k=2,2379944,false,228973,0.150,27,8,32,0.175,27,8,true,2,0.109
mixed-024-0,mixed,seed=0x4dc30c7929287eb5;cycles=8;planted=1;d_b=4;m=2;gap=1;k=2,2379944,false,228973,0.150,27,8,64,0.171,27,8,true,2,0.108
mixed-024-0,mixed,seed=0x4dc30c7929287eb5;cycles=8;planted=1;d_b=4;m=2;gap=1;k=2,2379944,false,228973,0.150,27,8,128,0.169,27,8,true,2,0.106
mixed-024-0,mixed,seed=0x4dc30c7929287eb5;cycles=8;planted=1;d_b=4;m=2;gap=1;k=2,2379944,false,228973,0.150,27,8,256,0.170,27,8,true,2,0.107
mixed-024-0,mixed,seed=0x4dc30c7929287eb5;cycles=8;planted=1;d_b=4;m=2;gap=1;k=2,2379944,false,228973,0.150,27,8,512,0.167,27,8,true,2,0.105
mixed-024-0,mixed,seed=0x4dc30c7929287eb5;cycles=8;planted=1;d_b=4;m=2;gap=1;k=2,2379944,false,228973,0.150,27,8,1024,0.169,27,8,true,2,0.106
mixed-024-0,mixed,seed=0x4dc30c7929287eb5;cycles=8;planted=1;d_b=4;m=2;gap=1;k=2,2379944,false,228973,0.150,27,8,2048,0.166,27,8,true,2,0.104
mixed-024-0,mixed,seed=0x4dc30c7929287eb5;cycles=8;planted=1;d_b=4;m=2;gap=1;k=2,2379944,false,228973,0.150,27,8,4096,0.168,27,8,true,2,0.106
mixed-024-0,mixed,seed=0x4dc30c7929287eb5;cycles=8;planted=1;d_b=4;m=2;gap=1;k=2,2379944,false,228973,0.150,27,8,8192,0.165,27,8,true,2,0.104
mixed-024-0,mixed,seed=0x4dc30c7929287eb5;cycles=8;planted=1;d_b=4;m=2;gap=1;k=2,2379944,false,228973,0.150,27,8,16384,0.167,27,8,true,2,0.105
dec-073,dec,d_b=8;m=2;gap=1;k=2;q=0;s=5,24,false,25,0.049,10,2,1,0.010,11,10,false,0,0.000
dec-073,dec,d_b=8;m=2;gap=1;k=2;q=0;s=5,24,false,25,0.049,10,2,2,0.015,11,10,false,0,0.000
dec-073,dec,d_b=8;m=2;gap=1;k=2;q=0;s=5,24,false,25,0.049,10,2,4,0.021,11,10,false,0,0.000
dec-073,dec,d_b=8;m=2;gap=1;k=2;q=0;s=5,24,false,25,0.049,10,2,8,0.037,11,10,false,0,0.000
dec-073,dec,d_b=8;m=2;gap=1;k=2;q=0;s=5,24,false,25,0.049,10,2,16,0.060,10,2,true,1,0.017
dec-073,dec,d_b=8;m=2;gap=1;k=2;q=0;s=5,24,false,25,0.049,10,2,32,0.062,10,2,true,1,0.018
dec-073,dec,d_b=8;m=2;gap=1;k=2;q=0;s=5,24,false,25,0.049,10,2,64,0.054,10,2,true,1,0.015
dec-073,dec,d_b=8;m=2;gap=1;k=2;q=0;s=5,24,false,25,0.049,10,2,128,0.056,10,2,true,1,0.015
dec-073,dec,d_b=8;m=2;gap=1;k=2;q=0;s=5,24,false,25,0.049,10,2,256,0.053,10,2,true,1,0.015
dec-073,dec,d_b=8;m=2;gap=1;k=2;q=0;s=5,24,false,25,0.049,10,2,512,0.053,10,2,true,1,0.015
dec-073,dec,d_b=8;m=2;gap=1;k=2;q=0;s=5,24,false,25,0.049,10,2,1024,0.053,10,2,true,1,0.015
dec-073,dec,d_b=8;m=2;gap=1;k=2;q=0;s=5,24,false,25,0.049,10,2,2048,0.052,10,2,true,1,0.015
dec-073,dec,d_b=8;m=2;gap=1;k=2;q=0;s=5,24,false,25,0.049,10,2,4096,0.053,10,2,true,1,0.015
dec-073,dec,d_b=8;m=2;gap=1;k=2;q=0;s=5,24,false,25,0.049,10,2,8192,0.052,10,2,true,1,0.015
dec-073,dec,d_b=8;m=2;gap=1;k=2;q=0;s=5,24,false,25,0.049,10,2,16384,0.052,10,2,true,1,0.014
mixed-024-1,mixed,seed=0xdb2148c53f9bf97b;cycles=8;planted=1;d_b=4;m=2;gap=1;k=2,810550,false,84666,0.037,9,4,1,0.057,9,4,true,1,0.046
mixed-024-1,mixed,seed=0xdb2148c53f9bf97b;cycles=8;planted=1;d_b=4;m=2;gap=1;k=2,810550,false,84666,0.037,9,4,2,0.041,9,4,true,1,0.033
mixed-024-1,mixed,seed=0xdb2148c53f9bf97b;cycles=8;planted=1;d_b=4;m=2;gap=1;k=2,810550,false,84666,0.037,9,4,4,0.038,9,4,true,1,0.031
mixed-024-1,mixed,seed=0xdb2148c53f9bf97b;cycles=8;planted=1;d_b=4;m=2;gap=1;k=2,810550,false,84666,0.037,9,4,8,0.036,9,4,true,1,0.029
mixed-024-1,mixed,seed=0xdb2148c53f9bf97b;cycles=8;planted=1;d_b=4;m=2;gap=1;k=2,810550,false,84666,0.037,9,4,16,0.034,9,4,true,1,0.029
mixed-024-1,mixed,seed=0xdb2148c53f9bf97b;cycles=8;planted=1;d_b=4;m=2;gap=1;k=2,810550,false,84666,0.037,9,4,32,0.034,9,4,true,1,0.028
mixed-024-1,mixed,seed=0xdb2148c53f9bf97b;cycles=8;planted=1;d_b=4;m=2;gap=1;k=2,810550,false,84666,0.037,9,4,64,0.034,9,4,true,1,0.028
mixed-024-1,mixed,seed=0xdb2148c53f9bf97b;cycles=8;planted=1;d_b=4;m=2;gap=1;k=2,810550,false,84666,0.037,9,4,128,0.033,9,4,true,1,0.028
mixed-024-1,mixed,seed=0xdb2148c53f9bf97b;cycles=8;planted=1;d_b=4;m=2;gap=1;k=2,810550,false,84666,0.037,9,4,256,0.033,9,4,true,1,0.028
mixed-024-1,mixed,seed=0xdb2148c53f9bf97b;cycles=8;planted=1;d_b=4;m=2;gap=1;k=2,810550,false,84666,0.037,9,4,512,0.033,9,4,true,1,0.028
mixed-024-1,mixed,seed=0xdb2148c53f9bf97b;cycles=8;planted=1;d_b=4;m=2;gap=1;k=2,810550,false,84666,0.037,9,4,1024,0.033,9,4,true,1,0.027
mixed-024-1,mixed,seed=0xdb2148c53f9bf97b;cycles=8;planted=1;d_b=4;m=2;gap=1;k=2,810550,false,84666,0.037,9,4,2048,0.033,9,4,true,1,0.027
mixed-024-1,mixed,seed=0xdb2148c53f9bf97b;cycles=8;planted=1;d_b=4;m=2;gap=1;k=2,810550,false,84666,0.037,9,4,4096,0.033,9,4,true,1,0.028
mixed-024-1,mixed,seed=0xdb2148c53f9bf97b;cycles=8;planted=1;d_b=4;m=2;gap=1;k=2,810550,false,84666,0.037,9,4,8192,0.033,9,4,true,1,0.027
mixed-024-1,mixed,seed=0xdb2148c53f9bf97b;cycles=8;planted=1;d_b=4;m=2;gap=1;k=2,810550,false,84666,0.037,9,4,16384,0.033,9,4,true,1,0.027
dec-074,dec,d_b=8;m=2;gap=1;k=4;q=0;s=5,40,false,41,0.071,10,2,1,0.012,11,10,false,0,0.000
dec-074,dec,d_b=8;m=2;gap=1;k=4;q=0;s=5,40,false,41,0.071,10,2,2,0.014,11,10,false,0,0.000
dec-074,dec,d_b=8;m=2;gap=1;k=4;q=0;s=5,40,false,41,0.071,10,2,4,0.020,11,10,false,0,0.000
dec-074,dec,d_b=8;m=2;gap=1;k=4;q=0;s=5,40,false,41,0.071,10,2,8,0.035,11,10,false,0,0.000
dec-074,dec,d_b=8;m=2;gap=1;k=4;q=0;s=5,40,false,41,0.071,10,2,16,0.064,11,10,false,0,0.000
dec-074,dec,d_b=8;m=2;gap=1;k=4;q=0;s=5,40,false,41,0.071,10,2,32,0.132,10,2,true,1,0.011
dec-074,dec,d_b=8;m=2;gap=1;k=4;q=0;s=5,40,false,41,0.071,10,2,64,0.116,10,2,true,1,0.008
dec-074,dec,d_b=8;m=2;gap=1;k=4;q=0;s=5,40,false,41,0.071,10,2,128,0.118,10,2,true,1,0.008
dec-074,dec,d_b=8;m=2;gap=1;k=4;q=0;s=5,40,false,41,0.071,10,2,256,0.111,10,2,true,1,0.007
dec-074,dec,d_b=8;m=2;gap=1;k=4;q=0;s=5,40,false,41,0.071,10,2,512,0.111,10,2,true,1,0.007
dec-074,dec,d_b=8;m=2;gap=1;k=4;q=0;s=5,40,false,41,0.071,10,2,1024,0.108,10,2,true,1,0.007
dec-074,dec,d_b=8;m=2;gap=1;k=4;q=0;s=5,40,false,41,0.071,10,2,2048,0.110,10,2,true,1,0.007
dec-074,dec,d_b=8;m=2;gap=1;k=4;q=0;s=5,40,false,41,0.071,10,2,4096,0.108,10,2,true,1,0.007
dec-074,dec,d_b=8;m=2;gap=1;k=4;q=0;s=5,40,false,41,0.071,10,2,8192,0.110,10,2,true,1,0.007
dec-074,dec,d_b=8;m=2;gap=1;k=4;q=0;s=5,40,false,41,0.071,10,2,16384,0.108,10,2,true,1,0.007
mixed-024-2,mixed,seed=0x2d7092a3bcfd2331;cycles=8;planted=1;d_b=4;m=2;gap=1;k=2,1939052,false,190447,0.072,22,10,1,0.132,22,10,true,2,0.072
mixed-024-2,mixed,seed=0x2d7092a3bcfd2331;cycles=8;planted=1;d_b=4;m=2;gap=1;k=2,1939052,false,190447,0.072,22,10,2,0.122,22,10,true,2,0.068
mixed-024-2,mixed,seed=0x2d7092a3bcfd2331;cycles=8;planted=1;d_b=4;m=2;gap=1;k=2,1939052,false,190447,0.072,22,10,4,0.109,22,10,true,2,0.061
mixed-024-2,mixed,seed=0x2d7092a3bcfd2331;cycles=8;planted=1;d_b=4;m=2;gap=1;k=2,1939052,false,190447,0.072,22,10,8,0.106,22,10,true,2,0.060
mixed-024-2,mixed,seed=0x2d7092a3bcfd2331;cycles=8;planted=1;d_b=4;m=2;gap=1;k=2,1939052,false,190447,0.072,22,10,16,0.101,22,10,true,2,0.057
mixed-024-2,mixed,seed=0x2d7092a3bcfd2331;cycles=8;planted=1;d_b=4;m=2;gap=1;k=2,1939052,false,190447,0.072,22,10,32,0.101,22,10,true,2,0.057
mixed-024-2,mixed,seed=0x2d7092a3bcfd2331;cycles=8;planted=1;d_b=4;m=2;gap=1;k=2,1939052,false,190447,0.072,22,10,64,0.099,22,10,true,2,0.056
mixed-024-2,mixed,seed=0x2d7092a3bcfd2331;cycles=8;planted=1;d_b=4;m=2;gap=1;k=2,1939052,false,190447,0.072,22,10,128,0.100,22,10,true,2,0.056
mixed-024-2,mixed,seed=0x2d7092a3bcfd2331;cycles=8;planted=1;d_b=4;m=2;gap=1;k=2,1939052,false,190447,0.072,22,10,256,0.098,22,10,true,2,0.055
mixed-024-2,mixed,seed=0x2d7092a3bcfd2331;cycles=8;planted=1;d_b=4;m=2;gap=1;k=2,1939052,false,190447,0.072,22,10,512,0.098,22,10,true,2,0.056
mixed-024-2,mixed,seed=0x2d7092a3bcfd2331;cycles=8;planted=1;d_b=4;m=2;gap=1;k=2,1939052,false,190447,0.072,22,10,1024,0.098,22,10,true,2,0.056
mixed-024-2,mixed,seed=0x2d7092a3bcfd2331;cycles=8;planted=1;d_b=4;m=2;gap=1;k=2,1939052,false,190447,0.072,22,10,2048,0.104,22,10,true,2,0.059
mixed-024-2,mixed,seed=0x2d7092a3bcfd2331;cycles=8;planted=1;d_b=4;m=2;gap=1;k=2,1939052,false,190447,0.072,22,10,4096,0.097,22,10,true,2,0.055
mixed-024-2,mixed,seed=0x2d7092a3bcfd2331;cycles=8;planted=1;d_b=4;m=2;gap=1;k=2,1939052,false,190447,0.072,22,10,8192,0.097,22,10,true,2,0.055
mixed-024-2,mixed,seed=0x2d7092a3bcfd2331;cycles=8;planted=1;d_b=4;m=2;gap=1;k=2,1939052,false,190447,0.072,22,10,16384,0.098,22,10,true,2,0.055
dec-075,dec,d_b=8;m=2;gap=3;k=1;q=0;s=6,16,false,17,0.032,10,2,1,0.032,10,2,true,1,0.024
dec-075,dec,d_b=8;m=2;gap=3;k=1;q=0;s=6,16,false,17,0.032,10,2,2,0.034,10,2,true,1,0.026
dec-075,dec,d_b=8;m=2;gap=3;k=1;q=0;s=6,16,false,17,0.032,10,2,4,0.029,10,2,true,1,0.023
dec-075,dec,d_b=8;m=2;gap=3;k=1;q=0;s=6,16,false,17,0.032,10,2,8,0.030,10,2,true,1,0.024
dec-075,dec,d_b=8;m=2;gap=3;k=1;q=0;s=6,16,false,17,0.032,10,2,16,0.029,10,2,true,1,0.022
dec-075,dec,d_b=8;m=2;gap=3;k=1;q=0;s=6,16,false,17,0.032,10,2,32,0.030,10,2,true,1,0.023
dec-075,dec,d_b=8;m=2;gap=3;k=1;q=0;s=6,16,false,17,0.032,10,2,64,0.028,10,2,true,1,0.022
dec-075,dec,d_b=8;m=2;gap=3;k=1;q=0;s=6,16,false,17,0.032,10,2,128,0.029,10,2,true,1,0.023
dec-075,dec,d_b=8;m=2;gap=3;k=1;q=0;s=6,16,false,17,0.032,10,2,256,0.028,10,2,true,1,0.022
dec-075,dec,d_b=8;m=2;gap=3;k=1;q=0;s=6,16,false,17,0.032,10,2,512,0.028,10,2,true,1,0.022
dec-075,dec,d_b=8;m=2;gap=3;k=1;q=0;s=6,16,false,17,0.032,10,2,1024,0.028,10,2,true,1,0.022
dec-075,dec,d_b=8;m=2;gap=3;k=1;q=0;s=6,16,false,17,0.032,10,2,2048,0.028,10,2,true,1,0.022
dec-075,dec,d_b=8;m=2;gap=3;k=1;q=0;s=6,16,false,17,0.032,10,2,4096,0.028,10,2,true,1,0.022
dec-075,dec,d_b=8;m=2;gap=3;k=1;q=0;s=6,16,false,17,0.032,10,2,8192,0.028,10,2,true,1,0.022
dec-075,dec,d_b=8;m=2;gap=3;k=1;q=0;s=6,16,false,17,0.032,10,2,16384,0.028,10,2,true,1,0.022
mixed-025-0,mixed,seed=0x1a6e8540bd0e44b3;cycles=8;planted=1;d_b=8;m=3;gap=2;k=2,810568,false,84719,0.139,36,6,1,0.132,39,24,false,6,0.028
mixed-025-0,mixed,seed=0x1a6e8540bd0e44b3;cycles=8;planted=1;d_b=8;m=3;gap=2;k=2,810568,false,84719,0.139,36,6,2,0.138,39,24,false,6,0.025
mixed-025-0,mixed,seed=0x1a6e8540bd0e44b3;cycles=8;planted=1;d_b=8;m=3;gap=2;k=2,810568,false,84719,0.139,36,6,4,0.158,39,24,false,6,0.024
mixed-025-0,mixed,seed=0x1a6e8540bd0e44b3;cycles=8;planted=1;d_b=8;m=3;gap=2;k=2,810568,false,84719,0.139,36,6,8,0.221,39,24,false,6,0.023
mixed-025-0,mixed,seed=0x1a6e8540bd0e44b3;cycles=8;planted=1;d_b=8;m=3;gap=2;k=2,810568,false,84719,0.139,36,6,16,0.360,36,6,false,6,0.023
mixed-025-0,mixed,seed=0x1a6e8540bd0e44b3;cycles=8;planted=1;d_b=8;m=3;gap=2;k=2,810568,false,84719,0.139,36,6,32,0.449,36,6,true,7,0.029
mixed-025-0,mixed,seed=0x1a6e8540bd0e44b3;cycles=8;planted=1;d_b=8;m=3;gap=2;k=2,810568,false,84719,0.139,36,6,64,0.433,36,6,true,7,0.028
mixed-025-0,mixed,seed=0x1a6e8540bd0e44b3;cycles=8;planted=1;d_b=8;m=3;gap=2;k=2,810568,false,84719,0.139,36,6,128,0.438,36,6,true,7,0.027
mixed-025-0,mixed,seed=0x1a6e8540bd0e44b3;cycles=8;planted=1;d_b=8;m=3;gap=2;k=2,810568,false,84719,0.139,36,6,256,0.427,36,6,true,7,0.027
mixed-025-0,mixed,seed=0x1a6e8540bd0e44b3;cycles=8;planted=1;d_b=8;m=3;gap=2;k=2,810568,false,84719,0.139,36,6,512,0.434,36,6,true,7,0.027
mixed-025-0,mixed,seed=0x1a6e8540bd0e44b3;cycles=8;planted=1;d_b=8;m=3;gap=2;k=2,810568,false,84719,0.139,36,6,1024,0.424,36,6,true,7,0.027
mixed-025-0,mixed,seed=0x1a6e8540bd0e44b3;cycles=8;planted=1;d_b=8;m=3;gap=2;k=2,810568,false,84719,0.139,36,6,2048,0.432,36,6,true,7,0.027
mixed-025-0,mixed,seed=0x1a6e8540bd0e44b3;cycles=8;planted=1;d_b=8;m=3;gap=2;k=2,810568,false,84719,0.139,36,6,4096,0.421,36,6,true,7,0.026
mixed-025-0,mixed,seed=0x1a6e8540bd0e44b3;cycles=8;planted=1;d_b=8;m=3;gap=2;k=2,810568,false,84719,0.139,36,6,8192,0.431,36,6,true,7,0.026
mixed-025-0,mixed,seed=0x1a6e8540bd0e44b3;cycles=8;planted=1;d_b=8;m=3;gap=2;k=2,810568,false,84719,0.139,36,6,16384,0.421,36,6,true,7,0.026
dec-076,dec,d_b=8;m=2;gap=3;k=2;q=0;s=6,24,false,25,0.043,10,2,1,0.010,13,12,false,0,0.000
dec-076,dec,d_b=8;m=2;gap=3;k=2;q=0;s=6,24,false,25,0.043,10,2,2,0.014,13,12,false,0,0.000
dec-076,dec,d_b=8;m=2;gap=3;k=2;q=0;s=6,24,false,25,0.043,10,2,4,0.020,13,12,false,0,0.000
dec-076,dec,d_b=8;m=2;gap=3;k=2;q=0;s=6,24,false,25,0.043,10,2,8,0.036,13,12,false,0,0.000
dec-076,dec,d_b=8;m=2;gap=3;k=2;q=0;s=6,24,false,25,0.043,10,2,16,0.069,10,2,true,1,0.009
dec-076,dec,d_b=8;m=2;gap=3;k=2;q=0;s=6,24,false,25,0.043,10,2,32,0.067,10,2,true,1,0.008
dec-076,dec,d_b=8;m=2;gap=3;k=2;q=0;s=6,24,false,25,0.043,10,2,64,0.065,10,2,true,1,0.008
dec-076,dec,d_b=8;m=2;gap=3;k=2;q=0;s=6,24,false,25,0.043,10,2,128,0.064,10,2,true,1,0.008
dec-076,dec,d_b=8;m=2;gap=3;k=2;q=0;s=6,24,false,25,0.043,10,2,256,0.063,10,2,true,1,0.008
dec-076,dec,d_b=8;m=2;gap=3;k=2;q=0;s=6,24,false,25,0.043,10,2,512,0.063,10,2,true,1,0.008
dec-076,dec,d_b=8;m=2;gap=3;k=2;q=0;s=6,24,false,25,0.043,10,2,1024,0.062,10,2,true,1,0.007
dec-076,dec,d_b=8;m=2;gap=3;k=2;q=0;s=6,24,false,25,0.043,10,2,2048,0.062,10,2,true,1,0.008
dec-076,dec,d_b=8;m=2;gap=3;k=2;q=0;s=6,24,false,25,0.043,10,2,4096,0.062,10,2,true,1,0.007
dec-076,dec,d_b=8;m=2;gap=3;k=2;q=0;s=6,24,false,25,0.043,10,2,8192,0.062,10,2,true,1,0.007
dec-076,dec,d_b=8;m=2;gap=3;k=2;q=0;s=6,24,false,25,0.043,10,2,16384,0.062,10,2,true,1,0.007
mixed-025-1,mixed,seed=0xeb2b10d8259f7d44;cycles=8;planted=1;d_b=8;m=3;gap=2;k=2,810562,false,84679,0.077,21,4,1,0.046,24,22,false,1,0.017
mixed-025-1,mixed,seed=0xeb2b10d8259f7d44;cycles=8;planted=1;d_b=8;m=3;gap=2;k=2,810562,false,84679,0.077,21,4,2,0.042,24,22,false,1,0.013
mixed-025-1,mixed,seed=0xeb2b10d8259f7d44;cycles=8;planted=1;d_b=8;m=3;gap=2;k=2,810562,false,84679,0.077,21,4,4,0.054,24,22,false,1,0.012
mixed-025-1,mixed,seed=0xeb2b10d8259f7d44;cycles=8;planted=1;d_b=8;m=3;gap=2;k=2,810562,false,84679,0.077,21,4,8,0.071,24,22,false,1,0.012
mixed-025-1,mixed,seed=0xeb2b10d8259f7d44;cycles=8;planted=1;d_b=8;m=3;gap=2;k=2,810562,false,84679,0.077,21,4,16,0.120,21,4,false,1,0.012
mixed-025-1,mixed,seed=0xeb2b10d8259f7d44;cycles=8;planted=1;d_b=8;m=3;gap=2;k=2,810562,false,84679,0.077,21,4,32,0.144,21,4,true,2,0.017
mixed-025-1,mixed,seed=0xeb2b10d8259f7d44;cycles=8;planted=1;d_b=8;m=3;gap=2;k=2,810562,false,84679,0.077,21,4,64,0.141,21,4,true,2,0.017
mixed-025-1,mixed,seed=0xeb2b10d8259f7d44;cycles=8;planted=1;d_b=8;m=3;gap=2;k=2,810562,false,84679,0.077,21,4,128,0.139,21,4,true,2,0.016
mixed-025-1,mixed,seed=0xeb2b10d8259f7d44;cycles=8;planted=1;d_b=8;m=3;gap=2;k=2,810562,false,84679,0.077,21,4,256,0.138,21,4,true,2,0.016
mixed-025-1,mixed,seed=0xeb2b10d8259f7d44;cycles=8;planted=1;d_b=8;m=3;gap=2;k=2,810562,false,84679,0.077,21,4,512,0.136,21,4,true,2,0.016
mixed-025-1,mixed,seed=0xeb2b10d8259f7d44;cycles=8;planted=1;d_b=8;m=3;gap=2;k=2,810562,false,84679,0.077,21,4,1024,0.136,21,4,true,2,0.016
mixed-025-1,mixed,seed=0xeb2b10d8259f7d44;cycles=8;planted=1;d_b=8;m=3;gap=2;k=2,810562,false,84679,0.077,21,4,2048,0.136,21,4,true,2,0.016
mixed-025-1,mixed,seed=0xeb2b10d8259f7d44;cycles=8;planted=1;d_b=8;m=3;gap=2;k=2,810562,false,84679,0.077,21,4,4096,0.137,21,4,true,2,0.016
mixed-025-1,mixed,seed=0xeb2b10d8259f7d44;cycles=8;planted=1;d_b=8;m=3;gap=2;k=2,810562,false,84679,0.077,21,4,8192,0.135,21,4,true,2,0.016
mixed-025-1,mixed,seed=0xeb2b10d8259f7d44;cycles=8;planted=1;d_b=8;m=3;gap=2;k=2,810562,false,84679,0.077,21,4,16384,0.136,21,4,true,2,0.016
dec-077,dec,d_b=8;m=2;gap=3;k=4;q=0;s=6,40,false,41,0.065,10,2,1,0.011,13,12,false,0,0.000
dec-077,dec,d_b=8;m=2;gap=3;k=4;q=0;s=6,40,false,41,0.065,10,2,2,0.015,13,12,false,0,0.000
dec-077,dec,d_b=8;m=2;gap=3;k=4;q=0;s=6,40,false,41,0.065,10,2,4,0.021,13,12,false,0,0.000
dec-077,dec,d_b=8;m=2;gap=3;k=4;q=0;s=6,40,false,41,0.065,10,2,8,0.037,13,12,false,0,0.000
dec-077,dec,d_b=8;m=2;gap=3;k=4;q=0;s=6,40,false,41,0.065,10,2,16,0.073,10,2,false,0,0.000
dec-077,dec,d_b=8;m=2;gap=3;k=4;q=0;s=6,40,false,41,0.065,10,2,32,0.147,10,2,true,1,0.006
dec-077,dec,d_b=8;m=2;gap=3;k=4;q=0;s=6,40,false,41,0.065,10,2,64,0.142,10,2,true,1,0.006
dec-077,dec,d_b=8;m=2;gap=3;k=4;q=0;s=6,40,false,41,0.065,10,2,128,0.139,10,2,true,1,0.005
dec-077,dec,d_b=8;m=2;gap=3;k=4;q=0;s=6,40,false,41,0.065,10,2,256,0.139,10,2,true,1,0.005
dec-077,dec,d_b=8;m=2;gap=3;k=4;q=0;s=6,40,false,41,0.065,10,2,512,0.138,10,2,true,1,0.005
dec-077,dec,d_b=8;m=2;gap=3;k=4;q=0;s=6,40,false,41,0.065,10,2,1024,0.136,10,2,true,1,0.005
dec-077,dec,d_b=8;m=2;gap=3;k=4;q=0;s=6,40,false,41,0.065,10,2,2048,0.137,10,2,true,1,0.005
dec-077,dec,d_b=8;m=2;gap=3;k=4;q=0;s=6,40,false,41,0.065,10,2,4096,0.135,10,2,true,1,0.005
dec-077,dec,d_b=8;m=2;gap=3;k=4;q=0;s=6,40,false,41,0.065,10,2,8192,0.136,10,2,true,1,0.005
dec-077,dec,d_b=8;m=2;gap=3;k=4;q=0;s=6,40,false,41,0.065,10,2,16384,0.135,10,2,true,1,0.005
mixed-025-2,mixed,seed=0x6cd8c59b64c072d0;cycles=8;planted=1;d_b=8;m=3;gap=2;k=2,810566,false,84714,0.131,35,6,1,0.093,38,24,false,0,0.000
mixed-025-2,mixed,seed=0x6cd8c59b64c072d0;cycles=8;planted=1;d_b=8;m=3;gap=2;k=2,810566,false,84714,0.131,35,6,2,0.147,38,24,false,2,0.043
mixed-025-2,mixed,seed=0x6cd8c59b64c072d0;cycles=8;planted=1;d_b=8;m=3;gap=2;k=2,810566,false,84714,0.131,35,6,4,0.152,38,24,false,2,0.039
mixed-025-2,mixed,seed=0x6cd8c59b64c072d0;cycles=8;planted=1;d_b=8;m=3;gap=2;k=2,810566,false,84714,0.131,35,6,8,0.207,38,24,false,2,0.041
mixed-025-2,mixed,seed=0x6cd8c59b64c072d0;cycles=8;planted=1;d_b=8;m=3;gap=2;k=2,810566,false,84714,0.131,35,6,16,0.293,35,6,false,2,0.033
mixed-025-2,mixed,seed=0x6cd8c59b64c072d0;cycles=8;planted=1;d_b=8;m=3;gap=2;k=2,810566,false,84714,0.131,35,6,32,0.416,35,6,true,3,0.047
mixed-025-2,mixed,seed=0x6cd8c59b64c072d0;cycles=8;planted=1;d_b=8;m=3;gap=2;k=2,810566,false,84714,0.131,35,6,64,0.356,35,6,true,3,0.037
mixed-025-2,mixed,seed=0x6cd8c59b64c072d0;cycles=8;planted=1;d_b=8;m=3;gap=2;k=2,810566,false,84714,0.131,35,6,128,0.363,35,6,true,3,0.037
mixed-025-2,mixed,seed=0x6cd8c59b64c072d0;cycles=8;planted=1;d_b=8;m=3;gap=2;k=2,810566,false,84714,0.131,35,6,256,0.341,35,6,true,3,0.035
mixed-025-2,mixed,seed=0x6cd8c59b64c072d0;cycles=8;planted=1;d_b=8;m=3;gap=2;k=2,810566,false,84714,0.131,35,6,512,0.353,35,6,true,3,0.035
mixed-025-2,mixed,seed=0x6cd8c59b64c072d0;cycles=8;planted=1;d_b=8;m=3;gap=2;k=2,810566,false,84714,0.131,35,6,1024,0.339,35,6,true,3,0.035
mixed-025-2,mixed,seed=0x6cd8c59b64c072d0;cycles=8;planted=1;d_b=8;m=3;gap=2;k=2,810566,false,84714,0.131,35,6,2048,0.342,35,6,true,3,0.035
mixed-025-2,mixed,seed=0x6cd8c59b64c072d0;cycles=8;planted=1;d_b=8;m=3;gap=2;k=2,810566,false,84714,0.131,35,6,4096,0.337,35,6,true,3,0.035
mixed-025-2,mixed,seed=0x6cd8c59b64c072d0;cycles=8;planted=1;d_b=8;m=3;gap=2;k=2,810566,false,84714,0.131,35,6,8192,0.345,35,6,true,3,0.035
mixed-025-2,mixed,seed=0x6cd8c59b64c072d0;cycles=8;planted=1;d_b=8;m=3;gap=2;k=2,810566,false,84714,0.131,35,6,16384,0.336,35,6,true,3,0.034
dec-078,dec,d_b=8;m=2;gap=7;k=1;q=0;s=8,16,false,17,0.026,10,2,1,0.011,17,16,false,0,0.000
dec-078,dec,d_b=8;m=2;gap=7;k=1;q=0;s=8,16,false,17,0.026,10,2,2,0.029,10,2,true,1,0.013
dec-078,dec,d_b=8;m=2;gap=7;k=1;q=0;s=8,16,false,17,0.026,10,2,4,0.027,10,2,true,1,0.012
dec-078,dec,d_b=8;m=2;gap=7;k=1;q=0;s=8,16,false,17,0.026,10,2,8,0.026,10,2,true,1,0.011
dec-078,dec,d_b=8;m=2;gap=7;k=1;q=0;s=8,16,false,17,0.026,10,2,16,0.025,10,2,true,1,0.011
dec-078,dec,d_b=8;m=2;gap=7;k=1;q=0;s=8,16,false,17,0.026,10,2,32,0.025,10,2,true,1,0.011
dec-078,dec,d_b=8;m=2;gap=7;k=1;q=0;s=8,16,false,17,0.026,10,2,64,0.025,10,2,true,1,0.011
dec-078,dec,d_b=8;m=2;gap=7;k=1;q=0;s=8,16,false,17,0.026,10,2,128,0.025,10,2,true,1,0.011
dec-078,dec,d_b=8;m=2;gap=7;k=1;q=0;s=8,16,false,17,0.026,10,2,256,0.025,10,2,true,1,0.010
dec-078,dec,d_b=8;m=2;gap=7;k=1;q=0;s=8,16,false,17,0.026,10,2,512,0.026,10,2,true,1,0.012
dec-078,dec,d_b=8;m=2;gap=7;k=1;q=0;s=8,16,false,17,0.026,10,2,1024,0.025,10,2,true,1,0.010
dec-078,dec,d_b=8;m=2;gap=7;k=1;q=0;s=8,16,false,17,0.026,10,2,2048,0.025,10,2,true,1,0.010
dec-078,dec,d_b=8;m=2;gap=7;k=1;q=0;s=8,16,false,17,0.026,10,2,4096,0.024,10,2,true,1,0.010
dec-078,dec,d_b=8;m=2;gap=7;k=1;q=0;s=8,16,false,17,0.026,10,2,8192,0.025,10,2,true,1,0.010
dec-078,dec,d_b=8;m=2;gap=7;k=1;q=0;s=8,16,false,17,0.026,10,2,16384,0.024,10,2,true,1,0.010
mixed-026-0,mixed,seed=0x0d34ce020c164f1d;cycles=8;planted=1;d_b=12;m=2;gap=6;k=4,2670061,false,251870,0.179,24,10,1,0.121,31,28,false,1,0.019
mixed-026-0,mixed,seed=0x0d34ce020c164f1d;cycles=8;planted=1;d_b=12;m=2;gap=6;k=4,2670061,false,251870,0.179,24,10,2,0.205,31,28,false,5,0.068
mixed-026-0,mixed,seed=0x0d34ce020c164f1d;cycles=8;planted=1;d_b=12;m=2;gap=6;k=4,2670061,false,251870,0.179,24,10,4,0.203,31,28,false,5,0.063
mixed-026-0,mixed,seed=0x0d34ce020c164f1d;cycles=8;planted=1;d_b=12;m=2;gap=6;k=4,2670061,false,251870,0.179,24,10,8,0.243,31,28,false,5,0.061
mixed-026-0,mixed,seed=0x0d34ce020c164f1d;cycles=8;planted=1;d_b=12;m=2;gap=6;k=4,2670061,false,251870,0.179,24,10,16,0.342,31,28,false,5,0.062
mixed-026-0,mixed,seed=0x0d34ce020c164f1d;cycles=8;planted=1;d_b=12;m=2;gap=6;k=4,2670061,false,251870,0.179,24,10,32,0.570,24,10,false,5,0.061
mixed-026-0,mixed,seed=0x0d34ce020c164f1d;cycles=8;planted=1;d_b=12;m=2;gap=6;k=4,2670061,false,251870,0.179,24,10,64,0.937,24,10,true,6,0.064
mixed-026-0,mixed,seed=0x0d34ce020c164f1d;cycles=8;planted=1;d_b=12;m=2;gap=6;k=4,2670061,false,251870,0.179,24,10,128,0.926,24,10,true,6,0.065
mixed-026-0,mixed,seed=0x0d34ce020c164f1d;cycles=8;planted=1;d_b=12;m=2;gap=6;k=4,2670061,false,251870,0.179,24,10,256,0.912,24,10,true,6,0.064
mixed-026-0,mixed,seed=0x0d34ce020c164f1d;cycles=8;planted=1;d_b=12;m=2;gap=6;k=4,2670061,false,251870,0.179,24,10,512,0.906,24,10,true,6,0.063
mixed-026-0,mixed,seed=0x0d34ce020c164f1d;cycles=8;planted=1;d_b=12;m=2;gap=6;k=4,2670061,false,251870,0.179,24,10,1024,0.902,24,10,true,6,0.063
mixed-026-0,mixed,seed=0x0d34ce020c164f1d;cycles=8;planted=1;d_b=12;m=2;gap=6;k=4,2670061,false,251870,0.179,24,10,2048,0.900,24,10,true,6,0.062
mixed-026-0,mixed,seed=0x0d34ce020c164f1d;cycles=8;planted=1;d_b=12;m=2;gap=6;k=4,2670061,false,251870,0.179,24,10,4096,0.922,24,10,true,6,0.062
mixed-026-0,mixed,seed=0x0d34ce020c164f1d;cycles=8;planted=1;d_b=12;m=2;gap=6;k=4,2670061,false,251870,0.179,24,10,8192,0.910,24,10,true,6,0.062
mixed-026-0,mixed,seed=0x0d34ce020c164f1d;cycles=8;planted=1;d_b=12;m=2;gap=6;k=4,2670061,false,251870,0.179,24,10,16384,0.900,24,10,true,6,0.065
dec-079,dec,d_b=8;m=2;gap=7;k=2;q=0;s=8,24,false,25,0.035,10,2,1,0.012,17,16,false,0,0.000
dec-079,dec,d_b=8;m=2;gap=7;k=2;q=0;s=8,24,false,25,0.035,10,2,2,0.017,17,16,false,0,0.000
dec-079,dec,d_b=8;m=2;gap=7;k=2;q=0;s=8,24,false,25,0.035,10,2,4,0.033,10,2,false,0,0.000
dec-079,dec,d_b=8;m=2;gap=7;k=2;q=0;s=8,24,false,25,0.035,10,2,8,0.053,10,2,false,0,0.000
dec-079,dec,d_b=8;m=2;gap=7;k=2;q=0;s=8,24,false,25,0.035,10,2,16,0.087,10,2,true,1,0.007
dec-079,dec,d_b=8;m=2;gap=7;k=2;q=0;s=8,24,false,25,0.035,10,2,32,0.087,10,2,true,1,0.008
dec-079,dec,d_b=8;m=2;gap=7;k=2;q=0;s=8,24,false,25,0.035,10,2,64,0.083,10,2,true,1,0.006
dec-079,dec,d_b=8;m=2;gap=7;k=2;q=0;s=8,24,false,25,0.035,10,2,128,0.082,10,2,true,1,0.006
dec-079,dec,d_b=8;m=2;gap=7;k=2;q=0;s=8,24,false,25,0.035,10,2,256,0.081,10,2,true,1,0.006
dec-079,dec,d_b=8;m=2;gap=7;k=2;q=0;s=8,24,false,25,0.035,10,2,512,0.081,10,2,true,1,0.006
dec-079,dec,d_b=8;m=2;gap=7;k=2;q=0;s=8,24,false,25,0.035,10,2,1024,0.081,10,2,true,1,0.006
dec-079,dec,d_b=8;m=2;gap=7;k=2;q=0;s=8,24,false,25,0.035,10,2,2048,0.080,10,2,true,1,0.006
dec-079,dec,d_b=8;m=2;gap=7;k=2;q=0;s=8,24,false,25,0.035,10,2,4096,0.080,10,2,true,1,0.006
dec-079,dec,d_b=8;m=2;gap=7;k=2;q=0;s=8,24,false,25,0.035,10,2,8192,0.081,10,2,true,1,0.006
dec-079,dec,d_b=8;m=2;gap=7;k=2;q=0;s=8,24,false,25,0.035,10,2,16384,0.092,10,2,true,1,0.006
mixed-026-1,mixed,seed=0x4b2d5425dbfe78d4;cycles=8;planted=1;d_b=12;m=2;gap=6;k=4,1504832,false,152480,0.169,46,8,1,0.085,53,26,false,0,0.000
mixed-026-1,mixed,seed=0x4b2d5425dbfe78d4;cycles=8;planted=1;d_b=12;m=2;gap=6;k=4,1504832,false,152480,0.169,46,8,2,0.082,53,26,false,0,0.000
mixed-026-1,mixed,seed=0x4b2d5425dbfe78d4;cycles=8;planted=1;d_b=12;m=2;gap=6;k=4,1504832,false,152480,0.169,46,8,4,0.121,53,26,false,3,0.023
mixed-026-1,mixed,seed=0x4b2d5425dbfe78d4;cycles=8;planted=1;d_b=12;m=2;gap=6;k=4,1504832,false,152480,0.169,46,8,8,0.163,53,26,false,4,0.034
mixed-026-1,mixed,seed=0x4b2d5425dbfe78d4;cycles=8;planted=1;d_b=12;m=2;gap=6;k=4,1504832,false,152480,0.169,46,8,16,0.207,53,26,false,4,0.032
mixed-026-1,mixed,seed=0x4b2d5425dbfe78d4;cycles=8;planted=1;d_b=12;m=2;gap=6;k=4,1504832,false,152480,0.169,46,8,32,0.323,46,8,false,4,0.031
mixed-026-1,mixed,seed=0x4b2d5425dbfe78d4;cycles=8;planted=1;d_b=12;m=2;gap=6;k=4,1504832,false,152480,0.169,46,8,64,0.565,46,8,true,5,0.035
mixed-026-1,mixed,seed=0x4b2d5425dbfe78d4;cycles=8;planted=1;d_b=12;m=2;gap=6;k=4,1504832,false,152480,0.169,46,8,128,0.559,46,8,true,5,0.035
mixed-026-1,mixed,seed=0x4b2d5425dbfe78d4;cycles=8;planted=1;d_b=12;m=2;gap=6;k=4,1504832,false,152480,0.169,46,8,256,0.550,46,8,true,5,0.034
mixed-026-1,mixed,seed=0x4b2d5425dbfe78d4;cycles=8;planted=1;d_b=12;m=2;gap=6;k=4,1504832,false,152480,0.169,46,8,512,0.563,46,8,true,5,0.036
mixed-026-1,mixed,seed=0x4b2d5425dbfe78d4;cycles=8;planted=1;d_b=12;m=2;gap=6;k=4,1504832,false,152480,0.169,46,8,1024,0.546,46,8,true,5,0.034
mixed-026-1,mixed,seed=0x4b2d5425dbfe78d4;cycles=8;planted=1;d_b=12;m=2;gap=6;k=4,1504832,false,152480,0.169,46,8,2048,0.545,46,8,true,5,0.034
mixed-026-1,mixed,seed=0x4b2d5425dbfe78d4;cycles=8;planted=1;d_b=12;m=2;gap=6;k=4,1504832,false,152480,0.169,46,8,4096,0.553,46,8,true,5,0.034
mixed-026-1,mixed,seed=0x4b2d5425dbfe78d4;cycles=8;planted=1;d_b=12;m=2;gap=6;k=4,1504832,false,152480,0.169,46,8,8192,0.543,46,8,true,5,0.034
mixed-026-1,mixed,seed=0x4b2d5425dbfe78d4;cycles=8;planted=1;d_b=12;m=2;gap=6;k=4,1504832,false,152480,0.169,46,8,16384,0.543,46,8,true,5,0.034
dec-080,dec,d_b=8;m=2;gap=7;k=4;q=0;s=8,40,false,41,0.044,10,2,1,0.013,17,16,false,0,0.000
dec-080,dec,d_b=8;m=2;gap=7;k=4;q=0;s=8,40,false,41,0.044,10,2,2,0.018,17,16,false,0,0.000
dec-080,dec,d_b=8;m=2;gap=7;k=4;q=0;s=8,40,false,41,0.044,10,2,4,0.026,17,16,false,0,0.000
dec-080,dec,d_b=8;m=2;gap=7;k=4;q=0;s=8,40,false,41,0.044,10,2,8,0.055,10,2,false,0,0.000
dec-080,dec,d_b=8;m=2;gap=7;k=4;q=0;s=8,40,false,41,0.044,10,2,16,0.089,10,2,false,0,0.000
dec-080,dec,d_b=8;m=2;gap=7;k=4;q=0;s=8,40,false,41,0.044,10,2,32,0.163,10,2,false,0,0.000
dec-080,dec,d_b=8;m=2;gap=7;k=4;q=0;s=8,40,false,41,0.044,10,2,64,0.193,10,2,true,1,0.004
dec-080,dec,d_b=8;m=2;gap=7;k=4;q=0;s=8,40,false,41,0.044,10,2,128,0.192,10,2,true,1,0.004
dec-080,dec,d_b=8;m=2;gap=7;k=4;q=0;s=8,40,false,41,0.044,10,2,256,0.189,10,2,true,1,0.004
dec-080,dec,d_b=8;m=2;gap=7;k=4;q=0;s=8,40,false,41,0.044,10,2,512,0.190,10,2,true,1,0.004
dec-080,dec,d_b=8;m=2;gap=7;k=4;q=0;s=8,40,false,41,0.044,10,2,1024,0.186,10,2,true,1,0.004
dec-080,dec,d_b=8;m=2;gap=7;k=4;q=0;s=8,40,false,41,0.044,10,2,2048,0.188,10,2,true,1,0.004
dec-080,dec,d_b=8;m=2;gap=7;k=4;q=0;s=8,40,false,41,0.044,10,2,4096,0.186,10,2,true,1,0.003
dec-080,dec,d_b=8;m=2;gap=7;k=4;q=0;s=8,40,false,41,0.044,10,2,8192,0.198,10,2,true,1,0.004
dec-080,dec,d_b=8;m=2;gap=7;k=4;q=0;s=8,40,false,41,0.044,10,2,16384,0.186,10,2,true,1,0.003
mixed-026-2,mixed,seed=0x195afdffdaa88f0c;cycles=8;planted=1;d_b=12;m=2;gap=6;k=4,1501075,false,152229,0.185,33,6,1,0.138,40,24,false,1,0.020
mixed-026-2,mixed,seed=0x195afdffdaa88f0c;cycles=8;planted=1;d_b=12;m=2;gap=6;k=4,1501075,false,152229,0.185,33,6,2,0.153,40,24,false,1,0.017
mixed-026-2,mixed,seed=0x195afdffdaa88f0c;cycles=8;planted=1;d_b=12;m=2;gap=6;k=4,1501075,false,152229,0.185,33,6,4,0.175,40,24,false,1,0.014
mixed-026-2,mixed,seed=0x195afdffdaa88f0c;cycles=8;planted=1;d_b=12;m=2;gap=6;k=4,1501075,false,152229,0.185,33,6,8,0.246,40,24,false,2,0.026
mixed-026-2,mixed,seed=0x195afdffdaa88f0c;cycles=8;planted=1;d_b=12;m=2;gap=6;k=4,1501075,false,152229,0.185,33,6,16,0.343,40,24,false,2,0.026
mixed-026-2,mixed,seed=0x195afdffdaa88f0c;cycles=8;planted=1;d_b=12;m=2;gap=6;k=4,1501075,false,152229,0.185,33,6,32,0.565,33,6,false,2,0.027
mixed-026-2,mixed,seed=0x195afdffdaa88f0c;cycles=8;planted=1;d_b=12;m=2;gap=6;k=4,1501075,false,152229,0.185,33,6,64,1.002,33,6,true,3,0.032
mixed-026-2,mixed,seed=0x195afdffdaa88f0c;cycles=8;planted=1;d_b=12;m=2;gap=6;k=4,1501075,false,152229,0.185,33,6,128,1.050,33,6,true,3,0.036
mixed-026-2,mixed,seed=0x195afdffdaa88f0c;cycles=8;planted=1;d_b=12;m=2;gap=6;k=4,1501075,false,152229,0.185,33,6,256,0.995,33,6,true,3,0.029
mixed-026-2,mixed,seed=0x195afdffdaa88f0c;cycles=8;planted=1;d_b=12;m=2;gap=6;k=4,1501075,false,152229,0.185,33,6,512,0.978,33,6,true,3,0.029
mixed-026-2,mixed,seed=0x195afdffdaa88f0c;cycles=8;planted=1;d_b=12;m=2;gap=6;k=4,1501075,false,152229,0.185,33,6,1024,0.979,33,6,true,3,0.028
mixed-026-2,mixed,seed=0x195afdffdaa88f0c;cycles=8;planted=1;d_b=12;m=2;gap=6;k=4,1501075,false,152229,0.185,33,6,2048,0.959,33,6,true,3,0.028
mixed-026-2,mixed,seed=0x195afdffdaa88f0c;cycles=8;planted=1;d_b=12;m=2;gap=6;k=4,1501075,false,152229,0.185,33,6,4096,0.968,33,6,true,3,0.027
mixed-026-2,mixed,seed=0x195afdffdaa88f0c;cycles=8;planted=1;d_b=12;m=2;gap=6;k=4,1501075,false,152229,0.185,33,6,8192,0.950,33,6,true,3,0.027
mixed-026-2,mixed,seed=0x195afdffdaa88f0c;cycles=8;planted=1;d_b=12;m=2;gap=6;k=4,1501075,false,152229,0.185,33,6,16384,0.974,33,6,true,3,0.028
dec-081,dec,d_b=8;m=3;gap=1;k=1;q=1;s=9,16,false,18,0.046,18,2,1,0.012,19,18,false,0,0.000
dec-081,dec,d_b=8;m=3;gap=1;k=1;q=1;s=9,16,false,18,0.046,18,2,2,0.020,19,18,false,0,0.000
dec-081,dec,d_b=8;m=3;gap=1;k=1;q=1;s=9,16,false,18,0.046,18,2,4,0.052,18,2,true,1,0.022
dec-081,dec,d_b=8;m=3;gap=1;k=1;q=1;s=9,16,false,18,0.046,18,2,8,0.053,18,2,true,1,0.024
dec-081,dec,d_b=8;m=3;gap=1;k=1;q=1;s=9,16,false,18,0.046,18,2,16,0.046,18,2,true,1,0.019
dec-081,dec,d_b=8;m=3;gap=1;k=1;q=1;s=9,16,false,18,0.046,18,2,32,0.047,18,2,true,1,0.020
dec-081,dec,d_b=8;m=3;gap=1;k=1;q=1;s=9,16,false,18,0.046,18,2,64,0.048,18,2,true,1,0.021
dec-081,dec,d_b=8;m=3;gap=1;k=1;q=1;s=9,16,false,18,0.046,18,2,128,0.043,18,2,true,1,0.018
dec-081,dec,d_b=8;m=3;gap=1;k=1;q=1;s=9,16,false,18,0.046,18,2,256,0.045,18,2,true,1,0.019
dec-081,dec,d_b=8;m=3;gap=1;k=1;q=1;s=9,16,false,18,0.046,18,2,512,0.043,18,2,true,1,0.018
dec-081,dec,d_b=8;m=3;gap=1;k=1;q=1;s=9,16,false,18,0.046,18,2,1024,0.044,18,2,true,1,0.018
dec-081,dec,d_b=8;m=3;gap=1;k=1;q=1;s=9,16,false,18,0.046,18,2,2048,0.042,18,2,true,1,0.018
dec-081,dec,d_b=8;m=3;gap=1;k=1;q=1;s=9,16,false,18,0.046,18,2,4096,0.043,18,2,true,1,0.018
dec-081,dec,d_b=8;m=3;gap=1;k=1;q=1;s=9,16,false,18,0.046,18,2,8192,0.042,18,2,true,1,0.018
dec-081,dec,d_b=8;m=3;gap=1;k=1;q=1;s=9,16,false,18,0.046,18,2,16384,0.043,18,2,true,1,0.018
mixed-027-0,mixed,seed=0x4ca2ad15a90d3f32;cycles=8;planted=1;d_b=16;m=5;gap=2;k=1,2093872,false,206243,0.219,81,8,1,0.094,84,74,false,0,0.000
mixed-027-0,mixed,seed=0x4ca2ad15a90d3f32;cycles=8;planted=1;d_b=16;m=5;gap=2;k=1,2093872,false,206243,0.219,81,8,2,0.121,84,74,false,1,0.018
mixed-027-0,mixed,seed=0x4ca2ad15a90d3f32;cycles=8;planted=1;d_b=16;m=5;gap=2;k=1,2093872,false,206243,0.219,81,8,4,0.135,84,74,false,2,0.029
mixed-027-0,mixed,seed=0x4ca2ad15a90d3f32;cycles=8;planted=1;d_b=16;m=5;gap=2;k=1,2093872,false,206243,0.219,81,8,8,0.189,84,74,false,3,0.040
mixed-027-0,mixed,seed=0x4ca2ad15a90d3f32;cycles=8;planted=1;d_b=16;m=5;gap=2;k=1,2093872,false,206243,0.219,81,8,16,0.284,84,74,false,3,0.038
mixed-027-0,mixed,seed=0x4ca2ad15a90d3f32;cycles=8;planted=1;d_b=16;m=5;gap=2;k=1,2093872,false,206243,0.219,81,8,32,0.523,81,8,false,3,0.038
mixed-027-0,mixed,seed=0x4ca2ad15a90d3f32;cycles=8;planted=1;d_b=16;m=5;gap=2;k=1,2093872,false,206243,0.219,81,8,64,0.582,81,8,true,4,0.041
mixed-027-0,mixed,seed=0x4ca2ad15a90d3f32;cycles=8;planted=1;d_b=16;m=5;gap=2;k=1,2093872,false,206243,0.219,81,8,128,0.624,81,8,true,4,0.053
mixed-027-0,mixed,seed=0x4ca2ad15a90d3f32;cycles=8;planted=1;d_b=16;m=5;gap=2;k=1,2093872,false,206243,0.219,81,8,256,0.567,81,8,true,4,0.041
mixed-027-0,mixed,seed=0x4ca2ad15a90d3f32;cycles=8;planted=1;d_b=16;m=5;gap=2;k=1,2093872,false,206243,0.219,81,8,512,0.590,81,8,true,4,0.044
mixed-027-0,mixed,seed=0x4ca2ad15a90d3f32;cycles=8;planted=1;d_b=16;m=5;gap=2;k=1,2093872,false,206243,0.219,81,8,1024,0.558,81,8,true,4,0.040
mixed-027-0,mixed,seed=0x4ca2ad15a90d3f32;cycles=8;planted=1;d_b=16;m=5;gap=2;k=1,2093872,false,206243,0.219,81,8,2048,0.582,81,8,true,4,0.042
mixed-027-0,mixed,seed=0x4ca2ad15a90d3f32;cycles=8;planted=1;d_b=16;m=5;gap=2;k=1,2093872,false,206243,0.219,81,8,4096,0.556,81,8,true,4,0.039
mixed-027-0,mixed,seed=0x4ca2ad15a90d3f32;cycles=8;planted=1;d_b=16;m=5;gap=2;k=1,2093872,false,206243,0.219,81,8,8192,0.568,81,8,true,4,0.041
mixed-027-0,mixed,seed=0x4ca2ad15a90d3f32;cycles=8;planted=1;d_b=16;m=5;gap=2;k=1,2093872,false,206243,0.219,81,8,16384,0.559,81,8,true,4,0.040
dec-082,dec,d_b=8;m=3;gap=1;k=2;q=1;s=9,24,false,26,0.063,18,2,1,0.013,19,18,false,0,0.000
dec-082,dec,d_b=8;m=3;gap=1;k=2;q=1;s=9,24,false,26,0.063,18,2,2,0.017,19,18,false,0,0.000
dec-082,dec,d_b=8;m=3;gap=1;k=2;q=1;s=9,24,false,26,0.063,18,2,4,0.026,19,18,false,0,0.000
dec-082,dec,d_b=8;m=3;gap=1;k=2;q=1;s=9,24,false,26,0.063,18,2,8,0.047,19,18,false,0,0.000
dec-082,dec,d_b=8;m=3;gap=1;k=2;q=1;s=9,24,false,26,0.063,18,2,16,0.095,18,2,true,1,0.009
dec-082,dec,d_b=8;m=3;gap=1;k=2;q=1;s=9,24,false,26,0.063,18,2,32,0.095,18,2,true,1,0.009
dec-082,dec,d_b=8;m=3;gap=1;k=2;q=1;s=9,24,false,26,0.063,18,2,64,0.089,18,2,true,1,0.007
dec-082,dec,d_b=8;m=3;gap=1;k=2;q=1;s=9,24,false,26,0.063,18,2,128,0.090,18,2,true,1,0.007
dec-082,dec,d_b=8;m=3;gap=1;k=2;q=1;s=9,24,false,26,0.063,18,2,256,0.086,18,2,true,1,0.007
dec-082,dec,d_b=8;m=3;gap=1;k=2;q=1;s=9,24,false,26,0.063,18,2,512,0.089,18,2,true,1,0.007
dec-082,dec,d_b=8;m=3;gap=1;k=2;q=1;s=9,24,false,26,0.063,18,2,1024,0.085,18,2,true,1,0.006
dec-082,dec,d_b=8;m=3;gap=1;k=2;q=1;s=9,24,false,26,0.063,18,2,2048,0.090,18,2,true,1,0.007
dec-082,dec,d_b=8;m=3;gap=1;k=2;q=1;s=9,24,false,26,0.063,18,2,4096,0.085,18,2,true,1,0.006
dec-082,dec,d_b=8;m=3;gap=1;k=2;q=1;s=9,24,false,26,0.063,18,2,8192,0.086,18,2,true,1,0.006
dec-082,dec,d_b=8;m=3;gap=1;k=2;q=1;s=9,24,false,26,0.063,18,2,16384,0.085,18,2,true,1,0.006
mixed-027-1,mixed,seed=0xbab4389904d1dc7d;cycles=8;planted=1;d_b=16;m=5;gap=2;k=1,33,false,35,0.154,67,2,1,0.026,70,68,false,0,0.000
mixed-027-1,mixed,seed=0xbab4389904d1dc7d;cycles=8;planted=1;d_b=16;m=5;gap=2;k=1,33,false,35,0.154,67,2,2,0.029,70,68,false,0,0.000
mixed-027-1,mixed,seed=0xbab4389904d1dc7d;cycles=8;planted=1;d_b=16;m=5;gap=2;k=1,33,false,35,0.154,67,2,4,0.042,70,68,false,0,0.000
mixed-027-1,mixed,seed=0xbab4389904d1dc7d;cycles=8;planted=1;d_b=16;m=5;gap=2;k=1,33,false,35,0.154,67,2,8,0.079,70,68,false,0,0.000
mixed-027-1,mixed,seed=0xbab4389904d1dc7d;cycles=8;planted=1;d_b=16;m=5;gap=2;k=1,33,false,35,0.154,67,2,16,0.155,70,68,false,0,0.000
mixed-027-1,mixed,seed=0xbab4389904d1dc7d;cycles=8;planted=1;d_b=16;m=5;gap=2;k=1,33,false,35,0.154,67,2,32,0.346,67,2,true,1,0.004
mixed-027-1,mixed,seed=0xbab4389904d1dc7d;cycles=8;planted=1;d_b=16;m=5;gap=2;k=1,33,false,35,0.154,67,2,64,0.341,67,2,true,1,0.004
mixed-027-1,mixed,seed=0xbab4389904d1dc7d;cycles=8;planted=1;d_b=16;m=5;gap=2;k=1,33,false,35,0.154,67,2,128,0.341,67,2,true,1,0.003
mixed-027-1,mixed,seed=0xbab4389904d1dc7d;cycles=8;planted=1;d_b=16;m=5;gap=2;k=1,33,false,35,0.154,67,2,256,0.336,67,2,true,1,0.003
mixed-027-1,mixed,seed=0xbab4389904d1dc7d;cycles=8;planted=1;d_b=16;m=5;gap=2;k=1,33,false,35,0.154,67,2,512,0.336,67,2,true,1,0.003
mixed-027-1,mixed,seed=0xbab4389904d1dc7d;cycles=8;planted=1;d_b=16;m=5;gap=2;k=1,33,false,35,0.154,67,2,1024,0.364,67,2,true,1,0.004
mixed-027-1,mixed,seed=0xbab4389904d1dc7d;cycles=8;planted=1;d_b=16;m=5;gap=2;k=1,33,false,35,0.154,67,2,2048,0.341,67,2,true,1,0.003
mixed-027-1,mixed,seed=0xbab4389904d1dc7d;cycles=8;planted=1;d_b=16;m=5;gap=2;k=1,33,false,35,0.154,67,2,4096,0.364,67,2,true,1,0.005
mixed-027-1,mixed,seed=0xbab4389904d1dc7d;cycles=8;planted=1;d_b=16;m=5;gap=2;k=1,33,false,35,0.154,67,2,8192,0.333,67,2,true,1,0.003
mixed-027-1,mixed,seed=0xbab4389904d1dc7d;cycles=8;planted=1;d_b=16;m=5;gap=2;k=1,33,false,35,0.154,67,2,16384,0.336,67,2,true,1,0.004
dec-083,dec,d_b=8;m=3;gap=1;k=4;q=1;s=9,40,false,42,0.100,18,2,1,0.016,19,18,false,0,0.000
dec-083,dec,d_b=8;m=3;gap=1;k=4;q=1;s=9,40,false,42,0.100,18,2,2,0.018,19,18,false,0,0.000
dec-083,dec,d_b=8;m=3;gap=1;k=4;q=1;s=9,40,false,42,0.100,18,2,4,0.030,19,18,false,0,0.000
dec-083,dec,d_b=8;m=3;gap=1;k=4;q=1;s=9,40,false,42,0.100,18,2,8,0.048,19,18,false,0,0.000
dec-083,dec,d_b=8;m=3;gap=1;k=4;q=1;s=9,40,false,42,0.100,18,2,16,0.103,19,18,false,0,0.000
dec-083,dec,d_b=8;m=3;gap=1;k=4;q=1;s=9,40,false,42,0.100,18,2,32,0.187,18,2,false,0,0.000
dec-083,dec,d_b=8;m=3;gap=1;k=4;q=1;s=9,40,false,42,0.100,18,2,64,0.210,18,2,true,1,0.007
dec-083,dec,d_b=8;m=3;gap=1;k=4;q=1;s=9,40,false,42,0.100,18,2,128,0.211,18,2,true,1,0.005
dec-083,dec,d_b=8;m=3;gap=1;k=4;q=1;s=9,40,false,42,0.100,18,2,256,0.202,18,2,true,1,0.004
dec-083,dec,d_b=8;m=3;gap=1;k=4;q=1;s=9,40,false,42,0.100,18,2,512,0.200,18,2,true,1,0.004
dec-083,dec,d_b=8;m=3;gap=1;k=4;q=1;s=9,40,false,42,0.100,18,2,1024,0.198,18,2,true,1,0.004
dec-083,dec,d_b=8;m=3;gap=1;k=4;q=1;s=9,40,false,42,0.100,18,2,2048,0.196,18,2,true,1,0.004
dec-083,dec,d_b=8;m=3;gap=1;k=4;q=1;s=9,40,false,42,0.100,18,2,4096,0.197,18,2,true,1,0.004
dec-083,dec,d_b=8;m=3;gap=1;k=4;q=1;s=9,40,false,42,0.100,18,2,8192,0.193,18,2,true,1,0.003
dec-083,dec,d_b=8;m=3;gap=1;k=4;q=1;s=9,40,false,42,0.100,18,2,16384,0.196,18,2,true,1,0.004
mixed-027-2,mixed,seed=0x196e51ed5d668e58;cycles=8;planted=1;d_b=16;m=5;gap=2;k=1,2087787,false,205879,0.222,80,10,1,0.148,83,76,false,2,0.052
mixed-027-2,mixed,seed=0x196e51ed5d668e58;cycles=8;planted=1;d_b=16;m=5;gap=2;k=1,2087787,false,205879,0.222,80,10,2,0.139,83,76,false,2,0.041
mixed-027-2,mixed,seed=0x196e51ed5d668e58;cycles=8;planted=1;d_b=16;m=5;gap=2;k=1,2087787,false,205879,0.222,80,10,4,0.137,83,76,false,3,0.040
mixed-027-2,mixed,seed=0x196e51ed5d668e58;cycles=8;planted=1;d_b=16;m=5;gap=2;k=1,2087787,false,205879,0.222,80,10,8,0.196,83,76,false,3,0.040
mixed-027-2,mixed,seed=0x196e51ed5d668e58;cycles=8;planted=1;d_b=16;m=5;gap=2;k=1,2087787,false,205879,0.222,80,10,16,0.304,83,76,false,3,0.039
mixed-027-2,mixed,seed=0x196e51ed5d668e58;cycles=8;planted=1;d_b=16;m=5;gap=2;k=1,2087787,false,205879,0.222,80,10,32,0.561,80,10,false,3,0.039
mixed-027-2,mixed,seed=0x196e51ed5d668e58;cycles=8;planted=1;d_b=16;m=5;gap=2;k=1,2087787,false,205879,0.222,80,10,64,0.591,80,10,true,4,0.042
mixed-027-2,mixed,seed=0x196e51ed5d668e58;cycles=8;planted=1;d_b=16;m=5;gap=2;k=1,2087787,false,205879,0.222,80,10,128,0.580,80,10,true,4,0.042
mixed-027-2,mixed,seed=0x196e51ed5d668e58;cycles=8;planted=1;d_b=16;m=5;gap=2;k=1,2087787,false,205879,0.222,80,10,256,0.630,80,10,true,4,0.049
mixed-027-2,mixed,seed=0x196e51ed5d668e58;cycles=8;planted=1;d_b=16;m=5;gap=2;k=1,2087787,false,205879,0.222,80,10,512,0.584,80,10,true,4,0.041
mixed-027-2,mixed,seed=0x196e51ed5d668e58;cycles=8;planted=1;d_b=16;m=5;gap=2;k=1,2087787,false,205879,0.222,80,10,1024,0.575,80,10,true,4,0.041
mixed-027-2,mixed,seed=0x196e51ed5d668e58;cycles=8;planted=1;d_b=16;m=5;gap=2;k=1,2087787,false,205879,0.222,80,10,2048,0.579,80,10,true,4,0.041
mixed-027-2,mixed,seed=0x196e51ed5d668e58;cycles=8;planted=1;d_b=16;m=5;gap=2;k=1,2087787,false,205879,0.222,80,10,4096,0.571,80,10,true,4,0.041
mixed-027-2,mixed,seed=0x196e51ed5d668e58;cycles=8;planted=1;d_b=16;m=5;gap=2;k=1,2087787,false,205879,0.222,80,10,8192,0.577,80,10,true,4,0.041
mixed-027-2,mixed,seed=0x196e51ed5d668e58;cycles=8;planted=1;d_b=16;m=5;gap=2;k=1,2087787,false,205879,0.222,80,10,16384,0.568,80,10,true,4,0.041
dec-084,dec,d_b=8;m=3;gap=3;k=1;q=1;s=10,16,false,18,0.046,18,2,1,0.012,21,20,false,0,0.000
dec-084,dec,d_b=8;m=3;gap=3;k=1;q=1;s=10,16,false,18,0.046,18,2,2,0.020,21,20,false,0,0.000
dec-084,dec,d_b=8;m=3;gap=3;k=1;q=1;s=10,16,false,18,0.046,18,2,4,0.029,21,20,false,0,0.000
dec-084,dec,d_b=8;m=3;gap=3;k=1;q=1;s=10,16,false,18,0.046,18,2,8,0.055,18,2,true,1,0.016
dec-084,dec,d_b=8;m=3;gap=3;k=1;q=1;s=10,16,false,18,0.046,18,2,16,0.053,18,2,true,1,0.015
dec-084,dec,d_b=8;m=3;gap=3;k=1;q=1;s=10,16,false,18,0.046,18,2,32,0.049,18,2,true,1,0.013
dec-084,dec,d_b=8;m=3;gap=3;k=1;q=1;s=10,16,false,18,0.046,18,2,64,0.049,18,2,true,1,0.013
dec-084,dec,d_b=8;m=3;gap=3;k=1;q=1;s=10,16,false,18,0.046,18,2,128,0.047,18,2,true,1,0.013
dec-084,dec,d_b=8;m=3;gap=3;k=1;q=1;s=10,16,false,18,0.046,18,2,256,0.047,18,2,true,1,0.013
dec-084,dec,d_b=8;m=3;gap=3;k=1;q=1;s=10,16,false,18,0.046,18,2,512,0.046,18,2,true,1,0.012
dec-084,dec,d_b=8;m=3;gap=3;k=1;q=1;s=10,16,false,18,0.046,18,2,1024,0.050,18,2,true,1,0.014
dec-084,dec,d_b=8;m=3;gap=3;k=1;q=1;s=10,16,false,18,0.046,18,2,2048,0.070,18,2,true,1,0.019
dec-084,dec,d_b=8;m=3;gap=3;k=1;q=1;s=10,16,false,18,0.046,18,2,4096,0.050,18,2,true,1,0.013
dec-084,dec,d_b=8;m=3;gap=3;k=1;q=1;s=10,16,false,18,0.046,18,2,8192,0.064,18,2,true,1,0.019
dec-084,dec,d_b=8;m=3;gap=3;k=1;q=1;s=10,16,false,18,0.046,18,2,16384,0.047,18,2,true,1,0.012
mixed-028-0,mixed,seed=0xd0cd8d47a65957a7;cycles=8;planted=2;d_b=4;m=2;gap=1;k=2,810566,false,84686,0.076,21,8,1,0.118,21,8,true,2,0.069
mixed-028-0,mixed,seed=0xd0cd8d47a65957a7;cycles=8;planted=2;d_b=4;m=2;gap=1;k=2,810566,false,84686,0.076,21,8,2,0.103,21,8,true,2,0.063
mixed-028-0,mixed,seed=0xd0cd8d47a65957a7;cycles=8;planted=2;d_b=4;m=2;gap=1;k=2,810566,false,84686,0.076,21,8,4,0.088,21,8,true,2,0.055
mixed-028-0,mixed,seed=0xd0cd8d47a65957a7;cycles=8;planted=2;d_b=4;m=2;gap=1;k=2,810566,false,84686,0.076,21,8,8,0.086,21,8,true,2,0.054
mixed-028-0,mixed,seed=0xd0cd8d47a65957a7;cycles=8;planted=2;d_b=4;m=2;gap=1;k=2,810566,false,84686,0.076,21,8,16,0.080,21,8,true,2,0.050
mixed-028-0,mixed,seed=0xd0cd8d47a65957a7;cycles=8;planted=2;d_b=4;m=2;gap=1;k=2,810566,false,84686,0.076,21,8,32,0.081,21,8,true,2,0.051
mixed-028-0,mixed,seed=0xd0cd8d47a65957a7;cycles=8;planted=2;d_b=4;m=2;gap=1;k=2,810566,false,84686,0.076,21,8,64,0.079,21,8,true,2,0.050
mixed-028-0,mixed,seed=0xd0cd8d47a65957a7;cycles=8;planted=2;d_b=4;m=2;gap=1;k=2,810566,false,84686,0.076,21,8,128,0.079,21,8,true,2,0.050
mixed-028-0,mixed,seed=0xd0cd8d47a65957a7;cycles=8;planted=2;d_b=4;m=2;gap=1;k=2,810566,false,84686,0.076,21,8,256,0.077,21,8,true,2,0.049
mixed-028-0,mixed,seed=0xd0cd8d47a65957a7;cycles=8;planted=2;d_b=4;m=2;gap=1;k=2,810566,false,84686,0.076,21,8,512,0.078,21,8,true,2,0.049
mixed-028-0,mixed,seed=0xd0cd8d47a65957a7;cycles=8;planted=2;d_b=4;m=2;gap=1;k=2,810566,false,84686,0.076,21,8,1024,0.077,21,8,true,2,0.049
mixed-028-0,mixed,seed=0xd0cd8d47a65957a7;cycles=8;planted=2;d_b=4;m=2;gap=1;k=2,810566,false,84686,0.076,21,8,2048,0.078,21,8,true,2,0.049
mixed-028-0,mixed,seed=0xd0cd8d47a65957a7;cycles=8;planted=2;d_b=4;m=2;gap=1;k=2,810566,false,84686,0.076,21,8,4096,0.077,21,8,true,2,0.048
mixed-028-0,mixed,seed=0xd0cd8d47a65957a7;cycles=8;planted=2;d_b=4;m=2;gap=1;k=2,810566,false,84686,0.076,21,8,8192,0.078,21,8,true,2,0.049
mixed-028-0,mixed,seed=0xd0cd8d47a65957a7;cycles=8;planted=2;d_b=4;m=2;gap=1;k=2,810566,false,84686,0.076,21,8,16384,0.076,21,8,true,2,0.048
dec-085,dec,d_b=8;m=3;gap=3;k=2;q=1;s=10,24,false,26,0.065,18,2,1,0.012,21,20,false,0,0.000
dec-085,dec,d_b=8;m=3;gap=3;k=2;q=1;s=10,24,false,26,0.065,18,2,2,0.018,21,20,false,0,0.000
dec-085,dec,d_b=8;m=3;gap=3;k=2;q=1;s=10,24,false,26,0.065,18,2,4,0.028,21,20,false,0,0.000
dec-085,dec,d_b=8;m=3;gap=3;k=2;q=1;s=10,24,false,26,0.065,18,2,8,0.049,21,20,false,0,0.000
dec-085,dec,d_b=8;m=3;gap=3;k=2;q=1;s=10,24,false,26,0.065,18,2,16,0.098,18,2,false,0,0.000
dec-085,dec,d_b=8;m=3;gap=3;k=2;q=1;s=10,24,false,26,0.065,18,2,32,0.114,18,2,true,1,0.006
dec-085,dec,d_b=8;m=3;gap=3;k=2;q=1;s=10,24,false,26,0.065,18,2,64,0.112,18,2,true,1,0.005
dec-085,dec,d_b=8;m=3;gap=3;k=2;q=1;s=10,24,false,26,0.065,18,2,128,0.109,18,2,true,1,0.005
dec-085,dec,d_b=8;m=3;gap=3;k=2;q=1;s=10,24,false,26,0.065,18,2,256,0.109,18,2,true,1,0.005
dec-085,dec,d_b=8;m=3;gap=3;k=2;q=1;s=10,24,false,26,0.065,18,2,512,0.106,18,2,true,1,0.005
dec-085,dec,d_b=8;m=3;gap=3;k=2;q=1;s=10,24,false,26,0.065,18,2,1024,0.107,18,2,true,1,0.005
dec-085,dec,d_b=8;m=3;gap=3;k=2;q=1;s=10,24,false,26,0.065,18,2,2048,0.106,18,2,true,1,0.004
dec-085,dec,d_b=8;m=3;gap=3;k=2;q=1;s=10,24,false,26,0.065,18,2,4096,0.107,18,2,true,1,0.005
dec-085,dec,d_b=8;m=3;gap=3;k=2;q=1;s=10,24,false,26,0.065,18,2,8192,0.105,18,2,true,1,0.004
dec-085,dec,d_b=8;m=3;gap=3;k=2;q=1;s=10,24,false,26,0.065,18,2,16384,0.106,18,2,true,1,0.004
mixed-028-1,mixed,seed=0x2d7527bc1320e6fe;cycles=8;planted=2;d_b=4;m=2;gap=1;k=2,1939065,false,190552,0.200,44,12,1,0.395,44,12,true,4,0.134
mixed-028-1,mixed,seed=0x2d7527bc1320e6fe;cycles=8;planted=2;d_b=4;m=2;gap=1;k=2,1939065,false,190552,0.200,44,12,2,0.358,44,12,true,4,0.126
mixed-028-1,mixed,seed=0x2d7527bc1320e6fe;cycles=8;planted=2;d_b=4;m=2;gap=1;k=2,1939065,false,190552,0.200,44,12,4,0.323,44,12,true,4,0.116
mixed-028-1,mixed,seed=0x2d7527bc1320e6fe;cycles=8;planted=2;d_b=4;m=2;gap=1;k=2,1939065,false,190552,0.200,44,12,8,0.311,44,12,true,4,0.112
mixed-028-1,mixed,seed=0x2d7527bc1320e6fe;cycles=8;planted=2;d_b=4;m=2;gap=1;k=2,1939065,false,190552,0.200,44,12,16,0.291,44,12,true,4,0.105
mixed-028-1,mixed,seed=0x2d7527bc1320e6fe;cycles=8;planted=2;d_b=4;m=2;gap=1;k=2,1939065,false,190552,0.200,44,12,32,0.296,44,12,true,4,0.106
mixed-028-1,mixed,seed=0x2d7527bc1320e6fe;cycles=8;planted=2;d_b=4;m=2;gap=1;k=2,1939065,false,190552,0.200,44,12,64,0.279,44,12,true,4,0.100
mixed-028-1,mixed,seed=0x2d7527bc1320e6fe;cycles=8;planted=2;d_b=4;m=2;gap=1;k=2,1939065,false,190552,0.200,44,12,128,0.290,44,12,true,4,0.104
mixed-028-1,mixed,seed=0x2d7527bc1320e6fe;cycles=8;planted=2;d_b=4;m=2;gap=1;k=2,1939065,false,190552,0.200,44,12,256,0.282,44,12,true,4,0.100
mixed-028-1,mixed,seed=0x2d7527bc1320e6fe;cycles=8;planted=2;d_b=4;m=2;gap=1;k=2,1939065,false,190552,0.200,44,12,512,0.368,44,12,true,4,0.130
mixed-028-1,mixed,seed=0x2d7527bc1320e6fe;cycles=8;planted=2;d_b=4;m=2;gap=1;k=2,1939065,false,190552,0.200,44,12,1024,0.299,44,12,true,4,0.106
mixed-028-1,mixed,seed=0x2d7527bc1320e6fe;cycles=8;planted=2;d_b=4;m=2;gap=1;k=2,1939065,false,190552,0.200,44,12,2048,0.290,44,12,true,4,0.104
mixed-028-1,mixed,seed=0x2d7527bc1320e6fe;cycles=8;planted=2;d_b=4;m=2;gap=1;k=2,1939065,false,190552,0.200,44,12,4096,0.280,44,12,true,4,0.101
mixed-028-1,mixed,seed=0x2d7527bc1320e6fe;cycles=8;planted=2;d_b=4;m=2;gap=1;k=2,1939065,false,190552,0.200,44,12,8192,0.285,44,12,true,4,0.102
mixed-028-1,mixed,seed=0x2d7527bc1320e6fe;cycles=8;planted=2;d_b=4;m=2;gap=1;k=2,1939065,false,190552,0.200,44,12,16384,0.287,44,12,true,4,0.105
dec-086,dec,d_b=8;m=3;gap=3;k=4;q=1;s=10,40,false,42,0.105,18,2,1,0.017,21,20,false,0,0.000
dec-086,dec,d_b=8;m=3;gap=3;k=4;q=1;s=10,40,false,42,0.105,18,2,2,0.022,21,20,false,0,0.000
dec-086,dec,d_b=8;m=3;gap=3;k=4;q=1;s=10,40,false,42,0.105,18,2,4,0.031,21,20,false,0,0.000
dec-086,dec,d_b=8;m=3;gap=3;k=4;q=1;s=10,40,false,42,0.105,18,2,8,0.054,21,20,false,0,0.000
dec-086,dec,d_b=8;m=3;gap=3;k=4;q=1;s=10,40,false,42,0.105,18,2,16,0.102,18,2,false,0,0.000
dec-086,dec,d_b=8;m=3;gap=3;k=4;q=1;s=10,40,false,42,0.105,18,2,32,0.194,18,2,false,0,0.000
dec-086,dec,d_b=8;m=3;gap=3;k=4;q=1;s=10,40,false,42,0.105,18,2,64,0.223,18,2,true,1,0.005
dec-086,dec,d_b=8;m=3;gap=3;k=4;q=1;s=10,40,false,42,0.105,18,2,128,0.218,18,2,true,1,0.005
dec-086,dec,d_b=8;m=3;gap=3;k=4;q=1;s=10,40,false,42,0.105,18,2,256,0.223,18,2,true,1,0.005
dec-086,dec,d_b=8;m=3;gap=3;k=4;q=1;s=10,40,false,42,0.105,18,2,512,0.256,18,2,true,1,0.006
dec-086,dec,d_b=8;m=3;gap=3;k=4;q=1;s=10,40,false,42,0.105,18,2,1024,0.240,18,2,true,1,0.007
dec-086,dec,d_b=8;m=3;gap=3;k=4;q=1;s=10,40,false,42,0.105,18,2,2048,0.220,18,2,true,1,0.005
dec-086,dec,d_b=8;m=3;gap=3;k=4;q=1;s=10,40,false,42,0.105,18,2,4096,0.212,18,2,true,1,0.004
dec-086,dec,d_b=8;m=3;gap=3;k=4;q=1;s=10,40,false,42,0.105,18,2,8192,0.211,18,2,true,1,0.004
dec-086,dec,d_b=8;m=3;gap=3;k=4;q=1;s=10,40,false,42,0.105,18,2,16384,0.208,18,2,true,1,0.004
mixed-028-2,mixed,seed=0xa642ebc833a15f84;cycles=8;planted=2;d_b=4;m=2;gap=1;k=2,810566,false,84688,0.077,25,12,1,0.122,25,12,true,2,0.071
mixed-028-2,mixed,seed=0xa642ebc833a15f84;cycles=8;planted=2;d_b=4;m=2;gap=1;k=2,810566,false,84688,0.077,25,12,2,0.109,25,12,true,2,0.066
mixed-028-2,mixed,seed=0xa642ebc833a15f84;cycles=8;planted=2;d_b=4;m=2;gap=1;k=2,810566,false,84688,0.077,25,12,4,0.092,25,12,true,2,0.057
mixed-028-2,mixed,seed=0xa642ebc833a15f84;cycles=8;planted=2;d_b=4;m=2;gap=1;k=2,810566,false,84688,0.077,25,12,8,0.090,25,12,true,2,0.056
mixed-028-2,mixed,seed=0xa642ebc833a15f84;cycles=8;planted=2;d_b=4;m=2;gap=1;k=2,810566,false,84688,0.077,25,12,16,0.084,25,12,true,2,0.052
mixed-028-2,mixed,seed=0xa642ebc833a15f84;cycles=8;planted=2;d_b=4;m=2;gap=1;k=2,810566,false,84688,0.077,25,12,32,0.082,25,12,true,2,0.052
mixed-028-2,mixed,seed=0xa642ebc833a15f84;cycles=8;planted=2;d_b=4;m=2;gap=1;k=2,810566,false,84688,0.077,25,12,64,0.082,25,12,true,2,0.051
mixed-028-2,mixed,seed=0xa642ebc833a15f84;cycles=8;planted=2;d_b=4;m=2;gap=1;k=2,810566,false,84688,0.077,25,12,128,0.081,25,12,true,2,0.051
mixed-028-2,mixed,seed=0xa642ebc833a15f84;cycles=8;planted=2;d_b=4;m=2;gap=1;k=2,810566,false,84688,0.077,25,12,256,0.081,25,12,true,2,0.051
mixed-028-2,mixed,seed=0xa642ebc833a15f84;cycles=8;planted=2;d_b=4;m=2;gap=1;k=2,810566,false,84688,0.077,25,12,512,0.079,25,12,true,2,0.050
mixed-028-2,mixed,seed=0xa642ebc833a15f84;cycles=8;planted=2;d_b=4;m=2;gap=1;k=2,810566,false,84688,0.077,25,12,1024,0.081,25,12,true,2,0.051
mixed-028-2,mixed,seed=0xa642ebc833a15f84;cycles=8;planted=2;d_b=4;m=2;gap=1;k=2,810566,false,84688,0.077,25,12,2048,0.079,25,12,true,2,0.049
mixed-028-2,mixed,seed=0xa642ebc833a15f84;cycles=8;planted=2;d_b=4;m=2;gap=1;k=2,810566,false,84688,0.077,25,12,4096,0.081,25,12,true,2,0.051
mixed-028-2,mixed,seed=0xa642ebc833a15f84;cycles=8;planted=2;d_b=4;m=2;gap=1;k=2,810566,false,84688,0.077,25,12,8192,0.079,25,12,true,2,0.050
mixed-028-2,mixed,seed=0xa642ebc833a15f84;cycles=8;planted=2;d_b=4;m=2;gap=1;k=2,810566,false,84688,0.077,25,12,16384,0.081,25,12,true,2,0.051
dec-087,dec,d_b=8;m=3;gap=7;k=1;q=1;s=12,16,false,18,0.043,18,2,1,0.013,25,24,false,0,0.000
dec-087,dec,d_b=8;m=3;gap=7;k=1;q=1;s=12,16,false,18,0.043,18,2,2,0.022,25,24,false,0,0.000
dec-087,dec,d_b=8;m=3;gap=7;k=1;q=1;s=12,16,false,18,0.043,18,2,4,0.036,18,2,false,0,0.000
dec-087,dec,d_b=8;m=3;gap=7;k=1;q=1;s=12,16,false,18,0.043,18,2,8,0.069,18,2,true,1,0.010
dec-087,dec,d_b=8;m=3;gap=7;k=1;q=1;s=12,16,false,18,0.043,18,2,16,0.065,18,2,true,1,0.009
dec-087,dec,d_b=8;m=3;gap=7;k=1;q=1;s=12,16,false,18,0.043,18,2,32,0.063,18,2,true,1,0.008
dec-087,dec,d_b=8;m=3;gap=7;k=1;q=1;s=12,16,false,18,0.043,18,2,64,0.060,18,2,true,1,0.008
dec-087,dec,d_b=8;m=3;gap=7;k=1;q=1;s=12,16,false,18,0.043,18,2,128,0.059,18,2,true,1,0.008
dec-087,dec,d_b=8;m=3;gap=7;k=1;q=1;s=12,16,false,18,0.043,18,2,256,0.058,18,2,true,1,0.008
dec-087,dec,d_b=8;m=3;gap=7;k=1;q=1;s=12,16,false,18,0.043,18,2,512,0.058,18,2,true,1,0.008
dec-087,dec,d_b=8;m=3;gap=7;k=1;q=1;s=12,16,false,18,0.043,18,2,1024,0.057,18,2,true,1,0.007
dec-087,dec,d_b=8;m=3;gap=7;k=1;q=1;s=12,16,false,18,0.043,18,2,2048,0.059,18,2,true,1,0.008
dec-087,dec,d_b=8;m=3;gap=7;k=1;q=1;s=12,16,false,18,0.043,18,2,4096,0.057,18,2,true,1,0.007
dec-087,dec,d_b=8;m=3;gap=7;k=1;q=1;s=12,16,false,18,0.043,18,2,8192,0.058,18,2,true,1,0.007
dec-087,dec,d_b=8;m=3;gap=7;k=1;q=1;s=12,16,false,18,0.043,18,2,16384,0.057,18,2,true,1,0.007
mixed-029-0,mixed,seed=0x9a3850cfde5c4678;cycles=8;planted=2;d_b=8;m=3;gap=2;k=2,25,false,27,0.065,19,2,1,0.015,22,20,false,0,0.000
mixed-029-0,mixed,seed=0x9a3850cfde5c4678;cycles=8;planted=2;d_b=8;m=3;gap=2;k=2,25,false,27,0.065,19,2,2,0.016,22,20,false,0,0.000
mixed-029-0,mixed,seed=0x9a3850cfde5c4678;cycles=8;planted=2;d_b=8;m=3;gap=2;k=2,25,false,27,0.065,19,2,4,0.029,22,20,false,0,0.000
mixed-029-0,mixed,seed=0x9a3850cfde5c4678;cycles=8;planted=2;d_b=8;m=3;gap=2;k=2,25,false,27,0.065,19,2,8,0.047,22,20,false,0,0.000
mixed-029-0,mixed,seed=0x9a3850cfde5c4678;cycles=8;planted=2;d_b=8;m=3;gap=2;k=2,25,false,27,0.065,19,2,16,0.097,19,2,false,0,0.000
mixed-029-0,mixed,seed=0x9a3850cfde5c4678;cycles=8;planted=2;d_b=8;m=3;gap=2;k=2,25,false,27,0.065,19,2,32,0.123,19,2,true,1,0.005
mixed-029-0,mixed,seed=0x9a3850cfde5c4678;cycles=8;planted=2;d_b=8;m=3;gap=2;k=2,25,false,27,0.065,19,2,64,0.120,19,2,true,1,0.005
mixed-029-0,mixed,seed=0x9a3850cfde5c4678;cycles=8;planted=2;d_b=8;m=3;gap=2;k=2,25,false,27,0.065,19,2,128,0.116,19,2,true,1,0.005
mixed-029-0,mixed,seed=0x9a3850cfde5c4678;cycles=8;planted=2;d_b=8;m=3;gap=2;k=2,25,false,27,0.065,19,2,256,0.118,19,2,true,1,0.005
mixed-029-0,mixed,seed=0x9a3850cfde5c4678;cycles=8;planted=2;d_b=8;m=3;gap=2;k=2,25,false,27,0.065,19,2,512,0.115,19,2,true,1,0.004
mixed-029-0,mixed,seed=0x9a3850cfde5c4678;cycles=8;planted=2;d_b=8;m=3;gap=2;k=2,25,false,27,0.065,19,2,1024,0.117,19,2,true,1,0.005
mixed-029-0,mixed,seed=0x9a3850cfde5c4678;cycles=8;planted=2;d_b=8;m=3;gap=2;k=2,25,false,27,0.065,19,2,2048,0.143,19,2,true,1,0.009
mixed-029-0,mixed,seed=0x9a3850cfde5c4678;cycles=8;planted=2;d_b=8;m=3;gap=2;k=2,25,false,27,0.065,19,2,4096,0.115,19,2,true,1,0.005
mixed-029-0,mixed,seed=0x9a3850cfde5c4678;cycles=8;planted=2;d_b=8;m=3;gap=2;k=2,25,false,27,0.065,19,2,8192,0.116,19,2,true,1,0.005
mixed-029-0,mixed,seed=0x9a3850cfde5c4678;cycles=8;planted=2;d_b=8;m=3;gap=2;k=2,25,false,27,0.065,19,2,16384,0.114,19,2,true,1,0.004
dec-088,dec,d_b=8;m=3;gap=7;k=2;q=1;s=12,24,false,26,0.056,18,2,1,0.013,25,24,false,0,0.000
dec-088,dec,d_b=8;m=3;gap=7;k=2;q=1;s=12,24,false,26,0.056,18,2,2,0.018,25,24,false,0,0.000
dec-088,dec,d_b=8;m=3;gap=7;k=2;q=1;s=12,24,false,26,0.056,18,2,4,0.028,25,24,false,0,0.000
dec-088,dec,d_b=8;m=3;gap=7;k=2;q=1;s=12,24,false,26,0.056,18,2,8,0.056,18,2,false,0,0.000
dec-088,dec,d_b=8;m=3;gap=7;k=2;q=1;s=12,24,false,26,0.056,18,2,16,0.103,18,2,false,0,0.000
dec-088,dec,d_b=8;m=3;gap=7;k=2;q=1;s=12,24,false,26,0.056,18,2,32,0.118,18,2,true,1,0.005
dec-088,dec,d_b=8;m=3;gap=7;k=2;q=1;s=12,24,false,26,0.056,18,2,64,0.117,18,2,true,1,0.005
dec-088,dec,d_b=8;m=3;gap=7;k=2;q=1;s=12,24,false,26,0.056,18,2,128,0.116,18,2,true,1,0.005
dec-088,dec,d_b=8;m=3;gap=7;k=2;q=1;s=12,24,false,26,0.056,18,2,256,0.116,18,2,true,1,0.004
dec-088,dec,d_b=8;m=3;gap=7;k=2;q=1;s=12,24,false,26,0.056,18,2,512,0.114,18,2,true,1,0.004
dec-088,dec,d_b=8;m=3;gap=7;k=2;q=1;s=12,24,false,26,0.056,18,2,1024,0.124,18,2,true,1,0.004
dec-088,dec,d_b=8;m=3;gap=7;k=2;q=1;s=12,24,false,26,0.056,18,2,2048,0.113,18,2,true,1,0.004
dec-088,dec,d_b=8;m=3;gap=7;k=2;q=1;s=12,24,false,26,0.056,18,2,4096,0.114,18,2,true,1,0.005
dec-088,dec,d_b=8;m=3;gap=7;k=2;q=1;s=12,24,false,26,0.056,18,2,8192,0.114,18,2,true,1,0.004
dec-088,dec,d_b=8;m=3;gap=7;k=2;q=1;s=12,24,false,26,0.056,18,2,16384,0.114,18,2,true,1,0.004
mixed-029-1,mixed,seed=0xc049ee76ccb092c7;cycles=8;planted=2;d_b=8;m=3;gap=2;k=2,49,false,53,0.116,37,4,1,0.021,43,40,false,0,0.000
mixed-029-1,mixed,seed=0xc049ee76ccb092c7;cycles=8;planted=2;d_b=8;m=3;gap=2;k=2,49,false,53,0.116,37,4,2,0.022,43,40,false,0,0.000
mixed-029-1,mixed,seed=0xc049ee76ccb092c7;cycles=8;planted=2;d_b=8;m=3;gap=2;k=2,49,false,53,0.116,37,4,4,0.029,43,40,false,0,0.000
mixed-029-1,mixed,seed=0xc049ee76ccb092c7;cycles=8;planted=2;d_b=8;m=3;gap=2;k=2,49,false,53,0.116,37,4,8,0.051,43,40,false,0,0.000
mixed-029-1,mixed,seed=0xc049ee76ccb092c7;cycles=8;planted=2;d_b=8;m=3;gap=2;k=2,49,false,53,0.116,37,4,16,0.087,43,40,false,0,0.000
mixed-029-1,mixed,seed=0xc049ee76ccb092c7;cycles=8;planted=2;d_b=8;m=3;gap=2;k=2,49,false,53,0.116,37,4,32,0.186,37,4,false,0,0.000
mixed-029-1,mixed,seed=0xc049ee76ccb092c7;cycles=8;planted=2;d_b=8;m=3;gap=2;k=2,49,false,53,0.116,37,4,64,0.222,37,4,true,2,0.009
mixed-029-1,mixed,seed=0xc049ee76ccb092c7;cycles=8;planted=2;d_b=8;m=3;gap=2;k=2,49,false,53,0.116,37,4,128,0.222,37,4,true,2,0.008
mixed-029-1,mixed,seed=0xc049ee76ccb092c7;cycles=8;planted=2;d_b=8;m=3;gap=2;k=2,49,false,53,0.116,37,4,256,0.217,37,4,true,2,0.008
mixed-029-1,mixed,seed=0xc049ee76ccb092c7;cycles=8;planted=2;d_b=8;m=3;gap=2;k=2,49,false,53,0.116,37,4,512,0.218,37,4,true,2,0.008
mixed-029-1,mixed,seed=0xc049ee76ccb092c7;cycles=8;planted=2;d_b=8;m=3;gap=2;k=2,49,false,53,0.116,37,4,1024,0.216,37,4,true,2,0.008
mixed-029-1,mixed,seed=0xc049ee76ccb092c7;cycles=8;planted=2;d_b=8;m=3;gap=2;k=2,49,false,53,0.116,37,4,2048,0.218,37,4,true,2,0.009
mixed-029-1,mixed,seed=0xc049ee76ccb092c7;cycles=8;planted=2;d_b=8;m=3;gap=2;k=2,49,false,53,0.116,37,4,4096,0.213,37,4,true,2,0.008
mixed-029-1,mixed,seed=0xc049ee76ccb092c7;cycles=8;planted=2;d_b=8;m=3;gap=2;k=2,49,false,53,0.116,37,4,8192,0.216,37,4,true,2,0.008
mixed-029-1,mixed,seed=0xc049ee76ccb092c7;cycles=8;planted=2;d_b=8;m=3;gap=2;k=2,49,false,53,0.116,37,4,16384,0.214,37,4,true,2,0.008
dec-089,dec,d_b=8;m=3;gap=7;k=4;q=1;s=12,40,false,42,0.091,18,2,1,0.014,25,24,false,0,0.000
dec-089,dec,d_b=8;m=3;gap=7;k=4;q=1;s=12,40,false,42,0.091,18,2,2,0.019,25,24,false,0,0.000
dec-089,dec,d_b=8;m=3;gap=7;k=4;q=1;s=12,40,false,42,0.091,18,2,4,0.031,25,24,false,0,0.000
dec-089,dec,d_b=8;m=3;gap=7;k=4;q=1;s=12,40,false,42,0.091,18,2,8,0.053,25,24,false,0,0.000
dec-089,dec,d_b=8;m=3;gap=7;k=4;q=1;s=12,40,false,42,0.091,18,2,16,0.106,18,2,false,0,0.000
dec-089,dec,d_b=8;m=3;gap=7;k=4;q=1;s=12,40,false,42,0.091,18,2,32,0.200,18,2,false,0,0.000
dec-089,dec,d_b=8;m=3;gap=7;k=4;q=1;s=12,40,false,42,0.091,18,2,64,0.227,18,2,true,1,0.004
dec-089,dec,d_b=8;m=3;gap=7;k=4;q=1;s=12,40,false,42,0.091,18,2,128,0.247,18,2,true,1,0.006
dec-089,dec,d_b=8;m=3;gap=7;k=4;q=1;s=12,40,false,42,0.091,18,2,256,0.224,18,2,true,1,0.004
dec-089,dec,d_b=8;m=3;gap=7;k=4;q=1;s=12,40,false,42,0.091,18,2,512,0.223,18,2,true,1,0.004
dec-089,dec,d_b=8;m=3;gap=7;k=4;q=1;s=12,40,false,42,0.091,18,2,1024,0.220,18,2,true,1,0.004
dec-089,dec,d_b=8;m=3;gap=7;k=4;q=1;s=12,40,false,42,0.091,18,2,2048,0.223,18,2,true,1,0.004
dec-089,dec,d_b=8;m=3;gap=7;k=4;q=1;s=12,40,false,42,0.091,18,2,4096,0.220,18,2,true,1,0.004
dec-089,dec,d_b=8;m=3;gap=7;k=4;q=1;s=12,40,false,42,0.091,18,2,8192,0.221,18,2,true,1,0.004
dec-089,dec,d_b=8;m=3;gap=7;k=4;q=1;s=12,40,false,42,0.091,18,2,16384,0.227,18,2,true,1,0.004
mixed-029-2,mixed,seed=0xe2c10fc7321769eb;cycles=8;planted=2;d_b=8;m=3;gap=2;k=2,49,false,55,0.134,37,4,1,0.049,43,40,false,0,0.000
mixed-029-2,mixed,seed=0xe2c10fc7321769eb;cycles=8;planted=2;d_b=8;m=3;gap=2;k=2,49,false,55,0.134,37,4,2,0.042,43,40,false,0,0.000
mixed-029-2,mixed,seed=0xe2c10fc7321769eb;cycles=8;planted=2;d_b=8;m=3;gap=2;k=2,49,false,55,0.134,37,4,4,0.050,43,40,false,0,0.000
mixed-029-2,mixed,seed=0xe2c10fc7321769eb;cycles=8;planted=2;d_b=8;m=3;gap=2;k=2,49,false,55,0.134,37,4,8,0.084,43,40,false,0,0.000
mixed-029-2,mixed,seed=0xe2c10fc7321769eb;cycles=8;planted=2;d_b=8;m=3;gap=2;k=2,49,false,55,0.134,37,4,16,0.138,43,40,false,0,0.000
mixed-029-2,mixed,seed=0xe2c10fc7321769eb;cycles=8;planted=2;d_b=8;m=3;gap=2;k=2,49,false,55,0.134,37,4,32,0.276,37,4,false,0,0.000
mixed-029-2,mixed,seed=0xe2c10fc7321769eb;cycles=8;planted=2;d_b=8;m=3;gap=2;k=2,49,false,55,0.134,37,4,64,0.334,37,4,true,2,0.009
mixed-029-2,mixed,seed=0xe2c10fc7321769eb;cycles=8;planted=2;d_b=8;m=3;gap=2;k=2,49,false,55,0.134,37,4,128,0.327,37,4,true,2,0.009
mixed-029-2,mixed,seed=0xe2c10fc7321769eb;cycles=8;planted=2;d_b=8;m=3;gap=2;k=2,49,false,55,0.134,37,4,256,0.344,37,4,true,2,0.008
mixed-029-2,mixed,seed=0xe2c10fc7321769eb;cycles=8;planted=2;d_b=8;m=3;gap=2;k=2,49,false,55,0.134,37,4,512,0.325,37,4,true,2,0.008
mixed-029-2,mixed,seed=0xe2c10fc7321769eb;cycles=8;planted=2;d_b=8;m=3;gap=2;k=2,49,false,55,0.134,37,4,1024,0.329,37,4,true,2,0.008
mixed-029-2,mixed,seed=0xe2c10fc7321769eb;cycles=8;planted=2;d_b=8;m=3;gap=2;k=2,49,false,55,0.134,37,4,2048,0.322,37,4,true,2,0.008
mixed-029-2,mixed,seed=0xe2c10fc7321769eb;cycles=8;planted=2;d_b=8;m=3;gap=2;k=2,49,false,55,0.134,37,4,4096,0.339,37,4,true,2,0.008
mixed-029-2,mixed,seed=0xe2c10fc7321769eb;cycles=8;planted=2;d_b=8;m=3;gap=2;k=2,49,false,55,0.134,37,4,8192,0.326,37,4,true,2,0.008
mixed-029-2,mixed,seed=0xe2c10fc7321769eb;cycles=8;planted=2;d_b=8;m=3;gap=2;k=2,49,false,55,0.134,37,4,16384,0.325,37,4,true,2,0.008
dec-090,dec,d_b=8;m=3;gap=13;k=1;q=1;s=15,16,false,18,0.031,18,2,1,0.013,31,30,false,0,0.000
dec-090,dec,d_b=8;m=3;gap=13;k=1;q=1;s=15,16,false,18,0.031,18,2,2,0.026,18,2,false,0,0.000
dec-090,dec,d_b=8;m=3;gap=13;k=1;q=1;s=15,16,false,18,0.031,18,2,4,0.035,18,2,false,0,0.000
dec-090,dec,d_b=8;m=3;gap=13;k=1;q=1;s=15,16,false,18,0.031,18,2,8,0.058,18,2,false,0,0.000
dec-090,dec,d_b=8;m=3;gap=13;k=1;q=1;s=15,16,false,18,0.031,18,2,16,0.075,18,2,true,1,0.007
dec-090,dec,d_b=8;m=3;gap=13;k=1;q=1;s=15,16,false,18,0.031,18,2,32,0.075,18,2,true,1,0.007
dec-090,dec,d_b=8;m=3;gap=13;k=1;q=1;s=15,16,false,18,0.031,18,2,64,0.071,18,2,true,1,0.006
dec-090,dec,d_b=8;m=3;gap=13;k=1;q=1;s=15,16,false,18,0.031,18,2,128,0.073,18,2,true,1,0.006
dec-090,dec,d_b=8;m=3;gap=13;k=1;q=1;s=15,16,false,18,0.031,18,2,256,0.070,18,2,true,1,0.006
dec-090,dec,d_b=8;m=3;gap=13;k=1;q=1;s=15,16,false,18,0.031,18,2,512,0.072,18,2,true,1,0.006
dec-090,dec,d_b=8;m=3;gap=13;k=1;q=1;s=15,16,false,18,0.031,18,2,1024,0.069,18,2,true,1,0.006
dec-090,dec,d_b=8;m=3;gap=13;k=1;q=1;s=15,16,false,18,0.031,18,2,2048,0.072,18,2,true,1,0.006
dec-090,dec,d_b=8;m=3;gap=13;k=1;q=1;s=15,16,false,18,0.031,18,2,4096,0.069,18,2,true,1,0.006
dec-090,dec,d_b=8;m=3;gap=13;k=1;q=1;s=15,16,false,18,0.031,18,2,8192,0.071,18,2,true,1,0.006
dec-090,dec,d_b=8;m=3;gap=13;k=1;q=1;s=15,16,false,18,0.031,18,2,16384,0.069,18,2,true,1,0.006
mixed-030-0,mixed,seed=0x7ff40fcf8d4c7a50;cycles=8;planted=2;d_b=12;m=2;gap=6;k=4,61,false,62,0.104,15,2,1,0.019,22,20,false,0,0.000
mixed-030-0,mixed,seed=0x7ff40fcf8d4c7a50;cycles=8;planted=2;d_b=12;m=2;gap=6;k=4,61,false,62,0.104,15,2,2,0.019,22,20,false,0,0.000
mixed-030-0,mixed,seed=0x7ff40fcf8d4c7a50;cycles=8;planted=2;d_b=12;m=2;gap=6;k=4,61,false,62,0.104,15,2,4,0.033,22,20,false,0,0.000
mixed-030-0,mixed,seed=0x7ff40fcf8d4c7a50;cycles=8;planted=2;d_b=12;m=2;gap=6;k=4,61,false,62,0.104,15,2,8,0.055,22,20,false,0,0.000
mixed-030-0,mixed,seed=0x7ff40fcf8d4c7a50;cycles=8;planted=2;d_b=12;m=2;gap=6;k=4,61,false,62,0.104,15,2,16,0.112,15,2,false,0,0.000
mixed-030-0,mixed,seed=0x7ff40fcf8d4c7a50;cycles=8;planted=2;d_b=12;m=2;gap=6;k=4,61,false,62,0.104,15,2,32,0.209,15,2,false,0,0.000
mixed-030-0,mixed,seed=0x7ff40fcf8d4c7a50;cycles=8;planted=2;d_b=12;m=2;gap=6;k=4,61,false,62,0.104,15,2,64,0.388,15,2,true,1,0.005
mixed-030-0,mixed,seed=0x7ff40fcf8d4c7a50;cycles=8;planted=2;d_b=12;m=2;gap=6;k=4,61,false,62,0.104,15,2,128,0.384,15,2,true,1,0.004
mixed-030-0,mixed,seed=0x7ff40fcf8d4c7a50;cycles=8;planted=2;d_b=12;m=2;gap=6;k=4,61,false,62,0.104,15,2,256,0.382,15,2,true,1,0.004
mixed-030-0,mixed,seed=0x7ff40fcf8d4c7a50;cycles=8;planted=2;d_b=12;m=2;gap=6;k=4,61,false,62,0.104,15,2,512,0.383,15,2,true,1,0.004
mixed-030-0,mixed,seed=0x7ff40fcf8d4c7a50;cycles=8;planted=2;d_b=12;m=2;gap=6;k=4,61,false,62,0.104,15,2,1024,0.374,15,2,true,1,0.004
mixed-030-0,mixed,seed=0x7ff40fcf8d4c7a50;cycles=8;planted=2;d_b=12;m=2;gap=6;k=4,61,false,62,0.104,15,2,2048,0.376,15,2,true,1,0.004
mixed-030-0,mixed,seed=0x7ff40fcf8d4c7a50;cycles=8;planted=2;d_b=12;m=2;gap=6;k=4,61,false,62,0.104,15,2,4096,0.386,15,2,true,1,0.004
mixed-030-0,mixed,seed=0x7ff40fcf8d4c7a50;cycles=8;planted=2;d_b=12;m=2;gap=6;k=4,61,false,62,0.104,15,2,8192,0.373,15,2,true,1,0.004
mixed-030-0,mixed,seed=0x7ff40fcf8d4c7a50;cycles=8;planted=2;d_b=12;m=2;gap=6;k=4,61,false,62,0.104,15,2,16384,0.371,15,2,true,1,0.004
dec-091,dec,d_b=8;m=3;gap=13;k=2;q=1;s=15,24,false,26,0.040,18,2,1,0.017,31,30,false,0,0.000
dec-091,dec,d_b=8;m=3;gap=13;k=2;q=1;s=15,24,false,26,0.040,18,2,2,0.021,31,30,false,0,0.000
dec-091,dec,d_b=8;m=3;gap=13;k=2;q=1;s=15,24,false,26,0.040,18,2,4,0.042,18,2,false,0,0.000
dec-091,dec,d_b=8;m=3;gap=13;k=2;q=1;s=15,24,false,26,0.040,18,2,8,0.065,18,2,false,0,0.000
dec-091,dec,d_b=8;m=3;gap=13;k=2;q=1;s=15,24,false,26,0.040,18,2,16,0.118,18,2,false,0,0.000
dec-091,dec,d_b=8;m=3;gap=13;k=2;q=1;s=15,24,false,26,0.040,18,2,32,0.133,18,2,true,1,0.005
dec-091,dec,d_b=8;m=3;gap=13;k=2;q=1;s=15,24,false,26,0.040,18,2,64,0.128,18,2,true,1,0.005
dec-091,dec,d_b=8;m=3;gap=13;k=2;q=1;s=15,24,false,26,0.040,18,2,128,0.129,18,2,true,1,0.005
dec-091,dec,d_b=8;m=3;gap=13;k=2;q=1;s=15,24,false,26,0.040,18,2,256,0.126,18,2,true,1,0.005
dec-091,dec,d_b=8;m=3;gap=13;k=2;q=1;s=15,24,false,26,0.040,18,2,512,0.130,18,2,true,1,0.005
dec-091,dec,d_b=8;m=3;gap=13;k=2;q=1;s=15,24,false,26,0.040,18,2,1024,0.128,18,2,true,1,0.005
dec-091,dec,d_b=8;m=3;gap=13;k=2;q=1;s=15,24,false,26,0.040,18,2,2048,0.145,18,2,true,1,0.009
dec-091,dec,d_b=8;m=3;gap=13;k=2;q=1;s=15,24,false,26,0.040,18,2,4096,0.130,18,2,true,1,0.006
dec-091,dec,d_b=8;m=3;gap=13;k=2;q=1;s=15,24,false,26,0.040,18,2,8192,0.144,18,2,true,1,0.008
dec-091,dec,d_b=8;m=3;gap=13;k=2;q=1;s=15,24,false,26,0.040,18,2,16384,0.126,18,2,true,1,0.005
mixed-030-1,mixed,seed=0xdcc5e958760a06dd;cycles=8;planted=2;d_b=12;m=2;gap=6;k=4,810663,false,84815,0.259,44,12,1,0.150,58,48,false,3,0.029
mixed-030-1,mixed,seed=0xdcc5e958760a06dd;cycles=8;planted=2;d_b=12;m=2;gap=6;k=4,810663,false,84815,0.259,44,12,2,0.150,58,48,false,3,0.025
mixed-030-1,mixed,seed=0xdcc5e958760a06dd;cycles=8;planted=2;d_b=12;m=2;gap=6;k=4,810663,false,84815,0.259,44,12,4,0.162,58,48,false,3,0.023
mixed-030-1,mixed,seed=0xdcc5e958760a06dd;cycles=8;planted=2;d_b=12;m=2;gap=6;k=4,810663,false,84815,0.259,44,12,8,0.221,58,48,false,3,0.022
mixed-030-1,mixed,seed=0xdcc5e958760a06dd;cycles=8;planted=2;d_b=12;m=2;gap=6;k=4,810663,false,84815,0.259,44,12,16,0.352,58,48,false,3,0.021
mixed-030-1,mixed,seed=0xdcc5e958760a06dd;cycles=8;planted=2;d_b=12;m=2;gap=6;k=4,810663,false,84815,0.259,44,12,32,0.637,51,30,false,3,0.021
mixed-030-1,mixed,seed=0xdcc5e958760a06dd;cycles=8;planted=2;d_b=12;m=2;gap=6;k=4,810663,false,84815,0.259,44,12,64,1.239,44,12,false,3,0.021
mixed-030-1,mixed,seed=0xdcc5e958760a06dd;cycles=8;planted=2;d_b=12;m=2;gap=6;k=4,810663,false,84815,0.259,44,12,128,2.203,44,12,true,5,0.028
mixed-030-1,mixed,seed=0xdcc5e958760a06dd;cycles=8;planted=2;d_b=12;m=2;gap=6;k=4,810663,false,84815,0.259,44,12,256,2.207,44,12,true,5,0.028
mixed-030-1,mixed,seed=0xdcc5e958760a06dd;cycles=8;planted=2;d_b=12;m=2;gap=6;k=4,810663,false,84815,0.259,44,12,512,2.182,44,12,true,5,0.027
mixed-030-1,mixed,seed=0xdcc5e958760a06dd;cycles=8;planted=2;d_b=12;m=2;gap=6;k=4,810663,false,84815,0.259,44,12,1024,2.180,44,12,true,5,0.027
mixed-030-1,mixed,seed=0xdcc5e958760a06dd;cycles=8;planted=2;d_b=12;m=2;gap=6;k=4,810663,false,84815,0.259,44,12,2048,2.179,44,12,true,5,0.026
mixed-030-1,mixed,seed=0xdcc5e958760a06dd;cycles=8;planted=2;d_b=12;m=2;gap=6;k=4,810663,false,84815,0.259,44,12,4096,2.175,44,12,true,5,0.027
mixed-030-1,mixed,seed=0xdcc5e958760a06dd;cycles=8;planted=2;d_b=12;m=2;gap=6;k=4,810663,false,84815,0.259,44,12,8192,2.161,44,12,true,5,0.026
mixed-030-1,mixed,seed=0xdcc5e958760a06dd;cycles=8;planted=2;d_b=12;m=2;gap=6;k=4,810663,false,84815,0.259,44,12,16384,2.181,44,12,true,5,0.028
dec-092,dec,d_b=8;m=3;gap=13;k=4;q=1;s=15,40,false,42,0.058,18,2,1,0.016,31,30,false,0,0.000
dec-092,dec,d_b=8;m=3;gap=13;k=4;q=1;s=15,40,false,42,0.058,18,2,2,0.023,31,30,false,0,0.000
dec-092,dec,d_b=8;m=3;gap=13;k=4;q=1;s=15,40,false,42,0.058,18,2,4,0.036,31,30,false,0,0.000
dec-092,dec,d_b=8;m=3;gap=13;k=4;q=1;s=15,40,false,42,0.058,18,2,8,0.082,18,2,false,0,0.000
dec-092,dec,d_b=8;m=3;gap=13;k=4;q=1;s=15,40,false,42,0.058,18,2,16,0.118,18,2,false,0,0.000
dec-092,dec,d_b=8;m=3;gap=13;k=4;q=1;s=15,40,false,42,0.058,18,2,32,0.226,18,2,false,0,0.000
dec-092,dec,d_b=8;m=3;gap=13;k=4;q=1;s=15,40,false,42,0.058,18,2,64,0.262,18,2,true,1,0.004
dec-092,dec,d_b=8;m=3;gap=13;k=4;q=1;s=15,40,false,42,0.058,18,2,128,0.262,18,2,true,1,0.004
dec-092,dec,d_b=8;m=3;gap=13;k=4;q=1;s=15,40,false,42,0.058,18,2,256,0.256,18,2,true,1,0.004
dec-092,dec,d_b=8;m=3;gap=13;k=4;q=1;s=15,40,false,42,0.058,18,2,512,0.257,18,2,true,1,0.004
dec-092,dec,d_b=8;m=3;gap=13;k=4;q=1;s=15,40,false,42,0.058,18,2,1024,0.255,18,2,true,1,0.004
dec-092,dec,d_b=8;m=3;gap=13;k=4;q=1;s=15,40,false,42,0.058,18,2,2048,0.257,18,2,true,1,0.004
dec-092,dec,d_b=8;m=3;gap=13;k=4;q=1;s=15,40,false,42,0.058,18,2,4096,0.264,18,2,true,1,0.004
dec-092,dec,d_b=8;m=3;gap=13;k=4;q=1;s=15,40,false,42,0.058,18,2,8192,0.255,18,2,true,1,0.004
dec-092,dec,d_b=8;m=3;gap=13;k=4;q=1;s=15,40,false,42,0.058,18,2,16384,0.253,18,2,true,1,0.004
mixed-030-2,mixed,seed=0xe5e70e85e1278103;cycles=8;planted=2;d_b=12;m=2;gap=6;k=4,61,false,62,0.098,15,2,1,0.017,22,20,false,0,0.000
mixed-030-2,mixed,seed=0xe5e70e85e1278103;cycles=8;planted=2;d_b=12;m=2;gap=6;k=4,61,false,62,0.098,15,2,2,0.023,22,20,false,0,0.000
mixed-030-2,mixed,seed=0xe5e70e85e1278103;cycles=8;planted=2;d_b=12;m=2;gap=6;k=4,61,false,62,0.098,15,2,4,0.031,22,20,false,0,0.000
mixed-030-2,mixed,seed=0xe5e70e85e1278103;cycles=8;planted=2;d_b=12;m=2;gap=6;k=4,61,false,62,0.098,15,2,8,0.052,22,20,false,0,0.000
mixed-030-2,mixed,seed=0xe5e70e85e1278103;cycles=8;planted=2;d_b=12;m=2;gap=6;k=4,61,false,62,0.098,15,2,16,0.107,15,2,false,0,0.000
mixed-030-2,mixed,seed=0xe5e70e85e1278103;cycles=8;planted=2;d_b=12;m=2;gap=6;k=4,61,false,62,0.098,15,2,32,0.203,15,2,false,0,0.000
mixed-030-2,mixed,seed=0xe5e70e85e1278103;cycles=8;planted=2;d_b=12;m=2;gap=6;k=4,61,false,62,0.098,15,2,64,0.395,15,2,true,1,0.006
mixed-030-2,mixed,seed=0xe5e70e85e1278103;cycles=8;planted=2;d_b=12;m=2;gap=6;k=4,61,false,62,0.098,15,2,128,0.378,15,2,true,1,0.004
mixed-030-2,mixed,seed=0xe5e70e85e1278103;cycles=8;planted=2;d_b=12;m=2;gap=6;k=4,61,false,62,0.098,15,2,256,0.376,15,2,true,1,0.004
mixed-030-2,mixed,seed=0xe5e70e85e1278103;cycles=8;planted=2;d_b=12;m=2;gap=6;k=4,61,false,62,0.098,15,2,512,0.372,15,2,true,1,0.004
mixed-030-2,mixed,seed=0xe5e70e85e1278103;cycles=8;planted=2;d_b=12;m=2;gap=6;k=4,61,false,62,0.098,15,2,1024,0.375,15,2,true,1,0.004
mixed-030-2,mixed,seed=0xe5e70e85e1278103;cycles=8;planted=2;d_b=12;m=2;gap=6;k=4,61,false,62,0.098,15,2,2048,0.371,15,2,true,1,0.004
mixed-030-2,mixed,seed=0xe5e70e85e1278103;cycles=8;planted=2;d_b=12;m=2;gap=6;k=4,61,false,62,0.098,15,2,4096,0.373,15,2,true,1,0.004
mixed-030-2,mixed,seed=0xe5e70e85e1278103;cycles=8;planted=2;d_b=12;m=2;gap=6;k=4,61,false,62,0.098,15,2,8192,0.370,15,2,true,1,0.004
mixed-030-2,mixed,seed=0xe5e70e85e1278103;cycles=8;planted=2;d_b=12;m=2;gap=6;k=4,61,false,62,0.098,15,2,16384,0.373,15,2,true,1,0.004
dec-093,dec,d_b=8;m=5;gap=1;k=1;q=3;s=17,16,false,18,0.053,34,2,1,0.015,35,34,false,0,0.000
dec-093,dec,d_b=8;m=5;gap=1;k=1;q=3;s=17,16,false,18,0.053,34,2,2,0.025,35,34,false,0,0.000
dec-093,dec,d_b=8;m=5;gap=1;k=1;q=3;s=17,16,false,18,0.053,34,2,4,0.036,35,34,false,0,0.000
dec-093,dec,d_b=8;m=5;gap=1;k=1;q=3;s=17,16,false,18,0.053,34,2,8,0.057,34,2,false,0,0.000
dec-093,dec,d_b=8;m=5;gap=1;k=1;q=3;s=17,16,false,18,0.053,34,2,16,0.079,34,2,true,1,0.008
dec-093,dec,d_b=8;m=5;gap=1;k=1;q=3;s=17,16,false,18,0.053,34,2,32,0.076,34,2,true,1,0.007
dec-093,dec,d_b=8;m=5;gap=1;k=1;q=3;s=17,16,false,18,0.053,34,2,64,0.075,34,2,true,1,0.006
dec-093,dec,d_b=8;m=5;gap=1;k=1;q=3;s=17,16,false,18,0.053,34,2,128,0.072,34,2,true,1,0.006
dec-093,dec,d_b=8;m=5;gap=1;k=1;q=3;s=17,16,false,18,0.053,34,2,256,0.082,34,2,true,1,0.006
dec-093,dec,d_b=8;m=5;gap=1;k=1;q=3;s=17,16,false,18,0.053,34,2,512,0.071,34,2,true,1,0.006
dec-093,dec,d_b=8;m=5;gap=1;k=1;q=3;s=17,16,false,18,0.053,34,2,1024,0.072,34,2,true,1,0.006
dec-093,dec,d_b=8;m=5;gap=1;k=1;q=3;s=17,16,false,18,0.053,34,2,2048,0.071,34,2,true,1,0.006
dec-093,dec,d_b=8;m=5;gap=1;k=1;q=3;s=17,16,false,18,0.053,34,2,4096,0.071,34,2,true,1,0.006
dec-093,dec,d_b=8;m=5;gap=1;k=1;q=3;s=17,16,false,18,0.053,34,2,8192,0.070,34,2,true,1,0.006
dec-093,dec,d_b=8;m=5;gap=1;k=1;q=3;s=17,16,false,18,0.053,34,2,16384,0.071,34,2,true,1,0.006
mixed-031-0,mixed,seed=0x7b03a46173a7c4d1;cycles=8;planted=2;d_b=16;m=5;gap=2;k=1,1501077,false,152205,0.326,139,8,1,0.085,145,140,false,0,0.000
mixed-031-0,mixed,seed=0x7b03a46173a7c4d1;cycles=8;planted=2;d_b=16;m=5;gap=2;k=1,1501077,false,152205,0.326,139,8,2,0.075,145,140,false,0,0.000
mixed-031-0,mixed,seed=0x7b03a46173a7c4d1;cycles=8;planted=2;d_b=16;m=5;gap=2;k=1,1501077,false,152205,0.326,139,8,4,0.115,145,140,false,1,0.017
mixed-031-0,mixed,seed=0x7b03a46173a7c4d1;cycles=8;planted=2;d_b=16;m=5;gap=2;k=1,1501077,false,152205,0.326,139,8,8,0.143,145,140,false,2,0.028
mixed-031-0,mixed,seed=0x7b03a46173a7c4d1;cycles=8;planted=2;d_b=16;m=5;gap=2;k=1,1501077,false,152205,0.326,139,8,16,0.213,145,140,false,2,0.026
mixed-031-0,mixed,seed=0x7b03a46173a7c4d1;cycles=8;planted=2;d_b=16;m=5;gap=2;k=1,1501077,false,152205,0.326,139,8,32,0.374,142,74,false,2,0.028
mixed-031-0,mixed,seed=0x7b03a46173a7c4d1;cycles=8;planted=2;d_b=16;m=5;gap=2;k=1,1501077,false,152205,0.326,139,8,64,0.753,139,8,true,4,0.032
mixed-031-0,mixed,seed=0x7b03a46173a7c4d1;cycles=8;planted=2;d_b=16;m=5;gap=2;k=1,1501077,false,152205,0.326,139,8,128,0.753,139,8,true,4,0.031
mixed-031-0,mixed,seed=0x7b03a46173a7c4d1;cycles=8;planted=2;d_b=16;m=5;gap=2;k=1,1501077,false,152205,0.326,139,8,256,0.752,139,8,true,4,0.031
mixed-031-0,mixed,seed=0x7b03a46173a7c4d1;cycles=8;planted=2;d_b=16;m=5;gap=2;k=1,1501077,false,152205,0.326,139,8,512,0.753,139,8,true,4,0.030
mixed-031-0,mixed,seed=0x7b03a46173a7c4d1;cycles=8;planted=2;d_b=16;m=5;gap=2;k=1,1501077,false,152205,0.326,139,8,1024,0.735,139,8,true,4,0.029
mixed-031-0,mixed,seed=0x7b03a46173a7c4d1;cycles=8;planted=2;d_b=16;m=5;gap=2;k=1,1501077,false,152205,0.326,139,8,2048,0.734,139,8,true,4,0.029
mixed-031-0,mixed,seed=0x7b03a46173a7c4d1;cycles=8;planted=2;d_b=16;m=5;gap=2;k=1,1501077,false,152205,0.326,139,8,4096,0.729,139,8,true,4,0.029
mixed-031-0,mixed,seed=0x7b03a46173a7c4d1;cycles=8;planted=2;d_b=16;m=5;gap=2;k=1,1501077,false,152205,0.326,139,8,8192,0.731,139,8,true,4,0.029
mixed-031-0,mixed,seed=0x7b03a46173a7c4d1;cycles=8;planted=2;d_b=16;m=5;gap=2;k=1,1501077,false,152205,0.326,139,8,16384,0.724,139,8,true,4,0.029
dec-094,dec,d_b=8;m=5;gap=1;k=2;q=3;s=17,24,false,26,0.085,34,2,1,0.017,35,34,false,0,0.000
dec-094,dec,d_b=8;m=5;gap=1;k=2;q=3;s=17,24,false,26,0.085,34,2,2,0.024,35,34,false,0,0.000
dec-094,dec,d_b=8;m=5;gap=1;k=2;q=3;s=17,24,false,26,0.085,34,2,4,0.035,35,34,false,0,0.000
dec-094,dec,d_b=8;m=5;gap=1;k=2;q=3;s=17,24,false,26,0.085,34,2,8,0.063,35,34,false,0,0.000
dec-094,dec,d_b=8;m=5;gap=1;k=2;q=3;s=17,24,false,26,0.085,34,2,16,0.118,34,2,false,0,0.000
dec-094,dec,d_b=8;m=5;gap=1;k=2;q=3;s=17,24,false,26,0.085,34,2,32,0.165,34,2,true,1,0.004
dec-094,dec,d_b=8;m=5;gap=1;k=2;q=3;s=17,24,false,26,0.085,34,2,64,0.165,34,2,true,1,0.003
dec-094,dec,d_b=8;m=5;gap=1;k=2;q=3;s=17,24,false,26,0.085,34,2,128,0.160,34,2,true,1,0.003
dec-094,dec,d_b=8;m=5;gap=1;k=2;q=3;s=17,24,false,26,0.085,34,2,256,0.161,34,2,true,1,0.003
dec-094,dec,d_b=8;m=5;gap=1;k=2;q=3;s=17,24,false,26,0.085,34,2,512,0.158,34,2,true,1,0.003
dec-094,dec,d_b=8;m=5;gap=1;k=2;q=3;s=17,24,false,26,0.085,34,2,1024,0.159,34,2,true,1,0.003
dec-094,dec,d_b=8;m=5;gap=1;k=2;q=3;s=17,24,false,26,0.085,34,2,2048,0.166,34,2,true,1,0.003
dec-094,dec,d_b=8;m=5;gap=1;k=2;q=3;s=17,24,false,26,0.085,34,2,4096,0.158,34,2,true,1,0.003
dec-094,dec,d_b=8;m=5;gap=1;k=2;q=3;s=17,24,false,26,0.085,34,2,8192,0.156,34,2,true,1,0.003
dec-094,dec,d_b=8;m=5;gap=1;k=2;q=3;s=17,24,false,26,0.085,34,2,16384,0.158,34,2,true,1,0.003
mixed-031-1,mixed,seed=0x81d64a28ca8dd9c1;cycles=8;planted=2;d_b=16;m=5;gap=2;k=1,66,false,70,0.292,134,4,1,0.046,140,136,false,0,0.000
mixed-031-1,mixed,seed=0x81d64a28ca8dd9c1;cycles=8;planted=2;d_b=16;m=5;gap=2;k=1,66,false,70,0.292,134,4,2,0.045,140,136,false,0,0.000
mixed-031-1,mixed,seed=0x81d64a28ca8dd9c1;cycles=8;planted=2;d_b=16;m=5;gap=2;k=1,66,false,70,0.292,134,4,4,0.062,140,136,false,0,0.000
mixed-031-1,mixed,seed=0x81d64a28ca8dd9c1;cycles=8;planted=2;d_b=16;m=5;gap=2;k=1,66,false,70,0.292,134,4,8,0.097,140,136,false,0,0.000
mixed-031-1,mixed,seed=0x81d64a28ca8dd9c1;cycles=8;planted=2;d_b=16;m=5;gap=2;k=1,66,false,70,0.292,134,4,16,0.164,140,136,false,0,0.000
mixed-031-1,mixed,seed=0x81d64a28ca8dd9c1;cycles=8;planted=2;d_b=16;m=5;gap=2;k=1,66,false,70,0.292,134,4,32,0.320,137,70,false,0,0.000
mixed-031-1,mixed,seed=0x81d64a28ca8dd9c1;cycles=8;planted=2;d_b=16;m=5;gap=2;k=1,66,false,70,0.292,134,4,64,0.684,134,4,true,2,0.007
mixed-031-1,mixed,seed=0x81d64a28ca8dd9c1;cycles=8;planted=2;d_b=16;m=5;gap=2;k=1,66,false,70,0.292,134,4,128,0.685,134,4,true,2,0.006
mixed-031-1,mixed,seed=0x81d64a28ca8dd9c1;cycles=8;planted=2;d_b=16;m=5;gap=2;k=1,66,false,70,0.292,134,4,256,0.682,134,4,true,2,0.005
mixed-031-1,mixed,seed=0x81d64a28ca8dd9c1;cycles=8;planted=2;d_b=16;m=5;gap=2;k=1,66,false,70,0.292,134,4,512,0.676,134,4,true,2,0.006
mixed-031-1,mixed,seed=0x81d64a28ca8dd9c1;cycles=8;planted=2;d_b=16;m=5;gap=2;k=1,66,false,70,0.292,134,4,1024,0.674,134,4,true,2,0.005
mixed-031-1,mixed,seed=0x81d64a28ca8dd9c1;cycles=8;planted=2;d_b=16;m=5;gap=2;k=1,66,false,70,0.292,134,4,2048,0.688,134,4,true,2,0.006
mixed-031-1,mixed,seed=0x81d64a28ca8dd9c1;cycles=8;planted=2;d_b=16;m=5;gap=2;k=1,66,false,70,0.292,134,4,4096,0.707,134,4,true,2,0.009
mixed-031-1,mixed,seed=0x81d64a28ca8dd9c1;cycles=8;planted=2;d_b=16;m=5;gap=2;k=1,66,false,70,0.292,134,4,8192,0.673,134,4,true,2,0.005
mixed-031-1,mixed,seed=0x81d64a28ca8dd9c1;cycles=8;planted=2;d_b=16;m=5;gap=2;k=1,66,false,70,0.292,134,4,16384,0.673,134,4,true,2,0.006
dec-095,dec,d_b=8;m=5;gap=1;k=4;q=3;s=17,40,false,42,0.150,34,2,1,0.017,35,34,false,0,0.000
dec-095,dec,d_b=8;m=5;gap=1;k=4;q=3;s=17,40,false,42,0.150,34,2,2,0.026,35,34,false,0,0.000
dec-095,dec,d_b=8;m=5;gap=1;k=4;q=3;s=17,40,false,42,0.150,34,2,4,0.042,35,34,false,0,0.000
dec-095,dec,d_b=8;m=5;gap=1;k=4;q=3;s=17,40,false,42,0.150,34,2,8,0.072,35,34,false,0,0.000
dec-095,dec,d_b=8;m=5;gap=1;k=4;q=3;s=17,40,false,42,0.150,34,2,16,0.127,35,34,false,0,0.000
dec-095,dec,d_b=8;m=5;gap=1;k=4;q=3;s=17,40,false,42,0.150,34,2,32,0.257,34,2,false,0,0.000
dec-095,dec,d_b=8;m=5;gap=1;k=4;q=3;s=17,40,false,42,0.150,34,2,64,0.326,34,2,true,0,0.000
dec-095,dec,d_b=8;m=5;gap=1;k=4;q=3;s=17,40,false,42,0.150,34,2,128,0.342,34,2,true,0,0.000
dec-095,dec,d_b=8;m=5;gap=1;k=4;q=3;s=17,40,false,42,0.150,34,2,256,0.323,34,2,true,0,0.000
dec-095,dec,d_b=8;m=5;gap=1;k=4;q=3;s=17,40,false,42,0.150,34,2,512,0.316,34,2,true,0,0.000
dec-095,dec,d_b=8;m=5;gap=1;k=4;q=3;s=17,40,false,42,0.150,34,2,1024,0.319,34,2,true,0,0.000
dec-095,dec,d_b=8;m=5;gap=1;k=4;q=3;s=17,40,false,42,0.150,34,2,2048,0.312,34,2,true,0,0.000
dec-095,dec,d_b=8;m=5;gap=1;k=4;q=3;s=17,40,false,42,0.150,34,2,4096,0.316,34,2,true,0,0.000
dec-095,dec,d_b=8;m=5;gap=1;k=4;q=3;s=17,40,false,42,0.150,34,2,8192,0.312,34,2,true,0,0.000
dec-095,dec,d_b=8;m=5;gap=1;k=4;q=3;s=17,40,false,42,0.150,34,2,16384,0.316,34,2,true,0,0.000
mixed-031-2,mixed,seed=0x5e36d17445fb1a34;cycles=8;planted=2;d_b=16;m=5;gap=2;k=1,2187670,false,210242,0.364,138,8,1,0.186,144,140,false,4,0.056
mixed-031-2,mixed,seed=0x5e36d17445fb1a34;cycles=8;planted=2;d_b=16;m=5;gap=2;k=1,2187670,false,210242,0.364,138,8,2,0.177,144,140,false,4,0.052
mixed-031-2,mixed,seed=0x5e36d17445fb1a34;cycles=8;planted=2;d_b=16;m=5;gap=2;k=1,2187670,false,210242,0.364,138,8,4,0.168,144,140,false,4,0.048
mixed-031-2,mixed,seed=0x5e36d17445fb1a34;cycles=8;planted=2;d_b=16;m=5;gap=2;k=1,2187670,false,210242,0.364,138,8,8,0.223,144,140,false,4,0.047
mixed-031-2,mixed,seed=0x5e36d17445fb1a34;cycles=8;planted=2;d_b=16;m=5;gap=2;k=1,2187670,false,210242,0.364,138,8,16,0.324,144,140,false,4,0.047
mixed-031-2,mixed,seed=0x5e36d17445fb1a34;cycles=8;planted=2;d_b=16;m=5;gap=2;k=1,2187670,false,210242,0.364,138,8,32,0.542,144,140,false,4,0.047
mixed-031-2,mixed,seed=0x5e36d17445fb1a34;cycles=8;planted=2;d_b=16;m=5;gap=2;k=1,2187670,false,210242,0.364,138,8,64,1.063,138,8,true,6,0.054
mixed-031-2,mixed,seed=0x5e36d17445fb1a34;cycles=8;planted=2;d_b=16;m=5;gap=2;k=1,2187670,false,210242,0.364,138,8,128,1.046,138,8,true,6,0.053
mixed-031-2,mixed,seed=0x5e36d17445fb1a34;cycles=8;planted=2;d_b=16;m=5;gap=2;k=1,2187670,false,210242,0.364,138,8,256,1.043,138,8,true,6,0.053
mixed-031-2,mixed,seed=0x5e36d17445fb1a34;cycles=8;planted=2;d_b=16;m=5;gap=2;k=1,2187670,false,210242,0.364,138,8,512,1.026,138,8,true,6,0.051
mixed-031-2,mixed,seed=0x5e36d17445fb1a34;cycles=8;planted=2;d_b=16;m=5;gap=2;k=1,2187670,false,210242,0.364,138,8,1024,1.043,138,8,true,6,0.052
mixed-031-2,mixed,seed=0x5e36d17445fb1a34;cycles=8;planted=2;d_b=16;m=5;gap=2;k=1,2187670,false,210242,0.364,138,8,2048,1.019,138,8,true,6,0.051
mixed-031-2,mixed,seed=0x5e36d17445fb1a34;cycles=8;planted=2;d_b=16;m=5;gap=2;k=1,2187670,false,210242,0.364,138,8,4096,1.030,138,8,true,6,0.052
mixed-031-2,mixed,seed=0x5e36d17445fb1a34;cycles=8;planted=2;d_b=16;m=5;gap=2;k=1,2187670,false,210242,0.364,138,8,8192,1.026,138,8,true,6,0.051
mixed-031-2,mixed,seed=0x5e36d17445fb1a34;cycles=8;planted=2;d_b=16;m=5;gap=2;k=1,2187670,false,210242,0.364,138,8,16384,1.029,138,8,true,6,0.052
dec-096,dec,d_b=8;m=5;gap=3;k=1;q=3;s=18,16,false,18,0.056,34,2,1,0.016,37,36,false,0,0.000
dec-096,dec,d_b=8;m=5;gap=3;k=1;q=3;s=18,16,false,18,0.056,34,2,2,0.026,37,36,false,0,0.000
dec-096,dec,d_b=8;m=5;gap=3;k=1;q=3;s=18,16,false,18,0.056,34,2,4,0.037,37,36,false,0,0.000
dec-096,dec,d_b=8;m=5;gap=3;k=1;q=3;s=18,16,false,18,0.056,34,2,8,0.059,34,2,false,0,0.000
dec-096,dec,d_b=8;m=5;gap=3;k=1;q=3;s=18,16,false,18,0.056,34,2,16,0.080,34,2,true,1,0.008
dec-096,dec,d_b=8;m=5;gap=3;k=1;q=3;s=18,16,false,18,0.056,34,2,32,0.081,34,2,true,1,0.008
dec-096,dec,d_b=8;m=5;gap=3;k=1;q=3;s=18,16,false,18,0.056,34,2,64,0.076,34,2,true,1,0.006
dec-096,dec,d_b=8;m=5;gap=3;k=1;q=3;s=18,16,false,18,0.056,34,2,128,0.076,34,2,true,1,0.007
dec-096,dec,d_b=8;m=5;gap=3;k=1;q=3;s=18,16,false,18,0.056,34,2,256,0.074,34,2,true,1,0.006
dec-096,dec,d_b=8;m=5;gap=3;k=1;q=3;s=18,16,false,18,0.056,34,2,512,0.077,34,2,true,1,0.007
dec-096,dec,d_b=8;m=5;gap=3;k=1;q=3;s=18,16,false,18,0.056,34,2,1024,0.093,34,2,true,1,0.009
dec-096,dec,d_b=8;m=5;gap=3;k=1;q=3;s=18,16,false,18,0.056,34,2,2048,0.075,34,2,true,1,0.006
dec-096,dec,d_b=8;m=5;gap=3;k=1;q=3;s=18,16,false,18,0.056,34,2,4096,0.074,34,2,true,1,0.006
dec-096,dec,d_b=8;m=5;gap=3;k=1;q=3;s=18,16,false,18,0.056,34,2,8192,0.074,34,2,true,1,0.006
dec-096,dec,d_b=8;m=5;gap=3;k=1;q=3;s=18,16,false,18,0.056,34,2,16384,0.075,34,2,true,1,0.006
mixed-032-0,mixed,seed=0x386d639a1a9f5d15;cycles=8;planted=3;d_b=4;m=2;gap=1;k=2,1327463,false,132979,0.134,29,12,1,0.126,32,24,false,1,0.019
mixed-032-0,mixed,seed=0x386d639a1a9f5d15;cycles=8;planted=3;d_b=4;m=2;gap=1;k=2,1327463,false,132979,0.134,29,12,2,0.266,29,12,true,7,0.090
mixed-032-0,mixed,seed=0x386d639a1a9f5d15;cycles=8;planted=3;d_b=4;m=2;gap=1;k=2,1327463,false,132979,0.134,29,12,4,0.251,29,12,true,7,0.086
mixed-032-0,mixed,seed=0x386d639a1a9f5d15;cycles=8;planted=3;d_b=4;m=2;gap=1;k=2,1327463,false,132979,0.134,29,12,8,0.218,29,12,true,7,0.076
mixed-032-0,mixed,seed=0x386d639a1a9f5d15;cycles=8;planted=3;d_b=4;m=2;gap=1;k=2,1327463,false,132979,0.134,29,12,16,0.210,29,12,true,7,0.075
mixed-032-0,mixed,seed=0x386d639a1a9f5d15;cycles=8;planted=3;d_b=4;m=2;gap=1;k=2,1327463,false,132979,0.134,29,12,32,0.202,29,12,true,7,0.071
mixed-032-0,mixed,seed=0x386d639a1a9f5d15;cycles=8;planted=3;d_b=4;m=2;gap=1;k=2,1327463,false,132979,0.134,29,12,64,0.202,29,12,true,7,0.072
mixed-032-0,mixed,seed=0x386d639a1a9f5d15;cycles=8;planted=3;d_b=4;m=2;gap=1;k=2,1327463,false,132979,0.134,29,12,128,0.198,29,12,true,7,0.070
mixed-032-0,mixed,seed=0x386d639a1a9f5d15;cycles=8;planted=3;d_b=4;m=2;gap=1;k=2,1327463,false,132979,0.134,29,12,256,0.199,29,12,true,7,0.071
mixed-032-0,mixed,seed=0x386d639a1a9f5d15;cycles=8;planted=3;d_b=4;m=2;gap=1;k=2,1327463,false,132979,0.134,29,12,512,0.196,29,12,true,7,0.070
mixed-032-0,mixed,seed=0x386d639a1a9f5d15;cycles=8;planted=3;d_b=4;m=2;gap=1;k=2,1327463,false,132979,0.134,29,12,1024,0.196,29,12,true,7,0.071
mixed-032-0,mixed,seed=0x386d639a1a9f5d15;cycles=8;planted=3;d_b=4;m=2;gap=1;k=2,1327463,false,132979,0.134,29,12,2048,0.196,29,12,true,7,0.071
mixed-032-0,mixed,seed=0x386d639a1a9f5d15;cycles=8;planted=3;d_b=4;m=2;gap=1;k=2,1327463,false,132979,0.134,29,12,4096,0.195,29,12,true,7,0.070
mixed-032-0,mixed,seed=0x386d639a1a9f5d15;cycles=8;planted=3;d_b=4;m=2;gap=1;k=2,1327463,false,132979,0.134,29,12,8192,0.194,29,12,true,7,0.070
mixed-032-0,mixed,seed=0x386d639a1a9f5d15;cycles=8;planted=3;d_b=4;m=2;gap=1;k=2,1327463,false,132979,0.134,29,12,16384,0.196,29,12,true,7,0.071
dec-097,dec,d_b=8;m=5;gap=3;k=2;q=3;s=18,24,false,26,0.095,34,2,1,0.018,37,36,false,0,0.000
dec-097,dec,d_b=8;m=5;gap=3;k=2;q=3;s=18,24,false,26,0.095,34,2,2,0.025,37,36,false,0,0.000
dec-097,dec,d_b=8;m=5;gap=3;k=2;q=3;s=18,24,false,26,0.095,34,2,4,0.041,37,36,false,0,0.000
dec-097,dec,d_b=8;m=5;gap=3;k=2;q=3;s=18,24,false,26,0.095,34,2,8,0.070,37,36,false,0,0.000
dec-097,dec,d_b=8;m=5;gap=3;k=2;q=3;s=18,24,false,26,0.095,34,2,16,0.132,34,2,false,0,0.000
dec-097,dec,d_b=8;m=5;gap=3;k=2;q=3;s=18,24,false,26,0.095,34,2,32,0.172,34,2,true,1,0.004
dec-097,dec,d_b=8;m=5;gap=3;k=2;q=3;s=18,24,false,26,0.095,34,2,64,0.169,34,2,true,1,0.004
dec-097,dec,d_b=8;m=5;gap=3;k=2;q=3;s=18,24,false,26,0.095,34,2,128,0.164,34,2,true,1,0.003
dec-097,dec,d_b=8;m=5;gap=3;k=2;q=3;s=18,24,false,26,0.095,34,2,256,0.165,34,2,true,1,0.003
dec-097,dec,d_b=8;m=5;gap=3;k=2;q=3;s=18,24,false,26,0.095,34,2,512,0.163,34,2,true,1,0.003
dec-097,dec,d_b=8;m=5;gap=3;k=2;q=3;s=18,24,false,26,0.095,34,2,1024,0.163,34,2,true,1,0.003
dec-097,dec,d_b=8;m=5;gap=3;k=2;q=3;s=18,24,false,26,0.095,34,2,2048,0.162,34,2,true,1,0.003
dec-097,dec,d_b=8;m=5;gap=3;k=2;q=3;s=18,24,false,26,0.095,34,2,4096,0.162,34,2,true,1,0.003
dec-097,dec,d_b=8;m=5;gap=3;k=2;q=3;s=18,24,false,26,0.095,34,2,8192,0.161,34,2,true,1,0.003
dec-097,dec,d_b=8;m=5;gap=3;k=2;q=3;s=18,24,false,26,0.095,34,2,16384,0.161,34,2,true,1,0.003
mixed-032-1,mixed,seed=0x61f2e8b302ff90ca;cycles=8;planted=3;d_b=4;m=2;gap=1;k=2,13,false,14,0.023,7,2,1,0.026,7,2,true,1,0.019
mixed-032-1,mixed,seed=0x61f2e8b302ff90ca;cycles=8;planted=3;d_b=4;m=2;gap=1;k=2,13,false,14,0.023,7,2,2,0.025,7,2,true,1,0.017
mixed-032-1,mixed,seed=0x61f2e8b302ff90ca;cycles=8;planted=3;d_b=4;m=2;gap=1;k=2,13,false,14,0.023,7,2,4,0.024,7,2,true,1,0.017
mixed-032-1,mixed,seed=0x61f2e8b302ff90ca;cycles=8;planted=3;d_b=4;m=2;gap=1;k=2,13,false,14,0.023,7,2,8,0.023,7,2,true,1,0.017
mixed-032-1,mixed,seed=0x61f2e8b302ff90ca;cycles=8;planted=3;d_b=4;m=2;gap=1;k=2,13,false,14,0.023,7,2,16,0.023,7,2,true,1,0.017
mixed-032-1,mixed,seed=0x61f2e8b302ff90ca;cycles=8;planted=3;d_b=4;m=2;gap=1;k=2,13,false,14,0.023,7,2,32,0.022,7,2,true,1,0.016
mixed-032-1,mixed,seed=0x61f2e8b302ff90ca;cycles=8;planted=3;d_b=4;m=2;gap=1;k=2,13,false,14,0.023,7,2,64,0.022,7,2,true,1,0.016
mixed-032-1,mixed,seed=0x61f2e8b302ff90ca;cycles=8;planted=3;d_b=4;m=2;gap=1;k=2,13,false,14,0.023,7,2,128,0.022,7,2,true,1,0.016
mixed-032-1,mixed,seed=0x61f2e8b302ff90ca;cycles=8;planted=3;d_b=4;m=2;gap=1;k=2,13,false,14,0.023,7,2,256,0.022,7,2,true,1,0.016
mixed-032-1,mixed,seed=0x61f2e8b302ff90ca;cycles=8;planted=3;d_b=4;m=2;gap=1;k=2,13,false,14,0.023,7,2,512,0.022,7,2,true,1,0.016
mixed-032-1,mixed,seed=0x61f2e8b302ff90ca;cycles=8;planted=3;d_b=4;m=2;gap=1;k=2,13,false,14,0.023,7,2,1024,0.022,7,2,true,1,0.016
mixed-032-1,mixed,seed=0x61f2e8b302ff90ca;cycles=8;planted=3;d_b=4;m=2;gap=1;k=2,13,false,14,0.023,7,2,2048,0.023,7,2,true,1,0.016
mixed-032-1,mixed,seed=0x61f2e8b302ff90ca;cycles=8;planted=3;d_b=4;m=2;gap=1;k=2,13,false,14,0.023,7,2,4096,0.031,7,2,true,1,0.022
mixed-032-1,mixed,seed=0x61f2e8b302ff90ca;cycles=8;planted=3;d_b=4;m=2;gap=1;k=2,13,false,14,0.023,7,2,8192,0.022,7,2,true,1,0.016
mixed-032-1,mixed,seed=0x61f2e8b302ff90ca;cycles=8;planted=3;d_b=4;m=2;gap=1;k=2,13,false,14,0.023,7,2,16384,0.025,7,2,true,1,0.018
dec-098,dec,d_b=8;m=5;gap=3;k=4;q=3;s=18,40,false,42,0.150,34,2,1,0.018,37,36,false,0,0.000
dec-098,dec,d_b=8;m=5;gap=3;k=4;q=3;s=18,40,false,42,0.150,34,2,2,0.026,37,36,false,0,0.000
dec-098,dec,d_b=8;m=5;gap=3;k=4;q=3;s=18,40,false,42,0.150,34,2,4,0.042,37,36,false,0,0.000
dec-098,dec,d_b=8;m=5;gap=3;k=4;q=3;s=18,40,false,42,0.150,34,2,8,0.072,37,36,false,0,0.000
dec-098,dec,d_b=8;m=5;gap=3;k=4;q=3;s=18,40,false,42,0.150,34,2,16,0.132,37,36,false,0,0.000
dec-098,dec,d_b=8;m=5;gap=3;k=4;q=3;s=18,40,false,42,0.150,34,2,32,0.271,34,2,false,0,0.000
dec-098,dec,d_b=8;m=5;gap=3;k=4;q=3;s=18,40,false,42,0.150,34,2,64,0.336,34,2,true,0,0.000
dec-098,dec,d_b=8;m=5;gap=3;k=4;q=3;s=18,40,false,42,0.150,34,2,128,0.331,34,2,true,0,0.000
dec-098,dec,d_b=8;m=5;gap=3;k=4;q=3;s=18,40,false,42,0.150,34,2,256,0.330,34,2,true,0,0.000
dec-098,dec,d_b=8;m=5;gap=3;k=4;q=3;s=18,40,false,42,0.150,34,2,512,0.326,34,2,true,0,0.000
dec-098,dec,d_b=8;m=5;gap=3;k=4;q=3;s=18,40,false,42,0.150,34,2,1024,0.326,34,2,true,0,0.000
dec-098,dec,d_b=8;m=5;gap=3;k=4;q=3;s=18,40,false,42,0.150,34,2,2048,0.325,34,2,true,0,0.000
dec-098,dec,d_b=8;m=5;gap=3;k=4;q=3;s=18,40,false,42,0.150,34,2,4096,0.329,34,2,true,0,0.000
dec-098,dec,d_b=8;m=5;gap=3;k=4;q=3;s=18,40,false,42,0.150,34,2,8192,0.328,34,2,true,0,0.000
dec-098,dec,d_b=8;m=5;gap=3;k=4;q=3;s=18,40,false,42,0.150,34,2,16384,0.328,34,2,true,0,0.000
mixed-032-2,mixed,seed=0x99cae54220100e3f;cycles=8;planted=3;d_b=4;m=2;gap=1;k=2,810576,false,84755,0.140,30,10,1,0.110,33,22,false,0,0.000
mixed-032-2,mixed,seed=0x99cae54220100e3f;cycles=8;planted=3;d_b=4;m=2;gap=1;k=2,810576,false,84755,0.140,30,10,2,0.281,30,10,true,4,0.076
mixed-032-2,mixed,seed=0x99cae54220100e3f;cycles=8;planted=3;d_b=4;m=2;gap=1;k=2,810576,false,84755,0.140,30,10,4,0.253,30,10,true,4,0.068
mixed-032-2,mixed,seed=0x99cae54220100e3f;cycles=8;planted=3;d_b=4;m=2;gap=1;k=2,810576,false,84755,0.140,30,10,8,0.238,30,10,true,4,0.063
mixed-032-2,mixed,seed=0x99cae54220100e3f;cycles=8;planted=3;d_b=4;m=2;gap=1;k=2,810576,false,84755,0.140,30,10,16,0.231,30,10,true,4,0.061
mixed-032-2,mixed,seed=0x99cae54220100e3f;cycles=8;planted=3;d_b=4;m=2;gap=1;k=2,810576,false,84755,0.140,30,10,32,0.228,30,10,true,4,0.060
mixed-032-2,mixed,seed=0x99cae54220100e3f;cycles=8;planted=3;d_b=4;m=2;gap=1;k=2,810576,false,84755,0.140,30,10,64,0.224,30,10,true,4,0.058
mixed-032-2,mixed,seed=0x99cae54220100e3f;cycles=8;planted=3;d_b=4;m=2;gap=1;k=2,810576,false,84755,0.140,30,10,128,0.223,30,10,true,4,0.058
mixed-032-2,mixed,seed=0x99cae54220100e3f;cycles=8;planted=3;d_b=4;m=2;gap=1;k=2,810576,false,84755,0.140,30,10,256,0.222,30,10,true,4,0.058
mixed-032-2,mixed,seed=0x99cae54220100e3f;cycles=8;planted=3;d_b=4;m=2;gap=1;k=2,810576,false,84755,0.140,30,10,512,0.224,30,10,true,4,0.058
mixed-032-2,mixed,seed=0x99cae54220100e3f;cycles=8;planted=3;d_b=4;m=2;gap=1;k=2,810576,false,84755,0.140,30,10,1024,0.229,30,10,true,4,0.058
mixed-032-2,mixed,seed=0x99cae54220100e3f;cycles=8;planted=3;d_b=4;m=2;gap=1;k=2,810576,false,84755,0.140,30,10,2048,0.280,30,10,true,4,0.073
mixed-032-2,mixed,seed=0x99cae54220100e3f;cycles=8;planted=3;d_b=4;m=2;gap=1;k=2,810576,false,84755,0.140,30,10,4096,0.224,30,10,true,4,0.057
mixed-032-2,mixed,seed=0x99cae54220100e3f;cycles=8;planted=3;d_b=4;m=2;gap=1;k=2,810576,false,84755,0.140,30,10,8192,0.247,30,10,true,4,0.063
mixed-032-2,mixed,seed=0x99cae54220100e3f;cycles=8;planted=3;d_b=4;m=2;gap=1;k=2,810576,false,84755,0.140,30,10,16384,0.221,30,10,true,4,0.058
dec-099,dec,d_b=8;m=5;gap=7;k=1;q=3;s=20,16,false,18,0.059,34,2,1,0.016,41,40,false,0,0.000
dec-099,dec,d_b=8;m=5;gap=7;k=1;q=3;s=20,16,false,18,0.059,34,2,2,0.028,41,40,false,0,0.000
dec-099,dec,d_b=8;m=5;gap=7;k=1;q=3;s=20,16,false,18,0.059,34,2,4,0.040,41,40,false,0,0.000
dec-099,dec,d_b=8;m=5;gap=7;k=1;q=3;s=20,16,false,18,0.059,34,2,8,0.064,34,2,false,0,0.000
dec-099,dec,d_b=8;m=5;gap=7;k=1;q=3;s=20,16,false,18,0.059,34,2,16,0.101,34,2,true,1,0.005
dec-099,dec,d_b=8;m=5;gap=7;k=1;q=3;s=20,16,false,18,0.059,34,2,32,0.098,34,2,true,1,0.006
dec-099,dec,d_b=8;m=5;gap=7;k=1;q=3;s=20,16,false,18,0.059,34,2,64,0.094,34,2,true,1,0.004
dec-099,dec,d_b=8;m=5;gap=7;k=1;q=3;s=20,16,false,18,0.059,34,2,128,0.093,34,2,true,1,0.004
dec-099,dec,d_b=8;m=5;gap=7;k=1;q=3;s=20,16,false,18,0.059,34,2,256,0.092,34,2,true,1,0.004
dec-099,dec,d_b=8;m=5;gap=7;k=1;q=3;s=20,16,false,18,0.059,34,2,512,0.092,34,2,true,1,0.004
dec-099,dec,d_b=8;m=5;gap=7;k=1;q=3;s=20,16,false,18,0.059,34,2,1024,0.092,34,2,true,1,0.004
dec-099,dec,d_b=8;m=5;gap=7;k=1;q=3;s=20,16,false,18,0.059,34,2,2048,0.091,34,2,true,1,0.004
dec-099,dec,d_b=8;m=5;gap=7;k=1;q=3;s=20,16,false,18,0.059,34,2,4096,0.091,34,2,true,1,0.004
dec-099,dec,d_b=8;m=5;gap=7;k=1;q=3;s=20,16,false,18,0.059,34,2,8192,0.091,34,2,true,1,0.004
dec-099,dec,d_b=8;m=5;gap=7;k=1;q=3;s=20,16,false,18,0.059,34,2,16384,0.091,34,2,true,1,0.004
mixed-033-0,mixed,seed=0xa240eeafea0d26bf;cycles=8;planted=3;d_b=8;m=3;gap=2;k=2,25,false,27,0.067,19,2,1,0.018,22,20,false,0,0.000
mixed-033-0,mixed,seed=0xa240eeafea0d26bf;cycles=8;planted=3;d_b=8;m=3;gap=2;k=2,25,false,27,0.067,19,2,2,0.017,22,20,false,0,0.000
mixed-033-0,mixed,seed=0xa240eeafea0d26bf;cycles=8;planted=3;d_b=8;m=3;gap=2;k=2,25,false,27,0.067,19,2,4,0.033,22,20,false,0,0.000
mixed-033-0,mixed,seed=0xa240eeafea0d26bf;cycles=8;planted=3;d_b=8;m=3;gap=2;k=2,25,false,27,0.067,19,2,8,0.048,22,20,false,0,0.000
mixed-033-0,mixed,seed=0xa240eeafea0d26bf;cycles=8;planted=3;d_b=8;m=3;gap=2;k=2,25,false,27,0.067,19,2,16,0.115,19,2,false,0,0.000
mixed-033-0,mixed,seed=0xa240eeafea0d26bf;cycles=8;planted=3;d_b=8;m=3;gap=2;k=2,25,false,27,0.067,19,2,32,0.125,19,2,true,1,0.005
mixed-033-0,mixed,seed=0xa240eeafea0d26bf;cycles=8;planted=3;d_b=8;m=3;gap=2;k=2,25,false,27,0.067,19,2,64,0.132,19,2,true,1,0.007
mixed-033-0,mixed,seed=0xa240eeafea0d26bf;cycles=8;planted=3;d_b=8;m=3;gap=2;k=2,25,false,27,0.067,19,2,128,0.119,19,2,true,1,0.005
mixed-033-0,mixed,seed=0xa240eeafea0d26bf;cycles=8;planted=3;d_b=8;m=3;gap=2;k=2,25,false,27,0.067,19,2,256,0.121,19,2,true,1,0.005
mixed-033-0,mixed,seed=0xa240eeafea0d26bf;cycles=8;planted=3;d_b=8;m=3;gap=2;k=2,25,false,27,0.067,19,2,512,0.117,19,2,true,1,0.005
mixed-033-0,mixed,seed=0xa240eeafea0d26bf;cycles=8;planted=3;d_b=8;m=3;gap=2;k=2,25,false,27,0.067,19,2,1024,0.117,19,2,true,1,0.005
mixed-033-0,mixed,seed=0xa240eeafea0d26bf;cycles=8;planted=3;d_b=8;m=3;gap=2;k=2,25,false,27,0.067,19,2,2048,0.117,19,2,true,1,0.005
mixed-033-0,mixed,seed=0xa240eeafea0d26bf;cycles=8;planted=3;d_b=8;m=3;gap=2;k=2,25,false,27,0.067,19,2,4096,0.115,19,2,true,1,0.005
mixed-033-0,mixed,seed=0xa240eeafea0d26bf;cycles=8;planted=3;d_b=8;m=3;gap=2;k=2,25,false,27,0.067,19,2,8192,0.117,19,2,true,1,0.005
mixed-033-0,mixed,seed=0xa240eeafea0d26bf;cycles=8;planted=3;d_b=8;m=3;gap=2;k=2,25,false,27,0.067,19,2,16384,0.117,19,2,true,1,0.005
dec-100,dec,d_b=8;m=5;gap=7;k=2;q=3;s=20,24,false,26,0.092,34,2,1,0.017,41,40,false,0,0.000
dec-100,dec,d_b=8;m=5;gap=7;k=2;q=3;s=20,24,false,26,0.092,34,2,2,0.027,41,40,false,0,0.000
dec-100,dec,d_b=8;m=5;gap=7;k=2;q=3;s=20,24,false,26,0.092,34,2,4,0.040,41,40,false,0,0.000
dec-100,dec,d_b=8;m=5;gap=7;k=2;q=3;s=20,24,false,26,0.092,34,2,8,0.072,41,40,false,0,0.000
dec-100,dec,d_b=8;m=5;gap=7;k=2;q=3;s=20,24,false,26,0.092,34,2,16,0.136,34,2,false,0,0.000
dec-100,dec,d_b=8;m=5;gap=7;k=2;q=3;s=20,24,false,26,0.092,34,2,32,0.175,34,2,true,1,0.004
dec-100,dec,d_b=8;m=5;gap=7;k=2;q=3;s=20,24,false,26,0.092,34,2,64,0.189,34,2,true,1,0.004
dec-100,dec,d_b=8;m=5;gap=7;k=2;q=3;s=20,24,false,26,0.092,34,2,128,0.173,34,2,true,1,0.004
dec-100,dec,d_b=8;m=5;gap=7;k=2;q=3;s=20,24,false,26,0.092,34,2,256,0.170,34,2,true,1,0.003
dec-100,dec,d_b=8;m=5;gap=7;k=2;q=3;s=20,24,false,26,0.092,34,2,512,0.171,34,2,true,1,0.003
dec-100,dec,d_b=8;m=5;gap=7;k=2;q=3;s=20,24,false,26,0.092,34,2,1024,0.167,34,2,true,1,0.003
dec-100,dec,d_b=8;m=5;gap=7;k=2;q=3;s=20,24,false,26,0.092,34,2,2048,0.170,34,2,true,1,0.003
dec-100,dec,d_b=8;m=5;gap=7;k=2;q=3;s=20,24,false,26,0.092,34,2,4096,0.166,34,2,true,1,0.003
dec-100,dec,d_b=8;m=5;gap=7;k=2;q=3;s=20,24,false,26,0.092,34,2,8192,0.170,34,2,true,1,0.003
dec-100,dec,d_b=8;m=5;gap=7;k=2;q=3;s=20,24,false,26,0.092,34,2,16384,0.167,34,2,true,1,0.003
mixed-033-1,mixed,seed=0xbc1d25d35bcf50be;cycles=8;planted=3;d_b=8;m=3;gap=2;k=2,1941345,false,190662,0.262,79,14,1,0.157,88,68,false,1,0.039
mixed-033-1,mixed,seed=0xbc1d25d35bcf50be;cycles=8;planted=3;d_b=8;m=3;gap=2;k=2,1941345,false,190662,0.262,79,14,2,0.177,88,68,false,3,0.038
mixed-033-1,mixed,seed=0xbc1d25d35bcf50be;cycles=8;planted=3;d_b=8;m=3;gap=2;k=2,1941345,false,190662,0.262,79,14,4,0.173,88,68,false,3,0.034
mixed-033-1,mixed,seed=0xbc1d25d35bcf50be;cycles=8;planted=3;d_b=8;m=3;gap=2;k=2,1941345,false,190662,0.262,79,14,8,0.230,88,68,false,4,0.055
mixed-033-1,mixed,seed=0xbc1d25d35bcf50be;cycles=8;planted=3;d_b=8;m=3;gap=2;k=2,1941345,false,190662,0.262,79,14,16,0.332,88,68,false,4,0.053
mixed-033-1,mixed,seed=0xbc1d25d35bcf50be;cycles=8;planted=3;d_b=8;m=3;gap=2;k=2,1941345,false,190662,0.262,79,14,32,0.501,85,50,false,4,0.045
mixed-033-1,mixed,seed=0xbc1d25d35bcf50be;cycles=8;planted=3;d_b=8;m=3;gap=2;k=2,1941345,false,190662,0.262,79,14,64,0.959,79,14,true,7,0.061
mixed-033-1,mixed,seed=0xbc1d25d35bcf50be;cycles=8;planted=3;d_b=8;m=3;gap=2;k=2,1941345,false,190662,0.262,79,14,128,0.943,79,14,true,7,0.062
mixed-033-1,mixed,seed=0xbc1d25d35bcf50be;cycles=8;planted=3;d_b=8;m=3;gap=2;k=2,1941345,false,190662,0.262,79,14,256,0.930,79,14,true,7,0.060
mixed-033-1,mixed,seed=0xbc1d25d35bcf50be;cycles=8;planted=3;d_b=8;m=3;gap=2;k=2,1941345,false,190662,0.262,79,14,512,0.934,79,14,true,7,0.059
mixed-033-1,mixed,seed=0xbc1d25d35bcf50be;cycles=8;planted=3;d_b=8;m=3;gap=2;k=2,1941345,false,190662,0.262,79,14,1024,0.921,79,14,true,7,0.059
mixed-033-1,mixed,seed=0xbc1d25d35bcf50be;cycles=8;planted=3;d_b=8;m=3;gap=2;k=2,1941345,false,190662,0.262,79,14,2048,0.926,79,14,true,7,0.058
mixed-033-1,mixed,seed=0xbc1d25d35bcf50be;cycles=8;planted=3;d_b=8;m=3;gap=2;k=2,1941345,false,190662,0.262,79,14,4096,0.913,79,14,true,7,0.059
mixed-033-1,mixed,seed=0xbc1d25d35bcf50be;cycles=8;planted=3;d_b=8;m=3;gap=2;k=2,1941345,false,190662,0.262,79,14,8192,0.903,79,14,true,7,0.057
mixed-033-1,mixed,seed=0xbc1d25d35bcf50be;cycles=8;planted=3;d_b=8;m=3;gap=2;k=2,1941345,false,190662,0.262,79,14,16384,0.899,79,14,true,7,0.056
dec-101,dec,d_b=8;m=5;gap=7;k=4;q=3;s=20,40,false,42,0.161,34,2,1,0.021,41,40,false,0,0.000
dec-101,dec,d_b=8;m=5;gap=7;k=4;q=3;s=20,40,false,42,0.161,34,2,2,0.030,41,40,false,0,0.000
dec-101,dec,d_b=8;m=5;gap=7;k=4;q=3;s=20,40,false,42,0.161,34,2,4,0.046,41,40,false,0,0.000
dec-101,dec,d_b=8;m=5;gap=7;k=4;q=3;s=20,40,false,42,0.161,34,2,8,0.081,41,40,false,0,0.000
dec-101,dec,d_b=8;m=5;gap=7;k=4;q=3;s=20,40,false,42,0.161,34,2,16,0.146,34,2,false,0,0.000
dec-101,dec,d_b=8;m=5;gap=7;k=4;q=3;s=20,40,false,42,0.161,34,2,32,0.294,34,2,false,0,0.000
dec-101,dec,d_b=8;m=5;gap=7;k=4;q=3;s=20,40,false,42,0.161,34,2,64,0.352,34,2,true,0,0.000
dec-101,dec,d_b=8;m=5;gap=7;k=4;q=3;s=20,40,false,42,0.161,34,2,128,0.362,34,2,true,0,0.000
dec-101,dec,d_b=8;m=5;gap=7;k=4;q=3;s=20,40,false,42,0.161,34,2,256,0.355,34,2,true,0,0.000
dec-101,dec,d_b=8;m=5;gap=7;k=4;q=3;s=20,40,false,42,0.161,34,2,512,0.349,34,2,true,0,0.000
dec-101,dec,d_b=8;m=5;gap=7;k=4;q=3;s=20,40,false,42,0.161,34,2,1024,0.354,34,2,true,0,0.000
dec-101,dec,d_b=8;m=5;gap=7;k=4;q=3;s=20,40,false,42,0.161,34,2,2048,0.347,34,2,true,0,0.000
dec-101,dec,d_b=8;m=5;gap=7;k=4;q=3;s=20,40,false,42,0.161,34,2,4096,0.341,34,2,true,0,0.000
dec-101,dec,d_b=8;m=5;gap=7;k=4;q=3;s=20,40,false,42,0.161,34,2,8192,0.345,34,2,true,0,0.000
dec-101,dec,d_b=8;m=5;gap=7;k=4;q=3;s=20,40,false,42,0.161,34,2,16384,0.346,34,2,true,0,0.000
mixed-033-2,mixed,seed=0xa1da444764c86fe3;cycles=8;planted=3;d_b=8;m=3;gap=2;k=2,74,false,82,0.190,56,6,1,0.043,65,60,false,0,0.000
mixed-033-2,mixed,seed=0xa1da444764c86fe3;cycles=8;planted=3;d_b=8;m=3;gap=2;k=2,74,false,82,0.190,56,6,2,0.049,65,60,false,0,0.000
mixed-033-2,mixed,seed=0xa1da444764c86fe3;cycles=8;planted=3;d_b=8;m=3;gap=2;k=2,74,false,82,0.190,56,6,4,0.055,65,60,false,0,0.000
mixed-033-2,mixed,seed=0xa1da444764c86fe3;cycles=8;planted=3;d_b=8;m=3;gap=2;k=2,74,false,82,0.190,56,6,8,0.083,65,60,false,0,0.000
mixed-033-2,mixed,seed=0xa1da444764c86fe3;cycles=8;planted=3;d_b=8;m=3;gap=2;k=2,74,false,82,0.190,56,6,16,0.148,65,60,false,0,0.000
mixed-033-2,mixed,seed=0xa1da444764c86fe3;cycles=8;planted=3;d_b=8;m=3;gap=2;k=2,74,false,82,0.190,56,6,32,0.279,62,42,false,0,0.000
mixed-033-2,mixed,seed=0xa1da444764c86fe3;cycles=8;planted=3;d_b=8;m=3;gap=2;k=2,74,false,82,0.190,56,6,64,0.517,56,6,true,3,0.015
mixed-033-2,mixed,seed=0xa1da444764c86fe3;cycles=8;planted=3;d_b=8;m=3;gap=2;k=2,74,false,82,0.190,56,6,128,0.508,56,6,true,3,0.014
mixed-033-2,mixed,seed=0xa1da444764c86fe3;cycles=8;planted=3;d_b=8;m=3;gap=2;k=2,74,false,82,0.190,56,6,256,0.509,56,6,true,3,0.014
mixed-033-2,mixed,seed=0xa1da444764c86fe3;cycles=8;planted=3;d_b=8;m=3;gap=2;k=2,74,false,82,0.190,56,6,512,0.504,56,6,true,3,0.013
mixed-033-2,mixed,seed=0xa1da444764c86fe3;cycles=8;planted=3;d_b=8;m=3;gap=2;k=2,74,false,82,0.190,56,6,1024,0.503,56,6,true,3,0.013
mixed-033-2,mixed,seed=0xa1da444764c86fe3;cycles=8;planted=3;d_b=8;m=3;gap=2;k=2,74,false,82,0.190,56,6,2048,0.498,56,6,true,3,0.013
mixed-033-2,mixed,seed=0xa1da444764c86fe3;cycles=8;planted=3;d_b=8;m=3;gap=2;k=2,74,false,82,0.190,56,6,4096,0.508,56,6,true,3,0.013
mixed-033-2,mixed,seed=0xa1da444764c86fe3;cycles=8;planted=3;d_b=8;m=3;gap=2;k=2,74,false,82,0.190,56,6,8192,0.498,56,6,true,3,0.013
mixed-033-2,mixed,seed=0xa1da444764c86fe3;cycles=8;planted=3;d_b=8;m=3;gap=2;k=2,74,false,82,0.190,56,6,16384,0.495,56,6,true,3,0.013
dec-102,dec,d_b=8;m=5;gap=13;k=1;q=3;s=23,16,false,18,0.054,34,2,1,0.017,47,46,false,0,0.000
dec-102,dec,d_b=8;m=5;gap=13;k=1;q=3;s=23,16,false,18,0.054,34,2,2,0.030,47,46,false,0,0.000
dec-102,dec,d_b=8;m=5;gap=13;k=1;q=3;s=23,16,false,18,0.054,34,2,4,0.050,34,2,false,0,0.000
dec-102,dec,d_b=8;m=5;gap=13;k=1;q=3;s=23,16,false,18,0.054,34,2,8,0.071,34,2,false,0,0.000
dec-102,dec,d_b=8;m=5;gap=13;k=1;q=3;s=23,16,false,18,0.054,34,2,16,0.106,34,2,true,1,0.005
dec-102,dec,d_b=8;m=5;gap=13;k=1;q=3;s=23,16,false,18,0.054,34,2,32,0.102,34,2,true,1,0.005
dec-102,dec,d_b=8;m=5;gap=13;k=1;q=3;s=23,16,false,18,0.054,34,2,64,0.111,34,2,true,1,0.004
dec-102,dec,d_b=8;m=5;gap=13;k=1;q=3;s=23,16,false,18,0.054,34,2,128,0.106,34,2,true,1,0.005
dec-102,dec,d_b=8;m=5;gap=13;k=1;q=3;s=23,16,false,18,0.054,34,2,256,0.101,34,2,true,1,0.004
dec-102,dec,d_b=8;m=5;gap=13;k=1;q=3;s=23,16,false,18,0.054,34,2,512,0.102,34,2,true,1,0.004
dec-102,dec,d_b=8;m=5;gap=13;k=1;q=3;s=23,16,false,18,0.054,34,2,1024,0.100,34,2,true,1,0.004
dec-102,dec,d_b=8;m=5;gap=13;k=1;q=3;s=23,16,false,18,0.054,34,2,2048,0.109,34,2,true,1,0.004
dec-102,dec,d_b=8;m=5;gap=13;k=1;q=3;s=23,16,false,18,0.054,34,2,4096,0.101,34,2,true,1,0.004
dec-102,dec,d_b=8;m=5;gap=13;k=1;q=3;s=23,16,false,18,0.054,34,2,8192,0.184,34,2,true,1,0.005
dec-102,dec,d_b=8;m=5;gap=13;k=1;q=3;s=23,16,false,18,0.054,34,2,16384,0.101,34,2,true,1,0.004
mixed-034-0,mixed,seed=0xa70f32f70b2f1bf2;cycles=8;planted=3;d_b=12;m=2;gap=6;k=4,121,false,123,0.208,29,4,1,0.028,43,40,false,0,0.000
mixed-034-0,mixed,seed=0xa70f32f70b2f1bf2;cycles=8;planted=3;d_b=12;m=2;gap=6;k=4,121,false,123,0.208,29,4,2,0.030,43,40,false,0,0.000
mixed-034-0,mixed,seed=0xa70f32f70b2f1bf2;cycles=8;planted=3;d_b=12;m=2;gap=6;k=4,121,false,123,0.208,29,4,4,0.040,43,40,false,0,0.000
mixed-034-0,mixed,seed=0xa70f32f70b2f1bf2;cycles=8;planted=3;d_b=12;m=2;gap=6;k=4,121,false,123,0.208,29,4,8,0.059,43,40,false,0,0.000
mixed-034-0,mixed,seed=0xa70f32f70b2f1bf2;cycles=8;planted=3;d_b=12;m=2;gap=6;k=4,121,false,123,0.208,29,4,16,0.105,43,40,false,0,0.000
mixed-034-0,mixed,seed=0xa70f32f70b2f1bf2;cycles=8;planted=3;d_b=12;m=2;gap=6;k=4,121,false,123,0.208,29,4,32,0.215,29,4,false,0,0.000
mixed-034-0,mixed,seed=0xa70f32f70b2f1bf2;cycles=8;planted=3;d_b=12;m=2;gap=6;k=4,121,false,123,0.208,29,4,64,0.412,29,4,false,0,0.000
mixed-034-0,mixed,seed=0xa70f32f70b2f1bf2;cycles=8;planted=3;d_b=12;m=2;gap=6;k=4,121,false,123,0.208,29,4,128,0.752,29,4,true,2,0.010
mixed-034-0,mixed,seed=0xa70f32f70b2f1bf2;cycles=8;planted=3;d_b=12;m=2;gap=6;k=4,121,false,123,0.208,29,4,256,0.744,29,4,true,2,0.008
mixed-034-0,mixed,seed=0xa70f32f70b2f1bf2;cycles=8;planted=3;d_b=12;m=2;gap=6;k=4,121,false,123,0.208,29,4,512,0.753,29,4,true,2,0.008
mixed-034-0,mixed,seed=0xa70f32f70b2f1bf2;cycles=8;planted=3;d_b=12;m=2;gap=6;k=4,121,false,123,0.208,29,4,1024,0.741,29,4,true,2,0.007
mixed-034-0,mixed,seed=0xa70f32f70b2f1bf2;cycles=8;planted=3;d_b=12;m=2;gap=6;k=4,121,false,123,0.208,29,4,2048,0.735,29,4,true,2,0.007
mixed-034-0,mixed,seed=0xa70f32f70b2f1bf2;cycles=8;planted=3;d_b=12;m=2;gap=6;k=4,121,false,123,0.208,29,4,4096,0.742,29,4,true,2,0.007
mixed-034-0,mixed,seed=0xa70f32f70b2f1bf2;cycles=8;planted=3;d_b=12;m=2;gap=6;k=4,121,false,123,0.208,29,4,8192,0.741,29,4,true,2,0.007
mixed-034-0,mixed,seed=0xa70f32f70b2f1bf2;cycles=8;planted=3;d_b=12;m=2;gap=6;k=4,121,false,123,0.208,29,4,16384,0.731,29,4,true,2,0.007
dec-103,dec,d_b=8;m=5;gap=13;k=2;q=3;s=23,24,false,26,0.084,34,2,1,0.018,47,46,false,0,0.000
dec-103,dec,d_b=8;m=5;gap=13;k=2;q=3;s=23,24,false,26,0.084,34,2,2,0.028,47,46,false,0,0.000
dec-103,dec,d_b=8;m=5;gap=13;k=2;q=3;s=23,24,false,26,0.084,34,2,4,0.044,47,46,false,0,0.000
dec-103,dec,d_b=8;m=5;gap=13;k=2;q=3;s=23,24,false,26,0.084,34,2,8,0.084,34,2,false,0,0.000
dec-103,dec,d_b=8;m=5;gap=13;k=2;q=3;s=23,24,false,26,0.084,34,2,16,0.147,34,2,false,0,0.000
dec-103,dec,d_b=8;m=5;gap=13;k=2;q=3;s=23,24,false,26,0.084,34,2,32,0.191,34,2,true,1,0.004
dec-103,dec,d_b=8;m=5;gap=13;k=2;q=3;s=23,24,false,26,0.084,34,2,64,0.188,34,2,true,1,0.004
dec-103,dec,d_b=8;m=5;gap=13;k=2;q=3;s=23,24,false,26,0.084,34,2,128,0.183,34,2,true,1,0.003
dec-103,dec,d_b=8;m=5;gap=13;k=2;q=3;s=23,24,false,26,0.084,34,2,256,0.187,34,2,true,1,0.003
dec-103,dec,d_b=8;m=5;gap=13;k=2;q=3;s=23,24,false,26,0.084,34,2,512,0.183,34,2,true,1,0.003
dec-103,dec,d_b=8;m=5;gap=13;k=2;q=3;s=23,24,false,26,0.084,34,2,1024,0.180,34,2,true,1,0.003
dec-103,dec,d_b=8;m=5;gap=13;k=2;q=3;s=23,24,false,26,0.084,34,2,2048,0.191,34,2,true,1,0.004
dec-103,dec,d_b=8;m=5;gap=13;k=2;q=3;s=23,24,false,26,0.084,34,2,4096,0.182,34,2,true,1,0.003
dec-103,dec,d_b=8;m=5;gap=13;k=2;q=3;s=23,24,false,26,0.084,34,2,8192,0.181,34,2,true,1,0.003
dec-103,dec,d_b=8;m=5;gap=13;k=2;q=3;s=23,24,false,26,0.084,34,2,16384,0.185,34,2,true,1,0.003
mixed-034-1,mixed,seed=0x1aafaa32293d1131;cycles=8;planted=3;d_b=12;m=2;gap=6;k=4,810722,false,84855,0.318,53,10,1,0.082,74,64,false,0,0.000
mixed-034-1,mixed,seed=0x1aafaa32293d1131;cycles=8;planted=3;d_b=12;m=2;gap=6;k=4,810722,false,84855,0.318,53,10,2,0.117,74,64,false,1,0.028
mixed-034-1,mixed,seed=0x1aafaa32293d1131;cycles=8;planted=3;d_b=12;m=2;gap=6;k=4,810722,false,84855,0.318,53,10,4,0.098,74,64,false,1,0.015
mixed-034-1,mixed,seed=0x1aafaa32293d1131;cycles=8;planted=3;d_b=12;m=2;gap=6;k=4,810722,false,84855,0.318,53,10,8,0.132,74,64,false,1,0.014
mixed-034-1,mixed,seed=0x1aafaa32293d1131;cycles=8;planted=3;d_b=12;m=2;gap=6;k=4,810722,false,84855,0.318,53,10,16,0.184,74,64,false,1,0.013
mixed-034-1,mixed,seed=0x1aafaa32293d1131;cycles=8;planted=3;d_b=12;m=2;gap=6;k=4,810722,false,84855,0.318,53,10,32,0.307,67,46,false,1,0.015
mixed-034-1,mixed,seed=0x1aafaa32293d1131;cycles=8;planted=3;d_b=12;m=2;gap=6;k=4,810722,false,84855,0.318,53,10,64,0.552,60,28,false,1,0.013
mixed-034-1,mixed,seed=0x1aafaa32293d1131;cycles=8;planted=3;d_b=12;m=2;gap=6;k=4,810722,false,84855,0.318,53,10,128,1.132,53,10,false,2,0.021
mixed-034-1,mixed,seed=0x1aafaa32293d1131;cycles=8;planted=3;d_b=12;m=2;gap=6;k=4,810722,false,84855,0.318,53,10,256,1.574,53,10,true,4,0.024
mixed-034-1,mixed,seed=0x1aafaa32293d1131;cycles=8;planted=3;d_b=12;m=2;gap=6;k=4,810722,false,84855,0.318,53,10,512,1.587,53,10,true,4,0.023
mixed-034-1,mixed,seed=0x1aafaa32293d1131;cycles=8;planted=3;d_b=12;m=2;gap=6;k=4,810722,false,84855,0.318,53,10,1024,1.549,53,10,true,4,0.022
mixed-034-1,mixed,seed=0x1aafaa32293d1131;cycles=8;planted=3;d_b=12;m=2;gap=6;k=4,810722,false,84855,0.318,53,10,2048,1.566,53,10,true,4,0.021
mixed-034-1,mixed,seed=0x1aafaa32293d1131;cycles=8;planted=3;d_b=12;m=2;gap=6;k=4,810722,false,84855,0.318,53,10,4096,1.535,53,10,true,4,0.021
mixed-034-1,mixed,seed=0x1aafaa32293d1131;cycles=8;planted=3;d_b=12;m=2;gap=6;k=4,810722,false,84855,0.318,53,10,8192,1.560,53,10,true,4,0.021
mixed-034-1,mixed,seed=0x1aafaa32293d1131;cycles=8;planted=3;d_b=12;m=2;gap=6;k=4,810722,false,84855,0.318,53,10,16384,1.528,53,10,true,4,0.021
dec-104,dec,d_b=8;m=5;gap=13;k=4;q=3;s=23,40,false,42,0.144,34,2,1,0.021,47,46,false,0,0.000
dec-104,dec,d_b=8;m=5;gap=13;k=4;q=3;s=23,40,false,42,0.144,34,2,2,0.031,47,46,false,0,0.000
dec-104,dec,d_b=8;m=5;gap=13;k=4;q=3;s=23,40,false,42,0.144,34,2,4,0.048,47,46,false,0,0.000
dec-104,dec,d_b=8;m=5;gap=13;k=4;q=3;s=23,40,false,42,0.144,34,2,8,0.080,47,46,false,0,0.000
dec-104,dec,d_b=8;m=5;gap=13;k=4;q=3;s=23,40,false,42,0.144,34,2,16,0.159,34,2,false,0,0.000
dec-104,dec,d_b=8;m=5;gap=13;k=4;q=3;s=23,40,false,42,0.144,34,2,32,0.305,34,2,false,0,0.000
dec-104,dec,d_b=8;m=5;gap=13;k=4;q=3;s=23,40,false,42,0.144,34,2,64,0.375,34,2,true,0,0.000
dec-104,dec,d_b=8;m=5;gap=13;k=4;q=3;s=23,40,false,42,0.144,34,2,128,0.369,34,2,true,0,0.000
dec-104,dec,d_b=8;m=5;gap=13;k=4;q=3;s=23,40,false,42,0.144,34,2,256,0.374,34,2,true,0,0.000
dec-104,dec,d_b=8;m=5;gap=13;k=4;q=3;s=23,40,false,42,0.144,34,2,512,0.376,34,2,true,0,0.000
dec-104,dec,d_b=8;m=5;gap=13;k=4;q=3;s=23,40,false,42,0.144,34,2,1024,0.369,34,2,true,0,0.000
dec-104,dec,d_b=8;m=5;gap=13;k=4;q=3;s=23,40,false,42,0.144,34,2,2048,0.364,34,2,true,0,0.000
dec-104,dec,d_b=8;m=5;gap=13;k=4;q=3;s=23,40,false,42,0.144,34,2,4096,0.366,34,2,true,0,0.000
dec-104,dec,d_b=8;m=5;gap=13;k=4;q=3;s=23,40,false,42,0.144,34,2,8192,0.361,34,2,true,0,0.000
dec-104,dec,d_b=8;m=5;gap=13;k=4;q=3;s=23,40,false,42,0.144,34,2,16384,0.373,34,2,true,0,0.000
mixed-034-2,mixed,seed=0x6e3294452869ed51;cycles=8;planted=3;d_b=12;m=2;gap=6;k=4,183,false,186,0.275,45,6,1,0.036,66,60,false,0,0.000
mixed-034-2,mixed,seed=0x6e3294452869ed51;cycles=8;planted=3;d_b=12;m=2;gap=6;k=4,183,false,186,0.275,45,6,2,0.037,66,60,false,0,0.000
mixed-034-2,mixed,seed=0x6e3294452869ed51;cycles=8;planted=3;d_b=12;m=2;gap=6;k=4,183,false,186,0.275,45,6,4,0.042,66,60,false,0,0.000
mixed-034-2,mixed,seed=0x6e3294452869ed51;cycles=8;planted=3;d_b=12;m=2;gap=6;k=4,183,false,186,0.275,45,6,8,0.061,66,60,false,0,0.000
mixed-034-2,mixed,seed=0x6e3294452869ed51;cycles=8;planted=3;d_b=12;m=2;gap=6;k=4,183,false,186,0.275,45,6,16,0.099,66,60,false,0,0.000
mixed-034-2,mixed,seed=0x6e3294452869ed51;cycles=8;planted=3;d_b=12;m=2;gap=6;k=4,183,false,186,0.275,45,6,32,0.197,59,42,false,0,0.000
mixed-034-2,mixed,seed=0x6e3294452869ed51;cycles=8;planted=3;d_b=12;m=2;gap=6;k=4,183,false,186,0.275,45,6,64,0.388,59,42,false,0,0.000
mixed-034-2,mixed,seed=0x6e3294452869ed51;cycles=8;planted=3;d_b=12;m=2;gap=6;k=4,183,false,186,0.275,45,6,128,0.815,45,6,false,1,0.004
mixed-034-2,mixed,seed=0x6e3294452869ed51;cycles=8;planted=3;d_b=12;m=2;gap=6;k=4,183,false,186,0.275,45,6,256,1.127,45,6,true,3,0.013
mixed-034-2,mixed,seed=0x6e3294452869ed51;cycles=8;planted=3;d_b=12;m=2;gap=6;k=4,183,false,186,0.275,45,6,512,1.092,45,6,true,3,0.010
mixed-034-2,mixed,seed=0x6e3294452869ed51;cycles=8;planted=3;d_b=12;m=2;gap=6;k=4,183,false,186,0.275,45,6,1024,1.121,45,6,true,3,0.010
mixed-034-2,mixed,seed=0x6e3294452869ed51;cycles=8;planted=3;d_b=12;m=2;gap=6;k=4,183,false,186,0.275,45,6,2048,1.089,45,6,true,3,0.010
mixed-034-2,mixed,seed=0x6e3294452869ed51;cycles=8;planted=3;d_b=12;m=2;gap=6;k=4,183,false,186,0.275,45,6,4096,1.097,45,6,true,3,0.009
mixed-034-2,mixed,seed=0x6e3294452869ed51;cycles=8;planted=3;d_b=12;m=2;gap=6;k=4,183,false,186,0.275,45,6,8192,1.085,45,6,true,3,0.009
mixed-034-2,mixed,seed=0x6e3294452869ed51;cycles=8;planted=3;d_b=12;m=2;gap=6;k=4,183,false,186,0.275,45,6,16384,1.095,45,6,true,3,0.009
dec-105,dec,d_b=8;m=9;gap=1;k=1;q=7;s=33,16,false,18,0.079,66,2,1,0.022,67,66,false,0,0.000
dec-105,dec,d_b=8;m=9;gap=1;k=1;q=7;s=33,16,false,18,0.079,66,2,2,0.038,67,66,false,0,0.000
dec-105,dec,d_b=8;m=9;gap=1;k=1;q=7;s=33,16,false,18,0.079,66,2,4,0.052,67,66,false,0,0.000
dec-105,dec,d_b=8;m=9;gap=1;k=1;q=7;s=33,16,false,18,0.079,66,2,8,0.089,66,2,false,0,0.000
dec-105,dec,d_b=8;m=9;gap=1;k=1;q=7;s=33,16,false,18,0.079,66,2,16,0.146,66,2,true,1,0.004
dec-105,dec,d_b=8;m=9;gap=1;k=1;q=7;s=33,16,false,18,0.079,66,2,32,0.145,66,2,true,1,0.004
dec-105,dec,d_b=8;m=9;gap=1;k=1;q=7;s=33,16,false,18,0.079,66,2,64,0.141,66,2,true,1,0.003
dec-105,dec,d_b=8;m=9;gap=1;k=1;q=7;s=33,16,false,18,0.079,66,2,128,0.141,66,2,true,1,0.003
dec-105,dec,d_b=8;m=9;gap=1;k=1;q=7;s=33,16,false,18,0.079,66,2,256,0.138,66,2,true,1,0.003
dec-105,dec,d_b=8;m=9;gap=1;k=1;q=7;s=33,16,false,18,0.079,66,2,512,0.139,66,2,true,1,0.003
dec-105,dec,d_b=8;m=9;gap=1;k=1;q=7;s=33,16,false,18,0.079,66,2,1024,0.136,66,2,true,1,0.003
dec-105,dec,d_b=8;m=9;gap=1;k=1;q=7;s=33,16,false,18,0.079,66,2,2048,0.137,66,2,true,1,0.003
dec-105,dec,d_b=8;m=9;gap=1;k=1;q=7;s=33,16,false,18,0.079,66,2,4096,0.138,66,2,true,1,0.003
dec-105,dec,d_b=8;m=9;gap=1;k=1;q=7;s=33,16,false,18,0.079,66,2,8192,0.137,66,2,true,1,0.003
dec-105,dec,d_b=8;m=9;gap=1;k=1;q=7;s=33,16,false,18,0.079,66,2,16384,0.136,66,2,true,1,0.003
mixed-035-0,mixed,seed=0x8ff528db1ae67c2c;cycles=8;planted=3;d_b=16;m=5;gap=2;k=1,2187706,false,210340,0.559,220,10,1,0.195,229,208,false,0,0.000
mixed-035-0,mixed,seed=0x8ff528db1ae67c2c;cycles=8;planted=3;d_b=16;m=5;gap=2;k=1,2187706,false,210340,0.559,220,10,2,0.322,229,208,false,4,0.054
mixed-035-0,mixed,seed=0x8ff528db1ae67c2c;cycles=8;planted=3;d_b=16;m=5;gap=2;k=1,2187706,false,210340,0.559,220,10,4,0.321,229,208,false,4,0.052
mixed-035-0,mixed,seed=0x8ff528db1ae67c2c;cycles=8;planted=3;d_b=16;m=5;gap=2;k=1,2187706,false,210340,0.559,220,10,8,0.380,229,208,false,4,0.048
mixed-035-0,mixed,seed=0x8ff528db1ae67c2c;cycles=8;planted=3;d_b=16;m=5;gap=2;k=1,2187706,false,210340,0.559,220,10,16,0.529,229,208,false,4,0.047
mixed-035-0,mixed,seed=0x8ff528db1ae67c2c;cycles=8;planted=3;d_b=16;m=5;gap=2;k=1,2187706,false,210340,0.559,220,10,32,0.868,229,208,false,4,0.047
mixed-035-0,mixed,seed=0x8ff528db1ae67c2c;cycles=8;planted=3;d_b=16;m=5;gap=2;k=1,2187706,false,210340,0.559,220,10,64,1.564,226,142,false,4,0.047
mixed-035-0,mixed,seed=0x8ff528db1ae67c2c;cycles=8;planted=3;d_b=16;m=5;gap=2;k=1,2187706,false,210340,0.559,220,10,128,2.581,220,10,true,7,0.057
mixed-035-0,mixed,seed=0x8ff528db1ae67c2c;cycles=8;planted=3;d_b=16;m=5;gap=2;k=1,2187706,false,210340,0.559,220,10,256,2.561,220,10,true,7,0.057
mixed-035-0,mixed,seed=0x8ff528db1ae67c2c;cycles=8;planted=3;d_b=16;m=5;gap=2;k=1,2187706,false,210340,0.559,220,10,512,2.642,220,10,true,7,0.063
mixed-035-0,mixed,seed=0x8ff528db1ae67c2c;cycles=8;planted=3;d_b=16;m=5;gap=2;k=1,2187706,false,210340,0.559,220,10,1024,2.556,220,10,true,7,0.055
mixed-035-0,mixed,seed=0x8ff528db1ae67c2c;cycles=8;planted=3;d_b=16;m=5;gap=2;k=1,2187706,false,210340,0.559,220,10,2048,2.552,220,10,true,7,0.055
mixed-035-0,mixed,seed=0x8ff528db1ae67c2c;cycles=8;planted=3;d_b=16;m=5;gap=2;k=1,2187706,false,210340,0.559,220,10,4096,2.537,220,10,true,7,0.054
mixed-035-0,mixed,seed=0x8ff528db1ae67c2c;cycles=8;planted=3;d_b=16;m=5;gap=2;k=1,2187706,false,210340,0.559,220,10,8192,2.541,220,10,true,7,0.057
mixed-035-0,mixed,seed=0x8ff528db1ae67c2c;cycles=8;planted=3;d_b=16;m=5;gap=2;k=1,2187706,false,210340,0.559,220,10,16384,2.528,220,10,true,7,0.054
dec-106,dec,d_b=8;m=9;gap=1;k=2;q=7;s=33,24,false,26,0.136,66,2,1,0.024,67,66,false,0,0.000
dec-106,dec,d_b=8;m=9;gap=1;k=2;q=7;s=33,24,false,26,0.136,66,2,2,0.037,67,66,false,0,0.000
dec-106,dec,d_b=8;m=9;gap=1;k=2;q=7;s=33,24,false,26,0.136,66,2,4,0.052,67,66,false,0,0.000
dec-106,dec,d_b=8;m=9;gap=1;k=2;q=7;s=33,24,false,26,0.136,66,2,8,0.098,67,66,false,0,0.000
dec-106,dec,d_b=8;m=9;gap=1;k=2;q=7;s=33,24,false,26,0.136,66,2,16,0.181,66,2,false,0,0.000
dec-106,dec,d_b=8;m=9;gap=1;k=2;q=7;s=33,24,false,26,0.136,66,2,32,0.281,66,2,true,0,0.000
dec-106,dec,d_b=8;m=9;gap=1;k=2;q=7;s=33,24,false,26,0.136,66,2,64,0.272,66,2,true,0,0.000
dec-106,dec,d_b=8;m=9;gap=1;k=2;q=7;s=33,24,false,26,0.136,66,2,128,0.274,66,2,true,0,0.000
dec-106,dec,d_b=8;m=9;gap=1;k=2;q=7;s=33,24,false,26,0.136,66,2,256,0.268,66,2,true,0,0.000
dec-106,dec,d_b=8;m=9;gap=1;k=2;q=7;s=33,24,false,26,0.136,66,2,512,0.270,66,2,true,0,0.000
dec-106,dec,d_b=8;m=9;gap=1;k=2;q=7;s=33,24,false,26,0.136,66,2,1024,0.267,66,2,true,0,0.000
dec-106,dec,d_b=8;m=9;gap=1;k=2;q=7;s=33,24,false,26,0.136,66,2,2048,0.277,66,2,true,0,0.000
dec-106,dec,d_b=8;m=9;gap=1;k=2;q=7;s=33,24,false,26,0.136,66,2,4096,0.266,66,2,true,0,0.000
dec-106,dec,d_b=8;m=9;gap=1;k=2;q=7;s=33,24,false,26,0.136,66,2,8192,0.268,66,2,true,0,0.000
dec-106,dec,d_b=8;m=9;gap=1;k=2;q=7;s=33,24,false,26,0.136,66,2,16384,0.265,66,2,true,0,0.000
mixed-035-1,mixed,seed=0x00aff4116f0e7a9d;cycles=8;planted=3;d_b=16;m=5;gap=2;k=1,2093935,false,206304,0.479,210,12,1,0.117,219,210,false,0,0.000
mixed-035-1,mixed,seed=0x00aff4116f0e7a9d;cycles=8;planted=3;d_b=16;m=5;gap=2;k=1,2093935,false,206304,0.479,210,12,2,0.105,219,210,false,0,0.000
mixed-035-1,mixed,seed=0x00aff4116f0e7a9d;cycles=8;planted=3;d_b=16;m=5;gap=2;k=1,2093935,false,206304,0.479,210,12,4,0.155,219,210,false,1,0.048
mixed-035-1,mixed,seed=0x00aff4116f0e7a9d;cycles=8;planted=3;d_b=16;m=5;gap=2;k=1,2093935,false,206304,0.479,210,12,8,0.168,219,210,false,1,0.042
mixed-035-1,mixed,seed=0x00aff4116f0e7a9d;cycles=8;planted=3;d_b=16;m=5;gap=2;k=1,2093935,false,206304,0.479,210,12,16,0.251,219,210,false,1,0.041
mixed-035-1,mixed,seed=0x00aff4116f0e7a9d;cycles=8;planted=3;d_b=16;m=5;gap=2;k=1,2093935,false,206304,0.479,210,12,32,0.411,216,144,false,1,0.038
mixed-035-1,mixed,seed=0x00aff4116f0e7a9d;cycles=8;planted=3;d_b=16;m=5;gap=2;k=1,2093935,false,206304,0.479,210,12,64,0.742,216,144,false,2,0.043
mixed-035-1,mixed,seed=0x00aff4116f0e7a9d;cycles=8;planted=3;d_b=16;m=5;gap=2;k=1,2093935,false,206304,0.479,210,12,128,1.064,210,12,true,4,0.047
mixed-035-1,mixed,seed=0x00aff4116f0e7a9d;cycles=8;planted=3;d_b=16;m=5;gap=2;k=1,2093935,false,206304,0.479,210,12,256,1.055,210,12,true,4,0.046
mixed-035-1,mixed,seed=0x00aff4116f0e7a9d;cycles=8;planted=3;d_b=16;m=5;gap=2;k=1,2093935,false,206304,0.479,210,12,512,1.035,210,12,true,4,0.045
mixed-035-1,mixed,seed=0x00aff4116f0e7a9d;cycles=8;planted=3;d_b=16;m=5;gap=2;k=1,2093935,false,206304,0.479,210,12,1024,1.098,210,12,true,4,0.045
mixed-035-1,mixed,seed=0x00aff4116f0e7a9d;cycles=8;planted=3;d_b=16;m=5;gap=2;k=1,2093935,false,206304,0.479,210,12,2048,1.109,210,12,true,4,0.060
mixed-035-1,mixed,seed=0x00aff4116f0e7a9d;cycles=8;planted=3;d_b=16;m=5;gap=2;k=1,2093935,false,206304,0.479,210,12,4096,1.040,210,12,true,4,0.046
mixed-035-1,mixed,seed=0x00aff4116f0e7a9d;cycles=8;planted=3;d_b=16;m=5;gap=2;k=1,2093935,false,206304,0.479,210,12,8192,1.026,210,12,true,4,0.044
mixed-035-1,mixed,seed=0x00aff4116f0e7a9d;cycles=8;planted=3;d_b=16;m=5;gap=2;k=1,2093935,false,206304,0.479,210,12,16384,1.033,210,12,true,4,0.044
dec-107,dec,d_b=8;m=9;gap=1;k=4;q=7;s=33,40,false,42,0.240,66,2,1,0.030,67,66,false,0,0.000
dec-107,dec,d_b=8;m=9;gap=1;k=4;q=7;s=33,40,false,42,0.240,66,2,2,0.039,67,66,false,0,0.000
dec-107,dec,d_b=8;m=9;gap=1;k=4;q=7;s=33,40,false,42,0.240,66,2,4,0.067,67,66,false,0,0.000
dec-107,dec,d_b=8;m=9;gap=1;k=4;q=7;s=33,40,false,42,0.240,66,2,8,0.114,67,66,false,0,0.000
dec-107,dec,d_b=8;m=9;gap=1;k=4;q=7;s=33,40,false,42,0.240,66,2,16,0.202,67,66,false,0,0.000
dec-107,dec,d_b=8;m=9;gap=1;k=4;q=7;s=33,40,false,42,0.240,66,2,32,0.403,66,2,false,0,0.000
dec-107,dec,d_b=8;m=9;gap=1;k=4;q=7;s=33,40,false,42,0.240,66,2,64,0.514,66,2,true,0,0.000
dec-107,dec,d_b=8;m=9;gap=1;k=4;q=7;s=33,40,false,42,0.240,66,2,128,0.507,66,2,true,0,0.000
dec-107,dec,d_b=8;m=9;gap=1;k=4;q=7;s=33,40,false,42,0.240,66,2,256,0.504,66,2,true,0,0.000
dec-107,dec,d_b=8;m=9;gap=1;k=4;q=7;s=33,40,false,42,0.240,66,2,512,0.502,66,2,true,0,0.000
dec-107,dec,d_b=8;m=9;gap=1;k=4;q=7;s=33,40,false,42,0.240,66,2,1024,0.504,66,2,true,0,0.000
dec-107,dec,d_b=8;m=9;gap=1;k=4;q=7;s=33,40,false,42,0.240,66,2,2048,0.528,66,2,true,0,0.000
dec-107,dec,d_b=8;m=9;gap=1;k=4;q=7;s=33,40,false,42,0.240,66,2,4096,0.500,66,2,true,0,0.000
dec-107,dec,d_b=8;m=9;gap=1;k=4;q=7;s=33,40,false,42,0.240,66,2,8192,0.498,66,2,true,0,0.000
dec-107,dec,d_b=8;m=9;gap=1;k=4;q=7;s=33,40,false,42,0.240,66,2,16384,0.498,66,2,true,0,0.000
mixed-035-2,mixed,seed=0x3db16341fc4bd254;cycles=8;planted=3;d_b=16;m=5;gap=2;k=1,66,false,70,0.295,134,4,1,0.044,140,136,false,0,0.000
mixed-035-2,mixed,seed=0x3db16341fc4bd254;cycles=8;planted=3;d_b=16;m=5;gap=2;k=1,66,false,70,0.295,134,4,2,0.048,140,136,false,0,0.000
mixed-035-2,mixed,seed=0x3db16341fc4bd254;cycles=8;planted=3;d_b=16;m=5;gap=2;k=1,66,false,70,0.295,134,4,4,0.059,140,136,false,0,0.000
mixed-035-2,mixed,seed=0x3db16341fc4bd254;cycles=8;planted=3;d_b=16;m=5;gap=2;k=1,66,false,70,0.295,134,4,8,0.089,140,136,false,0,0.000
mixed-035-2,mixed,seed=0x3db16341fc4bd254;cycles=8;planted=3;d_b=16;m=5;gap=2;k=1,66,false,70,0.295,134,4,16,0.170,140,136,false,0,0.000
mixed-035-2,mixed,seed=0x3db16341fc4bd254;cycles=8;planted=3;d_b=16;m=5;gap=2;k=1,66,false,70,0.295,134,4,32,0.329,140,136,false,0,0.000
mixed-035-2,mixed,seed=0x3db16341fc4bd254;cycles=8;planted=3;d_b=16;m=5;gap=2;k=1,66,false,70,0.295,134,4,64,0.691,134,4,true,2,0.010
mixed-035-2,mixed,seed=0x3db16341fc4bd254;cycles=8;planted=3;d_b=16;m=5;gap=2;k=1,66,false,70,0.295,134,4,128,0.682,134,4,true,2,0.007
mixed-035-2,mixed,seed=0x3db16341fc4bd254;cycles=8;planted=3;d_b=16;m=5;gap=2;k=1,66,false,70,0.295,134,4,256,0.680,134,4,true,2,0.008
mixed-035-2,mixed,seed=0x3db16341fc4bd254;cycles=8;planted=3;d_b=16;m=5;gap=2;k=1,66,false,70,0.295,134,4,512,0.695,134,4,true,2,0.008
mixed-035-2,mixed,seed=0x3db16341fc4bd254;cycles=8;planted=3;d_b=16;m=5;gap=2;k=1,66,false,70,0.295,134,4,1024,0.752,134,4,true,2,0.013
mixed-035-2,mixed,seed=0x3db16341fc4bd254;cycles=8;planted=3;d_b=16;m=5;gap=2;k=1,66,false,70,0.295,134,4,2048,0.682,134,4,true,2,0.007
mixed-035-2,mixed,seed=0x3db16341fc4bd254;cycles=8;planted=3;d_b=16;m=5;gap=2;k=1,66,false,70,0.295,134,4,4096,0.673,134,4,true,2,0.006
mixed-035-2,mixed,seed=0x3db16341fc4bd254;cycles=8;planted=3;d_b=16;m=5;gap=2;k=1,66,false,70,0.295,134,4,8192,0.664,134,4,true,2,0.006
mixed-035-2,mixed,seed=0x3db16341fc4bd254;cycles=8;planted=3;d_b=16;m=5;gap=2;k=1,66,false,70,0.295,134,4,16384,0.665,134,4,true,2,0.006
dec-108,dec,d_b=8;m=9;gap=3;k=1;q=7;s=34,16,false,18,0.082,66,2,1,0.023,69,68,false,0,0.000
dec-108,dec,d_b=8;m=9;gap=3;k=1;q=7;s=34,16,false,18,0.082,66,2,2,0.042,69,68,false,0,0.000
dec-108,dec,d_b=8;m=9;gap=3;k=1;q=7;s=34,16,false,18,0.082,66,2,4,0.067,69,68,false,0,0.000
dec-108,dec,d_b=8;m=9;gap=3;k=1;q=7;s=34,16,false,18,0.082,66,2,8,0.087,66,2,false,0,0.000
dec-108,dec,d_b=8;m=9;gap=3;k=1;q=7;s=34,16,false,18,0.082,66,2,16,0.155,66,2,true,1,0.005
dec-108,dec,d_b=8;m=9;gap=3;k=1;q=7;s=34,16,false,18,0.082,66,2,32,0.149,66,2,true,1,0.004
dec-108,dec,d_b=8;m=9;gap=3;k=1;q=7;s=34,16,false,18,0.082,66,2,64,0.147,66,2,true,1,0.003
dec-108,dec,d_b=8;m=9;gap=3;k=1;q=7;s=34,16,false,18,0.082,66,2,128,0.144,66,2,true,1,0.003
dec-108,dec,d_b=8;m=9;gap=3;k=1;q=7;s=34,16,false,18,0.082,66,2,256,0.141,66,2,true,1,0.003
dec-108,dec,d_b=8;m=9;gap=3;k=1;q=7;s=34,16,false,18,0.082,66,2,512,0.143,66,2,true,1,0.003
dec-108,dec,d_b=8;m=9;gap=3;k=1;q=7;s=34,16,false,18,0.082,66,2,1024,0.140,66,2,true,1,0.003
dec-108,dec,d_b=8;m=9;gap=3;k=1;q=7;s=34,16,false,18,0.082,66,2,2048,0.143,66,2,true,1,0.003
dec-108,dec,d_b=8;m=9;gap=3;k=1;q=7;s=34,16,false,18,0.082,66,2,4096,0.140,66,2,true,1,0.003
dec-108,dec,d_b=8;m=9;gap=3;k=1;q=7;s=34,16,false,18,0.082,66,2,8192,0.141,66,2,true,1,0.003
dec-108,dec,d_b=8;m=9;gap=3;k=1;q=7;s=34,16,false,18,0.082,66,2,16384,0.139,66,2,true,1,0.003
mixed-036-0,mixed,seed=0x0c1585ba89fdd6b1;cycles=9;planted=1;d_b=4;m=2;gap=1;k=2,5335257,false,414702,0.047,9,4,1,0.064,9,4,true,1,0.049
mixed-036-0,mixed,seed=0x0c1585ba89fdd6b1;cycles=9;planted=1;d_b=4;m=2;gap=1;k=2,5335257,false,414702,0.047,9,4,2,0.055,9,4,true,1,0.044
mixed-036-0,mixed,seed=0x0c1585ba89fdd6b1;cycles=9;planted=1;d_b=4;m=2;gap=1;k=2,5335257,false,414702,0.047,9,4,4,0.046,9,4,true,1,0.038
mixed-036-0,mixed,seed=0x0c1585ba89fdd6b1;cycles=9;planted=1;d_b=4;m=2;gap=1;k=2,5335257,false,414702,0.047,9,4,8,0.044,9,4,true,1,0.037
mixed-036-0,mixed,seed=0x0c1585ba89fdd6b1;cycles=9;planted=1;d_b=4;m=2;gap=1;k=2,5335257,false,414702,0.047,9,4,16,0.041,9,4,true,1,0.034
mixed-036-0,mixed,seed=0x0c1585ba89fdd6b1;cycles=9;planted=1;d_b=4;m=2;gap=1;k=2,5335257,false,414702,0.047,9,4,32,0.040,9,4,true,1,0.033
mixed-036-0,mixed,seed=0x0c1585ba89fdd6b1;cycles=9;planted=1;d_b=4;m=2;gap=1;k=2,5335257,false,414702,0.047,9,4,64,0.038,9,4,true,1,0.032
mixed-036-0,mixed,seed=0x0c1585ba89fdd6b1;cycles=9;planted=1;d_b=4;m=2;gap=1;k=2,5335257,false,414702,0.047,9,4,128,0.038,9,4,true,1,0.032
mixed-036-0,mixed,seed=0x0c1585ba89fdd6b1;cycles=9;planted=1;d_b=4;m=2;gap=1;k=2,5335257,false,414702,0.047,9,4,256,0.037,9,4,true,1,0.032
mixed-036-0,mixed,seed=0x0c1585ba89fdd6b1;cycles=9;planted=1;d_b=4;m=2;gap=1;k=2,5335257,false,414702,0.047,9,4,512,0.038,9,4,true,1,0.032
mixed-036-0,mixed,seed=0x0c1585ba89fdd6b1;cycles=9;planted=1;d_b=4;m=2;gap=1;k=2,5335257,false,414702,0.047,9,4,1024,0.037,9,4,true,1,0.031
mixed-036-0,mixed,seed=0x0c1585ba89fdd6b1;cycles=9;planted=1;d_b=4;m=2;gap=1;k=2,5335257,false,414702,0.047,9,4,2048,0.038,9,4,true,1,0.032
mixed-036-0,mixed,seed=0x0c1585ba89fdd6b1;cycles=9;planted=1;d_b=4;m=2;gap=1;k=2,5335257,false,414702,0.047,9,4,4096,0.036,9,4,true,1,0.031
mixed-036-0,mixed,seed=0x0c1585ba89fdd6b1;cycles=9;planted=1;d_b=4;m=2;gap=1;k=2,5335257,false,414702,0.047,9,4,8192,0.037,9,4,true,1,0.031
mixed-036-0,mixed,seed=0x0c1585ba89fdd6b1;cycles=9;planted=1;d_b=4;m=2;gap=1;k=2,5335257,false,414702,0.047,9,4,16384,0.037,9,4,true,1,0.031
dec-109,dec,d_b=8;m=9;gap=3;k=2;q=7;s=34,24,false,26,0.141,66,2,1,0.029,69,68,false,0,0.000
dec-109,dec,d_b=8;m=9;gap=3;k=2;q=7;s=34,24,false,26,0.141,66,2,2,0.040,69,68,false,0,0.000
dec-109,dec,d_b=8;m=9;gap=3;k=2;q=7;s=34,24,false,26,0.141,66,2,4,0.056,69,68,false,0,0.000
dec-109,dec,d_b=8;m=9;gap=3;k=2;q=7;s=34,24,false,26,0.141,66,2,8,0.100,69,68,false,0,0.000
dec-109,dec,d_b=8;m=9;gap=3;k=2;q=7;s=34,24,false,26,0.141,66,2,16,0.185,66,2,false,0,0.000
dec-109,dec,d_b=8;m=9;gap=3;k=2;q=7;s=34,24,false,26,0.141,66,2,32,0.283,66,2,true,0,0.000
dec-109,dec,d_b=8;m=9;gap=3;k=2;q=7;s=34,24,false,26,0.141,66,2,64,0.275,66,2,true,0,0.000
dec-109,dec,d_b=8;m=9;gap=3;k=2;q=7;s=34,24,false,26,0.141,66,2,128,0.276,66,2,true,0,0.000
dec-109,dec,d_b=8;m=9;gap=3;k=2;q=7;s=34,24,false,26,0.141,66,2,256,0.275,66,2,true,0,0.000
dec-109,dec,d_b=8;m=9;gap=3;k=2;q=7;s=34,24,false,26,0.141,66,2,512,0.273,66,2,true,0,0.000
dec-109,dec,d_b=8;m=9;gap=3;k=2;q=7;s=34,24,false,26,0.141,66,2,1024,0.269,66,2,true,0,0.000
dec-109,dec,d_b=8;m=9;gap=3;k=2;q=7;s=34,24,false,26,0.141,66,2,2048,0.270,66,2,true,0,0.000
dec-109,dec,d_b=8;m=9;gap=3;k=2;q=7;s=34,24,false,26,0.141,66,2,4096,0.267,66,2,true,0,0.000
dec-109,dec,d_b=8;m=9;gap=3;k=2;q=7;s=34,24,false,26,0.141,66,2,8192,0.270,66,2,true,0,0.000
dec-109,dec,d_b=8;m=9;gap=3;k=2;q=7;s=34,24,false,26,0.141,66,2,16384,0.268,66,2,true,0,0.000
mixed-036-1,mixed,seed=0xf6234467df3846d2;cycles=9;planted=1;d_b=4;m=2;gap=1;k=2,12612679,false,927371,0.102,20,10,1,0.146,20,10,true,1,0.119
mixed-036-1,mixed,seed=0xf6234467df3846d2;cycles=9;planted=1;d_b=4;m=2;gap=1;k=2,12612679,false,927371,0.102,20,10,2,0.119,20,10,true,1,0.098
mixed-036-1,mixed,seed=0xf6234467df3846d2;cycles=9;planted=1;d_b=4;m=2;gap=1;k=2,12612679,false,927371,0.102,20,10,4,0.120,20,10,true,1,0.098
mixed-036-1,mixed,seed=0xf6234467df3846d2;cycles=9;planted=1;d_b=4;m=2;gap=1;k=2,12612679,false,927371,0.102,20,10,8,0.125,20,10,true,1,0.103
mixed-036-1,mixed,seed=0xf6234467df3846d2;cycles=9;planted=1;d_b=4;m=2;gap=1;k=2,12612679,false,927371,0.102,20,10,16,0.099,20,10,true,1,0.084
mixed-036-1,mixed,seed=0xf6234467df3846d2;cycles=9;planted=1;d_b=4;m=2;gap=1;k=2,12612679,false,927371,0.102,20,10,32,0.118,20,10,true,1,0.096
mixed-036-1,mixed,seed=0xf6234467df3846d2;cycles=9;planted=1;d_b=4;m=2;gap=1;k=2,12612679,false,927371,0.102,20,10,64,0.088,20,10,true,1,0.076
mixed-036-1,mixed,seed=0xf6234467df3846d2;cycles=9;planted=1;d_b=4;m=2;gap=1;k=2,12612679,false,927371,0.102,20,10,128,0.096,20,10,true,1,0.082
mixed-036-1,mixed,seed=0xf6234467df3846d2;cycles=9;planted=1;d_b=4;m=2;gap=1;k=2,12612679,false,927371,0.102,20,10,256,0.085,20,10,true,1,0.074
mixed-036-1,mixed,seed=0xf6234467df3846d2;cycles=9;planted=1;d_b=4;m=2;gap=1;k=2,12612679,false,927371,0.102,20,10,512,0.088,20,10,true,1,0.076
mixed-036-1,mixed,seed=0xf6234467df3846d2;cycles=9;planted=1;d_b=4;m=2;gap=1;k=2,12612679,false,927371,0.102,20,10,1024,0.099,20,10,true,1,0.084
mixed-036-1,mixed,seed=0xf6234467df3846d2;cycles=9;planted=1;d_b=4;m=2;gap=1;k=2,12612679,false,927371,0.102,20,10,2048,0.087,20,10,true,1,0.076
mixed-036-1,mixed,seed=0xf6234467df3846d2;cycles=9;planted=1;d_b=4;m=2;gap=1;k=2,12612679,false,927371,0.102,20,10,4096,0.088,20,10,true,1,0.076
mixed-036-1,mixed,seed=0xf6234467df3846d2;cycles=9;planted=1;d_b=4;m=2;gap=1;k=2,12612679,false,927371,0.102,20,10,8192,0.084,20,10,true,1,0.073
mixed-036-1,mixed,seed=0xf6234467df3846d2;cycles=9;planted=1;d_b=4;m=2;gap=1;k=2,12612679,false,927371,0.102,20,10,16384,0.085,20,10,true,1,0.074
dec-110,dec,d_b=8;m=9;gap=3;k=4;q=7;s=34,40,false,42,0.253,66,2,1,0.031,69,68,false,0,0.000
dec-110,dec,d_b=8;m=9;gap=3;k=4;q=7;s=34,40,false,42,0.253,66,2,2,0.046,69,68,false,0,0.000
dec-110,dec,d_b=8;m=9;gap=3;k=4;q=7;s=34,40,false,42,0.253,66,2,4,0.074,69,68,false,0,0.000
dec-110,dec,d_b=8;m=9;gap=3;k=4;q=7;s=34,40,false,42,0.253,66,2,8,0.119,69,68,false,0,0.000
dec-110,dec,d_b=8;m=9;gap=3;k=4;q=7;s=34,40,false,42,0.253,66,2,16,0.218,69,68,false,0,0.000
dec-110,dec,d_b=8;m=9;gap=3;k=4;q=7;s=34,40,false,42,0.253,66,2,32,0.440,66,2,false,0,0.000
dec-110,dec,d_b=8;m=9;gap=3;k=4;q=7;s=34,40,false,42,0.253,66,2,64,0.540,66,2,true,0,0.000
dec-110,dec,d_b=8;m=9;gap=3;k=4;q=7;s=34,40,false,42,0.253,66,2,128,0.537,66,2,true,0,0.000
dec-110,dec,d_b=8;m=9;gap=3;k=4;q=7;s=34,40,false,42,0.253,66,2,256,0.541,66,2,true,0,0.000
dec-110,dec,d_b=8;m=9;gap=3;k=4;q=7;s=34,40,false,42,0.253,66,2,512,0.533,66,2,true,0,0.000
dec-110,dec,d_b=8;m=9;gap=3;k=4;q=7;s=34,40,false,42,0.253,66,2,1024,0.526,66,2,true,0,0.000
dec-110,dec,d_b=8;m=9;gap=3;k=4;q=7;s=34,40,false,42,0.253,66,2,2048,0.517,66,2,true,0,0.000
dec-110,dec,d_b=8;m=9;gap=3;k=4;q=7;s=34,40,false,42,0.253,66,2,4096,0.532,66,2,true,0,0.000
dec-110,dec,d_b=8;m=9;gap=3;k=4;q=7;s=34,40,false,42,0.253,66,2,8192,0.549,66,2,true,0,0.000
dec-110,dec,d_b=8;m=9;gap=3;k=4;q=7;s=34,40,false,42,0.253,66,2,16384,0.515,66,2,true,0,0.000
mixed-036-2,mixed,seed=0x0d0ffc0004d6ee97;cycles=9;planted=1;d_b=4;m=2;gap=1;k=2,5335266,false,414731,0.095,27,6,1,0.126,27,6,true,1,0.096
mixed-036-2,mixed,seed=0x0d0ffc0004d6ee97;cycles=9;planted=1;d_b=4;m=2;gap=1;k=2,5335266,false,414731,0.095,27,6,2,0.113,27,6,true,1,0.087
mixed-036-2,mixed,seed=0x0d0ffc0004d6ee97;cycles=9;planted=1;d_b=4;m=2;gap=1;k=2,5335266,false,414731,0.095,27,6,4,0.089,27,6,true,1,0.071
mixed-036-2,mixed,seed=0x0d0ffc0004d6ee97;cycles=9;planted=1;d_b=4;m=2;gap=1;k=2,5335266,false,414731,0.095,27,6,8,0.090,27,6,true,1,0.072
mixed-036-2,mixed,seed=0x0d0ffc0004d6ee97;cycles=9;planted=1;d_b=4;m=2;gap=1;k=2,5335266,false,414731,0.095,27,6,16,0.078,27,6,true,1,0.064
mixed-036-2,mixed,seed=0x0d0ffc0004d6ee97;cycles=9;planted=1;d_b=4;m=2;gap=1;k=2,5335266,false,414731,0.095,27,6,32,0.080,27,6,true,1,0.065
mixed-036-2,mixed,seed=0x0d0ffc0004d6ee97;cycles=9;planted=1;d_b=4;m=2;gap=1;k=2,5335266,false,414731,0.095,27,6,64,0.074,27,6,true,1,0.061
mixed-036-2,mixed,seed=0x0d0ffc0004d6ee97;cycles=9;planted=1;d_b=4;m=2;gap=1;k=2,5335266,false,414731,0.095,27,6,128,0.077,27,6,true,1,0.063
mixed-036-2,mixed,seed=0x0d0ffc0004d6ee97;cycles=9;planted=1;d_b=4;m=2;gap=1;k=2,5335266,false,414731,0.095,27,6,256,0.073,27,6,true,1,0.060
mixed-036-2,mixed,seed=0x0d0ffc0004d6ee97;cycles=9;planted=1;d_b=4;m=2;gap=1;k=2,5335266,false,414731,0.095,27,6,512,0.077,27,6,true,1,0.063
mixed-036-2,mixed,seed=0x0d0ffc0004d6ee97;cycles=9;planted=1;d_b=4;m=2;gap=1;k=2,5335266,false,414731,0.095,27,6,1024,0.073,27,6,true,1,0.060
mixed-036-2,mixed,seed=0x0d0ffc0004d6ee97;cycles=9;planted=1;d_b=4;m=2;gap=1;k=2,5335266,false,414731,0.095,27,6,2048,0.078,27,6,true,1,0.063
mixed-036-2,mixed,seed=0x0d0ffc0004d6ee97;cycles=9;planted=1;d_b=4;m=2;gap=1;k=2,5335266,false,414731,0.095,27,6,4096,0.072,27,6,true,1,0.059
mixed-036-2,mixed,seed=0x0d0ffc0004d6ee97;cycles=9;planted=1;d_b=4;m=2;gap=1;k=2,5335266,false,414731,0.095,27,6,8192,0.073,27,6,true,1,0.060
mixed-036-2,mixed,seed=0x0d0ffc0004d6ee97;cycles=9;planted=1;d_b=4;m=2;gap=1;k=2,5335266,false,414731,0.095,27,6,16384,0.072,27,6,true,1,0.059
dec-111,dec,d_b=8;m=9;gap=7;k=1;q=7;s=36,16,false,18,0.086,66,2,1,0.032,73,72,false,0,0.000
dec-111,dec,d_b=8;m=9;gap=7;k=1;q=7;s=36,16,false,18,0.086,66,2,2,0.046,73,72,false,0,0.000
dec-111,dec,d_b=8;m=9;gap=7;k=1;q=7;s=36,16,false,18,0.086,66,2,4,0.071,73,72,false,0,0.000
dec-111,dec,d_b=8;m=9;gap=7;k=1;q=7;s=36,16,false,18,0.086,66,2,8,0.088,66,2,false,0,0.000
dec-111,dec,d_b=8;m=9;gap=7;k=1;q=7;s=36,16,false,18,0.086,66,2,16,0.163,66,2,true,1,0.005
dec-111,dec,d_b=8;m=9;gap=7;k=1;q=7;s=36,16,false,18,0.086,66,2,32,0.154,66,2,true,1,0.004
dec-111,dec,d_b=8;m=9;gap=7;k=1;q=7;s=36,16,false,18,0.086,66,2,64,0.153,66,2,true,1,0.004
dec-111,dec,d_b=8;m=9;gap=7;k=1;q=7;s=36,16,false,18,0.086,66,2,128,0.147,66,2,true,1,0.003
dec-111,dec,d_b=8;m=9;gap=7;k=1;q=7;s=36,16,false,18,0.086,66,2,256,0.145,66,2,true,1,0.003
dec-111,dec,d_b=8;m=9;gap=7;k=1;q=7;s=36,16,false,18,0.086,66,2,512,0.146,66,2,true,1,0.003
dec-111,dec,d_b=8;m=9;gap=7;k=1;q=7;s=36,16,false,18,0.086,66,2,1024,0.143,66,2,true,1,0.003
dec-111,dec,d_b=8;m=9;gap=7;k=1;q=7;s=36,16,false,18,0.086,66,2,2048,0.144,66,2,true,1,0.003
dec-111,dec,d_b=8;m=9;gap=7;k=1;q=7;s=36,16,false,18,0.086,66,2,4096,0.141,66,2,true,1,0.003
dec-111,dec,d_b=8;m=9;gap=7;k=1;q=7;s=36,16,false,18,0.086,66,2,8192,0.143,66,2,true,1,0.003
dec-111,dec,d_b=8;m=9;gap=7;k=1;q=7;s=36,16,false,18,0.086,66,2,16384,0.141,66,2,true,1,0.003
mixed-037-0,mixed,seed=0x0eed9046a13fa5c2;cycles=9;planted=1;d_b=8;m=3;gap=2;k=2,5335271,false,414724,0.102,25,6,1,0.069,28,24,false,0,0.000
mixed-037-0,mixed,seed=0x0eed9046a13fa5c2;cycles=9;planted=1;d_b=8;m=3;gap=2;k=2,5335271,false,414724,0.102,25,6,2,0.069,28,24,false,0,0.000
mixed-037-0,mixed,seed=0x0eed9046a13fa5c2;cycles=9;planted=1;d_b=8;m=3;gap=2;k=2,5335271,false,414724,0.102,25,6,4,0.104,28,24,false,1,0.023
mixed-037-0,mixed,seed=0x0eed9046a13fa5c2;cycles=9;planted=1;d_b=8;m=3;gap=2;k=2,5335271,false,414724,0.102,25,6,8,0.142,28,24,false,1,0.020
mixed-037-0,mixed,seed=0x0eed9046a13fa5c2;cycles=9;planted=1;d_b=8;m=3;gap=2;k=2,5335271,false,414724,0.102,25,6,16,0.221,25,6,false,1,0.017
mixed-037-0,mixed,seed=0x0eed9046a13fa5c2;cycles=9;planted=1;d_b=8;m=3;gap=2;k=2,5335271,false,414724,0.102,25,6,32,0.289,25,6,true,2,0.024
mixed-037-0,mixed,seed=0x0eed9046a13fa5c2;cycles=9;planted=1;d_b=8;m=3;gap=2;k=2,5335271,false,414724,0.102,25,6,64,0.278,25,6,true,2,0.023
mixed-037-0,mixed,seed=0x0eed9046a13fa5c2;cycles=9;planted=1;d_b=8;m=3;gap=2;k=2,5335271,false,414724,0.102,25,6,128,0.271,25,6,true,2,0.021
mixed-037-0,mixed,seed=0x0eed9046a13fa5c2;cycles=9;planted=1;d_b=8;m=3;gap=2;k=2,5335271,false,414724,0.102,25,6,256,0.276,25,6,true,2,0.021
mixed-037-0,mixed,seed=0x0eed9046a13fa5c2;cycles=9;planted=1;d_b=8;m=3;gap=2;k=2,5335271,false,414724,0.102,25,6,512,0.264,25,6,true,2,0.020
mixed-037-0,mixed,seed=0x0eed9046a13fa5c2;cycles=9;planted=1;d_b=8;m=3;gap=2;k=2,5335271,false,414724,0.102,25,6,1024,0.265,25,6,true,2,0.020
mixed-037-0,mixed,seed=0x0eed9046a13fa5c2;cycles=9;planted=1;d_b=8;m=3;gap=2;k=2,5335271,false,414724,0.102,25,6,2048,0.261,25,6,true,2,0.020
mixed-037-0,mixed,seed=0x0eed9046a13fa5c2;cycles=9;planted=1;d_b=8;m=3;gap=2;k=2,5335271,false,414724,0.102,25,6,4096,0.265,25,6,true,2,0.020
mixed-037-0,mixed,seed=0x0eed9046a13fa5c2;cycles=9;planted=1;d_b=8;m=3;gap=2;k=2,5335271,false,414724,0.102,25,6,8192,0.259,25,6,true,2,0.019
mixed-037-0,mixed,seed=0x0eed9046a13fa5c2;cycles=9;planted=1;d_b=8;m=3;gap=2;k=2,5335271,false,414724,0.102,25,6,16384,0.277,25,6,true,2,0.020
dec-112,dec,d_b=8;m=9;gap=7;k=2;q=7;s=36,24,false,26,0.143,66,2,1,0.024,73,72,false,0,0.000
dec-112,dec,d_b=8;m=9;gap=7;k=2;q=7;s=36,24,false,26,0.143,66,2,2,0.039,73,72,false,0,0.000
dec-112,dec,d_b=8;m=9;gap=7;k=2;q=7;s=36,24,false,26,0.143,66,2,4,0.058,73,72,false,0,0.000
dec-112,dec,d_b=8;m=9;gap=7;k=2;q=7;s=36,24,false,26,0.143,66,2,8,0.106,73,72,false,0,0.000
dec-112,dec,d_b=8;m=9;gap=7;k=2;q=7;s=36,24,false,26,0.143,66,2,16,0.187,66,2,false,0,0.000
dec-112,dec,d_b=8;m=9;gap=7;k=2;q=7;s=36,24,false,26,0.143,66,2,32,0.290,66,2,true,0,0.000
dec-112,dec,d_b=8;m=9;gap=7;k=2;q=7;s=36,24,false,26,0.143,66,2,64,0.281,66,2,true,0,0.000
dec-112,dec,d_b=8;m=9;gap=7;k=2;q=7;s=36,24,false,26,0.143,66,2,128,0.288,66,2,true,0,0.000
dec-112,dec,d_b=8;m=9;gap=7;k=2;q=7;s=36,24,false,26,0.143,66,2,256,0.281,66,2,true,0,0.000
dec-112,dec,d_b=8;m=9;gap=7;k=2;q=7;s=36,24,false,26,0.143,66,2,512,0.279,66,2,true,0,0.000
dec-112,dec,d_b=8;m=9;gap=7;k=2;q=7;s=36,24,false,26,0.143,66,2,1024,0.277,66,2,true,0,0.000
dec-112,dec,d_b=8;m=9;gap=7;k=2;q=7;s=36,24,false,26,0.143,66,2,2048,0.277,66,2,true,0,0.000
dec-112,dec,d_b=8;m=9;gap=7;k=2;q=7;s=36,24,false,26,0.143,66,2,4096,0.278,66,2,true,0,0.000
dec-112,dec,d_b=8;m=9;gap=7;k=2;q=7;s=36,24,false,26,0.143,66,2,8192,0.276,66,2,true,0,0.000
dec-112,dec,d_b=8;m=9;gap=7;k=2;q=7;s=36,24,false,26,0.143,66,2,16384,0.275,66,2,true,0,0.000
mixed-037-1,mixed,seed=0xfd7775436da039bb;cycles=9;planted=1;d_b=8;m=3;gap=2;k=2,5335273,false,414731,0.120,30,6,1,0.131,33,24,false,1,0.054
mixed-037-1,mixed,seed=0xfd7775436da039bb;cycles=9;planted=1;d_b=8;m=3;gap=2;k=2,5335273,false,414731,0.120,30,6,2,0.108,33,24,false,1,0.032
mixed-037-1,mixed,seed=0xfd7775436da039bb;cycles=9;planted=1;d_b=8;m=3;gap=2;k=2,5335273,false,414731,0.120,30,6,4,0.116,33,24,false,1,0.027
mixed-037-1,mixed,seed=0xfd7775436da039bb;cycles=9;planted=1;d_b=8;m=3;gap=2;k=2,5335273,false,414731,0.120,30,6,8,0.150,33,24,false,1,0.025
mixed-037-1,mixed,seed=0xfd7775436da039bb;cycles=9;planted=1;d_b=8;m=3;gap=2;k=2,5335273,false,414731,0.120,30,6,16,0.238,30,6,false,1,0.025
mixed-037-1,mixed,seed=0xfd7775436da039bb;cycles=9;planted=1;d_b=8;m=3;gap=2;k=2,5335273,false,414731,0.120,30,6,32,0.303,30,6,true,2,0.030
mixed-037-1,mixed,seed=0xfd7775436da039bb;cycles=9;planted=1;d_b=8;m=3;gap=2;k=2,5335273,false,414731,0.120,30,6,64,0.288,30,6,true,2,0.029
mixed-037-1,mixed,seed=0xfd7775436da039bb;cycles=9;planted=1;d_b=8;m=3;gap=2;k=2,5335273,false,414731,0.120,30,6,128,0.284,30,6,true,2,0.028
mixed-037-1,mixed,seed=0xfd7775436da039bb;cycles=9;planted=1;d_b=8;m=3;gap=2;k=2,5335273,false,414731,0.120,30,6,256,0.278,30,6,true,2,0.028
mixed-037-1,mixed,seed=0xfd7775436da039bb;cycles=9;planted=1;d_b=8;m=3;gap=2;k=2,5335273,false,414731,0.120,30,6,512,0.277,30,6,true,2,0.027
mixed-037-1,mixed,seed=0xfd7775436da039bb;cycles=9;planted=1;d_b=8;m=3;gap=2;k=2,5335273,false,414731,0.120,30,6,1024,0.288,30,6,true,2,0.028
mixed-037-1,mixed,seed=0xfd7775436da039bb;cycles=9;planted=1;d_b=8;m=3;gap=2;k=2,5335273,false,414731,0.120,30,6,2048,0.274,30,6,true,2,0.026
mixed-037-1,mixed,seed=0xfd7775436da039bb;cycles=9;planted=1;d_b=8;m=3;gap=2;k=2,5335273,false,414731,0.120,30,6,4096,0.282,30,6,true,2,0.027
mixed-037-1,mixed,seed=0xfd7775436da039bb;cycles=9;planted=1;d_b=8;m=3;gap=2;k=2,5335273,false,414731,0.120,30,6,8192,0.271,30,6,true,2,0.026
mixed-037-1,mixed,seed=0xfd7775436da039bb;cycles=9;planted=1;d_b=8;m=3;gap=2;k=2,5335273,false,414731,0.120,30,6,16384,0.277,30,6,true,2,0.027
dec-113,dec,d_b=8;m=9;gap=7;k=4;q=7;s=36,40,false,42,0.259,66,2,1,0.028,73,72,false,0,0.000
dec-113,dec,d_b=8;m=9;gap=7;k=4;q=7;s=36,40,false,42,0.259,66,2,2,0.043,73,72,false,0,0.000
dec-113,dec,d_b=8;m=9;gap=7;k=4;q=7;s=36,40,false,42,0.259,66,2,4,0.070,73,72,false,0,0.000
dec-113,dec,d_b=8;m=9;gap=7;k=4;q=7;s=36,40,false,42,0.259,66,2,8,0.123,73,72,false,0,0.000
dec-113,dec,d_b=8;m=9;gap=7;k=4;q=7;s=36,40,false,42,0.259,66,2,16,0.220,73,72,false,0,0.000
dec-113,dec,d_b=8;m=9;gap=7;k=4;q=7;s=36,40,false,42,0.259,66,2,32,0.452,66,2,false,0,0.000
dec-113,dec,d_b=8;m=9;gap=7;k=4;q=7;s=36,40,false,42,0.259,66,2,64,0.543,66,2,true,0,0.000
dec-113,dec,d_b=8;m=9;gap=7;k=4;q=7;s=36,40,false,42,0.259,66,2,128,0.536,66,2,true,0,0.000
dec-113,dec,d_b=8;m=9;gap=7;k=4;q=7;s=36,40,false,42,0.259,66,2,256,0.535,66,2,true,0,0.000
dec-113,dec,d_b=8;m=9;gap=7;k=4;q=7;s=36,40,false,42,0.259,66,2,512,0.529,66,2,true,0,0.000
dec-113,dec,d_b=8;m=9;gap=7;k=4;q=7;s=36,40,false,42,0.259,66,2,1024,0.529,66,2,true,0,0.000
dec-113,dec,d_b=8;m=9;gap=7;k=4;q=7;s=36,40,false,42,0.259,66,2,2048,0.530,66,2,true,0,0.000
dec-113,dec,d_b=8;m=9;gap=7;k=4;q=7;s=36,40,false,42,0.259,66,2,4096,0.530,66,2,true,0,0.000
dec-113,dec,d_b=8;m=9;gap=7;k=4;q=7;s=36,40,false,42,0.259,66,2,8192,0.526,66,2,true,0,0.000
dec-113,dec,d_b=8;m=9;gap=7;k=4;q=7;s=36,40,false,42,0.259,66,2,16384,0.526,66,2,true,0,0.000
mixed-037-2,mixed,seed=0x05aa77ef74c2d76c;cycles=9;planted=1;d_b=8;m=3;gap=2;k=2,5335274,false,414745,0.134,34,8,1,0.093,37,26,false,0,0.000
mixed-037-2,mixed,seed=0x05aa77ef74c2d76c;cycles=9;planted=1;d_b=8;m=3;gap=2;k=2,5335274,false,414745,0.134,34,8,2,0.140,37,26,false,1,0.056
mixed-037-2,mixed,seed=0x05aa77ef74c2d76c;cycles=9;planted=1;d_b=8;m=3;gap=2;k=2,5335274,false,414745,0.134,34,8,4,0.122,37,26,false,1,0.048
mixed-037-2,mixed,seed=0x05aa77ef74c2d76c;cycles=9;planted=1;d_b=8;m=3;gap=2;k=2,5335274,false,414745,0.134,34,8,8,0.144,37,26,false,1,0.048
mixed-037-2,mixed,seed=0x05aa77ef74c2d76c;cycles=9;planted=1;d_b=8;m=3;gap=2;k=2,5335274,false,414745,0.134,34,8,16,0.191,34,8,false,1,0.042
mixed-037-2,mixed,seed=0x05aa77ef74c2d76c;cycles=9;planted=1;d_b=8;m=3;gap=2;k=2,5335274,false,414745,0.134,34,8,32,0.234,34,8,true,2,0.045
mixed-037-2,mixed,seed=0x05aa77ef74c2d76c;cycles=9;planted=1;d_b=8;m=3;gap=2;k=2,5335274,false,414745,0.134,34,8,64,0.228,34,8,true,2,0.046
mixed-037-2,mixed,seed=0x05aa77ef74c2d76c;cycles=9;planted=1;d_b=8;m=3;gap=2;k=2,5335274,false,414745,0.134,34,8,128,0.223,34,8,true,2,0.044
mixed-037-2,mixed,seed=0x05aa77ef74c2d76c;cycles=9;planted=1;d_b=8;m=3;gap=2;k=2,5335274,false,414745,0.134,34,8,256,0.221,34,8,true,2,0.043
mixed-037-2,mixed,seed=0x05aa77ef74c2d76c;cycles=9;planted=1;d_b=8;m=3;gap=2;k=2,5335274,false,414745,0.134,34,8,512,0.218,34,8,true,2,0.042
mixed-037-2,mixed,seed=0x05aa77ef74c2d76c;cycles=9;planted=1;d_b=8;m=3;gap=2;k=2,5335274,false,414745,0.134,34,8,1024,0.219,34,8,true,2,0.043
mixed-037-2,mixed,seed=0x05aa77ef74c2d76c;cycles=9;planted=1;d_b=8;m=3;gap=2;k=2,5335274,false,414745,0.134,34,8,2048,0.216,34,8,true,2,0.042
mixed-037-2,mixed,seed=0x05aa77ef74c2d76c;cycles=9;planted=1;d_b=8;m=3;gap=2;k=2,5335274,false,414745,0.134,34,8,4096,0.217,34,8,true,2,0.042
mixed-037-2,mixed,seed=0x05aa77ef74c2d76c;cycles=9;planted=1;d_b=8;m=3;gap=2;k=2,5335274,false,414745,0.134,34,8,8192,0.215,34,8,true,2,0.041
mixed-037-2,mixed,seed=0x05aa77ef74c2d76c;cycles=9;planted=1;d_b=8;m=3;gap=2;k=2,5335274,false,414745,0.134,34,8,16384,0.216,34,8,true,2,0.042
dec-114,dec,d_b=8;m=9;gap=13;k=1;q=7;s=39,16,false,18,0.087,66,2,1,0.024,79,78,false,0,0.000
dec-114,dec,d_b=8;m=9;gap=13;k=1;q=7;s=39,16,false,18,0.087,66,2,2,0.047,79,78,false,0,0.000
dec-114,dec,d_b=8;m=9;gap=13;k=1;q=7;s=39,16,false,18,0.087,66,2,4,0.064,79,78,false,0,0.000
dec-114,dec,d_b=8;m=9;gap=13;k=1;q=7;s=39,16,false,18,0.087,66,2,8,0.092,66,2,false,0,0.000
dec-114,dec,d_b=8;m=9;gap=13;k=1;q=7;s=39,16,false,18,0.087,66,2,16,0.161,66,2,true,1,0.004
dec-114,dec,d_b=8;m=9;gap=13;k=1;q=7;s=39,16,false,18,0.087,66,2,32,0.159,66,2,true,1,0.004
dec-114,dec,d_b=8;m=9;gap=13;k=1;q=7;s=39,16,false,18,0.087,66,2,64,0.154,66,2,true,1,0.003
dec-114,dec,d_b=8;m=9;gap=13;k=1;q=7;s=39,16,false,18,0.087,66,2,128,0.153,66,2,true,1,0.003
dec-114,dec,d_b=8;m=9;gap=13;k=1;q=7;s=39,16,false,18,0.087,66,2,256,0.151,66,2,true,1,0.003
dec-114,dec,d_b=8;m=9;gap=13;k=1;q=7;s=39,16,false,18,0.087,66,2,512,0.151,66,2,true,1,0.003
dec-114,dec,d_b=8;m=9;gap=13;k=1;q=7;s=39,16,false,18,0.087,66,2,1024,0.151,66,2,true,1,0.003
dec-114,dec,d_b=8;m=9;gap=13;k=1;q=7;s=39,16,false,18,0.087,66,2,2048,0.150,66,2,true,1,0.003
dec-114,dec,d_b=8;m=9;gap=13;k=1;q=7;s=39,16,false,18,0.087,66,2,4096,0.150,66,2,true,1,0.003
dec-114,dec,d_b=8;m=9;gap=13;k=1;q=7;s=39,16,false,18,0.087,66,2,8192,0.150,66,2,true,1,0.003
dec-114,dec,d_b=8;m=9;gap=13;k=1;q=7;s=39,16,false,18,0.087,66,2,16384,0.150,66,2,true,1,0.003
mixed-038-0,mixed,seed=0x67ea1e2f0b2716bb;cycles=9;planted=1;d_b=12;m=2;gap=6;k=4,9831560,false,743467,0.149,26,10,1,0.119,33,28,false,1,0.034
mixed-038-0,mixed,seed=0x67ea1e2f0b2716bb;cycles=9;planted=1;d_b=12;m=2;gap=6;k=4,9831560,false,743467,0.149,26,10,2,0.105,33,28,false,1,0.020
mixed-038-0,mixed,seed=0x67ea1e2f0b2716bb;cycles=9;planted=1;d_b=12;m=2;gap=6;k=4,9831560,false,743467,0.149,26,10,4,0.137,33,28,false,2,0.047
mixed-038-0,mixed,seed=0x67ea1e2f0b2716bb;cycles=9;planted=1;d_b=12;m=2;gap=6;k=4,9831560,false,743467,0.149,26,10,8,0.154,33,28,false,2,0.044
mixed-038-0,mixed,seed=0x67ea1e2f0b2716bb;cycles=9;planted=1;d_b=12;m=2;gap=6;k=4,9831560,false,743467,0.149,26,10,16,0.203,33,28,false,2,0.041
mixed-038-0,mixed,seed=0x67ea1e2f0b2716bb;cycles=9;planted=1;d_b=12;m=2;gap=6;k=4,9831560,false,743467,0.149,26,10,32,0.321,26,10,false,2,0.042
mixed-038-0,mixed,seed=0x67ea1e2f0b2716bb;cycles=9;planted=1;d_b=12;m=2;gap=6;k=4,9831560,false,743467,0.149,26,10,64,0.516,26,10,true,3,0.044
mixed-038-0,mixed,seed=0x67ea1e2f0b2716bb;cycles=9;planted=1;d_b=12;m=2;gap=6;k=4,9831560,false,743467,0.149,26,10,128,0.501,26,10,true,3,0.042
mixed-038-0,mixed,seed=0x67ea1e2f0b2716bb;cycles=9;planted=1;d_b=12;m=2;gap=6;k=4,9831560,false,743467,0.149,26,10,256,0.553,26,10,true,3,0.052
mixed-038-0,mixed,seed=0x67ea1e2f0b2716bb;cycles=9;planted=1;d_b=12;m=2;gap=6;k=4,9831560,false,743467,0.149,26,10,512,0.605,26,10,true,3,0.043
mixed-038-0,mixed,seed=0x67ea1e2f0b2716bb;cycles=9;planted=1;d_b=12;m=2;gap=6;k=4,9831560,false,743467,0.149,26,10,1024,0.557,26,10,true,3,0.055
mixed-038-0,mixed,seed=0x67ea1e2f0b2716bb;cycles=9;planted=1;d_b=12;m=2;gap=6;k=4,9831560,false,743467,0.149,26,10,2048,0.516,26,10,true,3,0.044
mixed-038-0,mixed,seed=0x67ea1e2f0b2716bb;cycles=9;planted=1;d_b=12;m=2;gap=6;k=4,9831560,false,743467,0.149,26,10,4096,0.502,26,10,true,3,0.042
mixed-038-0,mixed,seed=0x67ea1e2f0b2716bb;cycles=9;planted=1;d_b=12;m=2;gap=6;k=4,9831560,false,743467,0.149,26,10,8192,0.503,26,10,true,3,0.049
mixed-038-0,mixed,seed=0x67ea1e2f0b2716bb;cycles=9;planted=1;d_b=12;m=2;gap=6;k=4,9831560,false,743467,0.149,26,10,16384,0.500,26,10,true,3,0.040
dec-115,dec,d_b=8;m=9;gap=13;k=2;q=7;s=39,24,false,26,0.152,66,2,1,0.025,79,78,false,0,0.000
dec-115,dec,d_b=8;m=9;gap=13;k=2;q=7;s=39,24,false,26,0.152,66,2,2,0.046,79,78,false,0,0.000
dec-115,dec,d_b=8;m=9;gap=13;k=2;q=7;s=39,24,false,26,0.152,66,2,4,0.062,79,78,false,0,0.000
dec-115,dec,d_b=8;m=9;gap=13;k=2;q=7;s=39,24,false,26,0.152,66,2,8,0.127,79,78,false,0,0.000
dec-115,dec,d_b=8;m=9;gap=13;k=2;q=7;s=39,24,false,26,0.152,66,2,16,0.218,66,2,false,0,0.000
dec-115,dec,d_b=8;m=9;gap=13;k=2;q=7;s=39,24,false,26,0.152,66,2,32,0.325,66,2,true,0,0.000
dec-115,dec,d_b=8;m=9;gap=13;k=2;q=7;s=39,24,false,26,0.152,66,2,64,0.325,66,2,true,0,0.000
dec-115,dec,d_b=8;m=9;gap=13;k=2;q=7;s=39,24,false,26,0.152,66,2,128,0.307,66,2,true,0,0.000
dec-115,dec,d_b=8;m=9;gap=13;k=2;q=7;s=39,24,false,26,0.152,66,2,256,0.340,66,2,true,0,0.000
dec-115,dec,d_b=8;m=9;gap=13;k=2;q=7;s=39,24,false,26,0.152,66,2,512,0.314,66,2,true,0,0.000
dec-115,dec,d_b=8;m=9;gap=13;k=2;q=7;s=39,24,false,26,0.152,66,2,1024,0.314,66,2,true,0,0.000
dec-115,dec,d_b=8;m=9;gap=13;k=2;q=7;s=39,24,false,26,0.152,66,2,2048,0.300,66,2,true,0,0.000
dec-115,dec,d_b=8;m=9;gap=13;k=2;q=7;s=39,24,false,26,0.152,66,2,4096,0.301,66,2,true,0,0.000
dec-115,dec,d_b=8;m=9;gap=13;k=2;q=7;s=39,24,false,26,0.152,66,2,8192,0.314,66,2,true,0,0.000
dec-115,dec,d_b=8;m=9;gap=13;k=2;q=7;s=39,24,false,26,0.152,66,2,16384,0.293,66,2,true,0,0.000
mixed-038-1,mixed,seed=0x1681638394e0a770;cycles=9;planted=1;d_b=12;m=2;gap=6;k=4,17175151,false,1219147,0.270,32,10,1,0.243,39,28,false,1,0.046
mixed-038-1,mixed,seed=0x1681638394e0a770;cycles=9;planted=1;d_b=12;m=2;gap=6;k=4,17175151,false,1219147,0.270,32,10,2,0.252,39,28,false,1,0.038
mixed-038-1,mixed,seed=0x1681638394e0a770;cycles=9;planted=1;d_b=12;m=2;gap=6;k=4,17175151,false,1219147,0.270,32,10,4,0.288,39,28,false,3,0.071
mixed-038-1,mixed,seed=0x1681638394e0a770;cycles=9;planted=1;d_b=12;m=2;gap=6;k=4,17175151,false,1219147,0.270,32,10,8,0.434,39,28,false,4,0.088
mixed-038-1,mixed,seed=0x1681638394e0a770;cycles=9;planted=1;d_b=12;m=2;gap=6;k=4,17175151,false,1219147,0.270,32,10,16,0.566,39,28,false,4,0.080
mixed-038-1,mixed,seed=0x1681638394e0a770;cycles=9;planted=1;d_b=12;m=2;gap=6;k=4,17175151,false,1219147,0.270,32,10,32,0.919,32,10,false,4,0.078
mixed-038-1,mixed,seed=0x1681638394e0a770;cycles=9;planted=1;d_b=12;m=2;gap=6;k=4,17175151,false,1219147,0.270,32,10,64,1.662,32,10,true,5,0.081
mixed-038-1,mixed,seed=0x1681638394e0a770;cycles=9;planted=1;d_b=12;m=2;gap=6;k=4,17175151,false,1219147,0.270,32,10,128,1.645,32,10,true,5,0.081
mixed-038-1,mixed,seed=0x1681638394e0a770;cycles=9;planted=1;d_b=12;m=2;gap=6;k=4,17175151,false,1219147,0.270,32,10,256,1.649,32,10,true,5,0.081
mixed-038-1,mixed,seed=0x1681638394e0a770;cycles=9;planted=1;d_b=12;m=2;gap=6;k=4,17175151,false,1219147,0.270,32,10,512,1.722,32,10,true,5,0.092
mixed-038-1,mixed,seed=0x1681638394e0a770;cycles=9;planted=1;d_b=12;m=2;gap=6;k=4,17175151,false,1219147,0.270,32,10,1024,1.665,32,10,true,5,0.081
mixed-038-1,mixed,seed=0x1681638394e0a770;cycles=9;planted=1;d_b=12;m=2;gap=6;k=4,17175151,false,1219147,0.270,32,10,2048,1.688,32,10,true,5,0.088
mixed-038-1,mixed,seed=0x1681638394e0a770;cycles=9;planted=1;d_b=12;m=2;gap=6;k=4,17175151,false,1219147,0.270,32,10,4096,1.765,32,10,true,5,0.090
mixed-038-1,mixed,seed=0x1681638394e0a770;cycles=9;planted=1;d_b=12;m=2;gap=6;k=4,17175151,false,1219147,0.270,32,10,8192,1.702,32,10,true,5,0.085
mixed-038-1,mixed,seed=0x1681638394e0a770;cycles=9;planted=1;d_b=12;m=2;gap=6;k=4,17175151,false,1219147,0.270,32,10,16384,1.680,32,10,true,5,0.084
dec-116,dec,d_b=8;m=9;gap=13;k=4;q=7;s=39,40,false,42,0.275,66,2,1,0.030,79,78,false,0,0.000
dec-116,dec,d_b=8;m=9;gap=13;k=4;q=7;s=39,40,false,42,0.275,66,2,2,0.042,79,78,false,0,0.000
dec-116,dec,d_b=8;m=9;gap=13;k=4;q=7;s=39,40,false,42,0.275,66,2,4,0.072,79,78,false,0,0.000
dec-116,dec,d_b=8;m=9;gap=13;k=4;q=7;s=39,40,false,42,0.275,66,2,8,0.141,79,78,false,0,0.000
dec-116,dec,d_b=8;m=9;gap=13;k=4;q=7;s=39,40,false,42,0.275,66,2,16,0.248,66,2,false,0,0.000
dec-116,dec,d_b=8;m=9;gap=13;k=4;q=7;s=39,40,false,42,0.275,66,2,32,0.484,66,2,false,0,0.000
dec-116,dec,d_b=8;m=9;gap=13;k=4;q=7;s=39,40,false,42,0.275,66,2,64,0.606,66,2,true,0,0.000
dec-116,dec,d_b=8;m=9;gap=13;k=4;q=7;s=39,40,false,42,0.275,66,2,128,0.584,66,2,true,0,0.000
dec-116,dec,d_b=8;m=9;gap=13;k=4;q=7;s=39,40,false,42,0.275,66,2,256,0.575,66,2,true,0,0.000
dec-116,dec,d_b=8;m=9;gap=13;k=4;q=7;s=39,40,false,42,0.275,66,2,512,0.594,66,2,true,0,0.000
dec-116,dec,d_b=8;m=9;gap=13;k=4;q=7;s=39,40,false,42,0.275,66,2,1024,0.573,66,2,true,0,0.000
dec-116,dec,d_b=8;m=9;gap=13;k=4;q=7;s=39,40,false,42,0.275,66,2,2048,0.618,66,2,true,0,0.000
dec-116,dec,d_b=8;m=9;gap=13;k=4;q=7;s=39,40,false,42,0.275,66,2,4096,0.561,66,2,true,0,0.000
dec-116,dec,d_b=8;m=9;gap=13;k=4;q=7;s=39,40,false,42,0.275,66,2,8192,0.671,66,2,true,0,0.000
dec-116,dec,d_b=8;m=9;gap=13;k=4;q=7;s=39,40,false,42,0.275,66,2,16384,0.559,66,2,true,0,0.000
mixed-038-2,mixed,seed=0xdd6b64f1b984bbf3;cycles=9;planted=1;d_b=12;m=2;gap=6;k=4,62,false,63,0.109,16,2,1,0.021,23,20,false,0,0.000
mixed-038-2,mixed,seed=0xdd6b64f1b984bbf3;cycles=9;planted=1;d_b=12;m=2;gap=6;k=4,62,false,63,0.109,16,2,2,0.020,23,20,false,0,0.000
mixed-038-2,mixed,seed=0xdd6b64f1b984bbf3;cycles=9;planted=1;d_b=12;m=2;gap=6;k=4,62,false,63,0.109,16,2,4,0.028,23,20,false,0,0.000
mixed-038-2,mixed,seed=0xdd6b64f1b984bbf3;cycles=9;planted=1;d_b=12;m=2;gap=6;k=4,62,false,63,0.109,16,2,8,0.048,23,20,false,0,0.000
mixed-038-2,mixed,seed=0xdd6b64f1b984bbf3;cycles=9;planted=1;d_b=12;m=2;gap=6;k=4,62,false,63,0.109,16,2,16,0.114,23,20,false,0,0.000
mixed-038-2,mixed,seed=0xdd6b64f1b984bbf3;cycles=9;planted=1;d_b=12;m=2;gap=6;k=4,62,false,63,0.109,16,2,32,0.203,16,2,false,0,0.000
mixed-038-2,mixed,seed=0xdd6b64f1b984bbf3;cycles=9;planted=1;d_b=12;m=2;gap=6;k=4,62,false,63,0.109,16,2,64,0.402,16,2,true,1,0.005
mixed-038-2,mixed,seed=0xdd6b64f1b984bbf3;cycles=9;planted=1;d_b=12;m=2;gap=6;k=4,62,false,63,0.109,16,2,128,0.394,16,2,true,1,0.006
mixed-038-2,mixed,seed=0xdd6b64f1b984bbf3;cycles=9;planted=1;d_b=12;m=2;gap=6;k=4,62,false,63,0.109,16,2,256,0.392,16,2,true,1,0.004
mixed-038-2,mixed,seed=0xdd6b64f1b984bbf3;cycles=9;planted=1;d_b=12;m=2;gap=6;k=4,62,false,63,0.109,16,2,512,0.389,16,2,true,1,0.004
mixed-038-2,mixed,seed=0xdd6b64f1b984bbf3;cycles=9;planted=1;d_b=12;m=2;gap=6;k=4,62,false,63,0.109,16,2,1024,0.386,16,2,true,1,0.004
mixed-038-2,mixed,seed=0xdd6b64f1b984bbf3;cycles=9;planted=1;d_b=12;m=2;gap=6;k=4,62,false,63,0.109,16,2,2048,0.383,16,2,true,1,0.004
mixed-038-2,mixed,seed=0xdd6b64f1b984bbf3;cycles=9;planted=1;d_b=12;m=2;gap=6;k=4,62,false,63,0.109,16,2,4096,0.384,16,2,true,1,0.004
mixed-038-2,mixed,seed=0xdd6b64f1b984bbf3;cycles=9;planted=1;d_b=12;m=2;gap=6;k=4,62,false,63,0.109,16,2,8192,0.383,16,2,true,1,0.004
mixed-038-2,mixed,seed=0xdd6b64f1b984bbf3;cycles=9;planted=1;d_b=12;m=2;gap=6;k=4,62,false,63,0.109,16,2,16384,0.383,16,2,true,1,0.003
dec-117,dec,d_b=12;m=2;gap=1;k=1;q=0;s=7,24,false,25,0.053,14,2,1,0.010,15,14,false,0,0.000
dec-117,dec,d_b=12;m=2;gap=1;k=1;q=0;s=7,24,false,25,0.053,14,2,2,0.017,15,14,false,0,0.000
dec-117,dec,d_b=12;m=2;gap=1;k=1;q=0;s=7,24,false,25,0.053,14,2,4,0.023,15,14,false,0,0.000
dec-117,dec,d_b=12;m=2;gap=1;k=1;q=0;s=7,24,false,25,0.053,14,2,8,0.039,15,14,false,0,0.000
dec-117,dec,d_b=12;m=2;gap=1;k=1;q=0;s=7,24,false,25,0.053,14,2,16,0.067,14,2,true,1,0.017
dec-117,dec,d_b=12;m=2;gap=1;k=1;q=0;s=7,24,false,25,0.053,14,2,32,0.066,14,2,true,1,0.018
dec-117,dec,d_b=12;m=2;gap=1;k=1;q=0;s=7,24,false,25,0.053,14,2,64,0.062,14,2,true,1,0.015
dec-117,dec,d_b=12;m=2;gap=1;k=1;q=0;s=7,24,false,25,0.053,14,2,128,0.062,14,2,true,1,0.015
dec-117,dec,d_b=12;m=2;gap=1;k=1;q=0;s=7,24,false,25,0.053,14,2,256,0.061,14,2,true,1,0.015
dec-117,dec,d_b=12;m=2;gap=1;k=1;q=0;s=7,24,false,25,0.053,14,2,512,0.060,14,2,true,1,0.015
dec-117,dec,d_b=12;m=2;gap=1;k=1;q=0;s=7,24,false,25,0.053,14,2,1024,0.060,14,2,true,1,0.015
dec-117,dec,d_b=12;m=2;gap=1;k=1;q=0;s=7,24,false,25,0.053,14,2,2048,0.060,14,2,true,1,0.014
dec-117,dec,d_b=12;m=2;gap=1;k=1;q=0;s=7,24,false,25,0.053,14,2,4096,0.060,14,2,true,1,0.014
dec-117,dec,d_b=12;m=2;gap=1;k=1;q=0;s=7,24,false,25,0.053,14,2,8192,0.060,14,2,true,1,0.014
dec-117,dec,d_b=12;m=2;gap=1;k=1;q=0;s=7,24,false,25,0.053,14,2,16384,0.060,14,2,true,1,0.014
mixed-039-0,mixed,seed=0xb146caa949c3e3cb;cycles=9;planted=1;d_b=16;m=5;gap=2;k=1,9831530,false,743434,0.192,72,6,1,0.111,75,72,false,1,0.042
mixed-039-0,mixed,seed=0xb146caa949c3e3cb;cycles=9;planted=1;d_b=16;m=5;gap=2;k=1,9831530,false,743434,0.192,72,6,2,0.105,75,72,false,1,0.038
mixed-039-0,mixed,seed=0xb146caa949c3e3cb;cycles=9;planted=1;d_b=16;m=5;gap=2;k=1,9831530,false,743434,0.192,72,6,4,0.112,75,72,false,1,0.034
mixed-039-0,mixed,seed=0xb146caa949c3e3cb;cycles=9;planted=1;d_b=16;m=5;gap=2;k=1,9831530,false,743434,0.192,72,6,8,0.151,75,72,false,1,0.034
mixed-039-0,mixed,seed=0xb146caa949c3e3cb;cycles=9;planted=1;d_b=16;m=5;gap=2;k=1,9831530,false,743434,0.192,72,6,16,0.228,75,72,false,1,0.033
mixed-039-0,mixed,seed=0xb146caa949c3e3cb;cycles=9;planted=1;d_b=16;m=5;gap=2;k=1,9831530,false,743434,0.192,72,6,32,0.413,72,6,true,2,0.036
mixed-039-0,mixed,seed=0xb146caa949c3e3cb;cycles=9;planted=1;d_b=16;m=5;gap=2;k=1,9831530,false,743434,0.192,72,6,64,0.418,72,6,true,2,0.036
mixed-039-0,mixed,seed=0xb146caa949c3e3cb;cycles=9;planted=1;d_b=16;m=5;gap=2;k=1,9831530,false,743434,0.192,72,6,128,0.401,72,6,true,2,0.035
mixed-039-0,mixed,seed=0xb146caa949c3e3cb;cycles=9;planted=1;d_b=16;m=5;gap=2;k=1,9831530,false,743434,0.192,72,6,256,0.399,72,6,true,2,0.035
mixed-039-0,mixed,seed=0xb146caa949c3e3cb;cycles=9;planted=1;d_b=16;m=5;gap=2;k=1,9831530,false,743434,0.192,72,6,512,0.393,72,6,true,2,0.034
mixed-039-0,mixed,seed=0xb146caa949c3e3cb;cycles=9;planted=1;d_b=16;m=5;gap=2;k=1,9831530,false,743434,0.192,72,6,1024,0.395,72,6,true,2,0.034
mixed-039-0,mixed,seed=0xb146caa949c3e3cb;cycles=9;planted=1;d_b=16;m=5;gap=2;k=1,9831530,false,743434,0.192,72,6,2048,0.388,72,6,true,2,0.034
mixed-039-0,mixed,seed=0xb146caa949c3e3cb;cycles=9;planted=1;d_b=16;m=5;gap=2;k=1,9831530,false,743434,0.192,72,6,4096,0.400,72,6,true,2,0.034
mixed-039-0,mixed,seed=0xb146caa949c3e3cb;cycles=9;planted=1;d_b=16;m=5;gap=2;k=1,9831530,false,743434,0.192,72,6,8192,0.388,72,6,true,2,0.033
mixed-039-0,mixed,seed=0xb146caa949c3e3cb;cycles=9;planted=1;d_b=16;m=5;gap=2;k=1,9831530,false,743434,0.192,72,6,16384,0.392,72,6,true,2,0.034
dec-118,dec,d_b=12;m=2;gap=1;k=2;q=0;s=7,36,false,37,0.076,14,2,1,0.011,15,14,false,0,0.000
dec-118,dec,d_b=12;m=2;gap=1;k=2;q=0;s=7,36,false,37,0.076,14,2,2,0.017,15,14,false,0,0.000
dec-118,dec,d_b=12;m=2;gap=1;k=2;q=0;s=7,36,false,37,0.076,14,2,4,0.022,15,14,false,0,0.000
dec-118,dec,d_b=12;m=2;gap=1;k=2;q=0;s=7,36,false,37,0.076,14,2,8,0.040,15,14,false,0,0.000
dec-118,dec,d_b=12;m=2;gap=1;k=2;q=0;s=7,36,false,37,0.076,14,2,16,0.073,15,14,false,0,0.000
dec-118,dec,d_b=12;m=2;gap=1;k=2;q=0;s=7,36,false,37,0.076,14,2,32,0.135,14,2,true,1,0.010
dec-118,dec,d_b=12;m=2;gap=1;k=2;q=0;s=7,36,false,37,0.076,14,2,64,0.132,14,2,true,1,0.009
dec-118,dec,d_b=12;m=2;gap=1;k=2;q=0;s=7,36,false,37,0.076,14,2,128,0.129,14,2,true,1,0.008
dec-118,dec,d_b=12;m=2;gap=1;k=2;q=0;s=7,36,false,37,0.076,14,2,256,0.128,14,2,true,1,0.008
dec-118,dec,d_b=12;m=2;gap=1;k=2;q=0;s=7,36,false,37,0.076,14,2,512,0.126,14,2,true,1,0.008
dec-118,dec,d_b=12;m=2;gap=1;k=2;q=0;s=7,36,false,37,0.076,14,2,1024,0.125,14,2,true,1,0.008
dec-118,dec,d_b=12;m=2;gap=1;k=2;q=0;s=7,36,false,37,0.076,14,2,2048,0.125,14,2,true,1,0.007
dec-118,dec,d_b=12;m=2;gap=1;k=2;q=0;s=7,36,false,37,0.076,14,2,4096,0.125,14,2,true,1,0.007
dec-118,dec,d_b=12;m=2;gap=1;k=2;q=0;s=7,36,false,37,0.076,14,2,8192,0.125,14,2,true,1,0.007
dec-118,dec,d_b=12;m=2;gap=1;k=2;q=0;s=7,36,false,37,0.076,14,2,16384,0.125,14,2,true,1,0.008
mixed-039-1,mixed,seed=0xcefea4d6dfec9077;cycles=9;planted=1;d_b=16;m=5;gap=2;k=1,9831531,false,743437,0.205,73,6,1,0.122,76,72,false,1,0.035
mixed-039-1,mixed,seed=0xcefea4d6dfec9077;cycles=9;planted=1;d_b=16;m=5;gap=2;k=1,9831531,false,743437,0.205,73,6,2,0.132,76,72,false,2,0.038
mixed-039-1,mixed,seed=0xcefea4d6dfec9077;cycles=9;planted=1;d_b=16;m=5;gap=2;k=1,9831531,false,743437,0.205,73,6,4,0.140,76,72,false,2,0.035
mixed-039-1,mixed,seed=0xcefea4d6dfec9077;cycles=9;planted=1;d_b=16;m=5;gap=2;k=1,9831531,false,743437,0.205,73,6,8,0.183,76,72,false,2,0.033
mixed-039-1,mixed,seed=0xcefea4d6dfec9077;cycles=9;planted=1;d_b=16;m=5;gap=2;k=1,9831531,false,743437,0.205,73,6,16,0.279,76,72,false,2,0.033
mixed-039-1,mixed,seed=0xcefea4d6dfec9077;cycles=9;planted=1;d_b=16;m=5;gap=2;k=1,9831531,false,743437,0.205,73,6,32,0.533,73,6,true,3,0.039
mixed-039-1,mixed,seed=0xcefea4d6dfec9077;cycles=9;planted=1;d_b=16;m=5;gap=2;k=1,9831531,false,743437,0.205,73,6,64,0.518,73,6,true,3,0.036
mixed-039-1,mixed,seed=0xcefea4d6dfec9077;cycles=9;planted=1;d_b=16;m=5;gap=2;k=1,9831531,false,743437,0.205,73,6,128,0.506,73,6,true,3,0.035
mixed-039-1,mixed,seed=0xcefea4d6dfec9077;cycles=9;planted=1;d_b=16;m=5;gap=2;k=1,9831531,false,743437,0.205,73,6,256,0.509,73,6,true,3,0.035
mixed-039-1,mixed,seed=0xcefea4d6dfec9077;cycles=9;planted=1;d_b=16;m=5;gap=2;k=1,9831531,false,743437,0.205,73,6,512,0.501,73,6,true,3,0.034
mixed-039-1,mixed,seed=0xcefea4d6dfec9077;cycles=9;planted=1;d_b=16;m=5;gap=2;k=1,9831531,false,743437,0.205,73,6,1024,0.496,73,6,true,3,0.034
mixed-039-1,mixed,seed=0xcefea4d6dfec9077;cycles=9;planted=1;d_b=16;m=5;gap=2;k=1,9831531,false,743437,0.205,73,6,2048,0.497,73,6,true,3,0.036
mixed-039-1,mixed,seed=0xcefea4d6dfec9077;cycles=9;planted=1;d_b=16;m=5;gap=2;k=1,9831531,false,743437,0.205,73,6,4096,0.496,73,6,true,3,0.034
mixed-039-1,mixed,seed=0xcefea4d6dfec9077;cycles=9;planted=1;d_b=16;m=5;gap=2;k=1,9831531,false,743437,0.205,73,6,8192,0.503,73,6,true,3,0.034
mixed-039-1,mixed,seed=0xcefea4d6dfec9077;cycles=9;planted=1;d_b=16;m=5;gap=2;k=1,9831531,false,743437,0.205,73,6,16384,0.494,73,6,true,3,0.034
dec-119,dec,d_b=12;m=2;gap=1;k=4;q=0;s=7,60,false,61,0.117,14,2,1,0.013,15,14,false,0,0.000
dec-119,dec,d_b=12;m=2;gap=1;k=4;q=0;s=7,60,false,61,0.117,14,2,2,0.019,15,14,false,0,0.000
dec-119,dec,d_b=12;m=2;gap=1;k=4;q=0;s=7,60,false,61,0.117,14,2,4,0.026,15,14,false,0,0.000
dec-119,dec,d_b=12;m=2;gap=1;k=4;q=0;s=7,60,false,61,0.117,14,2,8,0.044,15,14,false,0,0.000
dec-119,dec,d_b=12;m=2;gap=1;k=4;q=0;s=7,60,false,61,0.117,14,2,16,0.072,15,14,false,0,0.000
dec-119,dec,d_b=12;m=2;gap=1;k=4;q=0;s=7,60,false,61,0.117,14,2,32,0.157,14,2,false,0,0.000
dec-119,dec,d_b=12;m=2;gap=1;k=4;q=0;s=7,60,false,61,0.117,14,2,64,0.266,14,2,true,1,0.006
dec-119,dec,d_b=12;m=2;gap=1;k=4;q=0;s=7,60,false,61,0.117,14,2,128,0.266,14,2,true,1,0.006
dec-119,dec,d_b=12;m=2;gap=1;k=4;q=0;s=7,60,false,61,0.117,14,2,256,0.260,14,2,true,1,0.005
dec-119,dec,d_b=12;m=2;gap=1;k=4;q=0;s=7,60,false,61,0.117,14,2,512,0.257,14,2,true,1,0.005
dec-119,dec,d_b=12;m=2;gap=1;k=4;q=0;s=7,60,false,61,0.117,14,2,1024,0.256,14,2,true,1,0.005
dec-119,dec,d_b=12;m=2;gap=1;k=4;q=0;s=7,60,false,61,0.117,14,2,2048,0.255,14,2,true,1,0.005
dec-119,dec,d_b=12;m=2;gap=1;k=4;q=0;s=7,60,false,61,0.117,14,2,4096,0.254,14,2,true,1,0.005
dec-119,dec,d_b=12;m=2;gap=1;k=4;q=0;s=7,60,false,61,0.117,14,2,8192,0.255,14,2,true,1,0.005
dec-119,dec,d_b=12;m=2;gap=1;k=4;q=0;s=7,60,false,61,0.117,14,2,16384,0.254,14,2,true,1,0.005
mixed-039-2,mixed,seed=0xee901649610a9c90;cycles=9;planted=1;d_b=16;m=5;gap=2;k=1,5335286,false,414830,0.285,95,6,1,0.256,98,72,false,8,0.045
mixed-039-2,mixed,seed=0xee901649610a9c90;cycles=9;planted=1;d_b=16;m=5;gap=2;k=1,5335286,false,414830,0.285,95,6,2,0.272,98,72,false,8,0.041
mixed-039-2,mixed,seed=0xee901649610a9c90;cycles=9;planted=1;d_b=16;m=5;gap=2;k=1,5335286,false,414830,0.285,95,6,4,0.319,98,72,false,8,0.036
mixed-039-2,mixed,seed=0xee901649610a9c90;cycles=9;planted=1;d_b=16;m=5;gap=2;k=1,5335286,false,414830,0.285,95,6,8,0.458,98,72,false,8,0.035
mixed-039-2,mixed,seed=0xee901649610a9c90;cycles=9;planted=1;d_b=16;m=5;gap=2;k=1,5335286,false,414830,0.285,95,6,16,0.756,98,72,false,8,0.034
mixed-039-2,mixed,seed=0xee901649610a9c90;cycles=9;planted=1;d_b=16;m=5;gap=2;k=1,5335286,false,414830,0.285,95,6,32,1.456,95,6,true,9,0.037
mixed-039-2,mixed,seed=0xee901649610a9c90;cycles=9;planted=1;d_b=16;m=5;gap=2;k=1,5335286,false,414830,0.285,95,6,64,1.450,95,6,true,9,0.037
mixed-039-2,mixed,seed=0xee901649610a9c90;cycles=9;planted=1;d_b=16;m=5;gap=2;k=1,5335286,false,414830,0.285,95,6,128,1.432,95,6,true,9,0.036
mixed-039-2,mixed,seed=0xee901649610a9c90;cycles=9;planted=1;d_b=16;m=5;gap=2;k=1,5335286,false,414830,0.285,95,6,256,1.448,95,6,true,9,0.036
mixed-039-2,mixed,seed=0xee901649610a9c90;cycles=9;planted=1;d_b=16;m=5;gap=2;k=1,5335286,false,414830,0.285,95,6,512,1.421,95,6,true,9,0.036
mixed-039-2,mixed,seed=0xee901649610a9c90;cycles=9;planted=1;d_b=16;m=5;gap=2;k=1,5335286,false,414830,0.285,95,6,1024,1.429,95,6,true,9,0.036
mixed-039-2,mixed,seed=0xee901649610a9c90;cycles=9;planted=1;d_b=16;m=5;gap=2;k=1,5335286,false,414830,0.285,95,6,2048,1.429,95,6,true,9,0.035
mixed-039-2,mixed,seed=0xee901649610a9c90;cycles=9;planted=1;d_b=16;m=5;gap=2;k=1,5335286,false,414830,0.285,95,6,4096,1.430,95,6,true,9,0.036
mixed-039-2,mixed,seed=0xee901649610a9c90;cycles=9;planted=1;d_b=16;m=5;gap=2;k=1,5335286,false,414830,0.285,95,6,8192,1.428,95,6,true,9,0.035
mixed-039-2,mixed,seed=0xee901649610a9c90;cycles=9;planted=1;d_b=16;m=5;gap=2;k=1,5335286,false,414830,0.285,95,6,16384,1.420,95,6,true,9,0.035
dec-120,dec,d_b=12;m=2;gap=3;k=1;q=0;s=8,24,false,25,0.053,14,2,1,0.012,17,16,false,0,0.000
dec-120,dec,d_b=12;m=2;gap=3;k=1;q=0;s=8,24,false,25,0.053,14,2,2,0.019,17,16,false,0,0.000
dec-120,dec,d_b=12;m=2;gap=3;k=1;q=0;s=8,24,false,25,0.053,14,2,4,0.025,17,16,false,0,0.000
dec-120,dec,d_b=12;m=2;gap=3;k=1;q=0;s=8,24,false,25,0.053,14,2,8,0.042,17,16,false,0,0.000
dec-120,dec,d_b=12;m=2;gap=3;k=1;q=0;s=8,24,false,25,0.053,14,2,16,0.066,14,2,true,1,0.014
dec-120,dec,d_b=12;m=2;gap=3;k=1;q=0;s=8,24,false,25,0.053,14,2,32,0.065,14,2,true,1,0.014
dec-120,dec,d_b=12;m=2;gap=3;k=1;q=0;s=8,24,false,25,0.053,14,2,64,0.062,14,2,true,1,0.012
dec-120,dec,d_b=12;m=2;gap=3;k=1;q=0;s=8,24,false,25,0.053,14,2,128,0.062,14,2,true,1,0.012
dec-120,dec,d_b=12;m=2;gap=3;k=1;q=0;s=8,24,false,25,0.053,14,2,256,0.060,14,2,true,1,0.012
dec-120,dec,d_b=12;m=2;gap=3;k=1;q=0;s=8,24,false,25,0.053,14,2,512,0.060,14,2,true,1,0.012
dec-120,dec,d_b=12;m=2;gap=3;k=1;q=0;s=8,24,false,25,0.053,14,2,1024,0.060,14,2,true,1,0.011
dec-120,dec,d_b=12;m=2;gap=3;k=1;q=0;s=8,24,false,25,0.053,14,2,2048,0.060,14,2,true,1,0.011
dec-120,dec,d_b=12;m=2;gap=3;k=1;q=0;s=8,24,false,25,0.053,14,2,4096,0.059,14,2,true,1,0.011
dec-120,dec,d_b=12;m=2;gap=3;k=1;q=0;s=8,24,false,25,0.053,14,2,8192,0.060,14,2,true,1,0.011
dec-120,dec,d_b=12;m=2;gap=3;k=1;q=0;s=8,24,false,25,0.053,14,2,16384,0.062,14,2,true,1,0.014
mixed-040-0,mixed,seed=0xa04bbea7cf185589;cycles=9;planted=2;d_b=4;m=2;gap=1;k=2,8650595,false,647647,0.092,21,8,1,0.080,23,16,false,0,0.000
mixed-040-0,mixed,seed=0xa04bbea7cf185589;cycles=9;planted=2;d_b=4;m=2;gap=1;k=2,8650595,false,647647,0.092,21,8,2,0.080,23,16,false,0,0.000
mixed-040-0,mixed,seed=0xa04bbea7cf185589;cycles=9;planted=2;d_b=4;m=2;gap=1;k=2,8650595,false,647647,0.092,21,8,4,0.198,21,8,true,2,0.101
mixed-040-0,mixed,seed=0xa04bbea7cf185589;cycles=9;planted=2;d_b=4;m=2;gap=1;k=2,8650595,false,647647,0.092,21,8,8,0.159,21,8,true,2,0.076
mixed-040-0,mixed,seed=0xa04bbea7cf185589;cycles=9;planted=2;d_b=4;m=2;gap=1;k=2,8650595,false,647647,0.092,21,8,16,0.141,21,8,true,2,0.066
mixed-040-0,mixed,seed=0xa04bbea7cf185589;cycles=9;planted=2;d_b=4;m=2;gap=1;k=2,8650595,false,647647,0.092,21,8,32,0.147,21,8,true,2,0.070
mixed-040-0,mixed,seed=0xa04bbea7cf185589;cycles=9;planted=2;d_b=4;m=2;gap=1;k=2,8650595,false,647647,0.092,21,8,64,0.133,21,8,true,2,0.062
mixed-040-0,mixed,seed=0xa04bbea7cf185589;cycles=9;planted=2;d_b=4;m=2;gap=1;k=2,8650595,false,647647,0.092,21,8,128,0.134,21,8,true,2,0.062
mixed-040-0,mixed,seed=0xa04bbea7cf185589;cycles=9;planted=2;d_b=4;m=2;gap=1;k=2,8650595,false,647647,0.092,21,8,256,0.132,21,8,true,2,0.062
mixed-040-0,mixed,seed=0xa04bbea7cf185589;cycles=9;planted=2;d_b=4;m=2;gap=1;k=2,8650595,false,647647,0.092,21,8,512,0.131,21,8,true,2,0.061
mixed-040-0,mixed,seed=0xa04bbea7cf185589;cycles=9;planted=2;d_b=4;m=2;gap=1;k=2,8650595,false,647647,0.092,21,8,1024,0.130,21,8,true,2,0.061
mixed-040-0,mixed,seed=0xa04bbea7cf185589;cycles=9;planted=2;d_b=4;m=2;gap=1;k=2,8650595,false,647647,0.092,21,8,2048,0.131,21,8,true,2,0.061
mixed-040-0,mixed,seed=0xa04bbea7cf185589;cycles=9;planted=2;d_b=4;m=2;gap=1;k=2,8650595,false,647647,0.092,21,8,4096,0.130,21,8,true,2,0.061
mixed-040-0,mixed,seed=0xa04bbea7cf185589;cycles=9;planted=2;d_b=4;m=2;gap=1;k=2,8650595,false,647647,0.092,21,8,8192,0.129,21,8,true,2,0.060
mixed-040-0,mixed,seed=0xa04bbea7cf185589;cycles=9;planted=2;d_b=4;m=2;gap=1;k=2,8650595,false,647647,0.092,21,8,16384,0.129,21,8,true,2,0.060
dec-121,dec,d_b=12;m=2;gap=3;k=2;q=0;s=8,36,false,37,0.073,14,2,1,0.012,17,16,false,0,0.000
dec-121,dec,d_b=12;m=2;gap=3;k=2;q=0;s=8,36,false,37,0.073,14,2,2,0.018,17,16,false,0,0.000
dec-121,dec,d_b=12;m=2;gap=3;k=2;q=0;s=8,36,false,37,0.073,14,2,4,0.026,17,16,false,0,0.000
dec-121,dec,d_b=12;m=2;gap=3;k=2;q=0;s=8,36,false,37,0.073,14,2,8,0.044,17,16,false,0,0.000
dec-121,dec,d_b=12;m=2;gap=3;k=2;q=0;s=8,36,false,37,0.073,14,2,16,0.088,14,2,false,0,0.000
dec-121,dec,d_b=12;m=2;gap=3;k=2;q=0;s=8,36,false,37,0.073,14,2,32,0.154,14,2,true,1,0.007
dec-121,dec,d_b=12;m=2;gap=3;k=2;q=0;s=8,36,false,37,0.073,14,2,64,0.151,14,2,true,1,0.007
dec-121,dec,d_b=12;m=2;gap=3;k=2;q=0;s=8,36,false,37,0.073,14,2,128,0.147,14,2,true,1,0.006
dec-121,dec,d_b=12;m=2;gap=3;k=2;q=0;s=8,36,false,37,0.073,14,2,256,0.145,14,2,true,1,0.006
dec-121,dec,d_b=12;m=2;gap=3;k=2;q=0;s=8,36,false,37,0.073,14,2,512,0.144,14,2,true,1,0.006
dec-121,dec,d_b=12;m=2;gap=3;k=2;q=0;s=8,36,false,37,0.073,14,2,1024,0.145,14,2,true,1,0.006
dec-121,dec,d_b=12;m=2;gap=3;k=2;q=0;s=8,36,false,37,0.073,14,2,2048,0.142,14,2,true,1,0.006
dec-121,dec,d_b=12;m=2;gap=3;k=2;q=0;s=8,36,false,37,0.073,14,2,4096,0.143,14,2,true,1,0.005
dec-121,dec,d_b=12;m=2;gap=3;k=2;q=0;s=8,36,false,37,0.073,14,2,8192,0.141,14,2,true,1,0.006
dec-121,dec,d_b=12;m=2;gap=3;k=2;q=0;s=8,36,false,37,0.073,14,2,16384,0.143,14,2,true,1,0.005
mixed-040-1,mixed,seed=0xd684de76f3d375f3;cycles=9;planted=2;d_b=4;m=2;gap=1;k=2,5335273,false,414724,0.073,19,8,1,0.146,19,8,true,4,0.072
mixed-040-1,mixed,seed=0xd684de76f3d375f3;cycles=9;planted=2;d_b=4;m=2;gap=1;k=2,5335273,false,414724,0.073,19,8,2,0.133,19,8,true,4,0.068
mixed-040-1,mixed,seed=0xd684de76f3d375f3;cycles=9;planted=2;d_b=4;m=2;gap=1;k=2,5335273,false,414724,0.073,19,8,4,0.107,19,8,true,4,0.058
mixed-040-1,mixed,seed=0xd684de76f3d375f3;cycles=9;planted=2;d_b=4;m=2;gap=1;k=2,5335273,false,414724,0.073,19,8,8,0.108,19,8,true,4,0.058
mixed-040-1,mixed,seed=0xd684de76f3d375f3;cycles=9;planted=2;d_b=4;m=2;gap=1;k=2,5335273,false,414724,0.073,19,8,16,0.097,19,8,true,4,0.053
mixed-040-1,mixed,seed=0xd684de76f3d375f3;cycles=9;planted=2;d_b=4;m=2;gap=1;k=2,5335273,false,414724,0.073,19,8,32,0.099,19,8,true,4,0.053
mixed-040-1,mixed,seed=0xd684de76f3d375f3;cycles=9;planted=2;d_b=4;m=2;gap=1;k=2,5335273,false,414724,0.073,19,8,64,0.103,19,8,true,4,0.055
mixed-040-1,mixed,seed=0xd684de76f3d375f3;cycles=9;planted=2;d_b=4;m=2;gap=1;k=2,5335273,false,414724,0.073,19,8,128,0.096,19,8,true,4,0.052
mixed-040-1,mixed,seed=0xd684de76f3d375f3;cycles=9;planted=2;d_b=4;m=2;gap=1;k=2,5335273,false,414724,0.073,19,8,256,0.096,19,8,true,4,0.052
mixed-040-1,mixed,seed=0xd684de76f3d375f3;cycles=9;planted=2;d_b=4;m=2;gap=1;k=2,5335273,false,414724,0.073,19,8,512,0.095,19,8,true,4,0.052
mixed-040-1,mixed,seed=0xd684de76f3d375f3;cycles=9;planted=2;d_b=4;m=2;gap=1;k=2,5335273,false,414724,0.073,19,8,1024,0.094,19,8,true,4,0.051
mixed-040-1,mixed,seed=0xd684de76f3d375f3;cycles=9;planted=2;d_b=4;m=2;gap=1;k=2,5335273,false,414724,0.073,19,8,2048,0.094,19,8,true,4,0.052
mixed-040-1,mixed,seed=0xd684de76f3d375f3;cycles=9;planted=2;d_b=4;m=2;gap=1;k=2,5335273,false,414724,0.073,19,8,4096,0.093,19,8,true,4,0.051
mixed-040-1,mixed,seed=0xd684de76f3d375f3;cycles=9;planted=2;d_b=4;m=2;gap=1;k=2,5335273,false,414724,0.073,19,8,8192,0.094,19,8,true,4,0.051
mixed-040-1,mixed,seed=0xd684de76f3d375f3;cycles=9;planted=2;d_b=4;m=2;gap=1;k=2,5335273,false,414724,0.073,19,8,16384,0.093,19,8,true,4,0.051
dec-122,dec,d_b=12;m=2;gap=3;k=4;q=0;s=8,60,false,61,0.113,14,2,1,0.015,17,16,false,0,0.000
dec-122,dec,d_b=12;m=2;gap=3;k=4;q=0;s=8,60,false,61,0.113,14,2,2,0.021,17,16,false,0,0.000
dec-122,dec,d_b=12;m=2;gap=3;k=4;q=0;s=8,60,false,61,0.113,14,2,4,0.028,17,16,false,0,0.000
dec-122,dec,d_b=12;m=2;gap=3;k=4;q=0;s=8,60,false,61,0.113,14,2,8,0.047,17,16,false,0,0.000
dec-122,dec,d_b=12;m=2;gap=3;k=4;q=0;s=8,60,false,61,0.113,14,2,16,0.080,17,16,false,0,0.000
dec-122,dec,d_b=12;m=2;gap=3;k=4;q=0;s=8,60,false,61,0.113,14,2,32,0.171,14,2,false,0,0.000
dec-122,dec,d_b=12;m=2;gap=3;k=4;q=0;s=8,60,false,61,0.113,14,2,64,0.309,14,2,true,1,0.007
dec-122,dec,d_b=12;m=2;gap=3;k=4;q=0;s=8,60,false,61,0.113,14,2,128,0.302,14,2,true,1,0.005
dec-122,dec,d_b=12;m=2;gap=3;k=4;q=0;s=8,60,false,61,0.113,14,2,256,0.302,14,2,true,1,0.004
dec-122,dec,d_b=12;m=2;gap=3;k=4;q=0;s=8,60,false,61,0.113,14,2,512,0.298,14,2,true,1,0.004
dec-122,dec,d_b=12;m=2;gap=3;k=4;q=0;s=8,60,false,61,0.113,14,2,1024,0.298,14,2,true,1,0.004
dec-122,dec,d_b=12;m=2;gap=3;k=4;q=0;s=8,60,false,61,0.113,14,2,2048,0.296,14,2,true,1,0.004
dec-122,dec,d_b=12;m=2;gap=3;k=4;q=0;s=8,60,false,61,0.113,14,2,4096,0.296,14,2,true,1,0.003
dec-122,dec,d_b=12;m=2;gap=3;k=4;q=0;s=8,60,false,61,0.113,14,2,8192,0.293,14,2,true,1,0.004
dec-122,dec,d_b=12;m=2;gap=3;k=4;q=0;s=8,60,false,61,0.113,14,2,16384,0.296,14,2,true,1,0.003
mixed-040-2,mixed,seed=0x190f2ebbbd6db7b1;cycles=9;planted=2;d_b=4;m=2;gap=1;k=2,5335272,false,414721,0.072,20,8,1,0.145,20,8,true,2,0.070
mixed-040-2,mixed,seed=0x190f2ebbbd6db7b1;cycles=9;planted=2;d_b=4;m=2;gap=1;k=2,5335272,false,414721,0.072,20,8,2,0.127,20,8,true,2,0.063
mixed-040-2,mixed,seed=0x190f2ebbbd6db7b1;cycles=9;planted=2;d_b=4;m=2;gap=1;k=2,5335272,false,414721,0.072,20,8,4,0.104,20,8,true,2,0.055
mixed-040-2,mixed,seed=0x190f2ebbbd6db7b1;cycles=9;planted=2;d_b=4;m=2;gap=1;k=2,5335272,false,414721,0.072,20,8,8,0.102,20,8,true,2,0.054
mixed-040-2,mixed,seed=0x190f2ebbbd6db7b1;cycles=9;planted=2;d_b=4;m=2;gap=1;k=2,5335272,false,414721,0.072,20,8,16,0.096,20,8,true,2,0.050
mixed-040-2,mixed,seed=0x190f2ebbbd6db7b1;cycles=9;planted=2;d_b=4;m=2;gap=1;k=2,5335272,false,414721,0.072,20,8,32,0.093,20,8,true,2,0.050
mixed-040-2,mixed,seed=0x190f2ebbbd6db7b1;cycles=9;planted=2;d_b=4;m=2;gap=1;k=2,5335272,false,414721,0.072,20,8,64,0.098,20,8,true,2,0.050
mixed-040-2,mixed,seed=0x190f2ebbbd6db7b1;cycles=9;planted=2;d_b=4;m=2;gap=1;k=2,5335272,false,414721,0.072,20,8,128,0.091,20,8,true,2,0.049
mixed-040-2,mixed,seed=0x190f2ebbbd6db7b1;cycles=9;planted=2;d_b=4;m=2;gap=1;k=2,5335272,false,414721,0.072,20,8,256,0.091,20,8,true,2,0.049
mixed-040-2,mixed,seed=0x190f2ebbbd6db7b1;cycles=9;planted=2;d_b=4;m=2;gap=1;k=2,5335272,false,414721,0.072,20,8,512,0.091,20,8,true,2,0.048
mixed-040-2,mixed,seed=0x190f2ebbbd6db7b1;cycles=9;planted=2;d_b=4;m=2;gap=1;k=2,5335272,false,414721,0.072,20,8,1024,0.102,20,8,true,2,0.053
mixed-040-2,mixed,seed=0x190f2ebbbd6db7b1;cycles=9;planted=2;d_b=4;m=2;gap=1;k=2,5335272,false,414721,0.072,20,8,2048,0.090,20,8,true,2,0.048
mixed-040-2,mixed,seed=0x190f2ebbbd6db7b1;cycles=9;planted=2;d_b=4;m=2;gap=1;k=2,5335272,false,414721,0.072,20,8,4096,0.094,20,8,true,2,0.050
mixed-040-2,mixed,seed=0x190f2ebbbd6db7b1;cycles=9;planted=2;d_b=4;m=2;gap=1;k=2,5335272,false,414721,0.072,20,8,8192,0.090,20,8,true,2,0.048
mixed-040-2,mixed,seed=0x190f2ebbbd6db7b1;cycles=9;planted=2;d_b=4;m=2;gap=1;k=2,5335272,false,414721,0.072,20,8,16384,0.091,20,8,true,2,0.049
dec-123,dec,d_b=12;m=2;gap=7;k=1;q=0;s=10,24,false,25,0.048,14,2,1,0.013,21,20,false,0,0.000
dec-123,dec,d_b=12;m=2;gap=7;k=1;q=0;s=10,24,false,25,0.048,14,2,2,0.021,21,20,false,0,0.000
dec-123,dec,d_b=12;m=2;gap=7;k=1;q=0;s=10,24,false,25,0.048,14,2,4,0.028,21,20,false,0,0.000
dec-123,dec,d_b=12;m=2;gap=7;k=1;q=0;s=10,24,false,25,0.048,14,2,8,0.054,14,2,false,0,0.000
dec-123,dec,d_b=12;m=2;gap=7;k=1;q=0;s=10,24,false,25,0.048,14,2,16,0.093,14,2,true,1,0.010
dec-123,dec,d_b=12;m=2;gap=7;k=1;q=0;s=10,24,false,25,0.048,14,2,32,0.092,14,2,true,1,0.009
dec-123,dec,d_b=12;m=2;gap=7;k=1;q=0;s=10,24,false,25,0.048,14,2,64,0.088,14,2,true,1,0.008
dec-123,dec,d_b=12;m=2;gap=7;k=1;q=0;s=10,24,false,25,0.048,14,2,128,0.089,14,2,true,1,0.008
dec-123,dec,d_b=12;m=2;gap=7;k=1;q=0;s=10,24,false,25,0.048,14,2,256,0.086,14,2,true,1,0.008
dec-123,dec,d_b=12;m=2;gap=7;k=1;q=0;s=10,24,false,25,0.048,14,2,512,0.087,14,2,true,1,0.008
dec-123,dec,d_b=12;m=2;gap=7;k=1;q=0;s=10,24,false,25,0.048,14,2,1024,0.086,14,2,true,1,0.008
dec-123,dec,d_b=12;m=2;gap=7;k=1;q=0;s=10,24,false,25,0.048,14,2,2048,0.086,14,2,true,1,0.008
dec-123,dec,d_b=12;m=2;gap=7;k=1;q=0;s=10,24,false,25,0.048,14,2,4096,0.085,14,2,true,1,0.008
dec-123,dec,d_b=12;m=2;gap=7;k=1;q=0;s=10,24,false,25,0.048,14,2,8192,0.086,14,2,true,1,0.008
dec-123,dec,d_b=12;m=2;gap=7;k=1;q=0;s=10,24,false,25,0.048,14,2,16384,0.086,14,2,true,1,0.008
mixed-041-0,mixed,seed=0x9d2adb5ca2149cee;cycles=9;planted=2;d_b=8;m=3;gap=2;k=2,9831547,false,743487,0.213,48,8,1,0.127,54,44,false,0,0.000
mixed-041-0,mixed,seed=0x9d2adb5ca2149cee;cycles=9;planted=2;d_b=8;m=3;gap=2;k=2,9831547,false,743487,0.213,48,8,2,0.199,54,44,false,1,0.042
mixed-041-0,mixed,seed=0x9d2adb5ca2149cee;cycles=9;planted=2;d_b=8;m=3;gap=2;k=2,9831547,false,743487,0.213,48,8,4,0.182,54,44,false,1,0.020
mixed-041-0,mixed,seed=0x9d2adb5ca2149cee;cycles=9;planted=2;d_b=8;m=3;gap=2;k=2,9831547,false,743487,0.213,48,8,8,0.265,54,44,false,2,0.034
mixed-041-0,mixed,seed=0x9d2adb5ca2149cee;cycles=9;planted=2;d_b=8;m=3;gap=2;k=2,9831547,false,743487,0.213,48,8,16,0.391,54,44,false,2,0.033
mixed-041-0,mixed,seed=0x9d2adb5ca2149cee;cycles=9;planted=2;d_b=8;m=3;gap=2;k=2,9831547,false,743487,0.213,48,8,32,0.660,48,8,false,2,0.032
mixed-041-0,mixed,seed=0x9d2adb5ca2149cee;cycles=9;planted=2;d_b=8;m=3;gap=2;k=2,9831547,false,743487,0.213,48,8,64,0.827,48,8,true,4,0.044
mixed-041-0,mixed,seed=0x9d2adb5ca2149cee;cycles=9;planted=2;d_b=8;m=3;gap=2;k=2,9831547,false,743487,0.213,48,8,128,0.809,48,8,true,4,0.043
mixed-041-0,mixed,seed=0x9d2adb5ca2149cee;cycles=9;planted=2;d_b=8;m=3;gap=2;k=2,9831547,false,743487,0.213,48,8,256,0.811,48,8,true,4,0.041
mixed-041-0,mixed,seed=0x9d2adb5ca2149cee;cycles=9;planted=2;d_b=8;m=3;gap=2;k=2,9831547,false,743487,0.213,48,8,512,0.808,48,8,true,4,0.041
mixed-041-0,mixed,seed=0x9d2adb5ca2149cee;cycles=9;planted=2;d_b=8;m=3;gap=2;k=2,9831547,false,743487,0.213,48,8,1024,0.802,48,8,true,4,0.040
mixed-041-0,mixed,seed=0x9d2adb5ca2149cee;cycles=9;planted=2;d_b=8;m=3;gap=2;k=2,9831547,false,743487,0.213,48,8,2048,0.790,48,8,true,4,0.040
mixed-041-0,mixed,seed=0x9d2adb5ca2149cee;cycles=9;planted=2;d_b=8;m=3;gap=2;k=2,9831547,false,743487,0.213,48,8,4096,0.800,48,8,true,4,0.039
mixed-041-0,mixed,seed=0x9d2adb5ca2149cee;cycles=9;planted=2;d_b=8;m=3;gap=2;k=2,9831547,false,743487,0.213,48,8,8192,0.792,48,8,true,4,0.039
mixed-041-0,mixed,seed=0x9d2adb5ca2149cee;cycles=9;planted=2;d_b=8;m=3;gap=2;k=2,9831547,false,743487,0.213,48,8,16384,0.802,48,8,true,4,0.039
dec-124,dec,d_b=12;m=2;gap=7;k=2;q=0;s=10,36,false,37,0.064,14,2,1,0.013,21,20,false,0,0.000
dec-124,dec,d_b=12;m=2;gap=7;k=2;q=0;s=10,36,false,37,0.064,14,2,2,0.019,21,20,false,0,0.000
dec-124,dec,d_b=12;m=2;gap=7;k=2;q=0;s=10,36,false,37,0.064,14,2,4,0.038,21,20,false,0,0.000
dec-124,dec,d_b=12;m=2;gap=7;k=2;q=0;s=10,36,false,37,0.064,14,2,8,0.048,21,20,false,0,0.000
dec-124,dec,d_b=12;m=2;gap=7;k=2;q=0;s=10,36,false,37,0.064,14,2,16,0.100,14,2,false,0,0.000
dec-124,dec,d_b=12;m=2;gap=7;k=2;q=0;s=10,36,false,37,0.064,14,2,32,0.175,14,2,true,1,0.012
dec-124,dec,d_b=12;m=2;gap=7;k=2;q=0;s=10,36,false,37,0.064,14,2,64,0.171,14,2,true,1,0.012
dec-124,dec,d_b=12;m=2;gap=7;k=2;q=0;s=10,36,false,37,0.064,14,2,128,0.168,14,2,true,1,0.010
dec-124,dec,d_b=12;m=2;gap=7;k=2;q=0;s=10,36,false,37,0.064,14,2,256,0.166,14,2,true,1,0.010
dec-124,dec,d_b=12;m=2;gap=7;k=2;q=0;s=10,36,false,37,0.064,14,2,512,0.165,14,2,true,1,0.009
dec-124,dec,d_b=12;m=2;gap=7;k=2;q=0;s=10,36,false,37,0.064,14,2,1024,0.165,14,2,true,1,0.010
dec-124,dec,d_b=12;m=2;gap=7;k=2;q=0;s=10,36,false,37,0.064,14,2,2048,0.165,14,2,true,1,0.009
dec-124,dec,d_b=12;m=2;gap=7;k=2;q=0;s=10,36,false,37,0.064,14,2,4096,0.163,14,2,true,1,0.009
dec-124,dec,d_b=12;m=2;gap=7;k=2;q=0;s=10,36,false,37,0.064,14,2,8192,0.164,14,2,true,1,0.009
dec-124,dec,d_b=12;m=2;gap=7;k=2;q=0;s=10,36,false,37,0.064,14,2,16384,0.166,14,2,true,1,0.012
mixed-041-1,mixed,seed=0x8c35ea541b047646;cycles=9;planted=2;d_b=8;m=3;gap=2;k=2,8650625,false,647746,0.267,69,8,1,0.176,75,44,false,0,0.000
mixed-041-1,mixed,seed=0x8c35ea541b047646;cycles=9;planted=2;d_b=8;m=3;gap=2;k=2,8650625,false,647746,0.267,69,8,2,0.289,75,44,false,6,0.054
mixed-041-1,mixed,seed=0x8c35ea541b047646;cycles=9;planted=2;d_b=8;m=3;gap=2;k=2,8650625,false,647746,0.267,69,8,4,0.297,75,44,false,6,0.055
mixed-041-1,mixed,seed=0x8c35ea541b047646;cycles=9;planted=2;d_b=8;m=3;gap=2;k=2,8650625,false,647746,0.267,69,8,8,0.399,75,44,false,6,0.043
mixed-041-1,mixed,seed=0x8c35ea541b047646;cycles=9;planted=2;d_b=8;m=3;gap=2;k=2,8650625,false,647746,0.267,69,8,16,0.629,75,44,false,6,0.042
mixed-041-1,mixed,seed=0x8c35ea541b047646;cycles=9;planted=2;d_b=8;m=3;gap=2;k=2,8650625,false,647746,0.267,69,8,32,1.124,69,8,false,6,0.042
mixed-041-1,mixed,seed=0x8c35ea541b047646;cycles=9;planted=2;d_b=8;m=3;gap=2;k=2,8650625,false,647746,0.267,69,8,64,1.519,69,8,true,8,0.053
mixed-041-1,mixed,seed=0x8c35ea541b047646;cycles=9;planted=2;d_b=8;m=3;gap=2;k=2,8650625,false,647746,0.267,69,8,128,1.497,69,8,true,8,0.052
mixed-041-1,mixed,seed=0x8c35ea541b047646;cycles=9;planted=2;d_b=8;m=3;gap=2;k=2,8650625,false,647746,0.267,69,8,256,1.506,69,8,true,8,0.051
mixed-041-1,mixed,seed=0x8c35ea541b047646;cycles=9;planted=2;d_b=8;m=3;gap=2;k=2,8650625,false,647746,0.267,69,8,512,1.490,69,8,true,8,0.050
mixed-041-1,mixed,seed=0x8c35ea541b047646;cycles=9;planted=2;d_b=8;m=3;gap=2;k=2,8650625,false,647746,0.267,69,8,1024,1.504,69,8,true,8,0.050
mixed-041-1,mixed,seed=0x8c35ea541b047646;cycles=9;planted=2;d_b=8;m=3;gap=2;k=2,8650625,false,647746,0.267,69,8,2048,1.493,69,8,true,8,0.049
mixed-041-1,mixed,seed=0x8c35ea541b047646;cycles=9;planted=2;d_b=8;m=3;gap=2;k=2,8650625,false,647746,0.267,69,8,4096,1.495,69,8,true,8,0.050
mixed-041-1,mixed,seed=0x8c35ea541b047646;cycles=9;planted=2;d_b=8;m=3;gap=2;k=2,8650625,false,647746,0.267,69,8,8192,1.481,69,8,true,8,0.049
mixed-041-1,mixed,seed=0x8c35ea541b047646;cycles=9;planted=2;d_b=8;m=3;gap=2;k=2,8650625,false,647746,0.267,69,8,16384,1.498,69,8,true,8,0.050
dec-125,dec,d_b=12;m=2;gap=7;k=4;q=0;s=10,60,false,61,0.097,14,2,1,0.015,21,20,false,0,0.000
dec-125,dec,d_b=12;m=2;gap=7;k=4;q=0;s=10,60,false,61,0.097,14,2,2,0.020,21,20,false,0,0.000
dec-125,dec,d_b=12;m=2;gap=7;k=4;q=0;s=10,60,false,61,0.097,14,2,4,0.030,21,20,false,0,0.000
dec-125,dec,d_b=12;m=2;gap=7;k=4;q=0;s=10,60,false,61,0.097,14,2,8,0.051,21,20,false,0,0.000
dec-125,dec,d_b=12;m=2;gap=7;k=4;q=0;s=10,60,false,61,0.097,14,2,16,0.103,14,2,false,0,0.000
dec-125,dec,d_b=12;m=2;gap=7;k=4;q=0;s=10,60,false,61,0.097,14,2,32,0.196,14,2,false,0,0.000
dec-125,dec,d_b=12;m=2;gap=7;k=4;q=0;s=10,60,false,61,0.097,14,2,64,0.362,14,2,true,1,0.004
dec-125,dec,d_b=12;m=2;gap=7;k=4;q=0;s=10,60,false,61,0.097,14,2,128,0.357,14,2,true,1,0.005
dec-125,dec,d_b=12;m=2;gap=7;k=4;q=0;s=10,60,false,61,0.097,14,2,256,0.354,14,2,true,1,0.004
dec-125,dec,d_b=12;m=2;gap=7;k=4;q=0;s=10,60,false,61,0.097,14,2,512,0.353,14,2,true,1,0.004
dec-125,dec,d_b=12;m=2;gap=7;k=4;q=0;s=10,60,false,61,0.097,14,2,1024,0.351,14,2,true,1,0.004
dec-125,dec,d_b=12;m=2;gap=7;k=4;q=0;s=10,60,false,61,0.097,14,2,2048,0.350,14,2,true,1,0.004
dec-125,dec,d_b=12;m=2;gap=7;k=4;q=0;s=10,60,false,61,0.097,14,2,4096,0.355,14,2,true,1,0.004
dec-125,dec,d_b=12;m=2;gap=7;k=4;q=0;s=10,60,false,61,0.097,14,2,8192,0.351,14,2,true,1,0.004
dec-125,dec,d_b=12;m=2;gap=7;k=4;q=0;s=10,60,false,61,0.097,14,2,16384,0.349,14,2,true,1,0.003
mixed-041-2,mixed,seed=0xc24d33e622e97f64;cycles=9;planted=2;d_b=8;m=3;gap=2;k=2,9831551,false,743503,0.233,59,8,1,0.142,65,44,false,0,0.000
mixed-041-2,mixed,seed=0xc24d33e622e97f64;cycles=9;planted=2;d_b=8;m=3;gap=2;k=2,9831551,false,743503,0.233,59,8,2,0.136,65,44,false,0,0.000
mixed-041-2,mixed,seed=0xc24d33e622e97f64;cycles=9;planted=2;d_b=8;m=3;gap=2;k=2,9831551,false,743503,0.233,59,8,4,0.186,65,44,false,1,0.040
mixed-041-2,mixed,seed=0xc24d33e622e97f64;cycles=9;planted=2;d_b=8;m=3;gap=2;k=2,9831551,false,743503,0.233,59,8,8,0.275,65,44,false,2,0.040
mixed-041-2,mixed,seed=0xc24d33e622e97f64;cycles=9;planted=2;d_b=8;m=3;gap=2;k=2,9831551,false,743503,0.233,59,8,16,0.364,62,26,false,2,0.037
mixed-041-2,mixed,seed=0xc24d33e622e97f64;cycles=9;planted=2;d_b=8;m=3;gap=2;k=2,9831551,false,743503,0.233,59,8,32,0.583,59,8,false,3,0.041
mixed-041-2,mixed,seed=0xc24d33e622e97f64;cycles=9;planted=2;d_b=8;m=3;gap=2;k=2,9831551,false,743503,0.233,59,8,64,0.849,59,8,true,4,0.045
mixed-041-2,mixed,seed=0xc24d33e622e97f64;cycles=9;planted=2;d_b=8;m=3;gap=2;k=2,9831551,false,743503,0.233,59,8,128,0.829,59,8,true,4,0.043
mixed-041-2,mixed,seed=0xc24d33e622e97f64;cycles=9;planted=2;d_b=8;m=3;gap=2;k=2,9831551,false,743503,0.233,59,8,256,0.834,59,8,true,4,0.043
mixed-041-2,mixed,seed=0xc24d33e622e97f64;cycles=9;planted=2;d_b=8;m=3;gap=2;k=2,9831551,false,743503,0.233,59,8,512,0.832,59,8,true,4,0.042
mixed-041-2,mixed,seed=0xc24d33e622e97f64;cycles=9;planted=2;d_b=8;m=3;gap=2;k=2,9831551,false,743503,0.233,59,8,1024,0.828,59,8,true,4,0.042
mixed-041-2,mixed,seed=0xc24d33e622e97f64;cycles=9;planted=2;d_b=8;m=3;gap=2;k=2,9831551,false,743503,0.233,59,8,2048,0.828,59,8,true,4,0.041
mixed-041-2,mixed,seed=0xc24d33e622e97f64;cycles=9;planted=2;d_b=8;m=3;gap=2;k=2,9831551,false,743503,0.233,59,8,4096,0.824,59,8,true,4,0.042
mixed-041-2,mixed,seed=0xc24d33e622e97f64;cycles=9;planted=2;d_b=8;m=3;gap=2;k=2,9831551,false,743503,0.233,59,8,8192,0.809,59,8,true,4,0.041
mixed-041-2,mixed,seed=0xc24d33e622e97f64;cycles=9;planted=2;d_b=8;m=3;gap=2;k=2,9831551,false,743503,0.233,59,8,16384,0.823,59,8,true,4,0.042
dec-126,dec,d_b=12;m=3;gap=1;k=1;q=1;s=13,24,false,26,0.069,26,2,1,0.014,27,26,false,0,0.000
dec-126,dec,d_b=12;m=3;gap=1;k=1;q=1;s=13,24,false,26,0.069,26,2,2,0.023,27,26,false,0,0.000
dec-126,dec,d_b=12;m=3;gap=1;k=1;q=1;s=13,24,false,26,0.069,26,2,4,0.031,27,26,false,0,0.000
dec-126,dec,d_b=12;m=3;gap=1;k=1;q=1;s=13,24,false,26,0.069,26,2,8,0.054,27,26,false,0,0.000
dec-126,dec,d_b=12;m=3;gap=1;k=1;q=1;s=13,24,false,26,0.069,26,2,16,0.136,26,2,true,1,0.013
dec-126,dec,d_b=12;m=3;gap=1;k=1;q=1;s=13,24,false,26,0.069,26,2,32,0.119,26,2,true,1,0.010
dec-126,dec,d_b=12;m=3;gap=1;k=1;q=1;s=13,24,false,26,0.069,26,2,64,0.113,26,2,true,1,0.009
dec-126,dec,d_b=12;m=3;gap=1;k=1;q=1;s=13,24,false,26,0.069,26,2,128,0.113,26,2,true,1,0.009
dec-126,dec,d_b=12;m=3;gap=1;k=1;q=1;s=13,24,false,26,0.069,26,2,256,0.108,26,2,true,1,0.008
dec-126,dec,d_b=12;m=3;gap=1;k=1;q=1;s=13,24,false,26,0.069,26,2,512,0.116,26,2,true,1,0.008
dec-126,dec,d_b=12;m=3;gap=1;k=1;q=1;s=13,24,false,26,0.069,26,2,1024,0.136,26,2,true,1,0.013
dec-126,dec,d_b=12;m=3;gap=1;k=1;q=1;s=13,24,false,26,0.069,26,2,2048,0.110,26,2,true,1,0.008
dec-126,dec,d_b=12;m=3;gap=1;k=1;q=1;s=13,24,false,26,0.069,26,2,4096,0.107,26,2,true,1,0.008
dec-126,dec,d_b=12;m=3;gap=1;k=1;q=1;s=13,24,false,26,0.069,26,2,8192,0.108,26,2,true,1,0.008
dec-126,dec,d_b=12;m=3;gap=1;k=1;q=1;s=13,24,false,26,0.069,26,2,16384,0.107,26,2,true,1,0.008
mixed-042-0,mixed,seed=0x469f6cca6797f85a;cycles=9;planted=2;d_b=12;m=2;gap=6;k=4,122,false,124,0.193,30,4,1,0.028,44,40,false,0,0.000
mixed-042-0,mixed,seed=0x469f6cca6797f85a;cycles=9;planted=2;d_b=12;m=2;gap=6;k=4,122,false,124,0.193,30,4,2,0.029,44,40,false,0,0.000
mixed-042-0,mixed,seed=0x469f6cca6797f85a;cycles=9;planted=2;d_b=12;m=2;gap=6;k=4,122,false,124,0.193,30,4,4,0.034,44,40,false,0,0.000
mixed-042-0,mixed,seed=0x469f6cca6797f85a;cycles=9;planted=2;d_b=12;m=2;gap=6;k=4,122,false,124,0.193,30,4,8,0.055,44,40,false,0,0.000
mixed-042-0,mixed,seed=0x469f6cca6797f85a;cycles=9;planted=2;d_b=12;m=2;gap=6;k=4,122,false,124,0.193,30,4,16,0.095,44,40,false,0,0.000
mixed-042-0,mixed,seed=0x469f6cca6797f85a;cycles=9;planted=2;d_b=12;m=2;gap=6;k=4,122,false,124,0.193,30,4,32,0.203,37,22,false,0,0.000
mixed-042-0,mixed,seed=0x469f6cca6797f85a;cycles=9;planted=2;d_b=12;m=2;gap=6;k=4,122,false,124,0.193,30,4,64,0.411,30,4,false,0,0.000
mixed-042-0,mixed,seed=0x469f6cca6797f85a;cycles=9;planted=2;d_b=12;m=2;gap=6;k=4,122,false,124,0.193,30,4,128,0.840,30,4,true,2,0.014
mixed-042-0,mixed,seed=0x469f6cca6797f85a;cycles=9;planted=2;d_b=12;m=2;gap=6;k=4,122,false,124,0.193,30,4,256,0.776,30,4,true,2,0.008
mixed-042-0,mixed,seed=0x469f6cca6797f85a;cycles=9;planted=2;d_b=12;m=2;gap=6;k=4,122,false,124,0.193,30,4,512,0.773,30,4,true,2,0.008
mixed-042-0,mixed,seed=0x469f6cca6797f85a;cycles=9;planted=2;d_b=12;m=2;gap=6;k=4,122,false,124,0.193,30,4,1024,0.774,30,4,true,2,0.007
mixed-042-0,mixed,seed=0x469f6cca6797f85a;cycles=9;planted=2;d_b=12;m=2;gap=6;k=4,122,false,124,0.193,30,4,2048,0.757,30,4,true,2,0.007
mixed-042-0,mixed,seed=0x469f6cca6797f85a;cycles=9;planted=2;d_b=12;m=2;gap=6;k=4,122,false,124,0.193,30,4,4096,0.762,30,4,true,2,0.007
mixed-042-0,mixed,seed=0x469f6cca6797f85a;cycles=9;planted=2;d_b=12;m=2;gap=6;k=4,122,false,124,0.193,30,4,8192,0.752,30,4,true,2,0.007
mixed-042-0,mixed,seed=0x469f6cca6797f85a;cycles=9;planted=2;d_b=12;m=2;gap=6;k=4,122,false,124,0.193,30,4,16384,0.772,30,4,true,2,0.008
dec-127,dec,d_b=12;m=3;gap=1;k=2;q=1;s=13,36,false,38,0.100,26,2,1,0.015,27,26,false,0,0.000
dec-127,dec,d_b=12;m=3;gap=1;k=2;q=1;s=13,36,false,38,0.100,26,2,2,0.021,27,26,false,0,0.000
dec-127,dec,d_b=12;m=3;gap=1;k=2;q=1;s=13,36,false,38,0.100,26,2,4,0.030,27,26,false,0,0.000
dec-127,dec,d_b=12;m=3;gap=1;k=2;q=1;s=13,36,false,38,0.100,26,2,8,0.066,27,26,false,0,0.000
dec-127,dec,d_b=12;m=3;gap=1;k=2;q=1;s=13,36,false,38,0.100,26,2,16,0.121,27,26,false,0,0.000
dec-127,dec,d_b=12;m=3;gap=1;k=2;q=1;s=13,36,false,38,0.100,26,2,32,0.223,26,2,true,1,0.006
dec-127,dec,d_b=12;m=3;gap=1;k=2;q=1;s=13,36,false,38,0.100,26,2,64,0.218,26,2,true,1,0.006
dec-127,dec,d_b=12;m=3;gap=1;k=2;q=1;s=13,36,false,38,0.100,26,2,128,0.205,26,2,true,1,0.005
dec-127,dec,d_b=12;m=3;gap=1;k=2;q=1;s=13,36,false,38,0.100,26,2,256,0.208,26,2,true,1,0.005
dec-127,dec,d_b=12;m=3;gap=1;k=2;q=1;s=13,36,false,38,0.100,26,2,512,0.205,26,2,true,1,0.005
dec-127,dec,d_b=12;m=3;gap=1;k=2;q=1;s=13,36,false,38,0.100,26,2,1024,0.206,26,2,true,1,0.005
dec-127,dec,d_b=12;m=3;gap=1;k=2;q=1;s=13,36,false,38,0.100,26,2,2048,0.201,26,2,true,1,0.005
dec-127,dec,d_b=12;m=3;gap=1;k=2;q=1;s=13,36,false,38,0.100,26,2,4096,0.205,26,2,true,1,0.005
dec-127,dec,d_b=12;m=3;gap=1;k=2;q=1;s=13,36,false,38,0.100,26,2,8192,0.201,26,2,true,1,0.004
dec-127,dec,d_b=12;m=3;gap=1;k=2;q=1;s=13,36,false,38,0.100,26,2,16384,0.206,26,2,true,1,0.005
mixed-042-1,mixed,seed=0x39bd23f936639891;cycles=9;planted=2;d_b=12;m=2;gap=6;k=4,5335366,false,414819,0.223,34,8,1,0.092,48,44,false,0,0.000
mixed-042-1,mixed,seed=0x39bd23f936639891;cycles=9;planted=2;d_b=12;m=2;gap=6;k=4,5335366,false,414819,0.223,34,8,2,0.090,48,44,false,0,0.000
mixed-042-1,mixed,seed=0x39bd23f936639891;cycles=9;planted=2;d_b=12;m=2;gap=6;k=4,5335366,false,414819,0.223,34,8,4,0.116,48,44,false,1,0.025
mixed-042-1,mixed,seed=0x39bd23f936639891;cycles=9;planted=2;d_b=12;m=2;gap=6;k=4,5335366,false,414819,0.223,34,8,8,0.147,48,44,false,1,0.021
mixed-042-1,mixed,seed=0x39bd23f936639891;cycles=9;planted=2;d_b=12;m=2;gap=6;k=4,5335366,false,414819,0.223,34,8,16,0.206,48,44,false,1,0.017
mixed-042-1,mixed,seed=0x39bd23f936639891;cycles=9;planted=2;d_b=12;m=2;gap=6;k=4,5335366,false,414819,0.223,34,8,32,0.371,41,26,false,1,0.017
mixed-042-1,mixed,seed=0x39bd23f936639891;cycles=9;planted=2;d_b=12;m=2;gap=6;k=4,5335366,false,414819,0.223,34,8,64,0.738,34,8,false,1,0.017
mixed-042-1,mixed,seed=0x39bd23f936639891;cycles=9;planted=2;d_b=12;m=2;gap=6;k=4,5335366,false,414819,0.223,34,8,128,1.321,34,8,true,3,0.029
mixed-042-1,mixed,seed=0x39bd23f936639891;cycles=9;planted=2;d_b=12;m=2;gap=6;k=4,5335366,false,414819,0.223,34,8,256,1.276,34,8,true,3,0.025
mixed-042-1,mixed,seed=0x39bd23f936639891;cycles=9;planted=2;d_b=12;m=2;gap=6;k=4,5335366,false,414819,0.223,34,8,512,1.278,34,8,true,3,0.023
mixed-042-1,mixed,seed=0x39bd23f936639891;cycles=9;planted=2;d_b=12;m=2;gap=6;k=4,5335366,false,414819,0.223,34,8,1024,1.258,34,8,true,3,0.023
mixed-042-1,mixed,seed=0x39bd23f936639891;cycles=9;planted=2;d_b=12;m=2;gap=6;k=4,5335366,false,414819,0.223,34,8,2048,1.258,34,8,true,3,0.023
mixed-042-1,mixed,seed=0x39bd23f936639891;cycles=9;planted=2;d_b=12;m=2;gap=6;k=4,5335366,false,414819,0.223,34,8,4096,1.285,34,8,true,3,0.023
mixed-042-1,mixed,seed=0x39bd23f936639891;cycles=9;planted=2;d_b=12;m=2;gap=6;k=4,5335366,false,414819,0.223,34,8,8192,1.285,34,8,true,3,0.023
mixed-042-1,mixed,seed=0x39bd23f936639891;cycles=9;planted=2;d_b=12;m=2;gap=6;k=4,5335366,false,414819,0.223,34,8,16384,1.317,34,8,true,3,0.030
dec-128,dec,d_b=12;m=3;gap=1;k=4;q=1;s=13,60,false,62,0.184,26,2,1,0.017,27,26,false,0,0.000
dec-128,dec,d_b=12;m=3;gap=1;k=4;q=1;s=13,60,false,62,0.184,26,2,2,0.024,27,26,false,0,0.000
dec-128,dec,d_b=12;m=3;gap=1;k=4;q=1;s=13,60,false,62,0.184,26,2,4,0.036,27,26,false,0,0.000
dec-128,dec,d_b=12;m=3;gap=1;k=4;q=1;s=13,60,false,62,0.184,26,2,8,0.058,27,26,false,0,0.000
dec-128,dec,d_b=12;m=3;gap=1;k=4;q=1;s=13,60,false,62,0.184,26,2,16,0.102,27,26,false,0,0.000
dec-128,dec,d_b=12;m=3;gap=1;k=4;q=1;s=13,60,false,62,0.184,26,2,32,0.213,26,2,false,0,0.000
dec-128,dec,d_b=12;m=3;gap=1;k=4;q=1;s=13,60,false,62,0.184,26,2,64,0.408,26,2,true,1,0.005
dec-128,dec,d_b=12;m=3;gap=1;k=4;q=1;s=13,60,false,62,0.184,26,2,128,0.400,26,2,true,1,0.004
dec-128,dec,d_b=12;m=3;gap=1;k=4;q=1;s=13,60,false,62,0.184,26,2,256,0.418,26,2,true,1,0.005
dec-128,dec,d_b=12;m=3;gap=1;k=4;q=1;s=13,60,false,62,0.184,26,2,512,0.395,26,2,true,1,0.004
dec-128,dec,d_b=12;m=3;gap=1;k=4;q=1;s=13,60,false,62,0.184,26,2,1024,0.404,26,2,true,1,0.004
dec-128,dec,d_b=12;m=3;gap=1;k=4;q=1;s=13,60,false,62,0.184,26,2,2048,0.394,26,2,true,1,0.004
dec-128,dec,d_b=12;m=3;gap=1;k=4;q=1;s=13,60,false,62,0.184,26,2,4096,0.400,26,2,true,1,0.004
dec-128,dec,d_b=12;m=3;gap=1;k=4;q=1;s=13,60,false,62,0.184,26,2,8192,0.398,26,2,true,1,0.004
dec-128,dec,d_b=12;m=3;gap=1;k=4;q=1;s=13,60,false,62,0.184,26,2,16384,0.445,26,2,true,1,0.009
mixed-042-2,mixed,seed=0x281ba4b0a146daf3;cycles=9;planted=2;d_b=12;m=2;gap=6;k=4,17193033,false,1219902,0.362,50,12,1,0.165,64,48,false,0,0.000
mixed-042-2,mixed,seed=0x281ba4b0a146daf3;cycles=9;planted=2;d_b=12;m=2;gap=6;k=4,17193033,false,1219902,0.362,50,12,2,0.148,64,48,false,0,0.000
mixed-042-2,mixed,seed=0x281ba4b0a146daf3;cycles=9;planted=2;d_b=12;m=2;gap=6;k=4,17193033,false,1219902,0.362,50,12,4,0.271,64,48,false,4,0.088
mixed-042-2,mixed,seed=0x281ba4b0a146daf3;cycles=9;planted=2;d_b=12;m=2;gap=6;k=4,17193033,false,1219902,0.362,50,12,8,0.309,64,48,false,4,0.068
mixed-042-2,mixed,seed=0x281ba4b0a146daf3;cycles=9;planted=2;d_b=12;m=2;gap=6;k=4,17193033,false,1219902,0.362,50,12,16,0.394,64,48,false,5,0.078
mixed-042-2,mixed,seed=0x281ba4b0a146daf3;cycles=9;planted=2;d_b=12;m=2;gap=6;k=4,17193033,false,1219902,0.362,50,12,32,0.591,64,48,false,5,0.078
mixed-042-2,mixed,seed=0x281ba4b0a146daf3;cycles=9;planted=2;d_b=12;m=2;gap=6;k=4,17193033,false,1219902,0.362,50,12,64,0.986,50,12,false,5,0.076
mixed-042-2,mixed,seed=0x281ba4b0a146daf3;cycles=9;planted=2;d_b=12;m=2;gap=6;k=4,17193033,false,1219902,0.362,50,12,128,1.827,50,12,true,7,0.085
mixed-042-2,mixed,seed=0x281ba4b0a146daf3;cycles=9;planted=2;d_b=12;m=2;gap=6;k=4,17193033,false,1219902,0.362,50,12,256,1.784,50,12,true,7,0.083
mixed-042-2,mixed,seed=0x281ba4b0a146daf3;cycles=9;planted=2;d_b=12;m=2;gap=6;k=4,17193033,false,1219902,0.362,50,12,512,1.791,50,12,true,7,0.083
mixed-042-2,mixed,seed=0x281ba4b0a146daf3;cycles=9;planted=2;d_b=12;m=2;gap=6;k=4,17193033,false,1219902,0.362,50,12,1024,1.767,50,12,true,7,0.082
mixed-042-2,mixed,seed=0x281ba4b0a146daf3;cycles=9;planted=2;d_b=12;m=2;gap=6;k=4,17193033,false,1219902,0.362,50,12,2048,1.774,50,12,true,7,0.083
mixed-042-2,mixed,seed=0x281ba4b0a146daf3;cycles=9;planted=2;d_b=12;m=2;gap=6;k=4,17193033,false,1219902,0.362,50,12,4096,1.772,50,12,true,7,0.081
mixed-042-2,mixed,seed=0x281ba4b0a146daf3;cycles=9;planted=2;d_b=12;m=2;gap=6;k=4,17193033,false,1219902,0.362,50,12,8192,1.776,50,12,true,7,0.083
mixed-042-2,mixed,seed=0x281ba4b0a146daf3;cycles=9;planted=2;d_b=12;m=2;gap=6;k=4,17193033,false,1219902,0.362,50,12,16384,1.754,50,12,true,7,0.081
dec-129,dec,d_b=12;m=3;gap=3;k=1;q=1;s=14,24,false,26,0.076,26,2,1,0.016,29,28,false,0,0.000
dec-129,dec,d_b=12;m=3;gap=3;k=1;q=1;s=14,24,false,26,0.076,26,2,2,0.025,29,28,false,0,0.000
dec-129,dec,d_b=12;m=3;gap=3;k=1;q=1;s=14,24,false,26,0.076,26,2,4,0.033,29,28,false,0,0.000
dec-129,dec,d_b=12;m=3;gap=3;k=1;q=1;s=14,24,false,26,0.076,26,2,8,0.054,29,28,false,0,0.000
dec-129,dec,d_b=12;m=3;gap=3;k=1;q=1;s=14,24,false,26,0.076,26,2,16,0.123,26,2,true,1,0.010
dec-129,dec,d_b=12;m=3;gap=3;k=1;q=1;s=14,24,false,26,0.076,26,2,32,0.121,26,2,true,1,0.010
dec-129,dec,d_b=12;m=3;gap=3;k=1;q=1;s=14,24,false,26,0.076,26,2,64,0.115,26,2,true,1,0.009
dec-129,dec,d_b=12;m=3;gap=3;k=1;q=1;s=14,24,false,26,0.076,26,2,128,0.115,26,2,true,1,0.008
dec-129,dec,d_b=12;m=3;gap=3;k=1;q=1;s=14,24,false,26,0.076,26,2,256,0.112,26,2,true,1,0.008
dec-129,dec,d_b=12;m=3;gap=3;k=1;q=1;s=14,24,false,26,0.076,26,2,512,0.113,26,2,true,1,0.008
dec-129,dec,d_b=12;m=3;gap=3;k=1;q=1;s=14,24,false,26,0.076,26,2,1024,0.111,26,2,true,1,0.008
dec-129,dec,d_b=12;m=3;gap=3;k=1;q=1;s=14,24,false,26,0.076,26,2,2048,0.112,26,2,true,1,0.008
dec-129,dec,d_b=12;m=3;gap=3;k=1;q=1;s=14,24,false,26,0.076,26,2,4096,0.111,26,2,true,1,0.008
dec-129,dec,d_b=12;m=3;gap=3;k=1;q=1;s=14,24,false,26,0.076,26,2,8192,0.112,26,2,true,1,0.008
dec-129,dec,d_b=12;m=3;gap=3;k=1;q=1;s=14,24,false,26,0.076,26,2,16384,0.110,26,2,true,1,0.008
mixed-043-0,mixed,seed=0x2b64a5f9719858c5;cycles=9;planted=2;d_b=16;m=5;gap=2;k=1,9869701,false,745337,0.358,150,10,1,0.149,156,142,false,1,0.027
mixed-043-0,mixed,seed=0x2b64a5f9719858c5;cycles=9;planted=2;d_b=16;m=5;gap=2;k=1,9869701,false,745337,0.358,150,10,2,0.157,156,142,false,1,0.025
mixed-043-0,mixed,seed=0x2b64a5f9719858c5;cycles=9;planted=2;d_b=16;m=5;gap=2;k=1,9869701,false,745337,0.358,150,10,4,0.146,156,142,false,1,0.020
mixed-043-0,mixed,seed=0x2b64a5f9719858c5;cycles=9;planted=2;d_b=16;m=5;gap=2;k=1,9869701,false,745337,0.358,150,10,8,0.215,156,142,false,2,0.036
mixed-043-0,mixed,seed=0x2b64a5f9719858c5;cycles=9;planted=2;d_b=16;m=5;gap=2;k=1,9869701,false,745337,0.358,150,10,16,0.324,156,142,false,2,0.036
mixed-043-0,mixed,seed=0x2b64a5f9719858c5;cycles=9;planted=2;d_b=16;m=5;gap=2;k=1,9869701,false,745337,0.358,150,10,32,0.518,153,76,false,2,0.035
mixed-043-0,mixed,seed=0x2b64a5f9719858c5;cycles=9;planted=2;d_b=16;m=5;gap=2;k=1,9869701,false,745337,0.358,150,10,64,1.066,150,10,true,4,0.040
mixed-043-0,mixed,seed=0x2b64a5f9719858c5;cycles=9;planted=2;d_b=16;m=5;gap=2;k=1,9869701,false,745337,0.358,150,10,128,1.062,150,10,true,4,0.041
mixed-043-0,mixed,seed=0x2b64a5f9719858c5;cycles=9;planted=2;d_b=16;m=5;gap=2;k=1,9869701,false,745337,0.358,150,10,256,1.078,150,10,true,4,0.047
mixed-043-0,mixed,seed=0x2b64a5f9719858c5;cycles=9;planted=2;d_b=16;m=5;gap=2;k=1,9869701,false,745337,0.358,150,10,512,1.037,150,10,true,4,0.039
mixed-043-0,mixed,seed=0x2b64a5f9719858c5;cycles=9;planted=2;d_b=16;m=5;gap=2;k=1,9869701,false,745337,0.358,150,10,1024,1.044,150,10,true,4,0.040
mixed-043-0,mixed,seed=0x2b64a5f9719858c5;cycles=9;planted=2;d_b=16;m=5;gap=2;k=1,9869701,false,745337,0.358,150,10,2048,1.034,150,10,true,4,0.038
mixed-043-0,mixed,seed=0x2b64a5f9719858c5;cycles=9;planted=2;d_b=16;m=5;gap=2;k=1,9869701,false,745337,0.358,150,10,4096,1.140,150,10,true,4,0.055
mixed-043-0,mixed,seed=0x2b64a5f9719858c5;cycles=9;planted=2;d_b=16;m=5;gap=2;k=1,9869701,false,745337,0.358,150,10,8192,1.119,150,10,true,4,0.047
mixed-043-0,mixed,seed=0x2b64a5f9719858c5;cycles=9;planted=2;d_b=16;m=5;gap=2;k=1,9869701,false,745337,0.358,150,10,16384,1.037,150,10,true,4,0.040
dec-130,dec,d_b=12;m=3;gap=3;k=2;q=1;s=14,36,false,38,0.109,26,2,1,0.017,29,28,false,0,0.000
dec-130,dec,d_b=12;m=3;gap=3;k=2;q=1;s=14,36,false,38,0.109,26,2,2,0.023,29,28,false,0,0.000
dec-130,dec,d_b=12;m=3;gap=3;k=2;q=1;s=14,36,false,38,0.109,26,2,4,0.032,29,28,false,0,0.000
dec-130,dec,d_b=12;m=3;gap=3;k=2;q=1;s=14,36,false,38,0.109,26,2,8,0.057,29,28,false,0,0.000
dec-130,dec,d_b=12;m=3;gap=3;k=2;q=1;s=14,36,false,38,0.109,26,2,16,0.111,26,2,false,0,0.000
dec-130,dec,d_b=12;m=3;gap=3;k=2;q=1;s=14,36,false,38,0.109,26,2,32,0.225,26,2,true,1,0.006
dec-130,dec,d_b=12;m=3;gap=3;k=2;q=1;s=14,36,false,38,0.109,26,2,64,0.223,26,2,true,1,0.006
dec-130,dec,d_b=12;m=3;gap=3;k=2;q=1;s=14,36,false,38,0.109,26,2,128,0.217,26,2,true,1,0.005
dec-130,dec,d_b=12;m=3;gap=3;k=2;q=1;s=14,36,false,38,0.109,26,2,256,0.222,26,2,true,1,0.006
dec-130,dec,d_b=12;m=3;gap=3;k=2;q=1;s=14,36,false,38,0.109,26,2,512,0.219,26,2,true,1,0.005
dec-130,dec,d_b=12;m=3;gap=3;k=2;q=1;s=14,36,false,38,0.109,26,2,1024,0.222,26,2,true,1,0.005
dec-130,dec,d_b=12;m=3;gap=3;k=2;q=1;s=14,36,false,38,0.109,26,2,2048,0.238,26,2,true,1,0.007
dec-130,dec,d_b=12;m=3;gap=3;k=2;q=1;s=14,36,false,38,0.109,26,2,4096,0.229,26,2,true,1,0.005
dec-130,dec,d_b=12;m=3;gap=3;k=2;q=1;s=14,36,false,38,0.109,26,2,8192,0.214,26,2,true,1,0.005
dec-130,dec,d_b=12;m=3;gap=3;k=2;q=1;s=14,36,false,38,0.109,26,2,16384,0.219,26,2,true,1,0.005
mixed-043-1,mixed,seed=0x0a9211983ff2b5ec;cycles=9;planted=2;d_b=16;m=5;gap=2;k=1,9850632,false,744397,0.365,140,8,1,0.110,146,140,false,0,0.000
mixed-043-1,mixed,seed=0x0a9211983ff2b5ec;cycles=9;planted=2;d_b=16;m=5;gap=2;k=1,9850632,false,744397,0.365,140,8,2,0.101,146,140,false,0,0.000
mixed-043-1,mixed,seed=0x0a9211983ff2b5ec;cycles=9;planted=2;d_b=16;m=5;gap=2;k=1,9850632,false,744397,0.365,140,8,4,0.161,146,140,false,1,0.034
mixed-043-1,mixed,seed=0x0a9211983ff2b5ec;cycles=9;planted=2;d_b=16;m=5;gap=2;k=1,9850632,false,744397,0.365,140,8,8,0.189,146,140,false,2,0.037
mixed-043-1,mixed,seed=0x0a9211983ff2b5ec;cycles=9;planted=2;d_b=16;m=5;gap=2;k=1,9850632,false,744397,0.365,140,8,16,0.261,146,140,false,2,0.034
mixed-043-1,mixed,seed=0x0a9211983ff2b5ec;cycles=9;planted=2;d_b=16;m=5;gap=2;k=1,9850632,false,744397,0.365,140,8,32,0.436,143,74,false,2,0.032
mixed-043-1,mixed,seed=0x0a9211983ff2b5ec;cycles=9;planted=2;d_b=16;m=5;gap=2;k=1,9850632,false,744397,0.365,140,8,64,0.890,140,8,true,4,0.040
mixed-043-1,mixed,seed=0x0a9211983ff2b5ec;cycles=9;planted=2;d_b=16;m=5;gap=2;k=1,9850632,false,744397,0.365,140,8,128,0.931,140,8,true,4,0.045
mixed-043-1,mixed,seed=0x0a9211983ff2b5ec;cycles=9;planted=2;d_b=16;m=5;gap=2;k=1,9850632,false,744397,0.365,140,8,256,0.877,140,8,true,4,0.039
mixed-043-1,mixed,seed=0x0a9211983ff2b5ec;cycles=9;planted=2;d_b=16;m=5;gap=2;k=1,9850632,false,744397,0.365,140,8,512,0.871,140,8,true,4,0.037
mixed-043-1,mixed,seed=0x0a9211983ff2b5ec;cycles=9;planted=2;d_b=16;m=5;gap=2;k=1,9850632,false,744397,0.365,140,8,1024,0.864,140,8,true,4,0.036
mixed-043-1,mixed,seed=0x0a9211983ff2b5ec;cycles=9;planted=2;d_b=16;m=5;gap=2;k=1,9850632,false,744397,0.365,140,8,2048,0.871,140,8,true,4,0.036
mixed-043-1,mixed,seed=0x0a9211983ff2b5ec;cycles=9;planted=2;d_b=16;m=5;gap=2;k=1,9850632,false,744397,0.365,140,8,4096,0.857,140,8,true,4,0.036
mixed-043-1,mixed,seed=0x0a9211983ff2b5ec;cycles=9;planted=2;d_b=16;m=5;gap=2;k=1,9850632,false,744397,0.365,140,8,8192,0.856,140,8,true,4,0.036
mixed-043-1,mixed,seed=0x0a9211983ff2b5ec;cycles=9;planted=2;d_b=16;m=5;gap=2;k=1,9850632,false,744397,0.365,140,8,16384,0.894,140,8,true,4,0.039
dec-131,dec,d_b=12;m=3;gap=3;k=4;q=1;s=14,60,false,62,0.184,26,2,1,0.018,29,28,false,0,0.000
dec-131,dec,d_b=12;m=3;gap=3;k=4;q=1;s=14,60,false,62,0.184,26,2,2,0.025,29,28,false,0,0.000
dec-131,dec,d_b=12;m=3;gap=3;k=4;q=1;s=14,60,false,62,0.184,26,2,4,0.037,29,28,false,0,0.000
dec-131,dec,d_b=12;m=3;gap=3;k=4;q=1;s=14,60,false,62,0.184,26,2,8,0.060,29,28,false,0,0.000
dec-131,dec,d_b=12;m=3;gap=3;k=4;q=1;s=14,60,false,62,0.184,26,2,16,0.106,29,28,false,0,0.000
dec-131,dec,d_b=12;m=3;gap=3;k=4;q=1;s=14,60,false,62,0.184,26,2,32,0.223,26,2,false,0,0.000
dec-131,dec,d_b=12;m=3;gap=3;k=4;q=1;s=14,60,false,62,0.184,26,2,64,0.443,26,2,true,1,0.009
dec-131,dec,d_b=12;m=3;gap=3;k=4;q=1;s=14,60,false,62,0.184,26,2,128,0.415,26,2,true,1,0.004
dec-131,dec,d_b=12;m=3;gap=3;k=4;q=1;s=14,60,false,62,0.184,26,2,256,0.425,26,2,true,1,0.005
dec-131,dec,d_b=12;m=3;gap=3;k=4;q=1;s=14,60,false,62,0.184,26,2,512,0.409,26,2,true,1,0.004
dec-131,dec,d_b=12;m=3;gap=3;k=4;q=1;s=14,60,false,62,0.184,26,2,1024,0.406,26,2,true,1,0.004
dec-131,dec,d_b=12;m=3;gap=3;k=4;q=1;s=14,60,false,62,0.184,26,2,2048,0.405,26,2,true,1,0.004
dec-131,dec,d_b=12;m=3;gap=3;k=4;q=1;s=14,60,false,62,0.184,26,2,4096,0.401,26,2,true,1,0.004
dec-131,dec,d_b=12;m=3;gap=3;k=4;q=1;s=14,60,false,62,0.184,26,2,8192,0.402,26,2,true,1,0.004
dec-131,dec,d_b=12;m=3;gap=3;k=4;q=1;s=14,60,false,62,0.184,26,2,16384,0.401,26,2,true,1,0.004
mixed-043-2,mixed,seed=0xd75272ca94a4bfb3;cycles=9;planted=2;d_b=16;m=5;gap=2;k=1,68,false,74,0.307,136,4,1,0.055,142,136,false,0,0.000
mixed-043-2,mixed,seed=0xd75272ca94a4bfb3;cycles=9;planted=2;d_b=16;m=5;gap=2;k=1,68,false,74,0.307,136,4,2,0.063,142,136,false,0,0.000
mixed-043-2,mixed,seed=0xd75272ca94a4bfb3;cycles=9;planted=2;d_b=16;m=5;gap=2;k=1,68,false,74,0.307,136,4,4,0.069,142,136,false,0,0.000
mixed-043-2,mixed,seed=0xd75272ca94a4bfb3;cycles=9;planted=2;d_b=16;m=5;gap=2;k=1,68,false,74,0.307,136,4,8,0.102,142,136,false,0,0.000
mixed-043-2,mixed,seed=0xd75272ca94a4bfb3;cycles=9;planted=2;d_b=16;m=5;gap=2;k=1,68,false,74,0.307,136,4,16,0.202,142,136,false,0,0.000
mixed-043-2,mixed,seed=0xd75272ca94a4bfb3;cycles=9;planted=2;d_b=16;m=5;gap=2;k=1,68,false,74,0.307,136,4,32,0.421,139,70,false,0,0.000
mixed-043-2,mixed,seed=0xd75272ca94a4bfb3;cycles=9;planted=2;d_b=16;m=5;gap=2;k=1,68,false,74,0.307,136,4,64,0.899,136,4,true,2,0.006
mixed-043-2,mixed,seed=0xd75272ca94a4bfb3;cycles=9;planted=2;d_b=16;m=5;gap=2;k=1,68,false,74,0.307,136,4,128,0.899,136,4,true,2,0.006
mixed-043-2,mixed,seed=0xd75272ca94a4bfb3;cycles=9;planted=2;d_b=16;m=5;gap=2;k=1,68,false,74,0.307,136,4,256,0.897,136,4,true,2,0.006
mixed-043-2,mixed,seed=0xd75272ca94a4bfb3;cycles=9;planted=2;d_b=16;m=5;gap=2;k=1,68,false,74,0.307,136,4,512,0.890,136,4,true,2,0.006
mixed-043-2,mixed,seed=0xd75272ca94a4bfb3;cycles=9;planted=2;d_b=16;m=5;gap=2;k=1,68,false,74,0.307,136,4,1024,0.881,136,4,true,2,0.005
mixed-043-2,mixed,seed=0xd75272ca94a4bfb3;cycles=9;planted=2;d_b=16;m=5;gap=2;k=1,68,false,74,0.307,136,4,2048,0.881,136,4,true,2,0.005
mixed-043-2,mixed,seed=0xd75272ca94a4bfb3;cycles=9;planted=2;d_b=16;m=5;gap=2;k=1,68,false,74,0.307,136,4,4096,0.879,136,4,true,2,0.005
mixed-043-2,mixed,seed=0xd75272ca94a4bfb3;cycles=9;planted=2;d_b=16;m=5;gap=2;k=1,68,false,74,0.307,136,4,8192,0.879,136,4,true,2,0.005
mixed-043-2,mixed,seed=0xd75272ca94a4bfb3;cycles=9;planted=2;d_b=16;m=5;gap=2;k=1,68,false,74,0.307,136,4,16384,0.878,136,4,true,2,0.005
dec-132,dec,d_b=12;m=3;gap=7;k=1;q=1;s=16,24,false,26,0.071,26,2,1,0.015,33,32,false,0,0.000
dec-132,dec,d_b=12;m=3;gap=7;k=1;q=1;s=16,24,false,26,0.071,26,2,2,0.026,33,32,false,0,0.000
dec-132,dec,d_b=12;m=3;gap=7;k=1;q=1;s=16,24,false,26,0.071,26,2,4,0.035,33,32,false,0,0.000
dec-132,dec,d_b=12;m=3;gap=7;k=1;q=1;s=16,24,false,26,0.071,26,2,8,0.063,26,2,false,0,0.000
dec-132,dec,d_b=12;m=3;gap=7;k=1;q=1;s=16,24,false,26,0.071,26,2,16,0.112,26,2,false,0,0.000
dec-132,dec,d_b=12;m=3;gap=7;k=1;q=1;s=16,24,false,26,0.071,26,2,32,0.140,26,2,true,1,0.008
dec-132,dec,d_b=12;m=3;gap=7;k=1;q=1;s=16,24,false,26,0.071,26,2,64,0.134,26,2,true,1,0.008
dec-132,dec,d_b=12;m=3;gap=7;k=1;q=1;s=16,24,false,26,0.071,26,2,128,0.131,26,2,true,1,0.007
dec-132,dec,d_b=12;m=3;gap=7;k=1;q=1;s=16,24,false,26,0.071,26,2,256,0.130,26,2,true,1,0.006
dec-132,dec,d_b=12;m=3;gap=7;k=1;q=1;s=16,24,false,26,0.071,26,2,512,0.130,26,2,true,1,0.006
dec-132,dec,d_b=12;m=3;gap=7;k=1;q=1;s=16,24,false,26,0.071,26,2,1024,0.132,26,2,true,1,0.009
dec-132,dec,d_b=12;m=3;gap=7;k=1;q=1;s=16,24,false,26,0.071,26,2,2048,0.129,26,2,true,1,0.006
dec-132,dec,d_b=12;m=3;gap=7;k=1;q=1;s=16,24,false,26,0.071,26,2,4096,0.128,26,2,true,1,0.006
dec-132,dec,d_b=12;m=3;gap=7;k=1;q=1;s=16,24,false,26,0.071,26,2,8192,0.129,26,2,true,1,0.006
dec-132,dec,d_b=12;m=3;gap=7;k=1;q=1;s=16,24,false,26,0.071,26,2,16384,0.127,26,2,true,1,0.006
mixed-044-0,mixed,seed=0x786641bb0993fd1f;cycles=9;planted=3;d_b=4;m=2;gap=1;k=2,13612620,false,1003618,0.146,42,14,1,0.145,45,26,false,0,0.000
mixed-044-0,mixed,seed=0x786641bb0993fd1f;cycles=9;planted=3;d_b=4;m=2;gap=1;k=2,13612620,false,1003618,0.146,42,14,2,0.127,45,26,false,0,0.000
mixed-044-0,mixed,seed=0x786641bb0993fd1f;cycles=9;planted=3;d_b=4;m=2;gap=1;k=2,13612620,false,1003618,0.146,42,14,4,0.194,44,22,false,1,0.071
mixed-044-0,mixed,seed=0x786641bb0993fd1f;cycles=9;planted=3;d_b=4;m=2;gap=1;k=2,13612620,false,1003618,0.146,42,14,8,0.294,42,14,true,5,0.129
mixed-044-0,mixed,seed=0x786641bb0993fd1f;cycles=9;planted=3;d_b=4;m=2;gap=1;k=2,13612620,false,1003618,0.146,42,14,16,0.272,42,14,true,5,0.116
mixed-044-0,mixed,seed=0x786641bb0993fd1f;cycles=9;planted=3;d_b=4;m=2;gap=1;k=2,13612620,false,1003618,0.146,42,14,32,0.262,42,14,true,5,0.110
mixed-044-0,mixed,seed=0x786641bb0993fd1f;cycles=9;planted=3;d_b=4;m=2;gap=1;k=2,13612620,false,1003618,0.146,42,14,64,0.263,42,14,true,5,0.114
mixed-044-0,mixed,seed=0x786641bb0993fd1f;cycles=9;planted=3;d_b=4;m=2;gap=1;k=2,13612620,false,1003618,0.146,42,14,128,0.254,42,14,true,5,0.105
mixed-044-0,mixed,seed=0x786641bb0993fd1f;cycles=9;planted=3;d_b=4;m=2;gap=1;k=2,13612620,false,1003618,0.146,42,14,256,0.253,42,14,true,5,0.105
mixed-044-0,mixed,seed=0x786641bb0993fd1f;cycles=9;planted=3;d_b=4;m=2;gap=1;k=2,13612620,false,1003618,0.146,42,14,512,0.248,42,14,true,5,0.103
mixed-044-0,mixed,seed=0x786641bb0993fd1f;cycles=9;planted=3;d_b=4;m=2;gap=1;k=2,13612620,false,1003618,0.146,42,14,1024,0.248,42,14,true,5,0.103
mixed-044-0,mixed,seed=0x786641bb0993fd1f;cycles=9;planted=3;d_b=4;m=2;gap=1;k=2,13612620,false,1003618,0.146,42,14,2048,0.253,42,14,true,5,0.105
mixed-044-0,mixed,seed=0x786641bb0993fd1f;cycles=9;planted=3;d_b=4;m=2;gap=1;k=2,13612620,false,1003618,0.146,42,14,4096,0.249,42,14,true,5,0.103
mixed-044-0,mixed,seed=0x786641bb0993fd1f;cycles=9;planted=3;d_b=4;m=2;gap=1;k=2,13612620,false,1003618,0.146,42,14,8192,0.252,42,14,true,5,0.103
mixed-044-0,mixed,seed=0x786641bb0993fd1f;cycles=9;planted=3;d_b=4;m=2;gap=1;k=2,13612620,false,1003618,0.146,42,14,16384,0.247,42,14,true,5,0.103
dec-133,dec,d_b=12;m=3;gap=7;k=2;q=1;s=16,36,false,38,0.106,26,2,1,0.017,33,32,false,0,0.000
dec-133,dec,d_b=12;m=3;gap=7;k=2;q=1;s=16,36,false,38,0.106,26,2,2,0.027,33,32,false,0,0.000
dec-133,dec,d_b=12;m=3;gap=7;k=2;q=1;s=16,36,false,38,0.106,26,2,4,0.035,33,32,false,0,0.000
dec-133,dec,d_b=12;m=3;gap=7;k=2;q=1;s=16,36,false,38,0.106,26,2,8,0.066,33,32,false,0,0.000
dec-133,dec,d_b=12;m=3;gap=7;k=2;q=1;s=16,36,false,38,0.106,26,2,16,0.124,26,2,false,0,0.000
dec-133,dec,d_b=12;m=3;gap=7;k=2;q=1;s=16,36,false,38,0.106,26,2,32,0.244,26,2,false,0,0.000
dec-133,dec,d_b=12;m=3;gap=7;k=2;q=1;s=16,36,false,38,0.106,26,2,64,0.270,26,2,true,1,0.004
dec-133,dec,d_b=12;m=3;gap=7;k=2;q=1;s=16,36,false,38,0.106,26,2,128,0.252,26,2,true,1,0.004
dec-133,dec,d_b=12;m=3;gap=7;k=2;q=1;s=16,36,false,38,0.106,26,2,256,0.285,26,2,true,1,0.004
dec-133,dec,d_b=12;m=3;gap=7;k=2;q=1;s=16,36,false,38,0.106,26,2,512,0.248,26,2,true,1,0.004
dec-133,dec,d_b=12;m=3;gap=7;k=2;q=1;s=16,36,false,38,0.106,26,2,1024,0.245,26,2,true,1,0.003
dec-133,dec,d_b=12;m=3;gap=7;k=2;q=1;s=16,36,false,38,0.106,26,2,2048,0.245,26,2,true,1,0.003
dec-133,dec,d_b=12;m=3;gap=7;k=2;q=1;s=16,36,false,38,0.106,26,2,4096,0.246,26,2,true,1,0.006
dec-133,dec,d_b=12;m=3;gap=7;k=2;q=1;s=16,36,false,38,0.106,26,2,8192,0.244,26,2,true,1,0.003
dec-133,dec,d_b=12;m=3;gap=7;k=2;q=1;s=16,36,false,38,0.106,26,2,16384,0.251,26,2,true,1,0.003
mixed-044-1,mixed,seed=0xf455af5bf6893eba;cycles=9;planted=3;d_b=4;m=2;gap=1;k=2,5335287,false,414745,0.105,33,10,1,0.111,35,18,false,1,0.028
mixed-044-1,mixed,seed=0xf455af5bf6893eba;cycles=9;planted=3;d_b=4;m=2;gap=1;k=2,5335287,false,414745,0.105,33,10,2,0.140,35,18,false,2,0.044
mixed-044-1,mixed,seed=0xf455af5bf6893eba;cycles=9;planted=3;d_b=4;m=2;gap=1;k=2,5335287,false,414745,0.105,33,10,4,0.176,33,10,true,4,0.072
mixed-044-1,mixed,seed=0xf455af5bf6893eba;cycles=9;planted=3;d_b=4;m=2;gap=1;k=2,5335287,false,414745,0.105,33,10,8,0.169,33,10,true,4,0.069
mixed-044-1,mixed,seed=0xf455af5bf6893eba;cycles=9;planted=3;d_b=4;m=2;gap=1;k=2,5335287,false,414745,0.105,33,10,16,0.155,33,10,true,4,0.064
mixed-044-1,mixed,seed=0xf455af5bf6893eba;cycles=9;planted=3;d_b=4;m=2;gap=1;k=2,5335287,false,414745,0.105,33,10,32,0.153,33,10,true,4,0.063
mixed-044-1,mixed,seed=0xf455af5bf6893eba;cycles=9;planted=3;d_b=4;m=2;gap=1;k=2,5335287,false,414745,0.105,33,10,64,0.148,33,10,true,4,0.062
mixed-044-1,mixed,seed=0xf455af5bf6893eba;cycles=9;planted=3;d_b=4;m=2;gap=1;k=2,5335287,false,414745,0.105,33,10,128,0.149,33,10,true,4,0.061
mixed-044-1,mixed,seed=0xf455af5bf6893eba;cycles=9;planted=3;d_b=4;m=2;gap=1;k=2,5335287,false,414745,0.105,33,10,256,0.145,33,10,true,4,0.060
mixed-044-1,mixed,seed=0xf455af5bf6893eba;cycles=9;planted=3;d_b=4;m=2;gap=1;k=2,5335287,false,414745,0.105,33,10,512,0.145,33,10,true,4,0.060
mixed-044-1,mixed,seed=0xf455af5bf6893eba;cycles=9;planted=3;d_b=4;m=2;gap=1;k=2,5335287,false,414745,0.105,33,10,1024,0.145,33,10,true,4,0.060
mixed-044-1,mixed,seed=0xf455af5bf6893eba;cycles=9;planted=3;d_b=4;m=2;gap=1;k=2,5335287,false,414745,0.105,33,10,2048,0.144,33,10,true,4,0.060
mixed-044-1,mixed,seed=0xf455af5bf6893eba;cycles=9;planted=3;d_b=4;m=2;gap=1;k=2,5335287,false,414745,0.105,33,10,4096,0.144,33,10,true,4,0.060
mixed-044-1,mixed,seed=0xf455af5bf6893eba;cycles=9;planted=3;d_b=4;m=2;gap=1;k=2,5335287,false,414745,0.105,33,10,8192,0.143,33,10,true,4,0.059
mixed-044-1,mixed,seed=0xf455af5bf6893eba;cycles=9;planted=3;d_b=4;m=2;gap=1;k=2,5335287,false,414745,0.105,33,10,16384,0.145,33,10,true,4,0.060
dec-134,dec,d_b=12;m=3;gap=7;k=4;q=1;s=16,60,false,62,0.177,26,2,1,0.021,33,32,false,0,0.000
dec-134,dec,d_b=12;m=3;gap=7;k=4;q=1;s=16,60,false,62,0.177,26,2,2,0.029,33,32,false,0,0.000
dec-134,dec,d_b=12;m=3;gap=7;k=4;q=1;s=16,60,false,62,0.177,26,2,4,0.041,33,32,false,0,0.000
dec-134,dec,d_b=12;m=3;gap=7;k=4;q=1;s=16,60,false,62,0.177,26,2,8,0.071,33,32,false,0,0.000
dec-134,dec,d_b=12;m=3;gap=7;k=4;q=1;s=16,60,false,62,0.177,26,2,16,0.119,33,32,false,0,0.000
dec-134,dec,d_b=12;m=3;gap=7;k=4;q=1;s=16,60,false,62,0.177,26,2,32,0.256,26,2,false,0,0.000
dec-134,dec,d_b=12;m=3;gap=7;k=4;q=1;s=16,60,false,62,0.177,26,2,64,0.490,26,2,true,0,0.000
dec-134,dec,d_b=12;m=3;gap=7;k=4;q=1;s=16,60,false,62,0.177,26,2,128,0.505,26,2,true,0,0.000
dec-134,dec,d_b=12;m=3;gap=7;k=4;q=1;s=16,60,false,62,0.177,26,2,256,0.482,26,2,true,0,0.000
dec-134,dec,d_b=12;m=3;gap=7;k=4;q=1;s=16,60,false,62,0.177,26,2,512,0.477,26,2,true,0,0.000
dec-134,dec,d_b=12;m=3;gap=7;k=4;q=1;s=16,60,false,62,0.177,26,2,1024,0.474,26,2,true,0,0.000
dec-134,dec,d_b=12;m=3;gap=7;k=4;q=1;s=16,60,false,62,0.177,26,2,2048,0.472,26,2,true,0,0.000
dec-134,dec,d_b=12;m=3;gap=7;k=4;q=1;s=16,60,false,62,0.177,26,2,4096,0.473,26,2,true,0,0.000
dec-134,dec,d_b=12;m=3;gap=7;k=4;q=1;s=16,60,false,62,0.177,26,2,8192,0.469,26,2,true,0,0.000
dec-134,dec,d_b=12;m=3;gap=7;k=4;q=1;s=16,60,false,62,0.177,26,2,16384,0.471,26,2,true,0,0.000
mixed-044-2,mixed,seed=0x9367b0f5c7ea6e74;cycles=9;planted=3;d_b=4;m=2;gap=1;k=2,9831540,false,743495,0.165,43,12,1,0.142,46,24,false,0,0.000
mixed-044-2,mixed,seed=0x9367b0f5c7ea6e74;cycles=9;planted=3;d_b=4;m=2;gap=1;k=2,9831540,false,743495,0.165,43,12,2,0.335,43,12,true,7,0.120
mixed-044-2,mixed,seed=0x9367b0f5c7ea6e74;cycles=9;planted=3;d_b=4;m=2;gap=1;k=2,9831540,false,743495,0.165,43,12,4,0.318,43,12,true,7,0.109
mixed-044-2,mixed,seed=0x9367b0f5c7ea6e74;cycles=9;planted=3;d_b=4;m=2;gap=1;k=2,9831540,false,743495,0.165,43,12,8,0.298,43,12,true,7,0.106
mixed-044-2,mixed,seed=0x9367b0f5c7ea6e74;cycles=9;planted=3;d_b=4;m=2;gap=1;k=2,9831540,false,743495,0.165,43,12,16,0.266,43,12,true,7,0.093
mixed-044-2,mixed,seed=0x9367b0f5c7ea6e74;cycles=9;planted=3;d_b=4;m=2;gap=1;k=2,9831540,false,743495,0.165,43,12,32,0.262,43,12,true,7,0.092
mixed-044-2,mixed,seed=0x9367b0f5c7ea6e74;cycles=9;planted=3;d_b=4;m=2;gap=1;k=2,9831540,false,743495,0.165,43,12,64,0.249,43,12,true,7,0.087
mixed-044-2,mixed,seed=0x9367b0f5c7ea6e74;cycles=9;planted=3;d_b=4;m=2;gap=1;k=2,9831540,false,743495,0.165,43,12,128,0.252,43,12,true,7,0.088
mixed-044-2,mixed,seed=0x9367b0f5c7ea6e74;cycles=9;planted=3;d_b=4;m=2;gap=1;k=2,9831540,false,743495,0.165,43,12,256,0.260,43,12,true,7,0.091
mixed-044-2,mixed,seed=0x9367b0f5c7ea6e74;cycles=9;planted=3;d_b=4;m=2;gap=1;k=2,9831540,false,743495,0.165,43,12,512,0.248,43,12,true,7,0.087
mixed-044-2,mixed,seed=0x9367b0f5c7ea6e74;cycles=9;planted=3;d_b=4;m=2;gap=1;k=2,9831540,false,743495,0.165,43,12,1024,0.250,43,12,true,7,0.088
mixed-044-2,mixed,seed=0x9367b0f5c7ea6e74;cycles=9;planted=3;d_b=4;m=2;gap=1;k=2,9831540,false,743495,0.165,43,12,2048,0.246,43,12,true,7,0.085
mixed-044-2,mixed,seed=0x9367b0f5c7ea6e74;cycles=9;planted=3;d_b=4;m=2;gap=1;k=2,9831540,false,743495,0.165,43,12,4096,0.242,43,12,true,7,0.085
mixed-044-2,mixed,seed=0x9367b0f5c7ea6e74;cycles=9;planted=3;d_b=4;m=2;gap=1;k=2,9831540,false,743495,0.165,43,12,8192,0.245,43,12,true,7,0.086
mixed-044-2,mixed,seed=0x9367b0f5c7ea6e74;cycles=9;planted=3;d_b=4;m=2;gap=1;k=2,9831540,false,743495,0.165,43,12,16384,0.242,43,12,true,7,0.085
dec-135,dec,d_b=12;m=3;gap=13;k=1;q=1;s=19,24,false,26,0.062,26,2,1,0.017,39,38,false,0,0.000
dec-135,dec,d_b=12;m=3;gap=13;k=1;q=1;s=19,24,false,26,0.062,26,2,2,0.029,39,38,false,0,0.000
dec-135,dec,d_b=12;m=3;gap=13;k=1;q=1;s=19,24,false,26,0.062,26,2,4,0.041,39,38,false,0,0.000
dec-135,dec,d_b=12;m=3;gap=13;k=1;q=1;s=19,24,false,26,0.062,26,2,8,0.072,26,2,false,0,0.000
dec-135,dec,d_b=12;m=3;gap=13;k=1;q=1;s=19,24,false,26,0.062,26,2,16,0.126,26,2,false,0,0.000
dec-135,dec,d_b=12;m=3;gap=13;k=1;q=1;s=19,24,false,26,0.062,26,2,32,0.151,26,2,true,1,0.008
dec-135,dec,d_b=12;m=3;gap=13;k=1;q=1;s=19,24,false,26,0.062,26,2,64,0.146,26,2,true,1,0.008
dec-135,dec,d_b=12;m=3;gap=13;k=1;q=1;s=19,24,false,26,0.062,26,2,128,0.144,26,2,true,1,0.007
dec-135,dec,d_b=12;m=3;gap=13;k=1;q=1;s=19,24,false,26,0.062,26,2,256,0.142,26,2,true,1,0.007
dec-135,dec,d_b=12;m=3;gap=13;k=1;q=1;s=19,24,false,26,0.062,26,2,512,0.143,26,2,true,1,0.006
dec-135,dec,d_b=12;m=3;gap=13;k=1;q=1;s=19,24,false,26,0.062,26,2,1024,0.140,26,2,true,1,0.006
dec-135,dec,d_b=12;m=3;gap=13;k=1;q=1;s=19,24,false,26,0.062,26,2,2048,0.141,26,2,true,1,0.006
dec-135,dec,d_b=12;m=3;gap=13;k=1;q=1;s=19,24,false,26,0.062,26,2,4096,0.143,26,2,true,1,0.009
dec-135,dec,d_b=12;m=3;gap=13;k=1;q=1;s=19,24,false,26,0.062,26,2,8192,0.141,26,2,true,1,0.006
dec-135,dec,d_b=12;m=3;gap=13;k=1;q=1;s=19,24,false,26,0.062,26,2,16384,0.139,26,2,true,1,0.006
mixed-045-0,mixed,seed=0xac359547f2202738;cycles=9;planted=3;d_b=8;m=3;gap=2;k=2,5335319,false,414771,0.213,59,8,1,0.073,68,62,false,0,0.000
mixed-045-0,mixed,seed=0xac359547f2202738;cycles=9;planted=3;d_b=8;m=3;gap=2;k=2,5335319,false,414771,0.213,59,8,2,0.068,68,62,false,0,0.000
mixed-045-0,mixed,seed=0xac359547f2202738;cycles=9;planted=3;d_b=8;m=3;gap=2;k=2,5335319,false,414771,0.213,59,8,4,0.071,68,62,false,0,0.000
mixed-045-0,mixed,seed=0xac359547f2202738;cycles=9;planted=3;d_b=8;m=3;gap=2;k=2,5335319,false,414771,0.213,59,8,8,0.120,68,62,false,1,0.024
mixed-045-0,mixed,seed=0xac359547f2202738;cycles=9;planted=3;d_b=8;m=3;gap=2;k=2,5335319,false,414771,0.213,59,8,16,0.158,68,62,false,1,0.020
mixed-045-0,mixed,seed=0xac359547f2202738;cycles=9;planted=3;d_b=8;m=3;gap=2;k=2,5335319,false,414771,0.213,59,8,32,0.263,65,44,false,1,0.017
mixed-045-0,mixed,seed=0xac359547f2202738;cycles=9;planted=3;d_b=8;m=3;gap=2;k=2,5335319,false,414771,0.213,59,8,64,0.476,59,8,true,4,0.033
mixed-045-0,mixed,seed=0xac359547f2202738;cycles=9;planted=3;d_b=8;m=3;gap=2;k=2,5335319,false,414771,0.213,59,8,128,0.471,59,8,true,4,0.032
mixed-045-0,mixed,seed=0xac359547f2202738;cycles=9;planted=3;d_b=8;m=3;gap=2;k=2,5335319,false,414771,0.213,59,8,256,0.457,59,8,true,4,0.029
mixed-045-0,mixed,seed=0xac359547f2202738;cycles=9;planted=3;d_b=8;m=3;gap=2;k=2,5335319,false,414771,0.213,59,8,512,0.455,59,8,true,4,0.029
mixed-045-0,mixed,seed=0xac359547f2202738;cycles=9;planted=3;d_b=8;m=3;gap=2;k=2,5335319,false,414771,0.213,59,8,1024,0.450,59,8,true,4,0.028
mixed-045-0,mixed,seed=0xac359547f2202738;cycles=9;planted=3;d_b=8;m=3;gap=2;k=2,5335319,false,414771,0.213,59,8,2048,0.449,59,8,true,4,0.028
mixed-045-0,mixed,seed=0xac359547f2202738;cycles=9;planted=3;d_b=8;m=3;gap=2;k=2,5335319,false,414771,0.213,59,8,4096,0.447,59,8,true,4,0.028
mixed-045-0,mixed,seed=0xac359547f2202738;cycles=9;planted=3;d_b=8;m=3;gap=2;k=2,5335319,false,414771,0.213,59,8,8192,0.445,59,8,true,4,0.028
mixed-045-0,mixed,seed=0xac359547f2202738;cycles=9;planted=3;d_b=8;m=3;gap=2;k=2,5335319,false,414771,0.213,59,8,16384,0.447,59,8,true,4,0.027
dec-136,dec,d_b=12;m=3;gap=13;k=2;q=1;s=19,36,false,38,0.087,26,2,1,0.018,39,38,false,0,0.000
dec-136,dec,d_b=12;m=3;gap=13;k=2;q=1;s=19,36,false,38,0.087,26,2,2,0.025,39,38,false,0,0.000
dec-136,dec,d_b=12;m=3;gap=13;k=2;q=1;s=19,36,false,38,0.087,26,2,4,0.037,39,38,false,0,0.000
dec-136,dec,d_b=12;m=3;gap=13;k=2;q=1;s=19,36,false,38,0.087,26,2,8,0.071,39,38,false,0,0.000
dec-136,dec,d_b=12;m=3;gap=13;k=2;q=1;s=19,36,false,38,0.087,26,2,16,0.140,26,2,false,0,0.000
dec-136,dec,d_b=12;m=3;gap=13;k=2;q=1;s=19,36,false,38,0.087,26,2,32,0.276,26,2,false,0,0.000
dec-136,dec,d_b=12;m=3;gap=13;k=2;q=1;s=19,36,false,38,0.087,26,2,64,0.288,26,2,true,1,0.004
dec-136,dec,d_b=12;m=3;gap=13;k=2;q=1;s=19,36,false,38,0.087,26,2,128,0.292,26,2,true,1,0.004
dec-136,dec,d_b=12;m=3;gap=13;k=2;q=1;s=19,36,false,38,0.087,26,2,256,0.283,26,2,true,1,0.003
dec-136,dec,d_b=12;m=3;gap=13;k=2;q=1;s=19,36,false,38,0.087,26,2,512,0.283,26,2,true,1,0.003
dec-136,dec,d_b=12;m=3;gap=13;k=2;q=1;s=19,36,false,38,0.087,26,2,1024,0.281,26,2,true,1,0.003
dec-136,dec,d_b=12;m=3;gap=13;k=2;q=1;s=19,36,false,38,0.087,26,2,2048,0.281,26,2,true,1,0.003
dec-136,dec,d_b=12;m=3;gap=13;k=2;q=1;s=19,36,false,38,0.087,26,2,4096,0.289,26,2,true,1,0.003
dec-136,dec,d_b=12;m=3;gap=13;k=2;q=1;s=19,36,false,38,0.087,26,2,8192,0.281,26,2,true,1,0.006
dec-136,dec,d_b=12;m=3;gap=13;k=2;q=1;s=19,36,false,38,0.087,26,2,16384,0.279,26,2,true,1,0.003
mixed-045-1,mixed,seed=0x9c6378710b0f38e1;cycles=9;planted=3;d_b=8;m=3;gap=2;k=2,49,false,53,0.121,37,4,1,0.022,43,40,false,0,0.000
mixed-045-1,mixed,seed=0x9c6378710b0f38e1;cycles=9;planted=3;d_b=8;m=3;gap=2;k=2,49,false,53,0.121,37,4,2,0.023,43,40,false,0,0.000
mixed-045-1,mixed,seed=0x9c6378710b0f38e1;cycles=9;planted=3;d_b=8;m=3;gap=2;k=2,49,false,53,0.121,37,4,4,0.029,43,40,false,0,0.000
mixed-045-1,mixed,seed=0x9c6378710b0f38e1;cycles=9;planted=3;d_b=8;m=3;gap=2;k=2,49,false,53,0.121,37,4,8,0.052,43,40,false,0,0.000
mixed-045-1,mixed,seed=0x9c6378710b0f38e1;cycles=9;planted=3;d_b=8;m=3;gap=2;k=2,49,false,53,0.121,37,4,16,0.089,43,40,false,0,0.000
mixed-045-1,mixed,seed=0x9c6378710b0f38e1;cycles=9;planted=3;d_b=8;m=3;gap=2;k=2,49,false,53,0.121,37,4,32,0.186,37,4,false,0,0.000
mixed-045-1,mixed,seed=0x9c6378710b0f38e1;cycles=9;planted=3;d_b=8;m=3;gap=2;k=2,49,false,53,0.121,37,4,64,0.227,37,4,true,2,0.010
mixed-045-1,mixed,seed=0x9c6378710b0f38e1;cycles=9;planted=3;d_b=8;m=3;gap=2;k=2,49,false,53,0.121,37,4,128,0.225,37,4,true,2,0.009
mixed-045-1,mixed,seed=0x9c6378710b0f38e1;cycles=9;planted=3;d_b=8;m=3;gap=2;k=2,49,false,53,0.121,37,4,256,0.222,37,4,true,2,0.009
mixed-045-1,mixed,seed=0x9c6378710b0f38e1;cycles=9;planted=3;d_b=8;m=3;gap=2;k=2,49,false,53,0.121,37,4,512,0.220,37,4,true,2,0.009
mixed-045-1,mixed,seed=0x9c6378710b0f38e1;cycles=9;planted=3;d_b=8;m=3;gap=2;k=2,49,false,53,0.121,37,4,1024,0.220,37,4,true,2,0.009
mixed-045-1,mixed,seed=0x9c6378710b0f38e1;cycles=9;planted=3;d_b=8;m=3;gap=2;k=2,49,false,53,0.121,37,4,2048,0.219,37,4,true,2,0.009
mixed-045-1,mixed,seed=0x9c6378710b0f38e1;cycles=9;planted=3;d_b=8;m=3;gap=2;k=2,49,false,53,0.121,37,4,4096,0.219,37,4,true,2,0.009
mixed-045-1,mixed,seed=0x9c6378710b0f38e1;cycles=9;planted=3;d_b=8;m=3;gap=2;k=2,49,false,53,0.121,37,4,8192,0.218,37,4,true,2,0.008
mixed-045-1,mixed,seed=0x9c6378710b0f38e1;cycles=9;planted=3;d_b=8;m=3;gap=2;k=2,49,false,53,0.121,37,4,16384,0.218,37,4,true,2,0.009
dec-137,dec,d_b=12;m=3;gap=13;k=4;q=1;s=19,60,false,62,0.145,26,2,1,0.019,39,38,false,0,0.000
dec-137,dec,d_b=12;m=3;gap=13;k=4;q=1;s=19,60,false,62,0.145,26,2,2,0.028,39,38,false,0,0.000
dec-137,dec,d_b=12;m=3;gap=13;k=4;q=1;s=19,60,false,62,0.145,26,2,4,0.043,39,38,false,0,0.000
dec-137,dec,d_b=12;m=3;gap=13;k=4;q=1;s=19,60,false,62,0.145,26,2,8,0.076,39,38,false,0,0.000
dec-137,dec,d_b=12;m=3;gap=13;k=4;q=1;s=19,60,false,62,0.145,26,2,16,0.152,26,2,false,0,0.000
dec-137,dec,d_b=12;m=3;gap=13;k=4;q=1;s=19,60,false,62,0.145,26,2,32,0.293,26,2,false,0,0.000
dec-137,dec,d_b=12;m=3;gap=13;k=4;q=1;s=19,60,false,62,0.145,26,2,64,0.570,26,2,true,0,0.000
dec-137,dec,d_b=12;m=3;gap=13;k=4;q=1;s=19,60,false,62,0.145,26,2,128,0.567,26,2,true,0,0.000
dec-137,dec,d_b=12;m=3;gap=13;k=4;q=1;s=19,60,false,62,0.145,26,2,256,0.591,26,2,true,0,0.000
dec-137,dec,d_b=12;m=3;gap=13;k=4;q=1;s=19,60,false,62,0.145,26,2,512,0.563,26,2,true,0,0.000
dec-137,dec,d_b=12;m=3;gap=13;k=4;q=1;s=19,60,false,62,0.145,26,2,1024,0.558,26,2,true,0,0.000
dec-137,dec,d_b=12;m=3;gap=13;k=4;q=1;s=19,60,false,62,0.145,26,2,2048,0.554,26,2,true,0,0.000
dec-137,dec,d_b=12;m=3;gap=13;k=4;q=1;s=19,60,false,62,0.145,26,2,4096,0.557,26,2,true,0,0.000
dec-137,dec,d_b=12;m=3;gap=13;k=4;q=1;s=19,60,false,62,0.145,26,2,8192,0.555,26,2,true,0,0.000
dec-137,dec,d_b=12;m=3;gap=13;k=4;q=1;s=19,60,false,62,0.145,26,2,16384,0.552,26,2,true,0,0.000
mixed-045-2,mixed,seed=0x638a0bf58124945f;cycles=9;planted=3;d_b=8;m=3;gap=2;k=2,9831577,false,743504,0.265,71,10,1,0.174,80,64,false,1,0.044
mixed-045-2,mixed,seed=0x638a0bf58124945f;cycles=9;planted=3;d_b=8;m=3;gap=2;k=2,9831577,false,743504,0.265,71,10,2,0.180,80,64,false,2,0.037
mixed-045-2,mixed,seed=0x638a0bf58124945f;cycles=9;planted=3;d_b=8;m=3;gap=2;k=2,9831577,false,743504,0.265,71,10,4,0.197,80,64,false,2,0.037
mixed-045-2,mixed,seed=0x638a0bf58124945f;cycles=9;planted=3;d_b=8;m=3;gap=2;k=2,9831577,false,743504,0.265,71,10,8,0.203,80,64,false,2,0.033
mixed-045-2,mixed,seed=0x638a0bf58124945f;cycles=9;planted=3;d_b=8;m=3;gap=2;k=2,9831577,false,743504,0.265,71,10,16,0.293,80,64,false,2,0.033
mixed-045-2,mixed,seed=0x638a0bf58124945f;cycles=9;planted=3;d_b=8;m=3;gap=2;k=2,9831577,false,743504,0.265,71,10,32,0.474,77,46,false,2,0.032
mixed-045-2,mixed,seed=0x638a0bf58124945f;cycles=9;planted=3;d_b=8;m=3;gap=2;k=2,9831577,false,743504,0.265,71,10,64,0.922,71,10,true,5,0.048
mixed-045-2,mixed,seed=0x638a0bf58124945f;cycles=9;planted=3;d_b=8;m=3;gap=2;k=2,9831577,false,743504,0.265,71,10,128,0.931,71,10,true,5,0.048
mixed-045-2,mixed,seed=0x638a0bf58124945f;cycles=9;planted=3;d_b=8;m=3;gap=2;k=2,9831577,false,743504,0.265,71,10,256,0.908,71,10,true,5,0.044
mixed-045-2,mixed,seed=0x638a0bf58124945f;cycles=9;planted=3;d_b=8;m=3;gap=2;k=2,9831577,false,743504,0.265,71,10,512,0.930,71,10,true,5,0.044
mixed-045-2,mixed,seed=0x638a0bf58124945f;cycles=9;planted=3;d_b=8;m=3;gap=2;k=2,9831577,false,743504,0.265,71,10,1024,0.899,71,10,true,5,0.044
mixed-045-2,mixed,seed=0x638a0bf58124945f;cycles=9;planted=3;d_b=8;m=3;gap=2;k=2,9831577,false,743504,0.265,71,10,2048,0.964,71,10,true,5,0.051
mixed-045-2,mixed,seed=0x638a0bf58124945f;cycles=9;planted=3;d_b=8;m=3;gap=2;k=2,9831577,false,743504,0.265,71,10,4096,0.909,71,10,true,5,0.045
mixed-045-2,mixed,seed=0x638a0bf58124945f;cycles=9;planted=3;d_b=8;m=3;gap=2;k=2,9831577,false,743504,0.265,71,10,8192,0.931,71,10,true,5,0.049
mixed-045-2,mixed,seed=0x638a0bf58124945f;cycles=9;planted=3;d_b=8;m=3;gap=2;k=2,9831577,false,743504,0.265,71,10,16384,0.889,71,10,true,5,0.043
dec-138,dec,d_b=12;m=5;gap=1;k=1;q=3;s=25,24,false,26,0.096,50,2,1,0.019,51,50,false,0,0.000
dec-138,dec,d_b=12;m=5;gap=1;k=1;q=3;s=25,24,false,26,0.096,50,2,2,0.033,51,50,false,0,0.000
dec-138,dec,d_b=12;m=5;gap=1;k=1;q=3;s=25,24,false,26,0.096,50,2,4,0.045,51,50,false,0,0.000
dec-138,dec,d_b=12;m=5;gap=1;k=1;q=3;s=25,24,false,26,0.096,50,2,8,0.077,51,50,false,0,0.000
dec-138,dec,d_b=12;m=5;gap=1;k=1;q=3;s=25,24,false,26,0.096,50,2,16,0.136,50,2,false,0,0.000
dec-138,dec,d_b=12;m=5;gap=1;k=1;q=3;s=25,24,false,26,0.096,50,2,32,0.182,50,2,true,1,0.005
dec-138,dec,d_b=12;m=5;gap=1;k=1;q=3;s=25,24,false,26,0.096,50,2,64,0.179,50,2,true,1,0.005
dec-138,dec,d_b=12;m=5;gap=1;k=1;q=3;s=25,24,false,26,0.096,50,2,128,0.178,50,2,true,1,0.004
dec-138,dec,d_b=12;m=5;gap=1;k=1;q=3;s=25,24,false,26,0.096,50,2,256,0.175,50,2,true,1,0.005
dec-138,dec,d_b=12;m=5;gap=1;k=1;q=3;s=25,24,false,26,0.096,50,2,512,0.175,50,2,true,1,0.004
dec-138,dec,d_b=12;m=5;gap=1;k=1;q=3;s=25,24,false,26,0.096,50,2,1024,0.174,50,2,true,1,0.004
dec-138,dec,d_b=12;m=5;gap=1;k=1;q=3;s=25,24,false,26,0.096,50,2,2048,0.174,50,2,true,1,0.004
dec-138,dec,d_b=12;m=5;gap=1;k=1;q=3;s=25,24,false,26,0.096,50,2,4096,0.172,50,2,true,1,0.004
dec-138,dec,d_b=12;m=5;gap=1;k=1;q=3;s=25,24,false,26,0.096,50,2,8192,0.178,50,2,true,1,0.005
dec-138,dec,d_b=12;m=5;gap=1;k=1;q=3;s=25,24,false,26,0.096,50,2,16384,0.172,50,2,true,1,0.004
mixed-046-0,mixed,seed=0x6a0cc3ab229fa6f9;cycles=9;planted=3;d_b=12;m=2;gap=6;k=4,9831682,false,743651,0.404,57,10,1,0.243,78,64,false,2,0.043
mixed-046-0,mixed,seed=0x6a0cc3ab229fa6f9;cycles=9;planted=3;d_b=12;m=2;gap=6;k=4,9831682,false,743651,0.404,57,10,2,0.256,78,64,false,2,0.040
mixed-046-0,mixed,seed=0x6a0cc3ab229fa6f9;cycles=9;planted=3;d_b=12;m=2;gap=6;k=4,9831682,false,743651,0.404,57,10,4,0.261,78,64,false,2,0.036
mixed-046-0,mixed,seed=0x6a0cc3ab229fa6f9;cycles=9;planted=3;d_b=12;m=2;gap=6;k=4,9831682,false,743651,0.404,57,10,8,0.344,78,64,false,2,0.035
mixed-046-0,mixed,seed=0x6a0cc3ab229fa6f9;cycles=9;planted=3;d_b=12;m=2;gap=6;k=4,9831682,false,743651,0.404,57,10,16,0.528,78,64,false,2,0.034
mixed-046-0,mixed,seed=0x6a0cc3ab229fa6f9;cycles=9;planted=3;d_b=12;m=2;gap=6;k=4,9831682,false,743651,0.404,57,10,32,0.911,78,64,false,2,0.034
mixed-046-0,mixed,seed=0x6a0cc3ab229fa6f9;cycles=9;planted=3;d_b=12;m=2;gap=6;k=4,9831682,false,743651,0.404,57,10,64,1.827,57,10,false,2,0.040
mixed-046-0,mixed,seed=0x6a0cc3ab229fa6f9;cycles=9;planted=3;d_b=12;m=2;gap=6;k=4,9831682,false,743651,0.404,57,10,128,3.434,57,10,false,2,0.034
mixed-046-0,mixed,seed=0x6a0cc3ab229fa6f9;cycles=9;planted=3;d_b=12;m=2;gap=6;k=4,9831682,false,743651,0.404,57,10,256,4.577,57,10,true,5,0.044
mixed-046-0,mixed,seed=0x6a0cc3ab229fa6f9;cycles=9;planted=3;d_b=12;m=2;gap=6;k=4,9831682,false,743651,0.404,57,10,512,4.602,57,10,true,5,0.045
mixed-046-0,mixed,seed=0x6a0cc3ab229fa6f9;cycles=9;planted=3;d_b=12;m=2;gap=6;k=4,9831682,false,743651,0.404,57,10,1024,4.533,57,10,true,5,0.042
mixed-046-0,mixed,seed=0x6a0cc3ab229fa6f9;cycles=9;planted=3;d_b=12;m=2;gap=6;k=4,9831682,false,743651,0.404,57,10,2048,4.606,57,10,true,5,0.047
mixed-046-0,mixed,seed=0x6a0cc3ab229fa6f9;cycles=9;planted=3;d_b=12;m=2;gap=6;k=4,9831682,false,743651,0.404,57,10,4096,4.547,57,10,true,5,0.042
mixed-046-0,mixed,seed=0x6a0cc3ab229fa6f9;cycles=9;planted=3;d_b=12;m=2;gap=6;k=4,9831682,false,743651,0.404,57,10,8192,4.611,57,10,true,5,0.042
mixed-046-0,mixed,seed=0x6a0cc3ab229fa6f9;cycles=9;planted=3;d_b=12;m=2;gap=6;k=4,9831682,false,743651,0.404,57,10,16384,4.542,57,10,true,5,0.042
dec-139,dec,d_b=12;m=5;gap=1;k=2;q=3;s=25,36,false,38,0.159,50,2,1,0.021,51,50,false,0,0.000
dec-139,dec,d_b=12;m=5;gap=1;k=2;q=3;s=25,36,false,38,0.159,50,2,2,0.032,51,50,false,0,0.000
dec-139,dec,d_b=12;m=5;gap=1;k=2;q=3;s=25,36,false,38,0.159,50,2,4,0.046,51,50,false,0,0.000
dec-139,dec,d_b=12;m=5;gap=1;k=2;q=3;s=25,36,false,38,0.159,50,2,8,0.084,51,50,false,0,0.000
dec-139,dec,d_b=12;m=5;gap=1;k=2;q=3;s=25,36,false,38,0.159,50,2,16,0.153,51,50,false,0,0.000
dec-139,dec,d_b=12;m=5;gap=1;k=2;q=3;s=25,36,false,38,0.159,50,2,32,0.320,50,2,false,0,0.000
dec-139,dec,d_b=12;m=5;gap=1;k=2;q=3;s=25,36,false,38,0.159,50,2,64,0.337,50,2,true,1,0.004
dec-139,dec,d_b=12;m=5;gap=1;k=2;q=3;s=25,36,false,38,0.159,50,2,128,0.334,50,2,true,1,0.004
dec-139,dec,d_b=12;m=5;gap=1;k=2;q=3;s=25,36,false,38,0.159,50,2,256,0.330,50,2,true,1,0.003
dec-139,dec,d_b=12;m=5;gap=1;k=2;q=3;s=25,36,false,38,0.159,50,2,512,0.327,50,2,true,1,0.003
dec-139,dec,d_b=12;m=5;gap=1;k=2;q=3;s=25,36,false,38,0.159,50,2,1024,0.328,50,2,true,1,0.003
dec-139,dec,d_b=12;m=5;gap=1;k=2;q=3;s=25,36,false,38,0.159,50,2,2048,0.326,50,2,true,1,0.003
dec-139,dec,d_b=12;m=5;gap=1;k=2;q=3;s=25,36,false,38,0.159,50,2,4096,0.324,50,2,true,1,0.003
dec-139,dec,d_b=12;m=5;gap=1;k=2;q=3;s=25,36,false,38,0.159,50,2,8192,0.323,50,2,true,1,0.003
dec-139,dec,d_b=12;m=5;gap=1;k=2;q=3;s=25,36,false,38,0.159,50,2,16384,0.324,50,2,true,1,0.003
mixed-046-1,mixed,seed=0x04cd867166454dc4;cycles=9;planted=3;d_b=12;m=2;gap=6;k=4,5335428,false,414875,0.297,48,8,1,0.065,69,62,false,0,0.000
mixed-046-1,mixed,seed=0x04cd867166454dc4;cycles=9;planted=3;d_b=12;m=2;gap=6;k=4,5335428,false,414875,0.297,48,8,2,0.068,69,62,false,0,0.000
mixed-046-1,mixed,seed=0x04cd867166454dc4;cycles=9;planted=3;d_b=12;m=2;gap=6;k=4,5335428,false,414875,0.297,48,8,4,0.061,69,62,false,0,0.000
mixed-046-1,mixed,seed=0x04cd867166454dc4;cycles=9;planted=3;d_b=12;m=2;gap=6;k=4,5335428,false,414875,0.297,48,8,8,0.119,69,62,false,1,0.037
mixed-046-1,mixed,seed=0x04cd867166454dc4;cycles=9;planted=3;d_b=12;m=2;gap=6;k=4,5335428,false,414875,0.297,48,8,16,0.142,69,62,false,1,0.020
mixed-046-1,mixed,seed=0x04cd867166454dc4;cycles=9;planted=3;d_b=12;m=2;gap=6;k=4,5335428,false,414875,0.297,48,8,32,0.238,62,44,false,1,0.017
mixed-046-1,mixed,seed=0x04cd867166454dc4;cycles=9;planted=3;d_b=12;m=2;gap=6;k=4,5335428,false,414875,0.297,48,8,64,0.448,55,26,false,1,0.018
mixed-046-1,mixed,seed=0x04cd867166454dc4;cycles=9;planted=3;d_b=12;m=2;gap=6;k=4,5335428,false,414875,0.297,48,8,128,0.877,48,8,false,2,0.022
mixed-046-1,mixed,seed=0x04cd867166454dc4;cycles=9;planted=3;d_b=12;m=2;gap=6;k=4,5335428,false,414875,0.297,48,8,256,1.167,48,8,true,4,0.029
mixed-046-1,mixed,seed=0x04cd867166454dc4;cycles=9;planted=3;d_b=12;m=2;gap=6;k=4,5335428,false,414875,0.297,48,8,512,1.145,48,8,true,4,0.026
mixed-046-1,mixed,seed=0x04cd867166454dc4;cycles=9;planted=3;d_b=12;m=2;gap=6;k=4,5335428,false,414875,0.297,48,8,1024,1.143,48,8,true,4,0.026
mixed-046-1,mixed,seed=0x04cd867166454dc4;cycles=9;planted=3;d_b=12;m=2;gap=6;k=4,5335428,false,414875,0.297,48,8,2048,1.133,48,8,true,4,0.025
mixed-046-1,mixed,seed=0x04cd867166454dc4;cycles=9;planted=3;d_b=12;m=2;gap=6;k=4,5335428,false,414875,0.297,48,8,4096,1.139,48,8,true,4,0.026
mixed-046-1,mixed,seed=0x04cd867166454dc4;cycles=9;planted=3;d_b=12;m=2;gap=6;k=4,5335428,false,414875,0.297,48,8,8192,1.131,48,8,true,4,0.027
mixed-046-1,mixed,seed=0x04cd867166454dc4;cycles=9;planted=3;d_b=12;m=2;gap=6;k=4,5335428,false,414875,0.297,48,8,16384,1.142,48,8,true,4,0.025
dec-140,dec,d_b=12;m=5;gap=1;k=4;q=3;s=25,60,false,62,0.283,50,2,1,0.023,51,50,false,0,0.000
dec-140,dec,d_b=12;m=5;gap=1;k=4;q=3;s=25,60,false,62,0.283,50,2,2,0.033,51,50,false,0,0.000
dec-140,dec,d_b=12;m=5;gap=1;k=4;q=3;s=25,60,false,62,0.283,50,2,4,0.052,51,50,false,0,0.000
dec-140,dec,d_b=12;m=5;gap=1;k=4;q=3;s=25,60,false,62,0.283,50,2,8,0.087,51,50,false,0,0.000
dec-140,dec,d_b=12;m=5;gap=1;k=4;q=3;s=25,60,false,62,0.283,50,2,16,0.162,51,50,false,0,0.000
dec-140,dec,d_b=12;m=5;gap=1;k=4;q=3;s=25,60,false,62,0.283,50,2,32,0.327,50,2,false,0,0.000
dec-140,dec,d_b=12;m=5;gap=1;k=4;q=3;s=25,60,false,62,0.283,50,2,64,0.649,50,2,true,0,0.000
dec-140,dec,d_b=12;m=5;gap=1;k=4;q=3;s=25,60,false,62,0.283,50,2,128,0.642,50,2,true,0,0.000
dec-140,dec,d_b=12;m=5;gap=1;k=4;q=3;s=25,60,false,62,0.283,50,2,256,0.641,50,2,true,0,0.000
dec-140,dec,d_b=12;m=5;gap=1;k=4;q=3;s=25,60,false,62,0.283,50,2,512,0.636,50,2,true,0,0.000
dec-140,dec,d_b=12;m=5;gap=1;k=4;q=3;s=25,60,false,62,0.283,50,2,1024,0.637,50,2,true,0,0.000
dec-140,dec,d_b=12;m=5;gap=1;k=4;q=3;s=25,60,false,62,0.283,50,2,2048,0.630,50,2,true,0,0.000
dec-140,dec,d_b=12;m=5;gap=1;k=4;q=3;s=25,60,false,62,0.283,50,2,4096,0.633,50,2,true,0,0.000
dec-140,dec,d_b=12;m=5;gap=1;k=4;q=3;s=25,60,false,62,0.283,50,2,8192,0.628,50,2,true,0,0.000
dec-140,dec,d_b=12;m=5;gap=1;k=4;q=3;s=25,60,false,62,0.283,50,2,16384,0.630,50,2,true,0,0.000
mixed-046-2,mixed,seed=0xcd6f2bd41e7877a6;cycles=9;planted=3;d_b=12;m=2;gap=6;k=4,5335427,false,414874,0.293,47,8,1,0.068,68,62,false,0,0.000
mixed-046-2,mixed,seed=0xcd6f2bd41e7877a6;cycles=9;planted=3;d_b=12;m=2;gap=6;k=4,5335427,false,414874,0.293,47,8,2,0.065,68,62,false,0,0.000
mixed-046-2,mixed,seed=0xcd6f2bd41e7877a6;cycles=9;planted=3;d_b=12;m=2;gap=6;k=4,5335427,false,414874,0.293,47,8,4,0.066,68,62,false,0,0.000
mixed-046-2,mixed,seed=0xcd6f2bd41e7877a6;cycles=9;planted=3;d_b=12;m=2;gap=6;k=4,5335427,false,414874,0.293,47,8,8,0.150,68,62,false,1,0.025
mixed-046-2,mixed,seed=0xcd6f2bd41e7877a6;cycles=9;planted=3;d_b=12;m=2;gap=6;k=4,5335427,false,414874,0.293,47,8,16,0.154,68,62,false,1,0.021
mixed-046-2,mixed,seed=0xcd6f2bd41e7877a6;cycles=9;planted=3;d_b=12;m=2;gap=6;k=4,5335427,false,414874,0.293,47,8,32,0.249,61,44,false,1,0.019
mixed-046-2,mixed,seed=0xcd6f2bd41e7877a6;cycles=9;planted=3;d_b=12;m=2;gap=6;k=4,5335427,false,414874,0.293,47,8,64,0.432,61,44,false,1,0.018
mixed-046-2,mixed,seed=0xcd6f2bd41e7877a6;cycles=9;planted=3;d_b=12;m=2;gap=6;k=4,5335427,false,414874,0.293,47,8,128,0.898,47,8,false,2,0.026
mixed-046-2,mixed,seed=0xcd6f2bd41e7877a6;cycles=9;planted=3;d_b=12;m=2;gap=6;k=4,5335427,false,414874,0.293,47,8,256,1.204,47,8,true,4,0.032
mixed-046-2,mixed,seed=0xcd6f2bd41e7877a6;cycles=9;planted=3;d_b=12;m=2;gap=6;k=4,5335427,false,414874,0.293,47,8,512,1.149,47,8,true,4,0.030
mixed-046-2,mixed,seed=0xcd6f2bd41e7877a6;cycles=9;planted=3;d_b=12;m=2;gap=6;k=4,5335427,false,414874,0.293,47,8,1024,1.163,47,8,true,4,0.026
mixed-046-2,mixed,seed=0xcd6f2bd41e7877a6;cycles=9;planted=3;d_b=12;m=2;gap=6;k=4,5335427,false,414874,0.293,47,8,2048,1.142,47,8,true,4,0.026
mixed-046-2,mixed,seed=0xcd6f2bd41e7877a6;cycles=9;planted=3;d_b=12;m=2;gap=6;k=4,5335427,false,414874,0.293,47,8,4096,1.128,47,8,true,4,0.026
mixed-046-2,mixed,seed=0xcd6f2bd41e7877a6;cycles=9;planted=3;d_b=12;m=2;gap=6;k=4,5335427,false,414874,0.293,47,8,8192,1.151,47,8,true,4,0.028
mixed-046-2,mixed,seed=0xcd6f2bd41e7877a6;cycles=9;planted=3;d_b=12;m=2;gap=6;k=4,5335427,false,414874,0.293,47,8,16384,1.148,47,8,true,4,0.026
dec-141,dec,d_b=12;m=5;gap=3;k=1;q=3;s=26,24,false,26,0.099,50,2,1,0.021,53,52,false,0,0.000
dec-141,dec,d_b=12;m=5;gap=3;k=1;q=3;s=26,24,false,26,0.099,50,2,2,0.034,53,52,false,0,0.000
dec-141,dec,d_b=12;m=5;gap=3;k=1;q=3;s=26,24,false,26,0.099,50,2,4,0.048,53,52,false,0,0.000
dec-141,dec,d_b=12;m=5;gap=3;k=1;q=3;s=26,24,false,26,0.099,50,2,8,0.078,53,52,false,0,0.000
dec-141,dec,d_b=12;m=5;gap=3;k=1;q=3;s=26,24,false,26,0.099,50,2,16,0.140,50,2,false,0,0.000
dec-141,dec,d_b=12;m=5;gap=3;k=1;q=3;s=26,24,false,26,0.099,50,2,32,0.194,50,2,true,1,0.006
dec-141,dec,d_b=12;m=5;gap=3;k=1;q=3;s=26,24,false,26,0.099,50,2,64,0.182,50,2,true,1,0.006
dec-141,dec,d_b=12;m=5;gap=3;k=1;q=3;s=26,24,false,26,0.099,50,2,128,0.178,50,2,true,1,0.005
dec-141,dec,d_b=12;m=5;gap=3;k=1;q=3;s=26,24,false,26,0.099,50,2,256,0.178,50,2,true,1,0.005
dec-141,dec,d_b=12;m=5;gap=3;k=1;q=3;s=26,24,false,26,0.099,50,2,512,0.176,50,2,true,1,0.004
dec-141,dec,d_b=12;m=5;gap=3;k=1;q=3;s=26,24,false,26,0.099,50,2,1024,0.177,50,2,true,1,0.004
dec-141,dec,d_b=12;m=5;gap=3;k=1;q=3;s=26,24,false,26,0.099,50,2,2048,0.174,50,2,true,1,0.004
dec-141,dec,d_b=12;m=5;gap=3;k=1;q=3;s=26,24,false,26,0.099,50,2,4096,0.175,50,2,true,1,0.004
dec-141,dec,d_b=12;m=5;gap=3;k=1;q=3;s=26,24,false,26,0.099,50,2,8192,0.174,50,2,true,1,0.004
dec-141,dec,d_b=12;m=5;gap=3;k=1;q=3;s=26,24,false,26,0.099,50,2,16384,0.174,50,2,true,1,0.004
mixed-047-0,mixed,seed=0x1d5b03eacda58bfb;cycles=9;planted=3;d_b=16;m=5;gap=2;k=1,5335345,false,414801,0.481,205,8,1,0.119,214,206,false,0,0.000
mixed-047-0,mixed,seed=0x1d5b03eacda58bfb;cycles=9;planted=3;d_b=16;m=5;gap=2;k=1,5335345,false,414801,0.481,205,8,2,0.124,214,206,false,0,0.000
mixed-047-0,mixed,seed=0x1d5b03eacda58bfb;cycles=9;planted=3;d_b=16;m=5;gap=2;k=1,5335345,false,414801,0.481,205,8,4,0.157,214,206,false,1,0.024
mixed-047-0,mixed,seed=0x1d5b03eacda58bfb;cycles=9;planted=3;d_b=16;m=5;gap=2;k=1,5335345,false,414801,0.481,205,8,8,0.180,214,206,false,1,0.021
mixed-047-0,mixed,seed=0x1d5b03eacda58bfb;cycles=9;planted=3;d_b=16;m=5;gap=2;k=1,5335345,false,414801,0.481,205,8,16,0.292,214,206,false,1,0.018
mixed-047-0,mixed,seed=0x1d5b03eacda58bfb;cycles=9;planted=3;d_b=16;m=5;gap=2;k=1,5335345,false,414801,0.481,205,8,32,0.508,214,206,false,1,0.018
mixed-047-0,mixed,seed=0x1d5b03eacda58bfb;cycles=9;planted=3;d_b=16;m=5;gap=2;k=1,5335345,false,414801,0.481,205,8,64,0.978,211,140,false,2,0.021
mixed-047-0,mixed,seed=0x1d5b03eacda58bfb;cycles=9;planted=3;d_b=16;m=5;gap=2;k=1,5335345,false,414801,0.481,205,8,128,1.457,205,8,true,4,0.028
mixed-047-0,mixed,seed=0x1d5b03eacda58bfb;cycles=9;planted=3;d_b=16;m=5;gap=2;k=1,5335345,false,414801,0.481,205,8,256,1.441,205,8,true,4,0.026
mixed-047-0,mixed,seed=0x1d5b03eacda58bfb;cycles=9;planted=3;d_b=16;m=5;gap=2;k=1,5335345,false,414801,0.481,205,8,512,1.427,205,8,true,4,0.025
mixed-047-0,mixed,seed=0x1d5b03eacda58bfb;cycles=9;planted=3;d_b=16;m=5;gap=2;k=1,5335345,false,414801,0.481,205,8,1024,1.440,205,8,true,4,0.024
mixed-047-0,mixed,seed=0x1d5b03eacda58bfb;cycles=9;planted=3;d_b=16;m=5;gap=2;k=1,5335345,false,414801,0.481,205,8,2048,1.442,205,8,true,4,0.024
mixed-047-0,mixed,seed=0x1d5b03eacda58bfb;cycles=9;planted=3;d_b=16;m=5;gap=2;k=1,5335345,false,414801,0.481,205,8,4096,1.417,205,8,true,4,0.023
mixed-047-0,mixed,seed=0x1d5b03eacda58bfb;cycles=9;planted=3;d_b=16;m=5;gap=2;k=1,5335345,false,414801,0.481,205,8,8192,1.412,205,8,true,4,0.023
mixed-047-0,mixed,seed=0x1d5b03eacda58bfb;cycles=9;planted=3;d_b=16;m=5;gap=2;k=1,5335345,false,414801,0.481,205,8,16384,1.403,205,8,true,4,0.023
dec-142,dec,d_b=12;m=5;gap=3;k=2;q=3;s=26,36,false,38,0.159,50,2,1,0.021,53,52,false,0,0.000
dec-142,dec,d_b=12;m=5;gap=3;k=2;q=3;s=26,36,false,38,0.159,50,2,2,0.031,53,52,false,0,0.000
dec-142,dec,d_b=12;m=5;gap=3;k=2;q=3;s=26,36,false,38,0.159,50,2,4,0.047,53,52,false,0,0.000
dec-142,dec,d_b=12;m=5;gap=3;k=2;q=3;s=26,36,false,38,0.159,50,2,8,0.084,53,52,false,0,0.000
dec-142,dec,d_b=12;m=5;gap=3;k=2;q=3;s=26,36,false,38,0.159,50,2,16,0.149,53,52,false,0,0.000
dec-142,dec,d_b=12;m=5;gap=3;k=2;q=3;s=26,36,false,38,0.159,50,2,32,0.321,50,2,false,0,0.000
dec-142,dec,d_b=12;m=5;gap=3;k=2;q=3;s=26,36,false,38,0.159,50,2,64,0.337,50,2,true,1,0.004
dec-142,dec,d_b=12;m=5;gap=3;k=2;q=3;s=26,36,false,38,0.159,50,2,128,0.335,50,2,true,1,0.004
dec-142,dec,d_b=12;m=5;gap=3;k=2;q=3;s=26,36,false,38,0.159,50,2,256,0.331,50,2,true,1,0.004
dec-142,dec,d_b=12;m=5;gap=3;k=2;q=3;s=26,36,false,38,0.159,50,2,512,0.328,50,2,true,1,0.003
dec-142,dec,d_b=12;m=5;gap=3;k=2;q=3;s=26,36,false,38,0.159,50,2,1024,0.327,50,2,true,1,0.003
dec-142,dec,d_b=12;m=5;gap=3;k=2;q=3;s=26,36,false,38,0.159,50,2,2048,0.326,50,2,true,1,0.003
dec-142,dec,d_b=12;m=5;gap=3;k=2;q=3;s=26,36,false,38,0.159,50,2,4096,0.323,50,2,true,1,0.003
dec-142,dec,d_b=12;m=5;gap=3;k=2;q=3;s=26,36,false,38,0.159,50,2,8192,0.325,50,2,true,1,0.003
dec-142,dec,d_b=12;m=5;gap=3;k=2;q=3;s=26,36,false,38,0.159,50,2,16384,0.326,50,2,true,1,0.006
mixed-047-1,mixed,seed=0x6b6256cbc0366a31;cycles=9;planted=3;d_b=16;m=5;gap=2;k=1,8650664,false,647733,0.495,204,10,1,0.148,213,208,false,0,0.000
mixed-047-1,mixed,seed=0x6b6256cbc0366a31;cycles=9;planted=3;d_b=16;m=5;gap=2;k=1,8650664,false,647733,0.495,204,10,2,0.218,213,208,false,2,0.050
mixed-047-1,mixed,seed=0x6b6256cbc0366a31;cycles=9;planted=3;d_b=16;m=5;gap=2;k=1,8650664,false,647733,0.495,204,10,4,0.204,213,208,false,2,0.037
mixed-047-1,mixed,seed=0x6b6256cbc0366a31;cycles=9;planted=3;d_b=16;m=5;gap=2;k=1,8650664,false,647733,0.495,204,10,8,0.286,213,208,false,2,0.033
mixed-047-1,mixed,seed=0x6b6256cbc0366a31;cycles=9;planted=3;d_b=16;m=5;gap=2;k=1,8650664,false,647733,0.495,204,10,16,0.403,213,208,false,2,0.033
mixed-047-1,mixed,seed=0x6b6256cbc0366a31;cycles=9;planted=3;d_b=16;m=5;gap=2;k=1,8650664,false,647733,0.495,204,10,32,0.678,213,208,false,2,0.032
mixed-047-1,mixed,seed=0x6b6256cbc0366a31;cycles=9;planted=3;d_b=16;m=5;gap=2;k=1,8650664,false,647733,0.495,204,10,64,1.277,204,10,false,2,0.032
mixed-047-1,mixed,seed=0x6b6256cbc0366a31;cycles=9;planted=3;d_b=16;m=5;gap=2;k=1,8650664,false,647733,0.495,204,10,128,1.827,204,10,true,5,0.042
mixed-047-1,mixed,seed=0x6b6256cbc0366a31;cycles=9;planted=3;d_b=16;m=5;gap=2;k=1,8650664,false,647733,0.495,204,10,256,1.810,204,10,true,5,0.041
mixed-047-1,mixed,seed=0x6b6256cbc0366a31;cycles=9;planted=3;d_b=16;m=5;gap=2;k=1,8650664,false,647733,0.495,204,10,512,1.804,204,10,true,5,0.040
mixed-047-1,mixed,seed=0x6b6256cbc0366a31;cycles=9;planted=3;d_b=16;m=5;gap=2;k=1,8650664,false,647733,0.495,204,10,1024,1.807,204,10,true,5,0.039
mixed-047-1,mixed,seed=0x6b6256cbc0366a31;cycles=9;planted=3;d_b=16;m=5;gap=2;k=1,8650664,false,647733,0.495,204,10,2048,1.791,204,10,true,5,0.039
mixed-047-1,mixed,seed=0x6b6256cbc0366a31;cycles=9;planted=3;d_b=16;m=5;gap=2;k=1,8650664,false,647733,0.495,204,10,4096,1.794,204,10,true,5,0.039
mixed-047-1,mixed,seed=0x6b6256cbc0366a31;cycles=9;planted=3;d_b=16;m=5;gap=2;k=1,8650664,false,647733,0.495,204,10,8192,1.793,204,10,true,5,0.039
mixed-047-1,mixed,seed=0x6b6256cbc0366a31;cycles=9;planted=3;d_b=16;m=5;gap=2;k=1,8650664,false,647733,0.495,204,10,16384,1.791,204,10,true,5,0.039
dec-143,dec,d_b=12;m=5;gap=3;k=4;q=3;s=26,60,false,62,0.292,50,2,1,0.026,53,52,false,0,0.000
dec-143,dec,d_b=12;m=5;gap=3;k=4;q=3;s=26,60,false,62,0.292,50,2,2,0.034,53,52,false,0,0.000
dec-143,dec,d_b=12;m=5;gap=3;k=4;q=3;s=26,60,false,62,0.292,50,2,4,0.056,53,52,false,0,0.000
dec-143,dec,d_b=12;m=5;gap=3;k=4;q=3;s=26,60,false,62,0.292,50,2,8,0.094,53,52,false,0,0.000
dec-143,dec,d_b=12;m=5;gap=3;k=4;q=3;s=26,60,false,62,0.292,50,2,16,0.182,53,52,false,0,0.000
dec-143,dec,d_b=12;m=5;gap=3;k=4;q=3;s=26,60,false,62,0.292,50,2,32,0.364,50,2,false,0,0.000
dec-143,dec,d_b=12;m=5;gap=3;k=4;q=3;s=26,60,false,62,0.292,50,2,64,0.663,50,2,true,0,0.000
dec-143,dec,d_b=12;m=5;gap=3;k=4;q=3;s=26,60,false,62,0.292,50,2,128,0.662,50,2,true,0,0.000
dec-143,dec,d_b=12;m=5;gap=3;k=4;q=3;s=26,60,false,62,0.292,50,2,256,0.663,50,2,true,0,0.000
dec-143,dec,d_b=12;m=5;gap=3;k=4;q=3;s=26,60,false,62,0.292,50,2,512,0.680,50,2,true,0,0.000
dec-143,dec,d_b=12;m=5;gap=3;k=4;q=3;s=26,60,false,62,0.292,50,2,1024,0.698,50,2,true,0,0.000
dec-143,dec,d_b=12;m=5;gap=3;k=4;q=3;s=26,60,false,62,0.292,50,2,2048,0.664,50,2,true,0,0.000
dec-143,dec,d_b=12;m=5;gap=3;k=4;q=3;s=26,60,false,62,0.292,50,2,4096,0.676,50,2,true,0,0.000
dec-143,dec,d_b=12;m=5;gap=3;k=4;q=3;s=26,60,false,62,0.292,50,2,8192,0.658,50,2,true,0,0.000
dec-143,dec,d_b=12;m=5;gap=3;k=4;q=3;s=26,60,false,62,0.292,50,2,16384,0.671,50,2,true,0,0.000
mixed-047-2,mixed,seed=0x03ea5038e67a1103;cycles=9;planted=3;d_b=16;m=5;gap=2;k=1,8650672,false,647764,0.550,224,14,1,0.192,233,212,false,0,0.000
mixed-047-2,mixed,seed=0x03ea5038e67a1103;cycles=9;planted=3;d_b=16;m=5;gap=2;k=1,8650672,false,647764,0.550,224,14,2,0.207,233,212,false,1,0.010
mixed-047-2,mixed,seed=0x03ea5038e67a1103;cycles=9;planted=3;d_b=16;m=5;gap=2;k=1,8650672,false,647764,0.550,224,14,4,0.284,233,212,false,2,0.032
mixed-047-2,mixed,seed=0x03ea5038e67a1103;cycles=9;planted=3;d_b=16;m=5;gap=2;k=1,8650672,false,647764,0.550,224,14,8,0.340,233,212,false,3,0.045
mixed-047-2,mixed,seed=0x03ea5038e67a1103;cycles=9;planted=3;d_b=16;m=5;gap=2;k=1,8650672,false,647764,0.550,224,14,16,0.461,233,212,false,3,0.045
mixed-047-2,mixed,seed=0x03ea5038e67a1103;cycles=9;planted=3;d_b=16;m=5;gap=2;k=1,8650672,false,647764,0.550,224,14,32,0.744,233,212,false,3,0.043
mixed-047-2,mixed,seed=0x03ea5038e67a1103;cycles=9;planted=3;d_b=16;m=5;gap=2;k=1,8650672,false,647764,0.550,224,14,64,1.363,230,146,false,4,0.042
mixed-047-2,mixed,seed=0x03ea5038e67a1103;cycles=9;planted=3;d_b=16;m=5;gap=2;k=1,8650672,false,647764,0.550,224,14,128,2.066,224,14,true,6,0.049
mixed-047-2,mixed,seed=0x03ea5038e67a1103;cycles=9;planted=3;d_b=16;m=5;gap=2;k=1,8650672,false,647764,0.550,224,14,256,2.023,224,14,true,6,0.047
mixed-047-2,mixed,seed=0x03ea5038e67a1103;cycles=9;planted=3;d_b=16;m=5;gap=2;k=1,8650672,false,647764,0.550,224,14,512,2.012,224,14,true,6,0.045
mixed-047-2,mixed,seed=0x03ea5038e67a1103;cycles=9;planted=3;d_b=16;m=5;gap=2;k=1,8650672,false,647764,0.550,224,14,1024,2.004,224,14,true,6,0.050
mixed-047-2,mixed,seed=0x03ea5038e67a1103;cycles=9;planted=3;d_b=16;m=5;gap=2;k=1,8650672,false,647764,0.550,224,14,2048,2.009,224,14,true,6,0.045
mixed-047-2,mixed,seed=0x03ea5038e67a1103;cycles=9;planted=3;d_b=16;m=5;gap=2;k=1,8650672,false,647764,0.550,224,14,4096,1.994,224,14,true,6,0.046
mixed-047-2,mixed,seed=0x03ea5038e67a1103;cycles=9;planted=3;d_b=16;m=5;gap=2;k=1,8650672,false,647764,0.550,224,14,8192,1.992,224,14,true,6,0.044
mixed-047-2,mixed,seed=0x03ea5038e67a1103;cycles=9;planted=3;d_b=16;m=5;gap=2;k=1,8650672,false,647764,0.550,224,14,16384,1.995,224,14,true,6,0.043
dec-144,dec,d_b=12;m=5;gap=7;k=1;q=3;s=28,24,false,26,0.102,50,2,1,0.021,57,56,false,0,0.000
dec-144,dec,d_b=12;m=5;gap=7;k=1;q=3;s=28,24,false,26,0.102,50,2,2,0.036,57,56,false,0,0.000
dec-144,dec,d_b=12;m=5;gap=7;k=1;q=3;s=28,24,false,26,0.102,50,2,4,0.046,57,56,false,0,0.000
dec-144,dec,d_b=12;m=5;gap=7;k=1;q=3;s=28,24,false,26,0.102,50,2,8,0.079,57,56,false,0,0.000
dec-144,dec,d_b=12;m=5;gap=7;k=1;q=3;s=28,24,false,26,0.102,50,2,16,0.150,50,2,false,0,0.000
dec-144,dec,d_b=12;m=5;gap=7;k=1;q=3;s=28,24,false,26,0.102,50,2,32,0.191,50,2,true,1,0.005
dec-144,dec,d_b=12;m=5;gap=7;k=1;q=3;s=28,24,false,26,0.102,50,2,64,0.189,50,2,true,1,0.005
dec-144,dec,d_b=12;m=5;gap=7;k=1;q=3;s=28,24,false,26,0.102,50,2,128,0.195,50,2,true,1,0.005
dec-144,dec,d_b=12;m=5;gap=7;k=1;q=3;s=28,24,false,26,0.102,50,2,256,0.185,50,2,true,1,0.005
dec-144,dec,d_b=12;m=5;gap=7;k=1;q=3;s=28,24,false,26,0.102,50,2,512,0.183,50,2,true,1,0.004
dec-144,dec,d_b=12;m=5;gap=7;k=1;q=3;s=28,24,false,26,0.102,50,2,1024,0.183,50,2,true,1,0.004
dec-144,dec,d_b=12;m=5;gap=7;k=1;q=3;s=28,24,false,26,0.102,50,2,2048,0.183,50,2,true,1,0.004
dec-144,dec,d_b=12;m=5;gap=7;k=1;q=3;s=28,24,false,26,0.102,50,2,4096,0.189,50,2,true,1,0.004
dec-144,dec,d_b=12;m=5;gap=7;k=1;q=3;s=28,24,false,26,0.102,50,2,8192,0.182,50,2,true,1,0.004
dec-144,dec,d_b=12;m=5;gap=7;k=1;q=3;s=28,24,false,26,0.102,50,2,16384,0.181,50,2,true,1,0.004
mixed-048-0,mixed,seed=0x2018ff077d48b09a;cycles=10;planted=1;d_b=4;m=2;gap=1;k=2,15,false,16,0.030,9,2,1,0.029,9,2,true,1,0.022
mixed-048-0,mixed,seed=0x2018ff077d48b09a;cycles=10;planted=1;d_b=4;m=2;gap=1;k=2,15,false,16,0.030,9,2,2,0.032,9,2,true,1,0.024
mixed-048-0,mixed,seed=0x2018ff077d48b09a;cycles=10;planted=1;d_b=4;m=2;gap=1;k=2,15,false,16,0.030,9,2,4,0.027,9,2,true,1,0.020
mixed-048-0,mixed,seed=0x2018ff077d48b09a;cycles=10;planted=1;d_b=4;m=2;gap=1;k=2,15,false,16,0.030,9,2,8,0.027,9,2,true,1,0.020
mixed-048-0,mixed,seed=0x2018ff077d48b09a;cycles=10;planted=1;d_b=4;m=2;gap=1;k=2,15,false,16,0.030,9,2,16,0.025,9,2,true,1,0.019
mixed-048-0,mixed,seed=0x2018ff077d48b09a;cycles=10;planted=1;d_b=4;m=2;gap=1;k=2,15,false,16,0.030,9,2,32,0.026,9,2,true,1,0.019
mixed-048-0,mixed,seed=0x2018ff077d48b09a;cycles=10;planted=1;d_b=4;m=2;gap=1;k=2,15,false,16,0.030,9,2,64,0.025,9,2,true,1,0.019
mixed-048-0,mixed,seed=0x2018ff077d48b09a;cycles=10;planted=1;d_b=4;m=2;gap=1;k=2,15,false,16,0.030,9,2,128,0.025,9,2,true,1,0.019
mixed-048-0,mixed,seed=0x2018ff077d48b09a;cycles=10;planted=1;d_b=4;m=2;gap=1;k=2,15,false,16,0.030,9,2,256,0.025,9,2,true,1,0.018
mixed-048-0,mixed,seed=0x2018ff077d48b09a;cycles=10;planted=1;d_b=4;m=2;gap=1;k=2,15,false,16,0.030,9,2,512,0.025,9,2,true,1,0.018
mixed-048-0,mixed,seed=0x2018ff077d48b09a;cycles=10;planted=1;d_b=4;m=2;gap=1;k=2,15,false,16,0.030,9,2,1024,0.025,9,2,true,1,0.018
mixed-048-0,mixed,seed=0x2018ff077d48b09a;cycles=10;planted=1;d_b=4;m=2;gap=1;k=2,15,false,16,0.030,9,2,2048,0.025,9,2,true,1,0.018
mixed-048-0,mixed,seed=0x2018ff077d48b09a;cycles=10;planted=1;d_b=4;m=2;gap=1;k=2,15,false,16,0.030,9,2,4096,0.025,9,2,true,1,0.018
mixed-048-0,mixed,seed=0x2018ff077d48b09a;cycles=10;planted=1;d_b=4;m=2;gap=1;k=2,15,false,16,0.030,9,2,8192,0.024,9,2,true,1,0.018
mixed-048-0,mixed,seed=0x2018ff077d48b09a;cycles=10;planted=1;d_b=4;m=2;gap=1;k=2,15,false,16,0.030,9,2,16384,0.025,9,2,true,1,0.018
dec-145,dec,d_b=12;m=5;gap=7;k=2;q=3;s=28,36,false,38,0.163,50,2,1,0.021,57,56,false,0,0.000
dec-145,dec,d_b=12;m=5;gap=7;k=2;q=3;s=28,36,false,38,0.163,50,2,2,0.035,57,56,false,0,0.000
dec-145,dec,d_b=12;m=5;gap=7;k=2;q=3;s=28,36,false,38,0.163,50,2,4,0.047,57,56,false,0,0.000
dec-145,dec,d_b=12;m=5;gap=7;k=2;q=3;s=28,36,false,38,0.163,50,2,8,0.087,57,56,false,0,0.000
dec-145,dec,d_b=12;m=5;gap=7;k=2;q=3;s=28,36,false,38,0.163,50,2,16,0.163,50,2,false,0,0.000
dec-145,dec,d_b=12;m=5;gap=7;k=2;q=3;s=28,36,false,38,0.163,50,2,32,0.338,50,2,false,0,0.000
dec-145,dec,d_b=12;m=5;gap=7;k=2;q=3;s=28,36,false,38,0.163,50,2,64,0.352,50,2,true,1,0.004
dec-145,dec,d_b=12;m=5;gap=7;k=2;q=3;s=28,36,false,38,0.163,50,2,128,0.356,50,2,true,1,0.004
dec-145,dec,d_b=12;m=5;gap=7;k=2;q=3;s=28,36,false,38,0.163,50,2,256,0.348,50,2,true,1,0.006
dec-145,dec,d_b=12;m=5;gap=7;k=2;q=3;s=28,36,false,38,0.163,50,2,512,0.341,50,2,true,1,0.003
dec-145,dec,d_b=12;m=5;gap=7;k=2;q=3;s=28,36,false,38,0.163,50,2,1024,0.342,50,2,true,1,0.003
dec-145,dec,d_b=12;m=5;gap=7;k=2;q=3;s=28,36,false,38,0.163,50,2,2048,0.339,50,2,true,1,0.003
dec-145,dec,d_b=12;m=5;gap=7;k=2;q=3;s=28,36,false,38,0.163,50,2,4096,0.342,50,2,true,1,0.003
dec-145,dec,d_b=12;m=5;gap=7;k=2;q=3;s=28,36,false,38,0.163,50,2,8192,0.338,50,2,true,1,0.003
dec-145,dec,d_b=12;m=5;gap=7;k=2;q=3;s=28,36,false,38,0.163,50,2,16384,0.350,50,2,true,1,0.003
mixed-048-1,mixed,seed=0x1fbd2cbe4ab0f94d;cycles=10;planted=1;d_b=4;m=2;gap=1;k=2,32963152,false,1981104,0.061,11,4,1,0.093,11,4,true,1,0.072
mixed-048-1,mixed,seed=0x1fbd2cbe4ab0f94d;cycles=10;planted=1;d_b=4;m=2;gap=1;k=2,32963152,false,1981104,0.061,11,4,2,0.064,11,4,true,1,0.050
mixed-048-1,mixed,seed=0x1fbd2cbe4ab0f94d;cycles=10;planted=1;d_b=4;m=2;gap=1;k=2,32963152,false,1981104,0.061,11,4,4,0.054,11,4,true,1,0.044
mixed-048-1,mixed,seed=0x1fbd2cbe4ab0f94d;cycles=10;planted=1;d_b=4;m=2;gap=1;k=2,32963152,false,1981104,0.061,11,4,8,0.053,11,4,true,1,0.043
mixed-048-1,mixed,seed=0x1fbd2cbe4ab0f94d;cycles=10;planted=1;d_b=4;m=2;gap=1;k=2,32963152,false,1981104,0.061,11,4,16,0.047,11,4,true,1,0.039
mixed-048-1,mixed,seed=0x1fbd2cbe4ab0f94d;cycles=10;planted=1;d_b=4;m=2;gap=1;k=2,32963152,false,1981104,0.061,11,4,32,0.046,11,4,true,1,0.039
mixed-048-1,mixed,seed=0x1fbd2cbe4ab0f94d;cycles=10;planted=1;d_b=4;m=2;gap=1;k=2,32963152,false,1981104,0.061,11,4,64,0.045,11,4,true,1,0.037
mixed-048-1,mixed,seed=0x1fbd2cbe4ab0f94d;cycles=10;planted=1;d_b=4;m=2;gap=1;k=2,32963152,false,1981104,0.061,11,4,128,0.044,11,4,true,1,0.037
mixed-048-1,mixed,seed=0x1fbd2cbe4ab0f94d;cycles=10;planted=1;d_b=4;m=2;gap=1;k=2,32963152,false,1981104,0.061,11,4,256,0.044,11,4,true,1,0.037
mixed-048-1,mixed,seed=0x1fbd2cbe4ab0f94d;cycles=10;planted=1;d_b=4;m=2;gap=1;k=2,32963152,false,1981104,0.061,11,4,512,0.044,11,4,true,1,0.037
mixed-048-1,mixed,seed=0x1fbd2cbe4ab0f94d;cycles=10;planted=1;d_b=4;m=2;gap=1;k=2,32963152,false,1981104,0.061,11,4,1024,0.044,11,4,true,1,0.037
mixed-048-1,mixed,seed=0x1fbd2cbe4ab0f94d;cycles=10;planted=1;d_b=4;m=2;gap=1;k=2,32963152,false,1981104,0.061,11,4,2048,0.043,11,4,true,1,0.036
mixed-048-1,mixed,seed=0x1fbd2cbe4ab0f94d;cycles=10;planted=1;d_b=4;m=2;gap=1;k=2,32963152,false,1981104,0.061,11,4,4096,0.043,11,4,true,1,0.036
mixed-048-1,mixed,seed=0x1fbd2cbe4ab0f94d;cycles=10;planted=1;d_b=4;m=2;gap=1;k=2,32963152,false,1981104,0.061,11,4,8192,0.043,11,4,true,1,0.036
mixed-048-1,mixed,seed=0x1fbd2cbe4ab0f94d;cycles=10;planted=1;d_b=4;m=2;gap=1;k=2,32963152,false,1981104,0.061,11,4,16384,0.043,11,4,true,1,0.036
dec-146,dec,d_b=12;m=5;gap=7;k=4;q=3;s=28,60,false,62,0.304,50,2,1,0.030,57,56,false,0,0.000
dec-146,dec,d_b=12;m=5;gap=7;k=4;q=3;s=28,60,false,62,0.304,50,2,2,0.042,57,56,false,0,0.000
dec-146,dec,d_b=12;m=5;gap=7;k=4;q=3;s=28,60,false,62,0.304,50,2,4,0.060,57,56,false,0,0.000
dec-146,dec,d_b=12;m=5;gap=7;k=4;q=3;s=28,60,false,62,0.304,50,2,8,0.099,57,56,false,0,0.000
dec-146,dec,d_b=12;m=5;gap=7;k=4;q=3;s=28,60,false,62,0.304,50,2,16,0.171,57,56,false,0,0.000
dec-146,dec,d_b=12;m=5;gap=7;k=4;q=3;s=28,60,false,62,0.304,50,2,32,0.358,50,2,false,0,0.000
dec-146,dec,d_b=12;m=5;gap=7;k=4;q=3;s=28,60,false,62,0.304,50,2,64,0.707,50,2,true,0,0.000
dec-146,dec,d_b=12;m=5;gap=7;k=4;q=3;s=28,60,false,62,0.304,50,2,128,0.681,50,2,true,0,0.000
dec-146,dec,d_b=12;m=5;gap=7;k=4;q=3;s=28,60,false,62,0.304,50,2,256,0.672,50,2,true,0,0.000
dec-146,dec,d_b=12;m=5;gap=7;k=4;q=3;s=28,60,false,62,0.304,50,2,512,0.674,50,2,true,0,0.000
dec-146,dec,d_b=12;m=5;gap=7;k=4;q=3;s=28,60,false,62,0.304,50,2,1024,0.664,50,2,true,0,0.000
dec-146,dec,d_b=12;m=5;gap=7;k=4;q=3;s=28,60,false,62,0.304,50,2,2048,0.669,50,2,true,0,0.000
dec-146,dec,d_b=12;m=5;gap=7;k=4;q=3;s=28,60,false,62,0.304,50,2,4096,0.661,50,2,true,0,0.000
dec-146,dec,d_b=12;m=5;gap=7;k=4;q=3;s=28,60,false,62,0.304,50,2,8192,0.664,50,2,true,0,0.000
dec-146,dec,d_b=12;m=5;gap=7;k=4;q=3;s=28,60,false,62,0.304,50,2,16384,0.660,50,2,true,0,0.000
mixed-048-2,mixed,seed=0x2a15c12a787bf765;cycles=10;planted=1;d_b=4;m=2;gap=1;k=2,49217684,true,2929664,0.124,12,6,1,0.173,12,6,true,1,0.153
mixed-048-2,mixed,seed=0x2a15c12a787bf765;cycles=10;planted=1;d_b=4;m=2;gap=1;k=2,49217684,true,2929664,0.124,12,6,2,0.134,12,6,true,1,0.120
mixed-048-2,mixed,seed=0x2a15c12a787bf765;cycles=10;planted=1;d_b=4;m=2;gap=1;k=2,49217684,true,2929664,0.124,12,6,4,0.114,12,6,true,1,0.105
mixed-048-2,mixed,seed=0x2a15c12a787bf765;cycles=10;planted=1;d_b=4;m=2;gap=1;k=2,49217684,true,2929664,0.124,12,6,8,0.116,12,6,true,1,0.106
mixed-048-2,mixed,seed=0x2a15c12a787bf765;cycles=10;planted=1;d_b=4;m=2;gap=1;k=2,49217684,true,2929664,0.124,12,6,16,0.109,12,6,true,1,0.101
mixed-048-2,mixed,seed=0x2a15c12a787bf765;cycles=10;planted=1;d_b=4;m=2;gap=1;k=2,49217684,true,2929664,0.124,12,6,32,0.110,12,6,true,1,0.102
mixed-048-2,mixed,seed=0x2a15c12a787bf765;cycles=10;planted=1;d_b=4;m=2;gap=1;k=2,49217684,true,2929664,0.124,12,6,64,0.105,12,6,true,1,0.098
mixed-048-2,mixed,seed=0x2a15c12a787bf765;cycles=10;planted=1;d_b=4;m=2;gap=1;k=2,49217684,true,2929664,0.124,12,6,128,0.104,12,6,true,1,0.096
mixed-048-2,mixed,seed=0x2a15c12a787bf765;cycles=10;planted=1;d_b=4;m=2;gap=1;k=2,49217684,true,2929664,0.124,12,6,256,0.103,12,6,true,1,0.096
mixed-048-2,mixed,seed=0x2a15c12a787bf765;cycles=10;planted=1;d_b=4;m=2;gap=1;k=2,49217684,true,2929664,0.124,12,6,512,0.102,12,6,true,1,0.095
mixed-048-2,mixed,seed=0x2a15c12a787bf765;cycles=10;planted=1;d_b=4;m=2;gap=1;k=2,49217684,true,2929664,0.124,12,6,1024,0.102,12,6,true,1,0.096
mixed-048-2,mixed,seed=0x2a15c12a787bf765;cycles=10;planted=1;d_b=4;m=2;gap=1;k=2,49217684,true,2929664,0.124,12,6,2048,0.101,12,6,true,1,0.095
mixed-048-2,mixed,seed=0x2a15c12a787bf765;cycles=10;planted=1;d_b=4;m=2;gap=1;k=2,49217684,true,2929664,0.124,12,6,4096,0.102,12,6,true,1,0.095
mixed-048-2,mixed,seed=0x2a15c12a787bf765;cycles=10;planted=1;d_b=4;m=2;gap=1;k=2,49217684,true,2929664,0.124,12,6,8192,0.101,12,6,true,1,0.095
mixed-048-2,mixed,seed=0x2a15c12a787bf765;cycles=10;planted=1;d_b=4;m=2;gap=1;k=2,49217684,true,2929664,0.124,12,6,16384,0.102,12,6,true,1,0.095
dec-147,dec,d_b=12;m=5;gap=13;k=1;q=3;s=31,24,false,26,0.098,50,2,1,0.027,63,62,false,0,0.000
dec-147,dec,d_b=12;m=5;gap=13;k=1;q=3;s=31,24,false,26,0.098,50,2,2,0.042,63,62,false,0,0.000
dec-147,dec,d_b=12;m=5;gap=13;k=1;q=3;s=31,24,false,26,0.098,50,2,4,0.052,63,62,false,0,0.000
dec-147,dec,d_b=12;m=5;gap=13;k=1;q=3;s=31,24,false,26,0.098,50,2,8,0.093,50,2,false,0,0.000
dec-147,dec,d_b=12;m=5;gap=13;k=1;q=3;s=31,24,false,26,0.098,50,2,16,0.159,50,2,false,0,0.000
dec-147,dec,d_b=12;m=5;gap=13;k=1;q=3;s=31,24,false,26,0.098,50,2,32,0.225,50,2,true,1,0.004
dec-147,dec,d_b=12;m=5;gap=13;k=1;q=3;s=31,24,false,26,0.098,50,2,64,0.212,50,2,true,1,0.004
dec-147,dec,d_b=12;m=5;gap=13;k=1;q=3;s=31,24,false,26,0.098,50,2,128,0.211,50,2,true,1,0.003
dec-147,dec,d_b=12;m=5;gap=13;k=1;q=3;s=31,24,false,26,0.098,50,2,256,0.207,50,2,true,1,0.003
dec-147,dec,d_b=12;m=5;gap=13;k=1;q=3;s=31,24,false,26,0.098,50,2,512,0.208,50,2,true,1,0.003
dec-147,dec,d_b=12;m=5;gap=13;k=1;q=3;s=31,24,false,26,0.098,50,2,1024,0.205,50,2,true,1,0.003
dec-147,dec,d_b=12;m=5;gap=13;k=1;q=3;s=31,24,false,26,0.098,50,2,2048,0.208,50,2,true,1,0.003
dec-147,dec,d_b=12;m=5;gap=13;k=1;q=3;s=31,24,false,26,0.098,50,2,4096,0.205,50,2,true,1,0.003
dec-147,dec,d_b=12;m=5;gap=13;k=1;q=3;s=31,24,false,26,0.098,50,2,8192,0.208,50,2,true,1,0.003
dec-147,dec,d_b=12;m=5;gap=13;k=1;q=3;s=31,24,false,26,0.098,50,2,16384,0.205,50,2,true,1,0.003
mixed-049-0,mixed,seed=0x3ba73db41c458e04;cycles=10;planted=1;d_b=8;m=3;gap=2;k=2,48819940,true,2999296,0.148,31,10,1,0.111,34,28,false,0,0.000
mixed-049-0,mixed,seed=0x3ba73db41c458e04;cycles=10;planted=1;d_b=8;m=3;gap=2;k=2,48819940,true,2999296,0.148,31,10,2,0.201,34,28,false,1,0.102
mixed-049-0,mixed,seed=0x3ba73db41c458e04;cycles=10;planted=1;d_b=8;m=3;gap=2;k=2,48819940,true,2999296,0.148,31,10,4,0.174,34,28,false,1,0.077
mixed-049-0,mixed,seed=0x3ba73db41c458e04;cycles=10;planted=1;d_b=8;m=3;gap=2;k=2,48819940,true,2999296,0.148,31,10,8,0.190,34,28,false,1,0.070
mixed-049-0,mixed,seed=0x3ba73db41c458e04;cycles=10;planted=1;d_b=8;m=3;gap=2;k=2,48819940,true,2999296,0.148,31,10,16,0.245,31,10,false,1,0.070
mixed-049-0,mixed,seed=0x3ba73db41c458e04;cycles=10;planted=1;d_b=8;m=3;gap=2;k=2,48819940,true,2999296,0.148,31,10,32,0.263,31,10,true,2,0.074
mixed-049-0,mixed,seed=0x3ba73db41c458e04;cycles=10;planted=1;d_b=8;m=3;gap=2;k=2,48819940,true,2999296,0.148,31,10,64,0.264,31,10,true,2,0.072
mixed-049-0,mixed,seed=0x3ba73db41c458e04;cycles=10;planted=1;d_b=8;m=3;gap=2;k=2,48819940,true,2999296,0.148,31,10,128,0.252,31,10,true,2,0.070
mixed-049-0,mixed,seed=0x3ba73db41c458e04;cycles=10;planted=1;d_b=8;m=3;gap=2;k=2,48819940,true,2999296,0.148,31,10,256,0.248,31,10,true,2,0.068
mixed-049-0,mixed,seed=0x3ba73db41c458e04;cycles=10;planted=1;d_b=8;m=3;gap=2;k=2,48819940,true,2999296,0.148,31,10,512,0.246,31,10,true,2,0.068
mixed-049-0,mixed,seed=0x3ba73db41c458e04;cycles=10;planted=1;d_b=8;m=3;gap=2;k=2,48819940,true,2999296,0.148,31,10,1024,0.240,31,10,true,2,0.067
mixed-049-0,mixed,seed=0x3ba73db41c458e04;cycles=10;planted=1;d_b=8;m=3;gap=2;k=2,48819940,true,2999296,0.148,31,10,2048,0.244,31,10,true,2,0.068
mixed-049-0,mixed,seed=0x3ba73db41c458e04;cycles=10;planted=1;d_b=8;m=3;gap=2;k=2,48819940,true,2999296,0.148,31,10,4096,0.238,31,10,true,2,0.066
mixed-049-0,mixed,seed=0x3ba73db41c458e04;cycles=10;planted=1;d_b=8;m=3;gap=2;k=2,48819940,true,2999296,0.148,31,10,8192,0.244,31,10,true,2,0.068
mixed-049-0,mixed,seed=0x3ba73db41c458e04;cycles=10;planted=1;d_b=8;m=3;gap=2;k=2,48819940,true,2999296,0.148,31,10,16384,0.246,31,10,true,2,0.067
dec-148,dec,d_b=12;m=5;gap=13;k=2;q=3;s=31,36,false,38,0.160,50,2,1,0.024,63,62,false,0,0.000
dec-148,dec,d_b=12;m=5;gap=13;k=2;q=3;s=31,36,false,38,0.160,50,2,2,0.037,63,62,false,0,0.000
dec-148,dec,d_b=12;m=5;gap=13;k=2;q=3;s=31,36,false,38,0.160,50,2,4,0.051,63,62,false,0,0.000
dec-148,dec,d_b=12;m=5;gap=13;k=2;q=3;s=31,36,false,38,0.160,50,2,8,0.092,63,62,false,0,0.000
dec-148,dec,d_b=12;m=5;gap=13;k=2;q=3;s=31,36,false,38,0.160,50,2,16,0.175,50,2,false,0,0.000
dec-148,dec,d_b=12;m=5;gap=13;k=2;q=3;s=31,36,false,38,0.160,50,2,32,0.367,50,2,false,0,0.000
dec-148,dec,d_b=12;m=5;gap=13;k=2;q=3;s=31,36,false,38,0.160,50,2,64,0.391,50,2,true,0,0.000
dec-148,dec,d_b=12;m=5;gap=13;k=2;q=3;s=31,36,false,38,0.160,50,2,128,0.396,50,2,true,0,0.000
dec-148,dec,d_b=12;m=5;gap=13;k=2;q=3;s=31,36,false,38,0.160,50,2,256,0.393,50,2,true,0,0.000
dec-148,dec,d_b=12;m=5;gap=13;k=2;q=3;s=31,36,false,38,0.160,50,2,512,0.393,50,2,true,0,0.000
dec-148,dec,d_b=12;m=5;gap=13;k=2;q=3;s=31,36,false,38,0.160,50,2,1024,0.383,50,2,true,0,0.000
dec-148,dec,d_b=12;m=5;gap=13;k=2;q=3;s=31,36,false,38,0.160,50,2,2048,0.391,50,2,true,0,0.000
dec-148,dec,d_b=12;m=5;gap=13;k=2;q=3;s=31,36,false,38,0.160,50,2,4096,0.384,50,2,true,0,0.000
dec-148,dec,d_b=12;m=5;gap=13;k=2;q=3;s=31,36,false,38,0.160,50,2,8192,0.385,50,2,true,0,0.000
dec-148,dec,d_b=12;m=5;gap=13;k=2;q=3;s=31,36,false,38,0.160,50,2,16384,0.383,50,2,true,0,0.000
mixed-049-1,mixed,seed=0x05b68cbc7a2b2eca;cycles=10;planted=1;d_b=8;m=3;gap=2;k=2,32963165,false,1981120,0.097,28,8,1,0.057,31,26,false,0,0.000
mixed-049-1,mixed,seed=0x05b68cbc7a2b2eca;cycles=10;planted=1;d_b=8;m=3;gap=2;k=2,32963165,false,1981120,0.097,28,8,2,0.095,31,26,false,1,0.040
mixed-049-1,mixed,seed=0x05b68cbc7a2b2eca;cycles=10;planted=1;d_b=8;m=3;gap=2;k=2,32963165,false,1981120,0.097,28,8,4,0.082,31,26,false,1,0.028
mixed-049-1,mixed,seed=0x05b68cbc7a2b2eca;cycles=10;planted=1;d_b=8;m=3;gap=2;k=2,32963165,false,1981120,0.097,28,8,8,0.114,31,26,false,1,0.024
mixed-049-1,mixed,seed=0x05b68cbc7a2b2eca;cycles=10;planted=1;d_b=8;m=3;gap=2;k=2,32963165,false,1981120,0.097,28,8,16,0.154,28,8,false,1,0.024
mixed-049-1,mixed,seed=0x05b68cbc7a2b2eca;cycles=10;planted=1;d_b=8;m=3;gap=2;k=2,32963165,false,1981120,0.097,28,8,32,0.184,28,8,true,2,0.029
mixed-049-1,mixed,seed=0x05b68cbc7a2b2eca;cycles=10;planted=1;d_b=8;m=3;gap=2;k=2,32963165,false,1981120,0.097,28,8,64,0.173,28,8,true,2,0.027
mixed-049-1,mixed,seed=0x05b68cbc7a2b2eca;cycles=10;planted=1;d_b=8;m=3;gap=2;k=2,32963165,false,1981120,0.097,28,8,128,0.172,28,8,true,2,0.027
mixed-049-1,mixed,seed=0x05b68cbc7a2b2eca;cycles=10;planted=1;d_b=8;m=3;gap=2;k=2,32963165,false,1981120,0.097,28,8,256,0.165,28,8,true,2,0.026
mixed-049-1,mixed,seed=0x05b68cbc7a2b2eca;cycles=10;planted=1;d_b=8;m=3;gap=2;k=2,32963165,false,1981120,0.097,28,8,512,0.167,28,8,true,2,0.026
mixed-049-1,mixed,seed=0x05b68cbc7a2b2eca;cycles=10;planted=1;d_b=8;m=3;gap=2;k=2,32963165,false,1981120,0.097,28,8,1024,0.162,28,8,true,2,0.025
mixed-049-1,mixed,seed=0x05b68cbc7a2b2eca;cycles=10;planted=1;d_b=8;m=3;gap=2;k=2,32963165,false,1981120,0.097,28,8,2048,0.177,28,8,true,2,0.026
mixed-049-1,mixed,seed=0x05b68cbc7a2b2eca;cycles=10;planted=1;d_b=8;m=3;gap=2;k=2,32963165,false,1981120,0.097,28,8,4096,0.160,28,8,true,2,0.025
mixed-049-1,mixed,seed=0x05b68cbc7a2b2eca;cycles=10;planted=1;d_b=8;m=3;gap=2;k=2,32963165,false,1981120,0.097,28,8,8192,0.166,28,8,true,2,0.027
mixed-049-1,mixed,seed=0x05b68cbc7a2b2eca;cycles=10;planted=1;d_b=8;m=3;gap=2;k=2,32963165,false,1981120,0.097,28,8,16384,0.160,28,8,true,2,0.025
dec-149,dec,d_b=12;m=5;gap=13;k=4;q=3;s=31,60,false,62,0.289,50,2,1,0.028,63,62,false,0,0.000
dec-149,dec,d_b=12;m=5;gap=13;k=4;q=3;s=31,60,false,62,0.289,50,2,2,0.042,63,62,false,0,0.000
dec-149,dec,d_b=12;m=5;gap=13;k=4;q=3;s=31,60,false,62,0.289,50,2,4,0.065,63,62,false,0,0.000
dec-149,dec,d_b=12;m=5;gap=13;k=4;q=3;s=31,60,false,62,0.289,50,2,8,0.113,63,62,false,0,0.000
dec-149,dec,d_b=12;m=5;gap=13;k=4;q=3;s=31,60,false,62,0.289,50,2,16,0.186,63,62,false,0,0.000
dec-149,dec,d_b=12;m=5;gap=13;k=4;q=3;s=31,60,false,62,0.289,50,2,32,0.403,50,2,false,0,0.000
dec-149,dec,d_b=12;m=5;gap=13;k=4;q=3;s=31,60,false,62,0.289,50,2,64,0.750,50,2,true,0,0.000
dec-149,dec,d_b=12;m=5;gap=13;k=4;q=3;s=31,60,false,62,0.289,50,2,128,0.711,50,2,true,0,0.000
dec-149,dec,d_b=12;m=5;gap=13;k=4;q=3;s=31,60,false,62,0.289,50,2,256,0.711,50,2,true,0,0.000
dec-149,dec,d_b=12;m=5;gap=13;k=4;q=3;s=31,60,false,62,0.289,50,2,512,0.728,50,2,true,0,0.000
dec-149,dec,d_b=12;m=5;gap=13;k=4;q=3;s=31,60,false,62,0.289,50,2,1024,0.705,50,2,true,0,0.000
dec-149,dec,d_b=12;m=5;gap=13;k=4;q=3;s=31,60,false,62,0.289,50,2,2048,0.703,50,2,true,0,0.000
dec-149,dec,d_b=12;m=5;gap=13;k=4;q=3;s=31,60,false,62,0.289,50,2,4096,0.709,50,2,true,0,0.000
dec-149,dec,d_b=12;m=5;gap=13;k=4;q=3;s=31,60,false,62,0.289,50,2,8192,0.687,50,2,true,0,0.000
dec-149,dec,d_b=12;m=5;gap=13;k=4;q=3;s=31,60,false,62,0.289,50,2,16384,0.698,50,2,true,0,0.000
mixed-049-2,mixed,seed=0x90cc04bbe445667b;cycles=10;planted=1;d_b=8;m=3;gap=2;k=2,32963168,false,1981130,0.141,34,8,1,0.149,37,26,false,1,0.063
mixed-049-2,mixed,seed=0x90cc04bbe445667b;cycles=10;planted=1;d_b=8;m=3;gap=2;k=2,32963168,false,1981130,0.141,34,8,2,0.117,37,26,false,1,0.039
mixed-049-2,mixed,seed=0x90cc04bbe445667b;cycles=10;planted=1;d_b=8;m=3;gap=2;k=2,32963168,false,1981130,0.141,34,8,4,0.109,37,26,false,1,0.033
mixed-049-2,mixed,seed=0x90cc04bbe445667b;cycles=10;planted=1;d_b=8;m=3;gap=2;k=2,32963168,false,1981130,0.141,34,8,8,0.139,37,26,false,1,0.032
mixed-049-2,mixed,seed=0x90cc04bbe445667b;cycles=10;planted=1;d_b=8;m=3;gap=2;k=2,32963168,false,1981130,0.141,34,8,16,0.220,34,8,false,1,0.032
mixed-049-2,mixed,seed=0x90cc04bbe445667b;cycles=10;planted=1;d_b=8;m=3;gap=2;k=2,32963168,false,1981130,0.141,34,8,32,0.293,34,8,true,2,0.035
mixed-049-2,mixed,seed=0x90cc04bbe445667b;cycles=10;planted=1;d_b=8;m=3;gap=2;k=2,32963168,false,1981130,0.141,34,8,64,0.281,34,8,true,2,0.035
mixed-049-2,mixed,seed=0x90cc04bbe445667b;cycles=10;planted=1;d_b=8;m=3;gap=2;k=2,32963168,false,1981130,0.141,34,8,128,0.275,34,8,true,2,0.034
mixed-049-2,mixed,seed=0x90cc04bbe445667b;cycles=10;planted=1;d_b=8;m=3;gap=2;k=2,32963168,false,1981130,0.141,34,8,256,0.266,34,8,true,2,0.033
mixed-049-2,mixed,seed=0x90cc04bbe445667b;cycles=10;planted=1;d_b=8;m=3;gap=2;k=2,32963168,false,1981130,0.141,34,8,512,0.259,34,8,true,2,0.032
mixed-049-2,mixed,seed=0x90cc04bbe445667b;cycles=10;planted=1;d_b=8;m=3;gap=2;k=2,32963168,false,1981130,0.141,34,8,1024,0.262,34,8,true,2,0.033
mixed-049-2,mixed,seed=0x90cc04bbe445667b;cycles=10;planted=1;d_b=8;m=3;gap=2;k=2,32963168,false,1981130,0.141,34,8,2048,0.268,34,8,true,2,0.032
mixed-049-2,mixed,seed=0x90cc04bbe445667b;cycles=10;planted=1;d_b=8;m=3;gap=2;k=2,32963168,false,1981130,0.141,34,8,4096,0.259,34,8,true,2,0.032
mixed-049-2,mixed,seed=0x90cc04bbe445667b;cycles=10;planted=1;d_b=8;m=3;gap=2;k=2,32963168,false,1981130,0.141,34,8,8192,0.264,34,8,true,2,0.032
mixed-049-2,mixed,seed=0x90cc04bbe445667b;cycles=10;planted=1;d_b=8;m=3;gap=2;k=2,32963168,false,1981130,0.141,34,8,16384,0.259,34,8,true,2,0.032
dec-150,dec,d_b=12;m=9;gap=1;k=1;q=7;s=49,24,false,26,0.147,98,2,1,0.028,99,98,false,0,0.000
dec-150,dec,d_b=12;m=9;gap=1;k=1;q=7;s=49,24,false,26,0.147,98,2,2,0.051,99,98,false,0,0.000
dec-150,dec,d_b=12;m=9;gap=1;k=1;q=7;s=49,24,false,26,0.147,98,2,4,0.071,99,98,false,0,0.000
dec-150,dec,d_b=12;m=9;gap=1;k=1;q=7;s=49,24,false,26,0.147,98,2,8,0.123,99,98,false,0,0.000
dec-150,dec,d_b=12;m=9;gap=1;k=1;q=7;s=49,24,false,26,0.147,98,2,16,0.195,98,2,false,0,0.000
dec-150,dec,d_b=12;m=9;gap=1;k=1;q=7;s=49,24,false,26,0.147,98,2,32,0.294,98,2,true,1,0.004
dec-150,dec,d_b=12;m=9;gap=1;k=1;q=7;s=49,24,false,26,0.147,98,2,64,0.288,98,2,true,1,0.004
dec-150,dec,d_b=12;m=9;gap=1;k=1;q=7;s=49,24,false,26,0.147,98,2,128,0.288,98,2,true,1,0.003
dec-150,dec,d_b=12;m=9;gap=1;k=1;q=7;s=49,24,false,26,0.147,98,2,256,0.282,98,2,true,1,0.003
dec-150,dec,d_b=12;m=9;gap=1;k=1;q=7;s=49,24,false,26,0.147,98,2,512,0.285,98,2,true,1,0.003
dec-150,dec,d_b=12;m=9;gap=1;k=1;q=7;s=49,24,false,26,0.147,98,2,1024,0.280,98,2,true,1,0.003
dec-150,dec,d_b=12;m=9;gap=1;k=1;q=7;s=49,24,false,26,0.147,98,2,2048,0.283,98,2,true,1,0.003
dec-150,dec,d_b=12;m=9;gap=1;k=1;q=7;s=49,24,false,26,0.147,98,2,4096,0.279,98,2,true,1,0.003
dec-150,dec,d_b=12;m=9;gap=1;k=1;q=7;s=49,24,false,26,0.147,98,2,8192,0.282,98,2,true,1,0.003
dec-150,dec,d_b=12;m=9;gap=1;k=1;q=7;s=49,24,false,26,0.147,98,2,16384,0.280,98,2,true,1,0.003
mixed-050-0,mixed,seed=0x617669b11fbd2581;cycles=10;planted=1;d_b=12;m=2;gap=6;k=4,48845168,true,2999296,0.219,49,8,1,0.158,56,26,false,0,0.000
mixed-050-0,mixed,seed=0x617669b11fbd2581;cycles=10;planted=1;d_b=12;m=2;gap=6;k=4,48845168,true,2999296,0.219,49,8,2,0.248,56,26,false,4,0.077
mixed-050-0,mixed,seed=0x617669b11fbd2581;cycles=10;planted=1;d_b=12;m=2;gap=6;k=4,48845168,true,2999296,0.219,49,8,4,0.275,56,26,false,5,0.073
mixed-050-0,mixed,seed=0x617669b11fbd2581;cycles=10;planted=1;d_b=12;m=2;gap=6;k=4,48845168,true,2999296,0.219,49,8,8,0.333,56,26,false,5,0.070
mixed-050-0,mixed,seed=0x617669b11fbd2581;cycles=10;planted=1;d_b=12;m=2;gap=6;k=4,48845168,true,2999296,0.219,49,8,16,0.465,56,26,false,5,0.064
mixed-050-0,mixed,seed=0x617669b11fbd2581;cycles=10;planted=1;d_b=12;m=2;gap=6;k=4,48845168,true,2999296,0.219,49,8,32,0.809,49,8,false,5,0.062
mixed-050-0,mixed,seed=0x617669b11fbd2581;cycles=10;planted=1;d_b=12;m=2;gap=6;k=4,48845168,true,2999296,0.219,49,8,64,1.382,49,8,true,6,0.064
mixed-050-0,mixed,seed=0x617669b11fbd2581;cycles=10;planted=1;d_b=12;m=2;gap=6;k=4,48845168,true,2999296,0.219,49,8,128,1.375,49,8,true,6,0.064
mixed-050-0,mixed,seed=0x617669b11fbd2581;cycles=10;planted=1;d_b=12;m=2;gap=6;k=4,48845168,true,2999296,0.219,49,8,256,1.358,49,8,true,6,0.065
mixed-050-0,mixed,seed=0x617669b11fbd2581;cycles=10;planted=1;d_b=12;m=2;gap=6;k=4,48845168,true,2999296,0.219,49,8,512,1.369,49,8,true,6,0.063
mixed-050-0,mixed,seed=0x617669b11fbd2581;cycles=10;planted=1;d_b=12;m=2;gap=6;k=4,48845168,true,2999296,0.219,49,8,1024,1.339,49,8,true,6,0.062
mixed-050-0,mixed,seed=0x617669b11fbd2581;cycles=10;planted=1;d_b=12;m=2;gap=6;k=4,48845168,true,2999296,0.219,49,8,2048,1.353,49,8,true,6,0.062
mixed-050-0,mixed,seed=0x617669b11fbd2581;cycles=10;planted=1;d_b=12;m=2;gap=6;k=4,48845168,true,2999296,0.219,49,8,4096,1.342,49,8,true,6,0.061
mixed-050-0,mixed,seed=0x617669b11fbd2581;cycles=10;planted=1;d_b=12;m=2;gap=6;k=4,48845168,true,2999296,0.219,49,8,8192,1.360,49,8,true,6,0.062
mixed-050-0,mixed,seed=0x617669b11fbd2581;cycles=10;planted=1;d_b=12;m=2;gap=6;k=4,48845168,true,2999296,0.219,49,8,16384,1.342,49,8,true,6,0.061
dec-151,dec,d_b=12;m=9;gap=1;k=2;q=7;s=49,36,false,38,0.274,98,2,1,0.030,99,98,false,0,0.000
dec-151,dec,d_b=12;m=9;gap=1;k=2;q=7;s=49,36,false,38,0.274,98,2,2,0.050,99,98,false,0,0.000
dec-151,dec,d_b=12;m=9;gap=1;k=2;q=7;s=49,36,false,38,0.274,98,2,4,0.074,99,98,false,0,0.000
dec-151,dec,d_b=12;m=9;gap=1;k=2;q=7;s=49,36,false,38,0.274,98,2,8,0.140,99,98,false,0,0.000
dec-151,dec,d_b=12;m=9;gap=1;k=2;q=7;s=49,36,false,38,0.274,98,2,16,0.251,99,98,false,0,0.000
dec-151,dec,d_b=12;m=9;gap=1;k=2;q=7;s=49,36,false,38,0.274,98,2,32,0.512,98,2,false,0,0.000
dec-151,dec,d_b=12;m=9;gap=1;k=2;q=7;s=49,36,false,38,0.274,98,2,64,0.593,98,2,true,0,0.000
dec-151,dec,d_b=12;m=9;gap=1;k=2;q=7;s=49,36,false,38,0.274,98,2,128,0.564,98,2,true,0,0.000
dec-151,dec,d_b=12;m=9;gap=1;k=2;q=7;s=49,36,false,38,0.274,98,2,256,0.558,98,2,true,0,0.000
dec-151,dec,d_b=12;m=9;gap=1;k=2;q=7;s=49,36,false,38,0.274,98,2,512,0.565,98,2,true,0,0.000
dec-151,dec,d_b=12;m=9;gap=1;k=2;q=7;s=49,36,false,38,0.274,98,2,1024,0.552,98,2,true,0,0.000
dec-151,dec,d_b=12;m=9;gap=1;k=2;q=7;s=49,36,false,38,0.274,98,2,2048,0.552,98,2,true,0,0.000
dec-151,dec,d_b=12;m=9;gap=1;k=2;q=7;s=49,36,false,38,0.274,98,2,4096,0.548,98,2,true,0,0.000
dec-151,dec,d_b=12;m=9;gap=1;k=2;q=7;s=49,36,false,38,0.274,98,2,8192,0.553,98,2,true,0,0.000
dec-151,dec,d_b=12;m=9;gap=1;k=2;q=7;s=49,36,false,38,0.274,98,2,16384,0.547,98,2,true,0,0.000
mixed-050-1,mixed,seed=0x03d28bac925590c7;cycles=10;planted=1;d_b=12;m=2;gap=6;k=4,32963201,false,1981196,0.181,37,6,1,0.125,44,24,false,0,0.000
mixed-050-1,mixed,seed=0x03d28bac925590c7;cycles=10;planted=1;d_b=12;m=2;gap=6;k=4,32963201,false,1981196,0.181,37,6,2,0.184,44,24,false,1,0.039
mixed-050-1,mixed,seed=0x03d28bac925590c7;cycles=10;planted=1;d_b=12;m=2;gap=6;k=4,32963201,false,1981196,0.181,37,6,4,0.209,44,24,false,1,0.024
mixed-050-1,mixed,seed=0x03d28bac925590c7;cycles=10;planted=1;d_b=12;m=2;gap=6;k=4,32963201,false,1981196,0.181,37,6,8,0.294,44,24,false,1,0.022
mixed-050-1,mixed,seed=0x03d28bac925590c7;cycles=10;planted=1;d_b=12;m=2;gap=6;k=4,32963201,false,1981196,0.181,37,6,16,0.462,44,24,false,1,0.022
mixed-050-1,mixed,seed=0x03d28bac925590c7;cycles=10;planted=1;d_b=12;m=2;gap=6;k=4,32963201,false,1981196,0.181,37,6,32,0.834,37,6,false,1,0.021
mixed-050-1,mixed,seed=0x03d28bac925590c7;cycles=10;planted=1;d_b=12;m=2;gap=6;k=4,32963201,false,1981196,0.181,37,6,64,1.484,37,6,true,2,0.026
mixed-050-1,mixed,seed=0x03d28bac925590c7;cycles=10;planted=1;d_b=12;m=2;gap=6;k=4,32963201,false,1981196,0.181,37,6,128,1.479,37,6,true,2,0.025
mixed-050-1,mixed,seed=0x03d28bac925590c7;cycles=10;planted=1;d_b=12;m=2;gap=6;k=4,32963201,false,1981196,0.181,37,6,256,1.452,37,6,true,2,0.024
mixed-050-1,mixed,seed=0x03d28bac925590c7;cycles=10;planted=1;d_b=12;m=2;gap=6;k=4,32963201,false,1981196,0.181,37,6,512,1.460,37,6,true,2,0.023
mixed-050-1,mixed,seed=0x03d28bac925590c7;cycles=10;planted=1;d_b=12;m=2;gap=6;k=4,32963201,false,1981196,0.181,37,6,1024,1.431,37,6,true,2,0.022
mixed-050-1,mixed,seed=0x03d28bac925590c7;cycles=10;planted=1;d_b=12;m=2;gap=6;k=4,32963201,false,1981196,0.181,37,6,2048,1.444,37,6,true,2,0.022
mixed-050-1,mixed,seed=0x03d28bac925590c7;cycles=10;planted=1;d_b=12;m=2;gap=6;k=4,32963201,false,1981196,0.181,37,6,4096,1.430,37,6,true,2,0.022
mixed-050-1,mixed,seed=0x03d28bac925590c7;cycles=10;planted=1;d_b=12;m=2;gap=6;k=4,32963201,false,1981196,0.181,37,6,8192,1.441,37,6,true,2,0.022
mixed-050-1,mixed,seed=0x03d28bac925590c7;cycles=10;planted=1;d_b=12;m=2;gap=6;k=4,32963201,false,1981196,0.181,37,6,16384,1.426,37,6,true,2,0.021
dec-152,dec,d_b=12;m=9;gap=1;k=4;q=7;s=49,60,false,62,0.446,98,2,1,0.034,99,98,false,0,0.000
dec-152,dec,d_b=12;m=9;gap=1;k=4;q=7;s=49,60,false,62,0.446,98,2,2,0.051,99,98,false,0,0.000
dec-152,dec,d_b=12;m=9;gap=1;k=4;q=7;s=49,60,false,62,0.446,98,2,4,0.081,99,98,false,0,0.000
dec-152,dec,d_b=12;m=9;gap=1;k=4;q=7;s=49,60,false,62,0.446,98,2,8,0.139,99,98,false,0,0.000
dec-152,dec,d_b=12;m=9;gap=1;k=4;q=7;s=49,60,false,62,0.446,98,2,16,0.248,99,98,false,0,0.000
dec-152,dec,d_b=12;m=9;gap=1;k=4;q=7;s=49,60,false,62,0.446,98,2,32,0.518,98,2,false,0,0.000
dec-152,dec,d_b=12;m=9;gap=1;k=4;q=7;s=49,60,false,62,0.446,98,2,64,1.018,98,2,true,0,0.000
dec-152,dec,d_b=12;m=9;gap=1;k=4;q=7;s=49,60,false,62,0.446,98,2,128,0.966,98,2,true,0,0.000
dec-152,dec,d_b=12;m=9;gap=1;k=4;q=7;s=49,60,false,62,0.446,98,2,256,0.974,98,2,true,0,0.000
dec-152,dec,d_b=12;m=9;gap=1;k=4;q=7;s=49,60,false,62,0.446,98,2,512,0.996,98,2,true,0,0.000
dec-152,dec,d_b=12;m=9;gap=1;k=4;q=7;s=49,60,false,62,0.446,98,2,1024,0.984,98,2,true,0,0.000
dec-152,dec,d_b=12;m=9;gap=1;k=4;q=7;s=49,60,false,62,0.446,98,2,2048,0.956,98,2,true,0,0.000
dec-152,dec,d_b=12;m=9;gap=1;k=4;q=7;s=49,60,false,62,0.446,98,2,4096,0.960,98,2,true,0,0.000
dec-152,dec,d_b=12;m=9;gap=1;k=4;q=7;s=49,60,false,62,0.446,98,2,8192,0.949,98,2,true,0,0.000
dec-152,dec,d_b=12;m=9;gap=1;k=4;q=7;s=49,60,false,62,0.446,98,2,16384,0.984,98,2,true,0,0.000
mixed-050-2,mixed,seed=0x556dd73d8b6b8b85;cycles=10;planted=1;d_b=12;m=2;gap=6;k=4,32963200,false,1981153,0.132,21,6,1,0.069,28,24,false,1,0.016
mixed-050-2,mixed,seed=0x556dd73d8b6b8b85;cycles=10;planted=1;d_b=12;m=2;gap=6;k=4,32963200,false,1981153,0.132,21,6,2,0.076,28,24,false,2,0.027
mixed-050-2,mixed,seed=0x556dd73d8b6b8b85;cycles=10;planted=1;d_b=12;m=2;gap=6;k=4,32963200,false,1981153,0.132,21,6,4,0.072,28,24,false,2,0.023
mixed-050-2,mixed,seed=0x556dd73d8b6b8b85;cycles=10;planted=1;d_b=12;m=2;gap=6;k=4,32963200,false,1981153,0.132,21,6,8,0.094,28,24,false,2,0.022
mixed-050-2,mixed,seed=0x556dd73d8b6b8b85;cycles=10;planted=1;d_b=12;m=2;gap=6;k=4,32963200,false,1981153,0.132,21,6,16,0.137,28,24,false,2,0.021
mixed-050-2,mixed,seed=0x556dd73d8b6b8b85;cycles=10;planted=1;d_b=12;m=2;gap=6;k=4,32963200,false,1981153,0.132,21,6,32,0.250,21,6,false,2,0.021
mixed-050-2,mixed,seed=0x556dd73d8b6b8b85;cycles=10;planted=1;d_b=12;m=2;gap=6;k=4,32963200,false,1981153,0.132,21,6,64,0.442,21,6,true,3,0.025
mixed-050-2,mixed,seed=0x556dd73d8b6b8b85;cycles=10;planted=1;d_b=12;m=2;gap=6;k=4,32963200,false,1981153,0.132,21,6,128,0.437,21,6,true,3,0.025
mixed-050-2,mixed,seed=0x556dd73d8b6b8b85;cycles=10;planted=1;d_b=12;m=2;gap=6;k=4,32963200,false,1981153,0.132,21,6,256,0.430,21,6,true,3,0.024
mixed-050-2,mixed,seed=0x556dd73d8b6b8b85;cycles=10;planted=1;d_b=12;m=2;gap=6;k=4,32963200,false,1981153,0.132,21,6,512,0.427,21,6,true,3,0.024
mixed-050-2,mixed,seed=0x556dd73d8b6b8b85;cycles=10;planted=1;d_b=12;m=2;gap=6;k=4,32963200,false,1981153,0.132,21,6,1024,0.427,21,6,true,3,0.024
mixed-050-2,mixed,seed=0x556dd73d8b6b8b85;cycles=10;planted=1;d_b=12;m=2;gap=6;k=4,32963200,false,1981153,0.132,21,6,2048,0.427,21,6,true,3,0.024
mixed-050-2,mixed,seed=0x556dd73d8b6b8b85;cycles=10;planted=1;d_b=12;m=2;gap=6;k=4,32963200,false,1981153,0.132,21,6,4096,0.478,21,6,true,3,0.033
mixed-050-2,mixed,seed=0x556dd73d8b6b8b85;cycles=10;planted=1;d_b=12;m=2;gap=6;k=4,32963200,false,1981153,0.132,21,6,8192,0.446,21,6,true,3,0.029
mixed-050-2,mixed,seed=0x556dd73d8b6b8b85;cycles=10;planted=1;d_b=12;m=2;gap=6;k=4,32963200,false,1981153,0.132,21,6,16384,0.457,21,6,true,3,0.029
dec-153,dec,d_b=12;m=9;gap=3;k=1;q=7;s=50,24,false,26,0.159,98,2,1,0.035,101,100,false,0,0.000
dec-153,dec,d_b=12;m=9;gap=3;k=1;q=7;s=50,24,false,26,0.159,98,2,2,0.052,101,100,false,0,0.000
dec-153,dec,d_b=12;m=9;gap=3;k=1;q=7;s=50,24,false,26,0.159,98,2,4,0.079,101,100,false,0,0.000
dec-153,dec,d_b=12;m=9;gap=3;k=1;q=7;s=50,24,false,26,0.159,98,2,8,0.131,101,100,false,0,0.000
dec-153,dec,d_b=12;m=9;gap=3;k=1;q=7;s=50,24,false,26,0.159,98,2,16,0.208,98,2,false,0,0.000
dec-153,dec,d_b=12;m=9;gap=3;k=1;q=7;s=50,24,false,26,0.159,98,2,32,0.308,98,2,true,1,0.004
dec-153,dec,d_b=12;m=9;gap=3;k=1;q=7;s=50,24,false,26,0.159,98,2,64,0.304,98,2,true,1,0.007
dec-153,dec,d_b=12;m=9;gap=3;k=1;q=7;s=50,24,false,26,0.159,98,2,128,0.295,98,2,true,1,0.003
dec-153,dec,d_b=12;m=9;gap=3;k=1;q=7;s=50,24,false,26,0.159,98,2,256,0.294,98,2,true,1,0.004
dec-153,dec,d_b=12;m=9;gap=3;k=1;q=7;s=50,24,false,26,0.159,98,2,512,0.290,98,2,true,1,0.003
dec-153,dec,d_b=12;m=9;gap=3;k=1;q=7;s=50,24,false,26,0.159,98,2,1024,0.309,98,2,true,1,0.004
dec-153,dec,d_b=12;m=9;gap=3;k=1;q=7;s=50,24,false,26,0.159,98,2,2048,0.312,98,2,true,1,0.006
dec-153,dec,d_b=12;m=9;gap=3;k=1;q=7;s=50,24,false,26,0.159,98,2,4096,0.288,98,2,true,1,0.003
dec-153,dec,d_b=12;m=9;gap=3;k=1;q=7;s=50,24,false,26,0.159,98,2,8192,0.301,98,2,true,1,0.004
dec-153,dec,d_b=12;m=9;gap=3;k=1;q=7;s=50,24,false,26,0.159,98,2,16384,0.289,98,2,true,1,0.003
mixed-051-0,mixed,seed=0x4607bb0a0f29634f;cycles=10;planted=1;d_b=16;m=5;gap=2;k=1,32963176,false,1981168,0.248,89,6,1,0.127,92,72,false,0,0.000
mixed-051-0,mixed,seed=0x4607bb0a0f29634f;cycles=10;planted=1;d_b=16;m=5;gap=2;k=1,32963176,false,1981168,0.248,89,6,2,0.187,92,72,false,1,0.063
mixed-051-0,mixed,seed=0x4607bb0a0f29634f;cycles=10;planted=1;d_b=16;m=5;gap=2;k=1,32963176,false,1981168,0.248,89,6,4,0.237,92,72,false,3,0.052
mixed-051-0,mixed,seed=0x4607bb0a0f29634f;cycles=10;planted=1;d_b=16;m=5;gap=2;k=1,32963176,false,1981168,0.248,89,6,8,0.293,92,72,false,3,0.046
mixed-051-0,mixed,seed=0x4607bb0a0f29634f;cycles=10;planted=1;d_b=16;m=5;gap=2;k=1,32963176,false,1981168,0.248,89,6,16,0.472,92,72,false,3,0.052
mixed-051-0,mixed,seed=0x4607bb0a0f29634f;cycles=10;planted=1;d_b=16;m=5;gap=2;k=1,32963176,false,1981168,0.248,89,6,32,0.768,89,6,false,3,0.044
mixed-051-0,mixed,seed=0x4607bb0a0f29634f;cycles=10;planted=1;d_b=16;m=5;gap=2;k=1,32963176,false,1981168,0.248,89,6,64,0.858,89,6,true,4,0.048
mixed-051-0,mixed,seed=0x4607bb0a0f29634f;cycles=10;planted=1;d_b=16;m=5;gap=2;k=1,32963176,false,1981168,0.248,89,6,128,0.821,89,6,true,4,0.045
mixed-051-0,mixed,seed=0x4607bb0a0f29634f;cycles=10;planted=1;d_b=16;m=5;gap=2;k=1,32963176,false,1981168,0.248,89,6,256,0.825,89,6,true,4,0.046
mixed-051-0,mixed,seed=0x4607bb0a0f29634f;cycles=10;planted=1;d_b=16;m=5;gap=2;k=1,32963176,false,1981168,0.248,89,6,512,0.807,89,6,true,4,0.043
mixed-051-0,mixed,seed=0x4607bb0a0f29634f;cycles=10;planted=1;d_b=16;m=5;gap=2;k=1,32963176,false,1981168,0.248,89,6,1024,0.818,89,6,true,4,0.044
mixed-051-0,mixed,seed=0x4607bb0a0f29634f;cycles=10;planted=1;d_b=16;m=5;gap=2;k=1,32963176,false,1981168,0.248,89,6,2048,0.826,89,6,true,4,0.043
mixed-051-0,mixed,seed=0x4607bb0a0f29634f;cycles=10;planted=1;d_b=16;m=5;gap=2;k=1,32963176,false,1981168,0.248,89,6,4096,0.812,89,6,true,4,0.043
mixed-051-0,mixed,seed=0x4607bb0a0f29634f;cycles=10;planted=1;d_b=16;m=5;gap=2;k=1,32963176,false,1981168,0.248,89,6,8192,0.900,89,6,true,4,0.057
mixed-051-0,mixed,seed=0x4607bb0a0f29634f;cycles=10;planted=1;d_b=16;m=5;gap=2;k=1,32963176,false,1981168,0.248,89,6,16384,0.800,89,6,true,4,0.042
dec-154,dec,d_b=12;m=9;gap=3;k=2;q=7;s=50,36,false,38,0.267,98,2,1,0.032,101,100,false,0,0.000
dec-154,dec,d_b=12;m=9;gap=3;k=2;q=7;s=50,36,false,38,0.267,98,2,2,0.050,101,100,false,0,0.000
dec-154,dec,d_b=12;m=9;gap=3;k=2;q=7;s=50,36,false,38,0.267,98,2,4,0.073,101,100,false,0,0.000
dec-154,dec,d_b=12;m=9;gap=3;k=2;q=7;s=50,36,false,38,0.267,98,2,8,0.136,101,100,false,0,0.000
dec-154,dec,d_b=12;m=9;gap=3;k=2;q=7;s=50,36,false,38,0.267,98,2,16,0.253,101,100,false,0,0.000
dec-154,dec,d_b=12;m=9;gap=3;k=2;q=7;s=50,36,false,38,0.267,98,2,32,0.517,98,2,false,0,0.000
dec-154,dec,d_b=12;m=9;gap=3;k=2;q=7;s=50,36,false,38,0.267,98,2,64,0.567,98,2,true,0,0.000
dec-154,dec,d_b=12;m=9;gap=3;k=2;q=7;s=50,36,false,38,0.267,98,2,128,0.566,98,2,true,0,0.000
dec-154,dec,d_b=12;m=9;gap=3;k=2;q=7;s=50,36,false,38,0.267,98,2,256,0.558,98,2,true,0,0.000
dec-154,dec,d_b=12;m=9;gap=3;k=2;q=7;s=50,36,false,38,0.267,98,2,512,0.560,98,2,true,0,0.000
dec-154,dec,d_b=12;m=9;gap=3;k=2;q=7;s=50,36,false,38,0.267,98,2,1024,0.557,98,2,true,0,0.000
dec-154,dec,d_b=12;m=9;gap=3;k=2;q=7;s=50,36,false,38,0.267,98,2,2048,0.554,98,2,true,0,0.000
dec-154,dec,d_b=12;m=9;gap=3;k=2;q=7;s=50,36,false,38,0.267,98,2,4096,0.585,98,2,true,0,0.000
dec-154,dec,d_b=12;m=9;gap=3;k=2;q=7;s=50,36,false,38,0.267,98,2,8192,0.554,98,2,true,0,0.000
dec-154,dec,d_b=12;m=9;gap=3;k=2;q=7;s=50,36,false,38,0.267,98,2,16384,0.553,98,2,true,0,0.000
mixed-051-1,mixed,seed=0x0eaec03ffe00c03c;cycles=10;planted=1;d_b=16;m=5;gap=2;k=1,33,false,35,0.153,67,2,1,0.025,70,68,false,0,0.000
mixed-051-1,mixed,seed=0x0eaec03ffe00c03c;cycles=10;planted=1;d_b=16;m=5;gap=2;k=1,33,false,35,0.153,67,2,2,0.025,70,68,false,0,0.000
mixed-051-1,mixed,seed=0x0eaec03ffe00c03c;cycles=10;planted=1;d_b=16;m=5;gap=2;k=1,33,false,35,0.153,67,2,4,0.044,70,68,false,0,0.000
mixed-051-1,mixed,seed=0x0eaec03ffe00c03c;cycles=10;planted=1;d_b=16;m=5;gap=2;k=1,33,false,35,0.153,67,2,8,0.082,70,68,false,0,0.000
mixed-051-1,mixed,seed=0x0eaec03ffe00c03c;cycles=10;planted=1;d_b=16;m=5;gap=2;k=1,33,false,35,0.153,67,2,16,0.159,70,68,false,0,0.000
mixed-051-1,mixed,seed=0x0eaec03ffe00c03c;cycles=10;planted=1;d_b=16;m=5;gap=2;k=1,33,false,35,0.153,67,2,32,0.344,67,2,true,1,0.004
mixed-051-1,mixed,seed=0x0eaec03ffe00c03c;cycles=10;planted=1;d_b=16;m=5;gap=2;k=1,33,false,35,0.153,67,2,64,0.342,67,2,true,1,0.004
mixed-051-1,mixed,seed=0x0eaec03ffe00c03c;cycles=10;planted=1;d_b=16;m=5;gap=2;k=1,33,false,35,0.153,67,2,128,0.338,67,2,true,1,0.003
mixed-051-1,mixed,seed=0x0eaec03ffe00c03c;cycles=10;planted=1;d_b=16;m=5;gap=2;k=1,33,false,35,0.153,67,2,256,0.338,67,2,true,1,0.003
mixed-051-1,mixed,seed=0x0eaec03ffe00c03c;cycles=10;planted=1;d_b=16;m=5;gap=2;k=1,33,false,35,0.153,67,2,512,0.336,67,2,true,1,0.003
mixed-051-1,mixed,seed=0x0eaec03ffe00c03c;cycles=10;planted=1;d_b=16;m=5;gap=2;k=1,33,false,35,0.153,67,2,1024,0.337,67,2,true,1,0.003
mixed-051-1,mixed,seed=0x0eaec03ffe00c03c;cycles=10;planted=1;d_b=16;m=5;gap=2;k=1,33,false,35,0.153,67,2,2048,0.363,67,2,true,1,0.003
mixed-051-1,mixed,seed=0x0eaec03ffe00c03c;cycles=10;planted=1;d_b=16;m=5;gap=2;k=1,33,false,35,0.153,67,2,4096,0.337,67,2,true,1,0.003
mixed-051-1,mixed,seed=0x0eaec03ffe00c03c;cycles=10;planted=1;d_b=16;m=5;gap=2;k=1,33,false,35,0.153,67,2,8192,0.364,67,2,true,1,0.005
mixed-051-1,mixed,seed=0x0eaec03ffe00c03c;cycles=10;planted=1;d_b=16;m=5;gap=2;k=1,33,false,35,0.153,67,2,16384,0.344,67,2,true,1,0.003
dec-155,dec,d_b=12;m=9;gap=3;k=4;q=7;s=50,60,false,62,0.452,98,2,1,0.035,101,100,false,0,0.000
dec-155,dec,d_b=12;m=9;gap=3;k=4;q=7;s=50,60,false,62,0.452,98,2,2,0.051,101,100,false,0,0.000
dec-155,dec,d_b=12;m=9;gap=3;k=4;q=7;s=50,60,false,62,0.452,98,2,4,0.101,101,100,false,0,0.000
dec-155,dec,d_b=12;m=9;gap=3;k=4;q=7;s=50,60,false,62,0.452,98,2,8,0.142,101,100,false,0,0.000
dec-155,dec,d_b=12;m=9;gap=3;k=4;q=7;s=50,60,false,62,0.452,98,2,16,0.256,101,100,false,0,0.000
dec-155,dec,d_b=12;m=9;gap=3;k=4;q=7;s=50,60,false,62,0.452,98,2,32,0.514,98,2,false,0,0.000
dec-155,dec,d_b=12;m=9;gap=3;k=4;q=7;s=50,60,false,62,0.452,98,2,64,1.001,98,2,true,0,0.000
dec-155,dec,d_b=12;m=9;gap=3;k=4;q=7;s=50,60,false,62,0.452,98,2,128,1.021,98,2,true,0,0.000
dec-155,dec,d_b=12;m=9;gap=3;k=4;q=7;s=50,60,false,62,0.452,98,2,256,1.005,98,2,true,0,0.000
dec-155,dec,d_b=12;m=9;gap=3;k=4;q=7;s=50,60,false,62,0.452,98,2,512,0.997,98,2,true,0,0.000
dec-155,dec,d_b=12;m=9;gap=3;k=4;q=7;s=50,60,false,62,0.452,98,2,1024,0.982,98,2,true,0,0.000
dec-155,dec,d_b=12;m=9;gap=3;k=4;q=7;s=50,60,false,62,0.452,98,2,2048,0.965,98,2,true,0,0.000
dec-155,dec,d_b=12;m=9;gap=3;k=4;q=7;s=50,60,false,62,0.452,98,2,4096,0.970,98,2,true,0,0.000
dec-155,dec,d_b=12;m=9;gap=3;k=4;q=7;s=50,60,false,62,0.452,98,2,8192,0.956,98,2,true,0,0.000
dec-155,dec,d_b=12;m=9;gap=3;k=4;q=7;s=50,60,false,62,0.452,98,2,16384,0.965,98,2,true,0,0.000
mixed-051-2,mixed,seed=0x585ccf9b261fb100;cycles=10;planted=1;d_b=16;m=5;gap=2;k=1,49504206,true,3032064,0.305,90,6,1,0.274,93,72,false,1,0.060
mixed-051-2,mixed,seed=0x585ccf9b261fb100;cycles=10;planted=1;d_b=16;m=5;gap=2;k=1,49504206,true,3032064,0.305,90,6,2,0.260,93,72,false,1,0.045
mixed-051-2,mixed,seed=0x585ccf9b261fb100;cycles=10;planted=1;d_b=16;m=5;gap=2;k=1,49504206,true,3032064,0.305,90,6,4,0.275,93,72,false,1,0.041
mixed-051-2,mixed,seed=0x585ccf9b261fb100;cycles=10;planted=1;d_b=16;m=5;gap=2;k=1,49504206,true,3032064,0.305,90,6,8,0.415,93,72,false,1,0.040
mixed-051-2,mixed,seed=0x585ccf9b261fb100;cycles=10;planted=1;d_b=16;m=5;gap=2;k=1,49504206,true,3032064,0.305,90,6,16,0.696,93,72,false,1,0.039
mixed-051-2,mixed,seed=0x585ccf9b261fb100;cycles=10;planted=1;d_b=16;m=5;gap=2;k=1,49504206,true,3032064,0.305,90,6,32,1.303,90,6,false,1,0.038
mixed-051-2,mixed,seed=0x585ccf9b261fb100;cycles=10;planted=1;d_b=16;m=5;gap=2;k=1,49504206,true,3032064,0.305,90,6,64,1.497,90,6,true,2,0.042
mixed-051-2,mixed,seed=0x585ccf9b261fb100;cycles=10;planted=1;d_b=16;m=5;gap=2;k=1,49504206,true,3032064,0.305,90,6,128,1.487,90,6,true,2,0.042
mixed-051-2,mixed,seed=0x585ccf9b261fb100;cycles=10;planted=1;d_b=16;m=5;gap=2;k=1,49504206,true,3032064,0.305,90,6,256,1.479,90,6,true,2,0.041
mixed-051-2,mixed,seed=0x585ccf9b261fb100;cycles=10;planted=1;d_b=16;m=5;gap=2;k=1,49504206,true,3032064,0.305,90,6,512,1.470,90,6,true,2,0.041
mixed-051-2,mixed,seed=0x585ccf9b261fb100;cycles=10;planted=1;d_b=16;m=5;gap=2;k=1,49504206,true,3032064,0.305,90,6,1024,1.474,90,6,true,2,0.040
mixed-051-2,mixed,seed=0x585ccf9b261fb100;cycles=10;planted=1;d_b=16;m=5;gap=2;k=1,49504206,true,3032064,0.305,90,6,2048,1.469,90,6,true,2,0.040
mixed-051-2,mixed,seed=0x585ccf9b261fb100;cycles=10;planted=1;d_b=16;m=5;gap=2;k=1,49504206,true,3032064,0.305,90,6,4096,1.478,90,6,true,2,0.040
mixed-051-2,mixed,seed=0x585ccf9b261fb100;cycles=10;planted=1;d_b=16;m=5;gap=2;k=1,49504206,true,3032064,0.305,90,6,8192,1.478,90,6,true,2,0.040
mixed-051-2,mixed,seed=0x585ccf9b261fb100;cycles=10;planted=1;d_b=16;m=5;gap=2;k=1,49504206,true,3032064,0.305,90,6,16384,1.489,90,6,true,2,0.040
dec-156,dec,d_b=12;m=9;gap=7;k=1;q=7;s=52,24,false,26,0.152,98,2,1,0.029,105,104,false,0,0.000
dec-156,dec,d_b=12;m=9;gap=7;k=1;q=7;s=52,24,false,26,0.152,98,2,2,0.052,105,104,false,0,0.000
dec-156,dec,d_b=12;m=9;gap=7;k=1;q=7;s=52,24,false,26,0.152,98,2,4,0.090,105,104,false,0,0.000
dec-156,dec,d_b=12;m=9;gap=7;k=1;q=7;s=52,24,false,26,0.152,98,2,8,0.125,105,104,false,0,0.000
dec-156,dec,d_b=12;m=9;gap=7;k=1;q=7;s=52,24,false,26,0.152,98,2,16,0.217,98,2,false,0,0.000
dec-156,dec,d_b=12;m=9;gap=7;k=1;q=7;s=52,24,false,26,0.152,98,2,32,0.299,98,2,true,1,0.004
dec-156,dec,d_b=12;m=9;gap=7;k=1;q=7;s=52,24,false,26,0.152,98,2,64,0.299,98,2,true,1,0.003
dec-156,dec,d_b=12;m=9;gap=7;k=1;q=7;s=52,24,false,26,0.152,98,2,128,0.293,98,2,true,1,0.003
dec-156,dec,d_b=12;m=9;gap=7;k=1;q=7;s=52,24,false,26,0.152,98,2,256,0.296,98,2,true,1,0.003
dec-156,dec,d_b=12;m=9;gap=7;k=1;q=7;s=52,24,false,26,0.152,98,2,512,0.312,98,2,true,1,0.007
dec-156,dec,d_b=12;m=9;gap=7;k=1;q=7;s=52,24,false,26,0.152,98,2,1024,0.291,98,2,true,1,0.003
dec-156,dec,d_b=12;m=9;gap=7;k=1;q=7;s=52,24,false,26,0.152,98,2,2048,0.302,98,2,true,1,0.003
dec-156,dec,d_b=12;m=9;gap=7;k=1;q=7;s=52,24,false,26,0.152,98,2,4096,0.297,98,2,true,1,0.003
dec-156,dec,d_b=12;m=9;gap=7;k=1;q=7;s=52,24,false,26,0.152,98,2,8192,0.292,98,2,true,1,0.003
dec-156,dec,d_b=12;m=9;gap=7;k=1;q=7;s=52,24,false,26,0.152,98,2,16384,0.289,98,2,true,1,0.003
mixed-052-0,mixed,seed=0xed3a9df7cab9685a;cycles=10;planted=2;d_b=4;m=2;gap=1;k=2,32963167,false,1981134,0.100,21,8,1,0.174,22,12,false,4,0.069
mixed-052-0,mixed,seed=0xed3a9df7cab9685a;cycles=10;planted=2;d_b=4;m=2;gap=1;k=2,32963167,false,1981134,0.100,21,8,2,0.153,22,12,false,4,0.051
mixed-052-0,mixed,seed=0xed3a9df7cab9685a;cycles=10;planted=2;d_b=4;m=2;gap=1;k=2,32963167,false,1981134,0.100,21,8,4,0.173,21,8,true,5,0.063
mixed-052-0,mixed,seed=0xed3a9df7cab9685a;cycles=10;planted=2;d_b=4;m=2;gap=1;k=2,32963167,false,1981134,0.100,21,8,8,0.176,21,8,true,5,0.063
mixed-052-0,mixed,seed=0xed3a9df7cab9685a;cycles=10;planted=2;d_b=4;m=2;gap=1;k=2,32963167,false,1981134,0.100,21,8,16,0.155,21,8,true,5,0.056
mixed-052-0,mixed,seed=0xed3a9df7cab9685a;cycles=10;planted=2;d_b=4;m=2;gap=1;k=2,32963167,false,1981134,0.100,21,8,32,0.153,21,8,true,5,0.056
mixed-052-0,mixed,seed=0xed3a9df7cab9685a;cycles=10;planted=2;d_b=4;m=2;gap=1;k=2,32963167,false,1981134,0.100,21,8,64,0.144,21,8,true,5,0.054
mixed-052-0,mixed,seed=0xed3a9df7cab9685a;cycles=10;planted=2;d_b=4;m=2;gap=1;k=2,32963167,false,1981134,0.100,21,8,128,0.144,21,8,true,5,0.053
mixed-052-0,mixed,seed=0xed3a9df7cab9685a;cycles=10;planted=2;d_b=4;m=2;gap=1;k=2,32963167,false,1981134,0.100,21,8,256,0.153,21,8,true,5,0.056
mixed-052-0,mixed,seed=0xed3a9df7cab9685a;cycles=10;planted=2;d_b=4;m=2;gap=1;k=2,32963167,false,1981134,0.100,21,8,512,0.142,21,8,true,5,0.053
mixed-052-0,mixed,seed=0xed3a9df7cab9685a;cycles=10;planted=2;d_b=4;m=2;gap=1;k=2,32963167,false,1981134,0.100,21,8,1024,0.144,21,8,true,5,0.053
mixed-052-0,mixed,seed=0xed3a9df7cab9685a;cycles=10;planted=2;d_b=4;m=2;gap=1;k=2,32963167,false,1981134,0.100,21,8,2048,0.141,21,8,true,5,0.052
mixed-052-0,mixed,seed=0xed3a9df7cab9685a;cycles=10;planted=2;d_b=4;m=2;gap=1;k=2,32963167,false,1981134,0.100,21,8,4096,0.141,21,8,true,5,0.053
mixed-052-0,mixed,seed=0xed3a9df7cab9685a;cycles=10;planted=2;d_b=4;m=2;gap=1;k=2,32963167,false,1981134,0.100,21,8,8192,0.154,21,8,true,5,0.056
mixed-052-0,mixed,seed=0xed3a9df7cab9685a;cycles=10;planted=2;d_b=4;m=2;gap=1;k=2,32963167,false,1981134,0.100,21,8,16384,0.140,21,8,true,5,0.052
dec-157,dec,d_b=12;m=9;gap=7;k=2;q=7;s=52,36,false,38,0.274,98,2,1,0.033,105,104,false,0,0.000
dec-157,dec,d_b=12;m=9;gap=7;k=2;q=7;s=52,36,false,38,0.274,98,2,2,0.053,105,104,false,0,0.000
dec-157,dec,d_b=12;m=9;gap=7;k=2;q=7;s=52,36,false,38,0.274,98,2,4,0.079,105,104,false,0,0.000
dec-157,dec,d_b=12;m=9;gap=7;k=2;q=7;s=52,36,false,38,0.274,98,2,8,0.142,105,104,false,0,0.000
dec-157,dec,d_b=12;m=9;gap=7;k=2;q=7;s=52,36,false,38,0.274,98,2,16,0.255,105,104,false,0,0.000
dec-157,dec,d_b=12;m=9;gap=7;k=2;q=7;s=52,36,false,38,0.274,98,2,32,0.530,98,2,false,0,0.000
dec-157,dec,d_b=12;m=9;gap=7;k=2;q=7;s=52,36,false,38,0.274,98,2,64,0.573,98,2,true,0,0.000
dec-157,dec,d_b=12;m=9;gap=7;k=2;q=7;s=52,36,false,38,0.274,98,2,128,0.566,98,2,true,0,0.000
dec-157,dec,d_b=12;m=9;gap=7;k=2;q=7;s=52,36,false,38,0.274,98,2,256,0.565,98,2,true,0,0.000
dec-157,dec,d_b=12;m=9;gap=7;k=2;q=7;s=52,36,false,38,0.274,98,2,512,0.564,98,2,true,0,0.000
dec-157,dec,d_b=12;m=9;gap=7;k=2;q=7;s=52,36,false,38,0.274,98,2,1024,0.562,98,2,true,0,0.000
dec-157,dec,d_b=12;m=9;gap=7;k=2;q=7;s=52,36,false,38,0.274,98,2,2048,0.561,98,2,true,0,0.000
dec-157,dec,d_b=12;m=9;gap=7;k=2;q=7;s=52,36,false,38,0.274,98,2,4096,0.563,98,2,true,0,0.000
dec-157,dec,d_b=12;m=9;gap=7;k=2;q=7;s=52,36,false,38,0.274,98,2,8192,0.610,98,2,true,0,0.000
dec-157,dec,d_b=12;m=9;gap=7;k=2;q=7;s=52,36,false,38,0.274,98,2,16384,0.562,98,2,true,0,0.000
mixed-052-1,mixed,seed=0x3aeac8ffa0a0ce70;cycles=10;planted=2;d_b=4;m=2;gap=1;k=2,48878142,true,3000320,0.184,23,12,1,0.154,25,20,false,1,0.037
mixed-052-1,mixed,seed=0x3aeac8ffa0a0ce70;cycles=10;planted=2;d_b=4;m=2;gap=1;k=2,48878142,true,3000320,0.184,23,12,2,0.272,23,12,true,3,0.157
mixed-052-1,mixed,seed=0x3aeac8ffa0a0ce70;cycles=10;planted=2;d_b=4;m=2;gap=1;k=2,48878142,true,3000320,0.184,23,12,4,0.245,23,12,true,3,0.148
mixed-052-1,mixed,seed=0x3aeac8ffa0a0ce70;cycles=10;planted=2;d_b=4;m=2;gap=1;k=2,48878142,true,3000320,0.184,23,12,8,0.233,23,12,true,3,0.140
mixed-052-1,mixed,seed=0x3aeac8ffa0a0ce70;cycles=10;planted=2;d_b=4;m=2;gap=1;k=2,48878142,true,3000320,0.184,23,12,16,0.223,23,12,true,3,0.135
mixed-052-1,mixed,seed=0x3aeac8ffa0a0ce70;cycles=10;planted=2;d_b=4;m=2;gap=1;k=2,48878142,true,3000320,0.184,23,12,32,0.222,23,12,true,3,0.135
mixed-052-1,mixed,seed=0x3aeac8ffa0a0ce70;cycles=10;planted=2;d_b=4;m=2;gap=1;k=2,48878142,true,3000320,0.184,23,12,64,0.212,23,12,true,3,0.130
mixed-052-1,mixed,seed=0x3aeac8ffa0a0ce70;cycles=10;planted=2;d_b=4;m=2;gap=1;k=2,48878142,true,3000320,0.184,23,12,128,0.219,23,12,true,3,0.134
mixed-052-1,mixed,seed=0x3aeac8ffa0a0ce70;cycles=10;planted=2;d_b=4;m=2;gap=1;k=2,48878142,true,3000320,0.184,23,12,256,0.210,23,12,true,3,0.128
mixed-052-1,mixed,seed=0x3aeac8ffa0a0ce70;cycles=10;planted=2;d_b=4;m=2;gap=1;k=2,48878142,true,3000320,0.184,23,12,512,0.217,23,12,true,3,0.132
mixed-052-1,mixed,seed=0x3aeac8ffa0a0ce70;cycles=10;planted=2;d_b=4;m=2;gap=1;k=2,48878142,true,3000320,0.184,23,12,1024,0.209,23,12,true,3,0.128
mixed-052-1,mixed,seed=0x3aeac8ffa0a0ce70;cycles=10;planted=2;d_b=4;m=2;gap=1;k=2,48878142,true,3000320,0.184,23,12,2048,0.215,23,12,true,3,0.132
mixed-052-1,mixed,seed=0x3aeac8ffa0a0ce70;cycles=10;planted=2;d_b=4;m=2;gap=1;k=2,48878142,true,3000320,0.184,23,12,4096,0.208,23,12,true,3,0.127
mixed-052-1,mixed,seed=0x3aeac8ffa0a0ce70;cycles=10;planted=2;d_b=4;m=2;gap=1;k=2,48878142,true,3000320,0.184,23,12,8192,0.217,23,12,true,3,0.134
mixed-052-1,mixed,seed=0x3aeac8ffa0a0ce70;cycles=10;planted=2;d_b=4;m=2;gap=1;k=2,48878142,true,3000320,0.184,23,12,16384,0.208,23,12,true,3,0.128
dec-158,dec,d_b=12;m=9;gap=7;k=4;q=7;s=52,60,false,62,0.486,98,2,1,0.036,105,104,false,0,0.000
dec-158,dec,d_b=12;m=9;gap=7;k=4;q=7;s=52,60,false,62,0.486,98,2,2,0.055,105,104,false,0,0.000
dec-158,dec,d_b=12;m=9;gap=7;k=4;q=7;s=52,60,false,62,0.486,98,2,4,0.086,105,104,false,0,0.000
dec-158,dec,d_b=12;m=9;gap=7;k=4;q=7;s=52,60,false,62,0.486,98,2,8,0.143,105,104,false,0,0.000
dec-158,dec,d_b=12;m=9;gap=7;k=4;q=7;s=52,60,false,62,0.486,98,2,16,0.265,105,104,false,0,0.000
dec-158,dec,d_b=12;m=9;gap=7;k=4;q=7;s=52,60,false,62,0.486,98,2,32,0.531,98,2,false,0,0.000
dec-158,dec,d_b=12;m=9;gap=7;k=4;q=7;s=52,60,false,62,0.486,98,2,64,1.026,98,2,true,0,0.000
dec-158,dec,d_b=12;m=9;gap=7;k=4;q=7;s=52,60,false,62,0.486,98,2,128,1.041,98,2,true,0,0.000
dec-158,dec,d_b=12;m=9;gap=7;k=4;q=7;s=52,60,false,62,0.486,98,2,256,1.017,98,2,true,0,0.000
dec-158,dec,d_b=12;m=9;gap=7;k=4;q=7;s=52,60,false,62,0.486,98,2,512,1.032,98,2,true,0,0.000
dec-158,dec,d_b=12;m=9;gap=7;k=4;q=7;s=52,60,false,62,0.486,98,2,1024,1.003,98,2,true,0,0.000
dec-158,dec,d_b=12;m=9;gap=7;k=4;q=7;s=52,60,false,62,0.486,98,2,2048,0.991,98,2,true,0,0.000
dec-158,dec,d_b=12;m=9;gap=7;k=4;q=7;s=52,60,false,62,0.486,98,2,4096,1.022,98,2,true,0,0.000
dec-158,dec,d_b=12;m=9;gap=7;k=4;q=7;s=52,60,false,62,0.486,98,2,8192,1.006,98,2,true,0,0.000
dec-158,dec,d_b=12;m=9;gap=7;k=4;q=7;s=52,60,false,62,0.486,98,2,16384,0.998,98,2,true,0,0.000
mixed-052-2,mixed,seed=0x35cc3f839c49a861;cycles=10;planted=2;d_b=4;m=2;gap=1;k=2,49327110,true,2933760,0.267,56,12,1,0.453,57,16,false,13,0.105
mixed-052-2,mixed,seed=0x35cc3f839c49a861;cycles=10;planted=2;d_b=4;m=2;gap=1;k=2,49327110,true,2933760,0.267,56,12,2,0.439,57,16,false,14,0.098
mixed-052-2,mixed,seed=0x35cc3f839c49a861;cycles=10;planted=2;d_b=4;m=2;gap=1;k=2,49327110,true,2933760,0.267,56,12,4,0.623,56,12,true,15,0.116
mixed-052-2,mixed,seed=0x35cc3f839c49a861;cycles=10;planted=2;d_b=4;m=2;gap=1;k=2,49327110,true,2933760,0.267,56,12,8,0.544,56,12,true,15,0.102
mixed-052-2,mixed,seed=0x35cc3f839c49a861;cycles=10;planted=2;d_b=4;m=2;gap=1;k=2,49327110,true,2933760,0.267,56,12,16,0.576,56,12,true,15,0.109
mixed-052-2,mixed,seed=0x35cc3f839c49a861;cycles=10;planted=2;d_b=4;m=2;gap=1;k=2,49327110,true,2933760,0.267,56,12,32,0.621,56,12,true,15,0.119
mixed-052-2,mixed,seed=0x35cc3f839c49a861;cycles=10;planted=2;d_b=4;m=2;gap=1;k=2,49327110,true,2933760,0.267,56,12,64,0.518,56,12,true,15,0.098
mixed-052-2,mixed,seed=0x35cc3f839c49a861;cycles=10;planted=2;d_b=4;m=2;gap=1;k=2,49327110,true,2933760,0.267,56,12,128,0.555,56,12,true,15,0.104
mixed-052-2,mixed,seed=0x35cc3f839c49a861;cycles=10;planted=2;d_b=4;m=2;gap=1;k=2,49327110,true,2933760,0.267,56,12,256,0.507,56,12,true,15,0.096
mixed-052-2,mixed,seed=0x35cc3f839c49a861;cycles=10;planted=2;d_b=4;m=2;gap=1;k=2,49327110,true,2933760,0.267,56,12,512,0.530,56,12,true,15,0.099
mixed-052-2,mixed,seed=0x35cc3f839c49a861;cycles=10;planted=2;d_b=4;m=2;gap=1;k=2,49327110,true,2933760,0.267,56,12,1024,0.501,56,12,true,15,0.094
mixed-052-2,mixed,seed=0x35cc3f839c49a861;cycles=10;planted=2;d_b=4;m=2;gap=1;k=2,49327110,true,2933760,0.267,56,12,2048,0.526,56,12,true,15,0.095
mixed-052-2,mixed,seed=0x35cc3f839c49a861;cycles=10;planted=2;d_b=4;m=2;gap=1;k=2,49327110,true,2933760,0.267,56,12,4096,0.586,56,12,true,15,0.109
mixed-052-2,mixed,seed=0x35cc3f839c49a861;cycles=10;planted=2;d_b=4;m=2;gap=1;k=2,49327110,true,2933760,0.267,56,12,8192,0.507,56,12,true,15,0.093
mixed-052-2,mixed,seed=0x35cc3f839c49a861;cycles=10;planted=2;d_b=4;m=2;gap=1;k=2,49327110,true,2933760,0.267,56,12,16384,0.561,56,12,true,15,0.107
dec-159,dec,d_b=12;m=9;gap=13;k=1;q=7;s=55,24,false,26,0.164,98,2,1,0.047,111,110,false,0,0.000
dec-159,dec,d_b=12;m=9;gap=13;k=1;q=7;s=55,24,false,26,0.164,98,2,2,0.060,111,110,false,0,0.000
dec-159,dec,d_b=12;m=9;gap=13;k=1;q=7;s=55,24,false,26,0.164,98,2,4,0.085,111,110,false,0,0.000
dec-159,dec,d_b=12;m=9;gap=13;k=1;q=7;s=55,24,false,26,0.164,98,2,8,0.135,111,110,false,0,0.000
dec-159,dec,d_b=12;m=9;gap=13;k=1;q=7;s=55,24,false,26,0.164,98,2,16,0.238,98,2,false,0,0.000
dec-159,dec,d_b=12;m=9;gap=13;k=1;q=7;s=55,24,false,26,0.164,98,2,32,0.333,98,2,true,1,0.009
dec-159,dec,d_b=12;m=9;gap=13;k=1;q=7;s=55,24,false,26,0.164,98,2,64,0.326,98,2,true,1,0.005
dec-159,dec,d_b=12;m=9;gap=13;k=1;q=7;s=55,24,false,26,0.164,98,2,128,0.323,98,2,true,1,0.004
dec-159,dec,d_b=12;m=9;gap=13;k=1;q=7;s=55,24,false,26,0.164,98,2,256,0.327,98,2,true,1,0.005
dec-159,dec,d_b=12;m=9;gap=13;k=1;q=7;s=55,24,false,26,0.164,98,2,512,0.332,98,2,true,1,0.004
dec-159,dec,d_b=12;m=9;gap=13;k=1;q=7;s=55,24,false,26,0.164,98,2,1024,0.314,98,2,true,1,0.004
dec-159,dec,d_b=12;m=9;gap=13;k=1;q=7;s=55,24,false,26,0.164,98,2,2048,0.309,98,2,true,1,0.004
dec-159,dec,d_b=12;m=9;gap=13;k=1;q=7;s=55,24,false,26,0.164,98,2,4096,0.299,98,2,true,1,0.003
dec-159,dec,d_b=12;m=9;gap=13;k=1;q=7;s=55,24,false,26,0.164,98,2,8192,0.297,98,2,true,1,0.003
dec-159,dec,d_b=12;m=9;gap=13;k=1;q=7;s=55,24,false,26,0.164,98,2,16384,0.295,98,2,true,1,0.003
mixed-053-0,mixed,seed=0x90132e9a10dbefb5;cycles=10;planted=2;d_b=8;m=3;gap=2;k=2,26,false,28,0.074,20,2,1,0.018,23,20,false,0,0.000
mixed-053-0,mixed,seed=0x90132e9a10dbefb5;cycles=10;planted=2;d_b=8;m=3;gap=2;k=2,26,false,28,0.074,20,2,2,0.017,23,20,false,0,0.000
mixed-053-0,mixed,seed=0x90132e9a10dbefb5;cycles=10;planted=2;d_b=8;m=3;gap=2;k=2,26,false,28,0.074,20,2,4,0.025,23,20,false,0,0.000
mixed-053-0,mixed,seed=0x90132e9a10dbefb5;cycles=10;planted=2;d_b=8;m=3;gap=2;k=2,26,false,28,0.074,20,2,8,0.050,23,20,false,0,0.000
mixed-053-0,mixed,seed=0x90132e9a10dbefb5;cycles=10;planted=2;d_b=8;m=3;gap=2;k=2,26,false,28,0.074,20,2,16,0.098,20,2,false,0,0.000
mixed-053-0,mixed,seed=0x90132e9a10dbefb5;cycles=10;planted=2;d_b=8;m=3;gap=2;k=2,26,false,28,0.074,20,2,32,0.128,20,2,true,1,0.006
mixed-053-0,mixed,seed=0x90132e9a10dbefb5;cycles=10;planted=2;d_b=8;m=3;gap=2;k=2,26,false,28,0.074,20,2,64,0.143,20,2,true,1,0.006
mixed-053-0,mixed,seed=0x90132e9a10dbefb5;cycles=10;planted=2;d_b=8;m=3;gap=2;k=2,26,false,28,0.074,20,2,128,0.123,20,2,true,1,0.005
mixed-053-0,mixed,seed=0x90132e9a10dbefb5;cycles=10;planted=2;d_b=8;m=3;gap=2;k=2,26,false,28,0.074,20,2,256,0.146,20,2,true,1,0.007
mixed-053-0,mixed,seed=0x90132e9a10dbefb5;cycles=10;planted=2;d_b=8;m=3;gap=2;k=2,26,false,28,0.074,20,2,512,0.132,20,2,true,1,0.005
mixed-053-0,mixed,seed=0x90132e9a10dbefb5;cycles=10;planted=2;d_b=8;m=3;gap=2;k=2,26,false,28,0.074,20,2,1024,0.132,20,2,true,1,0.005
mixed-053-0,mixed,seed=0x90132e9a10dbefb5;cycles=10;planted=2;d_b=8;m=3;gap=2;k=2,26,false,28,0.074,20,2,2048,0.132,20,2,true,1,0.005
mixed-053-0,mixed,seed=0x90132e9a10dbefb5;cycles=10;planted=2;d_b=8;m=3;gap=2;k=2,26,false,28,0.074,20,2,4096,0.126,20,2,true,1,0.005
mixed-053-0,mixed,seed=0x90132e9a10dbefb5;cycles=10;planted=2;d_b=8;m=3;gap=2;k=2,26,false,28,0.074,20,2,8192,0.159,20,2,true,1,0.015
mixed-053-0,mixed,seed=0x90132e9a10dbefb5;cycles=10;planted=2;d_b=8;m=3;gap=2;k=2,26,false,28,0.074,20,2,16384,0.168,20,2,true,1,0.009
dec-160,dec,d_b=12;m=9;gap=13;k=2;q=7;s=55,36,false,38,0.285,98,2,1,0.036,111,110,false,0,0.000
dec-160,dec,d_b=12;m=9;gap=13;k=2;q=7;s=55,36,false,38,0.285,98,2,2,0.057,111,110,false,0,0.000
dec-160,dec,d_b=12;m=9;gap=13;k=2;q=7;s=55,36,false,38,0.285,98,2,4,0.080,111,110,false,0,0.000
dec-160,dec,d_b=12;m=9;gap=13;k=2;q=7;s=55,36,false,38,0.285,98,2,8,0.144,111,110,false,0,0.000
dec-160,dec,d_b=12;m=9;gap=13;k=2;q=7;s=55,36,false,38,0.285,98,2,16,0.270,98,2,false,0,0.000
dec-160,dec,d_b=12;m=9;gap=13;k=2;q=7;s=55,36,false,38,0.285,98,2,32,0.561,98,2,false,0,0.000
dec-160,dec,d_b=12;m=9;gap=13;k=2;q=7;s=55,36,false,38,0.285,98,2,64,0.589,98,2,true,0,0.000
dec-160,dec,d_b=12;m=9;gap=13;k=2;q=7;s=55,36,false,38,0.285,98,2,128,0.583,98,2,true,0,0.000
dec-160,dec,d_b=12;m=9;gap=13;k=2;q=7;s=55,36,false,38,0.285,98,2,256,0.638,98,2,true,0,0.000
dec-160,dec,d_b=12;m=9;gap=13;k=2;q=7;s=55,36,false,38,0.285,98,2,512,0.602,98,2,true,0,0.000
dec-160,dec,d_b=12;m=9;gap=13;k=2;q=7;s=55,36,false,38,0.285,98,2,1024,0.610,98,2,true,0,0.000
dec-160,dec,d_b=12;m=9;gap=13;k=2;q=7;s=55,36,false,38,0.285,98,2,2048,0.589,98,2,true,0,0.000
dec-160,dec,d_b=12;m=9;gap=13;k=2;q=7;s=55,36,false,38,0.285,98,2,4096,0.593,98,2,true,0,0.000
dec-160,dec,d_b=12;m=9;gap=13;k=2;q=7;s=55,36,false,38,0.285,98,2,8192,0.605,98,2,true,0,0.000
dec-160,dec,d_b=12;m=9;gap=13;k=2;q=7;s=55,36,false,38,0.285,98,2,16384,0.610,98,2,true,0,0.000
mixed-053-1,mixed,seed=0xe75817bb6975df6a;cycles=10;planted=2;d_b=8;m=3;gap=2;k=2,49736280,true,3031040,0.210,51,8,1,0.152,57,44,false,1,0.045
mixed-053-1,mixed,seed=0xe75817bb6975df6a;cycles=10;planted=2;d_b=8;m=3;gap=2;k=2,49736280,true,3031040,0.210,51,8,2,0.135,57,44,false,1,0.026
mixed-053-1,mixed,seed=0xe75817bb6975df6a;cycles=10;planted=2;d_b=8;m=3;gap=2;k=2,49736280,true,3031040,0.210,51,8,4,0.132,57,44,false,1,0.023
mixed-053-1,mixed,seed=0xe75817bb6975df6a;cycles=10;planted=2;d_b=8;m=3;gap=2;k=2,49736280,true,3031040,0.210,51,8,8,0.175,57,44,false,2,0.042
mixed-053-1,mixed,seed=0xe75817bb6975df6a;cycles=10;planted=2;d_b=8;m=3;gap=2;k=2,49736280,true,3031040,0.210,51,8,16,0.234,57,44,false,2,0.041
mixed-053-1,mixed,seed=0xe75817bb6975df6a;cycles=10;planted=2;d_b=8;m=3;gap=2;k=2,49736280,true,3031040,0.210,51,8,32,0.368,51,8,false,2,0.039
mixed-053-1,mixed,seed=0xe75817bb6975df6a;cycles=10;planted=2;d_b=8;m=3;gap=2;k=2,49736280,true,3031040,0.210,51,8,64,0.482,51,8,true,4,0.051
mixed-053-1,mixed,seed=0xe75817bb6975df6a;cycles=10;planted=2;d_b=8;m=3;gap=2;k=2,49736280,true,3031040,0.210,51,8,128,0.458,51,8,true,4,0.049
mixed-053-1,mixed,seed=0xe75817bb6975df6a;cycles=10;planted=2;d_b=8;m=3;gap=2;k=2,49736280,true,3031040,0.210,51,8,256,0.462,51,8,true,4,0.048
mixed-053-1,mixed,seed=0xe75817bb6975df6a;cycles=10;planted=2;d_b=8;m=3;gap=2;k=2,49736280,true,3031040,0.210,51,8,512,0.447,51,8,true,4,0.047
mixed-053-1,mixed,seed=0xe75817bb6975df6a;cycles=10;planted=2;d_b=8;m=3;gap=2;k=2,49736280,true,3031040,0.210,51,8,1024,0.449,51,8,true,4,0.047
mixed-053-1,mixed,seed=0xe75817bb6975df6a;cycles=10;planted=2;d_b=8;m=3;gap=2;k=2,49736280,true,3031040,0.210,51,8,2048,0.442,51,8,true,4,0.046
mixed-053-1,mixed,seed=0xe75817bb6975df6a;cycles=10;planted=2;d_b=8;m=3;gap=2;k=2,49736280,true,3031040,0.210,51,8,4096,0.446,51,8,true,4,0.047
mixed-053-1,mixed,seed=0xe75817bb6975df6a;cycles=10;planted=2;d_b=8;m=3;gap=2;k=2,49736280,true,3031040,0.210,51,8,8192,0.439,51,8,true,4,0.046
mixed-053-1,mixed,seed=0xe75817bb6975df6a;cycles=10;planted=2;d_b=8;m=3;gap=2;k=2,49736280,true,3031040,0.210,51,8,16384,0.455,51,8,true,4,0.052
dec-161,dec,d_b=12;m=9;gap=13;k=4;q=7;s=55,60,false,62,0.489,98,2,1,0.037,111,110,false,0,0.000
dec-161,dec,d_b=12;m=9;gap=13;k=4;q=7;s=55,60,false,62,0.489,98,2,2,0.059,111,110,false,0,0.000
dec-161,dec,d_b=12;m=9;gap=13;k=4;q=7;s=55,60,false,62,0.489,98,2,4,0.095,111,110,false,0,0.000
dec-161,dec,d_b=12;m=9;gap=13;k=4;q=7;s=55,60,false,62,0.489,98,2,8,0.154,111,110,false,0,0.000
dec-161,dec,d_b=12;m=9;gap=13;k=4;q=7;s=55,60,false,62,0.489,98,2,16,0.273,111,110,false,0,0.000
dec-161,dec,d_b=12;m=9;gap=13;k=4;q=7;s=55,60,false,62,0.489,98,2,32,0.544,98,2,false,0,0.000
dec-161,dec,d_b=12;m=9;gap=13;k=4;q=7;s=55,60,false,62,0.489,98,2,64,1.061,98,2,true,0,0.000
dec-161,dec,d_b=12;m=9;gap=13;k=4;q=7;s=55,60,false,62,0.489,98,2,128,1.034,98,2,true,0,0.000
dec-161,dec,d_b=12;m=9;gap=13;k=4;q=7;s=55,60,false,62,0.489,98,2,256,1.040,98,2,true,0,0.000
dec-161,dec,d_b=12;m=9;gap=13;k=4;q=7;s=55,60,false,62,0.489,98,2,512,1.044,98,2,true,0,0.000
dec-161,dec,d_b=12;m=9;gap=13;k=4;q=7;s=55,60,false,62,0.489,98,2,1024,1.057,98,2,true,0,0.000
dec-161,dec,d_b=12;m=9;gap=13;k=4;q=7;s=55,60,false,62,0.489,98,2,2048,1.052,98,2,true,0,0.000
dec-161,dec,d_b=12;m=9;gap=13;k=4;q=7;s=55,60,false,62,0.489,98,2,4096,1.043,98,2,true,0,0.000
dec-161,dec,d_b=12;m=9;gap=13;k=4;q=7;s=55,60,false,62,0.489,98,2,8192,1.049,98,2,true,0,0.000
dec-161,dec,d_b=12;m=9;gap=13;k=4;q=7;s=55,60,false,62,0.489,98,2,16384,1.035,98,2,true,0,0.000
mixed-053-2,mixed,seed=0x2977052fda158807;cycles=10;planted=2;d_b=8;m=3;gap=2;k=2,49445274,true,3030016,0.275,52,10,1,0.208,58,46,false,1,0.032
mixed-053-2,mixed,seed=0x2977052fda158807;cycles=10;planted=2;d_b=8;m=3;gap=2;k=2,49445274,true,3030016,0.275,52,10,2,0.297,58,46,false,2,0.045
mixed-053-2,mixed,seed=0x2977052fda158807;cycles=10;planted=2;d_b=8;m=3;gap=2;k=2,49445274,true,3030016,0.275,52,10,4,0.330,58,46,false,2,0.041
mixed-053-2,mixed,seed=0x2977052fda158807;cycles=10;planted=2;d_b=8;m=3;gap=2;k=2,49445274,true,3030016,0.275,52,10,8,0.511,58,46,false,2,0.043
mixed-053-2,mixed,seed=0x2977052fda158807;cycles=10;planted=2;d_b=8;m=3;gap=2;k=2,49445274,true,3030016,0.275,52,10,16,0.719,58,46,false,2,0.041
mixed-053-2,mixed,seed=0x2977052fda158807;cycles=10;planted=2;d_b=8;m=3;gap=2;k=2,49445274,true,3030016,0.275,52,10,32,1.261,52,10,false,2,0.040
mixed-053-2,mixed,seed=0x2977052fda158807;cycles=10;planted=2;d_b=8;m=3;gap=2;k=2,49445274,true,3030016,0.275,52,10,64,1.546,52,10,true,4,0.053
mixed-053-2,mixed,seed=0x2977052fda158807;cycles=10;planted=2;d_b=8;m=3;gap=2;k=2,49445274,true,3030016,0.275,52,10,128,1.591,52,10,true,4,0.057
mixed-053-2,mixed,seed=0x2977052fda158807;cycles=10;planted=2;d_b=8;m=3;gap=2;k=2,49445274,true,3030016,0.275,52,10,256,1.515,52,10,true,4,0.049
mixed-053-2,mixed,seed=0x2977052fda158807;cycles=10;planted=2;d_b=8;m=3;gap=2;k=2,49445274,true,3030016,0.275,52,10,512,1.557,52,10,true,4,0.053
mixed-053-2,mixed,seed=0x2977052fda158807;cycles=10;planted=2;d_b=8;m=3;gap=2;k=2,49445274,true,3030016,0.275,52,10,1024,1.533,52,10,true,4,0.054
mixed-053-2,mixed,seed=0x2977052fda158807;cycles=10;planted=2;d_b=8;m=3;gap=2;k=2,49445274,true,3030016,0.275,52,10,2048,1.534,52,10,true,4,0.052
mixed-053-2,mixed,seed=0x2977052fda158807;cycles=10;planted=2;d_b=8;m=3;gap=2;k=2,49445274,true,3030016,0.275,52,10,4096,1.510,52,10,true,4,0.049
mixed-053-2,mixed,seed=0x2977052fda158807;cycles=10;planted=2;d_b=8;m=3;gap=2;k=2,49445274,true,3030016,0.275,52,10,8192,1.503,52,10,true,4,0.051
mixed-053-2,mixed,seed=0x2977052fda158807;cycles=10;planted=2;d_b=8;m=3;gap=2;k=2,49445274,true,3030016,0.275,52,10,16384,1.519,52,10,true,4,0.050
dec-162,dec,d_b=16;m=2;gap=1;k=1;q=0;s=9,32,false,33,0.077,18,2,1,0.014,19,18,false,0,0.000
dec-162,dec,d_b=16;m=2;gap=1;k=1;q=0;s=9,32,false,33,0.077,18,2,2,0.019,19,18,false,0,0.000
dec-162,dec,d_b=16;m=2;gap=1;k=1;q=0;s=9,32,false,33,0.077,18,2,4,0.029,19,18,false,0,0.000
dec-162,dec,d_b=16;m=2;gap=1;k=1;q=0;s=9,32,false,33,0.077,18,2,8,0.043,19,18,false,0,0.000
dec-162,dec,d_b=16;m=2;gap=1;k=1;q=0;s=9,32,false,33,0.077,18,2,16,0.090,18,2,false,0,0.000
dec-162,dec,d_b=16;m=2;gap=1;k=1;q=0;s=9,32,false,33,0.077,18,2,32,0.157,18,2,true,1,0.018
dec-162,dec,d_b=16;m=2;gap=1;k=1;q=0;s=9,32,false,33,0.077,18,2,64,0.132,18,2,true,1,0.013
dec-162,dec,d_b=16;m=2;gap=1;k=1;q=0;s=9,32,false,33,0.077,18,2,128,0.125,18,2,true,1,0.012
dec-162,dec,d_b=16;m=2;gap=1;k=1;q=0;s=9,32,false,33,0.077,18,2,256,0.120,18,2,true,1,0.010
dec-162,dec,d_b=16;m=2;gap=1;k=1;q=0;s=9,32,false,33,0.077,18,2,512,0.120,18,2,true,1,0.010
dec-162,dec,d_b=16;m=2;gap=1;k=1;q=0;s=9,32,false,33,0.077,18,2,1024,0.117,18,2,true,1,0.009
dec-162,dec,d_b=16;m=2;gap=1;k=1;q=0;s=9,32,false,33,0.077,18,2,2048,0.118,18,2,true,1,0.010
dec-162,dec,d_b=16;m=2;gap=1;k=1;q=0;s=9,32,false,33,0.077,18,2,4096,0.117,18,2,true,1,0.009
dec-162,dec,d_b=16;m=2;gap=1;k=1;q=0;s=9,32,false,33,0.077,18,2,8192,0.118,18,2,true,1,0.009
dec-162,dec,d_b=16;m=2;gap=1;k=1;q=0;s=9,32,false,33,0.077,18,2,16384,0.116,18,2,true,1,0.009
mixed-054-0,mixed,seed=0xf6debe1457f2a311;cycles=10;planted=2;d_b=12;m=2;gap=6;k=4,49288819,true,3022848,0.327,53,8,1,0.215,67,44,false,2,0.027
mixed-054-0,mixed,seed=0xf6debe1457f2a311;cycles=10;planted=2;d_b=12;m=2;gap=6;k=4,49288819,true,3022848,0.327,53,8,2,0.229,67,44,false,3,0.034
mixed-054-0,mixed,seed=0xf6debe1457f2a311;cycles=10;planted=2;d_b=12;m=2;gap=6;k=4,49288819,true,3022848,0.327,53,8,4,0.279,67,44,false,4,0.080
mixed-054-0,mixed,seed=0xf6debe1457f2a311;cycles=10;planted=2;d_b=12;m=2;gap=6;k=4,49288819,true,3022848,0.327,53,8,8,0.382,67,44,false,4,0.097
mixed-054-0,mixed,seed=0xf6debe1457f2a311;cycles=10;planted=2;d_b=12;m=2;gap=6;k=4,49288819,true,3022848,0.327,53,8,16,0.435,67,44,false,4,0.070
mixed-054-0,mixed,seed=0xf6debe1457f2a311;cycles=10;planted=2;d_b=12;m=2;gap=6;k=4,49288819,true,3022848,0.327,53,8,32,0.753,60,26,false,4,0.080
mixed-054-0,mixed,seed=0xf6debe1457f2a311;cycles=10;planted=2;d_b=12;m=2;gap=6;k=4,49288819,true,3022848,0.327,53,8,64,1.275,53,8,false,4,0.071
mixed-054-0,mixed,seed=0xf6debe1457f2a311;cycles=10;planted=2;d_b=12;m=2;gap=6;k=4,49288819,true,3022848,0.327,53,8,128,2.176,53,8,true,6,0.082
mixed-054-0,mixed,seed=0xf6debe1457f2a311;cycles=10;planted=2;d_b=12;m=2;gap=6;k=4,49288819,true,3022848,0.327,53,8,256,2.198,53,8,true,6,0.074
mixed-054-0,mixed,seed=0xf6debe1457f2a311;cycles=10;planted=2;d_b=12;m=2;gap=6;k=4,49288819,true,3022848,0.327,53,8,512,2.215,53,8,true,6,0.077
mixed-054-0,mixed,seed=0xf6debe1457f2a311;cycles=10;planted=2;d_b=12;m=2;gap=6;k=4,49288819,true,3022848,0.327,53,8,1024,2.324,53,8,true,6,0.098
mixed-054-0,mixed,seed=0xf6debe1457f2a311;cycles=10;planted=2;d_b=12;m=2;gap=6;k=4,49288819,true,3022848,0.327,53,8,2048,2.141,53,8,true,6,0.071
mixed-054-0,mixed,seed=0xf6debe1457f2a311;cycles=10;planted=2;d_b=12;m=2;gap=6;k=4,49288819,true,3022848,0.327,53,8,4096,2.137,53,8,true,6,0.079
mixed-054-0,mixed,seed=0xf6debe1457f2a311;cycles=10;planted=2;d_b=12;m=2;gap=6;k=4,49288819,true,3022848,0.327,53,8,8192,2.176,53,8,true,6,0.071
mixed-054-0,mixed,seed=0xf6debe1457f2a311;cycles=10;planted=2;d_b=12;m=2;gap=6;k=4,49288819,true,3022848,0.327,53,8,16384,2.132,53,8,true,6,0.076
dec-163,dec,d_b=16;m=2;gap=1;k=2;q=0;s=9,48,false,49,0.110,18,2,1,0.014,19,18,false,0,0.000
dec-163,dec,d_b=16;m=2;gap=1;k=2;q=0;s=9,48,false,49,0.110,18,2,2,0.019,19,18,false,0,0.000
dec-163,dec,d_b=16;m=2;gap=1;k=2;q=0;s=9,48,false,49,0.110,18,2,4,0.027,19,18,false,0,0.000
dec-163,dec,d_b=16;m=2;gap=1;k=2;q=0;s=9,48,false,49,0.110,18,2,8,0.048,19,18,false,0,0.000
dec-163,dec,d_b=16;m=2;gap=1;k=2;q=0;s=9,48,false,49,0.110,18,2,16,0.084,19,18,false,0,0.000
dec-163,dec,d_b=16;m=2;gap=1;k=2;q=0;s=9,48,false,49,0.110,18,2,32,0.186,18,2,false,0,0.000
dec-163,dec,d_b=16;m=2;gap=1;k=2;q=0;s=9,48,false,49,0.110,18,2,64,0.252,18,2,true,1,0.008
dec-163,dec,d_b=16;m=2;gap=1;k=2;q=0;s=9,48,false,49,0.110,18,2,128,0.248,18,2,true,1,0.007
dec-163,dec,d_b=16;m=2;gap=1;k=2;q=0;s=9,48,false,49,0.110,18,2,256,0.246,18,2,true,1,0.006
dec-163,dec,d_b=16;m=2;gap=1;k=2;q=0;s=9,48,false,49,0.110,18,2,512,0.240,18,2,true,1,0.006
dec-163,dec,d_b=16;m=2;gap=1;k=2;q=0;s=9,48,false,49,0.110,18,2,1024,0.242,18,2,true,1,0.006
dec-163,dec,d_b=16;m=2;gap=1;k=2;q=0;s=9,48,false,49,0.110,18,2,2048,0.238,18,2,true,1,0.006
dec-163,dec,d_b=16;m=2;gap=1;k=2;q=0;s=9,48,false,49,0.110,18,2,4096,0.241,18,2,true,1,0.006
dec-163,dec,d_b=16;m=2;gap=1;k=2;q=0;s=9,48,false,49,0.110,18,2,8192,0.238,18,2,true,1,0.006
dec-163,dec,d_b=16;m=2;gap=1;k=2;q=0;s=9,48,false,49,0.110,18,2,16384,0.240,18,2,true,1,0.006
mixed-054-1,mixed,seed=0x17378656ccb02ab0;cycles=10;planted=2;d_b=12;m=2;gap=6;k=4,49416196,true,3013632,0.293,49,12,1,0.162,63,48,false,0,0.000
mixed-054-1,mixed,seed=0x17378656ccb02ab0;cycles=10;planted=2;d_b=12;m=2;gap=6;k=4,49416196,true,3013632,0.293,49,12,2,0.192,63,48,false,0,0.000
mixed-054-1,mixed,seed=0x17378656ccb02ab0;cycles=10;planted=2;d_b=12;m=2;gap=6;k=4,49416196,true,3013632,0.293,49,12,4,0.211,63,48,false,0,0.000
mixed-054-1,mixed,seed=0x17378656ccb02ab0;cycles=10;planted=2;d_b=12;m=2;gap=6;k=4,49416196,true,3013632,0.293,49,12,8,0.223,63,48,false,0,0.000
mixed-054-1,mixed,seed=0x17378656ccb02ab0;cycles=10;planted=2;d_b=12;m=2;gap=6;k=4,49416196,true,3013632,0.293,49,12,16,0.373,63,48,false,1,0.037
mixed-054-1,mixed,seed=0x17378656ccb02ab0;cycles=10;planted=2;d_b=12;m=2;gap=6;k=4,49416196,true,3013632,0.293,49,12,32,0.633,63,48,false,2,0.045
mixed-054-1,mixed,seed=0x17378656ccb02ab0;cycles=10;planted=2;d_b=12;m=2;gap=6;k=4,49416196,true,3013632,0.293,49,12,64,1.153,49,12,false,2,0.043
mixed-054-1,mixed,seed=0x17378656ccb02ab0;cycles=10;planted=2;d_b=12;m=2;gap=6;k=4,49416196,true,3013632,0.293,49,12,128,2.340,49,12,true,4,0.050
mixed-054-1,mixed,seed=0x17378656ccb02ab0;cycles=10;planted=2;d_b=12;m=2;gap=6;k=4,49416196,true,3013632,0.293,49,12,256,2.329,49,12,true,4,0.053
mixed-054-1,mixed,seed=0x17378656ccb02ab0;cycles=10;planted=2;d_b=12;m=2;gap=6;k=4,49416196,true,3013632,0.293,49,12,512,2.263,49,12,true,4,0.046
mixed-054-1,mixed,seed=0x17378656ccb02ab0;cycles=10;planted=2;d_b=12;m=2;gap=6;k=4,49416196,true,3013632,0.293,49,12,1024,2.290,49,12,true,4,0.049
mixed-054-1,mixed,seed=0x17378656ccb02ab0;cycles=10;planted=2;d_b=12;m=2;gap=6;k=4,49416196,true,3013632,0.293,49,12,2048,2.237,49,12,true,4,0.045
mixed-054-1,mixed,seed=0x17378656ccb02ab0;cycles=10;planted=2;d_b=12;m=2;gap=6;k=4,49416196,true,3013632,0.293,49,12,4096,2.289,49,12,true,4,0.047
mixed-054-1,mixed,seed=0x17378656ccb02ab0;cycles=10;planted=2;d_b=12;m=2;gap=6;k=4,49416196,true,3013632,0.293,49,12,8192,2.235,49,12,true,4,0.045
mixed-054-1,mixed,seed=0x17378656ccb02ab0;cycles=10;planted=2;d_b=12;m=2;gap=6;k=4,49416196,true,3013632,0.293,49,12,16384,2.251,49,12,true,4,0.045
dec-164,dec,d_b=16;m=2;gap=1;k=4;q=0;s=9,80,false,81,0.180,18,2,1,0.015,19,18,false,0,0.000
dec-164,dec,d_b=16;m=2;gap=1;k=4;q=0;s=9,80,false,81,0.180,18,2,2,0.020,19,18,false,0,0.000
dec-164,dec,d_b=16;m=2;gap=1;k=4;q=0;s=9,80,false,81,0.180,18,2,4,0.029,19,18,false,0,0.000
dec-164,dec,d_b=16;m=2;gap=1;k=4;q=0;s=9,80,false,81,0.180,18,2,8,0.050,19,18,false,0,0.000
dec-164,dec,d_b=16;m=2;gap=1;k=4;q=0;s=9,80,false,81,0.180,18,2,16,0.088,19,18,false,0,0.000
dec-164,dec,d_b=16;m=2;gap=1;k=4;q=0;s=9,80,false,81,0.180,18,2,32,0.175,19,18,false,0,0.000
dec-164,dec,d_b=16;m=2;gap=1;k=4;q=0;s=9,80,false,81,0.180,18,2,64,0.401,18,2,false,0,0.000
dec-164,dec,d_b=16;m=2;gap=1;k=4;q=0;s=9,80,false,81,0.180,18,2,128,0.496,18,2,true,1,0.004
dec-164,dec,d_b=16;m=2;gap=1;k=4;q=0;s=9,80,false,81,0.180,18,2,256,0.492,18,2,true,1,0.004
dec-164,dec,d_b=16;m=2;gap=1;k=4;q=0;s=9,80,false,81,0.180,18,2,512,0.494,18,2,true,1,0.004
dec-164,dec,d_b=16;m=2;gap=1;k=4;q=0;s=9,80,false,81,0.180,18,2,1024,0.489,18,2,true,1,0.004
dec-164,dec,d_b=16;m=2;gap=1;k=4;q=0;s=9,80,false,81,0.180,18,2,2048,0.502,18,2,true,1,0.003
dec-164,dec,d_b=16;m=2;gap=1;k=4;q=0;s=9,80,false,81,0.180,18,2,4096,0.486,18,2,true,1,0.004
dec-164,dec,d_b=16;m=2;gap=1;k=4;q=0;s=9,80,false,81,0.180,18,2,8192,0.499,18,2,true,1,0.004
dec-164,dec,d_b=16;m=2;gap=1;k=4;q=0;s=9,80,false,81,0.180,18,2,16384,0.534,18,2,true,1,0.004
mixed-054-2,mixed,seed=0x6126e3f9359142a1;cycles=10;planted=2;d_b=12;m=2;gap=6;k=4,49283381,true,3023872,0.247,39,10,1,0.100,53,46,false,0,0.000
mixed-054-2,mixed,seed=0x6126e3f9359142a1;cycles=10;planted=2;d_b=12;m=2;gap=6;k=4,49283381,true,3023872,0.247,39,10,2,0.150,53,46,false,1,0.042
mixed-054-2,mixed,seed=0x6126e3f9359142a1;cycles=10;planted=2;d_b=12;m=2;gap=6;k=4,49283381,true,3023872,0.247,39,10,4,0.155,53,46,false,2,0.047
mixed-054-2,mixed,seed=0x6126e3f9359142a1;cycles=10;planted=2;d_b=12;m=2;gap=6;k=4,49283381,true,3023872,0.247,39,10,8,0.172,53,46,false,2,0.042
mixed-054-2,mixed,seed=0x6126e3f9359142a1;cycles=10;planted=2;d_b=12;m=2;gap=6;k=4,49283381,true,3023872,0.247,39,10,16,0.236,53,46,false,2,0.040
mixed-054-2,mixed,seed=0x6126e3f9359142a1;cycles=10;planted=2;d_b=12;m=2;gap=6;k=4,49283381,true,3023872,0.247,39,10,32,0.372,53,46,false,2,0.039
mixed-054-2,mixed,seed=0x6126e3f9359142a1;cycles=10;planted=2;d_b=12;m=2;gap=6;k=4,49283381,true,3023872,0.247,39,10,64,0.700,39,10,false,2,0.038
mixed-054-2,mixed,seed=0x6126e3f9359142a1;cycles=10;planted=2;d_b=12;m=2;gap=6;k=4,49283381,true,3023872,0.247,39,10,128,1.278,39,10,true,4,0.046
mixed-054-2,mixed,seed=0x6126e3f9359142a1;cycles=10;planted=2;d_b=12;m=2;gap=6;k=4,49283381,true,3023872,0.247,39,10,256,1.250,39,10,true,4,0.046
mixed-054-2,mixed,seed=0x6126e3f9359142a1;cycles=10;planted=2;d_b=12;m=2;gap=6;k=4,49283381,true,3023872,0.247,39,10,512,1.294,39,10,true,4,0.045
mixed-054-2,mixed,seed=0x6126e3f9359142a1;cycles=10;planted=2;d_b=12;m=2;gap=6;k=4,49283381,true,3023872,0.247,39,10,1024,1.253,39,10,true,4,0.045
mixed-054-2,mixed,seed=0x6126e3f9359142a1;cycles=10;planted=2;d_b=12;m=2;gap=6;k=4,49283381,true,3023872,0.247,39,10,2048,1.228,39,10,true,4,0.044
mixed-054-2,mixed,seed=0x6126e3f9359142a1;cycles=10;planted=2;d_b=12;m=2;gap=6;k=4,49283381,true,3023872,0.247,39,10,4096,1.234,39,10,true,4,0.045
mixed-054-2,mixed,seed=0x6126e3f9359142a1;cycles=10;planted=2;d_b=12;m=2;gap=6;k=4,49283381,true,3023872,0.247,39,10,8192,1.220,39,10,true,4,0.044
mixed-054-2,mixed,seed=0x6126e3f9359142a1;cycles=10;planted=2;d_b=12;m=2;gap=6;k=4,49283381,true,3023872,0.247,39,10,16384,1.229,39,10,true,4,0.044
dec-165,dec,d_b=16;m=2;gap=3;k=1;q=0;s=10,32,false,33,0.081,18,2,1,0.013,21,20,false,0,0.000
dec-165,dec,d_b=16;m=2;gap=3;k=1;q=0;s=10,32,false,33,0.081,18,2,2,0.020,21,20,false,0,0.000
dec-165,dec,d_b=16;m=2;gap=3;k=1;q=0;s=10,32,false,33,0.081,18,2,4,0.029,21,20,false,0,0.000
dec-165,dec,d_b=16;m=2;gap=3;k=1;q=0;s=10,32,false,33,0.081,18,2,8,0.047,21,20,false,0,0.000
dec-165,dec,d_b=16;m=2;gap=3;k=1;q=0;s=10,32,false,33,0.081,18,2,16,0.093,18,2,false,0,0.000
dec-165,dec,d_b=16;m=2;gap=3;k=1;q=0;s=10,32,false,33,0.081,18,2,32,0.145,18,2,true,1,0.010
dec-165,dec,d_b=16;m=2;gap=3;k=1;q=0;s=10,32,false,33,0.081,18,2,64,0.143,18,2,true,1,0.010
dec-165,dec,d_b=16;m=2;gap=3;k=1;q=0;s=10,32,false,33,0.081,18,2,128,0.140,18,2,true,1,0.009
dec-165,dec,d_b=16;m=2;gap=3;k=1;q=0;s=10,32,false,33,0.081,18,2,256,0.139,18,2,true,1,0.009
dec-165,dec,d_b=16;m=2;gap=3;k=1;q=0;s=10,32,false,33,0.081,18,2,512,0.137,18,2,true,1,0.008
dec-165,dec,d_b=16;m=2;gap=3;k=1;q=0;s=10,32,false,33,0.081,18,2,1024,0.137,18,2,true,1,0.008
dec-165,dec,d_b=16;m=2;gap=3;k=1;q=0;s=10,32,false,33,0.081,18,2,2048,0.137,18,2,true,1,0.008
dec-165,dec,d_b=16;m=2;gap=3;k=1;q=0;s=10,32,false,33,0.081,18,2,4096,0.136,18,2,true,1,0.008
dec-165,dec,d_b=16;m=2;gap=3;k=1;q=0;s=10,32,false,33,0.081,18,2,8192,0.136,18,2,true,1,0.008
dec-165,dec,d_b=16;m=2;gap=3;k=1;q=0;s=10,32,false,33,0.081,18,2,16384,0.135,18,2,true,1,0.008
mixed-055-0,mixed,seed=0xa2bc454c741015a0;cycles=10;planted=2;d_b=16;m=5;gap=2;k=1,48799985,true,2998272,0.371,147,10,1,0.133,153,142,false,0,0.000
mixed-055-0,mixed,seed=0xa2bc454c741015a0;cycles=10;planted=2;d_b=16;m=5;gap=2;k=1,48799985,true,2998272,0.371,147,10,2,0.182,153,142,false,1,0.041
mixed-055-0,mixed,seed=0xa2bc454c741015a0;cycles=10;planted=2;d_b=16;m=5;gap=2;k=1,48799985,true,2998272,0.371,147,10,4,0.161,153,142,false,1,0.024
mixed-055-0,mixed,seed=0xa2bc454c741015a0;cycles=10;planted=2;d_b=16;m=5;gap=2;k=1,48799985,true,2998272,0.371,147,10,8,0.214,153,142,false,2,0.044
mixed-055-0,mixed,seed=0xa2bc454c741015a0;cycles=10;planted=2;d_b=16;m=5;gap=2;k=1,48799985,true,2998272,0.371,147,10,16,0.351,153,142,false,2,0.048
mixed-055-0,mixed,seed=0xa2bc454c741015a0;cycles=10;planted=2;d_b=16;m=5;gap=2;k=1,48799985,true,2998272,0.371,147,10,32,0.519,153,142,false,2,0.042
mixed-055-0,mixed,seed=0xa2bc454c741015a0;cycles=10;planted=2;d_b=16;m=5;gap=2;k=1,48799985,true,2998272,0.371,147,10,64,0.987,147,10,false,3,0.050
mixed-055-0,mixed,seed=0xa2bc454c741015a0;cycles=10;planted=2;d_b=16;m=5;gap=2;k=1,48799985,true,2998272,0.371,147,10,128,1.044,147,10,true,4,0.056
mixed-055-0,mixed,seed=0xa2bc454c741015a0;cycles=10;planted=2;d_b=16;m=5;gap=2;k=1,48799985,true,2998272,0.371,147,10,256,0.997,147,10,true,4,0.049
mixed-055-0,mixed,seed=0xa2bc454c741015a0;cycles=10;planted=2;d_b=16;m=5;gap=2;k=1,48799985,true,2998272,0.371,147,10,512,0.979,147,10,true,4,0.046
mixed-055-0,mixed,seed=0xa2bc454c741015a0;cycles=10;planted=2;d_b=16;m=5;gap=2;k=1,48799985,true,2998272,0.371,147,10,1024,0.985,147,10,true,4,0.046
mixed-055-0,mixed,seed=0xa2bc454c741015a0;cycles=10;planted=2;d_b=16;m=5;gap=2;k=1,48799985,true,2998272,0.371,147,10,2048,0.979,147,10,true,4,0.047
mixed-055-0,mixed,seed=0xa2bc454c741015a0;cycles=10;planted=2;d_b=16;m=5;gap=2;k=1,48799985,true,2998272,0.371,147,10,4096,0.991,147,10,true,4,0.044
mixed-055-0,mixed,seed=0xa2bc454c741015a0;cycles=10;planted=2;d_b=16;m=5;gap=2;k=1,48799985,true,2998272,0.371,147,10,8192,1.019,147,10,true,4,0.049
mixed-055-0,mixed,seed=0xa2bc454c741015a0;cycles=10;planted=2;d_b=16;m=5;gap=2;k=1,48799985,true,2998272,0.371,147,10,16384,0.945,147,10,true,4,0.042
dec-166,dec,d_b=16;m=2;gap=3;k=2;q=0;s=10,48,false,49,0.107,18,2,1,0.015,21,20,false,0,0.000
dec-166,dec,d_b=16;m=2;gap=3;k=2;q=0;s=10,48,false,49,0.107,18,2,2,0.020,21,20,false,0,0.000
dec-166,dec,d_b=16;m=2;gap=3;k=2;q=0;s=10,48,false,49,0.107,18,2,4,0.029,21,20,false,0,0.000
dec-166,dec,d_b=16;m=2;gap=3;k=2;q=0;s=10,48,false,49,0.107,18,2,8,0.051,21,20,false,0,0.000
dec-166,dec,d_b=16;m=2;gap=3;k=2;q=0;s=10,48,false,49,0.107,18,2,16,0.089,21,20,false,0,0.000
dec-166,dec,d_b=16;m=2;gap=3;k=2;q=0;s=10,48,false,49,0.107,18,2,32,0.208,18,2,false,0,0.000
dec-166,dec,d_b=16;m=2;gap=3;k=2;q=0;s=10,48,false,49,0.107,18,2,64,0.268,18,2,true,1,0.010
dec-166,dec,d_b=16;m=2;gap=3;k=2;q=0;s=10,48,false,49,0.107,18,2,128,0.263,18,2,true,1,0.008
dec-166,dec,d_b=16;m=2;gap=3;k=2;q=0;s=10,48,false,49,0.107,18,2,256,0.289,18,2,true,1,0.011
dec-166,dec,d_b=16;m=2;gap=3;k=2;q=0;s=10,48,false,49,0.107,18,2,512,0.266,18,2,true,1,0.008
dec-166,dec,d_b=16;m=2;gap=3;k=2;q=0;s=10,48,false,49,0.107,18,2,1024,0.296,18,2,true,1,0.012
dec-166,dec,d_b=16;m=2;gap=3;k=2;q=0;s=10,48,false,49,0.107,18,2,2048,0.264,18,2,true,1,0.007
dec-166,dec,d_b=16;m=2;gap=3;k=2;q=0;s=10,48,false,49,0.107,18,2,4096,0.274,18,2,true,1,0.008
dec-166,dec,d_b=16;m=2;gap=3;k=2;q=0;s=10,48,false,49,0.107,18,2,8192,0.260,18,2,true,1,0.006
dec-166,dec,d_b=16;m=2;gap=3;k=2;q=0;s=10,48,false,49,0.107,18,2,16384,0.258,18,2,true,1,0.006
mixed-055-1,mixed,seed=0xb78c982bb76362c4;cycles=10;planted=2;d_b=16;m=5;gap=2;k=1,32963203,false,1981158,0.355,136,6,1,0.089,142,138,false,0,0.000
mixed-055-1,mixed,seed=0xb78c982bb76362c4;cycles=10;planted=2;d_b=16;m=5;gap=2;k=1,32963203,false,1981158,0.355,136,6,2,0.075,142,138,false,0,0.000
mixed-055-1,mixed,seed=0xb78c982bb76362c4;cycles=10;planted=2;d_b=16;m=5;gap=2;k=1,32963203,false,1981158,0.355,136,6,4,0.130,142,138,false,1,0.041
mixed-055-1,mixed,seed=0xb78c982bb76362c4;cycles=10;planted=2;d_b=16;m=5;gap=2;k=1,32963203,false,1981158,0.355,136,6,8,0.147,142,138,false,1,0.024
mixed-055-1,mixed,seed=0xb78c982bb76362c4;cycles=10;planted=2;d_b=16;m=5;gap=2;k=1,32963203,false,1981158,0.355,136,6,16,0.208,142,138,false,1,0.021
mixed-055-1,mixed,seed=0xb78c982bb76362c4;cycles=10;planted=2;d_b=16;m=5;gap=2;k=1,32963203,false,1981158,0.355,136,6,32,0.366,139,72,false,1,0.021
mixed-055-1,mixed,seed=0xb78c982bb76362c4;cycles=10;planted=2;d_b=16;m=5;gap=2;k=1,32963203,false,1981158,0.355,136,6,64,0.727,136,6,true,3,0.028
mixed-055-1,mixed,seed=0xb78c982bb76362c4;cycles=10;planted=2;d_b=16;m=5;gap=2;k=1,32963203,false,1981158,0.355,136,6,128,0.735,136,6,true,3,0.027
mixed-055-1,mixed,seed=0xb78c982bb76362c4;cycles=10;planted=2;d_b=16;m=5;gap=2;k=1,32963203,false,1981158,0.355,136,6,256,0.713,136,6,true,3,0.025
mixed-055-1,mixed,seed=0xb78c982bb76362c4;cycles=10;planted=2;d_b=16;m=5;gap=2;k=1,32963203,false,1981158,0.355,136,6,512,0.703,136,6,true,3,0.025
mixed-055-1,mixed,seed=0xb78c982bb76362c4;cycles=10;planted=2;d_b=16;m=5;gap=2;k=1,32963203,false,1981158,0.355,136,6,1024,0.716,136,6,true,3,0.025
mixed-055-1,mixed,seed=0xb78c982bb76362c4;cycles=10;planted=2;d_b=16;m=5;gap=2;k=1,32963203,false,1981158,0.355,136,6,2048,0.703,136,6,true,3,0.025
mixed-055-1,mixed,seed=0xb78c982bb76362c4;cycles=10;planted=2;d_b=16;m=5;gap=2;k=1,32963203,false,1981158,0.355,136,6,4096,0.706,136,6,true,3,0.025
mixed-055-1,mixed,seed=0xb78c982bb76362c4;cycles=10;planted=2;d_b=16;m=5;gap=2;k=1,32963203,false,1981158,0.355,136,6,8192,0.699,136,6,true,3,0.024
mixed-055-1,mixed,seed=0xb78c982bb76362c4;cycles=10;planted=2;d_b=16;m=5;gap=2;k=1,32963203,false,1981158,0.355,136,6,16384,0.713,136,6,true,3,0.024
dec-167,dec,d_b=16;m=2;gap=3;k=4;q=0;s=10,80,false,81,0.175,18,2,1,0.016,21,20,false,0,0.000
dec-167,dec,d_b=16;m=2;gap=3;k=4;q=0;s=10,80,false,81,0.175,18,2,2,0.021,21,20,false,0,0.000
dec-167,dec,d_b=16;m=2;gap=3;k=4;q=0;s=10,80,false,81,0.175,18,2,4,0.031,21,20,false,0,0.000
dec-167,dec,d_b=16;m=2;gap=3;k=4;q=0;s=10,80,false,81,0.175,18,2,8,0.050,21,20,false,0,0.000
dec-167,dec,d_b=16;m=2;gap=3;k=4;q=0;s=10,80,false,81,0.175,18,2,16,0.092,21,20,false,0,0.000
dec-167,dec,d_b=16;m=2;gap=3;k=4;q=0;s=10,80,false,81,0.175,18,2,32,0.184,21,20,false,0,0.000
dec-167,dec,d_b=16;m=2;gap=3;k=4;q=0;s=10,80,false,81,0.175,18,2,64,0.536,18,2,false,0,0.000
dec-167,dec,d_b=16;m=2;gap=3;k=4;q=0;s=10,80,false,81,0.175,18,2,128,0.535,18,2,true,1,0.008
dec-167,dec,d_b=16;m=2;gap=3;k=4;q=0;s=10,80,false,81,0.175,18,2,256,0.515,18,2,true,1,0.005
dec-167,dec,d_b=16;m=2;gap=3;k=4;q=0;s=10,80,false,81,0.175,18,2,512,0.503,18,2,true,1,0.004
dec-167,dec,d_b=16;m=2;gap=3;k=4;q=0;s=10,80,false,81,0.175,18,2,1024,0.517,18,2,true,1,0.004
dec-167,dec,d_b=16;m=2;gap=3;k=4;q=0;s=10,80,false,81,0.175,18,2,2048,0.500,18,2,true,1,0.004
dec-167,dec,d_b=16;m=2;gap=3;k=4;q=0;s=10,80,false,81,0.175,18,2,4096,0.500,18,2,true,1,0.004
dec-167,dec,d_b=16;m=2;gap=3;k=4;q=0;s=10,80,false,81,0.175,18,2,8192,0.496,18,2,true,1,0.004
dec-167,dec,d_b=16;m=2;gap=3;k=4;q=0;s=10,80,false,81,0.175,18,2,16384,0.500,18,2,true,1,0.004
mixed-055-2,mixed,seed=0xb59556f955ff90c7;cycles=10;planted=2;d_b=16;m=5;gap=2;k=1,47315079,true,2910208,0.360,139,8,1,0.159,145,140,false,1,0.039
mixed-055-2,mixed,seed=0xb59556f955ff90c7;cycles=10;planted=2;d_b=16;m=5;gap=2;k=1,47315079,true,2910208,0.360,139,8,2,0.142,145,140,false,1,0.024
mixed-055-2,mixed,seed=0xb59556f955ff90c7;cycles=10;planted=2;d_b=16;m=5;gap=2;k=1,47315079,true,2910208,0.360,139,8,4,0.158,145,140,false,2,0.041
mixed-055-2,mixed,seed=0xb59556f955ff90c7;cycles=10;planted=2;d_b=16;m=5;gap=2;k=1,47315079,true,2910208,0.360,139,8,8,0.211,145,140,false,2,0.041
mixed-055-2,mixed,seed=0xb59556f955ff90c7;cycles=10;planted=2;d_b=16;m=5;gap=2;k=1,47315079,true,2910208,0.360,139,8,16,0.303,145,140,false,2,0.040
mixed-055-2,mixed,seed=0xb59556f955ff90c7;cycles=10;planted=2;d_b=16;m=5;gap=2;k=1,47315079,true,2910208,0.360,139,8,32,0.500,145,140,false,2,0.039
mixed-055-2,mixed,seed=0xb59556f955ff90c7;cycles=10;planted=2;d_b=16;m=5;gap=2;k=1,47315079,true,2910208,0.360,139,8,64,1.035,139,8,true,4,0.045
mixed-055-2,mixed,seed=0xb59556f955ff90c7;cycles=10;planted=2;d_b=16;m=5;gap=2;k=1,47315079,true,2910208,0.360,139,8,128,0.975,139,8,true,4,0.045
mixed-055-2,mixed,seed=0xb59556f955ff90c7;cycles=10;planted=2;d_b=16;m=5;gap=2;k=1,47315079,true,2910208,0.360,139,8,256,0.947,139,8,true,4,0.043
mixed-055-2,mixed,seed=0xb59556f955ff90c7;cycles=10;planted=2;d_b=16;m=5;gap=2;k=1,47315079,true,2910208,0.360,139,8,512,0.955,139,8,true,4,0.043
mixed-055-2,mixed,seed=0xb59556f955ff90c7;cycles=10;planted=2;d_b=16;m=5;gap=2;k=1,47315079,true,2910208,0.360,139,8,1024,0.946,139,8,true,4,0.042
mixed-055-2,mixed,seed=0xb59556f955ff90c7;cycles=10;planted=2;d_b=16;m=5;gap=2;k=1,47315079,true,2910208,0.360,139,8,2048,0.974,139,8,true,4,0.044
mixed-055-2,mixed,seed=0xb59556f955ff90c7;cycles=10;planted=2;d_b=16;m=5;gap=2;k=1,47315079,true,2910208,0.360,139,8,4096,1.032,139,8,true,4,0.053
mixed-055-2,mixed,seed=0xb59556f955ff90c7;cycles=10;planted=2;d_b=16;m=5;gap=2;k=1,47315079,true,2910208,0.360,139,8,8192,0.943,139,8,true,4,0.042
mixed-055-2,mixed,seed=0xb59556f955ff90c7;cycles=10;planted=2;d_b=16;m=5;gap=2;k=1,47315079,true,2910208,0.360,139,8,16384,0.957,139,8,true,4,0.044
dec-168,dec,d_b=16;m=2;gap=7;k=1;q=0;s=12,32,false,33,0.068,18,2,1,0.014,25,24,false,0,0.000
dec-168,dec,d_b=16;m=2;gap=7;k=1;q=0;s=12,32,false,33,0.068,18,2,2,0.021,25,24,false,0,0.000
dec-168,dec,d_b=16;m=2;gap=7;k=1;q=0;s=12,32,false,33,0.068,18,2,4,0.029,25,24,false,0,0.000
dec-168,dec,d_b=16;m=2;gap=7;k=1;q=0;s=12,32,false,33,0.068,18,2,8,0.049,25,24,false,0,0.000
dec-168,dec,d_b=16;m=2;gap=7;k=1;q=0;s=12,32,false,33,0.068,18,2,16,0.105,18,2,false,0,0.000
dec-168,dec,d_b=16;m=2;gap=7;k=1;q=0;s=12,32,false,33,0.068,18,2,32,0.162,18,2,true,1,0.009
dec-168,dec,d_b=16;m=2;gap=7;k=1;q=0;s=12,32,false,33,0.068,18,2,64,0.162,18,2,true,1,0.009
dec-168,dec,d_b=16;m=2;gap=7;k=1;q=0;s=12,32,false,33,0.068,18,2,128,0.158,18,2,true,1,0.008
dec-168,dec,d_b=16;m=2;gap=7;k=1;q=0;s=12,32,false,33,0.068,18,2,256,0.158,18,2,true,1,0.007
dec-168,dec,d_b=16;m=2;gap=7;k=1;q=0;s=12,32,false,33,0.068,18,2,512,0.156,18,2,true,1,0.007
dec-168,dec,d_b=16;m=2;gap=7;k=1;q=0;s=12,32,false,33,0.068,18,2,1024,0.156,18,2,true,1,0.007
dec-168,dec,d_b=16;m=2;gap=7;k=1;q=0;s=12,32,false,33,0.068,18,2,2048,0.162,18,2,true,1,0.007
dec-168,dec,d_b=16;m=2;gap=7;k=1;q=0;s=12,32,false,33,0.068,18,2,4096,0.154,18,2,true,1,0.007
dec-168,dec,d_b=16;m=2;gap=7;k=1;q=0;s=12,32,false,33,0.068,18,2,8192,0.154,18,2,true,1,0.007
dec-168,dec,d_b=16;m=2;gap=7;k=1;q=0;s=12,32,false,33,0.068,18,2,16384,0.155,18,2,true,1,0.007
mixed-056-0,mixed,seed=0xd52abcf54d1ea1b2;cycles=10;planted=3;d_b=4;m=2;gap=1;k=2,27,false,29,0.046,15,4,1,0.044,15,4,true,1,0.035
mixed-056-0,mixed,seed=0xd52abcf54d1ea1b2;cycles=10;planted=3;d_b=4;m=2;gap=1;k=2,27,false,29,0.046,15,4,2,0.048,15,4,true,1,0.038
mixed-056-0,mixed,seed=0xd52abcf54d1ea1b2;cycles=10;planted=3;d_b=4;m=2;gap=1;k=2,27,false,29,0.046,15,4,4,0.042,15,4,true,1,0.034
mixed-056-0,mixed,seed=0xd52abcf54d1ea1b2;cycles=10;planted=3;d_b=4;m=2;gap=1;k=2,27,false,29,0.046,15,4,8,0.043,15,4,true,1,0.034
mixed-056-0,mixed,seed=0xd52abcf54d1ea1b2;cycles=10;planted=3;d_b=4;m=2;gap=1;k=2,27,false,29,0.046,15,4,16,0.044,15,4,true,1,0.035
mixed-056-0,mixed,seed=0xd52abcf54d1ea1b2;cycles=10;planted=3;d_b=4;m=2;gap=1;k=2,27,false,29,0.046,15,4,32,0.064,15,4,true,1,0.047
mixed-056-0,mixed,seed=0xd52abcf54d1ea1b2;cycles=10;planted=3;d_b=4;m=2;gap=1;k=2,27,false,29,0.046,15,4,64,0.053,15,4,true,1,0.041
mixed-056-0,mixed,seed=0xd52abcf54d1ea1b2;cycles=10;planted=3;d_b=4;m=2;gap=1;k=2,27,false,29,0.046,15,4,128,0.040,15,4,true,1,0.032
mixed-056-0,mixed,seed=0xd52abcf54d1ea1b2;cycles=10;planted=3;d_b=4;m=2;gap=1;k=2,27,false,29,0.046,15,4,256,0.042,15,4,true,1,0.034
mixed-056-0,mixed,seed=0xd52abcf54d1ea1b2;cycles=10;planted=3;d_b=4;m=2;gap=1;k=2,27,false,29,0.046,15,4,512,0.040,15,4,true,1,0.032
mixed-056-0,mixed,seed=0xd52abcf54d1ea1b2;cycles=10;planted=3;d_b=4;m=2;gap=1;k=2,27,false,29,0.046,15,4,1024,0.040,15,4,true,1,0.032
mixed-056-0,mixed,seed=0xd52abcf54d1ea1b2;cycles=10;planted=3;d_b=4;m=2;gap=1;k=2,27,false,29,0.046,15,4,2048,0.039,15,4,true,1,0.031
mixed-056-0,mixed,seed=0xd52abcf54d1ea1b2;cycles=10;planted=3;d_b=4;m=2;gap=1;k=2,27,false,29,0.046,15,4,4096,0.040,15,4,true,1,0.032
mixed-056-0,mixed,seed=0xd52abcf54d1ea1b2;cycles=10;planted=3;d_b=4;m=2;gap=1;k=2,27,false,29,0.046,15,4,8192,0.039,15,4,true,1,0.031
mixed-056-0,mixed,seed=0xd52abcf54d1ea1b2;cycles=10;planted=3;d_b=4;m=2;gap=1;k=2,27,false,29,0.046,15,4,16384,0.039,15,4,true,1,0.031
dec-169,dec,d_b=16;m=2;gap=7;k=2;q=0;s=12,48,false,49,0.092,18,2,1,0.016,25,24,false,0,0.000
dec-169,dec,d_b=16;m=2;gap=7;k=2;q=0;s=12,48,false,49,0.092,18,2,2,0.022,25,24,false,0,0.000
dec-169,dec,d_b=16;m=2;gap=7;k=2;q=0;s=12,48,false,49,0.092,18,2,4,0.033,25,24,false,0,0.000
dec-169,dec,d_b=16;m=2;gap=7;k=2;q=0;s=12,48,false,49,0.092,18,2,8,0.051,25,24,false,0,0.000
dec-169,dec,d_b=16;m=2;gap=7;k=2;q=0;s=12,48,false,49,0.092,18,2,16,0.105,18,2,false,0,0.000
dec-169,dec,d_b=16;m=2;gap=7;k=2;q=0;s=12,48,false,49,0.092,18,2,32,0.224,18,2,false,0,0.000
dec-169,dec,d_b=16;m=2;gap=7;k=2;q=0;s=12,48,false,49,0.092,18,2,64,0.304,18,2,true,1,0.005
dec-169,dec,d_b=16;m=2;gap=7;k=2;q=0;s=12,48,false,49,0.092,18,2,128,0.285,18,2,true,1,0.005
dec-169,dec,d_b=16;m=2;gap=7;k=2;q=0;s=12,48,false,49,0.092,18,2,256,0.281,18,2,true,1,0.004
dec-169,dec,d_b=16;m=2;gap=7;k=2;q=0;s=12,48,false,49,0.092,18,2,512,0.286,18,2,true,1,0.004
dec-169,dec,d_b=16;m=2;gap=7;k=2;q=0;s=12,48,false,49,0.092,18,2,1024,0.280,18,2,true,1,0.004
dec-169,dec,d_b=16;m=2;gap=7;k=2;q=0;s=12,48,false,49,0.092,18,2,2048,0.284,18,2,true,1,0.004
dec-169,dec,d_b=16;m=2;gap=7;k=2;q=0;s=12,48,false,49,0.092,18,2,4096,0.280,18,2,true,1,0.004
dec-169,dec,d_b=16;m=2;gap=7;k=2;q=0;s=12,48,false,49,0.092,18,2,8192,0.282,18,2,true,1,0.004
dec-169,dec,d_b=16;m=2;gap=7;k=2;q=0;s=12,48,false,49,0.092,18,2,16384,0.278,18,2,true,1,0.004
mixed-056-1,mixed,seed=0x7d1ce9d8e98567a8;cycles=10;planted=3;d_b=4;m=2;gap=1;k=2,14,false,15,0.025,8,2,1,0.026,8,2,true,1,0.020
mixed-056-1,mixed,seed=0x7d1ce9d8e98567a8;cycles=10;planted=3;d_b=4;m=2;gap=1;k=2,14,false,15,0.025,8,2,2,0.025,8,2,true,1,0.019
mixed-056-1,mixed,seed=0x7d1ce9d8e98567a8;cycles=10;planted=3;d_b=4;m=2;gap=1;k=2,14,false,15,0.025,8,2,4,0.024,8,2,true,1,0.018
mixed-056-1,mixed,seed=0x7d1ce9d8e98567a8;cycles=10;planted=3;d_b=4;m=2;gap=1;k=2,14,false,15,0.025,8,2,8,0.024,8,2,true,1,0.018
mixed-056-1,mixed,seed=0x7d1ce9d8e98567a8;cycles=10;planted=3;d_b=4;m=2;gap=1;k=2,14,false,15,0.025,8,2,16,0.023,8,2,true,1,0.017
mixed-056-1,mixed,seed=0x7d1ce9d8e98567a8;cycles=10;planted=3;d_b=4;m=2;gap=1;k=2,14,false,15,0.025,8,2,32,0.024,8,2,true,1,0.017
mixed-056-1,mixed,seed=0x7d1ce9d8e98567a8;cycles=10;planted=3;d_b=4;m=2;gap=1;k=2,14,false,15,0.025,8,2,64,0.023,8,2,true,1,0.017
mixed-056-1,mixed,seed=0x7d1ce9d8e98567a8;cycles=10;planted=3;d_b=4;m=2;gap=1;k=2,14,false,15,0.025,8,2,128,0.023,8,2,true,1,0.017
mixed-056-1,mixed,seed=0x7d1ce9d8e98567a8;cycles=10;planted=3;d_b=4;m=2;gap=1;k=2,14,false,15,0.025,8,2,256,0.023,8,2,true,1,0.017
mixed-056-1,mixed,seed=0x7d1ce9d8e98567a8;cycles=10;planted=3;d_b=4;m=2;gap=1;k=2,14,false,15,0.025,8,2,512,0.023,8,2,true,1,0.017
mixed-056-1,mixed,seed=0x7d1ce9d8e98567a8;cycles=10;planted=3;d_b=4;m=2;gap=1;k=2,14,false,15,0.025,8,2,1024,0.023,8,2,true,1,0.017
mixed-056-1,mixed,seed=0x7d1ce9d8e98567a8;cycles=10;planted=3;d_b=4;m=2;gap=1;k=2,14,false,15,0.025,8,2,2048,0.023,8,2,true,1,0.017
mixed-056-1,mixed,seed=0x7d1ce9d8e98567a8;cycles=10;planted=3;d_b=4;m=2;gap=1;k=2,14,false,15,0.025,8,2,4096,0.023,8,2,true,1,0.017
mixed-056-1,mixed,seed=0x7d1ce9d8e98567a8;cycles=10;planted=3;d_b=4;m=2;gap=1;k=2,14,false,15,0.025,8,2,8192,0.023,8,2,true,1,0.017
mixed-056-1,mixed,seed=0x7d1ce9d8e98567a8;cycles=10;planted=3;d_b=4;m=2;gap=1;k=2,14,false,15,0.025,8,2,16384,0.023,8,2,true,1,0.017
dec-170,dec,d_b=16;m=2;gap=7;k=4;q=0;s=12,80,false,81,0.153,18,2,1,0.016,25,24,false,0,0.000
dec-170,dec,d_b=16;m=2;gap=7;k=4;q=0;s=12,80,false,81,0.153,18,2,2,0.023,25,24,false,0,0.000
dec-170,dec,d_b=16;m=2;gap=7;k=4;q=0;s=12,80,false,81,0.153,18,2,4,0.033,25,24,false,0,0.000
dec-170,dec,d_b=16;m=2;gap=7;k=4;q=0;s=12,80,false,81,0.153,18,2,8,0.055,25,24,false,0,0.000
dec-170,dec,d_b=16;m=2;gap=7;k=4;q=0;s=12,80,false,81,0.153,18,2,16,0.097,25,24,false,0,0.000
dec-170,dec,d_b=16;m=2;gap=7;k=4;q=0;s=12,80,false,81,0.153,18,2,32,0.213,18,2,false,0,0.000
dec-170,dec,d_b=16;m=2;gap=7;k=4;q=0;s=12,80,false,81,0.153,18,2,64,0.447,18,2,false,0,0.000
dec-170,dec,d_b=16;m=2;gap=7;k=4;q=0;s=12,80,false,81,0.153,18,2,128,0.552,18,2,true,1,0.004
dec-170,dec,d_b=16;m=2;gap=7;k=4;q=0;s=12,80,false,81,0.153,18,2,256,0.542,18,2,true,1,0.004
dec-170,dec,d_b=16;m=2;gap=7;k=4;q=0;s=12,80,false,81,0.153,18,2,512,0.543,18,2,true,1,0.004
dec-170,dec,d_b=16;m=2;gap=7;k=4;q=0;s=12,80,false,81,0.153,18,2,1024,0.540,18,2,true,1,0.004
dec-170,dec,d_b=16;m=2;gap=7;k=4;q=0;s=12,80,false,81,0.153,18,2,2048,0.539,18,2,true,1,0.004
dec-170,dec,d_b=16;m=2;gap=7;k=4;q=0;s=12,80,false,81,0.153,18,2,4096,0.535,18,2,true,1,0.004
dec-170,dec,d_b=16;m=2;gap=7;k=4;q=0;s=12,80,false,81,0.153,18,2,8192,0.545,18,2,true,1,0.003
dec-170,dec,d_b=16;m=2;gap=7;k=4;q=0;s=12,80,false,81,0.153,18,2,16384,0.536,18,2,true,1,0.003
mixed-056-2,mixed,seed=0x706142b2df47d373;cycles=10;planted=3;d_b=4;m=2;gap=1;k=2,32963176,false,1981130,0.080,23,8,1,0.157,23,8,true,2,0.101
mixed-056-2,mixed,seed=0x706142b2df47d373;cycles=10;planted=3;d_b=4;m=2;gap=1;k=2,32963176,false,1981130,0.080,23,8,2,0.125,23,8,true,2,0.079
mixed-056-2,mixed,seed=0x706142b2df47d373;cycles=10;planted=3;d_b=4;m=2;gap=1;k=2,32963176,false,1981130,0.080,23,8,4,0.128,23,8,true,2,0.079
mixed-056-2,mixed,seed=0x706142b2df47d373;cycles=10;planted=3;d_b=4;m=2;gap=1;k=2,32963176,false,1981130,0.080,23,8,8,0.112,23,8,true,2,0.071
mixed-056-2,mixed,seed=0x706142b2df47d373;cycles=10;planted=3;d_b=4;m=2;gap=1;k=2,32963176,false,1981130,0.080,23,8,16,0.106,23,8,true,2,0.069
mixed-056-2,mixed,seed=0x706142b2df47d373;cycles=10;planted=3;d_b=4;m=2;gap=1;k=2,32963176,false,1981130,0.080,23,8,32,0.103,23,8,true,2,0.066
mixed-056-2,mixed,seed=0x706142b2df47d373;cycles=10;planted=3;d_b=4;m=2;gap=1;k=2,32963176,false,1981130,0.080,23,8,64,0.097,23,8,true,2,0.063
mixed-056-2,mixed,seed=0x706142b2df47d373;cycles=10;planted=3;d_b=4;m=2;gap=1;k=2,32963176,false,1981130,0.080,23,8,128,0.095,23,8,true,2,0.062
mixed-056-2,mixed,seed=0x706142b2df47d373;cycles=10;planted=3;d_b=4;m=2;gap=1;k=2,32963176,false,1981130,0.080,23,8,256,0.094,23,8,true,2,0.062
mixed-056-2,mixed,seed=0x706142b2df47d373;cycles=10;planted=3;d_b=4;m=2;gap=1;k=2,32963176,false,1981130,0.080,23,8,512,0.098,23,8,true,2,0.064
mixed-056-2,mixed,seed=0x706142b2df47d373;cycles=10;planted=3;d_b=4;m=2;gap=1;k=2,32963176,false,1981130,0.080,23,8,1024,0.105,23,8,true,2,0.073
mixed-056-2,mixed,seed=0x706142b2df47d373;cycles=10;planted=3;d_b=4;m=2;gap=1;k=2,32963176,false,1981130,0.080,23,8,2048,0.102,23,8,true,2,0.061
mixed-056-2,mixed,seed=0x706142b2df47d373;cycles=10;planted=3;d_b=4;m=2;gap=1;k=2,32963176,false,1981130,0.080,23,8,4096,0.093,23,8,true,2,0.061
mixed-056-2,mixed,seed=0x706142b2df47d373;cycles=10;planted=3;d_b=4;m=2;gap=1;k=2,32963176,false,1981130,0.080,23,8,8192,0.092,23,8,true,2,0.060
mixed-056-2,mixed,seed=0x706142b2df47d373;cycles=10;planted=3;d_b=4;m=2;gap=1;k=2,32963176,false,1981130,0.080,23,8,16384,0.092,23,8,true,2,0.061
dec-171,dec,d_b=16;m=2;gap=13;k=1;q=0;s=15,32,false,33,0.055,18,2,1,0.015,31,30,false,0,0.000
dec-171,dec,d_b=16;m=2;gap=13;k=1;q=0;s=15,32,false,33,0.055,18,2,2,0.025,31,30,false,0,0.000
dec-171,dec,d_b=16;m=2;gap=13;k=1;q=0;s=15,32,false,33,0.055,18,2,4,0.043,18,2,false,0,0.000
dec-171,dec,d_b=16;m=2;gap=13;k=1;q=0;s=15,32,false,33,0.055,18,2,8,0.070,18,2,false,0,0.000
dec-171,dec,d_b=16;m=2;gap=13;k=1;q=0;s=15,32,false,33,0.055,18,2,16,0.119,18,2,false,0,0.000
dec-171,dec,d_b=16;m=2;gap=13;k=1;q=0;s=15,32,false,33,0.055,18,2,32,0.205,18,2,true,1,0.007
dec-171,dec,d_b=16;m=2;gap=13;k=1;q=0;s=15,32,false,33,0.055,18,2,64,0.199,18,2,true,1,0.007
dec-171,dec,d_b=16;m=2;gap=13;k=1;q=0;s=15,32,false,33,0.055,18,2,128,0.198,18,2,true,1,0.005
dec-171,dec,d_b=16;m=2;gap=13;k=1;q=0;s=15,32,false,33,0.055,18,2,256,0.197,18,2,true,1,0.006
dec-171,dec,d_b=16;m=2;gap=13;k=1;q=0;s=15,32,false,33,0.055,18,2,512,0.214,18,2,true,1,0.007
dec-171,dec,d_b=16;m=2;gap=13;k=1;q=0;s=15,32,false,33,0.055,18,2,1024,0.225,18,2,true,1,0.010
dec-171,dec,d_b=16;m=2;gap=13;k=1;q=0;s=15,32,false,33,0.055,18,2,2048,0.194,18,2,true,1,0.006
dec-171,dec,d_b=16;m=2;gap=13;k=1;q=0;s=15,32,false,33,0.055,18,2,4096,0.197,18,2,true,1,0.005
dec-171,dec,d_b=16;m=2;gap=13;k=1;q=0;s=15,32,false,33,0.055,18,2,8192,0.192,18,2,true,1,0.005
dec-171,dec,d_b=16;m=2;gap=13;k=1;q=0;s=15,32,false,33,0.055,18,2,16384,0.196,18,2,true,1,0.005
mixed-057-0,mixed,seed=0xd0921ac0d289ca8f;cycles=10;planted=3;d_b=8;m=3;gap=2;k=2,73,false,85,0.204,55,6,1,0.053,64,60,false,0,0.000
mixed-057-0,mixed,seed=0xd0921ac0d289ca8f;cycles=10;planted=3;d_b=8;m=3;gap=2;k=2,73,false,85,0.204,55,6,2,0.056,64,60,false,0,0.000
mixed-057-0,mixed,seed=0xd0921ac0d289ca8f;cycles=10;planted=3;d_b=8;m=3;gap=2;k=2,73,false,85,0.204,55,6,4,0.060,64,60,false,0,0.000
mixed-057-0,mixed,seed=0xd0921ac0d289ca8f;cycles=10;planted=3;d_b=8;m=3;gap=2;k=2,73,false,85,0.204,55,6,8,0.098,64,60,false,0,0.000
mixed-057-0,mixed,seed=0xd0921ac0d289ca8f;cycles=10;planted=3;d_b=8;m=3;gap=2;k=2,73,false,85,0.204,55,6,16,0.168,64,60,false,0,0.000
mixed-057-0,mixed,seed=0xd0921ac0d289ca8f;cycles=10;planted=3;d_b=8;m=3;gap=2;k=2,73,false,85,0.204,55,6,32,0.318,55,6,false,0,0.000
mixed-057-0,mixed,seed=0xd0921ac0d289ca8f;cycles=10;planted=3;d_b=8;m=3;gap=2;k=2,73,false,85,0.204,55,6,64,0.595,55,6,true,3,0.015
mixed-057-0,mixed,seed=0xd0921ac0d289ca8f;cycles=10;planted=3;d_b=8;m=3;gap=2;k=2,73,false,85,0.204,55,6,128,0.562,55,6,true,3,0.014
mixed-057-0,mixed,seed=0xd0921ac0d289ca8f;cycles=10;planted=3;d_b=8;m=3;gap=2;k=2,73,false,85,0.204,55,6,256,0.566,55,6,true,3,0.013
mixed-057-0,mixed,seed=0xd0921ac0d289ca8f;cycles=10;planted=3;d_b=8;m=3;gap=2;k=2,73,false,85,0.204,55,6,512,0.553,55,6,true,3,0.013
mixed-057-0,mixed,seed=0xd0921ac0d289ca8f;cycles=10;planted=3;d_b=8;m=3;gap=2;k=2,73,false,85,0.204,55,6,1024,0.559,55,6,true,3,0.013
mixed-057-0,mixed,seed=0xd0921ac0d289ca8f;cycles=10;planted=3;d_b=8;m=3;gap=2;k=2,73,false,85,0.204,55,6,2048,0.562,55,6,true,3,0.013
mixed-057-0,mixed,seed=0xd0921ac0d289ca8f;cycles=10;planted=3;d_b=8;m=3;gap=2;k=2,73,false,85,0.204,55,6,4096,0.575,55,6,true,3,0.013
mixed-057-0,mixed,seed=0xd0921ac0d289ca8f;cycles=10;planted=3;d_b=8;m=3;gap=2;k=2,73,false,85,0.204,55,6,8192,0.549,55,6,true,3,0.012
mixed-057-0,mixed,seed=0xd0921ac0d289ca8f;cycles=10;planted=3;d_b=8;m=3;gap=2;k=2,73,false,85,0.204,55,6,16384,0.561,55,6,true,3,0.013
dec-172,dec,d_b=16;m=2;gap=13;k=2;q=0;s=15,48,false,49,0.067,18,2,1,0.016,31,30,false,0,0.000
dec-172,dec,d_b=16;m=2;gap=13;k=2;q=0;s=15,48,false,49,0.067,18,2,2,0.023,31,30,false,0,0.000
dec-172,dec,d_b=16;m=2;gap=13;k=2;q=0;s=15,48,false,49,0.067,18,2,4,0.032,31,30,false,0,0.000
dec-172,dec,d_b=16;m=2;gap=13;k=2;q=0;s=15,48,false,49,0.067,18,2,8,0.075,18,2,false,0,0.000
dec-172,dec,d_b=16;m=2;gap=13;k=2;q=0;s=15,48,false,49,0.067,18,2,16,0.123,18,2,false,0,0.000
dec-172,dec,d_b=16;m=2;gap=13;k=2;q=0;s=15,48,false,49,0.067,18,2,32,0.243,18,2,false,0,0.000
dec-172,dec,d_b=16;m=2;gap=13;k=2;q=0;s=15,48,false,49,0.067,18,2,64,0.332,18,2,true,1,0.005
dec-172,dec,d_b=16;m=2;gap=13;k=2;q=0;s=15,48,false,49,0.067,18,2,128,0.337,18,2,true,1,0.005
dec-172,dec,d_b=16;m=2;gap=13;k=2;q=0;s=15,48,false,49,0.067,18,2,256,0.328,18,2,true,1,0.004
dec-172,dec,d_b=16;m=2;gap=13;k=2;q=0;s=15,48,false,49,0.067,18,2,512,0.332,18,2,true,1,0.004
dec-172,dec,d_b=16;m=2;gap=13;k=2;q=0;s=15,48,false,49,0.067,18,2,1024,0.324,18,2,true,1,0.004
dec-172,dec,d_b=16;m=2;gap=13;k=2;q=0;s=15,48,false,49,0.067,18,2,2048,0.329,18,2,true,1,0.004
dec-172,dec,d_b=16;m=2;gap=13;k=2;q=0;s=15,48,false,49,0.067,18,2,4096,0.321,18,2,true,1,0.004
dec-172,dec,d_b=16;m=2;gap=13;k=2;q=0;s=15,48,false,49,0.067,18,2,8192,0.340,18,2,true,1,0.004
dec-172,dec,d_b=16;m=2;gap=13;k=2;q=0;s=15,48,false,49,0.067,18,2,16384,0.358,18,2,true,1,0.009
mixed-057-1,mixed,seed=0x73a1674904a933a5;cycles=10;planted=3;d_b=8;m=3;gap=2;k=2,73,false,85,0.190,55,6,1,0.047,64,60,false,0,0.000
mixed-057-1,mixed,seed=0x73a1674904a933a5;cycles=10;planted=3;d_b=8;m=3;gap=2;k=2,73,false,85,0.190,55,6,2,0.048,64,60,false,0,0.000
mixed-057-1,mixed,seed=0x73a1674904a933a5;cycles=10;planted=3;d_b=8;m=3;gap=2;k=2,73,false,85,0.190,55,6,4,0.058,64,60,false,0,0.000
mixed-057-1,mixed,seed=0x73a1674904a933a5;cycles=10;planted=3;d_b=8;m=3;gap=2;k=2,73,false,85,0.190,55,6,8,0.095,64,60,false,0,0.000
mixed-057-1,mixed,seed=0x73a1674904a933a5;cycles=10;planted=3;d_b=8;m=3;gap=2;k=2,73,false,85,0.190,55,6,16,0.161,64,60,false,0,0.000
mixed-057-1,mixed,seed=0x73a1674904a933a5;cycles=10;planted=3;d_b=8;m=3;gap=2;k=2,73,false,85,0.190,55,6,32,0.309,55,6,false,0,0.000
mixed-057-1,mixed,seed=0x73a1674904a933a5;cycles=10;planted=3;d_b=8;m=3;gap=2;k=2,73,false,85,0.190,55,6,64,0.567,55,6,true,3,0.013
mixed-057-1,mixed,seed=0x73a1674904a933a5;cycles=10;planted=3;d_b=8;m=3;gap=2;k=2,73,false,85,0.190,55,6,128,0.556,55,6,true,3,0.013
mixed-057-1,mixed,seed=0x73a1674904a933a5;cycles=10;planted=3;d_b=8;m=3;gap=2;k=2,73,false,85,0.190,55,6,256,0.561,55,6,true,3,0.013
mixed-057-1,mixed,seed=0x73a1674904a933a5;cycles=10;planted=3;d_b=8;m=3;gap=2;k=2,73,false,85,0.190,55,6,512,0.554,55,6,true,3,0.012
mixed-057-1,mixed,seed=0x73a1674904a933a5;cycles=10;planted=3;d_b=8;m=3;gap=2;k=2,73,false,85,0.190,55,6,1024,0.572,55,6,true,3,0.013
mixed-057-1,mixed,seed=0x73a1674904a933a5;cycles=10;planted=3;d_b=8;m=3;gap=2;k=2,73,false,85,0.190,55,6,2048,0.550,55,6,true,3,0.012
mixed-057-1,mixed,seed=0x73a1674904a933a5;cycles=10;planted=3;d_b=8;m=3;gap=2;k=2,73,false,85,0.190,55,6,4096,0.562,55,6,true,3,0.013
mixed-057-1,mixed,seed=0x73a1674904a933a5;cycles=10;planted=3;d_b=8;m=3;gap=2;k=2,73,false,85,0.190,55,6,8192,0.549,55,6,true,3,0.012
mixed-057-1,mixed,seed=0x73a1674904a933a5;cycles=10;planted=3;d_b=8;m=3;gap=2;k=2,73,false,85,0.190,55,6,16384,0.562,55,6,true,3,0.012
dec-173,dec,d_b=16;m=2;gap=13;k=4;q=0;s=15,80,false,81,0.103,18,2,1,0.018,31,30,false,0,0.000
dec-173,dec,d_b=16;m=2;gap=13;k=4;q=0;s=15,80,false,81,0.103,18,2,2,0.025,31,30,false,0,0.000
dec-173,dec,d_b=16;m=2;gap=13;k=4;q=0;s=15,80,false,81,0.103,18,2,4,0.040,31,30,false,0,0.000
dec-173,dec,d_b=16;m=2;gap=13;k=4;q=0;s=15,80,false,81,0.103,18,2,8,0.063,31,30,false,0,0.000
dec-173,dec,d_b=16;m=2;gap=13;k=4;q=0;s=15,80,false,81,0.103,18,2,16,0.138,18,2,false,0,0.000
dec-173,dec,d_b=16;m=2;gap=13;k=4;q=0;s=15,80,false,81,0.103,18,2,32,0.241,18,2,false,0,0.000
dec-173,dec,d_b=16;m=2;gap=13;k=4;q=0;s=15,80,false,81,0.103,18,2,64,0.502,18,2,false,0,0.000
dec-173,dec,d_b=16;m=2;gap=13;k=4;q=0;s=15,80,false,81,0.103,18,2,128,0.665,18,2,true,1,0.004
dec-173,dec,d_b=16;m=2;gap=13;k=4;q=0;s=15,80,false,81,0.103,18,2,256,0.642,18,2,true,1,0.004
dec-173,dec,d_b=16;m=2;gap=13;k=4;q=0;s=15,80,false,81,0.103,18,2,512,0.647,18,2,true,1,0.004
dec-173,dec,d_b=16;m=2;gap=13;k=4;q=0;s=15,80,false,81,0.103,18,2,1024,0.634,18,2,true,1,0.004
dec-173,dec,d_b=16;m=2;gap=13;k=4;q=0;s=15,80,false,81,0.103,18,2,2048,0.630,18,2,true,1,0.004
dec-173,dec,d_b=16;m=2;gap=13;k=4;q=0;s=15,80,false,81,0.103,18,2,4096,0.633,18,2,true,1,0.004
dec-173,dec,d_b=16;m=2;gap=13;k=4;q=0;s=15,80,false,81,0.103,18,2,8192,0.627,18,2,true,1,0.003
dec-173,dec,d_b=16;m=2;gap=13;k=4;q=0;s=15,80,false,81,0.103,18,2,16384,0.639,18,2,true,1,0.004
mixed-057-2,mixed,seed=0x6bb60361f0098326;cycles=10;planted=3;d_b=8;m=3;gap=2;k=2,49,false,53,0.126,37,4,1,0.025,43,40,false,0,0.000
mixed-057-2,mixed,seed=0x6bb60361f0098326;cycles=10;planted=3;d_b=8;m=3;gap=2;k=2,49,false,53,0.126,37,4,2,0.024,43,40,false,0,0.000
mixed-057-2,mixed,seed=0x6bb60361f0098326;cycles=10;planted=3;d_b=8;m=3;gap=2;k=2,49,false,53,0.126,37,4,4,0.032,43,40,false,0,0.000
mixed-057-2,mixed,seed=0x6bb60361f0098326;cycles=10;planted=3;d_b=8;m=3;gap=2;k=2,49,false,53,0.126,37,4,8,0.054,43,40,false,0,0.000
mixed-057-2,mixed,seed=0x6bb60361f0098326;cycles=10;planted=3;d_b=8;m=3;gap=2;k=2,49,false,53,0.126,37,4,16,0.093,43,40,false,0,0.000
mixed-057-2,mixed,seed=0x6bb60361f0098326;cycles=10;planted=3;d_b=8;m=3;gap=2;k=2,49,false,53,0.126,37,4,32,0.188,37,4,false,0,0.000
mixed-057-2,mixed,seed=0x6bb60361f0098326;cycles=10;planted=3;d_b=8;m=3;gap=2;k=2,49,false,53,0.126,37,4,64,0.236,37,4,true,2,0.014
mixed-057-2,mixed,seed=0x6bb60361f0098326;cycles=10;planted=3;d_b=8;m=3;gap=2;k=2,49,false,53,0.126,37,4,128,0.234,37,4,true,2,0.009
mixed-057-2,mixed,seed=0x6bb60361f0098326;cycles=10;planted=3;d_b=8;m=3;gap=2;k=2,49,false,53,0.126,37,4,256,0.224,37,4,true,2,0.009
mixed-057-2,mixed,seed=0x6bb60361f0098326;cycles=10;planted=3;d_b=8;m=3;gap=2;k=2,49,false,53,0.126,37,4,512,0.222,37,4,true,2,0.009
mixed-057-2,mixed,seed=0x6bb60361f0098326;cycles=10;planted=3;d_b=8;m=3;gap=2;k=2,49,false,53,0.126,37,4,1024,0.221,37,4,true,2,0.009
mixed-057-2,mixed,seed=0x6bb60361f0098326;cycles=10;planted=3;d_b=8;m=3;gap=2;k=2,49,false,53,0.126,37,4,2048,0.217,37,4,true,2,0.009
mixed-057-2,mixed,seed=0x6bb60361f0098326;cycles=10;planted=3;d_b=8;m=3;gap=2;k=2,49,false,53,0.126,37,4,4096,0.219,37,4,true,2,0.009
mixed-057-2,mixed,seed=0x6bb60361f0098326;cycles=10;planted=3;d_b=8;m=3;gap=2;k=2,49,false,53,0.126,37,4,8192,0.215,37,4,true,2,0.008
mixed-057-2,mixed,seed=0x6bb60361f0098326;cycles=10;planted=3;d_b=8;m=3;gap=2;k=2,49,false,53,0.126,37,4,16384,0.217,37,4,true,2,0.009
dec-174,dec,d_b=16;m=3;gap=1;k=1;q=1;s=17,32,false,34,0.102,34,2,1,0.016,35,34,false,0,0.000
dec-174,dec,d_b=16;m=3;gap=1;k=1;q=1;s=17,32,false,34,0.102,34,2,2,0.026,35,34,false,0,0.000
dec-174,dec,d_b=16;m=3;gap=1;k=1;q=1;s=17,32,false,34,0.102,34,2,4,0.036,35,34,false,0,0.000
dec-174,dec,d_b=16;m=3;gap=1;k=1;q=1;s=17,32,false,34,0.102,34,2,8,0.058,35,34,false,0,0.000
dec-174,dec,d_b=16;m=3;gap=1;k=1;q=1;s=17,32,false,34,0.102,34,2,16,0.111,34,2,false,0,0.000
dec-174,dec,d_b=16;m=3;gap=1;k=1;q=1;s=17,32,false,34,0.102,34,2,32,0.214,34,2,true,1,0.008
dec-174,dec,d_b=16;m=3;gap=1;k=1;q=1;s=17,32,false,34,0.102,34,2,64,0.215,34,2,true,1,0.008
dec-174,dec,d_b=16;m=3;gap=1;k=1;q=1;s=17,32,false,34,0.102,34,2,128,0.210,34,2,true,1,0.007
dec-174,dec,d_b=16;m=3;gap=1;k=1;q=1;s=17,32,false,34,0.102,34,2,256,0.221,34,2,true,1,0.008
dec-174,dec,d_b=16;m=3;gap=1;k=1;q=1;s=17,32,false,34,0.102,34,2,512,0.205,34,2,true,1,0.007
dec-174,dec,d_b=16;m=3;gap=1;k=1;q=1;s=17,32,false,34,0.102,34,2,1024,0.204,34,2,true,1,0.006
dec-174,dec,d_b=16;m=3;gap=1;k=1;q=1;s=17,32,false,34,0.102,34,2,2048,0.201,34,2,true,1,0.006
dec-174,dec,d_b=16;m=3;gap=1;k=1;q=1;s=17,32,false,34,0.102,34,2,4096,0.204,34,2,true,1,0.006
dec-174,dec,d_b=16;m=3;gap=1;k=1;q=1;s=17,32,false,34,0.102,34,2,8192,0.199,34,2,true,1,0.006
dec-174,dec,d_b=16;m=3;gap=1;k=1;q=1;s=17,32,false,34,0.102,34,2,16384,0.203,34,2,true,1,0.006
mixed-058-0,mixed,seed=0xc716fe855ebe0113;cycles=10;planted=3;d_b=12;m=2;gap=6;k=4,49900429,true,3042304,0.344,52,12,1,0.122,73,66,false,0,0.000
mixed-058-0,mixed,seed=0xc716fe855ebe0113;cycles=10;planted=3;d_b=12;m=2;gap=6;k=4,49900429,true,3042304,0.344,52,12,2,0.123,73,66,false,0,0.000
mixed-058-0,mixed,seed=0xc716fe855ebe0113;cycles=10;planted=3;d_b=12;m=2;gap=6;k=4,49900429,true,3042304,0.344,52,12,4,0.161,73,66,false,1,0.040
mixed-058-0,mixed,seed=0xc716fe855ebe0113;cycles=10;planted=3;d_b=12;m=2;gap=6;k=4,49900429,true,3042304,0.344,52,12,8,0.209,73,66,false,2,0.047
mixed-058-0,mixed,seed=0xc716fe855ebe0113;cycles=10;planted=3;d_b=12;m=2;gap=6;k=4,49900429,true,3042304,0.344,52,12,16,0.252,73,66,false,2,0.044
mixed-058-0,mixed,seed=0xc716fe855ebe0113;cycles=10;planted=3;d_b=12;m=2;gap=6;k=4,49900429,true,3042304,0.344,52,12,32,0.358,73,66,false,2,0.041
mixed-058-0,mixed,seed=0xc716fe855ebe0113;cycles=10;planted=3;d_b=12;m=2;gap=6;k=4,49900429,true,3042304,0.344,52,12,64,0.656,52,12,false,2,0.039
mixed-058-0,mixed,seed=0xc716fe855ebe0113;cycles=10;planted=3;d_b=12;m=2;gap=6;k=4,49900429,true,3042304,0.344,52,12,128,1.255,52,12,false,3,0.044
mixed-058-0,mixed,seed=0xc716fe855ebe0113;cycles=10;planted=3;d_b=12;m=2;gap=6;k=4,49900429,true,3042304,0.344,52,12,256,1.721,52,12,true,5,0.050
mixed-058-0,mixed,seed=0xc716fe855ebe0113;cycles=10;planted=3;d_b=12;m=2;gap=6;k=4,49900429,true,3042304,0.344,52,12,512,1.680,52,12,true,5,0.049
mixed-058-0,mixed,seed=0xc716fe855ebe0113;cycles=10;planted=3;d_b=12;m=2;gap=6;k=4,49900429,true,3042304,0.344,52,12,1024,1.653,52,12,true,5,0.047
mixed-058-0,mixed,seed=0xc716fe855ebe0113;cycles=10;planted=3;d_b=12;m=2;gap=6;k=4,49900429,true,3042304,0.344,52,12,2048,1.688,52,12,true,5,0.047
mixed-058-0,mixed,seed=0xc716fe855ebe0113;cycles=10;planted=3;d_b=12;m=2;gap=6;k=4,49900429,true,3042304,0.344,52,12,4096,1.649,52,12,true,5,0.046
mixed-058-0,mixed,seed=0xc716fe855ebe0113;cycles=10;planted=3;d_b=12;m=2;gap=6;k=4,49900429,true,3042304,0.344,52,12,8192,1.698,52,12,true,5,0.047
mixed-058-0,mixed,seed=0xc716fe855ebe0113;cycles=10;planted=3;d_b=12;m=2;gap=6;k=4,49900429,true,3042304,0.344,52,12,16384,1.642,52,12,true,5,0.046
dec-175,dec,d_b=16;m=3;gap=1;k=2;q=1;s=17,48,false,50,0.166,34,2,1,0.019,35,34,false,0,0.000
dec-175,dec,d_b=16;m=3;gap=1;k=2;q=1;s=17,48,false,50,0.166,34,2,2,0.026,35,34,false,0,0.000
dec-175,dec,d_b=16;m=3;gap=1;k=2;q=1;s=17,48,false,50,0.166,34,2,4,0.038,35,34,false,0,0.000
dec-175,dec,d_b=16;m=3;gap=1;k=2;q=1;s=17,48,false,50,0.166,34,2,8,0.066,35,34,false,0,0.000
dec-175,dec,d_b=16;m=3;gap=1;k=2;q=1;s=17,48,false,50,0.166,34,2,16,0.117,35,34,false,0,0.000
dec-175,dec,d_b=16;m=3;gap=1;k=2;q=1;s=17,48,false,50,0.166,34,2,32,0.253,34,2,false,0,0.000
dec-175,dec,d_b=16;m=3;gap=1;k=2;q=1;s=17,48,false,50,0.166,34,2,64,0.390,34,2,true,1,0.004
dec-175,dec,d_b=16;m=3;gap=1;k=2;q=1;s=17,48,false,50,0.166,34,2,128,0.392,34,2,true,1,0.007
dec-175,dec,d_b=16;m=3;gap=1;k=2;q=1;s=17,48,false,50,0.166,34,2,256,0.386,34,2,true,1,0.003
dec-175,dec,d_b=16;m=3;gap=1;k=2;q=1;s=17,48,false,50,0.166,34,2,512,0.389,34,2,true,1,0.004
dec-175,dec,d_b=16;m=3;gap=1;k=2;q=1;s=17,48,false,50,0.166,34,2,1024,0.381,34,2,true,1,0.003
dec-175,dec,d_b=16;m=3;gap=1;k=2;q=1;s=17,48,false,50,0.166,34,2,2048,0.377,34,2,true,1,0.003
dec-175,dec,d_b=16;m=3;gap=1;k=2;q=1;s=17,48,false,50,0.166,34,2,4096,0.380,34,2,true,1,0.003
dec-175,dec,d_b=16;m=3;gap=1;k=2;q=1;s=17,48,false,50,0.166,34,2,8192,0.376,34,2,true,1,0.003
dec-175,dec,d_b=16;m=3;gap=1;k=2;q=1;s=17,48,false,50,0.166,34,2,16384,0.379,34,2,true,1,0.003
mixed-058-1,mixed,seed=0xa3ba13a299dda089;cycles=10;planted=3;d_b=12;m=2;gap=6;k=4,32963326,false,1981357,0.389,58,10,1,0.287,79,64,false,8,0.067
mixed-058-1,mixed,seed=0xa3ba13a299dda089;cycles=10;planted=3;d_b=12;m=2;gap=6;k=4,32963326,false,1981357,0.389,58,10,2,0.265,79,64,false,8,0.041
mixed-058-1,mixed,seed=0xa3ba13a299dda089;cycles=10;planted=3;d_b=12;m=2;gap=6;k=4,32963326,false,1981357,0.389,58,10,4,0.280,79,64,false,8,0.036
mixed-058-1,mixed,seed=0xa3ba13a299dda089;cycles=10;planted=3;d_b=12;m=2;gap=6;k=4,32963326,false,1981357,0.389,58,10,8,0.387,79,64,false,8,0.036
mixed-058-1,mixed,seed=0xa3ba13a299dda089;cycles=10;planted=3;d_b=12;m=2;gap=6;k=4,32963326,false,1981357,0.389,58,10,16,0.616,79,64,false,8,0.034
mixed-058-1,mixed,seed=0xa3ba13a299dda089;cycles=10;planted=3;d_b=12;m=2;gap=6;k=4,32963326,false,1981357,0.389,58,10,32,1.059,79,64,false,8,0.033
mixed-058-1,mixed,seed=0xa3ba13a299dda089;cycles=10;planted=3;d_b=12;m=2;gap=6;k=4,32963326,false,1981357,0.389,58,10,64,2.066,58,10,false,8,0.033
mixed-058-1,mixed,seed=0xa3ba13a299dda089;cycles=10;planted=3;d_b=12;m=2;gap=6;k=4,32963326,false,1981357,0.389,58,10,128,3.990,58,10,false,8,0.033
mixed-058-1,mixed,seed=0xa3ba13a299dda089;cycles=10;planted=3;d_b=12;m=2;gap=6;k=4,32963326,false,1981357,0.389,58,10,256,5.305,58,10,true,11,0.044
mixed-058-1,mixed,seed=0xa3ba13a299dda089;cycles=10;planted=3;d_b=12;m=2;gap=6;k=4,32963326,false,1981357,0.389,58,10,512,5.501,58,10,true,11,0.044
mixed-058-1,mixed,seed=0xa3ba13a299dda089;cycles=10;planted=3;d_b=12;m=2;gap=6;k=4,32963326,false,1981357,0.389,58,10,1024,5.364,58,10,true,11,0.045
mixed-058-1,mixed,seed=0xa3ba13a299dda089;cycles=10;planted=3;d_b=12;m=2;gap=6;k=4,32963326,false,1981357,0.389,58,10,2048,5.180,58,10,true,11,0.042
mixed-058-1,mixed,seed=0xa3ba13a299dda089;cycles=10;planted=3;d_b=12;m=2;gap=6;k=4,32963326,false,1981357,0.389,58,10,4096,5.264,58,10,true,11,0.042
mixed-058-1,mixed,seed=0xa3ba13a299dda089;cycles=10;planted=3;d_b=12;m=2;gap=6;k=4,32963326,false,1981357,0.389,58,10,8192,5.172,58,10,true,11,0.042
mixed-058-1,mixed,seed=0xa3ba13a299dda089;cycles=10;planted=3;d_b=12;m=2;gap=6;k=4,32963326,false,1981357,0.389,58,10,16384,5.266,58,10,true,11,0.042
dec-176,dec,d_b=16;m=3;gap=1;k=4;q=1;s=17,80,false,82,0.283,34,2,1,0.021,35,34,false,0,0.000
dec-176,dec,d_b=16;m=3;gap=1;k=4;q=1;s=17,80,false,82,0.283,34,2,2,0.029,35,34,false,0,0.000
dec-176,dec,d_b=16;m=3;gap=1;k=4;q=1;s=17,80,false,82,0.283,34,2,4,0.043,35,34,false,0,0.000
dec-176,dec,d_b=16;m=3;gap=1;k=4;q=1;s=17,80,false,82,0.283,34,2,8,0.075,35,34,false,0,0.000
dec-176,dec,d_b=16;m=3;gap=1;k=4;q=1;s=17,80,false,82,0.283,34,2,16,0.129,35,34,false,0,0.000
dec-176,dec,d_b=16;m=3;gap=1;k=4;q=1;s=17,80,false,82,0.283,34,2,32,0.262,35,34,false,0,0.000
dec-176,dec,d_b=16;m=3;gap=1;k=4;q=1;s=17,80,false,82,0.283,34,2,64,0.577,34,2,false,0,0.000
dec-176,dec,d_b=16;m=3;gap=1;k=4;q=1;s=17,80,false,82,0.283,34,2,128,0.745,34,2,true,0,0.000
dec-176,dec,d_b=16;m=3;gap=1;k=4;q=1;s=17,80,false,82,0.283,34,2,256,0.735,34,2,true,0,0.000
dec-176,dec,d_b=16;m=3;gap=1;k=4;q=1;s=17,80,false,82,0.283,34,2,512,0.739,34,2,true,0,0.000
dec-176,dec,d_b=16;m=3;gap=1;k=4;q=1;s=17,80,false,82,0.283,34,2,1024,0.729,34,2,true,0,0.000
dec-176,dec,d_b=16;m=3;gap=1;k=4;q=1;s=17,80,false,82,0.283,34,2,2048,0.734,34,2,true,0,0.000
dec-176,dec,d_b=16;m=3;gap=1;k=4;q=1;s=17,80,false,82,0.283,34,2,4096,0.730,34,2,true,0,0.000
dec-176,dec,d_b=16;m=3;gap=1;k=4;q=1;s=17,80,false,82,0.283,34,2,8192,0.739,34,2,true,0,0.000
dec-176,dec,d_b=16;m=3;gap=1;k=4;q=1;s=17,80,false,82,0.283,34,2,16384,0.725,34,2,true,0,0.000
mixed-058-2,mixed,seed=0x8e1cd60366327740;cycles=10;planted=3;d_b=12;m=2;gap=6;k=4,61,false,62,0.102,15,2,1,0.019,22,20,false,0,0.000
mixed-058-2,mixed,seed=0x8e1cd60366327740;cycles=10;planted=3;d_b=12;m=2;gap=6;k=4,61,false,62,0.102,15,2,2,0.020,22,20,false,0,0.000
mixed-058-2,mixed,seed=0x8e1cd60366327740;cycles=10;planted=3;d_b=12;m=2;gap=6;k=4,61,false,62,0.102,15,2,4,0.031,22,20,false,0,0.000
mixed-058-2,mixed,seed=0x8e1cd60366327740;cycles=10;planted=3;d_b=12;m=2;gap=6;k=4,61,false,62,0.102,15,2,8,0.053,22,20,false,0,0.000
mixed-058-2,mixed,seed=0x8e1cd60366327740;cycles=10;planted=3;d_b=12;m=2;gap=6;k=4,61,false,62,0.102,15,2,16,0.108,15,2,false,0,0.000
mixed-058-2,mixed,seed=0x8e1cd60366327740;cycles=10;planted=3;d_b=12;m=2;gap=6;k=4,61,false,62,0.102,15,2,32,0.206,15,2,false,0,0.000
mixed-058-2,mixed,seed=0x8e1cd60366327740;cycles=10;planted=3;d_b=12;m=2;gap=6;k=4,61,false,62,0.102,15,2,64,0.389,15,2,true,1,0.005
mixed-058-2,mixed,seed=0x8e1cd60366327740;cycles=10;planted=3;d_b=12;m=2;gap=6;k=4,61,false,62,0.102,15,2,128,0.385,15,2,true,1,0.005
mixed-058-2,mixed,seed=0x8e1cd60366327740;cycles=10;planted=3;d_b=12;m=2;gap=6;k=4,61,false,62,0.102,15,2,256,0.382,15,2,true,1,0.004
mixed-058-2,mixed,seed=0x8e1cd60366327740;cycles=10;planted=3;d_b=12;m=2;gap=6;k=4,61,false,62,0.102,15,2,512,0.382,15,2,true,1,0.004
mixed-058-2,mixed,seed=0x8e1cd60366327740;cycles=10;planted=3;d_b=12;m=2;gap=6;k=4,61,false,62,0.102,15,2,1024,0.380,15,2,true,1,0.004
mixed-058-2,mixed,seed=0x8e1cd60366327740;cycles=10;planted=3;d_b=12;m=2;gap=6;k=4,61,false,62,0.102,15,2,2048,0.380,15,2,true,1,0.004
mixed-058-2,mixed,seed=0x8e1cd60366327740;cycles=10;planted=3;d_b=12;m=2;gap=6;k=4,61,false,62,0.102,15,2,4096,0.378,15,2,true,1,0.004
mixed-058-2,mixed,seed=0x8e1cd60366327740;cycles=10;planted=3;d_b=12;m=2;gap=6;k=4,61,false,62,0.102,15,2,8192,0.380,15,2,true,1,0.004
mixed-058-2,mixed,seed=0x8e1cd60366327740;cycles=10;planted=3;d_b=12;m=2;gap=6;k=4,61,false,62,0.102,15,2,16384,0.378,15,2,true,1,0.004
dec-177,dec,d_b=16;m=3;gap=3;k=1;q=1;s=18,32,false,34,0.102,34,2,1,0.016,37,36,false,0,0.000
dec-177,dec,d_b=16;m=3;gap=3;k=1;q=1;s=18,32,false,34,0.102,34,2,2,0.027,37,36,false,0,0.000
dec-177,dec,d_b=16;m=3;gap=3;k=1;q=1;s=18,32,false,34,0.102,34,2,4,0.038,37,36,false,0,0.000
dec-177,dec,d_b=16;m=3;gap=3;k=1;q=1;s=18,32,false,34,0.102,34,2,8,0.061,37,36,false,0,0.000
dec-177,dec,d_b=16;m=3;gap=3;k=1;q=1;s=18,32,false,34,0.102,34,2,16,0.119,34,2,false,0,0.000
dec-177,dec,d_b=16;m=3;gap=3;k=1;q=1;s=18,32,false,34,0.102,34,2,32,0.221,34,2,true,1,0.009
dec-177,dec,d_b=16;m=3;gap=3;k=1;q=1;s=18,32,false,34,0.102,34,2,64,0.218,34,2,true,1,0.008
dec-177,dec,d_b=16;m=3;gap=3;k=1;q=1;s=18,32,false,34,0.102,34,2,128,0.222,34,2,true,1,0.007
dec-177,dec,d_b=16;m=3;gap=3;k=1;q=1;s=18,32,false,34,0.102,34,2,256,0.224,34,2,true,1,0.007
dec-177,dec,d_b=16;m=3;gap=3;k=1;q=1;s=18,32,false,34,0.102,34,2,512,0.210,34,2,true,1,0.006
dec-177,dec,d_b=16;m=3;gap=3;k=1;q=1;s=18,32,false,34,0.102,34,2,1024,0.210,34,2,true,1,0.006
dec-177,dec,d_b=16;m=3;gap=3;k=1;q=1;s=18,32,false,34,0.102,34,2,2048,0.210,34,2,true,1,0.006
dec-177,dec,d_b=16;m=3;gap=3;k=1;q=1;s=18,32,false,34,0.102,34,2,4096,0.210,34,2,true,1,0.007
dec-177,dec,d_b=16;m=3;gap=3;k=1;q=1;s=18,32,false,34,0.102,34,2,8192,0.209,34,2,true,1,0.006
dec-177,dec,d_b=16;m=3;gap=3;k=1;q=1;s=18,32,false,34,0.102,34,2,16384,0.208,34,2,true,1,0.006
mixed-059-0,mixed,seed=0x96512c2e64856700;cycles=10;planted=3;d_b=16;m=5;gap=2;k=1,66,false,72,0.308,134,4,1,0.057,140,136,false,0,0.000
mixed-059-0,mixed,seed=0x96512c2e64856700;cycles=10;planted=3;d_b=16;m=5;gap=2;k=1,66,false,72,0.308,134,4,2,0.065,140,136,false,0,0.000
mixed-059-0,mixed,seed=0x96512c2e64856700;cycles=10;planted=3;d_b=16;m=5;gap=2;k=1,66,false,72,0.308,134,4,4,0.069,140,136,false,0,0.000
mixed-059-0,mixed,seed=0x96512c2e64856700;cycles=10;planted=3;d_b=16;m=5;gap=2;k=1,66,false,72,0.308,134,4,8,0.118,140,136,false,0,0.000
mixed-059-0,mixed,seed=0x96512c2e64856700;cycles=10;planted=3;d_b=16;m=5;gap=2;k=1,66,false,72,0.308,134,4,16,0.214,140,136,false,0,0.000
mixed-059-0,mixed,seed=0x96512c2e64856700;cycles=10;planted=3;d_b=16;m=5;gap=2;k=1,66,false,72,0.308,134,4,32,0.406,140,136,false,0,0.000
mixed-059-0,mixed,seed=0x96512c2e64856700;cycles=10;planted=3;d_b=16;m=5;gap=2;k=1,66,false,72,0.308,134,4,64,0.859,134,4,true,2,0.007
mixed-059-0,mixed,seed=0x96512c2e64856700;cycles=10;planted=3;d_b=16;m=5;gap=2;k=1,66,false,72,0.308,134,4,128,0.897,134,4,true,2,0.006
mixed-059-0,mixed,seed=0x96512c2e64856700;cycles=10;planted=3;d_b=16;m=5;gap=2;k=1,66,false,72,0.308,134,4,256,0.847,134,4,true,2,0.006
mixed-059-0,mixed,seed=0x96512c2e64856700;cycles=10;planted=3;d_b=16;m=5;gap=2;k=1,66,false,72,0.308,134,4,512,0.841,134,4,true,2,0.006
mixed-059-0,mixed,seed=0x96512c2e64856700;cycles=10;planted=3;d_b=16;m=5;gap=2;k=1,66,false,72,0.308,134,4,1024,0.841,134,4,true,2,0.005
mixed-059-0,mixed,seed=0x96512c2e64856700;cycles=10;planted=3;d_b=16;m=5;gap=2;k=1,66,false,72,0.308,134,4,2048,0.836,134,4,true,2,0.005
mixed-059-0,mixed,seed=0x96512c2e64856700;cycles=10;planted=3;d_b=16;m=5;gap=2;k=1,66,false,72,0.308,134,4,4096,0.834,134,4,true,2,0.005
mixed-059-0,mixed,seed=0x96512c2e64856700;cycles=10;planted=3;d_b=16;m=5;gap=2;k=1,66,false,72,0.308,134,4,8192,0.835,134,4,true,2,0.005
mixed-059-0,mixed,seed=0x96512c2e64856700;cycles=10;planted=3;d_b=16;m=5;gap=2;k=1,66,false,72,0.308,134,4,16384,0.833,134,4,true,2,0.005
dec-178,dec,d_b=16;m=3;gap=3;k=2;q=1;s=18,48,false,50,0.170,34,2,1,0.017,37,36,false,0,0.000
dec-178,dec,d_b=16;m=3;gap=3;k=2;q=1;s=18,48,false,50,0.170,34,2,2,0.025,37,36,false,0,0.000
dec-178,dec,d_b=16;m=3;gap=3;k=2;q=1;s=18,48,false,50,0.170,34,2,4,0.038,37,36,false,0,0.000
dec-178,dec,d_b=16;m=3;gap=3;k=2;q=1;s=18,48,false,50,0.170,34,2,8,0.067,37,36,false,0,0.000
dec-178,dec,d_b=16;m=3;gap=3;k=2;q=1;s=18,48,false,50,0.170,34,2,16,0.125,37,36,false,0,0.000
dec-178,dec,d_b=16;m=3;gap=3;k=2;q=1;s=18,48,false,50,0.170,34,2,32,0.272,34,2,false,0,0.000
dec-178,dec,d_b=16;m=3;gap=3;k=2;q=1;s=18,48,false,50,0.170,34,2,64,0.428,34,2,true,1,0.004
dec-178,dec,d_b=16;m=3;gap=3;k=2;q=1;s=18,48,false,50,0.170,34,2,128,0.398,34,2,true,1,0.004
dec-178,dec,d_b=16;m=3;gap=3;k=2;q=1;s=18,48,false,50,0.170,34,2,256,0.393,34,2,true,1,0.004
dec-178,dec,d_b=16;m=3;gap=3;k=2;q=1;s=18,48,false,50,0.170,34,2,512,0.394,34,2,true,1,0.003
dec-178,dec,d_b=16;m=3;gap=3;k=2;q=1;s=18,48,false,50,0.170,34,2,1024,0.392,34,2,true,1,0.003
dec-178,dec,d_b=16;m=3;gap=3;k=2;q=1;s=18,48,false,50,0.170,34,2,2048,0.394,34,2,true,1,0.003
dec-178,dec,d_b=16;m=3;gap=3;k=2;q=1;s=18,48,false,50,0.170,34,2,4096,0.391,34,2,true,1,0.003
dec-178,dec,d_b=16;m=3;gap=3;k=2;q=1;s=18,48,false,50,0.170,34,2,8192,0.390,34,2,true,1,0.003
dec-178,dec,d_b=16;m=3;gap=3;k=2;q=1;s=18,48,false,50,0.170,34,2,16384,0.389,34,2,true,1,0.003
mixed-059-1,mixed,seed=0x4e8f822b54989a91;cycles=10;planted=3;d_b=16;m=5;gap=2;k=1,50532383,true,2988032,0.561,218,10,1,0.229,227,208,false,0,0.000
mixed-059-1,mixed,seed=0x4e8f822b54989a91;cycles=10;planted=3;d_b=16;m=5;gap=2;k=1,50532383,true,2988032,0.561,218,10,2,0.231,227,208,false,0,0.000
mixed-059-1,mixed,seed=0x4e8f822b54989a91;cycles=10;planted=3;d_b=16;m=5;gap=2;k=1,50532383,true,2988032,0.561,218,10,4,0.293,227,208,false,1,0.036
mixed-059-1,mixed,seed=0x4e8f822b54989a91;cycles=10;planted=3;d_b=16;m=5;gap=2;k=1,50532383,true,2988032,0.561,218,10,8,0.382,227,208,false,2,0.046
mixed-059-1,mixed,seed=0x4e8f822b54989a91;cycles=10;planted=3;d_b=16;m=5;gap=2;k=1,50532383,true,2988032,0.561,218,10,16,0.536,227,208,false,2,0.043
mixed-059-1,mixed,seed=0x4e8f822b54989a91;cycles=10;planted=3;d_b=16;m=5;gap=2;k=1,50532383,true,2988032,0.561,218,10,32,0.956,227,208,false,2,0.043
mixed-059-1,mixed,seed=0x4e8f822b54989a91;cycles=10;planted=3;d_b=16;m=5;gap=2;k=1,50532383,true,2988032,0.561,218,10,64,1.728,224,142,false,2,0.040
mixed-059-1,mixed,seed=0x4e8f822b54989a91;cycles=10;planted=3;d_b=16;m=5;gap=2;k=1,50532383,true,2988032,0.561,218,10,128,2.675,218,10,true,5,0.053
mixed-059-1,mixed,seed=0x4e8f822b54989a91;cycles=10;planted=3;d_b=16;m=5;gap=2;k=1,50532383,true,2988032,0.561,218,10,256,2.598,218,10,true,5,0.049
mixed-059-1,mixed,seed=0x4e8f822b54989a91;cycles=10;planted=3;d_b=16;m=5;gap=2;k=1,50532383,true,2988032,0.561,218,10,512,2.586,218,10,true,5,0.047
mixed-059-1,mixed,seed=0x4e8f822b54989a91;cycles=10;planted=3;d_b=16;m=5;gap=2;k=1,50532383,true,2988032,0.561,218,10,1024,2.681,218,10,true,5,0.050
mixed-059-1,mixed,seed=0x4e8f822b54989a91;cycles=10;planted=3;d_b=16;m=5;gap=2;k=1,50532383,true,2988032,0.561,218,10,2048,2.687,218,10,true,5,0.058
mixed-059-1,mixed,seed=0x4e8f822b54989a91;cycles=10;planted=3;d_b=16;m=5;gap=2;k=1,50532383,true,2988032,0.561,218,10,4096,2.581,218,10,true,5,0.048
mixed-059-1,mixed,seed=0x4e8f822b54989a91;cycles=10;planted=3;d_b=16;m=5;gap=2;k=1,50532383,true,2988032,0.561,218,10,8192,2.582,218,10,true,5,0.047
mixed-059-1,mixed,seed=0x4e8f822b54989a91;cycles=10;planted=3;d_b=16;m=5;gap=2;k=1,50532383,true,2988032,0.561,218,10,16384,2.573,218,10,true,5,0.047
dec-179,dec,d_b=16;m=3;gap=3;k=4;q=1;s=18,80,false,82,0.311,34,2,1,0.027,37,36,false,0,0.000
dec-179,dec,d_b=16;m=3;gap=3;k=4;q=1;s=18,80,false,82,0.311,34,2,2,0.030,37,36,false,0,0.000
dec-179,dec,d_b=16;m=3;gap=3;k=4;q=1;s=18,80,false,82,0.311,34,2,4,0.050,37,36,false,0,0.000
dec-179,dec,d_b=16;m=3;gap=3;k=4;q=1;s=18,80,false,82,0.311,34,2,8,0.082,37,36,false,0,0.000
dec-179,dec,d_b=16;m=3;gap=3;k=4;q=1;s=18,80,false,82,0.311,34,2,16,0.147,37,36,false,0,0.000
dec-179,dec,d_b=16;m=3;gap=3;k=4;q=1;s=18,80,false,82,0.311,34,2,32,0.277,37,36,false,0,0.000
dec-179,dec,d_b=16;m=3;gap=3;k=4;q=1;s=18,80,false,82,0.311,34,2,64,0.603,34,2,false,0,0.000
dec-179,dec,d_b=16;m=3;gap=3;k=4;q=1;s=18,80,false,82,0.311,34,2,128,0.785,34,2,true,0,0.000
dec-179,dec,d_b=16;m=3;gap=3;k=4;q=1;s=18,80,false,82,0.311,34,2,256,0.758,34,2,true,0,0.000
dec-179,dec,d_b=16;m=3;gap=3;k=4;q=1;s=18,80,false,82,0.311,34,2,512,0.750,34,2,true,0,0.000
dec-179,dec,d_b=16;m=3;gap=3;k=4;q=1;s=18,80,false,82,0.311,34,2,1024,0.749,34,2,true,0,0.000
dec-179,dec,d_b=16;m=3;gap=3;k=4;q=1;s=18,80,false,82,0.311,34,2,2048,0.745,34,2,true,0,0.000
dec-179,dec,d_b=16;m=3;gap=3;k=4;q=1;s=18,80,false,82,0.311,34,2,4096,0.748,34,2,true,0,0.000
dec-179,dec,d_b=16;m=3;gap=3;k=4;q=1;s=18,80,false,82,0.311,34,2,8192,0.743,34,2,true,0,0.000
dec-179,dec,d_b=16;m=3;gap=3;k=4;q=1;s=18,80,false,82,0.311,34,2,16384,0.791,34,2,true,0,0.000
mixed-059-2,mixed,seed=0x87d9e2f9348ac8a8;cycles=10;planted=3;d_b=16;m=5;gap=2;k=1,32963238,false,1981218,0.511,215,10,1,0.160,224,208,false,0,0.000
mixed-059-2,mixed,seed=0x87d9e2f9348ac8a8;cycles=10;planted=3;d_b=16;m=5;gap=2;k=1,32963238,false,1981218,0.511,215,10,2,0.165,224,208,false,0,0.000
mixed-059-2,mixed,seed=0x87d9e2f9348ac8a8;cycles=10;planted=3;d_b=16;m=5;gap=2;k=1,32963238,false,1981218,0.511,215,10,4,0.205,224,208,false,1,0.048
mixed-059-2,mixed,seed=0x87d9e2f9348ac8a8;cycles=10;planted=3;d_b=16;m=5;gap=2;k=1,32963238,false,1981218,0.511,215,10,8,0.231,224,208,false,1,0.026
mixed-059-2,mixed,seed=0x87d9e2f9348ac8a8;cycles=10;planted=3;d_b=16;m=5;gap=2;k=1,32963238,false,1981218,0.511,215,10,16,0.322,224,208,false,1,0.022
mixed-059-2,mixed,seed=0x87d9e2f9348ac8a8;cycles=10;planted=3;d_b=16;m=5;gap=2;k=1,32963238,false,1981218,0.511,215,10,32,0.536,224,208,false,1,0.022
mixed-059-2,mixed,seed=0x87d9e2f9348ac8a8;cycles=10;planted=3;d_b=16;m=5;gap=2;k=1,32963238,false,1981218,0.511,215,10,64,0.964,218,76,false,1,0.021
mixed-059-2,mixed,seed=0x87d9e2f9348ac8a8;cycles=10;planted=3;d_b=16;m=5;gap=2;k=1,32963238,false,1981218,0.511,215,10,128,1.475,215,10,true,4,0.031
mixed-059-2,mixed,seed=0x87d9e2f9348ac8a8;cycles=10;planted=3;d_b=16;m=5;gap=2;k=1,32963238,false,1981218,0.511,215,10,256,1.467,215,10,true,4,0.031
mixed-059-2,mixed,seed=0x87d9e2f9348ac8a8;cycles=10;planted=3;d_b=16;m=5;gap=2;k=1,32963238,false,1981218,0.511,215,10,512,1.448,215,10,true,4,0.028
mixed-059-2,mixed,seed=0x87d9e2f9348ac8a8;cycles=10;planted=3;d_b=16;m=5;gap=2;k=1,32963238,false,1981218,0.511,215,10,1024,1.447,215,10,true,4,0.028
mixed-059-2,mixed,seed=0x87d9e2f9348ac8a8;cycles=10;planted=3;d_b=16;m=5;gap=2;k=1,32963238,false,1981218,0.511,215,10,2048,1.440,215,10,true,4,0.028
mixed-059-2,mixed,seed=0x87d9e2f9348ac8a8;cycles=10;planted=3;d_b=16;m=5;gap=2;k=1,32963238,false,1981218,0.511,215,10,4096,1.451,215,10,true,4,0.027
mixed-059-2,mixed,seed=0x87d9e2f9348ac8a8;cycles=10;planted=3;d_b=16;m=5;gap=2;k=1,32963238,false,1981218,0.511,215,10,8192,1.438,215,10,true,4,0.027
mixed-059-2,mixed,seed=0x87d9e2f9348ac8a8;cycles=10;planted=3;d_b=16;m=5;gap=2;k=1,32963238,false,1981218,0.511,215,10,16384,1.428,215,10,true,4,0.027
dec-180,dec,d_b=16;m=3;gap=7;k=1;q=1;s=20,32,false,34,0.104,34,2,1,0.018,41,40,false,0,0.000
dec-180,dec,d_b=16;m=3;gap=7;k=1;q=1;s=20,32,false,34,0.104,34,2,2,0.030,41,40,false,0,0.000
dec-180,dec,d_b=16;m=3;gap=7;k=1;q=1;s=20,32,false,34,0.104,34,2,4,0.041,41,40,false,0,0.000
dec-180,dec,d_b=16;m=3;gap=7;k=1;q=1;s=20,32,false,34,0.104,34,2,8,0.068,41,40,false,0,0.000
dec-180,dec,d_b=16;m=3;gap=7;k=1;q=1;s=20,32,false,34,0.104,34,2,16,0.129,34,2,false,0,0.000
dec-180,dec,d_b=16;m=3;gap=7;k=1;q=1;s=20,32,false,34,0.104,34,2,32,0.247,34,2,true,1,0.006
dec-180,dec,d_b=16;m=3;gap=7;k=1;q=1;s=20,32,false,34,0.104,34,2,64,0.242,34,2,true,1,0.006
dec-180,dec,d_b=16;m=3;gap=7;k=1;q=1;s=20,32,false,34,0.104,34,2,128,0.240,34,2,true,1,0.005
dec-180,dec,d_b=16;m=3;gap=7;k=1;q=1;s=20,32,false,34,0.104,34,2,256,0.237,34,2,true,1,0.005
dec-180,dec,d_b=16;m=3;gap=7;k=1;q=1;s=20,32,false,34,0.104,34,2,512,0.239,34,2,true,1,0.005
dec-180,dec,d_b=16;m=3;gap=7;k=1;q=1;s=20,32,false,34,0.104,34,2,1024,0.235,34,2,true,1,0.004
dec-180,dec,d_b=16;m=3;gap=7;k=1;q=1;s=20,32,false,34,0.104,34,2,2048,0.236,34,2,true,1,0.004
dec-180,dec,d_b=16;m=3;gap=7;k=1;q=1;s=20,32,false,34,0.104,34,2,4096,0.236,34,2,true,1,0.004
dec-180,dec,d_b=16;m=3;gap=7;k=1;q=1;s=20,32,false,34,0.104,34,2,8192,0.235,34,2,true,1,0.004
dec-180,dec,d_b=16;m=3;gap=7;k=1;q=1;s=20,32,false,34,0.104,34,2,16384,0.233,34,2,true,1,0.004
dec-181,dec,d_b=16;m=3;gap=7;k=2;q=1;s=20,48,false,50,0.164,34,2,1,0.019,41,40,false,0,0.000
dec-181,dec,d_b=16;m=3;gap=7;k=2;q=1;s=20,48,false,50,0.164,34,2,2,0.028,41,40,false,0,0.000
dec-181,dec,d_b=16;m=3;gap=7;k=2;q=1;s=20,48,false,50,0.164,34,2,4,0.042,41,40,false,0,0.000
dec-181,dec,d_b=16;m=3;gap=7;k=2;q=1;s=20,48,false,50,0.164,34,2,8,0.076,41,40,false,0,0.000
dec-181,dec,d_b=16;m=3;gap=7;k=2;q=1;s=20,48,false,50,0.164,34,2,16,0.150,41,40,false,0,0.000
dec-181,dec,d_b=16;m=3;gap=7;k=2;q=1;s=20,48,false,50,0.164,34,2,32,0.297,34,2,false,0,0.000
dec-181,dec,d_b=16;m=3;gap=7;k=2;q=1;s=20,48,false,50,0.164,34,2,64,0.430,34,2,true,1,0.004
dec-181,dec,d_b=16;m=3;gap=7;k=2;q=1;s=20,48,false,50,0.164,34,2,128,0.418,34,2,true,1,0.004
dec-181,dec,d_b=16;m=3;gap=7;k=2;q=1;s=20,48,false,50,0.164,34,2,256,0.423,34,2,true,1,0.003
dec-181,dec,d_b=16;m=3;gap=7;k=2;q=1;s=20,48,false,50,0.164,34,2,512,0.427,34,2,true,1,0.003
dec-181,dec,d_b=16;m=3;gap=7;k=2;q=1;s=20,48,false,50,0.164,34,2,1024,0.419,34,2,true,1,0.003
dec-181,dec,d_b=16;m=3;gap=7;k=2;q=1;s=20,48,false,50,0.164,34,2,2048,0.412,34,2,true,1,0.003
dec-181,dec,d_b=16;m=3;gap=7;k=2;q=1;s=20,48,false,50,0.164,34,2,4096,0.416,34,2,true,1,0.003
dec-181,dec,d_b=16;m=3;gap=7;k=2;q=1;s=20,48,false,50,0.164,34,2,8192,0.410,34,2,true,1,0.003
dec-181,dec,d_b=16;m=3;gap=7;k=2;q=1;s=20,48,false,50,0.164,34,2,16384,0.414,34,2,true,1,0.003
dec-182,dec,d_b=16;m=3;gap=7;k=4;q=1;s=20,80,false,82,0.286,34,2,1,0.021,41,40,false,0,0.000
dec-182,dec,d_b=16;m=3;gap=7;k=4;q=1;s=20,80,false,82,0.286,34,2,2,0.030,41,40,false,0,0.000
dec-182,dec,d_b=16;m=3;gap=7;k=4;q=1;s=20,80,false,82,0.286,34,2,4,0.047,41,40,false,0,0.000
dec-182,dec,d_b=16;m=3;gap=7;k=4;q=1;s=20,80,false,82,0.286,34,2,8,0.082,41,40,false,0,0.000
dec-182,dec,d_b=16;m=3;gap=7;k=4;q=1;s=20,80,false,82,0.286,34,2,16,0.144,41,40,false,0,0.000
dec-182,dec,d_b=16;m=3;gap=7;k=4;q=1;s=20,80,false,82,0.286,34,2,32,0.300,34,2,false,0,0.000
dec-182,dec,d_b=16;m=3;gap=7;k=4;q=1;s=20,80,false,82,0.286,34,2,64,0.631,34,2,false,0,0.000
dec-182,dec,d_b=16;m=3;gap=7;k=4;q=1;s=20,80,false,82,0.286,34,2,128,0.822,34,2,true,0,0.000
dec-182,dec,d_b=16;m=3;gap=7;k=4;q=1;s=20,80,false,82,0.286,34,2,256,0.794,34,2,true,0,0.000
dec-182,dec,d_b=16;m=3;gap=7;k=4;q=1;s=20,80,false,82,0.286,34,2,512,0.808,34,2,true,0,0.000
dec-182,dec,d_b=16;m=3;gap=7;k=4;q=1;s=20,80,false,82,0.286,34,2,1024,0.785,34,2,true,0,0.000
dec-182,dec,d_b=16;m=3;gap=7;k=4;q=1;s=20,80,false,82,0.286,34,2,2048,0.784,34,2,true,0,0.000
dec-182,dec,d_b=16;m=3;gap=7;k=4;q=1;s=20,80,false,82,0.286,34,2,4096,0.783,34,2,true,0,0.000
dec-182,dec,d_b=16;m=3;gap=7;k=4;q=1;s=20,80,false,82,0.286,34,2,8192,0.814,34,2,true,0,0.000
dec-182,dec,d_b=16;m=3;gap=7;k=4;q=1;s=20,80,false,82,0.286,34,2,16384,0.782,34,2,true,0,0.000
dec-183,dec,d_b=16;m=3;gap=13;k=1;q=1;s=23,32,false,34,0.095,34,2,1,0.018,47,46,false,0,0.000
dec-183,dec,d_b=16;m=3;gap=13;k=1;q=1;s=23,32,false,34,0.095,34,2,2,0.030,47,46,false,0,0.000
dec-183,dec,d_b=16;m=3;gap=13;k=1;q=1;s=23,32,false,34,0.095,34,2,4,0.044,47,46,false,0,0.000
dec-183,dec,d_b=16;m=3;gap=13;k=1;q=1;s=23,32,false,34,0.095,34,2,8,0.075,47,46,false,0,0.000
dec-183,dec,d_b=16;m=3;gap=13;k=1;q=1;s=23,32,false,34,0.095,34,2,16,0.141,34,2,false,0,0.000
dec-183,dec,d_b=16;m=3;gap=13;k=1;q=1;s=23,32,false,34,0.095,34,2,32,0.253,34,2,true,1,0.005
dec-183,dec,d_b=16;m=3;gap=13;k=1;q=1;s=23,32,false,34,0.095,34,2,64,0.251,34,2,true,1,0.005
dec-183,dec,d_b=16;m=3;gap=13;k=1;q=1;s=23,32,false,34,0.095,34,2,128,0.248,34,2,true,1,0.005
dec-183,dec,d_b=16;m=3;gap=13;k=1;q=1;s=23,32,false,34,0.095,34,2,256,0.247,34,2,true,1,0.005
dec-183,dec,d_b=16;m=3;gap=13;k=1;q=1;s=23,32,false,34,0.095,34,2,512,0.248,34,2,true,1,0.004
dec-183,dec,d_b=16;m=3;gap=13;k=1;q=1;s=23,32,false,34,0.095,34,2,1024,0.246,34,2,true,1,0.004
dec-183,dec,d_b=16;m=3;gap=13;k=1;q=1;s=23,32,false,34,0.095,34,2,2048,0.245,34,2,true,1,0.004
dec-183,dec,d_b=16;m=3;gap=13;k=1;q=1;s=23,32,false,34,0.095,34,2,4096,0.246,34,2,true,1,0.004
dec-183,dec,d_b=16;m=3;gap=13;k=1;q=1;s=23,32,false,34,0.095,34,2,8192,0.245,34,2,true,1,0.004
dec-183,dec,d_b=16;m=3;gap=13;k=1;q=1;s=23,32,false,34,0.095,34,2,16384,0.247,34,2,true,1,0.004
dec-184,dec,d_b=16;m=3;gap=13;k=2;q=1;s=23,48,false,50,0.140,34,2,1,0.019,47,46,false,0,0.000
dec-184,dec,d_b=16;m=3;gap=13;k=2;q=1;s=23,48,false,50,0.140,34,2,2,0.028,47,46,false,0,0.000
dec-184,dec,d_b=16;m=3;gap=13;k=2;q=1;s=23,48,false,50,0.140,34,2,4,0.043,47,46,false,0,0.000
dec-184,dec,d_b=16;m=3;gap=13;k=2;q=1;s=23,48,false,50,0.140,34,2,8,0.077,47,46,false,0,0.000
dec-184,dec,d_b=16;m=3;gap=13;k=2;q=1;s=23,48,false,50,0.140,34,2,16,0.157,34,2,false,0,0.000
dec-184,dec,d_b=16;m=3;gap=13;k=2;q=1;s=23,48,false,50,0.140,34,2,32,0.319,34,2,false,0,0.000
dec-184,dec,d_b=16;m=3;gap=13;k=2;q=1;s=23,48,false,50,0.140,34,2,64,0.441,34,2,true,1,0.004
dec-184,dec,d_b=16;m=3;gap=13;k=2;q=1;s=23,48,false,50,0.140,34,2,128,0.444,34,2,true,1,0.003
dec-184,dec,d_b=16;m=3;gap=13;k=2;q=1;s=23,48,false,50,0.140,34,2,256,0.438,34,2,true,1,0.003
dec-184,dec,d_b=16;m=3;gap=13;k=2;q=1;s=23,48,false,50,0.140,34,2,512,0.441,34,2,true,1,0.003
dec-184,dec,d_b=16;m=3;gap=13;k=2;q=1;s=23,48,false,50,0.140,34,2,1024,0.437,34,2,true,1,0.003
dec-184,dec,d_b=16;m=3;gap=13;k=2;q=1;s=23,48,false,50,0.140,34,2,2048,0.438,34,2,true,1,0.003
dec-184,dec,d_b=16;m=3;gap=13;k=2;q=1;s=23,48,false,50,0.140,34,2,4096,0.447,34,2,true,1,0.003
dec-184,dec,d_b=16;m=3;gap=13;k=2;q=1;s=23,48,false,50,0.140,34,2,8192,0.436,34,2,true,1,0.003
dec-184,dec,d_b=16;m=3;gap=13;k=2;q=1;s=23,48,false,50,0.140,34,2,16384,0.434,34,2,true,1,0.003
dec-185,dec,d_b=16;m=3;gap=13;k=4;q=1;s=23,80,false,82,0.251,34,2,1,0.022,47,46,false,0,0.000
dec-185,dec,d_b=16;m=3;gap=13;k=4;q=1;s=23,80,false,82,0.251,34,2,2,0.032,47,46,false,0,0.000
dec-185,dec,d_b=16;m=3;gap=13;k=4;q=1;s=23,80,false,82,0.251,34,2,4,0.051,47,46,false,0,0.000
dec-185,dec,d_b=16;m=3;gap=13;k=4;q=1;s=23,80,false,82,0.251,34,2,8,0.085,47,46,false,0,0.000
dec-185,dec,d_b=16;m=3;gap=13;k=4;q=1;s=23,80,false,82,0.251,34,2,16,0.153,47,46,false,0,0.000
dec-185,dec,d_b=16;m=3;gap=13;k=4;q=1;s=23,80,false,82,0.251,34,2,32,0.324,34,2,false,0,0.000
dec-185,dec,d_b=16;m=3;gap=13;k=4;q=1;s=23,80,false,82,0.251,34,2,64,0.657,34,2,false,0,0.000
dec-185,dec,d_b=16;m=3;gap=13;k=4;q=1;s=23,80,false,82,0.251,34,2,128,0.834,34,2,true,0,0.000
dec-185,dec,d_b=16;m=3;gap=13;k=4;q=1;s=23,80,false,82,0.251,34,2,256,0.829,34,2,true,0,0.000
dec-185,dec,d_b=16;m=3;gap=13;k=4;q=1;s=23,80,false,82,0.251,34,2,512,0.829,34,2,true,0,0.000
dec-185,dec,d_b=16;m=3;gap=13;k=4;q=1;s=23,80,false,82,0.251,34,2,1024,0.823,34,2,true,0,0.000
dec-185,dec,d_b=16;m=3;gap=13;k=4;q=1;s=23,80,false,82,0.251,34,2,2048,0.823,34,2,true,0,0.000
dec-185,dec,d_b=16;m=3;gap=13;k=4;q=1;s=23,80,false,82,0.251,34,2,4096,0.822,34,2,true,0,0.000
dec-185,dec,d_b=16;m=3;gap=13;k=4;q=1;s=23,80,false,82,0.251,34,2,8192,0.823,34,2,true,0,0.000
dec-185,dec,d_b=16;m=3;gap=13;k=4;q=1;s=23,80,false,82,0.251,34,2,16384,0.822,34,2,true,0,0.000
dec-186,dec,d_b=16;m=5;gap=1;k=1;q=3;s=33,32,false,34,0.149,66,2,1,0.022,67,66,false,0,0.000
dec-186,dec,d_b=16;m=5;gap=1;k=1;q=3;s=33,32,false,34,0.149,66,2,2,0.038,67,66,false,0,0.000
dec-186,dec,d_b=16;m=5;gap=1;k=1;q=3;s=33,32,false,34,0.149,66,2,4,0.052,67,66,false,0,0.000
dec-186,dec,d_b=16;m=5;gap=1;k=1;q=3;s=33,32,false,34,0.149,66,2,8,0.089,67,66,false,0,0.000
dec-186,dec,d_b=16;m=5;gap=1;k=1;q=3;s=33,32,false,34,0.149,66,2,16,0.162,66,2,false,0,0.000
dec-186,dec,d_b=16;m=5;gap=1;k=1;q=3;s=33,32,false,34,0.149,66,2,32,0.332,66,2,true,1,0.003
dec-186,dec,d_b=16;m=5;gap=1;k=1;q=3;s=33,32,false,34,0.149,66,2,64,0.328,66,2,true,1,0.003
dec-186,dec,d_b=16;m=5;gap=1;k=1;q=3;s=33,32,false,34,0.149,66,2,128,0.327,66,2,true,1,0.003
dec-186,dec,d_b=16;m=5;gap=1;k=1;q=3;s=33,32,false,34,0.149,66,2,256,0.325,66,2,true,1,0.003
dec-186,dec,d_b=16;m=5;gap=1;k=1;q=3;s=33,32,false,34,0.149,66,2,512,0.328,66,2,true,1,0.006
dec-186,dec,d_b=16;m=5;gap=1;k=1;q=3;s=33,32,false,34,0.149,66,2,1024,0.323,66,2,true,1,0.003
dec-186,dec,d_b=16;m=5;gap=1;k=1;q=3;s=33,32,false,34,0.149,66,2,2048,0.324,66,2,true,1,0.003
dec-186,dec,d_b=16;m=5;gap=1;k=1;q=3;s=33,32,false,34,0.149,66,2,4096,0.321,66,2,true,1,0.003
dec-186,dec,d_b=16;m=5;gap=1;k=1;q=3;s=33,32,false,34,0.149,66,2,8192,0.323,66,2,true,1,0.003
dec-186,dec,d_b=16;m=5;gap=1;k=1;q=3;s=33,32,false,34,0.149,66,2,16384,0.321,66,2,true,1,0.003
dec-187,dec,d_b=16;m=5;gap=1;k=2;q=3;s=33,48,false,50,0.255,66,2,1,0.025,67,66,false,0,0.000
dec-187,dec,d_b=16;m=5;gap=1;k=2;q=3;s=33,48,false,50,0.255,66,2,2,0.042,67,66,false,0,0.000
dec-187,dec,d_b=16;m=5;gap=1;k=2;q=3;s=33,48,false,50,0.255,66,2,4,0.054,67,66,false,0,0.000
dec-187,dec,d_b=16;m=5;gap=1;k=2;q=3;s=33,48,false,50,0.255,66,2,8,0.106,67,66,false,0,0.000
dec-187,dec,d_b=16;m=5;gap=1;k=2;q=3;s=33,48,false,50,0.255,66,2,16,0.177,67,66,false,0,0.000
dec-187,dec,d_b=16;m=5;gap=1;k=2;q=3;s=33,48,false,50,0.255,66,2,32,0.380,66,2,false,0,0.000
dec-187,dec,d_b=16;m=5;gap=1;k=2;q=3;s=33,48,false,50,0.255,66,2,64,0.606,66,2,true,0,0.000
dec-187,dec,d_b=16;m=5;gap=1;k=2;q=3;s=33,48,false,50,0.255,66,2,128,0.606,66,2,true,0,0.000
dec-187,dec,d_b=16;m=5;gap=1;k=2;q=3;s=33,48,false,50,0.255,66,2,256,0.604,66,2,true,0,0.000
dec-187,dec,d_b=16;m=5;gap=1;k=2;q=3;s=33,48,false,50,0.255,66,2,512,0.600,66,2,true,0,0.000
dec-187,dec,d_b=16;m=5;gap=1;k=2;q=3;s=33,48,false,50,0.255,66,2,1024,0.596,66,2,true,0,0.000
dec-187,dec,d_b=16;m=5;gap=1;k=2;q=3;s=33,48,false,50,0.255,66,2,2048,0.597,66,2,true,0,0.000
dec-187,dec,d_b=16;m=5;gap=1;k=2;q=3;s=33,48,false,50,0.255,66,2,4096,0.594,66,2,true,0,0.000
dec-187,dec,d_b=16;m=5;gap=1;k=2;q=3;s=33,48,false,50,0.255,66,2,8192,0.597,66,2,true,0,0.000
dec-187,dec,d_b=16;m=5;gap=1;k=2;q=3;s=33,48,false,50,0.255,66,2,16384,0.594,66,2,true,0,0.000
dec-188,dec,d_b=16;m=5;gap=1;k=4;q=3;s=33,80,false,82,0.441,66,2,1,0.028,67,66,false,0,0.000
dec-188,dec,d_b=16;m=5;gap=1;k=4;q=3;s=33,80,false,82,0.441,66,2,2,0.041,67,66,false,0,0.000
dec-188,dec,d_b=16;m=5;gap=1;k=4;q=3;s=33,80,false,82,0.441,66,2,4,0.064,67,66,false,0,0.000
dec-188,dec,d_b=16;m=5;gap=1;k=4;q=3;s=33,80,false,82,0.441,66,2,8,0.110,67,66,false,0,0.000
dec-188,dec,d_b=16;m=5;gap=1;k=4;q=3;s=33,80,false,82,0.441,66,2,16,0.194,67,66,false,0,0.000
dec-188,dec,d_b=16;m=5;gap=1;k=4;q=3;s=33,80,false,82,0.441,66,2,32,0.399,67,66,false,0,0.000
dec-188,dec,d_b=16;m=5;gap=1;k=4;q=3;s=33,80,false,82,0.441,66,2,64,0.835,66,2,false,0,0.000
dec-188,dec,d_b=16;m=5;gap=1;k=4;q=3;s=33,80,false,82,0.441,66,2,128,1.048,66,2,true,0,0.000
dec-188,dec,d_b=16;m=5;gap=1;k=4;q=3;s=33,80,false,82,0.441,66,2,256,1.095,66,2,true,0,0.000
dec-188,dec,d_b=16;m=5;gap=1;k=4;q=3;s=33,80,false,82,0.441,66,2,512,1.034,66,2,true,0,0.000
dec-188,dec,d_b=16;m=5;gap=1;k=4;q=3;s=33,80,false,82,0.441,66,2,1024,1.036,66,2,true,0,0.000
dec-188,dec,d_b=16;m=5;gap=1;k=4;q=3;s=33,80,false,82,0.441,66,2,2048,1.031,66,2,true,0,0.000
dec-188,dec,d_b=16;m=5;gap=1;k=4;q=3;s=33,80,false,82,0.441,66,2,4096,1.028,66,2,true,0,0.000
dec-188,dec,d_b=16;m=5;gap=1;k=4;q=3;s=33,80,false,82,0.441,66,2,8192,1.029,66,2,true,0,0.000
dec-188,dec,d_b=16;m=5;gap=1;k=4;q=3;s=33,80,false,82,0.441,66,2,16384,1.025,66,2,true,0,0.000
dec-189,dec,d_b=16;m=5;gap=3;k=1;q=3;s=34,32,false,34,0.155,66,2,1,0.024,69,68,false,0,0.000
dec-189,dec,d_b=16;m=5;gap=3;k=1;q=3;s=34,32,false,34,0.155,66,2,2,0.039,69,68,false,0,0.000
dec-189,dec,d_b=16;m=5;gap=3;k=1;q=3;s=34,32,false,34,0.155,66,2,4,0.055,69,68,false,0,0.000
dec-189,dec,d_b=16;m=5;gap=3;k=1;q=3;s=34,32,false,34,0.155,66,2,8,0.089,69,68,false,0,0.000
dec-189,dec,d_b=16;m=5;gap=3;k=1;q=3;s=34,32,false,34,0.155,66,2,16,0.167,66,2,false,0,0.000
dec-189,dec,d_b=16;m=5;gap=3;k=1;q=3;s=34,32,false,34,0.155,66,2,32,0.340,66,2,true,1,0.004
dec-189,dec,d_b=16;m=5;gap=3;k=1;q=3;s=34,32,false,34,0.155,66,2,64,0.334,66,2,true,1,0.004
dec-189,dec,d_b=16;m=5;gap=3;k=1;q=3;s=34,32,false,34,0.155,66,2,128,0.329,66,2,true,1,0.003
dec-189,dec,d_b=16;m=5;gap=3;k=1;q=3;s=34,32,false,34,0.155,66,2,256,0.329,66,2,true,1,0.003
dec-189,dec,d_b=16;m=5;gap=3;k=1;q=3;s=34,32,false,34,0.155,66,2,512,0.325,66,2,true,1,0.003
dec-189,dec,d_b=16;m=5;gap=3;k=1;q=3;s=34,32,false,34,0.155,66,2,1024,0.336,66,2,true,1,0.004
dec-189,dec,d_b=16;m=5;gap=3;k=1;q=3;s=34,32,false,34,0.155,66,2,2048,0.335,66,2,true,1,0.003
dec-189,dec,d_b=16;m=5;gap=3;k=1;q=3;s=34,32,false,34,0.155,66,2,4096,0.325,66,2,true,1,0.003
dec-189,dec,d_b=16;m=5;gap=3;k=1;q=3;s=34,32,false,34,0.155,66,2,8192,0.326,66,2,true,1,0.006
dec-189,dec,d_b=16;m=5;gap=3;k=1;q=3;s=34,32,false,34,0.155,66,2,16384,0.326,66,2,true,1,0.003
dec-190,dec,d_b=16;m=5;gap=3;k=2;q=3;s=34,48,false,50,0.262,66,2,1,0.024,69,68,false,0,0.000
dec-190,dec,d_b=16;m=5;gap=3;k=2;q=3;s=34,48,false,50,0.262,66,2,2,0.038,69,68,false,0,0.000
dec-190,dec,d_b=16;m=5;gap=3;k=2;q=3;s=34,48,false,50,0.262,66,2,4,0.054,69,68,false,0,0.000
dec-190,dec,d_b=16;m=5;gap=3;k=2;q=3;s=34,48,false,50,0.262,66,2,8,0.099,69,68,false,0,0.000
dec-190,dec,d_b=16;m=5;gap=3;k=2;q=3;s=34,48,false,50,0.262,66,2,16,0.205,69,68,false,0,0.000
dec-190,dec,d_b=16;m=5;gap=3;k=2;q=3;s=34,48,false,50,0.262,66,2,32,0.385,66,2,false,0,0.000
dec-190,dec,d_b=16;m=5;gap=3;k=2;q=3;s=34,48,false,50,0.262,66,2,64,0.613,66,2,true,0,0.000
dec-190,dec,d_b=16;m=5;gap=3;k=2;q=3;s=34,48,false,50,0.262,66,2,128,0.613,66,2,true,0,0.000
dec-190,dec,d_b=16;m=5;gap=3;k=2;q=3;s=34,48,false,50,0.262,66,2,256,0.602,66,2,true,0,0.000
dec-190,dec,d_b=16;m=5;gap=3;k=2;q=3;s=34,48,false,50,0.262,66,2,512,0.607,66,2,true,0,0.000
dec-190,dec,d_b=16;m=5;gap=3;k=2;q=3;s=34,48,false,50,0.262,66,2,1024,0.602,66,2,true,0,0.000
dec-190,dec,d_b=16;m=5;gap=3;k=2;q=3;s=34,48,false,50,0.262,66,2,2048,0.604,66,2,true,0,0.000
dec-190,dec,d_b=16;m=5;gap=3;k=2;q=3;s=34,48,false,50,0.262,66,2,4096,0.621,66,2,true,0,0.000
dec-190,dec,d_b=16;m=5;gap=3;k=2;q=3;s=34,48,false,50,0.262,66,2,8192,0.616,66,2,true,0,0.000
dec-190,dec,d_b=16;m=5;gap=3;k=2;q=3;s=34,48,false,50,0.262,66,2,16384,0.597,66,2,true,0,0.000
dec-191,dec,d_b=16;m=5;gap=3;k=4;q=3;s=34,80,false,82,0.451,66,2,1,0.028,69,68,false,0,0.000
dec-191,dec,d_b=16;m=5;gap=3;k=4;q=3;s=34,80,false,82,0.451,66,2,2,0.042,69,68,false,0,0.000
dec-191,dec,d_b=16;m=5;gap=3;k=4;q=3;s=34,80,false,82,0.451,66,2,4,0.067,69,68,false,0,0.000
dec-191,dec,d_b=16;m=5;gap=3;k=4;q=3;s=34,80,false,82,0.451,66,2,8,0.115,69,68,false,0,0.000
dec-191,dec,d_b=16;m=5;gap=3;k=4;q=3;s=34,80,false,82,0.451,66,2,16,0.198,69,68,false,0,0.000
dec-191,dec,d_b=16;m=5;gap=3;k=4;q=3;s=34,80,false,82,0.451,66,2,32,0.393,69,68,false,0,0.000
dec-191,dec,d_b=16;m=5;gap=3;k=4;q=3;s=34,80,false,82,0.451,66,2,64,0.830,66,2,false,0,0.000
dec-191,dec,d_b=16;m=5;gap=3;k=4;q=3;s=34,80,false,82,0.451,66,2,128,1.071,66,2,true,0,0.000
dec-191,dec,d_b=16;m=5;gap=3;k=4;q=3;s=34,80,false,82,0.451,66,2,256,1.060,66,2,true,0,0.000
dec-191,dec,d_b=16;m=5;gap=3;k=4;q=3;s=34,80,false,82,0.451,66,2,512,1.051,66,2,true,0,0.000
dec-191,dec,d_b=16;m=5;gap=3;k=4;q=3;s=34,80,false,82,0.451,66,2,1024,1.078,66,2,true,0,0.000
dec-191,dec,d_b=16;m=5;gap=3;k=4;q=3;s=34,80,false,82,0.451,66,2,2048,1.050,66,2,true,0,0.000
dec-191,dec,d_b=16;m=5;gap=3;k=4;q=3;s=34,80,false,82,0.451,66,2,4096,1.044,66,2,true,0,0.000
dec-191,dec,d_b=16;m=5;gap=3;k=4;q=3;s=34,80,false,82,0.451,66,2,8192,1.079,66,2,true,0,0.000
dec-191,dec,d_b=16;m=5;gap=3;k=4;q=3;s=34,80,false,82,0.451,66,2,16384,1.063,66,2,true,0,0.000
dec-192,dec,d_b=16;m=5;gap=7;k=1;q=3;s=36,32,false,34,0.154,66,2,1,0.023,73,72,false,0,0.000
dec-192,dec,d_b=16;m=5;gap=7;k=1;q=3;s=36,32,false,34,0.154,66,2,2,0.042,73,72,false,0,0.000
dec-192,dec,d_b=16;m=5;gap=7;k=1;q=3;s=36,32,false,34,0.154,66,2,4,0.059,73,72,false,0,0.000
dec-192,dec,d_b=16;m=5;gap=7;k=1;q=3;s=36,32,false,34,0.154,66,2,8,0.093,73,72,false,0,0.000
dec-192,dec,d_b=16;m=5;gap=7;k=1;q=3;s=36,32,false,34,0.154,66,2,16,0.173,66,2,false,0,0.000
dec-192,dec,d_b=16;m=5;gap=7;k=1;q=3;s=36,32,false,34,0.154,66,2,32,0.347,66,2,true,1,0.003
dec-192,dec,d_b=16;m=5;gap=7;k=1;q=3;s=36,32,false,34,0.154,66,2,64,0.344,66,2,true,1,0.003
dec-192,dec,d_b=16;m=5;gap=7;k=1;q=3;s=36,32,false,34,0.154,66,2,128,0.349,66,2,true,1,0.003
dec-192,dec,d_b=16;m=5;gap=7;k=1;q=3;s=36,32,false,34,0.154,66,2,256,0.340,66,2,true,1,0.003
dec-192,dec,d_b=16;m=5;gap=7;k=1;q=3;s=36,32,false,34,0.154,66,2,512,0.340,66,2,true,1,0.003
dec-192,dec,d_b=16;m=5;gap=7;k=1;q=3;s=36,32,false,34,0.154,66,2,1024,0.338,66,2,true,1,0.003
dec-192,dec,d_b=16;m=5;gap=7;k=1;q=3;s=36,32,false,34,0.154,66,2,2048,0.339,66,2,true,1,0.003
dec-192,dec,d_b=16;m=5;gap=7;k=1;q=3;s=36,32,false,34,0.154,66,2,4096,0.337,66,2,true,1,0.003
dec-192,dec,d_b=16;m=5;gap=7;k=1;q=3;s=36,32,false,34,0.154,66,2,8192,0.337,66,2,true,1,0.003
dec-192,dec,d_b=16;m=5;gap=7;k=1;q=3;s=36,32,false,34,0.154,66,2,16384,0.337,66,2,true,1,0.003
dec-193,dec,d_b=16;m=5;gap=7;k=2;q=3;s=36,48,false,50,0.269,66,2,1,0.025,73,72,false,0,0.000
dec-193,dec,d_b=16;m=5;gap=7;k=2;q=3;s=36,48,false,50,0.269,66,2,2,0.039,73,72,false,0,0.000
dec-193,dec,d_b=16;m=5;gap=7;k=2;q=3;s=36,48,false,50,0.269,66,2,4,0.057,73,72,false,0,0.000
dec-193,dec,d_b=16;m=5;gap=7;k=2;q=3;s=36,48,false,50,0.269,66,2,8,0.106,73,72,false,0,0.000
dec-193,dec,d_b=16;m=5;gap=7;k=2;q=3;s=36,48,false,50,0.269,66,2,16,0.188,73,72,false,0,0.000
dec-193,dec,d_b=16;m=5;gap=7;k=2;q=3;s=36,48,false,50,0.269,66,2,32,0.398,66,2,false,0,0.000
dec-193,dec,d_b=16;m=5;gap=7;k=2;q=3;s=36,48,false,50,0.269,66,2,64,0.647,66,2,true,0,0.000
dec-193,dec,d_b=16;m=5;gap=7;k=2;q=3;s=36,48,false,50,0.269,66,2,128,0.627,66,2,true,0,0.000
dec-193,dec,d_b=16;m=5;gap=7;k=2;q=3;s=36,48,false,50,0.269,66,2,256,0.625,66,2,true,0,0.000
dec-193,dec,d_b=16;m=5;gap=7;k=2;q=3;s=36,48,false,50,0.269,66,2,512,0.626,66,2,true,0,0.000
dec-193,dec,d_b=16;m=5;gap=7;k=2;q=3;s=36,48,false,50,0.269,66,2,1024,0.624,66,2,true,0,0.000
dec-193,dec,d_b=16;m=5;gap=7;k=2;q=3;s=36,48,false,50,0.269,66,2,2048,0.623,66,2,true,0,0.000
dec-193,dec,d_b=16;m=5;gap=7;k=2;q=3;s=36,48,false,50,0.269,66,2,4096,0.643,66,2,true,0,0.000
dec-193,dec,d_b=16;m=5;gap=7;k=2;q=3;s=36,48,false,50,0.269,66,2,8192,0.622,66,2,true,0,0.000
dec-193,dec,d_b=16;m=5;gap=7;k=2;q=3;s=36,48,false,50,0.269,66,2,16384,0.623,66,2,true,0,0.000
dec-194,dec,d_b=16;m=5;gap=7;k=4;q=3;s=36,80,false,82,0.459,66,2,1,0.029,73,72,false,0,0.000
dec-194,dec,d_b=16;m=5;gap=7;k=4;q=3;s=36,80,false,82,0.459,66,2,2,0.042,73,72,false,0,0.000
dec-194,dec,d_b=16;m=5;gap=7;k=4;q=3;s=36,80,false,82,0.459,66,2,4,0.070,73,72,false,0,0.000
dec-194,dec,d_b=16;m=5;gap=7;k=4;q=3;s=36,80,false,82,0.459,66,2,8,0.120,73,72,false,0,0.000
dec-194,dec,d_b=16;m=5;gap=7;k=4;q=3;s=36,80,false,82,0.459,66,2,16,0.208,73,72,false,0,0.000
dec-194,dec,d_b=16;m=5;gap=7;k=4;q=3;s=36,80,false,82,0.459,66,2,32,0.418,73,72,false,0,0.000
dec-194,dec,d_b=16;m=5;gap=7;k=4;q=3;s=36,80,false,82,0.459,66,2,64,0.892,66,2,false,0,0.000
dec-194,dec,d_b=16;m=5;gap=7;k=4;q=3;s=36,80,false,82,0.459,66,2,128,1.102,66,2,true,0,0.000
dec-194,dec,d_b=16;m=5;gap=7;k=4;q=3;s=36,80,false,82,0.459,66,2,256,1.096,66,2,true,0,0.000
dec-194,dec,d_b=16;m=5;gap=7;k=4;q=3;s=36,80,false,82,0.459,66,2,512,1.109,66,2,true,0,0.000
dec-194,dec,d_b=16;m=5;gap=7;k=4;q=3;s=36,80,false,82,0.459,66,2,1024,1.084,66,2,true,0,0.000
dec-194,dec,d_b=16;m=5;gap=7;k=4;q=3;s=36,80,false,82,0.459,66,2,2048,1.104,66,2,true,0,0.000
dec-194,dec,d_b=16;m=5;gap=7;k=4;q=3;s=36,80,false,82,0.459,66,2,4096,1.078,66,2,true,0,0.000
dec-194,dec,d_b=16;m=5;gap=7;k=4;q=3;s=36,80,false,82,0.459,66,2,8192,1.087,66,2,true,0,0.000
dec-194,dec,d_b=16;m=5;gap=7;k=4;q=3;s=36,80,false,82,0.459,66,2,16384,1.102,66,2,true,0,0.000
dec-195,dec,d_b=16;m=5;gap=13;k=1;q=3;s=39,32,false,34,0.156,66,2,1,0.025,79,78,false,0,0.000
dec-195,dec,d_b=16;m=5;gap=13;k=1;q=3;s=39,32,false,34,0.156,66,2,2,0.043,79,78,false,0,0.000
dec-195,dec,d_b=16;m=5;gap=13;k=1;q=3;s=39,32,false,34,0.156,66,2,4,0.063,79,78,false,0,0.000
dec-195,dec,d_b=16;m=5;gap=13;k=1;q=3;s=39,32,false,34,0.156,66,2,8,0.097,79,78,false,0,0.000
dec-195,dec,d_b=16;m=5;gap=13;k=1;q=3;s=39,32,false,34,0.156,66,2,16,0.182,66,2,false,0,0.000
dec-195,dec,d_b=16;m=5;gap=13;k=1;q=3;s=39,32,false,34,0.156,66,2,32,0.366,66,2,true,1,0.005
dec-195,dec,d_b=16;m=5;gap=13;k=1;q=3;s=39,32,false,34,0.156,66,2,64,0.375,66,2,true,1,0.004
dec-195,dec,d_b=16;m=5;gap=13;k=1;q=3;s=39,32,false,34,0.156,66,2,128,0.371,66,2,true,1,0.003
dec-195,dec,d_b=16;m=5;gap=13;k=1;q=3;s=39,32,false,34,0.156,66,2,256,0.369,66,2,true,1,0.003
dec-195,dec,d_b=16;m=5;gap=13;k=1;q=3;s=39,32,false,34,0.156,66,2,512,0.354,66,2,true,1,0.003
dec-195,dec,d_b=16;m=5;gap=13;k=1;q=3;s=39,32,false,34,0.156,66,2,1024,0.351,66,2,true,1,0.003
dec-195,dec,d_b=16;m=5;gap=13;k=1;q=3;s=39,32,false,34,0.156,66,2,2048,0.352,66,2,true,1,0.003
dec-195,dec,d_b=16;m=5;gap=13;k=1;q=3;s=39,32,false,34,0.156,66,2,4096,0.361,66,2,true,1,0.003
dec-195,dec,d_b=16;m=5;gap=13;k=1;q=3;s=39,32,false,34,0.156,66,2,8192,0.380,66,2,true,1,0.007
dec-195,dec,d_b=16;m=5;gap=13;k=1;q=3;s=39,32,false,34,0.156,66,2,16384,0.354,66,2,true,1,0.003
dec-196,dec,d_b=16;m=5;gap=13;k=2;q=3;s=39,48,false,50,0.261,66,2,1,0.027,79,78,false,0,0.000
dec-196,dec,d_b=16;m=5;gap=13;k=2;q=3;s=39,48,false,50,0.261,66,2,2,0.042,79,78,false,0,0.000
dec-196,dec,d_b=16;m=5;gap=13;k=2;q=3;s=39,48,false,50,0.261,66,2,4,0.063,79,78,false,0,0.000
dec-196,dec,d_b=16;m=5;gap=13;k=2;q=3;s=39,48,false,50,0.261,66,2,8,0.116,79,78,false,0,0.000
dec-196,dec,d_b=16;m=5;gap=13;k=2;q=3;s=39,48,false,50,0.261,66,2,16,0.207,79,78,false,0,0.000
dec-196,dec,d_b=16;m=5;gap=13;k=2;q=3;s=39,48,false,50,0.261,66,2,32,0.445,66,2,false,0,0.000
dec-196,dec,d_b=16;m=5;gap=13;k=2;q=3;s=39,48,false,50,0.261,66,2,64,0.667,66,2,true,0,0.000
dec-196,dec,d_b=16;m=5;gap=13;k=2;q=3;s=39,48,false,50,0.261,66,2,128,0.656,66,2,true,0,0.000
dec-196,dec,d_b=16;m=5;gap=13;k=2;q=3;s=39,48,false,50,0.261,66,2,256,0.652,66,2,true,0,0.000
dec-196,dec,d_b=16;m=5;gap=13;k=2;q=3;s=39,48,false,50,0.261,66,2,512,0.652,66,2,true,0,0.000
dec-196,dec,d_b=16;m=5;gap=13;k=2;q=3;s=39,48,false,50,0.261,66,2,1024,0.649,66,2,true,0,0.000
dec-196,dec,d_b=16;m=5;gap=13;k=2;q=3;s=39,48,false,50,0.261,66,2,2048,0.646,66,2,true,0,0.000
dec-196,dec,d_b=16;m=5;gap=13;k=2;q=3;s=39,48,false,50,0.261,66,2,4096,0.649,66,2,true,0,0.000
dec-196,dec,d_b=16;m=5;gap=13;k=2;q=3;s=39,48,false,50,0.261,66,2,8192,0.646,66,2,true,0,0.000
dec-196,dec,d_b=16;m=5;gap=13;k=2;q=3;s=39,48,false,50,0.261,66,2,16384,0.649,66,2,true,0,0.000
dec-197,dec,d_b=16;m=5;gap=13;k=4;q=3;s=39,80,false,82,0.440,66,2,1,0.031,79,78,false,0,0.000
dec-197,dec,d_b=16;m=5;gap=13;k=4;q=3;s=39,80,false,82,0.440,66,2,2,0.043,79,78,false,0,0.000
dec-197,dec,d_b=16;m=5;gap=13;k=4;q=3;s=39,80,false,82,0.440,66,2,4,0.071,79,78,false,0,0.000
dec-197,dec,d_b=16;m=5;gap=13;k=4;q=3;s=39,80,false,82,0.440,66,2,8,0.122,79,78,false,0,0.000
dec-197,dec,d_b=16;m=5;gap=13;k=4;q=3;s=39,80,false,82,0.440,66,2,16,0.219,79,78,false,0,0.000
dec-197,dec,d_b=16;m=5;gap=13;k=4;q=3;s=39,80,false,82,0.440,66,2,32,0.441,66,2,false,0,0.000
dec-197,dec,d_b=16;m=5;gap=13;k=4;q=3;s=39,80,false,82,0.440,66,2,64,0.923,66,2,false,0,0.000
dec-197,dec,d_b=16;m=5;gap=13;k=4;q=3;s=39,80,false,82,0.440,66,2,128,1.139,66,2,true,0,0.000
dec-197,dec,d_b=16;m=5;gap=13;k=4;q=3;s=39,80,false,82,0.440,66,2,256,1.139,66,2,true,0,0.000
dec-197,dec,d_b=16;m=5;gap=13;k=4;q=3;s=39,80,false,82,0.440,66,2,512,1.131,66,2,true,0,0.000
dec-197,dec,d_b=16;m=5;gap=13;k=4;q=3;s=39,80,false,82,0.440,66,2,1024,1.139,66,2,true,0,0.000
dec-197,dec,d_b=16;m=5;gap=13;k=4;q=3;s=39,80,false,82,0.440,66,2,2048,1.146,66,2,true,0,0.000
dec-197,dec,d_b=16;m=5;gap=13;k=4;q=3;s=39,80,false,82,0.440,66,2,4096,1.130,66,2,true,0,0.000
dec-197,dec,d_b=16;m=5;gap=13;k=4;q=3;s=39,80,false,82,0.440,66,2,8192,1.143,66,2,true,0,0.000
dec-197,dec,d_b=16;m=5;gap=13;k=4;q=3;s=39,80,false,82,0.440,66,2,16384,1.125,66,2,true,0,0.000
dec-198,dec,d_b=16;m=9;gap=1;k=1;q=7;s=65,32,false,34,0.248,130,2,1,0.037,131,130,false,0,0.000
dec-198,dec,d_b=16;m=9;gap=1;k=1;q=7;s=65,32,false,34,0.248,130,2,2,0.063,131,130,false,0,0.000
dec-198,dec,d_b=16;m=9;gap=1;k=1;q=7;s=65,32,false,34,0.248,130,2,4,0.087,131,130,false,0,0.000
dec-198,dec,d_b=16;m=9;gap=1;k=1;q=7;s=65,32,false,34,0.248,130,2,8,0.143,131,130,false,0,0.000
dec-198,dec,d_b=16;m=9;gap=1;k=1;q=7;s=65,32,false,34,0.248,130,2,16,0.259,130,2,false,0,0.000
dec-198,dec,d_b=16;m=9;gap=1;k=1;q=7;s=65,32,false,34,0.248,130,2,32,0.538,130,2,true,0,0.000
dec-198,dec,d_b=16;m=9;gap=1;k=1;q=7;s=65,32,false,34,0.248,130,2,64,0.555,130,2,true,0,0.000
dec-198,dec,d_b=16;m=9;gap=1;k=1;q=7;s=65,32,false,34,0.248,130,2,128,0.533,130,2,true,0,0.000
dec-198,dec,d_b=16;m=9;gap=1;k=1;q=7;s=65,32,false,34,0.248,130,2,256,0.529,130,2,true,0,0.000
dec-198,dec,d_b=16;m=9;gap=1;k=1;q=7;s=65,32,false,34,0.248,130,2,512,0.530,130,2,true,0,0.000
dec-198,dec,d_b=16;m=9;gap=1;k=1;q=7;s=65,32,false,34,0.248,130,2,1024,0.528,130,2,true,0,0.000
dec-198,dec,d_b=16;m=9;gap=1;k=1;q=7;s=65,32,false,34,0.248,130,2,2048,0.540,130,2,true,0,0.000
dec-198,dec,d_b=16;m=9;gap=1;k=1;q=7;s=65,32,false,34,0.248,130,2,4096,0.527,130,2,true,0,0.000
dec-198,dec,d_b=16;m=9;gap=1;k=1;q=7;s=65,32,false,34,0.248,130,2,8192,0.545,130,2,true,0,0.000
dec-198,dec,d_b=16;m=9;gap=1;k=1;q=7;s=65,32,false,34,0.248,130,2,16384,0.524,130,2,true,0,0.000
dec-199,dec,d_b=16;m=9;gap=1;k=2;q=7;s=65,48,false,50,0.421,130,2,1,0.037,131,130,false,0,0.000
dec-199,dec,d_b=16;m=9;gap=1;k=2;q=7;s=65,48,false,50,0.421,130,2,2,0.062,131,130,false,0,0.000
dec-199,dec,d_b=16;m=9;gap=1;k=2;q=7;s=65,48,false,50,0.421,130,2,4,0.106,131,130,false,0,0.000
dec-199,dec,d_b=16;m=9;gap=1;k=2;q=7;s=65,48,false,50,0.421,130,2,8,0.159,131,130,false,0,0.000
dec-199,dec,d_b=16;m=9;gap=1;k=2;q=7;s=65,48,false,50,0.421,130,2,16,0.284,131,130,false,0,0.000
dec-199,dec,d_b=16;m=9;gap=1;k=2;q=7;s=65,48,false,50,0.421,130,2,32,0.583,130,2,false,0,0.000
dec-199,dec,d_b=16;m=9;gap=1;k=2;q=7;s=65,48,false,50,0.421,130,2,64,0.915,130,2,true,0,0.000
dec-199,dec,d_b=16;m=9;gap=1;k=2;q=7;s=65,48,false,50,0.421,130,2,128,0.940,130,2,true,0,0.000
dec-199,dec,d_b=16;m=9;gap=1;k=2;q=7;s=65,48,false,50,0.421,130,2,256,0.911,130,2,true,0,0.000
dec-199,dec,d_b=16;m=9;gap=1;k=2;q=7;s=65,48,false,50,0.421,130,2,512,0.904,130,2,true,0,0.000
dec-199,dec,d_b=16;m=9;gap=1;k=2;q=7;s=65,48,false,50,0.421,130,2,1024,0.906,130,2,true,0,0.000
dec-199,dec,d_b=16;m=9;gap=1;k=2;q=7;s=65,48,false,50,0.421,130,2,2048,0.898,130,2,true,0,0.000
dec-199,dec,d_b=16;m=9;gap=1;k=2;q=7;s=65,48,false,50,0.421,130,2,4096,0.895,130,2,true,0,0.000
dec-199,dec,d_b=16;m=9;gap=1;k=2;q=7;s=65,48,false,50,0.421,130,2,8192,0.902,130,2,true,0,0.000
dec-199,dec,d_b=16;m=9;gap=1;k=2;q=7;s=65,48,false,50,0.421,130,2,16384,0.901,130,2,true,0,0.000
dec-200,dec,d_b=16;m=9;gap=1;k=4;q=7;s=65,80,false,82,0.807,130,2,1,0.046,131,130,false,0,0.000
dec-200,dec,d_b=16;m=9;gap=1;k=4;q=7;s=65,80,false,82,0.807,130,2,2,0.066,131,130,false,0,0.000
dec-200,dec,d_b=16;m=9;gap=1;k=4;q=7;s=65,80,false,82,0.807,130,2,4,0.111,131,130,false,0,0.000
dec-200,dec,d_b=16;m=9;gap=1;k=4;q=7;s=65,80,false,82,0.807,130,2,8,0.190,131,130,false,0,0.000
dec-200,dec,d_b=16;m=9;gap=1;k=4;q=7;s=65,80,false,82,0.807,130,2,16,0.320,131,130,false,0,0.000
dec-200,dec,d_b=16;m=9;gap=1;k=4;q=7;s=65,80,false,82,0.807,130,2,32,0.621,131,130,false,0,0.000
dec-200,dec,d_b=16;m=9;gap=1;k=4;q=7;s=65,80,false,82,0.807,130,2,64,1.296,130,2,false,0,0.000
dec-200,dec,d_b=16;m=9;gap=1;k=4;q=7;s=65,80,false,82,0.807,130,2,128,1.728,130,2,true,0,0.000
dec-200,dec,d_b=16;m=9;gap=1;k=4;q=7;s=65,80,false,82,0.807,130,2,256,1.704,130,2,true,0,0.000
dec-200,dec,d_b=16;m=9;gap=1;k=4;q=7;s=65,80,false,82,0.807,130,2,512,1.704,130,2,true,0,0.000
dec-200,dec,d_b=16;m=9;gap=1;k=4;q=7;s=65,80,false,82,0.807,130,2,1024,1.715,130,2,true,0,0.000
dec-200,dec,d_b=16;m=9;gap=1;k=4;q=7;s=65,80,false,82,0.807,130,2,2048,1.702,130,2,true,0,0.000
dec-200,dec,d_b=16;m=9;gap=1;k=4;q=7;s=65,80,false,82,0.807,130,2,4096,1.701,130,2,true,0,0.000
dec-200,dec,d_b=16;m=9;gap=1;k=4;q=7;s=65,80,false,82,0.807,130,2,8192,1.710,130,2,true,0,0.000
dec-200,dec,d_b=16;m=9;gap=1;k=4;q=7;s=65,80,false,82,0.807,130,2,16384,1.692,130,2,true,0,0.000
dec-201,dec,d_b=16;m=9;gap=3;k=1;q=7;s=66,32,false,34,0.251,130,2,1,0.036,133,132,false,0,0.000
dec-201,dec,d_b=16;m=9;gap=3;k=1;q=7;s=66,32,false,34,0.251,130,2,2,0.064,133,132,false,0,0.000
dec-201,dec,d_b=16;m=9;gap=3;k=1;q=7;s=66,32,false,34,0.251,130,2,4,0.088,133,132,false,0,0.000
dec-201,dec,d_b=16;m=9;gap=3;k=1;q=7;s=66,32,false,34,0.251,130,2,8,0.145,133,132,false,0,0.000
dec-201,dec,d_b=16;m=9;gap=3;k=1;q=7;s=66,32,false,34,0.251,130,2,16,0.261,130,2,false,0,0.000
dec-201,dec,d_b=16;m=9;gap=3;k=1;q=7;s=66,32,false,34,0.251,130,2,32,0.540,130,2,true,0,0.000
dec-201,dec,d_b=16;m=9;gap=3;k=1;q=7;s=66,32,false,34,0.251,130,2,64,0.579,130,2,true,0,0.000
dec-201,dec,d_b=16;m=9;gap=3;k=1;q=7;s=66,32,false,34,0.251,130,2,128,0.534,130,2,true,0,0.000
dec-201,dec,d_b=16;m=9;gap=3;k=1;q=7;s=66,32,false,34,0.251,130,2,256,0.535,130,2,true,0,0.000
dec-201,dec,d_b=16;m=9;gap=3;k=1;q=7;s=66,32,false,34,0.251,130,2,512,0.544,130,2,true,0,0.000
dec-201,dec,d_b=16;m=9;gap=3;k=1;q=7;s=66,32,false,34,0.251,130,2,1024,0.532,130,2,true,0,0.000
dec-201,dec,d_b=16;m=9;gap=3;k=1;q=7;s=66,32,false,34,0.251,130,2,2048,0.534,130,2,true,0,0.000
dec-201,dec,d_b=16;m=9;gap=3;k=1;q=7;s=66,32,false,34,0.251,130,2,4096,0.539,130,2,true,0,0.000
dec-201,dec,d_b=16;m=9;gap=3;k=1;q=7;s=66,32,false,34,0.251,130,2,8192,0.531,130,2,true,0,0.000
dec-201,dec,d_b=16;m=9;gap=3;k=1;q=7;s=66,32,false,34,0.251,130,2,16384,0.532,130,2,true,0,0.000
dec-202,dec,d_b=16;m=9;gap=3;k=2;q=7;s=66,48,false,50,0.424,130,2,1,0.038,133,132,false,0,0.000
dec-202,dec,d_b=16;m=9;gap=3;k=2;q=7;s=66,48,false,50,0.424,130,2,2,0.062,133,132,false,0,0.000
dec-202,dec,d_b=16;m=9;gap=3;k=2;q=7;s=66,48,false,50,0.424,130,2,4,0.085,133,132,false,0,0.000
dec-202,dec,d_b=16;m=9;gap=3;k=2;q=7;s=66,48,false,50,0.424,130,2,8,0.172,133,132,false,0,0.000
dec-202,dec,d_b=16;m=9;gap=3;k=2;q=7;s=66,48,false,50,0.424,130,2,16,0.288,133,132,false,0,0.000
dec-202,dec,d_b=16;m=9;gap=3;k=2;q=7;s=66,48,false,50,0.424,130,2,32,0.585,130,2,false,0,0.000
dec-202,dec,d_b=16;m=9;gap=3;k=2;q=7;s=66,48,false,50,0.424,130,2,64,0.919,130,2,true,0,0.000
dec-202,dec,d_b=16;m=9;gap=3;k=2;q=7;s=66,48,false,50,0.424,130,2,128,0.917,130,2,true,0,0.000
dec-202,dec,d_b=16;m=9;gap=3;k=2;q=7;s=66,48,false,50,0.424,130,2,256,0.912,130,2,true,0,0.000
dec-202,dec,d_b=16;m=9;gap=3;k=2;q=7;s=66,48,false,50,0.424,130,2,512,0.915,130,2,true,0,0.000
dec-202,dec,d_b=16;m=9;gap=3;k=2;q=7;s=66,48,false,50,0.424,130,2,1024,0.904,130,2,true,0,0.000
dec-202,dec,d_b=16;m=9;gap=3;k=2;q=7;s=66,48,false,50,0.424,130,2,2048,0.909,130,2,true,0,0.000
dec-202,dec,d_b=16;m=9;gap=3;k=2;q=7;s=66,48,false,50,0.424,130,2,4096,0.911,130,2,true,0,0.000
dec-202,dec,d_b=16;m=9;gap=3;k=2;q=7;s=66,48,false,50,0.424,130,2,8192,0.908,130,2,true,0,0.000
dec-202,dec,d_b=16;m=9;gap=3;k=2;q=7;s=66,48,false,50,0.424,130,2,16384,0.898,130,2,true,0,0.000
dec-203,dec,d_b=16;m=9;gap=3;k=4;q=7;s=66,80,false,82,0.796,130,2,1,0.048,133,132,false,0,0.000
dec-203,dec,d_b=16;m=9;gap=3;k=4;q=7;s=66,80,false,82,0.796,130,2,2,0.068,133,132,false,0,0.000
dec-203,dec,d_b=16;m=9;gap=3;k=4;q=7;s=66,80,false,82,0.796,130,2,4,0.115,133,132,false,0,0.000
dec-203,dec,d_b=16;m=9;gap=3;k=4;q=7;s=66,80,false,82,0.796,130,2,8,0.194,133,132,false,0,0.000
dec-203,dec,d_b=16;m=9;gap=3;k=4;q=7;s=66,80,false,82,0.796,130,2,16,0.320,133,132,false,0,0.000
dec-203,dec,d_b=16;m=9;gap=3;k=4;q=7;s=66,80,false,82,0.796,130,2,32,0.634,133,132,false,0,0.000
dec-203,dec,d_b=16;m=9;gap=3;k=4;q=7;s=66,80,false,82,0.796,130,2,64,1.325,130,2,false,0,0.000
dec-203,dec,d_b=16;m=9;gap=3;k=4;q=7;s=66,80,false,82,0.796,130,2,128,1.741,130,2,true,0,0.000
dec-203,dec,d_b=16;m=9;gap=3;k=4;q=7;s=66,80,false,82,0.796,130,2,256,1.716,130,2,true,0,0.000
dec-203,dec,d_b=16;m=9;gap=3;k=4;q=7;s=66,80,false,82,0.796,130,2,512,1.732,130,2,true,0,0.000
dec-203,dec,d_b=16;m=9;gap=3;k=4;q=7;s=66,80,false,82,0.796,130,2,1024,1.720,130,2,true,0,0.000
dec-203,dec,d_b=16;m=9;gap=3;k=4;q=7;s=66,80,false,82,0.796,130,2,2048,1.709,130,2,true,0,0.000
dec-203,dec,d_b=16;m=9;gap=3;k=4;q=7;s=66,80,false,82,0.796,130,2,4096,1.720,130,2,true,0,0.000
dec-203,dec,d_b=16;m=9;gap=3;k=4;q=7;s=66,80,false,82,0.796,130,2,8192,1.713,130,2,true,0,0.000
dec-203,dec,d_b=16;m=9;gap=3;k=4;q=7;s=66,80,false,82,0.796,130,2,16384,1.744,130,2,true,0,0.000
dec-204,dec,d_b=16;m=9;gap=7;k=1;q=7;s=68,32,false,34,0.255,130,2,1,0.037,137,136,false,0,0.000
dec-204,dec,d_b=16;m=9;gap=7;k=1;q=7;s=68,32,false,34,0.255,130,2,2,0.066,137,136,false,0,0.000
dec-204,dec,d_b=16;m=9;gap=7;k=1;q=7;s=68,32,false,34,0.255,130,2,4,0.091,137,136,false,0,0.000
dec-204,dec,d_b=16;m=9;gap=7;k=1;q=7;s=68,32,false,34,0.255,130,2,8,0.149,137,136,false,0,0.000
dec-204,dec,d_b=16;m=9;gap=7;k=1;q=7;s=68,32,false,34,0.255,130,2,16,0.265,130,2,false,0,0.000
dec-204,dec,d_b=16;m=9;gap=7;k=1;q=7;s=68,32,false,34,0.255,130,2,32,0.553,130,2,true,0,0.000
dec-204,dec,d_b=16;m=9;gap=7;k=1;q=7;s=68,32,false,34,0.255,130,2,64,0.548,130,2,true,0,0.000
dec-204,dec,d_b=16;m=9;gap=7;k=1;q=7;s=68,32,false,34,0.255,130,2,128,0.545,130,2,true,0,0.000
dec-204,dec,d_b=16;m=9;gap=7;k=1;q=7;s=68,32,false,34,0.255,130,2,256,0.545,130,2,true,0,0.000
dec-204,dec,d_b=16;m=9;gap=7;k=1;q=7;s=68,32,false,34,0.255,130,2,512,0.551,130,2,true,0,0.000
dec-204,dec,d_b=16;m=9;gap=7;k=1;q=7;s=68,32,false,34,0.255,130,2,1024,0.541,130,2,true,0,0.000
dec-204,dec,d_b=16;m=9;gap=7;k=1;q=7;s=68,32,false,34,0.255,130,2,2048,0.540,130,2,true,0,0.000
dec-204,dec,d_b=16;m=9;gap=7;k=1;q=7;s=68,32,false,34,0.255,130,2,4096,0.538,130,2,true,0,0.000
dec-204,dec,d_b=16;m=9;gap=7;k=1;q=7;s=68,32,false,34,0.255,130,2,8192,0.544,130,2,true,0,0.000
dec-204,dec,d_b=16;m=9;gap=7;k=1;q=7;s=68,32,false,34,0.255,130,2,16384,0.539,130,2,true,0,0.000
dec-205,dec,d_b=16;m=9;gap=7;k=2;q=7;s=68,48,false,50,0.434,130,2,1,0.038,137,136,false,0,0.000
dec-205,dec,d_b=16;m=9;gap=7;k=2;q=7;s=68,48,false,50,0.434,130,2,2,0.064,137,136,false,0,0.000
dec-205,dec,d_b=16;m=9;gap=7;k=2;q=7;s=68,48,false,50,0.434,130,2,4,0.087,137,136,false,0,0.000
dec-205,dec,d_b=16;m=9;gap=7;k=2;q=7;s=68,48,false,50,0.434,130,2,8,0.164,137,136,false,0,0.000
dec-205,dec,d_b=16;m=9;gap=7;k=2;q=7;s=68,48,false,50,0.434,130,2,16,0.296,137,136,false,0,0.000
dec-205,dec,d_b=16;m=9;gap=7;k=2;q=7;s=68,48,false,50,0.434,130,2,32,0.595,130,2,false,0,0.000
dec-205,dec,d_b=16;m=9;gap=7;k=2;q=7;s=68,48,false,50,0.434,130,2,64,0.935,130,2,true,0,0.000
dec-205,dec,d_b=16;m=9;gap=7;k=2;q=7;s=68,48,false,50,0.434,130,2,128,0.929,130,2,true,0,0.000
dec-205,dec,d_b=16;m=9;gap=7;k=2;q=7;s=68,48,false,50,0.434,130,2,256,0.924,130,2,true,0,0.000
dec-205,dec,d_b=16;m=9;gap=7;k=2;q=7;s=68,48,false,50,0.434,130,2,512,0.935,130,2,true,0,0.000
dec-205,dec,d_b=16;m=9;gap=7;k=2;q=7;s=68,48,false,50,0.434,130,2,1024,0.921,130,2,true,0,0.000
dec-205,dec,d_b=16;m=9;gap=7;k=2;q=7;s=68,48,false,50,0.434,130,2,2048,0.924,130,2,true,0,0.000
dec-205,dec,d_b=16;m=9;gap=7;k=2;q=7;s=68,48,false,50,0.434,130,2,4096,0.923,130,2,true,0,0.000
dec-205,dec,d_b=16;m=9;gap=7;k=2;q=7;s=68,48,false,50,0.434,130,2,8192,0.920,130,2,true,0,0.000
dec-205,dec,d_b=16;m=9;gap=7;k=2;q=7;s=68,48,false,50,0.434,130,2,16384,0.918,130,2,true,0,0.000
dec-206,dec,d_b=16;m=9;gap=7;k=4;q=7;s=68,80,false,82,0.811,130,2,1,0.048,137,136,false,0,0.000
dec-206,dec,d_b=16;m=9;gap=7;k=4;q=7;s=68,80,false,82,0.811,130,2,2,0.073,137,136,false,0,0.000
dec-206,dec,d_b=16;m=9;gap=7;k=4;q=7;s=68,80,false,82,0.811,130,2,4,0.122,137,136,false,0,0.000
dec-206,dec,d_b=16;m=9;gap=7;k=4;q=7;s=68,80,false,82,0.811,130,2,8,0.197,137,136,false,0,0.000
dec-206,dec,d_b=16;m=9;gap=7;k=4;q=7;s=68,80,false,82,0.811,130,2,16,0.354,137,136,false,0,0.000
dec-206,dec,d_b=16;m=9;gap=7;k=4;q=7;s=68,80,false,82,0.811,130,2,32,0.686,137,136,false,0,0.000
dec-206,dec,d_b=16;m=9;gap=7;k=4;q=7;s=68,80,false,82,0.811,130,2,64,1.427,130,2,false,0,0.000
dec-206,dec,d_b=16;m=9;gap=7;k=4;q=7;s=68,80,false,82,0.811,130,2,128,1.775,130,2,true,0,0.000
dec-206,dec,d_b=16;m=9;gap=7;k=4;q=7;s=68,80,false,82,0.811,130,2,256,1.793,130,2,true,0,0.000
dec-206,dec,d_b=16;m=9;gap=7;k=4;q=7;s=68,80,false,82,0.811,130,2,512,1.765,130,2,true,0,0.000
dec-206,dec,d_b=16;m=9;gap=7;k=4;q=7;s=68,80,false,82,0.811,130,2,1024,1.763,130,2,true,0,0.000
dec-206,dec,d_b=16;m=9;gap=7;k=4;q=7;s=68,80,false,82,0.811,130,2,2048,1.791,130,2,true,0,0.000
dec-206,dec,d_b=16;m=9;gap=7;k=4;q=7;s=68,80,false,82,0.811,130,2,4096,1.758,130,2,true,0,0.000
dec-206,dec,d_b=16;m=9;gap=7;k=4;q=7;s=68,80,false,82,0.811,130,2,8192,1.743,130,2,true,0,0.000
dec-206,dec,d_b=16;m=9;gap=7;k=4;q=7;s=68,80,false,82,0.811,130,2,16384,1.744,130,2,true,0,0.000
dec-207,dec,d_b=16;m=9;gap=13;k=1;q=7;s=71,32,false,34,0.266,130,2,1,0.038,143,142,false,0,0.000
dec-207,dec,d_b=16;m=9;gap=13;k=1;q=7;s=71,32,false,34,0.266,130,2,2,0.069,143,142,false,0,0.000
dec-207,dec,d_b=16;m=9;gap=13;k=1;q=7;s=71,32,false,34,0.266,130,2,4,0.097,143,142,false,0,0.000
dec-207,dec,d_b=16;m=9;gap=13;k=1;q=7;s=71,32,false,34,0.266,130,2,8,0.154,143,142,false,0,0.000
dec-207,dec,d_b=16;m=9;gap=13;k=1;q=7;s=71,32,false,34,0.266,130,2,16,0.275,130,2,false,0,0.000
dec-207,dec,d_b=16;m=9;gap=13;k=1;q=7;s=71,32,false,34,0.266,130,2,32,0.567,130,2,true,0,0.000
dec-207,dec,d_b=16;m=9;gap=13;k=1;q=7;s=71,32,false,34,0.266,130,2,64,0.577,130,2,true,0,0.000
dec-207,dec,d_b=16;m=9;gap=13;k=1;q=7;s=71,32,false,34,0.266,130,2,128,0.565,130,2,true,0,0.000
dec-207,dec,d_b=16;m=9;gap=13;k=1;q=7;s=71,32,false,34,0.266,130,2,256,0.559,130,2,true,0,0.000
dec-207,dec,d_b=16;m=9;gap=13;k=1;q=7;s=71,32,false,34,0.266,130,2,512,0.559,130,2,true,0,0.000
dec-207,dec,d_b=16;m=9;gap=13;k=1;q=7;s=71,32,false,34,0.266,130,2,1024,0.558,130,2,true,0,0.000
dec-207,dec,d_b=16;m=9;gap=13;k=1;q=7;s=71,32,false,34,0.266,130,2,2048,0.554,130,2,true,0,0.000
dec-207,dec,d_b=16;m=9;gap=13;k=1;q=7;s=71,32,false,34,0.266,130,2,4096,0.553,130,2,true,0,0.000
dec-207,dec,d_b=16;m=9;gap=13;k=1;q=7;s=71,32,false,34,0.266,130,2,8192,0.562,130,2,true,0,0.000
dec-207,dec,d_b=16;m=9;gap=13;k=1;q=7;s=71,32,false,34,0.266,130,2,16384,0.556,130,2,true,0,0.000
dec-208,dec,d_b=16;m=9;gap=13;k=2;q=7;s=71,48,false,50,0.438,130,2,1,0.040,143,142,false,0,0.000
dec-208,dec,d_b=16;m=9;gap=13;k=2;q=7;s=71,48,false,50,0.438,130,2,2,0.066,143,142,false,0,0.000
dec-208,dec,d_b=16;m=9;gap=13;k=2;q=7;s=71,48,false,50,0.438,130,2,4,0.090,143,142,false,0,0.000
dec-208,dec,d_b=16;m=9;gap=13;k=2;q=7;s=71,48,false,50,0.438,130,2,8,0.164,143,142,false,0,0.000
dec-208,dec,d_b=16;m=9;gap=13;k=2;q=7;s=71,48,false,50,0.438,130,2,16,0.295,143,142,false,0,0.000
dec-208,dec,d_b=16;m=9;gap=13;k=2;q=7;s=71,48,false,50,0.438,130,2,32,0.614,130,2,false,0,0.000
dec-208,dec,d_b=16;m=9;gap=13;k=2;q=7;s=71,48,false,50,0.438,130,2,64,0.946,130,2,true,0,0.000
dec-208,dec,d_b=16;m=9;gap=13;k=2;q=7;s=71,48,false,50,0.438,130,2,128,0.947,130,2,true,0,0.000
dec-208,dec,d_b=16;m=9;gap=13;k=2;q=7;s=71,48,false,50,0.438,130,2,256,0.950,130,2,true,0,0.000
dec-208,dec,d_b=16;m=9;gap=13;k=2;q=7;s=71,48,false,50,0.438,130,2,512,0.944,130,2,true,0,0.000
dec-208,dec,d_b=16;m=9;gap=13;k=2;q=7;s=71,48,false,50,0.438,130,2,1024,0.933,130,2,true,0,0.000
dec-208,dec,d_b=16;m=9;gap=13;k=2;q=7;s=71,48,false,50,0.438,130,2,2048,0.951,130,2,true,0,0.000
dec-208,dec,d_b=16;m=9;gap=13;k=2;q=7;s=71,48,false,50,0.438,130,2,4096,0.931,130,2,true,0,0.000
dec-208,dec,d_b=16;m=9;gap=13;k=2;q=7;s=71,48,false,50,0.438,130,2,8192,0.937,130,2,true,0,0.000
dec-208,dec,d_b=16;m=9;gap=13;k=2;q=7;s=71,48,false,50,0.438,130,2,16384,0.931,130,2,true,0,0.000
dec-209,dec,d_b=16;m=9;gap=13;k=4;q=7;s=71,80,false,82,0.839,130,2,1,0.052,143,142,false,0,0.000
dec-209,dec,d_b=16;m=9;gap=13;k=4;q=7;s=71,80,false,82,0.839,130,2,2,0.078,143,142,false,0,0.000
dec-209,dec,d_b=16;m=9;gap=13;k=4;q=7;s=71,80,false,82,0.839,130,2,4,0.123,143,142,false,0,0.000
dec-209,dec,d_b=16;m=9;gap=13;k=4;q=7;s=71,80,false,82,0.839,130,2,8,0.210,143,142,false,0,0.000
dec-209,dec,d_b=16;m=9;gap=13;k=4;q=7;s=71,80,false,82,0.839,130,2,16,0.374,143,142,false,0,0.000
dec-209,dec,d_b=16;m=9;gap=13;k=4;q=7;s=71,80,false,82,0.839,130,2,32,0.740,143,142,false,0,0.000
dec-209,dec,d_b=16;m=9;gap=13;k=4;q=7;s=71,80,false,82,0.839,130,2,64,1.515,130,2,false,0,0.000
dec-209,dec,d_b=16;m=9;gap=13;k=4;q=7;s=71,80,false,82,0.839,130,2,128,1.834,130,2,true,0,0.000
dec-209,dec,d_b=16;m=9;gap=13;k=4;q=7;s=71,80,false,82,0.839,130,2,256,1.812,130,2,true,0,0.000
dec-209,dec,d_b=16;m=9;gap=13;k=4;q=7;s=71,80,false,82,0.839,130,2,512,1.838,130,2,true,0,0.000
dec-209,dec,d_b=16;m=9;gap=13;k=4;q=7;s=71,80,false,82,0.839,130,2,1024,1.893,130,2,true,0,0.000
dec-209,dec,d_b=16;m=9;gap=13;k=4;q=7;s=71,80,false,82,0.839,130,2,2048,1.831,130,2,true,0,0.000
dec-209,dec,d_b=16;m=9;gap=13;k=4;q=7;s=71,80,false,82,0.839,130,2,4096,1.900,130,2,true,0,0.000
dec-209,dec,d_b=16;m=9;gap=13;k=4;q=7;s=71,80,false,82,0.839,130,2,8192,1.805,130,2,true,0,0.000
dec-209,dec,d_b=16;m=9;gap=13;k=4;q=7;s=71,80,false,82,0.839,130,2,16384,1.840,130,2,true,0,0.000
dec-210,dec,d_b=20;m=2;gap=1;k=1;q=0;s=11,40,false,41,0.110,22,2,1,0.013,23,22,false,0,0.000
dec-210,dec,d_b=20;m=2;gap=1;k=1;q=0;s=11,40,false,41,0.110,22,2,2,0.021,23,22,false,0,0.000
dec-210,dec,d_b=20;m=2;gap=1;k=1;q=0;s=11,40,false,41,0.110,22,2,4,0.028,23,22,false,0,0.000
dec-210,dec,d_b=20;m=2;gap=1;k=1;q=0;s=11,40,false,41,0.110,22,2,8,0.049,23,22,false,0,0.000
dec-210,dec,d_b=20;m=2;gap=1;k=1;q=0;s=11,40,false,41,0.110,22,2,16,0.087,23,22,false,0,0.000
dec-210,dec,d_b=20;m=2;gap=1;k=1;q=0;s=11,40,false,41,0.110,22,2,32,0.209,22,2,true,1,0.017
dec-210,dec,d_b=20;m=2;gap=1;k=1;q=0;s=11,40,false,41,0.110,22,2,64,0.207,22,2,true,1,0.015
dec-210,dec,d_b=20;m=2;gap=1;k=1;q=0;s=11,40,false,41,0.110,22,2,128,0.201,22,2,true,1,0.013
dec-210,dec,d_b=20;m=2;gap=1;k=1;q=0;s=11,40,false,41,0.110,22,2,256,0.202,22,2,true,1,0.013
dec-210,dec,d_b=20;m=2;gap=1;k=1;q=0;s=11,40,false,41,0.110,22,2,512,0.196,22,2,true,1,0.012
dec-210,dec,d_b=20;m=2;gap=1;k=1;q=0;s=11,40,false,41,0.110,22,2,1024,0.201,22,2,true,1,0.012
dec-210,dec,d_b=20;m=2;gap=1;k=1;q=0;s=11,40,false,41,0.110,22,2,2048,0.196,22,2,true,1,0.012
dec-210,dec,d_b=20;m=2;gap=1;k=1;q=0;s=11,40,false,41,0.110,22,2,4096,0.199,22,2,true,1,0.012
dec-210,dec,d_b=20;m=2;gap=1;k=1;q=0;s=11,40,false,41,0.110,22,2,8192,0.195,22,2,true,1,0.012
dec-210,dec,d_b=20;m=2;gap=1;k=1;q=0;s=11,40,false,41,0.110,22,2,16384,0.199,22,2,true,1,0.012
dec-211,dec,d_b=20;m=2;gap=1;k=2;q=0;s=11,60,false,61,0.147,22,2,1,0.013,23,22,false,0,0.000
dec-211,dec,d_b=20;m=2;gap=1;k=2;q=0;s=11,60,false,61,0.147,22,2,2,0.018,23,22,false,0,0.000
dec-211,dec,d_b=20;m=2;gap=1;k=2;q=0;s=11,60,false,61,0.147,22,2,4,0.028,23,22,false,0,0.000
dec-211,dec,d_b=20;m=2;gap=1;k=2;q=0;s=11,60,false,61,0.147,22,2,8,0.048,23,22,false,0,0.000
dec-211,dec,d_b=20;m=2;gap=1;k=2;q=0;s=11,60,false,61,0.147,22,2,16,0.092,23,22,false,0,0.000
dec-211,dec,d_b=20;m=2;gap=1;k=2;q=0;s=11,60,false,61,0.147,22,2,32,0.203,22,2,false,0,0.000
dec-211,dec,d_b=20;m=2;gap=1;k=2;q=0;s=11,60,false,61,0.147,22,2,64,0.393,22,2,true,1,0.005
dec-211,dec,d_b=20;m=2;gap=1;k=2;q=0;s=11,60,false,61,0.147,22,2,128,0.388,22,2,true,1,0.005
dec-211,dec,d_b=20;m=2;gap=1;k=2;q=0;s=11,60,false,61,0.147,22,2,256,0.400,22,2,true,1,0.005
dec-211,dec,d_b=20;m=2;gap=1;k=2;q=0;s=11,60,false,61,0.147,22,2,512,0.382,22,2,true,1,0.004
dec-211,dec,d_b=20;m=2;gap=1;k=2;q=0;s=11,60,false,61,0.147,22,2,1024,0.381,22,2,true,1,0.004
dec-211,dec,d_b=20;m=2;gap=1;k=2;q=0;s=11,60,false,61,0.147,22,2,2048,0.386,22,2,true,1,0.004
dec-211,dec,d_b=20;m=2;gap=1;k=2;q=0;s=11,60,false,61,0.147,22,2,4096,0.377,22,2,true,1,0.004
dec-211,dec,d_b=20;m=2;gap=1;k=2;q=0;s=11,60,false,61,0.147,22,2,8192,0.385,22,2,true,1,0.004
dec-211,dec,d_b=20;m=2;gap=1;k=2;q=0;s=11,60,false,61,0.147,22,2,16384,0.377,22,2,true,1,0.004
dec-212,dec,d_b=20;m=2;gap=1;k=4;q=0;s=11,100,false,101,0.265,22,2,1,0.021,23,22,false,0,0.000
dec-212,dec,d_b=20;m=2;gap=1;k=4;q=0;s=11,100,false,101,0.265,22,2,2,0.021,23,22,false,0,0.000
dec-212,dec,d_b=20;m=2;gap=1;k=4;q=0;s=11,100,false,101,0.265,22,2,4,0.037,23,22,false,0,0.000
dec-212,dec,d_b=20;m=2;gap=1;k=4;q=0;s=11,100,false,101,0.265,22,2,8,0.052,23,22,false,0,0.000
dec-212,dec,d_b=20;m=2;gap=1;k=4;q=0;s=11,100,false,101,0.265,22,2,16,0.098,23,22,false,0,0.000
dec-212,dec,d_b=20;m=2;gap=1;k=4;q=0;s=11,100,false,101,0.265,22,2,32,0.188,23,22,false,0,0.000
dec-212,dec,d_b=20;m=2;gap=1;k=4;q=0;s=11,100,false,101,0.265,22,2,64,0.436,22,2,false,0,0.000
dec-212,dec,d_b=20;m=2;gap=1;k=4;q=0;s=11,100,false,101,0.265,22,2,128,0.727,22,2,true,1,0.004
dec-212,dec,d_b=20;m=2;gap=1;k=4;q=0;s=11,100,false,101,0.265,22,2,256,0.730,22,2,true,1,0.006
dec-212,dec,d_b=20;m=2;gap=1;k=4;q=0;s=11,100,false,101,0.265,22,2,512,0.742,22,2,true,1,0.004
dec-212,dec,d_b=20;m=2;gap=1;k=4;q=0;s=11,100,false,101,0.265,22,2,1024,0.739,22,2,true,1,0.005
dec-212,dec,d_b=20;m=2;gap=1;k=4;q=0;s=11,100,false,101,0.265,22,2,2048,0.718,22,2,true,1,0.003
dec-212,dec,d_b=20;m=2;gap=1;k=4;q=0;s=11,100,false,101,0.265,22,2,4096,0.721,22,2,true,1,0.004
dec-212,dec,d_b=20;m=2;gap=1;k=4;q=0;s=11,100,false,101,0.265,22,2,8192,0.713,22,2,true,1,0.003
dec-212,dec,d_b=20;m=2;gap=1;k=4;q=0;s=11,100,false,101,0.265,22,2,16384,0.715,22,2,true,1,0.004
dec-213,dec,d_b=20;m=2;gap=3;k=1;q=0;s=12,40,false,41,0.094,22,2,1,0.013,25,24,false,0,0.000
dec-213,dec,d_b=20;m=2;gap=3;k=1;q=0;s=12,40,false,41,0.094,22,2,2,0.020,25,24,false,0,0.000
dec-213,dec,d_b=20;m=2;gap=3;k=1;q=0;s=12,40,false,41,0.094,22,2,4,0.029,25,24,false,0,0.000
dec-213,dec,d_b=20;m=2;gap=3;k=1;q=0;s=12,40,false,41,0.094,22,2,8,0.048,25,24,false,0,0.000
dec-213,dec,d_b=20;m=2;gap=3;k=1;q=0;s=12,40,false,41,0.094,22,2,16,0.091,25,24,false,0,0.000
dec-213,dec,d_b=20;m=2;gap=3;k=1;q=0;s=12,40,false,41,0.094,22,2,32,0.222,22,2,true,1,0.008
dec-213,dec,d_b=20;m=2;gap=3;k=1;q=0;s=12,40,false,41,0.094,22,2,64,0.222,22,2,true,1,0.009
dec-213,dec,d_b=20;m=2;gap=3;k=1;q=0;s=12,40,false,41,0.094,22,2,128,0.218,22,2,true,1,0.007
dec-213,dec,d_b=20;m=2;gap=3;k=1;q=0;s=12,40,false,41,0.094,22,2,256,0.233,22,2,true,1,0.008
dec-213,dec,d_b=20;m=2;gap=3;k=1;q=0;s=12,40,false,41,0.094,22,2,512,0.218,22,2,true,1,0.007
dec-213,dec,d_b=20;m=2;gap=3;k=1;q=0;s=12,40,false,41,0.094,22,2,1024,0.240,22,2,true,1,0.010
dec-213,dec,d_b=20;m=2;gap=3;k=1;q=0;s=12,40,false,41,0.094,22,2,2048,0.218,22,2,true,1,0.007
dec-213,dec,d_b=20;m=2;gap=3;k=1;q=0;s=12,40,false,41,0.094,22,2,4096,0.234,22,2,true,1,0.008
dec-213,dec,d_b=20;m=2;gap=3;k=1;q=0;s=12,40,false,41,0.094,22,2,8192,0.218,22,2,true,1,0.007
dec-213,dec,d_b=20;m=2;gap=3;k=1;q=0;s=12,40,false,41,0.094,22,2,16384,0.218,22,2,true,1,0.007
dec-214,dec,d_b=20;m=2;gap=3;k=2;q=0;s=12,60,false,61,0.142,22,2,1,0.013,25,24,false,0,0.000
dec-214,dec,d_b=20;m=2;gap=3;k=2;q=0;s=12,60,false,61,0.142,22,2,2,0.019,25,24,false,0,0.000
dec-214,dec,d_b=20;m=2;gap=3;k=2;q=0;s=12,60,false,61,0.142,22,2,4,0.028,25,24,false,0,0.000
dec-214,dec,d_b=20;m=2;gap=3;k=2;q=0;s=12,60,false,61,0.142,22,2,8,0.051,25,24,false,0,0.000
dec-214,dec,d_b=20;m=2;gap=3;k=2;q=0;s=12,60,false,61,0.142,22,2,16,0.093,25,24,false,0,0.000
dec-214,dec,d_b=20;m=2;gap=3;k=2;q=0;s=12,60,false,61,0.142,22,2,32,0.208,22,2,false,0,0.000
dec-214,dec,d_b=20;m=2;gap=3;k=2;q=0;s=12,60,false,61,0.142,22,2,64,0.407,22,2,true,1,0.005
dec-214,dec,d_b=20;m=2;gap=3;k=2;q=0;s=12,60,false,61,0.142,22,2,128,0.407,22,2,true,1,0.005
dec-214,dec,d_b=20;m=2;gap=3;k=2;q=0;s=12,60,false,61,0.142,22,2,256,0.401,22,2,true,1,0.005
dec-214,dec,d_b=20;m=2;gap=3;k=2;q=0;s=12,60,false,61,0.142,22,2,512,0.401,22,2,true,1,0.005
dec-214,dec,d_b=20;m=2;gap=3;k=2;q=0;s=12,60,false,61,0.142,22,2,1024,0.400,22,2,true,1,0.004
dec-214,dec,d_b=20;m=2;gap=3;k=2;q=0;s=12,60,false,61,0.142,22,2,2048,0.398,22,2,true,1,0.004
dec-214,dec,d_b=20;m=2;gap=3;k=2;q=0;s=12,60,false,61,0.142,22,2,4096,0.396,22,2,true,1,0.004
dec-214,dec,d_b=20;m=2;gap=3;k=2;q=0;s=12,60,false,61,0.142,22,2,8192,0.395,22,2,true,1,0.004
dec-214,dec,d_b=20;m=2;gap=3;k=2;q=0;s=12,60,false,61,0.142,22,2,16384,0.426,22,2,true,1,0.004
dec-215,dec,d_b=20;m=2;gap=3;k=4;q=0;s=12,100,false,101,0.250,22,2,1,0.016,25,24,false,0,0.000
dec-215,dec,d_b=20;m=2;gap=3;k=4;q=0;s=12,100,false,101,0.250,22,2,2,0.022,25,24,false,0,0.000
dec-215,dec,d_b=20;m=2;gap=3;k=4;q=0;s=12,100,false,101,0.250,22,2,4,0.033,25,24,false,0,0.000
dec-215,dec,d_b=20;m=2;gap=3;k=4;q=0;s=12,100,false,101,0.250,22,2,8,0.056,25,24,false,0,0.000
dec-215,dec,d_b=20;m=2;gap=3;k=4;q=0;s=12,100,false,101,0.250,22,2,16,0.098,25,24,false,0,0.000
dec-215,dec,d_b=20;m=2;gap=3;k=4;q=0;s=12,100,false,101,0.250,22,2,32,0.193,25,24,false,0,0.000
dec-215,dec,d_b=20;m=2;gap=3;k=4;q=0;s=12,100,false,101,0.250,22,2,64,0.446,22,2,false,0,0.000
dec-215,dec,d_b=20;m=2;gap=3;k=4;q=0;s=12,100,false,101,0.250,22,2,128,0.768,22,2,true,1,0.004
dec-215,dec,d_b=20;m=2;gap=3;k=4;q=0;s=12,100,false,101,0.250,22,2,256,0.759,22,2,true,1,0.004
dec-215,dec,d_b=20;m=2;gap=3;k=4;q=0;s=12,100,false,101,0.250,22,2,512,0.771,22,2,true,1,0.004
dec-215,dec,d_b=20;m=2;gap=3;k=4;q=0;s=12,100,false,101,0.250,22,2,1024,0.814,22,2,true,1,0.008
dec-215,dec,d_b=20;m=2;gap=3;k=4;q=0;s=12,100,false,101,0.250,22,2,2048,0.769,22,2,true,1,0.004
dec-215,dec,d_b=20;m=2;gap=3;k=4;q=0;s=12,100,false,101,0.250,22,2,4096,0.757,22,2,true,1,0.004
dec-215,dec,d_b=20;m=2;gap=3;k=4;q=0;s=12,100,false,101,0.250,22,2,8192,0.763,22,2,true,1,0.004
dec-215,dec,d_b=20;m=2;gap=3;k=4;q=0;s=12,100,false,101,0.250,22,2,16384,0.746,22,2,true,1,0.003
dec-216,dec,d_b=20;m=2;gap=7;k=1;q=0;s=14,40,false,41,0.088,22,2,1,0.014,29,28,false,0,0.000
dec-216,dec,d_b=20;m=2;gap=7;k=1;q=0;s=14,40,false,41,0.088,22,2,2,0.022,29,28,false,0,0.000
dec-216,dec,d_b=20;m=2;gap=7;k=1;q=0;s=14,40,false,41,0.088,22,2,4,0.030,29,28,false,0,0.000
dec-216,dec,d_b=20;m=2;gap=7;k=1;q=0;s=14,40,false,41,0.088,22,2,8,0.051,29,28,false,0,0.000
dec-216,dec,d_b=20;m=2;gap=7;k=1;q=0;s=14,40,false,41,0.088,22,2,16,0.106,22,2,false,0,0.000
dec-216,dec,d_b=20;m=2;gap=7;k=1;q=0;s=14,40,false,41,0.088,22,2,32,0.242,22,2,true,1,0.008
dec-216,dec,d_b=20;m=2;gap=7;k=1;q=0;s=14,40,false,41,0.088,22,2,64,0.239,22,2,true,1,0.008
dec-216,dec,d_b=20;m=2;gap=7;k=1;q=0;s=14,40,false,41,0.088,22,2,128,0.236,22,2,true,1,0.007
dec-216,dec,d_b=20;m=2;gap=7;k=1;q=0;s=14,40,false,41,0.088,22,2,256,0.235,22,2,true,1,0.007
dec-216,dec,d_b=20;m=2;gap=7;k=1;q=0;s=14,40,false,41,0.088,22,2,512,0.235,22,2,true,1,0.007
dec-216,dec,d_b=20;m=2;gap=7;k=1;q=0;s=14,40,false,41,0.088,22,2,1024,0.235,22,2,true,1,0.007
dec-216,dec,d_b=20;m=2;gap=7;k=1;q=0;s=14,40,false,41,0.088,22,2,2048,0.234,22,2,true,1,0.007
dec-216,dec,d_b=20;m=2;gap=7;k=1;q=0;s=14,40,false,41,0.088,22,2,4096,0.232,22,2,true,1,0.007
dec-216,dec,d_b=20;m=2;gap=7;k=1;q=0;s=14,40,false,41,0.088,22,2,8192,0.235,22,2,true,1,0.007
dec-216,dec,d_b=20;m=2;gap=7;k=1;q=0;s=14,40,false,41,0.088,22,2,16384,0.233,22,2,true,1,0.007
dec-217,dec,d_b=20;m=2;gap=7;k=2;q=0;s=14,60,false,61,0.130,22,2,1,0.015,29,28,false,0,0.000
dec-217,dec,d_b=20;m=2;gap=7;k=2;q=0;s=14,60,false,61,0.130,22,2,2,0.020,29,28,false,0,0.000
dec-217,dec,d_b=20;m=2;gap=7;k=2;q=0;s=14,60,false,61,0.130,22,2,4,0.029,29,28,false,0,0.000
dec-217,dec,d_b=20;m=2;gap=7;k=2;q=0;s=14,60,false,61,0.130,22,2,8,0.052,29,28,false,0,0.000
dec-217,dec,d_b=20;m=2;gap=7;k=2;q=0;s=14,60,false,61,0.130,22,2,16,0.099,29,28,false,0,0.000
dec-217,dec,d_b=20;m=2;gap=7;k=2;q=0;s=14,60,false,61,0.130,22,2,32,0.227,22,2,false,0,0.000
dec-217,dec,d_b=20;m=2;gap=7;k=2;q=0;s=14,60,false,61,0.130,22,2,64,0.433,22,2,true,1,0.005
dec-217,dec,d_b=20;m=2;gap=7;k=2;q=0;s=14,60,false,61,0.130,22,2,128,0.431,22,2,true,1,0.005
dec-217,dec,d_b=20;m=2;gap=7;k=2;q=0;s=14,60,false,61,0.130,22,2,256,0.431,22,2,true,1,0.004
dec-217,dec,d_b=20;m=2;gap=7;k=2;q=0;s=14,60,false,61,0.130,22,2,512,0.424,22,2,true,1,0.004
dec-217,dec,d_b=20;m=2;gap=7;k=2;q=0;s=14,60,false,61,0.130,22,2,1024,0.425,22,2,true,1,0.004
dec-217,dec,d_b=20;m=2;gap=7;k=2;q=0;s=14,60,false,61,0.130,22,2,2048,0.431,22,2,true,1,0.004
dec-217,dec,d_b=20;m=2;gap=7;k=2;q=0;s=14,60,false,61,0.130,22,2,4096,0.423,22,2,true,1,0.004
dec-217,dec,d_b=20;m=2;gap=7;k=2;q=0;s=14,60,false,61,0.130,22,2,8192,0.425,22,2,true,1,0.007
dec-217,dec,d_b=20;m=2;gap=7;k=2;q=0;s=14,60,false,61,0.130,22,2,16384,0.422,22,2,true,1,0.004
dec-218,dec,d_b=20;m=2;gap=7;k=4;q=0;s=14,100,false,101,0.224,22,2,1,0.017,29,28,false,0,0.000
dec-218,dec,d_b=20;m=2;gap=7;k=4;q=0;s=14,100,false,101,0.224,22,2,2,0.023,29,28,false,0,0.000
dec-218,dec,d_b=20;m=2;gap=7;k=4;q=0;s=14,100,false,101,0.224,22,2,4,0.036,29,28,false,0,0.000
dec-218,dec,d_b=20;m=2;gap=7;k=4;q=0;s=14,100,false,101,0.224,22,2,8,0.058,29,28,false,0,0.000
dec-218,dec,d_b=20;m=2;gap=7;k=4;q=0;s=14,100,false,101,0.224,22,2,16,0.102,29,28,false,0,0.000
dec-218,dec,d_b=20;m=2;gap=7;k=4;q=0;s=14,100,false,101,0.224,22,2,32,0.204,29,28,false,0,0.000
dec-218,dec,d_b=20;m=2;gap=7;k=4;q=0;s=14,100,false,101,0.224,22,2,64,0.478,22,2,false,0,0.000
dec-218,dec,d_b=20;m=2;gap=7;k=4;q=0;s=14,100,false,101,0.224,22,2,128,0.812,22,2,true,1,0.005
dec-218,dec,d_b=20;m=2;gap=7;k=4;q=0;s=14,100,false,101,0.224,22,2,256,0.808,22,2,true,1,0.004
dec-218,dec,d_b=20;m=2;gap=7;k=4;q=0;s=14,100,false,101,0.224,22,2,512,0.814,22,2,true,1,0.004
dec-218,dec,d_b=20;m=2;gap=7;k=4;q=0;s=14,100,false,101,0.224,22,2,1024,0.801,22,2,true,1,0.004
dec-218,dec,d_b=20;m=2;gap=7;k=4;q=0;s=14,100,false,101,0.224,22,2,2048,0.814,22,2,true,1,0.004
dec-218,dec,d_b=20;m=2;gap=7;k=4;q=0;s=14,100,false,101,0.224,22,2,4096,0.800,22,2,true,1,0.004
dec-218,dec,d_b=20;m=2;gap=7;k=4;q=0;s=14,100,false,101,0.224,22,2,8192,0.802,22,2,true,1,0.004
dec-218,dec,d_b=20;m=2;gap=7;k=4;q=0;s=14,100,false,101,0.224,22,2,16384,0.798,22,2,true,1,0.006
dec-219,dec,d_b=20;m=2;gap=13;k=1;q=0;s=17,40,false,41,0.079,22,2,1,0.016,35,34,false,0,0.000
dec-219,dec,d_b=20;m=2;gap=13;k=1;q=0;s=17,40,false,41,0.079,22,2,2,0.024,35,34,false,0,0.000
dec-219,dec,d_b=20;m=2;gap=13;k=1;q=0;s=17,40,false,41,0.079,22,2,4,0.035,35,34,false,0,0.000
dec-219,dec,d_b=20;m=2;gap=13;k=1;q=0;s=17,40,false,41,0.079,22,2,8,0.067,22,2,false,0,0.000
dec-219,dec,d_b=20;m=2;gap=13;k=1;q=0;s=17,40,false,41,0.079,22,2,16,0.123,22,2,false,0,0.000
dec-219,dec,d_b=20;m=2;gap=13;k=1;q=0;s=17,40,false,41,0.079,22,2,32,0.275,22,2,false,0,0.000
dec-219,dec,d_b=20;m=2;gap=13;k=1;q=0;s=17,40,false,41,0.079,22,2,64,0.280,22,2,true,1,0.006
dec-219,dec,d_b=20;m=2;gap=13;k=1;q=0;s=17,40,false,41,0.079,22,2,128,0.278,22,2,true,1,0.006
dec-219,dec,d_b=20;m=2;gap=13;k=1;q=0;s=17,40,false,41,0.079,22,2,256,0.275,22,2,true,1,0.005
dec-219,dec,d_b=20;m=2;gap=13;k=1;q=0;s=17,40,false,41,0.079,22,2,512,0.276,22,2,true,1,0.005
dec-219,dec,d_b=20;m=2;gap=13;k=1;q=0;s=17,40,false,41,0.079,22,2,1024,0.274,22,2,true,1,0.005
dec-219,dec,d_b=20;m=2;gap=13;k=1;q=0;s=17,40,false,41,0.079,22,2,2048,0.277,22,2,true,1,0.008
dec-219,dec,d_b=20;m=2;gap=13;k=1;q=0;s=17,40,false,41,0.079,22,2,4096,0.274,22,2,true,1,0.005
dec-219,dec,d_b=20;m=2;gap=13;k=1;q=0;s=17,40,false,41,0.079,22,2,8192,0.273,22,2,true,1,0.005
dec-219,dec,d_b=20;m=2;gap=13;k=1;q=0;s=17,40,false,41,0.079,22,2,16384,0.273,22,2,true,1,0.005
dec-220,dec,d_b=20;m=2;gap=13;k=2;q=0;s=17,60,false,61,0.103,22,2,1,0.016,35,34,false,0,0.000
dec-220,dec,d_b=20;m=2;gap=13;k=2;q=0;s=17,60,false,61,0.103,22,2,2,0.024,35,34,false,0,0.000
dec-220,dec,d_b=20;m=2;gap=13;k=2;q=0;s=17,60,false,61,0.103,22,2,4,0.035,35,34,false,0,0.000
dec-220,dec,d_b=20;m=2;gap=13;k=2;q=0;s=17,60,false,61,0.103,22,2,8,0.061,35,34,false,0,0.000
dec-220,dec,d_b=20;m=2;gap=13;k=2;q=0;s=17,60,false,61,0.103,22,2,16,0.133,22,2,false,0,0.000
dec-220,dec,d_b=20;m=2;gap=13;k=2;q=0;s=17,60,false,61,0.103,22,2,32,0.255,22,2,false,0,0.000
dec-220,dec,d_b=20;m=2;gap=13;k=2;q=0;s=17,60,false,61,0.103,22,2,64,0.501,22,2,true,1,0.003
dec-220,dec,d_b=20;m=2;gap=13;k=2;q=0;s=17,60,false,61,0.103,22,2,128,0.497,22,2,true,1,0.003
dec-220,dec,d_b=20;m=2;gap=13;k=2;q=0;s=17,60,false,61,0.103,22,2,256,0.496,22,2,true,1,0.003
dec-220,dec,d_b=20;m=2;gap=13;k=2;q=0;s=17,60,false,61,0.103,22,2,512,0.492,22,2,true,1,0.003
dec-220,dec,d_b=20;m=2;gap=13;k=2;q=0;s=17,60,false,61,0.103,22,2,1024,0.493,22,2,true,1,0.003
dec-220,dec,d_b=20;m=2;gap=13;k=2;q=0;s=17,60,false,61,0.103,22,2,2048,0.493,22,2,true,1,0.003
dec-220,dec,d_b=20;m=2;gap=13;k=2;q=0;s=17,60,false,61,0.103,22,2,4096,0.514,22,2,true,1,0.004
dec-220,dec,d_b=20;m=2;gap=13;k=2;q=0;s=17,60,false,61,0.103,22,2,8192,0.491,22,2,true,1,0.003
dec-220,dec,d_b=20;m=2;gap=13;k=2;q=0;s=17,60,false,61,0.103,22,2,16384,0.491,22,2,true,1,0.003
dec-221,dec,d_b=20;m=2;gap=13;k=4;q=0;s=17,100,false,101,0.168,22,2,1,0.019,35,34,false,0,0.000
dec-221,dec,d_b=20;m=2;gap=13;k=4;q=0;s=17,100,false,101,0.168,22,2,2,0.028,35,34,false,0,0.000
dec-221,dec,d_b=20;m=2;gap=13;k=4;q=0;s=17,100,false,101,0.168,22,2,4,0.041,35,34,false,0,0.000
dec-221,dec,d_b=20;m=2;gap=13;k=4;q=0;s=17,100,false,101,0.168,22,2,8,0.070,35,34,false,0,0.000
dec-221,dec,d_b=20;m=2;gap=13;k=4;q=0;s=17,100,false,101,0.168,22,2,16,0.135,35,34,false,0,0.000
dec-221,dec,d_b=20;m=2;gap=13;k=4;q=0;s=17,100,false,101,0.168,22,2,32,0.289,22,2,false,0,0.000
dec-221,dec,d_b=20;m=2;gap=13;k=4;q=0;s=17,100,false,101,0.168,22,2,64,0.572,22,2,false,0,0.000
dec-221,dec,d_b=20;m=2;gap=13;k=4;q=0;s=17,100,false,101,0.168,22,2,128,0.924,22,2,true,0,0.000
dec-221,dec,d_b=20;m=2;gap=13;k=4;q=0;s=17,100,false,101,0.168,22,2,256,0.914,22,2,true,0,0.000
dec-221,dec,d_b=20;m=2;gap=13;k=4;q=0;s=17,100,false,101,0.168,22,2,512,0.922,22,2,true,0,0.000
dec-221,dec,d_b=20;m=2;gap=13;k=4;q=0;s=17,100,false,101,0.168,22,2,1024,0.910,22,2,true,0,0.000
dec-221,dec,d_b=20;m=2;gap=13;k=4;q=0;s=17,100,false,101,0.168,22,2,2048,0.930,22,2,true,0,0.000
dec-221,dec,d_b=20;m=2;gap=13;k=4;q=0;s=17,100,false,101,0.168,22,2,4096,0.906,22,2,true,0,0.000
dec-221,dec,d_b=20;m=2;gap=13;k=4;q=0;s=17,100,false,101,0.168,22,2,8192,0.910,22,2,true,0,0.000
dec-221,dec,d_b=20;m=2;gap=13;k=4;q=0;s=17,100,false,101,0.168,22,2,16384,0.908,22,2,true,0,0.000
dec-222,dec,d_b=20;m=3;gap=1;k=1;q=1;s=21,40,false,42,0.149,42,2,1,0.018,43,42,false,0,0.000
dec-222,dec,d_b=20;m=3;gap=1;k=1;q=1;s=21,40,false,42,0.149,42,2,2,0.029,43,42,false,0,0.000
dec-222,dec,d_b=20;m=3;gap=1;k=1;q=1;s=21,40,false,42,0.149,42,2,4,0.043,43,42,false,0,0.000
dec-222,dec,d_b=20;m=3;gap=1;k=1;q=1;s=21,40,false,42,0.149,42,2,8,0.068,43,42,false,0,0.000
dec-222,dec,d_b=20;m=3;gap=1;k=1;q=1;s=21,40,false,42,0.149,42,2,16,0.120,43,42,false,0,0.000
dec-222,dec,d_b=20;m=3;gap=1;k=1;q=1;s=21,40,false,42,0.149,42,2,32,0.262,42,2,false,0,0.000
dec-222,dec,d_b=20;m=3;gap=1;k=1;q=1;s=21,40,false,42,0.149,42,2,64,0.316,42,2,true,1,0.006
dec-222,dec,d_b=20;m=3;gap=1;k=1;q=1;s=21,40,false,42,0.149,42,2,128,0.313,42,2,true,1,0.005
dec-222,dec,d_b=20;m=3;gap=1;k=1;q=1;s=21,40,false,42,0.149,42,2,256,0.309,42,2,true,1,0.005
dec-222,dec,d_b=20;m=3;gap=1;k=1;q=1;s=21,40,false,42,0.149,42,2,512,0.306,42,2,true,1,0.004
dec-222,dec,d_b=20;m=3;gap=1;k=1;q=1;s=21,40,false,42,0.149,42,2,1024,0.307,42,2,true,1,0.004
dec-222,dec,d_b=20;m=3;gap=1;k=1;q=1;s=21,40,false,42,0.149,42,2,2048,0.307,42,2,true,1,0.004
dec-222,dec,d_b=20;m=3;gap=1;k=1;q=1;s=21,40,false,42,0.149,42,2,4096,0.306,42,2,true,1,0.004
dec-222,dec,d_b=20;m=3;gap=1;k=1;q=1;s=21,40,false,42,0.149,42,2,8192,0.304,42,2,true,1,0.004
dec-222,dec,d_b=20;m=3;gap=1;k=1;q=1;s=21,40,false,42,0.149,42,2,16384,0.305,42,2,true,1,0.004
dec-223,dec,d_b=20;m=3;gap=1;k=2;q=1;s=21,60,false,62,0.226,42,2,1,0.018,43,42,false,0,0.000
dec-223,dec,d_b=20;m=3;gap=1;k=2;q=1;s=21,60,false,62,0.226,42,2,2,0.028,43,42,false,0,0.000
dec-223,dec,d_b=20;m=3;gap=1;k=2;q=1;s=21,60,false,62,0.226,42,2,4,0.043,43,42,false,0,0.000
dec-223,dec,d_b=20;m=3;gap=1;k=2;q=1;s=21,60,false,62,0.226,42,2,8,0.077,43,42,false,0,0.000
dec-223,dec,d_b=20;m=3;gap=1;k=2;q=1;s=21,60,false,62,0.226,42,2,16,0.136,43,42,false,0,0.000
dec-223,dec,d_b=20;m=3;gap=1;k=2;q=1;s=21,60,false,62,0.226,42,2,32,0.297,42,2,false,0,0.000
dec-223,dec,d_b=20;m=3;gap=1;k=2;q=1;s=21,60,false,62,0.226,42,2,64,0.552,42,2,true,1,0.004
dec-223,dec,d_b=20;m=3;gap=1;k=2;q=1;s=21,60,false,62,0.226,42,2,128,0.547,42,2,true,1,0.004
dec-223,dec,d_b=20;m=3;gap=1;k=2;q=1;s=21,60,false,62,0.226,42,2,256,0.543,42,2,true,1,0.003
dec-223,dec,d_b=20;m=3;gap=1;k=2;q=1;s=21,60,false,62,0.226,42,2,512,0.560,42,2,true,1,0.003
dec-223,dec,d_b=20;m=3;gap=1;k=2;q=1;s=21,60,false,62,0.226,42,2,1024,0.544,42,2,true,1,0.003
dec-223,dec,d_b=20;m=3;gap=1;k=2;q=1;s=21,60,false,62,0.226,42,2,2048,0.543,42,2,true,1,0.003
dec-223,dec,d_b=20;m=3;gap=1;k=2;q=1;s=21,60,false,62,0.226,42,2,4096,0.539,42,2,true,1,0.003
dec-223,dec,d_b=20;m=3;gap=1;k=2;q=1;s=21,60,false,62,0.226,42,2,8192,0.549,42,2,true,1,0.003
dec-223,dec,d_b=20;m=3;gap=1;k=2;q=1;s=21,60,false,62,0.226,42,2,16384,0.540,42,2,true,1,0.003
dec-224,dec,d_b=20;m=3;gap=1;k=4;q=1;s=21,100,false,102,0.397,42,2,1,0.022,43,42,false,0,0.000
dec-224,dec,d_b=20;m=3;gap=1;k=4;q=1;s=21,100,false,102,0.397,42,2,2,0.032,43,42,false,0,0.000
dec-224,dec,d_b=20;m=3;gap=1;k=4;q=1;s=21,100,false,102,0.397,42,2,4,0.049,43,42,false,0,0.000
dec-224,dec,d_b=20;m=3;gap=1;k=4;q=1;s=21,100,false,102,0.397,42,2,8,0.083,43,42,false,0,0.000
dec-224,dec,d_b=20;m=3;gap=1;k=4;q=1;s=21,100,false,102,0.397,42,2,16,0.150,43,42,false,0,0.000
dec-224,dec,d_b=20;m=3;gap=1;k=4;q=1;s=21,100,false,102,0.397,42,2,32,0.292,43,42,false,0,0.000
dec-224,dec,d_b=20;m=3;gap=1;k=4;q=1;s=21,100,false,102,0.397,42,2,64,0.620,42,2,false,0,0.000
dec-224,dec,d_b=20;m=3;gap=1;k=4;q=1;s=21,100,false,102,0.397,42,2,128,1.048,42,2,true,0,0.000
dec-224,dec,d_b=20;m=3;gap=1;k=4;q=1;s=21,100,false,102,0.397,42,2,256,1.048,42,2,true,0,0.000
dec-224,dec,d_b=20;m=3;gap=1;k=4;q=1;s=21,100,false,102,0.397,42,2,512,1.035,42,2,true,0,0.000
dec-224,dec,d_b=20;m=3;gap=1;k=4;q=1;s=21,100,false,102,0.397,42,2,1024,1.036,42,2,true,0,0.000
dec-224,dec,d_b=20;m=3;gap=1;k=4;q=1;s=21,100,false,102,0.397,42,2,2048,1.050,42,2,true,0,0.000
dec-224,dec,d_b=20;m=3;gap=1;k=4;q=1;s=21,100,false,102,0.397,42,2,4096,1.041,42,2,true,0,0.000
dec-224,dec,d_b=20;m=3;gap=1;k=4;q=1;s=21,100,false,102,0.397,42,2,8192,1.035,42,2,true,0,0.000
dec-224,dec,d_b=20;m=3;gap=1;k=4;q=1;s=21,100,false,102,0.397,42,2,16384,1.034,42,2,true,0,0.000
dec-225,dec,d_b=20;m=3;gap=3;k=1;q=1;s=22,40,false,42,0.144,42,2,1,0.020,45,44,false,0,0.000
dec-225,dec,d_b=20;m=3;gap=3;k=1;q=1;s=22,40,false,42,0.144,42,2,2,0.028,45,44,false,0,0.000
dec-225,dec,d_b=20;m=3;gap=3;k=1;q=1;s=22,40,false,42,0.144,42,2,4,0.043,45,44,false,0,0.000
dec-225,dec,d_b=20;m=3;gap=3;k=1;q=1;s=22,40,false,42,0.144,42,2,8,0.070,45,44,false,0,0.000
dec-225,dec,d_b=20;m=3;gap=3;k=1;q=1;s=22,40,false,42,0.144,42,2,16,0.128,45,44,false,0,0.000
dec-225,dec,d_b=20;m=3;gap=3;k=1;q=1;s=22,40,false,42,0.144,42,2,32,0.276,42,2,false,0,0.000
dec-225,dec,d_b=20;m=3;gap=3;k=1;q=1;s=22,40,false,42,0.144,42,2,64,0.347,42,2,true,1,0.005
dec-225,dec,d_b=20;m=3;gap=3;k=1;q=1;s=22,40,false,42,0.144,42,2,128,0.332,42,2,true,1,0.005
dec-225,dec,d_b=20;m=3;gap=3;k=1;q=1;s=22,40,false,42,0.144,42,2,256,0.328,42,2,true,1,0.005
dec-225,dec,d_b=20;m=3;gap=3;k=1;q=1;s=22,40,false,42,0.144,42,2,512,0.326,42,2,true,1,0.005
dec-225,dec,d_b=20;m=3;gap=3;k=1;q=1;s=22,40,false,42,0.144,42,2,1024,0.326,42,2,true,1,0.004
dec-225,dec,d_b=20;m=3;gap=3;k=1;q=1;s=22,40,false,42,0.144,42,2,2048,0.325,42,2,true,1,0.004
dec-225,dec,d_b=20;m=3;gap=3;k=1;q=1;s=22,40,false,42,0.144,42,2,4096,0.324,42,2,true,1,0.004
dec-225,dec,d_b=20;m=3;gap=3;k=1;q=1;s=22,40,false,42,0.144,42,2,8192,0.324,42,2,true,1,0.004
dec-225,dec,d_b=20;m=3;gap=3;k=1;q=1;s=22,40,false,42,0.144,42,2,16384,0.324,42,2,true,1,0.004
dec-226,dec,d_b=20;m=3;gap=3;k=2;q=1;s=22,60,false,62,0.237,42,2,1,0.018,45,44,false,0,0.000
dec-226,dec,d_b=20;m=3;gap=3;k=2;q=1;s=22,60,false,62,0.237,42,2,2,0.027,45,44,false,0,0.000
dec-226,dec,d_b=20;m=3;gap=3;k=2;q=1;s=22,60,false,62,0.237,42,2,4,0.042,45,44,false,0,0.000
dec-226,dec,d_b=20;m=3;gap=3;k=2;q=1;s=22,60,false,62,0.237,42,2,8,0.075,45,44,false,0,0.000
dec-226,dec,d_b=20;m=3;gap=3;k=2;q=1;s=22,60,false,62,0.237,42,2,16,0.141,45,44,false,0,0.000
dec-226,dec,d_b=20;m=3;gap=3;k=2;q=1;s=22,60,false,62,0.237,42,2,32,0.301,42,2,false,0,0.000
dec-226,dec,d_b=20;m=3;gap=3;k=2;q=1;s=22,60,false,62,0.237,42,2,64,0.585,42,2,true,1,0.003
dec-226,dec,d_b=20;m=3;gap=3;k=2;q=1;s=22,60,false,62,0.237,42,2,128,0.581,42,2,true,1,0.003
dec-226,dec,d_b=20;m=3;gap=3;k=2;q=1;s=22,60,false,62,0.237,42,2,256,0.576,42,2,true,1,0.003
dec-226,dec,d_b=20;m=3;gap=3;k=2;q=1;s=22,60,false,62,0.237,42,2,512,0.578,42,2,true,1,0.006
dec-226,dec,d_b=20;m=3;gap=3;k=2;q=1;s=22,60,false,62,0.237,42,2,1024,0.575,42,2,true,1,0.003
dec-226,dec,d_b=20;m=3;gap=3;k=2;q=1;s=22,60,false,62,0.237,42,2,2048,0.571,42,2,true,1,0.003
dec-226,dec,d_b=20;m=3;gap=3;k=2;q=1;s=22,60,false,62,0.237,42,2,4096,0.571,42,2,true,1,0.003
dec-226,dec,d_b=20;m=3;gap=3;k=2;q=1;s=22,60,false,62,0.237,42,2,8192,0.568,42,2,true,1,0.003
dec-226,dec,d_b=20;m=3;gap=3;k=2;q=1;s=22,60,false,62,0.237,42,2,16384,0.581,42,2,true,1,0.003
dec-227,dec,d_b=20;m=3;gap=3;k=4;q=1;s=22,100,false,102,0.416,42,2,1,0.022,45,44,false,0,0.000
dec-227,dec,d_b=20;m=3;gap=3;k=4;q=1;s=22,100,false,102,0.416,42,2,2,0.033,45,44,false,0,0.000
dec-227,dec,d_b=20;m=3;gap=3;k=4;q=1;s=22,100,false,102,0.416,42,2,4,0.051,45,44,false,0,0.000
dec-227,dec,d_b=20;m=3;gap=3;k=4;q=1;s=22,100,false,102,0.416,42,2,8,0.089,45,44,false,0,0.000
dec-227,dec,d_b=20;m=3;gap=3;k=4;q=1;s=22,100,false,102,0.416,42,2,16,0.153,45,44,false,0,0.000
dec-227,dec,d_b=20;m=3;gap=3;k=4;q=1;s=22,100,false,102,0.416,42,2,32,0.294,45,44,false,0,0.000
dec-227,dec,d_b=20;m=3;gap=3;k=4;q=1;s=22,100,false,102,0.416,42,2,64,0.630,42,2,false,0,0.000
dec-227,dec,d_b=20;m=3;gap=3;k=4;q=1;s=22,100,false,102,0.416,42,2,128,1.068,42,2,true,0,0.000
dec-227,dec,d_b=20;m=3;gap=3;k=4;q=1;s=22,100,false,102,0.416,42,2,256,1.101,42,2,true,0,0.000
dec-227,dec,d_b=20;m=3;gap=3;k=4;q=1;s=22,100,false,102,0.416,42,2,512,1.057,42,2,true,0,0.000
dec-227,dec,d_b=20;m=3;gap=3;k=4;q=1;s=22,100,false,102,0.416,42,2,1024,1.054,42,2,true,0,0.000
dec-227,dec,d_b=20;m=3;gap=3;k=4;q=1;s=22,100,false,102,0.416,42,2,2048,1.053,42,2,true,0,0.000
dec-227,dec,d_b=20;m=3;gap=3;k=4;q=1;s=22,100,false,102,0.416,42,2,4096,1.051,42,2,true,0,0.000
dec-227,dec,d_b=20;m=3;gap=3;k=4;q=1;s=22,100,false,102,0.416,42,2,8192,1.051,42,2,true,0,0.000
dec-227,dec,d_b=20;m=3;gap=3;k=4;q=1;s=22,100,false,102,0.416,42,2,16384,1.059,42,2,true,0,0.000
dec-228,dec,d_b=20;m=3;gap=7;k=1;q=1;s=24,40,false,42,0.142,42,2,1,0.018,49,48,false,0,0.000
dec-228,dec,d_b=20;m=3;gap=7;k=1;q=1;s=24,40,false,42,0.142,42,2,2,0.029,49,48,false,0,0.000
dec-228,dec,d_b=20;m=3;gap=7;k=1;q=1;s=24,40,false,42,0.142,42,2,4,0.044,49,48,false,0,0.000
dec-228,dec,d_b=20;m=3;gap=7;k=1;q=1;s=24,40,false,42,0.142,42,2,8,0.073,49,48,false,0,0.000
dec-228,dec,d_b=20;m=3;gap=7;k=1;q=1;s=24,40,false,42,0.142,42,2,16,0.145,42,2,false,0,0.000
dec-228,dec,d_b=20;m=3;gap=7;k=1;q=1;s=24,40,false,42,0.142,42,2,32,0.285,42,2,false,0,0.000
dec-228,dec,d_b=20;m=3;gap=7;k=1;q=1;s=24,40,false,42,0.142,42,2,64,0.352,42,2,true,1,0.005
dec-228,dec,d_b=20;m=3;gap=7;k=1;q=1;s=24,40,false,42,0.142,42,2,128,0.352,42,2,true,1,0.005
dec-228,dec,d_b=20;m=3;gap=7;k=1;q=1;s=24,40,false,42,0.142,42,2,256,0.350,42,2,true,1,0.005
dec-228,dec,d_b=20;m=3;gap=7;k=1;q=1;s=24,40,false,42,0.142,42,2,512,0.347,42,2,true,1,0.004
dec-228,dec,d_b=20;m=3;gap=7;k=1;q=1;s=24,40,false,42,0.142,42,2,1024,0.359,42,2,true,1,0.004
dec-228,dec,d_b=20;m=3;gap=7;k=1;q=1;s=24,40,false,42,0.142,42,2,2048,0.346,42,2,true,1,0.004
dec-228,dec,d_b=20;m=3;gap=7;k=1;q=1;s=24,40,false,42,0.142,42,2,4096,0.346,42,2,true,1,0.004
dec-228,dec,d_b=20;m=3;gap=7;k=1;q=1;s=24,40,false,42,0.142,42,2,8192,0.344,42,2,true,1,0.004
dec-228,dec,d_b=20;m=3;gap=7;k=1;q=1;s=24,40,false,42,0.142,42,2,16384,0.342,42,2,true,1,0.004
dec-229,dec,d_b=20;m=3;gap=7;k=2;q=1;s=24,60,false,62,0.231,42,2,1,0.019,49,48,false,0,0.000
dec-229,dec,d_b=20;m=3;gap=7;k=2;q=1;s=24,60,false,62,0.231,42,2,2,0.029,49,48,false,0,0.000
dec-229,dec,d_b=20;m=3;gap=7;k=2;q=1;s=24,60,false,62,0.231,42,2,4,0.044,49,48,false,0,0.000
dec-229,dec,d_b=20;m=3;gap=7;k=2;q=1;s=24,60,false,62,0.231,42,2,8,0.079,49,48,false,0,0.000
dec-229,dec,d_b=20;m=3;gap=7;k=2;q=1;s=24,60,false,62,0.231,42,2,16,0.144,49,48,false,0,0.000
dec-229,dec,d_b=20;m=3;gap=7;k=2;q=1;s=24,60,false,62,0.231,42,2,32,0.319,42,2,false,0,0.000
dec-229,dec,d_b=20;m=3;gap=7;k=2;q=1;s=24,60,false,62,0.231,42,2,64,0.620,42,2,true,1,0.004
dec-229,dec,d_b=20;m=3;gap=7;k=2;q=1;s=24,60,false,62,0.231,42,2,128,0.623,42,2,true,1,0.004
dec-229,dec,d_b=20;m=3;gap=7;k=2;q=1;s=24,60,false,62,0.231,42,2,256,0.611,42,2,true,1,0.003
dec-229,dec,d_b=20;m=3;gap=7;k=2;q=1;s=24,60,false,62,0.231,42,2,512,0.629,42,2,true,1,0.003
dec-229,dec,d_b=20;m=3;gap=7;k=2;q=1;s=24,60,false,62,0.231,42,2,1024,0.608,42,2,true,1,0.003
dec-229,dec,d_b=20;m=3;gap=7;k=2;q=1;s=24,60,false,62,0.231,42,2,2048,0.611,42,2,true,1,0.003
dec-229,dec,d_b=20;m=3;gap=7;k=2;q=1;s=24,60,false,62,0.231,42,2,4096,0.607,42,2,true,1,0.003
dec-229,dec,d_b=20;m=3;gap=7;k=2;q=1;s=24,60,false,62,0.231,42,2,8192,0.614,42,2,true,1,0.003
dec-229,dec,d_b=20;m=3;gap=7;k=2;q=1;s=24,60,false,62,0.231,42,2,16384,0.613,42,2,true,1,0.003
dec-230,dec,d_b=20;m=3;gap=7;k=4;q=1;s=24,100,false,102,0.386,42,2,1,0.023,49,48,false,0,0.000
dec-230,dec,d_b=20;m=3;gap=7;k=4;q=1;s=24,100,false,102,0.386,42,2,2,0.033,49,48,false,0,0.000
dec-230,dec,d_b=20;m=3;gap=7;k=4;q=1;s=24,100,false,102,0.386,42,2,4,0.051,49,48,false,0,0.000
dec-230,dec,d_b=20;m=3;gap=7;k=4;q=1;s=24,100,false,102,0.386,42,2,8,0.083,49,48,false,0,0.000
dec-230,dec,d_b=20;m=3;gap=7;k=4;q=1;s=24,100,false,102,0.386,42,2,16,0.147,49,48,false,0,0.000
dec-230,dec,d_b=20;m=3;gap=7;k=4;q=1;s=24,100,false,102,0.386,42,2,32,0.293,49,48,false,0,0.000
dec-230,dec,d_b=20;m=3;gap=7;k=4;q=1;s=24,100,false,102,0.386,42,2,64,0.654,42,2,false,0,0.000
dec-230,dec,d_b=20;m=3;gap=7;k=4;q=1;s=24,100,false,102,0.386,42,2,128,1.133,42,2,true,0,0.000
dec-230,dec,d_b=20;m=3;gap=7;k=4;q=1;s=24,100,false,102,0.386,42,2,256,1.122,42,2,true,0,0.000
dec-230,dec,d_b=20;m=3;gap=7;k=4;q=1;s=24,100,false,102,0.386,42,2,512,1.120,42,2,true,0,0.000
dec-230,dec,d_b=20;m=3;gap=7;k=4;q=1;s=24,100,false,102,0.386,42,2,1024,1.116,42,2,true,0,0.000
dec-230,dec,d_b=20;m=3;gap=7;k=4;q=1;s=24,100,false,102,0.386,42,2,2048,1.111,42,2,true,0,0.000
dec-230,dec,d_b=20;m=3;gap=7;k=4;q=1;s=24,100,false,102,0.386,42,2,4096,1.109,42,2,true,0,0.000
dec-230,dec,d_b=20;m=3;gap=7;k=4;q=1;s=24,100,false,102,0.386,42,2,8192,1.103,42,2,true,0,0.000
dec-230,dec,d_b=20;m=3;gap=7;k=4;q=1;s=24,100,false,102,0.386,42,2,16384,1.103,42,2,true,0,0.000
dec-231,dec,d_b=20;m=3;gap=13;k=1;q=1;s=27,40,false,42,0.128,42,2,1,0.021,55,54,false,0,0.000
dec-231,dec,d_b=20;m=3;gap=13;k=1;q=1;s=27,40,false,42,0.128,42,2,2,0.037,55,54,false,0,0.000
dec-231,dec,d_b=20;m=3;gap=13;k=1;q=1;s=27,40,false,42,0.128,42,2,4,0.048,55,54,false,0,0.000
dec-231,dec,d_b=20;m=3;gap=13;k=1;q=1;s=27,40,false,42,0.128,42,2,8,0.078,55,54,false,0,0.000
dec-231,dec,d_b=20;m=3;gap=13;k=1;q=1;s=27,40,false,42,0.128,42,2,16,0.155,42,2,false,0,0.000
dec-231,dec,d_b=20;m=3;gap=13;k=1;q=1;s=27,40,false,42,0.128,42,2,32,0.347,42,2,false,0,0.000
dec-231,dec,d_b=20;m=3;gap=13;k=1;q=1;s=27,40,false,42,0.128,42,2,64,0.397,42,2,true,1,0.007
dec-231,dec,d_b=20;m=3;gap=13;k=1;q=1;s=27,40,false,42,0.128,42,2,128,0.388,42,2,true,1,0.007
dec-231,dec,d_b=20;m=3;gap=13;k=1;q=1;s=27,40,false,42,0.128,42,2,256,0.382,42,2,true,1,0.005
dec-231,dec,d_b=20;m=3;gap=13;k=1;q=1;s=27,40,false,42,0.128,42,2,512,0.377,42,2,true,1,0.005
dec-231,dec,d_b=20;m=3;gap=13;k=1;q=1;s=27,40,false,42,0.128,42,2,1024,0.375,42,2,true,1,0.005
dec-231,dec,d_b=20;m=3;gap=13;k=1;q=1;s=27,40,false,42,0.128,42,2,2048,0.395,42,2,true,1,0.007
dec-231,dec,d_b=20;m=3;gap=13;k=1;q=1;s=27,40,false,42,0.128,42,2,4096,0.372,42,2,true,1,0.004
dec-231,dec,d_b=20;m=3;gap=13;k=1;q=1;s=27,40,false,42,0.128,42,2,8192,0.372,42,2,true,1,0.005
dec-231,dec,d_b=20;m=3;gap=13;k=1;q=1;s=27,40,false,42,0.128,42,2,16384,0.369,42,2,true,1,0.004
dec-232,dec,d_b=20;m=3;gap=13;k=2;q=1;s=27,60,false,62,0.206,42,2,1,0.022,55,54,false,0,0.000
dec-232,dec,d_b=20;m=3;gap=13;k=2;q=1;s=27,60,false,62,0.206,42,2,2,0.032,55,54,false,0,0.000
dec-232,dec,d_b=20;m=3;gap=13;k=2;q=1;s=27,60,false,62,0.206,42,2,4,0.054,55,54,false,0,0.000
dec-232,dec,d_b=20;m=3;gap=13;k=2;q=1;s=27,60,false,62,0.206,42,2,8,0.107,55,54,false,0,0.000
dec-232,dec,d_b=20;m=3;gap=13;k=2;q=1;s=27,60,false,62,0.206,42,2,16,0.161,55,54,false,0,0.000
dec-232,dec,d_b=20;m=3;gap=13;k=2;q=1;s=27,60,false,62,0.206,42,2,32,0.392,42,2,false,0,0.000
dec-232,dec,d_b=20;m=3;gap=13;k=2;q=1;s=27,60,false,62,0.206,42,2,64,0.721,42,2,true,1,0.005
dec-232,dec,d_b=20;m=3;gap=13;k=2;q=1;s=27,60,false,62,0.206,42,2,128,0.686,42,2,true,1,0.006
dec-232,dec,d_b=20;m=3;gap=13;k=2;q=1;s=27,60,false,62,0.206,42,2,256,0.701,42,2,true,1,0.008
dec-232,dec,d_b=20;m=3;gap=13;k=2;q=1;s=27,60,false,62,0.206,42,2,512,0.673,42,2,true,1,0.005
dec-232,dec,d_b=20;m=3;gap=13;k=2;q=1;s=27,60,false,62,0.206,42,2,1024,0.670,42,2,true,1,0.004
dec-232,dec,d_b=20;m=3;gap=13;k=2;q=1;s=27,60,false,62,0.206,42,2,2048,0.661,42,2,true,1,0.003
dec-232,dec,d_b=20;m=3;gap=13;k=2;q=1;s=27,60,false,62,0.206,42,2,4096,0.655,42,2,true,1,0.003
dec-232,dec,d_b=20;m=3;gap=13;k=2;q=1;s=27,60,false,62,0.206,42,2,8192,0.659,42,2,true,1,0.003
dec-232,dec,d_b=20;m=3;gap=13;k=2;q=1;s=27,60,false,62,0.206,42,2,16384,0.694,42,2,true,1,0.006
dec-233,dec,d_b=20;m=3;gap=13;k=4;q=1;s=27,100,false,102,0.343,42,2,1,0.030,55,54,false,0,0.000
dec-233,dec,d_b=20;m=3;gap=13;k=4;q=1;s=27,100,false,102,0.343,42,2,2,0.039,55,54,false,0,0.000
dec-233,dec,d_b=20;m=3;gap=13;k=4;q=1;s=27,100,false,102,0.343,42,2,4,0.061,55,54,false,0,0.000
dec-233,dec,d_b=20;m=3;gap=13;k=4;q=1;s=27,100,false,102,0.343,42,2,8,0.096,55,54,false,0,0.000
dec-233,dec,d_b=20;m=3;gap=13;k=4;q=1;s=27,100,false,102,0.343,42,2,16,0.173,55,54,false,0,0.000
dec-233,dec,d_b=20;m=3;gap=13;k=4;q=1;s=27,100,false,102,0.343,42,2,32,0.316,55,54,false,0,0.000
dec-233,dec,d_b=20;m=3;gap=13;k=4;q=1;s=27,100,false,102,0.343,42,2,64,0.695,42,2,false,0,0.000
dec-233,dec,d_b=20;m=3;gap=13;k=4;q=1;s=27,100,false,102,0.343,42,2,128,1.188,42,2,true,0,0.000
dec-233,dec,d_b=20;m=3;gap=13;k=4;q=1;s=27,100,false,102,0.343,42,2,256,1.184,42,2,true,0,0.000
dec-233,dec,d_b=20;m=3;gap=13;k=4;q=1;s=27,100,false,102,0.343,42,2,512,1.172,42,2,true,0,0.000
dec-233,dec,d_b=20;m=3;gap=13;k=4;q=1;s=27,100,false,102,0.343,42,2,1024,1.175,42,2,true,0,0.000
dec-233,dec,d_b=20;m=3;gap=13;k=4;q=1;s=27,100,false,102,0.343,42,2,2048,1.167,42,2,true,0,0.000
dec-233,dec,d_b=20;m=3;gap=13;k=4;q=1;s=27,100,false,102,0.343,42,2,4096,1.169,42,2,true,0,0.000
dec-233,dec,d_b=20;m=3;gap=13;k=4;q=1;s=27,100,false,102,0.343,42,2,8192,1.167,42,2,true,0,0.000
dec-233,dec,d_b=20;m=3;gap=13;k=4;q=1;s=27,100,false,102,0.343,42,2,16384,1.163,42,2,true,0,0.000
dec-234,dec,d_b=20;m=5;gap=1;k=1;q=3;s=41,40,false,42,0.220,82,2,1,0.028,83,82,false,0,0.000
dec-234,dec,d_b=20;m=5;gap=1;k=1;q=3;s=41,40,false,42,0.220,82,2,2,0.047,83,82,false,0,0.000
dec-234,dec,d_b=20;m=5;gap=1;k=1;q=3;s=41,40,false,42,0.220,82,2,4,0.067,83,82,false,0,0.000
dec-234,dec,d_b=20;m=5;gap=1;k=1;q=3;s=41,40,false,42,0.220,82,2,8,0.104,83,82,false,0,0.000
dec-234,dec,d_b=20;m=5;gap=1;k=1;q=3;s=41,40,false,42,0.220,82,2,16,0.187,83,82,false,0,0.000
dec-234,dec,d_b=20;m=5;gap=1;k=1;q=3;s=41,40,false,42,0.220,82,2,32,0.387,82,2,false,0,0.000
dec-234,dec,d_b=20;m=5;gap=1;k=1;q=3;s=41,40,false,42,0.220,82,2,64,0.473,82,2,true,1,0.004
dec-234,dec,d_b=20;m=5;gap=1;k=1;q=3;s=41,40,false,42,0.220,82,2,128,0.465,82,2,true,1,0.003
dec-234,dec,d_b=20;m=5;gap=1;k=1;q=3;s=41,40,false,42,0.220,82,2,256,0.468,82,2,true,1,0.006
dec-234,dec,d_b=20;m=5;gap=1;k=1;q=3;s=41,40,false,42,0.220,82,2,512,0.462,82,2,true,1,0.003
dec-234,dec,d_b=20;m=5;gap=1;k=1;q=3;s=41,40,false,42,0.220,82,2,1024,0.462,82,2,true,1,0.003
dec-234,dec,d_b=20;m=5;gap=1;k=1;q=3;s=41,40,false,42,0.220,82,2,2048,0.460,82,2,true,1,0.003
dec-234,dec,d_b=20;m=5;gap=1;k=1;q=3;s=41,40,false,42,0.220,82,2,4096,0.460,82,2,true,1,0.003
dec-234,dec,d_b=20;m=5;gap=1;k=1;q=3;s=41,40,false,42,0.220,82,2,8192,0.467,82,2,true,1,0.003
dec-234,dec,d_b=20;m=5;gap=1;k=1;q=3;s=41,40,false,42,0.220,82,2,16384,0.458,82,2,true,1,0.003
dec-235,dec,d_b=20;m=5;gap=1;k=2;q=3;s=41,60,false,62,0.351,82,2,1,0.030,83,82,false,0,0.000
dec-235,dec,d_b=20;m=5;gap=1;k=2;q=3;s=41,60,false,62,0.351,82,2,2,0.046,83,82,false,0,0.000
dec-235,dec,d_b=20;m=5;gap=1;k=2;q=3;s=41,60,false,62,0.351,82,2,4,0.069,83,82,false,0,0.000
dec-235,dec,d_b=20;m=5;gap=1;k=2;q=3;s=41,60,false,62,0.351,82,2,8,0.125,83,82,false,0,0.000
dec-235,dec,d_b=20;m=5;gap=1;k=2;q=3;s=41,60,false,62,0.351,82,2,16,0.225,83,82,false,0,0.000
dec-235,dec,d_b=20;m=5;gap=1;k=2;q=3;s=41,60,false,62,0.351,82,2,32,0.456,82,2,false,0,0.000
dec-235,dec,d_b=20;m=5;gap=1;k=2;q=3;s=41,60,false,62,0.351,82,2,64,0.849,82,2,true,0,0.000
dec-235,dec,d_b=20;m=5;gap=1;k=2;q=3;s=41,60,false,62,0.351,82,2,128,0.826,82,2,true,0,0.000
dec-235,dec,d_b=20;m=5;gap=1;k=2;q=3;s=41,60,false,62,0.351,82,2,256,0.821,82,2,true,0,0.000
dec-235,dec,d_b=20;m=5;gap=1;k=2;q=3;s=41,60,false,62,0.351,82,2,512,0.823,82,2,true,0,0.000
dec-235,dec,d_b=20;m=5;gap=1;k=2;q=3;s=41,60,false,62,0.351,82,2,1024,0.816,82,2,true,0,0.000
dec-235,dec,d_b=20;m=5;gap=1;k=2;q=3;s=41,60,false,62,0.351,82,2,2048,0.817,82,2,true,0,0.000
dec-235,dec,d_b=20;m=5;gap=1;k=2;q=3;s=41,60,false,62,0.351,82,2,4096,0.812,82,2,true,0,0.000
dec-235,dec,d_b=20;m=5;gap=1;k=2;q=3;s=41,60,false,62,0.351,82,2,8192,0.810,82,2,true,0,0.000
dec-235,dec,d_b=20;m=5;gap=1;k=2;q=3;s=41,60,false,62,0.351,82,2,16384,0.811,82,2,true,0,0.000
dec-236,dec,d_b=20;m=5;gap=1;k=4;q=3;s=41,100,false,102,0.624,82,2,1,0.036,83,82,false,0,0.000
dec-236,dec,d_b=20;m=5;gap=1;k=4;q=3;s=41,100,false,102,0.624,82,2,2,0.049,83,82,false,0,0.000
dec-236,dec,d_b=20;m=5;gap=1;k=4;q=3;s=41,100,false,102,0.624,82,2,4,0.079,83,82,false,0,0.000
dec-236,dec,d_b=20;m=5;gap=1;k=4;q=3;s=41,100,false,102,0.624,82,2,8,0.131,83,82,false,0,0.000
dec-236,dec,d_b=20;m=5;gap=1;k=4;q=3;s=41,100,false,102,0.624,82,2,16,0.230,83,82,false,0,0.000
dec-236,dec,d_b=20;m=5;gap=1;k=4;q=3;s=41,100,false,102,0.624,82,2,32,0.470,83,82,false,0,0.000
dec-236,dec,d_b=20;m=5;gap=1;k=4;q=3;s=41,100,false,102,0.624,82,2,64,0.957,82,2,false,0,0.000
dec-236,dec,d_b=20;m=5;gap=1;k=4;q=3;s=41,100,false,102,0.624,82,2,128,1.516,82,2,true,0,0.000
dec-236,dec,d_b=20;m=5;gap=1;k=4;q=3;s=41,100,false,102,0.624,82,2,256,1.499,82,2,true,0,0.000
dec-236,dec,d_b=20;m=5;gap=1;k=4;q=3;s=41,100,false,102,0.624,82,2,512,1.495,82,2,true,0,0.000
dec-236,dec,d_b=20;m=5;gap=1;k=4;q=3;s=41,100,false,102,0.624,82,2,1024,1.494,82,2,true,0,0.000
dec-236,dec,d_b=20;m=5;gap=1;k=4;q=3;s=41,100,false,102,0.624,82,2,2048,1.496,82,2,true,0,0.000
dec-236,dec,d_b=20;m=5;gap=1;k=4;q=3;s=41,100,false,102,0.624,82,2,4096,1.518,82,2,true,0,0.000
dec-236,dec,d_b=20;m=5;gap=1;k=4;q=3;s=41,100,false,102,0.624,82,2,8192,1.486,82,2,true,0,0.000
dec-236,dec,d_b=20;m=5;gap=1;k=4;q=3;s=41,100,false,102,0.624,82,2,16384,1.487,82,2,true,0,0.000
dec-237,dec,d_b=20;m=5;gap=3;k=1;q=3;s=42,40,false,42,0.222,82,2,1,0.027,85,84,false,0,0.000
dec-237,dec,d_b=20;m=5;gap=3;k=1;q=3;s=42,40,false,42,0.222,82,2,2,0.046,85,84,false,0,0.000
dec-237,dec,d_b=20;m=5;gap=3;k=1;q=3;s=42,40,false,42,0.222,82,2,4,0.068,85,84,false,0,0.000
dec-237,dec,d_b=20;m=5;gap=3;k=1;q=3;s=42,40,false,42,0.222,82,2,8,0.108,85,84,false,0,0.000
dec-237,dec,d_b=20;m=5;gap=3;k=1;q=3;s=42,40,false,42,0.222,82,2,16,0.187,85,84,false,0,0.000
dec-237,dec,d_b=20;m=5;gap=3;k=1;q=3;s=42,40,false,42,0.222,82,2,32,0.387,82,2,false,0,0.000
dec-237,dec,d_b=20;m=5;gap=3;k=1;q=3;s=42,40,false,42,0.222,82,2,64,0.474,82,2,true,1,0.004
dec-237,dec,d_b=20;m=5;gap=3;k=1;q=3;s=42,40,false,42,0.222,82,2,128,0.474,82,2,true,1,0.004
dec-237,dec,d_b=20;m=5;gap=3;k=1;q=3;s=42,40,false,42,0.222,82,2,256,0.471,82,2,true,1,0.003
dec-237,dec,d_b=20;m=5;gap=3;k=1;q=3;s=42,40,false,42,0.222,82,2,512,0.470,82,2,true,1,0.003
dec-237,dec,d_b=20;m=5;gap=3;k=1;q=3;s=42,40,false,42,0.222,82,2,1024,0.466,82,2,true,1,0.003
dec-237,dec,d_b=20;m=5;gap=3;k=1;q=3;s=42,40,false,42,0.222,82,2,2048,0.467,82,2,true,1,0.003
dec-237,dec,d_b=20;m=5;gap=3;k=1;q=3;s=42,40,false,42,0.222,82,2,4096,0.465,82,2,true,1,0.003
dec-237,dec,d_b=20;m=5;gap=3;k=1;q=3;s=42,40,false,42,0.222,82,2,8192,0.464,82,2,true,1,0.003
dec-237,dec,d_b=20;m=5;gap=3;k=1;q=3;s=42,40,false,42,0.222,82,2,16384,0.476,82,2,true,1,0.003
dec-238,dec,d_b=20;m=5;gap=3;k=2;q=3;s=42,60,false,62,0.373,82,2,1,0.030,85,84,false,0,0.000
dec-238,dec,d_b=20;m=5;gap=3;k=2;q=3;s=42,60,false,62,0.373,82,2,2,0.047,85,84,false,0,0.000
dec-238,dec,d_b=20;m=5;gap=3;k=2;q=3;s=42,60,false,62,0.373,82,2,4,0.069,85,84,false,0,0.000
dec-238,dec,d_b=20;m=5;gap=3;k=2;q=3;s=42,60,false,62,0.373,82,2,8,0.127,85,84,false,0,0.000
dec-238,dec,d_b=20;m=5;gap=3;k=2;q=3;s=42,60,false,62,0.373,82,2,16,0.235,85,84,false,0,0.000
dec-238,dec,d_b=20;m=5;gap=3;k=2;q=3;s=42,60,false,62,0.373,82,2,32,0.456,82,2,false,0,0.000
dec-238,dec,d_b=20;m=5;gap=3;k=2;q=3;s=42,60,false,62,0.373,82,2,64,0.837,82,2,true,0,0.000
dec-238,dec,d_b=20;m=5;gap=3;k=2;q=3;s=42,60,false,62,0.373,82,2,128,0.831,82,2,true,0,0.000
dec-238,dec,d_b=20;m=5;gap=3;k=2;q=3;s=42,60,false,62,0.373,82,2,256,0.827,82,2,true,0,0.000
dec-238,dec,d_b=20;m=5;gap=3;k=2;q=3;s=42,60,false,62,0.373,82,2,512,0.828,82,2,true,0,0.000
dec-238,dec,d_b=20;m=5;gap=3;k=2;q=3;s=42,60,false,62,0.373,82,2,1024,0.824,82,2,true,0,0.000
dec-238,dec,d_b=20;m=5;gap=3;k=2;q=3;s=42,60,false,62,0.373,82,2,2048,0.825,82,2,true,0,0.000
dec-238,dec,d_b=20;m=5;gap=3;k=2;q=3;s=42,60,false,62,0.373,82,2,4096,0.823,82,2,true,0,0.000
dec-238,dec,d_b=20;m=5;gap=3;k=2;q=3;s=42,60,false,62,0.373,82,2,8192,0.819,82,2,true,0,0.000
dec-238,dec,d_b=20;m=5;gap=3;k=2;q=3;s=42,60,false,62,0.373,82,2,16384,0.821,82,2,true,0,0.000
dec-239,dec,d_b=20;m=5;gap=3;k=4;q=3;s=42,100,false,102,0.632,82,2,1,0.033,85,84,false,0,0.000
dec-239,dec,d_b=20;m=5;gap=3;k=4;q=3;s=42,100,false,102,0.632,82,2,2,0.049,85,84,false,0,0.000
dec-239,dec,d_b=20;m=5;gap=3;k=4;q=3;s=42,100,false,102,0.632,82,2,4,0.077,85,84,false,0,0.000
dec-239,dec,d_b=20;m=5;gap=3;k=4;q=3;s=42,100,false,102,0.632,82,2,8,0.136,85,84,false,0,0.000
dec-239,dec,d_b=20;m=5;gap=3;k=4;q=3;s=42,100,false,102,0.632,82,2,16,0.240,85,84,false,0,0.000
dec-239,dec,d_b=20;m=5;gap=3;k=4;q=3;s=42,100,false,102,0.632,82,2,32,0.465,85,84,false,0,0.000
dec-239,dec,d_b=20;m=5;gap=3;k=4;q=3;s=42,100,false,102,0.632,82,2,64,0.986,82,2,false,0,0.000
dec-239,dec,d_b=20;m=5;gap=3;k=4;q=3;s=42,100,false,102,0.632,82,2,128,1.566,82,2,true,0,0.000
dec-239,dec,d_b=20;m=5;gap=3;k=4;q=3;s=42,100,false,102,0.632,82,2,256,1.531,82,2,true,0,0.000
dec-239,dec,d_b=20;m=5;gap=3;k=4;q=3;s=42,100,false,102,0.632,82,2,512,1.553,82,2,true,0,0.000
dec-239,dec,d_b=20;m=5;gap=3;k=4;q=3;s=42,100,false,102,0.632,82,2,1024,1.575,82,2,true,0,0.000
dec-239,dec,d_b=20;m=5;gap=3;k=4;q=3;s=42,100,false,102,0.632,82,2,2048,1.581,82,2,true,0,0.000
dec-239,dec,d_b=20;m=5;gap=3;k=4;q=3;s=42,100,false,102,0.632,82,2,4096,1.542,82,2,true,0,0.000
dec-239,dec,d_b=20;m=5;gap=3;k=4;q=3;s=42,100,false,102,0.632,82,2,8192,1.532,82,2,true,0,0.000
dec-239,dec,d_b=20;m=5;gap=3;k=4;q=3;s=42,100,false,102,0.632,82,2,16384,1.565,82,2,true,0,0.000
dec-240,dec,d_b=20;m=5;gap=7;k=1;q=3;s=44,40,false,42,0.236,82,2,1,0.029,89,88,false,0,0.000
dec-240,dec,d_b=20;m=5;gap=7;k=1;q=3;s=44,40,false,42,0.236,82,2,2,0.047,89,88,false,0,0.000
dec-240,dec,d_b=20;m=5;gap=7;k=1;q=3;s=44,40,false,42,0.236,82,2,4,0.068,89,88,false,0,0.000
dec-240,dec,d_b=20;m=5;gap=7;k=1;q=3;s=44,40,false,42,0.236,82,2,8,0.113,89,88,false,0,0.000
dec-240,dec,d_b=20;m=5;gap=7;k=1;q=3;s=44,40,false,42,0.236,82,2,16,0.191,89,88,false,0,0.000
dec-240,dec,d_b=20;m=5;gap=7;k=1;q=3;s=44,40,false,42,0.236,82,2,32,0.400,82,2,false,0,0.000
dec-240,dec,d_b=20;m=5;gap=7;k=1;q=3;s=44,40,false,42,0.236,82,2,64,0.510,82,2,true,1,0.006
dec-240,dec,d_b=20;m=5;gap=7;k=1;q=3;s=44,40,false,42,0.236,82,2,128,0.539,82,2,true,1,0.006
dec-240,dec,d_b=20;m=5;gap=7;k=1;q=3;s=44,40,false,42,0.236,82,2,256,0.518,82,2,true,1,0.004
dec-240,dec,d_b=20;m=5;gap=7;k=1;q=3;s=44,40,false,42,0.236,82,2,512,0.499,82,2,true,1,0.003
dec-240,dec,d_b=20;m=5;gap=7;k=1;q=3;s=44,40,false,42,0.236,82,2,1024,0.500,82,2,true,1,0.003
dec-240,dec,d_b=20;m=5;gap=7;k=1;q=3;s=44,40,false,42,0.236,82,2,2048,0.496,82,2,true,1,0.003
dec-240,dec,d_b=20;m=5;gap=7;k=1;q=3;s=44,40,false,42,0.236,82,2,4096,0.497,82,2,true,1,0.003
dec-240,dec,d_b=20;m=5;gap=7;k=1;q=3;s=44,40,false,42,0.236,82,2,8192,0.499,82,2,true,1,0.004
dec-240,dec,d_b=20;m=5;gap=7;k=1;q=3;s=44,40,false,42,0.236,82,2,16384,0.498,82,2,true,1,0.003
dec-241,dec,d_b=20;m=5;gap=7;k=2;q=3;s=44,60,false,62,0.399,82,2,1,0.033,89,88,false,0,0.000
dec-241,dec,d_b=20;m=5;gap=7;k=2;q=3;s=44,60,false,62,0.399,82,2,2,0.048,89,88,false,0,0.000
dec-241,dec,d_b=20;m=5;gap=7;k=2;q=3;s=44,60,false,62,0.399,82,2,4,0.077,89,88,false,0,0.000
dec-241,dec,d_b=20;m=5;gap=7;k=2;q=3;s=44,60,false,62,0.399,82,2,8,0.136,89,88,false,0,0.000
dec-241,dec,d_b=20;m=5;gap=7;k=2;q=3;s=44,60,false,62,0.399,82,2,16,0.246,89,88,false,0,0.000
dec-241,dec,d_b=20;m=5;gap=7;k=2;q=3;s=44,60,false,62,0.399,82,2,32,0.489,82,2,false,0,0.000
dec-241,dec,d_b=20;m=5;gap=7;k=2;q=3;s=44,60,false,62,0.399,82,2,64,0.899,82,2,true,0,0.000
dec-241,dec,d_b=20;m=5;gap=7;k=2;q=3;s=44,60,false,62,0.399,82,2,128,0.895,82,2,true,0,0.000
dec-241,dec,d_b=20;m=5;gap=7;k=2;q=3;s=44,60,false,62,0.399,82,2,256,0.901,82,2,true,0,0.000
dec-241,dec,d_b=20;m=5;gap=7;k=2;q=3;s=44,60,false,62,0.399,82,2,512,0.946,82,2,true,0,0.000
dec-241,dec,d_b=20;m=5;gap=7;k=2;q=3;s=44,60,false,62,0.399,82,2,1024,0.889,82,2,true,0,0.000
dec-241,dec,d_b=20;m=5;gap=7;k=2;q=3;s=44,60,false,62,0.399,82,2,2048,0.877,82,2,true,0,0.000
dec-241,dec,d_b=20;m=5;gap=7;k=2;q=3;s=44,60,false,62,0.399,82,2,4096,0.882,82,2,true,0,0.000
dec-241,dec,d_b=20;m=5;gap=7;k=2;q=3;s=44,60,false,62,0.399,82,2,8192,0.879,82,2,true,0,0.000
dec-241,dec,d_b=20;m=5;gap=7;k=2;q=3;s=44,60,false,62,0.399,82,2,16384,0.879,82,2,true,0,0.000
dec-242,dec,d_b=20;m=5;gap=7;k=4;q=3;s=44,100,false,102,0.704,82,2,1,0.036,89,88,false,0,0.000
dec-242,dec,d_b=20;m=5;gap=7;k=4;q=3;s=44,100,false,102,0.704,82,2,2,0.061,89,88,false,0,0.000
dec-242,dec,d_b=20;m=5;gap=7;k=4;q=3;s=44,100,false,102,0.704,82,2,4,0.087,89,88,false,0,0.000
dec-242,dec,d_b=20;m=5;gap=7;k=4;q=3;s=44,100,false,102,0.704,82,2,8,0.144,89,88,false,0,0.000
dec-242,dec,d_b=20;m=5;gap=7;k=4;q=3;s=44,100,false,102,0.704,82,2,16,0.257,89,88,false,0,0.000
dec-242,dec,d_b=20;m=5;gap=7;k=4;q=3;s=44,100,false,102,0.704,82,2,32,0.484,89,88,false,0,0.000
dec-242,dec,d_b=20;m=5;gap=7;k=4;q=3;s=44,100,false,102,0.704,82,2,64,1.013,82,2,false,0,0.000
dec-242,dec,d_b=20;m=5;gap=7;k=4;q=3;s=44,100,false,102,0.704,82,2,128,1.682,82,2,true,0,0.000
dec-242,dec,d_b=20;m=5;gap=7;k=4;q=3;s=44,100,false,102,0.704,82,2,256,1.697,82,2,true,0,0.000
dec-242,dec,d_b=20;m=5;gap=7;k=4;q=3;s=44,100,false,102,0.704,82,2,512,1.659,82,2,true,0,0.000
dec-242,dec,d_b=20;m=5;gap=7;k=4;q=3;s=44,100,false,102,0.704,82,2,1024,1.655,82,2,true,0,0.000
dec-242,dec,d_b=20;m=5;gap=7;k=4;q=3;s=44,100,false,102,0.704,82,2,2048,1.632,82,2,true,0,0.000
dec-242,dec,d_b=20;m=5;gap=7;k=4;q=3;s=44,100,false,102,0.704,82,2,4096,1.642,82,2,true,0,0.000
dec-242,dec,d_b=20;m=5;gap=7;k=4;q=3;s=44,100,false,102,0.704,82,2,8192,1.631,82,2,true,0,0.000
dec-242,dec,d_b=20;m=5;gap=7;k=4;q=3;s=44,100,false,102,0.704,82,2,16384,1.638,82,2,true,0,0.000
dec-243,dec,d_b=20;m=5;gap=13;k=1;q=3;s=47,40,false,42,0.217,82,2,1,0.028,95,94,false,0,0.000
dec-243,dec,d_b=20;m=5;gap=13;k=1;q=3;s=47,40,false,42,0.217,82,2,2,0.048,95,94,false,0,0.000
dec-243,dec,d_b=20;m=5;gap=13;k=1;q=3;s=47,40,false,42,0.217,82,2,4,0.069,95,94,false,0,0.000
dec-243,dec,d_b=20;m=5;gap=13;k=1;q=3;s=47,40,false,42,0.217,82,2,8,0.115,95,94,false,0,0.000
dec-243,dec,d_b=20;m=5;gap=13;k=1;q=3;s=47,40,false,42,0.217,82,2,16,0.216,82,2,false,0,0.000
dec-243,dec,d_b=20;m=5;gap=13;k=1;q=3;s=47,40,false,42,0.217,82,2,32,0.412,82,2,false,0,0.000
dec-243,dec,d_b=20;m=5;gap=13;k=1;q=3;s=47,40,false,42,0.217,82,2,64,0.539,82,2,true,1,0.006
dec-243,dec,d_b=20;m=5;gap=13;k=1;q=3;s=47,40,false,42,0.217,82,2,128,0.532,82,2,true,1,0.004
dec-243,dec,d_b=20;m=5;gap=13;k=1;q=3;s=47,40,false,42,0.217,82,2,256,0.531,82,2,true,1,0.003
dec-243,dec,d_b=20;m=5;gap=13;k=1;q=3;s=47,40,false,42,0.217,82,2,512,0.524,82,2,true,1,0.003
dec-243,dec,d_b=20;m=5;gap=13;k=1;q=3;s=47,40,false,42,0.217,82,2,1024,0.528,82,2,true,1,0.003
dec-243,dec,d_b=20;m=5;gap=13;k=1;q=3;s=47,40,false,42,0.217,82,2,2048,0.524,82,2,true,1,0.003
dec-243,dec,d_b=20;m=5;gap=13;k=1;q=3;s=47,40,false,42,0.217,82,2,4096,0.552,82,2,true,1,0.003
dec-243,dec,d_b=20;m=5;gap=13;k=1;q=3;s=47,40,false,42,0.217,82,2,8192,0.522,82,2,true,1,0.003
dec-243,dec,d_b=20;m=5;gap=13;k=1;q=3;s=47,40,false,42,0.217,82,2,16384,0.522,82,2,true,1,0.003
dec-244,dec,d_b=20;m=5;gap=13;k=2;q=3;s=47,60,false,62,0.362,82,2,1,0.030,95,94,false,0,0.000
dec-244,dec,d_b=20;m=5;gap=13;k=2;q=3;s=47,60,false,62,0.362,82,2,2,0.045,95,94,false,0,0.000
dec-244,dec,d_b=20;m=5;gap=13;k=2;q=3;s=47,60,false,62,0.362,82,2,4,0.069,95,94,false,0,0.000
dec-244,dec,d_b=20;m=5;gap=13;k=2;q=3;s=47,60,false,62,0.362,82,2,8,0.123,95,94,false,0,0.000
dec-244,dec,d_b=20;m=5;gap=13;k=2;q=3;s=47,60,false,62,0.362,82,2,16,0.225,95,94,false,0,0.000
dec-244,dec,d_b=20;m=5;gap=13;k=2;q=3;s=47,60,false,62,0.362,82,2,32,0.478,82,2,false,0,0.000
dec-244,dec,d_b=20;m=5;gap=13;k=2;q=3;s=47,60,false,62,0.362,82,2,64,0.943,82,2,true,0,0.000
dec-244,dec,d_b=20;m=5;gap=13;k=2;q=3;s=47,60,false,62,0.362,82,2,128,0.926,82,2,true,0,0.000
dec-244,dec,d_b=20;m=5;gap=13;k=2;q=3;s=47,60,false,62,0.362,82,2,256,0.932,82,2,true,0,0.000
dec-244,dec,d_b=20;m=5;gap=13;k=2;q=3;s=47,60,false,62,0.362,82,2,512,0.930,82,2,true,0,0.000
dec-244,dec,d_b=20;m=5;gap=13;k=2;q=3;s=47,60,false,62,0.362,82,2,1024,0.924,82,2,true,0,0.000
dec-244,dec,d_b=20;m=5;gap=13;k=2;q=3;s=47,60,false,62,0.362,82,2,2048,0.917,82,2,true,0,0.000
dec-244,dec,d_b=20;m=5;gap=13;k=2;q=3;s=47,60,false,62,0.362,82,2,4096,0.945,82,2,true,0,0.000
dec-244,dec,d_b=20;m=5;gap=13;k=2;q=3;s=47,60,false,62,0.362,82,2,8192,0.916,82,2,true,0,0.000
dec-244,dec,d_b=20;m=5;gap=13;k=2;q=3;s=47,60,false,62,0.362,82,2,16384,0.920,82,2,true,0,0.000
dec-245,dec,d_b=20;m=5;gap=13;k=4;q=3;s=47,100,false,102,0.614,82,2,1,0.034,95,94,false,0,0.000
dec-245,dec,d_b=20;m=5;gap=13;k=4;q=3;s=47,100,false,102,0.614,82,2,2,0.049,95,94,false,0,0.000
dec-245,dec,d_b=20;m=5;gap=13;k=4;q=3;s=47,100,false,102,0.614,82,2,4,0.079,95,94,false,0,0.000
dec-245,dec,d_b=20;m=5;gap=13;k=4;q=3;s=47,100,false,102,0.614,82,2,8,0.138,95,94,false,0,0.000
dec-245,dec,d_b=20;m=5;gap=13;k=4;q=3;s=47,100,false,102,0.614,82,2,16,0.244,95,94,false,0,0.000
dec-245,dec,d_b=20;m=5;gap=13;k=4;q=3;s=47,100,false,102,0.614,82,2,32,0.504,95,94,false,0,0.000
dec-245,dec,d_b=20;m=5;gap=13;k=4;q=3;s=47,100,false,102,0.614,82,2,64,1.023,82,2,false,0,0.000
dec-245,dec,d_b=20;m=5;gap=13;k=4;q=3;s=47,100,false,102,0.614,82,2,128,1.767,82,2,true,0,0.000
dec-245,dec,d_b=20;m=5;gap=13;k=4;q=3;s=47,100,false,102,0.614,82,2,256,1.743,82,2,true,0,0.000
dec-245,dec,d_b=20;m=5;gap=13;k=4;q=3;s=47,100,false,102,0.614,82,2,512,1.748,82,2,true,0,0.000
dec-245,dec,d_b=20;m=5;gap=13;k=4;q=3;s=47,100,false,102,0.614,82,2,1024,1.729,82,2,true,0,0.000
dec-245,dec,d_b=20;m=5;gap=13;k=4;q=3;s=47,100,false,102,0.614,82,2,2048,1.775,82,2,true,0,0.000
dec-245,dec,d_b=20;m=5;gap=13;k=4;q=3;s=47,100,false,102,0.614,82,2,4096,1.730,82,2,true,0,0.000
dec-245,dec,d_b=20;m=5;gap=13;k=4;q=3;s=47,100,false,102,0.614,82,2,8192,1.780,82,2,true,0,0.000
dec-245,dec,d_b=20;m=5;gap=13;k=4;q=3;s=47,100,false,102,0.614,82,2,16384,1.729,82,2,true,0,0.000
dec-246,dec,d_b=20;m=9;gap=1;k=1;q=7;s=81,40,false,42,0.344,162,2,1,0.044,163,162,false,0,0.000
dec-246,dec,d_b=20;m=9;gap=1;k=1;q=7;s=81,40,false,42,0.344,162,2,2,0.079,163,162,false,0,0.000
dec-246,dec,d_b=20;m=9;gap=1;k=1;q=7;s=81,40,false,42,0.344,162,2,4,0.115,163,162,false,0,0.000
dec-246,dec,d_b=20;m=9;gap=1;k=1;q=7;s=81,40,false,42,0.344,162,2,8,0.176,163,162,false,0,0.000
dec-246,dec,d_b=20;m=9;gap=1;k=1;q=7;s=81,40,false,42,0.344,162,2,16,0.302,163,162,false,0,0.000
dec-246,dec,d_b=20;m=9;gap=1;k=1;q=7;s=81,40,false,42,0.344,162,2,32,0.582,162,2,false,0,0.000
dec-246,dec,d_b=20;m=9;gap=1;k=1;q=7;s=81,40,false,42,0.344,162,2,64,0.728,162,2,true,0,0.000
dec-246,dec,d_b=20;m=9;gap=1;k=1;q=7;s=81,40,false,42,0.344,162,2,128,0.726,162,2,true,0,0.000
dec-246,dec,d_b=20;m=9;gap=1;k=1;q=7;s=81,40,false,42,0.344,162,2,256,0.723,162,2,true,0,0.000
dec-246,dec,d_b=20;m=9;gap=1;k=1;q=7;s=81,40,false,42,0.344,162,2,512,0.717,162,2,true,0,0.000
dec-246,dec,d_b=20;m=9;gap=1;k=1;q=7;s=81,40,false,42,0.344,162,2,1024,0.723,162,2,true,0,0.000
dec-246,dec,d_b=20;m=9;gap=1;k=1;q=7;s=81,40,false,42,0.344,162,2,2048,0.714,162,2,true,0,0.000
dec-246,dec,d_b=20;m=9;gap=1;k=1;q=7;s=81,40,false,42,0.344,162,2,4096,0.714,162,2,true,0,0.000
dec-246,dec,d_b=20;m=9;gap=1;k=1;q=7;s=81,40,false,42,0.344,162,2,8192,0.715,162,2,true,0,0.000
dec-246,dec,d_b=20;m=9;gap=1;k=1;q=7;s=81,40,false,42,0.344,162,2,16384,0.724,162,2,true,0,0.000
dec-247,dec,d_b=20;m=9;gap=1;k=2;q=7;s=81,60,false,62,0.575,162,2,1,0.063,163,162,false,0,0.000
dec-247,dec,d_b=20;m=9;gap=1;k=2;q=7;s=81,60,false,62,0.575,162,2,2,0.072,163,162,false,0,0.000
dec-247,dec,d_b=20;m=9;gap=1;k=2;q=7;s=81,60,false,62,0.575,162,2,4,0.107,163,162,false,0,0.000
dec-247,dec,d_b=20;m=9;gap=1;k=2;q=7;s=81,60,false,62,0.575,162,2,8,0.200,163,162,false,0,0.000
dec-247,dec,d_b=20;m=9;gap=1;k=2;q=7;s=81,60,false,62,0.575,162,2,16,0.359,163,162,false,0,0.000
dec-247,dec,d_b=20;m=9;gap=1;k=2;q=7;s=81,60,false,62,0.575,162,2,32,0.754,162,2,false,0,0.000
dec-247,dec,d_b=20;m=9;gap=1;k=2;q=7;s=81,60,false,62,0.575,162,2,64,1.303,162,2,true,0,0.000
dec-247,dec,d_b=20;m=9;gap=1;k=2;q=7;s=81,60,false,62,0.575,162,2,128,1.315,162,2,true,0,0.000
dec-247,dec,d_b=20;m=9;gap=1;k=2;q=7;s=81,60,false,62,0.575,162,2,256,1.294,162,2,true,0,0.000
dec-247,dec,d_b=20;m=9;gap=1;k=2;q=7;s=81,60,false,62,0.575,162,2,512,1.304,162,2,true,0,0.000
dec-247,dec,d_b=20;m=9;gap=1;k=2;q=7;s=81,60,false,62,0.575,162,2,1024,1.282,162,2,true,0,0.000
dec-247,dec,d_b=20;m=9;gap=1;k=2;q=7;s=81,60,false,62,0.575,162,2,2048,1.295,162,2,true,0,0.000
dec-247,dec,d_b=20;m=9;gap=1;k=2;q=7;s=81,60,false,62,0.575,162,2,4096,1.285,162,2,true,0,0.000
dec-247,dec,d_b=20;m=9;gap=1;k=2;q=7;s=81,60,false,62,0.575,162,2,8192,1.294,162,2,true,0,0.000
dec-247,dec,d_b=20;m=9;gap=1;k=2;q=7;s=81,60,false,62,0.575,162,2,16384,1.284,162,2,true,0,0.000
dec-248,dec,d_b=20;m=9;gap=1;k=4;q=7;s=81,100,false,102,1.158,162,2,1,0.063,163,162,false,0,0.000
dec-248,dec,d_b=20;m=9;gap=1;k=4;q=7;s=81,100,false,102,1.158,162,2,2,0.091,163,162,false,0,0.000
dec-248,dec,d_b=20;m=9;gap=1;k=4;q=7;s=81,100,false,102,1.158,162,2,4,0.155,163,162,false,0,0.000
dec-248,dec,d_b=20;m=9;gap=1;k=4;q=7;s=81,100,false,102,1.158,162,2,8,0.248,163,162,false,0,0.000
dec-248,dec,d_b=20;m=9;gap=1;k=4;q=7;s=81,100,false,102,1.158,162,2,16,0.423,163,162,false,0,0.000
dec-248,dec,d_b=20;m=9;gap=1;k=4;q=7;s=81,100,false,102,1.158,162,2,32,0.800,163,162,false,0,0.000
dec-248,dec,d_b=20;m=9;gap=1;k=4;q=7;s=81,100,false,102,1.158,162,2,64,1.680,162,2,false,0,0.000
dec-248,dec,d_b=20;m=9;gap=1;k=4;q=7;s=81,100,false,102,1.158,162,2,128,2.505,162,2,true,0,0.000
dec-248,dec,d_b=20;m=9;gap=1;k=4;q=7;s=81,100,false,102,1.158,162,2,256,2.471,162,2,true,0,0.000
dec-248,dec,d_b=20;m=9;gap=1;k=4;q=7;s=81,100,false,102,1.158,162,2,512,2.483,162,2,true,0,0.000
dec-248,dec,d_b=20;m=9;gap=1;k=4;q=7;s=81,100,false,102,1.158,162,2,1024,2.455,162,2,true,0,0.000
dec-248,dec,d_b=20;m=9;gap=1;k=4;q=7;s=81,100,false,102,1.158,162,2,2048,2.431,162,2,true,0,0.000
dec-248,dec,d_b=20;m=9;gap=1;k=4;q=7;s=81,100,false,102,1.158,162,2,4096,2.463,162,2,true,0,0.000
dec-248,dec,d_b=20;m=9;gap=1;k=4;q=7;s=81,100,false,102,1.158,162,2,8192,2.444,162,2,true,0,0.000
dec-248,dec,d_b=20;m=9;gap=1;k=4;q=7;s=81,100,false,102,1.158,162,2,16384,2.454,162,2,true,0,0.000
dec-249,dec,d_b=20;m=9;gap=3;k=1;q=7;s=82,40,false,42,0.340,162,2,1,0.044,165,164,false,0,0.000
dec-249,dec,d_b=20;m=9;gap=3;k=1;q=7;s=82,40,false,42,0.340,162,2,2,0.080,165,164,false,0,0.000
dec-249,dec,d_b=20;m=9;gap=3;k=1;q=7;s=82,40,false,42,0.340,162,2,4,0.122,165,164,false,0,0.000
dec-249,dec,d_b=20;m=9;gap=3;k=1;q=7;s=82,40,false,42,0.340,162,2,8,0.176,165,164,false,0,0.000
dec-249,dec,d_b=20;m=9;gap=3;k=1;q=7;s=82,40,false,42,0.340,162,2,16,0.349,165,164,false,0,0.000
dec-249,dec,d_b=20;m=9;gap=3;k=1;q=7;s=82,40,false,42,0.340,162,2,32,0.609,162,2,false,0,0.000
dec-249,dec,d_b=20;m=9;gap=3;k=1;q=7;s=82,40,false,42,0.340,162,2,64,0.746,162,2,true,0,0.000
dec-249,dec,d_b=20;m=9;gap=3;k=1;q=7;s=82,40,false,42,0.340,162,2,128,0.729,162,2,true,0,0.000
dec-249,dec,d_b=20;m=9;gap=3;k=1;q=7;s=82,40,false,42,0.340,162,2,256,0.725,162,2,true,0,0.000
dec-249,dec,d_b=20;m=9;gap=3;k=1;q=7;s=82,40,false,42,0.340,162,2,512,0.720,162,2,true,0,0.000
dec-249,dec,d_b=20;m=9;gap=3;k=1;q=7;s=82,40,false,42,0.340,162,2,1024,0.724,162,2,true,0,0.000
dec-249,dec,d_b=20;m=9;gap=3;k=1;q=7;s=82,40,false,42,0.340,162,2,2048,0.718,162,2,true,0,0.000
dec-249,dec,d_b=20;m=9;gap=3;k=1;q=7;s=82,40,false,42,0.340,162,2,4096,0.729,162,2,true,0,0.000
dec-249,dec,d_b=20;m=9;gap=3;k=1;q=7;s=82,40,false,42,0.340,162,2,8192,0.716,162,2,true,0,0.000
dec-249,dec,d_b=20;m=9;gap=3;k=1;q=7;s=82,40,false,42,0.340,162,2,16384,0.718,162,2,true,0,0.000
dec-250,dec,d_b=20;m=9;gap=3;k=2;q=7;s=82,60,false,62,0.579,162,2,1,0.051,165,164,false,0,0.000
dec-250,dec,d_b=20;m=9;gap=3;k=2;q=7;s=82,60,false,62,0.579,162,2,2,0.075,165,164,false,0,0.000
dec-250,dec,d_b=20;m=9;gap=3;k=2;q=7;s=82,60,false,62,0.579,162,2,4,0.108,165,164,false,0,0.000
dec-250,dec,d_b=20;m=9;gap=3;k=2;q=7;s=82,60,false,62,0.579,162,2,8,0.205,165,164,false,0,0.000
dec-250,dec,d_b=20;m=9;gap=3;k=2;q=7;s=82,60,false,62,0.579,162,2,16,0.363,165,164,false,0,0.000
dec-250,dec,d_b=20;m=9;gap=3;k=2;q=7;s=82,60,false,62,0.579,162,2,32,0.756,162,2,false,0,0.000
dec-250,dec,d_b=20;m=9;gap=3;k=2;q=7;s=82,60,false,62,0.579,162,2,64,1.322,162,2,true,0,0.000
dec-250,dec,d_b=20;m=9;gap=3;k=2;q=7;s=82,60,false,62,0.579,162,2,128,1.334,162,2,true,0,0.000
dec-250,dec,d_b=20;m=9;gap=3;k=2;q=7;s=82,60,false,62,0.579,162,2,256,1.304,162,2,true,0,0.000
dec-250,dec,d_b=20;m=9;gap=3;k=2;q=7;s=82,60,false,62,0.579,162,2,512,1.332,162,2,true,0,0.000
dec-250,dec,d_b=20;m=9;gap=3;k=2;q=7;s=82,60,false,62,0.579,162,2,1024,1.289,162,2,true,0,0.000
dec-250,dec,d_b=20;m=9;gap=3;k=2;q=7;s=82,60,false,62,0.579,162,2,2048,1.310,162,2,true,0,0.000
dec-250,dec,d_b=20;m=9;gap=3;k=2;q=7;s=82,60,false,62,0.579,162,2,4096,1.290,162,2,true,0,0.000
dec-250,dec,d_b=20;m=9;gap=3;k=2;q=7;s=82,60,false,62,0.579,162,2,8192,1.304,162,2,true,0,0.000
dec-250,dec,d_b=20;m=9;gap=3;k=2;q=7;s=82,60,false,62,0.579,162,2,16384,1.311,162,2,true,0,0.000
dec-251,dec,d_b=20;m=9;gap=3;k=4;q=7;s=82,100,false,102,1.161,162,2,1,0.077,165,164,false,0,0.000
dec-251,dec,d_b=20;m=9;gap=3;k=4;q=7;s=82,100,false,102,1.161,162,2,2,0.102,165,164,false,0,0.000
dec-251,dec,d_b=20;m=9;gap=3;k=4;q=7;s=82,100,false,102,1.161,162,2,4,0.157,165,164,false,0,0.000
dec-251,dec,d_b=20;m=9;gap=3;k=4;q=7;s=82,100,false,102,1.161,162,2,8,0.246,165,164,false,0,0.000
dec-251,dec,d_b=20;m=9;gap=3;k=4;q=7;s=82,100,false,102,1.161,162,2,16,0.423,165,164,false,0,0.000
dec-251,dec,d_b=20;m=9;gap=3;k=4;q=7;s=82,100,false,102,1.161,162,2,32,0.831,165,164,false,0,0.000
dec-251,dec,d_b=20;m=9;gap=3;k=4;q=7;s=82,100,false,102,1.161,162,2,64,1.738,162,2,false,0,0.000
dec-251,dec,d_b=20;m=9;gap=3;k=4;q=7;s=82,100,false,102,1.161,162,2,128,2.495,162,2,true,0,0.000
dec-251,dec,d_b=20;m=9;gap=3;k=4;q=7;s=82,100,false,102,1.161,162,2,256,2.538,162,2,true,0,0.000
dec-251,dec,d_b=20;m=9;gap=3;k=4;q=7;s=82,100,false,102,1.161,162,2,512,2.551,162,2,true,0,0.000
dec-251,dec,d_b=20;m=9;gap=3;k=4;q=7;s=82,100,false,102,1.161,162,2,1024,2.496,162,2,true,0,0.000
dec-251,dec,d_b=20;m=9;gap=3;k=4;q=7;s=82,100,false,102,1.161,162,2,2048,2.472,162,2,true,0,0.000
dec-251,dec,d_b=20;m=9;gap=3;k=4;q=7;s=82,100,false,102,1.161,162,2,4096,2.461,162,2,true,0,0.000
dec-251,dec,d_b=20;m=9;gap=3;k=4;q=7;s=82,100,false,102,1.161,162,2,8192,2.446,162,2,true,0,0.000
dec-251,dec,d_b=20;m=9;gap=3;k=4;q=7;s=82,100,false,102,1.161,162,2,16384,2.466,162,2,true,0,0.000
dec-252,dec,d_b=20;m=9;gap=7;k=1;q=7;s=84,40,false,42,0.346,162,2,1,0.046,169,168,false,0,0.000
dec-252,dec,d_b=20;m=9;gap=7;k=1;q=7;s=84,40,false,42,0.346,162,2,2,0.081,169,168,false,0,0.000
dec-252,dec,d_b=20;m=9;gap=7;k=1;q=7;s=84,40,false,42,0.346,162,2,4,0.119,169,168,false,0,0.000
dec-252,dec,d_b=20;m=9;gap=7;k=1;q=7;s=84,40,false,42,0.346,162,2,8,0.181,169,168,false,0,0.000
dec-252,dec,d_b=20;m=9;gap=7;k=1;q=7;s=84,40,false,42,0.346,162,2,16,0.305,169,168,false,0,0.000
dec-252,dec,d_b=20;m=9;gap=7;k=1;q=7;s=84,40,false,42,0.346,162,2,32,0.596,162,2,false,0,0.000
dec-252,dec,d_b=20;m=9;gap=7;k=1;q=7;s=84,40,false,42,0.346,162,2,64,0.746,162,2,true,0,0.000
dec-252,dec,d_b=20;m=9;gap=7;k=1;q=7;s=84,40,false,42,0.346,162,2,128,0.748,162,2,true,0,0.000
dec-252,dec,d_b=20;m=9;gap=7;k=1;q=7;s=84,40,false,42,0.346,162,2,256,0.752,162,2,true,0,0.000
dec-252,dec,d_b=20;m=9;gap=7;k=1;q=7;s=84,40,false,42,0.346,162,2,512,0.743,162,2,true,0,0.000
dec-252,dec,d_b=20;m=9;gap=7;k=1;q=7;s=84,40,false,42,0.346,162,2,1024,0.735,162,2,true,0,0.000
dec-252,dec,d_b=20;m=9;gap=7;k=1;q=7;s=84,40,false,42,0.346,162,2,2048,0.737,162,2,true,0,0.000
dec-252,dec,d_b=20;m=9;gap=7;k=1;q=7;s=84,40,false,42,0.346,162,2,4096,0.731,162,2,true,0,0.000
dec-252,dec,d_b=20;m=9;gap=7;k=1;q=7;s=84,40,false,42,0.346,162,2,8192,0.732,162,2,true,0,0.000
dec-252,dec,d_b=20;m=9;gap=7;k=1;q=7;s=84,40,false,42,0.346,162,2,16384,0.731,162,2,true,0,0.000
dec-253,dec,d_b=20;m=9;gap=7;k=2;q=7;s=84,60,false,62,0.618,162,2,1,0.046,169,168,false,0,0.000
dec-253,dec,d_b=20;m=9;gap=7;k=2;q=7;s=84,60,false,62,0.618,162,2,2,0.076,169,168,false,0,0.000
dec-253,dec,d_b=20;m=9;gap=7;k=2;q=7;s=84,60,false,62,0.618,162,2,4,0.115,169,168,false,0,0.000
dec-253,dec,d_b=20;m=9;gap=7;k=2;q=7;s=84,60,false,62,0.618,162,2,8,0.212,169,168,false,0,0.000
dec-253,dec,d_b=20;m=9;gap=7;k=2;q=7;s=84,60,false,62,0.618,162,2,16,0.373,169,168,false,0,0.000
dec-253,dec,d_b=20;m=9;gap=7;k=2;q=7;s=84,60,false,62,0.618,162,2,32,0.756,162,2,false,0,0.000
dec-253,dec,d_b=20;m=9;gap=7;k=2;q=7;s=84,60,false,62,0.618,162,2,64,1.352,162,2,true,0,0.000
dec-253,dec,d_b=20;m=9;gap=7;k=2;q=7;s=84,60,false,62,0.618,162,2,128,1.348,162,2,true,0,0.000
dec-253,dec,d_b=20;m=9;gap=7;k=2;q=7;s=84,60,false,62,0.618,162,2,256,1.338,162,2,true,0,0.000
dec-253,dec,d_b=20;m=9;gap=7;k=2;q=7;s=84,60,false,62,0.618,162,2,512,1.336,162,2,true,0,0.000
dec-253,dec,d_b=20;m=9;gap=7;k=2;q=7;s=84,60,false,62,0.618,162,2,1024,1.348,162,2,true,0,0.000
dec-253,dec,d_b=20;m=9;gap=7;k=2;q=7;s=84,60,false,62,0.618,162,2,2048,1.334,162,2,true,0,0.000
dec-253,dec,d_b=20;m=9;gap=7;k=2;q=7;s=84,60,false,62,0.618,162,2,4096,1.339,162,2,true,0,0.000
dec-253,dec,d_b=20;m=9;gap=7;k=2;q=7;s=84,60,false,62,0.618,162,2,8192,1.329,162,2,true,0,0.000
dec-253,dec,d_b=20;m=9;gap=7;k=2;q=7;s=84,60,false,62,0.618,162,2,16384,1.335,162,2,true,0,0.000
dec-254,dec,d_b=20;m=9;gap=7;k=4;q=7;s=84,100,false,102,1.191,162,2,1,0.068,169,168,false,0,0.000
dec-254,dec,d_b=20;m=9;gap=7;k=4;q=7;s=84,100,false,102,1.191,162,2,2,0.110,169,168,false,0,0.000
dec-254,dec,d_b=20;m=9;gap=7;k=4;q=7;s=84,100,false,102,1.191,162,2,4,0.154,169,168,false,0,0.000
dec-254,dec,d_b=20;m=9;gap=7;k=4;q=7;s=84,100,false,102,1.191,162,2,8,0.260,169,168,false,0,0.000
dec-254,dec,d_b=20;m=9;gap=7;k=4;q=7;s=84,100,false,102,1.191,162,2,16,0.438,169,168,false,0,0.000
dec-254,dec,d_b=20;m=9;gap=7;k=4;q=7;s=84,100,false,102,1.191,162,2,32,0.851,169,168,false,0,0.000
dec-254,dec,d_b=20;m=9;gap=7;k=4;q=7;s=84,100,false,102,1.191,162,2,64,1.713,162,2,false,0,0.000
dec-254,dec,d_b=20;m=9;gap=7;k=4;q=7;s=84,100,false,102,1.191,162,2,128,2.638,162,2,true,0,0.000
dec-254,dec,d_b=20;m=9;gap=7;k=4;q=7;s=84,100,false,102,1.191,162,2,256,2.535,162,2,true,0,0.000
dec-254,dec,d_b=20;m=9;gap=7;k=4;q=7;s=84,100,false,102,1.191,162,2,512,2.533,162,2,true,0,0.000
dec-254,dec,d_b=20;m=9;gap=7;k=4;q=7;s=84,100,false,102,1.191,162,2,1024,2.527,162,2,true,0,0.000
dec-254,dec,d_b=20;m=9;gap=7;k=4;q=7;s=84,100,false,102,1.191,162,2,2048,2.580,162,2,true,0,0.000
dec-254,dec,d_b=20;m=9;gap=7;k=4;q=7;s=84,100,false,102,1.191,162,2,4096,2.586,162,2,true,0,0.000
dec-254,dec,d_b=20;m=9;gap=7;k=4;q=7;s=84,100,false,102,1.191,162,2,8192,2.544,162,2,true,0,0.000
dec-254,dec,d_b=20;m=9;gap=7;k=4;q=7;s=84,100,false,102,1.191,162,2,16384,2.552,162,2,true,0,0.000
dec-255,dec,d_b=20;m=9;gap=13;k=1;q=7;s=87,40,false,42,0.379,162,2,1,0.049,175,174,false,0,0.000
dec-255,dec,d_b=20;m=9;gap=13;k=1;q=7;s=87,40,false,42,0.379,162,2,2,0.083,175,174,false,0,0.000
dec-255,dec,d_b=20;m=9;gap=13;k=1;q=7;s=87,40,false,42,0.379,162,2,4,0.125,175,174,false,0,0.000
dec-255,dec,d_b=20;m=9;gap=13;k=1;q=7;s=87,40,false,42,0.379,162,2,8,0.192,175,174,false,0,0.000
dec-255,dec,d_b=20;m=9;gap=13;k=1;q=7;s=87,40,false,42,0.379,162,2,16,0.321,175,174,false,0,0.000
dec-255,dec,d_b=20;m=9;gap=13;k=1;q=7;s=87,40,false,42,0.379,162,2,32,0.609,162,2,false,0,0.000
dec-255,dec,d_b=20;m=9;gap=13;k=1;q=7;s=87,40,false,42,0.379,162,2,64,0.808,162,2,true,0,0.000
dec-255,dec,d_b=20;m=9;gap=13;k=1;q=7;s=87,40,false,42,0.379,162,2,128,0.797,162,2,true,0,0.000
dec-255,dec,d_b=20;m=9;gap=13;k=1;q=7;s=87,40,false,42,0.379,162,2,256,0.803,162,2,true,0,0.000
dec-255,dec,d_b=20;m=9;gap=13;k=1;q=7;s=87,40,false,42,0.379,162,2,512,0.794,162,2,true,0,0.000
dec-255,dec,d_b=20;m=9;gap=13;k=1;q=7;s=87,40,false,42,0.379,162,2,1024,0.798,162,2,true,0,0.000
dec-255,dec,d_b=20;m=9;gap=13;k=1;q=7;s=87,40,false,42,0.379,162,2,2048,0.787,162,2,true,0,0.000
dec-255,dec,d_b=20;m=9;gap=13;k=1;q=7;s=87,40,false,42,0.379,162,2,4096,0.792,162,2,true,0,0.000
dec-255,dec,d_b=20;m=9;gap=13;k=1;q=7;s=87,40,false,42,0.379,162,2,8192,0.788,162,2,true,0,0.000
dec-255,dec,d_b=20;m=9;gap=13;k=1;q=7;s=87,40,false,42,0.379,162,2,16384,0.801,162,2,true,0,0.000
dec-256,dec,d_b=20;m=9;gap=13;k=2;q=7;s=87,60,false,62,0.666,162,2,1,0.051,175,174,false,0,0.000
dec-256,dec,d_b=20;m=9;gap=13;k=2;q=7;s=87,60,false,62,0.666,162,2,2,0.080,175,174,false,0,0.000
dec-256,dec,d_b=20;m=9;gap=13;k=2;q=7;s=87,60,false,62,0.666,162,2,4,0.130,175,174,false,0,0.000
dec-256,dec,d_b=20;m=9;gap=13;k=2;q=7;s=87,60,false,62,0.666,162,2,8,0.221,175,174,false,0,0.000
dec-256,dec,d_b=20;m=9;gap=13;k=2;q=7;s=87,60,false,62,0.666,162,2,16,0.394,175,174,false,0,0.000
dec-256,dec,d_b=20;m=9;gap=13;k=2;q=7;s=87,60,false,62,0.666,162,2,32,0.793,162,2,false,0,0.000
dec-256,dec,d_b=20;m=9;gap=13;k=2;q=7;s=87,60,false,62,0.666,162,2,64,1.408,162,2,true,0,0.000
dec-256,dec,d_b=20;m=9;gap=13;k=2;q=7;s=87,60,false,62,0.666,162,2,128,1.430,162,2,true,0,0.000
dec-256,dec,d_b=20;m=9;gap=13;k=2;q=7;s=87,60,false,62,0.666,162,2,256,1.428,162,2,true,0,0.000
dec-256,dec,d_b=20;m=9;gap=13;k=2;q=7;s=87,60,false,62,0.666,162,2,512,1.391,162,2,true,0,0.000
dec-256,dec,d_b=20;m=9;gap=13;k=2;q=7;s=87,60,false,62,0.666,162,2,1024,1.393,162,2,true,0,0.000
dec-256,dec,d_b=20;m=9;gap=13;k=2;q=7;s=87,60,false,62,0.666,162,2,2048,1.391,162,2,true,0,0.000
dec-256,dec,d_b=20;m=9;gap=13;k=2;q=7;s=87,60,false,62,0.666,162,2,4096,1.383,162,2,true,0,0.000
dec-256,dec,d_b=20;m=9;gap=13;k=2;q=7;s=87,60,false,62,0.666,162,2,8192,1.377,162,2,true,0,0.000
dec-256,dec,d_b=20;m=9;gap=13;k=2;q=7;s=87,60,false,62,0.666,162,2,16384,1.380,162,2,true,0,0.000
dec-257,dec,d_b=20;m=9;gap=13;k=4;q=7;s=87,100,false,102,1.281,162,2,1,0.071,175,174,false,0,0.000
dec-257,dec,d_b=20;m=9;gap=13;k=4;q=7;s=87,100,false,102,1.281,162,2,2,0.104,175,174,false,0,0.000
dec-257,dec,d_b=20;m=9;gap=13;k=4;q=7;s=87,100,false,102,1.281,162,2,4,0.164,175,174,false,0,0.000
dec-257,dec,d_b=20;m=9;gap=13;k=4;q=7;s=87,100,false,102,1.281,162,2,8,0.270,175,174,false,0,0.000
dec-257,dec,d_b=20;m=9;gap=13;k=4;q=7;s=87,100,false,102,1.281,162,2,16,0.459,175,174,false,0,0.000
dec-257,dec,d_b=20;m=9;gap=13;k=4;q=7;s=87,100,false,102,1.281,162,2,32,0.890,175,174,false,0,0.000
dec-257,dec,d_b=20;m=9;gap=13;k=4;q=7;s=87,100,false,102,1.281,162,2,64,1.777,162,2,false,0,0.000
dec-257,dec,d_b=20;m=9;gap=13;k=4;q=7;s=87,100,false,102,1.281,162,2,128,2.774,162,2,true,0,0.000
dec-257,dec,d_b=20;m=9;gap=13;k=4;q=7;s=87,100,false,102,1.281,162,2,256,2.662,162,2,true,0,0.000
dec-257,dec,d_b=20;m=9;gap=13;k=4;q=7;s=87,100,false,102,1.281,162,2,512,2.667,162,2,true,0,0.000
dec-257,dec,d_b=20;m=9;gap=13;k=4;q=7;s=87,100,false,102,1.281,162,2,1024,2.665,162,2,true,0,0.000
dec-257,dec,d_b=20;m=9;gap=13;k=4;q=7;s=87,100,false,102,1.281,162,2,2048,2.668,162,2,true,0,0.000
dec-257,dec,d_b=20;m=9;gap=13;k=4;q=7;s=87,100,false,102,1.281,162,2,4096,2.673,162,2,true,0,0.000
dec-257,dec,d_b=20;m=9;gap=13;k=4;q=7;s=87,100,false,102,1.281,162,2,8192,2.668,162,2,true,0,0.000
dec-257,dec,d_b=20;m=9;gap=13;k=4;q=7;s=87,100,false,102,1.281,162,2,16384,2.633,162,2,true,0,0.000

